Title,Price,Brand,Size,Link,Likes,Dataid,MarketStatus,SearchDate,Upload_date,Images,SearchCount,Page
Sandali con il tacco Gucci donna,210.7,Gucci,36,https://www.vinted.it/items/8276793706-sandali-con-il-tacco-gucci-donna?referrer=catalog,0,8276793706,Sold,28/02/2026 08:21:47,,https://images1.vinted.net/t/04_00191_TFjT8nb5vmFC6Rp3imuWVaUn/310x430/1772263155.webp?s=93747c3308dd886de100c9ffebaa98dcba0d1d8f,8,1
Stola scialle sciarpa gucci beige nuova,194.95,Gucci,0,https://www.vinted.it/items/8276784381-stola-scialle-sciarpa-gucci-beige-nuova?referrer=catalog,0,8276784381,Sold,28/02/2026 08:21:47,,https://images1.vinted.net/t/05_02673_TqUekteQWYC4QzXQ2jL5LSyg/310x430/1772262960.webp?s=e93e133a7464bf7b6fe63073d319a44b19f34917,8,1
Jackie Mini Gucci x Balenciaga - Noir Monogramme - Neuf,663.0,Gucci,0,https://www.vinted.it/items/8274757895-jackie-mini-gucci-x-balenciaga-noir-monogramme-neuf?referrer=catalog,0,8274757895,Sold,28/02/2026 08:21:47,,https://images1.vinted.net/t/05_02165_rcWnehxAkakXqu7gViLEnpSp/310x430/1772215693.webp?s=4fedc2a89a19ddf05c2d326380b79a0c2fc07b7c,8,1
Jackie Mini Gucci x Balenciaga - Marron Monogramme - Neuf,714.0,Gucci,0,https://www.vinted.it/items/8274773038-jackie-mini-gucci-x-balenciaga-marron-monogramme-neuf?referrer=catalog,2,8274773038,Sold,28/02/2026 08:21:47,,https://images1.vinted.net/t/04_00e02_WJ9G14yEZAUqdMkWMwxcWtrR/310x430/1772215818.webp?s=4beabf54b347604684c2f4467bb20d6b16fb3eb5,8,1
Occhielli molto molto belli usati pochissimo,58.45,Gucci,0,https://www.vinted.it/items/8276756684-occhielli-molto-molto-belli-usati-pochissimo?referrer=catalog,0,8276756684,Sold,28/02/2026 08:21:47,,https://images1.vinted.net/t/06_019e7_A1KvFCLd6nYheg6rLnE5wGrB/310x430/1772262340.webp?s=845cc56dd80b0690f6e1df60eeab18669d595fbd,8,1
Pantalone tuta Gucci,74.2,Gucci,L / IT 44 / EU 40,https://www.vinted.it/items/8274396517-pantalone-tuta-gucci?referrer=catalog,2,8274396517,Sold,28/02/2026 08:21:47,,https://images1.vinted.net/t/06_00128_qm8ksCxytcZNqSFz3tpmTrfb/310x430/1772212845.webp?s=2d23957392f6f88c4ab5604b22563b341d8f83ee,8,1
Pochette Gucci,116.2,Gucci,0,https://www.vinted.it/items/8276747919-pochette-gucci?referrer=catalog,0,8276747919,Sold,28/02/2026 08:21:47,,https://images1.vinted.net/t/06_00f5f_GkjUdp7z3aX7rTekkZL1SvD2/310x430/1772262126.webp?s=50ad4d96ee30fb30d124b8983229f8a530c406be,8,1
Gucci cintura,189.7,Gucci,85 cm,https://www.vinted.it/items/8276745268-gucci-cintura?referrer=catalog,0,8276745268,Sold,28/02/2026 08:21:47,,https://images1.vinted.net/t/05_01c45_1s3phEAfcwo1ivCVrdXHPSvr/310x430/1772262060.webp?s=31f7fb36c924bc2bcdcc8c684441b53f3bac7045,8,1
Occhiali da sole Gucci NUOVI,441.7,Gucci,0,https://www.vinted.it/items/8276744183-occhiali-da-sole-gucci-nuovi?referrer=catalog,0,8276744183,Sold,28/02/2026 08:21:47,,https://images1.vinted.net/t/04_00d5b_h4A53VfywtaqfbKCFuE33sLi/310x430/1772262033.webp?s=b174581d14cad85410fce97c55dcbd1b865e2ed9,8,1
Gucci flora gardenia,26.95,Gucci,0,https://www.vinted.it/items/8276743502-gucci-flora-gardenia?referrer=catalog,1,8276743502,Sold,28/02/2026 08:21:47,,https://images1.vinted.net/t/05_02589_NALqHJbNEmB5TyKBwtSaKKLE/310x430/1772262016.webp?s=600721532b274778af7c3f954152b7a38b6af4d9,8,1
Gucci Sonnenbrille,158.2,Gucci,0,https://www.vinted.it/items/8276725213-gucci-sonnenbrille?referrer=catalog,1,8276725213,Sold,28/02/2026 08:21:47,,https://images1.vinted.net/t/04_01e08_j8zsr7PtXuDjrUkBBZmGeEmZ/310x430/1772261545.webp?s=8a3e3bc6ad94796b05ba22e057d7dbe6e005e3c3,8,1
Sneaker Herren Gucci,215.95,Gucci,42,https://www.vinted.it/items/8276724385-sneaker-herren-gucci?referrer=catalog,0,8276724385,Sold,28/02/2026 08:21:47,,https://images1.vinted.net/t/05_018f0_pYasv8NC4TZzfS69naov29F1/310x430/1772261522.webp?s=1a8d865b558468131edb48d92d1e630396a3f756,8,1
Neuve Écharpe Gucci en laine jacquard motif GG all over,210.7,Gucci,0,https://www.vinted.it/items/8276703155-neuve-echarpe-gucci-en-laine-jacquard-motif-gg-all-over?referrer=catalog,0,8276703155,Sold,28/02/2026 08:21:47,,https://images1.vinted.net/t/06_01ac7_TfwMBu1Lru5vPddbnbUgWAJG/310x430/1772260901.webp?s=c8fb56cf3fc392b9cc317574cbaa919bf6b7df5f,8,1
Gucci flora gardenia,26.95,Gucci,0,https://www.vinted.it/items/8276695435-gucci-flora-gardenia?referrer=catalog,5,8276695435,Sold,28/02/2026 08:21:47,,https://images1.vinted.net/t/01_026d2_f1hSYQRHrUiDNWkLRsb3kUst/310x430/1772260646.webp?s=edbc4429c9171388ff12660c42dba73656507479,8,1
Occhiali da sole Gucci,47.95,Gucci,0,https://www.vinted.it/items/8276690725-occhiali-da-sole-gucci?referrer=catalog,2,8276690725,Sold,28/02/2026 08:21:47,,https://images1.vinted.net/t/05_020e3_KxNAYw48zHV9ubWi64hcPy9q/310x430/1772260481.webp?s=55462f9cbcff06910435b0c08143e05a825a4f6b,8,1
Gucci sabot Princetown,378.7,Gucci,36.5,https://www.vinted.it/items/8276682232-gucci-sabot-princetown?referrer=catalog,2,8276682232,Sold,28/02/2026 08:21:47,,https://images1.vinted.net/t/05_0063b_URKtLXLp7Kj8NAnjnNvsXDmm/310x430/1772260156.webp?s=4869e78bf622544170564505df40de946593f437,8,1
Gucci bloom 100 ml,37.45,Gucci,0,https://www.vinted.it/items/8276683830-gucci-bloom-100-ml?referrer=catalog,1,8276683830,Sold,28/02/2026 08:21:47,,https://images1.vinted.net/t/03_00876_qdUGs91gKkpvAjMMqLg2gTsX/310x430/1772260221.webp?s=db9ffb12fa493f01ba5beb6302584092166b35d7,8,1
Gucci,305.2,Gucci,41,https://www.vinted.it/items/8276670742-gucci?referrer=catalog,1,8276670742,Sold,28/02/2026 08:21:47,,https://images1.vinted.net/t/05_025eb_sHzHeTn9wYxxkPETY8BraPYz/310x430/1772259674.webp?s=4a95ea5a1c41b42087ad382a649c7b4a75db4708,8,1
Portamonete Gucci,62.65,Gucci,0,https://www.vinted.it/items/8248554973-portamonete-gucci?referrer=catalog,5,8248554973,Sold,28/02/2026 08:21:47,,https://images1.vinted.net/t/06_023c4_TBYQzZdPt5JTkakPJjofcSKq/310x430/1771913556.webp?s=e5d62adc77fb27a013e855ace8fd2e51673844ef,8,1
Sac à main Gucci,673.2,Gucci,0,https://www.vinted.it/items/8273915747-sac-a-main-gucci?referrer=catalog,1,8273915747,Sold,28/02/2026 08:21:47,,https://images1.vinted.net/t/05_01d6f_M1JkfewSGofRMT6pzHNx25nD/310x430/1772209377.webp?s=5e1bc71def510bc27246bbc327ae584bd51471d6,8,1
Corbata Gucci,53.2,Gucci,0,https://www.vinted.it/items/8276658461-corbata-gucci?referrer=catalog,1,8276658461,Sold,28/02/2026 08:21:47,,https://images1.vinted.net/t/05_00908_nx235GLgZP9Z84KbFh36gR1s/310x430/1772259070.webp?s=395c2cd61566132eea2336a4e8cd7a322504a6e2,8,1
Gucci flora gardenia,26.95,Gucci,0,https://www.vinted.it/items/8276657359-gucci-flora-gardenia?referrer=catalog,2,8276657359,Sold,28/02/2026 08:21:47,,https://images1.vinted.net/t/05_0167d_BoY1acve6dsueZVmmuqk9Yqu/310x430/1772259016.webp?s=167e1aa3a9d01661a6464da66fb036839a07f404,8,1
Broche Gucci,378.7,Gucci,0,https://www.vinted.it/items/8284821041-broche-gucci?referrer=catalog,0,8284821041,Sold,01/03/2026 05:24:33,,https://images1.vinted.net/t/05_00399_gHawyQgfVNtig9s5U3nHcM2P/310x430/1772336994.webp?s=f7e00634977c7a1fa6d6722118692f1c79e27ca0,8,1
Porte monnaie Gucci Édition Limitée,368.2,Gucci,0,https://www.vinted.it/items/8284819408-porte-monnaie-gucci-edition-limitee?referrer=catalog,1,8284819408,Sold,01/03/2026 05:24:33,,https://images1.vinted.net/t/01_01f98_Zyve6dyF9VJmWktqTJbErvZL/310x430/1772336534.webp?s=f942236e7b1f440d10d69c0642fde8889ec39480,8,1
Sac à main Gucci Mini Dionysus en velours bleu marine avec chaîne,520.45,Gucci,0,https://www.vinted.it/items/8283940762-sac-a-main-gucci-mini-dionysus-en-velours-bleu-marine-avec-chaine?referrer=catalog,1,8283940762,Sold,01/03/2026 05:24:33,,https://images1.vinted.net/t/05_01f48_MV8egT1rkLsugrWP7418Rupn/310x430/1772310745.webp?s=e6901f027bf1b2a3031d662a045419a38e6854a2,8,1
Gucci Brille,315.7,Gucci,0,https://www.vinted.it/items/8284814450-gucci-brille?referrer=catalog,0,8284814450,Sold,01/03/2026 05:24:33,,https://images1.vinted.net/t/05_016ed_zFQ9Aca9gQd5YNmgrGsPN3xP/310x430/1772335197.webp?s=0ecc39d4b40bfc497cae3bb3d49e171ca91a17f2,8,1
Basket Gucci,158.2,Gucci,40,https://www.vinted.it/items/8284853826-basket-gucci?referrer=catalog,0,8284853826,Sold,01/03/2026 06:41:02,,https://images1.vinted.net/t/01_01814_CZwAb2oa52qeaMvdJxaaFkEP/310x430/1772343496.webp?s=5b7e04891ca55f4a1bfdd7300b652550624729c2,9,1
Maglione collo alto Gucci,158.2,Gucci,S / IT 40 / EU 36,https://www.vinted.it/items/8284849178-maglione-collo-alto-gucci?referrer=catalog,0,8284849178,Sold,01/03/2026 06:41:02,,https://images1.vinted.net/t/06_02055_375VTDrwcqKfcyYgSrVwhxdM/310x430/1772342952.webp?s=8b4017e52316ce058803b2373faf179a42822c1e,9,1
Gucci flora gardenia,26.95,Gucci,0,https://www.vinted.it/items/8284848133-gucci-flora-gardenia?referrer=catalog,1,8284848133,Sold,01/03/2026 06:41:02,,https://images1.vinted.net/t/05_002c3_qvyhjGqaNZhSs367NNT8u9VD/310x430/1772342816.webp?s=24c990519d8ed989825537cfb1416bc5fac00f6c,9,1
Cappello gucci,26.95,Gucci,Taglia unica,https://www.vinted.it/items/8284718832-cappello-gucci?referrer=catalog,0,8284718832,Sold,01/03/2026 06:41:02,,https://images1.vinted.net/t/05_012e1_KgDu4LAJPdgqBjrxAUUih7rp/310x430/1772324148.webp?s=7aaa0aee73d7b78f2e680be226ab038649db5522,9,1
Gucci shorts swimming maillot,95.2,Gucci,L,https://www.vinted.it/items/8283835258-gucci-shorts-swimming-maillot?referrer=catalog,1,8283835258,Sold,01/03/2026 06:41:02,,https://images1.vinted.net/t/05_024d3_9nj9BUyzkfdgb4Sf8L2nhDdQ/310x430/1772309742.webp?s=0fd81fbdd3726f6480b548ae8cd5f1480f78c372,9,1
Gucci,42.7,Gucci,0,https://www.vinted.it/items/8283148420-gucci?referrer=catalog,2,8283148420,Sold,01/03/2026 06:41:02,,https://images1.vinted.net/t/01_02675_DQyfm4rXaTgewHbHVxexqqby/310x430/1772303814.webp?s=073c3d8b61205e2b12af7b24b9112be602abad4e,9,1
Gucci Twilly 2010s silk scarf authentic,158.2,Gucci,0,https://www.vinted.it/items/8284458797-gucci-twilly-2010s-silk-scarf-authentic?referrer=catalog,1,8284458797,Sold,01/03/2026 06:41:02,,https://images1.vinted.net/t/06_00a80_CoLzJw8guH7jHiG8TBzFxGPt/310x430/1772317013.webp?s=b424d5b4d961dda19f164801ab9d778292c113c4,9,1
Cintura Gucci pelle originale,315.7,Gucci,90 cm,https://www.vinted.it/items/8284635199-cintura-gucci-pelle-originale?referrer=catalog,0,8284635199,Sold,01/03/2026 06:41:02,,https://images1.vinted.net/t/06_001bb_f4A111MXrxkgPiqm2EAEekU6/310x430/1772320881.webp?s=6d0572e84e5efa4facc4c8f34f1c8fd59e964723,9,1
Zapatos Salón Gucci,84.65,Gucci,37.5,https://www.vinted.it/items/8284624057-zapatos-salon-gucci?referrer=catalog,2,8284624057,Sold,01/03/2026 06:41:02,,https://images1.vinted.net/t/01_00728_fD5ptAk71dpv9NfpRQWfbrjW/310x430/1772320553.webp?s=2cf62efda9db30fe38a0ea903ad3507b8255556a,9,1
Calzini unisex Gucci,68.95,Gucci,34-36,https://www.vinted.it/items/8284619627-calzini-unisex-gucci?referrer=catalog,0,8284619627,Sold,01/03/2026 06:41:02,,https://images1.vinted.net/t/03_021e2_SQEwdJYhLvV4BvSWghB2Z9ge/310x430/1772320733.webp?s=4048a77204137b690e5f6cb66520ceb49d1c7723,9,1
Polo Gucci,68.94,Gucci,M,https://www.vinted.it/items/8282590653-polo-gucci?referrer=catalog,15,8282590653,Sold,01/03/2026 06:41:02,,https://images1.vinted.net/t/01_0008b_L4GSzJjh7GcEQQ2Lh9d3djdz/310x430/1772299833.webp?s=bc9946660f4a8bd4b7eaa5bab71dc19c537a81b6,9,1
Gucci Guilty Absolu de Parfum 60ml,79.45,Gucci,0,https://www.vinted.it/items/8284611331-gucci-guilty-absolu-de-parfum-60ml?referrer=catalog,4,8284611331,Sold,01/03/2026 06:41:02,,https://images1.vinted.net/t/06_02109_7paDc461DmRWdqS213pEyNdC/310x430/1772320198.webp?s=dd6a730a10405fe6ba3ed6d14af801a042d88f36,9,1
Original Gucci Sneaker  37,189.7,Gucci,37.5,https://www.vinted.it/items/8284595589-original-gucci-sneaker-375-neu-und-ungetragen?referrer=catalog,0,8284595589,Sold,01/03/2026 06:41:02,,https://images1.vinted.net/t/05_0263a_JJxFzsq5VCbpzZa5ttjo9KRp/310x430/1772319792.webp?s=96678354f491bd150fc70ba933524b3d1d83ef3f,9,1
Boîte Gucci,9.1,Gucci,0,https://www.vinted.it/items/8284585963-boite-gucci?referrer=catalog,0,8284585963,Sold,01/03/2026 06:41:02,,https://images1.vinted.net/t/06_001ad_Z6vvQs9iVC1U6kowxHH6FrwE/310x430/1772319554.webp?s=186874d44b447943f9b9bfc01a38ea6029c628d3,9,1
Blush poudre Gucci,26.95,Gucci,0,https://www.vinted.it/items/8284583090-blush-poudre-gucci?referrer=catalog,4,8284583090,Sold,01/03/2026 06:41:02,,https://images1.vinted.net/t/03_00114_gyAPeUVcW2WRigJsfYCie7fu/310x430/1772319485.webp?s=1c8454b21b88d4a9b9033f311443ceebedf0a589,9,1
Gucci flora 30 ml,37.45,Gucci,0,https://www.vinted.it/items/8284570976-gucci-flora-30-ml?referrer=catalog,0,8284570976,Sold,01/03/2026 06:41:02,,https://images1.vinted.net/t/01_0054d_hnAbHUi6xnnKK4tjUfQqT7Dh/310x430/1772319198.webp?s=2140eca8b8a3d18dd8531d32fb760bda43adeb1f,9,1
Cardigan Giacca Gucci,368.2,Gucci,M / IT 42 / EU 38,https://www.vinted.it/items/8284561316-cardigan-giacca-gucci?referrer=catalog,9,8284561316,Sold,01/03/2026 06:41:02,,https://images1.vinted.net/t/06_0033b_8FFHYp3iRPvegcYKCNA9QbZH/310x430/1772318981.webp?s=a5613355f9faaf8f59c2323de445c073b786234a,9,1
Gucci 'Buckle Bracelet' Gold/Ostrich + Box & Dustbag,205.45,Gucci,0,https://www.vinted.it/items/8233314005-gucci-buckle-bracelet-goldostrich-box-dustbag?referrer=catalog,2,8233314005,Sold,01/03/2026 06:41:02,,https://images1.vinted.net/t/05_00803_Hy2AKMfp4Nyuu7ZmzjEGtQ5t/310x430/1772194569.webp?s=fce97c2eb8a820d469d58b1566e56254b5edfcb4,9,1
Busta Gucci,5.95,Gucci,0,https://www.vinted.it/items/8284554596-busta-gucci?referrer=catalog,1,8284554596,Sold,01/03/2026 06:41:02,,https://images1.vinted.net/t/05_018d6_jbTKydjKQVwHJVBhEX2MhEMB/310x430/1772318831.webp?s=76ad4a5b67d1114b329bb3085ecd74561e61e2dd,9,1
Pantaloni palazzl Gucci,410.2,Gucci,S / IT 40 / EU 36,https://www.vinted.it/items/8284552449-pantaloni-palazzl-gucci?referrer=catalog,12,8284552449,Sold,01/03/2026 06:41:02,,https://images1.vinted.net/t/01_0200e_aEWAiMwsgejonFvpzRo22up1/310x430/1772318783.webp?s=d6e0942cda091cb9d5d8402f9628bf1d49a5500a,9,1
Bronzer Gucci n2,42.7,Gucci,0,https://www.vinted.it/items/8284540506-bronzer-gucci-n2?referrer=catalog,0,8284540506,Sold,01/03/2026 06:41:02,,https://images1.vinted.net/t/03_0062c_5CUCKRZnmbPaRwwpsH99ZCEr/310x430/1772318528.webp?s=7475b524bbaa920f35450f6fed7bc11b4bdef336,9,1
Fond de teint « Gucci » 1ml,11.2,Gucci,0,https://www.vinted.it/items/8255403254-fond-de-teint-gucci-1ml?referrer=catalog,0,8255403254,Sold,01/03/2026 06:41:02,,https://images1.vinted.net/t/01_02470_QAQvr3HtDhQcGRBswWs3VFVV/310x430/1771972443.webp?s=32836cec5be8a81c4c0807dbab33a5f8e4232eb1,9,1
Portefeuille Gucci,200.2,Gucci,0,https://www.vinted.it/items/8284531179-portefeuille-gucci?referrer=catalog,0,8284531179,Sold,01/03/2026 06:41:02,,https://images1.vinted.net/t/06_01dea_WzQeQVFDLny327WxWBZBHgxk/310x430/1772318341.webp?s=d97f5165a470f7601b6eb8135b21628cd6791529,9,1
Chanel Book | Gucci Book,19.6,No brand,0,https://www.vinted.it/items/8284525603-chanel-book-gucci-book?referrer=catalog,2,8284525603,Sold,01/03/2026 06:41:02,,https://images1.vinted.net/t/06_01e44_TvSN43V42kNUBFY1kGJXJD7v/310x430/1772318230.webp?s=437f86ba84d8dc2f4aa552705e6e003c8b3e5ce6,9,1
Gucci bow tie new with logo print,105.7,Gucci,0,https://www.vinted.it/items/8284516364-gucci-bow-tie-new-with-logo-print?referrer=catalog,1,8284516364,Sold,01/03/2026 06:41:02,,https://images1.vinted.net/t/06_01c93_JZK4n421iG2B2gPqB4qie6pD/310x430/1772318047.webp?s=7c855913a5a966baebcb5dd56dac16708ca50225,9,1
Occhiali da sole,420.7,Gucci,0,https://www.vinted.it/items/8284515844-occhiali-da-sole?referrer=catalog,0,8284515844,Sold,01/03/2026 06:41:02,,https://images1.vinted.net/t/01_01744_tuhRP1u6Nn1PqkmCAYj24yNc/310x430/1772318037.webp?s=2f68d93c23fdae612b798f82d84d80d1178b3bd5,9,1
Gucci Schatulle und Staubbeutel,47.95,Gucci,0,https://www.vinted.it/items/8284499230-gucci-schatulle-und-staubbeutel?referrer=catalog,0,8284499230,Sold,01/03/2026 06:41:02,,https://images1.vinted.net/t/05_00e9a_4PQHsBmxTUrBAHTZebZLTmfH/310x430/1772317725.webp?s=3932d9a7f0d3cbbaca7345d8a119230a1f0d5c25,9,1
Gucci bow tie new,105.7,Gucci,0,https://www.vinted.it/items/8284498228-gucci-bow-tie-new?referrer=catalog,0,8284498228,Sold,01/03/2026 06:41:02,,https://images1.vinted.net/t/05_006ab_yRfZh1Bi4qRd7duLBYA2Cwcy/310x430/1772317706.webp?s=ec1d09dd2c3998643aee661aef14a87d98435920,9,1
Sac à poussière Gucci original,16.45,Gucci,0,https://www.vinted.it/items/8284489657-sac-a-poussiere-gucci-original?referrer=catalog,0,8284489657,Sold,01/03/2026 06:41:02,,https://images1.vinted.net/t/06_01688_fWKgsvKRfwtVys6pvyzh9W59/310x430/1772317550.webp?s=47639d58236f5ac8938699eea4f782a423ca4705,9,1
Étui à lunettes GUCCI + petit sac,14.35,Gucci,0,https://www.vinted.it/items/8284451600-etui-a-lunettes-gucci-petit-sac?referrer=catalog,2,8284451600,Sold,01/03/2026 06:41:02,,https://images1.vinted.net/t/05_02524_3bxejCziARhaTqHAajnJ1VfS/310x430/1772316891.webp?s=f444a65ee9cb2c8f326474eb22566e0f7baa8aed,9,1
Borsa Gucci Dionysus mini/small GG Supreme -originale,525.7,Gucci,0,https://www.vinted.it/items/8255313949-borsa-gucci-dionysus-minismall-gg-supreme-originale?referrer=catalog,5,8255313949,Sold,01/03/2026 06:41:02,,https://images1.vinted.net/t/05_021ba_KgyYWe86k3PQKusNtVwsoAh1/310x430/1771970892.webp?s=c5ec4dee135cd381e70e140a40973ce6f7bfa578,9,1
Gucci pochette sacchetto beauty,14.88,Gucci,0,https://www.vinted.it/items/8255305862-gucci-pochette-sacchetto-beauty?referrer=catalog,1,8255305862,Sold,01/03/2026 06:41:02,,https://images1.vinted.net/t/01_02294_b6naBpzaSgTxoJLKRSekY2dc/310x430/1771970772.webp?s=919d9e62be648700d0c81625eee776ef1ca40b83,9,1
Gucci Mémoire d’une Odeur – Eau de Parfum 100 ml (Tester),73.15,Gucci,0,https://www.vinted.it/items/8255287911-gucci-memoire-dune-odeur-eau-de-parfum-100-ml-tester?referrer=catalog,1,8255287911,Sold,01/03/2026 06:41:02,,https://images1.vinted.net/t/06_00838_vFjbDecs3dKwTLwteZae8N1N/310x430/1771970508.webp?s=f5ab8bf83826480fc68f6f5b2b63d11c8db04e73,9,1
Sneaker,446.95,Gucci,36,https://www.vinted.it/items/8284431867-sneaker?referrer=catalog,2,8284431867,Sold,01/03/2026 06:41:02,,https://images1.vinted.net/t/06_00c9d_L53Cza8GxGqTqdCurpnCoddW/310x430/1772316569.webp?s=d83b368ee56bc9ee57721e5725edbdf0a9f21a8e,9,1
Gucci Sneakers GG Supreme Marron Noir 6+ Neuve Full Set,368.2,Gucci,40,https://www.vinted.it/items/8280818241-gucci-sneakers-gg-supreme-marron-noir-6-neuve-full-set?referrer=catalog,7,8280818241,Sold,01/03/2026 06:41:02,,https://images1.vinted.net/t/06_01936_tyKugXr44GyxeUZZS5gmTvk8/310x430/1772290140.webp?s=16a6cdd0b73a03761c30396b63796a517b30404b,9,1
Sneaker,394.45,Gucci,42,https://www.vinted.it/items/8284415577-sneaker?referrer=catalog,0,8284415577,Sold,01/03/2026 06:41:02,,https://images1.vinted.net/t/04_020be_1vVPW7mbvWhNofQUcNvYAv4t/310x430/1772316323.webp?s=a4a1b2ef24011a15d360e6ea17d806438395153d,9,1
Gucci Luiertas + ligmat en flessenhouder,200.2,No brand,0,https://www.vinted.it/items/8284347221-gucci-luiertas-ligmat-en-flessenhouder?referrer=catalog,0,8284347221,Sold,01/03/2026 06:41:02,,https://images1.vinted.net/t/06_02041_T2Nux9t49oQrDTMqGyntnGMD/310x430/1772315324.webp?s=92520cc02f872497825c98a41859f27622e5d921,9,1
Gucci Web Slide Sandal 'Black Green Red' Sz 43,315.7,Gucci,43,https://www.vinted.it/items/8281537320-gucci-web-slide-sandal-black-green-red-sz-43?referrer=catalog,1,8281537320,Sold,01/03/2026 06:42:17,,https://images1.vinted.net/t/05_00a63_1nzs4YLScLS8M8aaewZGMN5V/310x430/1772293898.webp?s=806453726604af78ccedf4044b3f9fa23e4b0f94,9,4
Gucci vista vintage,65.8,Gucci,0,https://www.vinted.it/items/8280485693-gucci-vista-vintage?referrer=catalog,1,8280485693,Sold,01/03/2026 06:42:17,,https://images1.vinted.net/t/06_02230_cTd7T7YWBSMYpSZMnH7x4ikB/310x430/1772288369.webp?s=9c1c6e24fbc16e173f7644e6039af0cd524fbc4c,9,4
Gucci Cappello Trilby Web Tessuto Paglia Tg L 58 cm (Full set) Nuovo/Originale,194.95,Gucci,L,https://www.vinted.it/items/8280237877-gucci-cappello-trilby-web-tessuto-paglia-tg-l-58-cm-full-set-nuovooriginale?referrer=catalog,11,8280237877,Sold,01/03/2026 06:42:41,,https://images1.vinted.net/t/05_0041d_9ZowfMfT5pVfAwXECNwuuK3s/310x430/1772287041.webp?s=c54ddc881d2c53e0a8d90ee79da571b5f7725fbc,9,5
Gucci Shorts schwarz mit GG-Muster & Bienenstickerei – Made in Italy,294.7,Gucci,XS,https://www.vinted.it/items/8276548962-gucci-shorts-schwarz-mit-gg-muster-bienenstickerei-made-in-italy?referrer=catalog,1,8276548962,Sold,01/03/2026 06:49:50,,https://images1.vinted.net/t/06_00491_gcrJosYEPYBhbcsu6jwTCk6c/310x430/1772243320.webp?s=5045cedcc75abec4e4aa312739c1fc5c665a7385,9,10
Gucci bloom,32.2,Gucci,0,https://www.vinted.it/items/8276542264-gucci-bloom?referrer=catalog,4,8276542264,Sold,01/03/2026 06:49:50,,https://images1.vinted.net/t/06_01307_tzjSj5PZiR1iqwrtKJorbFr5/310x430/1772242444.webp?s=b00eee670c558b50deaefe5894017e83c701fcfb,9,10
Occhiale Gucci,178.15,Gucci,0,https://www.vinted.it/items/8276515831-occhiale-gucci?referrer=catalog,4,8276515831,Sold,01/03/2026 06:49:50,,https://images1.vinted.net/t/05_0095b_qewwPR4yda1RHFgZELk2MSxJ/310x430/1772239736.webp?s=6cd86a8ea0e7aaae4777233eb00d54dc8ac87d47,9,10
Gucci top,95.2,Gucci,L,https://www.vinted.it/items/8274235860-gucci-top?referrer=catalog,22,8274235860,Sold,01/03/2026 06:49:50,,https://images1.vinted.net/t/04_02362_TvvnyPoJJgosiySNicbHHorH/310x430/1772211661.webp?s=23ca8f2b4841892ba2c98c12d406e9b5f00d4af2,9,10
Sudadera con cremallera gucci nueva original,772.45,Gucci,S,https://www.vinted.it/items/8276507220-sudadera-con-cremallera-gucci-nueva-original?referrer=catalog,0,8276507220,Sold,01/03/2026 06:49:50,,https://images1.vinted.net/t/05_0140a_KVWUdgSDSd1zUddVQaBRRWX3/310x430/1772239094.webp?s=1221b3e7fa6bb0c0c3e4d6e4b16e8617428b99df,9,10
Lunette Gucci Kerin,231.7,Gucci,0,https://www.vinted.it/items/8276505375-lunette-gucci-kerin?referrer=catalog,4,8276505375,Sold,01/03/2026 06:49:50,,https://images1.vinted.net/t/05_02339_hhjQuVb4S1MNUDCJenxhxNQL/310x430/1772238969.webp?s=93ac7f60b5a68f57343a88d741b67d160b62b482,9,10
GUCCI set grucce originali boutique,32.2,Gucci,0,https://www.vinted.it/items/8276483031-gucci-set-grucce-originali-boutique?referrer=catalog,0,8276483031,Sold,01/03/2026 06:49:50,,https://images1.vinted.net/t/06_00480_nWVKZ3xR2CCmewGZEcSRzMzx/310x430/1772237614.webp?s=c8023441c47d846c732997130a1f34ac47b2a505,9,10
Gucci GG Supreme Messenger Bag - Nieuwstaat - Met doos & dustbag,919.45,Gucci,0,https://www.vinted.it/items/8276473753-gucci-gg-supreme-messenger-bag-nieuwstaat-met-doos-dustbag?referrer=catalog,3,8276473753,Sold,01/03/2026 06:49:50,,https://images1.vinted.net/t/05_018a1_HqzqZHzFaw3jehNVXZipMPHR/310x430/1772237128.webp?s=46751a28d1e0a22b27a1508cb0312bf26d560eed,9,10
Cosméticos varios | Dior,21.7,Charlotte Tilbury,0,https://www.vinted.it/items/8276466896-cosmeticos-varios-dior-gucci-yves-saint-lauren?referrer=catalog,1,8276466896,Sold,01/03/2026 06:49:50,,https://images1.vinted.net/t/06_0033c_H4ZvFnvMDwy5xikH16dqFjHR/310x430/1772236798.webp?s=0f872d8706243190a1dfef22f61a1579d8ea88c5,9,10
Bolso gucci,620.2,Gucci,0,https://www.vinted.it/items/8278452302-bolso-gucci?referrer=catalog,0,8278452302,Sold,01/03/2026 07:57:33,,https://images1.vinted.net/t/06_01b29_Y8kZJgG7E254g3VayDwwQEn7/310x430/1772276872.webp?s=e4ff2e6c078b08c78de63395c9a133c4d13dc864,10,1
Gucci sunglasses,315.7,Gucci,0,https://www.vinted.it/items/8283368503-gucci-sunglasses?referrer=catalog,0,8283368503,Sold,01/03/2026 07:57:33,,https://images1.vinted.net/t/05_01820_18u52E8pTWe8spSMP6JU69BJ/310x430/1772305616.webp?s=dc99f855f810db8ca015eb82c0721ecef5783093,10,1
Bloom profumo di fiori,21.7,Gucci,0,https://www.vinted.it/items/8255777580-bloom-profumo-di-fiori?referrer=catalog,0,8255777580,Sold,01/03/2026 07:57:33,,https://images1.vinted.net/t/06_012f8_15UnwCwW5iU8x6kCGUjSwfyx/310x430/1772001194.webp?s=b385f0fc60e58bb86720add261bd0af8c490fd2d,10,1
Foulard Twilly Gucci in seta,100.45,Gucci,0,https://www.vinted.it/items/8270837210-foulard-twilly-gucci-in-seta?referrer=catalog,1,8270837210,Sold,01/03/2026 07:57:33,,https://images1.vinted.net/t/06_020ba_BbcdAT1ncBZauKmaUfGZB2Wz/310x430/1772186911.webp?s=b0d83a80a93722d686f09b646d956072df7763d6,10,1
Occhiali da sole Gucci,158.2,Gucci,0,https://www.vinted.it/items/8284905215-occhiali-da-sole-gucci?referrer=catalog,1,8284905215,Sold,01/03/2026 07:57:33,,https://images1.vinted.net/t/06_000db_RgpTmmwKSb3fw3Sms1jn3gsv/310x430/1772346878.webp?s=85e5f714d8f0803b2d68fb537b4d0b34657a90b9,10,1
Gucci Re Web,420.7,Gucci,43,https://www.vinted.it/items/8283198846-gucci-re-web?referrer=catalog,0,8283198846,Sold,01/03/2026 07:57:33,,https://images1.vinted.net/t/05_01cbf_8BXhGxhsvbUxFXVQS93tmMn9/310x430/1772304214.webp?s=73a7be823b6f517473c3b7fdcbf72a31d360800a,10,1
Gucci,839.65,Gucci,0,https://www.vinted.it/items/8265836403-gucci?referrer=catalog,0,8265836403,Sold,01/03/2026 07:57:33,,https://images1.vinted.net/t/05_0256f_ke1HXHeHmFZSaqrc2Cr9N7Sp/310x430/1772115034.webp?s=a202e6eb002eb870e324de4e7fb31545dd8b1062,10,1
Sac Gucci à vendre,683.2,Gucci,0,https://www.vinted.it/items/8281081625-sac-gucci-a-vendre?referrer=catalog,0,8281081625,Sold,01/03/2026 07:57:33,,https://images1.vinted.net/t/06_01838_R9QfzsCLTJPd8jLxtD7mFG1E/310x430/1772291537.webp?s=035718a0d4107d6271fb039d278778b1d1162e18,10,1
Baskets Gucci,284.2,Gucci,44,https://www.vinted.it/items/8284871352-baskets-gucci?referrer=catalog,2,8284871352,Sold,01/03/2026 07:57:33,,https://images1.vinted.net/t/06_01315_3HE7Xtc49wooG9SspNCWFEfj/310x430/1772345027.webp?s=fe083fcf97286fd87d80675b3e8b3808313d95e9,10,1
Gucci White Leather Sandals · Talla 35,236.95,Gucci,35,https://www.vinted.it/items/8284865024-gucci-white-leather-sandals-talla-35?referrer=catalog,0,8284865024,Sold,01/03/2026 07:57:33,,https://images1.vinted.net/t/06_0227e_xumf3DrZzMFhExSp68asvPKW/310x430/1772344548.webp?s=d7a520d7f319549303af36b29e17e465cdf73236,10,1
"DustBag /Pochon Gucci toile beige Édition Spéciale ""Gucci 100""",35.35,Gucci,0,https://www.vinted.it/items/8255721652-dustbag-pochon-gucci-toile-beige-edition-speciale-gucci-100?referrer=catalog,0,8255721652,Sold,01/03/2026 07:57:33,,https://images1.vinted.net/t/06_0025b_kpXJ9fEsm3q8eTKTjixvP3MD/310x430/1771998394.webp?s=df23ebb72134cd92ae5b291f5c53996088fea9b6,10,1
Gucci Bikini 2 Pezzi Logo Gucci Bianco Tg S (Full set) Nuovo/Originale,231.7,Gucci,S / IT 40 / EU 36,https://www.vinted.it/items/8260047371-gucci-bikini-2-pezzi-logo-gucci-bianco-tg-s-full-set-nuovooriginale?referrer=catalog,1,8260047371,Sold,01/03/2026 07:57:33,,https://images1.vinted.net/t/03_01c0d_BRxjNXFjSkgDzFpgQShpdAqj/310x430/1772037233.webp?s=913035a40c95719a50f2727338871cc377ad3efa,10,1
Gucci Ankle Boot with Double G in Black,683.2,Gucci,39.5,https://www.vinted.it/items/8279762582-gucci-ankle-boot-with-double-g-in-black?referrer=catalog,2,8279762582,Sold,01/03/2026 08:00:07,,https://images1.vinted.net/t/05_020e7_qwEoGPrFYNnyRzNkSSknzRqQ/310x430/1772284456.webp?s=be9f9a1b76d27042ad4f2b8f4710922ec1832867,10,6
Mug Gucci,210.7,Gucci,0,https://www.vinted.it/items/8279746275-mug-gucci?referrer=catalog,6,8279746275,Sold,01/03/2026 08:00:07,,https://images1.vinted.net/t/05_01a91_g92qWYUm2aZSz1Rpf1WPRaD3/310x430/1772284367.webp?s=3abbd831c0084587ccbf0c336a6747f2aa1d454b,10,6
Profumo Gucci by Gucci,85.75,Gucci,0,https://www.vinted.it/items/8279662695-profumo-gucci-by-gucci?referrer=catalog,2,8279662695,Sold,01/03/2026 08:00:07,,https://images1.vinted.net/t/05_01d92_Zv4yGbmvFiUwQ3BBDhMYBZUv/310x430/1772283904.webp?s=d27a8cf8c384107cc6c2e155c09730020a339b9f,10,6
Gucci vista vintage,72.1,Gucci,0,https://www.vinted.it/items/8279032721-gucci-vista-vintage?referrer=catalog,3,8279032721,Sold,01/03/2026 08:00:32,,https://images1.vinted.net/t/06_01ec5_Pryg8HvUjKEDN382qp5jVSDD/310x430/1772280293.webp?s=aef46d90b2eaacccdd50d13270f8af4b5be09f60,10,7
occhiali da sole Gucci con perle,231.7,Gucci,0,https://www.vinted.it/items/8285207154-occhiali-da-sole-gucci-con-perle?referrer=catalog,0,8285207154,Sold,01/03/2026 09:14:05,,https://images1.vinted.net/t/06_00a36_pEQdYz7bdL6K6KC3Vgs7fset/310x430/1772352704.webp?s=30038b7d5c3272947a02e0e3eb8c7128edd080cb,11,1
Scarpe Gucci G75 numero 7,368.2,Gucci,41,https://www.vinted.it/items/8285204047-scarpe-gucci-g75-numero-75-nuove?referrer=catalog,0,8285204047,Sold,01/03/2026 09:14:05,,https://images1.vinted.net/t/05_02518_DNaekSuWAQDMqpefDK5EpD4p/310x430/1772352667.webp?s=0af1a019860c046f1a52e536b87b380b93b628b0,11,1
Prachtige  nieuwe miniatuur flora eau fraiche by gucci,13.3,Gucci,0,https://www.vinted.it/items/8285203386-prachtige-nieuwe-miniatuur-flora-eau-fraiche-by-gucci?referrer=catalog,0,8285203386,Sold,01/03/2026 09:14:05,,https://images1.vinted.net/t/04_01362_wurw95AN6VpaqjyzDopcurnR/310x430/1772352660.webp?s=67f4e11888609da3f2ff9178e9944c3b4848836a,11,1
Tovaglia antimacchia,11.2,Gabriella Gucci,0,https://www.vinted.it/items/8256033434-tovaglia-antimacchia?referrer=catalog,0,8256033434,Sold,01/03/2026 09:14:05,,https://images1.vinted.net/t/04_00b02_1X6WwgPfGEtrxv3NM8hgsax3/310x430/1772006775.webp?s=172624fef7ab8eb22cad0358909ec9be88fa600a,11,1
Occhiale da sole Gucci vintage,105.7,Gucci,0,https://www.vinted.it/items/8285192168-occhiale-da-sole-gucci-vintage?referrer=catalog,0,8285192168,Sold,01/03/2026 09:14:05,,https://images1.vinted.net/t/06_01d29_iMhJV9BU18pt5wDfud9jZX3X/310x430/1772352527.webp?s=27323548d751ba0e53632586dcc993838b0b6de6,11,1
Montre Gucci timeless,378.7,Gucci,30–38 mm,https://www.vinted.it/items/8285163735-montre-gucci-timeless?referrer=catalog,1,8285163735,Sold,01/03/2026 09:14:05,,https://images1.vinted.net/t/05_00f80_w9iGj4yo7GFR9uupwfcmbcxy/310x430/1772352183.webp?s=1675ca9b65fdc82670e8613bf141809ba961eeba,11,1
Borsa a tracolla gg marmont chain flap wallet in pelle,630.7,Gucci,0,https://www.vinted.it/items/8279532853-borsa-a-tracolla-gg-marmont-chain-flap-wallet-in-pelle?referrer=catalog,1,8279532853,Sold,01/03/2026 09:14:05,,https://images1.vinted.net/t/01_00600_zFk1RHVxuW8pcJQ4vr9FpAdD/310x430/1772283179.webp?s=9b4a61a619328a9af660bb8acc0337d1937b64bc,11,1
Ceinture reversible GG marmont,368.2,Gucci,85 cm,https://www.vinted.it/items/8285152773-ceinture-reversible-gg-marmont?referrer=catalog,0,8285152773,Sold,01/03/2026 09:14:05,,https://images1.vinted.net/t/05_01b1b_mfdkByCA46VNyCz2uepMXahx/310x430/1772352044.webp?s=6c6e70791f128cae678339e842895154b9db9477,11,1
Cravate Gucci,62.65,Gucci,0,https://www.vinted.it/items/8285133762-cravate-gucci?referrer=catalog,0,8285133762,Sold,01/03/2026 09:14:05,,https://images1.vinted.net/t/01_01212_nrvPPbyLp2hyTXu6etrrUcVA/310x430/1772351794.webp?s=3773d1547365aaa5a986290a0db8e17213f8c3b1,11,1
Sandalo slider donna con Incrocio GG,399.7,Gucci,36.5,https://www.vinted.it/items/8285123302-sandalo-slider-donna-con-incrocio-gg?referrer=catalog,0,8285123302,Sold,01/03/2026 09:14:05,,https://images1.vinted.net/t/05_0100d_dLL4FmRD8396PZvir95Z42Xe/310x430/1772351654.webp?s=2767db5ecb6af3a4a58e6987819cdc3c86b8aea3,11,1
Brand New Gift Boxes and Gift Bags,11.2,Gucci,0,https://www.vinted.it/items/8279381729-brand-new-gift-boxes-and-gift-bags?referrer=catalog,0,8279381729,Sold,01/03/2026 09:14:05,,https://images1.vinted.net/t/05_01ba9_FGpEm7pVCNRqNKYjvHjxbDMq/310x430/1772282320.webp?s=6c1efa3dff3e97694a8ec05b607ba9a931ba6ffd,11,1
Gucci Autocollants pour ongles Nail Art Stickers,21.7,Gucci,0,https://www.vinted.it/items/8285112878-gucci-autocollants-pour-ongles-nail-art-stickers?referrer=catalog,0,8285112878,Sold,01/03/2026 09:14:05,,https://images1.vinted.net/t/06_007b6_LfWmmUUhTLtcXLYtymKij8g7/310x430/1772351508.webp?s=88bb1cc012a01acbca7e13fcb1eea35ef46818f7,11,1
Piccola borsetta,725.2,Gucci,0,https://www.vinted.it/items/8279306765-piccola-borsetta?referrer=catalog,1,8279306765,Sold,01/03/2026 09:14:05,,https://images1.vinted.net/t/06_00f5e_7C4DG4EZ76xCRA8xFhZNXaXa/310x430/1772281888.webp?s=52c892af722221aa2f0f02f376aeffbbd432909d,11,1
Gucci x adidas broek,210.7,Gucci,XS / IT 38 / EU 34,https://www.vinted.it/items/8285101485-gucci-x-adidas-broek?referrer=catalog,1,8285101485,Sold,01/03/2026 09:14:05,,https://images1.vinted.net/t/06_00524_V56qqBT2A8kKYGifQs3QvsCq/310x430/1772351342.webp?s=5b1e724a9648422e0b0f7e3e41137a6f95dedaad,11,1
Lunette soleil GUCCI,210.7,Gucci,0,https://www.vinted.it/items/8285081504-lunette-soleil-gucci?referrer=catalog,1,8285081504,Sold,01/03/2026 09:14:05,,https://images1.vinted.net/t/01_01f74_enroV7Ud1AXLhv2rkgbkvhHY/310x430/1772351045.webp?s=3183acc368f942cee0cfec3191080611e88a9ac8,11,1
Ballerine Gucci neuves authentique,473.2,Gucci,37.5,https://www.vinted.it/items/8285069158-ballerine-gucci-neuves-authentique?referrer=catalog,1,8285069158,Sold,01/03/2026 09:14:05,,https://images1.vinted.net/t/05_00f1c_iHV9W9H84ZctVubeHHPi9u99/310x430/1772350854.webp?s=cef7cff9d67562b3f298c0162bf290ac98e777aa,11,1
Sneakers Gucci,263.2,Gucci,39,https://www.vinted.it/items/8255916373-sneakers-gucci?referrer=catalog,2,8255916373,Sold,01/03/2026 09:14:05,,https://images1.vinted.net/t/05_0174e_mMYdsKDDbj6UZjMofkN8rYna/310x430/1772004829.webp?s=caf6ac2731a8cd6827a167493d36c1883fa1cfec,11,1
Gucci nuovo completo originale,105.7,Gucci,0,https://www.vinted.it/items/8285059405-gucci-nuovo-completo-originale?referrer=catalog,2,8285059405,Sold,01/03/2026 09:14:05,,https://images1.vinted.net/t/06_00c6c_TSSXYBoHgn4n4u46A5iw16Do/310x430/1772350694.webp?s=c88a61e98004e0af91c012052a487266661e44ac,11,1
Borsa a tracolla GG Emblem misura media,935.2,Gucci,0,https://www.vinted.it/items/8285058107-borsa-a-tracolla-gg-emblem-misura-media?referrer=catalog,0,8285058107,Sold,01/03/2026 09:14:05,,https://images1.vinted.net/t/05_0066f_Tb9CMhwndZowmrY233dPxeiR/310x430/1772350672.webp?s=6c0cd8c549b42decfd8b9a7fab10fd61c50bc4b6,11,1
Lunette de soleil GUCCI,105.69,Gucci,0,https://www.vinted.it/items/8283799254-lunette-de-soleil-gucci?referrer=catalog,0,8283799254,Sold,01/03/2026 09:14:05,,https://images1.vinted.net/t/05_01ac4_6fbNZYptahsZEs5vU4T2MDhr/310x430/1772309409.webp?s=ea4770fc4a1cc17607cf8fdb490f78429ea3a558,11,1
Gonna Gucci Plissettata,100.45,Gucci,XS / IT 38 / EU 34,https://www.vinted.it/items/8285048465-gonna-gucci-plissettata?referrer=catalog,3,8285048465,Sold,01/03/2026 09:14:05,,https://images1.vinted.net/t/04_0266a_r8hEaEMfa8cSUKY9d3wnLjoW/310x430/1772350507.webp?s=ebc00e7dcf25e702ba9a1783189e3dc33b7a6afe,11,1
Veste GUCCI,735.7,Gucci,48,https://www.vinted.it/items/8285049066-veste-gucci?referrer=catalog,2,8285049066,Sold,01/03/2026 09:14:05,,https://images1.vinted.net/t/05_013b0_cDD66gzN2MMf5FWeNTKQ1fHi/310x430/1772350517.webp?s=24c955637f8a87a47fa49bf12858539a5c1608c3,11,1
Lot Gucci vintage,158.2,Gucci,0,https://www.vinted.it/items/8285048346-lot-gucci-vintage?referrer=catalog,0,8285048346,Sold,01/03/2026 09:14:05,,https://images1.vinted.net/t/01_001a2_8aTdcoFhVNryUHZYUS4MGSw4/310x430/1772350505.webp?s=d9b272a871f986bb837e52ef126798e694cb8de8,11,1
Pinta labios Gucci,30.1,Gucci,0,https://www.vinted.it/items/8285045489-pinta-labios-gucci?referrer=catalog,0,8285045489,Sold,01/03/2026 09:14:05,,https://images1.vinted.net/t/05_00c8e_tA1toNSFNc6MuDXxjiMJPfNn/310x430/1772350456.webp?s=bad3d16db980a778da22b77dd41d20d6bf182469,11,1
Nuova,1.4707,Gucci,0,https://www.vinted.it/items/8285016669-nuova?referrer=catalog,1,8285016669,Sold,01/03/2026 09:14:05,,https://images1.vinted.net/t/05_007c8_gyL352V8YxZSyjK6jZugNNJi/310x430/1772349916.webp?s=b7b49d57339f4b252e0492ad43694912b7b58576,11,1
Cintura nuova,315.7,Gucci,90 cm,https://www.vinted.it/items/8284987804-cintura-nuova?referrer=catalog,2,8284987804,Sold,01/03/2026 09:14:05,,https://images1.vinted.net/t/06_019bf_36ewvybAfxGbC8nWgP6ZyopG/310x430/1772349315.webp?s=5b8b1ac2240a3f5dfd3045c4438ad1033bd84bdc,11,1
Gucci guilty eau de parfum,53.2,Gucci,0,https://www.vinted.it/items/8285005649-gucci-guilty-eau-de-parfum?referrer=catalog,0,8285005649,Sold,01/03/2026 09:14:05,,https://images1.vinted.net/t/06_00ecc_uENFQxLREbNFGmdsBKJkGrfo/310x430/1772349696.webp?s=bd2969914daa920b26592ee95a505f3ceab2ad71,11,1
Borsa shopper Gucci,410.2,Gucci,0,https://www.vinted.it/items/8284998687-borsa-shopper-gucci?referrer=catalog,4,8284998687,Sold,01/03/2026 09:14:05,,https://images1.vinted.net/t/05_00c85_2C1xKhRwoqtTKVBJsuRN5PqZ/310x430/1772349552.webp?s=a35cd8248505d487ead2588a709529f47ef3f97c,11,1
Gucci Flora Gorgeous Gardenia eau de parfum 100 ml,42.7,Gucci,0,https://www.vinted.it/items/8284997896-gucci-flora-gorgeous-gardenia-eau-de-parfum-100-ml?referrer=catalog,3,8284997896,Sold,01/03/2026 09:14:05,,https://images1.vinted.net/t/06_0257d_YdYnaNw75f49F4cDcKF7wheH/310x430/1772349535.webp?s=4c5ac8835743ddc4f0c64221f61af194866daed3,11,1
Gucci flora gardenia,26.95,Gucci,0,https://www.vinted.it/items/8284982909-gucci-flora-gardenia?referrer=catalog,2,8284982909,Sold,01/03/2026 09:14:05,,https://images1.vinted.net/t/04_02418_ZEgERRo9csk2wwWHX185xbho/310x430/1772349202.webp?s=3523aa410551e74c0887ed4a708eff14567e8867,11,1
Nuovo,158.2,Gucci,0,https://www.vinted.it/items/8284968385-nuovo?referrer=catalog,2,8284968385,Sold,01/03/2026 09:14:05,,https://images1.vinted.net/t/06_006f5_bfB6UegwVmh7LarXSMTiNTJF/310x430/1772348862.webp?s=3ce5f3f6a94f41404cdc9035406bc21847269ce6,11,1
Gucci Bloom Nieuw,40.08,Gucci,0,https://www.vinted.it/items/8284967746-gucci-bloom-nieuw?referrer=catalog,0,8284967746,Sold,01/03/2026 09:14:05,,https://images1.vinted.net/t/05_0228e_bCq4rA6aEDZWRLwPGGCcF1Dn/310x430/1772348845.webp?s=d026389ad26cc1d0ee60739ba29a8bb41c7e061a,11,1
Scarpe Gucci nuove,420.7,Gucci,38.5,https://www.vinted.it/items/8284963681-scarpe-gucci-nuove?referrer=catalog,1,8284963681,Sold,01/03/2026 09:14:05,,https://images1.vinted.net/t/01_007ba_ywoyYZa6RNy64andy3AzqzZX/310x430/1772349471.webp?s=5942f70a68d55074c83fcdfb4668a2541efe6851,11,1
Gucci Sneaker Gr. 39,100.45,Gucci,39,https://www.vinted.it/items/8284960018-gucci-sneaker-gr-39?referrer=catalog,6,8284960018,Sold,01/03/2026 09:14:05,,https://images1.vinted.net/t/05_0136b_mzz25FVehpFQKECgUUKFhWMW/310x430/1772348649.webp?s=2846ed5ef4cd000ce3c08e5b3fd72f6a1e274ad6,11,1
Glow Blush Gucci,26.95,Gucci,0,https://www.vinted.it/items/8284956118-glow-blush-gucci?referrer=catalog,1,8284956118,Sold,01/03/2026 09:14:05,,https://images1.vinted.net/t/06_01f0f_eUBi7aPZkbSu4vGQhoSRMedG/310x430/1772348545.webp?s=6ed0fb7734e30490bdd575062b701bc17707fbe2,11,1
Gucci Half moon Tasche (Neu),578.2,Gucci,0,https://www.vinted.it/items/8284929429-gucci-half-moon-tasche-neu?referrer=catalog,8,8284929429,Sold,01/03/2026 09:14:05,,https://images1.vinted.net/t/06_016ee_1wkSEctpcCEDxP1wK6jGVoGe/310x430/1772347745.webp?s=35c025e91707824510c6c8b28e38c99c1709f592,11,1
Mocassino Gucci 41 nuovo blu in camoscio,473.2,Gucci,41,https://www.vinted.it/items/8284948303-mocassino-gucci-41-nuovo-blu-in-camoscio?referrer=catalog,1,8284948303,Sold,01/03/2026 09:14:05,,https://images1.vinted.net/t/05_00ef7_pB6r9iZ9hq95TBTXWD5LRiH8/310x430/1772348319.webp?s=3faf13e36184948167ed7a558d108c49eaa6f613,11,1
Luxury Set: Chanel (with Camellia),84.7,Chanel,0,https://www.vinted.it/items/8260339101-luxury-set-chanel-with-camellia-gucci-dior-packaging-newmint?referrer=catalog,0,8260339101,Sold,01/03/2026 09:14:05,,https://images1.vinted.net/t/06_00d10_9Pj27zoopc1L83ZE8eviUcjo/310x430/1772039226.webp?s=8ea8800df3dd446ecf04e9cb22842cf6da23874b,11,1
Portacarte Gucci,168.7,Gucci,0,https://www.vinted.it/items/8284725372-portacarte-gucci?referrer=catalog,1,8284725372,Sold,01/03/2026 09:14:05,,https://images1.vinted.net/t/03_023dd_Js6tLG6pbd6o8ghmfSMga51m/310x430/1772324504.webp?s=3e74137d227f6797ccfef8e46895b34caf681a79,11,1
Gucci sandalo con tacco alto,315.7,Gucci,38,https://www.vinted.it/items/8284704866-gucci-sandalo-con-tacco-alto?referrer=catalog,2,8284704866,Sold,01/03/2026 09:14:05,,https://images1.vinted.net/t/04_01fe6_o2gckFus7jYLXm5hLr4rUFeS/310x430/1772323446.webp?s=8006b84d2933f737c6ea50c802392b7dfb6d7ed1,11,1
Giacca Gucci vintage,557.2,Gucci,S / IT 40 / EU 36,https://www.vinted.it/items/8284703566-giacca-gucci-vintage?referrer=catalog,4,8284703566,Sold,01/03/2026 09:14:05,,https://images1.vinted.net/t/05_01daf_dxTew6CuaaKqNQ4VwhnYB2xv/310x430/1772323386.webp?s=8a6dda705e674e3d5681150b8b0aeb4039710db0,11,1
Giubbotto Gucci,893.2,Gucci,M,https://www.vinted.it/items/8284702035-giubbotto-gucci?referrer=catalog,1,8284702035,Sold,01/03/2026 09:14:05,,https://images1.vinted.net/t/06_024f5_dsXGPNV1aKJPhavMx5EvdNyH/310x430/1772323315.webp?s=77f8621940f4a407c42c695921eefc172e7be817,11,1
Basket Gucci,368.2,Gucci,42,https://www.vinted.it/items/8284681089-basket-gucci?referrer=catalog,0,8284681089,Sold,01/03/2026 09:14:05,,https://images1.vinted.net/t/06_00f40_L46Ao5wRwrsWa5WgxEkjSS2D/310x430/1772322498.webp?s=92adad7a47f9b3292ca79c008dc262f32e32010b,11,1
Reloj Gucci,683.2,Gucci,30–38 mm,https://www.vinted.it/items/8284671779-reloj-gucci?referrer=catalog,21,8284671779,Sold,01/03/2026 09:14:05,,https://images1.vinted.net/t/06_018c9_VARLGVg5z44JKAFFiiK6bNCG/310x430/1772322083.webp?s=9ba313d11f7fbecf7b82e9cdac5f762b49e751ca,11,1
Sac Gucci Mini Dionysus Tweed Vichy Rouge Bleu – Neuf Full Set,630.7,Gucci,0,https://www.vinted.it/items/8255512339-sac-gucci-mini-dionysus-tweed-vichy-rouge-bleu-neuf-full-set?referrer=catalog,2,8255512339,Sold,01/03/2026 09:14:05,,https://images1.vinted.net/t/06_01d0f_EB8AJb4Da9LzoAZ9mjTN9d1m/310x430/1771975195.webp?s=6207404e739dbb6e8fb090d6e9d1694b54446985,11,1
Gucci Bloom eau de toilette 100ml,63.7,Gucci,0,https://www.vinted.it/items/8284657747-gucci-bloom-eau-de-toilette-100ml?referrer=catalog,2,8284657747,Sold,01/03/2026 09:14:05,,https://images1.vinted.net/t/04_00e5a_jFVSULQc4XepCaNg4zJ8tW5v/310x430/1772321594.webp?s=9820b9aeae09e9deb967d24ccf4ebfd8cb3e6aa7,11,1
bolso Gucci,420.7,Local,0,https://www.vinted.it/items/8282770274-bolso-gucci?referrer=catalog,0,8282770274,Sold,01/03/2026 09:14:05,,https://images1.vinted.net/t/06_01f25_ip6tN9qjsGaqJEe1543R8N7b/310x430/1772301032.webp?s=d7ac047f853549e120d735d4aba4a8439f2d4abb,11,1
Gucci Bamboo Eau de Toilette 75 ml,37.45,Gucci,0,https://www.vinted.it/items/8284650826-gucci-bamboo-eau-de-toilette-75-ml?referrer=catalog,3,8284650826,Sold,01/03/2026 09:14:05,,https://images1.vinted.net/t/01_011d0_6eHAHX4D5UcqtuLqy5izUDqY/310x430/1772321366.webp?s=df00d8724abd9e816be66ab564977d028678cecb,11,1
Vintage retro Gucci black leather heel shoes,147.7,Gucci,36.5,https://www.vinted.it/items/8284648563-vintage-retro-gucci-black-leather-heel-shoes?referrer=catalog,5,8284648563,Sold,01/03/2026 09:14:05,,https://images1.vinted.net/t/05_00136_JyLFMc4jJH6coMeHfcpBZJ1n/310x430/1772321292.webp?s=2ab69f4f590b165d4f56934b1d5dad790983c809,11,1
Pigiama Gabriella Gucci Morbido Coral Fleece  Nuovo con Scatola,5.95,Gabriella Gucci,16 anni / 176 cm,https://www.vinted.it/items/8282695105-pigiama-gabriella-gucci-morbido-coral-fleece-nuovo-con-scatola?referrer=catalog,2,8282695105,Sold,01/03/2026 09:14:05,,https://images1.vinted.net/t/04_01d6a_qJBNBYyk3kvX6NV6CVkzjfcz/310x430/1772300524.webp?s=5ef68b9950aa8378cd3607527af7f2cc5b9e35a9,11,1
Gorra Gucci,368.19,Gucci,L,https://www.vinted.it/items/8284645547-gorra-gucci?referrer=catalog,2,8284645547,Sold,01/03/2026 09:14:05,,https://images1.vinted.net/t/06_0034b_cgyxaFtjUsZLJXYX6x9q8XqY/310x430/1772321197.webp?s=89d983c5665629916b985562f088303711d5d433,11,1
maglia gucci fall-spring edition,147.7,Gucci,M,https://www.vinted.it/items/8282674022-maglia-gucci-fall-spring-edition?referrer=catalog,0,8282674022,Sold,01/03/2026 09:14:05,,https://images1.vinted.net/t/06_009ff_GxMdWvV6B4faazAoHrpx8SpQ/310x430/1772300386.webp?s=a745626644ea48f50c68625797914b2b3bb7c218,11,1
Ceinture Gucci,200.2,Gucci,90 cm,https://www.vinted.it/items/8284617906-ceinture-gucci?referrer=catalog,4,8284617906,Sold,01/03/2026 09:14:05,,https://images1.vinted.net/t/06_024ea_kct8AWVAP819EYDmfg5w91yr/310x430/1772320380.webp?s=e180c044a11a91170b2271582201d0e2a660e155,11,1
Gucci Bamboo eau de Parfum 50ml,63.7,Gucci,0,https://www.vinted.it/items/8284637894-gucci-bamboo-eau-de-parfum-50ml?referrer=catalog,0,8284637894,Sold,01/03/2026 09:14:05,,https://images1.vinted.net/t/06_00824_FrWoF8TLJorTwBQnH84ijytv/310x430/1772320964.webp?s=7800daf4bc713ca1e72c02e5ace08f3ad8517c82,11,1
Gucci GG Supreme Leather Tote Bag,673.2,Gucci,0,https://www.vinted.it/items/8251017348-gucci-gg-supreme-leather-tote-bag?referrer=catalog,2,8251017348,Sold,01/03/2026 09:16:23,,https://images1.vinted.net/t/06_00826_vcQdFLeQ8gnxaMByE7GrfTiK/310x430/1772285412.webp?s=5d60d23f5be57fd095dc255a25c0c7e85859afe8,11,6
Occhiale donna,37.45,Gucci,0,https://www.vinted.it/items/8277618373-occhiale-donna?referrer=catalog,0,8277618373,Sold,01/03/2026 09:17:45,,https://images1.vinted.net/t/05_012f4_2w5P4DbGzSXB8J74czvpZtxA/310x430/1772271716.webp?s=a4951f19a0228d134d211e5b1877f72bc66d1634,11,9
Gucci Guilty Love Edition Por Homme,95.2,Gucci,0,https://www.vinted.it/items/8277611061-gucci-guilty-love-edition-por-homme?referrer=catalog,0,8277611061,Sold,01/03/2026 09:17:45,,https://images1.vinted.net/t/06_01ece_TWhzNdSdnQgUWhtPMTz2Sb5p/310x430/1772271664.webp?s=44b628041a5dc1890b4998f1fbc2628756b35eba,11,9
Écharpe Gucci GG laine & soie,284.2,Gucci,0,https://www.vinted.it/items/8277601527-echarpe-gucci-gg-laine-soie?referrer=catalog,1,8277601527,Sold,01/03/2026 09:17:45,,https://images1.vinted.net/t/04_01213_Z7yMkpGp7Ebui51RXHfgvkqq/310x430/1772271598.webp?s=a7398b90579755882daafe4c77ad9811220b3c10,11,9
Top Gucci,263.2,Gucci,S / IT 40 / EU 36,https://www.vinted.it/items/8275716764-top-gucci?referrer=catalog,3,8275716764,Sold,01/03/2026 09:17:45,,https://images1.vinted.net/t/05_00d65_R1GzEnbTBtU6yHsKiMBZbVvH/310x430/1772224229.webp?s=5aa388b8b28e64dcbe40ac714e880a83e233fc37,11,9
Top nero Gucci,252.7,Gucci,S / IT 40 / EU 36,https://www.vinted.it/items/8275667149-top-nero-gucci?referrer=catalog,0,8275667149,Sold,01/03/2026 09:17:45,,https://images1.vinted.net/t/06_018ef_gftc4BvdbpgGKddGFFydmxRv/310x430/1772223745.webp?s=ec72903911c65bd0caca4245156b2a53488e110b,11,9
Anello Gucci,210.7,Gucci,17,https://www.vinted.it/items/8277575557-anello-gucci?referrer=catalog,1,8277575557,Sold,01/03/2026 09:17:45,,https://images1.vinted.net/t/04_01eb3_hCKgW5FKFw2Cv43iv6btiFPe/310x430/1772271470.webp?s=2ea1d2cbb6ae642d7eb038dfb95a9779b044c8d7,11,9
Palette fards à paupières Gucci,74.2,Gucci,0,https://www.vinted.it/items/8277574820-palette-fards-a-paupieres-gucci?referrer=catalog,0,8277574820,Sold,01/03/2026 09:17:45,,https://images1.vinted.net/t/01_0100a_biwps6PW3Mw1XgbQFEHGb72Q/310x430/1772271408.webp?s=dfb68c7deff0b15eb2bbf440a6ebc52f22878989,11,9
Anello Gucci,200.2,Gucci,18,https://www.vinted.it/items/8277560649-anello-gucci?referrer=catalog,3,8277560649,Sold,01/03/2026 09:17:45,,https://images1.vinted.net/t/05_01107_czDW28JqfqoffpCtNH8tjj2C/310x430/1772271305.webp?s=7cc15acc72f91401bff440d41f949aa2344fe3be,11,9
maxi foulard Gucci.Autentico,200.2,Gucci,0,https://www.vinted.it/items/8277559353-maxi-foulard-gucciautentico?referrer=catalog,0,8277559353,Sold,01/03/2026 09:17:45,,https://images1.vinted.net/t/01_01151_TEpbGmX2AUKmT9ME3pgcCUpJ/310x430/1772271767.webp?s=14686c4c700e635dedbcc6ace6193fb92c8b814d,11,9
Anello Gucci,200.2,Gucci,18,https://www.vinted.it/items/8277547421-anello-gucci?referrer=catalog,1,8277547421,Sold,01/03/2026 09:17:45,,https://images1.vinted.net/t/06_003a4_z47QCBFA8jTbK3tzqSwWEZJq/310x430/1772271211.webp?s=b0d09a9fc2bce11a30e4ac922f5080ae0acc6aa3,11,9
Gucci vest,158.2,Gucci,S,https://www.vinted.it/items/8275645223-gucci-vest?referrer=catalog,24,8275645223,Sold,01/03/2026 09:17:45,,https://images1.vinted.net/t/06_00d91_dYfXFVRyM9DzyCxCVLZ47bA1/310x430/1772223537.webp?s=21e80990e8bad1e7962e5cb913d4cbf5370e252e,11,9
Gucci Watch,830.2,Gucci,30–38 mm,https://www.vinted.it/items/8277493132-gucci-watch?referrer=catalog,2,8277493132,Sold,01/03/2026 09:17:45,,https://images1.vinted.net/t/06_015b4_Wjrkn5ZuVBQTSTndT2dQRunR/310x430/1772270817.webp?s=65e2d1b051eef39e1d9948d9d962b2ef66df9c3d,11,9
Mocassins Gucci Jordaan taille 36,630.7,Gucci,36,https://www.vinted.it/items/8277482653-mocassins-gucci-jordaan-taille-36?referrer=catalog,1,8277482653,Sold,01/03/2026 09:17:45,,https://images1.vinted.net/t/06_02103_wBnqPPLD4s9WVa5EYztozS6T/310x430/1772270739.webp?s=0ab8c6b6941e461ebb7c14cf29c403dc16ba8334,11,9
Gucci marmont,1.2607,Gucci,0,https://www.vinted.it/items/8277445894-gucci-marmont?referrer=catalog,10,8277445894,Sold,01/03/2026 09:17:45,,https://images1.vinted.net/t/06_019fd_mCC5qGNNkdvybzNLyQxG6tc8/310x430/1772270463.webp?s=dd3dc01e7f5e589af36ad90bdeecce0d5fcd865c,11,9
Borsa Gucci in vera pelle con tracolla,546.7,Gucci,0,https://www.vinted.it/items/8249183860-borsa-gucci-in-vera-pelle-con-tracolla?referrer=catalog,2,8249183860,Sold,01/03/2026 09:17:45,,https://images1.vinted.net/t/05_01371_yP5G4hyDvZLLFALWbM5BHMx1/310x430/1771924713.webp?s=0b90f7067f6c546c6a0984f236c62672e4bb3ccc,11,9
Jackie bag Gucci x Balenciaga,1.2607,Gucci,0,https://www.vinted.it/items/8277430388-jackie-bag-gucci-x-balenciaga?referrer=catalog,5,8277430388,Sold,01/03/2026 09:17:45,,https://images1.vinted.net/t/05_019c0_WRKR8rbeKVTjfKpUCAZpjXaF/310x430/1772270342.webp?s=a3b52b19e0d1ce2f6fd2201883a55b47db90d8eb,11,9
Occhiali Gucci,158.2,Gucci,0,https://www.vinted.it/items/8275372346-occhiali-gucci?referrer=catalog,0,8275372346,Sold,01/03/2026 09:17:45,,https://images1.vinted.net/t/06_00023_CcVZrEk7QL6VLxAFtFrzgEqa/310x430/1772221023.webp?s=7616ac05e6be7ead2aa9c01b4d654bf4d424455f,11,9
Schleifenband Gucci,10.15,No brand,0,https://www.vinted.it/items/8277399459-schleifenband-gucci?referrer=catalog,0,8277399459,Sold,01/03/2026 09:17:45,,https://images1.vinted.net/t/06_0167d_Jjg3iZF8fDi39agxNy4uxAvz/310x430/1772270146.webp?s=2d67ff7c6a2dcc563aed6150de3f08c4cabcd57b,11,9
Mocassino,389.2,Gucci,39.5,https://www.vinted.it/items/8277398887-mocassino?referrer=catalog,12,8277398887,Sold,01/03/2026 09:17:45,,https://images1.vinted.net/t/06_023e1_zqxS9co9PnYJtX9wZk4FL1GC/310x430/1772270099.webp?s=63777c1e85b137baad4b5f1c65b591b39943c129,11,9
Gucci sneakers,446.95,Gucci,40.5,https://www.vinted.it/items/8277297595-gucci-sneakers?referrer=catalog,13,8277297595,Sold,01/03/2026 09:17:45,,https://images1.vinted.net/t/01_006a0_TJoS3CLtuVofCU5VujoLK2Wf/310x430/1772269258.webp?s=bfe678dee7a0432529c58340e9ff0f911b1d1947,11,9
Occhiali da sole Gucci donna GG1779S 009 Swarovski,336.7,Gucci,0,https://www.vinted.it/items/8277262370-occhiali-da-sole-gucci-donna-gg1779s-009-swarovski?referrer=catalog,0,8277262370,Sold,01/03/2026 09:17:45,,https://images1.vinted.net/t/01_02539_Pag7SXCeBwweBqLuceMnJEi7/310x430/1772268954.webp?s=d028aa3bb739debdfd1a85ea80c36b33de04b7b3,11,9
Gucci x Adidas Zip Velvet Jacket,1.2082,Gucci,L,https://www.vinted.it/items/8277254844-gucci-x-adidas-zip-velvet-jacket?referrer=catalog,16,8277254844,Sold,01/03/2026 09:17:45,,https://images1.vinted.net/t/05_006a7_sdprgZT1sAmRmfH2rJrxhiX7/310x430/1772268887.webp?s=2daf37ceb908b5e93b3a717d443b3f87e14b3c4a,11,9
Gucci Ace,187.6,Gucci,40,https://www.vinted.it/items/8277253535-gucci-ace?referrer=catalog,11,8277253535,Sold,01/03/2026 09:17:45,,https://images1.vinted.net/t/05_00377_Yvy5ZiyV6uZLgH7W12kTmmjZ/310x430/1772268875.webp?s=9ac98922bbcf8e8d0397ccc9d070f19b3d25726b,11,9
Set da barba vintage,42.7,Paolo Gucci,0,https://www.vinted.it/items/8277234847-set-da-barba-vintage?referrer=catalog,0,8277234847,Sold,01/03/2026 09:17:45,,https://images1.vinted.net/t/05_00f4c_KD1gRMoD8GsQD716MeHEq2VP/310x430/1772268706.webp?s=cfbab680db2838a81ec0d8f80c2bbb7264a91753,11,9
Tee-shirt gucci,5.95,Gucci,M,https://www.vinted.it/items/8277231284-tee-shirt-gucci?referrer=catalog,2,8277231284,Sold,01/03/2026 09:17:45,,https://images1.vinted.net/t/06_0184d_AVHY5Qh25UNJK8CzJZSWi2ko/310x430/1772268674.webp?s=0f4554b8b4a5855731ede0c0052e0065b2da0b58,11,9
Orologio Gucci,683.2,Gucci,30–38 mm,https://www.vinted.it/items/8277216229-orologio-gucci?referrer=catalog,1,8277216229,Sold,01/03/2026 09:17:45,,https://images1.vinted.net/t/05_01a69_ZEw7VJ5r3cRT4izmugKV9pHa/310x430/1772268537.webp?s=ddf9bc5442fd4f69b4d81cf09cac2ce92e8cd41d,11,9
Écharpe Gucci,189.7,Gucci,0,https://www.vinted.it/items/8277189964-echarpe-gucci?referrer=catalog,5,8277189964,Sold,01/03/2026 09:17:45,,https://images1.vinted.net/t/05_009fa_8gKG7quHQG68RU2j5NgHouY1/310x430/1772268290.webp?s=274ff79f5d45e0ea72ac6e9677a8d97c769030cc,11,9
Sac Gucci X Adidas,830.2,Gucci,0,https://www.vinted.it/items/8274744186-sac-gucci-x-adidas?referrer=catalog,14,8274744186,Sold,01/03/2026 09:17:45,,https://images1.vinted.net/t/03_01b3a_Yzgps3R5rge5UCLLj81iJTsG/310x430/1772215577.webp?s=76b5b76a7f9d6286c645f1c6e2c2bfa6bd005815,11,9
Gucci floral 100ml,53.2,Gucci,0,https://www.vinted.it/items/8277185524-gucci-floral-100ml?referrer=catalog,0,8277185524,Sold,01/03/2026 09:17:45,,https://images1.vinted.net/t/06_02594_TSE4N7yb4YhkHj3epqa464y5/310x430/1772268248.webp?s=46a3e75c345b9ff280d218618d109b98af3c415b,11,9
Occhiali Gucci unisex,473.2,Gucci,0,https://www.vinted.it/items/8277183094-occhiali-gucci-unisex?referrer=catalog,0,8277183094,Sold,01/03/2026 09:17:45,,https://images1.vinted.net/t/01_00d0b_e1nvRR9q8CoKZNcjunofHqd8/310x430/1772268226.webp?s=a915a1628ef9471b1713ca413c40800f37ab4e1c,11,9
Scarpa mocassino Gucci,131.95,Gucci,43,https://www.vinted.it/items/8277182208-scarpa-mocassino-gucci?referrer=catalog,2,8277182208,Sold,01/03/2026 09:17:45,,https://images1.vinted.net/t/06_01745_vvkGu2ZpywQpaMFx6WPyNerh/310x430/1772268217.webp?s=329242f78f76f1b302dc4489e92275b0cf6f576e,11,9
Cinta gucci originale unisex praticamente nuova,210.7,Gucci,Regolabile,https://www.vinted.it/items/8277182324-cinta-gucci-originale-unisex-praticamente-nuova?referrer=catalog,0,8277182324,Sold,01/03/2026 09:17:45,,https://images1.vinted.net/t/06_011a7_UkYeV9VHisz2PsPz6EhgQbZ3/310x430/1772268219.webp?s=c4b0f71e2320c09c0547fcefedcd72a803ceda1a,11,9
Occhiali da sole Gucci,158.2,Gucci,0,https://www.vinted.it/items/8277180348-occhiali-da-sole-gucci?referrer=catalog,1,8277180348,Sold,01/03/2026 09:17:45,,https://images1.vinted.net/t/05_00365_mPxMT4SEf2mneic84AfVnNg3/310x430/1772268198.webp?s=12b4662b680259325ae226e444fa7bfcb31bb8cb,11,9
Gafas Gucci,168.7,Gucci,0,https://www.vinted.it/items/8277179124-gafas-gucci?referrer=catalog,20,8277179124,Sold,01/03/2026 09:17:45,,https://images1.vinted.net/t/05_00e66_qnbqKLG4vVFcujt8W2v7AbrJ/310x430/1772268187.webp?s=70f4286486641029b8f2aee2d9e02d699a27854f,11,9
Décolleté Gucci,263.2,Gucci,37,https://www.vinted.it/items/8277153742-decollete-gucci?referrer=catalog,1,8277153742,Sold,01/03/2026 09:18:11,,https://images1.vinted.net/t/06_02705_XWU8LJTSDPTfXE52a9LWbvsg/310x430/1772267946.webp?s=d70683be15965d9d902251584f0eaa02e544ae38,11,10
Perfume Gucci Guilty pour homme 50 ml – Nuevo con embalaje,47.95,Gucci,0,https://www.vinted.it/items/8277116070-perfume-gucci-guilty-pour-homme-50-ml-nuevo-con-embalaje?referrer=catalog,3,8277116070,Sold,01/03/2026 09:18:11,,https://images1.vinted.net/t/06_025c9_uJ4VScNpoLSdvnvNqxitAtBJ/310x430/1772267565.webp?s=b84d0efa4b485131b2ceae671dd7603fb248abf4,11,10
Gucci floral eau de parfum 100ml,53.2,Gucci,0,https://www.vinted.it/items/8277143988-gucci-floral-eau-de-parfum-100ml?referrer=catalog,1,8277143988,Sold,01/03/2026 09:18:11,,https://images1.vinted.net/t/05_00584_1iBHNDsFrYobRvtg5cmNdWMC/310x430/1772267849.webp?s=4717fe0682a9aff969c4ebba02a041e91e7b01fd,11,10
Mocassino Gucci Nuovo,252.7,Gucci,43,https://www.vinted.it/items/8277132558-mocassino-gucci-nuovo?referrer=catalog,39,8277132558,Sold,01/03/2026 09:18:11,,https://images1.vinted.net/t/06_00ab8_KB63FWbXyy9rS9Cwq55Bdkmy/310x430/1772267733.webp?s=9e859d15a5651747bcddd669828a3e7bc3236d8b,11,10
Borsa Gucci Rajah Large Tote in suede marrone,1.1032,Gucci,0,https://www.vinted.it/items/8277129745-borsa-gucci-rajah-large-tote-in-suede-marrone?referrer=catalog,5,8277129745,Sold,01/03/2026 09:18:11,,https://images1.vinted.net/t/04_00c3c_uGr8hrheGZxzG4vozokmN1um/310x430/1772267704.webp?s=fe863c2503f3a3e427065f6d8946ef2e38a098c4,11,10
Maglietta Gucci Bambino manica corta,53.2,Gucci,24-36 mesi / 92 cm,https://www.vinted.it/items/8277126105-maglietta-gucci-bambino-manica-corta?referrer=catalog,10,8277126105,Sold,01/03/2026 09:18:11,,https://images1.vinted.net/t/06_026f2_sQpBwVjQhvBk3pCCQbeEABWQ/310x430/1772267668.webp?s=987f303d3a9c048fba7555ab66957e1eda123934,11,10
Sandali Gucci Nuovi con cartellino n.24,110.95,Gucci,24,https://www.vinted.it/items/8277125450-sandali-gucci-nuovi-con-cartellino-n24?referrer=catalog,5,8277125450,Sold,01/03/2026 09:18:11,,https://images1.vinted.net/t/03_02259_ZtykbS4pa6yc5bwV1BwoUwBw/310x430/1772267662.webp?s=51c7c2295f822f41b6884ad2cf404b61f4ecef39,11,10
Ensemble gucci,1.5757,Gucci,L,https://www.vinted.it/items/8277119876-ensemble-gucci?referrer=catalog,0,8277119876,Sold,01/03/2026 09:18:11,,https://images1.vinted.net/t/06_02581_kasGFmKPTX33GybwHJHsz9Xy/310x430/1772267603.webp?s=afd9f7afd51f865d4026ab56fbb46c02efdb32b0,11,10
Gucci Loafer,525.7,Gucci,40,https://www.vinted.it/items/8277117577-gucci-loafer?referrer=catalog,2,8277117577,Sold,01/03/2026 09:18:11,,https://images1.vinted.net/t/05_016bf_6X38DRY2rjGbx5fKUjRdq6Dk/310x430/1772267581.webp?s=ed5e37c6340435f4bb51ce64a9505fe5cd3345d8,11,10
Gucci trench in pelle camoscio,1.8907,Gucci,XL / IT 46 / EU 42,https://www.vinted.it/items/8277109070-gucci-trench-in-pelle-camoscio?referrer=catalog,0,8277109070,Sold,01/03/2026 09:18:11,,https://images1.vinted.net/t/01_00212_z8fpjpwasY7VZCNxdZfHCuU1/310x430/1772267494.webp?s=1f11f7f94dc660f974cbc3d4a585f883b1216ec7,11,10
Casquette Gucci noir,168.7,Gucci,Taglia unica,https://www.vinted.it/items/8277099400-casquette-gucci-noir?referrer=catalog,0,8277099400,Sold,01/03/2026 09:18:11,,https://images1.vinted.net/t/04_01528_RZLgJihMeo6KHWZheL8pb3N3/310x430/1772267395.webp?s=85ae9dffcc940a55b89104a03af1db6d02365142,11,10
Gucci Bloom eau de toilette 50ml,26.95,Gucci,0,https://www.vinted.it/items/8277079011-gucci-bloom-eau-de-toilette-50ml?referrer=catalog,11,8277079011,Sold,01/03/2026 09:18:11,,https://images1.vinted.net/t/04_00320_YGjedyApzei6Q18MvS57zeDy/310x430/1772267182.webp?s=a180b85046688ee5cb68d7c819a0ae570f431212,11,10
Echarpe gucci,158.2,Gucci,M,https://www.vinted.it/items/8274595510-echarpe-gucci?referrer=catalog,0,8274595510,Sold,01/03/2026 09:18:11,,https://images1.vinted.net/t/06_01cc1_pFqbDy4rDtx3ya9J1bHNL6ap/310x430/1772214377.webp?s=cd0cf9dae42d7f8ac6626fbae59842a167997437,11,10
Gucci Leather Beltbag,420.7,Gucci,0,https://www.vinted.it/items/8277065468-gucci-leather-beltbag?referrer=catalog,0,8277065468,Sold,01/03/2026 09:18:11,,https://images1.vinted.net/t/01_0093a_aPpHVVqXcbgyQzWNf3jWQSj3/310x430/1772267035.webp?s=dd28a8e20d6882817c7c03f7de00012d04bd0dbc,11,10
Borsetta Gucci Marmont,504.7,Gucci,0,https://www.vinted.it/items/8277018432-borsetta-gucci-marmont?referrer=catalog,1,8277018432,Sold,01/03/2026 09:18:11,,https://images1.vinted.net/t/05_00cbe_pGaJ2YsAqGgzCZirriGyxwzZ/310x430/1772266506.webp?s=bc7cd713e75e72bc4f9a972542a0ae5872716f39,11,10
Gucci flora gardenia,51.1,Gucci,0,https://www.vinted.it/items/8277055626-gucci-flora-gardenia?referrer=catalog,20,8277055626,Sold,01/03/2026 09:18:11,,https://images1.vinted.net/t/06_00956_8D5ML8peXZ2qieCeNw8f9Dbv/310x430/1772266927.webp?s=2717232172e1224acdae308fae96917c205b3b45,11,10
Gucci tailleur,893.2,Gucci,42,https://www.vinted.it/items/8277050646-gucci-tailleur?referrer=catalog,0,8277050646,Sold,01/03/2026 09:18:11,,https://images1.vinted.net/t/03_00724_KfeYJtJDgdQ78qqi2EPpgoTe/310x430/1772266872.webp?s=d3adec3e373d3633acfd0a358ab32c16be0ae44b,11,10
Borsa vero pitone Gucci,735.7,Gucci,0,https://www.vinted.it/items/8274604350-borsa-vero-pitone-gucci?referrer=catalog,7,8274604350,Sold,01/03/2026 09:18:11,,https://images1.vinted.net/t/03_004a1_dyKtgehKBbMUK8LR7s5Xxhy6/310x430/1772214449.webp?s=30d231d34616ed2dff431e5115c7196c05e126ef,11,10
Chaussures Gucci | 37,420.7,Gucci,37.5,https://www.vinted.it/items/8277016354-chaussures-gucci-375-noir-et-blanche?referrer=catalog,1,8277016354,Sold,01/03/2026 09:18:11,,https://images1.vinted.net/t/06_0002f_w7rdBvo1Tx2p8W5z46dcR37J/310x430/1772266483.webp?s=71bd03dc46b64ed4f7b9d777940842d1764a7624,11,10
Broek Gucci,100.45,Gucci,S / IT 40 / EU 36,https://www.vinted.it/items/8274303647-broek-gucci?referrer=catalog,1,8274303647,Sold,01/03/2026 09:18:11,,https://images1.vinted.net/t/04_0033f_NwkVgiPeUiuZ2ASYyJMtsqgV/310x430/1772212156.webp?s=71f840169f6f6129e9bf8345b2549a052d6be135,11,10
Gucci Rhyton,100.45,Gucci,43,https://www.vinted.it/items/8276979115-gucci-rhyton?referrer=catalog,3,8276979115,Sold,01/03/2026 09:18:11,,https://images1.vinted.net/t/01_0053b_BjszeyqUqfEUSQ8oifUXn6He/310x430/1772312645.webp?s=6f616dddb57e351e83f5b0dad8af0309d18d5f16,11,10
Profumo donna Gucci Flora,45.85,Gucci,0,https://www.vinted.it/items/8276950055-profumo-donna-gucci-flora?referrer=catalog,2,8276950055,Sold,01/03/2026 09:18:11,,https://images1.vinted.net/t/06_002ae_Eoz7NR1qLoWRURtTmhmBKTp7/310x430/1772265658.webp?s=648f358ce8e2c2858fe23ef1ef46e9ba8cf68c58,11,10
Gucci,42.7,Gucci,0,https://www.vinted.it/items/8248763223-gucci?referrer=catalog,0,8248763223,Sold,01/03/2026 09:18:11,,https://images1.vinted.net/t/01_00626_ttk7SSiC8trixL9sSxMrx9Gi/310x430/1771919399.webp?s=bfd1fd454d2eaac72058d0a134273d813936a9ff,11,10
"Gucci sacchetto originale
Mai utilizzato",13.29,Gucci,0,https://www.vinted.it/items/8276943297-gucci-sacchetto-originale-mai-utilizzato?referrer=catalog,1,8276943297,Sold,01/03/2026 09:18:11,,https://images1.vinted.net/t/05_00733_MBYpA1LhjnJLVcKi8p91eP8a/310x430/1772265571.webp?s=a5557e07c07568d72b4403003e1928973590c1a9,11,10
Sac Gucci,11.2,Gucci,0,https://www.vinted.it/items/8276936865-sac-gucci?referrer=catalog,0,8276936865,Sold,01/03/2026 09:18:12,,https://images1.vinted.net/t/06_01de3_RBZdL55dJ2m4FPcufW3AtHUz/310x430/1772265485.webp?s=80bbe934725cf1810ca4b90492d5d34e9c64f7c8,11,10
Sac Gucci en cuir beige,971.95,Gucci,0,https://www.vinted.it/items/8276933996-sac-gucci-en-cuir-beige?referrer=catalog,20,8276933996,Sold,01/03/2026 09:18:12,,https://images1.vinted.net/t/05_01d98_K5LSrxW3SNnXkc9wQ4ahtY3P/310x430/1772265449.webp?s=21bb6e750bfd00bd662899248b7060cc5a921667,11,10
Ysl Gucci Lancome Prada Chanel Parfum Damen armani mugler Marc jacobs,26.95,No brand,0,https://www.vinted.it/items/8273943921-ysl-gucci-lancome-prada-chanel-parfum-damen-armani-mugler-marc-jacobs?referrer=catalog,1,8273943921,Sold,01/03/2026 09:18:12,,https://images1.vinted.net/t/06_026d4_7qtXBy7CX14ULozfJ4CjaSLj/310x430/1772209573.webp?s=5480a04530e12f4dece9ab96ea4ae06f942201a8,11,10
2 pochettes gucci,4.9,Gucci,0,https://www.vinted.it/items/8276919809-2-pochettes-gucci?referrer=catalog,0,8276919809,Sold,01/03/2026 09:18:12,,https://images1.vinted.net/t/06_0216d_3N4qPAAiEcoQJMHS77c1A8Dq/310x430/1772265249.webp?s=333f9eb1a9c533fb25275ecf7e463b7f75518d8b,11,10
Gucci – Made to Measure – Eau de Toilette 50 ml – Neuf & Scellé,100.45,Gucci,0,https://www.vinted.it/items/8276909224-gucci-made-to-measure-eau-de-toilette-50-ml-neuf-scelle?referrer=catalog,1,8276909224,Sold,01/03/2026 09:18:12,,https://images1.vinted.net/t/01_00328_JQRyEj8RX2uqEjnN1pNc1wxf/310x430/1772265099.webp?s=540c046d7411d1091938ac013784b1e5ea5dda1d,11,10
Winterjas gucci,263.2,Gucci,24-36 mesi / 92 cm,https://www.vinted.it/items/8276892298-winterjas-gucci?referrer=catalog,28,8276892298,Sold,01/03/2026 09:18:12,,https://images1.vinted.net/t/01_0127a_hQzHSn7TGqEmfZ1WodwNzjeR/310x430/1772264849.webp?s=8686fd8c3cafc99c38390ecf8711ba92dab2d27f,11,10
Gucci flora gardenia,26.95,Gucci,0,https://www.vinted.it/items/8276889676-gucci-flora-gardenia?referrer=catalog,2,8276889676,Sold,01/03/2026 09:18:12,,https://images1.vinted.net/t/01_006ad_ZN4LhxjAZqiW2F4Ay2zhtopq/310x430/1772264811.webp?s=7af87fbc2de834a7ba4300856805f412726db5e2,11,10
Occhiali da sole Gucci con certificato di autenticità,116.2,Gucci,0,https://www.vinted.it/items/8276888086-occhiali-da-sole-gucci-con-certificato-di-autenticita?referrer=catalog,0,8276888086,Sold,01/03/2026 09:18:12,,https://images1.vinted.net/t/04_0044e_gUMcuR91g9uR4Cqy1WKvpJiP/310x430/1772264786.webp?s=e966dbaad6941e80fa3e14939815b8e4b4548969,11,10
Gucci Flora Gorgeous Orchid Eau de Parfum 100ml,68.95,Gucci,0,https://www.vinted.it/items/8276886696-gucci-flora-gorgeous-orchid-eau-de-parfum-100ml?referrer=catalog,0,8276886696,Sold,01/03/2026 09:18:12,,https://images1.vinted.net/t/05_01457_VeWzATJtJTBCt5TEV3rT89Ya/310x430/1772264764.webp?s=4a5b356899df450d069caba9f019b59ffc4787c7,11,10
Gucci Gürtel,294.7,Gucci,100 cm,https://www.vinted.it/items/8276873759-gucci-gurtel?referrer=catalog,0,8276873759,Sold,01/03/2026 09:18:12,,https://images1.vinted.net/t/06_00504_f3jLEQbTg6KXceGHhMcDsxZd/310x430/1772264570.webp?s=b4e5fec3d5f054d6f26e5348777381573613eb3c,11,10
Gucci boutons buttons,18.55,Gucci,0,https://www.vinted.it/items/8276866009-gucci-boutons-buttons?referrer=catalog,0,8276866009,Sold,01/03/2026 09:18:12,,https://images1.vinted.net/t/01_019c9_pX1tJopsnx86xyYWb7CccU4R/310x430/1772264449.webp?s=7353174f9adb6adea895440d0d474dd84760a4c0,11,10
Nastro in twill Gucci in seta,158.2,Gucci,0,https://www.vinted.it/items/8275542318-nastro-in-twill-gucci-in-seta?referrer=catalog,1,8275542318,Sold,01/03/2026 09:18:12,,https://images1.vinted.net/t/06_015db_feTX1GTyWzFn4fFfPTkDgv7x/310x430/1772222575.webp?s=3b2e6510ea80a6dfe43005e3b159f30364d79e9f,11,10
Perfume Signature Collection inspirada en Flora Gucci,32.2,Farmasi,0,https://www.vinted.it/items/8276846129-perfume-signature-collection-inspirada-en-flora-gucci?referrer=catalog,11,8276846129,Sold,01/03/2026 09:18:12,,https://images1.vinted.net/t/06_02574_PSKjhvuTqwSh9yW41jVP39qk/310x430/1772264122.webp?s=7fa458963fcb911118feecd94df7297a1f2f5860,11,10
Portachiavi Gucci,63.7,Gucci,0,https://www.vinted.it/items/8276818511-portachiavi-gucci?referrer=catalog,0,8276818511,Sold,01/03/2026 09:18:12,,https://images1.vinted.net/t/01_0116a_AK8uX9bzgJa172DUeH2YyRui/310x430/1772263636.webp?s=e9ba0c6552218c5bee005e903772e3905fa99f89,11,10
Lunettes de vue gucci,263.2,Gucci,0,https://www.vinted.it/items/8273386302-lunettes-de-vue-gucci?referrer=catalog,0,8273386302,Sold,01/03/2026 09:18:12,,https://images1.vinted.net/t/06_01bc4_5WY9pXfzheNpPi3YectGuy9S/310x430/1772205710.webp?s=61d97820c26e9fa513d22b53c69ae11539b170d2,11,10
Casquette Gucci GG Jumbo Beige/Marron,315.7,Gucci,S,https://www.vinted.it/items/8276817330-casquette-gucci-gg-jumbo-beigemarron?referrer=catalog,2,8276817330,Sold,01/03/2026 09:18:12,,https://images1.vinted.net/t/05_01767_vPE3WxRUCmfj5FESybqhPKJ4/310x430/1772263613.webp?s=6b1ab1f63478be9795ddff8b9e1ea2365dce2da9,11,10
Porta occhiale Gucci,21.7,Blu,0,https://www.vinted.it/items/8273380952-porta-occhiale-gucci?referrer=catalog,0,8273380952,Sold,01/03/2026 09:18:12,,https://images1.vinted.net/t/06_00ee8_SorKZ1LXsgM1TMtFCQHPATgK/310x430/1772205672.webp?s=fb653fd364100e256df5f905eb109f8a96b112a8,11,10
Borsa Gucci Bamboo in tela Crystal,620.2,Gucci,0,https://www.vinted.it/items/8273294496-borsa-gucci-bamboo-in-tela-crystal?referrer=catalog,2,8273294496,Sold,01/03/2026 09:18:12,,https://images1.vinted.net/t/04_00020_WpnEn3TfjGpQz3UMeYWEXc4s/310x430/1772205068.webp?s=b535a1e44b3e7d239dd7886f19df1b64eae7f3a2,11,10
Lunettes de soleil Gucci – Monture dorée & verres marron – Style luxe,420.7,Gucci,0,https://www.vinted.it/items/8276046753-lunettes-de-soleil-gucci-monture-doree-verres-marron-style-luxe?referrer=catalog,3,8276046753,Sold,01/03/2026 09:18:12,,https://images1.vinted.net/t/06_00359_QZEF57JmnFvEPGRRkBSazb5t/310x430/1772227839.webp?s=7c471357f17ae5fc44ffe67ca00a1c9e4e982e8d,11,10
Kit trucco Chanel e Gucci,42.7,Chanel,0,https://www.vinted.it/items/8274830856-kit-trucco-chanel-e-gucci?referrer=catalog,0,8274830856,Sold,01/03/2026 09:18:12,,https://images1.vinted.net/t/05_01e8a_WWy5c6rzrsmKvppLcRyrkNm9/310x430/1772216307.webp?s=c0f194aaff267abf23e3e472c8fa6bba3191b870,11,10
Etuit lunette Gucci neuf,21.7,Gucci,0,https://www.vinted.it/items/8276567727-etuit-lunette-gucci-neuf?referrer=catalog,2,8276567727,Sold,01/03/2026 09:18:12,,https://images1.vinted.net/t/06_00799_XqhQdhPqaRSohK4gDcZUqMd7/310x430/1772246435.webp?s=fb1886b73abbdcfd7c7b2ad8c705a4ed71cf033b,11,10
Gucci Ace Sneakers,368.2,Gucci,41,https://www.vinted.it/items/8276447338-gucci-ace-sneakers?referrer=catalog,10,8276447338,Sold,01/03/2026 09:18:12,,https://images1.vinted.net/t/05_01198_WCUuJVCKzJMxRtpFqrY58wSm/310x430/1772235917.webp?s=bb4afa455443e614511d8890a85cfcc9998696b6,11,10
Gucci Re-Web sneaker,494.2,Gucci,40,https://www.vinted.it/items/8276443556-gucci-re-web-sneaker?referrer=catalog,2,8276443556,Sold,01/03/2026 09:18:12,,https://images1.vinted.net/t/06_012b9_E8dkCteaR1rxKDD2LQnJbufp/310x430/1772235760.webp?s=9beb7422993020345f4b0e6a4539ef939ce7327e,11,10
Occhiali Gucci,158.2,Gucci,0,https://www.vinted.it/items/8276436073-occhiali-gucci?referrer=catalog,0,8276436073,Sold,01/03/2026 09:18:12,,https://images1.vinted.net/t/06_026db_SnnrD7wPnTiAwGNDDLxnqjCN/310x430/1772235463.webp?s=633aab68e34a3aac5e8f4f889bc4213ae3d19f74,11,10
Originale Gucci Sandalen Gr.39,262.15,Gucci,39.5,https://www.vinted.it/items/8276432982-originale-gucci-sandalen-gr395-neon-grun-nagel-neu?referrer=catalog,1,8276432982,Sold,01/03/2026 09:18:12,,https://images1.vinted.net/t/05_01177_X8wi6HNDdoH4KM5o3iTjbHeu/310x430/1772235347.webp?s=a93fdd3b65df2e8262e2e851788a7bde0892021d,11,10
Espadrillas Gucci n.38 in pelle,294.7,Gucci,38,https://www.vinted.it/items/8276428973-espadrillas-gucci-n38-in-pelle?referrer=catalog,1,8276428973,Sold,01/03/2026 09:18:12,,https://images1.vinted.net/t/06_01aff_2oXhjb2ysEF47sjU68aZ2nhN/310x430/1772235203.webp?s=422be710e39a0b9c3429ad518210f576699a7942,11,10
Sac the North face gucci,16.45,The North Face x Gucci,0,https://www.vinted.it/items/8273774322-sac-the-north-face-gucci?referrer=catalog,4,8273774322,Sold,01/03/2026 09:18:12,,https://images1.vinted.net/t/01_00907_4F6k2oFqnLkrxtv5XySoBbXs/310x430/1772208399.webp?s=384237a9c506b7351bdebb3fef29d588e36d41a3,11,10
Scarpe bambino Gucci,315.7,Gucci,30,https://www.vinted.it/items/8276420244-scarpe-bambino-gucci?referrer=catalog,1,8276420244,Sold,01/03/2026 09:18:12,,https://images1.vinted.net/t/01_02694_FsSU5LnaQct1pk37AV4eD5dn/310x430/1772235041.webp?s=be971451ae0da50dcb4433fee03dadeca2029b7c,11,10
Mocassins Gucci,551.95,Gucci,42,https://www.vinted.it/items/8276412141-mocassins-gucci?referrer=catalog,1,8276412141,Sold,01/03/2026 09:18:12,,https://images1.vinted.net/t/04_016cd_F9GKNwmRC7RfAzgzPMWTzYUa/310x430/1772234642.webp?s=2e2d9b8addde0f7bdbcda3fbbbad935fc4caa0e0,11,10
Gucci sneakers,578.2,Gucci,35,https://www.vinted.it/items/8276407843-gucci-sneakers?referrer=catalog,0,8276407843,Sold,01/03/2026 09:18:12,,https://images1.vinted.net/t/06_01618_C2Vx7ZsFQ7eELRBd4sFk5zTZ/310x430/1772234504.webp?s=97be1549b921bf3e939a99c9e4bb0b5b8ecb690c,11,10
Sacoche Gucci,315.7,Gucci,0,https://www.vinted.it/items/8276407265-sacoche-gucci?referrer=catalog,12,8276407265,Sold,01/03/2026 09:18:12,,https://images1.vinted.net/t/05_02245_u2CDyXamVk7nD2sDsXxXzr1w/310x430/1772234484.webp?s=16ecbb7cfc7036f37a4cd5291ac1249ceb544b09,11,10
Cintura Gucci,242.2,Gucci,85 cm,https://www.vinted.it/items/8276374351-cintura-gucci?referrer=catalog,2,8276374351,Sold,01/03/2026 09:18:12,,https://images1.vinted.net/t/06_0244b_ah67C8V2JxFtZANPgCEVe4bF/310x430/1772233514.webp?s=05ff9752eda92e41bbf5272c692db21f43dbbf07,11,10
Talons,336.7,Gucci,39.5,https://www.vinted.it/items/8276384360-talons?referrer=catalog,3,8276384360,Sold,01/03/2026 09:18:12,,https://images1.vinted.net/t/06_00449_TSJ6dremEFdnUs9Q3Y9wztHq/310x430/1772233787.webp?s=82aac078ce7caa4a30ef0596e9ef6096bf12d0a8,11,10
Casquette Gucci dubai bleu 2025,341.95,Gucci,S,https://www.vinted.it/items/8276383930-casquette-gucci-dubai-bleu-2025?referrer=catalog,2,8276383930,Sold,01/03/2026 09:18:12,,https://images1.vinted.net/t/06_0126e_Xqx1ywTDcC8Um1AQn7QjZ8nF/310x430/1772233774.webp?s=f0aada3313972e4560b656b558a710069e864ccc,11,10
Gucci sneakers dames,399.7,Gucci,36,https://www.vinted.it/items/8276380646-gucci-sneakers-dames?referrer=catalog,0,8276380646,Sold,01/03/2026 09:18:12,,https://images1.vinted.net/t/05_024b6_hMFEpCFiakxsCD1HVVJpMNWe/310x430/1772233686.webp?s=ade401b545be48fc23b948c98dd8e1b60958e89e,11,10
Blush et pinceau GUCCI,52.15,Gucci,0,https://www.vinted.it/items/8276380788-blush-et-pinceau-gucci?referrer=catalog,1,8276380788,Sold,01/03/2026 09:18:12,,https://images1.vinted.net/t/01_011de_YsGkDEgN2969qeNWutGtURMX/310x430/1772233690.webp?s=554cf3176268fb861640b814bd649059ab84a760,11,10
Pantalone Gucci,58.45,Gucci,12 anni / 152 cm,https://www.vinted.it/items/8276370175-pantalone-gucci?referrer=catalog,0,8276370175,Sold,01/03/2026 09:18:12,,https://images1.vinted.net/t/01_01895_ZHrZhfzrBf5wEK8RTRwPHN2B/310x430/1772233404.webp?s=fa6a51fc95230679fb0a04096902d73cd8c81c20,11,10
Gucci,210.7,Gucci,42,https://www.vinted.it/items/8276367821-gucci?referrer=catalog,14,8276367821,Sold,01/03/2026 09:18:12,,https://images1.vinted.net/t/01_0008f_WEuQ5NzcZXYoF5HUzDwFbExy/310x430/1772233341.webp?s=d6c2d0aed96f4105387ae3a3d6033ea43bddb976,11,10
Gucci Nagellack,32.2,Gucci,0,https://www.vinted.it/items/8276356800-gucci-nagellack?referrer=catalog,0,8276356800,Sold,01/03/2026 09:18:12,,https://images1.vinted.net/t/03_02442_kyRHZ4gQn8oWnNPa1CQpfjKV/310x430/1772233060.webp?s=ec00cf10188eac2cbbd29b12f71bc59399962ffa,11,10
Gucci GG Canvas Cap,410.2,Gucci,M,https://www.vinted.it/items/8276354550-gucci-gg-canvas-cap?referrer=catalog,2,8276354550,Sold,01/03/2026 09:18:12,,https://images1.vinted.net/t/05_025d3_EyphAfcBuabwU1yb6ZQPweJm/310x430/1772233003.webp?s=7b051dbd16a8ef921cecdafb126ff70d800aa0c4,11,10
Slingback ballerines Gucci,446.95,Gucci,36,https://www.vinted.it/items/8285736684-slingback-ballerines-gucci?referrer=catalog,0,8285736684,Sold,01/03/2026 10:25:53,,https://images1.vinted.net/t/06_0137d_hE2KU1HokHo85LfdRgSjKmnS/310x430/1772357074.webp?s=4705405e89a2b28f05d6835188a2c0d1122f617d,12,1
Gucci Cap,179.2,Gucci,Taglia unica,https://www.vinted.it/items/8285734731-gucci-cap?referrer=catalog,0,8285734731,Sold,01/03/2026 10:25:53,,https://images1.vinted.net/t/06_01d71_XDxRrERStVKzxXVpLQHN3vfg/310x430/1772357062.webp?s=c859764800cd85219e36f996b26208a2750d4209,12,1
T-shirt,40.6,Gucci,10 anni / 140 cm,https://www.vinted.it/items/8285719068-t-shirt?referrer=catalog,0,8285719068,Sold,01/03/2026 10:25:53,,https://images1.vinted.net/t/01_0088c_eNNsBCAiHEuNPvwWNzrtaghC/310x430/1772356960.webp?s=c728e7492c8564022e6e449543612a6af5473923,12,1
Slingback escarpins Gucci,473.2,Gucci,42,https://www.vinted.it/items/8285715751-slingback-escarpins-gucci?referrer=catalog,0,8285715751,Sold,01/03/2026 10:25:53,,https://images1.vinted.net/t/04_00231_25vJib7RFkgFVwRzAQxPYaBh/310x430/1772356939.webp?s=add4138561958ed74ab4b4c2cc2df7e7824d9e05,12,1
Porte-cartes Gucci GG Supreme,100.45,Gucci,0,https://www.vinted.it/items/8256401774-porte-cartes-gucci-gg-supreme?referrer=catalog,1,8256401774,Sold,01/03/2026 10:25:53,,https://images1.vinted.net/t/06_00a43_tgQXE35vGv4MJ4xzgmNib3Nf/310x430/1772010968.webp?s=378859af741b7ca74d250e8ceced2553c96ac561,12,1
Gucci jumper,37.45,Gucci,8 anni / 128 cm,https://www.vinted.it/items/8285689888-gucci-jumper?referrer=catalog,0,8285689888,Sold,01/03/2026 10:25:53,,https://images1.vinted.net/t/05_02392_rKRi4arsPBrZfmmVLodEpt4S/310x430/1772356769.webp?s=2abeffe8c968b06f57ff34a3ec503819a811644f,12,1
Gucci Flora gorgeous gardenia,16.45,Gucci,0,https://www.vinted.it/items/8285666670-gucci-flora-gorgeous-gardenia?referrer=catalog,2,8285666670,Sold,01/03/2026 10:25:53,,https://images1.vinted.net/t/05_01af8_dbVmvrmPkwsA8wTccZWQpsdj/310x430/1772356614.webp?s=32ce941e36d4c6e1ff0a2143e419b32fe220ef6f,12,1
Miniature Gucci,16.45,Gucci,0,https://www.vinted.it/items/8285645497-miniature-gucci?referrer=catalog,0,8285645497,Sold,01/03/2026 10:25:53,,https://images1.vinted.net/t/06_0233c_ySUxN1Dqo9NkW5nVJxp4Gz2Q/310x430/1772356470.webp?s=3f3c75359be4a5c2f13c713ff9996478c04260a3,12,1
Cinta Gucci,420.7,Gucci,75 cm,https://www.vinted.it/items/8285635250-cinta-gucci?referrer=catalog,0,8285635250,Sold,01/03/2026 10:25:53,,https://images1.vinted.net/t/03_020db_m2tmKnpH3wS1zBYGMzsoDmQ5/310x430/1772356400.webp?s=0f5a5a54e9b14a6756667f26db38d3a31db65e0e,12,1
Rouge Gucci À Lèvres VOILE 500,31.15,Gucci,0,https://www.vinted.it/items/8285621005-rouge-gucci-a-levres-voile-500?referrer=catalog,0,8285621005,Sold,01/03/2026 10:25:53,,https://images1.vinted.net/t/06_00180_tdjKXQCE3xNp5tzmBDAUtEy7/310x430/1772356304.webp?s=ac0f898406f302baeedfaa92e2cccf3a502d6335,12,1
Gucci Sandale,314.65,Gucci,45,https://www.vinted.it/items/8285614089-gucci-sandale?referrer=catalog,0,8285614089,Sold,01/03/2026 10:25:53,,https://images1.vinted.net/t/01_00fee_EuMS2fQJdvmFxMj33zgc2Bxx/310x430/1772356256.webp?s=67f7dc8ca63c7b15f7cf3f073df29912dba720f3,12,1
Sciarpa Gucci full set,268.45,Gucci,0,https://www.vinted.it/items/8285609607-sciarpa-gucci-full-set?referrer=catalog,1,8285609607,Sold,01/03/2026 10:25:53,,https://images1.vinted.net/t/04_01b3c_xDu7Bh6fsHG7NXGFMwqpz7LG/310x430/1772356225.webp?s=983cda9226b0a8bb67551a14a6a160a7caebc9e3,12,1
Casquettes Gucci,231.7,Gucci,M,https://www.vinted.it/items/8285608864-casquettes-gucci?referrer=catalog,0,8285608864,Sold,01/03/2026 10:25:53,,https://images1.vinted.net/t/05_01ef9_RVaL1gVUNazyzF2BcYzJXFy1/310x430/1772356219.webp?s=c92a042916b117c2ed22db686b8c279f7bf923f5,12,1
Gucci Tg 38.5,368.2,Gucci,38.5,https://www.vinted.it/items/8285601463-gucci-tg-385?referrer=catalog,1,8285601463,Sold,01/03/2026 10:25:53,,https://images1.vinted.net/t/04_010da_i5fU5EeTtcAfdR9Ax9s3VKfb/310x430/1772356168.webp?s=a493e687604252bac309ed5bd496d1e5462e2c06,12,1
Piumino,578.2,Gucci,12 anni / 152 cm,https://www.vinted.it/items/8285593031-piumino?referrer=catalog,1,8285593031,Sold,01/03/2026 10:25:53,,https://images1.vinted.net/t/01_0109b_sFV3xJfEpM83tpjFknvbBgeC/310x430/1772356108.webp?s=d1d943ae12a72cee1c45ef9c88eae3d904fdf1bd,12,1
GUCCI Original Herren Stiefel GG Supreme Größe 45 Neu & Originalverpackt,998.2,Gucci,45,https://www.vinted.it/items/8285585377-gucci-original-herren-stiefel-gg-supreme-grosse-45-neu-originalverpackt?referrer=catalog,0,8285585377,Sold,01/03/2026 10:25:53,,https://images1.vinted.net/t/06_009a2_9BaQ2QMtW3d4WTCJiXdffHij/310x430/1772356052.webp?s=ff165f0e3bef3b64c70afd66ab3569bc88b246f1,12,1
Gucci Ring,200.2,Gucci,19,https://www.vinted.it/items/8285571739-gucci-ring?referrer=catalog,0,8285571739,Sold,01/03/2026 10:25:53,,https://images1.vinted.net/t/06_01948_mQMpjpRerukAG7h7su39Eayc/310x430/1772355953.webp?s=bf608fd045d32e13181d3e9d3ed5d5bad3a2c51e,12,1
Gucci Guilty parfum,19.08,Gucci,0,https://www.vinted.it/items/8236215632-gucci-guilty-parfum?referrer=catalog,0,8236215632,Sold,01/03/2026 10:25:53,,https://images1.vinted.net/t/06_014c7_QXYrYfDBNd5sZoREzDXV2MEm/310x430/1771773049.webp?s=e9f64417f9f49db5d35e389de65978ff346d4001,12,1
Gucci flora gardenia,26.95,Gucci,0,https://www.vinted.it/items/8285564294-gucci-flora-gardenia?referrer=catalog,2,8285564294,Sold,01/03/2026 10:25:53,,https://images1.vinted.net/t/06_01c09_7nY7G9bDa4qRuhURrytTmetB/310x430/1772355901.webp?s=a90b14839c8de7d273beae5fdd91db6b51c80b3b,12,1
Gucci stivaletto Tg 38,205.45,Gucci,38,https://www.vinted.it/items/8285558398-gucci-stivaletto-tg-38?referrer=catalog,0,8285558398,Sold,01/03/2026 10:25:53,,https://images1.vinted.net/t/06_005dc_t78qGm9sqBfMBGBK4mBb6ZaM/310x430/1772355857.webp?s=c62774fa08b5a7a3f7bf8c0c047152eeaa3fd9af,12,1
Gucci guilty pour homme eau de toilette 90ml,40.6,Gucci,0,https://www.vinted.it/items/8285547503-gucci-guilty-pour-homme-eau-de-toilette-90ml?referrer=catalog,0,8285547503,Sold,01/03/2026 10:25:53,,https://images1.vinted.net/t/01_0258e_vgrwDw8DKtC8iUbH24fUw4Er/310x430/1772355777.webp?s=9e6c673a4e12e973e1bc616f6c7a64a7323913f6,12,1
Gucci flora gardenia,26.95,Gucci,0,https://www.vinted.it/items/8285528104-gucci-flora-gardenia?referrer=catalog,2,8285528104,Sold,01/03/2026 10:25:53,,https://images1.vinted.net/t/04_00332_XjwvGV82ATneD7PjfDH4JTvB/310x430/1772355633.webp?s=0ce899a7845a3181d4c2aa351318b7d39f8be557,12,1
Calzini Gucci,126.7,Gucci,M | 39-42,https://www.vinted.it/items/8256271167-calzini-gucci?referrer=catalog,0,8256271167,Sold,01/03/2026 10:25:53,,https://images1.vinted.net/t/05_00e36_xbcMgm9hxNzWyS1xvjBWfpCS/310x430/1772009665.webp?s=3e10e872dc48a0b966230d42f7980ff92c17fa84,12,1
Pantaloncini jeans Gucci corti TG S,116.2,Gucci,S / IT 40 / EU 36,https://www.vinted.it/items/8285522233-pantaloncini-jeans-gucci-corti-tg-s?referrer=catalog,1,8285522233,Sold,01/03/2026 10:25:53,,https://images1.vinted.net/t/06_01ced_zLhBqjU5q7wDdjBtV1mcKjTD/310x430/1772355590.webp?s=a548d73bc9f53902d28ec72c7518a3d301a579e7,12,1
Gucci Gürtel braun Damen Original Leder,126.7,Gucci,Regolabile,https://www.vinted.it/items/8280674546-gucci-gurtel-braun-damen-original-leder?referrer=catalog,0,8280674546,Sold,01/03/2026 10:25:53,,https://images1.vinted.net/t/05_01f1b_aABB9vK7p4XQqxChTG6Mw8BW/310x430/1772289375.webp?s=c4fca15d84b118cab89a3f1cca73b76069e1d9ba,12,1
Gucci Bloom eau de parfum 100ml,40.6,Gucci,0,https://www.vinted.it/items/8285509923-gucci-bloom-eau-de-parfum-100ml?referrer=catalog,1,8285509923,Sold,01/03/2026 10:25:53,,https://images1.vinted.net/t/05_019b6_2KoJyGURiqg3MrMKnLad57GP/310x430/1772355496.webp?s=7281469578a59ac34415aea48702c65a2f002b3b,12,1
Sciarpa Gucci nuova,95.1,Gucci,0,https://www.vinted.it/items/8285455187-sciarpa-gucci-nuova?referrer=catalog,0,8285455187,Sold,01/03/2026 10:25:53,,https://images1.vinted.net/t/06_01a05_AK89gApFoNntCDZLtLVhCrAF/310x430/1772355067.webp?s=0a30cde9aa8ec6887d0bb9f70a8d425d7c278040,12,1
Foulard Gucci Vintage,184.45,Gucci,0,https://www.vinted.it/items/8285489198-foulard-gucci-vintage?referrer=catalog,0,8285489198,Sold,01/03/2026 10:25:53,,https://images1.vinted.net/t/06_00f54_tEP5sBEyEMNnFmS5iWTxooQy/310x430/1772355336.webp?s=6b9744ae007bbb5b56bb5b4b3dfc8e7591300b62,12,1
"Lunettes de soleil Gucci
GG1422S 003 Ecaille Fonce Br",53.2,Gucci,0,https://www.vinted.it/items/8285435255-lunettes-de-soleil-gucci-gg1422s-003-ecaille-fonce-br?referrer=catalog,9,8285435255,Sold,01/03/2026 10:25:53,,https://images1.vinted.net/t/04_00be4_15yYpveegxVYx7xATwvdcTcU/310x430/1772354904.webp?s=e5b18d63bb81e59a03616bd16dbc77bb62db27e3,12,1
Scarpe Gucci bimbo numero 21 nuove,63.7,Gucci,21,https://www.vinted.it/items/8285479695-scarpe-gucci-bimbo-numero-21-nuove?referrer=catalog,1,8285479695,Sold,01/03/2026 10:25:53,,https://images1.vinted.net/t/06_003b2_do7drEibFvwHpLtUzSTfPa2b/310x430/1772355261.webp?s=ab5200055bc246a6a310f5e625ae3758edc8e2e8,12,1
Cintura Gucci,263.2,Gucci,90 cm,https://www.vinted.it/items/8269153740-cintura-gucci?referrer=catalog,0,8269153740,Sold,01/03/2026 10:25:53,,https://images1.vinted.net/t/05_00ad9_xBacPeUMGPvA97PWKxFf68SG/310x430/1772141699.webp?s=9bec71e87655a239ae22bfc538a177225fdb2dfa,12,1
Parfum gucci flora,47.95,Gucci,0,https://www.vinted.it/items/8285462630-parfum-gucci-flora?referrer=catalog,2,8285462630,Sold,01/03/2026 10:25:53,,https://images1.vinted.net/t/05_01e44_ko9bV1nfX5P5Z9RR8xuq9LU1/310x430/1772355126.webp?s=7e390dbb05e36e4502e9a61787b6c70d7c681ca8,12,1
Boucles d'oreilles Gucci,95.2,Gucci,0,https://www.vinted.it/items/8285460327-boucles-doreilles-gucci?referrer=catalog,0,8285460327,Sold,01/03/2026 10:25:53,,https://images1.vinted.net/t/05_02320_zX4sfNZEhfsBhhJdXv3iBzhn/310x430/1772355107.webp?s=5a45c61f2d1ee31c799fed3f9fed8df1a85acffb,12,1
Clutch Gucci vintage,893.2,Gucci,0,https://www.vinted.it/items/8285452372-clutch-gucci-vintage?referrer=catalog,0,8285452372,Sold,01/03/2026 10:25:53,,https://images1.vinted.net/t/06_00091_ZrYJx8SLzxPf3n1K13PFHA5a/310x430/1772355044.webp?s=f4d903b1dfd6d112bea94f2cba4cef4160b5234f,12,1
Lunettes de soleil Gucci,210.7,Gucci,0,https://www.vinted.it/items/8280562975-lunettes-de-soleil-gucci?referrer=catalog,0,8280562975,Sold,01/03/2026 10:25:53,,https://images1.vinted.net/t/05_008da_aMPGP5dgDpNXF9izpggNnPVZ/310x430/1772288781.webp?s=f0026ccb5a6ac3cd23d115793b0c095bf33b35d1,12,1
Perfume Gucci Guilty Elixir de Parfum pour Homme,53.2,Gucci,0,https://www.vinted.it/items/8285433875-perfume-gucci-guilty-elixir-de-parfum-pour-homme?referrer=catalog,1,8285433875,Sold,01/03/2026 10:25:53,,https://images1.vinted.net/t/04_008ed_VkrrtbXudy5QMhbQPLp5jqir/310x430/1772354892.webp?s=6907d4d3721c787f721063b60a4c43f3f2e15077,12,1
Borsetta modello dionysus gucci,210.7,Footkorner,0,https://www.vinted.it/items/8256205409-borsetta-modello-dionysus-gucci?referrer=catalog,0,8256205409,Sold,01/03/2026 10:25:53,,https://images1.vinted.net/t/06_008ef_xtPR4JHh92Sh7FbmDfN2yJqw/310x430/1772008954.webp?s=9cd677d10a22b342c60000869680c41fe78bc7bf,12,1
Sandali Gucci con Plateau n.36,331.45,Gucci,36,https://www.vinted.it/items/8285425159-sandali-gucci-con-plateau-n36?referrer=catalog,5,8285425159,Sold,01/03/2026 10:25:53,,https://images1.vinted.net/t/04_0095b_BmUsfqEFSStuH3YHiMFgZy1x/310x430/1772354820.webp?s=e17778916f8f65e3bcbb7e974577a31d591d6d98,12,1
Gucci,7.0,Gucci,0,https://www.vinted.it/items/8285417955-gucci?referrer=catalog,0,8285417955,Sold,01/03/2026 10:25:53,,https://images1.vinted.net/t/06_00211_Hb67XmknaKXzMH1udKPWqncv/310x430/1772354760.webp?s=16e0e556272b67e99612dc952f9bcdaf3cefd4a8,12,1
Baskets Screener Gucci,462.7,Gucci,38,https://www.vinted.it/items/8285407336-baskets-screener-gucci?referrer=catalog,2,8285407336,Sold,01/03/2026 10:25:53,,https://images1.vinted.net/t/05_023dc_y26MjXNMXQGkxkkYvbAoEgGp/310x430/1772354670.webp?s=2aaa805451daf49631876ea21386f7556226d101,12,1
GG Supreme Monogram Mini Horsebit 1955 Crossbody,473.2,Gucci,0,https://www.vinted.it/items/8280391127-gg-supreme-monogram-mini-horsebit-1955-crossbody?referrer=catalog,3,8280391127,Sold,01/03/2026 10:25:53,,https://images1.vinted.net/t/03_024b1_oLCaENHCyz8XJ5Yq78vdZZVN/310x430/1772287864.webp?s=04def6cf4cb48fa77a70ea8f6f3ecff763286b64,12,1
Vendo Stola Gucci,294.7,Gucci,0,https://www.vinted.it/items/8285390519-vendo-stola-gucci?referrer=catalog,1,8285390519,Sold,01/03/2026 10:25:53,,https://images1.vinted.net/t/05_02210_YqZF7rGgiyxTJnLvirRsKc3N/310x430/1772354525.webp?s=1ce90256f0adeac54f62bf881069f67371b94aa6,12,1
Cravatta Gucci Tie Caddea,100.45,Gucci,0,https://www.vinted.it/items/8285370239-cravatta-gucci-tie-caddea?referrer=catalog,1,8285370239,Sold,01/03/2026 10:25:53,,https://images1.vinted.net/t/06_0187d_GHaQ8GZjzWdhCN597RtfSK1q/310x430/1772354348.webp?s=b85f229b7ee68a8bd76811ab60dd04b7fb9dda58,12,1
Gucci Bloom Eau De Parfum,63.7,Gucci,0,https://www.vinted.it/items/8285365656-gucci-bloom-eau-de-parfum?referrer=catalog,0,8285365656,Sold,01/03/2026 10:25:53,,https://images1.vinted.net/t/05_0163c_xNcThfywdDz7rzh55FyqyU1g/310x430/1772354308.webp?s=fbe5d0c5649db208a3ad8465eade0974ed675ee3,12,1
Poudre Gucci,37.45,Gucci,0,https://www.vinted.it/items/8285352779-poudre-gucci-de-beaute-mat-naturel-05?referrer=catalog,1,8285352779,Sold,01/03/2026 10:25:53,,https://images1.vinted.net/t/05_004b4_DKyFpJ6szSBTexUvxWsRtoQB/310x430/1772354190.webp?s=f649b5df5b22dabe5a80c89d8885be6b90271322,12,1
Cravatta Gucci Tie mista,100.45,Gucci,0,https://www.vinted.it/items/8285353238-cravatta-gucci-tie-mista?referrer=catalog,4,8285353238,Sold,01/03/2026 10:25:53,,https://images1.vinted.net/t/06_00436_kx7gNv59aDPcZWJxzsChepns/310x430/1772354194.webp?s=d6aed70dac90c693576b71c8d726540d8c5ce36a,12,1
Gucci Bomberjacke,131.95,Gucci,M,https://www.vinted.it/items/8285304792-gucci-bomberjacke?referrer=catalog,0,8285304792,Sold,01/03/2026 10:25:53,,https://images1.vinted.net/t/01_013b2_54KmCUd2cZsnUqk97LL1A5Lw/310x430/1772353734.webp?s=b937c5f6ac9aebf7a81e8cc8191af89eadf52c6c,12,1
Cravatta Gucci Tie Stellini,105.7,Gucci,0,https://www.vinted.it/items/8285343576-cravatta-gucci-tie-stellini?referrer=catalog,0,8285343576,Sold,01/03/2026 10:25:53,,https://images1.vinted.net/t/05_0021e_T9R1XB2PsuTjUvcJkzYHuzQx/310x430/1772354104.webp?s=bc3a9acabea6cb24bdd3f0867894495eb8c28982,12,1
Cravatta Gucci Tie Regghin,105.7,Gucci,0,https://www.vinted.it/items/8285331434-cravatta-gucci-tie-regghin?referrer=catalog,0,8285331434,Sold,01/03/2026 10:25:53,,https://images1.vinted.net/t/06_00f36_NVY8CFoCqxdNCicmZ8n5EiJy/310x430/1772353990.webp?s=9fb082fdb6e657475e38bb8e871b47e4ef6ef094,12,1
Gucci bloom ambrosia di flori,123.55,Gucci,0,https://www.vinted.it/items/8285330884-gucci-bloom-ambrosia-di-flori?referrer=catalog,0,8285330884,Sold,01/03/2026 10:25:53,,https://images1.vinted.net/t/05_00f7b_xC5zhrNHMmYmdgJGM7SJ6zHr/310x430/1772353984.webp?s=ca5f538524989ee41d15c0ee5601e3584c54c019,12,1
Trousse de maquillage Gucci,21.7,Gucci,0,https://www.vinted.it/items/8285326865-trousse-de-maquillage-gucci?referrer=catalog,0,8285326865,Sold,01/03/2026 10:25:53,,https://images1.vinted.net/t/05_020a3_GhUq5scy3vwDjNLbr6rK7qa1/310x430/1772353948.webp?s=3003090c8317869307bf4b7271aff9d0ac7b0649,12,1
Gucci Flora,42.7,Gucci,0,https://www.vinted.it/items/8285314777-gucci-flora?referrer=catalog,0,8285314777,Sold,01/03/2026 10:25:53,,https://images1.vinted.net/t/01_00825_CMMjXddWqJtA9YfzkWvuunKy/310x430/1772353832.webp?s=aec082bfd2f941667d80d32afd9886f8d643fa0f,12,1
Occhiali Gucci,158.2,Gucci,0,https://www.vinted.it/items/8285311264-occhiali-gucci?referrer=catalog,0,8285311264,Sold,01/03/2026 10:25:53,,https://images1.vinted.net/t/06_00f2c_M14dqvZUCrnT1t9ebuFcodym/310x430/1772353797.webp?s=2d9712106352386432ef8c805d53ffe98743d0f8,12,1
Rouge à lèvres Gucci,32.2,Gucci,0,https://www.vinted.it/items/8285292450-rouge-a-levres-gucci?referrer=catalog,0,8285292450,Sold,01/03/2026 10:25:53,,https://images1.vinted.net/t/06_0079d_hHuQvntfKbLSXAdQvPBmwokX/310x430/1772353614.webp?s=8a0c95f18c140ec23b4de040e0fb764b850fe4e8,12,1
T-shirt Gucci 3-6 mesi,18.55,Gucci,3-6 mesi / 62 cm,https://www.vinted.it/items/8285290843-t-shirt-gucci-3-6-mesi?referrer=catalog,2,8285290843,Sold,01/03/2026 10:25:53,,https://images1.vinted.net/t/05_01f48_So7DPVPTb5Fj12ETreTBnkYs/310x430/1772353597.webp?s=ba37435fba95bb51a814896eac8a42f54832d273,12,1
Gucci box,5.95,Gucci,0,https://www.vinted.it/items/8285290130-gucci-box?referrer=catalog,1,8285290130,Sold,01/03/2026 10:25:53,,https://images1.vinted.net/t/04_00295_uX7UoaX4jVWHiz7nmv9zc5B2/310x430/1772353590.webp?s=722fc49992e835c12b3269d5cdba3ec6be454bae,12,1
Cintura Gucci nuova reversibile,200.2,Gucci,75 cm,https://www.vinted.it/items/8285281916-cintura-gucci-nuova-reversibile?referrer=catalog,2,8285281916,Sold,01/03/2026 10:25:53,,https://images1.vinted.net/t/06_01e8f_gJF6zE6c9zcJnx3e6KKkNF5n/310x430/1772353508.webp?s=540ad62f045c583d4db646ea0a2d9f5851a93d0c,12,1
Gucci Haarreif neu,263.2,Gucci,0,https://www.vinted.it/items/8285277815-gucci-haarreif-neu?referrer=catalog,0,8285277815,Sold,01/03/2026 10:25:53,,https://images1.vinted.net/t/06_00a81_haUpnCKtjvS4K575zTqcvm9i/310x430/1772353465.webp?s=d75295495f0a9ba561dbee1dbdc4ce32e06d3197,12,1
Gucci Hosenanzug Blazer IT42 Hose IT38 Anzug gr DE38-DE36 Neu,2.2687,Gucci,S / IT 40 / EU 36,https://www.vinted.it/items/8285274552-gucci-hosenanzug-blazer-it42-hose-it38-anzug-gr-de38-de36-neu?referrer=catalog,0,8285274552,Sold,01/03/2026 10:25:53,,https://images1.vinted.net/t/01_01b6c_7FQuTTgruw3HArRuAdw1uia5/310x430/1772353431.webp?s=f83a5b386ad056cdd88c0e36051e5beee64f9b51,12,1
Gucci Horsebit sandals new,368.2,Gucci,39,https://www.vinted.it/items/8285272510-gucci-horsebit-sandals-new?referrer=catalog,3,8285272510,Sold,01/03/2026 10:25:53,,https://images1.vinted.net/t/03_024be_RQsG7UWTE5q1c78rv8y4pQY2/310x430/1772353410.webp?s=0d9263c985748776f53384662e31470fdea12e69,12,1
Portefeuille long Gucci,315.7,Gucci,0,https://www.vinted.it/items/8285270077-portefeuille-long-gucci?referrer=catalog,0,8285270077,Sold,01/03/2026 10:25:53,,https://images1.vinted.net/t/05_011e7_AYL6t4mx7k3xisnVAgYRFmG6/310x430/1772353385.webp?s=fed4f3e45528a1881a85603e27372be1f898c94d,12,1
Gucci Anzug Blazer & Hose Monogramm GG grün IT 38 DE gr 36 Neu,2.2687,Gucci,S / IT 40 / EU 36,https://www.vinted.it/items/8285260210-gucci-anzug-blazer-hose-monogramm-gg-grun-it-38-de-gr-36-neu?referrer=catalog,0,8285260210,Sold,01/03/2026 10:25:53,,https://images1.vinted.net/t/05_004e7_H9bBSkthtKR4WSHutfP7FfhX/310x430/1772353283.webp?s=fbf82fb67d6cdcce66b3b22dfaf1497727068edd,12,1
Gucci Flora gorgeous magnolia EAU de parfum 10 ml,17.5,Gucci,0,https://www.vinted.it/items/8285261040-gucci-flora-gorgeous-magnolia-eau-de-parfum-10-ml?referrer=catalog,1,8285261040,Sold,01/03/2026 10:25:53,,https://images1.vinted.net/t/01_00a49_qvbYgMvQQGWaU6s8DNWPydvF/310x430/1772353292.webp?s=e0cfcb6de19fbe1cec7f84a3f3a8ae8c2b6282e3,12,1
Cintura Gucci nuova logo bianco,179.2,Gucci,75 cm,https://www.vinted.it/items/8285255868-cintura-gucci-nuova-logo-bianco?referrer=catalog,10,8285255868,Sold,01/03/2026 10:25:53,,https://images1.vinted.net/t/04_0200c_myyfUVUsxtNWxjznFbjN7t88/310x430/1772353238.webp?s=52a60349fda567ab769befb2c26773eac8174a32,12,1
Gucci originale Horsebit 1955 mini borsa spalla donna pelle oro,814.45,Gucci,0,https://www.vinted.it/items/8256082888-gucci-originale-horsebit-1955-mini-borsa-spalla-donna-pelle-oro?referrer=catalog,12,8256082888,Sold,01/03/2026 10:25:53,,https://images1.vinted.net/t/06_0001c_UZTqwTLtQug2XJDmQkhXhLYa/310x430/1772007502.webp?s=f034356fd905f34fb2ebfc10183904c73e439683,12,1
Sneaker Gucci children,194.95,Gucci,22,https://www.vinted.it/items/8285247876-sneaker-gucci-children?referrer=catalog,1,8285247876,Sold,01/03/2026 10:25:53,,https://images1.vinted.net/t/01_004d1_HN1gxRNY4iLK5Cu6LVMWqXM1/310x430/1772353153.webp?s=ee1c54201df62ba7442a1e9f5a3324dc5ee5e380,12,1
Gucci Marmont,1.8802,Gucci,0,https://www.vinted.it/items/8285237688-gucci-marmont?referrer=catalog,1,8285237688,Sold,01/03/2026 10:25:53,,https://images1.vinted.net/t/05_01eab_pTiN7G8qm7WHy9uYzmAs6MsB/310x430/1772353043.webp?s=ba3773f4bbf48b61535918ad0eaf094ff738ef4b,12,1
Pochette Gucci,26.95,Gucci,0,https://www.vinted.it/items/8285222327-pochette-gucci?referrer=catalog,0,8285222327,Sold,01/03/2026 10:25:53,,https://images1.vinted.net/t/06_01312_QcFnBfTbxei5F6aVggiuaCyi/310x430/1772352875.webp?s=25aed7b8dee7acf38ff96d0b0f8ba644673c0ed1,12,1
Sciarpa Gucci nuova,105.6,Gucci,0,https://www.vinted.it/items/8285217467-sciarpa-gucci-nuova?referrer=catalog,4,8285217467,Sold,01/03/2026 10:25:53,,https://images1.vinted.net/t/06_00496_eDb7JvzR2fABernTkNWb95Gy/310x430/1772352820.webp?s=90a2f24f43183dc3a5a9e4b8fe07d68b389367f5,12,1
Gucci vista vintage,61.6,Gucci,0,https://www.vinted.it/items/8282920863-gucci-vista-vintage?referrer=catalog,2,8282920863,Sold,01/03/2026 10:26:18,,https://images1.vinted.net/t/05_02682_cr3P89KDjpjZEiN6UxwcVNy3/310x430/1772302086.webp?s=aea39e35d0f49d08af5e57dd24fb2958d5c5bfec,12,2
Chaussures Gucci homme taille 39,284.2,Gucci,39,https://www.vinted.it/items/8279934799-chaussures-gucci-homme-taille-39?referrer=catalog,0,8279934799,Sold,01/03/2026 10:28:24,,https://images1.vinted.net/t/06_00226_RDfta9ue9FngMdviuYkYDL3u/310x430/1772285401.webp?s=f7f7240863467765a34a175b7b51bffe6041c5a4,12,7
Coffret de parfum Gucci Flora Gorgeous Jasmine neuf,95.2,Gucci,0,https://www.vinted.it/items/8279204553-coffret-de-parfum-gucci-flora-gorgeous-jasmine-neuf?referrer=catalog,2,8279204553,Sold,01/03/2026 10:28:24,,https://images1.vinted.net/t/01_008aa_524znfw2EVGcjbiD9TznPLVm/310x430/1772281295.webp?s=ae96a8ff527119279dd95bb753b3cce5696c34af,12,7
Gucci flora gardenia,26.95,Gucci,0,https://www.vinted.it/items/8279830468-gucci-flora-gardenia?referrer=catalog,0,8279830468,Sold,01/03/2026 10:28:24,,https://images1.vinted.net/t/05_02363_9xEn98xWubNabSVa7Z9FF6p6/310x430/1772284830.webp?s=63d7ad57a8fa39887ed5d97a1059a4d80ac36339,12,7
Gucci GG Marmont Vanity,651.7,Gucci,0,https://www.vinted.it/items/8279887341-gucci-gg-marmont-vanity?referrer=catalog,0,8279887341,Sold,01/03/2026 10:28:24,,https://images1.vinted.net/t/05_019ec_ss7TbB88QmfXhL5P1gosGPzC/310x430/1772285142.webp?s=3b7e7efa78360507e26d15bb531ec16d7d668e9e,12,7
Veste Gucci noire,368.2,Gucci,M,https://www.vinted.it/items/8279877569-veste-gucci-noire?referrer=catalog,9,8279877569,Sold,01/03/2026 10:28:24,,https://images1.vinted.net/t/01_00834_xQyR2iEorQ9B9zG4WBddDwSS/310x430/1772285088.webp?s=749b090c0896661f05f5a808c0e9c938a2653295,12,7
Petit sac banane Gucci,840.7,Gucci,0,https://www.vinted.it/items/8279870033-petit-sac-banane-gucci?referrer=catalog,0,8279870033,Sold,01/03/2026 10:28:24,,https://images1.vinted.net/t/06_01aa8_Zqv5ujjQDhrgC65yFVqmQ255/310x430/1772285047.webp?s=e8f42449b67c1a3c43a9ba04392ccbc56167aa34,12,7
Gucci x Adidas Wool Zip Jacket,1.2082,Gucci,M,https://www.vinted.it/items/8279855098-gucci-x-adidas-wool-zip-jacket?referrer=catalog,3,8279855098,Sold,01/03/2026 10:28:24,,https://images1.vinted.net/t/06_026b5_mUJRs7MyfVwG7vehZSkDCsno/310x430/1772284965.webp?s=4e15ff23f1e913e37bfd3672fe05f5bd4f8616ca,12,7
Lunettes de soleil Gucci,263.2,Gucci,0,https://www.vinted.it/items/8279853881-lunettes-de-soleil-gucci?referrer=catalog,2,8279853881,Sold,01/03/2026 10:28:24,,https://images1.vinted.net/t/01_00fa4_Uf5xDqVpknPbW3QkzhiJBHWb/310x430/1772284958.webp?s=67381da39a087655d22a43ca7256bf7081136864,12,7
Guilty de Gucci,56.35,Gucci,0,https://www.vinted.it/items/8279847174-guilty-de-gucci?referrer=catalog,0,8279847174,Sold,01/03/2026 10:28:24,,https://images1.vinted.net/t/04_0037a_36os4qGQ1ebueicDsbyD8iJa/310x430/1772284922.webp?s=336759b1e9468bea744bef4efbe666d8c6643290,12,7
Cravatta Gucci kids,126.7,Gucci,0,https://www.vinted.it/items/8279843516-cravatta-gucci-kids?referrer=catalog,5,8279843516,Sold,01/03/2026 10:28:24,,https://images1.vinted.net/t/01_015d9_EYY7seczivY76FRB3eEaQVSy/310x430/1772284901.webp?s=453a812d771653a47de2f4fa7e548b76f2e7d945,12,7
Gucci guilty travel spray pour homme eau de toilette 30ml,37.45,Gucci,0,https://www.vinted.it/items/8279841977-gucci-guilty-travel-spray-pour-homme-eau-de-toilette-30ml?referrer=catalog,0,8279841977,Sold,01/03/2026 10:28:24,,https://images1.vinted.net/t/04_01c2f_szTmrF5Cf2CXH2fdpuAYv2bk/310x430/1772284893.webp?s=4b90a18ccaf3bc066e73227f4f211c472c9f5a04,12,7
Gucci gorgeus orchid 100 ml,42.7,Gucci,0,https://www.vinted.it/items/8279836383-gucci-gorgeus-orchid-100-ml?referrer=catalog,20,8279836383,Sold,01/03/2026 10:28:24,,https://images1.vinted.net/t/05_01fd2_rjYjstFkUf3GVWKDpfKHco6f/310x430/1772284862.webp?s=5ceae5718f2a1b7a105d1b4e8dc7ee2e7181655e,12,7
Gucci Parfüm,29.58,Gucci,0,https://www.vinted.it/items/8279834890-gucci-parfum?referrer=catalog,6,8279834890,Sold,01/03/2026 10:28:24,,https://images1.vinted.net/t/06_00c01_JNfoEknPbXDKKkSW9qvxV4AW/310x430/1772284854.webp?s=677f6e3993ff1cb2577e33e061d29364c04fb373,12,7
Sandales Gucci noires à talons – Taille 37 – Neuves,357.7,Gucci,37,https://www.vinted.it/items/8279825277-sandales-gucci-noires-a-talons-taille-37-neuves?referrer=catalog,3,8279825277,Sold,01/03/2026 10:28:24,,https://images1.vinted.net/t/06_0261b_UoaaoMx1sfBVp2WnvZLAF4or/310x430/1772284801.webp?s=adf7533bf1eaf507f4f71a4f7f7aeb8ec24b66c4,12,7
Calzini Gucci kids,116.2,Gucci,16-18,https://www.vinted.it/items/8279826056-calzini-gucci-kids?referrer=catalog,1,8279826056,Sold,01/03/2026 10:28:24,,https://images1.vinted.net/t/01_00213_QDAfUiQmrC7aUwe68ZA8u76c/310x430/1772284806.webp?s=582372c8e7021d80eb610498fbbd1e8b55cb67e7,12,7
Gucci scarpa uomo allacciata pelle,179.2,Gucci,43,https://www.vinted.it/items/8279797310-gucci-scarpa-uomo-allacciata-pelle?referrer=catalog,1,8279797310,Sold,01/03/2026 10:28:24,,https://images1.vinted.net/t/06_023b3_sfiRgpjSFUotHwqouxYrMzVa/310x430/1772284647.webp?s=e0d0d89424a1c9d62d283dfe48c8c34cae8823bd,12,7
Écharpe Gucci neuve,278.95,Gucci,0,https://www.vinted.it/items/8279779279-echarpe-gucci-neuve?referrer=catalog,1,8279779279,Sold,01/03/2026 10:28:24,,https://images1.vinted.net/t/04_0090f_WmWY1phDp1wFkQR81evP16KB/310x430/1772284548.webp?s=01dcaf02e0c30c6f2d0414a4f4f98714f400d4e0,12,7
Set Gucci Guilty Elixir pour Femme +pochette,84.7,Gucci,0,https://www.vinted.it/items/8279768633-set-gucci-guilty-elixir-pour-femme-pochette?referrer=catalog,1,8279768633,Sold,01/03/2026 10:28:24,,https://images1.vinted.net/t/06_0092b_QiS3dQZW2BaPGnddByQH5rzR/310x430/1772284489.webp?s=0731bb2f830c8c788b2ec59092f428bd9898553a,12,7
Gucci snickers 4+,473.2,Gucci,38,https://www.vinted.it/items/8279769479-gucci-snickers-4?referrer=catalog,0,8279769479,Sold,01/03/2026 10:28:24,,https://images1.vinted.net/t/06_003ec_CaHhwGHUJh2ZnbEVz5Z7WkwK/310x430/1772284494.webp?s=d3a544b90bae93265a86374627a264131e76579b,12,7
Casquette Gucci,326.2,Gucci,M,https://www.vinted.it/items/8279731223-casquette-gucci?referrer=catalog,1,8279731223,Sold,01/03/2026 10:28:24,,https://images1.vinted.net/t/06_00c9e_2fQC548gS2bEbYD4ipyJxdry/310x430/1772284285.webp?s=66bd752dc25fb975a7cdb1b59243088efb82af20,12,7
Lunettes de soleil Gucci carrées oversize rare,158.2,Gucci,0,https://www.vinted.it/items/8279699444-lunettes-de-soleil-gucci-carrees-oversize-rare?referrer=catalog,3,8279699444,Sold,01/03/2026 10:28:24,,https://images1.vinted.net/t/06_01b92_x3TTcQcnVEAwL8pVZT84yjCj/310x430/1772284108.webp?s=a60a6e0af56ffddd9d52ce9f801012ccf175d5cb,12,7
Casquette Gucci,893.2,Gucci,M,https://www.vinted.it/items/8279699351-casquette-gucci?referrer=catalog,11,8279699351,Sold,01/03/2026 10:28:24,,https://images1.vinted.net/t/06_00ad2_csZ9ormpf48xZWD7q5gtKh39/310x430/1772284107.webp?s=261d89cf80814c28bb8cc468e25b91a4ea8f72ce,12,7
Gucci Flora Jasmine,47.95,Gucci,0,https://www.vinted.it/items/8219121496-gucci-flora-jasmine?referrer=catalog,1,8219121496,Sold,01/03/2026 10:28:24,,https://images1.vinted.net/t/06_0117d_qAw5FQ8z3HKmJt9ahFHSi3an/310x430/1771599677.webp?s=e5dde1d8509e9c856e9d3bb9e665ea4873a7be69,12,7
Gucci Sandal Original,525.7,Gucci,37.5,https://www.vinted.it/items/8279670844-gucci-sandal-original?referrer=catalog,0,8279670844,Sold,01/03/2026 10:28:24,,https://images1.vinted.net/t/03_021ed_6Cez7CMsKg7ShrkCjZGSsUi6/310x430/1772283950.webp?s=b520e2c28cc6113713e41ef7c723d94a821c5d6f,12,7
Pochette Gucci,189.7,Gucci,0,https://www.vinted.it/items/8279642510-pochette-gucci?referrer=catalog,8,8279642510,Sold,01/03/2026 10:28:24,,https://images1.vinted.net/t/05_00d88_UYvjDn6pNRKWA6gumPBYzwGK/310x430/1772283792.webp?s=dc182ae4680c0c8c19a4cd0dfe5f2a9f8a20905c,12,7
Sac Gucci dionysus,893.2,Gucci,0,https://www.vinted.it/items/8279639859-sac-gucci-dionysus?referrer=catalog,1,8279639859,Sold,01/03/2026 10:28:24,,https://images1.vinted.net/t/03_021df_X1TjCWk84pvJefjFztNVQ7PM/310x430/1772283777.webp?s=f1aa000cf8000b793d9cd3a6c2c36aa96a6f0977,12,7
casquette gucci,200.2,Gucci,Taglia unica,https://www.vinted.it/items/8041070836-casquette-gucci?referrer=catalog,3,8041070836,Sold,01/03/2026 10:28:24,,https://images1.vinted.net/t/01_0164a_JnCKho6ZhrpMqNNbR72FuZgY/310x430/1769534459.webp?s=390e86d3b3e0e5eae77757f7d1372dad857331a5,12,7
Occhiali da sole Gucci,210.7,Gucci,0,https://www.vinted.it/items/8279622316-occhiali-da-sole-gucci?referrer=catalog,0,8279622316,Sold,01/03/2026 10:28:24,,https://images1.vinted.net/t/06_01290_6e7AhzVHWNhZDFTTGbvsfcrf/310x430/1772283680.webp?s=43fad2a1ced65729c4445e1caaa95586a522b59d,12,7
Portafoglio piccolo Gucci,210.7,Gucci,0,https://www.vinted.it/items/8279611676-portafoglio-piccolo-gucci?referrer=catalog,10,8279611676,Sold,01/03/2026 10:28:24,,https://images1.vinted.net/t/05_023ed_u7XNQ7gAVx2cFiEudJHf4diB/310x430/1772283621.webp?s=59b358db90590dc15857442181a2eda4f48ec3d2,12,7
Rouge à lèvres Liquide Mat sans transfert GUCCI - teinte 521 Nellie Cherry,26.95,Gucci,0,https://www.vinted.it/items/8279610897-rouge-a-levres-liquide-mat-sans-transfert-gucci-teinte-521-nellie-cherry?referrer=catalog,0,8279610897,Sold,01/03/2026 10:28:24,,https://images1.vinted.net/t/05_0008d_iPZUvfKLSCYjwS8knqkgkvS8/310x430/1772283616.webp?s=8d69e5551238838dd6fea484ac2e052a73d2badd,12,7
Pantalone Gucci bellissimo con bottoni logati colore oro,79.45,Gucci,L / IT 44 / EU 40,https://www.vinted.it/items/8279599927-pantalone-gucci-bellissimo-con-bottoni-logati-colore-oro?referrer=catalog,3,8279599927,Sold,01/03/2026 10:28:24,,https://images1.vinted.net/t/05_012d2_Kc1fZWA1M7uB7PbXCVS2c7Py/310x430/1772283556.webp?s=6cf06b6fa848038ae17afa233ad1819d00590106,12,7
Ceinture Gucci 💕💐,473.2,Gucci,Regolabile,https://www.vinted.it/items/8279593809-ceinture-gucci?referrer=catalog,5,8279593809,Sold,01/03/2026 10:28:24,,https://images1.vinted.net/t/05_00dea_3qpz9KHSDj8kt2cTdmy6y6fE/310x430/1772283520.webp?s=3a435bb523cf55cba543322e51df12e256ebc2b6,12,7
Gucci portemonnee,336.7,Gucci,0,https://www.vinted.it/items/8279589994-gucci-portemonnee?referrer=catalog,2,8279589994,Sold,01/03/2026 10:28:24,,https://images1.vinted.net/t/05_00612_cQmwVeunYdqz3othEBykpJkK/310x430/1772283499.webp?s=a798ce2dd5c8fad1a4cb2c35b856f0d5bda6401c,12,7
Gucci Cat Eye - Inclusief originele doos,284.2,Gucci,0,https://www.vinted.it/items/8279552513-gucci-cat-eye-inclusief-originele-doos?referrer=catalog,0,8279552513,Sold,01/03/2026 10:28:24,,https://images1.vinted.net/t/05_0233f_KAWzRjPdCLX4TmHRfouticJu/310x430/1772283289.webp?s=2eb7befa28b0740bef6f4d22aaa6e303c5a946be,12,7
Gucci sneakers,210.7,Gucci,38.5,https://www.vinted.it/items/8279541370-gucci-sneakers?referrer=catalog,2,8279541370,Sold,01/03/2026 10:28:24,,https://images1.vinted.net/t/05_00d3e_3FJ98SgHKPPrfQu2pSjYpyF7/310x430/1772283227.webp?s=1c4f0237b726d3419aae79fee97ddfd0d4f0a3e4,12,7
Gucci Bloom Eau de Parfum 100ml,68.95,Gucci,0,https://www.vinted.it/items/8279535183-gucci-bloom-eau-de-parfum-100ml?referrer=catalog,2,8279535183,Sold,01/03/2026 10:28:24,,https://images1.vinted.net/t/05_02319_QyYX947etXSFXHiBUSEE3VU7/310x430/1772283193.webp?s=bdcf473f31fb321497225a9cba83e7b66697d76e,12,7
Cintura Gucci,294.7,Gucci,95 cm,https://www.vinted.it/items/8279220318-cintura-gucci?referrer=catalog,0,8279220318,Sold,01/03/2026 10:28:24,,https://images1.vinted.net/t/05_009b2_kzYL5KUwxXjxEEtPyrSozErw/310x430/1772281386.webp?s=9bb5d8fc2b54c313b74d2589b02d5fe7354cdce0,12,7
Authentic GUCCI Flora Print – 100% Pure Silk Twill Deadstock,126.7,Gucci,0,https://www.vinted.it/items/8279490302-authentic-gucci-flora-print-100-pure-silk-twill-deadstock?referrer=catalog,2,8279490302,Sold,01/03/2026 10:28:24,,https://images1.vinted.net/t/06_02325_7BR6a3eXERGQvyAog7rrE269/310x430/1772282940.webp?s=9bf9305d2c7347d0529ac6fe5fa8affa3dc58fbf,12,7
Gucci Guilty Coffret,105.7,Gucci,0,https://www.vinted.it/items/8279477960-gucci-guilty-coffret?referrer=catalog,1,8279477960,Sold,01/03/2026 10:28:24,,https://images1.vinted.net/t/05_00ba4_imE9A1QUWYmHpiT6aVfJQspN/310x430/1772282869.webp?s=d79c5e15d66f99c613c4a0cd1c19b0803cd83022,12,7
Sweat Gucci ( pull,525.7,Gucci,M,https://www.vinted.it/items/8279464698-sweat-gucci-pull-sweat-shirt-sweatshirt?referrer=catalog,0,8279464698,Sold,01/03/2026 10:28:24,,https://images1.vinted.net/t/04_00041_xUKUSdEB5KhoRwdvgYiAdHZt/310x430/1772282793.webp?s=782048872ab14af6d645499aca08d5d31f0e9a4e,12,7
Cappello/Hat Gucci originale nuovo taglia M 58 cm,210.7,Gucci,M,https://www.vinted.it/items/8279460529-cappellohat-gucci-originale-nuovo-taglia-m-58-cm?referrer=catalog,1,8279460529,Sold,01/03/2026 10:28:24,,https://images1.vinted.net/t/06_0163b_bKYjCbiD2iPfFxsd1yYGniFR/310x430/1772282770.webp?s=9326340f5305855fd00ac28214fbdb6bebed7e8b,12,7
Blazer uomo Gucci taglia 50,735.7,Gucci,50,https://www.vinted.it/items/8279456992-blazer-uomo-gucci-taglia-50?referrer=catalog,4,8279456992,Sold,01/03/2026 10:28:24,,https://images1.vinted.net/t/06_01ac3_ZhCd9PconFVMPS2kwFzhSyVg/310x430/1772282750.webp?s=52d961f61d0bda98c0313a2d3ea713797a33b5a7,12,7
Casquette Gucci classique noire,299.95,Gucci,XL,https://www.vinted.it/items/8279455638-casquette-gucci-classique-noire?referrer=catalog,6,8279455638,Sold,01/03/2026 10:28:24,,https://images1.vinted.net/t/06_01e3f_QdfHtt6UcaBnq6K2634zfWTb/310x430/1772282742.webp?s=7cc1641267869d1289e5b7e2f6ad0232c64f22cd,12,7
Occhiale Gucci GG1237S Uomo,226.45,Gucci,0,https://www.vinted.it/items/8279450559-occhiale-gucci-gg1237s-uomo?referrer=catalog,0,8279450559,Sold,01/03/2026 10:28:24,,https://images1.vinted.net/t/06_01a34_PoRJsZJAn59Ntd6Zu6onnp1g/310x430/1772282713.webp?s=b1e611c5664eb78e1e56f781cb0657edfd640999,12,7
Blush Gucci glow fresh coral,32.2,Gucci,0,https://www.vinted.it/items/8279449290-blush-gucci-glow-fresh-coral?referrer=catalog,13,8279449290,Sold,01/03/2026 10:28:24,,https://images1.vinted.net/t/06_0219c_KR9VHWx78qikpTdnyFrJyVBk/310x430/1772282706.webp?s=4b5d5f08f899fa635c82074f626e766a62c28541,12,7
Sac Padlock Gucci Rouge,1.2607,Gucci,0,https://www.vinted.it/items/8279444286-sac-padlock-gucci-rouge?referrer=catalog,1,8279444286,Sold,01/03/2026 10:28:24,,https://images1.vinted.net/t/06_0133c_fkpjJr4g9v6P3XGqbRKuKtSV/310x430/1772282678.webp?s=89b84d40a0b9738c046c4d397a29b95e9eaf61f2,12,7
Gucci Sonnenbrille,221.2,Gucci,0,https://www.vinted.it/items/8279424387-gucci-sonnenbrille?referrer=catalog,4,8279424387,Sold,01/03/2026 10:28:24,,https://images1.vinted.net/t/01_00f44_vxGZ11gC19CEnYAfKXe6LJWW/310x430/1772282564.webp?s=f607f545acf57c6119d15f83edb0137bd8a54240,12,7
Twilly Gucci - printed silk ribbon,226.45,Gucci,0,https://www.vinted.it/items/8250702428-twilly-gucci-printed-silk-ribbon?referrer=catalog,4,8250702428,Sold,01/03/2026 10:28:24,,https://images1.vinted.net/t/06_00f6d_mNZNq7CsDZTtSq3dvmGHhfr2/310x430/1771936341.webp?s=bc00dd745f7a3865e65dff8f516b36f81b5a6182,12,7
Mouse Pad / Tappetino Gucci nuovo,63.7,Gucci,0,https://www.vinted.it/items/8279395303-mouse-pad-tappetino-gucci-nuovo?referrer=catalog,0,8279395303,Sold,01/03/2026 10:28:24,,https://images1.vinted.net/t/06_01e0d_Ssr51FgapjR1DW3yajCjntRu/310x430/1772282398.webp?s=4b05e9ea76986a636031a8955a73bdb96e82ea62,12,7
Gucci Sonnenbrille,126.7,Gucci,0,https://www.vinted.it/items/8279395049-gucci-sonnenbrille?referrer=catalog,0,8279395049,Sold,01/03/2026 10:28:24,,https://images1.vinted.net/t/01_01dc6_jpVu9LmNF1VGAHKz4cv6Pn9H/310x430/1772282396.webp?s=0a97e566ce0b7e747c88ba12170c101cd801203f,12,7
Basket Gucci,315.7,Gucci,45,https://www.vinted.it/items/8279375192-basket-gucci?referrer=catalog,2,8279375192,Sold,01/03/2026 10:28:24,,https://images1.vinted.net/t/05_01dfc_kjAcus3BcTb7qvNdh6oiGWa6/310x430/1772282339.webp?s=b2c339feb68e98760b1a301c92b61b95894afa8a,12,7
Jogging Gucci Jumbo GG taille M état neuf,525.7,Gucci,M,https://www.vinted.it/items/8279367765-jogging-gucci-jumbo-gg-taille-m-etat-neuf?referrer=catalog,2,8279367765,Sold,01/03/2026 10:28:24,,https://images1.vinted.net/t/05_004c3_EeNCVYB9nM2fw8tDixZibdgA/310x430/1772282241.webp?s=afa6d623b3c3bc294f55f8c9e66fb8cf075a40fa,12,7
Mascara gucci,16.45,Gucci,0,https://www.vinted.it/items/8279363363-mascara-gucci?referrer=catalog,0,8279363363,Sold,01/03/2026 10:28:24,,https://images1.vinted.net/t/04_01cd6_mBPsJWQ8vYdovbj5GzPafj8K/310x430/1772282217.webp?s=0fdb330353e5423e2eed340862f014b62c2b709f,12,7
GUCCI Tasche,1.4707,Gucci,0,https://www.vinted.it/items/8279357826-gucci-tasche-bordeaux-neu?referrer=catalog,2,8279357826,Sold,01/03/2026 10:28:24,,https://images1.vinted.net/t/06_02031_j2CL2f6esYwmm58ku3gev3SV/310x430/1772282184.webp?s=68e6aba8441aa82a3664ecfcb25a3681295d9c48,12,7
Cappellino cotone Gucci originale bimbo/neonato unisex,84.7,Gucci,3-6 mesi,https://www.vinted.it/items/8279346417-cappellino-cotone-gucci-originale-bimboneonato-unisex?referrer=catalog,2,8279346417,Sold,01/03/2026 10:28:24,,https://images1.vinted.net/t/01_0204d_KHRfyeho1KXGURzpBH5VTUdM/310x430/1772282119.webp?s=9f51c6fdad24aae9832b3bc572a5d512f0ae4da6,12,7
Promo - Gucci Silver Ring,126.7,Gucci,18,https://www.vinted.it/items/8279340657-promo-gucci-silver-ring?referrer=catalog,2,8279340657,Sold,01/03/2026 10:28:24,,https://images1.vinted.net/t/05_01abf_T89cHThRJWqWargJveZyJcxc/310x430/1772282086.webp?s=57ef5b6f2689d3f20730c25ded6800b5101afb64,12,7
Borsa Gucci Horsebit 1955,2.3107,Gucci,0,https://www.vinted.it/items/8279333198-borsa-gucci-horsebit-1955?referrer=catalog,4,8279333198,Sold,01/03/2026 10:28:24,,https://images1.vinted.net/t/05_01350_X6w5sfF4F81A1w7xaTURahPy/310x430/1772282114.webp?s=f922f5bdba28b9da9b8eb4796cf91151da143e8b,12,7
Gucci Guilty Love Edition Eau de Parfum 90ml,63.7,Gucci,0,https://www.vinted.it/items/8279330963-gucci-guilty-love-edition-eau-de-parfum-90ml?referrer=catalog,1,8279330963,Sold,01/03/2026 10:28:24,,https://images1.vinted.net/t/03_00c51_rARcCZREvyR2BxSuLVetErho/310x430/1772282029.webp?s=376a8356e1d3535e8c87be47b9396a7fd9b52d07,12,7
Gucci the alchemist’s garden a gloaming night,236.95,Gucci,0,https://www.vinted.it/items/8279325653-gucci-the-alchemists-garden-a-gloaming-night?referrer=catalog,0,8279325653,Sold,01/03/2026 10:28:24,,https://images1.vinted.net/t/05_00d41_3xda6NVM3neD4gfhymFq39mm/310x430/1772282027.webp?s=5080cfbf621ab33d7a3e79fa72931cda91144fa0,12,7
Promo - Gucci Silver Ring,158.2,Gucci,16,https://www.vinted.it/items/8279323528-promo-gucci-silver-ring?referrer=catalog,1,8279323528,Sold,01/03/2026 10:28:24,,https://images1.vinted.net/t/06_008b2_kmSBtb25aTkE1czeCTinGg4P/310x430/1772281987.webp?s=83b7499d28cf5d6145cee1609f722ba2e05ef9ad,12,7
borsa tracolla gucci,368.2,Gucci,0,https://www.vinted.it/items/8279318680-borsa-tracolla-gucci?referrer=catalog,1,8279318680,Sold,01/03/2026 10:28:24,,https://images1.vinted.net/t/03_025e3_kpDsZQ3ZEu5UF8tRbfnQQCWL/310x430/1772281958.webp?s=eeaac4eb87966bdeeb712fdda1842d37d055ed68,12,7
Caja de embalaje de la marca Gucci.,13.3,Gucci,0,https://www.vinted.it/items/8279317235-caja-de-embalaje-de-la-marca-gucci?referrer=catalog,4,8279317235,Sold,01/03/2026 10:28:24,,https://images1.vinted.net/t/01_01707_yYaiyaf5oCRYd3sWyvDQjNGW/310x430/1772281950.webp?s=e7358da454afa8928bf8a50b8e38ebd52624907e,12,7
Gucci luiertas,1.938,Gucci,0,https://www.vinted.it/items/8279221879-gucci-luiertas?referrer=catalog,0,8279221879,Sold,01/03/2026 10:28:54,,https://images1.vinted.net/t/05_000f0_P4YD5rfGsyvx6aDira9GhNoN/310x430/1772281395.webp?s=192419e56e669cca71071931b24214b23c850acd,12,8
Gucci Pantalon Laine Bouclée Blanc Cassé - Neuf avec étiquette - Sold Out,692.58,Gucci,Altro,https://www.vinted.it/items/8279220250-gucci-pantalon-laine-bouclee-blanc-casse-neuf-avec-etiquette-sold-out?referrer=catalog,2,8279220250,Sold,01/03/2026 10:28:54,,https://images1.vinted.net/t/05_021f5_GA8KDVs2b4WtzCHjrByibZFV/310x430/1772281385.webp?s=81dbf8971dc02a9ef6cc88e8cb44285e2929997a,12,8
Sacoche Gucci,1.53,Gucci,0,https://www.vinted.it/items/8279210529-sacoche-gucci?referrer=catalog,0,8279210529,Sold,01/03/2026 10:28:54,,https://images1.vinted.net/t/06_025af_DQzgJ8ykiA65AKxDHMisL8S5/310x430/1772281329.webp?s=9cc127e847e2e3013d5d0760a0cd97ba9fe0cc47,12,8
Gucci Box and Gift Bag,21.7,Gucci,0,https://www.vinted.it/items/8279195103-gucci-box-and-gift-bag?referrer=catalog,1,8279195103,Sold,01/03/2026 10:28:54,,https://images1.vinted.net/t/05_000a5_gXKfzsKZVBG3WNyBcjmwqGfn/310x430/1772281241.webp?s=b180b9d85a6e8df18d49dfccbef9acf140d45ef4,12,8
GUCCI baby bright red web stripe sweatpants 9M,105.69,Gucci,9-12 mesi / 74 cm,https://www.vinted.it/items/8279188047-gucci-baby-bright-red-web-stripe-sweatpants-9m?referrer=catalog,2,8279188047,Sold,01/03/2026 10:28:54,,https://images1.vinted.net/t/06_00743_NGcutZaQkWLqEwEnZaLGBGQ7/310x430/1772281200.webp?s=e36dddcb0e601d3f0af94f43e0ca8c9cac2f1053,12,8
Giacca Gucci X Adidas,1.02,Gucci x adidas,48,https://www.vinted.it/items/8250582260-giacca-gucci-x-adidas?referrer=catalog,10,8250582260,Sold,01/03/2026 10:28:54,,https://images1.vinted.net/t/05_005a5_BPVWsxAYiRETSm4rMadanmZv/310x430/1771935476.webp?s=56955def79d80c9e2ac26c426d0ba7fa080fad39,12,8
top sportivo Gucci,137.2,Gucci,S / IT 40 / EU 36,https://www.vinted.it/items/8250539220-top-sportivo-gucci?referrer=catalog,28,8250539220,Sold,01/03/2026 10:28:54,,https://images1.vinted.net/t/01_01a45_Jww8tb3ke2rceKowXp6aGjoj/310x430/1771935161.webp?s=471d34414b178e9be5417fd73b253972843782d2,12,8
Little Book of Gucci,11.2,No brand,0,https://www.vinted.it/items/8279187149-little-book-of-gucci?referrer=catalog,0,8279187149,Sold,01/03/2026 10:28:54,,https://images1.vinted.net/t/04_01157_wjXbaxUabP7tkj5iWigAaATC/310x430/1772281194.webp?s=6c1d28a58aa21caf5bffcc8f93904d6dae7ee967,12,8
Mule enfant Gucci,158.2,Gucci,30,https://www.vinted.it/items/8279179376-mule-enfant-gucci?referrer=catalog,10,8279179376,Sold,01/03/2026 10:28:54,,https://images1.vinted.net/t/03_00537_nSFJjm2h7CBTxaVwtmfh3WTW/310x430/1772281150.webp?s=5a2ef3c1457abe78cecb721fe0e104a5f1e359e9,12,8
Occhiali GUCCI originali,221.2,Gucci,0,https://www.vinted.it/items/8279176922-occhiali-gucci-originali?referrer=catalog,3,8279176922,Sold,01/03/2026 10:28:54,,https://images1.vinted.net/t/06_012c7_MfUa2LfQ54ad8dsDfHJS2nq4/310x430/1772281135.webp?s=a2f43582a18148c7070a806171cb3fb6c7ee338e,12,8
Sandale Gucci spartiates T39,200.19,Gucci,39,https://www.vinted.it/items/8279166575-sandale-gucci-spartiates-t39?referrer=catalog,5,8279166575,Sold,01/03/2026 10:28:54,,https://images1.vinted.net/t/01_00e61_u5LGd9M96bgJztL2qJkVynMm/310x430/1772281075.webp?s=81da47eeb13ce25e2f13d3f99c57dbff7c61cba4,12,8
Gucci Schal,315.7,Gucci,0,https://www.vinted.it/items/8279139883-gucci-schal?referrer=catalog,3,8279139883,Sold,01/03/2026 10:28:54,,https://images1.vinted.net/t/03_01311_UxNusF97bqQVodhpbxrsiwGR/310x430/1772280920.webp?s=cdbf60c9dc8d1d0d54539ae3a976a38c3cb18100,12,8
Gucci Leon Boots Leder 40.5EU,473.2,Gucci,40.5,https://www.vinted.it/items/8279162104-gucci-leon-boots-leder-405eu?referrer=catalog,0,8279162104,Sold,01/03/2026 10:28:54,,https://images1.vinted.net/t/05_011ea_vmmmYk9Fjm4MDBXYc3MAKHHc/310x430/1772281049.webp?s=709f570a161fd8777a3f3934cb92ab3f39f0b60b,12,8
Eau de Toilette pour Homme Gucci Guilty,47.95,Gucci,0,https://www.vinted.it/items/8279162121-eau-de-toilette-pour-homme-gucci-guilty?referrer=catalog,0,8279162121,Sold,01/03/2026 10:28:54,,https://images1.vinted.net/t/06_011a5_Q1L95pjtymjvyAcYPiuRLhw4/310x430/1772281049.webp?s=db3e60c3ed1e94f3b63859056849a35ce3dbb848,12,8
Portacarte Gucci,205.45,Gucci,0,https://www.vinted.it/items/8279137286-portacarte-gucci?referrer=catalog,5,8279137286,Sold,01/03/2026 10:28:54,,https://images1.vinted.net/t/06_02387_Qe9X9AchcNgwqhHqNviup1Z9/310x430/1772280905.webp?s=2ec69860cfd2e35c90df2b9d927b5d9c2c3b480c,12,8
Claquettes gucci neuve,242.2,Gucci,43,https://www.vinted.it/items/8279131712-claquettes-gucci-neuve?referrer=catalog,0,8279131712,Sold,01/03/2026 10:28:54,,https://images1.vinted.net/t/06_018c4_nJERxeWKzhvd9z8oszbtnwBa/310x430/1772280872.webp?s=7b20a8bdf265e0bdd56cdd7534c804df4afd6a85,12,8
Mule fourrée GUCCI,210.7,Gucci,25,https://www.vinted.it/items/8279124083-mule-fourree-gucci?referrer=catalog,29,8279124083,Sold,01/03/2026 10:28:54,,https://images1.vinted.net/t/06_014f3_vfciHkKH5FA2rprpKipP35EA/310x430/1772280828.webp?s=f1511f5ea94e10e47455ee030e9439fd11faf586,12,8
Casquette Gucci Niaks,399.7,Gucci,S,https://www.vinted.it/items/8279107693-casquette-gucci-niaks?referrer=catalog,4,8279107693,Sold,01/03/2026 10:28:54,,https://images1.vinted.net/t/01_019ad_ymYQ8qvBX3mcNuptUXHvD34M/310x430/1772280732.webp?s=f580b74cad88783aacc0ca4f562bc71732f3c06b,12,8
Écharpe Gucci GG Monogram Laine Beige Gris Unisexe,146.65,Gucci,0,https://www.vinted.it/items/8279059532-echarpe-gucci-gg-monogram-laine-beige-gris-unisexe?referrer=catalog,0,8279059532,Sold,01/03/2026 10:28:54,,https://images1.vinted.net/t/06_0231c_NSpBTcmdx5s5Z8HaPm9cHeJT/310x430/1772281911.webp?s=b57c04ce6bf541e5b6af7828afdf3056ccb3925b,12,8
Mini parfum Gucci Flora intense,16.45,Gucci,0,https://www.vinted.it/items/8279057880-mini-parfum-gucci-flora-intense?referrer=catalog,1,8279057880,Sold,01/03/2026 10:28:54,,https://images1.vinted.net/t/06_013ab_AAdH57PqphGDVefuu4km4XPf/310x430/1772280439.webp?s=8653a143c29e94d9eb5789de72ab96b3909030bd,12,8
Gucci flora gardenia,26.95,Gucci,0,https://www.vinted.it/items/8279052180-gucci-flora-gardenia?referrer=catalog,1,8279052180,Sold,01/03/2026 10:28:54,,https://images1.vinted.net/t/06_024cc_opq6egmNjnRT4pKSZLfUNhMd/310x430/1772280406.webp?s=61cda04cad93a6e0facc155b7a88bb4260f70dd7,12,8
Escarpins Gucci à stras,473.2,Gucci,41,https://www.vinted.it/items/8279024638-escarpins-gucci-a-stras?referrer=catalog,90,8279024638,Sold,01/03/2026 10:28:54,,https://images1.vinted.net/t/01_0146a_1VYuzw9PRANynBfhc5nyaQnG/310x430/1772280246.webp?s=efb1dae0c4a413f266828af84ba4dd703e852dc7,12,8
Occhiale da donna vintage Gucci,263.2,Gucci,0,https://www.vinted.it/items/8251576894-occhiale-da-donna-vintage-gucci?referrer=catalog,0,8251576894,Sold,01/03/2026 10:28:54,,https://images1.vinted.net/t/05_015aa_uQsKKFVdMxDwm8pMs2S8eops/310x430/1771942369.webp?s=f7bc5d3b199d7705c2f52eebef89fabcfdfea974,12,8
Bob Gucci,273.7,Gucci,L,https://www.vinted.it/items/8279021420-bob-gucci?referrer=catalog,1,8279021420,Sold,01/03/2026 10:28:54,,https://images1.vinted.net/t/06_0196a_xj5gYKAhi7DUAJo58BQdSumc/310x430/1772280227.webp?s=3324f59d2e00c88e5406f410e475bcd038aac6a2,12,8
Gucci zonnebril,158.2,Gucci,0,https://www.vinted.it/items/8279004679-gucci-zonnebril?referrer=catalog,8,8279004679,Sold,01/03/2026 10:28:54,,https://images1.vinted.net/t/05_01895_2VXUJxWGZnEmFSUBk5WJEsy6/310x430/1772280129.webp?s=ae8c1ca6987a4c97618cc43ec81c9eb5674774ed,12,8
Gloss Gucci – Neuf – Couleur orangée,29.04,Gucci,0,https://www.vinted.it/items/8278996275-gloss-gucci-neuf-couleur-orangee?referrer=catalog,0,8278996275,Sold,01/03/2026 10:28:54,,https://images1.vinted.net/t/06_0122f_ZVtTKf11DqkH4iEdSW7FaDeR/310x430/1772280079.webp?s=95e14e869b41d2e1ee2aa96971697be16f0182a5,12,8
Tacchi mule Horsebit Gucci x adidas,663.0,Gucci x adidas,37,https://www.vinted.it/items/8278863796-tacchi-mule-horsebit-gucci-x-adidas?referrer=catalog,5,8278863796,Sold,01/03/2026 10:28:54,,https://images1.vinted.net/t/06_026f4_ttuMkdQ7cFyKc2EfjKgCryg2/310x430/1772279295.webp?s=d6b7a9aa27933c6bf52e33a0f01cc9aa4682cad7,12,8
GUCCI baby/kids navy logo stripe sweatpants ЗА,105.69,Gucci,3 anni / 98 cm,https://www.vinted.it/items/8278991888-gucci-babykids-navy-logo-stripe-sweatpants-za?referrer=catalog,1,8278991888,Sold,01/03/2026 10:28:54,,https://images1.vinted.net/t/05_015ff_gq514uDLrQaS3Y4Q7zUAYuVU/310x430/1772280053.webp?s=abc8fd71e7a1e02b8bfbaba86383137e9d7f7e38,12,8
Gucci flora gardenia,26.95,Gucci,0,https://www.vinted.it/items/8278974948-gucci-flora-gardenia?referrer=catalog,10,8278974948,Sold,01/03/2026 10:28:54,,https://images1.vinted.net/t/01_01e4c_zyMLn4ie53bKHrGmzLqAL4Gt/310x430/1772279953.webp?s=6bbb7436f0fa8172aac65f242b916a8fe896a83e,12,8
Profumo Gucci Bamboo 30 ml,32.2,Gucci,0,https://www.vinted.it/items/8278974484-profumo-gucci-bamboo-30-ml?referrer=catalog,2,8278974484,Sold,01/03/2026 10:28:54,,https://images1.vinted.net/t/01_0262c_3pT32WkzVZxJV8oDt4HoY1Qm/310x430/1772279950.webp?s=16e26f7754d07dcef3010d30710f955d61034891,12,8
Sneakers Gucci Rython,420.7,Gucci,41,https://www.vinted.it/items/8278845623-sneakers-gucci-rython?referrer=catalog,6,8278845623,Sold,01/03/2026 10:28:54,,https://images1.vinted.net/t/05_022ce_X37ih7mVzuCAo3TTCRLLFPYw/310x430/1772279188.webp?s=b85dbe15b303133fa9e73465a041356caa88cdf2,12,8
GUCCI - Totebag mini,21.7,Gucci,0,https://www.vinted.it/items/8278911866-gucci-totebag-mini?referrer=catalog,0,8278911866,Sold,01/03/2026 10:28:54,,https://images1.vinted.net/t/06_02316_zMPKSKgjqHQW4wVi94JKFw4N/310x430/1772279578.webp?s=ae431fd3653e90d0c5fc118bdab928fc8b74f7ea,12,8
Claquette Gucci T.38,420.7,Gucci,38,https://www.vinted.it/items/8278909090-claquette-gucci-t38?referrer=catalog,19,8278909090,Sold,01/03/2026 10:28:54,,https://images1.vinted.net/t/05_0044b_No8sviC9wMbARRApRweXCTYN/310x430/1772279562.webp?s=6b08cf003eb0e4bbd10fc2420d265866c32851e3,12,8
Ceinture Gucci,1.75,Gucci,80 cm,https://www.vinted.it/items/8278745865-ceinture-gucci?referrer=catalog,0,8278745865,Sold,01/03/2026 10:28:54,,https://images1.vinted.net/t/06_012d7_HRPmZZodnw2GP3FxsAa7uKAC/310x430/1772278595.webp?s=c7f466cd69cb90e10a689a607977071b51574ec7,12,8
Gucci Sandalen Schwarz Leder Gr. 36 mit Box & Dustbag,314.65,Gucci,36,https://www.vinted.it/items/8278899234-gucci-sandalen-schwarz-leder-gr-36-mit-box-dustbag?referrer=catalog,12,8278899234,Sold,01/03/2026 10:28:54,,https://images1.vinted.net/t/06_01ddf_GmF2T4BBrYo4ckPHryYzPRAP/310x430/1772279503.webp?s=b1be99bc1b23cf307d1c815247fd6310f73bf067,12,8
Profumo,68.95,Gucci,0,https://www.vinted.it/items/8278892612-profumo?referrer=catalog,0,8278892612,Sold,01/03/2026 10:28:54,,https://images1.vinted.net/t/04_00e7d_hReJrUtSDp2PYV5kZ7wX4Vaf/310x430/1772279464.webp?s=45a648295e0b51739fbe86b2dd96bab60ee9ec33,12,8
🌷foulard Gucci,68.95,Gucci,0,https://www.vinted.it/items/8278890204-foulard-gucci?referrer=catalog,1,8278890204,Sold,01/03/2026 10:28:54,,https://images1.vinted.net/t/05_0112a_T2jNdHn39PJpPyh9n4UFrZz4/310x430/1772279450.webp?s=7871ea1a98566621662c76ed58cc0ace0393a7c6,12,8
Sneakers Gucci n°43,499.45,Gucci,43,https://www.vinted.it/items/8278889346-sneakers-gucci-ndeg43?referrer=catalog,0,8278889346,Sold,01/03/2026 10:28:54,,https://images1.vinted.net/t/01_0178c_m3nyjqVCiAB6vgRjkatDop7T/310x430/1772279445.webp?s=30e213f42da34e585ea5380742d1e5fd5c1daa0c,12,8
Mocassins Gucci jordaan,347.2,Gucci,40.5,https://www.vinted.it/items/8278888967-mocassins-gucci-jordaan?referrer=catalog,4,8278888967,Sold,01/03/2026 10:28:54,,https://images1.vinted.net/t/05_01494_rGWfATTFH4v9atnqVKMvBKQJ/310x430/1772279443.webp?s=2956d9520a75d1b41bf2213132d36b363e6a7efe,12,8
Gucci riem dames,200.2,Gucci,75 cm,https://www.vinted.it/items/8278883614-gucci-riem-dames?referrer=catalog,21,8278883614,Sold,01/03/2026 10:28:54,,https://images1.vinted.net/t/05_0247a_QqvNsRh3BVa5PMVfEu3So7tn/310x430/1772279412.webp?s=2d4868727d14db1e22565ee69ebd8183aada8121,12,8
Gucci,26.95,Gucci,0,https://www.vinted.it/items/8278868990-gucci?referrer=catalog,0,8278868990,Sold,01/03/2026 10:28:54,,https://images1.vinted.net/t/01_0072f_4T39uLZcdTCBCcnzY9jyUsm8/310x430/1772279326.webp?s=b9b92fc7ad128e6f888356556528fbf274980e53,12,8
Gucci nail laquer in 402 vantine fuchsia neu,18.55,Gucci,0,https://www.vinted.it/items/8278871244-gucci-nail-laquer-in-402-vantine-fuchsia-neu?referrer=catalog,1,8278871244,Sold,01/03/2026 10:28:54,,https://images1.vinted.net/t/06_02427_CqLHC5p78Fpjb1g25QRn9RDB/310x430/1772279339.webp?s=bf4a5164fc3d31d7f9ef48ba295533372558caf2,12,8
Gucci Burgundy Belt with gold GG Marmont,314.65,Gucci,Regolabile,https://www.vinted.it/items/8278869283-gucci-burgundy-belt-with-gold-gg-marmont?referrer=catalog,0,8278869283,Sold,01/03/2026 10:28:54,,https://images1.vinted.net/t/05_00b6e_V3pYfvrq8DGpxguS64ErWpR3/310x430/1772279328.webp?s=6631934170fca3ef6e6962594ece1b8d774bdc4a,12,8
Gucci Handbag Vintage,263.2,Gucci,0,https://www.vinted.it/items/8278866035-gucci-handbag-vintage?referrer=catalog,4,8278866035,Sold,01/03/2026 10:28:54,,https://images1.vinted.net/t/06_0164b_uLbLYJqiURsLy7ZtXcUQfQ3x/310x430/1772279308.webp?s=ad71936aeb362c9d14d80022e23708f3d71c42bf,12,8
Adidas gazelle gucci verde,57.93,adidas,44,https://www.vinted.it/items/8278363260-adidas-gazelle-gucci-verde?referrer=catalog,1,8278363260,Sold,01/03/2026 10:28:54,,https://images1.vinted.net/t/06_01080_EjeUfSkLsQZVMmMDun6oHjXS/310x430/1772276350.webp?s=d417b010ebfcfb287fc2f6363a7ef356ec59f20b,12,8
Claquettes GUCCI rose T.36,420.7,Gucci,36,https://www.vinted.it/items/8278762850-claquettes-gucci-rose-t36?referrer=catalog,3,8278762850,Sold,01/03/2026 10:28:54,,https://images1.vinted.net/t/05_00175_wzaRqzkcbJe2cXQp32qvikVJ/310x430/1772278696.webp?s=643a8a48d8fc09f5354d46f958149e168e08f578,12,8
T shiert gucci,210.7,Gucci,S,https://www.vinted.it/items/8278597692-t-shiert-gucci?referrer=catalog,0,8278597692,Sold,01/03/2026 10:28:54,,https://images1.vinted.net/t/06_00189_8puE4Dz6obMecfWPRx1xrRgt/310x430/1772277721.webp?s=28ee0ab660eb26017fd8e8b84156b541254ba8c6,12,8
Gucci - Kunststoff Sonnenbrille braun,79.45,Gucci,0,https://www.vinted.it/items/8278823598-gucci-kunststoff-sonnenbrille-braun?referrer=catalog,10,8278823598,Sold,01/03/2026 10:28:54,,https://images1.vinted.net/t/03_01833_T2zPK3fo12Pgi3sZL4Jny67s/310x430/1772279057.webp?s=83cc9428a8923f69618b7c32feb0e8bb44cf26c2,12,8
Gucci flora gardenia,26.95,Gucci,0,https://www.vinted.it/items/8278819731-gucci-flora-gardenia?referrer=catalog,2,8278819731,Sold,01/03/2026 10:28:54,,https://images1.vinted.net/t/06_00f5d_PMSmEMXjGhhaZVsHYf7y6sEM/310x430/1772279034.webp?s=653930ca3043a85d532589711de0174d60149d99,12,8
Gucci Flora parfum 5ml,13.3,Gucci,0,https://www.vinted.it/items/8278817014-gucci-flora-parfum-5ml?referrer=catalog,4,8278817014,Sold,01/03/2026 10:28:54,,https://images1.vinted.net/t/05_0105d_6V4e7481kj2hA67VxqrHB66q/310x430/1772279018.webp?s=57a8e0c495f00d00c322b392043f1483f83ce279,12,8
Gucci hoge dames laarzen maat 39,473.2,Gucci,39,https://www.vinted.it/items/8278815827-gucci-hoge-dames-laarzen-maat-39?referrer=catalog,14,8278815827,Sold,01/03/2026 10:28:54,,https://images1.vinted.net/t/06_005e7_mM98SkR3DdbfwgQywrCAuhe9/310x430/1772279011.webp?s=cd1af4f79d91fc07a09dd0c8f522d9ea628bc031,12,8
Gucci Flora Intense 30 ml,32.2,Gucci,0,https://www.vinted.it/items/8278805227-gucci-flora-intense-30-ml?referrer=catalog,7,8278805227,Sold,01/03/2026 10:28:54,,https://images1.vinted.net/t/01_005f1_mF5u9DsKBohDRuDQzXsf5AiK/310x430/1772278949.webp?s=5b5f573fb630eab55ba2389327121389c4cc8ce2,12,8
Mocassins Gucci,399.7,Gucci,38,https://www.vinted.it/items/8278799096-mocassins-gucci?referrer=catalog,15,8278799096,Sold,01/03/2026 10:28:54,,https://images1.vinted.net/t/06_00125_WVtKiRDx2F7GQWqRYJhaD5XD/310x430/1772278912.webp?s=95c006b738460edbe18c68800d1a3429e1abb55d,12,8
Bonnet Gucci,210.7,Gucci,S,https://www.vinted.it/items/8278796598-bonnet-gucci?referrer=catalog,0,8278796598,Sold,01/03/2026 10:28:54,,https://images1.vinted.net/t/05_01026_VP4tfQkhNaERNzaEWGCiQqXo/310x430/1772278898.webp?s=d672f7346a67afd21a23fdf95b8a7520665193b2,12,8
Gucci Camicia in seta e cotone,95.2,Gucci,M,https://www.vinted.it/items/8278433903-gucci-camicia-in-seta-e-cotone?referrer=catalog,2,8278433903,Sold,01/03/2026 10:28:54,,https://images1.vinted.net/t/06_021c1_6D2PyjcgK4HmatieNJYqkVeY/310x430/1772276764.webp?s=e55756e67f165391d8a91b7659d16e041b631c41,12,8
Mule Gucci T.43,420.7,Gucci,43,https://www.vinted.it/items/8278783627-mule-gucci-t43?referrer=catalog,12,8278783627,Sold,01/03/2026 10:28:54,,https://images1.vinted.net/t/05_01c1e_huHr5Hpba6C31eWmT7CLTgjU/310x430/1772278820.webp?s=32f04eb8722c5cd1b72c4af5c594140741960efe,12,8
Iconic Gucci Cardigan,420.7,Gucci,M,https://www.vinted.it/items/8278779897-iconic-gucci-cardigan?referrer=catalog,3,8278779897,Sold,01/03/2026 10:28:54,,https://images1.vinted.net/t/01_026b9_CEFjaR77eLbLhYP16rgXRrXW/310x430/1772278798.webp?s=822aaff52e6ea0451b37ccee489be00fb2b02c91,12,8
Gucci Accessoire Schlüsselanhänger Einkaufswagenchip Anhänger Keychain Geschenk s,16.45,Gucci,0,https://www.vinted.it/items/8278773192-gucci-accessoire-schlusselanhanger-einkaufswagenchip-anhanger-keychain-geschenk-s?referrer=catalog,6,8278773192,Sold,01/03/2026 10:28:54,,https://images1.vinted.net/t/05_01486_NRhkpcfPCyomvZ7NewdLzEqA/310x430/1772278759.webp?s=9a9e228bf14a74a1d732f5c922312c4f988bd987,12,8
Sandales gucci neuf taille 33 fille,74.2,Gucci,33,https://www.vinted.it/items/8278772225-sandales-gucci-neuf-taille-33-fille?referrer=catalog,5,8278772225,Sold,01/03/2026 10:28:54,,https://images1.vinted.net/t/04_0040b_d2A1xaUmo5xgLmzC7psDyrkL/310x430/1772278753.webp?s=25f690e272808083de4a44f5ca69d660454de4ea,12,8
Gucci boxpakje,263.2,Gucci,3-6 mesi / 62 cm,https://www.vinted.it/items/8278764654-gucci-boxpakje?referrer=catalog,0,8278764654,Sold,01/03/2026 10:28:54,,https://images1.vinted.net/t/01_003c7_msEf8Bfub6VnNRmtBzqQXbfE/310x430/1772278707.webp?s=3ab8f276d890bc6533ff6c3c386dea45fee8e221,12,8
Short gucci,210.7,Gucci,24-36 mesi / 92 cm,https://www.vinted.it/items/8278753114-short-gucci?referrer=catalog,12,8278753114,Sold,01/03/2026 10:28:54,,https://images1.vinted.net/t/01_019b2_gWe9yKvSUYVuDZby1xUnVxmt/310x430/1772278639.webp?s=4010d4ca9154650649c9f043beadd920108edbb1,12,8
Pantalone tuta Gucci,368.2,Gucci,S,https://www.vinted.it/items/8278748741-pantalone-tuta-gucci?referrer=catalog,0,8278748741,Sold,01/03/2026 10:28:54,,https://images1.vinted.net/t/01_0201d_mCg8EK9TU7XDgdBfJcmyVA8E/310x430/1772278612.webp?s=917ed7a19fa536651cee9682474308382fde9cf8,12,8
Gucci sneakers basket,510.0,Gucci,40,https://www.vinted.it/items/8278748319-gucci-sneakers-basket?referrer=catalog,0,8278748319,Sold,01/03/2026 10:28:54,,https://images1.vinted.net/t/06_01a72_TSJb56PB27o2yi9GEirFR8hB/310x430/1772278609.webp?s=f8f33dac90e8cd1a6058143a74892e45e674d1b7,12,8
Montre GUCCI sertie de vrais diamants,473.2,Gucci,Fino a 30 mm,https://www.vinted.it/items/8278733179-montre-gucci-sertie-de-vrais-diamants?referrer=catalog,0,8278733179,Sold,01/03/2026 10:28:54,,https://images1.vinted.net/t/06_00c01_jgHYhTeSKUMdcygJw2eSehQs/310x430/1772278520.webp?s=b7333b062766de6f6b35bdc420fbf897be792b74,12,8
Gucci Slippers Boots,473.2,Gucci,39,https://www.vinted.it/items/8278726352-gucci-slippers-boots?referrer=catalog,28,8278726352,Sold,01/03/2026 10:28:54,,https://images1.vinted.net/t/05_01517_jJcDyRvxw1LwMxgEUdKgQH1W/310x430/1772278479.webp?s=8813b3bcf95a4d94c70a9d8e2764623eaa3e6a68,12,8
Spilla tessuto Gucci,29.05,No brand,0,https://www.vinted.it/items/8278212197-spilla-tessuto-gucci?referrer=catalog,2,8278212197,Sold,01/03/2026 10:28:54,,https://images1.vinted.net/t/05_00627_fq8Cw5rSeTtTPRwZZFGX3NfF/310x430/1772275463.webp?s=0d33fc5282d98bc8eaad284dab1447dd64bc7dc3,12,8
pochette gucci,263.2,Gucci,0,https://www.vinted.it/items/8278703616-pochette-gucci?referrer=catalog,0,8278703616,Sold,01/03/2026 10:28:54,,https://images1.vinted.net/t/06_01841_97AH8qYjdL9rUJ1AxRqdTjb2/310x430/1772278344.webp?s=bea352421a29b33e77b76d75c3c980382c5c4fce,12,8
Scarpe Gucci donna,399.7,Gucci,39,https://www.vinted.it/items/8278701549-scarpe-gucci-donna?referrer=catalog,0,8278701549,Sold,01/03/2026 10:28:54,,https://images1.vinted.net/t/05_00942_LkF3SkKibKph8upGPjW7unGv/310x430/1772278332.webp?s=7b243cd19c0b252128abb105ede54a24cba528b8,12,8
Foulard 41x41 Gucci in seta,53.2,Gucci,0,https://www.vinted.it/items/8278700835-foulard-41x41-gucci-in-seta?referrer=catalog,5,8278700835,Sold,01/03/2026 10:28:54,,https://images1.vinted.net/t/01_01940_JTGv5u1jXaSpG4dwhRzUAEAE/310x430/1772278327.webp?s=52d321c35a2e725cbbfc84b8e3678508380568c5,12,8
potatura e forme d’allevamento dell’ulivo,21.7,No brand,0,https://www.vinted.it/items/8278698722-potatura-e-forme-dallevamento-dellulivo?referrer=catalog,2,8278698722,Sold,01/03/2026 10:28:54,,https://images1.vinted.net/t/01_001ca_kXCS1RkGzScGskhn6c5KGawD/310x430/1772278315.webp?s=d3e597e13b469a803e2ad1c874c3285ab82745e7,12,8
Gucci camicia a top 100% Seta,373.45,Gucci,S / IT 40 / EU 36,https://www.vinted.it/items/8278696038-gucci-camicia-a-top-100-seta?referrer=catalog,4,8278696038,Sold,01/03/2026 10:28:54,,https://images1.vinted.net/t/05_0057f_no8YUCezCF3LrSpbeHCiyHAQ/310x430/1772300808.webp?s=04d580d21826e942c54254307f26df14c1818411,12,8
Ciondoli Gucci cuore,252.7,Gucci,0,https://www.vinted.it/items/8278695976-ciondoli-gucci-cuore?referrer=catalog,2,8278695976,Sold,01/03/2026 10:28:54,,https://images1.vinted.net/t/05_01489_6ZbXXzF98qzVtim6chphiSg3/310x430/1772278299.webp?s=bc2bb82e623375a8cc2f75987267a4bc6ca9c127,12,8
Slingback Gucci,305.2,Gucci,39.5,https://www.vinted.it/items/8278692078-slingback-gucci?referrer=catalog,105,8278692078,Sold,01/03/2026 10:28:54,,https://images1.vinted.net/t/06_01762_GUiBZ6dYd1qqEJHqn4468mi2/310x430/1772278275.webp?s=6b8e0422c3773dab9b329604ecce73aa4ffce4f1,12,8
Profumo Gucci Flora Gorgeous Gardenia Intense 100ml,84.7,Gucci,0,https://www.vinted.it/items/8278691130-profumo-gucci-flora-gorgeous-gardenia-intense-100ml?referrer=catalog,0,8278691130,Sold,01/03/2026 10:28:54,,https://images1.vinted.net/t/04_0160d_5YwFF5EqA6Nfe5SiHM8X4HH9/310x430/1772278269.webp?s=8bc5172fb1ee80ac444d61a17f499b4d43e9fa89,12,8
Specchietto make-up Gucci,20.65,Gucci,0,https://www.vinted.it/items/8278689879-specchietto-make-up-gucci?referrer=catalog,0,8278689879,Sold,01/03/2026 10:28:54,,https://images1.vinted.net/t/01_022b3_mn2jX1sCYVRVtcvT8UmwrjVY/310x430/1772278262.webp?s=d36411ab05789fe61114598b62a4307c067b918c,12,8
Gucci Flora profumo,47.95,Gucci,0,https://www.vinted.it/items/8278689984-gucci-flora-profumo?referrer=catalog,1,8278689984,Sold,01/03/2026 10:28:54,,https://images1.vinted.net/t/01_002c8_ZtoUM5RWZSHr4iXnWBtz737e/310x430/1772278262.webp?s=17f217eee76fd3d00b0ea2ed32703dda63fd4a7f,12,8
Lunette de soleil GUCCI,210.7,Gucci,0,https://www.vinted.it/items/8278680324-lunette-de-soleil-gucci?referrer=catalog,0,8278680324,Sold,01/03/2026 10:28:54,,https://images1.vinted.net/t/05_01a10_MReAHw5LAdqTeERAfoPE2qYu/310x430/1772278206.webp?s=a6d79922d7e6b59b2359c0ede2138028732b52ea,12,8
Mignon da collezione Gucci flora,17.5,Gucci,0,https://www.vinted.it/items/8278666717-mignon-da-collezione-gucci-flora?referrer=catalog,0,8278666717,Sold,01/03/2026 10:28:54,,https://images1.vinted.net/t/06_00169_RKouXWBD18DQKrNRTBFddgXV/310x430/1772278126.webp?s=9935ef771683aa18a7e4528486e3b7f230ae24e3,12,8
Westman Gucci rossetto brique,47.95,Westman Atelier,0,https://www.vinted.it/items/8278616054-westman-gucci-rossetto-brique?referrer=catalog,4,8278616054,Sold,01/03/2026 10:28:54,,https://images1.vinted.net/t/05_01b4c_Q5FziUpkJzR4QK2W79EtZVtX/310x430/1772277830.webp?s=edc59a5f044848fd67a14faa13311b46eb58e3b4,12,8
Gucci mocassins enfant,200.2,Gucci,24,https://www.vinted.it/items/8278615919-gucci-mocassins-enfant?referrer=catalog,33,8278615919,Sold,01/03/2026 10:28:54,,https://images1.vinted.net/t/06_0164b_eUhgQWsBsnQPxrXdNh9KZxgu/310x430/1772277829.webp?s=f4cb483f156f481978f1b1a098c645d387f42bd8,12,8
Cardigan Gucci Donna tg S,473.2,Gucci,S / IT 40 / EU 36,https://www.vinted.it/items/8278612502-cardigan-gucci-donna-tg-s?referrer=catalog,4,8278612502,Sold,01/03/2026 10:28:54,,https://images1.vinted.net/t/06_00613_mptPhgMwsbxLdSSANoP4u5LH/310x430/1772277809.webp?s=22a32843bd77c61ff43f2dc8e769bb972794c469,12,8
Borsa Gucci mini Jackie 1961,1.173,Gucci,0,https://www.vinted.it/items/8278608033-borsa-gucci-mini-jackie-1961?referrer=catalog,3,8278608033,Sold,01/03/2026 10:28:54,,https://images1.vinted.net/t/03_01b0d_BVasUudFPkuKJCf5VAkxAip2/310x430/1772277782.webp?s=331f6b1e150b853d8c656a362c39ac64a35894db,12,8
Gucci Grip,612.0,Gucci,30–38 mm,https://www.vinted.it/items/8278606054-gucci-grip?referrer=catalog,5,8278606054,Sold,01/03/2026 10:28:54,,https://images1.vinted.net/t/06_01876_kiRhsNF2zvxxfGKxjzSJjX8v/310x430/1772277771.webp?s=660f5fe7628e792699a049b2de86540e9dea4345,12,8
GUCCI Schal Monogramm GG - Anthrazit/ Grau - 100% Seta Silk,189.7,Gucci,0,https://www.vinted.it/items/8278600326-gucci-schal-monogramm-gg-anthrazit-grau-100-seta-silk?referrer=catalog,2,8278600326,Sold,01/03/2026 10:28:54,,https://images1.vinted.net/t/01_00f8f_2DxBsewPyWE21rCgrThvSmt6/310x430/1772277736.webp?s=21fa037ef7f9704c0101c12be3f2ab1396dbad95,12,8
Gucci bloom 100ml,63.7,Gucci,0,https://www.vinted.it/items/8278599918-gucci-bloom-100ml?referrer=catalog,1,8278599918,Sold,01/03/2026 10:28:54,,https://images1.vinted.net/t/01_025fd_MLKKcbvUKAKrTUezZbiejvbd/310x430/1772277734.webp?s=910975b7a84e7108cb8a4189c9604ef2c8c94d2e,12,8
Gucci Bloom EDT,53.2,Gucci,0,https://www.vinted.it/items/8278596732-gucci-bloom-edt?referrer=catalog,0,8278596732,Sold,01/03/2026 10:28:54,,https://images1.vinted.net/t/05_00964_reNakjbMDcccACr9da4mPFwj/310x430/1772277715.webp?s=5b6e63a0b00f731cf4e1d143ead7a9599ae27068,12,8
Capello Gucci in tessuto GG Originale,315.7,Gucci,L,https://www.vinted.it/items/8278593957-capello-gucci-in-tessuto-gg-originale?referrer=catalog,0,8278593957,Sold,01/03/2026 10:28:54,,https://images1.vinted.net/t/05_01c88_obdmXr3cHejiBYNGMxqhfqXX/310x430/1772277739.webp?s=766a9b14c6ccb60eb121ff47b06ec22d57d1c08a,12,8
Neu original Gucci Horsebit Ballerinas braun beige 40,683.4,Gucci,40,https://www.vinted.it/items/8278585988-neu-original-gucci-horsebit-ballerinas-braun-beige-40?referrer=catalog,16,8278585988,Sold,01/03/2026 10:28:54,,https://images1.vinted.net/t/05_014e1_T5B1JbSwVDMAcJoHEaZJQkKf/310x430/1772277652.webp?s=3dc8916ec0cb9443fefbf37b862cc2d0a2bda977,12,8
Westman Gucci rossetto,47.95,Westman Atelier,0,https://www.vinted.it/items/8278584778-westman-gucci-rossetto?referrer=catalog,10,8278584778,Sold,01/03/2026 10:28:54,,https://images1.vinted.net/t/05_01fb0_kiHa8YRVmEuw6X7bNksNXe2h/310x430/1772277645.webp?s=ecf33ac36e3af5c1d81bb05fcea02f140faf2cd6,12,8
Sandali Gucci,189.7,Gucci,32,https://www.vinted.it/items/8278582539-sandali-gucci?referrer=catalog,20,8278582539,Sold,01/03/2026 10:28:54,,https://images1.vinted.net/t/06_01a80_5CNvzRkfDocBfY7mtvNuEK1j/310x430/1772277631.webp?s=e4da92d29f945c6d73cecc9e1be6c84d7d045ede,12,8
Gucci trainers,399.7,Gucci,39.5,https://www.vinted.it/items/8278579284-gucci-trainers?referrer=catalog,0,8278579284,Sold,01/03/2026 10:28:54,,https://images1.vinted.net/t/06_0201e_uGHM123STV8M4TA3z5xHwhw4/310x430/1772277612.webp?s=2ed2fcadeddc6256cd2fdf47b01db17576391eb8,12,8
Gucci x Adidas sneakers NEW 🌻,368.2,Gucci x adidas,43,https://www.vinted.it/items/8249985796-gucci-x-adidas-sneakers-new?referrer=catalog,5,8249985796,Sold,01/03/2026 10:28:54,,https://images1.vinted.net/t/06_006fe_4i2M31xJcwdN19qHSp3S85eV/310x430/1771931053.webp?s=e36efea5ce168f851732eec48f526780f207c863,12,8
Candela Gucci,210.7,Gucci,0,https://www.vinted.it/items/8278569531-candela-gucci?referrer=catalog,4,8278569531,Sold,01/03/2026 10:28:54,,https://images1.vinted.net/t/05_01129_RncA82dFmD4oVpipdDvMjqGe/310x430/1772277555.webp?s=f1f271eb934b11317424bbc3dde5b7e62f681162,12,8
porte-carte gucci,89.95,Gucci,0,https://www.vinted.it/items/8278040691-porte-carte-gucci?referrer=catalog,2,8278040691,Sold,01/03/2026 10:28:54,,https://images1.vinted.net/t/05_00592_Fyjt6onQx3y5D7dBmp9fFf7X/310x430/1772274444.webp?s=38f0c4a30266b1e947c5ad47771bf08b0d019e86,12,8
Perfume Le Parfum Secret nº 285 – 30 ml | Alta perfumería (Flora de Gucci),7.0,Local,0,https://www.vinted.it/items/8278567127-perfume-le-parfum-secret-no-285-30-ml-alta-perfumeria-flora-de-gucci?referrer=catalog,0,8278567127,Sold,01/03/2026 10:28:54,,https://images1.vinted.net/t/06_01515_zZ4tT278DhFiU4LW3a8hdcob/310x430/1772277541.webp?s=f01a1b7b96e6aa392274a2133c4034ccafe1b734,12,8
Porte-cartes Gucci en cuir et denim bleu jean neuf,104.65,Gucci,0,https://www.vinted.it/items/8278030878-porte-cartes-gucci-en-cuir-et-denim-bleu-jean-neuf?referrer=catalog,2,8278030878,Sold,01/03/2026 10:28:54,,https://images1.vinted.net/t/06_01563_jSWUKPqaYmNeYC92kRn9s82r/310x430/1772274385.webp?s=5a9a294da2eae0d98910f520c2430fe1275df1e0,12,8
Gucci Guilty Absolute pour femme 50ml  eau de parfum,42.7,Gucci,0,https://www.vinted.it/items/8278549208-gucci-guilty-absolute-pour-femme-50ml-eau-de-parfum?referrer=catalog,5,8278549208,Sold,01/03/2026 10:29:22,,https://images1.vinted.net/t/06_00a55_ZNFkDVUJpMWvdu2HtTMiE4Nc/310x430/1772277438.webp?s=bc8c29e93988327235629ba640a8ef1ecfd9baa9,12,9
Casquette Gucci Dubaï,368.19,Gucci,M,https://www.vinted.it/items/8278546624-casquette-gucci-dubai?referrer=catalog,14,8278546624,Sold,01/03/2026 10:29:22,,https://images1.vinted.net/t/05_008dd_55e5ouE13ohUYtPbLZsbpgsp/310x430/1772277423.webp?s=bc0c7647fac8bc909bc801238fc544ee13c8a7c2,12,9
Sac gucci,775.2,Gucci,0,https://www.vinted.it/items/8278525851-sac-gucci?referrer=catalog,0,8278525851,Sold,01/03/2026 10:29:22,,https://images1.vinted.net/t/06_02607_Di2B5uCHrMQ99UgEMLBDWuWW/310x430/1772277300.webp?s=239cf4e0338b3d2ba1e80775401d5c92c13de1d5,12,9
Borsa Gucci GG Zumi Originale,1.53,Gucci,0,https://www.vinted.it/items/8278525123-borsa-gucci-gg-zumi-originale?referrer=catalog,2,8278525123,Sold,01/03/2026 10:29:22,,https://images1.vinted.net/t/06_00cff_iv9MzQGZTsc9ywQM8AZSYZB5/310x430/1772277753.webp?s=3f513b1cc30efc1c7e3cdabb0aff288a075912d7,12,9
Sciarpa Gucci grigia,315.7,Gucci,0,https://www.vinted.it/items/8278508219-sciarpa-gucci-grigia?referrer=catalog,0,8278508219,Sold,01/03/2026 10:29:22,,https://images1.vinted.net/t/03_016e6_R66J76tCLNGAVhzwjszDVDDC/310x430/1772277196.webp?s=a7ea8715e2214529a7cb4bfbefe75700d63d5c44,12,9
Gucci Bamboo,47.95,Bamboo,0,https://www.vinted.it/items/8278503800-gucci-bamboo?referrer=catalog,0,8278503800,Sold,01/03/2026 10:29:22,,https://images1.vinted.net/t/05_01649_GK3AxQckAfRtP49iwhUqayWo/310x430/1772277171.webp?s=3f57735e7237030beee23adf4d35889e1611a647,12,9
Chaussure Gucci,263.2,Gucci,40,https://www.vinted.it/items/8278500349-chaussure-gucci?referrer=catalog,0,8278500349,Sold,01/03/2026 10:29:22,,https://images1.vinted.net/t/03_0259f_YF9WjhvuNJVMGfND2EpsTAH5/310x430/1772277150.webp?s=e7f0bd0aad272ebd8c8a67fbfb196f4c41d426de,12,9
Casquette Gucci,231.7,Gucci,M,https://www.vinted.it/items/8278482819-casquette-gucci?referrer=catalog,1,8278482819,Sold,01/03/2026 10:29:22,,https://images1.vinted.net/t/05_0181c_K21upTG1hEmQJqjFX5GVSJWT/310x430/1772277049.webp?s=06807ac46bab567c9e111d6711ecc9ff2c625829,12,9
Foulard donna Gucci 100% seta 60 × 60,83.65,Gucci,0,https://www.vinted.it/items/8278480898-foulard-donna-gucci-100-seta-60-x-60?referrer=catalog,8,8278480898,Sold,01/03/2026 10:29:22,,https://images1.vinted.net/t/01_00325_PgMPUCWNxknRF5qDNsuahJLb/310x430/1772277038.webp?s=01ddc5d8f1f6e1ed8449b120d0c2e1bcff9c265e,12,9
Pantoletten von Gucci,268.45,Gucci,40,https://www.vinted.it/items/8278472838-pantoletten-von-gucci-neu?referrer=catalog,1,8278472838,Sold,01/03/2026 10:29:22,,https://images1.vinted.net/t/06_00dfd_8pXK5okqpigcMeuL1B4nqJjt/310x430/1772276991.webp?s=fc10e40eb5ebe0c47e2e7b8bc96a8438361a4718,12,9
Casquette Gucci,368.2,Gucci,M,https://www.vinted.it/items/8278468681-casquette-gucci?referrer=catalog,1,8278468681,Sold,01/03/2026 10:29:22,,https://images1.vinted.net/t/01_00fc1_fU7F6iGVkvpxbvJspub8cxn7/310x430/1772276967.webp?s=a0357d6bf2fb559097de03e63424370833229a4e,12,9
The alchemist s garden A winter melody Gucci 150 ml,149.8,Gucci,0,https://www.vinted.it/items/8278466364-the-alchemist-s-garden-a-winter-melody-gucci-150-ml?referrer=catalog,2,8278466364,Sold,01/03/2026 10:29:22,,https://images1.vinted.net/t/06_00bdb_vBj4caxb9Vkb6dEosTqnFxGD/310x430/1772276953.webp?s=72d7618ba726e93177d6f8a400a1313e19dadbc1,12,9
Bracciale,210.7,Gucci,0,https://www.vinted.it/items/8278463419-bracciale?referrer=catalog,29,8278463419,Sold,01/03/2026 10:29:22,,https://images1.vinted.net/t/04_0071b_uTE1WE4nA8C3bbZ38fw2K7ju/310x430/1772276936.webp?s=deaccb1c011d2a8f8baaf0383984f4d96149f604,12,9
Mocassin Gucci,242.2,Gucci,42,https://www.vinted.it/items/8278431870-mocassin-gucci?referrer=catalog,17,8278431870,Sold,01/03/2026 10:29:22,,https://images1.vinted.net/t/05_00edc_jvyrXn2gZQsxpgaJQBp1dAQt/310x430/1772276753.webp?s=0a3c9885560a8940ea8994eeb09b5827f38c0b5a,12,9
Sac Gucci,663.0,Gucci,0,https://www.vinted.it/items/8277709009-sac-gucci?referrer=catalog,52,8277709009,Sold,01/03/2026 10:29:22,,https://images1.vinted.net/t/06_016f6_CbnMnbV2RycMAf5XuByAraJk/310x430/1772272334.webp?s=8910da4eb6a261e5444285dc246479e2f5b035fe,12,9
Vendo scarpe Gucci in ottime condizioni,79.45,Gucci,42,https://www.vinted.it/items/8294764393-vendo-scarpe-gucci-in-ottime-condizioni?referrer=catalog,0,8294764393,Sold,02/03/2026 04:51:17,,https://images1.vinted.net/t/05_00655_QFamqdK1c5DtQKHTKdL1Emh7/310x430/1772421921.webp?s=1b23df2a023889d9b844e3eca114456e09da5d8f,8,1
Borsa gucci,441.7,Gucci,0,https://www.vinted.it/items/8284105793-borsa-gucci?referrer=catalog,1,8284105793,Sold,02/03/2026 04:51:17,,https://images1.vinted.net/t/01_009a3_TxwyxaKYggBA4CYkm4nrmfJT/310x430/1772312419.webp?s=e21ff548875f60aa9fdc31325f3406a2191a883c,8,1
Casquette Gucci,242.2,Gucci,S,https://www.vinted.it/items/8290660337-casquette-gucci?referrer=catalog,3,8290660337,Sold,02/03/2026 04:53:02,,https://images1.vinted.net/t/06_01828_N3CdSPXAywqQNXuSaQuQBKPL/310x430/1772380035.webp?s=a8007d5cb3500cdd8b95c58f9e96fb71487f80a4,8,5
Pantalon élastique,41.65,Gucci,24-36 mesi / 92 cm,https://www.vinted.it/items/8290655299-pantalon-elastique-gucci?referrer=catalog,1,8290655299,Sold,02/03/2026 04:53:02,,https://images1.vinted.net/t/01_0185d_7AAcrwrzhDTzPrYSvXQtkcd3/310x430/1772380014.webp?s=bd03bc80755f9411d47391907017c4dbc6bded37,8,5
Poudre de beauté Éclat soleil (Bronzing Powder) Gucci,47.95,Gucci,0,https://www.vinted.it/items/8290637089-poudre-de-beaute-eclat-soleil-bronzing-powder-gucci?referrer=catalog,0,8290637089,Sold,02/03/2026 04:53:02,,https://images1.vinted.net/t/01_0038c_q9Teo6d4d4wNEWczdo35bq1t/310x430/1772379938.webp?s=b80ca96b29d610f96934e67f9e717469f448ebda,8,5
Gucci Cub3d Sneakers - Originales con Factura y Full Set,504.7,Gucci,41,https://www.vinted.it/items/8290637544-gucci-cub3d-sneakers-originales-con-factura-y-full-set?referrer=catalog,8,8290637544,Sold,02/03/2026 04:53:02,,https://images1.vinted.net/t/06_0002f_oGe3hp8sXGHTx88eroN8Xp3G/310x430/1772379940.webp?s=04b65ef3cf0414037ea69286bc35038353454a5f,8,5
Gucci mocassino princetown,525.7,Gucci,40,https://www.vinted.it/items/8289773928-gucci-mocassino-princetown?referrer=catalog,34,8289773928,Sold,02/03/2026 04:53:02,,https://images1.vinted.net/t/01_0232a_gDWs64z5VZqdUhdvr1UX9zAE/310x430/1772376281.webp?s=d73c6cf1bb1ad4313f333f781b30cd2387d3dbc3,8,5
Gucci sjaal zwart,84.7,Gucci,0,https://www.vinted.it/items/8290599017-gucci-sjaal-zwart?referrer=catalog,1,8290599017,Sold,02/03/2026 04:53:02,,https://images1.vinted.net/t/06_01e47_cjqkVep6FNHiL6h1o8gybeRH/310x430/1772379778.webp?s=4182f99c92245f6751476b2c6093a238a649ac66,8,5
Libro,4.9,No brand,0,https://www.vinted.it/items/8290598634-libro?referrer=catalog,0,8290598634,Sold,02/03/2026 04:53:02,,https://images1.vinted.net/t/06_02450_WBf1Ghm1TuVWAWo5QQTEfiT2/310x430/1772379777.webp?s=b044e7178902b5d00e7eed7dc9113f8b74ec1d25,8,5
Gucci GG Gürtel Schwarz Gr. 95 Original,209.65,Gucci,95 cm,https://www.vinted.it/items/8290577811-gucci-gg-gurtel-schwarz-gr-95-original?referrer=catalog,4,8290577811,Sold,02/03/2026 04:53:02,,https://images1.vinted.net/t/05_01dda_b5xvuke1SEs3R2myxP6iChGN/310x430/1772379690.webp?s=da1dad7f6f915a0817c7858ba4024e04a385a6ed,8,5
echarpe Gucci noir et gris,210.7,Gucci,0,https://www.vinted.it/items/8290570952-echarpe-gucci-noir-et-gris?referrer=catalog,8,8290570952,Sold,02/03/2026 04:53:02,,https://images1.vinted.net/t/06_0206c_Sf2D3ZMoWKhRCceGmiaS7Wa2/310x430/1772379661.webp?s=dc106e954bb0e7ecdf936d89d1096e06d1e43ea8,8,5
Profumo donna Gucci flora gorgeous Jasmine,47.95,Gucci,0,https://www.vinted.it/items/8290563596-profumo-donna-gucci-flora-gorgeous-jasmine?referrer=catalog,9,8290563596,Sold,02/03/2026 04:53:02,,https://images1.vinted.net/t/01_018b4_xtVGdiBCMDhAjZDhwmSvPhJF/310x430/1772379630.webp?s=a330e099dfdbac4bce0cabc6b347d0377cd6fa44,8,5
Foulard neuf,5.95,Gucci,0,https://www.vinted.it/items/8290558205-foulard-neuf?referrer=catalog,6,8290558205,Sold,02/03/2026 04:53:02,,https://images1.vinted.net/t/06_01163_LAtyCRVUoCRWA1ufVeeMV3Ur/310x430/1772379608.webp?s=df70b95d6e3e008072c8d2df6edb36086c62eb6e,8,5
Gucci Flora Parfum,37.45,Gucci,0,https://www.vinted.it/items/8290557589-gucci-flora-parfum?referrer=catalog,0,8290557589,Sold,02/03/2026 04:53:03,,https://images1.vinted.net/t/04_008f0_EnqjHcFAJcbEfZe9U9xGXLaS/310x430/1772379606.webp?s=b79ee2e2e11b65e8b838aa3a9534cf90e35c2495,8,5
Solo confezione,5.95,Gucci,0,https://www.vinted.it/items/8259515153-solo-confezione?referrer=catalog,2,8259515153,Sold,02/03/2026 04:53:03,,https://images1.vinted.net/t/05_0106e_9oT5Dr6scbtKRVwuS51GsJaE/310x430/1772033637.webp?s=8db26c5970911e23454838a903a93109a53dacfc,8,5
Pantalone bimbo gucci originale,32.2,Gucci,24-36 mesi / 92 cm,https://www.vinted.it/items/8259491812-pantalone-bimbo-gucci-originale?referrer=catalog,0,8259491812,Sold,02/03/2026 04:53:03,,https://images1.vinted.net/t/06_01b2f_oVTEgG7GsHw1pz5YuXxupR4f/310x430/1772033479.webp?s=c6bd9a1aa57364d315af33c02baa5e54435c76b7,8,5
Sneaker Rhyton donna in pelle con logo Gucci,735.7,Gucci,39,https://www.vinted.it/items/8290526592-sneaker-rhyton-donna-in-pelle-con-logo-gucci?referrer=catalog,0,8290526592,Sold,02/03/2026 04:53:03,,https://images1.vinted.net/t/04_00329_J9kbAgUBiskiE9mgptz9ei9Z/310x430/1772379475.webp?s=7f55e338743c0ad8f86c64aeef193dbe3ec49b2d,8,5
Gucci perfumed body lotion 200ml,16.45,Gucci,0,https://www.vinted.it/items/8290494851-gucci-perfumed-body-lotion-200ml?referrer=catalog,2,8290494851,Sold,02/03/2026 04:53:03,,https://images1.vinted.net/t/01_01c01_2NdeGLCNy34hs5UT6bn7TpuH/310x430/1772379342.webp?s=c993974591890d198abb21f73d9fe6c32eb20d0a,8,5
Bob Gucci,262.15,Gucci,M,https://www.vinted.it/items/8290485222-bob-gucci?referrer=catalog,2,8290485222,Sold,02/03/2026 04:53:03,,https://images1.vinted.net/t/04_00f6a_hZjL8rch1BiAuofnRRD9zXNB/310x430/1772379300.webp?s=f52b58fe9b6510fc34a28bda99eb65a3642c36ff,8,5
Sacoche Gucci banane,336.7,Gucci,0,https://www.vinted.it/items/8290472353-sacoche-gucci-banane?referrer=catalog,8,8290472353,Sold,02/03/2026 04:53:03,,https://images1.vinted.net/t/05_018fd_svTwNqiULSZkhgtdAyLWjWyB/310x430/1772379245.webp?s=abfeed612b6d2b08587b151d4ff7acd527049f6b,8,5
Bottes en cuir Gucci,998.2,Gucci,35,https://www.vinted.it/items/8290456675-bottes-en-cuir-gucci?referrer=catalog,3,8290456675,Sold,02/03/2026 04:53:03,,https://images1.vinted.net/t/06_0269f_ZeeBWPofw7BnSc7ybJATyJAe/310x430/1772379178.webp?s=3795763390c8f4b6f983d5fe64ec836759eac7dc,8,5
Anello d’oro Gucci,3.3607,Gucci,16,https://www.vinted.it/items/8290429599-anello-doro-gucci?referrer=catalog,0,8290429599,Sold,02/03/2026 04:53:03,,https://images1.vinted.net/t/05_01f25_Z1MASH4aVpwPGhEvyFLiCJVL/310x430/1772379064.webp?s=55baa46383ea8a3a965f1ee6deac5426cf4b8efc,8,5
GUCCI Cotton knit zip bomber jacket | nieuwstaat,420.69,Gucci,S,https://www.vinted.it/items/8290166644-gucci-cotton-knit-zip-bomber-jacket-nieuwstaat?referrer=catalog,1,8290166644,Sold,02/03/2026 04:53:03,,https://images1.vinted.net/t/05_0147b_FPNjx2e2qRoRCSiKU6is2AC8/310x430/1772377950.webp?s=157dabee4aa731fde86b27c355e8e01aca335e30,8,5
Bolso Gucci,525.7,Gucci,0,https://www.vinted.it/items/8259398559-bolso-gucci?referrer=catalog,20,8259398559,Sold,02/03/2026 04:53:03,,https://images1.vinted.net/t/05_00b26_V1ZSQMbPy99ag6hCAd21etcz/310x430/1772032831.webp?s=d2088e81e6cca72275959d80a6c277c0a95d3dd4,8,5
Gucci - G-Timeless YA1264128,525.7,Gucci,30–38 mm,https://www.vinted.it/items/8142546805-gucci-g-timeless-ya1264128?referrer=catalog,2,8142546805,Sold,02/03/2026 04:53:03,,https://images1.vinted.net/t/06_0006f_G8J2maEyYePCVozQnAWtTiKB/310x430/1772378858.webp?s=937b20acf9f46eb7ca6436635840ca357fb9f542,8,5
Gucci Marmont GG Sneaker,467.95,Gucci,36.5,https://www.vinted.it/items/8290360444-gucci-marmont-gg-sneaker?referrer=catalog,4,8290360444,Sold,02/03/2026 04:53:03,,https://images1.vinted.net/t/05_01e65_r3RMXwKCQffG8iQ3qQYUGkS5/310x430/1772378772.webp?s=c1a9b494968e0b9d91785f52b5b9c1535d1caecc,8,5
Pochette Gucci,16.45,Gucci,0,https://www.vinted.it/items/8290337943-pochette-gucci?referrer=catalog,2,8290337943,Sold,02/03/2026 04:53:03,,https://images1.vinted.net/t/05_00e10_7fQqTuP5tnpr4gt9sJhFjBov/310x430/1772378677.webp?s=0721c984b2891455a9e25de10a477f3e3587da60,8,5
Sciarpa Gucci,189.7,Gucci,0,https://www.vinted.it/items/8290327723-sciarpa-gucci?referrer=catalog,6,8290327723,Sold,02/03/2026 04:53:03,,https://images1.vinted.net/t/05_022c9_ktdB8P1NP8d1w6UmToKJes82/310x430/1772378634.webp?s=431a9643a2a33bf480d67e491a541c5569dbe9eb,8,5
Gucci scarpe,735.7,Gucci,37.5,https://www.vinted.it/items/8290319590-gucci-scarpe?referrer=catalog,0,8290319590,Sold,02/03/2026 04:53:03,,https://images1.vinted.net/t/03_01e59_mWkQfx6GoGczBhtgRKFa6oF1/310x430/1772378599.webp?s=d5212834d8938f067d5efa77749c1f704841f074,8,5
Original Gürtel Gucci,273.7,Gucci,90 cm,https://www.vinted.it/items/8290296005-original-gurtel-gucci?referrer=catalog,3,8290296005,Sold,02/03/2026 04:53:03,,https://images1.vinted.net/t/04_005e4_jRGuzT13oP5NWhVh2yCR8ohZ/310x430/1772378498.webp?s=9999df0a77d91d594c749ddc015de713cef5018c,8,5
Chaussure derby,210.7,Gucci,44,https://www.vinted.it/items/8290283407-chaussure-derby?referrer=catalog,4,8290283407,Sold,02/03/2026 04:53:03,,https://images1.vinted.net/t/03_01721_bxSzvNpBAXHworBNFrwvgbvd/310x430/1772378446.webp?s=528cf2e319abc91f347ab12687bca47ff9632edc,8,5
Portacarte Gucci- originale- senza scatola,74.19,Gucci,0,https://www.vinted.it/items/8259376175-portacarte-gucci-originale-senza-scatola?referrer=catalog,1,8259376175,Sold,02/03/2026 04:53:03,,https://images1.vinted.net/t/04_0096b_Mc9VLfFwD2sTiBogq9BFptRN/310x430/1772032674.webp?s=2f4a5b04eb71d43c3e1047226144e03f70089776,8,5
Mocassins jordaan gucci,441.7,Gucci,40,https://www.vinted.it/items/8290271652-mocassins-jordaan-gucci?referrer=catalog,24,8290271652,Sold,02/03/2026 04:53:03,,https://images1.vinted.net/t/05_0120b_ChhrqkBorr5Neu8AFxv2Q2UV/310x430/1772378396.webp?s=50974d1eb53c2e7128e9a5b4a0d2a7034eb6d56f,8,5
Gucci,168.7,Gucci,0,https://www.vinted.it/items/8290266326-gucci?referrer=catalog,2,8290266326,Sold,02/03/2026 04:53:03,,https://images1.vinted.net/t/05_01324_ny1J73r4J7hyG7ptbnN88JBA/310x430/1772378373.webp?s=37e49ee40c23877a9f9ce475c436037526b1f8be,8,5
Parfum Gucci Bloom 100ml,84.7,Gucci,0,https://www.vinted.it/items/8290195662-parfum-gucci-bloom-100ml?referrer=catalog,0,8290195662,Sold,02/03/2026 04:53:03,,https://images1.vinted.net/t/06_01d9b_mCfmUeJiu5iY6wwSJuzGrqdc/310x430/1772378073.webp?s=ff0115f488d6d9c730ebcda7352b82d9df9e3163,8,5
Gafas sol mujer Gucci,16.45,Gucci,0,https://www.vinted.it/items/8290189572-gafas-sol-mujer-gucci?referrer=catalog,1,8290189572,Sold,02/03/2026 04:53:03,,https://images1.vinted.net/t/05_01d26_Aovm3FWuFfNcX5pAUr8JimAv/310x430/1772378046.webp?s=1ef25c1689bfa462d9a667b84daa93ea2dcc7c81,8,5
Haut manches longues,95.2,Gucci,8 anni / 128 cm,https://www.vinted.it/items/8290182166-haut-manches-longues?referrer=catalog,2,8290182166,Sold,02/03/2026 04:53:03,,https://images1.vinted.net/t/06_012d3_T2W3wRFER7gjKmh95JomzkVw/310x430/1772378015.webp?s=b068293b316a03543234967c33958861c5d45808,8,5
Eau de parfum,16.45,Gucci,0,https://www.vinted.it/items/8290177756-eau-de-parfum?referrer=catalog,2,8290177756,Sold,02/03/2026 04:53:03,,https://images1.vinted.net/t/06_00338_1DMnAAbfDu3UdUz1sN7CmA9K/310x430/1772377997.webp?s=1fd725f195f8bc8858fd9991bf5a8f4f06fa2bf8,8,5
Zonnebril Gucci,105.7,Gucci,0,https://www.vinted.it/items/8290111959-zonnebril-gucci?referrer=catalog,40,8290111959,Sold,02/03/2026 04:53:03,,https://images1.vinted.net/t/03_01d58_1Cga2JQjeB8PhqvwbZohV9jt/310x430/1772377717.webp?s=cb8a21cc6d3e2facd7e52593c20eddbb43f66e0f,8,5
Gucci,893.2,Gucci,0,https://www.vinted.it/items/8290100559-gucci?referrer=catalog,0,8290100559,Sold,02/03/2026 04:53:03,,https://images1.vinted.net/t/06_01d9a_LqsDNPWbTfv49CVkA32R97Pp/310x430/1772377669.webp?s=c079a140235736aa42533521155d306e5e394dae,8,5
Gucci Guilty Absolute pour Femme Eau de Parfum 90ml,63.7,Gucci,0,https://www.vinted.it/items/8290093423-gucci-guilty-absolute-pour-femme-eau-de-parfum-90ml?referrer=catalog,0,8290093423,Sold,02/03/2026 04:53:03,,https://images1.vinted.net/t/04_0046f_Cm8LQhKB7BBwnxRVwxzmVXDy/310x430/1772377638.webp?s=9f7f81e4713dada0b0e051be19112021812e3d8c,8,5
Masque de ski Gucci,263.2,Gucci,0,https://www.vinted.it/items/8290090709-masque-de-ski-gucci?referrer=catalog,1,8290090709,Sold,02/03/2026 04:53:03,,https://images1.vinted.net/t/01_01d58_3Fu6nSdcPHqysVzBNVvLgU9o/310x430/1772377627.webp?s=fd02bcacba2c92bcefb28891da7f2472d6325dd5,8,5
Sneakers Gucci,53.2,Gucci,23,https://www.vinted.it/items/8290088928-sneakers-gucci?referrer=catalog,2,8290088928,Sold,02/03/2026 04:53:03,,https://images1.vinted.net/t/06_003ad_voZN6WtyrbST8etyyFM9yFef/310x430/1772377619.webp?s=3a9837b114d66fdad509530102ac80f942069869,8,5
Cappello Gucci,525.7,Gucci,XS,https://www.vinted.it/items/8290071448-cappello-gucci?referrer=catalog,1,8290071448,Sold,02/03/2026 04:53:03,,https://images1.vinted.net/t/05_015f0_jqHeHspUQ4sx1sfaa1hTn6g9/310x430/1772377545.webp?s=d3fa4fc69af6e561136cd11774296b62d7ad7887,8,5
Borsa Jackie Gucci,1.8382,Gucci,0,https://www.vinted.it/items/8290057263-borsa-jackie-gucci?referrer=catalog,6,8290057263,Sold,02/03/2026 04:53:03,,https://images1.vinted.net/t/05_01325_nC186ZfqrwMnHLT6cjjsXqj9/310x430/1772377486.webp?s=c44fbb780df8719cfca404c07e24276ce97e1665,8,5
Gucci Segentuch Sneaker,368.2,Gucci,38,https://www.vinted.it/items/8290054663-gucci-segentuch-sneaker?referrer=catalog,0,8290054663,Sold,02/03/2026 04:53:03,,https://images1.vinted.net/t/03_018b2_NWTr3oGqbtHgeMr2nXF9SKBQ/310x430/1772377475.webp?s=909303c08a6c2d590350e723baf618ca40e4b55b,8,5
Cappotto donna Gucci,830.2,Gucci,M / IT 42 / EU 38,https://www.vinted.it/items/8290054633-cappotto-donna-gucci?referrer=catalog,3,8290054633,Sold,02/03/2026 04:53:03,,https://images1.vinted.net/t/05_01bd8_q5tMWhPS7A8XugaPTinQBNhm/310x430/1772377475.webp?s=0f2785fd55d85cedf0414e773c3027ead73334a5,8,5
sneaker Gucci Ace in pelle nera con ricamo a fiamma.,189.7,Gucci,44,https://www.vinted.it/items/8290052626-sneaker-gucci-ace-in-pelle-nera-con-ricamo-a-fiamma?referrer=catalog,1,8290052626,Sold,02/03/2026 04:53:03,,https://images1.vinted.net/t/06_0001e_yFnZQuYJ8bcxEkjGhTL1XpFk/310x430/1772377466.webp?s=889ff1e148ef3e1c7e61d551ad58fd388bc920c1,8,5
Gucci Ace Sneakers,315.7,Gucci,41,https://www.vinted.it/items/8290048588-gucci-ace-sneakers?referrer=catalog,2,8290048588,Sold,02/03/2026 04:53:03,,https://images1.vinted.net/t/06_018e4_xEk5hgujbHxCu5AWgXTkhVWs/310x430/1772377476.webp?s=3ea42bb4d3f6c424aa52809d2e2d9b4c2861be9e,8,5
Ceinture ajustable Gucci authentique en bon état,53.2,Gucci,100 cm,https://www.vinted.it/items/8286954398-ceinture-ajustable-gucci-authentique-en-bon-etat?referrer=catalog,2,8286954398,Sold,02/03/2026 04:53:03,,https://images1.vinted.net/t/06_00992_CPKuWapgtMpeg915NPtQVoBL/310x430/1772363363.webp?s=745c23e3c79ab28d0f83384ec6a2028b7ea42abe,8,5
Gucci set Kinder,294.7,Gucci,3 anni / 98 cm,https://www.vinted.it/items/8290024759-gucci-set-kinder?referrer=catalog,15,8290024759,Sold,02/03/2026 04:53:03,,https://images1.vinted.net/t/01_02353_1vynKeiyeNoYNmPiyE9DwQVd/310x430/1772377347.webp?s=a4e2a05f79fad86df02d2473b57b614f5ddd44a6,8,5
Cintura Gucci nera pelle,189.7,Gucci,115 cm,https://www.vinted.it/items/8290002372-cintura-gucci-nera-pelle?referrer=catalog,5,8290002372,Sold,02/03/2026 04:53:03,,https://images1.vinted.net/t/01_0226e_pM86Ms2K52iAXWpNRrQRbiLd/310x430/1772377252.webp?s=8266e62fdbd6dc3c8efef0e6fe67c3c7d2894ef4,8,5
Medias Gucci,131.95,Gucci,XS / IT 38 / EU 34,https://www.vinted.it/items/8259192700-medias-gucci?referrer=catalog,1,8259192700,Sold,02/03/2026 04:53:03,,https://images1.vinted.net/t/05_01569_qm6LpA7roMi9sQDDwLLH9sPK/310x430/1772031397.webp?s=58483bbd3cfa701038d3c7e2bb0d8f2be9839edb,8,5
Gucci foundation,63.7,Gucci,0,https://www.vinted.it/items/8259134706-gucci-foundation?referrer=catalog,0,8259134706,Sold,02/03/2026 04:53:03,,https://images1.vinted.net/t/06_00e69_jjhiRjHMSmhjJrSdWBeB5RA3/310x430/1772030999.webp?s=d772bde42d74bf0a67b76e878a74590f2e4b6ba0,8,5
Neue Sonnenbrille von Gucci,189.7,Gucci,0,https://www.vinted.it/items/8289976363-neue-sonnenbrille-von-gucci?referrer=catalog,4,8289976363,Sold,02/03/2026 04:53:03,,https://images1.vinted.net/t/06_005b0_jgzp7b3yPE3857skR9Nktb4i/310x430/1772377141.webp?s=5d4c80ee9d7587f9d556489d1711d8b94df752ba,8,5
Borsa Gucci,1.2082,Gucci,0,https://www.vinted.it/items/8289969595-borsa-gucci?referrer=catalog,0,8289969595,Sold,02/03/2026 04:53:03,,https://images1.vinted.net/t/06_01ee6_ACRdG3tuSz36CWzTLA1Vk6KA/310x430/1772377112.webp?s=b98f20c5d55e2b8a3a7b6c3afe2250769f4e4637,8,5
Banane gucci,284.2,Gucci,0,https://www.vinted.it/items/8289955148-banane-gucci?referrer=catalog,14,8289955148,Sold,02/03/2026 04:53:03,,https://images1.vinted.net/t/06_012c3_bz7FqCxGtom1xPLmGfoTPebR/310x430/1772377050.webp?s=56c6ac0533ea935ed2141e184873d0374222f4fd,8,5
Gucci Beatrix grande,1.5757,Gucci,0,https://www.vinted.it/items/8289899842-gucci-beatrix-grande?referrer=catalog,1,8289899842,Sold,02/03/2026 04:53:03,,https://images1.vinted.net/t/05_00cd2_zG4SkJUnMBCYhrJXGF1YuCbE/310x430/1772376816.webp?s=d740d1e1148718f091b6bab42444a5b9e23a4eb8,8,5
Foulard di Gucci,242.2,Gucci,0,https://www.vinted.it/items/8289878456-foulard-di-gucci?referrer=catalog,0,8289878456,Sold,02/03/2026 04:53:03,,https://images1.vinted.net/t/04_017d9_fP3U3U55stggUsrmNyvuwsAa/310x430/1772376726.webp?s=0feff639b16d210a8a4b4905f2d00bfa565c588c,8,5
Casquette Gucci,173.95,Gucci,S,https://www.vinted.it/items/8289878069-casquette-gucci?referrer=catalog,8,8289878069,Sold,02/03/2026 04:53:03,,https://images1.vinted.net/t/03_0127e_924jwz6ogr9oyf6BBhnh3XuP/310x430/1772376724.webp?s=c011da7f12e508720f94797c3420ef5547790623,8,5
Eau de parfum gucci 50mL,105.7,Gucci,0,https://www.vinted.it/items/8289853582-eau-de-parfum-gucci-50ml?referrer=catalog,0,8289853582,Sold,02/03/2026 04:53:03,,https://images1.vinted.net/t/05_0059e_GiqyhWPXm1Pg2ERbdFvBMSXm/310x430/1772376621.webp?s=6f505f98c3fdee87059eccc919a0cf755d55afce,8,5
House of Gucci - Sara Gay Forden,4.9,No brand,0,https://www.vinted.it/items/8289836185-house-of-gucci-sara-gay-forden?referrer=catalog,0,8289836185,Sold,02/03/2026 04:53:03,,https://images1.vinted.net/t/05_017e2_LbpLUFL1kKCfCTdvD3UPB58b/310x430/1772376546.webp?s=45cf2c28e861ea4eb9cf0f05e9fd7219ad661770,8,5
Gucci flora gorgeus,26.95,Gucci,0,https://www.vinted.it/items/8289826065-gucci-flora-gorgeus?referrer=catalog,3,8289826065,Sold,02/03/2026 04:53:03,,https://images1.vinted.net/t/06_015c0_qX7YnzRewbBiuVb5NNxJBifT/310x430/1772376503.webp?s=d58ec6d671e8738a3a2190a47190eba39cb521dc,8,5
Gucci gold earrings,2.0298,Gucci,0,https://www.vinted.it/items/8289822905-gucci-gold-earrings?referrer=catalog,0,8289822905,Sold,02/03/2026 04:53:28,,https://images1.vinted.net/t/05_01906_DUutiSfnABpa1p4kDXm3dt82/310x430/1772376490.webp?s=5da43cc2df1c55944a9f49098ae62fee961d177d,8,6
Basket Gucci unisex enfant,74.2,Gucci,22,https://www.vinted.it/items/8289810632-basket-gucci-unisex-enfant?referrer=catalog,14,8289810632,Sold,02/03/2026 04:53:28,,https://images1.vinted.net/t/06_01f0e_eNvyDcmfpVuMAW1bywkwQLf8/310x430/1772376437.webp?s=eccecbaf1d8bc1ca442e096d84b8edb568aeb6d6,8,6
Gucci Screener Metallic Calfskin Web,561.0,Gucci,36,https://www.vinted.it/items/8289789371-gucci-screener-metallic-calfskin-web?referrer=catalog,0,8289789371,Sold,02/03/2026 04:53:28,,https://images1.vinted.net/t/05_01eaa_z6JvTtNciMLCZgzGZBkE1QUG/310x430/1772376347.webp?s=c50c0a2e635718bb0e3b97f30055b7bb48328d88,8,6
Miniature Gucci Flora,11.2,Gucci,0,https://www.vinted.it/items/8289787417-miniature-gucci-flora?referrer=catalog,2,8289787417,Sold,02/03/2026 04:53:28,,https://images1.vinted.net/t/05_01991_qMuTBvLcNLorHYLiWHUGTWgK/310x430/1772376339.webp?s=ac468afeea89579dd923468a0c06badd5cd10232,8,6
Pumps 40 Gucci vaste prijs !,210.7,Gucci,40,https://www.vinted.it/items/8289780809-pumps-40-gucci-vaste-prijs?referrer=catalog,2,8289780809,Sold,02/03/2026 04:53:28,,https://images1.vinted.net/t/05_01b30_yMwLPoxhi11yErsQfkhV1bVh/310x430/1772376311.webp?s=daa8515452480f82de1a6c8caeb916ddc42728fa,8,6
Gucci Men’s Byorn Leather Driving Loafers,368.2,Gucci,40,https://www.vinted.it/items/8289759379-gucci-mens-byorn-leather-driving-loafers?referrer=catalog,0,8289759379,Sold,02/03/2026 04:53:28,,https://images1.vinted.net/t/05_00727_MhoagUYW5KcZXUczHVmcR6f4/310x430/1772376219.webp?s=67f95f449f6c05a405f57b816a8b1da8a5f29dae,8,6
Felpa GUCCI originale,420.7,Gucci,S / IT 40 / EU 36,https://www.vinted.it/items/8289746389-felpa-gucci-originale?referrer=catalog,0,8289746389,Sold,02/03/2026 04:53:28,,https://images1.vinted.net/t/03_00c45_A2TXnPQw4k4D1tY7nUBUT4bS/310x430/1772376165.webp?s=c0ac9556e7ff38b74af76d1740af2d202af815b9,8,6
Gucci Basket Tennis 1977,504.7,Gucci,38.5,https://www.vinted.it/items/8289722833-gucci-basket-tennis-1977?referrer=catalog,4,8289722833,Sold,02/03/2026 04:53:28,,https://images1.vinted.net/t/06_00681_a8CPohg3K2XNcXx5MJGsbRRg/310x430/1772376064.webp?s=6a6bda5ecbba880b9a8a95eae4646d95efe8a028,8,6
Claquette Gucci,179.2,Gucci,45,https://www.vinted.it/items/8289696704-claquette-gucci?referrer=catalog,4,8289696704,Sold,02/03/2026 04:53:28,,https://images1.vinted.net/t/05_01340_z7dn5bucxiSZTPVN6GLUzy5N/310x430/1772375952.webp?s=826f76f04eb61377c2f01f8796d2d75a41faf7dc,8,6
Scatola Gucci originale 25x37x14,16.45,Gucci,0,https://www.vinted.it/items/8289720745-scatola-gucci-originale-25x37x14?referrer=catalog,0,8289720745,Sold,02/03/2026 04:53:28,,https://images1.vinted.net/t/04_01c1a_efEMDoutWgx9vsn1VHkTNTLZ/310x430/1772376055.webp?s=32cac61f48c1bd2a3a1132faf0db4f0e97352ab4,8,6
Sandale Gucci,305.2,Gucci,41,https://www.vinted.it/items/8289719341-sandale-gucci?referrer=catalog,0,8289719341,Sold,02/03/2026 04:53:28,,https://images1.vinted.net/t/05_0270a_tPajgGCsbiR1r4Yt1yxMbweB/310x430/1772376049.webp?s=9d4b605faff458ca5dbf45734e22f4d3f35fdb99,8,6
Portafoglio Gucci,221.2,Gucci,0,https://www.vinted.it/items/8289709938-portafoglio-gucci?referrer=catalog,2,8289709938,Sold,02/03/2026 04:53:28,,https://images1.vinted.net/t/05_0135b_73wYL8YB6PwATGog5ViXPMWz/310x430/1772376008.webp?s=843833d0815793cac06cace98206d74f5dbf537d,8,6
Sandales Gucci – Taille 36 – État quasi neuf,530.4,Gucci,36,https://www.vinted.it/items/8289707995-sandales-gucci-taille-36-etat-quasi-neuf?referrer=catalog,40,8289707995,Sold,02/03/2026 04:53:28,,https://images1.vinted.net/t/04_01d02_hBQP1iCK7DiSGXpjkF9o7gMc/310x430/1772376000.webp?s=e6f2e627f03443f768f761593cb5e88ec021e4b3,8,6
Gucci - Bonnet Gucci Tiger,173.95,Gucci,M,https://www.vinted.it/items/8289685412-gucci-bonnet-gucci-tiger?referrer=catalog,5,8289685412,Sold,02/03/2026 04:53:28,,https://images1.vinted.net/t/06_009a5_mnw5yTbSgzPkqAwaYvoQM92C/310x430/1772375905.webp?s=b4e1752256f63ffb967097b5d64f7080ada6ba59,8,6
Gucci Ace floral,315.7,Gucci,36,https://www.vinted.it/items/8289665894-gucci-ace-floral?referrer=catalog,1,8289665894,Sold,02/03/2026 04:53:28,,https://images1.vinted.net/t/04_0145c_CJ2vD9qxZrJ64BbDuALdRxzC/310x430/1772375821.webp?s=ea20ec21e9c57b386bbef26566d623145221cf82,8,6
Tote bag Gucci,420.7,Gucci,0,https://www.vinted.it/items/8289661537-tote-bag-gucci?referrer=catalog,8,8289661537,Sold,02/03/2026 04:53:28,,https://images1.vinted.net/t/01_00af6_LaSu7v53nnzA7nfjzBsPEu6c/310x430/1772375802.webp?s=3d5de5afdaa500ac870cd0c9c4321ca3a191e503,8,6
Gucci - Rhython Interlocking GG,504.7,Gucci,44,https://www.vinted.it/items/8289654221-gucci-rhython-interlocking-gg?referrer=catalog,2,8289654221,Sold,02/03/2026 04:53:28,,https://images1.vinted.net/t/06_00b08_RPXCbN8MgT34tsoVNvwWmjvj/310x430/1772375771.webp?s=e30ad76032f0f4ff7f99e4c2b54197146a53797c,8,6
Bolso piel Gucci,1.071,Gucci,0,https://www.vinted.it/items/8289647015-bolso-piel-gucci?referrer=catalog,2,8289647015,Sold,02/03/2026 04:53:28,,https://images1.vinted.net/t/05_01212_9W1dV21ZUZWLcBBiPrJ3QA6P/310x430/1772375740.webp?s=5468d6011f3ec45bdf2a5be45f3d97427772341a,8,6
Gucci Mocassins Jordaan,446.95,Gucci,42,https://www.vinted.it/items/8289642745-gucci-mocassins-jordaan?referrer=catalog,7,8289642745,Sold,02/03/2026 04:53:28,,https://images1.vinted.net/t/01_0213d_X4k9WpbWxbqKeftAvpmRtsru/310x430/1772375722.webp?s=310a9ce5980ab6b2b83242e85d12733761499291,8,6
Gucci Mocassins GG Horsebit,446.95,Gucci,41,https://www.vinted.it/items/8289631638-gucci-mocassins-gg-horsebit?referrer=catalog,2,8289631638,Sold,02/03/2026 04:53:28,,https://images1.vinted.net/t/05_01013_b47Qf2qZ6sTobedJ5trdYUrs/310x430/1772375673.webp?s=8f776977ef8c460c235fc727e03193a76ec80eb0,8,6
Gucci Grip 38mm,446.95,Gucci,30–38 mm,https://www.vinted.it/items/8289620447-gucci-grip-38mm?referrer=catalog,1,8289620447,Sold,02/03/2026 04:53:28,,https://images1.vinted.net/t/06_01eac_FrBYAPoWroaeEYRo3CyXyNnn/310x430/1772387864.webp?s=6587bd82e0ddc85365a3bf1924315578a543e691,8,6
Profumo Gucci flora jasmine 100ml,47.95,Gucci,0,https://www.vinted.it/items/8289621168-profumo-gucci-flora-jasmine-100ml?referrer=catalog,0,8289621168,Sold,02/03/2026 04:53:28,,https://images1.vinted.net/t/05_015be_LGbz1dWDErUXoXLCWsMPXV7v/310x430/1772375630.webp?s=675f1e313642e66f89ff425b2d91a6e9b67cded8,8,6
Gucci Grip 35mm,420.7,Gucci,30–38 mm,https://www.vinted.it/items/8289609182-gucci-grip-35mm?referrer=catalog,0,8289609182,Sold,02/03/2026 04:53:28,,https://images1.vinted.net/t/05_01330_Y12KPn2JGku3gRvoJCczkjCV/310x430/1772387931.webp?s=8e282d6720a78239b6168408a54c951451b1f5de,8,6
Gucci Set de miniaturas,21.7,Gucci,0,https://www.vinted.it/items/8289603077-gucci-set-de-miniaturas?referrer=catalog,8,8289603077,Sold,02/03/2026 04:53:28,,https://images1.vinted.net/t/05_01d8c_hLVkirmRgHdzm5vwkNoSTf72/310x430/1772375551.webp?s=2dd0ada2627807e67879ae7634822bbc845d34ee,8,6
Gucci Princetown velours - Rouge,347.2,Gucci,37,https://www.vinted.it/items/8289598044-gucci-princetown-velours-rouge?referrer=catalog,3,8289598044,Sold,02/03/2026 04:53:28,,https://images1.vinted.net/t/01_0150c_GvPfh9MeQ6ZLCKrkGt8fcYmg/310x430/1772375530.webp?s=a3c7368eb318297148b8dfbc3e003d1cae2b08a3,8,6
Gucci blade,510.0,Gucci,S,https://www.vinted.it/items/8289590805-gucci-blade?referrer=catalog,0,8289590805,Sold,02/03/2026 04:53:28,,https://images1.vinted.net/t/06_02403_fwMZGZh2hfh5QCXVcP55Qm7h/310x430/1772375500.webp?s=da31f4244870dd1644cc77129df59ed135ac5092,8,6
Gucci Echarpe en laine GG,315.7,Gucci,0,https://www.vinted.it/items/8289586493-gucci-echarpe-en-laine-gg?referrer=catalog,1,8289586493,Sold,02/03/2026 04:53:28,,https://images1.vinted.net/t/03_005b8_pgNmdWjiTeKYdcj8BvSAyNpy/310x430/1772375481.webp?s=d03d5625a65c52a1728c9973a8c984b6b24a9c98,8,6
Body Gucci,612.0,Gucci,S / IT 40 / EU 36,https://www.vinted.it/items/8289590787-body-gucci?referrer=catalog,24,8289590787,Sold,02/03/2026 04:53:28,,https://images1.vinted.net/t/01_0158f_MSHzcv6oxTU9edBJSSLitQFa/310x430/1772375499.webp?s=85138732b8a32a5658913d41d9684cdb3ffac7ba,8,6
Schuhe,314.65,Gucci,40,https://www.vinted.it/items/8288655324-schuhe?referrer=catalog,4,8288655324,Sold,02/03/2026 04:53:28,,https://images1.vinted.net/t/05_00525_isTsu2QoSLcCNQDHNXoDuv1F/310x430/1772371393.webp?s=a4dc43b429ad8888300fdfc89644ead9f89bd3b2,8,6
Gucci casquette blanche,210.7,Gucci,S,https://www.vinted.it/items/8289577539-gucci-casquette-blanche?referrer=catalog,1,8289577539,Sold,02/03/2026 04:53:28,,https://images1.vinted.net/t/05_00358_GxJsX3ckqFfxCrH7iWyiz5Xa/310x430/1772375443.webp?s=75d32a46e1b4dfb67b5460ca8cae6a2678e90cd7,8,6
Occhiali da sole Gucci,125.65,Gucci,0,https://www.vinted.it/items/8289580678-occhiali-da-sole-gucci?referrer=catalog,2,8289580678,Sold,02/03/2026 04:53:28,,https://images1.vinted.net/t/06_01f03_tsh4mAfbtiC7tzgb1ypzFW6a/310x430/1772375456.webp?s=1dd77f54e2bfd9a67ee431bd572b2ff8ccd4bfb6,8,6
Gucci shirt,105.7,Gucci,18-24 mesi / 86 cm,https://www.vinted.it/items/8289568497-gucci-shirt?referrer=catalog,5,8289568497,Sold,02/03/2026 04:53:28,,https://images1.vinted.net/t/06_013c7_2bVKmFzVSQb6tkHYiHkprTUq/310x430/1772375405.webp?s=e22a94f5e5cef22973a58389b076bae207716393,8,6
Gucci chapeau bob,236.95,Gucci,M,https://www.vinted.it/items/8289556267-gucci-chapeau-bob?referrer=catalog,1,8289556267,Sold,02/03/2026 04:53:28,,https://images1.vinted.net/t/05_00f74_TZf2ZP7GpzG5oaESQwW3qWWL/310x430/1772375352.webp?s=c1d1444cd2b6c418c2a2753f422b9030d14369d3,8,6
Gucci ring,194.95,Gucci,16,https://www.vinted.it/items/8289550392-gucci-ring?referrer=catalog,1,8289550392,Sold,02/03/2026 04:53:28,,https://images1.vinted.net/t/05_022c7_86UNKQbxTkX7d9yv5PmGU1nc/310x430/1772375327.webp?s=4d5a5168032f87b18c7f75f00ec6ebfa86e9d8ec,8,6
Gucci écharpe double face GG,284.2,Gucci,0,https://www.vinted.it/items/8289545230-gucci-echarpe-double-face-gg?referrer=catalog,3,8289545230,Sold,02/03/2026 04:53:28,,https://images1.vinted.net/t/05_00fde_nhGEiiUpMfYyxVZNrrGww5BN/310x430/1772375305.webp?s=9b3d51e7f333d317a947fec76b9fff19340df699,8,6
Gucci - Echarpe double face GG,284.2,Gucci,0,https://www.vinted.it/items/8289534973-gucci-echarpe-double-face-gg?referrer=catalog,1,8289534973,Sold,02/03/2026 04:53:28,,https://images1.vinted.net/t/01_00138_LZKJ9BtJ1ygEAmrYgs2Emq3f/310x430/1772375262.webp?s=3e3b3fdd61293fdef5f1add34b619d1cfb2d1ced,8,6
Gucci écharpe double face GG,284.2,Gucci,0,https://www.vinted.it/items/8289523817-gucci-echarpe-double-face-gg?referrer=catalog,1,8289523817,Sold,02/03/2026 04:53:28,,https://images1.vinted.net/t/05_007bb_eXTwUTrYJS7b3NML9ks4Y4LL/310x430/1772375214.webp?s=dbdecd5a8574da7560546cbfdb2587720da95e3b,8,6
Gucci - Bloom Tuberose 80 ml,62.65,Gucci,0,https://www.vinted.it/items/8289524774-gucci-bloom-tuberose-80-ml?referrer=catalog,0,8289524774,Sold,02/03/2026 04:53:28,,https://images1.vinted.net/t/05_01b43_ehm3LndGziHUZVAaPPDBaK9f/310x430/1772375218.webp?s=75aebfb94b10210addeaa851def435bcaf9ec420,8,6
Gucci Basket Sneakers Mac80,420.7,Gucci,45,https://www.vinted.it/items/8289513806-gucci-basket-sneakers-mac80?referrer=catalog,1,8289513806,Sold,02/03/2026 04:53:28,,https://images1.vinted.net/t/05_00d79_JH7FviQGiJejaSWuQw6WbTLE/310x430/1772375171.webp?s=52549e04fa45510135ec026d0579feaa5dbab195,8,6
Gucci Herren Schuhe,420.7,Gucci,42,https://www.vinted.it/items/8289514632-gucci-herren-schuhe?referrer=catalog,8,8289514632,Sold,02/03/2026 04:53:28,,https://images1.vinted.net/t/06_01a29_MneWfoLG8KFwHW1CWmyCajWY/310x430/1772375175.webp?s=dcf46ebb43ff12e40394fb464e86a35552f0bf1a,8,6
Gucci mini sac bandoulière logo GG,989.4,Gucci,0,https://www.vinted.it/items/8289502734-gucci-mini-sac-bandouliere-logo-gg?referrer=catalog,1,8289502734,Sold,02/03/2026 04:53:28,,https://images1.vinted.net/t/06_016b5_TMiVpKDkgBxm5s27mQT462N2/310x430/1772375125.webp?s=3c452d13757002de959f632866121599e7ddef03,8,6
Gucci Bottines double G,561.0,Gucci,36.5,https://www.vinted.it/items/8289490640-gucci-bottines-double-g?referrer=catalog,0,8289490640,Sold,02/03/2026 04:53:28,,https://images1.vinted.net/t/05_00ac5_YYVEqH3bCbGyHmfYwfZ9acPh/310x430/1772375073.webp?s=884ab3df34f6a723beb7519776ad8fe370028071,8,6
Gucci - Bottines GG,473.2,Gucci,38.5,https://www.vinted.it/items/8289479058-gucci-bottines-gg?referrer=catalog,2,8289479058,Sold,02/03/2026 04:53:28,,https://images1.vinted.net/t/05_001a9_91q3C9S3Sg1ciweooNPZtZU9/310x430/1772375024.webp?s=bc44fae0162829c051adb4b68da7ace433be0bce,8,6
Ciabatta,158.2,Gucci,39,https://www.vinted.it/items/8289478006-ciabatta?referrer=catalog,59,8289478006,Sold,02/03/2026 04:53:28,,https://images1.vinted.net/t/01_007c3_UvhE8SMQ59WAPrijzDuZBZ4W/310x430/1772375019.webp?s=70dcf778275ef7adbcea27a9f07e687396f405ad,8,6
Sandales Gucci Web Slide - Blanc,210.7,Gucci,45,https://www.vinted.it/items/8289468183-sandales-gucci-web-slide-blanc?referrer=catalog,1,8289468183,Sold,02/03/2026 04:53:28,,https://images1.vinted.net/t/01_005f8_y6J9uq1YBxuD2NP3kb2SKYjT/310x430/1772374977.webp?s=52506fdfc9f1dc6dfd468c8f4794f2b4b980d756,8,6
Gucci nuove mai indossate,95.2,Gucci,25,https://www.vinted.it/items/8289471258-gucci-nuove-mai-indossate?referrer=catalog,1,8289471258,Sold,02/03/2026 04:53:28,,https://images1.vinted.net/t/06_01a3c_Tx9cYSpRv4J8qbgGdsi82o49/310x430/1772374990.webp?s=03a4bc3715954e2fac9a1c6200597b7012c082c3,8,6
Gucci claquettes Interlocking G,210.7,Gucci,42,https://www.vinted.it/items/8289457635-gucci-claquettes-interlocking-g?referrer=catalog,1,8289457635,Sold,02/03/2026 04:53:28,,https://images1.vinted.net/t/06_008c2_kFXHW9c4aciBWxNPXptgb2AL/310x430/1772374931.webp?s=6c525f0aced4ec5aa111ec2309effdbe292dbb0d,8,6
Gucci claquettes slide rubber,210.7,Gucci,41,https://www.vinted.it/items/8289445910-gucci-claquettes-slide-rubber?referrer=catalog,0,8289445910,Sold,02/03/2026 04:53:28,,https://images1.vinted.net/t/01_0160a_z16oJjhvAJGyj5dRLiPTb7T8/310x430/1772374881.webp?s=50525bdef8ffc9ed45cceb6adbbeaccd50baa81d,8,6
Gucci claquettes slide GG Rose et violet,263.2,Gucci,38,https://www.vinted.it/items/8289435175-gucci-claquettes-slide-gg-rose-et-violet?referrer=catalog,0,8289435175,Sold,02/03/2026 04:53:28,,https://images1.vinted.net/t/05_01ca0_EqKG4AeEFzhqbjsZ5VoStGbc/310x430/1772374835.webp?s=5a6a743a7d442325248d58e7e78253bee5d4bdef,8,6
Gucci bloom parfum,53.2,Gucci,0,https://www.vinted.it/items/8289434400-gucci-bloom-parfum?referrer=catalog,0,8289434400,Sold,02/03/2026 04:53:28,,https://images1.vinted.net/t/06_01acd_TEVxC7ziYmv5u2F5qVXz2mQj/310x430/1772374832.webp?s=2613b11718cebc7a6e9f113b025b111b4ec3fdf6,8,6
Maglietta t-shirt Baby Gucci,104.65,Gucci,3-6 mesi / 62 cm,https://www.vinted.it/items/8289433221-maglietta-t-shirt-baby-gucci?referrer=catalog,0,8289433221,Sold,02/03/2026 04:53:28,,https://images1.vinted.net/t/05_005fa_nghuzfHFjHYo5eWKfao5mQDW/310x430/1772374827.webp?s=d64584d33cc1c6d4838b358e9f75eb0b336d1e51,8,6
Gucci Double G Marmont Tong Leather Sandals,399.7,Gucci,38,https://www.vinted.it/items/8289425391-gucci-double-g-marmont-tong-leather-sandals?referrer=catalog,0,8289425391,Sold,02/03/2026 04:53:28,,https://images1.vinted.net/t/05_01b3e_JhSAmFoj18afYbdp4iytapo6/310x430/1772374793.webp?s=40713146f243b63d166bf3da12e23ff288bd0f39,8,6
Lunette de soleil Gucci,158.2,Gucci,0,https://www.vinted.it/items/8289428138-lunette-de-soleil-gucci?referrer=catalog,1,8289428138,Sold,02/03/2026 04:53:28,,https://images1.vinted.net/t/05_01268_4E384YVUeUyx2KcjJqVULtbj/310x430/1772374805.webp?s=be05de89ddb1e0efc70594d9cbf1a3a23580308b,8,6
GUCCI marmont thin belt,189.7,Gucci,75 cm,https://www.vinted.it/items/8289427457-gucci-marmont-thin-belt?referrer=catalog,5,8289427457,Sold,02/03/2026 04:53:28,,https://images1.vinted.net/t/05_00a28_vzn7csX6wLYf9JGbCLyMtwXk/310x430/1772374802.webp?s=ca4b06caa0dab0707c9ddc85a22687e8c0f5803b,8,6
Body gucci,263.2,Gucci,XS / IT 38 / EU 34,https://www.vinted.it/items/8258816866-body-gucci?referrer=catalog,3,8258816866,Sold,02/03/2026 04:53:28,,https://images1.vinted.net/t/04_00ea3_1xjo3HUcRsV6KSxQcyhv9Fm4/310x430/1772028839.webp?s=c5f613c0f54fd2feb2536fb15ce651afa5a6872a,8,6
Pantone donna in velluto Gucci,215.95,Gucci,XXXS / IT 34 / EU 30,https://www.vinted.it/items/8258800093-pantone-donna-in-velluto-gucci?referrer=catalog,1,8258800093,Sold,02/03/2026 04:53:28,,https://images1.vinted.net/t/05_00318_zbsy4WPq378V818L55aCy736/310x430/1772028723.webp?s=fcb019b234889e204ec20a068211dbf866e7a70a,8,6
Beauty case nuovo Gucci,40.6,Gucci,0,https://www.vinted.it/items/8289420865-beauty-case-nuovo-gucci?referrer=catalog,2,8289420865,Sold,02/03/2026 04:53:28,,https://images1.vinted.net/t/02_00c83_1NABtqoDCwofQFGuNjpzMEoV/310x430/1772374773.webp?s=2a6cb232aa54600b530f2d93becfff0a27f884f5,8,6
Ceinture fine GG Marmont,173.95,Gucci,95 cm,https://www.vinted.it/items/8289411477-ceinture-fine-gg-marmont?referrer=catalog,5,8289411477,Sold,02/03/2026 04:53:28,,https://images1.vinted.net/t/05_02022_45ArpqepYRRR5WJHcjB59Pg7/310x430/1772374733.webp?s=c805815942a277c00ac4b391e7a41eaf5acbd9a9,8,6
Veste Disney x Gucci neuve monogrammes,612.0,Gucci,M,https://www.vinted.it/items/8289401366-veste-disney-x-gucci-neuve-monogrammes?referrer=catalog,4,8289401366,Sold,02/03/2026 04:53:28,,https://images1.vinted.net/t/04_02238_atWFCtyuzjo2dNtzeV3sq5SJ/310x430/1772374689.webp?s=4f1679c85000e7fad53c5a21caf51936d8254d3d,8,6
Montre Gucci,420.7,Gucci,39–42 mm,https://www.vinted.it/items/8289385200-montre-gucci?referrer=catalog,3,8289385200,Sold,02/03/2026 04:53:28,,https://images1.vinted.net/t/01_019f2_y4DvMZ6voEhtd86XyBXkVRT7/310x430/1772374620.webp?s=73fd256cdb6a40070ff8df74577b71e31805838c,8,6
Haut Gucci,16.45,Gucci,M,https://www.vinted.it/items/8289376430-haut-gucci?referrer=catalog,1,8289376430,Sold,02/03/2026 04:53:28,,https://images1.vinted.net/t/01_023b0_xayat68dNQoLJF7jBn6URK89/310x430/1772374582.webp?s=204be2c41ae9c0b4622f6dd78a539dcb65ebd975,8,6
Gucci Mane autobiography,11.19,No brand,0,https://www.vinted.it/items/8289367154-gucci-mane-autobiography?referrer=catalog,0,8289367154,Sold,02/03/2026 04:53:28,,https://images1.vinted.net/t/03_015bd_QUkVRbecr6mPCFP3tsCynPeH/310x430/1772374542.webp?s=2aa45fe89ea04f8747be59844d552b9859a97bf9,8,6
Gucci Hightop sneaker Dunkeblau,137.2,Gucci,42,https://www.vinted.it/items/8289350233-gucci-hightop-sneaker-dunkeblau?referrer=catalog,5,8289350233,Sold,02/03/2026 04:53:28,,https://images1.vinted.net/t/04_0080a_ecmv3tnbgRpHLcenyHkAfG37/310x430/1772374470.webp?s=58a9823cfd63ff102dedff799d70f1bfdc141447,8,6
Scampolo tessuto motivo GG Gucci,63.7,Gucci,0,https://www.vinted.it/items/8289338100-scampolo-tessuto-motivo-gg-gucci?referrer=catalog,28,8289338100,Sold,02/03/2026 04:53:28,,https://images1.vinted.net/t/01_0005a_iTE3meQrRvgYCpivz2xKAP4R/310x430/1772374417.webp?s=a9f09a8317c66755a21763cfd2dde531e843c911,8,6
Miniatures Collection Gucci Femme et Homme,28.0,Gucci,0,https://www.vinted.it/items/8289233606-miniatures-collection-gucci-femme-et-homme?referrer=catalog,0,8289233606,Sold,02/03/2026 04:53:28,,https://images1.vinted.net/t/06_01c02_9yo8xJCpB5FifB3moQq2EVEU/310x430/1772373959.webp?s=1e81e793c9723ea66c83acbd094c68f5c89f9a35,8,6
Originele Gucci slippers – maat 38 – beige,210.7,Gucci,38,https://www.vinted.it/items/8289322442-originele-gucci-slippers-maat-38-beige?referrer=catalog,6,8289322442,Sold,02/03/2026 04:53:28,,https://images1.vinted.net/t/06_0266f_LHVwwMxch7psmbJCCxfknncr/310x430/1772374349.webp?s=25d7110f20213b982ed57a6781ddba6b1f4fd718,8,6
Gucci glow highlighter,26.95,Gucci,0,https://www.vinted.it/items/8289319997-gucci-glow-highlighter?referrer=catalog,2,8289319997,Sold,02/03/2026 04:53:28,,https://images1.vinted.net/t/06_00901_kAXqEgWkCsu6VXvUBLec4DqW/310x430/1772374339.webp?s=15bc612f54c0aaa9505ff0db3b21e0aa7589066e,8,6
Luxory watch gold,26.94,Gucci,39–42 mm,https://www.vinted.it/items/8289307808-luxory-watch-gold?referrer=catalog,5,8289307808,Sold,02/03/2026 04:53:28,,https://images1.vinted.net/t/06_015d9_HtsnkBrhBTSH591co21gG6h8/310x430/1772374285.webp?s=2ae03e91c2d309008c384f12155c33c2eec8458d,8,6
Gucci,53.2,Gucci,0,https://www.vinted.it/items/8289296036-gucci?referrer=catalog,0,8289296036,Sold,02/03/2026 04:53:28,,https://images1.vinted.net/t/05_00f38_ohz7qVpnL7T7bhhDyM93a77D/310x430/1772374234.webp?s=e18cdfd253ff4ce70d0c83cccd75854b94fac7df,8,6
Casquette gucci noir dentelle,189.7,Gucci,L,https://www.vinted.it/items/8289293888-casquette-gucci-noir-dentelle?referrer=catalog,3,8289293888,Sold,02/03/2026 04:53:28,,https://images1.vinted.net/t/05_01eeb_UTsWa12i6ZoipZATphJaipVX/310x430/1772374224.webp?s=6fc34ade538ab18cb117f706ad8db10f289e2601,8,6
Gucci Web GG Sonnenbrille,184.45,Gucci,0,https://www.vinted.it/items/8289292192-gucci-web-gg-sonnenbrille?referrer=catalog,0,8289292192,Sold,02/03/2026 04:53:28,,https://images1.vinted.net/t/04_019b7_KLuUKFS6EFjit3KrPQ6CsHJz/310x430/1772374217.webp?s=4e667b61dd1dc661209b705f8e63562f9c62ff6c,8,6
Gucci jackie bag,714.0,Gucci,0,https://www.vinted.it/items/8258772925-gucci-jackie-bag?referrer=catalog,22,8258772925,Sold,02/03/2026 04:53:28,,https://images1.vinted.net/t/05_009d8_vjyAXRGnorKdcdRbk9KzZCsc/310x430/1772028535.webp?s=bda18bf9ca56dc349b547c77112b9e107c8fcb71,8,6
Gucci (leyendas de la moda),9.1,No brand,0,https://www.vinted.it/items/8289283513-gucci-leyendas-de-la-moda?referrer=catalog,7,8289283513,Sold,02/03/2026 04:53:28,,https://images1.vinted.net/t/06_00cb8_pvjMFarnQe1D6Sfv4kUu7DX9/310x430/1772397086.webp?s=2cb421449e0f00a7fc14251eef95945c0b6b0ccf,8,6
Gucci flora parfum,84.7,Gucci,0,https://www.vinted.it/items/8289253560-gucci-flora-parfum?referrer=catalog,0,8289253560,Sold,02/03/2026 04:53:28,,https://images1.vinted.net/t/06_02508_zrRjS5bSmPuTBPX8F8b4jLJo/310x430/1772374048.webp?s=257f1eb82bf5e63d4169a5d605914784f915523f,8,6
Gucci shoes,918.0,Gucci,40,https://www.vinted.it/items/8288179013-gucci-shoes?referrer=catalog,4,8288179013,Sold,02/03/2026 04:53:28,,https://images1.vinted.net/t/05_01535_5aUNCZ81GEwxGcYL83YdmxPx/310x430/1772369202.webp?s=efeafeb281f463e911e602393003d9722e2ab0f6,8,6
Smanicato Gucci uomo,1.53,Gucci,M,https://www.vinted.it/items/8289246741-smanicato-gucci-uomo?referrer=catalog,1,8289246741,Sold,02/03/2026 04:53:28,,https://images1.vinted.net/t/05_014ff_wpXnAJBoZm4KRcm1uxk9TuPn/310x430/1772374018.webp?s=66f16de50112cf0ef64eeedcf6b0a0565669465e,8,6
Westman Gucci rossetto bob,47.95,Westman Atelier,0,https://www.vinted.it/items/8289245166-westman-gucci-rossetto-bob?referrer=catalog,7,8289245166,Sold,02/03/2026 04:53:28,,https://images1.vinted.net/t/05_00aca_u5QhMDD1VzRjcR5juRD2ru9X/310x430/1772374010.webp?s=61e105493699fd560e3fa8919556ab24e22e4a3b,8,6
Gucci Flora Gorgeous Orchid,50.05,Gucci,0,https://www.vinted.it/items/8289239563-gucci-flora-gorgeous-orchid?referrer=catalog,3,8289239563,Sold,02/03/2026 04:53:28,,https://images1.vinted.net/t/06_02060_UbSefTTSmnYMeqBiHekpJJJ5/310x430/1772373985.webp?s=8109fee1f7452b6b9abd3c0409ef5aee0671fcf2,8,6
Scampolo   Motivo Gucci  3 metri,84.7,Gucci,0,https://www.vinted.it/items/8289227260-scampolo-motivo-gucci-3-metri?referrer=catalog,33,8289227260,Sold,02/03/2026 04:53:28,,https://images1.vinted.net/t/05_01553_1UwxDjqVhVbf1obgdTW6fe9M/310x430/1772373932.webp?s=02cc2eda9a336830098794c65da7755b628f9d59,8,6
T-shirt Gucci originale marrone taglia M in cotone,21.7,Gucci,M,https://www.vinted.it/items/8286465650-t-shirt-gucci-originale-marrone-taglia-m-in-cotone?referrer=catalog,4,8286465650,Sold,02/03/2026 04:53:28,,https://images1.vinted.net/t/06_01483_PNMP5kLP8MTZZMJ12zQJWqqS/310x430/1772361046.webp?s=84985c9da204cfceec69e8ef4b9ea0b470ed7f15,8,6
Lunettes Gucci,294.7,Gucci,0,https://www.vinted.it/items/8289223079-lunettes-gucci?referrer=catalog,0,8289223079,Sold,02/03/2026 04:53:28,,https://images1.vinted.net/t/05_01805_8roudFqpMKY7NTDAkPwRD5rb/310x430/1772373914.webp?s=e5db161d509fbfc7285d3073f50a96629ce72923,8,6
T-shirt Gucci 5 anni,68.95,Gucci,5 anni / 110 cm,https://www.vinted.it/items/8289174123-t-shirt-gucci-5-anni?referrer=catalog,0,8289174123,Sold,02/03/2026 04:53:28,,https://images1.vinted.net/t/06_0262f_xkyHokQvEkS1CrQpzC9NUUyh/310x430/1772373698.webp?s=4bcda67ed860bdc3275603d1cd954f85eb6b307b,8,6
Mocassin Gucci,420.69,Gucci,43,https://www.vinted.it/items/8289191748-mocassin-gucci?referrer=catalog,18,8289191748,Sold,02/03/2026 04:53:28,,https://images1.vinted.net/t/06_00b69_xhH7grKTXqBr31cqDFKoRT1L/310x430/1772373776.webp?s=618025d66742419c9f519938f24ad0f7b3f89c9b,8,6
Lunette de soleil originale Gucci,189.7,Gucci,0,https://www.vinted.it/items/8289168921-lunette-de-soleil-originale-gucci?referrer=catalog,1,8289168921,Sold,02/03/2026 04:53:28,,https://images1.vinted.net/t/05_015a2_4mVnP5yc89KVwbwJn7D68351/310x430/1772373675.webp?s=65c29d8c348813caba3b75ba8fc7f9ea07841814,8,6
Gucci Bloom Nieuw,40.08,Gucci,0,https://www.vinted.it/items/8289150185-gucci-bloom-nieuw?referrer=catalog,0,8289150185,Sold,02/03/2026 04:53:28,,https://images1.vinted.net/t/01_02095_Sy7Y3MAavuQpHNQiq2FdBL9H/310x430/1772373593.webp?s=bcdd14a9ed9e5e3a9ee93ca64cfcabc34c32acc3,8,6
Gucci,315.7,Gucci,34.5,https://www.vinted.it/items/8289128472-gucci?referrer=catalog,5,8289128472,Sold,02/03/2026 04:53:28,,https://images1.vinted.net/t/03_01c36_uLMmhoefq8LdVrC2B3q3bion/310x430/1772373498.webp?s=2a2e013d96667d5cca84532598865de8e250739d,8,6
Gucci Screener,368.2,Gucci,45,https://www.vinted.it/items/8289100797-gucci-screener?referrer=catalog,2,8289100797,Sold,02/03/2026 04:53:28,,https://images1.vinted.net/t/04_01466_nAAyA2QcCKpNUrB3RAVmUQ6d/310x430/1772373377.webp?s=8dd0549cdddfb47a9dcd0b4d99c22a437c021dd5,8,6
Monedero Colgante Gucci nuevo,420.7,Gucci,0,https://www.vinted.it/items/8289041792-monedero-colgante-gucci-nuevo?referrer=catalog,0,8289041792,Sold,02/03/2026 04:53:28,,https://images1.vinted.net/t/06_0072d_R8p3URgB4n419DBt9dKTqW5b/310x430/1772373117.webp?s=0c8cf221e83ee29fdfec33f407734c29c200efb7,8,6
Lunettes Gucci.,158.2,Gucci,0,https://www.vinted.it/items/8289016765-lunettes-gucci?referrer=catalog,0,8289016765,Sold,02/03/2026 04:53:28,,https://images1.vinted.net/t/05_00d1c_zKGnisvrScdAWDGGYHAXfYwi/310x430/1772373007.webp?s=fcebf03978bdb029065d03274f4608c49d132ebc,8,6
Borsa di pelle nera,315.7,Gucci,0,https://www.vinted.it/items/8258703815-borsa-di-pelle-nera?referrer=catalog,31,8258703815,Sold,02/03/2026 04:53:54,,https://images1.vinted.net/t/01_01e05_b9nyTVfXDCVJAT8B7UK19GRQ/310x430/1772028057.webp?s=5859757eb7cf801af2f3f8498b011bd7ffb5ff8e,8,7
Borsa Gucci,473.2,Gucci,0,https://www.vinted.it/items/8289343613-borsa-gucci?referrer=catalog,2,8289343613,Sold,02/03/2026 06:03:28,,https://images1.vinted.net/t/05_00940_iFcuWMGz9ent9oS89BsMTTcb/310x430/1772374442.webp?s=eacf5365a24b3c198f57b3b37ccd71ee5f4a2b20,9,1
Profumo Gucci Flora,42.7,Gucci,0,https://www.vinted.it/items/8294315879-profumo-gucci-flora?referrer=catalog,6,8294315879,Sold,02/03/2026 06:03:28,,https://images1.vinted.net/t/03_01406_ckK6gbCcTpYHjdevMuTjDtEt/310x430/1772401601.webp?s=b2ef52b9d410f708a1b4aa4e06f2baf4321d91a0,9,1
Portafoglio GUCCI,536.2,Gucci,0,https://www.vinted.it/items/8294314958-portafoglio-gucci?referrer=catalog,1,8294314958,Sold,02/03/2026 06:03:28,,https://images1.vinted.net/t/05_0180d_Tdw3Vctewis1aV99mxfriXiG/310x430/1772401590.webp?s=0a6e72f601e5587b5a733283cd7d0a10c464e2d8,9,1
Mini parfum miniatuur Gucci flora intense,11.2,Flora,0,https://www.vinted.it/items/8294314019-mini-parfum-miniatuur-gucci-flora-intense?referrer=catalog,1,8294314019,Sold,02/03/2026 06:03:28,,https://images1.vinted.net/t/05_01c12_abgcS2Hd8z7MjNdAyX8yDshu/310x430/1772401579.webp?s=f93eef0068e1ec1e88ebb17b1da4eb0c8a2a7765,9,1
Baskets Gucci,158.2,Gucci,39,https://www.vinted.it/items/8294311079-baskets-gucci?referrer=catalog,10,8294311079,Sold,02/03/2026 06:03:28,,https://images1.vinted.net/t/06_0056a_UKWWw3mcWdUGLY9rp6xxWrdY/310x430/1772401544.webp?s=6137cac36ea1ec757c19a8d98b2c55be9c2d44a0,9,1
Mini parfum miniatuur Gucci flora roze,11.2,Flora,0,https://www.vinted.it/items/8294302458-mini-parfum-miniatuur-gucci-flora-roze?referrer=catalog,2,8294302458,Sold,02/03/2026 06:03:28,,https://images1.vinted.net/t/05_0209e_XurB52TUYyqk5Sk9MDBYB53W/310x430/1772401441.webp?s=b76736b983c085ca46e5a0686b97396d4e903587,9,1
gucci bag,819.7,Gucci,0,https://www.vinted.it/items/8288171781-gucci-bag?referrer=catalog,0,8288171781,Sold,02/03/2026 06:03:28,,https://images1.vinted.net/t/05_0249d_sKBcsZBUndRxSdZjdwtShhde/310x430/1772369168.webp?s=f9adf7b1be20aee4142b00d479908f4a8482b94f,9,1
Scarpe Gucci,840.7,Gucci,36,https://www.vinted.it/items/8294299726-scarpe-gucci?referrer=catalog,0,8294299726,Sold,02/03/2026 06:03:28,,https://images1.vinted.net/t/05_022b9_B6zE1guE9NYpmRc1YLxg9nmi/310x430/1772401409.webp?s=87b50a841b0d841d59738e0f4eba6cb4ed81145d,9,1
gucci bag,819.7,Gucci,0,https://www.vinted.it/items/8294075522-gucci-bag?referrer=catalog,1,8294075522,Sold,02/03/2026 06:03:28,,https://images1.vinted.net/t/01_01c08_AY5UtHBQQ6biWQvfAQJAWGvs/310x430/1772399124.webp?s=c46f4c9034d85821f43f91744fae8da06ca1d79d,9,1
Lunette Gucci,126.7,Gucci,0,https://www.vinted.it/items/8294290664-lunette-gucci?referrer=catalog,0,8294290664,Sold,02/03/2026 06:03:28,,https://images1.vinted.net/t/01_00bad_vEM4APL5AvmqutDJj9fHFfz4/310x430/1772401303.webp?s=3d7ad0dbc603797a019ee73bd2ff47e462c95742,9,1
Sandale Gucci,336.7,Gucci,46,https://www.vinted.it/items/8294290272-sandale-gucci?referrer=catalog,1,8294290272,Sold,02/03/2026 06:03:28,,https://images1.vinted.net/t/06_010c0_ygd6dsu15hT9RhFxode7xRcj/310x430/1772401298.webp?s=cf77c41fcf780e60aa8b11b0aa4c11772fae33a7,9,1
Mini parfum miniatuur Gucci flora groen,11.2,Flora,0,https://www.vinted.it/items/8294284847-mini-parfum-miniatuur-gucci-flora-groen?referrer=catalog,0,8294284847,Sold,02/03/2026 06:03:28,,https://images1.vinted.net/t/03_016b5_CgWWsxXCxiUrrNXoTbiJmZeQ/310x430/1772401236.webp?s=f9bf7f0116a0a54b48229a715a3cdb3acba9a525,9,1
Lunettes de soleil Gucci,158.2,Gucci,0,https://www.vinted.it/items/8294283235-lunettes-de-soleil-gucci?referrer=catalog,1,8294283235,Sold,02/03/2026 06:03:28,,https://images1.vinted.net/t/05_0168b_AsDXuhyzYY3RjNNDrgZ5e3NF/310x430/1772401217.webp?s=5a170767a39d3677e8df8bba35c44f65e8ba6746,9,1
Je vends une casquette Gucci,315.7,Gucci,S,https://www.vinted.it/items/8294271689-je-vends-une-casquette-gucci?referrer=catalog,0,8294271689,Sold,02/03/2026 06:03:28,,https://images1.vinted.net/t/06_01b02_7swSrYHrvoQe83fc4paH99tw/310x430/1772401089.webp?s=67c65c7c720fe9d9351796fd77b86b713d808a3a,9,1
Portafoglio Gucci Horsebit,326.2,Gucci,0,https://www.vinted.it/items/8294277559-portafoglio-gucci-horsebit?referrer=catalog,4,8294277559,Sold,02/03/2026 06:03:28,,https://images1.vinted.net/t/05_01dc3_iNbu74G2XQL7VwuPAAgEQxp7/310x430/1772401154.webp?s=2589d4c11a6342192cba276bd722a13826b6945d,9,1
Mini parfum miniatuur Gucci flora,11.2,Flora,0,https://www.vinted.it/items/8294277886-mini-parfum-miniatuur-gucci-flora?referrer=catalog,0,8294277886,Sold,02/03/2026 06:03:28,,https://images1.vinted.net/t/01_0180b_KQd6jNmMpDRMzJrXZ67dbNeP/310x430/1772401157.webp?s=370387283d6dfc5a5fcaf7eff07046d5245600f4,9,1
Profumo donna Bloom di Gucci,58.45,Gucci,0,https://www.vinted.it/items/8294263191-profumo-donna-bloom-di-gucci?referrer=catalog,1,8294263191,Sold,02/03/2026 06:03:53,,https://images1.vinted.net/t/05_021ac_ygMD6Ch753cE2GfRfce4nv5Q/310x430/1772400993.webp?s=04975a58855bd6bd7d42d136e30d6abe9de3345d,9,2
Borsa Gucci,1.6807,Gucci,0,https://www.vinted.it/items/8294256694-borsa-gucci?referrer=catalog,0,8294256694,Sold,02/03/2026 06:03:53,,https://images1.vinted.net/t/01_01980_yZf1ovtrsrHLBEAsr5ERvbEM/310x430/1772400923.webp?s=93788579982bba6d6b18dd24d43333fcce7965d3,9,2
Lunette de soleil Gucci,158.2,Gucci,0,https://www.vinted.it/items/8294254396-lunette-de-soleil-gucci?referrer=catalog,2,8294254396,Sold,02/03/2026 06:03:53,,https://images1.vinted.net/t/05_025d4_SJuLyar94Cg3Jk9w51fymJYn/310x430/1772400898.webp?s=cfa39e85b7819f822e6531b5106e29f264dc5e19,9,2
Gucci,336.7,Gucci,0,https://www.vinted.it/items/8294242390-gucci?referrer=catalog,0,8294242390,Sold,02/03/2026 06:03:53,,https://images1.vinted.net/t/06_00019_L5uyQpCLPhaES8CN5MBxTJih/310x430/1772400769.webp?s=1797ff6ee028d7209ee966731b0d48066de61215,9,2
Gucci Guilty Elixir de Parfum Pour Homme 60ml,71.05,Gucci,0,https://www.vinted.it/items/8294240621-gucci-guilty-elixir-de-parfum-pour-homme-60ml?referrer=catalog,1,8294240621,Sold,02/03/2026 06:03:53,,https://images1.vinted.net/t/01_007d7_EixrtymiRRAgbo73xY3SoTXB/310x430/1772400750.webp?s=662dfb48df0192c61b19bfc03a7aa66388ea3ffc,9,2
Portafoglio Gucci Vintage,126.7,Gucci,0,https://www.vinted.it/items/8262263480-portafoglio-gucci-vintage?referrer=catalog,0,8262263480,Sold,02/03/2026 06:03:53,,https://images1.vinted.net/t/06_00a05_97EfU8k4Kys2hosub2F2qybx/310x430/1772054943.webp?s=a3b1e7a46eb5ae7655ac795cf3af416017e7f83c,9,2
Occhiali da sole Gucci,210.7,Gucci,0,https://www.vinted.it/items/8294224568-occhiali-da-sole-gucci?referrer=catalog,0,8294224568,Sold,02/03/2026 06:03:53,,https://images1.vinted.net/t/01_0033d_jx8H1tmW3bpiFhpSrKFAS4kG/310x430/1772400580.webp?s=c8674f28e23a7a48df4efebd0f6c40cbea1b142f,9,2
Scatola nera Gucci,9.1,Gucci,0,https://www.vinted.it/items/8294223380-scatola-nera-gucci?referrer=catalog,0,8294223380,Sold,02/03/2026 06:03:53,,https://images1.vinted.net/t/05_01f88_BScGSqaDLnY6cifmt9spAA8F/310x430/1772400568.webp?s=9ae42524d16cc3ce4712caffb7cdf0c4bd33cff0,9,2
Scatola nera Gucci,11.2,Gucci,0,https://www.vinted.it/items/8294208003-scatola-nera-gucci?referrer=catalog,0,8294208003,Sold,02/03/2026 06:03:53,,https://images1.vinted.net/t/05_01e8c_eyyDGt31j3HuVeukPYWvTs4s/310x430/1772400408.webp?s=6dd3374d2fea38969890d72b0699835410fba31a,9,2
Scarpe stivaletto Gucci,142.45,Gucci,22,https://www.vinted.it/items/8294197603-scarpe-stivaletto-gucci?referrer=catalog,4,8294197603,Sold,02/03/2026 06:03:53,,https://images1.vinted.net/t/01_01c2e_J3F6e7RJCmSqB2Hwcu6T2Afo/310x430/1772400454.webp?s=824e3c15a9e8e782b36a673b725149d037ebea49,9,2
Scatola originale con linguetta  Gucci,14.35,Gucci,0,https://www.vinted.it/items/8294191271-scatola-originale-con-linguetta-gucci?referrer=catalog,2,8294191271,Sold,02/03/2026 06:03:53,,https://images1.vinted.net/t/04_02161_XRSsLht4pdQix9WALaVjX2rR/310x430/1772400233.webp?s=2a30f4bd2569872064da30770661d9665dfcdbe6,9,2
Mocassino nero Gucci uomo 41,273.7,Gucci,41,https://www.vinted.it/items/8294186229-mocassino-nero-gucci-uomo-41?referrer=catalog,1,8294186229,Sold,02/03/2026 06:03:53,,https://images1.vinted.net/t/01_00a91_rZiw2c1ou9bT7jF8Zs6HMH2i/310x430/1772400333.webp?s=59aac55ff9d842a14163436b76f5926882dbf85f,9,2
Tazza Gucci,26.95,Gucci,0,https://www.vinted.it/items/8294185376-tazza-gucci?referrer=catalog,12,8294185376,Sold,02/03/2026 06:03:53,,https://images1.vinted.net/t/03_00600_qdsB2DMoAMMG4ieWtBoiNFeh/310x430/1772400173.webp?s=9b90f7aa2d5067df9908dd69726bc86428317506,9,2
Foulard carré Gucci,305.2,Gucci,0,https://www.vinted.it/items/8294166403-foulard-carre-gucci?referrer=catalog,5,8294166403,Sold,02/03/2026 06:03:53,,https://images1.vinted.net/t/05_01fd7_y64oRK67BB5qE1gDx9E2CP3R/310x430/1772399980.webp?s=af7183a46231fca555e1d214df55b1c178231a55,9,2
Porte carte Gucci,131.95,Gucci,0,https://www.vinted.it/items/8288061330-porte-carte-gucci?referrer=catalog,0,8288061330,Sold,02/03/2026 06:03:53,,https://images1.vinted.net/t/05_00f6f_kYf66SzdF4NTXQKJRCkWUE4o/310x430/1772368648.webp?s=30b894bdffb966ebf00e2d946039779fbd5d3b72,9,2
Gants Gucci cuir camel 7,252.7,Gucci,7,https://www.vinted.it/items/8294152291-gants-gucci-cuir-camel-7?referrer=catalog,15,8294152291,Sold,02/03/2026 06:03:53,,https://images1.vinted.net/t/04_010e7_9kSkrBL7UjjueQWhovt4sbzf/310x430/1772399840.webp?s=901927f3a1cbfa8a3282a87a163bc43a119595db,9,2
Originale Gucci Brille,263.2,Gucci,0,https://www.vinted.it/items/8294147777-originale-gucci-brille?referrer=catalog,0,8294147777,Sold,02/03/2026 06:03:53,,https://images1.vinted.net/t/05_004fe_GtUgqNXaHBPbhjRudCWnfrVL/310x430/1772399796.webp?s=7aef385faeefccece4fae2f070819e5f561d7817,9,2
Borsa Gucci,1.2607,Gucci,0,https://www.vinted.it/items/8294142619-borsa-gucci?referrer=catalog,0,8294142619,Sold,02/03/2026 06:03:53,,https://images1.vinted.net/t/05_00d56_NFUfgSPzNTSfe6SGwwUZBTUX/310x430/1772399747.webp?s=a901f568375cfda39f77cfbc883277443781217f,9,2
Gucci Horsebit 1955 mini top handle bag,2.6257,Gucci,0,https://www.vinted.it/items/8294136298-gucci-horsebit-1955-mini-top-handle-bag?referrer=catalog,0,8294136298,Sold,02/03/2026 06:03:53,,https://images1.vinted.net/t/04_026c6_N2siMmgoARWtY3vHqngmTgS4/310x430/1772399687.webp?s=72533001b24bf3a9c436948513886fd93162c241,9,2
Rouge à lèvres Gucci mat 208,37.45,Gucci,0,https://www.vinted.it/items/8294133003-rouge-a-levres-gucci-mat-208?referrer=catalog,2,8294133003,Sold,02/03/2026 06:03:53,,https://images1.vinted.net/t/05_018b8_Vo4hLEaANnjK67AqErWdMMDZ/310x430/1772399655.webp?s=fbf39f949bd674aed2fd113b7e09ecf43d11ba0f,9,2
Gucci: borsa porta documenti/computer,2.0482,Gucci,0,https://www.vinted.it/items/8294132183-gucci-borsa-porta-documenticomputer?referrer=catalog,0,8294132183,Sold,02/03/2026 06:03:53,,https://images1.vinted.net/t/05_00dd9_piGrqac8xErMLJSKtUpFJT2Y/310x430/1772399647.webp?s=7f6587f22c254dc40cb09ab12bc9f3a951da67d2,9,2
Gucci Flora Gorgeous Magnolia- Eau de Parfum 100ml,47.9,Gucci,0,https://www.vinted.it/items/8294111771-gucci-flora-gorgeous-magnolia-eau-de-parfum-100ml?referrer=catalog,0,8294111771,Sold,02/03/2026 06:03:53,,https://images1.vinted.net/t/04_00dd4_gDH8bhawgfafeqWfL31a3WSe/310x430/1772399454.webp?s=5170e7cd9594d3365a66178a8e9a4ae1281f663b,9,2
Gucci – Horsebit 1955 Mini Crossbody Bag – Noir – Neuf full set,520.45,Gucci,0,https://www.vinted.it/items/8282606156-gucci-horsebit-1955-mini-crossbody-bag-noir-neuf-full-set?referrer=catalog,2,8282606156,Sold,02/03/2026 06:03:53,,https://images1.vinted.net/t/05_01241_pkRAdo5e39NUkAxSUXdMUqxg/310x430/1772299934.webp?s=3418786195a473f9903d6ef9d49dc69a2e549b92,9,2
Gucci marmont small nera,998.2,Gucci,0,https://www.vinted.it/items/8294105579-gucci-marmont-small-nera?referrer=catalog,0,8294105579,Sold,02/03/2026 06:03:53,,https://images1.vinted.net/t/05_0180b_xCU3eFm2CMxJayz8ksRKcUKF/310x430/1772399396.webp?s=fc5c29749046d5298f0349faa7fefaa2717bbe10,9,2
Reloj Gucci,683.2,Gucci,30–38 mm,https://www.vinted.it/items/8294102009-reloj-gucci?referrer=catalog,18,8294102009,Sold,02/03/2026 06:03:53,,https://images1.vinted.net/t/05_02358_mzFnVNRYXZBsWeMKc7NttmZ9/310x430/1772399362.webp?s=5dada48f21c4ad24fb2a69dd96ed595621e9ec07,9,2
Gucci Flora Gorgeous Gardenia- Eau de Parfum,47.9,Gucci,0,https://www.vinted.it/items/8294100919-gucci-flora-gorgeous-gardenia-eau-de-parfum?referrer=catalog,0,8294100919,Sold,02/03/2026 06:03:53,,https://images1.vinted.net/t/06_009bd_2jj6iKEXjHWbkZngECkqQkyu/310x430/1772399352.webp?s=ecc79af96e403b86affb69b527e56d576f9e98a2,9,2
Sapatilhas Gucci,95.2,Gucci,39,https://www.vinted.it/items/8294091964-sapatilhas-gucci?referrer=catalog,4,8294091964,Sold,02/03/2026 06:03:53,,https://images1.vinted.net/t/04_01738_vqeh9KgLMS6npGdgke1YnsHn/310x430/1772399270.webp?s=ccf272cc7265834c3d44ff040cbe569e7d419ef1,9,2
Gucci sneaker,893.2,Gucci,37.5,https://www.vinted.it/items/8294080339-gucci-sneaker?referrer=catalog,0,8294080339,Sold,02/03/2026 06:03:53,,https://images1.vinted.net/t/05_017fc_dYvfezS1RstHLgBRHHSF3kUm/310x430/1772399166.webp?s=a5d60416bd6b0bcd358a90e20ecab36743ac9e2d,9,2
Sapatilhas Gucci,95.2,Gucci,39,https://www.vinted.it/items/8294080092-sapatilhas-gucci?referrer=catalog,5,8294080092,Sold,02/03/2026 06:03:53,,https://images1.vinted.net/t/05_00bad_DcTvk5DNMM4viH4TrthMhCne/310x430/1772399164.webp?s=543bddd16e4b4106e350955c9ac0e4bfed0c1911,9,2
Ceinture Gucci,189.7,Gucci,90 cm,https://www.vinted.it/items/8294073981-ceinture-gucci?referrer=catalog,3,8294073981,Sold,02/03/2026 06:03:53,,https://images1.vinted.net/t/06_02171_Mwd9x9hf8Ti5cbfqpAKNhDY6/310x430/1772399109.webp?s=efb532f02de25f0cb714c2bee6b364bd6c697828,9,2
Parfum Gucci bloom,47.95,Gucci,0,https://www.vinted.it/items/8294062899-parfum-gucci-bloom?referrer=catalog,1,8294062899,Sold,02/03/2026 06:03:53,,https://images1.vinted.net/t/05_01c10_jH9nF4NNQU7Z3YZvmUjnkxt2/310x430/1772399010.webp?s=321dd68dccfe9c6c7ebb56c5a5b76fb784f84099,9,2
Décolleté Gucci,462.7,Gucci,38,https://www.vinted.it/items/8294055455-decollete-gucci?referrer=catalog,0,8294055455,Sold,02/03/2026 06:03:53,,https://images1.vinted.net/t/04_01580_EcYUWxgw6K3qNHq7kM8KwBMu/310x430/1772398945.webp?s=03e275af3c85d719eed519841fed2be91d1314b5,9,2
Décolleté Gucci,462.7,Gucci,38,https://www.vinted.it/items/8294044069-decollete-gucci?referrer=catalog,1,8294044069,Sold,02/03/2026 06:03:53,,https://images1.vinted.net/t/05_003c3_E6mNjdPp4WVVFbdMmaLLvXeE/310x430/1772398846.webp?s=fa1e2245a8954ab15586e2fbb21c68ae3422ba93,9,2
Orologio gucci,525.7,Gucci,39–42 mm,https://www.vinted.it/items/8294032748-orologio-gucci?referrer=catalog,1,8294032748,Sold,02/03/2026 06:03:53,,https://images1.vinted.net/t/06_00e15_FwkBkZpLpGAZEa9739yaXZEJ/310x430/1772398748.webp?s=97caf4ad4b31ab083cec6f7478cd1bbf4f3f0951,9,2
Gonna a pieghe Gucci,158.2,Gucci,S / IT 40 / EU 36,https://www.vinted.it/items/8294025993-gonna-a-pieghe-gucci?referrer=catalog,2,8294025993,Sold,02/03/2026 06:03:53,,https://images1.vinted.net/t/06_0050b_U2dUydUZGQ29rzcmovhnE1HB/310x430/1772398689.webp?s=fa750eec452e23f9ce161379c380922635151702,9,2
Chaussures Gucci plates Bordeaux à brides,499.45,Gucci,37,https://www.vinted.it/items/8294009056-chaussures-gucci-plates-bordeaux-a-brides?referrer=catalog,2,8294009056,Sold,02/03/2026 06:03:53,,https://images1.vinted.net/t/01_00654_v7yhxu9u7UJ3y8JK4LY6iHrH/310x430/1772398544.webp?s=2796a89f5eb02fd63b3952773a7caf6b5e93165f,9,2
Borsa Gucci,1.0507,Gucci,0,https://www.vinted.it/items/8294008851-borsa-gucci?referrer=catalog,3,8294008851,Sold,02/03/2026 06:03:53,,https://images1.vinted.net/t/05_00931_5PcseCq4i5Vb3wMxj2fon1Le/310x430/1772398542.webp?s=b693a079d29448d96677e2e7e72ad1de0b422aa6,9,2
Herren Gucci Pantoletten,194.95,Gucci,42,https://www.vinted.it/items/8293989804-herren-gucci-pantoletten?referrer=catalog,2,8293989804,Sold,02/03/2026 06:03:53,,https://images1.vinted.net/t/01_01e78_2QuC6qwVGg61eZjcPdS1zfq3/310x430/1772398382.webp?s=4daf9a58eea9edb3a574e664d0c6cc7996d03a0a,9,2
chemise Gucci,305.2,Gucci,XS / IT 38 / EU 34,https://www.vinted.it/items/6407348084-chemise-gucci?referrer=catalog,3,6407348084,Sold,02/03/2026 06:03:53,,https://images1.vinted.net/t/03_007b2_Np5q7a5B96hRLh72SbUiaFk4/310x430/1772398447.webp?s=e9c906caaddcf6421deb0e82a5f75bf7135f49d6,9,2
Housse de protection Gucci – Format 23 x 13 cm – Originale,7.0,Gucci,0,https://www.vinted.it/items/8293996720-housse-de-protection-gucci-format-23-x-13-cm-originale?referrer=catalog,3,8293996720,Sold,02/03/2026 06:03:53,,https://images1.vinted.net/t/06_0229a_B88fJ7WJdtVa46Q41DCookWN/310x430/1772398440.webp?s=af859a35294dc1307e63188419616ef9b3eba95b,9,2
Chemise Gucci,305.2,Gucci,M / IT 42 / EU 38,https://www.vinted.it/items/6407247399-chemise-gucci?referrer=catalog,3,6407247399,Sold,02/03/2026 06:03:53,,https://images1.vinted.net/t/02_00077_kEnT71HNSHecRqYo1nE9VhJ6/310x430/1772398394.webp?s=91aedb6d93a34eb7ffb1a3420318f08d4fe542be,9,2
Perfume Gucci Guilty Elixir de Parfum pour Homme,53.2,Gucci,0,https://www.vinted.it/items/8262020093-perfume-gucci-guilty-elixir-de-parfum-pour-homme?referrer=catalog,7,8262020093,Sold,02/03/2026 06:03:53,,https://images1.vinted.net/t/06_00f4b_rpyQ9KrGhAbjj7oqgd3rQzrQ/310x430/1772052488.webp?s=c17f3e89ef17b159a1e02d53f52ff2917705794e,9,2
Portacarte Gucci custom,126.7,Gucci,0,https://www.vinted.it/items/8261992670-portacarte-gucci-custom?referrer=catalog,26,8261992670,Sold,02/03/2026 06:03:53,,https://images1.vinted.net/t/05_00e54_RF6bR8HGichMcfbWs3ACTK6c/310x430/1772052242.webp?s=a4edca110c885e91c826262e462ae9a0bceb8cf1,9,2
Cappellino Gucci tg L (12/24 mesi) nuovo,53.2,Gucci,1-2 anni,https://www.vinted.it/items/8293959565-cappellino-gucci-tg-l-1224-mesi-nuovo?referrer=catalog,4,8293959565,Sold,02/03/2026 06:03:53,,https://images1.vinted.net/t/05_02434_N8yMzjHXn6qGB13HMmH4hSqi/310x430/1772398132.webp?s=ced4683414b665a273f731f50b3dbe144cad897c,9,2
Gucci haarband,21.7,Gucci,0,https://www.vinted.it/items/8293955021-gucci-haarband?referrer=catalog,4,8293955021,Sold,02/03/2026 06:03:53,,https://images1.vinted.net/t/06_01a94_GvXiDHsPqyYEgzUL92L8wkrf/310x430/1772398095.webp?s=af3560602a70282bc2c359a2a619d6cb8ebd5adc,9,2
Occhiali Gucci uomo Originali,210.7,Gucci,0,https://www.vinted.it/items/8293951607-occhiali-gucci-uomo-originali?referrer=catalog,0,8293951607,Sold,02/03/2026 06:03:53,,https://images1.vinted.net/t/05_016ef_zH6qt9Kjmt3jZ817t2th61fb/310x430/1772398068.webp?s=3ea2fa2d75f752c806e9b988462649f0fb33459f,9,2
Chaussures Gucci,315.7,Gucci,40,https://www.vinted.it/items/8293950521-chaussures-gucci?referrer=catalog,1,8293950521,Sold,02/03/2026 06:03:53,,https://images1.vinted.net/t/05_022cd_pejnHAGSGpQoiXpseiDrfsB2/310x430/1772398059.webp?s=55a44eb411258fbba26480a2a135d9587f3521c5,9,2
GUCCI Eau de Parfum Spray Gucci,61.6,Gucci,0,https://www.vinted.it/items/8293945257-gucci-eau-de-parfum-spray-gucci?referrer=catalog,0,8293945257,Sold,02/03/2026 06:03:53,,https://images1.vinted.net/t/04_00914_ZjDyh9AAXdqYWRKKAtETLqZY/310x430/1772398017.webp?s=31dbd5326d83453ff7f431cba9213050315a0c01,9,2
Bracelet Gucci en cuir,84.7,Gucci,0,https://www.vinted.it/items/8293915203-bracelet-gucci-en-cuir?referrer=catalog,3,8293915203,Sold,02/03/2026 06:03:53,,https://images1.vinted.net/t/01_0172b_LXVJs17sFCw6EvutuhrTwywW/310x430/1772397776.webp?s=7f298c61ab3e090df8f4caf7c21737410ba4353e,9,2
Anillo gucci nuevo talla 13,294.7,Gucci,16,https://www.vinted.it/items/8293914298-anillo-gucci-nuevo-talla-13?referrer=catalog,0,8293914298,Sold,02/03/2026 06:03:53,,https://images1.vinted.net/t/06_01b7c_QscLuyp5ZTyhp1xDPBXEBQws/310x430/1772397769.webp?s=15e36be55990cab0db022bff81549d6c915634d0,9,2
Bague Gucci métal doré,137.2,Gucci,17,https://www.vinted.it/items/8293900447-bague-gucci-metal-dore?referrer=catalog,0,8293900447,Sold,02/03/2026 06:03:53,,https://images1.vinted.net/t/05_018bf_E2CBQjak7z9LTQENCeAtrhNq/310x430/1772397660.webp?s=7db845fa1d3b1c065329c26f795aff852635891d,9,2
Flacon parfum vides,1.75,Gucci,0,https://www.vinted.it/items/8293876226-flacon-parfum-vides?referrer=catalog,0,8293876226,Sold,02/03/2026 06:03:53,,https://images1.vinted.net/t/05_01925_Jf74kLDHw9HrZBH1NS4yBLc1/310x430/1772397472.webp?s=7317de9f97a04626e15fbe3203b59753a7810b0f,9,2
Orologio GUCCI grip *nuovo*,420.7,Gucci,30–38 mm,https://www.vinted.it/items/8292555572-orologio-gucci-grip-nuovo?referrer=catalog,2,8292555572,Sold,02/03/2026 06:04:20,,https://images1.vinted.net/t/05_022b4_BqqxMsjX1CdxjG4vB7wG7ktu/310x430/1772388884.webp?s=6eb83d7b84a87a9ddd564ae183364132db14c9e2,9,3
Casquette et saccoche GUCCI,765.0,Gucci,0,https://www.vinted.it/items/8292546177-casquette-et-saccoche-gucci?referrer=catalog,0,8292546177,Sold,02/03/2026 06:04:20,,https://images1.vinted.net/t/06_01f72_wMTvdK6c32QFXVMHaSSguVYv/310x430/1772388830.webp?s=d3ec9349b8f7fdb426342fca4993e4209cfb9000,9,3
Gucci foulard bianco flora 90x90,263.2,Gucci,0,https://www.vinted.it/items/8292526120-gucci-foulard-bianco-flora-90x90?referrer=catalog,3,8292526120,Sold,02/03/2026 06:04:20,,https://images1.vinted.net/t/05_00a4d_UFvTkvGihBwjt4kv1cKqmqkj/310x430/1772388714.webp?s=ee640340bc2230db3d13bb682b9ef000aba03d98,9,3
Mocassin en cuir Jordaan,473.19,Gucci,44,https://www.vinted.it/items/8292511266-mocassin-en-cuir-jordaan?referrer=catalog,0,8292511266,Sold,02/03/2026 06:04:20,,https://images1.vinted.net/t/06_01557_K9SYG4YivHWrM5xN6XbSTgp8/310x430/1772388630.webp?s=feec4016254cca0d932387c02cf8e40023d767de,9,3
Gucci cappello reversibile nuovo,315.7,Gucci,S,https://www.vinted.it/items/8292509565-gucci-cappello-reversibile-nuovo?referrer=catalog,0,8292509565,Sold,02/03/2026 06:04:20,,https://images1.vinted.net/t/06_0216a_cJkzWhebYp3rRWYoWnNfAd8B/310x430/1772388621.webp?s=44555588d50d0856685dac4c66320cf5b13cc060,9,3
Occhiali Gucci,47.95,Gucci,0,https://www.vinted.it/items/8260804232-occhiali-gucci?referrer=catalog,10,8260804232,Sold,02/03/2026 06:04:20,,https://images1.vinted.net/t/05_022a3_9t8AzCsYEte6Zax8Ee81oX9L/310x430/1772042653.webp?s=614be96b5a9da31c232d16a82f34ed626e048e3b,9,3
Gucci dustbag neuf,11.2,Gucci,0,https://www.vinted.it/items/8292494808-gucci-dustbag-neuf?referrer=catalog,2,8292494808,Sold,02/03/2026 06:04:20,,https://images1.vinted.net/t/06_01b5e_mLhJNaLjNGBt2bLq6RHKmSMq/310x430/1772388537.webp?s=b4c0b7a920f5c84fb927b8c346007e79bd3b499a,9,3
Sciarpa foulard stola scialle gucci originale,194.95,Gucci,0,https://www.vinted.it/items/8286435986-sciarpa-foulard-stola-scialle-gucci-originale?referrer=catalog,21,8286435986,Sold,02/03/2026 06:04:46,,https://images1.vinted.net/t/06_00dda_oSZ7YXEMGiGSTFRVmHF5Xd5A/310x430/1772360903.webp?s=39227ea9fa4b7721f83e4b16e91a332d4b0982d8,9,4
Abito valeria mazza,131.95,valeria mazza,M / IT 42 / EU 38,https://www.vinted.it/items/8286285287-abito-valeria-mazza?referrer=catalog,10,8286285287,Sold,02/03/2026 06:04:46,,https://images1.vinted.net/t/05_01a99_ubd8uBLqQMDszezSDtFH6fDQ/310x430/1772360152.webp?s=fe29ce4656273e43a6706a0416c4f69086f6734f,9,4
Piumino Gucci 4 anni piuma d oca,95.2,Gucci,4 anni / 104 cm,https://www.vinted.it/items/8286362036-piumino-gucci-4-anni-piuma-d-oca?referrer=catalog,0,8286362036,Sold,02/03/2026 06:04:46,,https://images1.vinted.net/t/05_01d8d_r4v6E56VF9qB8j4MJpB9QquZ/310x430/1772360540.webp?s=26d151c3584d8faf04c1c3a33c7d756b92b4f570,9,4
Sandali infradito Gucci,510.0,Gucci,40.5,https://www.vinted.it/items/8286337742-sandali-infradito-gucci?referrer=catalog,8,8286337742,Sold,02/03/2026 06:04:46,,https://images1.vinted.net/t/06_00712_28Hc6RE9uwA3xJfuJhXhWMRT/310x430/1772360417.webp?s=29e7437ecc761c9aa1cb1b9e842e0195b5a9d09b,9,4
Espadrills donna,147.7,Gucci,38,https://www.vinted.it/items/8286324529-espadrills-donna?referrer=catalog,26,8286324529,Sold,02/03/2026 06:04:46,,https://images1.vinted.net/t/05_01517_ceggJLtP3gn8yBwroXke4fcj/310x430/1772360351.webp?s=1a6090709dee9ac112ea38e5d30bdca819ac9b75,9,4
Portacarte Gucci,49.0,Gucci,0,https://www.vinted.it/items/8286202140-portacarte-gucci?referrer=catalog,4,8286202140,Sold,02/03/2026 06:04:46,,https://images1.vinted.net/t/05_0235c_KFeqWVLJqfPLcsz8wUfb6Etf/310x430/1772359723.webp?s=6e9fb91dd4788be87e98ebdd19aaf6d464c3888e,9,4
Pochette Gucci,612.0,Gucci,0,https://www.vinted.it/items/8286239389-pochette-gucci?referrer=catalog,0,8286239389,Sold,02/03/2026 06:04:46,,https://images1.vinted.net/t/05_00c1f_YKiN1XLmUPvbkH7aW1ebAATC/310x430/1772359916.webp?s=97de4a76dfccdc4e5fc85f9f1efb73935b9dc401,9,4
Discovery set Gucci Flora,8.05,Gucci,0,https://www.vinted.it/items/8286212676-discovery-set-gucci-flora?referrer=catalog,4,8286212676,Sold,02/03/2026 06:04:46,,https://images1.vinted.net/t/01_023fb_RiNzdVbvvY5th4jfFSwa12FW/310x430/1772359778.webp?s=b8e9c3f74f8495eb1280227a30dbfded685e5300,9,4
Beauty Gucci rotondo,16.45,Gucci,0,https://www.vinted.it/items/8286202534-beauty-gucci-rotondo?referrer=catalog,7,8286202534,Sold,02/03/2026 06:04:46,,https://images1.vinted.net/t/06_00014_ykjxriaBoJg2McHeWNNivGfV/310x430/1772359725.webp?s=bd34a3673a9cdefcde4c797375a12de9f99eb4dc,9,4
Specchietto da borsetta Gucci,16.45,Gucci,0,https://www.vinted.it/items/8286183267-specchietto-da-borsetta-gucci?referrer=catalog,1,8286183267,Sold,02/03/2026 06:04:46,,https://images1.vinted.net/t/05_009a8_CfPcQR4z1TpZbCn9WPJu7ZvU/310x430/1772359625.webp?s=1426bc4f61db16203493c7bf9a6a52219143ec8d,9,4
Scarpe Gucci,209.65,Gucci,38,https://www.vinted.it/items/8286161207-scarpe-gucci?referrer=catalog,40,8286161207,Sold,02/03/2026 06:04:46,,https://images1.vinted.net/t/06_01181_mf2XnZVpLfxHR73Cc72w9RNk/310x430/1772359508.webp?s=e0c75291e37ac66932c0a1e59528789d711e7ff1,9,4
Sabot eleganti originali Gucci,410.2,Gucci,42,https://www.vinted.it/items/8286158719-sabot-eleganti-originali-gucci?referrer=catalog,49,8286158719,Sold,02/03/2026 06:04:46,,https://images1.vinted.net/t/06_00891_5nFX28YATs7ZhWfSLKs8dQod/310x430/1772359495.webp?s=a165e6080c37405174eb560fcd93e621dbef6cae,9,4
Sneakers Gucci tennis 1977 in tela tg 41,420.7,Gucci,41,https://www.vinted.it/items/8286090017-sneakers-gucci-tennis-1977-in-tela-tg-41?referrer=catalog,1,8286090017,Sold,02/03/2026 06:04:46,,https://images1.vinted.net/t/01_012ca_NUvzYk22kN9e1rqKLLiZL5sv/310x430/1772359133.webp?s=7d75166fc9a2d7da1c19bcbc06cd55c48285df55,9,4
Mocassini Gucci Gigi Horsebit in pelle scamosciata 41.5,357.69,Gucci,41,https://www.vinted.it/items/8285991820-mocassini-gucci-gigi-horsebit-in-pelle-scamosciata-415?referrer=catalog,2,8285991820,Sold,02/03/2026 06:04:46,,https://images1.vinted.net/t/05_00f7c_F51nXcLNZBL1Z2ogLziYub8o/310x430/1772358598.webp?s=66646a0d1824342f41e620f8611b4012a8c89e50,9,4
Top Gucci taglia 36 nuovo floreale,263.2,Gucci,S / IT 40 / EU 36,https://www.vinted.it/items/8256599667-top-gucci-taglia-36-nuovo-floreale?referrer=catalog,2,8256599667,Sold,02/03/2026 06:04:46,,https://images1.vinted.net/t/06_0215e_zsZEonNVZns94g41KnQY4pPx/310x430/1772012698.webp?s=123627fed9c52079d13a65cfb25cbc109167dcb2,9,4
Gucci pochette,19.6,Gucci,0,https://www.vinted.it/items/8256565216-gucci-pochette?referrer=catalog,43,8256565216,Sold,02/03/2026 06:04:46,,https://images1.vinted.net/t/06_01c87_ieFuygGLmPN6haqjQf3amWdK/310x430/1772012411.webp?s=bc456c96a26b227b4c64b7206bcb95ff9af79a7a,9,4
Mocassini Gucci Jordaan in pelle nera 41,378.69,Gucci,41,https://www.vinted.it/items/8285975978-mocassini-gucci-jordaan-in-pelle-nera-41?referrer=catalog,5,8285975978,Sold,02/03/2026 06:04:46,,https://images1.vinted.net/t/06_01515_ooUBMrYiT3SSsf17viRDePJ4/310x430/1772358510.webp?s=de5da7f46b2a09b742685a79a48479c73c34ba06,9,4
Cintura Gucci Blondie 105cm x 3cm,210.69,Gucci,105 cm,https://www.vinted.it/items/8285958113-cintura-gucci-blondie-105cm-x-3cm?referrer=catalog,2,8285958113,Sold,02/03/2026 06:04:46,,https://images1.vinted.net/t/06_01ae9_xZWZhCDmvR3ZeksjQ7y6HL5f/310x430/1772358409.webp?s=f6908ec8bf77945e08c04fd9a6649f2d12b0f046,9,4
Scarpe uomo,399.7,Gucci,44,https://www.vinted.it/items/8285926052-scarpe-uomo-gucci-originali?referrer=catalog,0,8285926052,Sold,02/03/2026 06:04:46,,https://images1.vinted.net/t/05_01152_48CyyfFmBkFcHMq2eiGpsC9B/310x430/1772358225.webp?s=b602f9943225d63ef81f58c61c933e36d2774655,9,4
Gucci orsetto portachiavi,9.1,Gucci,0,https://www.vinted.it/items/8285908595-gucci-orsetto-portachiavi?referrer=catalog,5,8285908595,Sold,02/03/2026 06:04:46,,https://images1.vinted.net/t/05_0038e_gEBB449cEd463hJUib3rQFWD/310x430/1772358122.webp?s=96cd04c964b11e40ba452f41f18287f29b46081d,9,4
Confezione Gucci Guilty profumo e crema corpo,74.2,Gucci,0,https://www.vinted.it/items/8285891546-confezione-gucci-guilty-profumo-e-crema-corpo?referrer=catalog,0,8285891546,Sold,02/03/2026 06:04:46,,https://images1.vinted.net/t/05_00d1e_afVc7hS3t6YSYXEFNfBodjMf/310x430/1772358022.webp?s=d31f2aee09e9b6776c87a322f4f3a09b9ae91be3,9,4
Mocassini Gucci,263.2,Gucci,34.5,https://www.vinted.it/items/8285845627-mocassini-gucci?referrer=catalog,10,8285845627,Sold,02/03/2026 06:04:46,,https://images1.vinted.net/t/05_008e7_D67XLMwSzYZkzYMcYb6btMYz/310x430/1772357750.webp?s=67866c700728196570f8e6d32d02939080dfb322,9,4
Occhiali da sole Gucci,200.2,Gucci,0,https://www.vinted.it/items/8285833155-occhiali-da-sole-gucci?referrer=catalog,1,8285833155,Sold,02/03/2026 06:04:46,,https://images1.vinted.net/t/05_01493_Sn1ufJFi78zzMu6aYXFGH6A9/310x430/1772357676.webp?s=6d19ff533b41d8520ce7ba0fe4602987d6235fac,9,4
occhiali di gucci,68.95,Gucci,0,https://www.vinted.it/items/8285831830-occhiali-di-gucci?referrer=catalog,8,8285831830,Sold,02/03/2026 06:04:46,,https://images1.vinted.net/t/06_0131a_wYtCs4yrcXJ3kCb3nBx4Avdm/310x430/1772357668.webp?s=9b094a80c62002d9c1eb446fce13d1b371559636,9,4
Scatola Gucci,16.45,Gucci,0,https://www.vinted.it/items/8285828163-scatola-gucci?referrer=catalog,1,8285828163,Sold,02/03/2026 06:04:46,,https://images1.vinted.net/t/05_01c36_f7y5zePmqbsU23fCUWWvQUxS/310x430/1772357646.webp?s=2137e32748480067f8d98f8f43bbe6931b218776,9,4
Cintura Gucci double phase,189.7,Gucci,75 cm,https://www.vinted.it/items/8285821800-cintura-gucci-double-phase?referrer=catalog,30,8285821800,Sold,02/03/2026 06:04:46,,https://images1.vinted.net/t/05_005a9_QMYnRJ9KB95suhazRfxtwt23/310x430/1772357607.webp?s=508a8d7292472adb4286a927ab517ac7330a43e4,9,4
Foulard Gucci nuovo,126.7,Gucci,0,https://www.vinted.it/items/8285731731-foulard-gucci-nuovo?referrer=catalog,6,8285731731,Sold,02/03/2026 06:04:46,,https://images1.vinted.net/t/05_005ab_w6S11yQKW6k2QuGwkxqxp6aX/310x430/1772357042.webp?s=17129fb9895168cc0360af8c61521c68c7c88ffc,9,4
Rossetti westman Gucci bob e brique,47.95,Westman Atelier,0,https://www.vinted.it/items/8285781495-rossetti-westman-gucci-bob-e-brique?referrer=catalog,11,8285781495,Sold,02/03/2026 06:04:46,,https://images1.vinted.net/t/05_0142e_NgasgqX8T5UJuv5XegavZLyi/310x430/1772357358.webp?s=c41473c30b5c01c847d09cc91ca6a1e996216067,9,4
Blazer Gucci,158.2,Gucci,L / IT 44 / EU 40,https://www.vinted.it/items/8283182672-blazer-gucci?referrer=catalog,1,8283182672,Sold,02/03/2026 06:04:46,,https://images1.vinted.net/t/05_011ef_CnYSw8oGE8QgZFVvxTX5q3SS/310x430/1772304084.webp?s=9165fb6196ae9c6b340cbcccfa20516df1ed5571,9,4
GUCCI swim short with bee 46,419.65,Gucci,S,https://www.vinted.it/items/8290907929-gucci-swim-short-with-bee-46?referrer=catalog,3,8290907929,Sold,02/03/2026 06:05:12,,https://images1.vinted.net/t/03_003e5_ejPPuCN4PJ1zYFf5FQTAeU9F/310x430/1772381075.webp?s=bc4934a5f59ee46f22898cd11fa0a1d1b09fad32,9,5
Mocassini Jordan Gucci donna,378.7,Gucci,38,https://www.vinted.it/items/8288066731-mocassini-jordan-gucci-donna?referrer=catalog,15,8288066731,Sold,02/03/2026 06:06:05,,https://images1.vinted.net/t/04_0221f_EZBV1nRypWghkXSC6sLtB326/310x430/1772368674.webp?s=7d163d99e4d107b338b1e076ea62bccd87020ac6,9,7
Camicia Gucci M/L,336.7,Gucci,M,https://www.vinted.it/items/8288033073-camicia-gucci-ml?referrer=catalog,1,8288033073,Sold,02/03/2026 06:06:05,,https://images1.vinted.net/t/05_001b2_HEVnoe9k3v1x5YondRNtxqrV/310x430/1772368516.webp?s=d52b7090848b0fe3940dc594c66249b6394f884d,9,7
Sneakers Gucci Ace in tessuto GG Supreme,473.2,Gucci,47,https://www.vinted.it/items/8288031301-sneakers-gucci-ace-in-tessuto-gg-supreme?referrer=catalog,0,8288031301,Sold,02/03/2026 06:06:05,,https://images1.vinted.net/t/05_01054_rctzJQbExN3QK4r6tUY1oEGN/310x430/1772368508.webp?s=49d86775eb1b11b3d53f096e36571eb0e1cd35de,9,7
Sacoche gucci,368.2,Gucci,0,https://www.vinted.it/items/8288023839-sacoche-gucci?referrer=catalog,0,8288023839,Sold,02/03/2026 06:06:05,,https://images1.vinted.net/t/04_0097b_Qk6aSKguhAXrgbWiWtT41P5D/310x430/1772368472.webp?s=fff300369fd545c88ec1be09ebab57f93019b5ff,9,7
Gucci Flora Gorgeous Orchid 50 ml Neu,68.95,Gucci,0,https://www.vinted.it/items/8288017028-gucci-flora-gorgeous-orchid-50-ml-neu?referrer=catalog,0,8288017028,Sold,02/03/2026 06:06:05,,https://images1.vinted.net/t/05_00291_wkMznXqR4qXfv9W1X5DXksuW/310x430/1772368440.webp?s=32714b0e559f9b0f5b03191c648adbaf8dd692c9,9,7
Gucci kids size  8 years old,105.7,Gucci,8 anni / 128 cm,https://www.vinted.it/items/8288014602-gucci-kids-size-8-years-old?referrer=catalog,30,8288014602,Sold,02/03/2026 06:06:05,,https://images1.vinted.net/t/05_0166f_BKPu2p8VgYEb1bpKgTkeRLCi/310x430/1772368429.webp?s=d6a983557df3a20f0368da1bc87ee448b7beb448,9,7
Gucci Schuhe neu 38,630.7,Gucci,38.5,https://www.vinted.it/items/8288007910-gucci-schuhe-neu-385?referrer=catalog,0,8288007910,Sold,02/03/2026 06:06:05,,https://images1.vinted.net/t/05_000de_XeNFrF2SW4mBpQFVySk8PGFm/310x430/1772368398.webp?s=2f307b7efb73d0facf14bdbd58cc68b508a1180a,9,7
Camicia manica corta 24 mesi,63.7,Gucci,24-36 mesi / 92 cm,https://www.vinted.it/items/8288004783-camicia-manica-corta-24-mesi?referrer=catalog,1,8288004783,Sold,02/03/2026 06:06:05,,https://images1.vinted.net/t/05_01dae_HpkTBwNDbQ1oX5mNeedT2kM8/310x430/1772368383.webp?s=ab7c3a2d3fe79de4620ef5685ae57ee99036f6cb,9,7
Busta Gucci,11.2,Gucci,0,https://www.vinted.it/items/8287972667-busta-gucci?referrer=catalog,0,8287972667,Sold,02/03/2026 06:06:05,,https://images1.vinted.net/t/06_001e4_T3yqft91R9tiaFbGyuYcTeuz/310x430/1772368228.webp?s=46a6de8feaf0625f15f61f510e9153604eaccad1,9,7
Casquette gucci gg neuf,294.7,Gucci,L,https://www.vinted.it/items/8283575172-casquette-gucci-gg-neuf?referrer=catalog,1,8283575172,Sold,02/03/2026 06:06:05,,https://images1.vinted.net/t/03_01a1b_ujFwPw3xNPwLHNtg4wxK8KNY/310x430/1772307403.webp?s=06944fddc27f47da5d7a92c327294e6841fd9486,9,7
Gucci Minikleid it. Gr. 40 Schleife mit Kristallsteinen,315.7,Gucci,XS,https://www.vinted.it/items/8287932024-gucci-minikleid-it-gr-40-schleife-mit-kristallsteinen?referrer=catalog,1,8287932024,Sold,02/03/2026 06:06:05,,https://images1.vinted.net/t/05_0211f_S8jd6fqRBdpJBmn45Mo5iX5W/310x430/1772368035.webp?s=28b7d957d884eca608d63b91f633399e4bb3ac32,9,7
Gravata,30.1,Gucci,0,https://www.vinted.it/items/8287850731-gravata?referrer=catalog,27,8287850731,Sold,02/03/2026 06:06:05,,https://images1.vinted.net/t/06_01e0c_cKaSHNGkZwE9XsGF5sxkfTT7/310x430/1772367646.webp?s=2b228df5c65ca0fa7e1790d9d2c31668c5f5b6fc,9,7
Eau de parfum Gucci Flora gorgeous jasmin 100ml,62.65,Gucci,0,https://www.vinted.it/items/8287866428-eau-de-parfum-gucci-flora-gorgeous-jasmin-100ml?referrer=catalog,1,8287866428,Sold,02/03/2026 06:06:05,,https://images1.vinted.net/t/01_01c9b_KK3dTA8cyNP7anUwwJNMB5rX/310x430/1772367722.webp?s=d5c76597bed52869a8cff96e7abc6722218c5655,9,7
Scatola Gucci,26.95,Gucci,0,https://www.vinted.it/items/8287850362-scatola-gucci?referrer=catalog,0,8287850362,Sold,02/03/2026 06:06:05,,https://images1.vinted.net/t/06_01a09_RjZ52K5QSAwTJRFzp7tKn4fA/310x430/1772367644.webp?s=700dda95671e3d6ece4809af28e7d8180c327c5e,9,7
Gucci anillo con piedra,131.95,Gucci,16,https://www.vinted.it/items/8283412807-gucci-anillo-con-piedra?referrer=catalog,0,8283412807,Sold,02/03/2026 06:06:05,,https://images1.vinted.net/t/05_01333_SheLFL7GSubhR1E5eEKc1K46/310x430/1772305992.webp?s=40a65e794839e28689fcedda24a3162ce3c11b4f,9,7
Gucci riem,399.7,Gucci,95 cm,https://www.vinted.it/items/8287843309-gucci-riem?referrer=catalog,0,8287843309,Sold,02/03/2026 06:06:05,,https://images1.vinted.net/t/01_00d9a_6U84DVGPeZjyBK1rCDNTCQwN/310x430/1772367610.webp?s=20dd04d82d672cd348a92effd660de139cfdb480,9,7
Ciabattine Gucci in gomma,263.2,Gucci,37,https://www.vinted.it/items/8287842480-ciabattine-gucci-in-gomma?referrer=catalog,2,8287842480,Sold,02/03/2026 06:06:05,,https://images1.vinted.net/t/05_01d88_mCXFPssZLnVehKueqdhbXtS3/310x430/1772367606.webp?s=9163b28a9e2fc78482e7e976201b63e4b5127f97,9,7
Gucci Schuhe,74.2,Gucci,42,https://www.vinted.it/items/8287840148-gucci-schuhe?referrer=catalog,10,8287840148,Sold,02/03/2026 06:06:05,,https://images1.vinted.net/t/03_01077_wryFJtXPuKhAU9KoY2pXC911/310x430/1772367595.webp?s=09efe821b4906fd90522a4cdca74af0b04a7fd30,9,7
Calzini Gucci bambino Veri,53.2,Gucci,22-24,https://www.vinted.it/items/8287837267-calzini-gucci-bambino-veri?referrer=catalog,1,8287837267,Sold,02/03/2026 06:06:05,,https://images1.vinted.net/t/05_0053f_ZvPEa2hAqTbXSh1v5pm7DQTB/310x430/1772367581.webp?s=2fe2424f0bd7d3ed8cc4de7f091b436357f7fbcc,9,7
Gucci gift catalog 2016/2017,58.45,Gucci,0,https://www.vinted.it/items/8287822559-gucci-gift-catalog-20162017?referrer=catalog,0,8287822559,Sold,02/03/2026 06:06:05,,https://images1.vinted.net/t/06_020c4_J34157HrUnEkayUMZnXxyKBH/310x430/1772367509.webp?s=1d6acd883f177ce31a2884147e931a62db959077,9,7
Boite Gucci avec pochon et poche🆕,21.7,Gucci,0,https://www.vinted.it/items/8287795534-boite-gucci-avec-pochon-et-poche?referrer=catalog,1,8287795534,Sold,02/03/2026 06:06:05,,https://images1.vinted.net/t/06_01fe3_6793M6DtvLubCZ2b154jKQoL/310x430/1772367377.webp?s=b88e830cadcca8b473fb829aad94967861f7b717,9,7
Coffret parfum miniatures Gucci bloom Gucci Flora gorgeous gardenia,26.95,Gucci,0,https://www.vinted.it/items/8287783365-coffret-parfum-miniatures-gucci-bloom-gucci-flora-gorgeous-gardenia?referrer=catalog,28,8287783365,Sold,02/03/2026 06:06:05,,https://images1.vinted.net/t/05_02434_kzG6b3EGp82TzVHhrcx2nq46/310x430/1772367317.webp?s=eef373920f3435ecc1d8a2e72e5b2a23eb151991,9,7
Gucci cintura,173.95,Gucci,90 cm,https://www.vinted.it/items/8287755375-gucci-cintura?referrer=catalog,1,8287755375,Sold,02/03/2026 06:06:31,,https://images1.vinted.net/t/06_0007c_2cXrJ9aiJ9orPYmpGktkfVqq/310x430/1772367183.webp?s=162787cba98569c220949aacba6a39c553b187a3,9,8
Gucci Première,63.7,Gucci,0,https://www.vinted.it/items/8287745578-gucci-premiere?referrer=catalog,3,8287745578,Sold,02/03/2026 06:06:31,,https://images1.vinted.net/t/03_00d9e_mikecrtPMioWsjFEvBYWKd3a/310x430/1772367136.webp?s=573b59f5307721a82262d119ea4a0e958b9b3475,9,8
Jeans Gucci,84.7,Gucci,IT 50 | W40,https://www.vinted.it/items/8282857605-jeans-gucci?referrer=catalog,2,8282857605,Sold,02/03/2026 06:06:31,,https://images1.vinted.net/t/01_00446_ibNDEGYDEGMXWpNHxREyEMk8/310x430/1772301631.webp?s=e911bec8d64855327a807f97e3734a862935405e,9,8
Gucci Trainingsjacke Jacke Tracksuit Windbreaker,336.7,Gucci,L,https://www.vinted.it/items/8287663926-gucci-trainingsjacke-jacke-tracksuit-windbreaker?referrer=catalog,2,8287663926,Sold,02/03/2026 06:06:31,,https://images1.vinted.net/t/06_000c2_LEw5U4mnkjVaiBUcXC3gQPPj/310x430/1772366742.webp?s=51a7bac6d0543f405180a755eddde7327914abb5,9,8
Gucci Guilty,74.2,Gucci,0,https://www.vinted.it/items/8287663725-gucci-guilty?referrer=catalog,1,8287663725,Sold,02/03/2026 06:06:31,,https://images1.vinted.net/t/05_021d1_5E3nshc7KtXedfPbHFUYwaWd/310x430/1772366741.webp?s=d72ba2399f24e87c6d108bf94218d330bffeca17,9,8
Gucci Rush For Men Duschgel,16.45,Gucci,0,https://www.vinted.it/items/8287659430-gucci-rush-for-men-duschgel?referrer=catalog,1,8287659430,Sold,02/03/2026 06:06:31,,https://images1.vinted.net/t/06_018f4_yFADZ97JhGGWkXgU89jCNozD/310x430/1772366720.webp?s=79747babb2cdb1d0246726556900ba9bc94341a8,9,8
Bob Gucci  Fedora,368.2,Gucci,M,https://www.vinted.it/items/8287629918-bob-gucci-fedora?referrer=catalog,1,8287629918,Sold,02/03/2026 06:06:31,,https://images1.vinted.net/t/05_01427_8EYiiMEeZ5fHjxYxUMTghsyH/310x430/1772366578.webp?s=40041524e976bbcda13e2c000e8178e14ce76f99,9,8
Je vends un rouge à lèvres Guccimat,37.45,Gucci,0,https://www.vinted.it/items/8287628086-je-vends-un-rouge-a-levres-guccimat-elegant-et-longue-tenue?referrer=catalog,0,8287628086,Sold,02/03/2026 06:06:31,,https://images1.vinted.net/t/01_0099e_idYKtgFUbvDRkT5WtpzBDyhN/310x430/1772366569.webp?s=86d75d0c411daaa3d5f88f5ad1884da7c3996f3c,9,8
Gucci Flora Gorgeous Orchid 100ML,42.7,Gucci,0,https://www.vinted.it/items/8287627399-gucci-flora-gorgeous-orchid-100ml?referrer=catalog,6,8287627399,Sold,02/03/2026 06:06:31,,https://images1.vinted.net/t/04_00d58_B1YBGeHSCEqnwNjA7NgDvLX9/310x430/1772366566.webp?s=eabff10ffff7c4a7a10650accfdd564716f34679,9,8
Gucci GG Canvas Daunenjacke Winterjacke Steppjacke Hoodie Pullover Jacke,399.7,Gucci,L,https://www.vinted.it/items/8287617100-gucci-gg-canvas-daunenjacke-winterjacke-steppjacke-hoodie-pullover-jacke?referrer=catalog,2,8287617100,Sold,02/03/2026 06:06:31,,https://images1.vinted.net/t/06_02413_5mWRdooa5xs25MgvNRx3hXWk/310x430/1772366517.webp?s=0efddd85efd887d26e5ff19d9ed7a0c541aa9f6c,9,8
Gucci flora gorgeous gardenia,89.95,Gucci,0,https://www.vinted.it/items/8287599739-gucci-flora-gorgeous-gardenia?referrer=catalog,0,8287599739,Sold,02/03/2026 06:06:31,,https://images1.vinted.net/t/06_01987_aVfHcPiFd1X8KHpsjU2eRmWM/310x430/1772366433.webp?s=6345de8e5f179b0d37fdb9c9ecc6988b933755c0,9,8
Perfume Gucci Bloom,168.7,Gucci,0,https://www.vinted.it/items/8287591711-perfume-gucci-bloom?referrer=catalog,0,8287591711,Sold,02/03/2026 06:06:31,,https://images1.vinted.net/t/06_004d2_QNYz8vxvB85yTvUk4hjj14t7/310x430/1772366394.webp?s=fafaa2dd90635a4c3960004f3248bd54676aa3b9,9,8
Gucci Sonnenbrille,105.7,Gucci,0,https://www.vinted.it/items/8287584409-gucci-sonnenbrille?referrer=catalog,1,8287584409,Sold,02/03/2026 06:06:31,,https://images1.vinted.net/t/01_00698_iXkfrrvodMnViaqwKo2ivr6z/310x430/1772366358.webp?s=bd903a3e57d67bf3d6b3b6ec05494573821ab459,9,8
Je vends un fond de teint Gucci. Produit neuf,58.45,Gucci,0,https://www.vinted.it/items/8287553957-je-vends-un-fond-de-teint-gucci-produit-neuf-ouvert-uniquement-pour-la-photo-jamais-utilise?referrer=catalog,1,8287553957,Sold,02/03/2026 06:06:31,,https://images1.vinted.net/t/05_02294_bCyuaPGsQyE9eZCscrExpjyj/310x430/1772366213.webp?s=d2ebdb87dc3a8a0505d5215dd4ad89013f46d6b6,9,8
Chausse-pied,32.2,Gucci,0,https://www.vinted.it/items/8287535964-chausse-pied?referrer=catalog,4,8287535964,Sold,02/03/2026 06:06:31,,https://images1.vinted.net/t/05_00cd4_qGdkWcUXwVfp7W6AgRcVBm3a/310x430/1772366126.webp?s=43438fc78c15a8569c8deed1cab77b69b9917f5e,9,8
Gucci Horsebit 1955 Suede Shearling Schultertasche Wildleder,969.0,Gucci,0,https://www.vinted.it/items/8287526421-gucci-horsebit-1955-suede-shearling-schultertasche-wildleder?referrer=catalog,26,8287526421,Sold,02/03/2026 06:06:31,,https://images1.vinted.net/t/05_009ba_1DZoCkLNQZFGN8J6zig5Pvsc/310x430/1772366080.webp?s=9ef0b90d3b3a4343e5df6883a95a2879337431ae,9,8
Eau de Parfum Flora,89.95,Gucci,0,https://www.vinted.it/items/8287503045-eau-de-parfum-flora?referrer=catalog,0,8287503045,Sold,02/03/2026 06:06:31,,https://images1.vinted.net/t/01_017c6_mMTVtRxrQfTMZ8KWv97ZH44T/310x430/1772365968.webp?s=96930a442a86fe47ad4fde32b6521e8e38ac97d5,9,8
Gucci Flora - Eau de parfum - 100ml,79.45,Gucci,0,https://www.vinted.it/items/8257545752-gucci-flora-eau-de-parfum-100ml?referrer=catalog,0,8257545752,Sold,02/03/2026 06:06:31,,https://images1.vinted.net/t/01_00746_XRs8rycy3xxyz6zg14eMLzYn/310x430/1772019772.webp?s=db5022d38475b34e73a57fc07a966cd545c2b2a2,9,8
Bracelet jonc Gucci en bois rouge,68.95,Gucci,0,https://www.vinted.it/items/8287443629-bracelet-jonc-gucci-en-bois-rouge?referrer=catalog,10,8287443629,Sold,02/03/2026 06:06:31,,https://images1.vinted.net/t/06_00e1c_PzPkPJms7iWKtYGrfpVhXnoT/310x430/1772365684.webp?s=224edca909c9824875e820496415c645d92fb540,9,8
Je vends un fond de teint Gucci. Produit neuf,58.45,Gucci,0,https://www.vinted.it/items/8287424989-je-vends-un-fond-de-teint-gucci-produit-neuf-ouvert-uniquement-pour-la-photo-jamais-utilise?referrer=catalog,0,8287424989,Sold,02/03/2026 06:06:31,,https://images1.vinted.net/t/06_02284_HioArbZFZy8po5wAkRv6D3uJ/310x430/1772365594.webp?s=51c44f1795e1cc15b1a5b667f948f4a4eb431e67,9,8
Scarpe Gucci Uomo,368.2,Gucci,43,https://www.vinted.it/items/8287421979-scarpe-gucci-uomo?referrer=catalog,2,8287421979,Sold,02/03/2026 06:06:31,,https://images1.vinted.net/t/06_018d2_7WwbJEKeUYuUv8yKtfMzzAAZ/310x430/1772365580.webp?s=19c4398f900ed119a903681812055988bdfd80f4,9,8
Gucci Blondie,1.7238,Gucci,0,https://www.vinted.it/items/8287398308-gucci-blondie?referrer=catalog,1,8287398308,Sold,02/03/2026 06:06:31,,https://images1.vinted.net/t/05_02279_PzQ8JBYViPSontfSfm3sJvAY/310x430/1772365466.webp?s=c70dbba70911938984d6289495beb6d4dd192040,9,8
Gucci Flora,37.45,Gucci,0,https://www.vinted.it/items/8287392973-gucci-flora?referrer=catalog,0,8287392973,Sold,02/03/2026 06:06:31,,https://images1.vinted.net/t/06_021b8_uREkxvQAT9Mc62gZBeHxQsLc/310x430/1772365441.webp?s=e47591fdd69093c1ae9bba5409428797aef952d2,9,8
Gucci flora gardenia,26.95,Gucci,0,https://www.vinted.it/items/8287375079-gucci-flora-gardenia?referrer=catalog,2,8287375079,Sold,02/03/2026 06:06:31,,https://images1.vinted.net/t/05_01497_nS9iCy7W6XWXcLU4JxmR9Ztw/310x430/1772365357.webp?s=3e2640551281e25117406e16b9deb9315e9d53a8,9,8
T-shirt 👕GUESS neuf 12 ans,14.35,Gucci,12 anni / 152 cm,https://www.vinted.it/items/8287367972-t-shirt-guess-neuf-12-ans?referrer=catalog,0,8287367972,Sold,02/03/2026 06:06:31,,https://images1.vinted.net/t/05_0037b_uwPWQgYHGbZyvhcEeQWznLek/310x430/1772365323.webp?s=72b1c7a88ceb6e639cdda1f2c64f2f786043762a,9,8
Pantalone Gucci donna,419.65,Gucci,S / IT 40 / EU 36,https://www.vinted.it/items/8287359002-pantalone-gucci-donna?referrer=catalog,24,8287359002,Sold,02/03/2026 06:06:31,,https://images1.vinted.net/t/05_00bde_2f3gy53EmuatfZGsP5CDcnWn/310x430/1772365280.webp?s=749ec6b28dd089978163cc5f0166bd9a5cc99105,9,8
Original Gucci Soho Disco Bag – Schwarz – Full Set mit Box Handtasche,734.4,Gucci,0,https://www.vinted.it/items/8257447361-original-gucci-soho-disco-bag-schwarz-full-set-mit-box-handtasche?referrer=catalog,3,8257447361,Sold,02/03/2026 06:06:31,,https://images1.vinted.net/t/05_01651_PYKCkysiuioKXfgHn91yg4LQ/310x430/1772019029.webp?s=7ebde1ec3cd8703aafcb2eb46c86c5547e5e2774,9,8
Ceinture Gucci Noire,168.7,Gucci,65 cm,https://www.vinted.it/items/8287352960-ceinture-gucci-noire?referrer=catalog,0,8287352960,Sold,02/03/2026 06:06:31,,https://images1.vinted.net/t/01_0237a_k2XZk8LpHLyASus7p7RPPXPW/310x430/1772365251.webp?s=a996117033ea471120ab8da1cafae1b20c062dc4,9,8
Parfum Gucci,74.2,Gucci,0,https://www.vinted.it/items/8287349479-parfum-gucci?referrer=catalog,0,8287349479,Sold,02/03/2026 06:06:31,,https://images1.vinted.net/t/06_00c09_yp8uUJcZgxuusHhomutsEiT9/310x430/1772365234.webp?s=8c7f9bb7d143ded07ce71adb6c950eb5e33dcd83,9,8
Gucci Flora Gorgeous Orchid Eau de Parfum EdP 50ml – NEW & Sealed,51.1,Gucci,0,https://www.vinted.it/items/8287321376-gucci-flora-gorgeous-orchid-eau-de-parfum-edp-50ml-new-sealed?referrer=catalog,6,8287321376,Sold,02/03/2026 06:06:31,,https://images1.vinted.net/t/05_018b6_NKtqa42G3Ar5HvbtHqT32MCo/310x430/1772365101.webp?s=3006d86c6c5fce74eb61905271871f8c3dba1f72,9,8
Sweater,32.19,Gucci,S / IT 40 / EU 36,https://www.vinted.it/items/8285547238-sweater?referrer=catalog,10,8285547238,Sold,02/03/2026 06:06:31,,https://images1.vinted.net/t/04_0008b_hkapuj2dFYzuc7Z6f5RYrYSB/310x430/1772355775.webp?s=e7284c3fd46cef3437866f67be20b62d51a36361,9,8
Gucci - Flora Gorgeous Orchid - Eau de Parfum - NEW,11.2,Gucci,0,https://www.vinted.it/items/8287297654-gucci-flora-gorgeous-orchid-eau-de-parfum-new?referrer=catalog,1,8287297654,Sold,02/03/2026 06:06:31,,https://images1.vinted.net/t/05_01ff6_NCN7TvX1GdGTzHPoMNxuzxzv/310x430/1772364988.webp?s=ae15b41b722d2aaae091f84ab5e7534162b6b1e2,9,8
Gucci flora 75ml,47.95,Gucci,0,https://www.vinted.it/items/8287282280-gucci-flora-75ml?referrer=catalog,9,8287282280,Sold,02/03/2026 06:06:31,,https://images1.vinted.net/t/05_02086_jjA2Kc3QqWswPyfxyPZE8Fn3/310x430/1772364915.webp?s=1875c47308aaf171ec932f5666eb9886981395a2,9,8
Gucci Sandales Espadrilles Imprimé Python,263.2,Gucci,36,https://www.vinted.it/items/8287264549-gucci-sandales-espadrilles-imprime-python?referrer=catalog,1,8287264549,Sold,02/03/2026 06:06:31,,https://images1.vinted.net/t/06_02395_HNXhcbzYR3gcUBiwDYCDJhD3/310x430/1772364830.webp?s=cf5f8274bdc548d3e90339d147f8372fd60ad8c2,9,8
Gucci Guilty Absolu De Parfum Pour Homme,89.95,Gucci,0,https://www.vinted.it/items/8287266264-gucci-guilty-absolu-de-parfum-pour-homme?referrer=catalog,4,8287266264,Sold,02/03/2026 06:06:31,,https://images1.vinted.net/t/01_007c3_sgVB1Y35tHeMe9rhBTNewMaY/310x430/1772364839.webp?s=b6b5eece8a16d51935ccde7d0970f1127160032e,9,8
Sandales Gucci plateforme python beige/noir T37,420.7,Gucci,37,https://www.vinted.it/items/8287256440-sandales-gucci-plateforme-python-beigenoir-t37?referrer=catalog,6,8287256440,Sold,02/03/2026 06:06:31,,https://images1.vinted.net/t/05_00045_7FPjrsJ4kkjE4tYLTKx4VKzw/310x430/1772364792.webp?s=a3ee3906a7a495ceb75a924e93aa3b7c08a2e656,9,8
Gucci x doraemon,53.2,Gucci x Doraemon,0,https://www.vinted.it/items/8287243115-gucci-x-doraemon?referrer=catalog,3,8287243115,Sold,02/03/2026 06:06:31,,https://images1.vinted.net/t/06_00e13_JcRPvTX6Mp8iiYjyDsFQZTet/310x430/1772364729.webp?s=2c4d3d4caf1fe82ca5e0eae25ed4862090296eea,9,8
Gucci Schal,305.2,Gucci,0,https://www.vinted.it/items/8287240433-gucci-schal?referrer=catalog,1,8287240433,Sold,02/03/2026 06:06:31,,https://images1.vinted.net/t/05_011ab_Hq1wcb1fPFup8HekHuWG1YcU/310x430/1772364716.webp?s=418f6b132eb903a29e2b2e36fa2ef302cc7871f2,9,8
Gucci Bamboo Eau de Parfum – 75 ml | Gucci,57.4,Gucci,0,https://www.vinted.it/items/8287238554-gucci-bamboo-eau-de-parfum-75-ml-gucci?referrer=catalog,1,8287238554,Sold,02/03/2026 06:06:31,,https://images1.vinted.net/t/01_004ce_XJf9wRuuDxt3mQ8uJxJeqbXW/310x430/1772364708.webp?s=efff2a1c51fa29a8b438d7c6e10141563d72982c,9,8
Portacarte,53.2,Gucci,0,https://www.vinted.it/items/8257430204-portacarte?referrer=catalog,4,8257430204,Sold,02/03/2026 06:06:31,,https://images1.vinted.net/t/05_013b1_rkKFMavkx9nPSGpgHw6ygeLE/310x430/1772018900.webp?s=fafd9a35caa405e736fbb418274861e64c0308d2,9,8
Scarpe Gucci vernice verde scuro Mary jane,315.7,Gucci,37,https://www.vinted.it/items/8287202113-scarpe-gucci-vernice-verde-scuro-mary-jane?referrer=catalog,0,8287202113,Sold,02/03/2026 06:06:31,,https://images1.vinted.net/t/05_00770_5CoQPZind9Vz559Qo7eLX8fU/310x430/1772364535.webp?s=db5fffee16705ed5ac78a570bf5d6d853f54241b,9,8
Gucci flora gardenia,26.95,Gucci,0,https://www.vinted.it/items/8287184414-gucci-flora-gardenia?referrer=catalog,9,8287184414,Sold,02/03/2026 06:06:31,,https://images1.vinted.net/t/05_022dd_U5f7w925NgudmtXm3fBrAcSP/310x430/1772364450.webp?s=e81d01e6b22a4e7cef63a38f7a95396e77996732,9,8
Gucci Mocassins Horsebit Vert Kaki,420.7,Gucci,42,https://www.vinted.it/items/8287167517-gucci-mocassins-horsebit-vert-kaki?referrer=catalog,2,8287167517,Sold,02/03/2026 06:06:31,,https://images1.vinted.net/t/03_0177e_aien4jgDBLQ6yVvYgZP3unp8/310x430/1772364369.webp?s=3d7325cefef05dfe464f965a1b331827609e10fc,9,8
Gucci Mütze Wolle,209.65,Gucci,Taglia unica,https://www.vinted.it/items/8287169082-gucci-mutze-wolle?referrer=catalog,2,8287169082,Sold,02/03/2026 06:06:31,,https://images1.vinted.net/t/01_01153_eBCvVJthimM4ZyDPgVnrGnyR/310x430/1772364377.webp?s=0e8ca514fef7f0320712600a3730240cc1a6fcd4,9,8
Gucci GG Marmont Gürtel,419.65,Gucci,80 cm,https://www.vinted.it/items/8287151593-gucci-gg-marmont-gurtel?referrer=catalog,0,8287151593,Sold,02/03/2026 06:06:31,,https://images1.vinted.net/t/06_001a2_6oKTbbXE3PdBbCabGbYBAwou/310x430/1772364295.webp?s=f3fada69ed54e986741f9c59302c991f8128aa37,9,8
Miniatura Gucci Nobile,11.2,Gucci,0,https://www.vinted.it/items/8287131570-miniatura-gucci-nobile?referrer=catalog,0,8287131570,Sold,02/03/2026 06:06:31,,https://images1.vinted.net/t/05_00018_AxdprAEJJPeBCQvnAr4XnGtb/310x430/1772364201.webp?s=52785c774b1db92bd2698c5ee19f1b9a39fa2561,9,8
Gucci Marmont Half moon Tasche (Neu),867.0,Gucci,0,https://www.vinted.it/items/8287127803-gucci-marmont-half-moon-tasche-neu?referrer=catalog,3,8287127803,Sold,02/03/2026 06:06:31,,https://images1.vinted.net/t/05_00bf6_5aoBEASiuckoV4RDVFTv7r6J/310x430/1772364183.webp?s=c07051d2cc7b62d067868c05ed25589573854d70,9,8
Americana de Gucci,1.173,Gucci,54,https://www.vinted.it/items/8287114144-americana-de-gucci?referrer=catalog,3,8287114144,Sold,02/03/2026 06:06:31,,https://images1.vinted.net/t/06_0149d_YkoHsiAnX97bwGQCCHN8y7xi/310x430/1772364118.webp?s=70e6b2188d353145beb16eb39b5818f5ccc08b8a,9,8
Lunettes de soleil Gucci,158.2,Gucci,0,https://www.vinted.it/items/8287113987-lunettes-de-soleil-gucci?referrer=catalog,5,8287113987,Sold,02/03/2026 06:06:31,,https://images1.vinted.net/t/04_005e2_edAjusZgApCaCR4XFUYnKW15/310x430/1772364118.webp?s=30b2ee0956902c286d885d61757f55469ae2a8ca,9,8
Gucci Sneaker GG Canvas,263.2,Gucci,40,https://www.vinted.it/items/8287108242-gucci-sneaker-gg-canvas?referrer=catalog,2,8287108242,Sold,02/03/2026 06:06:31,,https://images1.vinted.net/t/06_0145c_gbKY2rYWkHwo9M4bV5vEijKr/310x430/1772364090.webp?s=26b3746947edd826ca8efb411bbcbcd4531396f7,9,8
Original Gucci Soho Disco Bag – Schwarz – Full Set mit Box,734.4,Gucci,0,https://www.vinted.it/items/8257326512-original-gucci-soho-disco-bag-schwarz-full-set-mit-box?referrer=catalog,7,8257326512,Sold,02/03/2026 06:06:31,,https://images1.vinted.net/t/01_00e99_Ab1Hsr5Pivgu1QQjaZmrX9Kk/310x430/1772018123.webp?s=caf96c30876d7b20ba59f90bb44f52db6e69e51b,9,8
Profumo Gucci Flora,42.7,Gucci,0,https://www.vinted.it/items/8257350944-profumo-gucci-flora?referrer=catalog,1,8257350944,Sold,02/03/2026 06:06:31,,https://images1.vinted.net/t/03_0098f_7rVdtqzp1htpNaMGxXvwCDQQ/310x430/1772018305.webp?s=31479c9f0f0ae4c892833a2d7e178b617fc65176,9,8
Schoenen,53.2,Gucci,40,https://www.vinted.it/items/8287074259-schoenen?referrer=catalog,3,8287074259,Sold,02/03/2026 06:06:31,,https://images1.vinted.net/t/05_01b80_BR8NPGPZamUcHoUY76WMWsPK/310x430/1772363929.webp?s=cabcb8ae2d918244af559f1061155ebd8e283cef,9,8
Gucci Cap,368.2,Gucci,57,https://www.vinted.it/items/8287072874-gucci-cap?referrer=catalog,1,8287072874,Sold,02/03/2026 06:06:31,,https://images1.vinted.net/t/06_018f0_iUkkFrgmnykQr5wdm3m9DZ32/310x430/1772363922.webp?s=29b4cad7e536a91d5b21ccad55321cf28168035d,9,8
Gucci cap,189.7,Gucci,M,https://www.vinted.it/items/8287070151-gucci-cap?referrer=catalog,5,8287070151,Sold,02/03/2026 06:06:31,,https://images1.vinted.net/t/01_00934_N7BnWcVn49pau9D2n4UJfmda/310x430/1772363909.webp?s=1dd699751c9cb9ac177d0c7fcf5d06937b1db77e,9,8
Gucci Sandales Web Slide,231.7,Gucci,38,https://www.vinted.it/items/8287060149-gucci-sandales-web-slide?referrer=catalog,1,8287060149,Sold,02/03/2026 06:06:31,,https://images1.vinted.net/t/05_013e0_myC4xihLfP4UC3ndG9pZi6eN/310x430/1772363862.webp?s=9c2f9e4e5fbfa01c0740b94ff1d435a9525f0973,9,8
Gucci FLORA Parfum 100ml,42.7,Gucci,0,https://www.vinted.it/items/8287058007-gucci-flora-parfum-100ml?referrer=catalog,1,8287058007,Sold,02/03/2026 06:06:31,,https://images1.vinted.net/t/05_00a4f_5Dao1MzRSFm1vbZsegBYqHco/310x430/1772363852.webp?s=2cda342bba0447dfde4051e7de333a3d6a9ecc75,9,8
Gucci Sneaker Run,419.65,Gucci,39,https://www.vinted.it/items/8287045481-gucci-sneaker-run?referrer=catalog,1,8287045481,Sold,02/03/2026 06:06:31,,https://images1.vinted.net/t/06_01efe_H5xTRT8DExeuMiA8GZ2FWGAN/310x430/1772363792.webp?s=44e45da574ef1ed901dcd3083829186a8868b848,9,8
Gucci maglione lana / Ricamo floreale rosso / Taglia XL,561.0,Gucci,XL,https://www.vinted.it/items/8287042145-gucci-maglione-lana-ricamo-floreale-rosso-taglia-xl?referrer=catalog,3,8287042145,Sold,02/03/2026 06:06:31,,https://images1.vinted.net/t/04_00b78_1TyujydRTa71QRGhAYgB3JoF/310x430/1772363777.webp?s=14c473ddc726b0e192026c04251b6bdec9131ddb,9,8
Original Gucci Belt,399.7,Gucci,65 cm,https://www.vinted.it/items/8286926761-original-gucci-belt?referrer=catalog,0,8286926761,Sold,02/03/2026 06:06:31,,https://images1.vinted.net/t/01_012ca_YaDF6D5Q78MoagXkysyLHNr7/310x430/1772363233.webp?s=30eec0399463704d32f0bc5c5ef8c90d85c89567,9,8
Gucci Dress,368.2,Gucci,S / IT 40 / EU 36,https://www.vinted.it/items/8287015429-gucci-dress?referrer=catalog,4,8287015429,Sold,02/03/2026 06:06:31,,https://images1.vinted.net/t/06_022e9_j7STAAQceJ2WGjEL5xjmMmjf/310x430/1772363650.webp?s=57319d94598865c134fad7fa13d77fda4acd897c,9,8
Casquette Gucci Jumbo,273.7,Gucci,L,https://www.vinted.it/items/8287002639-casquette-gucci-jumbo?referrer=catalog,0,8287002639,Sold,02/03/2026 06:06:31,,https://images1.vinted.net/t/05_00fcf_pFAf4BVkqsroQ3s7ttADyeLN/310x430/1772363589.webp?s=06dae775ec96295519762e6d22b5559dbd414e3a,9,8
Gucci G-Timeless,473.2,Gucci,Taglia unica,https://www.vinted.it/items/8286985850-gucci-g-timeless?referrer=catalog,4,8286985850,Sold,02/03/2026 06:06:31,,https://images1.vinted.net/t/06_00cff_QQBq2nRL2hE6UDTLhwHW8yke/310x430/1772363511.webp?s=e99d5a4ee791441e2ced1ef364a61cc1d2f44c77,9,8
Perfume Gucci Guilty,48.95,Gucci,0,https://www.vinted.it/items/8286977071-perfume-gucci-guilty?referrer=catalog,0,8286977071,Sold,02/03/2026 06:06:31,,https://images1.vinted.net/t/05_00b85_MnK5KRjt2UUaT3cLnDuZBUtp/310x430/1772363470.webp?s=e0896e7f9c1330aaba3f719203c8cf8cd2748598,9,8
Gucci Sonnenbrille,242.2,Gucci,0,https://www.vinted.it/items/8286975080-gucci-sonnenbrille?referrer=catalog,6,8286975080,Sold,02/03/2026 06:06:31,,https://images1.vinted.net/t/03_002f6_aLMuUY1E3v91fqRk6tb8Yqt4/310x430/1772363460.webp?s=449a0301107f8413e42414dae09d7f5a7b83ee47,9,8
Bufanda Gucci GG Monogram 100% auténtica nueva,131.95,Gucci,0,https://www.vinted.it/items/8286967197-bufanda-gucci-gg-monogram-100-autentica-nueva?referrer=catalog,7,8286967197,Sold,02/03/2026 06:06:31,,https://images1.vinted.net/t/05_01422_m5iBNYw92xN3v4xDG6PDnXcA/310x430/1772363423.webp?s=faa5b1afeaed879ce11821ebf5cc3bf8632084a6,9,8
Gucci flora gardenia,26.95,Gucci,0,https://www.vinted.it/items/8257242683-gucci-flora-gardenia?referrer=catalog,6,8257242683,Sold,02/03/2026 06:06:31,,https://images1.vinted.net/t/05_025a8_tXmKxsqmhm315qmewYDJFsM1/310x430/1772017507.webp?s=43503bc2a3c502bcf1acab10931d59b47c5f571b,9,8
Gucci beauty blush,37.45,Gucci,0,https://www.vinted.it/items/8286956712-gucci-beauty-blush?referrer=catalog,4,8286956712,Sold,02/03/2026 06:06:31,,https://images1.vinted.net/t/03_01144_XQ2Lrh4ZDqD7ZAv8Sw7VYSY8/310x430/1772363373.webp?s=084b65892117ce062192bbe1dcdab47592ae0d84,9,8
Gucci mono earring “loved”,95.2,Gucci,0,https://www.vinted.it/items/8286952077-gucci-mono-earring-loved?referrer=catalog,2,8286952077,Sold,02/03/2026 06:06:31,,https://images1.vinted.net/t/06_00ece_hojgdsh7Fc5Q7CfNe1vtk4NN/310x430/1772363351.webp?s=565dd094cdb2b1d600a96cc58ef7e83b6b1e9c39,9,8
Scatola regalo,10.15,Gucci,0,https://www.vinted.it/items/8286934244-scatola-regalo?referrer=catalog,3,8286934244,Sold,02/03/2026 06:06:31,,https://images1.vinted.net/t/01_00af1_qN4dFuVsGwLB9H7ESbbeF4Da/310x430/1772363268.webp?s=68fc3e857018dece51228c074cd9ae9f32fe72d6,9,8
Housse de vêtement Gucci,32.2,Gucci,0,https://www.vinted.it/items/8286932834-housse-de-vetement-gucci?referrer=catalog,0,8286932834,Sold,02/03/2026 06:06:31,,https://images1.vinted.net/t/06_000ab_MPkLeczV6QLJDSphftVzRcia/310x430/1772363262.webp?s=43e1264dd3e8e2c6f24f28ae456ddd843e09c85e,9,8
Gucci Eau de Parfum II (2) miniatura profumo donna,37.45,Gucci,0,https://www.vinted.it/items/8286932478-gucci-eau-de-parfum-ii-2-miniatura-profumo-donna?referrer=catalog,2,8286932478,Sold,02/03/2026 06:06:31,,https://images1.vinted.net/t/06_00eb9_7G9mBhYiKF2yMaCbABEjgqRW/310x430/1772363260.webp?s=3de7486d30cae42d580fedcbedac76f48c8106fd,9,8
Gucci slippers Princetown,504.7,Gucci,40,https://www.vinted.it/items/8286903630-gucci-slippers-princetown?referrer=catalog,2,8286903630,Sold,02/03/2026 06:06:31,,https://images1.vinted.net/t/05_0108b_vh8ft6Hg5o9jM9Petja5zhUc/310x430/1772363125.webp?s=40ce657b80200c5758fa241a8a7b9624ab5f8c52,9,8
Cinta Gucci,315.7,Gucci,95 cm,https://www.vinted.it/items/8286919417-cinta-gucci?referrer=catalog,0,8286919417,Sold,02/03/2026 06:06:31,,https://images1.vinted.net/t/05_02159_hHeksBzfDZS1G9QUJ6grPkDM/310x430/1772363198.webp?s=7e2f05088855b937c15b5c030c298900fec478df,9,8
Eau de parfum intense Gorgeous Gardénia Gucci Flora 5 ml,15.4,Gucci,0,https://www.vinted.it/items/8286913584-eau-de-parfum-intense-gorgeous-gardenia-gucci-flora-5-ml?referrer=catalog,2,8286913584,Sold,02/03/2026 06:06:31,,https://images1.vinted.net/t/05_017df_ps2nZyK2beFyMUMU6C6uwrnN/310x430/1772363171.webp?s=098bfd23051cdbe6b7ac74cd150699bb070df709,9,8
Borsetta Gucci,816.0,Gucci,0,https://www.vinted.it/items/8286807049-borsetta-gucci?referrer=catalog,7,8286807049,Sold,02/03/2026 06:06:31,,https://images1.vinted.net/t/06_00f37_8x7Ko2oGjSVHCHNGRuGVDxQn/310x430/1772362672.webp?s=9ccaf2c6863fad48a3941dc7852c615006c5c73b,9,8
Gucci escarpins,263.2,Gucci,37,https://www.vinted.it/items/8286877664-gucci-escarpins?referrer=catalog,53,8286877664,Sold,02/03/2026 06:06:31,,https://images1.vinted.net/t/06_00670_1GYc2JtUzJsxgwm6He2envhB/310x430/1772363004.webp?s=6de63cb59576a13a539198292086ccca4d0276b6,9,8
Bolso de viaje Gucci,907.8,Gucci,0,https://www.vinted.it/items/8286870895-bolso-de-viaje-gucci?referrer=catalog,11,8286870895,Sold,02/03/2026 06:06:31,,https://images1.vinted.net/t/05_02239_d667CDLsyQtj1Bo8EL4DyMza/310x430/1772362973.webp?s=1fa3accb3654764e0c26ee1e9bb58c7ddca8e845,9,8
Sac Gucci en carton bordeaux,13.3,Gucci,0,https://www.vinted.it/items/8286853858-sac-gucci-en-carton-bordeaux?referrer=catalog,0,8286853858,Sold,02/03/2026 06:06:31,,https://images1.vinted.net/t/01_004bd_pHAutDXPFDPwYFjsUxVJZFpJ/310x430/1772362891.webp?s=160ffad8f609419e71387d03d279987b473c07fe,9,8
Orologio gucci,494.2,Gucci,Fino a 30 mm,https://www.vinted.it/items/8286851910-orologio-gucci?referrer=catalog,0,8286851910,Sold,02/03/2026 06:06:31,,https://images1.vinted.net/t/06_0110c_VMt5zd9mB2JMvmtw8XU5mPVo/310x430/1772362882.webp?s=cf23bce0e408b80ea29a7f4d06ef9d36838c1bbf,9,8
Gucci Guilty Pour Homme Eau de Toilette.,73.98,Gucci,0,https://www.vinted.it/items/8286847665-gucci-guilty-pour-homme-eau-de-toilette?referrer=catalog,1,8286847665,Sold,02/03/2026 06:06:31,,https://images1.vinted.net/t/06_0095b_ZtGvgv7EpZqsxWY46p24vXMQ/310x430/1772362862.webp?s=41322bc3e9b80d0bce17fb1ec7bc98ed0dff1f60,9,8
Gucci Leather Belt Black/Gold,116.2,Gucci,100 cm,https://www.vinted.it/items/8285536113-gucci-leather-belt-blackgold?referrer=catalog,4,8285536113,Sold,02/03/2026 06:06:31,,https://images1.vinted.net/t/05_00fd9_qS4ZdEyxgGVEDtkhyYLULu7h/310x430/1772355693.webp?s=f2b4914ba6629a8570fb31c684b257e8551746ab,9,8
Gucci - Mini Horsebit 1955,734.4,Gucci,0,https://www.vinted.it/items/8286749138-gucci-mini-horsebit-1955?referrer=catalog,1,8286749138,Sold,02/03/2026 06:06:31,,https://images1.vinted.net/t/06_003f8_FZVLiQks96z9nDfdVVuLMfTT/310x430/1772362399.webp?s=7d7dbb490876248efeced846236703b11bbb0e7a,9,8
Lunette de soleil Gucci,100.45,Gucci,0,https://www.vinted.it/items/8286834407-lunette-de-soleil-gucci?referrer=catalog,1,8286834407,Sold,02/03/2026 06:06:31,,https://images1.vinted.net/t/01_00abd_wuurVX8tovuVoh31b9trw7K4/310x430/1772362801.webp?s=f015e6d5bfa472226ed37fd398c1d02a96ce9071,9,8
Ciabatte,473.2,Gucci,39.5,https://www.vinted.it/items/8286828249-ciabatte?referrer=catalog,15,8286828249,Sold,02/03/2026 06:06:31,,https://images1.vinted.net/t/06_020bc_HzApP5ZWcNgPPMWYmqgRhqmu/310x430/1772362772.webp?s=f8d3f00c4fb3b7cca99a6b2ab33faaaab86cbc99,9,8
Lunette de soleil Gucci,189.7,Gucci,0,https://www.vinted.it/items/8286817485-lunette-de-soleil-gucci?referrer=catalog,0,8286817485,Sold,02/03/2026 06:06:31,,https://images1.vinted.net/t/06_014c8_HbcM8hf4gr1xVH9eeAxvioWM/310x430/1772362721.webp?s=9855735d443949b7d69451a304f0fa5aaf1fd5d4,9,8
Gucci flora parfume,53.2,Gucci,0,https://www.vinted.it/items/8286816511-gucci-flora-parfume?referrer=catalog,0,8286816511,Sold,02/03/2026 06:06:31,,https://images1.vinted.net/t/06_01f2f_1WLQArDid82MZUSgphc6qxyS/310x430/1772362717.webp?s=548a89cd07508aacde5dbe837bc713da8ad77cd2,9,8
Gorro Gucci nuevo,420.7,Gucci,S,https://www.vinted.it/items/8286793342-gorro-gucci-nuevo?referrer=catalog,0,8286793342,Sold,02/03/2026 06:06:31,,https://images1.vinted.net/t/06_0230c_ZeotvyLM8yKkste3Bd36pXXk/310x430/1772362608.webp?s=fcd65c1d519e067d9808485657b4375b3bed1ddf,9,8
Boîte sac à main Gucci rouge vernis authentique neuve taille 36,19.6,Gucci,0,https://www.vinted.it/items/8286475408-boite-sac-a-main-gucci-rouge-vernis-authentique-neuve-taille-365x28x13-cm?referrer=catalog,0,8286475408,Sold,02/03/2026 06:06:31,,https://images1.vinted.net/t/01_010a4_fS89GQYxQDGudT12fdhcQD9D/310x430/1772361094.webp?s=6a93de7b00bac5ec0faf8a55b55006513303cd52,9,8
Gucci bamboo,47.95,Gucci,0,https://www.vinted.it/items/8286779467-gucci-bamboo?referrer=catalog,1,8286779467,Sold,02/03/2026 06:06:31,,https://images1.vinted.net/t/06_000ae_XH9Pfw7GTpZjA89SBS69yY7Y/310x430/1772362543.webp?s=567ffca3d40e80b6a56c714c2a3b588172e40fbe,9,8
Borsa a tracolla GG Emblem misura media,805.8,Gucci,0,https://www.vinted.it/items/8286774446-borsa-a-tracolla-gg-emblem-misura-media?referrer=catalog,1,8286774446,Sold,02/03/2026 06:06:31,,https://images1.vinted.net/t/05_0036f_snxTb73oCtRWc4qA7az4Nzdn/310x430/1772362519.webp?s=b77daf0352a400d7b77c0e5b8ae53cc92b57dbf9,9,8
Proche du neuf,200.2,Gucci,0,https://www.vinted.it/items/8286771741-proche-du-neuf?referrer=catalog,0,8286771741,Sold,02/03/2026 06:06:31,,https://images1.vinted.net/t/06_01196_LmHtoQvGLLuoDL6fDb5ZonW9/310x430/1772362506.webp?s=1ecc63b5921b2b8f4361533d24064d9585106315,9,8
Vestito gucci originale con sue etichetta,158.2,Gucci,8 anni / 128 cm,https://www.vinted.it/items/8286749926-vestito-gucci-originale-con-sue-etichetta?referrer=catalog,26,8286749926,Sold,02/03/2026 06:06:31,,https://images1.vinted.net/t/06_00487_FHxD6XyxEXn4rqRUBKjhZHan/310x430/1772362403.webp?s=65d1ebe8490a8587b219391d7f158c05a27922d3,9,8
Gucci Rhytons,94.15,Gucci,44,https://www.vinted.it/items/8286744969-gucci-rhytons?referrer=catalog,10,8286744969,Sold,02/03/2026 06:06:31,,https://images1.vinted.net/t/05_00719_xUY8T47iYV7mBKoQzsNyp3pV/310x430/1772362380.webp?s=08f214cd8311d10924a510db665840c1817387fb,9,8
Gucci Guilty Parfum,95.2,Gucci,0,https://www.vinted.it/items/8286738079-gucci-guilty-parfum?referrer=catalog,1,8286738079,Sold,02/03/2026 06:06:31,,https://images1.vinted.net/t/05_02209_jSSuuYHD6wK8jMQZNmhRoM6H/310x430/1772362348.webp?s=96656af36f5215f3f19ee20366e13ee857ac659f,9,8
Gucci Parfum n 3 profumo donna extrair,26.95,Gucci,0,https://www.vinted.it/items/8286724012-gucci-parfum-n-3-profumo-donna-extrair?referrer=catalog,0,8286724012,Sold,02/03/2026 06:06:31,,https://images1.vinted.net/t/04_007a5_J8DBdn74ApYftPs7HDsy1NrD/310x430/1772362282.webp?s=83bb9d1c386a7422f3315cf8e9771e85dc797042,9,8
Bob Gucci monogramme,189.7,Gucci,S,https://www.vinted.it/items/8286686251-bob-gucci-monogramme?referrer=catalog,2,8286686251,Sold,02/03/2026 06:06:58,,https://images1.vinted.net/t/05_0270c_hNGx64NBw96X4c2ynyNNVqfD/310x430/1772362103.webp?s=475694413178df21372e1db6ba7b45e55a2eb93b,9,9
Gucci By Tom Ford Bag,1.7332,Gucci,0,https://www.vinted.it/items/8286658690-gucci-by-tom-ford-bag?referrer=catalog,3,8286658690,Sold,02/03/2026 06:06:58,,https://images1.vinted.net/t/05_0133e_xJE9CcRq1LaXcKfbEou48b5E/310x430/1772361973.webp?s=879d9e9d00aefa42b2e29a2e4d18738344106171,9,9
Edición limitada  Gucci,314.65,Gucci,0,https://www.vinted.it/items/8286641584-edicion-limitada-gucci?referrer=catalog,0,8286641584,Sold,02/03/2026 06:06:58,,https://images1.vinted.net/t/04_01ae3_pa3p3aQH74uspyyrViayK31y/310x430/1772361893.webp?s=505059836cc49e11542ca3f9096e662d7449adb5,9,9
Gucci,263.2,Gucci,44,https://www.vinted.it/items/8286604437-gucci?referrer=catalog,7,8286604437,Sold,02/03/2026 06:06:58,,https://images1.vinted.net/t/06_0110a_xD91WoTQw1niWaLTSC3WvmfA/310x430/1772361716.webp?s=79f496dd9e861b6b96da1ad041bd2c390a777643,9,9
Occhiali Gucci,74.2,Gucci,0,https://www.vinted.it/items/8286598388-occhiali-gucci?referrer=catalog,0,8286598388,Sold,02/03/2026 06:06:58,,https://images1.vinted.net/t/05_007a0_KVyjcs1cDBcDsE2T4ahnB6ez/310x430/1772361686.webp?s=f7387f52633c11e958b5b145b46855eab6fd3206,9,9
Lunette de soleil,189.7,Gucci,0,https://www.vinted.it/items/8286588158-lunette-de-soleil?referrer=catalog,0,8286588158,Sold,02/03/2026 06:06:58,,https://images1.vinted.net/t/05_01e65_b2Z65tP6uXTP6cRj5v3vXbj6/310x430/1772361637.webp?s=26f998d6685b3f3909fb92e304e4eb72f963c512,9,9
Lunette Transparente Gucci,158.2,Gucci,0,https://www.vinted.it/items/8256974560-lunette-transparente-gucci?referrer=catalog,1,8256974560,Sold,02/03/2026 06:06:58,,https://images1.vinted.net/t/01_024fd_FaYTbM6NXdmqjxrwgFxZCRC1/310x430/1772015585.webp?s=a080c82904a808c84e16f3a0d2898f14e1100dd2,9,9
Sandali scarpe con tacco Gucci in pelle,419.65,Gucci,40,https://www.vinted.it/items/8286574475-sandali-scarpe-con-tacco-gucci-in-pelle?referrer=catalog,2,8286574475,Sold,02/03/2026 06:06:58,,https://images1.vinted.net/t/05_00c7d_znKkLixVotzASE7ygs1br7JR/310x430/1772361572.webp?s=6eda00918288de5a4903e7efac01557b6d24c55d,9,9
Gucci Flora-Gardenia. Miniatura,13.3,Gucci,0,https://www.vinted.it/items/8286566932-gucci-flora-gardenia-miniatura?referrer=catalog,1,8286566932,Sold,02/03/2026 06:06:58,,https://images1.vinted.net/t/03_01df5_BNCjKpihcwCHWLvvVK2Z8TvM/310x430/1772361535.webp?s=04da85a05c68b8d7b67fdb49dfd84650b3d5b83c,9,9
Cintura Gucci Blondie,210.7,Gucci,85 cm,https://www.vinted.it/items/8286566344-cintura-gucci-blondie?referrer=catalog,6,8286566344,Sold,02/03/2026 06:06:58,,https://images1.vinted.net/t/05_02589_kkTUu5HJc7LVAjnhtS4fjLBs/310x430/1772361533.webp?s=9aadcdb17bd8b6aff4e739a7644ab98e49f2ca8c,9,9
Gucci beauty,11.2,Gucci,0,https://www.vinted.it/items/8286565307-gucci-beauty?referrer=catalog,0,8286565307,Sold,02/03/2026 06:06:58,,https://images1.vinted.net/t/05_00198_gaeaRX3b5UGSzUyhDg86s4H1/310x430/1772361528.webp?s=72a8276caa8456e1dcda3a71893ef42f8f7fab1a,9,9
Mini parfum Gucci,16.45,Gucci,0,https://www.vinted.it/items/8286563254-mini-parfum-gucci?referrer=catalog,7,8286563254,Sold,02/03/2026 06:06:58,,https://images1.vinted.net/t/01_01a25_WwKboqX9xLkNoqGcKp6jM8UN/310x430/1772361518.webp?s=b85fe28c21842af59f2b9fea21a5385013ea50b2,9,9
Sciarpa scialle foulard Gucci,273.7,Gucci,0,https://www.vinted.it/items/8286558652-sciarpa-scialle-foulard-gucci?referrer=catalog,2,8286558652,Sold,02/03/2026 06:06:58,,https://images1.vinted.net/t/03_012f8_PBXVnNnjBHxEkJJTkqmWgFCy/310x430/1772361495.webp?s=2d5bf3bb50d084be41b80ab69f39b1a6b0b0b89f,9,9
Gucci Horsebit Loafer,504.7,Gucci,39,https://www.vinted.it/items/8286554933-gucci-horsebit-loafer-herren?referrer=catalog,3,8286554933,Sold,02/03/2026 06:06:58,,https://images1.vinted.net/t/06_020de_AzKyZRKtryvnwR5qKBtZLLZZ/310x430/1772361477.webp?s=82781f9861923654a2b371510b71cf8781694123,9,9
Mocassini uomo Gucci,105.7,Gucci,41,https://www.vinted.it/items/8286548060-mocassini-uomo-gucci?referrer=catalog,3,8286548060,Sold,02/03/2026 06:06:58,,https://images1.vinted.net/t/06_01ef3_hzgvxFRCYxZ7cJ5gp6RJ1jo6/310x430/1772361444.webp?s=82cc26756b82f420b68ba65664722fb024f3a982,9,9
Nastro Gucci,152.95,Gucci,0,https://www.vinted.it/items/8286546987-nastro-gucci?referrer=catalog,5,8286546987,Sold,02/03/2026 06:06:58,,https://images1.vinted.net/t/04_0270a_M7bXVVXuiZC7CuErFa3UPYdY/310x430/1772361439.webp?s=762bd2b62a7678136d5e7087c688a61b48aa1ea1,9,9
Porte carte GG Supreme Gucci,105.7,Gucci,0,https://www.vinted.it/items/8286448345-porte-carte-gg-supreme-gucci?referrer=catalog,3,8286448345,Sold,02/03/2026 06:06:58,,https://images1.vinted.net/t/06_001ee_9LyLnvRz22z41ZtMhY6o8nQs/310x430/1772360962.webp?s=f2b5aeabed5d7ef72640df9fc78b976a4f8629fe,9,9
Gucci High Heels NEU mit Karton und Etikett,326.2,Gucci,38,https://www.vinted.it/items/8286527044-gucci-high-heels-neu-mit-karton-und-etikett?referrer=catalog,3,8286527044,Sold,02/03/2026 06:06:58,,https://images1.vinted.net/t/05_01fe0_GPpUE3T6nfUgecJAerY1bFgt/310x430/1772361344.webp?s=4f3facec031e8bda7baf0c4594c4bed227caf65f,9,9
Gucci - mocassins en cuir à détail Horsebit,330.4,Gucci,41,https://www.vinted.it/items/8286495647-gucci-mocassins-en-cuir-a-detail-horsebit?referrer=catalog,3,8286495647,Sold,02/03/2026 06:06:58,,https://images1.vinted.net/t/04_00c6a_Mx8YwcFsbKc58gbUNJS7STqw/310x430/1772361192.webp?s=fe9a6b9c96533c8a4b1f3f1cb48ad6f7ca8d7588,9,9
Foulard GUCCI con cartellino,95.2,Gucci,0,https://www.vinted.it/items/8286483544-foulard-gucci-con-cartellino?referrer=catalog,1,8286483544,Sold,02/03/2026 06:06:58,,https://images1.vinted.net/t/05_01bd6_ymVe1po7wHYWkU81Ly1DwUkg/310x430/1772361133.webp?s=7ca9c540dd928c265ba57c3d043e3e74f8fbfd10,9,9
Casquette Gucci authentique,315.7,Gucci,Taglia unica,https://www.vinted.it/items/8286473418-casquette-gucci-authentique?referrer=catalog,0,8286473418,Sold,02/03/2026 06:06:58,,https://images1.vinted.net/t/05_008ad_6NrQ2uNEn5s95xfGKRKsFZ8f/310x430/1772361084.webp?s=20a6f8d131ec90027833b67009578a5fbce0ee1f,9,9
Mini parfum Gucci,16.45,Gucci,0,https://www.vinted.it/items/8286470286-mini-parfum-gucci?referrer=catalog,2,8286470286,Sold,02/03/2026 06:06:58,,https://images1.vinted.net/t/01_01e8f_q8SCg2WLQa8F5qV2chrV3GWX/310x430/1772361069.webp?s=cfcced5ec2b3c2d198e431a9448ddcbf6920c095,9,9
Scarpe pelle Gucci,263.2,Gucci,42,https://www.vinted.it/items/8286462740-scarpe-pelle-gucci?referrer=catalog,2,8286462740,Sold,02/03/2026 06:06:58,,https://images1.vinted.net/t/05_00f60_hMkJP9kQReJRoHQAXhhiAU1x/310x430/1772361032.webp?s=670e3523e03db6785321e3266aec01e0023a0d49,9,9
Gucci gg supreme,830.2,Gucci,0,https://www.vinted.it/items/8256921932-gucci-gg-supreme?referrer=catalog,16,8256921932,Sold,02/03/2026 06:06:58,,https://images1.vinted.net/t/05_01e5b_VseRmbdDLEZEtqDUkFutGV5U/310x430/1772015202.webp?s=d4fa0c8e2830992ba4f85a59222ca305a1b0e988,9,9
Parfum,21.7,Gucci,0,https://www.vinted.it/items/8286446326-parfum?referrer=catalog,8,8286446326,Sold,02/03/2026 06:06:58,,https://images1.vinted.net/t/06_00258_oFunT6Ynj4w4MxacDLp7sGYX/310x430/1772360953.webp?s=5c18a1047ff9ae574f67e82b51f3da04f9b070d0,9,9
iPhone 17 Pro Max phone case,21.7,Gucci,0,https://www.vinted.it/items/8286442908-iphone-17-pro-max-phone-case?referrer=catalog,10,8286442908,Sold,02/03/2026 06:06:58,,https://images1.vinted.net/t/05_00520_6acNVanQ8Q3kHh1EW6czWKdp/310x430/1772360936.webp?s=593de9b3916a6301fc7a807f962c69716709c45a,9,9
"Huile parfumée  A Nocturnal Whisper""  20 ml",315.7,Gucci,0,https://www.vinted.it/items/8286420755-huile-parfumee-a-nocturnal-whisper-20-ml?referrer=catalog,1,8286420755,Sold,02/03/2026 06:06:58,,https://images1.vinted.net/t/05_0150a_BCJZv9tUV1crvcJPTHRU8LrR/310x430/1772360829.webp?s=e644c630536cda8e9974b63eafae00e89d3e85da,9,9
Boîte gucci,9.1,Gucci,0,https://www.vinted.it/items/8286413550-boite-gucci?referrer=catalog,7,8286413550,Sold,02/03/2026 06:06:58,,https://images1.vinted.net/t/05_00971_fduCfwNrgrLcjmuwyH8nVBu3/310x430/1772360794.webp?s=5830ee5b23193a685112722dc0940cc68e792475,9,9
Lunettes de soleil Gucci neuves femme ecaille,136.15,Gucci,0,https://www.vinted.it/items/8286320893-lunettes-de-soleil-gucci-neuves-femme-ecaille?referrer=catalog,1,8286320893,Sold,02/03/2026 06:06:58,,https://images1.vinted.net/t/05_02014_gwLYXvptNicgND6MUDixDuYr/310x430/1772360333.webp?s=90c50cfa80935cccb0597f8b53f6d39831dbd611,9,9
Claquettes,210.7,Gucci,36,https://www.vinted.it/items/8286398852-claquettes-gucci-rouge?referrer=catalog,4,8286398852,Sold,02/03/2026 06:06:58,,https://images1.vinted.net/t/06_00adf_matxrYfcgzcnLKaPRLMaCMAj/310x430/1772360722.webp?s=b810042d18d2d1c8c2631be832c99ec065e7f24b,9,9
"Parfum The Alchemist’s Garden ""A Midnight Stroll"" 100 ml",252.7,Gucci,0,https://www.vinted.it/items/8286373828-parfum-the-alchemists-garden-a-midnight-stroll-100-ml?referrer=catalog,1,8286373828,Sold,02/03/2026 06:06:58,,https://images1.vinted.net/t/05_00527_9wk9hTAgoMosgz1ZXemKyLmE/310x430/1772360600.webp?s=775bb9a41f9d7d43031eac93630a0c671eb61c9b,9,9
Gucci Bloom Nieuw,40.08,Gucci,0,https://www.vinted.it/items/8286360255-gucci-bloom-nieuw?referrer=catalog,3,8286360255,Sold,02/03/2026 06:06:58,,https://images1.vinted.net/t/06_01ce3_MyG5bXfhEiXarxECkuYGhwES/310x430/1772360531.webp?s=3edfb6f269a3d3974680faf40218c1cba957dcac,9,9
Lunettes solaires Gucci,305.2,Gucci,0,https://www.vinted.it/items/8286339258-lunettes-solaires-gucci?referrer=catalog,0,8286339258,Sold,02/03/2026 06:06:58,,https://images1.vinted.net/t/05_02423_yRzeE8tpAB3tRoCpAxkTa98W/310x430/1772360425.webp?s=c25215f955e6d2b0c863704684f213e0fe68dd42,9,9
Gucci Zonnebril - Stijlvol en Elegant- nieuw,242.2,Gucci,0,https://www.vinted.it/items/8286322219-gucci-zonnebril-stijlvol-en-elegant-nieuw?referrer=catalog,0,8286322219,Sold,02/03/2026 06:06:58,,https://images1.vinted.net/t/06_002a7_g32rQK1RcQ6tn7ZtRZ2g2iCX/310x430/1772360339.webp?s=5d6b36b84906cad875f7219815b421696003abdd,9,9
Gucci Sandalen Plateau 36,577.15,Gucci,36,https://www.vinted.it/items/8286318212-gucci-sandalen-plateau-36?referrer=catalog,1,8286318212,Sold,02/03/2026 06:06:58,,https://images1.vinted.net/t/01_00236_vFWMSgDn4zr3zVmJEQBAQ6Si/310x430/1772360320.webp?s=9e360f03a3ef74d084fa2fd37400e7709d561a27,9,9
Original Gucci Windbreaker Regenjacke Logo Dunkelblau Große 50,368.2,Gucci,L,https://www.vinted.it/items/8286293043-original-gucci-windbreaker-regenjacke-logo-dunkelblau-grosse-50?referrer=catalog,2,8286293043,Sold,02/03/2026 06:06:58,,https://images1.vinted.net/t/05_01f4a_UfErsWBbgTygjQwbTeNmAwHY/310x430/1772360191.webp?s=594641bff666fdd8027b8cb6bc1f95380c818671,9,9
Gucci tights lux black/Gold,126.7,Gucci,M / IT 42 / EU 38,https://www.vinted.it/items/8283580377-gucci-tights-lux-blackgold?referrer=catalog,0,8283580377,Sold,02/03/2026 06:06:58,,https://images1.vinted.net/t/01_00a11_h5u93dUHhFhPaKjiVhMrg5mN/310x430/1772307450.webp?s=cb0bda72ec1f87627a4d730a1275543715e35935,9,9
Parfum Gucci Bloom,63.7,Gucci,0,https://www.vinted.it/items/8286280583-parfum-gucci-bloom?referrer=catalog,2,8286280583,Sold,02/03/2026 06:06:58,,https://images1.vinted.net/t/03_00527_zWs5QTruFkkPwTWCYEXGoKhU/310x430/1772360127.webp?s=275dd3df9770bcd2d5d1865a2358f362781cf0ea,9,9
Livre gucci,13.3,No brand,0,https://www.vinted.it/items/8286260022-livre-gucci?referrer=catalog,1,8286260022,Sold,02/03/2026 06:06:58,,https://images1.vinted.net/t/06_01c08_HnjRWdxoTjFew38tSv1U9QCu/310x430/1772360023.webp?s=cad42ba298a1a270d05d999258077e19be5d828c,9,9
Gucci Ophidia cosmetic case,399.7,Gucci,0,https://www.vinted.it/items/8286252220-gucci-ophidia-cosmetic-case?referrer=catalog,5,8286252220,Sold,02/03/2026 06:06:58,,https://images1.vinted.net/t/06_00099_XbCvWCPc2mgqq3pq4j2Wfi5P/310x430/1772359984.webp?s=c6389130a6f43a69cea3e9b61a0fd3cf842d4770,9,9
Gucci GG,473.2,Gucci,39.5,https://www.vinted.it/items/8286250641-gucci-gg?referrer=catalog,3,8286250641,Sold,02/03/2026 06:06:58,,https://images1.vinted.net/t/06_00a71_5C9nLJRRyJCJogAmJbJqmNdV/310x430/1772359976.webp?s=3a3354fe9b2cec60ab8cb8f345e079acff8f1323,9,9
Gucci Plateau Sandalen 36,410.2,Gucci,36,https://www.vinted.it/items/8286247388-gucci-plateau-sandalen-36?referrer=catalog,17,8286247388,Sold,02/03/2026 06:06:58,,https://images1.vinted.net/t/01_01f21_p6erFMZgCKXeFY2DCxni6Z9T/310x430/1772359959.webp?s=d5d25e16c494c3efba1509806e027d7556254638,9,9
Ceinture Gucci,210.7,Gucci,125 cm,https://www.vinted.it/items/8286236580-ceinture-gucci?referrer=catalog,3,8286236580,Sold,02/03/2026 06:06:58,,https://images1.vinted.net/t/05_00e3d_PEuCELEfXiKLdyRwaE7YUByE/310x430/1772359902.webp?s=0a15abed4ee77acf24fa210c272e4bd7c578bbee,9,9
Gucci tas met bon,1.3657,Gucci,0,https://www.vinted.it/items/8286185370-gucci-tas-met-bon?referrer=catalog,0,8286185370,Sold,02/03/2026 06:06:58,,https://images1.vinted.net/t/05_0160a_6vjsRSYDvjWURVyrPpwfbyUE/310x430/1772359635.webp?s=d455657b1219aab76926acf4c79fa160477b9d91,9,9
Gravata da Gucci,30.1,Gucci,0,https://www.vinted.it/items/8286173298-gravata-da-gucci?referrer=catalog,2,8286173298,Sold,02/03/2026 06:06:58,,https://images1.vinted.net/t/06_00af9_PJdVUvy9ttUgXkVEtmb7wyw4/310x430/1772359572.webp?s=aad34cb63ecbadba09b05c366aeb155a998f447c,9,9
Solaire Gucci Oversize rose,278.95,Gucci,0,https://www.vinted.it/items/8286153699-solaire-gucci-oversize-rose?referrer=catalog,36,8286153699,Sold,02/03/2026 06:06:58,,https://images1.vinted.net/t/05_0269a_8yXeJb6FgmtTSbhbMFbWrMj5/310x430/1772359470.webp?s=918ceecb6dc47efe75dc5bb902b1fb3b97353faf,9,9
Écharpe Gucci avec facture d’achat,210.7,Gucci,0,https://www.vinted.it/items/8286116234-echarpe-gucci-avec-facture-dachat?referrer=catalog,5,8286116234,Sold,02/03/2026 06:06:58,,https://images1.vinted.net/t/05_01f02_1EmYu5BQVs4G6fCTDk82zGPL/310x430/1772359273.webp?s=53d007e573011d3e579d6bb37d71ab0a8ebdb75f,9,9
Mocassins Gucci,462.7,Gucci,40,https://www.vinted.it/items/8286093178-mocassins-gucci?referrer=catalog,56,8286093178,Sold,02/03/2026 06:06:58,,https://images1.vinted.net/t/04_01a1d_MUbTB8GZTmgv68UP9RedWmMJ/310x430/1772359150.webp?s=df23a103f50c7e640ac1341df3ce6ec7e5b3a0e3,9,9
Rojo de labios satin Gucci original 100%.,26.95,Gucci,0,https://www.vinted.it/items/8286069247-rojo-de-labios-satin-gucci-original-100?referrer=catalog,0,8286069247,Sold,02/03/2026 06:06:58,,https://images1.vinted.net/t/05_014c9_jDnuwJk6U7gBLCFkE85mbLE2/310x430/1772359021.webp?s=d368946ad972921257132bd789af21b0ed6de1d4,9,9
Gucci Stola Schale,362.95,Gucci,0,https://www.vinted.it/items/8286020692-gucci-stola-schale?referrer=catalog,1,8286020692,Sold,02/03/2026 06:06:58,,https://images1.vinted.net/t/05_01022_fEYf8dp5fg482nJ4Yu7arn5Y/310x430/1772358758.webp?s=a2f586691cd4f449f32418973e201d9e68f4b384,9,9
Gucci slippers goud nieuw Nieuw €429,199.15,Gucci,36.5,https://www.vinted.it/items/8285983692-gucci-slippers-goud-nieuw-nieuw-eu429?referrer=catalog,5,8285983692,Sold,02/03/2026 06:06:58,,https://images1.vinted.net/t/01_02599_V97FEx5LCJvNfQeyBNPfdYnC/310x430/1772358553.webp?s=d83c93ea3ab134ff9beefd1022087d0aaf5f6240,9,9
Draagtas gucci voor honden,53.2,No brand,0,https://www.vinted.it/items/8256511021-draagtas-gucci-voor-honden?referrer=catalog,1,8256511021,Sold,02/03/2026 06:06:58,,https://images1.vinted.net/t/05_007e5_giRtBQRuNEFv92b8sbTeVyw8/310x430/1772011948.webp?s=c2bf8a2ed6e9f36e7ed6bc6a44de00ef4b4c9455,9,9
Original Gucci Cargopants Gr.48 NEU!,520.45,Gucci,XL,https://www.vinted.it/items/8285864040-original-gucci-cargopants-gr48-neu?referrer=catalog,3,8285864040,Sold,02/03/2026 06:06:58,,https://images1.vinted.net/t/05_01909_jqNVZXTcKksX7ywbcQnHtCHi/310x430/1772357859.webp?s=a250aa9f5cd243e0b0f8f39d0155308bb3160f28,9,9
Zonnebril Gucci,147.7,Gucci,0,https://www.vinted.it/items/8285863401-zonnebril-gucci?referrer=catalog,7,8285863401,Sold,02/03/2026 06:06:58,,https://images1.vinted.net/t/05_00a71_ERMPmfm3KxnuVQNhHbjmLfwF/310x430/1772357855.webp?s=a4223f704c65174e61ddeda670f42d7da5ef07a6,9,9
Gucci parfum beautiful orchid,68.95,Gucci,0,https://www.vinted.it/items/8285847607-gucci-parfum-beautiful-orchid?referrer=catalog,0,8285847607,Sold,02/03/2026 06:06:58,,https://images1.vinted.net/t/06_004fe_62FbySs4EMhKHQbNb7Mtu4Ni/310x430/1772357761.webp?s=d898e38afee697c24b77e0ef9899401601d24c9a,9,9
Mocassins Gucci Jordaan,410.2,Gucci,45,https://www.vinted.it/items/8285821894-mocassins-gucci-jordaan?referrer=catalog,5,8285821894,Sold,02/03/2026 06:06:58,,https://images1.vinted.net/t/05_025dd_dzKwZgfHuFFnYXn1dgnvSRZ5/310x430/1772357607.webp?s=7960b6925b487c507e4a4ba2db0af7252fb4a576,9,9
Gucci GG1049O black and gold,105.7,Gucci,0,https://www.vinted.it/items/8285814454-gucci-gg1049o-black-and-gold?referrer=catalog,0,8285814454,Sold,02/03/2026 06:06:58,,https://images1.vinted.net/t/01_004f4_HAQ6VZoMWAAwyqghhcrGetgC/310x430/1772357561.webp?s=f8034d933cee0190ce4d06b07aa886ffb9a5a68e,9,9
Original Gucci Tennis Sneaker Damen Schuhe 39 komplett neu,504.7,Gucci,39,https://www.vinted.it/items/8285760779-original-gucci-tennis-sneaker-damen-schuhe-39-komplett-neu?referrer=catalog,16,8285760779,Sold,02/03/2026 06:06:58,,https://images1.vinted.net/t/05_021aa_GYgDtLhv3cnDyumh2Z38yWD4/310x430/1772357230.webp?s=59d8060246e4728c31508aa6be11cd5fbaedf556,9,9
Gucci flora gardenia,51.1,Gucci,0,https://www.vinted.it/items/8294849123-gucci-flora-gardenia?referrer=catalog,0,8294849123,Sold,02/03/2026 07:15:02,,https://images1.vinted.net/t/05_0058b_CAMdzZX5EBqkt3GadMCb1mZd/310x430/1772432004.webp?s=3549ec9cae1e97ee231a6a07761a7e15ac079502,10,1
desodorante gucci,16.45,Gucci,0,https://www.vinted.it/items/8294847490-desodorante-gucci?referrer=catalog,0,8294847490,Sold,02/03/2026 07:15:02,,https://images1.vinted.net/t/06_01f25_y6rR8rfsYZP6pcKE9i7ERUjA/310x430/1772431922.webp?s=f603fff5d629d5a10ea9b922268b71833f8bd27a,10,1
Scarpe Gucci,84.7,Gucci,38,https://www.vinted.it/items/8294846852-scarpe-gucci?referrer=catalog,0,8294846852,Sold,02/03/2026 07:15:02,,https://images1.vinted.net/t/06_02321_85gBCg1bR7KczjndLrRc1bPh/310x430/1772431888.webp?s=29516c6c8f7208130201bc7ff758af12815e0936,10,1
Gucci panty,32.2,Gucci,Taglia unica,https://www.vinted.it/items/8262852844-gucci-panty?referrer=catalog,0,8262852844,Sold,02/03/2026 07:15:02,,https://images1.vinted.net/t/04_00c13_V4mEw2vU1MrEqYFx5zeQ4e4Z/310x430/1772085675.webp?s=4fe7726fcaec8d102c1250ddaf4b0bd8c676200e,10,1
Profumo Gucci Flora,42.7,Gucci,0,https://www.vinted.it/items/8294841867-profumo-gucci-flora?referrer=catalog,1,8294841867,Sold,02/03/2026 07:15:02,,https://images1.vinted.net/t/06_01873_CEtxCie6vxKFpV42aaU7vkGG/310x430/1772431621.webp?s=f8686cae1e459c6a1df6a46126f6c0977be325d2,10,1
Gucci Gürtel Rot,26.95,No brand,110 cm,https://www.vinted.it/items/8290447532-gucci-gurtel-rot?referrer=catalog,0,8290447532,Sold,02/03/2026 07:15:02,,https://images1.vinted.net/t/05_00226_SCmurkjn15sqPchniU11sMuz/310x430/1772379140.webp?s=292e0fbbc43aef938b26494d8b3bc887bac0fad3,10,1
Gucci bloom 100 ml,26.95,Gucci,0,https://www.vinted.it/items/8294832604-gucci-bloom-100-ml?referrer=catalog,0,8294832604,Sold,02/03/2026 07:15:02,,https://images1.vinted.net/t/06_01c44_tw5p73D6ben3zRPHGWzrAEBu/310x430/1772431076.webp?s=59066b0540b823a3584edfba37c4aa65ec3b319b,10,1
Gucci GG mint & ivory spring pantalon maat 8 NIEUW,125.65,Gucci,8 anni / 128 cm,https://www.vinted.it/items/8294828714-gucci-gg-mint-ivory-spring-pantalon-maat-8-nieuw?referrer=catalog,1,8294828714,Sold,02/03/2026 07:15:02,,https://images1.vinted.net/t/05_011d9_DsdtqrMgrwtT7igQA6qrKJf9/310x430/1772430827.webp?s=853634106c4fee39cb54b7b4f4eb832e2c2c9b6a,10,1
Gucci Bloom Nieuw,40.08,Gucci,0,https://www.vinted.it/items/8294828664-gucci-bloom-nieuw?referrer=catalog,0,8294828664,Sold,02/03/2026 07:15:02,,https://images1.vinted.net/t/06_02498_RUv9SUFuVUun3KhBwD9DdPHn/310x430/1772430824.webp?s=0c0bb47441a700c7f81e927bd5166895dcff4c6f,10,1
Gucci flora gardenia,26.95,Gucci,0,https://www.vinted.it/items/8294827662-gucci-flora-gardenia?referrer=catalog,4,8294827662,Sold,02/03/2026 07:15:02,,https://images1.vinted.net/t/05_02277_ZN3ePUB1ZhZSoVXwpEiepxsX/310x430/1772430757.webp?s=0726dc82daacd858fbaa12b223d77ce2fad3e013,10,1
Ensemble jogging Gucci,263.2,Gucci,L,https://www.vinted.it/items/8289863315-ensemble-jogging-gucci?referrer=catalog,0,8289863315,Sold,02/03/2026 07:15:02,,https://images1.vinted.net/t/06_001bb_KWXWUnEPa4qeWchNTdt2AUbg/310x430/1772376662.webp?s=bed18643febb0fe90752ae965d7849aaa796b1ea,10,1
Gucci Marmont Mini Camera Bag,510.0,Gucci,0,https://www.vinted.it/items/8289860956-gucci-marmont-mini-camera-bag?referrer=catalog,0,8289860956,Sold,02/03/2026 07:15:02,,https://images1.vinted.net/t/01_010eb_S2PHdnU1x4KJP78VMsQWdHQo/310x430/1772376652.webp?s=1ef203aa6399c0ce3112d001b9db2b648e2afb45,10,1
Jean Gucci,47.95,Gucci,IT 38 | W28,https://www.vinted.it/items/8289784326-jean-gucci?referrer=catalog,0,8289784326,Sold,02/03/2026 07:15:02,,https://images1.vinted.net/t/01_0188a_je3MuANV4xrBW1YpHbdvsnNf/310x430/1772376326.webp?s=4b2c17e2b4ccb1d5e2597d719beee31199563505,10,1
Bas de survêtement The North Face X Gucci,126.7,The North Face,XL,https://www.vinted.it/items/8289736108-bas-de-survetement-the-north-face-x-gucci?referrer=catalog,0,8289736108,Sold,02/03/2026 07:15:02,,https://images1.vinted.net/t/04_015aa_VsXQMwreYViBy4SiRuYfZ13i/310x430/1772376121.webp?s=0da18c25eaf90d9e3e53b2fdfb61d2eba6882ff5,10,1
Borsa Gucci con scatola originale Nuova,612.0,Gucci,0,https://www.vinted.it/items/8289758998-borsa-gucci-con-scatola-originale-nuova?referrer=catalog,0,8289758998,Sold,02/03/2026 07:15:02,,https://images1.vinted.net/t/06_0220a_hu3xsje3fif2XdsBVFBcUm59/310x430/1772376218.webp?s=ae55a852c0d4c483b0111f1fbb61ebb698c2fec5,10,1
Occhiali Gucci,53.2,Gucci,0,https://www.vinted.it/items/8289693601-occhiali-gucci?referrer=catalog,0,8289693601,Sold,02/03/2026 07:15:02,,https://images1.vinted.net/t/01_00a50_RdZFnQ3AxDpDSZwt4by4zFzD/310x430/1772375939.webp?s=64bf2a31fcc98a66e9332d9ce616fc3a3b3189ea,10,1
GUCCI taglia M - 44 it Capri Military Pants Cotton Drill,200.2,Gucci,M,https://www.vinted.it/items/8244671667-gucci-taglia-m-44-it-capri-military-pants-cotton-drill?referrer=catalog,0,8244671667,Sold,02/03/2026 07:15:02,,https://images1.vinted.net/t/06_01204_Z8yjjAZj9h2CgbEGzfVi4Dxn/310x430/1771859051.webp?s=e0582b7298a2a616f41a527780ff38bac2c0c765,10,1
Sacoche Gucci neuf,68.95,Gucci,0,https://www.vinted.it/items/8294574651-sacoche-gucci-neuf?referrer=catalog,6,8294574651,Sold,02/03/2026 07:15:02,,https://images1.vinted.net/t/06_00007_bs5bw66Vguv4xcKsF8BqNW4U/310x430/1772405997.webp?s=b0314b94410aea52029bf8e9111747a678a2aa13,10,1
Zaino Gucci Nuovo,473.2,Gucci,0,https://www.vinted.it/items/8294571878-zaino-gucci-nuovo?referrer=catalog,4,8294571878,Sold,02/03/2026 07:15:02,,https://images1.vinted.net/t/05_009f1_xx5w2Hw8YDSQMnxG1rXY9YT3/310x430/1772405924.webp?s=00fa5870b37c717670156dea883266687e63a1d0,10,1
casquette Gucci Noir,210.69,Gucci,Taglia unica,https://www.vinted.it/items/8294571858-casquette-gucci-noir?referrer=catalog,1,8294571858,Sold,02/03/2026 07:15:02,,https://images1.vinted.net/t/06_01a48_3sridAQAhYQVqckwjHXkuvh9/310x430/1772405923.webp?s=08fb761ccbc77d915b14b2b4f6c207055889d1a6,10,1
Foulard,95.2,Gucci,0,https://www.vinted.it/items/8294567164-foulard?referrer=catalog,4,8294567164,Sold,02/03/2026 07:15:02,,https://images1.vinted.net/t/06_01b15_qwsrxknBYyfeYnz5QVNE6HSZ/310x430/1772405804.webp?s=0acf57840e6af4a29c2eb5f26747423f0b278bfc,10,1
Lunettes soleil GUCCI,168.7,Gucci,0,https://www.vinted.it/items/8294566333-lunettes-soleil-gucci?referrer=catalog,0,8294566333,Sold,02/03/2026 07:15:02,,https://images1.vinted.net/t/06_0116d_8yqn1Z8esex8RGW36jrujj2e/310x430/1772405782.webp?s=5b07e208a852d52c18197f634965807ce3be98af,10,1
Cappello Gucci,294.7,Gucci,S,https://www.vinted.it/items/8294558914-cappello-gucci?referrer=catalog,0,8294558914,Sold,02/03/2026 07:15:02,,https://images1.vinted.net/t/05_00b97_khSzt3SsBZ4NzLX21jRHJCXG/310x430/1772405598.webp?s=09f82c807790ce9958417a63d3ae55da5bc541fd,10,1
T Shirt Gucci,126.7,Gucci,S / IT 40 / EU 36,https://www.vinted.it/items/8262561152-t-shirt-gucci?referrer=catalog,0,8262561152,Sold,02/03/2026 07:15:02,,https://images1.vinted.net/t/05_01581_WE5WJ6Bd2T564sG8oxisG4Wo/310x430/1772059625.webp?s=86b25c4dca2ffec0ef920d004e925551a470ebd1,10,1
Gucci Guilty,53.19,Gucci,0,https://www.vinted.it/items/8294545810-gucci-guilty?referrer=catalog,3,8294545810,Sold,02/03/2026 07:15:02,,https://images1.vinted.net/t/04_020d3_83GZQBYXLzMcpoZ4vbCC85WB/310x430/1772405295.webp?s=6013746a374ff14b49da81373813d615625ba025,10,1
Bronzer Gucci,32.2,Gucci,0,https://www.vinted.it/items/8294542016-bronzer-gucci?referrer=catalog,0,8294542016,Sold,02/03/2026 07:15:02,,https://images1.vinted.net/t/06_01a9b_7ytseYWjkWA4CUpyZCB1ze6c/310x430/1772405209.webp?s=f6b79ac1b0ccef170aad82610be3d6834d84dd21,10,1
Gucci• Foulard 100% Seta •,53.2,Gucci,0,https://www.vinted.it/items/8294540179-gucci-foulard-100-seta?referrer=catalog,8,8294540179,Sold,02/03/2026 07:15:02,,https://images1.vinted.net/t/05_013b0_VPVDJax9ukbtn1NuRk628ZYQ/310x430/1772405169.webp?s=87a6eef9a072eb4cc03dbe1082c06b7629626a51,10,1
Sandales Gucci,189.7,Gucci,36.5,https://www.vinted.it/items/8294529829-sandales-gucci?referrer=catalog,6,8294529829,Sold,02/03/2026 07:15:02,,https://images1.vinted.net/t/05_002e7_Xod2F4xGQLmXGCaP3DKYca88/310x430/1772404945.webp?s=2a9bd9ba7eb21b6d8e6f588b6e0840d176a6f963,10,1
Gucci Luxurious Pigment-Rich Lipstick,26.95,Gucci,0,https://www.vinted.it/items/8294528093-gucci-luxurious-pigment-rich-lipstick?referrer=catalog,0,8294528093,Sold,02/03/2026 07:15:02,,https://images1.vinted.net/t/06_019e4_MZEeF1JMhj7mQK7pWgpnoxZk/310x430/1772404910.webp?s=d188af5890aa19bac054bb4ddac4456b278e54d5,10,1
Gucci,44.8,Gucci,0,https://www.vinted.it/items/8294523277-gucci?referrer=catalog,1,8294523277,Sold,02/03/2026 07:15:02,,https://images1.vinted.net/t/06_0034a_GZwzdqq2rozBSfR6f7pDkCaz/310x430/1772404809.webp?s=38bda76f19a1f70f23a4ff74df7ab0ec4794aeb0,10,1
Robe Gucci,663.0,Gucci,M / IT 42 / EU 38,https://www.vinted.it/items/8294517139-robe-gucci?referrer=catalog,0,8294517139,Sold,02/03/2026 07:15:02,,https://images1.vinted.net/t/01_025ca_5L5uX5uAGafTeTUkaQyNHURr/310x430/1772404686.webp?s=8ea88f44fe3478a06fe767213bfce9746926354f,10,1
Gucci blush 06,26.43,Blush,0,https://www.vinted.it/items/8294514169-gucci-blush-06?referrer=catalog,0,8294514169,Sold,02/03/2026 07:15:02,,https://images1.vinted.net/t/01_00e2b_CAN5XAVLoStKTAgxKo1Qg5tS/310x430/1772404625.webp?s=d69283f91f39e322578fd2211a2b83fb795bfcb1,10,1
Correcteur Gucci,35.35,Gucci,0,https://www.vinted.it/items/8294510208-correcteur-gucci?referrer=catalog,0,8294510208,Sold,02/03/2026 07:15:02,,https://images1.vinted.net/t/05_0018d_Yo799vaHQE7fmj1jbJugDFQ3/310x430/1772404550.webp?s=85ad729f75163917ccf8ccc3b0f5a09e9ad7eb94,10,1
Gucci Sunglasses,94.15,Gucci,0,https://www.vinted.it/items/8294509164-gucci-sunglasses?referrer=catalog,15,8294509164,Sold,02/03/2026 07:15:02,,https://images1.vinted.net/t/05_01ee2_1eGbd8EkJ2E9jbDAWTK7kFK7/310x430/1772404529.webp?s=ded5825af3e5d43fe9f8fbd19cd10e3100c319af,10,1
Gucci blush 06,26.43,Blush,0,https://www.vinted.it/items/8294504897-gucci-blush-06?referrer=catalog,0,8294504897,Sold,02/03/2026 07:15:02,,https://images1.vinted.net/t/06_004d5_UCFNLusiod7Lh37JsmKmKcRP/310x430/1772404447.webp?s=09a34a979f5026d77ea345f3b70095f270d4a057,10,1
Gucci blush 06,26.43,Blush,0,https://www.vinted.it/items/8294502089-gucci-blush-06?referrer=catalog,0,8294502089,Sold,02/03/2026 07:15:02,,https://images1.vinted.net/t/05_02357_k8zyMrRnRFfoHr7YKVRHC4td/310x430/1772404394.webp?s=4e3eb90be4e179dcd40da18756b8c877ff555bcf,10,1
Gucci blush 06,26.43,Blush,0,https://www.vinted.it/items/8294499186-gucci-blush-06?referrer=catalog,0,8294499186,Sold,02/03/2026 07:15:02,,https://images1.vinted.net/t/06_021a5_LkyK7ZTxBURzQPPkpC7xhUhz/310x430/1772404340.webp?s=1a4a168d66b56347c9a925ea9d5d26c2a540d411,10,1
Basket Gucci x Balenciaga,367.15,Gucci,39,https://www.vinted.it/items/8294498115-basket-gucci-x-balenciaga?referrer=catalog,2,8294498115,Sold,02/03/2026 07:15:02,,https://images1.vinted.net/t/05_00348_HfzctHK3XQY6QpeQiV8mLXLu/310x430/1772404320.webp?s=0a5a48a691146665498210ecd0ce673e6e4fd5ad,10,1
Gucci blush 06,26.43,Blush,0,https://www.vinted.it/items/8294490784-gucci-blush-06?referrer=catalog,0,8294490784,Sold,02/03/2026 07:15:02,,https://images1.vinted.net/t/01_02075_vnpw1UPAFp4W4yq97noVZg5g/310x430/1772404188.webp?s=2251f9bbc9761752d0347c31b631e290d7d32fd8,10,1
Gucci blush 06,26.43,Blush,0,https://www.vinted.it/items/8294487965-gucci-blush-06?referrer=catalog,0,8294487965,Sold,02/03/2026 07:15:02,,https://images1.vinted.net/t/06_0093f_Mnb1whbDfrFCTDW2hhTshQbB/310x430/1772404136.webp?s=536e2ae6d581f0ba6fbb0ce47fb2aee6062eadba,10,1
Gucci blush 06,26.43,Blush,0,https://www.vinted.it/items/8294483754-gucci-blush-06?referrer=catalog,0,8294483754,Sold,02/03/2026 07:15:02,,https://images1.vinted.net/t/05_02236_sWyNCcZ94kkhE6TbchgeZ8UF/310x430/1772404058.webp?s=d4b2e20b8d344ccf985b02f58dc3b50edbd719f6,10,1
Gucci blush 06,26.43,Blush,0,https://www.vinted.it/items/8294479793-gucci-blush-06?referrer=catalog,0,8294479793,Sold,02/03/2026 07:15:02,,https://images1.vinted.net/t/04_00efb_KXA1eiN96CgYvqhro6got7Ap/310x430/1772403990.webp?s=a05ab545c7e0620e73b4a64ad49db028138163e6,10,1
Gucci Staubbeutel,18.55,Gucci,0,https://www.vinted.it/items/8294472887-gucci-staubbeutel?referrer=catalog,0,8294472887,Sold,02/03/2026 07:15:02,,https://images1.vinted.net/t/04_00676_DBPLbw1mXqjaXmUPCQQdrcKf/310x430/1772403868.webp?s=b2418f6887f8a0893aa302034929cb7e57d0e4ef,10,1
Gucci anzuge set,561.0,Gucci,12 anni / 152 cm,https://www.vinted.it/items/8294428763-gucci-anzuge-set?referrer=catalog,3,8294428763,Sold,02/03/2026 07:15:02,,https://images1.vinted.net/t/05_02384_shhfV43u1nKZfGz9Wqp3cBGY/310x430/1772403150.webp?s=a17372474fb698625b8149fc82e725bb4bc64216,10,1
Gucci Luxurious Moisture-Rich Lipstick,29.05,Gucci,0,https://www.vinted.it/items/8294380402-gucci-luxurious-moisture-rich-lipstick?referrer=catalog,5,8294380402,Sold,02/03/2026 07:15:02,,https://images1.vinted.net/t/06_01163_4QxcMYaNqDJvsiWrLEYx7kSj/310x430/1772402439.webp?s=23744492e71eac49514d69e38407114e1549b3df,10,1
Jogger Gucci x Adidas,105.7,Gucci,M / IT 42 / EU 38,https://www.vinted.it/items/8294361957-jogger-gucci-x-adidas?referrer=catalog,56,8294361957,Sold,02/03/2026 07:15:02,,https://images1.vinted.net/t/01_00ee8_2oHxoiwvh4o1BCdfiENG7LZ7/310x430/1772402193.webp?s=066da142c4031723b73b80300a1f9ae3c7b4a663,10,1
Gucci Luxurious Moisture-Rich Lipstick,26.95,Gucci,0,https://www.vinted.it/items/8294359910-gucci-luxurious-moisture-rich-lipstick?referrer=catalog,1,8294359910,Sold,02/03/2026 07:15:02,,https://images1.vinted.net/t/06_009d2_Sa4byGqZZDPYqPEaYsMw6Pk9/310x430/1772402167.webp?s=2c98cd0bd2d51b7f82347c4cd8121bbd152490b4,10,1
Gucci,58.45,Gucci,0,https://www.vinted.it/items/8294356811-gucci?referrer=catalog,29,8294356811,Sold,02/03/2026 07:15:02,,https://images1.vinted.net/t/01_01d4b_EjdnVopwyAr26tNPH1duejQb/310x430/1772402125.webp?s=1943119bece7cad9913e0682001a1e1224e73a06,10,1
Gucci cap classic,231.7,Gucci,M,https://www.vinted.it/items/8294355768-gucci-cap-classic?referrer=catalog,0,8294355768,Sold,02/03/2026 07:15:02,,https://images1.vinted.net/t/05_00594_zSpeKJHtjSvBVuE8buYqT7Uj/310x430/1772402111.webp?s=895b59671325183de551b72b399e728ffb221035,10,1
Crème Gucci,14.35,Gucci,0,https://www.vinted.it/items/8294342170-creme-gucci?referrer=catalog,0,8294342170,Sold,02/03/2026 07:15:02,,https://images1.vinted.net/t/05_00642_UisKJ6Y5K7w53vRjAH2EAGj2/310x430/1772401934.webp?s=bef705facf232e2af035ca93e07fd63f822dbff1,10,1
Borsa Gucci Marmont nuova con scatola,816.0,Gucci,0,https://www.vinted.it/items/8262321024-borsa-gucci-marmont-nuova-con-scatola?referrer=catalog,14,8262321024,Sold,02/03/2026 07:15:02,,https://images1.vinted.net/t/01_003f8_KakoCmGBK7RvBjTiTi7sRNyL/310x430/1772055637.webp?s=732359f9aa399f85c8c2dacf914637fb5105e13d,10,1
Profumo,32.2,Gucci,0,https://www.vinted.it/items/8294327584-profumo?referrer=catalog,2,8294327584,Sold,02/03/2026 07:15:02,,https://images1.vinted.net/t/06_01578_jmpwxx2Ah76sjwrkrjdRXFs7/310x430/1772401748.webp?s=4154fad80e8dba187e67057e1b8582efb453e402,10,1
Rossetto Gucci,32.2,Gucci,0,https://www.vinted.it/items/8294339354-rossetto-gucci?referrer=catalog,2,8294339354,Sold,02/03/2026 07:15:27,,https://images1.vinted.net/t/06_01e76_JwAYqau9APqtWmsh76kYVvpY/310x430/1772401897.webp?s=0bf74a252d7e35e4746f55a886707c47283d2f46,10,2
Occhiali Gucci vintage 3785 black gold,168.7,Gucci,0,https://www.vinted.it/items/8293231280-occhiali-gucci-vintage-3785-black-gold?referrer=catalog,0,8293231280,Sold,02/03/2026 07:15:54,,https://images1.vinted.net/t/04_02635_bNy1KUDW2K1hAERe2sDgCJdR/310x430/1772393016.webp?s=64fec2b7031de1584c12d76f9f741fba53a06ee5,10,3
Gucci originali,315.7,Gucci,95 cm,https://www.vinted.it/items/8293216161-gucci-originali?referrer=catalog,1,8293216161,Sold,02/03/2026 07:15:54,,https://images1.vinted.net/t/03_01aa3_uzfhYYQtp5KKwmmZnGWQEtw8/310x430/1772392919.webp?s=77609cd64d3cc52610a73ccc5be83b41075b646a,10,3
Tote bag gucci,26.95,Gucci,0,https://www.vinted.it/items/8293214310-tote-bag-gucci?referrer=catalog,0,8293214310,Sold,02/03/2026 07:15:54,,https://images1.vinted.net/t/04_0239f_qn9pXSNCQEc3xvnFbeCpZ1bD/310x430/1772392907.webp?s=2fcfda5cc05aee50f8b29fc1253b5bde36550ad0,10,3
Pantalone Gucci,110.95,Gucci,M,https://www.vinted.it/items/8287465641-pantalone-gucci?referrer=catalog,13,8287465641,Sold,02/03/2026 07:15:54,,https://images1.vinted.net/t/06_01eef_1sy2EVSRo8hR2St54SUxoWPK/310x430/1772365789.webp?s=58564f61c8da03a66992cfa463fd81115017873e,10,3
Neuer extravaganter Gucci Rock Gr. 8 Jahre,63.7,Gucci,8 anni / 128 cm,https://www.vinted.it/items/8293199870-neuer-extravaganter-gucci-rock-gr-8-jahre?referrer=catalog,1,8293199870,Sold,02/03/2026 07:15:54,,https://images1.vinted.net/t/05_00c38_W9GpSLMaHhoJTHTMRh8w76Ap/310x430/1772392816.webp?s=67ad60123282ac1da04f413f8fd51d9a39f3c3bb,10,3
Tinta labbra Gucci,23.8,Gucci,0,https://www.vinted.it/items/8293195768-tinta-labbra-gucci?referrer=catalog,1,8293195768,Sold,02/03/2026 07:15:54,,https://images1.vinted.net/t/06_00d0f_fLJFXyaT65p1r2mcFGXN1bgM/310x430/1772392791.webp?s=a53cc64e1796e3f46e86872109268a8aa47c8b8a,10,3
Anello in argento Gucci,158.2,Gucci,0,https://www.vinted.it/items/8293169883-anello-in-argento-gucci?referrer=catalog,0,8293169883,Sold,02/03/2026 07:15:54,,https://images1.vinted.net/t/06_01358_QidP7HmhT4FGmxYoDX2eYKAD/310x430/1772392628.webp?s=e341d696a0b5e917da32e2c44b889427843c57d9,10,3
Occhiale Gucci metallo argento con brillantini GG1252s,315.7,Gucci,0,https://www.vinted.it/items/8293169217-occhiale-gucci-metallo-argento-con-brillantini-gg1252s?referrer=catalog,0,8293169217,Sold,02/03/2026 07:15:54,,https://images1.vinted.net/t/06_009a8_1YShMCgMwMZ2nLbLaZ8oZvsj/310x430/1772392624.webp?s=0d0a73f643875d0fc832a0300e7a6e81f45c2f1a,10,3
Paire de lacets gucci,9.1,Gucci,0,https://www.vinted.it/items/8293150785-paire-de-lacets-gucci?referrer=catalog,0,8293150785,Sold,02/03/2026 07:15:54,,https://images1.vinted.net/t/01_01ad9_AsisVMqPrPdVNkQrmvA2N52e/310x430/1772392509.webp?s=58366de1e7456cd48cc7d93c1f52db3d6c18e9d3,10,3
Mocassin Gucci,473.19,Gucci,35.5,https://www.vinted.it/items/8293133627-mocassin-gucci?referrer=catalog,1,8293133627,Sold,02/03/2026 07:15:54,,https://images1.vinted.net/t/05_00381_iJ64Mf11cuXsX5tDxkRiqeBf/310x430/1772392402.webp?s=d1b2404b23c565afa9323f6ed267daaffecd407c,10,3
Sac à main Gucci Jackie,1.785,Gucci,0,https://www.vinted.it/items/8293133866-sac-a-main-gucci-jackie?referrer=catalog,7,8293133866,Sold,02/03/2026 07:15:54,,https://images1.vinted.net/t/05_017e6_QbctDJ1XZFEbTCe6zJ5iC5oo/310x430/1772392404.webp?s=09dde3e9cc1ecc8f1126036b73db65bd8f48b643,10,3
Gucci lamp,9.1,No brand,0,https://www.vinted.it/items/8293130616-gucci-lamp?referrer=catalog,19,8293130616,Sold,02/03/2026 07:15:54,,https://images1.vinted.net/t/06_00b3e_f6jM86gwdRHuxNP9UDHcDM8i/310x430/1772392383.webp?s=c63d64b2c4b07d0dd2fa75814093b8ed22d3011f,10,3
Cravatta in seta Gucci,95.2,Gucci,0,https://www.vinted.it/items/8293120332-cravatta-in-seta-gucci?referrer=catalog,0,8293120332,Sold,02/03/2026 07:15:54,,https://images1.vinted.net/t/01_00442_CedgERKeZbYWf7k9RJXsbaSX/310x430/1772392320.webp?s=a86b12d61635ce12a030e20f17ec2f169d880759,10,3
Gucci Bamboo Eau De Parfum,25.9,Gucci,0,https://www.vinted.it/items/8293116163-gucci-bamboo-eau-de-parfum?referrer=catalog,0,8293116163,Sold,02/03/2026 07:15:54,,https://images1.vinted.net/t/05_016cc_LK95XzAqDpnQNEWNEgpz7cL1/310x430/1772392294.webp?s=6aa56ca7af58280f2b86d605ed311044c178511d,10,3
Chaussure Gucci,663.0,Gucci,44,https://www.vinted.it/items/8293113331-chaussure-gucci?referrer=catalog,1,8293113331,Sold,02/03/2026 07:15:54,,https://images1.vinted.net/t/04_02006_2qTKMnT8fK2dFW83sYmX931L/310x430/1772392277.webp?s=c90ceeb714431d8d9a6788ecb10eed24c89629cd,10,3
Parfum Gucci Guilty pour homme 90ml,53.2,Gucci,0,https://www.vinted.it/items/8293098274-parfum-gucci-guilty-pour-homme-90ml?referrer=catalog,1,8293098274,Sold,02/03/2026 07:15:54,,https://images1.vinted.net/t/04_0253a_acsVG5aCo76dtkPacQxdfC6X/310x430/1772392182.webp?s=c2173d77ca6299d3960f0b828e8b71f364c20737,10,3
Pantalones Gucci Mujer Vintage Cinturon Classico Talla IT 42 Paton,116.2,Gucci,M / IT 42 / EU 38,https://www.vinted.it/items/8293095578-pantalones-gucci-mujer-vintage-cinturon-classico-talla-it-42-paton?referrer=catalog,0,8293095578,Sold,02/03/2026 07:15:54,,https://images1.vinted.net/t/01_00de9_NEbmVGYQCdmRJPR5aS6KLcid/310x430/1772392165.webp?s=888e5f6c65ddb64e0eb46bf490471efa9080c821,10,3
Vendo cappello GUCCI ‘’ limited edition,399.7,Gucci,L,https://www.vinted.it/items/8293081219-vendo-cappello-gucci-limited-edition?referrer=catalog,1,8293081219,Sold,02/03/2026 07:15:54,,https://images1.vinted.net/t/05_00cae_xXEBupRT61TfZsX6zRu3cFhF/310x430/1772392073.webp?s=acf481246915b13109cfb81cbe49fe6ae7496e3f,10,3
Foulard en soie vintage Gucci,231.7,Gucci,0,https://www.vinted.it/items/8293077426-foulard-en-soie-vintage-gucci?referrer=catalog,2,8293077426,Sold,02/03/2026 07:15:54,,https://images1.vinted.net/t/01_01b69_gqFjjKqHHG6Hr4NMpQ7QDNga/310x430/1772392049.webp?s=2cc53ba42d74a583cf245a38528555c008f6f74e,10,3
Gucci Gürtel,367.15,Gucci,95 cm,https://www.vinted.it/items/8293055886-gucci-gurtel?referrer=catalog,0,8293055886,Sold,02/03/2026 07:15:54,,https://images1.vinted.net/t/05_01d3b_WuYz1hhoqVBK8LzVpJth2jnw/310x430/1772391911.webp?s=4f68cf8a389b87d44f2222556ade85594e285dba,10,3
Busta shopper Gucci,4.9,Gucci,0,https://www.vinted.it/items/8293055141-busta-shopper-gucci?referrer=catalog,0,8293055141,Sold,02/03/2026 07:15:54,,https://images1.vinted.net/t/01_001c6_dVKd6yKtccEMkURnNceBumfg/310x430/1772391907.webp?s=f1273ea8bcef13c0752683240d8f11e8d06af80b,10,3
GUCCI Silk Tie Silver Grey Geometric Pattern Made in Italy Authentic Luxury Formal Necktie,42.6,Gucci,0,https://www.vinted.it/items/8289650717-gucci-silk-tie-silver-grey-geometric-pattern-made-in-italy-authentic-luxury-formal-necktie?referrer=catalog,1,8289650717,Sold,02/03/2026 07:15:54,,https://images1.vinted.net/t/06_00b28_DHeU73QkgbfqyXGT47a72UoE/310x430/1772375756.webp?s=753d2b43819099022bee9d0c1e8aa32bbe36cef4,10,3
Gucci Nylon Bag Orginal (große version),368.2,Gucci,0,https://www.vinted.it/items/8293049441-gucci-nylon-bag-orginal-grosse-version?referrer=catalog,2,8293049441,Sold,02/03/2026 07:15:54,,https://images1.vinted.net/t/05_0149e_r861ZMAKVebWw3KiEqbhxvvU/310x430/1772391871.webp?s=ab2bbd948e93087b000fe17204691e3916ddf2a2,10,3
Sandalo slide donna Gucci nero,386.05,Gucci,37,https://www.vinted.it/items/8207670477-sandalo-slide-donna-gucci-nero?referrer=catalog,5,8207670477,Sold,02/03/2026 07:15:54,,https://images1.vinted.net/t/05_020e9_ACrD7BG1EMXAgaD6he226Etg/310x430/1771450333.webp?s=50f7708242c101084e6fd1b37e980b4d3b9b9095,10,3
Gucci,284.2,Gucci,0,https://www.vinted.it/items/8293040511-gucci?referrer=catalog,0,8293040511,Sold,02/03/2026 07:15:54,,https://images1.vinted.net/t/06_01050_RhBmNSxY81xPCxeG9szKKrwU/310x430/1772391814.webp?s=8cd285d0568a369626df353f83429f0e33abbd74,10,3
Neu Handtasche Tasche Gucci Horsebit 1955 Medium,1.173,Gucci,0,https://www.vinted.it/items/8293028890-neu-handtasche-tasche-gucci-horsebit-1955-medium?referrer=catalog,2,8293028890,Sold,02/03/2026 07:15:54,,https://images1.vinted.net/t/06_00f1d_jEHTUWenM3AofY3qQo3Xu3Ny/310x430/1772391740.webp?s=21ae801d484fd4f41555e8052694fe32aa2db4a2,10,3
Escarpins Gucci à lanières cuir vernis noir avec noeud décoratif,420.7,Gucci,38.5,https://www.vinted.it/items/8293028073-escarpins-gucci-a-lanieres-cuir-vernis-noir-avec-noeud-decoratif?referrer=catalog,1,8293028073,Sold,02/03/2026 07:15:54,,https://images1.vinted.net/t/01_00665_PazM443qbDYTtS2TY9X1Pq3K/310x430/1772391735.webp?s=afe9ac5eabfa8d39f79819168788dda5c90ce40b,10,3
Gucci bloom ambrosia di fiori,104.65,Gucci,0,https://www.vinted.it/items/8293011179-gucci-bloom-ambrosia-di-fiori?referrer=catalog,0,8293011179,Sold,02/03/2026 07:15:54,,https://images1.vinted.net/t/06_01c84_6CHiBc7cxEq6iwsNWtGyLPVJ/310x430/1772391627.webp?s=8f5dbbd3a511047a819dfdcf69ea62045f88c714,10,3
Gucci Cap,116.2,Sonstiges,Taglia unica,https://www.vinted.it/items/8261160118-gucci-cap?referrer=catalog,1,8261160118,Sold,02/03/2026 07:15:54,,https://images1.vinted.net/t/05_013e2_NCiuU39TD9Pv7htbPLcStqXY/310x430/1772045419.webp?s=30b68c38b966ce1ee574d3ade7a1a5683e5f1d9d,10,3
Lunette Gucci,42.7,Gucci,0,https://www.vinted.it/items/8293004248-lunette-gucci?referrer=catalog,1,8293004248,Sold,02/03/2026 07:15:54,,https://images1.vinted.net/t/05_02079_ejLDWWBqTyg8q8KQN6oZy6cH/310x430/1772391582.webp?s=e14a4696cafce12ef8a5728f169a9ef829c3b8dd,10,3
Occhiali Gucci,116.2,Gucci,0,https://www.vinted.it/items/8292996705-occhiali-gucci?referrer=catalog,5,8292996705,Sold,02/03/2026 07:15:54,,https://images1.vinted.net/t/04_01897_kBRtsgoKrJY5YTaXqksRJTaE/310x430/1772392245.webp?s=88ee82a05de3566d4d4250f82085b2ab0a3e99d0,10,3
Paire collector Gucci – mocassins cuir GG & mors doré,865.98,Gucci,37,https://www.vinted.it/items/8292987958-paire-collector-gucci-mocassins-cuir-gg-mors-dore?referrer=catalog,2,8292987958,Sold,02/03/2026 07:15:54,,https://images1.vinted.net/t/06_0141d_J9obWt9ScV2H7Ax5Q97NJi2f/310x430/1772391480.webp?s=c60ff5181e6f62d28f37a95ed706f6c62b7596ee,10,3
Portacarte Gucci nero,189.7,Gucci,0,https://www.vinted.it/items/8292985315-portacarte-gucci-nero?referrer=catalog,0,8292985315,Sold,02/03/2026 07:15:54,,https://images1.vinted.net/t/06_0238d_Rk93X8mwgtMox7WLgo8DXzAM/310x430/1772391463.webp?s=c94ee13f32067554fa7527fef3cf6caa9d630098,10,3
Scarpe Gucci,612.0,Gucci,43,https://www.vinted.it/items/8292954884-scarpe-gucci?referrer=catalog,2,8292954884,Sold,02/03/2026 07:15:54,,https://images1.vinted.net/t/04_00413_1rHWdcKdmFtRtWHEDGkndPPg/310x430/1772391273.webp?s=803968b7db85e4dd041754f50bb88496a5cff499,10,3
Gucci Cap Pink,242.2,Gucci,M,https://www.vinted.it/items/8292952681-gucci-cap-pink?referrer=catalog,1,8292952681,Sold,02/03/2026 07:15:54,,https://images1.vinted.net/t/01_01232_UHmih6fMhemQYHaHHtmEYbm2/310x430/1772391259.webp?s=9de4757733a941cb3095073280a4a9d34f57800e,10,3
Perfume para el cabello Gucci,32.2,Gucci,0,https://www.vinted.it/items/8292943017-perfume-para-el-cabello-gucci?referrer=catalog,0,8292943017,Sold,02/03/2026 07:15:54,,https://images1.vinted.net/t/03_02553_4gg881frBRtDJDWUaXDZ1isx/310x430/1772391198.webp?s=e6b3f7c77b41b24209dbc2658be8d50f69eacf0e,10,3
Occhiali rosa,116.2,Gucci,0,https://www.vinted.it/items/8292936838-occhiali-rosa?referrer=catalog,1,8292936838,Sold,02/03/2026 07:15:54,,https://images1.vinted.net/t/04_00f03_UY4NmgJ11bjzs22zQ7rmkxJk/310x430/1772391160.webp?s=b9d955a3e4dc70dd8620d1bca929f10fd2bdcb09,10,3
Gucci Flora Intense,79.45,No brand,0,https://www.vinted.it/items/8292910903-gucci-flora-intense?referrer=catalog,3,8292910903,Sold,02/03/2026 07:15:54,,https://images1.vinted.net/t/01_0012b_osF7DgqkiYGKEDjZEnCz2xCj/310x430/1772390996.webp?s=770903aa015b7ed29a4747659021a6956d96387c,10,3
Porte carte Gucci authentique,74.2,Gucci,0,https://www.vinted.it/items/8261131845-porte-carte-gucci-authentique?referrer=catalog,4,8261131845,Sold,02/03/2026 07:15:54,,https://images1.vinted.net/t/05_01927_Bm8LSZ3PinzAtWcn8eRLFRi9/310x430/1772045196.webp?s=93a07a09f39de6612a0558db991dab52d6fbffff,10,3
Pochette Gucci,7.0,Gucci,0,https://www.vinted.it/items/8292898978-pochette-gucci?referrer=catalog,0,8292898978,Sold,02/03/2026 07:15:54,,https://images1.vinted.net/t/06_0081a_Zmt5juaYQunXWewMRgHo6sCk/310x430/1772390923.webp?s=f5d2bfd8acb39f58d9f30af29f4e073852667290,10,3
Lunettes Gucci – Doré & Verres Verts – Neuves,263.2,Gucci,0,https://www.vinted.it/items/8292890679-lunettes-gucci-dore-verres-verts-neuves?referrer=catalog,0,8292890679,Sold,02/03/2026 07:15:54,,https://images1.vinted.net/t/06_01c33_VrNxotmJMqtV7bKuGFckHuCk/310x430/1772390873.webp?s=6d55e4e836b4dce03596791a4a89ac9f0295e836,10,3
Gucci flora gardenia,51.1,Gucci,0,https://www.vinted.it/items/8292887078-gucci-flora-gardenia?referrer=catalog,6,8292887078,Sold,02/03/2026 07:15:54,,https://images1.vinted.net/t/06_00ce4_6i4nA84ktchHmK7ibntoPs83/310x430/1772390851.webp?s=97472e58fb8035180d2049cb03d12d68d0180f36,10,3
Specchio da borsa,26.95,Gucci,0,https://www.vinted.it/items/8292872420-specchio-da-borsa?referrer=catalog,0,8292872420,Sold,02/03/2026 07:15:54,,https://images1.vinted.net/t/05_01ceb_ZzpXqNyV7FGcgyrthfWbFJoh/310x430/1772390763.webp?s=cf606b7474ff458d27de315a760584e1b943748e,10,3
Cardigan,158.2,Gucci,3 anni / 98 cm,https://www.vinted.it/items/8292854547-cardigan?referrer=catalog,2,8292854547,Sold,02/03/2026 07:15:54,,https://images1.vinted.net/t/06_013da_GZNwtVP86ck3REDNevGEKEU2/310x430/1772390654.webp?s=57ee148b36e504933c10734477f651a9ad4fe23d,10,3
Flora Gorgeous Magnolia,45.85,Gucci,0,https://www.vinted.it/items/8292831820-flora-gorgeous-magnolia?referrer=catalog,0,8292831820,Sold,02/03/2026 07:15:54,,https://images1.vinted.net/t/04_0144a_RB5Q6hjfjqbHaZ4uLLWvqdh3/310x430/1772390514.webp?s=9e5eb30dbb6af6702efbcfcb84c6d11a3127cdfb,10,3
Veste Gucci,21.7,Gucci,8 anni / 128 cm,https://www.vinted.it/items/8292825087-veste-gucci?referrer=catalog,0,8292825087,Sold,02/03/2026 07:15:54,,https://images1.vinted.net/t/01_016ed_WP6Uq5hgX5VEyPRBgCshsubT/310x430/1772390474.webp?s=02cff6345339c44e64551ddf550ebc1789b39909,10,3
Scatola vuota Gucci,9.1,Gucci,0,https://www.vinted.it/items/8292816237-scatola-vuota-gucci?referrer=catalog,0,8292816237,Sold,02/03/2026 07:15:54,,https://images1.vinted.net/t/05_001da_YPw4SEA3rkEHGRH69QN4fPbf/310x430/1772390422.webp?s=8e9fe6f7c97a657fa849bb5ab1fcb78481934220,10,3
Petit pull paillette Gucci taille s,184.45,Gucci,S / IT 40 / EU 36,https://www.vinted.it/items/8261064293-petit-pull-paillette-gucci-taille-s?referrer=catalog,3,8261064293,Sold,02/03/2026 07:15:54,,https://images1.vinted.net/t/06_02139_aZo43SUJMdrLvx8xQhyggaPe/310x430/1772044667.webp?s=3084ab6a4090b7f413a40bf2390b6c52b86b5bb8,10,3
Gucci,116.2,Gucci,43,https://www.vinted.it/items/8292800990-gucci?referrer=catalog,13,8292800990,Sold,02/03/2026 07:15:54,,https://images1.vinted.net/t/01_026d1_QWDY8DagwyY2CERzVThVZq9y/310x430/1772390330.webp?s=940ef75e47cbc817dd028d56b7bc407cb73dacf8,10,3
Cravatta Gucci,126.7,Gucci,0,https://www.vinted.it/items/8292798855-cravatta-gucci?referrer=catalog,1,8292798855,Sold,02/03/2026 07:15:54,,https://images1.vinted.net/t/05_001ff_BEfoj3s11qiGtw89M3ubuVAL/310x430/1772390345.webp?s=30e252a51720352d4cc3bc022841426982913e31,10,3
Gucci intense,53.2,Gucci,0,https://www.vinted.it/items/8292795225-gucci-intense?referrer=catalog,0,8292795225,Sold,02/03/2026 07:15:54,,https://images1.vinted.net/t/05_003f3_Jhw5xycjAz4XvH5r5gbjNpHA/310x430/1772390296.webp?s=87fd05c7913dd600f82cc8fbe480242315f3e3ae,10,3
Casquette Gucci GG,273.7,Gucci,M,https://www.vinted.it/items/8292789569-casquette-gucci-gg?referrer=catalog,3,8292789569,Sold,02/03/2026 07:15:54,,https://images1.vinted.net/t/06_01028_Jkno6DgrusEUK5Z95dZbTdEZ/310x430/1772390262.webp?s=cf01a01e6e595d76310509e56bff1f4a10835a2e,10,3
Original Gucci Plateau Sandalen gr. 39,420.7,Gucci,39,https://www.vinted.it/items/8292781709-original-gucci-plateau-sandalen-gr-39?referrer=catalog,3,8292781709,Sold,02/03/2026 07:15:54,,https://images1.vinted.net/t/06_00c81_AX53jncd3afsV7QQhnqXcif6/310x430/1772390216.webp?s=5d3d448c0b0123624f7ff120572e7569811d42a7,10,3
Gucci Horsebit Loafer Mokassins Schlüpfschuhe gr 43,887.4,Gucci,43,https://www.vinted.it/items/8292777694-gucci-horsebit-loafer-mokassins-schlupfschuhe-gr-435-neu?referrer=catalog,0,8292777694,Sold,02/03/2026 07:15:54,,https://images1.vinted.net/t/01_00e87_SXFpWjZ5iDXjoRvcRG3Qahsz/310x430/1772390192.webp?s=05501d5b58efc5baea6c1eb58d2ad560148b556d,10,3
Jupe gucci enfant 110 cm donc 4 ans,42.7,Gucci,4 anni / 104 cm,https://www.vinted.it/items/8292778113-jupe-gucci-enfant-110-cm-donc-4-ans?referrer=catalog,10,8292778113,Sold,02/03/2026 07:15:54,,https://images1.vinted.net/t/04_01161_ccNpcTHwWjTeP64GK3SsNHUQ/310x430/1772390195.webp?s=b1d28307d2e201570691c2300d7582e215478f8b,10,3
Cover,158.2,Gucci,0,https://www.vinted.it/items/8292770095-cover?referrer=catalog,0,8292770095,Sold,02/03/2026 07:15:54,,https://images1.vinted.net/t/06_00144_shG9HCgruHgVNGdowuwh6Z1o/310x430/1772390147.webp?s=f38953c22de5ac50bf4c831da7912bb82ddb6e72,10,3
Lunettes GUCCI solaires,210.7,Gucci,0,https://www.vinted.it/items/8292756847-lunettes-gucci-solaires?referrer=catalog,8,8292756847,Sold,02/03/2026 07:15:54,,https://images1.vinted.net/t/06_00760_Agq7cjoaXRkF7CbvjRPVnRfL/310x430/1772390067.webp?s=a7ee49b3fa6381b52deab4103f9a19d19f9a4caa,10,3
Cintura Gucci donna reversibile,189.7,Gucci,115 cm,https://www.vinted.it/items/8292756656-cintura-gucci-donna-reversibile?referrer=catalog,37,8292756656,Sold,02/03/2026 07:15:54,,https://images1.vinted.net/t/06_00f95_dXX15gK4woaZCBoAgm7DwKZd/310x430/1772390065.webp?s=7b81e8ac2e388843962fb63fa51ed79df5dddf47,10,3
Scatola vuota Gucci,9.1,Gucci,0,https://www.vinted.it/items/8292752080-scatola-vuota-gucci?referrer=catalog,0,8292752080,Sold,02/03/2026 07:15:54,,https://images1.vinted.net/t/06_00100_fGhJSvHX6JG6mxVQ5TynTrPi/310x430/1772390039.webp?s=bde41bc4b83ce811777c6367b9f5f2d538fe989b,10,3
Parfum Gucci Flora Gorgeous Orchid,58.45,Gucci,0,https://www.vinted.it/items/8292746959-parfum-gucci-flora-gorgeous-orchid?referrer=catalog,1,8292746959,Sold,02/03/2026 07:15:54,,https://images1.vinted.net/t/04_018a6_Tk9zWWWqb5fC2BYicgNztAwo/310x430/1772390008.webp?s=cc8471644ddeab1c93e89f115f8ec2054931f8d6,10,3
Scatola Gucci,32.2,Gucci,0,https://www.vinted.it/items/8292727625-scatola-gucci?referrer=catalog,0,8292727625,Sold,02/03/2026 07:15:54,,https://images1.vinted.net/t/05_01fee_TqDexDeZdu9zoWqfxdxQwQUx/310x430/1772389894.webp?s=4fa558de3226230034bc05a171abdbb0b055b38e,10,3
Gucci: Small Canvas Crossbody Bag,1.275,Gucci,0,https://www.vinted.it/items/8292721805-gucci-small-canvas-crossbody-bag?referrer=catalog,2,8292721805,Sold,02/03/2026 07:15:54,,https://images1.vinted.net/t/05_01fbb_SFMDDRTFpJgukqJHhbN1HRPV/310x430/1772389860.webp?s=5b96100f318e68349727e75d54ac9e005b9796ea,10,3
Corbata Gucci,105.7,Gucci,0,https://www.vinted.it/items/8292718742-corbata-gucci?referrer=catalog,6,8292718742,Sold,02/03/2026 07:15:54,,https://images1.vinted.net/t/06_00537_YEpmgenmTFQQCL7o3jDDrhTk/310x430/1772389842.webp?s=85256ec4c4d8b4ba3274c142b8675ac96d80791e,10,3
Gucci blue runway collection skirt,612.0,Gucci,S / IT 40 / EU 36,https://www.vinted.it/items/8292715261-gucci-blue-runway-collection-skirt?referrer=catalog,0,8292715261,Sold,02/03/2026 07:15:54,,https://images1.vinted.net/t/04_00db4_LsghjCm413FX61cubpd3dz7E/310x430/1772389821.webp?s=4473a84146eb30dca2ab88128fc66febc8367ebe,10,3
Custodia Gucci,26.95,Gucci,0,https://www.vinted.it/items/8260987612-custodia-gucci?referrer=catalog,1,8260987612,Sold,02/03/2026 07:15:54,,https://images1.vinted.net/t/06_0107a_UEiZTwRgYER5J4wrMsLXEiic/310x430/1772044069.webp?s=d267ceb7fb315bddc8619353bf0623e7ffe1761c,10,3
Occhiali y2k Gucci,105.7,Gucci,0,https://www.vinted.it/items/8292711960-occhiali-y2k-gucci?referrer=catalog,6,8292711960,Sold,02/03/2026 07:16:19,,https://images1.vinted.net/t/05_006ee_2vsxSt3EUqiFoSXFGhrwrUvu/310x430/1772389802.webp?s=233d355866e86d77ecd295d4945934ecbd946da2,10,4
Corbata Gucci,100.45,Gucci,0,https://www.vinted.it/items/8292694059-corbata-gucci?referrer=catalog,9,8292694059,Sold,02/03/2026 07:16:19,,https://images1.vinted.net/t/06_01029_nQWas1EFfJWobVEYkvGzGmPE/310x430/1772393693.webp?s=da601a59cf5a1618c831cffe800d78682a0e231c,10,4
Sommerschuhe Gucci,263.2,Gucci,38,https://www.vinted.it/items/8189862240-sommerschuhe-gucci?referrer=catalog,5,8189862240,Sold,02/03/2026 07:16:19,,https://images1.vinted.net/t/04_01d41_RwbQXKiTY1v3GHxYiEFhqzSi/310x430/1771256728.webp?s=9cf034e98fe94369a439a9ff45171041c45acaee,10,4
Alpargatas niño Gucci,126.7,Gucci,24,https://www.vinted.it/items/8292670150-alpargatas-nino-gucci?referrer=catalog,26,8292670150,Sold,02/03/2026 07:16:19,,https://images1.vinted.net/t/05_00b5d_Xgp9K3FTktjRs14Uq6dKEeUS/310x430/1772389553.webp?s=34236b8ddfc44c1c5f56957dcaeb4b5268f27fcf,10,4
Gucci shorts,368.2,Gucci,L,https://www.vinted.it/items/8292657119-gucci-shorts?referrer=catalog,6,8292657119,Sold,02/03/2026 07:16:19,,https://images1.vinted.net/t/04_00ae4_1hRJHRmMmmbePGjaKXVct7MZ/310x430/1772389477.webp?s=257ca606eb91545e26d339e2c0e52f814bdba01f,10,4
Borsa,2.4682,Gucci,0,https://www.vinted.it/items/8292647674-borsa?referrer=catalog,1,8292647674,Sold,02/03/2026 07:16:19,,https://images1.vinted.net/t/04_00d10_8oCHCYdkjQZiTZSRCZxASVoe/310x430/1772389421.webp?s=6e22f7187056fd16038557c4f2ada2c98969ce90,10,4
Gucci zonnebril,210.7,Gucci,0,https://www.vinted.it/items/8292629027-gucci-zonnebril?referrer=catalog,0,8292629027,Sold,02/03/2026 07:16:19,,https://images1.vinted.net/t/05_01279_bjVcVydY3zRjjiJwr7PosSjR/310x430/1772389312.webp?s=5a2ef074fdcd41cc6cf36b323d81b5fc155fa206,10,4
Botines de cuero de Gucci,315.7,Gucci,38,https://www.vinted.it/items/8292621053-botines-de-cuero-de-gucci?referrer=catalog,1,8292621053,Sold,02/03/2026 07:16:19,,https://images1.vinted.net/t/03_01be6_TpzzwtS6TMyY8fEoRjbCiWeG/310x430/1772389265.webp?s=c9eccc455877ebbf3caa7d93842a2f674fe761ab,10,4
Gucci Jordaan Mocassin Men’s Black,588.7,Gucci,43,https://www.vinted.it/items/8292610267-gucci-jordaan-mocassin-mens-black?referrer=catalog,0,8292610267,Sold,02/03/2026 07:16:19,,https://images1.vinted.net/t/05_00b98_N7rgnHD6WPMjJXBBU87877q8/310x430/1772389203.webp?s=b9a38f9cdd26dbcb0189a79834f9aaa772a1c180,10,4
Porte carte Gucci en toile,95.2,Gucci,0,https://www.vinted.it/items/8260879695-porte-carte-gucci-en-toile-cuir-ophidia-noir-neuf?referrer=catalog,1,8260879695,Sold,02/03/2026 07:16:19,,https://images1.vinted.net/t/04_02177_WSPE4dWJpJ54BxmkzqeVVLnf/310x430/1772043233.webp?s=334b0cebdf31573f69c1870ce7319f584d42a32b,10,4
Stola di Gucci,200.2,Gucci,0,https://www.vinted.it/items/8292543330-stola-di-gucci?referrer=catalog,10,8292543330,Sold,02/03/2026 07:16:19,,https://images1.vinted.net/t/04_00d9d_TAv2jxwdUSrbVgeRkk1Bsumm/310x430/1772388814.webp?s=89dac9a6e428de7e04a75fa057989cc27dbeb2b4,10,4
Mules Gucci,399.7,Gucci,41,https://www.vinted.it/items/8292472485-mules-gucci?referrer=catalog,20,8292472485,Sold,02/03/2026 07:16:19,,https://images1.vinted.net/t/01_015de_Tmg6JUAPLNWDQdfrfrEdcN4Y/310x430/1772392789.webp?s=32201135c4286ffafe055bab5e1f012bb83bb17c,10,4
Sabot Gucci,420.69,Gucci,37,https://www.vinted.it/items/8292469090-sabot-gucci?referrer=catalog,0,8292469090,Sold,02/03/2026 07:16:19,,https://images1.vinted.net/t/01_00697_2efthZLWUhfyuzkN4uSQgeee/310x430/1772388392.webp?s=980188d6b37c8d073b47b3655304e6c25c788e36,10,4
Gucci 'Horsebit Geo Princetown' loafers,341.95,Gucci,36,https://www.vinted.it/items/8233127914-gucci-horsebit-geo-princetown-loafers?referrer=catalog,2,8233127914,Sold,02/03/2026 07:16:19,,https://images1.vinted.net/t/06_0145e_UuiQQzeVNRb4pC2epde1s4vU/310x430/1772365190.webp?s=a5337145cbe92632e3fe057fd2a227ab477b82f8,10,4
Gucci Fischerhut,326.2,Gucci,Taglia unica,https://www.vinted.it/items/8292459893-gucci-fischerhut?referrer=catalog,0,8292459893,Sold,02/03/2026 07:16:19,,https://images1.vinted.net/t/05_009cd_ztLTbyWedaML6DNdu7fbqTSt/310x430/1772388341.webp?s=c48e3178d8734796a7c5cd451c455e7db812c876,10,4
Gucci Rubber Slide ciabatte logo GG,168.7,Gucci,41,https://www.vinted.it/items/8292457282-gucci-rubber-slide-ciabatte-logo-gg?referrer=catalog,3,8292457282,Sold,02/03/2026 07:16:19,,https://images1.vinted.net/t/06_00de2_j2jqu9XJvS5T8Lxa6RawL7Ev/310x430/1772388327.webp?s=18ebe617d9cd480b644c2215b8ce3d2e4043f1b1,10,4
Bolso de hombro Ophidia de Gucci,840.7,Gucci,0,https://www.vinted.it/items/8287236498-bolso-de-hombro-ophidia-de-gucci?referrer=catalog,1,8287236498,Sold,02/03/2026 07:16:19,,https://images1.vinted.net/t/05_01010_Ba7BsgbNJGuPkc8VdVcdfWEy/310x430/1772364698.webp?s=39ba79eb7c2c0bebbed8ccd6610e2d08dffc5472,10,4
Gucci Sneaker,735.7,Gucci,45,https://www.vinted.it/items/8292439508-gucci-sneaker?referrer=catalog,3,8292439508,Sold,02/03/2026 07:16:19,,https://images1.vinted.net/t/01_00e89_JC4MXa66Zfg7t1QhCv1W83Wu/310x430/1772388228.webp?s=b4040ac45a71ec182d422c1b74932508fcd8b0af,10,4
Gucci casquette bande rare,74.2,RARE,M,https://www.vinted.it/items/8287227649-gucci-casquette-bande-rare?referrer=catalog,11,8287227649,Sold,02/03/2026 07:16:19,,https://images1.vinted.net/t/05_022f7_yRGiw6GRTxhn7nkmdBcu1WgN/310x430/1772364657.webp?s=3f1309bcddc3c1c8730075dab670d894be241e2f,10,4
Lunettes ovales gucci logo,116.2,Gucci,0,https://www.vinted.it/items/8292401044-lunettes-ovales-gucci-logo?referrer=catalog,0,8292401044,Sold,02/03/2026 07:16:19,,https://images1.vinted.net/t/05_01655_m9Lk1vrrPYjNRduGVtqoYyVA/310x430/1772388015.webp?s=d4502192de583c90a6dd36eee4fc133426784a80,10,4
Gucci blade tshirt xs,420.7,Gucci,XS,https://www.vinted.it/items/8292375921-gucci-blade-tshirt-xs?referrer=catalog,0,8292375921,Sold,02/03/2026 07:16:19,,https://images1.vinted.net/t/04_01852_EXCwUHJSt9wYCUT2xc5DCKcz/310x430/1772387876.webp?s=7bbe10498aec2d364fba1e6d62952fdbb9cebdde,10,4
Borsa in cotone Gucci,8.05,Gucci,0,https://www.vinted.it/items/8292358117-borsa-in-cotone-gucci?referrer=catalog,27,8292358117,Sold,02/03/2026 07:16:19,,https://images1.vinted.net/t/05_0160e_E8dEc6C9jvNqcGBfgucWC1hg/310x430/1772387778.webp?s=76d5b96aeb5a5ca642bc7c76956f0111a59b77f3,10,4
Cintura Gucci,305.2,Gucci,90 cm,https://www.vinted.it/items/8292352979-cintura-gucci?referrer=catalog,1,8292352979,Sold,02/03/2026 07:16:19,,https://images1.vinted.net/t/06_00f37_Y6ED1iKEwv71hhwtbFqE68Qq/310x430/1772387751.webp?s=627d8836557ad9934cb163f5349ab2097ba6b665,10,4
cinta uomo gucci,184.45,Gucci,95 cm,https://www.vinted.it/items/8292347949-cinta-uomo-gucci?referrer=catalog,0,8292347949,Sold,02/03/2026 07:16:19,,https://images1.vinted.net/t/01_014cc_VuFgin2BCix8KjBfHrwNKtMW/310x430/1772387724.webp?s=48869b4b54c376e8955075a448031756d8776f8a,10,4
Gucci GG Original Leder Sandalen. Gr. 38. Ungetragen.,451.15,Gucci,38,https://www.vinted.it/items/8292250311-gucci-gg-original-leder-sandalen-gr-38-ungetragen?referrer=catalog,0,8292250311,Sold,02/03/2026 07:16:19,,https://images1.vinted.net/t/05_0244d_sipk7oP5ZKC3JrNDuadoHMEL/310x430/1772387200.webp?s=d00a209c01dd08d8742091a50473ea2f1b705b7f,10,4
Armreif Gucci,105.7,Gucci,0,https://www.vinted.it/items/8292283196-armreif-gucci?referrer=catalog,1,8292283196,Sold,02/03/2026 07:16:19,,https://images1.vinted.net/t/06_0147d_gkDSKUzdYtYsvEH7R6EFBihj/310x430/1772387375.webp?s=84f501ec1e0e92adc3c87561a631d8ebb814495b,10,4
Gucci limited bande,541.45,Gucci,M,https://www.vinted.it/items/8292275486-gucci-limited-bande?referrer=catalog,5,8292275486,Sold,02/03/2026 07:16:19,,https://images1.vinted.net/t/06_00284_zBD3CV59BhCZwSF4cZb7Knjs/310x430/1772387335.webp?s=8f74da79a9452c614c892653339f076e3d667f19,10,4
chaussures gucci,210.7,Gucci,38,https://www.vinted.it/items/8291648847-chaussures-gucci?referrer=catalog,49,8291648847,Sold,02/03/2026 07:16:19,,https://images1.vinted.net/t/06_0043c_ox4uKuviBqNVjmvm88U94xRv/310x430/1772384282.webp?s=42dddfc88923c88ae7e31ac4d2d70d46aa740d95,10,4
Gucci Mac80,389.2,Gucci,37.5,https://www.vinted.it/items/8292266498-gucci-mac80?referrer=catalog,0,8292266498,Sold,02/03/2026 07:16:19,,https://images1.vinted.net/t/06_00bab_9BuMMsvRjCT4ga11yz2nYkjQ/310x430/1772387287.webp?s=ad476b93018bce95267475f6c1b3f7aa5e216c21,10,4
Gucci trousers IT42,683.2,Gucci,S / IT 40 / EU 36,https://www.vinted.it/items/8292263198-gucci-trousers-it42?referrer=catalog,0,8292263198,Sold,02/03/2026 07:16:19,,https://images1.vinted.net/t/01_01eef_5ENvgSEZWtTUZ49zYgvVxNDC/310x430/1772389596.webp?s=77439a6b062bb11441a5749726122e35df5feef8,10,4
Maquillaje labial Gucci,22.75,Gucci,0,https://www.vinted.it/items/8292244737-maquillaje-labial-gucci?referrer=catalog,5,8292244737,Sold,02/03/2026 07:16:19,,https://images1.vinted.net/t/05_00421_ijfZyK3kgyqQMyovyXcU5Siu/310x430/1772387213.webp?s=c971c4868f43bb02854b9c7f6755f68ee96afb78,10,4
Perizoma Gucci,13.3,Gucci,0,https://www.vinted.it/items/8292182690-perizoma-gucci?referrer=catalog,7,8292182690,Sold,02/03/2026 07:16:19,,https://images1.vinted.net/t/03_00602_SdgG5Y7WG3VR6AfqD2ZwomaM/310x430/1772386847.webp?s=d0a62a9a20a5db6275a8a69df5d64bf575d8fce5,10,4
Cintura Gucci Marmont Grigia Monocromo - Taglia 70 (3 cm),273.7,Gucci,70 cm,https://www.vinted.it/items/8292225500-cintura-gucci-marmont-grigia-monocromo-taglia-70-3-cm?referrer=catalog,2,8292225500,Sold,02/03/2026 07:16:19,,https://images1.vinted.net/t/05_00184_7eeq2cnDvd4wmfKef1EcowFL/310x430/1772387069.webp?s=0f1029784ef93bd865acba70f52c055570462285,10,4
Jacke org Gucci grün neuwertig Gr.S-M,368.2,Gucci,M / IT 42 / EU 38,https://www.vinted.it/items/8292194008-jacke-org-gucci-grun-neuwertig-grs-m?referrer=catalog,42,8292194008,Sold,02/03/2026 07:16:19,,https://images1.vinted.net/t/06_00f23_8ptcXs73YgSYhoHvhzfpJ2S6/310x430/1772386905.webp?s=28a858723300b11115e69519da81ac8d5cda05ef,10,4
Gucci Sneaker Gr. 41/42 NEU,350.35,Gucci,41,https://www.vinted.it/items/8292185745-gucci-sneaker-gr-4142-neu?referrer=catalog,1,8292185745,Sold,02/03/2026 07:16:19,,https://images1.vinted.net/t/05_02148_MErcB8tBkqwot4MmByALVGci/310x430/1772386863.webp?s=b9586b2c8720fed7890fc38555896daaf432ea8a,10,4
Borsello Gucci Originale GG Supreme Crossbody Uomo – Made in Italy,314.65,Gucci,0,https://www.vinted.it/items/8292181462-borsello-gucci-originale-gg-supreme-crossbody-uomo-made-in-italy?referrer=catalog,2,8292181462,Sold,02/03/2026 07:16:19,,https://images1.vinted.net/t/05_0139b_YHWDw3c43jCSyZj1ThLhGXnk/310x430/1772386841.webp?s=bae48d73ad699b7c19449f934f1ae60f7d2e5ec2,10,4
Gucci beauty specchietto floreale,42.7,Gucci,0,https://www.vinted.it/items/8288313292-gucci-beauty-specchietto-floreale-nuovo?referrer=catalog,3,8288313292,Sold,02/03/2026 07:16:19,,https://images1.vinted.net/t/06_01465_2eUKTWKr1STJbxENAPWN1z3n/310x430/1772369826.webp?s=865bcbef5c2d29e988085359eb3f51fdaa7d9cc8,10,4
💄Gucci glow oil-in-water tint lipstick,32.15,Gucci,0,https://www.vinted.it/items/8292106490-gucci-glow-oil-in-water-tint-lipstick?referrer=catalog,0,8292106490,Sold,02/03/2026 07:16:19,,https://images1.vinted.net/t/06_00369_DXHRWyJYDNFepL3vHg4hpzuH/310x430/1772386463.webp?s=b49139e520f538041d2952e2cf36a0917fc8d456,10,4
Gucci Gabardine Stretch Pants,278.95,Gucci,IT 62 | W52,https://www.vinted.it/items/8292161291-gucci-gabardine-stretch-pants?referrer=catalog,2,8292161291,Sold,02/03/2026 07:16:19,,https://images1.vinted.net/t/05_0192f_vYb7MMqDF5272JMN4zv34JcG/310x430/1772386737.webp?s=2d9acd8cc3fcbcacdc72d72490b1733ab8009ad9,10,4
Colonia gucci flora 100ml,68.95,Gucci,0,https://www.vinted.it/items/8292145005-colonia-gucci-flora-100ml?referrer=catalog,1,8292145005,Sold,02/03/2026 07:16:19,,https://images1.vinted.net/t/06_022b7_ZuqdYTJ3qsMkjjkV9KrPFSZZ/310x430/1772386655.webp?s=193fb34c90a7454f79c89980a2e908f669b7db9d,10,4
New Virgin immaculate genuine necktie luxury Deluxe lux low cost opportunity accept offer !,95.2,Gucci,0,https://www.vinted.it/items/8288330553-new-virgin-immaculate-genuine-necktie-luxury-deluxe-lux-low-cost-opportunity-accept-offer?referrer=catalog,0,8288330553,Sold,02/03/2026 07:16:19,,https://images1.vinted.net/t/06_008e6_NrhSHgRZNn3vFGNHFhpmGKjq/310x430/1772369906.webp?s=90df4c956b8ac1df01a88035dcc369f99c63c751,10,4
Gucci Flora Gorgeous Gardena 100ml,47.95,Gucci,0,https://www.vinted.it/items/8292129461-gucci-flora-gorgeous-gardena-100ml?referrer=catalog,0,8292129461,Sold,02/03/2026 07:16:19,,https://images1.vinted.net/t/05_01feb_fVAU2njdpi4A3U7czWbPn4Lj/310x430/1772386577.webp?s=66782bc701f1f1b8946b8e3cfbfd3798b8a1764c,10,4
Mocassino Gucci,441.7,Gucci,42,https://www.vinted.it/items/8292122752-mocassino-gucci?referrer=catalog,1,8292122752,Sold,02/03/2026 07:16:19,,https://images1.vinted.net/t/01_008da_Kb4QpCiCzTMjXjDKo21ZBPh7/310x430/1772386544.webp?s=dd2997e791c95d2d99a96d0925dd8036971ccad0,10,4
Gucci Flora Gorgeous Jasmine 100ml,47.95,Gucci,0,https://www.vinted.it/items/8292117056-gucci-flora-gorgeous-jasmine-100ml?referrer=catalog,3,8292117056,Sold,02/03/2026 07:16:19,,https://images1.vinted.net/t/06_01239_pzMskfo9gxZ74X1UhXWNabwx/310x430/1772386515.webp?s=553ca4ee5cbfaeb4e6cd006e6e71a7be667d70a3,10,4
Occhiali da sole Gucci mai indossati,173.95,Gucci,0,https://www.vinted.it/items/8292116602-occhiali-da-sole-gucci-mai-indossati?referrer=catalog,5,8292116602,Sold,02/03/2026 07:16:19,,https://images1.vinted.net/t/04_0026d_sBqi7bqfsYVoGJtxraXqwj1a/310x430/1772386513.webp?s=7c46d35b8674d75069e69dddabbd15b64a5ac226,10,4
Mocassino Gucci,441.7,Gucci,43,https://www.vinted.it/items/8292107616-mocassino-gucci?referrer=catalog,1,8292107616,Sold,02/03/2026 07:16:19,,https://images1.vinted.net/t/05_01232_BW1282tPMvasgS1DksRPp8Xq/310x430/1772386468.webp?s=23b94612ce70d93f4228c1ccfff3bafaaf9f76f0,10,4
Gucci,1.04965,Gucci,M / IT 42 / EU 38,https://www.vinted.it/items/8292103715-gucci?referrer=catalog,1,8292103715,Sold,02/03/2026 07:16:19,,https://images1.vinted.net/t/06_00db2_MJBbGRVvax4xq6mMEVrkGdKj/310x430/1772389424.webp?s=3c5f4456ac9e0d682c86861e91f447b5673468b2,10,4
Gucci Lunettes de Soleil Cerise,210.7,Gucci,0,https://www.vinted.it/items/8292098275-gucci-lunettes-de-soleil-cerise?referrer=catalog,6,8292098275,Sold,02/03/2026 07:16:19,,https://images1.vinted.net/t/06_01930_NtkMbNGL86FXr2jZxXgmKR82/310x430/1772386423.webp?s=7f2f767566b3bbc7f11ce7988cd5867f78aa2fc7,10,4
Casquette Gucci GG Supreme originale,210.7,Gucci,L,https://www.vinted.it/items/8292078858-casquette-gucci-gg-supreme-originale?referrer=catalog,0,8292078858,Sold,02/03/2026 07:16:19,,https://images1.vinted.net/t/06_01968_tpNVUgHAkeZvYYkkFsj44Bud/310x430/1772386326.webp?s=ec0e19e0d580c9644d03614753fb07bfa7694f58,10,4
Neu Handtasche Tasche Gucci mini marmot GG mit Rechnung,1.15465,Gucci,0,https://www.vinted.it/items/8292033555-neu-handtasche-tasche-gucci-mini-marmot-gg-mit-rechnung?referrer=catalog,1,8292033555,Sold,02/03/2026 07:16:19,,https://images1.vinted.net/t/06_00c2a_xHQrNtMTAmy2Fi7TpoeKE8Pq/310x430/1772386102.webp?s=55e9cd32479a518f59d31a2cb32a678dfbd9ae49,10,4
Ceinture Gucci GG,168.7,Gucci,65 cm,https://www.vinted.it/items/8292033948-ceinture-gucci-gg?referrer=catalog,0,8292033948,Sold,02/03/2026 07:16:19,,https://images1.vinted.net/t/06_00f7d_J1zDoXHhwhz4g5PUQ3KXP8x8/310x430/1772386104.webp?s=e803c6b1e39aee7f7195f82831860fdfcec1508b,10,4
Portafoglio gucci in pelle con cartellino nuovo,210.7,Gucci,0,https://www.vinted.it/items/8291927888-portafoglio-gucci-in-pelle-con-cartellino-nuovo?referrer=catalog,1,8291927888,Sold,02/03/2026 07:16:19,,https://images1.vinted.net/t/05_0084a_qfWkeVPSTLoEdbsX8PaT7TEF/310x430/1772385585.webp?s=c4c9541b91513f894a5bfa9de8cf9f41742ec756,10,4
Gucci sneakers ultra light plume,410.2,Gucci,36.5,https://www.vinted.it/items/8291992712-gucci-sneakers-ultra-light-plume?referrer=catalog,0,8291992712,Sold,02/03/2026 07:16:19,,https://images1.vinted.net/t/03_01c13_sih6d4UCTCe2KE6c1T4tLvd5/310x430/1772385901.webp?s=ed1665255b3ec8d2cafb51789ae03916e5fc7d2c,10,4
Gucci sunglasses,263.2,Gucci,0,https://www.vinted.it/items/8291983788-gucci-sunglasses?referrer=catalog,1,8291983788,Sold,02/03/2026 07:16:19,,https://images1.vinted.net/t/06_00877_5TxuCQyBfv72fgUJQUrrcBvz/310x430/1772385857.webp?s=473204f229c90612208efe0221eac91e794c8212,10,4
Grande borsa Gucci | Maxi shopper lucida rossa con logo bianco,16.45,Gucci,0,https://www.vinted.it/items/8291970104-grande-borsa-gucci-maxi-shopper-lucida-rossa-con-logo-bianco-in-carta-con-manici-in-corda?referrer=catalog,1,8291970104,Sold,02/03/2026 07:16:19,,https://images1.vinted.net/t/05_0088b_rVCjn33kvjjw858Y51DyC1W9/310x430/1772385790.webp?s=16045432b777f57bbe33e6a1c4c80b59f691bfe7,10,4
Porte carte Gucci,89.95,Gucci,0,https://www.vinted.it/items/8260418872-porte-carte-gucci?referrer=catalog,0,8260418872,Sold,02/03/2026 07:16:19,,https://images1.vinted.net/t/05_01521_vUvEaVETTSYju9knV9zo9f6K/310x430/1772039785.webp?s=b1792758ab3a41a8355dc5247f997533dfaf9451,10,4
Gucci Sonnenbrille,168.7,Gucci,0,https://www.vinted.it/items/8291928926-gucci-sonnenbrille?referrer=catalog,0,8291928926,Sold,02/03/2026 07:16:19,,https://images1.vinted.net/t/04_00e80_tirRXfiiZg8FQCuXhjuDBJfw/310x430/1772385590.webp?s=48015889b85e4062e19e8d48b3ab3d055136b5f3,10,4
Borsa Diana Bamboo - Gucci x Adidas,3.6757,Gucci,0,https://www.vinted.it/items/8291806615-borsa-diana-bamboo-gucci-x-adidas?referrer=catalog,2,8291806615,Sold,02/03/2026 07:16:19,,https://images1.vinted.net/t/05_0009f_VJeqcN6cbH959x1SYjfiBN77/310x430/1772385009.webp?s=4b28f743b17ffed06f1273bee1eb1765b9a21de7,10,4
Scampolo tessuto Gucci,103.6,Gucci,0,https://www.vinted.it/items/8291880818-scampolo-tessuto-gucci?referrer=catalog,0,8291880818,Sold,02/03/2026 07:16:19,,https://images1.vinted.net/t/03_02635_435CnNEdfMXBMyRYPxfaA177/310x430/1772385358.webp?s=94e2feb7c20427b320dca64fef6c18b1dbe27b4a,10,4
gucci guilty,53.2,Gucci,0,https://www.vinted.it/items/8291855097-gucci-guilty?referrer=catalog,0,8291855097,Sold,02/03/2026 07:16:19,,https://images1.vinted.net/t/05_022b2_nxTDWBX4etmyH6FGSb4hkHLa/310x430/1772385236.webp?s=427d6d56a898cf788ff8bb1703bb5206e4356c06,10,4
Boucle d’oreille Clic,58.45,Gucci,0,https://www.vinted.it/items/8291849937-boucle-doreille-clic?referrer=catalog,1,8291849937,Sold,02/03/2026 07:16:19,,https://images1.vinted.net/t/05_02676_xWGhwYHbCbRE1vgbSc2pgtfr/310x430/1772385211.webp?s=24548c73f03f91f842ed25220176e456e677e75a,10,4
GUCCI Flora - georgeous gardenia,32.2,Gucci,0,https://www.vinted.it/items/8291835399-gucci-flora-georgeous-gardenia?referrer=catalog,5,8291835399,Sold,02/03/2026 07:16:19,,https://images1.vinted.net/t/05_01bc7_Db73j5mMD3ZgUMfNZduUyp39/310x430/1772385144.webp?s=78c5e866a6f635f2b5ab18fde0d296335a255b94,10,4
Gucci bamboo 1947 mini bag,1.0087,Gucci,0,https://www.vinted.it/items/8291813948-gucci-bamboo-1947-mini-bag?referrer=catalog,9,8291813948,Sold,02/03/2026 07:16:19,,https://images1.vinted.net/t/03_002c3_LWTaTQNjFzCX1VmYKq8skrYZ/310x430/1772385044.webp?s=8a187133311ef5f7690bfa6485fd0d894266512b,10,4
Cintura Gucci,242.2,Gucci,80 cm,https://www.vinted.it/items/8291803869-cintura-gucci?referrer=catalog,0,8291803869,Sold,02/03/2026 07:16:19,,https://images1.vinted.net/t/06_018b0_Q1ua2zkS9eioEboRgYsoF2z1/310x430/1772384997.webp?s=f4e4f4471a607d4bd99479535e421d759e75eff4,10,4
Livre Gucci par Tom Ford,10.15,No brand,0,https://www.vinted.it/items/8291802371-livre-gucci-par-tom-ford?referrer=catalog,1,8291802371,Sold,02/03/2026 07:16:19,,https://images1.vinted.net/t/01_01ccb_u1ywUoAt5DkLNW4cmg6eGvyu/310x430/1772384990.webp?s=1931da8bf45985b1090343eb17759a7d964bdd3d,10,4
Gucci Flora parfum 50ml,95.2,Gucci,0,https://www.vinted.it/items/8291783738-gucci-flora-parfum-50ml?referrer=catalog,0,8291783738,Sold,02/03/2026 07:16:19,,https://images1.vinted.net/t/06_005c1_49PLHMPbwhDCTHQEyGYusfQo/310x430/1772384903.webp?s=3a95b0d67df0db1be295bb53128cca411a2aa5c1,10,4
Cintura Gucci,315.7,Gucci,80 cm,https://www.vinted.it/items/8291780759-cintura-gucci?referrer=catalog,0,8291780759,Sold,02/03/2026 07:16:19,,https://images1.vinted.net/t/05_00db4_AENfhB6LnmKpmMZ7mZHEYz9E/310x430/1772384889.webp?s=260787bd3955bcad3469b9932fd5d10dca14ddc1,10,4
Gucci Sonnenbrille,163.45,Gucci,0,https://www.vinted.it/items/8291768809-gucci-sonnenbrille?referrer=catalog,0,8291768809,Sold,02/03/2026 07:16:19,,https://images1.vinted.net/t/05_01b93_6VDCYZcv73GDs6us9s3i71zv/310x430/1772384834.webp?s=74160ba8d5af9ef29b8df06a75cb1ea91a14d46e,10,4
Cravate Gucci,74.2,Gucci,0,https://www.vinted.it/items/8291751850-cravate-gucci?referrer=catalog,2,8291751850,Sold,02/03/2026 07:16:19,,https://images1.vinted.net/t/05_016dc_cvTEmQ1aHbBmDYWnvqKHTWCT/310x430/1772384756.webp?s=4bc29f588d773f2d1d180df31bc53024266b7be3,10,4
Glasses Gucci GG1188S 002 58-17 140,326.2,Gucci,0,https://www.vinted.it/items/8291747097-glasses-gucci-gg1188s-002-58-17-140?referrer=catalog,0,8291747097,Sold,02/03/2026 07:16:19,,https://images1.vinted.net/t/01_00d8e_hmedVGxuRypqYyN2jFxWEYYt/310x430/1772384733.webp?s=ce87b5a49ffc01f52104640945d726a379dea68c,10,4
Gucci Polo Mit iconischen Streife,546.7,Gucci,L,https://www.vinted.it/items/8291721334-gucci-polo-mit-iconischen-streife?referrer=catalog,4,8291721334,Sold,02/03/2026 07:16:19,,https://images1.vinted.net/t/05_020b9_GADibp9faXqcGZjTnmAnyCuS/310x430/1772384613.webp?s=59b221bc56a51fda2bea9c9272d07185a04a2f13,10,4
Cartera Gucci,179.2,Gucci,0,https://www.vinted.it/items/8291726129-cartera-gucci?referrer=catalog,2,8291726129,Sold,02/03/2026 07:16:19,,https://images1.vinted.net/t/05_00d27_Mt5opcaDv4HVaUGmVTuFkteW/310x430/1772384635.webp?s=400f9b8f075e83c079908b7963318b4cf27ed597,10,4
cravatta di Gucci,37.45,Gucci,0,https://www.vinted.it/items/8291720274-cravatta-di-gucci?referrer=catalog,5,8291720274,Sold,02/03/2026 07:16:19,,https://images1.vinted.net/t/05_00a1e_n8PLxWgYzUPZ4hxmwBVfe6iv/310x430/1772384608.webp?s=15a3174ffdca4f0e0f985a6ca8ceec46f22209ae,10,4
Gucci schoendoos,7.53,Gucci,0,https://www.vinted.it/items/8289085336-gucci-schoendoos?referrer=catalog,0,8289085336,Sold,02/03/2026 07:17:38,,https://images1.vinted.net/t/06_001c5_QkXLg48pmhWJ1rJDYjFBsbwq/310x430/1772373310.webp?s=b204bc0d9a39518a35c1a1c1cf4ed84dc8d6b47b,10,7
Original Gucci Gürtel 85 cm neuwertig,262.15,Gucci,85 cm,https://www.vinted.it/items/8289069999-original-gucci-gurtel-85-cm-neuwertig?referrer=catalog,36,8289069999,Sold,02/03/2026 07:17:38,,https://images1.vinted.net/t/06_01651_wFBqBu4HctQbdupBa6kZe4No/310x430/1772373242.webp?s=f9d0f0c2bf210b4564b817db9a78223725f02276,10,7
Snickers modello Gucci,158.2,Gucci,39,https://www.vinted.it/items/8289060142-snickers-modello-gucci?referrer=catalog,42,8289060142,Sold,02/03/2026 07:17:38,,https://images1.vinted.net/t/06_008ef_pBSHAxTUSqGCWZpxEzCnnHRC/310x430/1772373198.webp?s=21de6cbe0b2c81d2fd3fc2976e9ff556a2ff5952,10,7
Lunettes de soleil Gucci GG1084S – Écaille & doré – Excellent état,210.7,Gucci,0,https://www.vinted.it/items/8286243746-lunettes-de-soleil-gucci-gg1084s-ecaille-dore-excellent-etat?referrer=catalog,0,8286243746,Sold,02/03/2026 07:17:38,,https://images1.vinted.net/t/01_01814_rQZFBwUxs7WQMURnzZK22ReE/310x430/1772359940.webp?s=bf6edfbc4825ed2e6ba5e31d66986d53b1f7bf7f,10,7
Gucci Kosmetiktasche,21.7,Gucci,0,https://www.vinted.it/items/8289031596-gucci-kosmetiktasche?referrer=catalog,1,8289031596,Sold,02/03/2026 07:17:38,,https://images1.vinted.net/t/01_01517_iNCjS9DzvPhv8htXHgQPgkyN/310x430/1772373072.webp?s=9f62b7bbef96487307d81f9e8c5ab2533f6b3c68,10,7
Gucci Flora – Eau de Toilette (50 ml),105.7,Gucci,0,https://www.vinted.it/items/8258534801-gucci-flora-eau-de-toilette-50-ml?referrer=catalog,0,8258534801,Sold,02/03/2026 07:17:38,,https://images1.vinted.net/t/06_00e73_tj8a49NVd1AxBBgmDqYyDoiW/310x430/1772026897.webp?s=bca9796276e9ec088bbf928fefddfc0164e8f490,10,7
Flora Eau de Parfum 75ml,88.9,Gucci,0,https://www.vinted.it/items/8287629098-flora-eau-de-parfum-75ml?referrer=catalog,1,8287629098,Sold,02/03/2026 07:17:38,,https://images1.vinted.net/t/06_021ee_PUctWPk4BgNPC2DkskbfaaTm/310x430/1772366574.webp?s=69a17f97d5692bde072c82889607dbf0cd3169da,10,7
Châle écharpe Gucci soie foulard,226.45,Gucci,0,https://www.vinted.it/items/8288552566-chale-echarpe-gucci-soie-foulard?referrer=catalog,4,8288552566,Sold,02/03/2026 07:17:38,,https://images1.vinted.net/t/05_00ef8_DKCdoaLZ23E8RC13GQUyD3U6/310x430/1772370930.webp?s=04c4f2d9651be4fd019ddd05373f90b1e18fda4d,10,7
Blazers negra de Gucci,315.7,Gucci,L / IT 44 / EU 40,https://www.vinted.it/items/8288989165-blazers-negra-de-gucci?referrer=catalog,1,8288989165,Sold,02/03/2026 07:17:38,,https://images1.vinted.net/t/06_018b5_ESsyWk3FZmRxTUSLeKiKxGym/310x430/1772372885.webp?s=958bfdc70c03175bea7189ada19d19198623af8a,10,7
Gucci Blazer,561.0,Gucci,50,https://www.vinted.it/items/8288985785-gucci-blazer?referrer=catalog,2,8288985785,Sold,02/03/2026 07:17:38,,https://images1.vinted.net/t/06_01e56_yUbHJwRWHs44y8LDk5Re16gY/310x430/1772372870.webp?s=ab0cfd20a49e61a69ba670278a5537c2a3c1fd97,10,7
Gucci flora gardenia,26.95,Gucci,0,https://www.vinted.it/items/8288982968-gucci-flora-gardenia?referrer=catalog,8,8288982968,Sold,02/03/2026 07:17:38,,https://images1.vinted.net/t/05_02579_XGce1fH7ZmUnmFT9AKGsH7La/310x430/1772372858.webp?s=e47c0916c1732027d09199e93f737c88964782a3,10,7
Gucci tas,1.02,Gucci,0,https://www.vinted.it/items/8288978776-gucci-tas?referrer=catalog,10,8288978776,Sold,02/03/2026 07:17:38,,https://images1.vinted.net/t/05_01bcd_tkk9ipZbeMWihWGCGwaipnqT/310x430/1772372840.webp?s=421b79894efbd1043764cfb3c13ae5e492162ae6,10,7
Gucci pumps neu ungetragen 39 40 schwarz Leder Highheel,314.65,Gucci,39.5,https://www.vinted.it/items/8288969524-gucci-pumps-neu-ungetragen-39-40-schwarz-leder-highheel?referrer=catalog,6,8288969524,Sold,02/03/2026 07:17:38,,https://images1.vinted.net/t/06_00d1a_rgnyoYPntFjBEQ98s1xkkx3t/310x430/1772372799.webp?s=1cc79d093368ff48b5b37f407c56a3760d3562cd,10,7
Gucci Jumper,368.2,Gucci,S / IT 40 / EU 36,https://www.vinted.it/items/8288959488-gucci-jumper?referrer=catalog,2,8288959488,Sold,02/03/2026 07:17:38,,https://images1.vinted.net/t/05_00090_315ippx5aqwpQqGiktFvkrTb/310x430/1772372754.webp?s=b8712f09b62869f45e9e97440f4516bc9b29b8b4,10,7
Gucci boots neu ungetragen fullset 39 40 canvas Stiefel Schuhe,524.65,Gucci,39.5,https://www.vinted.it/items/8288947330-gucci-boots-neu-ungetragen-fullset-39-40-canvas-stiefel-schuhe?referrer=catalog,0,8288947330,Sold,02/03/2026 07:17:38,,https://images1.vinted.net/t/04_018af_15ij6ycsJE34NJ3QL7zvr7vm/310x430/1772372700.webp?s=f492b86cbd36502f0847cde50c33b7fc804d250d,10,7
Iconic Piece: Floral Silk Shirt Gucci,420.7,Gucci,S / IT 40 / EU 36,https://www.vinted.it/items/8288943567-iconic-piece-floral-silk-shirt-gucci?referrer=catalog,3,8288943567,Sold,02/03/2026 07:17:38,,https://images1.vinted.net/t/05_01f29_aubvHxsLBXvBhnMA5iAMbZCt/310x430/1772372683.webp?s=1b327ca5d2ca97a8cfc4e08533f4b75f7fffea55,10,7
Parfum Gucci,63.7,Gucci,0,https://www.vinted.it/items/8288930743-parfum-gucci?referrer=catalog,0,8288930743,Sold,02/03/2026 07:17:38,,https://images1.vinted.net/t/06_00dfb_LxdXb4gwBpGjd95r4p6kBmZ3/310x430/1772372627.webp?s=86512073417e4398defe35b19ce3b781432afdad,10,7
Gucci Princetown Slipper GG Samt Rot Gr. 35 NEU mit Box & Staubbeutel,409.15,Gucci,35,https://www.vinted.it/items/8288925341-gucci-princetown-slipper-gg-samt-rot-gr-35-neu-mit-box-staubbeutel?referrer=catalog,7,8288925341,Sold,02/03/2026 07:17:38,,https://images1.vinted.net/t/05_013ea_XcMBTKD9qvDzu86xWWRE5vr5/310x430/1772372604.webp?s=11d52cf87029e7b9ba8dea7be1c097201869ef00,10,7
porta carte gucci,137.2,Gucci,0,https://www.vinted.it/items/8258448747-porta-carte-gucci?referrer=catalog,1,8258448747,Sold,02/03/2026 07:17:38,,https://images1.vinted.net/t/05_01ec8_Z2bygUjTLizBHuMzhW1bhzwN/310x430/1772026296.webp?s=42ecb6a59f4c6d8386aad09b858e475e3524d89b,10,7
Gucci GG Wool Jacquard Scarf in beige en bruin,263.2,Gucci,0,https://www.vinted.it/items/8288876463-gucci-gg-wool-jacquard-scarf-in-beige-en-bruin?referrer=catalog,1,8288876463,Sold,02/03/2026 07:17:38,,https://images1.vinted.net/t/06_02028_pkkygP3JiztNGvTjix3Zof44/310x430/1772372386.webp?s=d64a8f4ddf8dcb630f24fca6dd68701e77bf3bbf,10,7
Gucci Fischerhut in blau,168.7,Gucci,S,https://www.vinted.it/items/8288860642-gucci-fischerhut-in-blau?referrer=catalog,9,8288860642,Sold,02/03/2026 07:17:38,,https://images1.vinted.net/t/06_013be_wD38uFgL7V5X5qTncdxshkBb/310x430/1772372316.webp?s=44b851b1aecd840d3ec99959d9e6ca4441c4dab4,10,7
Gucci / Adidas ring,137.2,Gucci,18,https://www.vinted.it/items/8288841725-gucci-adidas-ring?referrer=catalog,3,8288841725,Sold,02/03/2026 07:17:38,,https://images1.vinted.net/t/05_001c7_NUEBp6GQi5SwN4GeGE3hYJiW/310x430/1772372231.webp?s=4c9821157922d2cdb52f5cd6d82214e82613f660,10,7
Basket Gucci G75,473.2,Gucci,45,https://www.vinted.it/items/8288809828-basket-gucci-g75?referrer=catalog,1,8288809828,Sold,02/03/2026 07:17:38,,https://images1.vinted.net/t/06_01be9_kg8dLX58G4AqgQg1gL3xSrv1/310x430/1772372087.webp?s=97fb87992cbc24b1590b2e2526eb9f6bbb3b1c6b,10,7
Minecraft,63.7,No brand,0,https://www.vinted.it/items/8285928042-minecraftgucci-caplabubutedy-bar?referrer=catalog,0,8285928042,Sold,02/03/2026 07:17:38,,https://images1.vinted.net/t/04_0209c_aoMDrDdhUy1jPiwDYyTNNwoM/310x430/1772358237.webp?s=44fb67f0cee150639d4599e8a4e0c1f99bd61db0,10,7
Abito lungo,561.0,Gucci,S / IT 40 / EU 36,https://www.vinted.it/items/8288797269-abito-lungo-gonna-asimmetrica-plissettata?referrer=catalog,3,8288797269,Sold,02/03/2026 07:17:38,,https://images1.vinted.net/t/04_008e7_61TJ7wHJSFMFdnddX32bN7Ya/310x430/1772372031.webp?s=02dbf1585667dee9eb6b6a76b73692b81a447a56,10,7
Gafa sol Gucci,205.45,Gucci,0,https://www.vinted.it/items/8288796706-gafa-sol-gucci?referrer=catalog,4,8288796706,Sold,02/03/2026 07:17:38,,https://images1.vinted.net/t/03_01082_3QBz5jW14NbAocEGbgRtvkyv/310x430/1772372028.webp?s=8c1a8f17cf6fa08022c8b887d14e3a0ed322fae4,10,7
Occhiali Gucci,158.2,Gucci,0,https://www.vinted.it/items/8288796375-occhiali-gucci?referrer=catalog,0,8288796375,Sold,02/03/2026 07:17:38,,https://images1.vinted.net/t/06_01cf4_5WYd2RmmBeLifdMfWtLwsZ2J/310x430/1772372235.webp?s=a5606a730a0a14c8d95dad0a0ebaf062142c3b1a,10,7
Maglietta bambino,53.2,Gucci,9-12 mesi / 74 cm,https://www.vinted.it/items/8288794509-maglietta-bambino?referrer=catalog,1,8288794509,Sold,02/03/2026 07:17:38,,https://images1.vinted.net/t/05_012fd_TgAxAJ3gqQ9kEXe7WWBHe758/310x430/1772372018.webp?s=d475505f3ea6098bcea4cb0528c912b8db536f10,10,7
Gonna lounghette a fiori e fili argento e oro,652.8,Gucci,S / IT 40 / EU 36,https://www.vinted.it/items/8288787537-gonna-lounghette-a-fiori-e-fili-argento-e-oro?referrer=catalog,5,8288787537,Sold,02/03/2026 07:17:38,,https://images1.vinted.net/t/05_00f7e_6ZG2Gu3vbCfAfG8QUhDcoXXG/310x430/1772371988.webp?s=7aba811534210cfe70561b6d439fdaf08bd28437,10,7
Gucci GG Supreme Key Case pinkes Leder 6 Schlüssel + Box & Rechnung,284.2,Gucci,0,https://www.vinted.it/items/8288780816-gucci-gg-supreme-key-case-pinkes-leder-6-schlussel-box-rechnung?referrer=catalog,0,8288780816,Sold,02/03/2026 07:17:38,,https://images1.vinted.net/t/03_00873_afM5L5kxMWtCRVJWUPc4HwTW/310x430/1772371957.webp?s=19cceecadd7492857e820eea119ac795c84a6eb3,10,7
Gucci flora gardenia,26.95,Gucci,0,https://www.vinted.it/items/8288774345-gucci-flora-gardenia?referrer=catalog,4,8288774345,Sold,02/03/2026 07:17:38,,https://images1.vinted.net/t/05_00f1e_1oP4Mcv4SNT3dugCWic1ehF8/310x430/1772371928.webp?s=1d7093a5d183fc5950afb860dd12f3345b68db03,10,7
Gloss à lèvres GUCCI Num 117,32.2,Gucci,0,https://www.vinted.it/items/8288760485-gloss-a-levres-gucci-num-117?referrer=catalog,1,8288760485,Sold,02/03/2026 07:17:38,,https://images1.vinted.net/t/06_024c5_r8Pd56dz4DkCkpKz5n8ojEhX/310x430/1772371865.webp?s=6e8a484b09b1258a2f01d08e33757d0269ca03a9,10,7
Occhiali Neri Gucci,263.2,Gucci,0,https://www.vinted.it/items/8288749814-occhiali-neri-gucci?referrer=catalog,0,8288749814,Sold,02/03/2026 07:17:38,,https://images1.vinted.net/t/06_0254b_ETC5joBAtR3jPYU5wNUsehRm/310x430/1772372196.webp?s=09d584325410609bb8276e2890d423ecfb90b09c,10,7
Gucci Badeschlappen NEU,189.7,Gucci,42,https://www.vinted.it/items/8288717540-gucci-badeschlappen-neu?referrer=catalog,2,8288717540,Sold,02/03/2026 07:17:38,,https://images1.vinted.net/t/01_02358_MhsbLJZaHj84hvMTa6XdJ9MC/310x430/1772371674.webp?s=59f2385a03b4c457f5de8c36b4883919399c88ba,10,7
Gucci flora gorgeous Gardena,79.45,Gucci,0,https://www.vinted.it/items/8288713862-gucci-flora-gorgeous-gardena?referrer=catalog,0,8288713862,Sold,02/03/2026 07:17:38,,https://images1.vinted.net/t/03_01127_7eFK6kazwnTG5R6rLdaPnwJx/310x430/1772371657.webp?s=d753d5095147622115c6c5526a11e11f68f810aa,10,7
Custodia Gucci AirPods Ophidia GG Beige/Ebano,189.7,Gucci,0,https://www.vinted.it/items/8288696930-custodia-gucci-airpods-ophidia-gg-beigeebano?referrer=catalog,2,8288696930,Sold,02/03/2026 07:17:38,,https://images1.vinted.net/t/06_01a62_6dcLsd597F8e8yCsWTYMnPEX/310x430/1772371581.webp?s=127a4de523a83f4b4d08ab30087e622a59e50279,10,7
Porte clés,42.7,Gucci,0,https://www.vinted.it/items/8285437038-porte-cles?referrer=catalog,7,8285437038,Sold,02/03/2026 07:17:38,,https://images1.vinted.net/t/05_01f33_rDCqjxADDTmXT8zkvF4WaZZU/310x430/1772354919.webp?s=b2dc2c048bc1652b2ea0a3f6426703e569ede0cd,10,7
Gucci retro sunglasses,210.7,Gucci,0,https://www.vinted.it/items/8288676796-gucci-retro-sunglasses?referrer=catalog,0,8288676796,Sold,02/03/2026 07:17:38,,https://images1.vinted.net/t/05_018a5_VYawWe6hjQcH8JqPCMroHzWN/310x430/1772371491.webp?s=ee62ac58af6713ead56308404767fcb7bcf3c57a,10,7
Cappellino bimbo Gucci,105.7,Gucci,5-8 anni,https://www.vinted.it/items/8288674645-cappellino-bimbo-gucci?referrer=catalog,1,8288674645,Sold,02/03/2026 07:17:38,,https://images1.vinted.net/t/06_0226d_UaZ3eCSBkwkxbxqmVgTVtTbo/310x430/1772371481.webp?s=32ed83104348a7dda66c6fb9ba3878f635d18f6d,10,7
Gucci Flora gorgeous Jasmine,32.2,Gucci,0,https://www.vinted.it/items/8288656893-gucci-flora-gorgeous-jasmine?referrer=catalog,1,8288656893,Sold,02/03/2026 07:17:38,,https://images1.vinted.net/t/04_00cc6_DyVY6xTGDDVPFKXKRUFYachp/310x430/1772371401.webp?s=72c80a804d9e1e90a05c2b7c5fd1007415c72b65,10,7
Gucci Schal m,84.7,Gucci,0,https://www.vinted.it/items/8288643275-gucci-schal-m?referrer=catalog,0,8288643275,Sold,02/03/2026 07:17:38,,https://images1.vinted.net/t/05_016be_34X26nXYrw1UADTuckVedhfB/310x430/1772371339.webp?s=83eab6698457b1f59c28d21da992a9dc23ebdd20,10,7
borsa gucci,19.6,Gucci,0,https://www.vinted.it/items/8288638498-borsa-gucci?referrer=catalog,1,8288638498,Sold,02/03/2026 07:17:38,,https://images1.vinted.net/t/06_022da_S4qXmbjKp3VS5GcVrYysbP29/310x430/1772371318.webp?s=49b434603a4d620da430a5a24268ea8ee3b05c1d,10,7
Gucci Flora Eau de Parfum 75 ml,55.3,Gucci,0,https://www.vinted.it/items/8286950242-gucci-flora-eau-de-parfum-75-ml?referrer=catalog,0,8286950242,Sold,02/03/2026 07:17:38,,https://images1.vinted.net/t/06_00fd0_GwkuiPHHd1zZ2Snb3MxsE93z/310x430/1772363343.webp?s=8042d2aa025a5cd93a38da4a84cedb179361c2cf,10,7
Gucci mini marmont,612.0,Gucci,0,https://www.vinted.it/items/8285142007-gucci-mini-marmont?referrer=catalog,23,8285142007,Sold,02/03/2026 07:17:38,,https://images1.vinted.net/t/05_023c2_r2BH7EGWjyUiwjjAwQMpSzky/310x430/1772351903.webp?s=247eb8a5257164f1ac63cfa561cbe4e191095e93,10,7
Gucci Gürtel echt Leder Neu m. Ovp bordeaux rot.,283.15,Gucci,90 cm,https://www.vinted.it/items/8288604244-gucci-gurtel-echt-leder-neu-m-ovp-bordeaux-rot?referrer=catalog,1,8288604244,Sold,02/03/2026 07:17:38,,https://images1.vinted.net/t/05_008d4_nSF59EBztR6SfVdKZyawBynh/310x430/1772371164.webp?s=ca9648ccb50a67c06ead6b42729654d8bb7d510b,10,7
Bolsa Gucci,11.2,Gucci,0,https://www.vinted.it/items/8288599250-bolsa-gucci?referrer=catalog,0,8288599250,Sold,02/03/2026 07:17:38,,https://images1.vinted.net/t/05_02050_a86xd4NwnZW4yV39DMwfA7GL/310x430/1772371141.webp?s=e1c82a2f651b14e65b328198f3275871202603cc,10,7
Rossetto Gucci,19.6,Gucci,0,https://www.vinted.it/items/8288600076-rossetto-gucci?referrer=catalog,7,8288600076,Sold,02/03/2026 07:17:38,,https://images1.vinted.net/t/06_01da0_P11om7Xh32kGur1Ecax19EC3/310x430/1772371145.webp?s=8222d1cbbe67089e9c1a7415d35b9bc945fb7908,10,7
Gafas gucci originales,110.95,Gucci,0,https://www.vinted.it/items/8288592596-gafas-gucci-originales?referrer=catalog,2,8288592596,Sold,02/03/2026 07:17:38,,https://images1.vinted.net/t/05_019e3_cepdfBnHHsnVYe2QcqZv1APr/310x430/1772371111.webp?s=9bf6930b9848f26cae4ae35606e02279d9113a78,10,7
Lunettes,84.7,Gucci,0,https://www.vinted.it/items/8285158185-lunettes?referrer=catalog,0,8285158185,Sold,02/03/2026 07:17:38,,https://images1.vinted.net/t/05_00264_KF9ku35amEDN9kvf5HnCL9wX/310x430/1772352113.webp?s=180bb2ded32c57b0a79172c6c87ef3cd6ffacfc1,10,7
Gucci babyschoentjes ballerina meisjes,131.95,Gucci,17,https://www.vinted.it/items/8288583444-gucci-babyschoentjes-ballerina-meisjes?referrer=catalog,2,8288583444,Sold,02/03/2026 07:17:38,,https://images1.vinted.net/t/05_00189_fMd3i3GX3ig6L2nye6mX8rN8/310x430/1772371070.webp?s=38a5b0a6e45d4a06df09fdbfe308888fbc8496d3,10,7
Cappelliera Gucci X Disney,1.887,Gucci x Disney,0,https://www.vinted.it/items/8285103370-cappelliera-gucci-x-disney?referrer=catalog,3,8285103370,Sold,02/03/2026 07:17:38,,https://images1.vinted.net/t/06_015c3_5DSLNMK2tZna7Cx9epvXXQic/310x430/1772351370.webp?s=8dedb6f9164ef8f40e85106395e4fe5cd2adb59a,10,7
Gucci Horsebit Chain medium size,1.581,Gucci,0,https://www.vinted.it/items/8288576108-gucci-horsebit-chain-medium-size?referrer=catalog,8,8288576108,Sold,02/03/2026 07:17:38,,https://images1.vinted.net/t/05_01872_fmeMSC2fpKHaPQ1PWHNvE99L/310x430/1772371036.webp?s=dee8498b18aebce057a9f0adeeb26c7a73c015fc,10,7
Ceinture femme Gucci  Marmont neuve taille 95,263.2,Gucci,95 cm,https://www.vinted.it/items/8288534377-ceinture-femme-gucci-marmont-neuve-taille-95?referrer=catalog,2,8288534377,Sold,02/03/2026 07:17:38,,https://images1.vinted.net/t/05_00acf_mXN9h5GNhqxBTaQS4NzEyjNU/310x430/1772370847.webp?s=a26fe7ab263253faba2fb5a8c8da5df5c456d375,10,7
Gucci cotton shorts embroidered with sequins,867.0,Gucci,S,https://www.vinted.it/items/8288529384-gucci-cotton-shorts-embroidered-with-sequins?referrer=catalog,5,8288529384,Sold,02/03/2026 07:17:38,,https://images1.vinted.net/t/05_01aa1_ajcUgzAGhzaZen2LfnCno54h/310x430/1772370824.webp?s=9778cf93bed3b76dcc7131feead6abb51affab0d,10,7
Scarpe Gucci,105.7,Gucci,18,https://www.vinted.it/items/8288524926-scarpe-gucci?referrer=catalog,4,8288524926,Sold,02/03/2026 07:17:38,,https://images1.vinted.net/t/06_0222b_e16R7SonHMWm49Jkf4FtfvpE/310x430/1772370804.webp?s=42aa5aebabe21e67b300bd26110c5dd211549855,10,7
Cappellino,137.2,Gucci,XS,https://www.vinted.it/items/8284794777-cappellino?referrer=catalog,2,8284794777,Sold,02/03/2026 07:17:38,,https://images1.vinted.net/t/06_00625_LxFzfLpcgc5Z2ofwfgz2jMH6/310x430/1772331087.webp?s=996b4e0c6ad37c94896cf6e05a8c8e23445bfc4f,10,7
Gucci Horsebit Loafers – Black Leather – New & Authentic,419.65,Gucci,41,https://www.vinted.it/items/8288509741-gucci-horsebit-loafers-black-leather-new-authentic?referrer=catalog,2,8288509741,Sold,02/03/2026 07:17:38,,https://images1.vinted.net/t/05_0213a_bhgxrVm12snjr6HJH1dDojtG/310x430/1772370734.webp?s=13439391bbd098aa41d8b49337a82f47cd8a8ff9,10,7
Chaussettes hautes Gucci,53.2,Gucci,0,https://www.vinted.it/items/8288498660-chaussettes-hautes-gucci?referrer=catalog,1,8288498660,Sold,02/03/2026 07:17:38,,https://images1.vinted.net/t/05_014dc_Y69rhFQVRnoqKEAeV3DBhcYw/310x430/1772370684.webp?s=f8774ad6b780b5a8ffd4a56607a92c50b2c73612,10,7
New Gucci Guilty Parfum Miniatuur 5 ml & Bodylotion 50 ml,18.55,Gucci,0,https://www.vinted.it/items/8288479138-new-gucci-guilty-parfum-miniatuur-5-ml-bodylotion-50-ml?referrer=catalog,2,8288479138,Sold,02/03/2026 07:17:38,,https://images1.vinted.net/t/06_00f67_Hysbcmd8qyDJiHKk4uhkNCcu/310x430/1772370893.webp?s=0f1e5b247a6ab92fbc369dd9ce261f63701e6ab6,10,7
Sac Gucci jackie,1.326,Gucci,0,https://www.vinted.it/items/8288395448-sac-gucci-jackie?referrer=catalog,10,8288395448,Sold,02/03/2026 07:17:38,,https://images1.vinted.net/t/06_008e9_R5EoYYvDAEQgHtywXdSPAhTj/310x430/1772370208.webp?s=1152ac399d36b806bb6481e260e8ad83f34be7b1,10,7
Capellino gucci,263.2,Gucci,M,https://www.vinted.it/items/8288389786-capellino-gucci?referrer=catalog,3,8288389786,Sold,02/03/2026 07:17:38,,https://images1.vinted.net/t/06_020b2_7UGk6TsS8aFVzERqEEbqb6kT/310x430/1772370182.webp?s=5de907002eebcf76ef89baf545edbbd85f6b0ff9,10,7
Tacones Gucci 36,510.0,Gucci,36,https://www.vinted.it/items/8288380359-tacones-gucci-36?referrer=catalog,9,8288380359,Sold,02/03/2026 07:17:38,,https://images1.vinted.net/t/05_024be_iSw47yyhTCNA4nhpfx1boX57/310x430/1772370138.webp?s=f791f59cc89666937231ba0000e21ee89ca826e9,10,7
Gucci Limited Edition,510.0,Gucci,40,https://www.vinted.it/items/8288376302-gucci-limited-edition?referrer=catalog,2,8288376302,Sold,02/03/2026 07:17:38,,https://images1.vinted.net/t/01_013de_kB4QXhXV7vawjDLhHFwcFTMX/310x430/1772370119.webp?s=74e236f8bd9c2b9c020363e78b609e40b174cb1c,10,7
Targhetta vintage cane Gucci,53.2,Gucci,0,https://www.vinted.it/items/8288362274-targhetta-vintage-cane-gucci?referrer=catalog,5,8288362274,Sold,02/03/2026 07:17:38,,https://images1.vinted.net/t/06_015ef_nAVeBHQAf7a1STAxnb2fNDQu/310x430/1772370054.webp?s=829467d684a71b20511bcbfb0470625b18f5e189,10,7
Bracelet cuir Gucci,142.45,Gucci,0,https://www.vinted.it/items/8288357207-bracelet-cuir-gucci?referrer=catalog,6,8288357207,Sold,02/03/2026 07:17:38,,https://images1.vinted.net/t/05_00909_XKNF1ZvVnU2zik3MFRm1BWTe/310x430/1772370030.webp?s=8e1eff00bba2215898c9488ce17fd04f1ae2e3e8,10,7
Capellino Gucci,231.7,Gucci,L,https://www.vinted.it/items/8288334313-capellino-gucci?referrer=catalog,2,8288334313,Sold,02/03/2026 07:17:38,,https://images1.vinted.net/t/05_0054d_S2JkyKHvMhY35vpNYmVKBPGc/310x430/1772369923.webp?s=3e05e56866cfe4031f72da5419fb55a5a45f7104,10,7
Gucci flora gardenia,26.95,Gucci,0,https://www.vinted.it/items/8288317051-gucci-flora-gardenia?referrer=catalog,3,8288317051,Sold,02/03/2026 07:17:38,,https://images1.vinted.net/t/01_01d33_1f3WxR3VppunqkzWPkZDh6Bc/310x430/1772369843.webp?s=529c5b2bdcae7d96b749cf55ddd15f5cd02da73d,10,7
Set 3 Magazine con poster Gucci | Moda Design Stile,4.69,No brand,0,https://www.vinted.it/items/8288278705-set-3-magazine-con-poster-gucci-moda-design-stile?referrer=catalog,10,8288278705,Sold,02/03/2026 07:17:38,,https://images1.vinted.net/t/06_004b1_6DnL1HVGCnZDsXDUwbHpzjL3/310x430/1772369665.webp?s=c4fe78307e24f7962431c3b1ea51033298ed3b9e,10,7
Gucci flora gardenia,26.95,Gucci,0,https://www.vinted.it/items/8288210475-gucci-flora-gardenia?referrer=catalog,1,8288210475,Sold,02/03/2026 07:17:38,,https://images1.vinted.net/t/05_0189f_LHgR1HfDbLYkBvfwTEvswpkC/310x430/1772369349.webp?s=379c8c42918082464253ebc65c5f4203755eb021,10,7
Écharpe Gucci GG Neuve avec Étiquette 100% Laine (Gris/Bleu) Unisexe,315.7,Gucci,0,https://www.vinted.it/items/8288205535-echarpe-gucci-gg-neuve-avec-etiquette-100-laine-grisbleu-unisexe?referrer=catalog,0,8288205535,Sold,02/03/2026 07:17:38,,https://images1.vinted.net/t/04_01242_bgB4p76pfsVo8BKXmhvV2Rez/310x430/1772369325.webp?s=50893047304841905101aea5e22b729c21a80cd4,10,7
Gucci flora gardenia,26.95,Gucci,0,https://www.vinted.it/items/8288201680-gucci-flora-gardenia?referrer=catalog,7,8288201680,Sold,02/03/2026 07:17:38,,https://images1.vinted.net/t/04_00547_YnWtCTBYu6z3EkFwuRM1RXcd/310x430/1772369308.webp?s=f54e99c3bc819627ca3c55b01da2280efbb0d319,10,7
Astuccio Gucci,158.2,Gucci,0,https://www.vinted.it/items/8288111147-astuccio-gucci?referrer=catalog,0,8288111147,Sold,02/03/2026 07:17:38,,https://images1.vinted.net/t/06_00649_SADabWZWJAnafps6vHMJjEnV/310x430/1772368882.webp?s=612c0b4f79dc8eb622a088863d6f472da9e4d942,10,7
Gucci flora gardenia,26.95,Gucci,0,https://www.vinted.it/items/8288167885-gucci-flora-gardenia?referrer=catalog,1,8288167885,Sold,02/03/2026 07:17:38,,https://images1.vinted.net/t/05_015ba_gjEkBqp18trgketbyh9Sd1aP/310x430/1772369150.webp?s=e2fd651932e02d3e52d28b270550764e78cee236,10,7
Casquette Gucci Jumbo authentique vendu avec emballage et boite,294.69,Gucci,M,https://www.vinted.it/items/8288157037-casquette-gucci-jumbo-authentique-vendu-avec-emballage-et-boite?referrer=catalog,1,8288157037,Sold,02/03/2026 07:17:38,,https://images1.vinted.net/t/03_006ac_kzjGVX3agr8VgyhuE6MgSt4a/310x430/1772369098.webp?s=d8cef5657cf3bdb327e81522a65acafb594ccb35,10,7
Gucci padlock bag,999.6,Gucci,0,https://www.vinted.it/items/8288154001-gucci-padlock-bag?referrer=catalog,1,8288154001,Sold,02/03/2026 07:17:38,,https://images1.vinted.net/t/04_0103f_fnyw8HfNvSUTddG6JGAdPz65/310x430/1772369084.webp?s=bd1a32cdbbfbd516dd047099a5f9d8ffb8713896,10,7
Busta + scatola,26.95,Gucci,0,https://www.vinted.it/items/8288126323-busta-scatola?referrer=catalog,7,8288126323,Sold,02/03/2026 07:17:38,,https://images1.vinted.net/t/01_00ebb_7PM9GVpkm3HNo6b4Fr2w78yy/310x430/1772368954.webp?s=41b33dcb37555281163c5836759c8abd7008cf9f,10,7
Gucci flora gardenia,26.95,Gucci,0,https://www.vinted.it/items/8288121871-gucci-flora-gardenia?referrer=catalog,1,8288121871,Sold,02/03/2026 07:17:38,,https://images1.vinted.net/t/05_024e8_kvuD7TQ6M5YjumRTDAxqFLGC/310x430/1772368933.webp?s=791d1e7f8b8726f136564327d52b01257a724377,10,7
Camicia manica corta unisex,63.7,Gucci,6-9 mesi / 68 cm,https://www.vinted.it/items/8288120287-camicia-manica-corta-unisex?referrer=catalog,3,8288120287,Sold,02/03/2026 07:17:38,,https://images1.vinted.net/t/06_01c34_n1fKymmLacZNVUnnte3jPmHw/310x430/1772368925.webp?s=e910133e5317e570b617511a90406c491ecd64bd,10,7
Gucci Women’s Black Sunglasses – Brand New – With Case & Dust Bag – Authentic,116.2,Gucci,0,https://www.vinted.it/items/8286419339-gucci-womens-black-sunglasses-brand-new-with-case-dust-bag-authentic?referrer=catalog,11,8286419339,Sold,02/03/2026 07:17:38,,https://images1.vinted.net/t/01_00106_A6AjPwukdip3T8o5pwZPs1as/310x430/1772360822.webp?s=7cc731379d667fb033699ff4c472049e2f036688,10,7
Gucci Halskette,378.7,Gucci,0,https://www.vinted.it/items/8294994480-gucci-halskette?referrer=catalog,0,8294994480,Sold,02/03/2026 08:30:45,,https://images1.vinted.net/t/06_0061a_U93JuJBbcfGWr28dzfKpZ6aZ/310x430/1772436517.webp?s=f8bd2c22930236be2f43ac98583e73ba5d667b3e,11,1
Occhiali da sole Gucci,74.2,Gucci,0,https://www.vinted.it/items/8294995025-occhiali-da-sole-gucci?referrer=catalog,0,8294995025,Sold,02/03/2026 08:30:45,,https://images1.vinted.net/t/05_0235d_m675vJYQ62gcviTNYeYiUb8B/310x430/1772436527.webp?s=3e0f0c78af0b9108d195dfa8305aef3fa04dc627,11,1
Portacarte Gucci,84.7,Gucci,0,https://www.vinted.it/items/8291811078-portacarte-gucci?referrer=catalog,0,8291811078,Sold,02/03/2026 08:30:45,,https://images1.vinted.net/t/05_00212_Rmxm8oqNEdzWiuXjVYcQUKKc/310x430/1772385031.webp?s=945e33e7e7d884bb230efa68e6ff9053ac564724,11,1
Portacarte Gucci,84.7,Gucci,0,https://www.vinted.it/items/8291822423-portacarte-gucci?referrer=catalog,0,8291822423,Sold,02/03/2026 08:30:45,,https://images1.vinted.net/t/05_0160e_gMahEai3iKAtbexHgNPTjwTN/310x430/1772385084.webp?s=b5941639be598ce42b236706131bb7b24cc88543,11,1
Camicia Gucci | taglia : L | 100% cotone,53.2,Gucci,L,https://www.vinted.it/items/8291847344-camicia-gucci-taglia-l-100-cotone?referrer=catalog,0,8291847344,Sold,02/03/2026 08:30:45,,https://images1.vinted.net/t/01_0267e_ezKH8se1Vao37ai7tcD7cxER/310x430/1772385199.webp?s=dc27d513995ac6c08bc27b32cc66aaeca91faa92,11,1
Casquette gucci Disney,221.2,Gucci x Disney,L,https://www.vinted.it/items/8291780017-casquette-gucci-disney?referrer=catalog,1,8291780017,Sold,02/03/2026 08:30:45,,https://images1.vinted.net/t/06_0270c_hGXbZf3gSQNRhQCBXG2ASVhi/310x430/1772384885.webp?s=a5fac80a4676d5d8c11eee6029dd98b256ddcd5c,11,1
Schal Gucci,137.2,Gucci,0,https://www.vinted.it/items/8294960988-schal-gucci?referrer=catalog,0,8294960988,Sold,02/03/2026 08:30:45,,https://images1.vinted.net/t/06_0126c_cP9yuM42HaGfCbru2qCoDxk6/310x430/1772435762.webp?s=af160a3bab9b017ffd2b6be764a89350c0f27ff6,11,1
Gucci sciarpa lana monogram,273.7,Gucci,0,https://www.vinted.it/items/8294960005-gucci-sciarpa-lana-monogram?referrer=catalog,0,8294960005,Sold,02/03/2026 08:30:45,,https://images1.vinted.net/t/05_0124b_GiNhpZQq7emf4sSJBybjnGkQ/310x430/1772435740.webp?s=ecf88b82de038aadc530d5f34b1a5cb4b7d69aff,11,1
Cappello Gucci Bucket in Denim GG e Pelle - Nuovo,368.2,Gucci,M,https://www.vinted.it/items/8294955419-cappello-gucci-bucket-in-denim-gg-e-pelle-nuovo?referrer=catalog,0,8294955419,Sold,02/03/2026 08:30:45,,https://images1.vinted.net/t/05_00464_7ZdUQTFbk2xEYXctSKJNye3z/310x430/1772435625.webp?s=acfa076d4b9b9234836399b0b9bcd13cdf6084aa,11,1
Porte cartes gucci rose,128.8,Gucci,0,https://www.vinted.it/items/8291615334-porte-cartes-gucci-rose?referrer=catalog,0,8291615334,Sold,02/03/2026 08:30:45,,https://images1.vinted.net/t/05_020f1_F4zrHAE4rxH7HpRH62APe5fm/310x430/1772384131.webp?s=336c1f85c05d1f73cff03a855a1d8fbefc8b0937,11,1
Espadrille Gucci,179.2,Gucci,39,https://www.vinted.it/items/8294948654-espadrille-gucci?referrer=catalog,3,8294948654,Sold,02/03/2026 08:30:45,,https://images1.vinted.net/t/06_017bf_Pef3fB4pazXULwn6nUxyueJm/310x430/1772435454.webp?s=62d381b065ac09d5af34f1978dbd0582e0c794d3,11,1
Mocassin joordan,347.2,Gucci,40,https://www.vinted.it/items/8294945495-mocassin-joordan?referrer=catalog,0,8294945495,Sold,02/03/2026 08:30:45,,https://images1.vinted.net/t/05_01c9a_JW5Td8T4TgCHUYbbg4gmtDDX/310x430/1772435371.webp?s=fcfcac5044a90462645ad154acba4ec22e79d161,11,1
Porte carte gucci en jeans bleu,131.95,Gucci,0,https://www.vinted.it/items/8291630888-porte-carte-gucci-en-jeans-bleu?referrer=catalog,0,8291630888,Sold,02/03/2026 08:30:45,,https://images1.vinted.net/t/01_01505_xYS87TzcBA58haVoTcp8mFWk/310x430/1772384202.webp?s=5bb3af1caac3609e37a7903a1da019e60dfac167,11,1
Ceinture Gucci,158.2,Gucci,85 cm,https://www.vinted.it/items/8291668628-ceinture-gucci?referrer=catalog,0,8291668628,Sold,02/03/2026 08:30:45,,https://images1.vinted.net/t/05_019e5_VLCNDv7CNfSkFNX7RRvqiAZT/310x430/1772384371.webp?s=374e4cf4b50cbbc261e820a350bd5fd6e3279364,11,1
Tovaglia da tavola Frida,7.0,Gabriella Gucci,0,https://www.vinted.it/items/8291653406-tovaglia-da-tavola-frida-antimacchia-x12-mis-140x240?referrer=catalog,0,8291653406,Sold,02/03/2026 08:30:45,,https://images1.vinted.net/t/06_00ea1_YiC2iX46tdpku7AkFUw6YATq/310x430/1772384303.webp?s=5ca0b654537db8cfcb12f25207a145b0035529e8,11,1
Gucci Brillenetui neuwertig für eine Sonnenbrille oder für was auch immer,35.35,Gucci,0,https://www.vinted.it/items/8291656224-gucci-brillenetui-neuwertig-fur-eine-sonnenbrille-oder-fur-was-auch-immer?referrer=catalog,0,8291656224,Sold,02/03/2026 08:30:45,,https://images1.vinted.net/t/05_00888_gs8fhomFMx4q7ohAtwQd1BUn/310x430/1772384315.webp?s=b838e3c5755b1f957094d3d0788265401556db65,11,1
Sac banane Gucci jumbo noir,578.2,Gucci,0,https://www.vinted.it/items/8294931302-sac-banane-gucci-jumbo-noir?referrer=catalog,0,8294931302,Sold,02/03/2026 08:30:45,,https://images1.vinted.net/t/05_016f0_94vhbQDb8bhAiHE6vZpupxte/310x430/1772435005.webp?s=2d4a499ed33cce7b229826c48efa6c9f9d2156ac,11,1
Piccole dust bag Gucci,6.16,Gucci,0,https://www.vinted.it/items/8294930114-piccole-dust-bag-gucci?referrer=catalog,1,8294930114,Sold,02/03/2026 08:30:45,,https://images1.vinted.net/t/05_0167e_ktp4XDuthPmZyteYHJVaGttL/310x430/1772434971.webp?s=26c564185cb3efd29fd22b8d75db4815caf55dc5,11,1
Gucci sandalen maat 12,104.65,Gucci,45,https://www.vinted.it/items/8294917316-gucci-sandalen-maat-12?referrer=catalog,2,8294917316,Sold,02/03/2026 08:30:45,,https://images1.vinted.net/t/04_0069f_oLBzkE1Ny9P4QT7UoGTK2jqt/310x430/1772434601.webp?s=10d002b8a64107dd75cab04468574ec6e60b5d93,11,1
Gucci Poloshirt T - Shirt Hemd NEU NP: 490€,236.95,Gucci,L,https://www.vinted.it/items/8291405932-gucci-poloshirt-t-shirt-hemd-neu-np-490eu?referrer=catalog,0,8291405932,Sold,02/03/2026 08:30:45,,https://images1.vinted.net/t/06_02581_cvTZM438G4e43SszomEdmRFm/310x430/1772383205.webp?s=e023dd7f853d0019ee2cdc940dbaf8a24572d668,11,1
Gucci,63.7,Gucci,0,https://www.vinted.it/items/8294910405-gucci?referrer=catalog,4,8294910405,Sold,02/03/2026 08:30:45,,https://images1.vinted.net/t/05_01b38_iBqf9wqgTxfDjjz8YX1k27NV/310x430/1772434389.webp?s=7562383959ba772d62186b78d965d1fc44a06f27,11,1
Scarpa Gucci sneakers,74.2,Gucci,37,https://www.vinted.it/items/8294911384-scarpa-gucci-sneakers?referrer=catalog,2,8294911384,Sold,02/03/2026 08:30:45,,https://images1.vinted.net/t/01_0225f_k7vfyqzyYAQr7z2Mwk2KPhZV/310x430/1772434420.webp?s=f24aea9cef118a7e39e7857667cbe54ba34697cc,11,1
Gucci flora gorgeous gardenia,42.69,Gucci,0,https://www.vinted.it/items/8294908355-gucci-flora-gorgeous-gardenia?referrer=catalog,1,8294908355,Sold,02/03/2026 08:30:45,,https://images1.vinted.net/t/06_021e6_MdbVuLUHk6yhEuzTsZfKDEoB/310x430/1772434329.webp?s=4ebc3792fdedc7d2bc0ce763ce412093fd826979,11,1
Gucci weekend grote tas,735.7,Gucci,0,https://www.vinted.it/items/8290538101-gucci-weekend-grote-tas?referrer=catalog,0,8290538101,Sold,02/03/2026 08:30:45,,https://images1.vinted.net/t/06_0015b_axubf9G75jzacVRp1ANWPkHi/310x430/1772379524.webp?s=294fa9f5eeb07074ef9fbadd89c6951d497243f3,11,1
Gucci Tennis 1977 Sneaker - Größe 12 / IT/EU 46 - NEU,399.7,Gucci,46,https://www.vinted.it/items/8294904446-gucci-tennis-1977-sneaker-grosse-12-iteu-46-neu?referrer=catalog,0,8294904446,Sold,02/03/2026 08:30:45,,https://images1.vinted.net/t/06_016d2_HJQwPj9RYuyRuYd4Fjgy4x9x/310x430/1772434210.webp?s=9b3cc63e5f3316a15cc14d43eae2c054f17afa47,11,1
Gucci Accessoire Schlüsselanhänger Einkaufswagenchip Anhänger Keychain Geschenk s,16.45,Gucci,0,https://www.vinted.it/items/8294903610-gucci-accessoire-schlusselanhanger-einkaufswagenchip-anhanger-keychain-geschenk-s?referrer=catalog,1,8294903610,Sold,02/03/2026 08:30:45,,https://images1.vinted.net/t/05_00af5_XUmWuvBEAucvq47JbMGgMcVr/310x430/1772434186.webp?s=0d991a3c6a6acb663f66af05971b82b20c3cb5ba,11,1
Cappello GG Gucci,303.1,Gucci,S,https://www.vinted.it/items/8294899417-cappello-gg-gucci?referrer=catalog,0,8294899417,Sold,02/03/2026 08:30:45,,https://images1.vinted.net/t/05_012d7_HN37zE2AUmaMYJKEPxXeWcZm/310x430/1772434054.webp?s=976f764058ca47c20af37746b915e483ec36f14c,11,1
Maglione Lana Disney x Gucci,263.2,Gucci,S / IT 40 / EU 36,https://www.vinted.it/items/8291162031-maglione-lana-disney-x-gucci?referrer=catalog,0,8291162031,Sold,02/03/2026 08:30:45,,https://images1.vinted.net/t/06_0049f_m5WjR8bSUWZjsZa632PckE32/310x430/1772382157.webp?s=d36a0888427575091444b15b60dee7b717ffe7d4,11,1
Gucci Brillen Etui NEU aus Samt,16.45,Gucci,0,https://www.vinted.it/items/8294895073-gucci-brillen-etui-neu-aus-samt?referrer=catalog,0,8294895073,Sold,02/03/2026 08:30:45,,https://images1.vinted.net/t/05_0049c_Gzjwx2GPnmKKruzVFfMggWNV/310x430/1772433909.webp?s=86de8f03b33a50710603ba14abc9bcabe21d4f5b,11,1
Gucci Plateau Pantolette 38,656.95,Gucci,38,https://www.vinted.it/items/8294894251-gucci-plateau-pantolette-38?referrer=catalog,0,8294894251,Sold,02/03/2026 08:30:45,,https://images1.vinted.net/t/06_0265e_cU4YrbawBDm7NpywhrLtGwWj/310x430/1772433879.webp?s=1dac1d7c74c2898da546ac2fc76ae2ae7a02d9dd,11,1
Porte carte neuf Gucci unisexe cuir,83.65,Gucci,0,https://www.vinted.it/items/8262900933-porte-carte-neuf-gucci-unisexe-cuir?referrer=catalog,3,8262900933,Sold,02/03/2026 08:30:45,,https://images1.vinted.net/t/05_020ad_6UGV7pHyUbEa635sFMQ5qFcn/310x430/1772087842.webp?s=bfee0be282fecfbf07c86b42b4cbd823955ef172,11,1
Gucci Bloom Nettare di Fiori – Miniatura 5ml (Nuova con Box),21.7,Gucci,0,https://www.vinted.it/items/8294881013-gucci-bloom-nettare-di-fiori-miniatura-5ml-nuova-con-box?referrer=catalog,0,8294881013,Sold,02/03/2026 08:30:45,,https://images1.vinted.net/t/06_020ee_PGmeLXWgWmqdrVneS1x9VTyt/310x430/1772433404.webp?s=a0187491b9f5990300a9a622033a84fa3bb4088a,11,1
T-shirt Gucci nuova con cartellino,84.7,Gucci,XS / IT 38 / EU 34,https://www.vinted.it/items/8291104797-t-shirt-gucci-nuova-con-cartellino?referrer=catalog,0,8291104797,Sold,02/03/2026 08:30:45,,https://images1.vinted.net/t/01_01be2_iLNTj1E4v81w7tmxKhMSYa6L/310x430/1772381913.webp?s=a34ea35671ecea85c37280cc20d411f38f4014e5,11,1
Gucci flora gardenia,26.95,Gucci,0,https://www.vinted.it/items/8294868211-gucci-flora-gardenia?referrer=catalog,1,8294868211,Sold,02/03/2026 08:30:45,,https://images1.vinted.net/t/04_0056c_WGqU6w7RapFk92A7Qd8Ui1vx/310x430/1772432885.webp?s=14c144bd0be62e5c3c6a2c9791c2d49a8b3a0529,11,1
Gucci Flora eau de parfum,53.2,Gucci,0,https://www.vinted.it/items/8294866102-gucci-flora-eau-de-parfum?referrer=catalog,1,8294866102,Sold,02/03/2026 08:30:45,,https://images1.vinted.net/t/05_014cd_QFHaYra2dajvWxDpDt3QnYLz/310x430/1772432796.webp?s=810b0c5bae8844dab1778d740f17608cf3d58ac8,11,1
Borsa Marmont Gucci originale,1.1032,Gucci,0,https://www.vinted.it/items/8294865294-borsa-marmont-gucci-originale?referrer=catalog,5,8294865294,Sold,02/03/2026 08:30:45,,https://images1.vinted.net/t/04_01324_cxmKdAHHH8aAAT8qkMGeAUCX/310x430/1772432760.webp?s=0a5668da79cbeaed64d641f92b1ca54f582f7579,11,1
Baskets Gucci noir strass,420.7,Gucci,37.5,https://www.vinted.it/items/8294859916-baskets-gucci-noir-strass?referrer=catalog,0,8294859916,Sold,02/03/2026 08:30:45,,https://images1.vinted.net/t/03_01977_JcQa3MsE7FqHqwv4qmHC8cek/310x430/1772432521.webp?s=7e9a4699c6af9f80509b91454d5f3e04132528cf,11,1
Pochette en coton Gucci,11.2,Gucci,0,https://www.vinted.it/items/8290725566-pochette-en-coton-gucci?referrer=catalog,0,8290725566,Sold,02/03/2026 08:30:45,,https://images1.vinted.net/t/05_00060_5Sk3fSBzyXRhnqg8RhbeWBWL/310x430/1772380310.webp?s=98932b6a9ddd0edcd521da469a1fce47ebcf77a6,11,1
Gucci GG red supreme Princetown maat 32 NIEUW,230.65,Gucci,32,https://www.vinted.it/items/8294832776-gucci-gg-red-supreme-princetown-maat-32-nieuw?referrer=catalog,3,8294832776,Sold,02/03/2026 08:30:45,,https://images1.vinted.net/t/06_00d09_V8Pkp9jSBvM3JNSnTgSY1JAG/310x430/1772431088.webp?s=33aacec570e16c6c2519481675aadca0996639aa,11,1
Lunettes de soleil ovales GUCCI,315.7,Gucci,0,https://www.vinted.it/items/8294675545-lunettes-de-soleil-ovales-gucci?referrer=catalog,5,8294675545,Sold,02/03/2026 08:30:45,,https://images1.vinted.net/t/06_01276_gFchLhnHKZ69USCHRXUeajvs/310x430/1772409927.webp?s=4b81042f2f9d247c87a17853e6d5c890a46d7b3c,11,1
Casquette Gucci Tigres Authentique,284.2,Gucci,M,https://www.vinted.it/items/8294664386-casquette-gucci-tigres-authentique?referrer=catalog,7,8294664386,Sold,02/03/2026 08:30:45,,https://images1.vinted.net/t/04_013b7_qZBfvdhj5giscrcPz2ubAGWQ/310x430/1772409273.webp?s=9ffc1d6f42a15ee0f1202c7c032e653491246919,11,1
Gucci lama brun,263.2,Gucci,L,https://www.vinted.it/items/8294659609-gucci-lama-brun?referrer=catalog,5,8294659609,Sold,02/03/2026 08:30:45,,https://images1.vinted.net/t/04_024e7_mwXLmVWtLZkrJWTHrmYaQcCm/310x430/1772409024.webp?s=123d40bc9ee3f4aab5b2f7f8084682cfadee384c,11,1
Gucci spray de beauté neuf,21.7,Gucci,0,https://www.vinted.it/items/8294651242-gucci-spray-de-beaute-neuf?referrer=catalog,3,8294651242,Sold,02/03/2026 08:30:45,,https://images1.vinted.net/t/06_00d3d_Z844dKttTQexe9CGQHscD2t5/310x430/1772408627.webp?s=251eaebf74177278774e338fb92bdceda366f7bd,11,1
Gucci eyewear,189.7,Gucci,0,https://www.vinted.it/items/8294646353-gucci-eyewear?referrer=catalog,1,8294646353,Sold,02/03/2026 08:30:45,,https://images1.vinted.net/t/01_02568_kC32US42Bo1tFTXhCfea7FzX/310x430/1772408408.webp?s=191f26c3b10734bc5ccaad1be35d5744661f51c4,11,1
Occhiali Gucci,210.7,Gucci,0,https://www.vinted.it/items/8294645685-occhiali-gucci?referrer=catalog,1,8294645685,Sold,02/03/2026 08:30:45,,https://images1.vinted.net/t/05_0041b_v3AaKvN8512zBmTX1LkMgZUP/310x430/1772408380.webp?s=3467d31181ce7329a49f3a2b66e68c222d03cbf1,11,1
Parfum Gucci Flora georgeous,52.15,Gucci,0,https://www.vinted.it/items/8294636113-parfum-gucci-flora-georgeous?referrer=catalog,0,8294636113,Sold,02/03/2026 08:30:45,,https://images1.vinted.net/t/06_016ce_4ys5NZcKw3gyy3nWgFG4o6me/310x430/1772407986.webp?s=0c4beea7bf8d20928bf50b9848f17f7258388364,11,1
mocassino Gucci nero,420.7,Gucci,40,https://www.vinted.it/items/8294635569-mocassino-gucci-nero?referrer=catalog,0,8294635569,Sold,02/03/2026 08:30:45,,https://images1.vinted.net/t/06_00676_KgtmMW7gLyot3nWBDr46oYSo/310x430/1772407965.webp?s=4e47dc2c95abc26cfa2acd52816ed9266eee50a7,11,1
Gucci cinturón,168.7,Gucci,90 cm,https://www.vinted.it/items/8294633645-gucci-cinturon?referrer=catalog,7,8294633645,Sold,02/03/2026 08:30:45,,https://images1.vinted.net/t/06_0225d_xKFeBKQHY6nzYYpXhLTkTMYQ/310x430/1772407889.webp?s=27e6d8a7322d03c2a05a866b7455092a11da6962,11,1
gucci ace,368.2,Gucci,40,https://www.vinted.it/items/8294631473-gucci-ace?referrer=catalog,4,8294631473,Sold,02/03/2026 08:30:45,,https://images1.vinted.net/t/05_0023c_bFUiQkg557Xetp9qFpvecQZU/310x430/1772407804.webp?s=abf8c5caefca1f72ce139b996d2cd678839f5e6a,11,1
Stola di Gucci,200.2,Gucci,0,https://www.vinted.it/items/8294628398-stola-di-gucci?referrer=catalog,2,8294628398,Sold,02/03/2026 08:30:45,,https://images1.vinted.net/t/06_010b8_XnoUy7qgz8JAKu7gK9izjbVS/310x430/1772407690.webp?s=ba7bf0236b0459a18cc1225b36027d27435ddd5e,11,1
Portafoglio GUCCI blondie,226.45,Gucci,0,https://www.vinted.it/items/8294618837-portafoglio-gucci-blondie?referrer=catalog,0,8294618837,Sold,02/03/2026 08:30:45,,https://images1.vinted.net/t/01_016ea_upjbMNo8M91kZWfWqJBizk8F/310x430/1772407356.webp?s=6cb7badcf5d1e974fb66591cacf1e47d3bf9e16e,11,1
Gucci Flora Gorgeous Orchid 100 ml,63.7,Gucci,0,https://www.vinted.it/items/8294617293-gucci-flora-gorgeous-orchid-100-ml?referrer=catalog,2,8294617293,Sold,02/03/2026 08:30:45,,https://images1.vinted.net/t/05_008a6_aCJBqQKwT78DvwfQApgmHh1M/310x430/1772407300.webp?s=79ba552d1d7231830b0613ff9530f54f2d82cabf,11,1
ceinture gucci,126.7,Gucci,Regolabile,https://www.vinted.it/items/8288501387-ceinture-gucci?referrer=catalog,1,8288501387,Sold,02/03/2026 08:30:45,,https://images1.vinted.net/t/05_01692_HGBF23yv4UWfxpzYMrWZgoyr/310x430/1772370696.webp?s=c0eb388e98829414633621caaf4e05da05edd3b0,11,1
Sacoche Gucci,419.65,Gucci,0,https://www.vinted.it/items/8294613606-sacoche-gucci?referrer=catalog,2,8294613606,Sold,02/03/2026 08:30:45,,https://images1.vinted.net/t/06_0019b_Cu8TVmhGzEPP3d23JULxoTpM/310x430/1772407176.webp?s=a2c2acb8c140b01a4d4ebbd7fbbd2a9b01197e3d,11,1
Set mini cofanetto gucci beauty,42.7,Gucci,0,https://www.vinted.it/items/8294600347-set-mini-cofanetto-gucci-beauty?referrer=catalog,0,8294600347,Sold,02/03/2026 08:30:45,,https://images1.vinted.net/t/06_00fcd_koHcWdQSD4rs9HJYHaSSXFee/310x430/1772406741.webp?s=74edfad4d240b4b06534c0b187d83e971c1a0844,11,1
Casquette GUCCI unisex,473.2,Gucci,M,https://www.vinted.it/items/8294606864-casquette-gucci-unisex?referrer=catalog,1,8294606864,Sold,02/03/2026 08:30:45,,https://images1.vinted.net/t/04_0011a_YCxGFik88ataPBsX8nD4JBNr/310x430/1772406952.webp?s=9914942c2eb3025f0740920ab8d38998a7952507,11,1
lunette gucci,47.95,Gucci,0,https://www.vinted.it/items/8294485129-lunette-gucci?referrer=catalog,5,8294485129,Sold,02/03/2026 08:30:45,,https://images1.vinted.net/t/05_008fc_nrxRVDSKZ4DszTQ91KFcuBHU/310x430/1772404084.webp?s=5c5493c497e93048ffafe53457cd815e96f1944f,11,1
Gucci pet roermond,194.95,Gucci,M,https://www.vinted.it/items/8294588620-gucci-pet-roermond?referrer=catalog,0,8294588620,Sold,02/03/2026 08:30:45,,https://images1.vinted.net/t/01_009f8_6AotwWbDQ5o7RcYc7rwqwzBG/310x430/1772406389.webp?s=ace8cfe9b0abd06c946c0ebb844a2f7ce4392d1c,11,1
Gucci Dubai lilas L,347.2,Gucci,L,https://www.vinted.it/items/8294579881-gucci-dubai-lilas-l?referrer=catalog,3,8294579881,Sold,02/03/2026 08:30:45,,https://images1.vinted.net/t/04_0139b_5j21j8UKivU6JGR8VVLwMDu2/310x430/1772406141.webp?s=bad59111dc63323251301c108d1762021b48e813,11,1
Gucci Schal - ungetragen,368.2,Gucci,0,https://www.vinted.it/items/8294576775-gucci-schal-ungetragen?referrer=catalog,1,8294576775,Sold,02/03/2026 08:30:45,,https://images1.vinted.net/t/06_01ed6_iy7GBY5GtkLhyHburRG4P9v5/310x430/1772406055.webp?s=331c4a44958c55d17f2f5da928a17c200d6b553b,11,1
Gucci,63.7,Gucci,0,https://www.vinted.it/items/8294552621-gucci?referrer=catalog,3,8294552621,Sold,02/03/2026 08:31:09,,https://images1.vinted.net/t/05_01f74_q3FiBdrWKd4k5sTmL8G2ncdZ/310x430/1772405448.webp?s=b9845158f687bde26b03109cb680dd471fc4a739,11,2
Mules Gucci,179.2,Gucci,39,https://www.vinted.it/items/8294533992-mules-gucci?referrer=catalog,2,8294533992,Sold,02/03/2026 08:31:09,,https://images1.vinted.net/t/05_01ee3_udbtTA3KoMm87KBg2YRexP7r/310x430/1772405033.webp?s=3f942df228e7f55c8833ff5515f1e6703f581c6e,11,2
Gucci blush 06,26.43,Blush,0,https://www.vinted.it/items/8294496066-gucci-blush-06?referrer=catalog,0,8294496066,Sold,02/03/2026 08:31:09,,https://images1.vinted.net/t/06_0177c_WcucSTgXzdAFWM3UK99wTX24/310x430/1772404283.webp?s=0527f1e5d0c3501128534914d4676dad468fac97,11,2
Gucci stoff Tasche,32.2,Gucci,0,https://www.vinted.it/items/8294469209-gucci-stoff-tasche?referrer=catalog,0,8294469209,Sold,02/03/2026 08:31:09,,https://images1.vinted.net/t/05_0222b_KRQvpH57sDnc4WXKQSbJUJcs/310x430/1772403804.webp?s=2a148e17fa1eeaf9d7c8bf80a059b29ace42fb2b,11,2
Gucci brown Jackie bag,419.65,Gucci,0,https://www.vinted.it/items/8262446820-gucci-brown-jackie-bag?referrer=catalog,14,8262446820,Sold,02/03/2026 08:31:09,,https://images1.vinted.net/t/01_02636_82wfjZ4tDNnoEZPQevRcAhk5/310x430/1772057420.webp?s=8f7b521fa39404ee1203ef54d168e88a203b3c6f,11,2
Scatola porta occhiali Gucci,11.2,Gucci,0,https://www.vinted.it/items/8291677362-scatola-porta-occhiali-gucci?referrer=catalog,0,8291677362,Sold,02/03/2026 09:54:25,,https://images1.vinted.net/t/06_02502_gEWbVvmrxKhMqZy4PdgwxyKo/310x430/1772384411.webp?s=3577f149efe867260a5ad9308ef07129f4e14e34,12,5
Gucci.,158.2,Gucci,XS / IT 38 / EU 34,https://www.vinted.it/items/8260211053-gucci?referrer=catalog,9,8260211053,Sold,02/03/2026 09:54:25,,https://images1.vinted.net/t/04_01c19_8X5yFqZs4zqv3Y3XgrsXMPnt/310x430/1772038344.webp?s=49515a438e985c65ac7954eb59bbf022354d54f8,12,5
Gucci Print Scarf with Brown / Blue Stripes,158.2,Gucci,0,https://www.vinted.it/items/8287069650-gucci-print-scarf-with-brown-blue-stripes?referrer=catalog,0,8287069650,Sold,02/03/2026 09:54:25,,https://images1.vinted.net/t/06_003cd_JUzEtzXfJqMFZNbpWFYYXvgy/310x430/1772363907.webp?s=2358a2327dc0ae6ffa9b1251c205c5ce9548eee5,12,5
Gucci Handtasche GG Canvas Gifford,525.7,Gucci,0,https://www.vinted.it/items/8291511818-gucci-handtasche-gg-canvas-gifford?referrer=catalog,1,8291511818,Sold,02/03/2026 09:54:25,,https://images1.vinted.net/t/05_00099_ZCLPcy2vkv59XVHnfUYz6ymY/310x430/1772384336.webp?s=824ed949d9b61b6c23e05f52a1f1fccd071fe213,12,5
Gucci bamboo 1974,515.2,Gucci,0,https://www.vinted.it/items/8291405297-gucci-bamboo-1974?referrer=catalog,1,8291405297,Sold,02/03/2026 09:54:25,,https://images1.vinted.net/t/01_00c65_KJMxcsCzD11gYkK3TfEHeMm5/310x430/1772383202.webp?s=bdcc3d7a398aba9bda9be80ecc19c50c1d6b696a,12,5
Cravate Gucci,89.95,Gucci,0,https://www.vinted.it/items/8291618846-cravate-gucci?referrer=catalog,9,8291618846,Sold,02/03/2026 09:54:25,,https://images1.vinted.net/t/05_00761_D1Aa7sdPbSKuputtRrVDQ9d6/310x430/1772384147.webp?s=610e19a04f0c65abadb752a41fe0423717f9ba6f,12,5
Gucci Damen-Loafer – Neu & ungetragen – Größe 39,368.2,Gucci,39.5,https://www.vinted.it/items/8291610044-gucci-damen-loafer-neu-ungetragen-grosse-395-inkl-rechnung-zubehor?referrer=catalog,7,8291610044,Sold,02/03/2026 09:54:25,,https://images1.vinted.net/t/05_00d51_T5ozwSNRo2VchARVPhsDgb7s/310x430/1772384108.webp?s=aeb0c572694f48209a51446e75f331b882a10994,12,5
Scampolo stoffa  Gucci bordo 2 metri,65.8,Gucci,0,https://www.vinted.it/items/8291595304-scampolo-stoffa-gucci-bordo-2-metri?referrer=catalog,33,8291595304,Sold,02/03/2026 09:54:25,,https://images1.vinted.net/t/05_002d5_CQvHZS26VVFHsSdLAvZCjVC6/310x430/1772384042.webp?s=1bf4c4dfd66d8363cff4c3a8906edf3f22a77070,12,5
Polo di Gucci in cotone piquetbianca,515.2,Gucci,M,https://www.vinted.it/items/8291593169-polo-di-gucci-in-cotone-piquetbianca?referrer=catalog,4,8291593169,Sold,02/03/2026 09:54:25,,https://images1.vinted.net/t/06_01675_9feF38TF1V9zde2AjDBd5zdS/310x430/1772384032.webp?s=088b59f77786879a501d34d7037f6329477d7f35,12,5
Sandali Gucci Nuovi con cartellino n.24,110.95,Gucci,24,https://www.vinted.it/items/8291592201-sandali-gucci-nuovi-con-cartellino-n24?referrer=catalog,9,8291592201,Sold,02/03/2026 09:54:25,,https://images1.vinted.net/t/06_001ce_BVYuRK1P1bDVcmJzXVe1L7P9/310x430/1772384028.webp?s=f344cc75f7b6c44c5576f0fbc14ebe8df2e85232,12,5
cravatta di Gucci,37.45,Gucci,0,https://www.vinted.it/items/8291581606-cravatta-di-gucci?referrer=catalog,1,8291581606,Sold,02/03/2026 09:54:25,,https://images1.vinted.net/t/04_014d8_k1AfUER575MS9WGAnT2pFxQ9/310x430/1772383980.webp?s=aee92543c3621757f4d796372d02927e99fd5e89,12,5
Giacca Reversibile Gucci - Taglia 48,1.2607,Gucci,M,https://www.vinted.it/items/8291560992-giacca-reversibile-gucci-taglia-48?referrer=catalog,8,8291560992,Sold,02/03/2026 09:54:25,,https://images1.vinted.net/t/06_01594_6LfmSszWP5Ezfry95k6FtV2y/310x430/1772383887.webp?s=9bc93383451185370d2672593ad2145153660280,12,5
Leren gucci riem origineel 80 cm,210.7,Gucci,80 cm,https://www.vinted.it/items/8291540120-leren-gucci-riem-origineel-80-cm?referrer=catalog,2,8291540120,Sold,02/03/2026 09:54:25,,https://images1.vinted.net/t/05_0263a_Rs1QXL1f6VPRgco8bFVo7rch/310x430/1772383794.webp?s=22747868c659183912950fc0b38005d173e27022,12,5
Cravate Gucci vintage,84.7,Gucci,0,https://www.vinted.it/items/8291529536-cravate-gucci-vintage?referrer=catalog,0,8291529536,Sold,02/03/2026 09:54:25,,https://images1.vinted.net/t/05_02465_KU8MNrVvoa9XjXbgn8nUdJCB/310x430/1772383747.webp?s=3e98ef4df483a071929762f8d7b1f6c17a50de7d,12,5
Borsa GG Marmont Gucci,945.7,Gucci,0,https://www.vinted.it/items/8291522296-borsa-gg-marmont-gucci?referrer=catalog,7,8291522296,Sold,02/03/2026 09:54:25,,https://images1.vinted.net/t/04_013bc_3iDEZQXCosZ7kXPPygJczqLn/310x430/1772383716.webp?s=3bfd29dd80b4288cbfde55f16af72240662a14fe,12,5
T-shirt Gucci,399.7,Gucci,XL,https://www.vinted.it/items/8291062104-t-shirt-gucci?referrer=catalog,1,8291062104,Sold,02/03/2026 09:54:25,,https://images1.vinted.net/t/06_00a74_ABCdrsdKd5DMvDm8vfUdGKWR/310x430/1772381731.webp?s=03f48d1e0f5405673137fb1da34d4f640c4e87c5,12,5
Gonna Gucci long green dark,100.45,Gucci,S / IT 40 / EU 36,https://www.vinted.it/items/8291509379-gonna-gucci-long-green-dark?referrer=catalog,2,8291509379,Sold,02/03/2026 09:54:25,,https://images1.vinted.net/t/06_006aa_3kwurrzy2Cbk1JuVKgZwprUb/310x430/1772383660.webp?s=f64fd81a7283f2ff230271f6dd4b69db81cff9cb,12,5
Casquette Gucci,420.7,Gucci,M,https://www.vinted.it/items/8291495179-casquette-gucci?referrer=catalog,1,8291495179,Sold,02/03/2026 09:54:25,,https://images1.vinted.net/t/05_008ef_8y1RruqMNRYYj3kQBGSudzvu/310x430/1772383598.webp?s=ec0b5c645bc714b2bc8789cb07f8f4f10f9880ba,12,5
Scampolo tessuto motivo Gucci GG,147.7,Gucci,0,https://www.vinted.it/items/8291467514-scampolo-tessuto-motivo-gucci-gg?referrer=catalog,53,8291467514,Sold,02/03/2026 09:54:25,,https://images1.vinted.net/t/01_025e8_EAV2DibvJ2gpxExK8t7fLm2x/310x430/1772383476.webp?s=8c29fc13b5158c973145e4ee981d7fa109f1550f,12,5
Poudre de beauté GUCCI - fini MAT,47.95,Gucci,0,https://www.vinted.it/items/8291467117-poudre-de-beaute-gucci-fini-mat?referrer=catalog,0,8291467117,Sold,02/03/2026 09:54:25,,https://images1.vinted.net/t/05_00f8b_EERKzNrzFjbfiXkwXSZVPdXk/310x430/1772383474.webp?s=b016a9abcfa5925f5b1c0c4c6f8548edc32b5e08,12,5
Traje hombre gucci,504.7,Gucci,XS,https://www.vinted.it/items/8291442373-traje-hombre-gucci?referrer=catalog,0,8291442373,Sold,02/03/2026 09:54:25,,https://images1.vinted.net/t/06_0225e_14Gu96dHPeAjA5DAnczsudPe/310x430/1772383366.webp?s=6982f88543d0114d27dd1f58590abe05257e8596,12,5
Gucci x adidas headband,210.7,Gucci,0,https://www.vinted.it/items/8291429752-gucci-x-adidas-headband?referrer=catalog,0,8291429752,Sold,02/03/2026 09:54:25,,https://images1.vinted.net/t/04_00d8a_LDY3oVsU4RMvkPLWsXdQbXKg/310x430/1772383311.webp?s=f898f6f8d17f27bb9b7fb475e3ab6b8978122da9,12,5
Scarpe con tacco Gucci,168.7,Gucci,38,https://www.vinted.it/items/8291426007-scarpe-con-tacco-gucci?referrer=catalog,0,8291426007,Sold,02/03/2026 09:54:25,,https://images1.vinted.net/t/05_01fb1_ZWUF2PL7RZbAaFJumw9pQeta/310x430/1772383294.webp?s=3feaa76d4e89cd0d1c9ed002f672b2f1c1694a41,12,5
Concentré de beauté - Gucci,34.3,Gucci,0,https://www.vinted.it/items/8291415721-concentre-de-beaute-gucci?referrer=catalog,1,8291415721,Sold,02/03/2026 09:54:25,,https://images1.vinted.net/t/05_01d32_Ws3SfsiP4RqvWzohD5wxgnvP/310x430/1772383248.webp?s=40d5643198df7486c9d3ce74133d4ec72d74d089,12,5
Gucci,31.14,Gucci,0,https://www.vinted.it/items/8291178790-gucci?referrer=catalog,1,8291178790,Sold,02/03/2026 09:54:25,,https://images1.vinted.net/t/04_017fb_hpkGSwBpqEJfjM2yWkfxVwE6/310x430/1772382228.webp?s=ff7d4991514a3ac4b9b119aafa9fd3942f7c47e6,12,5
Portacarte Gucci Nero Nuovo,137.2,Gucci,0,https://www.vinted.it/items/8260080936-portacarte-gucci-nero-nuovo?referrer=catalog,0,8260080936,Sold,02/03/2026 09:54:25,,https://images1.vinted.net/t/05_008ec_mhFja5qYoUudEd9shRrEojHH/310x430/1772037458.webp?s=413744d0bbd5f9b0a2be5c8c68d23e38072f62fa,12,5
Gucci Haarspange Spange Herz 8,74.2,Gucci,0,https://www.vinted.it/items/8291401539-gucci-haarspange-spange-herz-80-x-40-cm-neu?referrer=catalog,1,8291401539,Sold,02/03/2026 09:54:25,,https://images1.vinted.net/t/06_007d7_hDaXNogDQ8h4j8qKw1iJiajr/310x430/1772383186.webp?s=feddad8c0b80cd0d86a9a26e1ad6f7b940344703,12,5
Bottes montantes homme Gucci  taille 40,158.2,Gucci,40,https://www.vinted.it/items/8291390621-bottes-montantes-homme-gucci-taille-40?referrer=catalog,0,8291390621,Sold,02/03/2026 09:54:25,,https://images1.vinted.net/t/05_00c8c_1r3A5b3WYCFnjmeEDd9qLtKR/310x430/1772383139.webp?s=31738b40d133ecfd933b822b4f5936594c0f9849,12,5
Glow skin tint - crème teintée - Gucci,38.5,Gucci,0,https://www.vinted.it/items/8291375464-glow-skin-tint-creme-teintee-gucci?referrer=catalog,1,8291375464,Sold,02/03/2026 09:54:25,,https://images1.vinted.net/t/06_01311_ghF4472sBxcGdXaU7i1d6N4K/310x430/1772383073.webp?s=6f2fe2df5e46e30defc4c8d5089d869b65827a70,12,5
Collana G Gucci,158.2,Gucci,0,https://www.vinted.it/items/8291355880-collana-g-gucci?referrer=catalog,0,8291355880,Sold,02/03/2026 09:54:25,,https://images1.vinted.net/t/06_006af_EEZATk64yorE1ryQ6cU58qU8/310x430/1772382988.webp?s=c936e03948a525be727d9c052b95e422709a91eb,12,5
Cappotto Gucci,1.2607,Gucci,M / IT 42 / EU 38,https://www.vinted.it/items/8290777963-cappotto-gucci?referrer=catalog,0,8290777963,Sold,02/03/2026 09:54:25,,https://images1.vinted.net/t/05_024be_7vwBHMyJ8HXcVVTxfVZ3TsCB/310x430/1772380529.webp?s=5f8e499730555d1946da5aa593b28b1ff2f018be,12,5
Poudre matifiante - Matt Powder - Gucci,42.7,Gucci,0,https://www.vinted.it/items/8291336236-poudre-matifiante-matt-powder-gucci?referrer=catalog,0,8291336236,Sold,02/03/2026 09:54:25,,https://images1.vinted.net/t/04_023ee_4rjdq5bXZJdgLo4YEfwBpB7K/310x430/1772382902.webp?s=2334c00b76597d76202a3eacc74e95f99e3c955b,12,5
Giacca Vintage Gucci,1.0507,Gucci,Altro,https://www.vinted.it/items/8291232731-giacca-vintage-gucci?referrer=catalog,1,8291232731,Sold,02/03/2026 09:54:25,,https://images1.vinted.net/t/05_01e4b_ofukQuaHsDvp7ngGGQQ6DCRw/310x430/1772382458.webp?s=69e1a430439b55794691d7d7dd916d738d475557,12,5
Sandales GUCCI noires compensées – 37,168.7,Gucci,37.5,https://www.vinted.it/items/8291304461-sandales-gucci-noires-compensees-375-cuir?referrer=catalog,26,8291304461,Sold,02/03/2026 09:54:25,,https://images1.vinted.net/t/01_01a5f_nm4RegGnLdbv3Ggf8ZjkH1SJ/310x430/1772382766.webp?s=f4683aa8d3fd452fce3358be118d2bf1b0b48dc3,12,5
Casquette Gucci,336.7,Gucci,M,https://www.vinted.it/items/8291272589-casquette-gucci?referrer=catalog,4,8291272589,Sold,02/03/2026 09:54:25,,https://images1.vinted.net/t/01_00f63_FLBrpg4iXE3JpMmLRKed7w18/310x430/1772382660.webp?s=58041f9034bdf95c1416bd7e39ff9b484f85f15a,12,5
Miniature de parfum Gucci mémoire d’une odeur,21.7,Gucci,0,https://www.vinted.it/items/8291268461-miniature-de-parfum-gucci-memoire-dune-odeur?referrer=catalog,0,8291268461,Sold,02/03/2026 09:54:25,,https://images1.vinted.net/t/01_010ba_Uia9HnVTub3xUWvfKy9Pnc8z/310x430/1772382610.webp?s=c2ddd276596094d64142b7638cb550c6aca634db,12,5
Gucci Bloom Eau de Parfum 100ml spray,68.95,Gucci,0,https://www.vinted.it/items/8291239646-gucci-bloom-eau-de-parfum-100ml-spray?referrer=catalog,0,8291239646,Sold,02/03/2026 09:54:25,,https://images1.vinted.net/t/06_002c1_PBG2UFqmPbRHauaqnk4JaiST/310x430/1772382488.webp?s=c700a8a44f21ab153601a70102c63f4f5e3cf503,12,5
Moccasins Gucci,126.7,Gucci,17,https://www.vinted.it/items/8291223381-moccasins-gucci?referrer=catalog,4,8291223381,Sold,02/03/2026 09:54:25,,https://images1.vinted.net/t/04_00728_zmoo67RFvbNM3SDxkx9LNzAG/310x430/1772382418.webp?s=1bee6fa305c6b48b1830797045a5dec74dc41538,12,5
Mocassino Gucci,347.2,Gucci,37,https://www.vinted.it/items/8291205711-mocassino-gucci?referrer=catalog,2,8291205711,Sold,02/03/2026 09:54:52,,https://images1.vinted.net/t/05_016be_LmyuJ59ey6GQC2JJW8tBusCN/310x430/1772382342.webp?s=e5f8f9f1536e1423fcf988d95cb5c2aacadaeaa7,12,6
Éternité de Beauté - Fond de teint SPF 15 - teinte 130W,34.3,Gucci,0,https://www.vinted.it/items/8291114782-eternite-de-beaute-fond-de-teint-spf-15-teinte-130w?referrer=catalog,1,8291114782,Sold,02/03/2026 09:54:52,,https://images1.vinted.net/t/01_00d99_xwd9Jx2JVrPTTT4UT1T2Qk8r/310x430/1772381955.webp?s=b3d48b5a8003517b9a3992e8602e2b7d9e803d1b,12,6
Occhiali da sole Gucci,137.2,Gucci,0,https://www.vinted.it/items/8291188278-occhiali-da-sole-gucci?referrer=catalog,4,8291188278,Sold,02/03/2026 09:54:52,,https://images1.vinted.net/t/06_021a8_VoQHURgzEA583FRQt6LYLYJm/310x430/1772382268.webp?s=9b155b79ea167489234c70ef62d3cc8413b8fc61,12,6
Labial Gucci Rouge a de beaute brilliant,26.95,Gucci,0,https://www.vinted.it/items/8291167105-labial-gucci-rouge-a-de-beaute-brilliant?referrer=catalog,1,8291167105,Sold,02/03/2026 09:54:52,,https://images1.vinted.net/t/06_0100d_EqL8LjiQWuEnCJDus3dcRmts/310x430/1772382178.webp?s=058868f8550257d9b6030d2eaabce2f5d1579cd5,12,6
Sweatshirt Gucci nova tamanho M,199.15,Gucci,M,https://www.vinted.it/items/8259860979-sweatshirt-gucci-nova-tamanho-m?referrer=catalog,1,8259860979,Sold,02/03/2026 09:54:52,,https://images1.vinted.net/t/01_01684_FkkmbLbKCeXzx3GoeqFDR4Wj/310x430/1772035982.webp?s=5bf4973f05e510d95b321f8afa1b8b930dccf22b,12,6
Porte carte Gucci,74.2,Gucci,0,https://www.vinted.it/items/8259857064-porte-carte-gucci?referrer=catalog,21,8259857064,Sold,02/03/2026 09:54:52,,https://images1.vinted.net/t/06_00105_DAj6fHoBtHqh5EPVsQaWC5nu/310x430/1772035955.webp?s=53965a4a99b338dce25b031106bcac666dccb1a8,12,6
Occhiali da sole Gucci unisex nuovi,189.7,Gucci,0,https://www.vinted.it/items/8291087231-occhiali-da-sole-gucci-unisex-nuovi?referrer=catalog,0,8291087231,Sold,02/03/2026 09:54:52,,https://images1.vinted.net/t/06_017d6_1113uyrWEnjytqhyFeQc6qBm/310x430/1772381837.webp?s=c20cf257894125c82c827ec75bf2b12c30b43b7b,12,6
Gucci Sunglasses Tortoiseshell | Authentic | New Without Tags | Full Set,146.65,Gucci,0,https://www.vinted.it/items/8291042079-gucci-sunglasses-tortoiseshell-authentic-new-without-tags-full-set?referrer=catalog,0,8291042079,Sold,02/03/2026 09:54:52,,https://images1.vinted.net/t/05_01979_MT4Vn2YovoweM5mUTP2c5ohN/310x430/1772381647.webp?s=a46e9c2b902eb8f819a82464d7b708ea3b7b8aff,12,6
Porte-Carte Gucci,210.7,Gucci,0,https://www.vinted.it/items/8291027693-porte-carte-gucci?referrer=catalog,1,8291027693,Sold,02/03/2026 09:54:52,,https://images1.vinted.net/t/03_023fc_rbc3GF4aGj76Ze2RvxYEYazC/310x430/1772381585.webp?s=d419d8f9b60e748f605ada7b244b1ffd4a3cca7f,12,6
T-shirt Gucci nova tamanho S,199.15,Gucci,S,https://www.vinted.it/items/8259788019-t-shirt-gucci-nova-tamanho-s?referrer=catalog,12,8259788019,Sold,02/03/2026 09:54:52,,https://images1.vinted.net/t/06_00d94_5QmF7ojH3Qa8V2VD4NXN6nFW/310x430/1772035488.webp?s=662869b08df12eee7405d2f6b63e6783e7fc3f2f,12,6
Gucci mini size,7.0,Gucci,0,https://www.vinted.it/items/8290973125-gucci-mini-size?referrer=catalog,1,8290973125,Sold,02/03/2026 09:54:52,,https://images1.vinted.net/t/05_011a5_1UJGQp4WM3Yhq7yUhopt2wKW/310x430/1772381353.webp?s=e12b307a487e6642d8e285847ef02002ee5a75cc,12,6
Gucci Sonnenrille original + Etui,116.2,Gucci,0,https://www.vinted.it/items/8290969668-gucci-sonnenrille-original-etui?referrer=catalog,0,8290969668,Sold,02/03/2026 09:54:52,,https://images1.vinted.net/t/05_011ac_AGE2WpjWMF2LTmBZZNQu4pV9/310x430/1772381338.webp?s=0fc76f423da783b0aeaad98b7e588b17b0a5e16a,12,6
Casquette Gucci classique noir,378.7,Gucci,M,https://www.vinted.it/items/8290951129-casquette-gucci-classique-noir?referrer=catalog,8,8290951129,Sold,02/03/2026 09:54:52,,https://images1.vinted.net/t/06_014d1_as7WYApfYdMiUuoe5wdeqGT2/310x430/1772381260.webp?s=98c2a4c7710c499e7387458bf22b5550c0e9e974,12,6
Gucci sjaal,89.95,Gucci,0,https://www.vinted.it/items/8290902285-gucci-sjaal?referrer=catalog,0,8290902285,Sold,02/03/2026 09:54:52,,https://images1.vinted.net/t/03_018ed_B4uLucpBdG3j1488jzqVJYv5/310x430/1772381051.webp?s=34032f0b560c69f4667104fc2d37e0dd5c7d9445,12,6
Casquette Gucci rose,473.2,Gucci,M,https://www.vinted.it/items/8290894892-casquette-gucci-rose?referrer=catalog,0,8290894892,Sold,02/03/2026 09:54:52,,https://images1.vinted.net/t/05_01c35_KJurGf77ApqCCwG1qJAEmLRL/310x430/1772381020.webp?s=dbc99d9b8d44e4f3b10dad7060676d2f62d7a389,12,6
Écharpe Gucci,315.7,Gucci,0,https://www.vinted.it/items/8290894198-echarpe-gucci?referrer=catalog,3,8290894198,Sold,02/03/2026 09:54:52,,https://images1.vinted.net/t/06_00d50_5Rg1txYnrGCkNzeJwVb5MV66/310x430/1772381017.webp?s=990b5311797cd24d06ce81480f39bb6ad5a68ad2,12,6
Portefeuille Gucci,189.7,Gucci,0,https://www.vinted.it/items/8290889011-portefeuille-gucci?referrer=catalog,4,8290889011,Sold,02/03/2026 09:54:52,,https://images1.vinted.net/t/05_01442_q7aHspVQ1LNf7ad8LE8Ccpaf/310x430/1772380995.webp?s=fabe19a5364d49c011a5e95351bb1a6fff4b9cea,12,6
Gucci Espadrilles aus Denim,473.2,Gucci,39,https://www.vinted.it/items/8290882589-gucci-espadrilles-aus-denim?referrer=catalog,0,8290882589,Sold,02/03/2026 09:54:52,,https://images1.vinted.net/t/05_0247b_EBHAattZHVemJNXdFxkj3cN6/310x430/1772380968.webp?s=69e4e01911547e10157c1172bc400d9ee119dff6,12,6
Gucci Guilty Essence Pour Homme Eau de Toilette,58.45,Gucci,0,https://www.vinted.it/items/8290866994-gucci-guilty-essence-pour-homme-eau-de-toilette?referrer=catalog,0,8290866994,Sold,02/03/2026 09:54:52,,https://images1.vinted.net/t/02_00722_PJ5eULEEpgxAFbvtfLu8NHnj/310x430/1772380903.webp?s=1837f0ee743a68b7af636ca117a44170c7b8fcd3,12,6
Mules Gucci,835.45,Gucci,39.5,https://www.vinted.it/items/8290804794-mules-gucci?referrer=catalog,1,8290804794,Sold,02/03/2026 09:54:52,,https://images1.vinted.net/t/04_0191e_xhSUaGzPw39wXZZFyiZeuCR7/310x430/1772380641.webp?s=80c10065de463b6c6703dd97396d0f541efee0a3,12,6
Gucci Fischerhut neu mit Etikett,251.65,Gucci,S,https://www.vinted.it/items/8290609221-gucci-fischerhut-neu-mit-etikett?referrer=catalog,0,8290609221,Sold,02/03/2026 09:54:52,,https://images1.vinted.net/t/06_0130e_LmGo8GvuRGCt5WA4Y221zHyz/310x430/1772379820.webp?s=5558c6f97e89c44d50a5b9440b9d629d87ba426a,12,6
Gucci | new with tags | leather belt | 80 | beautiful christal “G” belt buckle,368.2,Gucci,80 cm,https://www.vinted.it/items/8289875332-gucci-new-with-tags-leather-belt-80-beautiful-christal-g-belt-buckle?referrer=catalog,0,8289875332,Sold,02/03/2026 09:54:52,,https://images1.vinted.net/t/05_024f5_WGuiD1RCF8ATvnoYb1gcHnJF/310x430/1772376712.webp?s=f217c8908c811b95e565cba5344719a02ac59b3b,12,6
Gucci Rython (44),126.7,Gucci,44,https://www.vinted.it/items/8290776277-gucci-rython-44?referrer=catalog,1,8290776277,Sold,02/03/2026 09:54:52,,https://images1.vinted.net/t/04_01697_xPZz28rz6kNTgt3nEPmvyNbg/310x430/1772380522.webp?s=a3101f12dae3cb5e06dc1e8fe221759925f806d7,12,6
Gucci flora,104.65,Gucci,0,https://www.vinted.it/items/8290770641-gucci-flora?referrer=catalog,0,8290770641,Sold,02/03/2026 09:54:52,,https://images1.vinted.net/t/06_00842_ebUhxyKcQPXdDSwZVTuT2QC4/310x430/1772380498.webp?s=5dea35ace1ef97ec0f2c32dc4a559a76ce3ae6a1,12,6
borsetta gucci,1.2607,Gucci,0,https://www.vinted.it/items/8290744940-borsetta-gucci?referrer=catalog,3,8290744940,Sold,02/03/2026 09:54:52,,https://images1.vinted.net/t/05_01973_zNNiBA14fig1naweR4kkhirn/310x430/1772380391.webp?s=ac0ad314565cf10caaa6ac32f4552022a6cd868e,12,6
Damen gucci clogs,200.2,Gucci,40.5,https://www.vinted.it/items/8289841499-damen-gucci-clogs?referrer=catalog,0,8289841499,Sold,02/03/2026 09:54:52,,https://images1.vinted.net/t/06_0020b_Vs9763g84BGs7dbhJqkZT2v1/310x430/1772376569.webp?s=9ee00abc8c0d5565964ba411b455a7fd7dfe72f9,12,6
Gucci Rhyton GG Multicolor,735.7,Gucci,46,https://www.vinted.it/items/8290698975-gucci-rhyton-gg-multicolor?referrer=catalog,1,8290698975,Sold,02/03/2026 09:54:52,,https://images1.vinted.net/t/06_0109a_riPvrsBFawV9on3dAK4uZ8f9/310x430/1772380198.webp?s=761556a88954f7125aee79ac8529805efea6d44a,12,6
Jeans GUCCI originale,525.7,Gucci,XS / IT 38 / EU 34,https://www.vinted.it/items/8289855458-jeans-gucci-originale?referrer=catalog,10,8289855458,Sold,02/03/2026 09:54:52,,https://images1.vinted.net/t/05_01160_iASstSvNnXmgEHQqNm8BC1rJ/310x430/1772376629.webp?s=cdff324bb48cf0e493f9390bb308d942139404f4,12,6
Portacarte gucci nuovo,147.7,Gucci,0,https://www.vinted.it/items/8297880449-portacarte-gucci-nuovo?referrer=catalog,0,8297880449,Sold,02/03/2026 15:11:19,,https://images1.vinted.net/t/05_022e5_Tr8Ei8EsPLtxneGhdgykp6pp/310x430/1772460211.webp?s=6c354560c24a86fe53e4521c91fcec07660152c4,5,1
Mule gucci,210.7,Gucci,38,https://www.vinted.it/items/8297935326-mule-gucci?referrer=catalog,0,8297935326,Sold,02/03/2026 15:11:19,,https://images1.vinted.net/t/05_020a1_DY4kdK4esnNswGC7vdefFVqb/310x430/1772460567.webp?s=e8320e8022820ef0e843379f911e1ee2c2f35052,5,1
Montatura occhiali gucci,158.2,Gucci,0,https://www.vinted.it/items/8297933803-montatura-occhiali-gucci?referrer=catalog,0,8297933803,Sold,02/03/2026 15:11:19,,https://images1.vinted.net/t/03_01bc1_uZXUdxoKzvvSWWwh4pGc2FUE/310x430/1772460557.webp?s=5f09bc91fed1f12c7c5d7cd0544e343e0a987f03,5,1
Chaussures GUCCI cuir noir,74.2,Gucci,38,https://www.vinted.it/items/8297630465-chaussures-gucci-cuir-noir?referrer=catalog,0,8297630465,Sold,02/03/2026 15:11:19,,https://images1.vinted.net/t/01_01d44_qNG5DJAQV8sjAdShAVsZmhWD/310x430/1772458578.webp?s=aae43e606b05f0d3a19c01b609d1dd48751369d9,5,1
Maglioncino Gucci S,210.7,Gucci,S,https://www.vinted.it/items/8297818116-maglioncino-gucci-s?referrer=catalog,0,8297818116,Sold,02/03/2026 15:11:19,,https://images1.vinted.net/t/06_01091_9Gig48P4JB5BF5qXoVJj9oeS/310x430/1772459803.webp?s=ef3adc0003d3586e89cae504f23a39744a1c2be3,5,1
Sacoche Gucci état quasi neuf,683.2,Gucci,0,https://www.vinted.it/items/8297815291-sacoche-gucci-etat-quasi-neuf?referrer=catalog,0,8297815291,Sold,02/03/2026 15:11:19,,https://images1.vinted.net/t/05_015a5_tNWHx18wMdshADhyG56WGudq/310x430/1772459785.webp?s=9c5e85d60f58716268492827e469d998278bdf61,5,1
GUCCI veste type smoking T.50,420.7,Gucci,50,https://www.vinted.it/items/8297912090-gucci-veste-type-smoking-t50?referrer=catalog,1,8297912090,Sold,02/03/2026 15:11:19,,https://images1.vinted.net/t/06_01456_oyi6tuzBHHzVzeQwyhjrcsVV/310x430/1772460416.webp?s=342b19533ad8ee8273accba4dd49184957a42718,5,1
Portacarte Guggi,157.15,Gucci,0,https://www.vinted.it/items/8292348565-portacarte-guggi?referrer=catalog,0,8292348565,Sold,02/03/2026 15:11:19,,https://images1.vinted.net/t/01_01bd8_5n2tSTw65nwtQdepNoFR4r23/310x430/1772387727.webp?s=5585253f82a6680d405a52f23808c2a6ab05cf4e,5,1
Claquettes Gucci,368.2,Gucci,42,https://www.vinted.it/items/8297895623-claquettes-gucci?referrer=catalog,0,8297895623,Sold,02/03/2026 15:11:19,,https://images1.vinted.net/t/06_003b4_MfEjCGe3RL264EjXDMfi7VWm/310x430/1772460309.webp?s=49f7ff39992c29f9d878ceee9712e1009840df2b,5,1
Sudadera gucci estampada,1.3657,Gucci,S,https://www.vinted.it/items/8297555422-sudadera-gucci-estampada?referrer=catalog,0,8297555422,Sold,02/03/2026 15:11:19,,https://images1.vinted.net/t/05_02582_zJFESdDPTPxdD42DCYMXEGcV/310x430/1772458079.webp?s=80a9d790d945ab189f76c53e1cbadbf09117b066,5,1
Gucci totalement neuf rouge à lèvres satin 601,23.8,Gucci,0,https://www.vinted.it/items/8297889093-gucci-totalement-neuf-rouge-a-levres-satin-601?referrer=catalog,0,8297889093,Sold,02/03/2026 15:11:19,,https://images1.vinted.net/t/05_010a2_dgS5kcfhhzFaYqF3unFWks9h/310x430/1772460267.webp?s=51d6f759502cf4b54d43c431c3e5949c3e93bf4c,5,1
Gucci x Adidas Hose,314.65,Gucci,S / IT 40 / EU 36,https://www.vinted.it/items/8297885380-gucci-x-adidas-hose?referrer=catalog,1,8297885380,Sold,02/03/2026 15:11:19,,https://images1.vinted.net/t/06_01cee_nWk7S4Dqygs2x1EHYXSxtys2/310x430/1772460243.webp?s=73ebd678abcc2c885b6aa20eadc3bef2d184e37c,5,1
Gucci double G oorringen 925 Sterling silver nieuw,263.2,Gucci,0,https://www.vinted.it/items/8297880523-gucci-double-g-oorringen-925-sterling-silver-nieuw?referrer=catalog,0,8297880523,Sold,02/03/2026 15:11:19,,https://images1.vinted.net/t/05_01bde_ZWN4LTHBK5Y3bgBx7ab2xxUP/310x430/1772460212.webp?s=db7219936ea154c4625636ef4574522754a14686,5,1
jeans gucci 4 anni,42.7,Gucci,4 anni / 104 cm,https://www.vinted.it/items/8297871770-jeans-gucci-4-anni?referrer=catalog,2,8297871770,Sold,02/03/2026 15:11:19,,https://images1.vinted.net/t/05_007c7_KxVCwDbDEwvgYhCn15kgdmQB/310x430/1772460154.webp?s=20d56f1b15f2ef346f387ab25081b92cae9b3d37,5,1
Scarpe stringate platform nere – Nuove,840.7,Gucci,39.5,https://www.vinted.it/items/8297857832-scarpe-stringate-platform-nere-nuove?referrer=catalog,0,8297857832,Sold,02/03/2026 15:11:19,,https://images1.vinted.net/t/01_025bf_DXwJuE2gEgy5iAqpfzxq7LWo/310x430/1772460062.webp?s=e52022a30b9d1ce642e06d737f1cb830a7a373be,5,1
GUCCI  Bamboo 85ml ungebraucht,58.45,Gucci,0,https://www.vinted.it/items/8297856247-gucci-bamboo-85ml-ungebraucht?referrer=catalog,0,8297856247,Sold,02/03/2026 15:11:19,,https://images1.vinted.net/t/05_0270d_cRigAZVbEjaki5t8k28Nwkxx/310x430/1772460052.webp?s=709505af8013b627b7b0ef7038be66549e239da2,5,1
Mocassins Jordaan Guicci,452.2,Gucci,38.5,https://www.vinted.it/items/8297850229-mocassins-jordaan-guicci?referrer=catalog,0,8297850229,Sold,02/03/2026 15:11:19,,https://images1.vinted.net/t/06_02036_6rX9rriqRQo9aHnZxWLDmEBX/310x430/1772460012.webp?s=f35e79f07afd7d123a22c23bdfb423c2f462b2af,5,1
Coffret Gucci,105.7,Gucci,0,https://www.vinted.it/items/8265707330-coffret-gucci?referrer=catalog,0,8265707330,Sold,02/03/2026 15:11:19,,https://images1.vinted.net/t/06_00991_GbgtH8jw2HRVdkFYiZhRGSfv/310x430/1772114129.webp?s=b97ee94e18a18b139da175c9450f1242b8eeaf6a,5,1
Sac Gucci,588.7,Gucci,0,https://www.vinted.it/items/8265714860-sac-gucci?referrer=catalog,2,8265714860,Sold,02/03/2026 15:11:19,,https://images1.vinted.net/t/04_0225b_Drf3c9WJeuUBDa7xDoRaYkKd/310x430/1772114182.webp?s=802a400226e5012f6d16e96f88a19233bb3b7fb2,5,1
Ritaglio di tessuto marrone - Gucci,137.2,Gucci,Altro,https://www.vinted.it/items/8265695910-ritaglio-di-tessuto-marrone-gucci?referrer=catalog,0,8265695910,Sold,02/03/2026 15:11:19,,https://images1.vinted.net/t/06_00a5e_c367hF3wrhLEwKYE1X7rGQ3D/310x430/1772114049.webp?s=8fcc7316b9aff656d2e3a4c38bcf17cca57dbec8,5,1
T-shirt,26.95,Gucci,L,https://www.vinted.it/items/8265669431-t-shirt?referrer=catalog,4,8265669431,Sold,02/03/2026 15:11:19,,https://images1.vinted.net/t/06_015e5_vEa6MNQ83Txkwt16dC5B1Ny5/310x430/1772113862.webp?s=18cb026d74818ee29d7f513015833f2ae6bf3d4c,5,1
Occhiali Gucci,116.2,Gucci,0,https://www.vinted.it/items/8297833113-occhiali-gucci?referrer=catalog,0,8297833113,Sold,02/03/2026 15:11:19,,https://images1.vinted.net/t/06_0205f_ZYjipvxi5RfYSvq4fhaqarbf/310x430/1772459900.webp?s=4c22edbb456497c9fc3f87edb05f16e383aaba07,5,1
Neue Original GUCCI Sonnenbrille,137.2,Gucci,0,https://www.vinted.it/items/8297821991-neue-original-gucci-sonnenbrille?referrer=catalog,0,8297821991,Sold,02/03/2026 15:11:19,,https://images1.vinted.net/t/06_006e7_8Hjtg5EP1kRFNWTPoJxgp9Sz/310x430/1772459828.webp?s=c501be4da7dd228dd67fb326bd5c55c8dbef6625,5,1
Gucci Flora Gorgeus Gardenia 100ml,63.7,Gucci,0,https://www.vinted.it/items/8297811186-gucci-flora-gorgeus-gardenia-100ml?referrer=catalog,0,8297811186,Sold,02/03/2026 15:11:19,,https://images1.vinted.net/t/05_018f4_Vky8PXw6yvaYo7aUtKPXPLby/310x430/1772459758.webp?s=fc126b150b2f9fdadad221333df2e25438586dac,5,1
Gucci Rhyton Sneaker Schuhe,142.45,Gucci,40,https://www.vinted.it/items/8297800472-gucci-rhyton-sneaker-schuhe?referrer=catalog,1,8297800472,Sold,02/03/2026 15:11:19,,https://images1.vinted.net/t/04_00d17_Dj353c62XdeLntZkw6q7i6ke/310x430/1772459688.webp?s=16d379a135ba210e50223e85cde43835859a86ff,5,1
Gucci flora gardenia,26.95,Gucci,0,https://www.vinted.it/items/8297783823-gucci-flora-gardenia?referrer=catalog,1,8297783823,Sold,02/03/2026 15:11:19,,https://images1.vinted.net/t/05_00d2a_GgVTStYDktVKGeHaNHxo3hVf/310x430/1772459580.webp?s=f2858dd1b0f6341b37cf30ffa012ae98f2edbb59,5,1
NEU Gucci Luxus Schal/Stola (140x140 100% Wol🌸,368.2,Gucci,0,https://www.vinted.it/items/8297759939-neu-gucci-luxus-schalstola-140x140-100-wol?referrer=catalog,1,8297759939,Sold,02/03/2026 15:11:19,,https://images1.vinted.net/t/05_00bde_gCQohD9eNk5NhoAGwKo9EQAx/310x430/1772459425.webp?s=a73e72581eb53ac9c8cee728d5fbb5d5caf704e5,5,1
Lunette Gucci,42.7,Gucci,0,https://www.vinted.it/items/8297755986-lunette-gucci?referrer=catalog,0,8297755986,Sold,02/03/2026 15:11:19,,https://images1.vinted.net/t/04_0029b_bJMSkDVE1FvEKDAm1RvLVPqy/310x430/1772459399.webp?s=9a42dd00ef51956ce6ef9b3cfcddbf53ce067784,5,1
Gucci occhiali Gc1338S,84.7,Gucci,0,https://www.vinted.it/items/8297694175-gucci-occhiali-gc1338s?referrer=catalog,0,8297694175,Sold,02/03/2026 15:11:19,,https://images1.vinted.net/t/06_01bfc_sPXHfe8TQacmWaeqyJgbVRjm/310x430/1772458996.webp?s=e66ee8966d1163c9ab0bdfce8fd02d046ff37057,5,1
Slipper Princetown Gucci,263.2,Gucci,36.5,https://www.vinted.it/items/8297738055-slipper-princetown-gucci?referrer=catalog,1,8297738055,Sold,02/03/2026 15:11:19,,https://images1.vinted.net/t/06_017d0_2Chi5weEbJQayqWqVG2tnxdL/310x430/1772459280.webp?s=a42004bd89981a8c2a28f75af762a2d4b1048b34,5,1
Gucci zonnebril UNISEX,84.7,Gucci,0,https://www.vinted.it/items/8297734914-gucci-zonnebril-unisex?referrer=catalog,0,8297734914,Sold,02/03/2026 15:11:19,,https://images1.vinted.net/t/05_01ca5_VT38eFp78TZ88CYigBfSib2q/310x430/1772459260.webp?s=78eaef40e5503846c563ad137cd697702685bd2a,5,1
Gucci giacca velluto damascato,1.1557,Gucci,L,https://www.vinted.it/items/8297728964-gucci-giacca-velluto-damascato?referrer=catalog,2,8297728964,Sold,02/03/2026 15:11:19,,https://images1.vinted.net/t/05_01502_CDok1QCJHKfsJwz9QHLyyY6N/310x430/1772459220.webp?s=585a0036ceff424d5aa0c7a7291d783022c7f8f2,5,1
occhiali Gucci,189.7,Gucci,0,https://www.vinted.it/items/8297608824-occhiali-gucci?referrer=catalog,0,8297608824,Sold,02/03/2026 15:11:19,,https://images1.vinted.net/t/06_00f7c_p9bWvkWzsfBPMPn3YvZb76Nr/310x430/1772458434.webp?s=a9d9f7a063d8e72744a09d7cf04923f3eef37eff,5,1
Vêtements pour chien,21.7,Gucci,M,https://www.vinted.it/items/8297717952-vetements-pour-chien?referrer=catalog,0,8297717952,Sold,02/03/2026 15:11:19,,https://images1.vinted.net/t/05_00c4d_tvCq6PwW8SgMFayA3RJ6Gxno/310x430/1772459149.webp?s=2cdeee244d7e654d5e38d27ffb7b60ccbf6d29f1,5,1
Gucci flora gardenia,26.95,Gucci,0,https://www.vinted.it/items/8297710727-gucci-flora-gardenia?referrer=catalog,1,8297710727,Sold,02/03/2026 15:11:19,,https://images1.vinted.net/t/01_0265d_vKPZXyg4Gw4LDUHa1kwwycwn/310x430/1772459102.webp?s=dc7d34ba0cb30739e580c4f0f7dff8963664801c,5,1
Profumo flora Gucci intense 100ml,105.7,Gucci,0,https://www.vinted.it/items/8297701259-profumo-flora-gucci-intense-100ml?referrer=catalog,1,8297701259,Sold,02/03/2026 15:11:19,,https://images1.vinted.net/t/05_00c38_cgvhmCfCKJ89MJtGkDwEBa1E/310x430/1772459042.webp?s=479736a39f065d6488d45ca78d59399c6195c51a,5,1
Paire de chaussures Gucci,368.2,Gucci,40,https://www.vinted.it/items/8297700381-paire-de-chaussures-gucci?referrer=catalog,0,8297700381,Sold,02/03/2026 15:11:19,,https://images1.vinted.net/t/06_02354_ZcLaUDHUbCzPwBDahPnqyGoL/310x430/1772459036.webp?s=50cb16fa7297157161f358c74f68928c7e6d0003,5,1
Gucci - zonnebril - nieuw,131.95,Gucci,0,https://www.vinted.it/items/8297698405-gucci-zonnebril-nieuw?referrer=catalog,2,8297698405,Sold,02/03/2026 15:11:19,,https://images1.vinted.net/t/05_01b22_jZnrUZv9fauNVdPQdrdDrL3k/310x430/1772459023.webp?s=a4a373e0f3b52a846ef91b2a81bf6b317509a57a,5,1
Mules Princetown Gucci,431.2,Gucci,43,https://www.vinted.it/items/8297688962-mules-princetown-gucci?referrer=catalog,0,8297688962,Sold,02/03/2026 15:11:19,,https://images1.vinted.net/t/05_01cfd_Lx92CCkrY3kxbjtxw2GCGyo8/310x430/1772458962.webp?s=ffe519cadf5a6f409313ccc1e6d963dccf401a99,5,1
Baskets blanche Gucci,326.2,Gucci,37,https://www.vinted.it/items/8297685690-baskets-blanche-gucci?referrer=catalog,2,8297685690,Sold,02/03/2026 15:11:19,,https://images1.vinted.net/t/05_01607_2cDWrjUx3t3wsgwei9wCJQCP/310x430/1772458940.webp?s=31c8c4081ff1b9a8bc034014fa9264ad85e66f10,5,1
Gucci Schuhe,84.7,Gucci,42,https://www.vinted.it/items/8297685359-gucci-schuhe?referrer=catalog,0,8297685359,Sold,02/03/2026 15:11:19,,https://images1.vinted.net/t/04_01c4d_oCqobczyx49C9M8cqfyhMW3T/310x430/1772458938.webp?s=441cd30c9c5b4edeb306ff6eb5a5813335d8f74c,5,1
Foulard Gucci con tigri,231.7,Gucci,0,https://www.vinted.it/items/8297658395-foulard-gucci-con-tigri?referrer=catalog,2,8297658395,Sold,02/03/2026 15:11:19,,https://images1.vinted.net/t/05_019ab_xtTDfBKfjwX4SWuLNbWuRwBD/310x430/1772458761.webp?s=cefa241c91d0d20d7d5d8c084e6f372f7461e020,5,1
Neceser gucci beauty,47.95,Gucci,0,https://www.vinted.it/items/8297596608-neceser-gucci-beauty?referrer=catalog,1,8297596608,Sold,02/03/2026 15:11:19,,https://images1.vinted.net/t/01_00fd8_eEf7YVLz8MLjmBA7ahAwm8zC/310x430/1772458353.webp?s=f3d22f1ffb03161ae32ac657e544572e50d7ac7d,5,1
Sneaker Gucci,158.2,Gucci,39.5,https://www.vinted.it/items/8297634593-sneaker-gucci?referrer=catalog,1,8297634593,Sold,02/03/2026 15:11:19,,https://images1.vinted.net/t/06_01f93_vGhefuWfNyMr246dvrFh9FtE/310x430/1772458605.webp?s=0c4ad37358c700951b54a1542f96f93beb931610,5,1
Profumo Gucci,53.2,Gucci,0,https://www.vinted.it/items/8297632955-profumo-gucci?referrer=catalog,0,8297632955,Sold,02/03/2026 15:11:19,,https://images1.vinted.net/t/04_01f8a_923DiuBtjFKvZr1rpZxgVHA7/310x430/1772458594.webp?s=792e8b41cd4326c842151e7e89ab006f69789d1e,5,1
Gucci,74.2,Gucci,0,https://www.vinted.it/items/8297630582-gucci?referrer=catalog,3,8297630582,Sold,02/03/2026 15:11:19,,https://images1.vinted.net/t/01_00110_jyF4aGTo49Gitjq7HJ1ttECN/310x430/1772458578.webp?s=d8494b84ce236179f4a5311d5b00dd5db67c2ec7,5,1
zapatillas gucci,315.7,Gucci,40,https://www.vinted.it/items/8297625107-zapatillas-gucci?referrer=catalog,0,8297625107,Sold,02/03/2026 15:11:19,,https://images1.vinted.net/t/06_016d4_YWu5ZAjVWDRNmpkXhboVNnt5/310x430/1772458542.webp?s=4feaaad6a6906249718467f247d96a8d9a19d003,5,1
Gucci,1.2082,Gucci,M / IT 42 / EU 38,https://www.vinted.it/items/8296631483-gucci?referrer=catalog,1,8296631483,Sold,02/03/2026 15:11:19,,https://images1.vinted.net/t/05_0113f_YDb6mEs7gxV4u7HPQRJpfxrw/310x430/1772451614.webp?s=5b1968664fce0347f943072cfda85e6df54a6f37,5,1
Gucci flora gardenia,26.95,Gucci,0,https://www.vinted.it/items/8297605809-gucci-flora-gardenia?referrer=catalog,2,8297605809,Sold,02/03/2026 15:11:19,,https://images1.vinted.net/t/06_00416_C1heE4B4QDimiKcv3dtTPSsf/310x430/1772458413.webp?s=fba9fdb67da5c10ed5c8ed401ee1322db36a01ce,5,1
Orologio Gucci grip,394.45,Gucci,30–38 mm,https://www.vinted.it/items/8297603857-orologio-gucci-grip?referrer=catalog,2,8297603857,Sold,02/03/2026 15:11:19,,https://images1.vinted.net/t/06_0098e_pSFaVDurUKuXAvhgp3eYeECc/310x430/1772458401.webp?s=bf63a00efb9e06267a12ab929fed6cfe37062733,5,1
Maglietta Gucci,158.2,Gucci,M,https://www.vinted.it/items/8297537723-maglietta-gucci?referrer=catalog,1,8297537723,Sold,02/03/2026 15:11:19,,https://images1.vinted.net/t/06_021b4_b1PXAFPQTXScJFhWPUyqtJaC/310x430/1772457963.webp?s=8118fa14b7fe4c13347dde6cf5c7afb77ff497d8,5,1
Gucci Bloom Eau de Parfum,21.7,Gucci,0,https://www.vinted.it/items/8297583892-gucci-bloom-eau-de-parfum-30-ml-neu?referrer=catalog,0,8297583892,Sold,02/03/2026 15:11:19,,https://images1.vinted.net/t/04_0012c_N3oAU3koG3QCn3hDTVV84Nk1/310x430/1772458269.webp?s=4e6c15de6dacca8d5d35e8ebac0b7ccad6743a32,5,1
Shoes,410.2,Gucci,41,https://www.vinted.it/items/8297582093-shoes?referrer=catalog,1,8297582093,Sold,02/03/2026 15:11:19,,https://images1.vinted.net/t/06_0088c_gHHSZ7PSqPYAf2odhB6Niz2D/310x430/1772458257.webp?s=8a39ff10c3a340335b991f29d4a733ecac37cb27,5,1
Casquette Gucci,420.7,Gucci,S,https://www.vinted.it/items/8297574590-casquette-gucci?referrer=catalog,1,8297574590,Sold,02/03/2026 15:11:19,,https://images1.vinted.net/t/05_015b2_3aqQuQ82Sdk6LVgSLJbN4Xym/310x430/1772458207.webp?s=4891840202a269b3e2e3a6e071965f5fe60e3d33,5,1
Gucci zonnebril,368.2,Gucci,0,https://www.vinted.it/items/8297573437-gucci-zonnebril?referrer=catalog,0,8297573437,Sold,02/03/2026 15:11:19,,https://images1.vinted.net/t/04_01788_zPa8dAM1oGGS8iP4HLR5hmcZ/310x430/1772458199.webp?s=60f22f5c82599af2f69df760369ec1b202cf9ef6,5,1
Marmont caméra bag - Gucci,662.2,Gucci,0,https://www.vinted.it/items/8297506921-marmont-camera-bag-gucci?referrer=catalog,2,8297506921,Sold,02/03/2026 15:11:19,,https://images1.vinted.net/t/05_01eae_T2P1VXyfKDRJMzuchZFy1n4P/310x430/1772457757.webp?s=dbe14cb88f8df9cdcf0432ca2243c32dcf6a897c,5,1
Miniature de parfum 5 ml Gucci,16.45,Gucci,0,https://www.vinted.it/items/8297557450-miniature-de-parfum-5-ml-gucci?referrer=catalog,0,8297557450,Sold,02/03/2026 15:11:19,,https://images1.vinted.net/t/04_0270d_qZGPs7bse3DhVPQKzT5aDGsv/310x430/1772458093.webp?s=d926b4cabadffb7a427f0dca9ab100c9b475e7a9,5,1
Portefeuille Gucci,588.7,Gucci,0,https://www.vinted.it/items/8297553401-portefeuille-gucci?referrer=catalog,1,8297553401,Sold,02/03/2026 15:11:19,,https://images1.vinted.net/t/06_0073d_rYvpSCMdGMFVi9YPdT2oBLat/310x430/1772458066.webp?s=d7275a2e886dfebb04f9e1a57e090140c7ac3c79,5,1
Short GUCCI,231.7,Gucci,M,https://www.vinted.it/items/8297487963-short-gucci?referrer=catalog,1,8297487963,Sold,02/03/2026 15:11:19,,https://images1.vinted.net/t/06_023cf_DrUGYwnCzq4jMHhMHGwRouuL/310x430/1772457629.webp?s=9522a80cbb60d3a8802d2f1b1b9153513ceefa3d,5,1
Masque de ski Gucci miroir,226.45,Gucci,0,https://www.vinted.it/items/8297522566-masque-de-ski-gucci-miroir?referrer=catalog,0,8297522566,Sold,02/03/2026 15:11:19,,https://images1.vinted.net/t/06_01e23_p5jjHC68pv38FMdtd4QYGCad/310x430/1772457861.webp?s=40a773b0bbe12bbb4217bb16c51d7f613460337f,5,1
Occhiale Gucci donna,336.7,Gucci,0,https://www.vinted.it/items/8297519384-occhiale-gucci-donna?referrer=catalog,1,8297519384,Sold,02/03/2026 15:11:19,,https://images1.vinted.net/t/06_021a3_A9KuvLa5WGT1nn3uRzb8DsEN/310x430/1772457840.webp?s=577995510fa322a63a97b965fccaad5b4f2ee0e7,5,1
Gucci Schal aus Wolle,310.45,Gucci,0,https://www.vinted.it/items/8297506803-gucci-schal-aus-wolle?referrer=catalog,0,8297506803,Sold,02/03/2026 15:11:19,,https://images1.vinted.net/t/06_01cd6_PG3Nq44QbYURFmQjdd6Ryyhr/310x430/1772457756.webp?s=9c429d7ecb868e2bc727a1af4f25db8e6c587919,5,1
Shopping GG Marmont - Gucci - G92913,1.5232,Gucci,0,https://www.vinted.it/items/8297499093-shopping-gg-marmont-gucci-g92913?referrer=catalog,2,8297499093,Sold,02/03/2026 15:11:19,,https://images1.vinted.net/t/05_009b5_LkhZF7SET64wduDGGGjG1wk2/310x430/1772457705.webp?s=6bd126365c4a3c443d592eaf44995fcb26a91d40,5,1
Gucci Esclusivo e Raffinato Fermasoldi in argento 925 dettaglio doppia GG,158.2,Gucci,0,https://www.vinted.it/items/8270647839-gucci-esclusivo-e-raffinato-fermasoldi-in-argento-925-dettaglio-doppia-gg-nuovo-idearegalo?referrer=catalog,0,8270647839,Sold,02/03/2026 15:11:19,,https://images1.vinted.net/t/04_0170d_Y8HkMiYpftZvz33kRuswmcvX/310x430/1772185381.webp?s=06ce958e10c813fc691e120683228914c1c9a580,5,1
Scarponcini bambino/a Gucci,63.7,Gucci,32,https://www.vinted.it/items/8297450954-scarponcini-bambinoa-gucci?referrer=catalog,0,8297450954,Sold,02/03/2026 15:11:19,,https://images1.vinted.net/t/05_009a0_ef8tXdR2kkPCCYawV122yfzy/310x430/1772457677.webp?s=893a3826b428edddb50e1a84de5d5572379d7294,5,1
Gafas de gucci,158.2,Gucci,0,https://www.vinted.it/items/8297489669-gafas-de-gucci?referrer=catalog,0,8297489669,Sold,02/03/2026 15:11:19,,https://images1.vinted.net/t/05_02158_MwfPvwp5SL6QYanhsjyDw6Wy/310x430/1772457641.webp?s=feace123d7af2c3b99ff6dd5f1ded1714da89f87,5,1
Borsa Gucci GG Marmont,893.2,Gucci,0,https://www.vinted.it/items/8297487028-borsa-gucci-gg-marmont?referrer=catalog,1,8297487028,Sold,02/03/2026 15:11:19,,https://images1.vinted.net/t/04_00075_JiT3TfgVmnAHXqGi5tUjCqZg/310x430/1772457623.webp?s=2ccb3ab8f8b373702db7dbb39b23beff79fff29c,5,1
Guck Brille schwarz,189.7,Gucci,0,https://www.vinted.it/items/8265341193-guck-brille-schwarz?referrer=catalog,0,8265341193,Sold,02/03/2026 15:11:19,,https://images1.vinted.net/t/06_01125_VE1nqQSvFKSet8vAtctwUpGk/310x430/1772111505.webp?s=36196572026fbe817ec87c9310a371726f2f1604,5,1
Gucci Schuhe,117.25,Gucci,41,https://www.vinted.it/items/8297483491-gucci-schuhe?referrer=catalog,0,8297483491,Sold,02/03/2026 15:11:19,,https://images1.vinted.net/t/06_00c7c_md5Qfx3As7q1XqXHp1CWgzQH/310x430/1772457599.webp?s=b567745776adef2506e9185477fd1e051b51db5d,5,1
Borsa Gucci,840.7,Gucci,0,https://www.vinted.it/items/8265335223-borsa-gucci?referrer=catalog,0,8265335223,Sold,02/03/2026 15:11:19,,https://images1.vinted.net/t/06_0205f_R4oDb73QCg3kviTuysQXntgL/310x430/1772111461.webp?s=159168b66b3e65a07d3ded6f4787d7090f2fc8d4,5,1
Poudre soleil Gucci,21.7,Gucci,0,https://www.vinted.it/items/8297481163-poudre-soleil-gucci?referrer=catalog,0,8297481163,Sold,02/03/2026 15:11:19,,https://images1.vinted.net/t/05_00341_1LLoXzs3zmdEV8Uey2Tke696/310x430/1772457584.webp?s=47c4efd170f4e35694c540bfb637d1bc50da09a4,5,1
Gucci 100 Centennial „Music Is Mine“ Top Handle Bag – Limited Edition – Neu,1.5652,Gucci,0,https://www.vinted.it/items/8297478859-gucci-100-centennial-music-is-mine-top-handle-bag-limited-edition-neu?referrer=catalog,0,8297478859,Sold,02/03/2026 15:11:19,,https://images1.vinted.net/t/01_01382_vNzmRhGuwR8R1D8wj3k71Ypo/310x430/1772457568.webp?s=a3b9603f530f3a75fee82b6d3acce9e1622fd66c,5,1
Gucci,1.5757,Gucci,0,https://www.vinted.it/items/8297478483-gucci?referrer=catalog,1,8297478483,Sold,02/03/2026 15:11:19,,https://images1.vinted.net/t/05_01afa_1SE9xxEuQ5CsWPZbRTzK2tnv/310x430/1772457566.webp?s=c3424c81c92503b4a825997356b2202af2dc041c,5,1
90s Gucci sunglasses,74.2,Gucci,0,https://www.vinted.it/items/8297467716-90s-gucci-sunglasses?referrer=catalog,21,8297467716,Sold,02/03/2026 15:11:19,,https://images1.vinted.net/t/05_00eab_RsxteJ3DoaxnN6p8ikc1dz1L/310x430/1772457491.webp?s=b799614f4242107c11e51d86e62449a0283cbf56,5,1
Ceinture mixte neuve jamais porté,263.2,Gucci,Regolabile,https://www.vinted.it/items/8297463871-ceinture-mixte-neuve-jamais-porte?referrer=catalog,1,8297463871,Sold,02/03/2026 15:11:19,,https://images1.vinted.net/t/06_01a01_yxcPY9qqfSWrECS7Zn2YPNJz/310x430/1772457465.webp?s=d652314b2c0a1652b4b0ea4d81ca019279c3423d,5,1
Gucci scrunchie brown,26.95,Gucci,0,https://www.vinted.it/items/8297458091-gucci-scrunchie-brown?referrer=catalog,1,8297458091,Sold,02/03/2026 15:11:19,,https://images1.vinted.net/t/01_01253_J7wTdXC6Dh5aKhd1TiYXNHkm/310x430/1772457425.webp?s=8afb91bae38fd4342d3cde2ddfe2a28f688035c6,5,1
Borsa Gucci,1.2607,Gucci,0,https://www.vinted.it/items/8297458021-borsa-gucci?referrer=catalog,2,8297458021,Sold,02/03/2026 15:11:19,,https://images1.vinted.net/t/06_00072_zWgcZYFsCAU7RcanzwMSNEgd/310x430/1772457425.webp?s=91932e818316eac7e88fce86dab178e6a321e322,5,1
T-shirt Gucci Pink size S,189.7,Gucci,S,https://www.vinted.it/items/8297387232-t-shirt-gucci-pink-size-s?referrer=catalog,0,8297387232,Sold,02/03/2026 15:11:19,,https://images1.vinted.net/t/05_004bf_mSZoswjiMUGdhhu6fazxY85T/310x430/1772456942.webp?s=5d32c952c3ef7348df239ce2b65462c519b9b726,5,1
Gruccia grande Di marca Gucci,3.85,Gucci,0,https://www.vinted.it/items/8297439139-gruccia-grande-di-marca-gucci?referrer=catalog,0,8297439139,Sold,02/03/2026 15:11:19,,https://images1.vinted.net/t/06_01fb3_YhxHdUzvWwhr8A7usKpYnQ2A/310x430/1772457296.webp?s=e82efbe4adc732ef614d6e1629bc0aa30c4488b7,5,1
Parfum pour femme,84.7,Gucci,0,https://www.vinted.it/items/8297437259-parfum-pour-femme-gucci?referrer=catalog,1,8297437259,Sold,02/03/2026 15:11:19,,https://images1.vinted.net/t/04_0213c_99NUEYbpqf22aZKUNfWbpqAY/310x430/1772457284.webp?s=c085242a5d02f66df80e1b0c5d60bc2369c5b4f1,5,1
Robe Chemise Gucci,368.2,Gucci,XL / IT 46 / EU 42,https://www.vinted.it/items/8297436731-robe-chemise-gucci?referrer=catalog,0,8297436731,Sold,02/03/2026 15:11:19,,https://images1.vinted.net/t/04_019e0_5QZNAxtVjrWWv5cBji984k5c/310x430/1772457280.webp?s=fabd413fa85165dd0b750f08fac6e581e77e7249,5,1
sandales gucci adidas,263.2,Gucci,42,https://www.vinted.it/items/8297429152-sandales-gucci-adidas?referrer=catalog,0,8297429152,Sold,02/03/2026 15:11:19,,https://images1.vinted.net/t/05_023f3_1wejHz1nZQ9TBB9U2Fbs17zD/310x430/1772457228.webp?s=5cbf92eefbc3b8fff03cf3ceabe6096d26f48673,5,1
Gucci flora gorgeous magnolia 30ml,26.95,Gucci,0,https://www.vinted.it/items/8297431555-gucci-flora-gorgeous-magnolia-30ml?referrer=catalog,3,8297431555,Sold,02/03/2026 15:11:19,,https://images1.vinted.net/t/06_00d7c_koPYZQXV1kn4PEDC5KnJwe4i/310x430/1772457244.webp?s=1c167c282c0d5d57864960a62e20e6c7d9233527,5,1
Cappello Gucci,473.2,Gucci,Taglia unica,https://www.vinted.it/items/8297427647-cappello-gucci?referrer=catalog,0,8297427647,Sold,02/03/2026 15:11:19,,https://images1.vinted.net/t/06_01d8d_Dfoc2iC1iqst1DmrG1KbJX9L/310x430/1772457217.webp?s=d7c9448bdbe5732154f6564bc7a8316a29af6df9,5,1
Gucci Zonnebril,189.7,Gucci,0,https://www.vinted.it/items/8297417416-gucci-zonnebril?referrer=catalog,0,8297417416,Sold,02/03/2026 15:11:19,,https://images1.vinted.net/t/05_00547_Krx3D3htfc1YMpj9fuhMV5FS/310x430/1772457147.webp?s=9e03f525781e29a89bdf238f22070e8e1433da9c,5,1
Gucci Bronzer 01 Fair,32.2,Gucci,0,https://www.vinted.it/items/8297400774-gucci-bronzer-01-fair?referrer=catalog,0,8297400774,Sold,02/03/2026 15:11:19,,https://images1.vinted.net/t/05_006a5_9b6MY1yPoXhz26KLtnoqMFd2/310x430/1772457035.webp?s=b6120ed2127d0eee6a07f3d832508d6c9de1e37a,5,1
Conjunto Gucci,2.5207,Gucci,XS,https://www.vinted.it/items/8297394646-conjunto-gucci?referrer=catalog,0,8297394646,Sold,02/03/2026 15:11:19,,https://images1.vinted.net/t/01_01311_AMLSpDetUp7ggMEkdBm4WU5F/310x430/1772456993.webp?s=9bef416a0b3738d5e5a69d71dcc4c5999742ac7a,5,1
Nuovo,105.7,Gucci,0,https://www.vinted.it/items/8297392823-nuovo?referrer=catalog,0,8297392823,Sold,02/03/2026 15:11:19,,https://images1.vinted.net/t/05_026aa_QULhCa7EVBww1govuaYDmxJX/310x430/1772456981.webp?s=e4bd17daca24e048816c439f7ce3402dca3efe86,5,1
Occhiali da sole Gucci con certificato di autenticità,115.15,Gucci,0,https://www.vinted.it/items/8297382909-occhiali-da-sole-gucci-con-certificato-di-autenticita?referrer=catalog,1,8297382909,Sold,02/03/2026 15:11:19,,https://images1.vinted.net/t/05_006a8_V7JBfvHtk9tfy8iDEtSpu39z/310x430/1772456913.webp?s=a3b828e70c9670c9eae958988733061b25821e7c,5,1
GUCCI zonnebril,105.7,Gucci,0,https://www.vinted.it/items/8297379919-gucci-zonnebril?referrer=catalog,1,8297379919,Sold,02/03/2026 15:11:19,,https://images1.vinted.net/t/06_02349_vrRpzennLaAVZMUcRyzLGiq2/310x430/1772456893.webp?s=75c0c911fc1bd122c4c6b8f16e09d4acaf8129ff,5,1
Gucci Tote GG Perforé Bleu 679365 Grand Sac Neuf,352.45,Gucci,0,https://www.vinted.it/items/8281016162-gucci-tote-gg-perfore-bleu-679365-grand-sac-neuf?referrer=catalog,2,8281016162,Sold,02/03/2026 15:11:19,,https://images1.vinted.net/t/03_003d2_djoa8KX8vR8CsozfgmjHki3z/310x430/1772291188.webp?s=301a15043421bc8a0ce14ffca55a04db486fb780,5,1
Profumo,37.45,Gucci,0,https://www.vinted.it/items/8297360173-profumo?referrer=catalog,0,8297360173,Sold,02/03/2026 15:11:19,,https://images1.vinted.net/t/06_014e8_LLdh86XjLwyKeX9Sb5dFEv65/310x430/1772456759.webp?s=9f25f2fb29b31a9cd682e1ef91cfc7dfd4575427,5,1
Gucci Sonnenbrille,126.7,Gucci,0,https://www.vinted.it/items/8297359863-gucci-sonnenbrille?referrer=catalog,2,8297359863,Sold,02/03/2026 15:11:19,,https://images1.vinted.net/t/06_001e1_4XMYdiECA7MHbf2fVFZ79pMR/310x430/1772456757.webp?s=fc2bfe37017b451aba8e3968d27f5862b828db7d,5,1
Collier Gucci Y,137.2,Gucci,0,https://www.vinted.it/items/8297350492-collier-gucci-y?referrer=catalog,1,8297350492,Sold,02/03/2026 15:11:19,,https://images1.vinted.net/t/05_00e9d_Rkq6zCzJFBo2YXHyBawTGtV8/310x430/1772456692.webp?s=e5d9ce46c5ec52461a828427fb66acae95c5bcbb,5,1
Zapatillas Gucci,336.7,Gucci,38,https://www.vinted.it/items/8297347894-zapatillas-gucci?referrer=catalog,0,8297347894,Sold,02/03/2026 15:11:19,,https://images1.vinted.net/t/06_0056f_mLQszUtjwtVj4rZgQYbhLSyx/310x430/1772456674.webp?s=ca15cd12e92ff417f3fa0b7318cff3bcabc4ed64,5,1
Baskets Gucci mixte,210.7,Gucci,43,https://www.vinted.it/items/8297341822-baskets-gucci-mixte?referrer=catalog,1,8297341822,Sold,02/03/2026 15:11:19,,https://images1.vinted.net/t/04_00519_jG6wRdejenmqG48UNwV6QUFu/310x430/1772456631.webp?s=f70e03059f4135854c2c598e0551da14a09d93e2,5,1
Gucci slider donna con Plateau,263.2,Gucci,37.5,https://www.vinted.it/items/8297321320-gucci-slider-donna-con-plateau?referrer=catalog,2,8297321320,Sold,02/03/2026 15:11:43,,https://images1.vinted.net/t/05_0118c_LYhuAny6AZwqr4yeLQSEtrfs/310x430/1772456490.webp?s=5b56019cf8f1e1216a1df81b192c5e89cb43a261,5,2
Casquette Gucci suprême GG,263.2,Gucci,S,https://www.vinted.it/items/8297326299-casquette-gucci-supreme-gg?referrer=catalog,2,8297326299,Sold,02/03/2026 15:11:43,,https://images1.vinted.net/t/05_0003e_6pD9MbMjTbYwrzVSWKFNCuWM/310x430/1772456524.webp?s=f32761c2bef6e9576fecfcb8c7c1b00bd1e52446,5,2
Parfum Flora by Gucci,26.95,Gucci,0,https://www.vinted.it/items/8297316843-parfum-flora-by-gucci?referrer=catalog,1,8297316843,Sold,02/03/2026 15:11:43,,https://images1.vinted.net/t/05_01982_8HRh41xiKZaRWt4Wf2eQxR4K/310x430/1772456459.webp?s=2b03cd32d18abb086488464baa2ba63e884131ed,5,2
Gucci Rhyton sneakers met GG-monogram,105.7,Gucci,43,https://www.vinted.it/items/8297308420-gucci-rhyton-sneakers-met-gg-monogram?referrer=catalog,4,8297308420,Sold,02/03/2026 15:11:43,,https://images1.vinted.net/t/06_0240f_Trbp9k6bHzK4JGEGH5BvaUcZ/310x430/1772456401.webp?s=b07e6e2b173d9fd86196f1f97b4e56f5cca15367,5,2
Gucci Mocassino,410.2,Gucci,37.5,https://www.vinted.it/items/8297305669-gucci-mocassino?referrer=catalog,1,8297305669,Sold,02/03/2026 15:11:43,,https://images1.vinted.net/t/06_01722_S5WG83haWUXmBE3qW7QnwcnH/310x430/1772456382.webp?s=23de0f754f09f0a0cf7b3fcca4b0d0c4bf56d812,5,2
Borsa GUCCI Jumbo GG Horsebit 1955,1.2607,Gucci,0,https://www.vinted.it/items/8297306728-borsa-gucci-jumbo-gg-horsebit-1955?referrer=catalog,5,8297306728,Sold,02/03/2026 15:11:43,,https://images1.vinted.net/t/01_019e7_kTj2cWNUgDJUxHx9wHGDMDuY/310x430/1772456389.webp?s=24186314d1e3b8c6bd1007b504f8f0c89b9de6d8,5,2
Real vintage Gucci sabot,158.2,Gucci,37.5,https://www.vinted.it/items/8297303097-real-vintage-gucci-sabot?referrer=catalog,5,8297303097,Sold,02/03/2026 15:11:43,,https://images1.vinted.net/t/06_023b8_co6H13fWDeSN9YP9NVd9VDVX/310x430/1772456365.webp?s=6e69a4170114c064821335bcc7a9ea50b36cd861,5,2
Rossetto Gucci,19.6,Gucci,0,https://www.vinted.it/items/8297303131-rossetto-gucci?referrer=catalog,1,8297303131,Sold,02/03/2026 15:11:43,,https://images1.vinted.net/t/06_01f4b_HuHKeuTNFhG11pgYAifEQJm5/310x430/1772456365.webp?s=f9218b96bb4f72baae96d966284999ccd9ddee4b,5,2
vendo profumo gucci,47.95,Gucci,0,https://www.vinted.it/items/8297301474-vendo-profumo-gucci?referrer=catalog,0,8297301474,Sold,02/03/2026 15:11:43,,https://images1.vinted.net/t/06_00b5d_oNp2dkiZPreRArvx6LoRXZxR/310x430/1772456354.webp?s=b334f4dbde4805df190638e4d67908aea3451bd4,5,2
Gucci guilty pour homme eau de toilette 100ml,39.55,Gucci,0,https://www.vinted.it/items/8297300108-gucci-guilty-pour-homme-eau-de-toilette-100ml?referrer=catalog,0,8297300108,Sold,02/03/2026 15:11:43,,https://images1.vinted.net/t/06_01b8e_iRBXDqiJGqjPd44KEWPGe58n/310x430/1772456344.webp?s=45a7c95c65d1c5eeb27b0e0b2ef6100f5b86e1d2,5,2
Gucci GG Marmont Ledergürtel – Schwarz/Gold – Neu & ungetragen,368.2,Gucci,90 cm,https://www.vinted.it/items/8296070036-gucci-gg-marmont-ledergurtel-schwarzgold-neu-ungetragen?referrer=catalog,0,8296070036,Sold,02/03/2026 15:12:19,,https://images1.vinted.net/t/05_016c3_RvXZPLhrC1etcBrg3npp7Sbw/310x430/1772447545.webp?s=5a003469a75e4656aef8ba2d5ca83a362f880ef0,5,3
Gucci loafers (Brown),420.7,Gucci,48,https://www.vinted.it/items/8296065333-gucci-loafers-brown?referrer=catalog,5,8296065333,Sold,02/03/2026 15:12:19,,https://images1.vinted.net/t/01_00340_SfhyhhcVLqDNaGEj6KnkJV22/310x430/1772447511.webp?s=72e97bff828cb81594e051a48b27a6f6af5494d5,5,3
Gucci Marmont,629.65,Gucci,0,https://www.vinted.it/items/8263965180-gucci-marmont?referrer=catalog,1,8263965180,Sold,02/03/2026 15:12:19,,https://images1.vinted.net/t/05_02029_BtrmEGWrypm3LYYejjnP142k/310x430/1772101198.webp?s=76b7d838d9e298f4be119a68601fcb14c874ad6e,5,3
Gucci tennis 1977,420.7,Gucci,44,https://www.vinted.it/items/8296039085-gucci-tennis-1977?referrer=catalog,0,8296039085,Sold,02/03/2026 15:12:19,,https://images1.vinted.net/t/05_018a6_z1KhD2uyhHfoyem2VtWavggJ/310x430/1772447321.webp?s=d095453020c7fa183b4db673a8b4e9f9751b7cd7,5,3
Porta rossetto firmato Gucci,34.83,Gucci,0,https://www.vinted.it/items/8296019691-porta-rossetto-firmato-gucci?referrer=catalog,0,8296019691,Sold,02/03/2026 15:12:19,,https://images1.vinted.net/t/01_00c1f_yi8yPhfgWVkSzwmJwJ2s57Wd/310x430/1772447179.webp?s=63923148fe7f80ae2f99d673937b4324d2759a14,5,3
Casquette Gucci serpent,168.7,Gucci,XL,https://www.vinted.it/items/8295819190-casquette-gucci-serpent?referrer=catalog,0,8295819190,Sold,02/03/2026 15:12:19,,https://images1.vinted.net/t/06_008f7_6Fg5bB54n4qFYnqViNdHY1dG/310x430/1772445676.webp?s=9dda6bef2aed2fcc34ebe3d62325358373527e3d,5,3
Pull Gucci neuf en laine rouge,524.65,Gucci,M / IT 42 / EU 38,https://www.vinted.it/items/8295979679-pull-gucci-neuf-en-laine-rouge?referrer=catalog,20,8295979679,Sold,02/03/2026 15:12:19,,https://images1.vinted.net/t/01_00384_n6LiJtHwYUCgAXLPnyfVKLos/310x430/1772446887.webp?s=2e1fde803a58e86e0ff36e40e1b643078a817376,5,3
Gucci Large Black Beauty Pochette Pouch Clutch,51.1,Gucci,0,https://www.vinted.it/items/8295951945-gucci-large-black-beauty-pochette-pouch-clutch?referrer=catalog,0,8295951945,Sold,02/03/2026 15:12:19,,https://images1.vinted.net/t/03_006ae_1ia4QccGmKVauqwfiHn253Cc/310x430/1772446865.webp?s=3132f39cdd1f5399e2030143852c972400be97bb,5,3
Scarpe in vernice e camoscio gucci,137.2,Gucci,36,https://www.vinted.it/items/8295973962-scarpe-in-vernice-e-camoscio-gucci?referrer=catalog,0,8295973962,Sold,02/03/2026 15:12:19,,https://images1.vinted.net/t/05_011b6_YgFYFWEzHB2rgxNPtjYktNSz/310x430/1772446845.webp?s=e1ad8bfc562313e30a27b408826fca01e0108a97,5,3
Gucci Garden 4 notebook dipinti,125.65,Gucci,0,https://www.vinted.it/items/8295968205-gucci-garden-4-notebook-dipinti?referrer=catalog,4,8295968205,Sold,02/03/2026 15:12:19,,https://images1.vinted.net/t/04_01957_RUo8hDWedyL1E1hdPAapk73p/310x430/1772446803.webp?s=53ac4fd069f131d69e67fc8f7f5f4c7a8159c2f8,5,3
Blazer Gucci,158.2,Gucci,L,https://www.vinted.it/items/8295784463-blazer-gucci?referrer=catalog,3,8295784463,Sold,02/03/2026 15:12:19,,https://images1.vinted.net/t/01_01d8c_YWDy6Yjw1UGdAd4o33Coo7RH/310x430/1772445408.webp?s=4162d60a7be904463c2d7b25fa357c9d021418b4,5,3
Borsa Gucci,998.2,Gucci,0,https://www.vinted.it/items/8295937518-borsa-gucci?referrer=catalog,5,8295937518,Sold,02/03/2026 15:12:19,,https://images1.vinted.net/t/06_02116_qk7KwVdFG7yPMvpNSkrvpWjR/310x430/1772446574.webp?s=bd3fcba46e98bf3372e7da874fec5032a596736f,5,3
Foulard Gucci,315.7,Gucci,0,https://www.vinted.it/items/8295935947-foulard-gucci?referrer=catalog,1,8295935947,Sold,02/03/2026 15:12:19,,https://images1.vinted.net/t/05_0192a_RxrNcoCok45DRizaffK4qqSN/310x430/1772446562.webp?s=3605dd482c0c4764ab6571b37b6ea67d90ed85b6,5,3
Occhiale da vista gucci,105.7,Gucci,0,https://www.vinted.it/items/8295676766-occhiale-da-vista-gucci?referrer=catalog,0,8295676766,Sold,02/03/2026 15:12:19,,https://images1.vinted.net/t/06_01994_4NPbdygRw63SpNPJ4MxYMgmm/310x430/1772444544.webp?s=97b6c33b44c6fc4136164c04f96b4b25821e5465,5,3
Gucci zonnebril,168.7,Gucci,0,https://www.vinted.it/items/8295925518-gucci-zonnebril?referrer=catalog,4,8295925518,Sold,02/03/2026 15:12:19,,https://images1.vinted.net/t/06_00b7c_t2aroK4g6qi2QFrjWykURhVT/310x430/1772446486.webp?s=f3fd3f45105ab1f6e6da811142ef73082be2391d,5,3
Gucci flats,184.45,Gucci,40,https://www.vinted.it/items/8295894961-gucci-flats-size-40?referrer=catalog,4,8295894961,Sold,02/03/2026 15:12:19,,https://images1.vinted.net/t/05_001ba_mSVr9DMgWKqVggq9z7b1FmZc/310x430/1772446257.webp?s=7c8a11b9ef19eca680cf386d3f35d6f228f12609,5,3
Camicia vintage M.J Knoud by paolo gucci,53.2,Paolo Gucci,M,https://www.vinted.it/items/8295445467-camicia-vintage-mj-knoud-by-paolo-gucci?referrer=catalog,4,8295445467,Sold,02/03/2026 15:12:19,,https://images1.vinted.net/t/05_01201_EWGrs9LnazcdHMGroVpCXiGL/310x430/1772442516.webp?s=4a3c0e99f8026741ae6b18c950b0a2b523b5153c,5,3
Gucci cappello paglia,247.45,Gucci,M,https://www.vinted.it/items/8295892310-gucci-cappello-paglia?referrer=catalog,2,8295892310,Sold,02/03/2026 15:12:19,,https://images1.vinted.net/t/06_02072_LLsqc6LAKSmepsDwfvKED83F/310x430/1772446237.webp?s=ee310f26d5c882bd05f4c4d6dbcfdca8af861299,5,3
Gucci Gürtel,242.2,Gucci,65 cm,https://www.vinted.it/items/8295893169-gucci-gurtel?referrer=catalog,0,8295893169,Sold,02/03/2026 15:12:19,,https://images1.vinted.net/t/06_012da_bRuqLaXyZx18Dhf6SGZcRuXA/310x430/1772446244.webp?s=cb57730759222f3dfcb5912ff2b3af95e93f25f3,5,3
Sabot Gucci,252.7,Gucci,37,https://www.vinted.it/items/8295888687-sabot-gucci?referrer=catalog,2,8295888687,Sold,02/03/2026 15:12:19,,https://images1.vinted.net/t/01_02151_4JYw95RNXiEgfhfVFBzX9nQc/310x430/1772446209.webp?s=529ffee90db30367fdc9585c19a3866a9d5221e1,5,3
Felpa Gucci - L oversize,158.2,Gucci,L,https://www.vinted.it/items/8263818537-felpa-gucci-l-oversize?referrer=catalog,2,8263818537,Sold,02/03/2026 15:12:19,,https://images1.vinted.net/t/06_00a26_HuKU73ZM3yZhem3vEBvChaS7/310x430/1772100044.webp?s=44ccda0da1ef334f2737c71888e794b81f556429,5,3
Sacoche bag Gucci neo vintage,735.7,Gucci,0,https://www.vinted.it/items/8295882469-sacoche-bag-gucci-neo-vintage?referrer=catalog,1,8295882469,Sold,02/03/2026 15:12:19,,https://images1.vinted.net/t/06_01b8e_fidY6762TMN5PuGwviriRctq/310x430/1772446161.webp?s=c0f53350c9405dead355a71654b9e977ab7ec71e,5,3
Gucci westman atelier,95.2,Gucci,0,https://www.vinted.it/items/8295872741-gucci-westman-atelier?referrer=catalog,1,8295872741,Sold,02/03/2026 15:12:19,,https://images1.vinted.net/t/06_00a54_CjxZBkzCA5wmdiN8FgEUMJpW/310x430/1772446087.webp?s=e19319cbb5e2bfd8072d676e1e4846c858713139,5,3
Gucci the north face 700 jacket,1.4182,Gucci,L,https://www.vinted.it/items/8295850603-gucci-the-north-face-700-jacket?referrer=catalog,0,8295850603,Sold,02/03/2026 15:12:19,,https://images1.vinted.net/t/06_0210b_pbT1NsWiQtp527mo2xiQihkr/310x430/1772445917.webp?s=a05ff940c028a53ed51866d71df60e3c03551e13,5,3
Occhiale da sole Gucci GG0443S 001,210.7,Gucci,0,https://www.vinted.it/items/8295851799-occhiale-da-sole-gucci-gg0443s-001?referrer=catalog,0,8295851799,Sold,02/03/2026 15:12:19,,https://images1.vinted.net/t/01_0195d_aa6LfJefkDtqkk6p5JpqCzek/310x430/1772445926.webp?s=a68e988f8000cb18d8cbe6c7e9c3a1697b254fab,5,3
Gucci Bloom,53.2,Gucci,0,https://www.vinted.it/items/8295851449-gucci-bloom?referrer=catalog,0,8295851449,Sold,02/03/2026 15:12:19,,https://images1.vinted.net/t/04_010f4_WW4tvHHxwRmSKNheKgVuxxPo/310x430/1772445924.webp?s=889b831b629ad34be5bff6213c9c2e387cac8679,5,3
Zonnebril van Gucci,152.95,Gucci,0,https://www.vinted.it/items/8295844811-zonnebril-van-gucci?referrer=catalog,1,8295844811,Sold,02/03/2026 15:12:19,,https://images1.vinted.net/t/04_017c8_MqdtyFieQiDuFwpvyqeZhtyT/310x430/1772445874.webp?s=57e296892d35b1e33d6d84e01bde0cbc983bcc94,5,3
Lunettes de soleil gucci neufs la coque jai rajoute,32.2,Gucci,0,https://www.vinted.it/items/8295832673-lunettes-de-soleil-gucci-neufs-la-coque-jai-rajoute?referrer=catalog,43,8295832673,Sold,02/03/2026 15:12:19,,https://images1.vinted.net/t/03_004f4_5k6skgE8CTbv1htyt61MwxF5/310x430/1772445782.webp?s=cd39a31ee9e620d561f221db8c30b5d2315a570c,5,3
Cintura Gucci GG Buckle in pelle,378.7,Gucci,90 cm,https://www.vinted.it/items/8295822314-cintura-gucci-gg-buckle-in-pelle?referrer=catalog,0,8295822314,Sold,02/03/2026 15:12:19,,https://images1.vinted.net/t/01_00e7a_QvSre746Ghqq669G33mE53Qt/310x430/1772445702.webp?s=90b6aa2715a91043afae20578cefc1d5959a0025,5,3
Gafas de sol Gucci,158.2,Gucci,0,https://www.vinted.it/items/8295812195-gafas-de-sol-gucci?referrer=catalog,0,8295812195,Sold,02/03/2026 15:12:19,,https://images1.vinted.net/t/01_00bcc_UmGMGdLyyGatiQbMnvTeAd8Y/310x430/1772445623.webp?s=79fe32aa1e74aaebe9cc9b79de4ef5e096c1ded5,5,3
Gafas de sol Gucci,158.2,Gucci,0,https://www.vinted.it/items/8295808373-gafas-de-sol-gucci?referrer=catalog,0,8295808373,Sold,02/03/2026 15:12:19,,https://images1.vinted.net/t/06_0253f_xrdNTiN1DfbcigAeZBZcSNA5/310x430/1772445594.webp?s=8bdeff1c25d14c485668a8416e00355add13eef1,5,3
GUCCI Flora,26.95,Gucci,0,https://www.vinted.it/items/8295799441-gucci-flora?referrer=catalog,3,8295799441,Sold,02/03/2026 15:12:19,,https://images1.vinted.net/t/06_021b1_k2mdJKW8A7N1RrNYo9YAmG32/310x430/1772445524.webp?s=1c1199630065bce8947e7239c960a588fb660a60,5,3
Sac gucci,629.65,Gucci,0,https://www.vinted.it/items/8295059925-sac-gucci?referrer=catalog,0,8295059925,Sold,02/03/2026 15:12:19,,https://images1.vinted.net/t/01_02288_h6F3wiyx5d8GQMw1cnbfnxLQ/310x430/1772437753.webp?s=4c8a2f92e1255d132380d26bebef457664e8a6ff,5,3
Porte-cartes GUCCI gg Supreme – Authentique,100.45,Gucci,0,https://www.vinted.it/items/8295037896-porte-cartes-gucci-gg-supreme-authentique?referrer=catalog,5,8295037896,Sold,02/03/2026 15:12:19,,https://images1.vinted.net/t/05_008d5_yHfTfgtfsU2Mu35FmXqbj1v2/310x430/1772437362.webp?s=679a9ddbcbbfb952a529ff5e6e00fa87267f4a20,5,3
lunette gucci,47.95,Gucci,0,https://www.vinted.it/items/8295706563-lunette-gucci?referrer=catalog,7,8295706563,Sold,02/03/2026 15:12:19,,https://images1.vinted.net/t/05_0104f_ejYSzwK9MZdm2hK7w11ttaJh/310x430/1772444789.webp?s=feb0371b31d4227d8a535c928a1f8ad2b8e86ca2,5,3
Sneakers Gucci uomo,368.2,Gucci,43,https://www.vinted.it/items/8295764668-sneakers-gucci-uomo?referrer=catalog,0,8295764668,Sold,02/03/2026 15:12:19,,https://images1.vinted.net/t/01_01ea9_cU7Em8zfpj4uA9jcbTqu4iaS/310x430/1772445253.webp?s=5dc4543ea1406000dc1b766aee5d1a1095cf4ae2,5,3
Foulard o bandana unisex Gucci,74.2,Gucci,0,https://www.vinted.it/items/8295751549-foulard-o-bandana-unisex-gucci?referrer=catalog,1,8295751549,Sold,02/03/2026 15:12:19,,https://images1.vinted.net/t/05_0206c_MBS94JPMEvGufGv1jYYqtmCT/310x430/1772445149.webp?s=14ef202a38aa04eb78bd1f4f3b2be96abeffe141,5,3
Occhiali Gucci Gucci GG0627S Metal Nuovi,158.2,Gucci,0,https://www.vinted.it/items/8295736157-occhiali-gucci-gucci-gg0627s-metal-nuovi?referrer=catalog,2,8295736157,Sold,02/03/2026 15:12:52,,https://images1.vinted.net/t/06_01af2_zp3ZvDXkWK8X8cHoWQHwvcR2/310x430/1772445026.webp?s=682bcd40337a86a1f53152525920f39a4f8cb856,5,4
Gucci sonnenbrille GG1527S Havana,242.2,Gucci,0,https://www.vinted.it/items/8295718907-gucci-sonnenbrille-gg1527s-havana?referrer=catalog,2,8295718907,Sold,02/03/2026 15:12:52,,https://images1.vinted.net/t/05_0263b_AeU4o88e7rvQPQt5Pv7bLQfD/310x430/1772444888.webp?s=8c82a65f09ab12f70869c0cc02db2dd7a634b27c,5,4
Gucci Kappe,368.2,Gucci,S,https://www.vinted.it/items/8295707648-gucci-kappe?referrer=catalog,0,8295707648,Sold,02/03/2026 15:12:52,,https://images1.vinted.net/t/06_02418_vbEE4pfKSgo3tYeCcK2SdRH3/310x430/1772444798.webp?s=53e5a8ccb3c99fc7f4a98d437bede754ab73ef1a,5,4
Mini parfum miniatuur Gucci flora,11.2,Flora,0,https://www.vinted.it/items/8295698137-mini-parfum-miniatuur-gucci-flora?referrer=catalog,1,8295698137,Sold,02/03/2026 15:12:52,,https://images1.vinted.net/t/05_0087f_mGACYweCoessPrqK96BcjvaF/310x430/1772444720.webp?s=ad0c27b7b4fa081fca9f2bf22da3d038d84ee3a8,5,4
Casquette Gucci noire,242.2,Gucci,S,https://www.vinted.it/items/8294828827-casquette-gucci-noire?referrer=catalog,2,8294828827,Sold,02/03/2026 15:12:52,,https://images1.vinted.net/t/06_00f61_hXqNjPSXL7vx5EmoXsPjUp5H/310x430/1772430834.webp?s=bcb30978387383d9b2261b9d933533641e436cfa,5,4
The North face gucci,315.7,The North Face x Gucci,S,https://www.vinted.it/items/8294778669-the-north-face-gucci?referrer=catalog,0,8294778669,Sold,02/03/2026 15:12:52,,https://images1.vinted.net/t/01_00b0d_45rFXWswbeos2Razv1vnfCms/310x430/1772425077.webp?s=acb8ff3b32f8ff5d7945a74fe05c898b32aa95ed,5,4
Gucci Baby Wollmütze,51.1,Gucci,5-8 anni,https://www.vinted.it/items/8295620473-gucci-baby-wollmutze?referrer=catalog,4,8295620473,Sold,02/03/2026 15:12:52,,https://images1.vinted.net/t/05_00397_LJhhtSWwW37Sjt1CVm9JQ1HY/310x430/1772444082.webp?s=d9e7f9bc56ab39945c3b23896efade25ffc5f018,5,4
Gucci G75 in pelle,368.2,Gucci,42,https://www.vinted.it/items/8295605042-gucci-g75-in-pelle?referrer=catalog,4,8295605042,Sold,02/03/2026 15:12:52,,https://images1.vinted.net/t/05_0019e_dWdcneuTvWLcabbirUCrS8Yk/310x430/1772443949.webp?s=b01b28a4e0165d1cdae9ac054f3ab41f4148a377,5,4
Gucci Horsebit minibag,735.7,Gucci,0,https://www.vinted.it/items/8294717525-gucci-horsebit-minibag?referrer=catalog,1,8294717525,Sold,02/03/2026 15:12:52,,https://images1.vinted.net/t/05_00fde_GwZs2U57ZbWx9Qb4C7GSnDga/310x430/1772413353.webp?s=2751980d98b472275391c0939212a460abfeb2ec,5,4
borsetta elegante barchetta gucci strass da sera brillantini,221.2,ELEGANTE,0,https://www.vinted.it/items/8263536076-borsetta-elegante-barchetta-gucci-strass-da-sera-brillantini?referrer=catalog,3,8263536076,Sold,02/03/2026 15:12:52,,https://images1.vinted.net/t/01_018cb_2gGBnrLUw7x1DAaU4DXRZs2p/310x430/1772097604.webp?s=3b18934db70adf6fd2c8deafe722416832b93a62,5,4
Occhiale Gucci gradato -1,263.2,Gucci,0,https://www.vinted.it/items/8294707247-occhiale-gucci-gradato-175-dx-e-sx-miopia?referrer=catalog,0,8294707247,Sold,02/03/2026 15:12:52,,https://images1.vinted.net/t/06_01697_JeouueWpq6ZCh13RnTyVCKfk/310x430/1772412278.webp?s=40fb83b7194e130c000a0a1b8a372d06208d29aa,5,4
Sac Gucci,588.7,Gucci,0,https://www.vinted.it/items/8294673674-sac-gucci?referrer=catalog,8,8294673674,Sold,02/03/2026 15:12:52,,https://images1.vinted.net/t/01_01ba9_jJJBeTt6YGCtp8doWtnNza7E/310x430/1772409786.webp?s=02a53a447205ab2876937e20a2a028f918b488df,5,4
Scarpe Gucci uomo,84.7,Gucci,45,https://www.vinted.it/items/8295551322-scarpe-gucci-uomo?referrer=catalog,3,8295551322,Sold,02/03/2026 15:12:52,,https://images1.vinted.net/t/03_00f61_qSHw4PRf4uJCdS8Z9euYoX1w/310x430/1772443487.webp?s=04be4eccbe52ddef3bc587d6c3e3c78832c619d0,5,4
Gucci Flora georgeous jasmine 100 ml GRANDE parfum woman,63.7,Gucci,0,https://www.vinted.it/items/8295540683-gucci-flora-georgeous-jasmine-100-ml-grande-parfum-woman?referrer=catalog,0,8295540683,Sold,02/03/2026 15:12:52,,https://images1.vinted.net/t/05_0035f_WAbkwFSqfHc1RxMEqt2G3uQq/310x430/1772443392.webp?s=bf574b07f8c85cee07e986b1e6a83878d343d55c,5,4
Sandalo uomo in gomma con web,252.7,Gucci,43,https://www.vinted.it/items/8295538155-sandalo-uomo-in-gomma-con-web?referrer=catalog,0,8295538155,Sold,02/03/2026 15:12:52,,https://images1.vinted.net/t/05_00b26_H1FABhLWmRAqk8BFPAMUVxjE/310x430/1772443369.webp?s=7dd081fddf853d791a10a50a2e9bbd81e0e0b49b,5,4
Handbag GG Marmont,578.2,Gucci,0,https://www.vinted.it/items/8294690944-handbag-gg-marmont?referrer=catalog,20,8294690944,Sold,02/03/2026 15:12:52,,https://images1.vinted.net/t/06_009bd_6ZHbCk5N543j5ypLDyN1jLwn/310x430/1772410923.webp?s=add589a425c287b8db170cf1092efc4b22090832,5,4
Robe tunique Gucci,32.2,Gucci,S / IT 40 / EU 36,https://www.vinted.it/items/8263490432-robe-tunique-gucci?referrer=catalog,0,8263490432,Sold,02/03/2026 15:12:52,,https://images1.vinted.net/t/06_023ea_9J4JNxpshPxCmFzNuh5WqK1o/310x430/1772097166.webp?s=130abd1326e79f0bc4682ac18f741ad5c56c046a,5,4
Rossetto,26.95,Gucci,0,https://www.vinted.it/items/8295517747-rossetto?referrer=catalog,1,8295517747,Sold,02/03/2026 15:12:52,,https://images1.vinted.net/t/06_00310_vHfcRYZ1RcmV76p6rBmaQitU/310x430/1772443189.webp?s=84ac20f01b5b1412062fd5a989bed0a7b538384f,5,4
Pantalon jogging Gucci noir,378.7,Gucci x Dapper Dan,M,https://www.vinted.it/items/8295095724-pantalon-jogging-gucci-noir?referrer=catalog,0,8295095724,Sold,02/03/2026 15:12:52,,https://images1.vinted.net/t/06_00183_P84J1uiFJ1njPvFsvKgCbaia/310x430/1772438328.webp?s=853f7f31361d55a41567dcdb2c424fa484656f71,5,4
Rossetto Gucci,26.95,Gucci,0,https://www.vinted.it/items/8295504699-rossetto-gucci?referrer=catalog,0,8295504699,Sold,02/03/2026 15:12:52,,https://images1.vinted.net/t/05_013e8_4L1p8xBHXGgJ9LNm4xSG7uXa/310x430/1772443071.webp?s=48f92fcc95777409105dbe5b150631c8519ddd8b,5,4
Stivaletto nero donna numero 38,420.7,Gucci,38,https://www.vinted.it/items/8295497071-stivaletto-nero-donna-numero-38?referrer=catalog,4,8295497071,Sold,02/03/2026 15:12:52,,https://images1.vinted.net/t/05_023dc_tLACXJKiVsnbmV9Wsn1usabp/310x430/1772443031.webp?s=032abd4d68ad367905908a318aa2410ef935d153,5,4
Mocassini Gucci modello Princetown,473.2,Gucci,37.5,https://www.vinted.it/items/8298608732-mocassini-gucci-modello-princetown?referrer=catalog,0,8298608732,Sold,02/03/2026 16:24:46,,https://images1.vinted.net/t/06_01648_7LiD9rdA8Vn8ALdqnumHoVSa/310x430/1772464964.webp?s=78d7d0b2de2eaeae804b06d84b504bfb7bee7dcc,6,1
Bracciale Gucci-collezione Bamboo,510.0,Gucci,0,https://www.vinted.it/items/8298598247-bracciale-gucci-collezione-bamboo?referrer=catalog,0,8298598247,Sold,02/03/2026 16:24:46,,https://images1.vinted.net/t/06_015b0_KaSTDmVWCB4MAae5fcmnmARr/310x430/1772464893.webp?s=47fc1cc888c7e79b8e7dfec2911c352ee50eae5f,6,1
Sunglasses lunette de soleil Gucci noir minimaliste,137.2,Gucci,0,https://www.vinted.it/items/8298596741-sunglasses-lunette-de-soleil-gucci-noir-minimaliste?referrer=catalog,0,8298596741,Sold,02/03/2026 16:24:46,,https://images1.vinted.net/t/01_00288_qX5iZdcfgEzvDUR5z4nts36J/310x430/1772464883.webp?s=56deb94666ca8f60a06942078f1f6bae2a37b4d2,6,1
3 rouges à lèvres GUCCI Mat,58.45,Gucci,0,https://www.vinted.it/items/8298591859-3-rouges-a-levres-gucci-mat?referrer=catalog,0,8298591859,Sold,02/03/2026 16:24:46,,https://images1.vinted.net/t/06_00595_uHo7hZ83FgZDmWN3Rtsp6PKM/310x430/1772464850.webp?s=33d63f6da9505c629504ff89bb43994d7d9727ac,6,1
cintura Gucci da uomo,263.2,Gucci,110 cm,https://www.vinted.it/items/8298585641-cintura-gucci-da-uomo?referrer=catalog,0,8298585641,Sold,02/03/2026 16:24:46,,https://images1.vinted.net/t/06_01361_5U1bqjXLdez3rJDP8uDCp8cz/310x430/1772464809.webp?s=f3b068a5c1562d698760334e822e608e33e5d563,6,1
Bracciale Gucci in argento 925,368.2,Gucci,0,https://www.vinted.it/items/8298549964-bracciale-gucci-in-argento-925?referrer=catalog,0,8298549964,Sold,02/03/2026 16:24:46,,https://images1.vinted.net/t/05_007c3_y4vMMCYfoTXuZRrewnzAi2xm/310x430/1772464571.webp?s=1fe2035ef0bc8b4b5ed979f8f2974e5bc9a00e18,6,1
Gucci Memoire D‘une Odeur Eau de Parfum 40 mal,21.7,Gucci,0,https://www.vinted.it/items/8298526263-gucci-memoire-dune-odeur-eau-de-parfum-40-mal?referrer=catalog,0,8298526263,Sold,02/03/2026 16:24:46,,https://images1.vinted.net/t/06_02375_Wag44UGr93NGvNAFDGm4WsGq/310x430/1772464412.webp?s=a334feedff99682c8eedb039385a9f71354b8ab8,6,1
Ceinture Gucci GG cuir marron foncé - Taille 95 cm - État neuf,210.7,Gucci,95 cm,https://www.vinted.it/items/8298522412-ceinture-gucci-gg-cuir-marron-fonce-taille-95-cm-etat-neuf?referrer=catalog,0,8298522412,Sold,02/03/2026 16:24:46,,https://images1.vinted.net/t/06_0021f_27hG28knZTkm99jP5wiz17SR/310x430/1772464385.webp?s=976b599f068f4ac7663688f98b908da476d0f8ec,6,1
Gucci Sonnenbrille GG0564S/002,137.2,Gucci,0,https://www.vinted.it/items/8298522244-gucci-sonnenbrille-gg0564s002?referrer=catalog,0,8298522244,Sold,02/03/2026 16:24:46,,https://images1.vinted.net/t/05_00ce2_XdZ74W3iDDaprVeqBAppcAn4/310x430/1772464384.webp?s=e3252b74bc102913b5a5021018051ded99fdd698,6,1
Gucci Raw denim bermuda short,612.0,Gucci,IT 54 | W44,https://www.vinted.it/items/8298500683-gucci-raw-denim-bermuda-short?referrer=catalog,0,8298500683,Sold,02/03/2026 16:24:46,,https://images1.vinted.net/t/06_025ce_1n6MF3ATTLXaMZe659qHEyvQ/310x430/1772464242.webp?s=13d2f86425211fcbc3c2bb0d3b3cee90c8e9caaa,6,1
Libro negro Gucci decoración,26.95,Gucci,0,https://www.vinted.it/items/8298497159-libro-negro-gucci-decoracion?referrer=catalog,0,8298497159,Sold,02/03/2026 16:24:46,,https://images1.vinted.net/t/01_024aa_xLyXKDSM2tP5KTUWtYry7rkW/310x430/1772464219.webp?s=f10c2f9894485fef42171635ca1d157c3926acf3,6,1
Lunettes femmes Gucci noir neuf,263.2,Gucci,0,https://www.vinted.it/items/8298495255-lunettes-femmes-gucci-noir-neuf?referrer=catalog,0,8298495255,Sold,02/03/2026 16:24:46,,https://images1.vinted.net/t/05_01bfd_mfsPD4uuKiWqukD9Y7vFwUNj/310x430/1772464206.webp?s=66afcf547e75c1b64594bc99ad38df371ae6459a,6,1
Calze Gucci Blu taglia S,79.45,Gucci,S / IT 40 / EU 36,https://www.vinted.it/items/8298494227-calze-gucci-blu-taglia-s?referrer=catalog,0,8298494227,Sold,02/03/2026 16:24:46,,https://images1.vinted.net/t/05_00777_4KYA3LUugm73tYEoC6cyvZTb/310x430/1772464199.webp?s=ab3d7b19c5e2d87307f2386f24d7aaf929cea7b2,6,1
Mocassino gucci,305.2,Gucci,43,https://www.vinted.it/items/8298493590-mocassino-gucci?referrer=catalog,0,8298493590,Sold,02/03/2026 16:24:46,,https://images1.vinted.net/t/06_00aaa_eKn1drBrMBnk1jEvi8RcN6ef/310x430/1772464195.webp?s=2d07b3c3dbb1465e331706c4e35bc9f823df258c,6,1
Sacoche bag tracolla borsello Gucci neo vintage ophidia,693.6,Gucci,0,https://www.vinted.it/items/8298484267-sacoche-bag-tracolla-borsello-gucci-neo-vintage-ophidia?referrer=catalog,0,8298484267,Sold,02/03/2026 16:24:46,,https://images1.vinted.net/t/06_00803_JfMMGbjecwFKnsuhtzSrh2qD/310x430/1772464134.webp?s=2ee52a3e738d3863a11f2ab99ab2ffc9fc54cd16,6,1
Foulard Gucci 90x90 nuovo con busta e cartellino,158.2,Gucci,0,https://www.vinted.it/items/8298481996-foulard-gucci-90x90-nuovo-con-busta-e-cartellino?referrer=catalog,5,8298481996,Sold,02/03/2026 16:24:46,,https://images1.vinted.net/t/06_01c11_Jehfzgp9ZPWze4J1wS8MmGQD/310x430/1772464119.webp?s=9fc290a059afdeb8a0ee9596c6dda049433209fe,6,1
Occhiale Gucci Vintage,42.7,Gucci,0,https://www.vinted.it/items/8298464905-occhiale-gucci-vintage?referrer=catalog,0,8298464905,Sold,02/03/2026 16:24:46,,https://images1.vinted.net/t/04_00a1c_ym9XXKKn8zJX2gUfaAsLLwFY/310x430/1772464008.webp?s=fc8bef96bdc3f9bb98fa4316dd64b5372865d537,6,1
Reloj Gucci,663.0,Gucci,30–38 mm,https://www.vinted.it/items/8298443629-reloj-gucci?referrer=catalog,18,8298443629,Sold,02/03/2026 16:24:46,,https://images1.vinted.net/t/05_00e89_yaQbS9A1wbd6PnVrqAmk5QGr/310x430/1772463867.webp?s=408708c4e168bbf06bb84f172f168e4b20545724,6,1
GUCCI harem pants,1.122,Gucci,L / IT 44 / EU 40,https://www.vinted.it/items/8298437949-gucci-harem-pants?referrer=catalog,0,8298437949,Sold,02/03/2026 16:24:46,,https://images1.vinted.net/t/06_0016d_ooeDcj9n4tLm5czcRqvvhzkv/310x430/1772463829.webp?s=9a5535ae820c3127178654c1fa7d7fa24325832f,6,1
Porte Carte Card Case Gucci Bicolore Monogramme Made in Italy Cuir Marron Beige,131.95,Gucci,0,https://www.vinted.it/items/8298372683-porte-carte-card-case-gucci-bicolore-monogramme-made-in-italy-cuir-marron-beige?referrer=catalog,0,8298372683,Sold,02/03/2026 16:24:46,,https://images1.vinted.net/t/06_02110_esTuS1U3q4wP3skEKLhmGRDB/310x430/1772463399.webp?s=ae65b36fee65042402a3ec63092d49caf9309aaf,6,1
Gucci Sonnenbrille,305.2,Gucci,0,https://www.vinted.it/items/8298431921-gucci-sonnenbrille?referrer=catalog,0,8298431921,Sold,02/03/2026 16:24:46,,https://images1.vinted.net/t/05_01778_d1mrTGzhaxnmYo6LAwFjjny7/310x430/1772463790.webp?s=7bd5df47f8d1547256c4ff0ea17e5d3a37c047ac,6,1
Cappellino/Cuffietta Bimbo/a Gucci Nuovo,37.45,Gucci,Taglia unica,https://www.vinted.it/items/8298424047-cappellinocuffietta-bimboa-gucci-nuovo?referrer=catalog,1,8298424047,Sold,02/03/2026 16:24:46,,https://images1.vinted.net/t/06_02494_FsfMqicmeSkhSMDwiUeVNWuV/310x430/1772463737.webp?s=c32c6175fcc713c8f00a67906536ae1bfe66841c,6,1
Occhiali sole Gucci,168.7,Gucci,0,https://www.vinted.it/items/8298427019-occhiali-sole-gucci?referrer=catalog,0,8298427019,Sold,02/03/2026 16:24:46,,https://images1.vinted.net/t/06_01f4d_nCCpPBkYGJg113C8oqMcHskr/310x430/1772463757.webp?s=89a53bdc5cbf71f45fddb54ef199122eca567494,6,1
Gucci Sandalen,612.0,Gucci,38,https://www.vinted.it/items/8298410322-gucci-sandalen?referrer=catalog,0,8298410322,Sold,02/03/2026 16:24:46,,https://images1.vinted.net/t/06_0022c_pvqHCLM98LDQdSy9eyJLSRUv/310x430/1772463646.webp?s=706ac5494c9be609a9393798f2ee82266db672be,6,1
Sac collector Gucci X Balenciaga neuf modèle small,2.39904,Gucci x Balenciaga,0,https://www.vinted.it/items/8265143335-sac-collector-gucci-x-balenciaga-neuf-modele-small?referrer=catalog,0,8265143335,Sold,02/03/2026 16:24:46,,https://images1.vinted.net/t/04_00d4c_K35dWk3UxaTCwRBX73ve5E4R/310x430/1772117706.webp?s=75eb24cec78831f1376e79f742f51ef046a7dc97,6,1
Sac collector Gucci X Balenciaga modèle hourglass médium,2.55816,Gucci x Balenciaga,0,https://www.vinted.it/items/8265146849-sac-collector-gucci-x-balenciaga-modele-hourglass-medium?referrer=catalog,0,8265146849,Sold,02/03/2026 16:24:46,,https://images1.vinted.net/t/05_0232f_8GPJwmSDVsfGVa3HYFb3HmXZ/310x430/1772117668.webp?s=763baa7a12c71c208f75b509a1bda0c96741da09,6,1
Ceinture Gucci Palace,210.7,Gucci,100 cm,https://www.vinted.it/items/8298391641-ceinture-gucci-palace?referrer=catalog,1,8298391641,Sold,02/03/2026 16:24:46,,https://images1.vinted.net/t/04_0220b_fieHeQiwRCVNWRT3UnkH2in5/310x430/1772463524.webp?s=01b9f65f814dd5c6e11b7fc15f220f68b7eba4ca,6,1
Gucci Pet Zwart | Maat S,263.2,Gucci,S,https://www.vinted.it/items/8298391195-gucci-pet-zwart-maat-s?referrer=catalog,0,8298391195,Sold,02/03/2026 16:24:46,,https://images1.vinted.net/t/05_00619_71GvBBPPqZ9RfQ3VKNM8vaT1/310x430/1772463521.webp?s=d2ff765430b98b1984fc1a2fa57c6c33eac39ad5,6,1
Gucci canvas baseball pet.,473.2,Gucci,M,https://www.vinted.it/items/8298387992-gucci-canvas-baseball-pet?referrer=catalog,1,8298387992,Sold,02/03/2026 16:24:46,,https://images1.vinted.net/t/06_01da9_8Nb35be4hNEHMv8g7NRmNkT3/310x430/1772463500.webp?s=40b3bf349d0da86bebb055d286c18aa4c505a6a6,6,1
Gucci Einkaufstüte,9.63,Gucci,0,https://www.vinted.it/items/8298385204-gucci-einkaufstute?referrer=catalog,5,8298385204,Sold,02/03/2026 16:24:46,,https://images1.vinted.net/t/06_011bc_xHWXF7rexrrCjTinUSJht7Jj/310x430/1772463482.webp?s=f2621a28e56f287ec510b368d2f0ca38549f7f7d,6,1
Borsa Gucci in tela,273.7,Gucci,0,https://www.vinted.it/items/8298382694-borsa-gucci-in-tela?referrer=catalog,2,8298382694,Sold,02/03/2026 16:24:46,,https://images1.vinted.net/t/05_004da_pTveXz9994KZHkdNBFQnVg7a/310x430/1772463465.webp?s=d0ac1aeed7881626bb61d8acdf1f5948bc22501b,6,1
Gucci envy me 2 eau de toilette profumo miniatura e 3 ml vintage,38.5,Gucci,0,https://www.vinted.it/items/8298381918-gucci-envy-me-2-eau-de-toilette-profumo-miniatura-e-3-ml-vintage?referrer=catalog,1,8298381918,Sold,02/03/2026 16:24:46,,https://images1.vinted.net/t/05_02531_KrsrvZETRJUrV7SkhN1FWtGJ/310x430/1772463460.webp?s=e6e473416e373c23b26fc5fdc554e9e9c1ef4d11,6,1
Infradito vintage,263.2,Gucci,42,https://www.vinted.it/items/8298370289-infradito-vintage?referrer=catalog,0,8298370289,Sold,02/03/2026 16:24:46,,https://images1.vinted.net/t/04_0078e_PcJKRiUb7yJE4hQzNFyuVq41/310x430/1772463383.webp?s=4d7c442e3249f64b75a34d61797305e04a1a853c,6,1
Sac Horsebit Cabas Gucci x Liberty - Édition Limitée - Très rare !,663.0,Gucci,0,https://www.vinted.it/items/8298296104-sac-horsebit-cabas-gucci-x-liberty-edition-limitee-tres-rare?referrer=catalog,5,8298296104,Sold,02/03/2026 16:24:46,,https://images1.vinted.net/t/06_025b0_G1JuvH2jTN7d4xXzvbP1KCUd/310x430/1772462903.webp?s=96b3c55578933be798c81ceb0b6046685b3ba0c2,6,1
Gucci Handtasche Disco Bag Neu mit Staubbeutel und Box,765.0,Gucci,0,https://www.vinted.it/items/8273889539-gucci-handtasche-disco-bag-neu-mit-staubbeutel-und-box?referrer=catalog,0,8273889539,Sold,02/03/2026 16:24:46,,https://images1.vinted.net/t/05_01219_qCB4PNfoHd5x4LhkycqcUiKD/310x430/1772209194.webp?s=e48c93031f54b9135ee14e6e660185ccf7c6256c,6,1
Scarpe Gucci Bambino/a Nuove 25,105.7,Gucci,25,https://www.vinted.it/items/8298355637-scarpe-gucci-bambinoa-nuove-25?referrer=catalog,18,8298355637,Sold,02/03/2026 16:24:46,,https://images1.vinted.net/t/01_0120f_HeGC8DiifRggZFmQqPRZDH6f/310x430/1772463289.webp?s=9fcbc9bcf64300dd8637819b0fea72fb133367e1,6,1
Scarpa Gucci,231.7,Gucci,42,https://www.vinted.it/items/8298347421-scarpa-gucci?referrer=catalog,1,8298347421,Sold,02/03/2026 16:24:46,,https://images1.vinted.net/t/05_01370_3MKNjKDepEidKA951BYJR8GQ/310x430/1772463235.webp?s=eda9aa3f1fe19ee8dd9951a880b319885965feed,6,1
Gucci totalement neuf rouge à lèvres satin teresina Ruby 503,26.95,Gucci,0,https://www.vinted.it/items/8298334838-gucci-totalement-neuf-rouge-a-levres-satin-teresina-ruby-503?referrer=catalog,0,8298334838,Sold,02/03/2026 16:24:46,,https://images1.vinted.net/t/05_00f89_MQm2H1MqBUJzHxthh4p27j7y/310x430/1772463153.webp?s=5708c387d5fc80e12e94de0d4381b63eb93e5246,6,1
Portafogli Gucci,263.2,Gucci,0,https://www.vinted.it/items/8298322953-portafogli-gucci?referrer=catalog,2,8298322953,Sold,02/03/2026 16:24:46,,https://images1.vinted.net/t/04_0194d_JhdoM1gRHAVZwKVGEszAyL2r/310x430/1772463077.webp?s=3bb08b855780e6275948ecee3268ece8e06694ba,6,1
Casquette Gucci GG Canvas,315.7,Gucci,S,https://www.vinted.it/items/8298311085-casquette-gucci-gg-canvas?referrer=catalog,0,8298311085,Sold,02/03/2026 16:24:46,,https://images1.vinted.net/t/04_010ee_5iLVQH82MLni1K4qKnMhwBZB/310x430/1772463000.webp?s=a73dd7f1bb08c5df887ae8d3c8fa63aa26657668,6,1
Gucci,8.05,Gucci,0,https://www.vinted.it/items/8298299203-gucci?referrer=catalog,0,8298299203,Sold,02/03/2026 16:24:46,,https://images1.vinted.net/t/05_00c5c_Gkmyse81X6gHPnAg2t9R6o6D/310x430/1772462923.webp?s=8c43f3950caf7646923ef2b9041b907e2253d5c8,6,1
Portachiavi nuovo nero in pelle di Gucci,231.7,Gucci,0,https://www.vinted.it/items/8298298824-portachiavi-nuovo-nero-in-pelle-di-gucci?referrer=catalog,0,8298298824,Sold,02/03/2026 16:24:46,,https://images1.vinted.net/t/04_02236_Vbzu5bwSn6pYBTu53EAP2tCt/310x430/1772462921.webp?s=d149e4e7f0d6db01e4254daf045d10ae933e0946,6,1
Pezzuola occhiali,3.85,Gucci,0,https://www.vinted.it/items/8298297623-pezzuola-occhiali?referrer=catalog,0,8298297623,Sold,02/03/2026 16:24:46,,https://images1.vinted.net/t/05_0075d_tvmbCyfQjsEkBaamJEcNUGFp/310x430/1772462913.webp?s=b8842fd6600aaa601b8507b8b131a808a32e22d6,6,1
Mocassins Gucci Jordaan,663.0,Gucci,36,https://www.vinted.it/items/8298295510-mocassins-gucci-jordaan?referrer=catalog,2,8298295510,Sold,02/03/2026 16:24:46,,https://images1.vinted.net/t/03_01aed_pjeNqNdcjicW85RjhhSjCmgj/310x430/1772462899.webp?s=2ecdc0b7f5bf93ddb65c4591247bbbfec7e85166,6,1
Gucci Weste,126.7,Gucci,18-24 mesi / 86 cm,https://www.vinted.it/items/8298292707-gucci-weste?referrer=catalog,3,8298292707,Sold,02/03/2026 16:24:46,,https://images1.vinted.net/t/04_00fb2_nW6zwLtQf1HAMD3nWMcC9UCJ/310x430/1772462880.webp?s=bbe7a74a3451f4486ba15e239c4a5b2a6abdc5ab,6,1
Cravatta Vintage Gucci,53.2,Gucci,0,https://www.vinted.it/items/8298289101-cravatta-vintage-gucci?referrer=catalog,0,8298289101,Sold,02/03/2026 16:24:46,,https://images1.vinted.net/t/01_003f1_Ff9fA74KiTmqRDP2YCcUgv7W/310x430/1772462857.webp?s=2f17c469c6ab3570ebe0d00ae5f1688f5b466ecc,6,1
Shorts Gucci bambino,105.7,Gucci,4 anni / 104 cm,https://www.vinted.it/items/8298228616-shorts-gucci-bambino?referrer=catalog,0,8298228616,Sold,02/03/2026 16:24:46,,https://images1.vinted.net/t/04_01b67_cYTxtJy1jiT1Rtenw8bnFg6A/310x430/1772462464.webp?s=5bd8d71bc9f95ed3b09cb0333f98010c2c02030d,6,1
Anello Gucci Icon con pietre Anello zirconio bianco,816.0,Gucci,0,https://www.vinted.it/items/8298269008-anello-gucci-icon-con-pietre-anello-zirconio-bianco?referrer=catalog,0,8298269008,Sold,02/03/2026 16:24:46,,https://images1.vinted.net/t/01_02478_tDocvNMHhGuvGH7bRyRKJBdN/310x430/1772462725.webp?s=a77cf8acb81f92999909b6bbe3b14bffb0257ba1,6,1
Chaussures,189.7,Gucci,36,https://www.vinted.it/items/8298265934-chaussures-gucci?referrer=catalog,0,8298265934,Sold,02/03/2026 16:24:46,,https://images1.vinted.net/t/05_01480_N29bEoQ5C2ZwS1fLsXMyjSYN/310x430/1772462705.webp?s=ec561155d5c45eb282bc626b04245a63aa53b60c,6,1
Gucci flora gardenia,26.95,Gucci,0,https://www.vinted.it/items/8298265101-gucci-flora-gardenia?referrer=catalog,4,8298265101,Sold,02/03/2026 16:24:46,,https://images1.vinted.net/t/06_00c46_jtNvGFYJfYii4sBPfBpP166W/310x430/1772462699.webp?s=ff8989f49790459254c4c6cd591b0be59b40b708,6,1
Gucci 100 ml,33.78,Gucci,0,https://www.vinted.it/items/8298260887-gucci-100-ml?referrer=catalog,0,8298260887,Sold,02/03/2026 16:24:46,,https://images1.vinted.net/t/05_01619_xbdebWRDYSN5XiWrrHy3tzqx/310x430/1772462672.webp?s=2bc9ef15c6b7e333809f7f19755e34e54d57ce44,6,1
Pantofola Gucci con logo GG - Nuova,273.7,Gucci,40,https://www.vinted.it/items/8298242555-pantofola-gucci-con-logo-gg-nuova?referrer=catalog,0,8298242555,Sold,02/03/2026 16:24:46,,https://images1.vinted.net/t/06_006f4_VDBRHc75dJGS5kt6aFzftmdv/310x430/1772462553.webp?s=76e37128122b2313593667a90399a655a44e9063,6,1
Scatola portagioie Gucci,42.7,Gucci,0,https://www.vinted.it/items/8298235805-scatola-portagioie-gucci?referrer=catalog,0,8298235805,Sold,02/03/2026 16:24:46,,https://images1.vinted.net/t/06_01ef0_dh8Eq4o4gVQhYN6hAyEeYaR2/310x430/1772462511.webp?s=16c1e541448f38ff64dc21f318087e769ff21114,6,1
Gucci broek,765.0,Gucci,M,https://www.vinted.it/items/8298234769-gucci-broek?referrer=catalog,0,8298234769,Sold,02/03/2026 16:24:46,,https://images1.vinted.net/t/06_016ba_kXpzQTpEJtjxHSYzFgJhLzXF/310x430/1772462505.webp?s=bd1d83c4032866610c29838d3a542f2ad3028e72,6,1
Gucci Bluse,209.65,Gucci,S / IT 40 / EU 36,https://www.vinted.it/items/8298127707-gucci-bluse?referrer=catalog,1,8298127707,Sold,02/03/2026 16:24:46,,https://images1.vinted.net/t/03_007aa_rj1TiXjHbHgX6doUYE6wjQ6K/310x430/1772461809.webp?s=7b8e53775f26df0a8d8a3be5fc94b2b0772fef2d,6,1
Gucci sjaal,310.45,Gucci,0,https://www.vinted.it/items/8298230336-gucci-sjaal?referrer=catalog,0,8298230336,Sold,02/03/2026 16:24:46,,https://images1.vinted.net/t/06_02695_K4DpEisFHRiv1jzSbHWd1nv4/310x430/1772462475.webp?s=1f2b0033d51e2d35db83091a5401e662fb7e70f6,6,1
Pochette/porta documenti Gucci,389.2,Gucci,0,https://www.vinted.it/items/8266062290-pochetteporta-documenti-gucci?referrer=catalog,1,8266062290,Sold,02/03/2026 16:24:46,,https://images1.vinted.net/t/06_0173a_xPHfG9WSNYube1ND8vYNYHri/310x430/1772116600.webp?s=922a9f452701db08814d6f94fb995185f41cfacc,6,1
scatola gucci,8.04,Gucci,0,https://www.vinted.it/items/8298216628-scatola-gucci?referrer=catalog,2,8298216628,Sold,02/03/2026 16:24:46,,https://images1.vinted.net/t/05_00921_VGg2c9ZxHCPozwATseDW6bFu/310x430/1772462386.webp?s=3ccae8867b5d165d1019115f2895f6d78fbe677a,6,1
Mascara Gucci,32.2,Gucci,0,https://www.vinted.it/items/8298210465-mascara-gucci?referrer=catalog,0,8298210465,Sold,02/03/2026 16:24:46,,https://images1.vinted.net/t/01_026b1_XjJVYF4ZeMaMxJ4FASYNynJC/310x430/1772462346.webp?s=c7516c47dbdcd8408a39e54fbe438c4da3b129ed,6,1
Gucci korte broek,420.7,Gucci,M,https://www.vinted.it/items/8298208201-gucci-korte-broek?referrer=catalog,1,8298208201,Sold,02/03/2026 16:24:46,,https://images1.vinted.net/t/06_00366_VBoywLPDkTwmsrPpvjW4nZjo/310x430/1772462331.webp?s=dc50353b95163fa26321690929522b00c6cc8ab6,6,1
Gucci alchemist garden Rosa Sublime 5ml,105.7,Gucci,0,https://www.vinted.it/items/8298199085-gucci-alchemist-garden-rosa-sublime-5ml?referrer=catalog,0,8298199085,Sold,02/03/2026 16:24:46,,https://images1.vinted.net/t/06_020b5_ZuZ1bEgVj3p5TGscJdCpYBKU/310x430/1772462272.webp?s=a90b0b3ed634aa2fb0836d4c57a93599a2e9e5e7,6,1
Gucci vest,765.0,Gucci,M,https://www.vinted.it/items/8298184010-gucci-vest?referrer=catalog,0,8298184010,Sold,02/03/2026 16:24:46,,https://images1.vinted.net/t/06_00fc7_wxBsWfSEhh7kgYf4vq9yWmVc/310x430/1772462174.webp?s=214b9ba446bcc7e4df4a7541e2418ed8ef8fe7a6,6,1
T-shirt Gucci bambino,79.45,Gucci,7 anni / 122 cm,https://www.vinted.it/items/8298180593-t-shirt-gucci-bambino?referrer=catalog,1,8298180593,Sold,02/03/2026 16:24:46,,https://images1.vinted.net/t/06_004b2_NAaQVtFrJbp4qW62cps8FfeH/310x430/1772462152.webp?s=75c8930e3cb5129a872794d36916d920c472fa14,6,1
Gucci Flora Gorgeous Orchid,47.95,Gucci,0,https://www.vinted.it/items/8298139637-gucci-flora-gorgeous-orchid?referrer=catalog,0,8298139637,Sold,02/03/2026 16:24:46,,https://images1.vinted.net/t/04_002e7_W3KyqiWHpf1Fd4HZ2bzWKVbV/310x430/1772461887.webp?s=b608f8a98938835c424e59c9e033a33ed8394ec6,6,1
Sudadera/ jersey Gucci,53.2,No brand,S,https://www.vinted.it/items/8266001350-sudadera-jersey-gucci?referrer=catalog,7,8266001350,Sold,02/03/2026 16:24:46,,https://images1.vinted.net/t/06_002d8_5oNHLCSR5eEiv62RuSUR6rp1/310x430/1772116177.webp?s=3534c1ad75d836dae386556276469d3fb0484d01,6,1
"Sandales"" Gucci "" Neuve",83.65,Gucci,38,https://www.vinted.it/items/8298105002-sandales-gucci-neuve?referrer=catalog,4,8298105002,Sold,02/03/2026 16:24:46,,https://images1.vinted.net/t/03_02230_gy8am4qmiP5ZQHPZaHFYNgxB/310x430/1772461662.webp?s=c97dec5c92360919afdfe1b8cf90c9209e3e35b2,6,1
Gucci GG0053S occhiali da sole neri originali con custodia,336.7,Gucci,0,https://www.vinted.it/items/8298113891-gucci-gg0053s-occhiali-da-sole-neri-originali-con-custodia?referrer=catalog,0,8298113891,Sold,02/03/2026 16:24:46,,https://images1.vinted.net/t/05_023c5_P4fszQW5dre3s5zXyq6VKUYA/310x430/1772461721.webp?s=ee6eadc546ef3daf0e06beb9d06a801730744731,6,1
Gucci trui,420.7,Gucci,M,https://www.vinted.it/items/8298114367-gucci-trui?referrer=catalog,0,8298114367,Sold,02/03/2026 16:24:46,,https://images1.vinted.net/t/05_0141e_ac29cvJAUP58VZgLffLsGYfu/310x430/1772461724.webp?s=ff496eff6b1fc5c3313339bd74f22b9ce33583e6,6,1
Gucci wallet,74.2,Gucci,0,https://www.vinted.it/items/8298059610-gucci-wallet?referrer=catalog,3,8298059610,Sold,02/03/2026 16:24:46,,https://images1.vinted.net/t/05_020b5_ELwQ2mUquntG6Gur8CyuHk4A/310x430/1772461370.webp?s=b75569088e1104cfb5eff23360a14178bca5b33c,6,1
Gucci GG Jacquard Fingerless Gloves In grey and pink,189.7,Gucci,S,https://www.vinted.it/items/8298040358-gucci-gg-jacquard-fingerless-gloves-in-grey-and-pink?referrer=catalog,1,8298040358,Sold,02/03/2026 16:24:46,,https://images1.vinted.net/t/05_026b3_pFfVSM4KvM6JqvYRUQvu7szs/310x430/1772461246.webp?s=e08060f1825c975d73e03450b4d16da4796f5512,6,1
Lunette de soleil polarisée,142.45,Gucci,0,https://www.vinted.it/items/8298088634-lunette-de-soleil-polarisee?referrer=catalog,2,8298088634,Sold,02/03/2026 16:24:46,,https://images1.vinted.net/t/05_01379_LCgJ7ZBJM3A6ufZejHkpQh4h/310x430/1772461557.webp?s=82a6e553fdf0b011a0e297bbb3ce763da1e8c6eb,6,1
Cravatta Gucci vintage,158.2,Gucci,0,https://www.vinted.it/items/8298083938-cravatta-gucci-vintage?referrer=catalog,1,8298083938,Sold,02/03/2026 16:24:46,,https://images1.vinted.net/t/04_00bbd_tY43VftHuBxEtC5FEM8fMJaC/310x430/1772461528.webp?s=c85c19b955b87cecbe47dfd62b93d26bb318c20f,6,1
Broche Gucci,32.2,Gucci,0,https://www.vinted.it/items/8298080616-broche-gucci?referrer=catalog,1,8298080616,Sold,02/03/2026 16:24:46,,https://images1.vinted.net/t/06_00418_2vYQSeWTU72yBJRD2tkiopRP/310x430/1772461506.webp?s=33a0a70b87f7d956c9af7a6d95dc30322c68e76d,6,1
Gucci Rhyton Sneaker,420.7,Gucci,40,https://www.vinted.it/items/8298062965-gucci-rhyton-sneaker?referrer=catalog,0,8298062965,Sold,02/03/2026 16:24:46,,https://images1.vinted.net/t/01_01db0_GQNEVXanjneiUQNSydcep7Jb/310x430/1772461392.webp?s=1b8844c5b6d90cd746cc85d892efe793eef6da12,6,1
Good highlighter Gucci,21.7,Gucci,0,https://www.vinted.it/items/8298062495-good-highlighter-gucci?referrer=catalog,0,8298062495,Sold,02/03/2026 16:24:46,,https://images1.vinted.net/t/06_01ab2_FE4Tq7qNYhdrn64ypPL5c62x/310x430/1772461389.webp?s=95fabe1c8cae3f26f6a6ecfb0675b8b6653fca9e,6,1
Chaussures très belle,95.2,Gucci,38.5,https://www.vinted.it/items/8298055052-chaussures-tres-belle?referrer=catalog,2,8298055052,Sold,02/03/2026 16:24:46,,https://images1.vinted.net/t/06_00153_7LNhhqdCVvYgXuKhGcUMSUnM/310x430/1772461340.webp?s=9d19964968b1b6673f0f48b531589e3b0ef0804a,6,1
Rouge à lèvres voile Gucci,21.7,Gucci,0,https://www.vinted.it/items/8298052680-rouge-a-levres-voile-gucci?referrer=catalog,0,8298052680,Sold,02/03/2026 16:24:46,,https://images1.vinted.net/t/06_00081_ifkuYn1M88tp1B33Jazs7bqR/310x430/1772461325.webp?s=c0fc0f08c6d47f52f7f438b1faa269f47aa9bfa8,6,1
Gucci Bloom Nieuw,40.08,Gucci,0,https://www.vinted.it/items/8298044512-gucci-bloom-nieuw?referrer=catalog,0,8298044512,Sold,02/03/2026 16:24:46,,https://images1.vinted.net/t/06_008b6_y3eUiFn1ffU7gAKhvUvLGtsG/310x430/1772461273.webp?s=3ea76dcbe573e8e6f693b480576d37ee64a1ca86,6,1
Mascara Gucci,16.45,Gucci,0,https://www.vinted.it/items/8298042471-mascara-gucci?referrer=catalog,0,8298042471,Sold,02/03/2026 16:24:46,,https://images1.vinted.net/t/04_00177_V6AQ3Lr1478VoUcLc9xTiVHk/310x430/1772461260.webp?s=f4c214bc17a504c27f7646d1e5d6aab3f7dbad6b,6,1
Gucci totalement neuf crayon contour des lèvres nude,20.65,Gucci,0,https://www.vinted.it/items/8298031575-gucci-totalement-neuf-crayon-contour-des-levres-nude?referrer=catalog,0,8298031575,Sold,02/03/2026 16:24:46,,https://images1.vinted.net/t/05_01b77_SPo9ARz9eWfbHAYgD9i7LQvY/310x430/1772461189.webp?s=0e9a1c07ac18ab325ee97c9ad4e8221962647c3b,6,1
Sac carton x cadeau Gucci,21.7,Gucci,0,https://www.vinted.it/items/8298027392-sac-carton-x-cadeau-gucci?referrer=catalog,0,8298027392,Sold,02/03/2026 16:24:46,,https://images1.vinted.net/t/03_00fee_85AinXfHiha9gUjc94oydYd5/310x430/1772461162.webp?s=d2321302a8fca84b82151eeda122403236609aa6,6,1
Cravatta seta Gucci vintage,158.2,Gucci,0,https://www.vinted.it/items/8298021380-cravatta-seta-gucci-vintage?referrer=catalog,0,8298021380,Sold,02/03/2026 16:24:46,,https://images1.vinted.net/t/04_005f6_bnno4L6JgCyLtd2tDQHWGqpd/310x430/1772461123.webp?s=43a2d16a24b5a03d7558ee19b2f9c566de05d9b2,6,1
Gucci rush parfum,21.7,Gucci,0,https://www.vinted.it/items/8298014679-gucci-rush-parfum?referrer=catalog,2,8298014679,Sold,02/03/2026 16:24:46,,https://images1.vinted.net/t/05_0070b_AQipiuPyptsVbAzj9vespWpy/310x430/1772461079.webp?s=577975cca2547d996a501db073e2d5a3f964dfb4,6,1
Gucci ensemble jogging,168.7,Gucci,24-36 mesi / 92 cm,https://www.vinted.it/items/8298007954-gucci-ensemble-jogging-bebe-fille-92-cm-24mois?referrer=catalog,0,8298007954,Sold,02/03/2026 16:24:46,,https://images1.vinted.net/t/06_01931_Vh8vj36L8SBjYWV9VDG94Y9G/310x430/1772461036.webp?s=a01352a77dd417fa4659781976491dd56ee2bdeb,6,1
Sonnenbrille Gucci GG0636SK Damen,105.7,Gucci,0,https://www.vinted.it/items/8297999171-sonnenbrille-gucci-gg0636sk-damen?referrer=catalog,7,8297999171,Sold,02/03/2026 16:24:46,,https://images1.vinted.net/t/05_008c2_DB15nxivhkWVLBb8DXxcc3cj/310x430/1772460980.webp?s=3a345b6644ff7770033c667f0edae6ec8393a181,6,1
Sapatilhas Gucci GG Sneaker “Beige Monogram”,357.7,Gucci,36,https://www.vinted.it/items/8297989455-sapatilhas-gucci-gg-sneaker-beige-monogram?referrer=catalog,1,8297989455,Sold,02/03/2026 16:24:46,,https://images1.vinted.net/t/06_01043_PdFSZ9FgazUN62fdmvg3QRhh/310x430/1772460917.webp?s=0b0394b339f633966b8402de2519c8566bef1e58,6,1
Pantalone Gucci sigaretta tg 40,168.7,Gucci,S / IT 40 / EU 36,https://www.vinted.it/items/8297984336-pantalone-gucci-sigaretta-tg-40?referrer=catalog,0,8297984336,Sold,02/03/2026 16:24:46,,https://images1.vinted.net/t/04_0199d_xHpVa1NhSenmEcuxXTtDBHjk/310x430/1772460884.webp?s=8a5d9d71f3900cd50916383392a5fa7ab301d34b,6,1
Lunettes de soleil Gucci,245.35,Gucci,0,https://www.vinted.it/items/8297983683-lunettes-de-soleil-gucci?referrer=catalog,0,8297983683,Sold,02/03/2026 16:24:46,,https://images1.vinted.net/t/04_00d6b_7kLTQSEAB9wjJ882ADctyvTn/310x430/1772460880.webp?s=7bb53e8fc37feab4f8dab2bdf12370dcdeb6bb46,6,1
Occhiali da vista Gucci - Montatura Oversize Rosso Ciliegia - Originali con Custodia,194.95,Gucci,0,https://www.vinted.it/items/8297926277-occhiali-da-vista-gucci-montatura-oversize-rosso-ciliegia-originali-con-custodia?referrer=catalog,0,8297926277,Sold,02/03/2026 16:24:46,,https://images1.vinted.net/t/06_0078d_FqUWCGTGcn7najsB5ghu6697/310x430/1772460509.webp?s=69f3c5f293a798dbfb0311f5ae4baf67ee859492,6,1
Jean Gucci,210.7,Gucci,M / IT 42 / EU 38,https://www.vinted.it/items/8270528118-jean-gucci?referrer=catalog,2,8270528118,Sold,02/03/2026 16:24:46,,https://images1.vinted.net/t/06_01223_Uu5eL1UUNqFK4UMhd5HPtJ3M/310x430/1772184336.webp?s=2f4d3425fcb1632bb024745138754b15b664833a,6,1
Profumo Gucci,42.7,Gucci,0,https://www.vinted.it/items/8297972039-profumo-gucci?referrer=catalog,0,8297972039,Sold,02/03/2026 16:24:46,,https://images1.vinted.net/t/06_0214b_6ev3ox1oWXAG1HSCrS3UoB1c/310x430/1772460803.webp?s=356ae849cafb13fa63d4a740e6e7edc96f874ad3,6,1
Occhiali da sole Gucci – 13,105.7,Gucci,0,https://www.vinted.it/items/8297969398-occhiali-da-sole-gucci-13?referrer=catalog,2,8297969398,Sold,02/03/2026 16:24:46,,https://images1.vinted.net/t/06_01b04_d2fUg4FyEVNpjwvPurgoqdZU/310x430/1772460787.webp?s=a052ec293ec9b530a39b097838b5ae304fe599e1,6,1
Guinzaglio + collare Gucci,315.7,Gucci,0,https://www.vinted.it/items/8297940790-guinzaglio-collare-gucci?referrer=catalog,2,8297940790,Sold,02/03/2026 16:24:46,,https://images1.vinted.net/t/05_008d7_rV6F5xyJKRsdDjq2pdBUU17U/310x430/1772460603.webp?s=817a4de2a377168c057e25e0e0622d1f72ba0b9f,6,1
Micro guccissima shopping bag,1.0297,Gucci,0,https://www.vinted.it/items/8296658388-micro-guccissima-shopping-bag?referrer=catalog,1,8296658388,Sold,02/03/2026 16:25:48,,https://images1.vinted.net/t/04_018ab_cLd6hiboLbQ4VPUcruvoc3F7/310x430/1772451811.webp?s=bdcec0c2c59b3847569f5cadb41edba2a74716d2,6,3
Cintura Gucci donna edizione limitata NUOVA,420.7,Gucci,85 cm,https://www.vinted.it/items/8296639764-cintura-gucci-donna-edizione-limitata-nuova?referrer=catalog,0,8296639764,Sold,02/03/2026 16:25:48,,https://images1.vinted.net/t/04_0227c_e1Pku9ibQcycYo9VMeuhJYdA/310x430/1772451674.webp?s=ee36fdab4e8d2a0d22646bd898292ef14538fcf1,6,3
Schöne Originale Gucci Brille,95.2,Gucci,0,https://www.vinted.it/items/8264593789-schone-originale-gucci-brille?referrer=catalog,1,8264593789,Sold,02/03/2026 16:25:48,,https://images1.vinted.net/t/05_011df_37TV4crVK9jPP79GLryxpymQ/310x430/1772105936.webp?s=3a9c151e8290857c6b734e36617d4290db374bc0,6,3
Gucci Damen Sneaker 38 – Klassisch & Neu,142.45,Gucci,38,https://www.vinted.it/items/8296628304-gucci-damen-sneaker-38-klassisch-neu?referrer=catalog,84,8296628304,Sold,02/03/2026 16:25:48,,https://images1.vinted.net/t/04_00df8_S2RQiGLL6hZxoPjFiZeSkx2L/310x430/1772451591.webp?s=1c127397a9ca3bc1af8c9f8ee1bf50f115b95e6a,6,3
Gafas Gucci,147.7,Gucci,0,https://www.vinted.it/items/8296602590-gafas-gucci?referrer=catalog,2,8296602590,Sold,02/03/2026 16:25:48,,https://images1.vinted.net/t/04_00d4d_fCNEhhPBxJzMWeUaTBcs9ExP/310x430/1772451403.webp?s=ea5cad08390cbd08a209acc23f7b9f1cc7bf5dce,6,3
Scarpe Sneakers Gucci Donna Num. 39,137.2,Gucci,39,https://www.vinted.it/items/8296600061-scarpe-sneakers-gucci-donna-num-39?referrer=catalog,4,8296600061,Sold,02/03/2026 16:25:48,,https://images1.vinted.net/t/05_02403_AhcUzjEscDsuW6Mht4GycrYX/310x430/1772451384.webp?s=4fa73e7723d449daf0700a628138340915aa2cc8,6,3
New Gucci YA125409 Gucci G Collection diamanten rosévergulde dameshorloge,263.2,Gucci,30–38 mm,https://www.vinted.it/items/8296598667-new-gucci-ya125409-gucci-g-collection-diamanten-rosevergulde-dameshorloge?referrer=catalog,2,8296598667,Sold,02/03/2026 16:25:48,,https://images1.vinted.net/t/06_00312_fHT1kbbhSZFf6EsSrBt22DaZ/310x430/1772451374.webp?s=7b7cd201b3f3a9eeaa8f827884b5062906d02fa7,6,3
Collar Gucci diamante con colgante (incluye estuche,420.7,Gucci,0,https://www.vinted.it/items/8296595469-collar-gucci-diamante-con-colgante-incluye-estuche-original-y-bolso-original?referrer=catalog,0,8296595469,Sold,02/03/2026 16:25:48,,https://images1.vinted.net/t/06_004e6_M1Te95TsArGgossifhmhghXb/310x430/1772451349.webp?s=e93eb2603b59d60c4ae51e5779dd2ec47fdb6154,6,3
Coque iphone xs,68.95,Gucci,0,https://www.vinted.it/items/8296593866-coque-iphone-xs?referrer=catalog,0,8296593866,Sold,02/03/2026 16:25:48,,https://images1.vinted.net/t/06_01c3d_C1AZr9xbA7ssTt6oXM3RQUBc/310x430/1772451338.webp?s=1d7edaeb4aaa3d7246add9c6a2d9865009cb3565,6,3
Lot Gucci sac boite,21.7,Gucci,0,https://www.vinted.it/items/8296589665-lot-gucci-sac-boite?referrer=catalog,1,8296589665,Sold,02/03/2026 16:25:48,,https://images1.vinted.net/t/06_005a0_CYudkQxFVabZaGzD8N12yoBi/310x430/1772451308.webp?s=2e01125bac1701d7fd2e39ad49a90a1451b61a6e,6,3
Gucci zonnebril,158.2,Gucci,0,https://www.vinted.it/items/8296579571-gucci-zonnebril?referrer=catalog,4,8296579571,Sold,02/03/2026 16:25:48,,https://images1.vinted.net/t/05_01aec_QVHqpLxbTeyqUz4xQsBPmzZ8/310x430/1772451232.webp?s=34c7ae415e8902500d0d001d421669cf24606bde,6,3
Borsa donna,1.4182,Gucci,0,https://www.vinted.it/items/8296561786-borsa-donna?referrer=catalog,2,8296561786,Sold,02/03/2026 16:25:48,,https://images1.vinted.net/t/06_00a8d_fjtep5RnhJWMgbN7hoCGjdw1/310x430/1772451100.webp?s=8985bd0d44b33c629ea565f6af0fa7906bfb6b68,6,3
Miniatura Gucci Flora gorgeous gardenia,105.69,Gucci,0,https://www.vinted.it/items/8296554203-miniatura-gucci-flora-gorgeous-gardenia?referrer=catalog,0,8296554203,Sold,02/03/2026 16:25:48,,https://images1.vinted.net/t/06_00a4f_Q7moGEVeKBj5G8yoRzsUHeEa/310x430/1772451044.webp?s=6bec379f46ff4a3c0010a74b2cedbb2a7c463329,6,3
Camicia vintage M.J Knoud by paolo gucci,53.2,Paolo Gucci,M,https://www.vinted.it/items/8296479257-camicia-vintage-mj-knoud-by-paolo-gucci?referrer=catalog,11,8296479257,Sold,02/03/2026 16:25:48,,https://images1.vinted.net/t/06_02467_XHwdJebpg7H7yy7VVcNxgYQU/310x430/1772450497.webp?s=bc73a9586e6d472c744ca138515d876055c9a6cd,6,3
Porte carte bleue pour homme GUCCI cadeau vintage  du Gan.,84.7,Gucci,0,https://www.vinted.it/items/8264450453-porte-carte-bleue-pour-homme-gucci-cadeau-vintage-du-gan?referrer=catalog,0,8264450453,Sold,02/03/2026 16:25:48,,https://images1.vinted.net/t/06_00e7a_K1nSWKjPnz5UknF2LfGsieZn/310x430/1772104845.webp?s=e2b1ff84c2bb13127e7adcf2ab54a41eeb5415bd,6,3
Gucci by Gucci 75ml parfum,84.7,Gucci,0,https://www.vinted.it/items/8296545884-gucci-by-gucci-75ml-parfum?referrer=catalog,3,8296545884,Sold,02/03/2026 16:25:48,,https://images1.vinted.net/t/06_0154a_3r4uq8LDzW9SaYXTCEitGY7D/310x430/1772450983.webp?s=a6c6186d2c45a293565c407dabc3f6a2e876aec5,6,3
Gucci flora gardenia,26.95,Gucci,0,https://www.vinted.it/items/8296543052-gucci-flora-gardenia?referrer=catalog,1,8296543052,Sold,02/03/2026 16:25:48,,https://images1.vinted.net/t/05_013bf_jjueAbgJ8w7XbehVspmcmvf1/310x430/1772450962.webp?s=8cfdf30366ce8129e61189723fd8654cdfbfd1ef,6,3
Occhiali Gucci,179.2,Gucci,0,https://www.vinted.it/items/8296521801-occhiali-gucci?referrer=catalog,3,8296521801,Sold,02/03/2026 16:25:48,,https://images1.vinted.net/t/05_00c07_YjYEK51XUeTLmsUg8V4EoNPy/310x430/1772450808.webp?s=39897531e3e704b9ee6dbce192bec9f80955957f,6,3
Gucci 70cm Kindergürtel Gr. M Belt Junior W.25 Ns. Morgana Cinture Kids J,131.95,Gucci,70 cm,https://www.vinted.it/items/8296510059-gucci-70cm-kindergurtel-gr-m-belt-junior-w25-ns-morgana-cinture-kids-j?referrer=catalog,0,8296510059,Sold,02/03/2026 16:25:48,,https://images1.vinted.net/t/05_00b3b_CARETSKjSjQkbp8pbDyNxhiz/310x430/1772450722.webp?s=fb3a468c60027a78b9841f48e24b781d372b87c1,6,3
Gucci premier 75ml,95.2,Gucci,0,https://www.vinted.it/items/8296499518-gucci-premier-75ml?referrer=catalog,0,8296499518,Sold,02/03/2026 16:25:48,,https://images1.vinted.net/t/04_02581_1bXbMnoYvBK2pwKXX1QA43nK/310x430/1772450645.webp?s=82b615ac81cb2030da075b9ec8389d139eeac685,6,3
Gucci Mocassini Horsebit Suede Micro GG Fancy Brown Tg 36.5 (Full set) Nuovo/Originale,294.7,Gucci,36.5,https://www.vinted.it/items/8296483862-gucci-mocassini-horsebit-suede-micro-gg-fancy-brown-tg-365-full-set-nuovooriginale?referrer=catalog,5,8296483862,Sold,02/03/2026 16:25:48,,https://images1.vinted.net/t/01_00659_wTKGu1kqVAsXXjM9yKYtDgoC/310x430/1772450531.webp?s=47dcfb05660f1bbec16a12922dd7ccab8dd6ab35,6,3
Correttore Gucci,26.95,Gucci,0,https://www.vinted.it/items/8296391914-correttore-gucci?referrer=catalog,1,8296391914,Sold,02/03/2026 16:26:24,,https://images1.vinted.net/t/06_01b1e_CA9XpNZpz8vhECiAJR4npHHa/310x430/1772449855.webp?s=8e51bab667d02053fc677543cde4e4f89bdbf8e9,6,4
Fondotinta Gucci,32.2,Gucci,0,https://www.vinted.it/items/8296380916-fondotinta-gucci?referrer=catalog,1,8296380916,Sold,02/03/2026 16:26:24,,https://images1.vinted.net/t/06_01ae8_pvy16sGWJiYGdqLu37CCoQ3N/310x430/1772449774.webp?s=e1a81e64ae74debe5f1ac9132b3b81eefeacc8c6,6,4
Gucci hakken maat 38 nieuw,184.45,Gucci,38,https://www.vinted.it/items/8296376704-gucci-hakken-maat-38-nieuw?referrer=catalog,6,8296376704,Sold,02/03/2026 16:26:24,,https://images1.vinted.net/t/05_00dce_ct13V571UX682MsCuoDRp8Eb/310x430/1772449744.webp?s=415072fca406cdc169415e73c7f46881fcd620fd,6,4
Rouge à lèvre Gucci,26.95,Gucci,0,https://www.vinted.it/items/8296375124-rouge-a-levre-gucci?referrer=catalog,0,8296375124,Sold,02/03/2026 16:26:24,,https://images1.vinted.net/t/06_01288_HrHdCUs9FjNL5QVmPBwkfYQx/310x430/1772449732.webp?s=e33c57cbaf54ffbaf6c6f6736ae9243aafdd7117,6,4
Parfum Gucci Accenti 50ml #collector#,95.2,Gucci,0,https://www.vinted.it/items/8296371764-parfum-gucci-accenti-50ml-collector?referrer=catalog,0,8296371764,Sold,02/03/2026 16:26:24,,https://images1.vinted.net/t/03_004f8_kCbKfStR17sgr9dqHxaVHPy4/310x430/1772452233.webp?s=891b63652511a7542cd88565a6aad31a0213c42f,6,4
Gucci absolute 90ml parfum,84.7,Gucci,0,https://www.vinted.it/items/8296369730-gucci-absolute-90ml-parfum?referrer=catalog,0,8296369730,Sold,02/03/2026 16:26:24,,https://images1.vinted.net/t/04_008a1_hDt5Vb7Dz6TeGpYFp9B588Po/310x430/1772449693.webp?s=4aa71f81843ee69f640eef7c0f8930c078ee33a5,6,4
Gucci Guilty Intense EDP 90ml NOVO,47.95,Gucci,0,https://www.vinted.it/items/8296366808-gucci-guilty-intense-edp-90ml-novo?referrer=catalog,3,8296366808,Sold,02/03/2026 16:26:24,,https://images1.vinted.net/t/05_00aa0_1mc96GYVHfvhxA1Ax5qPWnKW/310x430/1772449671.webp?s=61c325cba3e6c6b847ba3aebd603cbdf3de81b82,6,4
Gucci Bloom Ambrosia Di Fiori Miniatur,13.3,Gucci,0,https://www.vinted.it/items/8296361359-gucci-bloom-ambrosia-di-fiori-miniatur?referrer=catalog,1,8296361359,Sold,02/03/2026 16:26:24,,https://images1.vinted.net/t/01_00001_d8dfjK16LNgp3ijfPS9u2xAb/310x430/1772449632.webp?s=438a8a32e07c2f4fb22005b5b9368630440eb9aa,6,4
Gucci Guilty Parfum 90ml NOVO,47.95,Gucci,0,https://www.vinted.it/items/8296358416-gucci-guilty-parfum-90ml-novo?referrer=catalog,2,8296358416,Sold,02/03/2026 16:26:24,,https://images1.vinted.net/t/06_00c85_VEX12HgRaZ4oa2YKRRjmy2jB/310x430/1772449610.webp?s=f22a890731ecdb7205c83afdbf25be1ce957eb6f,6,4
Gucci T-Shirt,404.95,Gucci,L,https://www.vinted.it/items/8296354891-gucci-t-shirt?referrer=catalog,0,8296354891,Sold,02/03/2026 16:26:24,,https://images1.vinted.net/t/06_0124f_Y88L5gLZSny6Ziw77YdgEHak/310x430/1772449584.webp?s=81f982205c5257729a2a633dcba22de98239d38c,6,4
ciabatte Gucci rosa,252.7,Gucci,38.5,https://www.vinted.it/items/8296300496-ciabatte-gucci-rosa?referrer=catalog,3,8296300496,Sold,02/03/2026 16:26:24,,https://images1.vinted.net/t/06_01558_azLqjfibaJxtigkN4hhzrXSG/310x430/1772449192.webp?s=761d6a7c245164a2ca3c50346b7643078ccfaf0e,6,4
Lot parfums Gucci – Mémoire d’une Odeur,63.7,Gucci,0,https://www.vinted.it/items/6921681488-lot-parfums-gucci-memoire-dune-odeur?referrer=catalog,3,6921681488,Sold,02/03/2026 16:26:24,,https://images1.vinted.net/t/02_01090_MQTgu4LeNGWga2Aq9Rrtd6fD/310x430/1755933591.webp?s=39cfcbaa1246f6cbb4fc6070e619ffd7a919ce03,6,4
Rossetto gucci,16.45,Gucci,0,https://www.vinted.it/items/8296348419-rossetto-gucci?referrer=catalog,1,8296348419,Sold,02/03/2026 16:26:24,,https://images1.vinted.net/t/06_0091c_6Pg4wimd4cssGiWMVqfv6ncb/310x430/1772449538.webp?s=2c65ec6d5504bf5045a8ba2dae29167acd291535,6,4
scatole originali Gucci per cravatte,32.2,Gucci,0,https://www.vinted.it/items/8296342307-scatole-originali-gucci-per-cravatte?referrer=catalog,0,8296342307,Sold,02/03/2026 16:26:24,,https://images1.vinted.net/t/05_0232d_U6j9b1gqJZjC67YBuH5pnhWf/310x430/1772449493.webp?s=e58ae3e2fb0bfa2df7d13ade3300e3d64861c8af,6,4
Pochette Gucci appartenente alla collezione GG Psychedelic.,299.95,Gucci,0,https://www.vinted.it/items/8296245205-pochette-gucci-appartenente-alla-collezione-gg-psychedelic?referrer=catalog,1,8296245205,Sold,02/03/2026 16:26:24,,https://images1.vinted.net/t/03_002e1_MfFHUsYaixrBVCbnBTc7QNKe/310x430/1772448794.webp?s=08baacd72c600c049489b2538ac0cbc42a253be3,6,4
Gucci,294.7,Gucci,0,https://www.vinted.it/items/8296256207-gucci?referrer=catalog,1,8296256207,Sold,02/03/2026 16:26:24,,https://images1.vinted.net/t/04_01589_fa936mFJqLN62bT2CbMbY9fE/310x430/1772448874.webp?s=b0260a6938f2eca50cf581f966ca3ec54e11d68e,6,4
Telo arredo multiuso Gabriella Gucci,11.2,Gabriella Gucci,Altro,https://www.vinted.it/items/8264249846-telo-arredo-multiuso-gabriella-gucci?referrer=catalog,0,8264249846,Sold,02/03/2026 16:26:24,,https://images1.vinted.net/t/05_0219f_jjysSuf7VLhviq1yKi1cthod/310x430/1772103340.webp?s=843dd2a59cf7e20cbf8d344638c1be3a2348b92b,6,4
Gucci Marmont Gürtel 115 cm schwarz Lack *NEU*,315.7,Gucci,115 cm,https://www.vinted.it/items/8296280606-gucci-marmont-gurtel-115-cm-schwarz-lack-neu?referrer=catalog,0,8296280606,Sold,02/03/2026 16:26:24,,https://images1.vinted.net/t/05_00ac9_Y3sRpDm1jHpT2pJuDiZ9GndZ/310x430/1772449158.webp?s=6ed00ef94185eeefe38aab6053db8559d7c46207,6,4
Gucci slippers,105.7,Gucci,37,https://www.vinted.it/items/8296287664-gucci-slippers?referrer=catalog,60,8296287664,Sold,02/03/2026 16:26:24,,https://images1.vinted.net/t/01_01fc0_Rz62ak1ui1tiEBGg1MQcBPcg/310x430/1772449100.webp?s=4f1eeecf4787ba26759cc33d291a70ef39a7701c,6,4
Rossetto Gucci 412,16.45,Gucci,0,https://www.vinted.it/items/8296296457-rossetto-gucci-412?referrer=catalog,1,8296296457,Sold,02/03/2026 16:26:24,,https://images1.vinted.net/t/06_01028_ebx6Zj2U1xVmZ8gEyok9sbWq/310x430/1772449163.webp?s=17363680e65de68e8dbb4e7430451a779fdd3cfd,6,4
Gucci Bloom Nieuw,40.08,Gucci,0,https://www.vinted.it/items/8296289393-gucci-bloom-nieuw?referrer=catalog,1,8296289393,Sold,02/03/2026 16:26:24,,https://images1.vinted.net/t/01_00690_t7R1SKFcwiS7BAwJiaDdZpr7/310x430/1772449113.webp?s=c997046cf270d4c67d5aa7027128fb0bb1f00f4f,6,4
Gucci flora gorgeous jasmine,36.4,Gucci,0,https://www.vinted.it/items/8296271042-gucci-flora-gorgeous-jasmine?referrer=catalog,0,8296271042,Sold,02/03/2026 16:26:24,,https://images1.vinted.net/t/03_00ee1_NA4CRJ4gU5JCcHTKepmN3KXA/310x430/1772448981.webp?s=f27ca51b486a2402d82be05646da01f5d99a5f69,6,4
Minispiegel Handtaschenspiegel Gucci,5.85,Gucci,0,https://www.vinted.it/items/8296266344-minispiegel-handtaschenspiegel-gucci?referrer=catalog,2,8296266344,Sold,02/03/2026 16:26:24,,https://images1.vinted.net/t/05_01edb_AApwSiArF5wM1WB2keubdtNj/310x430/1772448946.webp?s=d90c797e01f11b121e70ffae41d690e8ce256cc3,6,4
Sneakers Gucci GG interlocking G beige,368.2,Gucci,41,https://www.vinted.it/items/8296261227-sneakers-gucci-gg-interlocking-g-beige?referrer=catalog,1,8296261227,Sold,02/03/2026 16:26:24,,https://images1.vinted.net/t/04_01195_9yzECQRESTA5gh5hEDrkD9b4/310x430/1772448909.webp?s=e2813a26b000701b443516228e6e5a46bee69d93,6,4
Sac Gucci Horsebit 1955 en cuir noir,840.7,Gucci,0,https://www.vinted.it/items/8283409782-sac-gucci-horsebit-1955-en-cuir-noir?referrer=catalog,2,8283409782,Sold,02/03/2026 16:26:24,,https://images1.vinted.net/t/05_01b90_ijj9sTjm4ekFJYC2fbmLZ4RH/310x430/1772305966.webp?s=34cf602feccb996544f7c50d179edd3db54fdbbd,6,4
Occhiali da sole Gucci vintage,84.7,Gucci,0,https://www.vinted.it/items/8296250922-occhiali-da-sole-gucci-vintage?referrer=catalog,0,8296250922,Sold,02/03/2026 16:26:24,,https://images1.vinted.net/t/06_02681_9nHxnxewrnop953vcovQY9P4/310x430/1772448835.webp?s=c01caf0ccdddb267242c5e037f95e64e7687caac,6,4
Gucci Flora Gorgeous Orchid 100ML,42.7,Gucci,0,https://www.vinted.it/items/8296246838-gucci-flora-gorgeous-orchid-100ml?referrer=catalog,6,8296246838,Sold,02/03/2026 16:26:24,,https://images1.vinted.net/t/06_0193e_Rx5tEFokMC8eiYkbFda1y6px/310x430/1772448806.webp?s=a8f627e43951dd8a27cf4a837c5e0e37191a0925,6,4
Gucci Guilty Elixir De Parfum für Frauen 5ml Miniature,16.45,Gucci,0,https://www.vinted.it/items/8296230413-gucci-guilty-elixir-de-parfum-fur-frauen-5ml-miniature?referrer=catalog,6,8296230413,Sold,02/03/2026 16:26:24,,https://images1.vinted.net/t/05_026db_4ReJofRDG5busQFvgs9MAsXy/310x430/1772448689.webp?s=0ecd99bc6d2f4cdf0ee965971bfc7a84d5a33053,6,4
Veste Gucci rose,368.2,Gucci,50,https://www.vinted.it/items/8296208436-veste-gucci-rose?referrer=catalog,0,8296208436,Sold,02/03/2026 16:26:24,,https://images1.vinted.net/t/06_018da_4S7GqxgqDkbkK5St1EpZCqBm/310x430/1772448532.webp?s=5210181edc769c6236d84919d48d3f63ebc23c5e,6,4
Pantaloni Gucci,63.7,Gucci,XS / IT 38 / EU 34,https://www.vinted.it/items/8296205840-pantaloni-gucci?referrer=catalog,0,8296205840,Sold,02/03/2026 16:26:24,,https://images1.vinted.net/t/06_004b1_qH1wL5hLs94eNoT9ub9Ygb8g/310x430/1772448514.webp?s=af503242169f196f6efe3460408ae04cc1d7db4c,6,4
Gucci coperta neonato,210.7,Gucci,0,https://www.vinted.it/items/8296203927-gucci-coperta-neonato?referrer=catalog,1,8296203927,Sold,02/03/2026 16:26:24,,https://images1.vinted.net/t/04_00d19_g8rR9AvW5FaP7qgPjzrsu9Hs/310x430/1772448501.webp?s=4f96dc5ac7a736ce1b08e71c7501907dc76945da,6,4
Camicia azzurra Gucci seta,315.7,Gucci,37 cm,https://www.vinted.it/items/8296188891-camicia-azzurra-gucci-seta?referrer=catalog,1,8296188891,Sold,02/03/2026 16:26:24,,https://images1.vinted.net/t/06_01169_KUHmbW7B2yFe9wbpr3AHPbdB/310x430/1772448396.webp?s=4a5aee153e3d55f89f9bbc6deb43b024b1d90c59,6,4
Mocassino gucci,336.7,Gucci,40,https://www.vinted.it/items/8296180468-mocassino-gucci?referrer=catalog,9,8296180468,Sold,02/03/2026 16:26:24,,https://images1.vinted.net/t/01_00e8d_Sq8bprAp8yKjdug3P3JcPMji/310x430/1772448336.webp?s=7e6fb684337b5bb12d21b243fd8731db369834f5,6,4
Gucci sjaal,231.7,Gucci,0,https://www.vinted.it/items/8296062443-gucci-sjaal?referrer=catalog,3,8296062443,Sold,02/03/2026 16:26:24,,https://images1.vinted.net/t/05_01999_8DxFEtPX5UmwNHsi6JRQUbn4/310x430/1772447489.webp?s=e819de73502a4eea995774e9e5ba579c2fa03bf2,6,4
Gucci Dionysus Leather Bag,998.2,Gucci,0,https://www.vinted.it/items/8296177228-gucci-dionysus-leather-bag?referrer=catalog,0,8296177228,Sold,02/03/2026 16:26:24,,https://images1.vinted.net/t/05_01c79_aX2KEwsAiQPAY57veCMq7y2C/310x430/1772448313.webp?s=988d1d3361ec7040e68c9b949b048a8f02e7304c,6,4
Short Gucci GG monogramme bleu marine camel maille luxe taille S,420.7,Gucci,S,https://www.vinted.it/items/8296165478-short-gucci-gg-monogramme-bleu-marine-camel-maille-luxe-taille-s?referrer=catalog,2,8296165478,Sold,02/03/2026 16:26:24,,https://images1.vinted.net/t/06_004e6_gv1cQoncdnYeNDjE4tCXAsQG/310x430/1772448231.webp?s=1600eb29a15a363bb121219882918f7be41045c6,6,4
Porte carte Gucci Denim Jean,84.7,Gucci,0,https://www.vinted.it/items/8264103874-porte-carte-gucci-denim-jean?referrer=catalog,2,8264103874,Sold,02/03/2026 16:26:24,,https://images1.vinted.net/t/05_01df3_vUU34rU344QRfEDCqzg2Wyw2/310x430/1772102251.webp?s=694fba61be42560de5ebb3b1f30d2d88422b305a,6,4
Foulard Gucci,168.7,Gucci,0,https://www.vinted.it/items/8296116117-foulard-gucci?referrer=catalog,28,8296116117,Sold,02/03/2026 16:26:24,,https://images1.vinted.net/t/05_00eac_S5rMg4cLFM4JtaH5ZAiC6HeX/310x430/1772447880.webp?s=9ad330364321154a28d4cbb252cce57d3da7f5e3,6,4
Casque Gucci,263.2,Gucci,M,https://www.vinted.it/items/8296108000-casque-gucci?referrer=catalog,11,8296108000,Sold,02/03/2026 16:26:24,,https://images1.vinted.net/t/04_00fae_RVXJxSFRimnk76ZxHbqGg3az/310x430/1772447822.webp?s=186a7db4d4b9e43e9dee1fae54d3905323548563,6,4
Óculos Gucci lindíssimos,105.7,Gucci,0,https://www.vinted.it/items/8296099313-oculos-gucci-lindissimos?referrer=catalog,10,8296099313,Sold,02/03/2026 16:26:24,,https://images1.vinted.net/t/05_01d99_2oh9zKWSAVp5idR9jAkv142L/310x430/1772447760.webp?s=493334059a5af40f8c68ea1652425d7d9cb38136,6,4
Cintura Gucci,273.7,Gucci,Regolabile,https://www.vinted.it/items/8296095076-cintura-gucci?referrer=catalog,0,8296095076,Sold,02/03/2026 16:26:24,,https://images1.vinted.net/t/06_01130_xnV5V67kTYohK2f7dYh6wQ54/310x430/1772447729.webp?s=77985ba0d7d1df08c3b4efd2605d05e125e0968a,6,4
Stola Gucci,263.2,Gucci,0,https://www.vinted.it/items/8296092749-stola-gucci?referrer=catalog,6,8296092749,Sold,02/03/2026 16:26:24,,https://images1.vinted.net/t/05_02502_9QJSaFsXaxN767dNXBsGv5pv/310x430/1772447712.webp?s=3fc7a54424eb6ec746051bc93d62fef90f3ae582,6,4
Pantaloni di lana Gucci zampa d’elefante,53.2,Gucci,M / IT 42 / EU 38,https://www.vinted.it/items/8296084098-pantaloni-di-lana-gucci-zampa-delefante?referrer=catalog,8,8296084098,Sold,02/03/2026 16:26:24,,https://images1.vinted.net/t/01_01a7d_CTmePqzEdTX5wDHuVJFXeZJo/310x430/1772447649.webp?s=3f6d7cecb969492077bc73901852c4e9727e63f0,6,4
Gucci sonnenbrille,205.45,Gucci,0,https://www.vinted.it/items/8296081953-gucci-sonnenbrille?referrer=catalog,4,8296081953,Sold,02/03/2026 16:26:24,,https://images1.vinted.net/t/05_00a68_NH14QLNqQ3tmCs5fdVBgK1k9/310x430/1772447633.webp?s=6df2d2b1c0a65fa8d57856c8e4a9b8c636623e9d,6,4
GUCCI bag,735.7,Gucci,0,https://www.vinted.it/items/8292173530-gucci-bag?referrer=catalog,7,8292173530,Sold,02/03/2026 16:26:24,,https://images1.vinted.net/t/06_00c6f_fJraScdnwNMQdXEy3PHPm2gv/310x430/1772451962.webp?s=12c1c63d5b1b55f1c523982b976196f4846a43a3,6,4
Cipria Gucci,40.6,Gucci,0,https://www.vinted.it/items/8295486014-cipria-gucci?referrer=catalog,1,8295486014,Sold,02/03/2026 16:26:48,,https://images1.vinted.net/t/05_025d8_364n38LLe3goq2GR2HMAKKNY/310x430/1772442900.webp?s=b34f3e69d9750d10c2484e5ac7d90195f8f42521,6,5
Casquette Gucci GG Web,200.2,Gucci,S,https://www.vinted.it/items/8295478443-casquette-gucci-gg-web?referrer=catalog,3,8295478443,Sold,02/03/2026 16:26:48,,https://images1.vinted.net/t/01_00e62_Yg1e8sAUnv9NykQ8sp29ryZH/310x430/1772442912.webp?s=767787e71647ca64610bfb90264d5a67641c2d7a,6,5
Cappellino Gucci,126.7,Gucci,Taglia unica,https://www.vinted.it/items/8294594453-cappellino-gucci?referrer=catalog,2,8294594453,Sold,02/03/2026 16:26:48,,https://images1.vinted.net/t/05_009dc_GWqWcqmNqnsbmnXooN5Y1JdQ/310x430/1772406560.webp?s=8feee6bb03157c13b899529955049d69df0f1161,6,5
Ceinture gucci,158.2,Gucci,Regolabile,https://www.vinted.it/items/8294528425-ceinture-gucci?referrer=catalog,0,8294528425,Sold,02/03/2026 16:26:48,,https://images1.vinted.net/t/04_0171e_XjmCVjrjbVY65scqfVDYj6F5/310x430/1772404916.webp?s=17eab52c35ec048bbb3556f265f7ed3da2dbd5f7,6,5
Wallet Gucci Negro en cuero GG Supreme,76.3,Gucci,0,https://www.vinted.it/items/8294690269-wallet-gucci-negro-en-cuero-gg-supreme?referrer=catalog,0,8294690269,Sold,02/03/2026 16:26:48,,https://images1.vinted.net/t/05_01193_jWod5sgz7p43SvmjHmfZAJCk/310x430/1772410872.webp?s=7ce96a88a02166effb1544420d0d22991b71e59c,6,5
t-shirt gucci nera,231.7,Gucci,M,https://www.vinted.it/items/8294566188-t-shirt-gucci-nera?referrer=catalog,6,8294566188,Sold,02/03/2026 16:26:48,,https://images1.vinted.net/t/05_00dfc_T4tnRfLbPXygrpQiXc8rLPG6/310x430/1772405779.webp?s=e651ad7b4dbbbcf0d9c03fd4271bf5031ba49fef,6,5
Gucci Pantaloni,368.2,Gucci,Taglia unica,https://www.vinted.it/items/8295462076-gucci-pantaloni?referrer=catalog,6,8295462076,Sold,02/03/2026 16:26:48,,https://images1.vinted.net/t/05_011ac_X7k6KWNVNwdTtZy2ZxzGNPPR/310x430/1772442674.webp?s=ba7f31085eab5023897f028fbc483016caadd100,6,5
Gucci La vera storia di una dinastia,5.95,No brand,0,https://www.vinted.it/items/8295461510-gucci-la-vera-storia-di-una-dinastia?referrer=catalog,0,8295461510,Sold,02/03/2026 16:26:48,,https://images1.vinted.net/t/06_00c46_DPTsnN7X71vNuEoZVZNMqojf/310x430/1772442668.webp?s=45a5fb4b60b2b16aff98ca79ec115639f4b0bb3a,6,5
Gucci jeans woman,105.7,Gucci,XXS / IT 36 / EU 32,https://www.vinted.it/items/8294541184-gucci-jeans-woman?referrer=catalog,2,8294541184,Sold,02/03/2026 16:26:48,,https://images1.vinted.net/t/01_01e2c_hG5CcpG8zKJqq55RffJtw7bP/310x430/1772405190.webp?s=a147af05606deb50ab968bc34da9133a84136ed3,6,5
Mocassins Princetown Gucci,473.2,Gucci,39,https://www.vinted.it/items/8295440372-mocassins-princetown-gucci?referrer=catalog,5,8295440372,Sold,02/03/2026 16:26:48,,https://images1.vinted.net/t/05_01b29_uPNgfG6AKj33H37LweXDCndv/310x430/1772442466.webp?s=79754508cf2661d27e18ef30cd88a90f91ebe3cd,6,5
Baby blue Gucci sneakers,708.9,Gucci,40.5,https://www.vinted.it/items/8295436648-baby-blue-gucci-sneakers?referrer=catalog,1,8295436648,Sold,02/03/2026 16:26:48,,https://images1.vinted.net/t/06_01af3_YdBxUTZxmyFqi7kX6ry5yjpP/310x430/1772442429.webp?s=9bec66f17164c7bb465eeaeaf38da17a436e436a,6,5
Profumo Gucci,47.95,Gucci,0,https://www.vinted.it/items/8295424097-profumo-gucci?referrer=catalog,3,8295424097,Sold,02/03/2026 16:26:48,,https://images1.vinted.net/t/06_00933_XsL6hmhyqd8HUn5KpEYtJ6AS/310x430/1772442307.webp?s=0c8898ef2e3181328fd31b7843fac50849da9c6f,6,5
Gucci robe,313.6,Gucci,M / IT 42 / EU 38,https://www.vinted.it/items/8295420326-gucci-robe?referrer=catalog,2,8295420326,Sold,02/03/2026 16:26:48,,https://images1.vinted.net/t/06_01a06_yhs1cSishhuy22CM7tPF4Akk/310x430/1772442269.webp?s=a5bf439f33cb66a1ffeac1adcd574f7690e70db3,6,5
Pantaloni Gucci uomo,242.2,Gucci,M,https://www.vinted.it/items/8294385736-pantaloni-gucci-uomo?referrer=catalog,0,8294385736,Sold,02/03/2026 16:26:48,,https://images1.vinted.net/t/06_00219_CyVFp6isEDgv4ZgXXh6NM1Xx/310x430/1772402514.webp?s=b14136641b25acb1dd9efbbbb6767513fb8785c9,6,5
90’s Gucci Pullover,121.45,Gucci,S,https://www.vinted.it/items/8294322563-90s-gucci-pullover?referrer=catalog,0,8294322563,Sold,02/03/2026 16:26:48,,https://images1.vinted.net/t/05_00e83_jPk2XHRjDEjSyeURMGCHQhyf/310x430/1772401684.webp?s=51622010bc5310ef4807f2ad32017c9ab70b5ee0,6,5
Sara Gay Forden - Gucci Buch Coffee Table Book,13.3,No brand,0,https://www.vinted.it/items/8295397186-sara-gay-forden-gucci-buch-coffee-table-book?referrer=catalog,2,8295397186,Sold,02/03/2026 16:26:48,,https://images1.vinted.net/t/05_00e17_G9AsiGyjEg1Fbt3mzUVHie5d/310x430/1772442033.webp?s=3557eb7fbbb1a4fdac50b809c6e5c6c63e8fe843,6,5
Occhiali Gucci multicolor,100.45,Gucci,0,https://www.vinted.it/items/8294344182-occhiali-gucci-multicolor?referrer=catalog,9,8294344182,Sold,02/03/2026 16:26:48,,https://images1.vinted.net/t/01_020a7_4NhSMKgwoaeHZhTsPsrqmU5a/310x430/1772401959.webp?s=239e74c9f1ca533e72bd946c892ecc0a45135b26,6,5
Set regalo perfume Gucci Flora Gorgeous Gardenia Eau de Parfum 50 ml,79.45,Gucci,0,https://www.vinted.it/items/8295383039-set-regalo-perfume-gucci-flora-gorgeous-gardenia-eau-de-parfum-50-ml?referrer=catalog,0,8295383039,Sold,02/03/2026 16:26:48,,https://images1.vinted.net/t/04_004e0_jLSq9eUPEchPPkKgePTUo9Cq/310x430/1772441886.webp?s=fcabfc9beebf7ff0b4dd5da1c5f8a73aa690c7f9,6,5
Gucci Flora  GorgeousJasmine 100 ml,68.95,Gucci,0,https://www.vinted.it/items/8295373604-gucci-flora-gorgeousjasmine-100-ml?referrer=catalog,0,8295373604,Sold,02/03/2026 16:26:48,,https://images1.vinted.net/t/05_00941_rCWoktza6jQRkh1wRu5Dhxw2/310x430/1772441787.webp?s=09f0c16922815ede270b751cdb8d4a89c7fca88d,6,5
Chaussures Baskets Sneakers Gucci Bleu Marine | Gucci Ace Shoes,368.2,Gucci,42,https://www.vinted.it/items/8295365059-chaussures-baskets-sneakers-gucci-bleu-marine-gucci-ace-shoes?referrer=catalog,7,8295365059,Sold,02/03/2026 16:26:48,,https://images1.vinted.net/t/01_02123_g2c6ZmDt2ZHD4Hsp1uQ3FrRL/310x430/1772441697.webp?s=d06f4ee3c917120b899f909905268f377b9ca4c8,6,5
scarpe Gucci unisex,189.7,Gucci,21,https://www.vinted.it/items/8295363813-scarpe-gucci-unisex?referrer=catalog,5,8295363813,Sold,02/03/2026 16:26:48,,https://images1.vinted.net/t/05_00365_9TkHEsTao2rTdUMP3aMvwfcy/310x430/1772441685.webp?s=f06089d4238d769324024ef8f539b8676aed5ee2,6,5
GG Marmont,765.0,Gucci,0,https://www.vinted.it/items/8294050903-gg-marmont?referrer=catalog,7,8294050903,Sold,02/03/2026 16:26:48,,https://images1.vinted.net/t/05_024b8_nK3UA2ikxYZvrxcVB5Th6vd5/310x430/1772398906.webp?s=5ad476abc2538b52e382320433950f0da0680fca,6,5
Gucci Tennis Damen Sneakers,499.45,Gucci,38.5,https://www.vinted.it/items/8295356199-gucci-tennis-damen-sneakers?referrer=catalog,2,8295356199,Sold,02/03/2026 16:26:48,,https://images1.vinted.net/t/05_00856_yKKqVkSbYdNwvj8rtWeAL1vg/310x430/1772441683.webp?s=c935e83c3572c08ef57f5ddea6dfea6393923843,6,5
Gucci Lederbörse,210.7,Gucci,0,https://www.vinted.it/items/8295354304-gucci-lederborse?referrer=catalog,1,8295354304,Sold,02/03/2026 16:26:48,,https://images1.vinted.net/t/03_00ec0_KVNpMWE6gbqz6QGcipA6xGNp/310x430/1772441585.webp?s=858aa28ee1662860469ab05337fed8715334a8bd,6,5
Gucci interlooking Umhängetasche,612.0,Gucci,0,https://www.vinted.it/items/8293946157-gucci-interlooking-umhangetasche?referrer=catalog,1,8293946157,Sold,02/03/2026 16:26:48,,https://images1.vinted.net/t/06_00b15_siYB6jGfvVA9Viy3GoC3k3wE/310x430/1772398025.webp?s=bce674bca095206d60b0eb5061d5b7c90f5c04b9,6,5
abito bimba Gucci,158.2,Gucci,6-9 mesi / 68 cm,https://www.vinted.it/items/8295345402-abito-bimba-gucci?referrer=catalog,1,8295345402,Sold,02/03/2026 16:26:48,,https://images1.vinted.net/t/04_00606_NikNCc1S6NyYCTpk1vsSmk9C/310x430/1772441493.webp?s=bcad8ba1c095469579463de5e624395b9f38d2d5,6,5
Scarpa Gucci,158.2,Gucci,0,https://www.vinted.it/items/8293896788-scarpa-gucci?referrer=catalog,0,8293896788,Sold,02/03/2026 16:26:48,,https://images1.vinted.net/t/06_01fe7_G3XzqcfAzoVaJTHtrEMkJPSU/310x430/1772397632.webp?s=75174276e22fe7ddd9dcdca496592ae171b2c211,6,5
Gucci-Disney Gürtel mit toller Schnalle - 95cm,284.2,Gucci,95 cm,https://www.vinted.it/items/8295344892-gucci-disney-gurtel-mit-toller-schnalle-95cm?referrer=catalog,0,8295344892,Sold,02/03/2026 16:26:48,,https://images1.vinted.net/t/01_008c9_v3TqLJ1SLrjKvw4bixbmhWGC/310x430/1772441488.webp?s=e632a28ccd423a8c00c07fb04c57b231d1b6a608,6,5
Gucci Bauchtasche mit Bienen-Print – Neu – Original,529.38,Gucci,0,https://www.vinted.it/items/8293865148-gucci-bauchtasche-mit-bienen-print-neu-original?referrer=catalog,1,8293865148,Sold,02/03/2026 16:26:48,,https://images1.vinted.net/t/04_026a9_rPRwQFXWjpdLhrRSrVSmFRuD/310x430/1772397385.webp?s=8f029a62755f0ec2158b5f3bba62ff64ff1d93ef,6,5
Gucci Nice Boston bag,816.0,Gucci,0,https://www.vinted.it/items/8294626462-gucci-nice-boston-bag?referrer=catalog,3,8294626462,Sold,02/03/2026 16:26:48,,https://images1.vinted.net/t/01_01765_N81Btgk5sDR4RUoQfjdiLQPq/310x430/1772407621.webp?s=0f9e98d51702be0cd764e14766d0967c4722d4c6,6,5
Gafas Gucci,110.95,Gucci,0,https://www.vinted.it/items/8295336707-gafas-gucci?referrer=catalog,2,8295336707,Sold,02/03/2026 16:26:48,,https://images1.vinted.net/t/05_02306_8719LM63WWVNqHxxVWuyFYkc/310x430/1772441401.webp?s=3145a524acbf9931468946bb6c062bf6438e0f5f,6,5
Occhiali Gucci,158.2,Gucci,0,https://www.vinted.it/items/8293792093-occhiali-gucci?referrer=catalog,2,8293792093,Sold,02/03/2026 16:26:48,,https://images1.vinted.net/t/06_02064_23E5A3EvPfhaqJaBy9Q7WGR6/310x430/1772458366.webp?s=1390d1564a894132ad6c32af63737dc033cd7bd0,6,5
pantalon de survêtement 3/4 pour Hommes Gucci,210.7,Gucci,L,https://www.vinted.it/items/8293789686-pantalon-de-survetement-34-pour-hommes-gucci?referrer=catalog,3,8293789686,Sold,02/03/2026 16:26:48,,https://images1.vinted.net/t/05_0129f_iEuxJeci1HfT31yZS9HErXfq/310x430/1772396813.webp?s=0b64123eb6eaa64f606b39a37402e57aea48ebfa,6,5
pantalon de survêtement Gucci,263.2,Gucci,XXL,https://www.vinted.it/items/8293849190-pantalon-de-survetement-gucci?referrer=catalog,3,8293849190,Sold,02/03/2026 16:26:48,,https://images1.vinted.net/t/04_0011a_jtxA85pxX9WEdJk44CY5WvRt/310x430/1772397262.webp?s=abf495d9fe6014895a3e158cac6c4acafa98aeae,6,5
Flora gorgeous gardenia intense,45.85,Gucci,0,https://www.vinted.it/items/8295298205-flora-gorgeous-gardenia-intense?referrer=catalog,8,8295298205,Sold,02/03/2026 16:26:48,,https://images1.vinted.net/t/05_01d63_qoCXTD3NMMMBLS7hKKHmu3Hg/310x430/1772440980.webp?s=842e91b52d3502bc108563a94426b2d8fc9f2577,6,5
Porte Carte GUCCI,116.2,Gucci,0,https://www.vinted.it/items/8293648726-porte-carte-gucci?referrer=catalog,1,8293648726,Sold,02/03/2026 16:26:48,,https://images1.vinted.net/t/05_00112_FrYQJqfu1FHz1CMi8BzoNB6r/310x430/1772395797.webp?s=67980977ce46b547f215d890327f17f74fdf3609,6,5
Porte carte Gucci,105.7,Gucci,0,https://www.vinted.it/items/8293652137-porte-carte-gucci?referrer=catalog,0,8293652137,Sold,02/03/2026 16:26:48,,https://images1.vinted.net/t/05_00ea4_YtZcujzRw9sQAMW8NFAbq6jL/310x430/1772395822.webp?s=44a9811038abd89fc13e5f05ed3d2aa36eb99c91,6,5
T shirt Gucci,205.45,Gucci,XXL,https://www.vinted.it/items/8293590264-t-shirt-gucci?referrer=catalog,2,8293590264,Sold,02/03/2026 16:26:48,,https://images1.vinted.net/t/05_000f2_i5oGwgf45Ht9xtKKQZsxAAkc/310x430/1772395386.webp?s=fa83abac7b48e87c1051404b6900cf48e0d343dc,6,5
Profumo Gucci Bamboo,21.7,Gucci,0,https://www.vinted.it/items/8295247658-profumo-gucci-bamboo?referrer=catalog,6,8295247658,Sold,02/03/2026 16:26:48,,https://images1.vinted.net/t/05_0008b_UaeKeBdA5pnQrtqQCx1F4WCj/310x430/1772440392.webp?s=27a268c653f0c51ba065c952686e81b4490c1af9,6,5
Gucci Slingback Crystal,765.0,Gucci,39.5,https://www.vinted.it/items/8295241087-gucci-slingback-crystal?referrer=catalog,5,8295241087,Sold,02/03/2026 16:26:48,,https://images1.vinted.net/t/05_01a3f_P9Eiow8cHQjQnG2eZHy8NxSz/310x430/1772440312.webp?s=69f68d36e1304f0dc2ec294e660ddbbb5af6bea3,6,5
Pettine Gucci,21.7,Gucci,0,https://www.vinted.it/items/8263242945-pettine-gucci?referrer=catalog,6,8263242945,Sold,02/03/2026 16:26:48,,https://images1.vinted.net/t/06_00761_QQQZ3c2zjN59KV2dvuYD1Uz7/310x430/1772094448.webp?s=ad489f75af1db08994f837ab6d4bd26f9374bca1,6,5
Boite Gucci,16.45,Gucci,0,https://www.vinted.it/items/8263222574-boite-gucci?referrer=catalog,7,8263222574,Sold,02/03/2026 16:26:48,,https://images1.vinted.net/t/05_01542_gMyz9QEsbKnM8E8i3WsahRN8/310x430/1772094187.webp?s=2fa599fdbe95a8bd3ae1724d22112d97596c4521,6,5
pantaloni Gucci chino sartoriali- beige- Twill di cotone - piega centrale,399.7,No brand,IT 52 | W42,https://www.vinted.it/items/8261992943-pantaloni-gucci-chino-sartoriali-beige-twill-di-cotone-piega-centrale?referrer=catalog,0,8261992943,Sold,02/03/2026 16:26:48,,https://images1.vinted.net/t/04_00998_arH1GSxsQcBYFVpBeRmTAaUE/310x430/1772093003.webp?s=a50ffd3f0515ee06676b48a0651c19100cd7e717,6,5
Kleine Gucci Ophidia Handtasche - Fullset,1.224,Gucci,0,https://www.vinted.it/items/8295226392-kleine-gucci-ophidia-handtasche-fullset?referrer=catalog,10,8295226392,Sold,02/03/2026 16:26:48,,https://images1.vinted.net/t/04_016d1_Yhqi4awo1ZsxYxEn8grCiu2i/310x430/1772440132.webp?s=0e0091090f5754d0b0003446c26a8e7e8b6fc85f,6,5
Ruben en soie imprimé Gucci,100.45,Gucci,0,https://www.vinted.it/items/8295199313-ruben-en-soie-imprime-gucci?referrer=catalog,5,8295199313,Sold,02/03/2026 16:26:48,,https://images1.vinted.net/t/01_010fd_axmGyyFvrZ8CB9E1mE31S9qU/310x430/1772439790.webp?s=e22b9314f7f77c79bf2c013ea3c3e98d03a40984,6,5
Dust bag gucci,11.2,Gucci,0,https://www.vinted.it/items/8295205420-dust-bag-gucci?referrer=catalog,2,8295205420,Sold,02/03/2026 16:26:48,,https://images1.vinted.net/t/06_01e43_w5D99cgmJUC2ndctHNZEw6if/310x430/1772439866.webp?s=6be34b2db84d865e3a4fcf943efbc2c190b1911e,6,5
Gucci,189.7,Gucci,0,https://www.vinted.it/items/8295203215-gucci?referrer=catalog,0,8295203215,Sold,02/03/2026 16:26:48,,https://images1.vinted.net/t/06_01569_tLGD5CGAorsLHPZG45JQeJNr/310x430/1772439839.webp?s=b392eb94b78f5417dfc8fc02cbfa3b0302fd29f3,6,5
Mini Gucci Bloom 5ml,7.53,Gucci,0,https://www.vinted.it/items/8295194843-mini-gucci-bloom-5ml?referrer=catalog,4,8295194843,Sold,02/03/2026 16:26:48,,https://images1.vinted.net/t/05_008e6_vxyvHqDrzcVKKLzBf3b3URcq/310x430/1772439732.webp?s=ca966184d190ad1445636009fdb15e67ecda86ec,6,5
Casquette Gucci 1921 Baseball Cap Bleu & Jaune – Taille S – Neuve avec Dust Bag,178.15,Gucci,S,https://www.vinted.it/items/8295194127-casquette-gucci-1921-baseball-cap-bleu-jaune-taille-s-neuve-avec-dust-bag?referrer=catalog,1,8295194127,Sold,02/03/2026 16:26:48,,https://images1.vinted.net/t/06_01f9a_EPvHVsqqavdySsKJK3nytiYi/310x430/1772439723.webp?s=6e7768b9a6444189547971a6cb9c11507fba47fa,6,5
Sweat Gucci,663.0,Gucci,L,https://www.vinted.it/items/8295193941-sweat-gucci?referrer=catalog,0,8295193941,Sold,02/03/2026 16:26:48,,https://images1.vinted.net/t/05_01a01_zPBhwQa9KpvcLfXYwN6BPCaB/310x430/1772439720.webp?s=175403ef8d8bbab3c65d9a12a69a78a246619595,6,5
Mini Gucci flora 5ml,7.53,Gucci,0,https://www.vinted.it/items/8295191953-mini-gucci-flora-5ml?referrer=catalog,5,8295191953,Sold,02/03/2026 16:26:48,,https://images1.vinted.net/t/01_014a6_CATwWAm5QM65A5u18bxKM2pq/310x430/1772439695.webp?s=b27ae17aec3ce3d3f3f21bcff0cbb25459b0f2ff,6,5
T-shirt Gucci,179.2,Gucci,XL / IT 46 / EU 42,https://www.vinted.it/items/8293198668-t-shirt-gucci?referrer=catalog,5,8293198668,Sold,02/03/2026 16:26:48,,https://images1.vinted.net/t/01_01ba2_zm8S4r2GyfVceST15ZFhkrky/310x430/1772392809.webp?s=dec9c25b716f35600e0c28bbed8def7c3c5a6d94,6,5
Gucci vest,231.7,Gucci,24-36 mesi / 92 cm,https://www.vinted.it/items/8295186916-gucci-vest?referrer=catalog,2,8295186916,Sold,02/03/2026 16:26:48,,https://images1.vinted.net/t/06_026b6_XnhEgtWbkv3SZ1jxhwVqLuCm/310x430/1772439629.webp?s=aed2fce32d8c31e90e716fff3a8a57a06f97292a,6,5
Boite Gucci,18.55,Gucci,0,https://www.vinted.it/items/8263207083-boite-gucci?referrer=catalog,2,8263207083,Sold,02/03/2026 16:26:48,,https://images1.vinted.net/t/06_00723_ThzPL9Q35WjQdf6FocDiMVQt/310x430/1772093985.webp?s=36fb76d335d3c7acce2c5149e0168865dedbaf04,6,5
Camicia Gucci Uomo 38/15,95.2,Gucci,38 cm,https://www.vinted.it/items/8293124211-camicia-gucci-uomo-3815?referrer=catalog,0,8293124211,Sold,02/03/2026 16:26:48,,https://images1.vinted.net/t/05_00392_k4t3bW4w7p2jNmtTa7F4rrLm/310x430/1772392344.webp?s=e5b8557d536ddc821a58692b89a459f2ca8ef326,6,5
Cardigan Gucci,515.2,Gucci,L / IT 44 / EU 40,https://www.vinted.it/items/8295148790-cardigan-gucci?referrer=catalog,10,8295148790,Sold,02/03/2026 16:26:48,,https://images1.vinted.net/t/01_00f20_vFkhhv2iZFDNMYnVknAd53Ah/310x430/1772439114.webp?s=020e6e50b2fb7b23cd17b07d423697c83376ab61,6,5
Gucci sunglasses,209.65,Gucci,0,https://www.vinted.it/items/8295133915-gucci-sunglasses?referrer=catalog,0,8295133915,Sold,02/03/2026 16:26:48,,https://images1.vinted.net/t/06_00996_ZmvdZ4WBuKxKR1vByZXoP8QW/310x430/1772438903.webp?s=1c435056909f90aa92d4de62e52eff53df3ac4ed,6,5
Pantalon jogging Gucci noir,561.0,Gucci,M,https://www.vinted.it/items/8295126122-pantalon-jogging-gucci-noir?referrer=catalog,1,8295126122,Sold,02/03/2026 16:26:48,,https://images1.vinted.net/t/05_01df5_T8ZbWjb5NQBajRZ6t5RzWgNd/310x430/1772438788.webp?s=f833c1d19cede4c3ace775a7b2a77df27928a67d,6,5
Gucci Claquettes GG Rubber Bright Splash – Bleu – Neuf,194.95,Gucci,42,https://www.vinted.it/items/8282714461-gucci-claquettes-gg-rubber-bright-splash-bleu-neuf?referrer=catalog,7,8282714461,Sold,02/03/2026 16:26:48,,https://images1.vinted.net/t/06_011a9_dHHwMvtPXGpzFjmmnWmYc8iK/310x430/1772300652.webp?s=a9fa5515fb35b1de6308ad1dc774cb24fdb75859,6,5
Disney x Gucci Ace sneakers featuring Huey,504.7,Gucci x Disney,43,https://www.vinted.it/items/8292876744-disney-x-gucci-ace-sneakers-featuring-huey-dewey-and-louie-donald-ducks-nephews?referrer=catalog,0,8292876744,Sold,02/03/2026 16:26:48,,https://images1.vinted.net/t/01_00da1_xtN9YMTwA1ptnbKEYdHJyBV1/310x430/1772390789.webp?s=9c6f828ffa38221e8bf3226babca03938494fc22,6,5
Pantalon jogging Gucci gris,632.4,Gucci,M,https://www.vinted.it/items/8295069679-pantalon-jogging-gucci-gris?referrer=catalog,1,8295069679,Sold,02/03/2026 16:26:48,,https://images1.vinted.net/t/03_013db_FMCBF4AgKCc9Sz5ZanPZmjF5/310x430/1772437914.webp?s=fc43750bbf3a7c21088ce0c0bb442bb2fe9cea91,6,5
"Occhiali A Mascherina blu ""originali""",84.7,Gucci,0,https://www.vinted.it/items/8295067753-occhiali-a-mascherina-blu-originali?referrer=catalog,0,8295067753,Sold,02/03/2026 16:26:48,,https://images1.vinted.net/t/05_01b34_gCC5Er9qSD5eynmm4WkKrUu3/310x430/1772437882.webp?s=8c608e947f584d9fea39ce919e52757421795210,6,5
Chaussures cuir Gucci,368.2,Gucci,45,https://www.vinted.it/items/8295060935-chaussures-cuir-gucci?referrer=catalog,5,8295060935,Sold,02/03/2026 16:26:48,,https://images1.vinted.net/t/06_01513_ktE95wn5p5xYhhxmFJDEyWjS/310x430/1772437771.webp?s=f05998a02c628f368932a6f29aa32b36b375ccee,6,5
Sac Sceau Marmont Gucci,714.0,Gucci,0,https://www.vinted.it/items/8292377661-sac-sceau-marmont-gucci?referrer=catalog,0,8292377661,Sold,02/03/2026 16:26:48,,https://images1.vinted.net/t/05_0036d_8i8tGzdwBfPLyEQX79eKXYKu/310x430/1772387885.webp?s=6ad1fa2bd68d575cc444e872adad56eb76740281,6,5
Sac Gucci dionysus bleu jean,504.7,Gucci,0,https://www.vinted.it/items/8292237616-sac-gucci-dionysus-bleu-jean?referrer=catalog,7,8292237616,Sold,02/03/2026 16:26:48,,https://images1.vinted.net/t/04_00674_1Pjy6YweMQyDNR2GsdTSgut3/310x430/1772387133.webp?s=3f929fbaca04e13b4fdf116fdb3e9346c4ea384c,6,5
Foulard Gucci,105.7,Gucci,0,https://www.vinted.it/items/8295014976-foulard-gucci?referrer=catalog,11,8295014976,Sold,02/03/2026 16:26:48,,https://images1.vinted.net/t/06_01859_b915KtKCesMLkxzM6n2SPohN/310x430/1772436934.webp?s=707adda84378adaddd654bf7d396e1e5bdff02f9,6,5
Lunette de soleil Gucci,293.65,Gucci,0,https://www.vinted.it/items/8295000684-lunette-de-soleil-gucci?referrer=catalog,5,8295000684,Sold,02/03/2026 16:26:48,,https://images1.vinted.net/t/05_00a39_MMq9PYFgDxhnB8R412o5YGWp/310x430/1772436645.webp?s=3ef3a859fa63aaa24bd335d7f9b8e93178dd9821,6,5
Casquette gucci - première qualité 🔥,158.2,No brand,M,https://www.vinted.it/items/8262733280-casquette-gucci-premiere-qualite?referrer=catalog,2,8262733280,Sold,02/03/2026 16:27:10,,https://images1.vinted.net/t/04_01672_ia1vtZsM7ADcuiDQhnBT7a8o/310x430/1772067615.webp?s=4885fd7750adae3d7878dd13fbf75217670fa597,6,6
Camicia Gucci in seta,630.7,Gucci,XL,https://www.vinted.it/items/8294716310-camicia-gucci-in-seta?referrer=catalog,9,8294716310,Sold,02/03/2026 16:27:10,,https://images1.vinted.net/t/01_024ed_J6cwojYjDVbyG3MeuzkVaJv6/310x430/1772413211.webp?s=7f3a5dbecd3352eeb5a9bbe1de3bd9cc8984baea,6,6
Boîte à lunette Gucci,16.45,Gucci,0,https://www.vinted.it/items/8288813591-boite-a-lunette-gucci?referrer=catalog,3,8288813591,Sold,02/03/2026 16:27:10,,https://images1.vinted.net/t/05_00af6_Y2WjAbJjafawH5PssNKD2RDQ/310x430/1772372104.webp?s=ada6f8f6757c67fd1bc8e1c5a93e0951325334a3,6,6
Jeans Gucci,105.7,Gucci,IT 42 | W32,https://www.vinted.it/items/8288766265-jeans-gucci?referrer=catalog,7,8288766265,Sold,02/03/2026 16:27:10,,https://images1.vinted.net/t/05_00f86_sK11bTshS2LQyAWe55g8CsFg/310x430/1772371892.webp?s=2af38d5bc35bf2ba05aac5dbd15be5fa9ac29278,6,6
Polo Gucci,126.7,Gucci,XXL,https://www.vinted.it/items/8288740332-polo-gucci?referrer=catalog,3,8288740332,Sold,02/03/2026 16:27:10,,https://images1.vinted.net/t/05_021dd_ArfMZsYgEggtBin7b6hRZ5BL/310x430/1772371777.webp?s=9864faae4e8ebe4259099b77861946d9e2d1f661,6,6
Occhiale Gucci gradato -1,299.95,Gucci,0,https://www.vinted.it/items/8294703961-occhiale-gucci-gradato-175-dx-e-sx-miopia?referrer=catalog,2,8294703961,Sold,02/03/2026 16:27:10,,https://images1.vinted.net/t/06_014b0_1YoVbrdXcProGwVc1HwvDaiN/310x430/1772411976.webp?s=8b39ef6d409cf2260adeed01069b4e567c26924e,6,6
Gucci,263.2,Gucci,0,https://www.vinted.it/items/8294697935-gucci?referrer=catalog,5,8294697935,Sold,02/03/2026 16:27:10,,https://images1.vinted.net/t/06_001c3_9bPcox9MHQQ7x3rD4G8oDtDT/310x430/1772411465.webp?s=e02653241c14e5714167c44120a4f59f89582e18,6,6
Lunettes de soleil rectangulaire GUCCI,284.2,Gucci,0,https://www.vinted.it/items/8294680171-lunettes-de-soleil-rectangulaire-gucci?referrer=catalog,3,8294680171,Sold,02/03/2026 16:27:10,,https://images1.vinted.net/t/05_00732_K9LAp8g1Hn1EYHNDv4AMyfPq/310x430/1772410268.webp?s=6e5e86b71a6ecae7c72b7673cfdcacc73d573ef4,6,6
Gucci Flora 5ml,7.0,Gucci,0,https://www.vinted.it/items/8299279016-gucci-flora-5ml?referrer=catalog,0,8299279016,Sold,02/03/2026 17:36:31,,https://images1.vinted.net/t/06_00c10_bTRcnoKY9osRabHnwaJFEcJH/310x430/1772469279.webp?s=a02bced01727526240b5c7fb4fbe8d5abcbb5e99,7,1
Baskets Gucci taille 39,314.65,Gucci,39.5,https://www.vinted.it/items/8153124576-baskets-gucci-taille-395-blanches-et-vertes?referrer=catalog,0,8153124576,Sold,02/03/2026 17:36:31,,https://images1.vinted.net/t/06_0062b_eJjGw9ooJN1KzWQyeTtMZ9mP/310x430/1770824473.webp?s=d5c758968c4e450fb65a75835a0d1038a8cd6a87,7,1
Sonnenbrille Gucci Neu,179.2,Gucci,0,https://www.vinted.it/items/8299273208-sonnenbrille-gucci-neu?referrer=catalog,0,8299273208,Sold,02/03/2026 17:36:31,,https://images1.vinted.net/t/05_003b2_peCkom2B6DqmsQRSAsbHEbWM/310x430/1772469243.webp?s=e70b565abdd779e1e3a2ab2456e4996fc4f54dd8,7,1
Gucci Guilty absolu de parfum pour femme,4.9,Gucci,0,https://www.vinted.it/items/8299264165-gucci-guilty-absolu-de-parfum-pour-femme?referrer=catalog,0,8299264165,Sold,02/03/2026 17:36:31,,https://images1.vinted.net/t/05_0263e_Kp6Snae7pqEoArPfNJjkjfzi/310x430/1772469187.webp?s=3a4370d8f129444b58e488fc1c9642568509086f,7,1
Gucci Bamboo Parfum,26.95,Gucci,0,https://www.vinted.it/items/8299256498-gucci-bamboo-parfum?referrer=catalog,0,8299256498,Sold,02/03/2026 17:36:31,,https://images1.vinted.net/t/01_010af_NBeCfWuPgKwU3iHXDc3jBEy9/310x430/1772469139.webp?s=6f514718a0be7316deb9a4e51c80d3128a9640ba,7,1
Gucci sandalen Dames Maat 34.5,263.2,Gucci,34.5,https://www.vinted.it/items/8299248270-gucci-sandalen-dames-maat-345?referrer=catalog,0,8299248270,Sold,02/03/2026 17:36:32,,https://images1.vinted.net/t/06_003db_4VjKHb33JtveM78zUkZ8DJLH/310x430/1772469088.webp?s=835604299b4e48852dd51846a18e6d433a7e0e00,7,1
Cappello Gucci,336.7,Gucci,M,https://www.vinted.it/items/8299231613-cappello-gucci?referrer=catalog,0,8299231613,Sold,02/03/2026 17:36:32,,https://images1.vinted.net/t/06_00256_9jamXga5FwNRRkH7UHHztq5E/310x430/1772468982.webp?s=ea10186cf53dd60ef03fee293d65b2c5154e455e,7,1
Gucci Eau de Parfum edp 60ml,189.7,Gucci,0,https://www.vinted.it/items/8299230458-gucci-eau-de-parfum-edp-60ml?referrer=catalog,0,8299230458,Sold,02/03/2026 17:36:32,,https://images1.vinted.net/t/05_0259a_yDHKzCDjSqaaNb7wMZ1rPs4d/310x430/1772468975.webp?s=3beb9df3d5ac777409eb8af78f96fd7c060bd91f,7,1
Eau de parfum 90ml Gucci Guilty,79.45,Gucci,0,https://www.vinted.it/items/8299229104-eau-de-parfum-90ml-gucci-guilty?referrer=catalog,0,8299229104,Sold,02/03/2026 17:36:32,,https://images1.vinted.net/t/05_01cec_1WZJiw67XowVbDEPz49azH99/310x430/1772468967.webp?s=72e6a9ce988aab60a22e5a520b3b4af22526ac1f,7,1
Borsa fasciatoio Gucci,158.2,Gucci,0,https://www.vinted.it/items/8299200348-borsa-fasciatoio-gucci?referrer=catalog,3,8299200348,Sold,02/03/2026 17:36:32,,https://images1.vinted.net/t/05_01305_8AuUhy43Meq7WJH5AcxpvZJ9/310x430/1772468790.webp?s=9831ae66138508daf53bc966669d3752f961567f,7,1
Boite Gucci,16.45,Gucci,0,https://www.vinted.it/items/8299194007-boite-gucci?referrer=catalog,0,8299194007,Sold,02/03/2026 17:36:32,,https://images1.vinted.net/t/06_01ecb_obL5nuxXjiKiDKXjWddpm9Z8/310x430/1772468750.webp?s=45e306773db22e12d7df0f77c02051176219812e,7,1
folulard,26.95,Gucci,0,https://www.vinted.it/items/8299192552-folulard?referrer=catalog,1,8299192552,Sold,02/03/2026 17:36:32,,https://images1.vinted.net/t/05_0180e_6BCE1qpq3ntXHqECrd5AS5Kp/310x430/1772468740.webp?s=4e24ba4e7647070f0d13d22499ccadffebc4a6d6,7,1
cintura Gucci buckle in seta nera,315.7,Gucci,Regolabile,https://www.vinted.it/items/8299191765-cintura-gucci-buckle-in-seta-nera?referrer=catalog,0,8299191765,Sold,02/03/2026 17:36:32,,https://images1.vinted.net/t/06_01a5d_VCFtUdNsZekxmkUXMyCChod2/310x430/1772468735.webp?s=9348c8f9c396236ded6ff3559a0041f5a201f8ac,7,1
Cover Nera Gucci IPhone 15,63.7,Gucci,0,https://www.vinted.it/items/8299142311-cover-nera-gucci-iphone-15?referrer=catalog,1,8299142311,Sold,02/03/2026 17:36:32,,https://images1.vinted.net/t/06_01ba0_fLSeTCG1BBUWbNBkTdhHy5oD/310x430/1772468427.webp?s=4660234a8f3f91c07a0de0a7eb83617f5d28a43c,7,1
Gucci Jacke,918.0,Gucci,M,https://www.vinted.it/items/8299156046-gucci-jacke?referrer=catalog,0,8299156046,Sold,02/03/2026 17:36:32,,https://images1.vinted.net/t/06_01181_3eWkbryP77ib7HPHzqdjuGct/310x430/1772468512.webp?s=192739cf39cd111e4319a1772080f1ed8f4013a5,7,1
Gucci slippers,84.7,Gucci,37,https://www.vinted.it/items/8299131446-gucci-slippers?referrer=catalog,1,8299131446,Sold,02/03/2026 17:36:32,,https://images1.vinted.net/t/05_0106c_2hXPW2gwfAZ8ftcwv5d6fEU3/310x430/1772468360.webp?s=2c2c97128f575ae56ae698c71d0123e394b5898e,7,1
Gucci guilty elixir de parfum 60ml,57.4,Gucci,0,https://www.vinted.it/items/8299131458-gucci-guilty-elixir-de-parfum-60ml?referrer=catalog,0,8299131458,Sold,02/03/2026 17:36:32,,https://images1.vinted.net/t/05_00580_zHm5LWXpyKakbSdGo1Umeie7/310x430/1772468360.webp?s=1a8b8e7c5995a9fc4767313e2ab27cd97bff7d71,7,1
Gucci Staubbeutel,8.05,Gucci,0,https://www.vinted.it/items/8299127268-gucci-staubbeutel?referrer=catalog,0,8299127268,Sold,02/03/2026 17:36:32,,https://images1.vinted.net/t/05_0098a_TkqBogUFfyJXbvd5tXPvyCUY/310x430/1772468333.webp?s=00374e8c9fdd1a30d19b0bd41a428ad7c63eee41,7,1
Sac Gucci,452.2,Gucci,0,https://www.vinted.it/items/8299119049-sac-gucci?referrer=catalog,0,8299119049,Sold,02/03/2026 17:36:32,,https://images1.vinted.net/t/01_00937_adY9TVPDLXZar7G78joxJUYa/310x430/1772468281.webp?s=d45f806f1f9df26526b551c7c0f594c1f8d36805,7,1
Gucci Karton Schachtel,7.0,Gucci,0,https://www.vinted.it/items/8299116702-gucci-karton-schachtel?referrer=catalog,0,8299116702,Sold,02/03/2026 17:36:32,,https://images1.vinted.net/t/05_02297_nCa2nSw7q7bb33WrKDhUdy79/310x430/1772468267.webp?s=56852d095c0a84629bd55a6aa1550343c81ee7a9,7,1
Gucci Bloom 100ml,42.7,Gucci,0,https://www.vinted.it/items/8299115871-gucci-bloom-100ml?referrer=catalog,0,8299115871,Sold,02/03/2026 17:36:32,,https://images1.vinted.net/t/06_02337_JrB7fQg6ioMQcxdbJBEonuNJ/310x430/1772468261.webp?s=f5a59c419d6d48c945fe665fa7707e91516c02cc,7,1
Gucci Bloom,53.2,Gucci,0,https://www.vinted.it/items/8299068494-gucci-bloom?referrer=catalog,0,8299068494,Sold,02/03/2026 17:36:32,,https://images1.vinted.net/t/01_005f9_gY8MaZLT4ExKhFMYapNNqMdm/310x430/1772467963.webp?s=48c65f3b3af0c1decd225180a409560dc7fb2dce,7,1
Portefeuille Gucci,510.0,Gucci,0,https://www.vinted.it/items/8299065297-portefeuille-gucci?referrer=catalog,0,8299065297,Sold,02/03/2026 17:36:32,,https://images1.vinted.net/t/06_0244f_f9hty34eQZmEicCCMvKitc1M/310x430/1772467944.webp?s=803701702e803e08562efe409fb90e92be522eff,7,1
Sacoche Gucci,420.7,Gucci,0,https://www.vinted.it/items/8299040571-sacoche-gucci?referrer=catalog,3,8299040571,Sold,02/03/2026 17:36:32,,https://images1.vinted.net/t/01_00d95_CegxB4ZPTniTjYe8c3wjTxto/310x430/1772467785.webp?s=dcaa563445a1163e63a0b4ae3ae45ecf030ebde7,7,1
Borsa in cotone Gucci,8.05,Gucci,0,https://www.vinted.it/items/8299014801-borsa-in-cotone-gucci?referrer=catalog,1,8299014801,Sold,02/03/2026 17:36:32,,https://images1.vinted.net/t/05_0160e_E8dEc6C9jvNqcGBfgucWC1hg/310x430/1772467619.webp?s=e581d497731288f0967a3b116938f6553b7a5026,7,1
Occhiali Gucci oversize Made in Japan super nuovi utilizzati una volta,158.2,Gucci,0,https://www.vinted.it/items/8299011538-occhiali-gucci-oversize-made-in-japan-super-nuovi-utilizzati-una-volta?referrer=catalog,5,8299011538,Sold,02/03/2026 17:36:32,,https://images1.vinted.net/t/04_01899_rANqC8X6tvZpaE5phC7xR2ce/310x430/1772467598.webp?s=db11dbab92b315be4e1bc24bf2db53860bcbabb0,7,1
Gucci sacchetti,21.7,Gucci,0,https://www.vinted.it/items/8299007856-gucci-sacchetti?referrer=catalog,0,8299007856,Sold,02/03/2026 17:36:32,,https://images1.vinted.net/t/06_004ad_6xqpQQhSxsQ65JqBNF2CT2Jv/310x430/1772467574.webp?s=aa57690338d0533163297e6954b592e82038a2ef,7,1
Jackie bag Gucci x Balenciaga,1.122,Gucci,0,https://www.vinted.it/items/8299004914-jackie-bag-gucci-x-balenciaga?referrer=catalog,1,8299004914,Sold,02/03/2026 17:36:32,,https://images1.vinted.net/t/05_00f41_oZXBM2m3KGGgQVotYVzy1XCD/310x430/1772467556.webp?s=0eac97e415a8b79d333769cb2a13acd2865c2026,7,1
Mocasines Gucci negros piel con logo GG – Nuevos sin uso – Elegantes,441.7,Gucci,38.5,https://www.vinted.it/items/8299001122-mocasines-gucci-negros-piel-con-logo-gg-nuevos-sin-uso-elegantes?referrer=catalog,1,8299001122,Sold,02/03/2026 17:36:32,,https://images1.vinted.net/t/06_02162_U7Gc6M7711ufQ6NV2m4RJnPF/310x430/1772467532.webp?s=c4ba19e076c6fc766254c362d492e57ee1c50e47,7,1
Cintura Gucci Marmont,410.2,Gucci,70 cm,https://www.vinted.it/items/8298996291-cintura-gucci-marmont?referrer=catalog,0,8298996291,Sold,02/03/2026 17:36:32,,https://images1.vinted.net/t/06_01a90_8i4g1SLMVgaDuuvn5K9cktyM/310x430/1772467502.webp?s=12855fc674d5cc0bd4bedfef64420b6abebb5dbd,7,1
Pochette Gucci GG Supreme avec imprimé tête de loup rouge,336.7,Gucci,0,https://www.vinted.it/items/8298238424-pochette-gucci-gg-supreme-avec-imprime-tete-de-loup-rouge?referrer=catalog,0,8298238424,Sold,02/03/2026 17:36:32,,https://images1.vinted.net/t/01_006e4_Dw9T1MkahqjFmRrzwdXmTHK2/310x430/1772462528.webp?s=1ae8218b1a4a2e244560f7eb7a02eec6abc5ae38,7,1
Gucci sokken nieuw,47.95,Gucci,28-30,https://www.vinted.it/items/8298995134-gucci-sokken-nieuw?referrer=catalog,0,8298995134,Sold,02/03/2026 17:36:32,,https://images1.vinted.net/t/05_007a4_vnEWt8k6MZkok8nYRYJidqZX/310x430/1772467494.webp?s=36263d95898702b8d02d1b63e7df92dd3a1a4cd9,7,1
Porte-cartes Gucci,168.7,Gucci,0,https://www.vinted.it/items/8298255318-porte-cartes-gucci?referrer=catalog,1,8298255318,Sold,02/03/2026 17:36:32,,https://images1.vinted.net/t/01_0237c_EdvkEgfRJmDmawy9WYjfM9Fc/310x430/1772462637.webp?s=e1e361a1dac408e21c80106d6f01653098331d2d,7,1
Borsa Gucci GG,1.122,Gucci,0,https://www.vinted.it/items/8298976631-borsa-gucci-gg?referrer=catalog,0,8298976631,Sold,02/03/2026 17:36:32,,https://images1.vinted.net/t/05_00c04_WwWYCtuqisVx6xFeZ4NtKi5J/310x430/1772467374.webp?s=4cb8de339610e6967042b8c81079a46e9c9be1e1,7,1
foulard,210.7,Gucci,0,https://www.vinted.it/items/8298967636-foulard?referrer=catalog,0,8298967636,Sold,02/03/2026 17:36:32,,https://images1.vinted.net/t/04_007b4_YiuXNjxHp46kaHmS63DfXM6H/310x430/1772467337.webp?s=3f209ba21e5911f621af77b0dffc16d94fda0cb9,7,1
Stringhe di ricambio,3.85,Gucci,0,https://www.vinted.it/items/8298963319-stringhe-di-ricambio?referrer=catalog,1,8298963319,Sold,02/03/2026 17:36:32,,https://images1.vinted.net/t/05_003c4_nL34TNDYEJgCaRvyGfms24uj/310x430/1772467288.webp?s=9524c360991acc43f1ef028b34c19a5bdf5f83d6,7,1
Mini bag Gucci Ophidia in tela spalmata GG grigia,299.95,Gucci,0,https://www.vinted.it/items/8298865554-mini-bag-gucci-ophidia-in-tela-spalmata-gg-grigia?referrer=catalog,0,8298865554,Sold,02/03/2026 17:36:32,,https://images1.vinted.net/t/05_00f38_HCbcGsa3MqZKdgsa4qtnkTVB/310x430/1772466718.webp?s=00b0eacdea7154df2e624463f4b810fc0bbe1ccc,7,1
Snikers,420.7,Gucci,35.5,https://www.vinted.it/items/8298902013-snikers?referrer=catalog,0,8298902013,Sold,02/03/2026 17:36:32,,https://images1.vinted.net/t/06_01402_S8PL8VyoD5EGfWeeXZTkzZCd/310x430/1772466894.webp?s=db460f98b032bf5c97162e0e00a5d84c5d369fd8,7,1
Gucci Sonnenbrille,210.7,Gucci,0,https://www.vinted.it/items/8298901768-gucci-sonnenbrille?referrer=catalog,0,8298901768,Sold,02/03/2026 17:36:32,,https://images1.vinted.net/t/04_01481_MqJvXNTwh67STKoDe4Fbod8B/310x430/1772466892.webp?s=33175f0447bcdf355f1af5a3289e33b9d264ff87,7,1
Sac à main Gucci Jackie,1.785,Gucci,0,https://www.vinted.it/items/8298884392-sac-a-main-gucci-jackie?referrer=catalog,0,8298884392,Sold,02/03/2026 17:36:32,,https://images1.vinted.net/t/05_017e6_QbctDJ1XZFEbTCe6zJ5iC5oo/310x430/1772466780.webp?s=0c6b988474e7eb51f4e1f4a29e5af143969431aa,7,1
Gucci black bow tie,105.7,Gucci,0,https://www.vinted.it/items/8298873487-gucci-black-bow-tie?referrer=catalog,4,8298873487,Sold,02/03/2026 17:36:32,,https://images1.vinted.net/t/05_010f8_ttGYns5ynqTbNSwnKGjD6fkD/310x430/1772466710.webp?s=37f4a355fe40b7bd0cfb0f178c75c67a88515ff5,7,1
Montre Gucci limepieces,126.7,Gucci,Fino a 30 mm,https://www.vinted.it/items/8298870498-montre-gucci-limepieces?referrer=catalog,2,8298870498,Sold,02/03/2026 17:36:32,,https://images1.vinted.net/t/01_00e89_1tpYFSLmxhK7U9CD3xKdAdHr/310x430/1772466691.webp?s=49baf4b09426f261edde16b337068ff1a39f76be,7,1
Borsa modello Blondie Gucci,1.836,Gucci,0,https://www.vinted.it/items/8298857943-borsa-modello-blondie-gucci?referrer=catalog,0,8298857943,Sold,02/03/2026 17:36:32,,https://images1.vinted.net/t/01_01444_qUaiJ1prWsMyWPgbt5uMLs6V/310x430/1772466609.webp?s=b9de0526f017c3f58c38f6424b099fd66324687e,7,1
Pantalone Gucci,263.2,Gucci,XL / IT 46 / EU 42,https://www.vinted.it/items/8298842666-pantalone-gucci?referrer=catalog,0,8298842666,Sold,02/03/2026 17:36:32,,https://images1.vinted.net/t/03_019b5_tR3shaZYTdRabzjnQxg4mjSQ/310x430/1772466509.webp?s=b62cfc81cda7ff82f0830e2ff95ab07c7980f44c,7,1
Pantone Gucci by Alessandro Michele,184.45,Gucci,S / IT 40 / EU 36,https://www.vinted.it/items/8298841325-pantone-gucci-by-alessandro-michele?referrer=catalog,4,8298841325,Sold,02/03/2026 17:36:32,,https://images1.vinted.net/t/03_018c1_dngLJ9jFvaNV4kSJFpb9sjP9/310x430/1772466499.webp?s=d79ca180d2cfc463175eee3734491e263705f083,7,1
Mocassins Gucci,263.2,Gucci,39,https://www.vinted.it/items/8298840306-mocassins-gucci?referrer=catalog,6,8298840306,Sold,02/03/2026 17:36:32,,https://images1.vinted.net/t/05_02096_g9RxoY8cejpL6Cqq7PCW92MF/310x430/1772466493.webp?s=c621ea41fb8810abde2be94c09a987066ab9fe86,7,1
Limited edition Gucci Slides,520.45,Gucci,38.5,https://www.vinted.it/items/8298818809-limited-edition-gucci-slides?referrer=catalog,0,8298818809,Sold,02/03/2026 17:36:32,,https://images1.vinted.net/t/05_02332_8dv4Fj5eTsFqKSHAnWNmCNav/310x430/1772466352.webp?s=6f53db7fec9e07bd49177cb0f0e81872ea0d396a,7,1
Eau de toilette  75ml,42.7,Gucci,0,https://www.vinted.it/items/8298810502-eau-de-toilette-75ml?referrer=catalog,0,8298810502,Sold,02/03/2026 17:36:32,,https://images1.vinted.net/t/05_0251f_hwgqp6YoSsmqHg8MAgetjuhh/310x430/1772466297.webp?s=a1735585b286b2e1de1b8c3d1ddf9cf7c14baf55,7,1
Gucci Flora Gorgeous Jasmine,53.2,Gucci,0,https://www.vinted.it/items/8298804148-gucci-flora-gorgeous-jasmine?referrer=catalog,0,8298804148,Sold,02/03/2026 17:36:32,,https://images1.vinted.net/t/01_017cb_Y4sX877iz4GNLs3QQrJu77R3/310x430/1772466256.webp?s=88b939a91486237d2774ec6653931054402e2cd9,7,1
👕 Gucci Logo T-Shirt | White | Size M,210.7,Gucci,M,https://www.vinted.it/items/8298608311-gucci-logo-t-shirt-white-size-m?referrer=catalog,0,8298608311,Sold,02/03/2026 17:36:32,,https://images1.vinted.net/t/05_00a11_upuVjLaY3fHhCeXmtYGKVCJa/310x430/1772464961.webp?s=b518fd8b2687e8c132a7dd585e81fdc351c98176,7,1
Echarpe Gucci,158.2,Gucci,0,https://www.vinted.it/items/8298571388-echarpe-gucci?referrer=catalog,0,8298571388,Sold,02/03/2026 17:36:32,,https://images1.vinted.net/t/05_016c6_Zcfsz54LeJ7iDLMVou2s5s5u/310x430/1772464714.webp?s=4beb8b264ad01c681d3c6d98b3a70b8d0cebeb89,7,1
Gucci ace,273.7,Gucci,42,https://www.vinted.it/items/8298760315-gucci-ace?referrer=catalog,4,8298760315,Sold,02/03/2026 17:36:32,,https://images1.vinted.net/t/05_01c72_K51mHUY4eN99hWRV3mxDG3ip/310x430/1772465967.webp?s=c8d67414d4acf1a51235a86b4fd764d84625dffd,7,1
Gucci Wool Leather Black Pants,121.45,Gucci,L / IT 44 / EU 40,https://www.vinted.it/items/8298762624-gucci-wool-leather-black-pants?referrer=catalog,0,8298762624,Sold,02/03/2026 17:36:32,,https://images1.vinted.net/t/04_00579_QvUTpHsXnSmrdVJLDBJuwoM6/310x430/1772465983.webp?s=810935191212ae45a4e12f7d97792629402d82bd,7,1
Giubbino,504.7,Gucci,S,https://www.vinted.it/items/8298746585-giubbino?referrer=catalog,0,8298746585,Sold,02/03/2026 17:36:32,,https://images1.vinted.net/t/06_00b76_KNopuMAsczyU4QE3kTxBwFBk/310x430/1772465875.webp?s=0e7e6d5fe9c1394dd4963e2ca1fe0caea4d069b8,7,1
Occhiali Gucci,368.2,Gucci,0,https://www.vinted.it/items/8298736944-occhiali-gucci?referrer=catalog,1,8298736944,Sold,02/03/2026 17:36:32,,https://images1.vinted.net/t/06_00af4_YncDjt232R1aEVJ8EZKjKThy/310x430/1772465813.webp?s=457b666c7ad521e8a73c4280cde176f3108c5b8a,7,1
Occhiali Gucci,137.2,Gucci,0,https://www.vinted.it/items/8298734990-occhiali-gucci?referrer=catalog,1,8298734990,Sold,02/03/2026 17:36:32,,https://images1.vinted.net/t/05_004f8_7vr5LULYrYj1ooPu9MGfeWXE/310x430/1772465800.webp?s=e90c86b2944899287917387b1f2ba83b9d9bc1e8,7,1
Gucci sacchetti,11.2,Gucci,0,https://www.vinted.it/items/8298726330-gucci-sacchetti?referrer=catalog,0,8298726330,Sold,02/03/2026 17:36:32,,https://images1.vinted.net/t/05_002bd_zyQf9Z1ND6kMxP7UJUTxSrjQ/310x430/1772465743.webp?s=8a042d066bb458655dc6a724620396484799058e,7,1
Blazer Gucci noir taille 44,262.15,Gucci,44,https://www.vinted.it/items/8298459566-blazer-gucci-noir-taille-44?referrer=catalog,0,8298459566,Sold,02/03/2026 17:36:32,,https://images1.vinted.net/t/03_01b94_Lk9YUXcThoCYY1Vaz3Fbiney/310x430/1772463973.webp?s=6e410c9a501fbf38f79ea5ede107a24d55c9495b,7,1
Mocassini Gucci,368.2,Gucci,34,https://www.vinted.it/items/8298712061-mocassini-gucci?referrer=catalog,2,8298712061,Sold,02/03/2026 17:36:32,,https://images1.vinted.net/t/05_001ee_k87GcC9SbZkmzWox8XXfmezu/310x430/1772465648.webp?s=3cb358b0468e83735d3229ab76a9a626c1c9b990,7,1
Gucci - Flora Gorgeous Orchid (30ml),26.95,Gucci,0,https://www.vinted.it/items/8298689594-gucci-flora-gorgeous-orchid-30ml?referrer=catalog,2,8298689594,Sold,02/03/2026 17:36:32,,https://images1.vinted.net/t/05_02672_bJoraKTcZrAo9ufCSvFa6dzT/310x430/1772465501.webp?s=0e6e023961f218bcb139377af6748fffe017da80,7,1
Lip balmy tint gucci,32.2,Gucci,0,https://www.vinted.it/items/8298687502-lip-balmy-tint-gucci?referrer=catalog,0,8298687502,Sold,02/03/2026 17:36:32,,https://images1.vinted.net/t/06_0122f_qbdbZVBEH1ZFC4w8LG4J7QNN/310x430/1772465487.webp?s=78d6cd9b8aa25642a240e14605292f1884a309c9,7,1
Porte Clés / Bijoux de sac Gucci,158.2,Gucci,0,https://www.vinted.it/items/8298684551-porte-cles-bijoux-de-sac-gucci?referrer=catalog,0,8298684551,Sold,02/03/2026 17:36:32,,https://images1.vinted.net/t/06_02028_gucXnKXo5H8yUFbPhmX6yxRu/310x430/1772465468.webp?s=fbfedc9e3a7abb07efed9ed64ca31377bb07042e,7,1
Gucci,72.1,Gucci,0,https://www.vinted.it/items/8298670529-gucci?referrer=catalog,1,8298670529,On Sale,02/03/2026 17:36:32,,https://images1.vinted.net/t/06_0091f_q9BvJiWBb9VfFRoyhoQcmA4C/310x430/1772465375.webp?s=e6830e5413cf459cc71ccd03ab71c72f2757df58,7,1
Mocassino gucci nero,510.0,Gucci,41,https://www.vinted.it/items/8298663426-mocassino-gucci-nero?referrer=catalog,1,8298663426,On Sale,02/03/2026 17:36:32,,https://images1.vinted.net/t/06_02586_Zij91kVzgyUkSrzGpALWU37R/310x430/1772465327.webp?s=70c1185a80e0698b4db121c387ce51659cce3f44,7,1
Anello Gucci collezione Bamboo,473.2,Gucci,14,https://www.vinted.it/items/8298649245-anello-gucci-collezione-bamboo?referrer=catalog,0,8298649245,On Sale,02/03/2026 17:36:32,,https://images1.vinted.net/t/05_002e4_q4C3hpEB6W8utXwgHiqULCf8/310x430/1772465233.webp?s=8433105b8051a18bf37e7e32f8598dcbaece10d5,7,1
Gucci Sunglasses,189.7,Gucci,0,https://www.vinted.it/items/8298638493-gucci-sunglasses?referrer=catalog,0,8298638493,On Sale,02/03/2026 17:36:32,,https://images1.vinted.net/t/05_00f5d_zHsFRAsaj7ePjicNS6n74HQ7/310x430/1772465161.webp?s=a03a4b72f661d1cac4361edeb9ecc99a7238d8bf,7,1
Sac Gucci Horsebit 1955 Nano argenté,998.58,Gucci,0,https://www.vinted.it/items/8298459155-sac-gucci-horsebit-1955-nano-argente?referrer=catalog,0,8298459155,On Sale,02/03/2026 17:36:32,,https://images1.vinted.net/t/06_01aa9_QMeX9rafEyrZKM1TdTqsad4h/310x430/1772463970.webp?s=cddf680c8ffc05aa734a746fad5fbd1b2db2863e,7,1
Sac Gucci Horsebit 1955 Nano bleu,998.58,Gucci,0,https://www.vinted.it/items/8298458575-sac-gucci-horsebit-1955-nano-bleu?referrer=catalog,2,8298458575,On Sale,02/03/2026 17:36:32,,https://images1.vinted.net/t/04_0262b_DRbALee3mTrpPegh8qCud9wf/310x430/1772463967.webp?s=430ba76f83c6b6af39f7ad79b16cabd611112707,7,1
Camicia in cotone elasticizzato,83.65,Gucci,XS / IT 38 / EU 34,https://www.vinted.it/items/8298287405-camicia-in-cotone-elasticizzato-gucci?referrer=catalog,0,8298287405,On Sale,02/03/2026 17:36:57,,https://images1.vinted.net/t/06_014cd_j5mtRoUTrfGDaFN6Ff1CDLxu/310x430/1772462845.webp?s=ddd158cd7ca21b3eb7405b73dcf375fd5de47eaf,7,2
Marmont - Gucci - G92911,1.5022,Gucci,0,https://www.vinted.it/items/8298028924-marmont-gucci-g92911?referrer=catalog,2,8298028924,On Sale,02/03/2026 17:36:58,,https://images1.vinted.net/t/01_00f3d_WMuzY3LV6QRauzawBJopgTHF/310x430/1772461172.webp?s=e90f58fcdc7653bee8c64bc18974a0442647c42d,7,2
Mochila Gucci L’avengle par L’amour Red Tiger Y2K,814.98,Gucci,0,https://www.vinted.it/items/8296478198-mochila-gucci-lavengle-par-lamour-red-tiger-y2k?referrer=catalog,6,8296478198,Sold,02/03/2026 17:37:53,,https://images1.vinted.net/t/06_00cb1_8XXQ236WyQQYNhnb9C1eW6Vd/310x430/1772450489.webp?s=cf76517b45c25276936253a661aa2eeef63a4d9e,7,4
Cintura Gucci,163.45,Gucci,90 cm,https://www.vinted.it/items/8296475197-cintura-gucci?referrer=catalog,1,8296475197,Sold,02/03/2026 17:37:53,,https://images1.vinted.net/t/05_02555_V7Ud4sQcp3Mqt6SragcpEywi/310x430/1772450467.webp?s=ba38e3bc75c53db1e4e85732bf546952ff446eff,7,4
Gucci 65cm Kindergürtel Gr. M Belt Junior W.25 Ns. Morgana Cinture Kids J,131.95,Gucci,65 cm,https://www.vinted.it/items/8296446680-gucci-65cm-kindergurtel-gr-m-belt-junior-w25-ns-morgana-cinture-kids-j?referrer=catalog,0,8296446680,Sold,02/03/2026 17:37:53,,https://images1.vinted.net/t/03_01372_drwJuqi5YiFmaKKCwVMMzeU4/310x430/1772450258.webp?s=26f5d344e0f826582ee3be08f6e26079e5b945ee,7,4
Top GUCCI,74.2,Gucci,S / IT 40 / EU 36,https://www.vinted.it/items/8296360797-top-gucci?referrer=catalog,1,8296360797,Sold,02/03/2026 17:37:53,,https://images1.vinted.net/t/06_00842_CEZarj3jGv2gSoAgLQyMA4EQ/310x430/1772449628.webp?s=3892c2b762267fb03a3b1b5b4ae0087146ca5638,7,4
Sneakers Gucci Rhyton unisex – Taglia 41,357.7,Gucci,41,https://www.vinted.it/items/8296427840-sneakers-gucci-rhyton-unisex-taglia-41?referrer=catalog,4,8296427840,Sold,02/03/2026 17:37:53,,https://images1.vinted.net/t/06_014eb_c5vLGn7esFWH9tPoMbAnueX7/310x430/1772450121.webp?s=4d01b077b92b0918de0ca7898487105c711de16e,7,4
Cravatta Gucci,189.7,Gucci,0,https://www.vinted.it/items/8296427145-cravatta-gucci?referrer=catalog,1,8296427145,Sold,02/03/2026 17:37:53,,https://images1.vinted.net/t/05_00177_kzUkuxMdaZri6gfQHATERkEZ/310x430/1772450116.webp?s=d5aa790c70eae5f8d0d08023fe69f82b80ba9e89,7,4
Zapatillas gucci,263.2,Gucci,41,https://www.vinted.it/items/8296372338-zapatillas-gucci?referrer=catalog,2,8296372338,Sold,02/03/2026 17:37:53,,https://images1.vinted.net/t/06_00e42_jvQnzHCxaiwvY8NqPsSuTtBA/310x430/1772449712.webp?s=e283962aed241e92610be72ece062d478dae2877,7,4
Cappello Gucci,189.7,Gucci,L,https://www.vinted.it/items/8296406121-cappello-gucci?referrer=catalog,9,8296406121,Sold,02/03/2026 17:37:53,,https://images1.vinted.net/t/06_01482_wsBj48NupYsw6NZvUNXLHTSo/310x430/1772449960.webp?s=ee4cab00e463a92086fb9b29f2e3282c496c3d85,7,4
Gucci Jackie 1961 mini Denim & Leather tas,1.04545,Gucci,0,https://www.vinted.it/items/8294749459-gucci-jackie-1961-mini-denim-leather-tas?referrer=catalog,16,8294749459,Sold,02/03/2026 17:38:38,,https://images1.vinted.net/t/05_00eed_EebA3p3NEshpQvLuDpKHMnbZ/310x430/1772418300.webp?s=747ec0360ce656a9a61785de5a8f1f6c402d318a,7,6
Gucci x Balenciaga Jackie 1961,1.6807,Gucci,0,https://www.vinted.it/items/8294747996-gucci-x-balenciaga-jackie-1961?referrer=catalog,2,8294747996,Sold,02/03/2026 17:38:38,,https://images1.vinted.net/t/06_020c6_enA3SkrETciZYKxKCK1gc8cn/310x430/1772417975.webp?s=7d92b5948d2ad46613858828c3457ddeace6d50c,7,6
Gucci matelassé tas,1.5757,Gucci,0,https://www.vinted.it/items/8294746615-gucci-matelasse-tas?referrer=catalog,4,8294746615,Sold,02/03/2026 17:38:38,,https://images1.vinted.net/t/05_01706_vbqH6JGaUdt7HftnWwu558DH/310x430/1772417695.webp?s=53cb6ffcc11f3e4273139340b2090a8287670776,7,6
Gucci Dionysus jumbo tas,1.2607,Gucci,0,https://www.vinted.it/items/8294744940-gucci-dionysus-jumbo-tas?referrer=catalog,2,8294744940,Sold,02/03/2026 17:38:38,,https://images1.vinted.net/t/06_00347_8QcecXtrh4p2ZHrEuQfNfAaW/310x430/1772417374.webp?s=3b9451f08ee9b029c77fd168fed3cc4e6ccfbb15,7,6
Gorra Gucci béisbol GG Negra,284.2,Gucci,XS,https://www.vinted.it/items/8294739660-gorra-gucci-beisbol-gg-negra?referrer=catalog,5,8294739660,Sold,02/03/2026 17:38:38,,https://images1.vinted.net/t/01_0224c_Z4oqxVnHwNt4AN4JseXwM63w/310x430/1772416429.webp?s=10be2565d7757de72460cd3988a3acb92e20af31,7,6
Parfum gucci bloom ambrosia di fiori,47.95,Gucci,0,https://www.vinted.it/items/8294728305-parfum-gucci-bloom-ambrosia-di-fiori?referrer=catalog,0,8294728305,Sold,02/03/2026 17:38:38,,https://images1.vinted.net/t/05_01512_NTWyNCw5cjcqfSBChoUEo7Vk/310x430/1772414712.webp?s=2334dc97b56d3993caf15ea765b240e3a5ae3649,7,6
Corbata Gucci,110.95,Gucci,0,https://www.vinted.it/items/8292680711-corbata-gucci?referrer=catalog,5,8292680711,Sold,02/03/2026 17:39:01,,https://images1.vinted.net/t/05_004d9_t7ZYaxSuFZZhMrFKkz5V2eH5/310x430/1772397513.webp?s=7da59edf5a4219e3af051846a5c95806a84898cf,7,7
Mocassini Gucci,683.2,Gucci,39.5,https://www.vinted.it/items/8293835204-mocassini-gucci?referrer=catalog,1,8293835204,Sold,02/03/2026 17:39:25,,https://images1.vinted.net/t/05_026a8_EwbeLL4RnfsVJKuunh1DEWdR/310x430/1772432191.webp?s=fcaeb635f08712c3b6217224a7f282c74bb02527,7,8
Veste Gucci homme ou femme idéal pour soirée,1.2607,Gucci,L,https://www.vinted.it/items/8293777227-veste-gucci-homme-ou-femme-ideal-pour-soiree?referrer=catalog,2,8293777227,Sold,02/03/2026 17:39:25,,https://images1.vinted.net/t/06_015bd_zNgqeN1FPDjZ5mx88EFeyYjX/310x430/1772396957.webp?s=d77199ed1f6871d041a802af9002a4e6244c085f,7,8
Gucci x Disney,263.2,Gucci,Taglia unica,https://www.vinted.it/items/8293753202-gucci-x-disney?referrer=catalog,0,8293753202,Sold,02/03/2026 17:39:25,,https://images1.vinted.net/t/06_0246a_vh3kK42AFWFcQrcuGg3cACa8/310x430/1772396547.webp?s=6bf79f2e5ddf75cc686778f25272683a127fc796,7,8
Foulard Gucci design Accornero,116.2,Gucci,0,https://www.vinted.it/items/8293749390-foulard-gucci-design-accornero?referrer=catalog,3,8293749390,Sold,02/03/2026 17:39:25,,https://images1.vinted.net/t/05_00451_WagPTHHQNtCydGiimDgFUAkX/310x430/1772396695.webp?s=05eab920e847952f2040e3483a07de6b33c4a93c,7,8
Chaussure Gucci femme rose,315.7,Gucci,37,https://www.vinted.it/items/8293746884-chaussure-gucci-femme-rose?referrer=catalog,9,8293746884,Sold,02/03/2026 17:39:25,,https://images1.vinted.net/t/05_00f32_vBAAazdnbFhUWsbvSXtgXMx8/310x430/1772396500.webp?s=e0b25ffb38cb50574c3c3485c52ea0f9748c5416,7,8
Gucci marmont small,735.7,Gucci,0,https://www.vinted.it/items/8261798088-gucci-marmont-small?referrer=catalog,40,8261798088,Sold,02/03/2026 17:39:25,,https://images1.vinted.net/t/05_0103c_yG7PKH9dBPfepwst6T9HyZEB/310x430/1772050557.webp?s=67578ad0551a940e24b53f3d5a06383a9d95bd17,7,8
Gucci Trenchcoat,420.7,Gucci,S / IT 40 / EU 36,https://www.vinted.it/items/8293718956-gucci-trenchcoat?referrer=catalog,0,8293718956,Sold,02/03/2026 17:39:25,,https://images1.vinted.net/t/05_016ad_mJtWp4u41HFwRj7K5bzdA51s/310x430/1772396295.webp?s=38ecc84690934ff60e8967c2c2a3c5bceed42397,7,8
Chanclas gucci,84.7,Gucci,41,https://www.vinted.it/items/8293707245-chanclas-gucci?referrer=catalog,33,8293707245,Sold,02/03/2026 17:39:25,,https://images1.vinted.net/t/06_00114_JdgGGdWxeKezHNs698HRUVxp/310x430/1772396211.webp?s=2be8a015d78309ef8e91199a432692e77caa47a5,7,8
Gucci Keyring Gg supreme Never worn,347.2,Gucci,0,https://www.vinted.it/items/8293704182-gucci-keyring-gg-supreme-never-worn?referrer=catalog,0,8293704182,Sold,02/03/2026 17:39:25,,https://images1.vinted.net/t/05_00b8b_PCTkVAPoX1HkdBgQ6RLMwpbS/310x430/1772396189.webp?s=be601077a3ab8653d313ae518e4eeece5b523157,7,8
Gucci Baumwolle/ Wolle Damenmantel Gr.40,1.3132,Gucci,L / IT 44 / EU 40,https://www.vinted.it/items/8293693096-gucci-baumwolle-wolle-damenmantel-gr40?referrer=catalog,0,8293693096,Sold,02/03/2026 17:39:25,,https://images1.vinted.net/t/06_0261c_8rJ4ZF64GtcmrkA63eF6TeZh/310x430/1772396111.webp?s=a153d7f502adcd8fabd68c796bbd36214cebc76a,7,8
Collar Gucci Plata de Ley Unisex,84.7,Gucci,0,https://www.vinted.it/items/8293678572-collar-gucci-plata-de-ley-unisex?referrer=catalog,11,8293678572,Sold,02/03/2026 17:39:25,,https://images1.vinted.net/t/05_018d8_fJcEw7vvZPCG6GCaw2z76KT7/310x430/1772396008.webp?s=15226d45c17b4052f6ba0b005d3459d60c4fd380,7,8
Monture Gucci,42.7,Gucci,0,https://www.vinted.it/items/8287910163-monture-gucci?referrer=catalog,1,8287910163,Sold,02/03/2026 17:39:25,,https://images1.vinted.net/t/01_00e8b_xXSX1HhHjhqK7TrUK4Ey7puW/310x430/1772367932.webp?s=dee721cb3c0bdf20674f7289bf15a3c2a500c0dd,7,8
Gucci Guilty Pour Homme Eau de Toilette 50ml,32.2,Gucci,0,https://www.vinted.it/items/8293655519-gucci-guilty-pour-homme-eau-de-toilette-50ml?referrer=catalog,3,8293655519,Sold,02/03/2026 17:39:25,,https://images1.vinted.net/t/05_01a2c_s2RwqJ7q11MiPeVnHcF8uuTN/310x430/1772395846.webp?s=2bb5e2f1db3fa13268a0bef6b7496bd95d800d27,7,8
Monture Gucci,42.7,Gucci,0,https://www.vinted.it/items/8287944129-monture-gucci?referrer=catalog,7,8287944129,Sold,02/03/2026 17:39:25,,https://images1.vinted.net/t/06_00767_ByEk9oye5Gm7Df2fp3vnnsmV/310x430/1772368092.webp?s=c185708372f058d5a87b7467a11c610f6912af98,7,8
rossetto gucci,42.7,Gucci,0,https://www.vinted.it/items/8293649272-rossetto-gucci?referrer=catalog,2,8293649272,Sold,02/03/2026 17:39:25,,https://images1.vinted.net/t/06_01326_PH8T1DwkKktAFSXbnjrAEUHk/310x430/1772395801.webp?s=df435d16f9615b43ab14d81dcf8bc7dc160d6950,7,8
Gucci Sneaker,305.2,Gucci,39,https://www.vinted.it/items/8293634209-gucci-sneaker?referrer=catalog,16,8293634209,Sold,02/03/2026 17:39:25,,https://images1.vinted.net/t/05_005cd_i4bUxMcQWuazXytjjuRuUpzp/310x430/1772395693.webp?s=cf6d01300aed86cc5bd967e0af565117f893f8f1,7,8
rossetto gucci,42.7,Gucci,0,https://www.vinted.it/items/8293642900-rossetto-gucci?referrer=catalog,1,8293642900,Sold,02/03/2026 17:39:25,,https://images1.vinted.net/t/01_024d1_k7i1Xe9pDdsfpeq8r498RbtT/310x430/1772395755.webp?s=d5d5c857084e8321685e12288b74027dc6a7f7ce,7,8
Tuta Gucci,273.7,Gucci,S,https://www.vinted.it/items/8293638301-tuta-gucci?referrer=catalog,1,8293638301,Sold,02/03/2026 17:39:25,,https://images1.vinted.net/t/05_022ff_tc1Exhzm5eNu4TMVpg3KS9io/310x430/1772395723.webp?s=3317ae8310e8db44262452438e041481cb8b429b,7,8
Gucci parfum,37.45,Gucci,0,https://www.vinted.it/items/8293634890-gucci-parfum?referrer=catalog,1,8293634890,Sold,02/03/2026 17:39:25,,https://images1.vinted.net/t/06_0200b_V2mQjdrfNHENeXaPbmYSyaTx/310x430/1772395698.webp?s=1c1af49dce5b45633ee7644c195fb29c864fa459,7,8
rossetto rosso gucci,42.7,Gucci,0,https://www.vinted.it/items/8293625697-rossetto-rosso-gucci?referrer=catalog,0,8293625697,Sold,02/03/2026 17:39:25,,https://images1.vinted.net/t/04_00454_aGtJWyLUX6ecKFLGkzfd5FEm/310x430/1772395636.webp?s=f103558174dcaaf6149b6bb36f04b23a82093a92,7,8
blush gucci,42.7,Gucci,0,https://www.vinted.it/items/8293619396-blush-gucci?referrer=catalog,2,8293619396,Sold,02/03/2026 17:39:25,,https://images1.vinted.net/t/06_000cf_fci5AuyCsgNQvj1mFkaMmQVZ/310x430/1772395590.webp?s=a7d339404b1abddfb7a64c9b7361e023f6e27942,7,8
Étuis à lunette Gucci,21.7,Gucci,0,https://www.vinted.it/items/8293615410-etuis-a-lunette-gucci?referrer=catalog,0,8293615410,Sold,02/03/2026 17:39:25,,https://images1.vinted.net/t/01_01d27_kRcv7i5b6w4R4ZGB2CBcuvdY/310x430/1772395749.webp?s=bf0822e18393fb1a3b6d81e49c697b0143144e07,7,8
Calze traforate GG nuove,68.95,Gucci,M / IT 42 / EU 38,https://www.vinted.it/items/8287791434-calze-traforate-gg-nuove?referrer=catalog,1,8287791434,Sold,02/03/2026 17:39:25,,https://images1.vinted.net/t/06_004fc_pFvpvkg1hnGQH1hY8TmA3s5W/310x430/1772367357.webp?s=67c03579367346b41b5efddba2cd6bd060af0bab,7,8
Casquette Gucci Palace Beige,578.2,Gucci,L,https://www.vinted.it/items/8293594311-casquette-gucci-palace-beige?referrer=catalog,8,8293594311,Sold,02/03/2026 17:39:25,,https://images1.vinted.net/t/05_00619_XZxkbHeUKnQkiQ8rrUDVqxXh/310x430/1772395413.webp?s=8c3e7fda59ca718e7d92e94c0cc383b43d98b3cb,7,8
Gucci Bucket Bag,609.7,Gucci,0,https://www.vinted.it/items/8287763697-gucci-bucket-bag?referrer=catalog,2,8287763697,Sold,02/03/2026 17:39:25,,https://images1.vinted.net/t/01_018b0_FihZx7mezyMLC898eEvEahik/310x430/1772367223.webp?s=7ee898b454f54f47cb3d0af135cc1e20386d494e,7,8
Perfume Gucci Bloom 50ml,34.3,Gucci,0,https://www.vinted.it/items/8261632134-perfume-gucci-bloom-50ml?referrer=catalog,4,8261632134,Sold,02/03/2026 17:39:25,,https://images1.vinted.net/t/05_02392_Cd8dqryL1y5uwG6Y5yhiBAw8/310x430/1772049188.webp?s=c840a81e33a59c71cd03337ce90df1c5beb9dfe7,7,8
Monture Lunettes Gucci,83.65,Gucci,0,https://www.vinted.it/items/8261642602-monture-lunettes-gucci?referrer=catalog,2,8261642602,Sold,02/03/2026 17:39:25,,https://images1.vinted.net/t/04_0010e_VKp9y8tUXnERFJQzb4SyRzJh/310x430/1772049272.webp?s=369aff07ca474308936d04db875d6d34d94d4119,7,8
Gafas de sol marca Gucci,294.7,Gucci,0,https://www.vinted.it/items/8293487615-gafas-de-sol-marca-gucci?referrer=catalog,1,8293487615,Sold,02/03/2026 17:39:25,,https://images1.vinted.net/t/06_00010_cWjvUAg1WWNCfupbZGcgTC1s/310x430/1772394687.webp?s=b8530866afb381551bf8b3a9a67e313473f12de9,7,8
Monture Gucci,83.65,Gucci,0,https://www.vinted.it/items/8261550657-monture-gucci?referrer=catalog,4,8261550657,Sold,02/03/2026 17:39:25,,https://images1.vinted.net/t/06_01106_wZYBNQesPuipibueT9MRaDpT/310x430/1772048535.webp?s=c4b2d3059e675b7235de4cb00f289b473b5f2d09,7,8
Caja de Gucci original,9.1,Gucci,0,https://www.vinted.it/items/8293473602-caja-de-gucci-original?referrer=catalog,1,8293473602,Sold,02/03/2026 17:39:25,,https://images1.vinted.net/t/05_00142_8ohLZWBWmQXsJsuG5RDw712G/310x430/1772394593.webp?s=8fd96a7f31a079ce39e906b6f212f91a7a5c6c31,7,8
Giacca Gucci,525.7,Gucci,M,https://www.vinted.it/items/8293470315-giacca-gucci?referrer=catalog,3,8293470315,Sold,02/03/2026 17:39:25,,https://images1.vinted.net/t/05_00602_jAf4rARsQDcMKHp4ZS5c3nad/310x430/1772394571.webp?s=7ce4a9d05227eed66d00478b4a5186601afe42cb,7,8
Profumo Gucci  in miniatura,32.2,Gucci,0,https://www.vinted.it/items/8293469356-profumo-gucci-in-miniatura?referrer=catalog,1,8293469356,Sold,02/03/2026 17:39:25,,https://images1.vinted.net/t/02_02072_vJEvonQoEnXHRTWGgGXaYYSs/310x430/1772394564.webp?s=f397a5095bc1b98f6ba092214e25a233dd066bbe,7,8
Eau de parfum GUCCI,10.15,Gucci,0,https://www.vinted.it/items/8293466039-eau-de-parfum-gucci?referrer=catalog,1,8293466039,Sold,02/03/2026 17:39:25,,https://images1.vinted.net/t/06_00e69_m4L4PHSwiNqCrXhJqvm7RSTB/310x430/1772394542.webp?s=4c5797c4c926a084eb2223a89abf46dcbd72bc1e,7,8
Veste Gucci,725.2,Gucci,XS,https://www.vinted.it/items/8293457190-veste-gucci?referrer=catalog,2,8293457190,Sold,02/03/2026 17:39:25,,https://images1.vinted.net/t/06_01906_RVFLRuPpkNtTGAVAf2ywEti5/310x430/1772394483.webp?s=b1c39dbd4746137a28072f381d7e241c3079f12f,7,8
Gucci Samt Brillenetui,37.45,Gucci,0,https://www.vinted.it/items/8293456389-gucci-samt-brillenetui?referrer=catalog,2,8293456389,Sold,02/03/2026 17:39:25,,https://images1.vinted.net/t/05_01c42_wX7QkbgB6tXSd7cDdUNCdDXK/310x430/1772394478.webp?s=0c7ea7e48933fc81a1d41d2b1b2d658125622268,7,8
Camicia uomo ai tempi di Tom Ford nuova ancora impacchettata,105.7,Gucci,41 cm,https://www.vinted.it/items/8287682040-camicia-uomo-ai-tempi-di-tom-ford-nuova-ancora-impacchettata?referrer=catalog,9,8287682040,Sold,02/03/2026 17:39:25,,https://images1.vinted.net/t/06_01a1f_2DX5hhtUyVkZi74BstpcLWyq/310x430/1772366829.webp?s=e327814fc9d4d758ad475de8e383e3760b9f21a7,7,8
Scarpine Gucci 19,84.7,Gucci,19,https://www.vinted.it/items/8293433982-scarpine-gucci-19?referrer=catalog,57,8293433982,Sold,02/03/2026 17:39:25,,https://images1.vinted.net/t/04_012de_AVXs57GCAwgRaiL3SDmAtCp6/310x430/1772394327.webp?s=a8cab899b85efe8ab802fcdfae55db72ff29a846,7,8
Caja de Gucci original,5.95,Gucci,0,https://www.vinted.it/items/8293418589-caja-de-gucci-original?referrer=catalog,4,8293418589,Sold,02/03/2026 17:39:25,,https://images1.vinted.net/t/06_0258a_PZxnyaegN2usRuhHnhxs3tKL/310x430/1772394224.webp?s=3bdcb1cf66022d3a4b75c27ae9f87e05a9f17782,7,8
Borsa gucci mini rosa nuova,735.69,Gucci,0,https://www.vinted.it/items/8261491501-borsa-gucci-mini-rosa-nuova?referrer=catalog,10,8261491501,Sold,02/03/2026 17:39:25,,https://images1.vinted.net/t/01_01231_B1HKgwUnBhDNeuu6XoLB42VR/310x430/1772048059.webp?s=f7ceb4a725f93858ee87f7648f3573d77d85f5b5,7,8
Gucci guilty elixir de Parfum,41.13,Gucci,0,https://www.vinted.it/items/8293347599-gucci-guilty-elixir-de-parfum?referrer=catalog,9,8293347599,Sold,02/03/2026 17:39:25,,https://images1.vinted.net/t/05_00b3c_UxixvDrCCgjg7mujyjfxTUk2/310x430/1772393757.webp?s=424da295c05d34d6841647a05672084470dfc1cd,7,8
Gucci Aufbewahrungsbox,11.2,Gucci,0,https://www.vinted.it/items/8293346949-gucci-aufbewahrungsbox?referrer=catalog,2,8293346949,Sold,02/03/2026 17:39:25,,https://images1.vinted.net/t/01_022c5_K4wQxkYvPAhW8toW5fyvVgVV/310x430/1772393752.webp?s=1675e52778490cd7f3e8c68d2c4ef10260b830e9,7,8
Scarpa Gucci trattabile,347.2,Gucci,40.5,https://www.vinted.it/items/8293342578-scarpa-gucci-trattabile?referrer=catalog,0,8293342578,Sold,02/03/2026 17:39:25,,https://images1.vinted.net/t/01_010fa_ohkVvKpyE1vsJti7Hv5Cryd6/310x430/1772434450.webp?s=542f3101b9c7704176de0fd126559488e5b77db8,7,8
Paire de bague a chaussures GUCCI,525.7,Gucci,0,https://www.vinted.it/items/8293338296-paire-de-bague-a-chaussures-gucci?referrer=catalog,0,8293338296,Sold,02/03/2026 17:39:25,,https://images1.vinted.net/t/05_014fb_RHZESKJwqWdKc59xG32vScgq/310x430/1772393696.webp?s=618b175ef9e654cbed72fd145241ab95f01bf078,7,8
Occhiali Gucci - mascherina,187.6,Gucci,0,https://www.vinted.it/items/8293328028-occhiali-gucci-mascherina?referrer=catalog,0,8293328028,Sold,02/03/2026 17:39:25,,https://images1.vinted.net/t/05_01e74_BAiZmn4zwwMyTMFCYALzidTN/310x430/1772393630.webp?s=b169441732c1bb236cb8cfb4481f690ed999c46e,7,8
Scarpe Gucci princetown slippers,294.7,Gucci,37.5,https://www.vinted.it/items/8293289239-scarpe-gucci-princetown-slippers?referrer=catalog,16,8293289239,Sold,02/03/2026 17:39:25,,https://images1.vinted.net/t/06_01f4e_Y5SE5TWK79kxJZGob46yTcDa/310x430/1772393381.webp?s=80e59f31b01ec60579469d4174a5f7a735134562,7,8
Gucci Makkasins,315.7,Gucci,35.5,https://www.vinted.it/items/8293296301-gucci-makkasins?referrer=catalog,0,8293296301,Sold,02/03/2026 17:39:25,,https://images1.vinted.net/t/06_01603_FE9GeC3XoNfTBG93Z5nSTfx6/310x430/1772393425.webp?s=ea03b1f23022429854aecffa621f94c521aba3cf,7,8
Sac Gucci Sylvie top handle ed limitée,725.2,Gucci,0,https://www.vinted.it/items/8255628494-sac-gucci-sylvie-top-handle-ed-limitee?referrer=catalog,25,8255628494,Sold,02/03/2026 17:39:25,,https://images1.vinted.net/t/05_005be_PHJ7y9JUC5USyafDQcy8LmQA/310x430/1771982516.webp?s=b9555904013db138b287fd33da99d68fc1ac41d5,7,8
Lunette de soleil,104.65,Gucci,0,https://www.vinted.it/items/8293289473-lunette-de-soleil?referrer=catalog,4,8293289473,Sold,02/03/2026 17:39:25,,https://images1.vinted.net/t/06_018c1_rCcbdwZU79jh6DTsvNMQCiRH/310x430/1772393383.webp?s=1ea4fe29d13feabe8b0020c39bb9ae8f6b822256,7,8
Casquette Gucci neuve,178.15,Gucci,S,https://www.vinted.it/items/8293280492-casquette-gucci-neuve?referrer=catalog,3,8293280492,Sold,02/03/2026 17:39:25,,https://images1.vinted.net/t/04_023c7_o2wTZQxAk6rAPg5bW9RSccZu/310x430/1772393325.webp?s=ea84cedc5fe34998b689bf98a0a1d43215c4ead7,7,8
Pochette Gucci,168.7,Gucci,0,https://www.vinted.it/items/8293178844-pochette-gucci?referrer=catalog,33,8293178844,Sold,02/03/2026 17:39:25,,https://images1.vinted.net/t/05_0154a_NTiNYe9SHmcJW6eetFLDTaLk/310x430/1772392685.webp?s=e8ca80dfe32cacad4d5131a901d59fa503fb611d,7,8
Occhiali da sole Gucci,184.45,Gucci,0,https://www.vinted.it/items/8293273928-occhiali-da-sole-gucci?referrer=catalog,0,8293273928,Sold,02/03/2026 17:39:25,,https://images1.vinted.net/t/05_00cae_TWcFJN2cZNeqh4pdMBsMEP1D/310x430/1772393283.webp?s=ea3edf93d6f82f2d9086820d81334987d57c40f6,7,8
Cappello Gucci,273.7,Gucci,M,https://www.vinted.it/items/8301114413-cappello-gucci?referrer=catalog,0,8301114413,On Sale,02/03/2026 21:06:11,,https://images1.vinted.net/t/06_017e4_3pkhA5MjniuwVRHsr2Z1nNZB/310x430/1772481887.webp?s=377ee211128f6e2f9dcee245be0fe86a223f978a,1,1
Mocassini Gucci black Leather horsebit loafers,510.0,Gucci,43,https://www.vinted.it/items/8301108862-mocassini-gucci-black-leather-horsebit-loafers?referrer=catalog,0,8301108862,On Sale,02/03/2026 21:06:11,,https://images1.vinted.net/t/05_019a7_utD4fqWVhp5GPRkttUXHFAfW/310x430/1772481846.webp?s=ce7c51284d36c6fb0ece22c4ce94c205feb3089f,1,1
Scatola Gucci 36x28x18,19.59,Gucci,0,https://www.vinted.it/items/8301104367-scatola-gucci-36x28x18?referrer=catalog,0,8301104367,On Sale,02/03/2026 21:06:11,,https://images1.vinted.net/t/05_00ee7_8H3pAPWVRi3KLbEXp5iknP6x/310x430/1772481811.webp?s=38bcef1a491249429b881e2534f7b77486703c29,1,1
Cintura Gucci donna nera fibbia oro taglia 70,184.45,Gucci,70 cm,https://www.vinted.it/items/8301097217-cintura-gucci-donna-nera-fibbia-oro-taglia-70?referrer=catalog,0,8301097217,On Sale,02/03/2026 21:06:11,,https://images1.vinted.net/t/04_00b70_qAZijKgDD4LSQW12EdYtWBkG/310x430/1772481760.webp?s=e2d811b989bc629468d77fb2786e78e1fbe5528e,1,1
Gucci Bloom 50ML,42.7,Gucci,0,https://www.vinted.it/items/8301082522-gucci-bloom-50ml?referrer=catalog,0,8301082522,On Sale,02/03/2026 21:06:11,,https://images1.vinted.net/t/06_01828_Mi7EC93cz5jpAC3pLGmpwBaU/310x430/1772481652.webp?s=29e298d2436146ee88584a2cb37ce4e1e1a6a73e,1,1
Parfum miniature Gucci Accenti,10.15,Gucci,0,https://www.vinted.it/items/8301055050-parfum-miniature-gucci-accenti-5-ml?referrer=catalog,0,8301055050,On Sale,02/03/2026 21:06:11,,https://images1.vinted.net/t/06_01764_sjoajCX9MHkz7sW8TwJ8PiiZ/310x430/1772481455.webp?s=d49ebc9ffb7a24de68077bb420365fb14d806748,1,1
Basket Gucci,137.2,Gucci,42,https://www.vinted.it/items/8301053387-basket-gucci?referrer=catalog,0,8301053387,On Sale,02/03/2026 21:06:11,,https://images1.vinted.net/t/03_00588_R4A4mes5MCHrLd5z8A52AHfM/310x430/1772481442.webp?s=c49feeab93cdd6cbaade8a654800e86fe447f91f,1,1
Mocassini alti,389.2,Gucci,38,https://www.vinted.it/items/8301037497-mocassini-alti?referrer=catalog,0,8301037497,On Sale,02/03/2026 21:06:11,,https://images1.vinted.net/t/05_020d1_jkF1rfWrxBa3GKddyseZ5Gdo/310x430/1772481327.webp?s=62715f477784ecaa47ef4ad5858941346827f002,1,1
Profumo,84.7,Gucci,0,https://www.vinted.it/items/8301036975-profumo?referrer=catalog,0,8301036975,On Sale,02/03/2026 21:06:11,,https://images1.vinted.net/t/05_01b96_JiH8veZHXf817QSW6XByCoSE/310x430/1772481323.webp?s=48de060a3f04933338e06c8ea3f0fc7e273b8b03,1,1
Slipper princetown,420.7,Gucci,36,https://www.vinted.it/items/8301036347-slipper-princetown?referrer=catalog,1,8301036347,On Sale,02/03/2026 21:06:11,,https://images1.vinted.net/t/01_01482_9Popxky4LhjmynfXzdKZy9r4/310x430/1772481319.webp?s=bbf952e1265999628df268d9bddb97b163e15890,1,1
Gucci geldbörse,158.2,Gucci,0,https://www.vinted.it/items/8301002119-gucci-geldborse?referrer=catalog,1,8301002119,On Sale,02/03/2026 21:06:11,,https://images1.vinted.net/t/06_01ed9_iQpENKZyK36WSdLStVdBUZxH/310x430/1772481067.webp?s=69142af80a056c27abb090722be1c96d588bc167,1,1
Cajas Gucci,26.95,Gucci,0,https://www.vinted.it/items/8300989029-cajas-gucci?referrer=catalog,0,8300989029,On Sale,02/03/2026 21:06:11,,https://images1.vinted.net/t/05_015b9_JYcaGiQ9BChVVVxM8Zr7vhA4/310x430/1772480972.webp?s=66417bab7c343621264ec276baf380bb80f3f3ae,1,1
Lunettes femme Gucci noir,231.7,Gucci,0,https://www.vinted.it/items/8300958858-lunettes-femme-gucci-noir?referrer=catalog,1,8300958858,On Sale,02/03/2026 21:06:11,,https://images1.vinted.net/t/04_00af2_AfT6pu3zKuCPSUh3EscBf3xg/310x430/1772480797.webp?s=0b806d38d81d283410d07b879651e227e919c3bb,1,1
Broek Gucci,472.15,Gucci,S,https://www.vinted.it/items/8300958540-broek-gucci?referrer=catalog,1,8300958540,On Sale,02/03/2026 21:06:11,,https://images1.vinted.net/t/06_007e9_2mpiTNKLtXBS7nCvseidKw33/310x430/1772480749.webp?s=4c6712665820bdc4e5bf21e50787bbe1694e0fc5,1,1
90s Gucci sunglasses,74.2,Gucci,0,https://www.vinted.it/items/8300941888-90s-gucci-sunglasses?referrer=catalog,2,8300941888,On Sale,02/03/2026 21:06:11,,https://images1.vinted.net/t/05_00eab_RsxteJ3DoaxnN6p8ikc1dz1L/310x430/1772480628.webp?s=d9c1eb62778519ca741e4d60a2823f38fc0734fa,1,1
Gucci Samt Brillenetui,37.45,Gucci,0,https://www.vinted.it/items/8300933033-gucci-samt-brillenetui?referrer=catalog,0,8300933033,On Sale,02/03/2026 21:06:11,,https://images1.vinted.net/t/05_00e6b_LeJm2f3J5phvBcsZnTiQfmdJ/310x430/1772480564.webp?s=f75dc97b1178e3d5d887a83ae44f0daffa51446f,1,1
Sneaker Gucci Ace GG Supreme da uomo,410.2,Gucci,47,https://www.vinted.it/items/8300927027-sneaker-gucci-ace-gg-supreme-da-uomo?referrer=catalog,0,8300927027,On Sale,02/03/2026 21:06:11,,https://images1.vinted.net/t/01_00a28_17rNJgFf83zTcMDZaFjq3idU/310x430/1772480520.webp?s=c2ad87d9e5591a65ecfc9e30e4990a884abb1a29,1,1
Gucci Parfum,84.7,Gucci,0,https://www.vinted.it/items/8275325069-gucci-parfum?referrer=catalog,0,8275325069,On Sale,02/03/2026 21:06:11,,https://images1.vinted.net/t/01_00898_VyJq2ANrq4tJHsKQmn7A2VsX/310x430/1772221610.webp?s=9081854329ed98fe2918cbeddc680e8e44d4e0a4,1,1
Lunettes de soleil Gucci femme,157.15,Gucci,0,https://www.vinted.it/items/8300924351-lunettes-de-soleil-gucci-femme?referrer=catalog,1,8300924351,On Sale,02/03/2026 21:06:11,,https://images1.vinted.net/t/06_025d6_jqHEPMQicjRnyuU6pnSPADCY/310x430/1772480501.webp?s=e7be668e8e88ce81c94d072066409cc93362ab54,1,1
Gucci Marmont GG,612.0,Gucci,0,https://www.vinted.it/items/8268484630-gucci-marmont-gg?referrer=catalog,1,8268484630,On Sale,02/03/2026 21:06:11,,https://images1.vinted.net/t/04_017fe_gjW6AknX9eamJ9RTExyDmznF/310x430/1772134635.webp?s=54533aa7ac33eff1e9180ef275b4995fbbfeec13,1,1
Lunettes Gucci,210.7,Gucci,0,https://www.vinted.it/items/8300904316-lunettes-gucci?referrer=catalog,1,8300904316,On Sale,02/03/2026 21:06:11,,https://images1.vinted.net/t/02_0192d_S85YWom6HKTukdhhd1HZS8Zn/310x430/1772480356.webp?s=e6a369bfd670dab4bca42989e2408111a77c15dd,1,1
Luiertas Gucci,189.7,Gucci,0,https://www.vinted.it/items/8300898363-luiertas-gucci?referrer=catalog,0,8300898363,On Sale,02/03/2026 21:06:11,,https://images1.vinted.net/t/01_0000f_Ztj9W1ghB316yrKD1JjpR2rn/310x430/1772480312.webp?s=b02ae857d7633b45437e3e73158171518234e411,1,1
Vestito Gucci,612.0,Gucci,XXS / IT 36 / EU 32,https://www.vinted.it/items/8300898611-vestito-gucci?referrer=catalog,1,8300898611,On Sale,02/03/2026 21:06:11,,https://images1.vinted.net/t/05_01fc6_3xgYDFe81bNjfokAFeKVfBjM/310x430/1772480314.webp?s=47113fbd8ed2bd03b59e1f48a8feda72beede175,1,1
Borsa Gucci,561.0,Gucci,0,https://www.vinted.it/items/8300838442-borsa-gucci?referrer=catalog,0,8300838442,On Sale,02/03/2026 21:06:11,,https://images1.vinted.net/t/01_018d2_pxCH7t235XvSZGcae8GXKkt3/310x430/1772479882.webp?s=df8da681368f2105732f038d9dd3ab5a5a3f719d,1,1
Vendo ciabatte Gucci,53.19,Gucci,40,https://www.vinted.it/items/8300895735-vendo-ciabatte-gucci?referrer=catalog,0,8300895735,On Sale,02/03/2026 21:06:11,,https://images1.vinted.net/t/04_01d15_733nXi7WzXFP5Diax15jgfV6/310x430/1772480293.webp?s=52c850ece4676e7a66e9a5c8024bb79cdec3cca2,1,1
Mocassini Gucci donna,326.2,Gucci,36.5,https://www.vinted.it/items/8300859914-mocassini-gucci-donna?referrer=catalog,3,8300859914,Sold,02/03/2026 21:06:11,,https://images1.vinted.net/t/06_010ac_tFvL6d5pyhtZ6BySKimj9xNh/310x430/1772480037.webp?s=a7ffdefcc684f5a4e574d4a1e8db9264a3ed20ae,1,1
Jupe vintage Gucci - 100% laine,336.7,Gucci,XL / IT 46 / EU 42,https://www.vinted.it/items/8300857470-jupe-vintage-gucci-100-laine-cuir-chainettes-dorees-etat-neuf?referrer=catalog,0,8300857470,On Sale,02/03/2026 21:06:11,,https://images1.vinted.net/t/05_01f3f_HfJWmL61boKDPMsJWKFhofoZ/310x430/1772480019.webp?s=99e73cb89e3b67175c5c4cc73607edf867e6b345,1,1
Lunettes Gucci,158.2,Gucci,0,https://www.vinted.it/items/8300845320-lunettes-gucci?referrer=catalog,0,8300845320,On Sale,02/03/2026 21:06:11,,https://images1.vinted.net/t/04_01ab4_ezCDo87pBHB5JJ2YV4o9q6UQ/310x430/1772479933.webp?s=5dd7fe38608555f9ee336eba49cf914b9ff9bf32,1,1
Orologio Gucci donna,816.0,Gucci,0,https://www.vinted.it/items/8300841851-orologio-gucci-donna?referrer=catalog,0,8300841851,On Sale,02/03/2026 21:06:11,,https://images1.vinted.net/t/01_007d8_QnAjKTKPGB8rbybMnyVmGpY7/310x430/1772479908.webp?s=4eab7b977cd66ca9d5c9f82d05beb933ac1ade22,1,1
Mocassini Gucci,368.2,Gucci,36.5,https://www.vinted.it/items/8300840973-mocassini-gucci?referrer=catalog,1,8300840973,On Sale,02/03/2026 21:06:11,,https://images1.vinted.net/t/01_00362_nrL3eGmfsS3C8kDh9iDSGfvy/310x430/1772479901.webp?s=e19865f6550d92c7f9b337a0cf7bff5d3697617a,1,1
Gucci High Heels Sandalen hohe Sandalen grün 39 Neu,550.8,Gucci,39,https://www.vinted.it/items/8300817799-gucci-high-heels-sandalen-hohe-sandalen-grun-39-neu?referrer=catalog,2,8300817799,On Sale,02/03/2026 21:06:11,,https://images1.vinted.net/t/05_01e55_mKF31yEk8fFyPUKqdYTg7cqy/310x430/1772479734.webp?s=ce87f68cbadcc3a23b541f61b6c1b6b58c465f07,1,1
Gucci Rhyton,125.65,Gucci,43,https://www.vinted.it/items/8300792331-gucci-rhyton?referrer=catalog,1,8300792331,On Sale,02/03/2026 21:06:11,,https://images1.vinted.net/t/05_00ce4_fwvdWzjNYfx28i9cnoTEKjbB/310x430/1772479550.webp?s=e5dc8e8259307daa2fe6f4d7e2497078ee130b98,1,1
Sciarpa Foulard Gucci,263.2,Gucci,0,https://www.vinted.it/items/8300807749-sciarpa-foulard-gucci?referrer=catalog,1,8300807749,On Sale,02/03/2026 21:06:11,,https://images1.vinted.net/t/05_00339_JkHV1GY54q8HBir6TcTtNK6F/310x430/1772479737.webp?s=a82c2c6f9b9a01d36482745128776ef461ff302b,1,1
Gucci Beauty Pouch Kosmetik Tasche Bag bordeauxrot gold Neu,32.1,Gucci,0,https://www.vinted.it/items/8300792730-gucci-beauty-pouch-kosmetik-tasche-bag-bordeauxrot-gold-neu?referrer=catalog,0,8300792730,On Sale,02/03/2026 21:06:11,,https://images1.vinted.net/t/01_02252_5qoJWf2q7dSCPzpDBjbih1Xz/310x430/1772479553.webp?s=9b87a97dbaf525d2d300728e89ca882ce8af0be2,1,1
Lunette de soleil,63.7,Gucci,0,https://www.vinted.it/items/8300784214-lunette-de-soleil?referrer=catalog,2,8300784214,On Sale,02/03/2026 21:06:11,,https://images1.vinted.net/t/05_00bce_AbPe4hi9mizCPdtgm7Ta7zvJ/310x430/1772479492.webp?s=8da879f1a527f3711d6767b6c930de088fc3720d,1,1
Ballerine Gucci,105.7,Gucci,38,https://www.vinted.it/items/8300782677-ballerine-gucci?referrer=catalog,2,8300782677,Sold,02/03/2026 21:06:11,,https://images1.vinted.net/t/05_02510_MPGTZG3ygJ16f7pqRbgayWz3/310x430/1772479481.webp?s=852b1ef05b49f94831138966a2873265536eabc5,1,1
Gafa sol Gucci,147.7,Gucci,0,https://www.vinted.it/items/8300770480-gafa-sol-gucci?referrer=catalog,4,8300770480,On Sale,02/03/2026 21:06:11,,https://images1.vinted.net/t/05_00943_jgQJbMMXj6yc31pLzG9pynUs/310x430/1772479392.webp?s=d1f33c62b5228f4b6800657b552c5a1e82efec45,1,1
Occhiali Gucci,173.95,Gucci,0,https://www.vinted.it/items/8300766777-occhiali-gucci?referrer=catalog,0,8300766777,On Sale,02/03/2026 21:06:11,,https://images1.vinted.net/t/04_00c96_HvoCRZgcJDWcyVtrXTzCHVdj/310x430/1772479366.webp?s=7744f40353fc40f1f71f84d6986da89c54053dbb,1,1
Gucci Guilty pour home,58.45,Gucci,0,https://www.vinted.it/items/8300757698-gucci-guilty-pour-home?referrer=catalog,0,8300757698,On Sale,02/03/2026 21:06:11,,https://images1.vinted.net/t/05_00395_ruoL3Dz2HJchcGwNcgqf5DeF/310x430/1772479302.webp?s=1427ccc596ff9ec372e6781242064a19bef50037,1,1
Borsa tracolla Gucci,918.0,Gucci,0,https://www.vinted.it/items/8300755256-borsa-tracolla-gucci?referrer=catalog,0,8300755256,On Sale,02/03/2026 21:06:11,,https://images1.vinted.net/t/01_0216c_WshENR7usozjnYdZrJDoUekS/310x430/1772479285.webp?s=c4b206db9d97572ca4ed28159822f7f7953ad8da,1,1
Soprabito Gucci - tg. xs,210.7,Gucci,XS / IT 38 / EU 34,https://www.vinted.it/items/8299005131-soprabito-gucci-tg-xs?referrer=catalog,17,8299005131,On Sale,02/03/2026 21:06:11,,https://images1.vinted.net/t/06_024cc_BVLY79roTmG235kTDcvExrvy/310x430/1772467557.webp?s=8d13db00958b34ff80b71f9edc054365fbff8862,1,1
Cream Gucci Sneaker,336.7,Gucci,42,https://www.vinted.it/items/8300722607-cream-gucci-sneaker?referrer=catalog,0,8300722607,On Sale,02/03/2026 21:06:11,,https://images1.vinted.net/t/01_00451_zqQEqjCQCHUn1i22Hu3MMvxR/310x430/1772479050.webp?s=9fefaf9789d141e54703425cd67dc973fb76e075,1,1
Gucci cardholder,104.65,Gucci,0,https://www.vinted.it/items/8300718282-gucci-cardholder?referrer=catalog,0,8300718282,On Sale,02/03/2026 21:06:11,,https://images1.vinted.net/t/05_010d6_jSgDXeT7d4p4AFrihMu5LZHp/310x430/1772479018.webp?s=83dd8101889d8b0f8ccf9a4c6e0d146129791afd,1,1
Cipria Gucci,47.95,Gucci,0,https://www.vinted.it/items/8300706355-cipria-gucci?referrer=catalog,0,8300706355,On Sale,02/03/2026 21:06:11,,https://images1.vinted.net/t/06_00caa_Msb5n1uX3Nu5mryJmCEV77tZ/310x430/1772478931.webp?s=ba5ec3f8418e235327ea980bf5c20f841bbd4b0a,1,1
Gucci Umhängetasche beige Dionysus Mini,816.0,Gucci,0,https://www.vinted.it/items/8298966408-gucci-umhangetasche-beige-dionysus-mini?referrer=catalog,0,8298966408,On Sale,02/03/2026 21:06:11,,https://images1.vinted.net/t/06_00112_a3H9WDevGDKHmkW8LMb4Gi8a/310x430/1772467309.webp?s=5c30c5ec1c55e49980bd5eedeccd4b772cc94313,1,1
Gucci Bloom,22.75,Gucci,0,https://www.vinted.it/items/8300691320-gucci-bloom?referrer=catalog,2,8300691320,On Sale,02/03/2026 21:06:11,,https://images1.vinted.net/t/01_024a2_hb3HjV1RAtSaWFY1Ek4GuCBR/310x430/1772478824.webp?s=6cc38c4ee9f198deb1a37bca2b49010ff38c5a2a,1,1
Gucci Bloom 100 ml .,42.7,Gucci,0,https://www.vinted.it/items/8300678347-gucci-bloom-100-ml?referrer=catalog,0,8300678347,On Sale,02/03/2026 21:06:11,,https://images1.vinted.net/t/05_01d66_TXp1YgxhdLoPW2GEaPXJGZHY/310x430/1772478730.webp?s=0c51504c37a30448c5a202c42176b2d626330a28,1,1
Boîte carrée vide Gucci,8.05,Gucci,0,https://www.vinted.it/items/8300663347-boite-carree-vide-gucci?referrer=catalog,0,8300663347,On Sale,02/03/2026 21:06:11,,https://images1.vinted.net/t/03_01486_HHrH87c9rxNooomLcsWk6hrV/310x430/1772478619.webp?s=b6fd775f6e2fbfc76061049059d8b81a2a060d6a,1,1
occhiali vintage gucci verdi,84.7,Gucci,0,https://www.vinted.it/items/8298947160-occhiali-vintage-gucci-verdi?referrer=catalog,1,8298947160,On Sale,02/03/2026 21:06:11,,https://images1.vinted.net/t/05_009fa_vGiFwaNERSPHSkqqr2VqmPhg/310x430/1772467184.webp?s=ed7228381695265f22e03b4eb234d518610aeb46,1,1
Gucci solaire,315.7,Gucci,0,https://www.vinted.it/items/8300645547-gucci-solaire?referrer=catalog,0,8300645547,On Sale,02/03/2026 21:06:11,,https://images1.vinted.net/t/06_022a5_RbtHnnFW4zU6KuFapQbSd77E/310x430/1772478489.webp?s=a290a577e3296111d8b077d28ed5e1a63392f05c,1,1
Profumo Gucci Flora,42.7,Gucci,0,https://www.vinted.it/items/8300641981-profumo-gucci-flora?referrer=catalog,5,8300641981,On Sale,02/03/2026 21:06:11,,https://images1.vinted.net/t/03_01406_ckK6gbCcTpYHjdevMuTjDtEt/310x430/1772478464.webp?s=95c3e26e6bc242dfe4433032b14b945841c583f9,1,1
Borsa Gucci Bamboo 1947 misura piccola,2.04,Gucci,0,https://www.vinted.it/items/8300626979-borsa-gucci-bamboo-1947-misura-piccola?referrer=catalog,0,8300626979,On Sale,02/03/2026 21:06:11,,https://images1.vinted.net/t/06_00963_siuWbjEPVh8Ep8aLvBRevu1E/310x430/1772478354.webp?s=651851989ea0fbf170ab71571c592ce8a46df189,1,1
Gucci Rush 2000's,42.7,Gucci,0,https://www.vinted.it/items/8296181809-gucci-rush-2000s?referrer=catalog,1,8296181809,On Sale,02/03/2026 21:06:11,,https://images1.vinted.net/t/06_01c2e_MzLPvE4wgCV3sKDua6yPiWZF/310x430/1772448346.webp?s=b8cb66ccf5fe3654107e9b08fed59cb1fa19b5c2,1,1
Gucci screener,74.2,Gucci,44,https://www.vinted.it/items/8300600632-gucci-screener?referrer=catalog,4,8300600632,On Sale,02/03/2026 21:06:11,,https://images1.vinted.net/t/03_01c80_t1p3yiTpuoHFUYogEjsGo17g/310x430/1772478163.webp?s=da7a2f4d54639e2c9981b157df5a2550101b5178,1,1
Formal blazer,1.53,Gucci,52,https://www.vinted.it/items/8300568959-formal-blazer?referrer=catalog,1,8300568959,On Sale,02/03/2026 21:06:11,,https://images1.vinted.net/t/05_00110_psTDzKvTb18cMrHk6HniLe7W/310x430/1772477935.webp?s=fc94db9064b4213dfd45d2d837f8387c5f55754b,1,1
Gucci Windbreaker Jacket,694.61,Gucci,L,https://www.vinted.it/items/8300564821-gucci-windbreaker-jacket?referrer=catalog,0,8300564821,On Sale,02/03/2026 21:06:11,,https://images1.vinted.net/t/05_02486_1Hke51D6RanmCQ6KnvviEPzn/310x430/1772477904.webp?s=e9d54510bd1dd61fa040649e3b51bd60d67c810c,1,1
Gucci boots Fullset 39 40,525.69,Gucci,39.5,https://www.vinted.it/items/8300556908-gucci-boots-fullset-39-40?referrer=catalog,1,8300556908,On Sale,02/03/2026 21:06:11,,https://images1.vinted.net/t/05_01fe5_aYTZEzbcAaJ4R6ysbM2Uaook/310x430/1772477848.webp?s=feac1f87f4d2c2bfc0db7323c068bf5536a2f893,1,1
Rossetto westman Gucci Pippi,47.95,Westman Atelier,0,https://www.vinted.it/items/8300556996-rossetto-westman-gucci-pippi?referrer=catalog,1,8300556996,On Sale,02/03/2026 21:06:11,,https://images1.vinted.net/t/06_00342_HkkGN9ziSyRrTNcRzZiUCWFy/310x430/1772477849.webp?s=b718f666a849baa814642beb3a5759ece8fca69f,1,1
Gucci taille 35,53.2,Gucci,35,https://www.vinted.it/items/8300542161-gucci-taille-35?referrer=catalog,4,8300542161,On Sale,02/03/2026 21:06:11,,https://images1.vinted.net/t/01_0145d_ZvcGXSMHj57Wo4ikZcLdj5Jw/310x430/1772477744.webp?s=0289a507e0b55e2248c7a4dc87377f9320df9c77,1,1
Livre Gucci,9.1,No brand,0,https://www.vinted.it/items/8300470789-livre-gucci?referrer=catalog,0,8300470789,On Sale,02/03/2026 21:06:11,,https://images1.vinted.net/t/01_004f1_1fKWBudo8fKy3rdJx7AFkKjZ/310x430/1772477239.webp?s=294893bbd620dbd31244500870f52f2a403660e1,1,1
Monture de lunette,137.2,Gucci,0,https://www.vinted.it/items/8300462211-monture-de-lunette?referrer=catalog,0,8300462211,On Sale,02/03/2026 21:06:11,,https://images1.vinted.net/t/05_018bf_uJM8z2iZQMGDGPdYKLg7hGNb/310x430/1772477180.webp?s=01697f2f2b330b2e308f66259ed2f998e7e5e895,1,1
Monture de lunette,126.7,Gucci,0,https://www.vinted.it/items/8300462392-monture-de-lunette?referrer=catalog,0,8300462392,On Sale,02/03/2026 21:06:11,,https://images1.vinted.net/t/01_01459_HBCdXfihyMMQPF91duqqgc17/310x430/1772477181.webp?s=31a2f92fbcdfd4d600b83b1f331d4b32227ff2d4,1,1
Gucci Run Herren Schuhe,473.2,Gucci,46,https://www.vinted.it/items/8300455526-gucci-run-herren-schuhe?referrer=catalog,0,8300455526,On Sale,02/03/2026 21:06:11,,https://images1.vinted.net/t/05_0183b_2uEbTq9dKrb3uudd2VRiuy7U/310x430/1772477132.webp?s=26effe8b08213a032674e8587ae15ce32431968e,1,1
Parfum Gucci Guilty intense pour homme 50ml,37.45,Gucci,0,https://www.vinted.it/items/8300445906-parfum-gucci-guilty-intense-pour-homme-50ml?referrer=catalog,1,8300445906,On Sale,02/03/2026 21:06:11,,https://images1.vinted.net/t/06_004e9_xfRG1X7yekWHGWHKGso1ppDP/310x430/1772477063.webp?s=cd45d61a9e4204c5fb9ae068a3c437553bdb8017,1,1
Borsa Marmont originale Gucci,1.122,Gucci,0,https://www.vinted.it/items/8300437449-borsa-marmont-originale-gucci?referrer=catalog,3,8300437449,On Sale,02/03/2026 21:06:11,,https://images1.vinted.net/t/06_0131c_Y9K4BtfE5YpuVruFz6t1Lzzf/310x430/1772477003.webp?s=3a3a9e97ff7562e38151be59ef455a792bef4c87,1,1
Gucci Handyhülle iPhone 15 Ophidia,125.65,Gucci,0,https://www.vinted.it/items/8300437511-gucci-handyhulle-iphone-15-ophidia?referrer=catalog,1,8300437511,On Sale,02/03/2026 21:06:11,,https://images1.vinted.net/t/06_01c29_Va4TSty1qXFiXeZV4FBkPW2S/310x430/1772477003.webp?s=66bc9880a8c15ce5fa70e65938e1061eb6cfdbf6,1,1
Specchietto da borsetta,30.1,Gucci,0,https://www.vinted.it/items/8300433900-specchietto-da-borsetta?referrer=catalog,3,8300433900,On Sale,02/03/2026 21:06:11,,https://images1.vinted.net/t/03_024ec_SXCKyLS62tr6TgiqxhBbeEbY/310x430/1772477052.webp?s=3d06f0d7796394f30f6620b04f1e666a1ad900c9,1,1
Gucci Guilty black 30mL,37.45,Gucci,0,https://www.vinted.it/items/8300429897-gucci-guilty-black-30ml?referrer=catalog,1,8300429897,On Sale,02/03/2026 21:06:11,,https://images1.vinted.net/t/06_020ca_Qe1XRadQw2hxsrSPsonCeFrM/310x430/1772476948.webp?s=4ea741e7e6505a23ac5a2a0be42e3f6b0e768e6a,1,1
Gucci Bambina mocassini n.32,189.7,Gucci,32,https://www.vinted.it/items/8300425107-gucci-bambina-mocassini-n32?referrer=catalog,3,8300425107,On Sale,02/03/2026 21:06:11,,https://images1.vinted.net/t/05_01361_zYzEEUizhH4ZtLNqsmKTni6b/310x430/1772476915.webp?s=156192aae336d02e03bd2dc8240a31368d69333f,1,1
Veste Gucci,389.2,Gucci,S,https://www.vinted.it/items/8300360856-veste-gucci?referrer=catalog,1,8300360856,On Sale,02/03/2026 21:06:11,,https://images1.vinted.net/t/05_01aed_gRBUaLGEm5SMQwBu6dgyoRdi/310x430/1772476451.webp?s=68bcffc69235282e26cd9773b85ddfffbdf5cec3,1,1
Borsa gucci,1.326,Gucci,0,https://www.vinted.it/items/8300421324-borsa-gucci?referrer=catalog,1,8300421324,On Sale,02/03/2026 21:06:11,,https://images1.vinted.net/t/05_01fd4_jT253fPEWdT4nhdrkS1PQJFe/310x430/1772476887.webp?s=6dcbfc6863ddf5c2dc2b179c9554569f494daaf0,1,1
Gucci GG Supreme Mini Crossbody Pochette Nuova,969.0,Gucci,0,https://www.vinted.it/items/8300401982-gucci-gg-supreme-mini-crossbody-pochette-nuova?referrer=catalog,0,8300401982,On Sale,02/03/2026 21:06:11,,https://images1.vinted.net/t/06_00e32_VbofNNrq5QYozGeEsPtVokQY/310x430/1772476747.webp?s=13e0b15bfe826a5841099873deb087fcd39d199e,1,1
Mocasines gucci talla 7 1/2,510.0,Gucci,40,https://www.vinted.it/items/8300386480-mocasines-gucci-talla-7-12?referrer=catalog,0,8300386480,On Sale,02/03/2026 21:06:11,,https://images1.vinted.net/t/06_006ec_mTsSWMveAnLJAw4Nny8D9o4a/310x430/1772476635.webp?s=7e2b6df57c19f5049744a1bc6ef120012ed7e0f8,1,1
Gucci Damen Umhängetasche aus blauem Leder GG Microguccissima 449413_BMJ1G,1.01898,Gucci,0,https://www.vinted.it/items/8300321503-gucci-damen-umhangetasche-aus-blauem-leder-gg-microguccissima-449413bmj1g?referrer=catalog,0,8300321503,On Sale,02/03/2026 21:06:11,,https://images1.vinted.net/t/05_00275_AU77Rz4h8ASV34Q7FTqQ9QT1/310x430/1772476172.webp?s=e34cd8b5499835458f93beac82b5f4ffa0163829,1,1
Gucci premiere edt 75ml,103.6,Gucci,0,https://www.vinted.it/items/8300291161-gucci-premiere-edt-75ml?referrer=catalog,1,8300291161,On Sale,02/03/2026 21:06:11,,https://images1.vinted.net/t/06_01d5a_1sKHubZZw1zr4djfcF8MjCtY/310x430/1772475956.webp?s=7e286ecf6b4c9481f93afc8ee203ce7856093056,1,1
Casquette Gucci GG Canvas,305.2,Gucci,S,https://www.vinted.it/items/8299407672-casquette-gucci-gg-canvas?referrer=catalog,0,8299407672,On Sale,02/03/2026 21:06:11,,https://images1.vinted.net/t/06_01042_P2twmt32BDsXqJJwAShPHUyT/310x430/1772479948.webp?s=9e68cadda3c86b49e420c9f611e4328b47507342,1,1
Gucci Zumi Top Handle Bag grande,2.55,Gucci,0,https://www.vinted.it/items/8300351499-gucci-zumi-top-handle-bag-grande?referrer=catalog,0,8300351499,Sold,02/03/2026 21:06:11,,https://images1.vinted.net/t/05_00d9e_LEDwJSpBRpzGmB5o5v22DEMd/310x430/1772476385.webp?s=550549ca5f519487f500ddb2d3b99a30bc4b8760,1,1
Maglietta maniche lunghe gabriella Gucci,21.7,Gabriella,16 anni / 176 cm,https://www.vinted.it/items/8298844293-maglietta-maniche-lunghe-gabriella-gucci?referrer=catalog,0,8298844293,Sold,02/03/2026 21:06:11,,https://images1.vinted.net/t/05_016a4_Ggvufoij36nhWNKcPDtPrm3m/310x430/1772466519.webp?s=bb75f6dbf4850aa3af814cb5644494cdd2188dcb,1,1
Gucci Ballerina Ostrich,473.2,Gucci,35,https://www.vinted.it/items/8300331032-gucci-ballerina-ostrich?referrer=catalog,0,8300331032,Sold,02/03/2026 21:06:11,,https://images1.vinted.net/t/06_02013_TBPjzdsS6o4XyZwsP8KnqZKM/310x430/1772476239.webp?s=39dafe1c24281674496b548586781e6043f5faac,1,1
Gucci Handtasche Zumi crossbody,1.224,Gucci,0,https://www.vinted.it/items/8300330345-gucci-handtasche-zumi-crossbody?referrer=catalog,2,8300330345,Sold,02/03/2026 21:06:11,,https://images1.vinted.net/t/04_0077e_UdmBXJ5nbnpMgoRvKAQfh6aL/310x430/1772476234.webp?s=70b93a1d8ea07ed5ab23860e5accf574afe3fa4d,1,1
Occhiali Gucci 004 Havana,205.45,Gucci,0,https://www.vinted.it/items/8300329685-occhiali-gucci-004-havana?referrer=catalog,2,8300329685,Sold,02/03/2026 21:06:11,,https://images1.vinted.net/t/01_00ade_pzj9wzexczYATurrDH9zXdGU/310x430/1772476230.webp?s=36bf479399ca50bcb209df3af9636f463ff68efd,1,1
Occhiali da sole,515.2,Gucci,0,https://www.vinted.it/items/8300325368-occhiali-da-sole?referrer=catalog,0,8300325368,Sold,02/03/2026 21:06:11,,https://images1.vinted.net/t/01_001d4_49ET7ZSwuDejV9xQAFQpz1SR/310x430/1772476199.webp?s=8c489eb631327746d44409e7c1bfa42d3bba24e0,1,1
Écharpe Gucci rose fuschia 100% laine,189.7,Gucci,0,https://www.vinted.it/items/8300300325-echarpe-gucci-rose-fuschia-100-laine?referrer=catalog,1,8300300325,Sold,02/03/2026 21:06:11,,https://images1.vinted.net/t/06_00be2_WrDHLmeKMM3ztp9fRWVsAevt/310x430/1772476096.webp?s=11883a6314a70016cf82e1f1f1621f9716fd42cb,1,1
Cintura Gucci,263.2,Gucci,75 cm,https://www.vinted.it/items/8300301380-cintura-gucci?referrer=catalog,1,8300301380,Sold,02/03/2026 21:06:11,,https://images1.vinted.net/t/06_01f47_RkLN8YHfN5pERMUmZ3qKqQJK/310x430/1772476028.webp?s=ef7ef760e0113ed4d73b3335e1913a42e1cab57e,1,1
Pañuelo de Seda Gucci,72.1,Gucci,0,https://www.vinted.it/items/8300300994-panuelo-de-seda-gucci?referrer=catalog,9,8300300994,Sold,02/03/2026 21:06:11,,https://images1.vinted.net/t/05_01ffe_pNizSArmRspfBuqHxXGMNdKQ/310x430/1772476026.webp?s=fa62ae5a7ed43f7b264be081d247e3f52ff51543,1,1
Gucci Shopper neu,912.9,Gucci,0,https://www.vinted.it/items/8300298808-gucci-shopper-neu?referrer=catalog,3,8300298808,Sold,02/03/2026 21:06:11,,https://images1.vinted.net/t/01_001d9_PYZmMmb4yYwwovAh1UrKEvdk/310x430/1772476010.webp?s=35e926c41513fa5a87294109be42eb325f38f75f,1,1
Cintura Gucci,294.7,Gucci,90 cm,https://www.vinted.it/items/8300287969-cintura-gucci?referrer=catalog,3,8300287969,Sold,02/03/2026 21:06:11,,https://images1.vinted.net/t/05_01d90_7GU9DouTpVEJByqNqMXNi8Sm/310x430/1772475933.webp?s=bfd40138b99b9ca318edb024e3de4e355a5838a4,1,1
Gucci GG1814S 004 41 Zonnebril,189.7,Gucci,0,https://www.vinted.it/items/8298813014-gucci-gg1814s-004-41-zonnebril?referrer=catalog,0,8298813014,Sold,02/03/2026 21:06:11,,https://images1.vinted.net/t/05_0148d_uYvGsDzSGZkARCY3jTSoYuUB/310x430/1772466314.webp?s=941dce919789d5d17ae0f1102ce8f03fa7f31c6c,1,1
Casquette Gucci,420.7,Gucci,L,https://www.vinted.it/items/8300275903-casquette-gucci?referrer=catalog,6,8300275903,Sold,02/03/2026 21:06:11,,https://images1.vinted.net/t/01_021aa_hieqbyWbGZ5Em3M6q6XnvZ8e/310x430/1772475848.webp?s=57a6ca042bc265df0f60ad03903bc8e3128bfd1a,1,1
Occhiali da sole Gucci,189.7,Gucci,0,https://www.vinted.it/items/8300272343-occhiali-da-sole-gucci?referrer=catalog,0,8300272343,Sold,02/03/2026 21:06:11,,https://images1.vinted.net/t/06_0065a_VmsYSUjqyGaPQ7XdSvutm8RC/310x430/1772475823.webp?s=8b5dc34765c1a3eca638ebf8591aacaa9057ee28,1,1
Bob Gucci Dubai bleu,179.2,Gucci,S,https://www.vinted.it/items/8300271243-bob-gucci-dubai-bleu?referrer=catalog,8,8300271243,Sold,02/03/2026 21:06:11,,https://images1.vinted.net/t/06_024f0_xmZNRW8mydgKE1qXKiSFuyhx/310x430/1772475815.webp?s=c693aec89e2721ce57717eba0c878e755f568a65,1,1
Ceinture Gucci cuir noir,315.7,Gucci,110 cm,https://www.vinted.it/items/8300259641-ceinture-gucci-cuir-noir?referrer=catalog,1,8300259641,Sold,02/03/2026 21:06:11,,https://images1.vinted.net/t/05_017ed_66dkDDC9ZYc4HkjVaST3Yn9F/310x430/1772475734.webp?s=a5a9833aeedd3d897d4134e3740df66083db5884,1,1
Mini bag Marmont Gucci,969.0,Gucci,0,https://www.vinted.it/items/8300254233-mini-bag-marmont-gucci?referrer=catalog,1,8300254233,Sold,02/03/2026 21:06:11,,https://images1.vinted.net/t/04_00552_FewRwRGGEA2DTFSbojisbFj2/310x430/1772475696.webp?s=d6145bb2b8e2777303fdcc5aba73d86aafab71c8,1,1
Chaussures Gucci montante noires,116.19,Gucci,40,https://www.vinted.it/items/8300247672-chaussures-gucci-montante-noires?referrer=catalog,2,8300247672,Sold,02/03/2026 21:06:11,,https://images1.vinted.net/t/06_00053_bqBLqrDqHT6Xz61A4vTHesYn/310x430/1772475649.webp?s=31e207c0683b2ff19643eacb85b5a650bdc56c70,1,1
Formal shirt,510.0,Gucci,40 cm,https://www.vinted.it/items/8300241324-formal-shirt?referrer=catalog,0,8300241324,Sold,02/03/2026 21:06:11,,https://images1.vinted.net/t/05_01b7e_4AHgwFd9ufkDwLsFEe1pnQH7/310x430/1772475604.webp?s=929a577ce2c7085a5bfc49c0e004739588c26fae,1,1
Occhiali da sole Gucci,347.2,Gucci,0,https://www.vinted.it/items/8300238555-occhiali-da-sole-gucci?referrer=catalog,4,8300238555,Sold,02/03/2026 21:06:11,,https://images1.vinted.net/t/05_00464_vfX7Y9Znr9SC3FFUPXZBdrU1/310x430/1772475584.webp?s=3f5e245552ba072f68a66d7b76e8901c520fbaf6,1,1
Espadrilles Gucci en toile brodée,420.7,Gucci,37,https://www.vinted.it/items/8300235345-espadrilles-gucci-en-toile-brodee?referrer=catalog,1,8300235345,Sold,02/03/2026 21:06:38,,https://images1.vinted.net/t/01_01713_X1maZcbmtCuqRzV3oLgvbL1p/310x430/1772475561.webp?s=4e1e56b0ea95f1a91dd4458ee30305f2a9a2129f,1,2
Gucci Interlocking G Slide Sandale,336.7,Gucci,40,https://www.vinted.it/items/8300227204-gucci-interlocking-g-slide-sandale?referrer=catalog,14,8300227204,Sold,02/03/2026 21:06:38,,https://images1.vinted.net/t/01_00c53_fHfiSwGVHVNxKYuWpv7VBTiZ/310x430/1772475505.webp?s=c6ece83fb4d2bdbe3139d6bb383d81151a6defb1,1,2
Gucci Silk Tie,105.69,Gucci,0,https://www.vinted.it/items/8300224104-gucci-silk-tie?referrer=catalog,0,8300224104,Sold,02/03/2026 21:06:38,,https://images1.vinted.net/t/05_0209f_YSPjqZfeDTL2wYEvdkcHrRDe/310x430/1772475484.webp?s=e284fcd48d5896f91206e3d60199843e7824425d,1,2
Mocassino Gucci,546.7,Gucci,39,https://www.vinted.it/items/8300192578-mocassino-gucci?referrer=catalog,1,8300192578,Sold,02/03/2026 21:06:38,,https://images1.vinted.net/t/05_00a3e_KZZ3Hk3AiGiLkmXGSvZvdRGf/310x430/1772475263.webp?s=6325a28558938ae8131fa4c26be1f445285e8685,1,2
Chaussure Gucci,420.7,Gucci,44,https://www.vinted.it/items/8300198410-chaussure-gucci?referrer=catalog,1,8300198410,Sold,02/03/2026 21:06:38,,https://images1.vinted.net/t/04_018a4_yu8H788qEcapya1rLPevejSL/310x430/1772475304.webp?s=3eff5de78d3a59b8ec266ebec10543424791c9a4,1,2
orecchini,42.7,Gucci,0,https://www.vinted.it/items/8300192980-orecchini?referrer=catalog,29,8300192980,Sold,02/03/2026 21:06:38,,https://images1.vinted.net/t/06_00f80_mr95hzmEAwNktM1krY32khGd/310x430/1772475266.webp?s=ad5a7e1026bb176ede063430866889bffb1c3d8d,1,2
Gucci Foulard • Seta 100%,53.2,Gucci,0,https://www.vinted.it/items/8300172811-gucci-foulard-seta-100?referrer=catalog,8,8300172811,Sold,02/03/2026 21:06:38,,https://images1.vinted.net/t/06_00929_d5xccRNpaVvYex3z4LDGZ7qj/310x430/1772475125.webp?s=796fd7598e0f772a8988d9f124250b3cedbcbd8f,1,2
Boîte Gucci,11.2,Gucci,0,https://www.vinted.it/items/8300169518-boite-gucci?referrer=catalog,5,8300169518,Sold,02/03/2026 21:06:38,,https://images1.vinted.net/t/05_00dc9_XqnB6LD7cs5Uhz9PbmLUgNrh/310x430/1772475102.webp?s=04c590f1c232639db58d9b96bcc56100c380f5d0,1,2
Gucci Guilty Love Edition 90 ml edP,53.2,Gucci,0,https://www.vinted.it/items/8300157077-gucci-guilty-love-edition-90-ml-edp?referrer=catalog,2,8300157077,Sold,02/03/2026 21:06:38,,https://images1.vinted.net/t/06_0070b_uj11fo8MGGxWH6cRZQ62BU9C/310x430/1772475016.webp?s=8c955481caabba1a01e4037a64b9f7931be6b37e,1,2
Portafoglio Gucci,53.2,Gucci,0,https://www.vinted.it/items/8267810359-portafoglio-gucci?referrer=catalog,5,8267810359,Sold,02/03/2026 21:06:38,,https://images1.vinted.net/t/04_01e01_W4DUdsLDmoapwyTmZ5QWAhRf/310x430/1772129141.webp?s=91663019ac072c18223c3b6ed7c7e8711045baa0,1,2
Lege Gucci doos,5.95,Gucci,0,https://www.vinted.it/items/8300146492-lege-gucci-doos?referrer=catalog,0,8300146492,Sold,02/03/2026 21:06:38,,https://images1.vinted.net/t/01_0055e_JGU6TCf8mrNcz6tvYbGbGMZt/310x430/1772474942.webp?s=c33c10151d1bdfb1cdd5e4b74d7f2cfd5e0d0a25,1,2
Lunettes de soleil Gucci | Modèle GG0649SK (002) - Noir,158.2,Gucci,0,https://www.vinted.it/items/8300133280-lunettes-de-soleil-gucci-modele-gg0649sk-002-noir?referrer=catalog,0,8300133280,Sold,02/03/2026 21:06:38,,https://images1.vinted.net/t/06_00973_EWTcYhsRPCTaTvmLSd7R2PAf/310x430/1772474849.webp?s=8255dbdc67986f3c6e98add9aa22f04872cff8f9,1,2
Gucci Jacket size 50,1.3657,Gucci,XL,https://www.vinted.it/items/8300108943-gucci-jacket-size-50?referrer=catalog,0,8300108943,Sold,02/03/2026 21:06:38,,https://images1.vinted.net/t/03_00677_pZMGkageWeh2Cn72zPAmmUmz/310x430/1772474678.webp?s=275830c36e1fc0a999ae7a967ae876e76c34965c,1,2
Gucci originale,399.7,Gucci,S / IT 40 / EU 36,https://www.vinted.it/items/8300105055-gucci-originale?referrer=catalog,1,8300105055,Sold,02/03/2026 21:06:38,,https://images1.vinted.net/t/05_000a7_Jna2XD57yGP5GVCrYAeaTaja/310x430/1772474651.webp?s=5ac75c57c1a0d98002b933b6f09be7247db1baf0,1,2
Gucci  mules neuves,472.15,Gucci,37,https://www.vinted.it/items/8300097735-gucci-mules-neuves?referrer=catalog,2,8300097735,Sold,02/03/2026 21:06:38,,https://images1.vinted.net/t/06_00830_AsLGvoKo7RdPC74Y6EzeNqwL/310x430/1772474600.webp?s=24ee17cd23977a16a6322c1c16f686c9e887f10a,1,2
Orecchini Gucci “Blind for Love” in Argento 925 – Originali,116.2,Gucci,0,https://www.vinted.it/items/8300081508-orecchini-gucci-blind-for-love-in-argento-925-originali?referrer=catalog,1,8300081508,Sold,02/03/2026 21:06:38,,https://images1.vinted.net/t/05_0248f_rjx2vadhTKpWxY6MRpQ7fswg/310x430/1772474486.webp?s=b724ac7cbef2f0fd94afa9b307240566ae20f121,1,2
Portagioie Gucci Originale Con Scatola – Luxury Gift Idea,41.65,Gucci,0,https://www.vinted.it/items/8300070071-portagioie-gucci-originale-con-scatola-luxury-gift-idea?referrer=catalog,5,8300070071,Sold,02/03/2026 21:06:38,,https://images1.vinted.net/t/05_00b79_sPdSkrpf7vB3KjjB6ZXjpFEW/310x430/1772474406.webp?s=e51409c86f993b696e2e2556b42ada7f4958fbcf,1,2
Busta Gucci Verde,11.2,Gucci,0,https://www.vinted.it/items/8300060306-busta-gucci-verde?referrer=catalog,0,8300060306,Sold,02/03/2026 21:06:38,,https://images1.vinted.net/t/05_01acb_6CuRMBJEitxV2gZ8nPMmem8T/310x430/1772474338.webp?s=47a2eac6c8463c1b73e2101ffe23fdde926a73bb,1,2
2 sacs cadeaux Gucci,3.85,Gucci,0,https://www.vinted.it/items/8300059276-2-sacs-cadeaux-gucci?referrer=catalog,0,8300059276,Sold,02/03/2026 21:06:38,,https://images1.vinted.net/t/06_01dbb_CX4wqvxnu8w8Sv7StLqyb58v/310x430/1772474331.webp?s=1a782b4b566aa797350cd78040f41ac730bfe5da,1,2
Gucci Slide Sandal White,79.45,Gucci,42,https://www.vinted.it/items/8300053054-gucci-slide-sandal-white?referrer=catalog,2,8300053054,Sold,02/03/2026 21:06:38,,https://images1.vinted.net/t/04_0009b_CkrsiGFkFbKMzp3faXZWmUf1/310x430/1772474288.webp?s=0a40e75ea5f481059a83eb6e654d8340406d371c,1,2
Sacoche bag borsello tracolla Gucci neo vintage,683.2,Gucci,0,https://www.vinted.it/items/8300051050-sacoche-bag-borsello-tracolla-gucci-neo-vintage?referrer=catalog,2,8300051050,Sold,02/03/2026 21:06:38,,https://images1.vinted.net/t/06_004ba_ewBzjVHcks9hjZgWPyRexBuA/310x430/1772474275.webp?s=07479197a812f4fc17aeca5af331aa03b5d58f9b,1,2
Gucci slippers,63.7,Gucci,37,https://www.vinted.it/items/8300041761-gucci-slippers?referrer=catalog,19,8300041761,Sold,02/03/2026 21:06:38,,https://images1.vinted.net/t/05_01114_QPnMa27i86kBwD4REAW2RWpA/310x430/1772474210.webp?s=ea325e39f234fac0d5a8a27f78e149f9a35dbf12,1,2
Gucci boîte vide et dustbag,23.8,Gucci,0,https://www.vinted.it/items/8300038261-gucci-boite-vide-et-dustbag?referrer=catalog,1,8300038261,Sold,02/03/2026 21:06:38,,https://images1.vinted.net/t/04_00037_k6T9RRhWmbgEHT9r2shHfH41/310x430/1772474186.webp?s=2ba0eaac8fc2c8babfc08df55c5907fd4357e4c3,1,2
Lunette vintage Gucci bleu,84.7,Gucci,0,https://www.vinted.it/items/8300031433-lunette-vintage-gucci-bleu?referrer=catalog,0,8300031433,Sold,02/03/2026 21:06:38,,https://images1.vinted.net/t/06_01711_KWSvKc5LsHNYqsckFEzTsYCY/310x430/1772474139.webp?s=2c9fafd552f5d19de5c7d18bceeda70309af1bd0,1,2
Caquette bande rare bleu,53.2,Gucci x adidas,Taglia unica,https://www.vinted.it/items/8299973235-caquette-bande-rare-bleu?referrer=catalog,2,8299973235,Sold,02/03/2026 21:06:38,,https://images1.vinted.net/t/03_00ed5_vAJMjERk4X9jNN42mDyEdWEr/310x430/1772473740.webp?s=b2a1a7b761a3aac679a2326a0e10927df7b35af0,1,2
sacchetto VUOTO gucci,5.95,Gucci,0,https://www.vinted.it/items/8299965449-sacchetto-vuoto-gucci?referrer=catalog,3,8299965449,Sold,02/03/2026 21:06:38,,https://images1.vinted.net/t/05_005b3_9uVrGQuZPWRWj7fry9qVaNQN/310x430/1772473687.webp?s=3067dcfcb919df81d6994e309b6d8d21cdfe208f,1,2
Occhiali Da Sole GUCCI,157.15,Gucci,0,https://www.vinted.it/items/8299960568-occhiali-da-sole-gucci?referrer=catalog,0,8299960568,Sold,02/03/2026 21:06:38,,https://images1.vinted.net/t/06_0255f_SJUPYhFP7WY4jwfsqfuexF3T/310x430/1772473653.webp?s=4d37e2e08fe4f6bdd582da63f982f14a6dafe89d,1,2
Casquette bande rare verte,53.2,Gucci x adidas,Taglia unica,https://www.vinted.it/items/8299954696-casquette-bande-rare-verte?referrer=catalog,4,8299954696,Sold,02/03/2026 21:06:38,,https://images1.vinted.net/t/05_013a4_TSYfiVLgMdxAwJAvhaE87exZ/310x430/1772473613.webp?s=d71029ae79fbfdeb7fbc5946ef02510daa73c7a4,1,2
Shorts Gucci,441.7,Gucci,L / IT 44 / EU 40,https://www.vinted.it/items/8299946691-shorts-gucci?referrer=catalog,0,8299946691,Sold,02/03/2026 21:06:38,,https://images1.vinted.net/t/05_02545_G1WqimZgDbb5JfNbAwKyMmQ3/310x430/1772473560.webp?s=695370f03a5ce0d95ec63e5118d986e7889f0003,1,2
Gucci Bloom Nieuw,40.08,Gucci,0,https://www.vinted.it/items/8299939898-gucci-bloom-nieuw?referrer=catalog,0,8299939898,Sold,02/03/2026 21:06:38,,https://images1.vinted.net/t/05_02134_1UWFAk44wqWFCoPa6A6SmXDJ/310x430/1772473513.webp?s=c96227434708b3cab6e59abb749b5e3e1664e7d2,1,2
Gucci Bloom Acqua di Fiori eau toilette,116.2,Gucci,0,https://www.vinted.it/items/8299932653-gucci-bloom-acqua-di-fiori-eau-toilette?referrer=catalog,0,8299932653,Sold,02/03/2026 21:06:38,,https://images1.vinted.net/t/06_00ea5_SXxtnCz1RP3zWkVCshWy8mBq/310x430/1772473464.webp?s=56056246371f94296fd789800f7935e761dca95d,1,2
Pantalone nero Gucci,126.7,Gucci,S / IT 40 / EU 36,https://www.vinted.it/items/8299932277-pantalone-nero-gucci?referrer=catalog,0,8299932277,Sold,02/03/2026 21:06:38,,https://images1.vinted.net/t/06_00c2c_HiRq3KGYhCHDqbpYegrYFWh1/310x430/1772473461.webp?s=c7ab252b57cd534efe69313c96dc3a7b620e5c90,1,2
Zijden Gucci sjaal,105.7,Gucci,0,https://www.vinted.it/items/8299920207-zijden-gucci-sjaal?referrer=catalog,3,8299920207,Sold,02/03/2026 21:06:38,,https://images1.vinted.net/t/04_01f92_jaTyZFpZgYbKuKLFqJ7X7hi7/310x430/1772473379.webp?s=ba2ab05327ca8cd2940e2c56337dc9bb8bee2087,1,2
Gucci,200.2,Gucci,0,https://www.vinted.it/items/8299919496-gucci?referrer=catalog,0,8299919496,Sold,02/03/2026 21:06:38,,https://images1.vinted.net/t/01_001b7_qujoUQ7cgaYMKcPCE6zbuEt8/310x430/1772473374.webp?s=ee35c995a25717a5afac3e7776e49df2346cf030,1,2
Gonna nera Gucci,315.7,Gucci,S / IT 40 / EU 36,https://www.vinted.it/items/8299915647-gonna-nera-gucci?referrer=catalog,0,8299915647,Sold,02/03/2026 21:06:38,,https://images1.vinted.net/t/06_00f5e_vYeGs2PMGxStVRGZEWL1yxyN/310x430/1772473348.webp?s=800755bc66c05bb90795b3771016f9c810ccef80,1,2
Portafoglio Gucci Sofbit,368.2,Gucci,0,https://www.vinted.it/items/8299912743-portafoglio-gucci-sofbit?referrer=catalog,5,8299912743,Sold,02/03/2026 21:06:38,,https://images1.vinted.net/t/05_023d6_htk6tccfiPWvoBwfj8quAzxg/310x430/1772473329.webp?s=65e5b1d0b75a6b51cc0d45d27f529b4a75460052,1,2
Baskets gucci,95.2,Gucci,43,https://www.vinted.it/items/8299600441-baskets-gucci?referrer=catalog,1,8299600441,Sold,02/03/2026 21:06:38,,https://images1.vinted.net/t/06_01cd5_Mcog1KvafdAvbiK2PsT5mNdk/310x430/1772471284.webp?s=74b49ae8e343e83c2040aa5c66629e050c2edaca,1,2
Perfume Gucci Guilty hombre,8.05,Gucci,0,https://www.vinted.it/items/8299890192-perfume-gucci-guilty-hombre?referrer=catalog,0,8299890192,Sold,02/03/2026 21:06:38,,https://images1.vinted.net/t/06_00fcb_KVkFgUksSL7WcCqCfAdaJHZj/310x430/1772473177.webp?s=f06e4045ecf0034e45ea6a683957ccf230a06538,1,2
Ceinture Gucci GG en toile monogrammée 👜,168.7,Gucci,110 cm,https://www.vinted.it/items/8299883260-ceinture-gucci-gg-en-toile-monogrammee?referrer=catalog,0,8299883260,Sold,02/03/2026 21:06:38,,https://images1.vinted.net/t/05_01fb3_TRRKT83ftHDGdZcGnr21T5Rq/310x430/1772473129.webp?s=38a6126a5b8619c02a3f80b1ff47bf6060d441be,1,2
occhiali gucci,294.7,Gucci,0,https://www.vinted.it/items/8299871027-occhiali-gucci?referrer=catalog,1,8299871027,Sold,02/03/2026 21:06:38,,https://images1.vinted.net/t/06_0160e_BJU93o9ac7mL94rjeoYcHmF7/310x430/1772473049.webp?s=5df9ff4fa64aee4581660c76f962d566660f8d54,1,2
occhiali gucci,158.2,Gucci,0,https://www.vinted.it/items/8299865789-occhiali-gucci?referrer=catalog,1,8299865789,Sold,02/03/2026 21:06:38,,https://images1.vinted.net/t/06_015f2_JTA7Abv3yM49iqa3k9R8TDCm/310x430/1772476960.webp?s=977124d38ddd2c503f2b47a9b4375a212d7e8c38,1,2
Basket Gucci ACE,263.2,Gucci,46,https://www.vinted.it/items/8299842290-basket-gucci-ace?referrer=catalog,2,8299842290,Sold,02/03/2026 21:06:38,,https://images1.vinted.net/t/01_001f5_D7NagLkbpPgbY58pkBc7QsK5/310x430/1772473538.webp?s=f090d0a44f130e85feecbe68764c3a5b1621d4bc,1,2
Pantalon Gucci,347.2,Gucci,XXXL / IT 50 / EU 46,https://www.vinted.it/items/8299853910-pantalon-gucci?referrer=catalog,6,8299853910,Sold,02/03/2026 21:06:38,,https://images1.vinted.net/t/01_01c54_5AxaLhzNAq2vUeynbGRe8gng/310x430/1772472933.webp?s=da0a1c7d2e5d386f93005850959211665786afb1,1,2
Scatola Gucci rossa,2.8,Gucci,0,https://www.vinted.it/items/8299845601-scatola-gucci-rossa?referrer=catalog,1,8299845601,Sold,02/03/2026 21:06:38,,https://images1.vinted.net/t/04_026ec_TXvwVtS7s7qeAyjNwrLvGwGd/310x430/1772472880.webp?s=2fc8b57ffa5658e189c280f7924d13c3e8e2d457,1,2
Gucci Cardigan,116.19,Gucci,M,https://www.vinted.it/items/8299785776-gucci-cardigan?referrer=catalog,0,8299785776,Sold,02/03/2026 21:06:38,,https://images1.vinted.net/t/06_00874_wqvAptXyW6YHpiA5o4ybrhe7/310x430/1772472485.webp?s=2f5a14111d9bfa4e5853854720f5d8aa0f37c26e,1,2
Occhiali Gucci,158.2,Gucci,0,https://www.vinted.it/items/8299834999-occhiali-gucci?referrer=catalog,2,8299834999,Sold,02/03/2026 21:06:38,,https://images1.vinted.net/t/06_010c9_dFKxYQ9Nm3fvLha7gGyVuTvb/310x430/1772472972.webp?s=c633696fbf4b6f8b1048bc58760d11f1b153f99a,1,2
Perfume coleccionista Gucci Envy,79.45,Gucci,0,https://www.vinted.it/items/8299835115-perfume-coleccionista-gucci-envy?referrer=catalog,1,8299835115,Sold,02/03/2026 21:06:38,,https://images1.vinted.net/t/04_02189_fnKndQUb4JTcSZGHjGzPjCNh/310x430/1772472810.webp?s=096f6857eb2a11709e28dfe1e2243edaaa5b5730,1,2
lip gloss rimpolpante Gucci,21.7,Gucci,0,https://www.vinted.it/items/8299823121-lip-gloss-rimpolpante-gucci?referrer=catalog,0,8299823121,Sold,02/03/2026 21:06:38,,https://images1.vinted.net/t/06_02629_AqoyoYgCPJE6thDrp9HSuMWm/310x430/1772472732.webp?s=8ecb774e169987ece0b11da83545d1066a79bec4,1,2
Correcteur GUCCI,16.45,Gucci,0,https://www.vinted.it/items/8299811869-correcteur-gucci?referrer=catalog,0,8299811869,Sold,02/03/2026 21:06:38,,https://images1.vinted.net/t/05_007e6_YV9ZQTZj4pg2Y8ytJtvAyp9S/310x430/1772472657.webp?s=c8d02206335864ce3f8bfb5b0c26b348039a13e5,1,2
Occhiali Gucci,105.7,Gucci,0,https://www.vinted.it/items/8299807085-occhiali-gucci?referrer=catalog,1,8299807085,Sold,02/03/2026 21:06:38,,https://images1.vinted.net/t/01_00869_x1dd7FgaCZCjHUvmEPtkuBSR/310x430/1772472626.webp?s=9ecdb988187591d57a5401ae61507b3066dc3db9,1,2
Porte cartes Gucci denim,53.2,Gucci,0,https://www.vinted.it/items/8267485588-porte-cartes-gucci-denim?referrer=catalog,8,8267485588,Sold,02/03/2026 21:06:38,,https://images1.vinted.net/t/06_01598_jT5ET7zLj9wF2XDAo3zfc9Vs/310x430/1772126646.webp?s=07c24b27ec25e85cdad34f97cf8630daccee2b6e,1,2
Gucci Schal 140cm x 140cm,158.2,Gucci,0,https://www.vinted.it/items/8299794297-gucci-schal-140cm-x-140cm?referrer=catalog,2,8299794297,Sold,02/03/2026 21:06:38,,https://images1.vinted.net/t/06_01afa_tSZDjbdEbN8ErbiH8kBoP1Xq/310x430/1772472542.webp?s=9bf1d2635f3e5c6e1a973ede8f5930b09fc6ccfc,1,2
Écharpe Gucci,273.7,Gucci,0,https://www.vinted.it/items/8299775861-echarpe-gucci?referrer=catalog,1,8299775861,Sold,02/03/2026 21:06:38,,https://images1.vinted.net/t/06_0057a_trNHogjFVokPZZd3g8C6CS9o/310x430/1772472420.webp?s=4af43cfa6e9e8e07f684f22ecc504e45832187cb,1,2
Borsa Gucci,50.05,Gucci,0,https://www.vinted.it/items/8299772039-borsa-gucci?referrer=catalog,0,8299772039,Sold,02/03/2026 21:06:38,,https://images1.vinted.net/t/06_01734_5ym7qcJQLc6m3J5ay9pGK8Jm/310x430/1772472394.webp?s=dbdd670e56040a033c168515d8a6b063ef3353b8,1,2
Portacarte Gucci,210.7,Gucci,0,https://www.vinted.it/items/8299754694-portacarte-gucci?referrer=catalog,0,8299754694,Sold,02/03/2026 21:06:38,,https://images1.vinted.net/t/05_000e8_DLEzxFHkYE1dduwDQFDdjhzF/310x430/1772472279.webp?s=fcf52fa77fb7265dc6065879099d11f09d2fb869,1,2
Lunette de soleil Gucci GG1071S 001 55,158.2,Gucci,0,https://www.vinted.it/items/8299751300-lunette-de-soleil-gucci-gg1071s-001-55?referrer=catalog,0,8299751300,Sold,02/03/2026 21:06:38,,https://images1.vinted.net/t/06_01965_rE3nCVDUf71rtjgghJU6kuWB/310x430/1772472257.webp?s=50616420ac8785fe91b0ca7292ed9ae927034713,1,2
Gucci Monogram Hat,210.7,Gucci,L,https://www.vinted.it/items/8299747435-gucci-monogram-hat?referrer=catalog,3,8299747435,Sold,02/03/2026 21:06:38,,https://images1.vinted.net/t/05_017d6_n72VnzY6ELhkvukUA8GSVcHg/310x430/1772472231.webp?s=1df74cf92cf881a1aa962ebedaf3d19708ce8bd0,1,2
Occhiali da sole,79.45,Gucci,0,https://www.vinted.it/items/8299740667-occhiali-da-sole?referrer=catalog,1,8299740667,Sold,02/03/2026 21:06:38,,https://images1.vinted.net/t/05_0088f_VHWF1f1M2uUbcjuyQUaYxJnL/310x430/1772472187.webp?s=cdfb492e266422512faa3a743817c2e88bc345c0,1,2
Scarpe con tacco Gucci,473.2,Gucci,38,https://www.vinted.it/items/8299722735-scarpe-con-tacco-gucci?referrer=catalog,2,8299722735,Sold,02/03/2026 21:06:38,,https://images1.vinted.net/t/05_00527_vEuVBYkvyGD7KV7HmV6nHEy1/310x430/1772472070.webp?s=0e1b6e85498e7e94f79ff885ea990144051e57d6,1,2
Bracelet Gucci,158.2,Gucci,0,https://www.vinted.it/items/8299607349-bracelet-gucci?referrer=catalog,0,8299607349,Sold,02/03/2026 21:06:38,,https://images1.vinted.net/t/06_01fc4_x6Cirad2kQ3xWZ8NYCSqRVU5/310x430/1772471328.webp?s=f59a8d0671e4c98b60151c126afecbcea0bc04c6,1,2
Lunettes de soleil Gucci,137.2,Gucci,0,https://www.vinted.it/items/8299718134-lunettes-de-soleil-gucci?referrer=catalog,1,8299718134,Sold,02/03/2026 21:06:38,,https://images1.vinted.net/t/02_00920_45EggsYov5eHoTEb8RCRE4az/310x430/1772472040.webp?s=dfb3d4e8eecc8f7134b861f196e3d4ab723137f1,1,2
Gucci Flora Gorgeous Gardenia Intense,23.8,Gucci,0,https://www.vinted.it/items/8299711751-gucci-flora-gorgeous-gardenia-intense?referrer=catalog,2,8299711751,Sold,02/03/2026 21:06:38,,https://images1.vinted.net/t/05_01987_9YKi1xyxtHRs3UZfr5mKRMtB/310x430/1772471999.webp?s=2535eadfdfd02eeb41cae7e4eb0533eae4941f76,1,2
Casquette Gucci,231.7,Gucci,L,https://www.vinted.it/items/8267427914-casquette-gucci?referrer=catalog,0,8267427914,Sold,02/03/2026 21:06:38,,https://images1.vinted.net/t/06_00630_UA4GhpAb28gMZpo4af4gET9m/310x430/1772126217.webp?s=c8fc77ac0fa9fbbce4b53232b928cc5c6a6480df,1,2
Boite à lunette Gucci,11.2,Gucci,0,https://www.vinted.it/items/8267419694-boite-a-lunette-gucci?referrer=catalog,0,8267419694,Sold,02/03/2026 21:06:38,,https://images1.vinted.net/t/05_024da_uqujQUV86Ka7zsjNJN7FHcpx/310x430/1772126157.webp?s=35a6af4642319f8daf79a383c57a02b117b28c86,1,2
Cravatta gucci,52.15,Gucci,0,https://www.vinted.it/items/8299682021-cravatta-gucci?referrer=catalog,0,8299682021,Sold,02/03/2026 21:06:38,,https://images1.vinted.net/t/05_01625_g6HQoVDPVJtDVguFYNS9HK8L/310x430/1772471809.webp?s=8efb66912b81b05f81897ae2a3f8dabb57acf124,1,2
Gucci Plateau Sandalen,368.2,Gucci,37.5,https://www.vinted.it/items/8299676977-gucci-plateau-sandalen?referrer=catalog,1,8299676977,Sold,02/03/2026 21:06:38,,https://images1.vinted.net/t/06_0102a_ENK4s4CmxHs5kRVKPHYGL8cA/310x430/1772471776.webp?s=79bfa6e32502e9cb7abffa2336a46db54ee3a069,1,2
Gucci Bloom nettare di fiori 100ML,21.7,Gucci,0,https://www.vinted.it/items/8299651173-gucci-bloom-nettare-di-fiori-100ml?referrer=catalog,6,8299651173,Sold,02/03/2026 21:06:38,,https://images1.vinted.net/t/06_0010a_XFbz723r8kLoSxrXFhvVhTky/310x430/1772471611.webp?s=1c00e3e74b5ffaeeec61b29ea982895f566942e4,1,2
Sciarpa foulard stola scialle Gucci originale,194.95,Gucci,0,https://www.vinted.it/items/8299645359-sciarpa-foulard-stola-scialle-gucci-originale?referrer=catalog,3,8299645359,Sold,02/03/2026 21:06:38,,https://images1.vinted.net/t/01_0103d_DjR4zhur7VEntgYH8qSVGTsK/310x430/1772471573.webp?s=6a1e117df677d5cd320fb0c9b91a61be12a08a17,1,2
T-shirt Gucci taglia 5 anni,68.95,Gucci,5 anni / 110 cm,https://www.vinted.it/items/8299630238-t-shirt-gucci-taglia-5-anni?referrer=catalog,4,8299630238,Sold,02/03/2026 21:06:38,,https://images1.vinted.net/t/04_00c1c_b6T9zPhaW7YnNmZwnwvqsa7L/310x430/1772471475.webp?s=75874b899058560185f9315234cc3fa0dd03e14c,1,2
Pochette,16.45,Gucci,0,https://www.vinted.it/items/8299627231-pochette?referrer=catalog,0,8299627231,Sold,02/03/2026 21:06:38,,https://images1.vinted.net/t/04_01eca_jPAEU38tRVqNQysjwSzjwoG6/310x430/1772471456.webp?s=2932eccb861f597eea76afec6cf4fbbdc949a8f2,1,2
Borsa Gucci,629.65,Gucci,0,https://www.vinted.it/items/8267341170-borsa-gucci?referrer=catalog,3,8267341170,Sold,02/03/2026 21:06:38,,https://images1.vinted.net/t/06_02382_wEXitZ37aZiyHgMxBkxhRHNi/310x430/1772125588.webp?s=ace44ec3ea4482fe5ff6aad332fbea87f1bb5069,1,2
Infradito Gucci,42.7,Gucci,42,https://www.vinted.it/items/8299611412-infradito-gucci?referrer=catalog,1,8299611412,Sold,02/03/2026 21:06:38,,https://images1.vinted.net/t/03_01b7d_t1msqJ5tT8NyMwvXy7b5o8gt/310x430/1772471354.webp?s=34b99a7b38ca0391c8fbc260866ab852da9f88a1,1,2
Gucci Rhyton Sneaker Sportschuh Schuhe *Original*,368.2,Gucci,39,https://www.vinted.it/items/8299610014-gucci-rhyton-sneaker-sportschuh-schuhe-original?referrer=catalog,3,8299610014,Sold,02/03/2026 21:06:38,,https://images1.vinted.net/t/06_013a2_23sroVKSoVmPUooBy1WQXKZk/310x430/1772471345.webp?s=4deb92d8219bc70629222e08a213aa763f26a28f,1,2
Gucci tg 36,221.2,Gucci,36,https://www.vinted.it/items/8299594865-gucci-tg-36?referrer=catalog,5,8299594865,Sold,02/03/2026 21:06:38,,https://images1.vinted.net/t/05_00bda_4i1XTvb8CektwLSAd2mkRDkV/310x430/1772471248.webp?s=28315d10cbe567e7545d61ad7d991dc143f39f1c,1,2
Gucci,350.35,Gucci,0,https://www.vinted.it/items/8299551336-gucci?referrer=catalog,2,8299551336,Sold,02/03/2026 21:06:38,,https://images1.vinted.net/t/05_0264f_PDKxSHytxne6anm3vjYvsrtV/310x430/1772470970.webp?s=4a8d371bd382b67d5e30a835c3174f8eaa1cef54,1,2
Gucci Dyonisus Bag,1.0297,Gucci,0,https://www.vinted.it/items/8299546914-gucci-dyonisus-bag?referrer=catalog,2,8299546914,Sold,02/03/2026 21:06:38,,https://images1.vinted.net/t/01_016a6_i4syviSWb8ARiQAHZZetFtkS/310x430/1772470942.webp?s=21043d72dc9cd210f756353e8ab3998d39883c37,1,2
Scatola da scarpe Gucci vuota,12.25,Gucci,0,https://www.vinted.it/items/8299544340-scatola-da-scarpe-gucci-vuota?referrer=catalog,1,8299544340,Sold,02/03/2026 21:06:38,,https://images1.vinted.net/t/06_00d2b_fJAPez2PBWbCMAS5Mdqrs315/310x430/1772470925.webp?s=00156e4cb83c318771a5d8885d8a7cb6c46dbc2e,1,2
Lunettes de soleil gucci neufs la coque jai rajoute,32.2,Gucci,0,https://www.vinted.it/items/8299543137-lunettes-de-soleil-gucci-neufs-la-coque-jai-rajoute?referrer=catalog,8,8299543137,Sold,02/03/2026 21:06:38,,https://images1.vinted.net/t/03_004f4_5k6skgE8CTbv1htyt61MwxF5/310x430/1772470918.webp?s=5e31441c5855e4adcb37a46072a7c67103395bf9,1,2
sneakers Gucci Ace in tessuto GG Supreme tiger,389.2,Gucci,39,https://www.vinted.it/items/8299512461-sneakers-gucci-ace-in-tessuto-gg-supreme-tiger?referrer=catalog,3,8299512461,Sold,02/03/2026 21:06:38,,https://images1.vinted.net/t/05_00c05_Tm4ELXXv6Ky8TUWURxMgmMV2/310x430/1772470891.webp?s=b77a29c87872a1bf4662e27f4c518d4beef66bd9,1,2
Chanclas Gucci,53.2,Gucci,Altro,https://www.vinted.it/items/8299509213-chanclas-gucci?referrer=catalog,0,8299509213,Sold,02/03/2026 21:06:38,,https://images1.vinted.net/t/01_01137_q1ZgJUKNmYhm2AcMa5refBtn/310x430/1772470702.webp?s=6236a4716fca97e5e553ce3397e9316a01eaa1f8,1,2
Pumps Gucci,368.2,Gucci,37,https://www.vinted.it/items/8299487802-pumps-gucci?referrer=catalog,2,8299487802,Sold,02/03/2026 21:06:38,,https://images1.vinted.net/t/05_014a4_YYaCabvqVjo63xxNcPNzC1Qn/310x430/1772470569.webp?s=2c223aaab62f7ba3cba20c968e8d3d3179687d40,1,2
Poudre De Beauté Éclat Soleil Gucci,51.1,Gucci,0,https://www.vinted.it/items/8299485554-poudre-de-beaute-eclat-soleil-gucci?referrer=catalog,0,8299485554,Sold,02/03/2026 21:06:38,,https://images1.vinted.net/t/04_00e27_XvBVdQQcBGGXKLLkjprBK4vH/310x430/1772470555.webp?s=0a30f5adb6d258b51064ec86cd26b1ad571982b4,1,2
Lunette Gucci,126.7,Gucci,0,https://www.vinted.it/items/8299483286-lunette-gucci?referrer=catalog,0,8299483286,Sold,02/03/2026 21:06:38,,https://images1.vinted.net/t/01_00bad_vEM4APL5AvmqutDJj9fHFfz4/310x430/1772470542.webp?s=6a6cab68a272683ec3d217b27ee55381e56c46f4,1,2
Gucci Rython (45),126.7,Gucci,45,https://www.vinted.it/items/8299473820-gucci-rython-45?referrer=catalog,1,8299473820,Sold,02/03/2026 21:06:38,,https://images1.vinted.net/t/05_0102c_Tofg9bWSNHsaedoowkzRjMPG/310x430/1772470483.webp?s=d84d1ec4c882255f5a9b4fc34779674f4bc1e67d,1,2
Strangolino Gucci nero,473.2,Gucci,0,https://www.vinted.it/items/8299470889-strangolino-gucci-nero?referrer=catalog,0,8299470889,Sold,02/03/2026 21:06:38,,https://images1.vinted.net/t/05_009de_sM9S9jY4Hc6A65neLX4uQ7tm/310x430/1772470465.webp?s=ca9a37afdf34c1483440763707ae043a35105446,1,2
Casquette gucci,105.7,No brand,L,https://www.vinted.it/items/8298816173-casquette-gucci?referrer=catalog,0,8298816173,Sold,02/03/2026 21:06:38,,https://images1.vinted.net/t/04_01b4f_hPv18kPCYhWBEHFnoXrRXja4/310x430/1772466335.webp?s=31bf8b66947e3e35c03bd246d51f1046c4616f6e,1,2
Sandalo in gomma Gucci,189.7,Gucci,36,https://www.vinted.it/items/8299446307-sandalo-in-gomma-gucci?referrer=catalog,11,8299446307,Sold,02/03/2026 21:06:38,,https://images1.vinted.net/t/05_00fff_uwC87zAoVYFbsyuB5t6sNevr/310x430/1772470309.webp?s=d435bd1974d033fe9ca7a2918a5f259307731b17,1,2
Porta agenda Gucci,147.7,Gucci,0,https://www.vinted.it/items/8299443986-porta-agenda-gucci?referrer=catalog,3,8299443986,Sold,02/03/2026 21:06:38,,https://images1.vinted.net/t/05_02279_ogKA5gtRjCdWuXhZiHbjz97x/310x430/1772470294.webp?s=6d43a0a6a63c5a237eda4b2f4c7c40906f789923,1,2
Gucci zonnebril unisex,210.7,Gucci,0,https://www.vinted.it/items/8299444077-gucci-zonnebril-unisex?referrer=catalog,0,8299444077,Sold,02/03/2026 21:06:38,,https://images1.vinted.net/t/06_00844_9TZvajYwHfA12sXHC7CphBda/310x430/1772470652.webp?s=49521c176a222db4e8daa10c8ecad732fb95fbe9,1,2
Gucci Tunika Seide | Gr. 38 | Neu mit Etikett | #259,305.2,Gucci,M / IT 42 / EU 38,https://www.vinted.it/items/8299439346-gucci-tunika-seide-gr-38-neu-mit-etikett-259?referrer=catalog,0,8299439346,Sold,02/03/2026 21:07:06,,https://images1.vinted.net/t/04_00795_zsQ96bwDGcqdfEBbUukht2Mj/310x430/1772470265.webp?s=fd7ef37b0ee4ffacec1f30c1cc5b260e34dfb673,1,3
Gucci Jordaan loafers,315.7,Gucci,41,https://www.vinted.it/items/8299431665-gucci-jordaan-loafers?referrer=catalog,2,8299431665,Sold,02/03/2026 21:07:06,,https://images1.vinted.net/t/05_00806_q83EcyDU6ceX42dtwV8j7xT7/310x430/1772470218.webp?s=1ad9a3a805974cc4aeeea6afa2654599d44a0e6f,1,3
Strangolino Gucci marrone con Web,473.2,Gucci,0,https://www.vinted.it/items/8299429471-strangolino-gucci-marrone-con-web?referrer=catalog,1,8299429471,Sold,02/03/2026 21:07:06,,https://images1.vinted.net/t/04_0150d_ipaSQ43Eu4GgNcDqo69Kxerm/310x430/1772470205.webp?s=c81bd9b66ce9236f44aa2f330f562282e8b32a41,1,3
Felpa Gucci,263.2,Gucci,XS / IT 38 / EU 34,https://www.vinted.it/items/8267141131-felpa-gucci?referrer=catalog,0,8267141131,Sold,02/03/2026 21:07:06,,https://images1.vinted.net/t/01_008ad_iRHaQj4BAxSR1oFDJDjn8dvy/310x430/1772124168.webp?s=011e77b61d56c6feae1fc4f15e9a26e4658479e1,1,3
Tênis Gucci,357.7,Gucci,37,https://www.vinted.it/items/8299425735-tenis-gucci?referrer=catalog,1,8299425735,Sold,02/03/2026 21:07:06,,https://images1.vinted.net/t/06_00aa8_CMP63Ka5UQ6KBXkKt2du5v12/310x430/1772470182.webp?s=2a26486968c6035befee774b62de53bb8da8f729,1,3
Gucci sneaker Ace,525.18,Gucci,45,https://www.vinted.it/items/8299422570-gucci-sneaker-ace?referrer=catalog,1,8299422570,Sold,02/03/2026 21:07:06,,https://images1.vinted.net/t/01_01f9e_RRiK27zGQCkAHvBcyEvnBVsn/310x430/1772470162.webp?s=f24d44f73ee36facd1adc6f133319f319c32c475,1,3
Gucci beauty pochette necessaire,18.45,Gucci,0,https://www.vinted.it/items/8299410416-gucci-beauty-pochette-necessaire?referrer=catalog,2,8299410416,Sold,02/03/2026 21:07:06,,https://images1.vinted.net/t/05_01568_RvKZ9ahgSiuZW6Reaq8ocE1K/310x430/1772470088.webp?s=3c34d2daef148d46eab700b714a8270c99ea4e42,1,3
Borsa Gucci horsebit 1955 media,2.55,Gucci,0,https://www.vinted.it/items/8299402239-borsa-gucci-horsebit-1955-media?referrer=catalog,1,8299402239,Sold,02/03/2026 21:07:06,,https://images1.vinted.net/t/06_017f7_Yg53Qmc4T7QDaSsqwjWoxfHx/310x430/1772470038.webp?s=134dc5ed67720faaaef8fd4dbe52510442e136d3,1,3
Gucci leren messengertas,1.683,Gucci,0,https://www.vinted.it/items/8299318215-gucci-leren-messengertas?referrer=catalog,1,8299318215,Sold,02/03/2026 21:07:06,,https://images1.vinted.net/t/06_0029a_xQbDg2hYsVcKdwjfXkn297bz/310x430/1772469522.webp?s=a2ef56d225a1affabda228866456b08f2e8a99b9,1,3
Screener sabot Gucci da uomo,612.0,Gucci,43,https://www.vinted.it/items/8299375821-screener-sabot-gucci-da-uomo?referrer=catalog,1,8299375821,Sold,02/03/2026 21:07:06,,https://images1.vinted.net/t/04_018c4_fNPy2eGGkoAiNqPt1NoYyeWg/310x430/1772469877.webp?s=ffee63e4d3e8f6063980f336f5b062f4a42888e7,1,3
Strangolino Gucci beige,473.2,Gucci,0,https://www.vinted.it/items/8299373790-strangolino-gucci-beige?referrer=catalog,0,8299373790,Sold,02/03/2026 21:07:06,,https://images1.vinted.net/t/05_012f5_7syrYoBVEaT5PoeeKu7e5ZyC/310x430/1772469865.webp?s=dcac3540a350b4546fb706cc163cd2510fe41092,1,3
cintura gucci,420.7,Gucci,Regolabile,https://www.vinted.it/items/8299365347-cintura-gucci?referrer=catalog,0,8299365347,Sold,02/03/2026 21:07:06,,https://images1.vinted.net/t/05_025e3_443X9nbRwHnjE7qeGdh6ay5L/310x430/1772469813.webp?s=6e263896a57f2626dcf9e4a2a71b37179a3ae32a,1,3
Mocassins Gucci,221.2,Gucci,46,https://www.vinted.it/items/8299364628-mocassins-gucci?referrer=catalog,5,8299364628,Sold,02/03/2026 21:07:06,,https://images1.vinted.net/t/05_01d1e_eGPHXdLb4cJJVpRCiw5HhLBe/310x430/1772469808.webp?s=4a7a041bc4ef121edcc2d2c1dec11ebf1bd91f42,1,3
Casquette Gucci Canvas baseball Gg vert et bleu,805.8,Gucci,M,https://www.vinted.it/items/8299358403-casquette-gucci-canvas-baseball-gg-vert-et-bleu?referrer=catalog,5,8299358403,Sold,02/03/2026 21:07:06,,https://images1.vinted.net/t/06_0146c_C65TDzpyoooT6jzhM4EwRQTS/310x430/1772469811.webp?s=1693d19f4617e1dee4af95a4db66fe1559c9d5d7,1,3
Baskets Gucci Rython X Disney taille 45 en cuir orange,262.15,Gucci,45,https://www.vinted.it/items/8153020875-baskets-gucci-rython-x-disney-taille-45-en-cuir-orange?referrer=catalog,0,8153020875,Sold,02/03/2026 21:07:06,,https://images1.vinted.net/t/05_002c7_yFGtbZXUNBxVgoPyuRX5eA2E/310x430/1770823787.webp?s=6f055d815c20e40c824151937b25a80e4130e717,1,3
Miniature Gucci n°3 1ml,4.9,Gucci,0,https://www.vinted.it/items/8270379748-miniature-gucci-ndeg3-1ml?referrer=catalog,1,8270379748,Sold,02/03/2026 21:07:06,,https://images1.vinted.net/t/06_01d9e_anVbMNzeASrWgDHYXK9gGW8c/310x430/1772182922.webp?s=a27c6f4090167b1aad46bc3aed8bd606c01c15d8,1,3
doudoune legere reversible vert gucci et taupe irisé,26.95,Laura Jo,S,https://www.vinted.it/items/8267101181-doudoune-legere-reversible-vert-gucci-et-taupe-irise?referrer=catalog,0,8267101181,Sold,02/03/2026 21:07:06,,https://images1.vinted.net/t/06_01e64_AigwsCtRH7gBVJ4BwZsuuGMs/310x430/1772123892.webp?s=850a7fe60cb271417e3d678910f28defdafb21aa,1,3
Gucci Première Eau de Parfum,68.95,Gucci,0,https://www.vinted.it/items/8299336240-gucci-premiere-eau-de-parfum?referrer=catalog,3,8299336240,Sold,02/03/2026 21:07:06,,https://images1.vinted.net/t/01_015bd_KrfcPrEeXCUpJhJFMioHaj11/310x430/1772469634.webp?s=bc4fa3bb87aab3ac87ce824ae7057defa9d5104d,1,3
set di 3 piattini in porcellana Gucci linea décor prodige d’amour,473.2,Gucci,0,https://www.vinted.it/items/8299335408-set-di-3-piattini-in-porcellana-gucci-linea-decor-prodige-damour?referrer=catalog,7,8299335408,Sold,02/03/2026 21:07:06,,https://images1.vinted.net/t/01_00e14_gydaSsXoGgqsiNgbdDFprgFd/310x430/1772469629.webp?s=9974e723b84f83933f034c61dc85610646bae611,1,3
Guccie sneakers maat 43,867.0,Gucci,43,https://www.vinted.it/items/8299257649-guccie-sneakers-maat-43?referrer=catalog,1,8299257649,Sold,02/03/2026 21:07:06,,https://images1.vinted.net/t/05_00468_htPR8WxNPHvyhWY5tFQ74ha4/310x430/1772469146.webp?s=221f6c820d52df937b85d3b6f7d262ddbd71e182,1,3
Rossetto Gucci,21.7,Gucci,0,https://www.vinted.it/items/8299318585-rossetto-gucci?referrer=catalog,2,8299318585,Sold,02/03/2026 21:07:06,,https://images1.vinted.net/t/06_01779_N5BPVmxzLxncBzEsvhMn9Y8M/310x430/1772469525.webp?s=d38b6d804946100dfda5ca4149bf16785fe36cdd,1,3
Porta chiavi Gucci in pelle,473.2,Gucci,0,https://www.vinted.it/items/8299314493-porta-chiavi-gucci-in-pelle?referrer=catalog,0,8299314493,Sold,02/03/2026 21:07:06,,https://images1.vinted.net/t/06_02263_3XAtC5sLutMwT4R4W6ZpxiQM/310x430/1772469499.webp?s=f0def94cc4592a3440602ba05057844a0dd89d43,1,3
Baskets Gucci taille 38,314.65,Gucci,38.5,https://www.vinted.it/items/8153067949-baskets-gucci-taille-385-rosejaunevert?referrer=catalog,0,8153067949,Sold,02/03/2026 21:07:06,,https://images1.vinted.net/t/01_01f1b_61N6kH3F5gjBLxVRkKn8wJDL/310x430/1770824098.webp?s=d85870381c5d455688b89e31935f0b74ecbaebd6,1,3
Gucci GG Mules Men,473.2,Gucci,45,https://www.vinted.it/items/8299307106-gucci-gg-mules-men?referrer=catalog,4,8299307106,Sold,02/03/2026 21:07:06,,https://images1.vinted.net/t/04_00a13_qWCVgbjXzMS2auUGqWDuJszf/310x430/1772469454.webp?s=f4e1506a6fc0e56a4c5f80adcfdb77df7a73ca1c,1,3
Felpa Gucci 10 anni manica lunga,21.7,Gucci,10 anni / 140 cm,https://www.vinted.it/items/8299299693-felpa-gucci-10-anni-manica-lunga?referrer=catalog,3,8299299693,Sold,02/03/2026 21:07:06,,https://images1.vinted.net/t/05_00e9f_YbuKgLrcLtq46MchXbUXHX4D/310x430/1772469407.webp?s=151320fd5064866acd9dc02ba09e16972d02cb71,1,3
Pashmina gucci,105.7,Gucci,0,https://www.vinted.it/items/8299296872-pashmina-gucci?referrer=catalog,2,8299296872,Sold,02/03/2026 21:07:06,,https://images1.vinted.net/t/05_00991_BsmNWhZMfPPuUq6bXTtNh2ge/310x430/1772469389.webp?s=867ac0b6f303ccd6817f497465c68a0a9f96cba3,1,3
Sabot Screener Gucci uomo,612.0,Gucci,42,https://www.vinted.it/items/8299294679-sabot-screener-gucci-uomo?referrer=catalog,1,8299294679,Sold,02/03/2026 21:07:06,,https://images1.vinted.net/t/06_01b2b_3MjN6dqSKdCymQ48vmZVRw2P/310x430/1772469376.webp?s=1def4695ed595bfd1a8b1efebb3ea2e35f0e6f82,1,3
Mala GG,693.6,Gucci,0,https://www.vinted.it/items/8266967987-mala-gg?referrer=catalog,3,8266967987,Sold,02/03/2026 21:07:06,,https://images1.vinted.net/t/05_00333_hCwrcYbLAaYcuzRjakfUZNkx/310x430/1772122958.webp?s=8727992c3b3d9c142d21b7bb5c91db4d8c60c393,1,3
Zimmer deko Chanel und gucci,4.9,Sonstiges,0,https://www.vinted.it/items/8301634805-zimmer-deko-chanel-und-gucci?referrer=catalog,0,8301634805,On Sale,02/03/2026 22:17:55,,https://images1.vinted.net/t/06_0258c_vrRynU62Vas5fRGzbph14Xdn/310x430/1772486183.webp?s=78075c84a3a2af259c0883c5fc1adf644f233777,2,1
Scarpe Gucci,294.7,Gucci,40,https://www.vinted.it/items/8301627427-scarpe-gucci?referrer=catalog,0,8301627427,On Sale,02/03/2026 22:17:55,,https://images1.vinted.net/t/05_00ead_GbwbWv34vTyE9D8YGf7AYVGH/310x430/1772486109.webp?s=fcc9a0d72c4d4cdc29645c42f80dd83c9cd8129a,2,1
Gucci riem,137.2,Gucci,80 cm,https://www.vinted.it/items/8301587460-gucci-riem?referrer=catalog,0,8301587460,On Sale,02/03/2026 22:17:55,,https://images1.vinted.net/t/04_00e40_a9XGwGPPQJ2mYiWNCnZjEDqB/310x430/1772485727.webp?s=633cb0cfa8a1568fa09af8c2cd3eae7499ea75e9,2,1
Gucci flora emerald gardenia verde miniatura donna,9.1,Gucci,0,https://www.vinted.it/items/8301620607-gucci-flora-emerald-gardenia-verde-miniatura-donna?referrer=catalog,0,8301620607,On Sale,02/03/2026 22:17:55,,https://images1.vinted.net/t/06_00b49_66nhouij9Lj9sC7Mu4yG3nCE/310x430/1772486043.webp?s=eda07da7af1d25569b68eb3109ab46f7a4a866d1,2,1
Großes Marken-Parfum Paket – Armani,398.65,Gucci,0,https://www.vinted.it/items/8301617041-grosses-marken-parfum-paket-armani-gucci-jpg-paco-rabanne-ua?referrer=catalog,0,8301617041,On Sale,02/03/2026 22:17:55,,https://images1.vinted.net/t/05_01162_jykiaqwS23BgVoNh8TgsZc2f/310x430/1772486009.webp?s=e0afcc9c1080e8640d70b7b08d465c8eddc20557,2,1
Gucci zonnebril,168.7,Gucci,0,https://www.vinted.it/items/8301617192-gucci-zonnebril?referrer=catalog,0,8301617192,On Sale,02/03/2026 22:17:55,,https://images1.vinted.net/t/01_0145e_v9orBoM9weNRyf3mdZJKsTEv/310x430/1772486010.webp?s=df656e8917764f153849d3a66db9384aaf3f7401,2,1
Casquette Gucci,315.7,Gucci,L,https://www.vinted.it/items/8301599628-casquette-gucci?referrer=catalog,1,8301599628,On Sale,02/03/2026 22:17:55,,https://images1.vinted.net/t/03_00246_nXv1WzHBmHaueqgrUJrZMyUr/310x430/1772485843.webp?s=badead8f627e39252460f0711ed53ccb9e24b314,2,1
Gucci Baby Denim Jeans,178.15,Gucci,6-9 mesi / 68 cm,https://www.vinted.it/items/8301595986-gucci-baby-denim-jeans?referrer=catalog,0,8301595986,On Sale,02/03/2026 22:17:55,,https://images1.vinted.net/t/05_01915_DLftrRvSwwTmEe5gCVRHzxJZ/310x430/1772485808.webp?s=35cfe9242c177470f4b78a0d11e8ca1b2babbdb1,2,1
Gucci Gilet con scollo a V a quadri in mohair.,210.7,Gucci,M,https://www.vinted.it/items/8269038627-gucci-gilet-con-scollo-a-v-a-quadri-in-mohair?referrer=catalog,0,8269038627,On Sale,02/03/2026 22:17:55,,https://images1.vinted.net/t/04_019ef_j7p9tr9KaP9UxopSj5pQUB2R/310x430/1772139632.webp?s=f8950ac82acd0a5d4a0bc2122d2c96aa01010644,2,1
Boite a lunettes,29.05,Gucci,0,https://www.vinted.it/items/8260719373-boite-a-lunettes?referrer=catalog,0,8260719373,On Sale,02/03/2026 22:17:55,,https://images1.vinted.net/t/06_011e2_HncQSzJ3X73ymFYLToCugaEc/310x430/1772139644.webp?s=e7277b2631293dff3f1fc36b7ca528ecd857024b,2,1
Occhiali Gucci,74.2,Gucci,0,https://www.vinted.it/items/8301592289-occhiali-gucci?referrer=catalog,0,8301592289,On Sale,02/03/2026 22:17:55,,https://images1.vinted.net/t/03_01502_CfGNs342AxtUcdN9RQmy8WfB/310x430/1772485772.webp?s=34139a6958871e9a54366d50b5fe0684b70dabd3,2,1
Parfum Gucci Flora 30ml,32.2,Gucci,0,https://www.vinted.it/items/8301581472-parfum-gucci-flora-30ml?referrer=catalog,0,8301581472,On Sale,02/03/2026 22:17:55,,https://images1.vinted.net/t/06_0249d_fykZfmrsxRXMQrxrGjktZj5i/310x430/1772485670.webp?s=d0ea2adfb5bba6b977fdce2e7c9cd4a990f66b2e,2,1
Véritable casquette Gucci,231.7,Gucci,M,https://www.vinted.it/items/8301573555-veritable-casquette-gucci?referrer=catalog,3,8301573555,On Sale,02/03/2026 22:17:55,,https://images1.vinted.net/t/05_00241_HiAbuYnQGb2TJtsYBTwJij7f/310x430/1772485598.webp?s=bb27fdce954aa1d84ecad940c118a5ac221a0009,2,1
Cintura Gucci,263.2,Gucci,85 cm,https://www.vinted.it/items/8301535167-cintura-gucci?referrer=catalog,0,8301535167,On Sale,02/03/2026 22:17:55,,https://images1.vinted.net/t/06_01bb5_uvEcLpxQXUa8yiKav7Y7EMcf/310x430/1772485255.webp?s=c40a0be2436f636510c844b760559e17747c1ce6,2,1
T-shirt Gucci,263.2,Gucci,S / IT 40 / EU 36,https://www.vinted.it/items/8269016574-t-shirt-gucci?referrer=catalog,5,8269016574,On Sale,02/03/2026 22:17:55,,https://images1.vinted.net/t/06_00ac4_LoFarivkbMV3ycbD88tvFYdY/310x430/1772139409.webp?s=ed1ec4d8e68bc0b5d7d1a53e907936ad41269613,2,1
Gucci cap/kappe,252.7,Gucci,S,https://www.vinted.it/items/8301527382-gucci-capkappe?referrer=catalog,7,8301527382,On Sale,02/03/2026 22:17:55,,https://images1.vinted.net/t/05_00ff4_rf2fdkUSrh34K9982aj5HNXR/310x430/1772485187.webp?s=67ee5d7b2208bfb42fc4d71907c3fc4f2a3ab948,2,1
Gucci riem origineel,236.95,Gucci,105 cm,https://www.vinted.it/items/8301518485-gucci-riem-origineel?referrer=catalog,0,8301518485,On Sale,02/03/2026 22:17:55,,https://images1.vinted.net/t/05_006eb_fgZX7t8ze3DvxpVxArjpoTRh/310x430/1772485109.webp?s=c00cd6f4ded15ed3c9b4de8411a3bfe2c839bf7d,2,1
Profumo Gucci Flora Jasmine 100ml,37.45,Gucci,0,https://www.vinted.it/items/8301507835-profumo-gucci-flora-jasmine-100ml?referrer=catalog,0,8301507835,On Sale,02/03/2026 22:17:55,,https://images1.vinted.net/t/05_023fd_K8zwy4TynAVpNkLJcGGU5Vxe/310x430/1772485017.webp?s=174f7069a1d904be33bc9409ea9e0f6d3278c41a,2,1
Gucci t shirt bambino 6 anni,42.7,Gucci,6 anni / 116 cm,https://www.vinted.it/items/8301495316-gucci-t-shirt-bambino-6-anni?referrer=catalog,0,8301495316,On Sale,02/03/2026 22:17:55,,https://images1.vinted.net/t/06_00091_VTk8cKcKEt8rM9MH4BCEHR2Y/310x430/1772484911.webp?s=18706765d193eb1e0db40b7aba955971290cdbd9,2,1
Camicia in seta Gucci,478.45,Gucci,XXS / IT 36 / EU 32,https://www.vinted.it/items/8301489392-camicia-in-seta-gucci?referrer=catalog,0,8301489392,On Sale,02/03/2026 22:17:55,,https://images1.vinted.net/t/06_013e4_MxvETK5N5iY7YtBvcEdMvdT7/310x430/1772484859.webp?s=6a3e36785f13b6ff18b6f447d16bed65bc13f40e,2,1
Gucci piccola borsa in metallo e lacca nera mai usata,200.2,Gucci,0,https://www.vinted.it/items/8197016611-gucci-piccola-borsa-in-metallo-e-lacca-nera-mai-usata?referrer=catalog,2,8197016611,On Sale,02/03/2026 22:17:55,,https://images1.vinted.net/t/01_01928_EwZKVqViDboarJzPUrmrEhfY/310x430/1771340275.webp?s=6df1f39c75c6c156b389e330d865331432a39272,2,1
Scarpe gucci uomo taglia 40 1/2,420.7,Gucci,40,https://www.vinted.it/items/8301468091-scarpe-gucci-uomo-taglia-40-12-vestono-41-nuove-con-scatola?referrer=catalog,0,8301468091,On Sale,02/03/2026 22:17:56,,https://images1.vinted.net/t/03_01143_nAgBgzTc8PfUiDZbsuCnWXGp/310x430/1772484675.webp?s=5adde63523d2c32bd0e3e8978e8ca81c26fcd9ad,2,1
Porte carte en cuir gucci marron - Neuf,74.2,Gucci,0,https://www.vinted.it/items/8268947584-porte-carte-en-cuir-gucci-marron-neuf?referrer=catalog,0,8268947584,On Sale,02/03/2026 22:17:56,,https://images1.vinted.net/t/05_01dcb_i38jDtZVVLC88dxHqdVFEuWy/310x430/1772138722.webp?s=ae64491c6fdae40a2ca074620c989c2baf6da28f,2,1
Porte Carte en cuir Gucci en jean - Neuf,79.45,Gucci,0,https://www.vinted.it/items/8268928595-porte-carte-en-cuir-gucci-en-jean-neuf?referrer=catalog,1,8268928595,On Sale,02/03/2026 22:17:56,,https://images1.vinted.net/t/01_004dd_vp37KppuL3R4yzicwPcdRg6J/310x430/1772138536.webp?s=948f758dbc28e802893dfe3730392b8bf600eb52,2,1
Gucci X Disney socks,84.7,Gucci x Disney,M | 43–46,https://www.vinted.it/items/8268941325-gucci-x-disney-socks?referrer=catalog,1,8268941325,On Sale,02/03/2026 22:17:56,,https://images1.vinted.net/t/05_01676_vGu66h9SjpEXFs4jPUybpaFD/310x430/1772138661.webp?s=cb6b55937ef6225db416f93ef01b7f97e803af3d,2,1
Bonnet en cachemire GG de Gucci en beige et marron foncé,242.2,Gucci,Taglia unica,https://www.vinted.it/items/8301440742-bonnet-en-cachemire-gg-de-gucci-en-beige-et-marron-fonce?referrer=catalog,0,8301440742,On Sale,02/03/2026 22:17:56,,https://images1.vinted.net/t/04_02212_ZmhEhGn65vVHdKDJ7ebXpgLR/310x430/1772484446.webp?s=eed04a45fb1363bd5c4394fb147828dafdb2c516,2,1
Montre Gucci vintage,336.7,Gucci,Fino a 30 mm,https://www.vinted.it/items/8301404399-montre-gucci-vintage?referrer=catalog,1,8301404399,On Sale,02/03/2026 22:17:56,,https://images1.vinted.net/t/01_022da_Dx8UasrSX74nDMZMc3WuuuXV/310x430/1772484143.webp?s=93b228851488e66f53f6cd3bb5ee3552b23877cb,2,1
YA146504 Le Marché des Merveilles / Secret Watch (oro 18K,6.6157,Gucci,Fino a 30 mm,https://www.vinted.it/items/8301399443-ya146504-le-marche-des-merveilles-secret-watch-oro-18k-nacar-piel-lagarto?referrer=catalog,0,8301399443,On Sale,02/03/2026 22:17:56,,https://images1.vinted.net/t/05_0133a_nbpfwQ83jPRsCdbR3kwsgocB/310x430/1772484101.webp?s=622370f0d8681e5e62327dad356e6e09b5ae35e2,2,1
Sac Gucci mini Jackie,945.7,Gucci,0,https://www.vinted.it/items/8301399816-sac-gucci-mini-jackie?referrer=catalog,1,8301399816,On Sale,02/03/2026 22:17:56,,https://images1.vinted.net/t/06_01c7f_xe4zGrEwBL4CCMqq8xvENk7F/310x430/1772484105.webp?s=ec507b79125cf6a288d48116d64d3555e1380495,2,1
Patch snekers ace gucci con cane,105.7,Gucci,0,https://www.vinted.it/items/8301394546-patch-snekers-ace-gucci-con-cane?referrer=catalog,0,8301394546,On Sale,02/03/2026 22:17:56,,https://images1.vinted.net/t/05_00fc9_z1Q1E1kAex3iVrw4X2npgitb/310x430/1772484061.webp?s=7352b76de24b9822de78579561d1ac25b0c2920d,2,1
Rouge à lèvres liquide mat Gucci,21.7,Gucci,0,https://www.vinted.it/items/8301390758-rouge-a-levres-liquide-mat-gucci?referrer=catalog,0,8301390758,On Sale,02/03/2026 22:17:56,,https://images1.vinted.net/t/01_01002_GFQtH6n2ci8dP7aJjzEqp8Ee/310x430/1772484031.webp?s=fa41a77e953a0d3640be7a95a001c9ef9232f6b6,2,1
Scarpe bimbo,105.7,Gucci,34,https://www.vinted.it/items/8301388775-scarpe-bimbo?referrer=catalog,7,8301388775,On Sale,02/03/2026 22:17:56,,https://images1.vinted.net/t/03_0109e_F7bTdgH1DYGdgo45tDcMmXgw/310x430/1772484014.webp?s=127fb714f685ac8d806ea9c7c159603e939023d5,2,1
Gucci pants,283.15,Gucci,IT 48 | W38,https://www.vinted.it/items/8268856533-gucci-pants?referrer=catalog,10,8268856533,On Sale,02/03/2026 22:17:56,,https://images1.vinted.net/t/06_00548_Kbx6xNgTzYmGCFMnG5EkZGuJ/310x430/1772137845.webp?s=fdd6316704cfe4f7735ee0808bd4320e16a92498,2,1
Gucci pants,283.15,Gucci,IT 46 | W36,https://www.vinted.it/items/8268882326-gucci-pants?referrer=catalog,4,8268882326,On Sale,02/03/2026 22:17:56,,https://images1.vinted.net/t/01_0106e_4BzS2JcdQvCLEeLazpyKvMkx/310x430/1772138087.webp?s=245a9c197cdccf0b57799b0390c03e1270a77dce,2,1
bolso gucci,210.7,Gucci,0,https://www.vinted.it/items/8301385551-bolso-gucci?referrer=catalog,2,8301385551,On Sale,02/03/2026 22:17:56,,https://images1.vinted.net/t/04_00ec3_KTWY7jmaZ6ZYzvLHu2hLdGEZ/310x430/1772483987.webp?s=1d027294263e9263e5dd9daeabbe669913505c9b,2,1
Rouge à lèvres liquide mat Gucci,21.7,Gucci,0,https://www.vinted.it/items/8301381928-rouge-a-levres-liquide-mat-gucci?referrer=catalog,1,8301381928,On Sale,02/03/2026 22:17:56,,https://images1.vinted.net/t/04_02329_Ah7yK6Dx3JgwrB9QUdm6Q3nU/310x430/1772483958.webp?s=872917c3e78af5fb93ff2944c0227e59c17fb4c1,2,1
Portemonnee Gucci x Balenciaga,509.95,Gucci,0,https://www.vinted.it/items/8301377042-portemonnee-gucci-x-balenciaga?referrer=catalog,0,8301377042,On Sale,02/03/2026 22:17:56,,https://images1.vinted.net/t/01_01ef7_3rR3dKyiCEAhDQeMca5ZAkkn/310x430/1772483919.webp?s=9eb2ae93a63306ece139f6c365b78104c72633f3,2,1
Concentré de beauté Gucci,16.45,Gucci,0,https://www.vinted.it/items/8301374274-concentre-de-beaute-gucci?referrer=catalog,0,8301374274,On Sale,02/03/2026 22:17:56,,https://images1.vinted.net/t/06_00bfc_DPCqfdZi9M56zmc9BFumAFKn/310x430/1772483895.webp?s=d4dc8c1267644325ae7236f41ef272eb9ce8765e,2,1
Occhiali Gucci,137.2,Gucci,0,https://www.vinted.it/items/8301370783-occhiali-gucci?referrer=catalog,0,8301370783,On Sale,02/03/2026 22:17:56,,https://images1.vinted.net/t/06_02482_ghHkmyqng8LBkBvSe9c8ePrg/310x430/1772483867.webp?s=b105a8185447fd633ffd5a549f89976dae0b467b,2,1
Palette de beauté quatuor Gucci,32.2,Gucci,0,https://www.vinted.it/items/8301367779-palette-de-beaute-quatuor-gucci?referrer=catalog,0,8301367779,On Sale,02/03/2026 22:17:56,,https://images1.vinted.net/t/04_021a2_8t8Wf6BPeZCN2oYckyR4q73Q/310x430/1772483843.webp?s=d65e964baf6784aadd2b235460fb63c8561dca1e,2,1
Occhiali Gucci,89.95,Gucci,0,https://www.vinted.it/items/8301350491-occhiali-gucci?referrer=catalog,3,8301350491,On Sale,02/03/2026 22:17:56,,https://images1.vinted.net/t/01_009f7_sU7nXARAXmxivpHPAnQVPQk4/310x430/1772483701.webp?s=51dc290c1d8770236f7d8df242a7da262a6866aa,2,1
Mini profumi Gucci Bloom set,21.7,Gucci,0,https://www.vinted.it/items/8168475519-mini-profumi-gucci-bloom-set?referrer=catalog,1,8168475519,On Sale,02/03/2026 22:17:56,,https://images1.vinted.net/t/05_0056e_GqRQNUoaJCy8XxSttTxUVLCG/310x430/1771016129.webp?s=025918e850eac5e87b2826cf5f150f14cea16a81,2,1
Rossetto Gucci,53.2,Gucci,0,https://www.vinted.it/items/8301312259-rossetto-gucci?referrer=catalog,0,8301312259,On Sale,02/03/2026 22:17:56,,https://images1.vinted.net/t/06_0268c_DNi4Mb56HKJM3Vu2L4jtcHi5/310x430/1772483394.webp?s=67eb49437cde6990de869e6fc559f48e583238d0,2,1
Cofre Gucci Bloom (Perfume + Body Milk + Gel),53.2,Gucci,0,https://www.vinted.it/items/8301313436-cofre-gucci-bloom-perfume-body-milk-gel?referrer=catalog,2,8301313436,On Sale,02/03/2026 22:17:56,,https://images1.vinted.net/t/05_015ad_qEdimLWonqA99AGYeEbwwd8h/310x430/1772483404.webp?s=5c3c69c27e209419ef1a0bda7fa2440f8e444dbc,2,1
Broche Gucci,47.95,Gucci,0,https://www.vinted.it/items/8301313426-broche-gucci?referrer=catalog,3,8301313426,On Sale,02/03/2026 22:17:56,,https://images1.vinted.net/t/05_01f15_7bFc5qvxjgCnBj85MKiNhrte/310x430/1772483404.webp?s=e0cb34d300a77bc8fc072fc4dc83882534238cf9,2,1
Zapatillas gucci,210.7,Gucci,40.5,https://www.vinted.it/items/8301303864-zapatillas-gucci?referrer=catalog,1,8301303864,On Sale,02/03/2026 22:17:56,,https://images1.vinted.net/t/06_012a6_GcGRFzbKTS2zC2acKJiHUNXt/310x430/1772483327.webp?s=2775928542e4b568adf5cc78772123dcdece5db2,2,1
Gucci x The North Face - yellow puffer jacket,420.7,Gucci,XXL,https://www.vinted.it/items/8301286192-gucci-x-the-north-face-yellow-puffer-jacket?referrer=catalog,4,8301286192,On Sale,02/03/2026 22:17:56,,https://images1.vinted.net/t/06_0032d_dK16n1ZgnQs2MpKVTjZyJCV8/310x430/1772483189.webp?s=96a16bf6475cd3de64c71aebc8f55c4e4c0d03c6,2,1
Ballerine Gucci,522.55,Gucci,38,https://www.vinted.it/items/8301284298-ballerine-gucci?referrer=catalog,0,8301284298,On Sale,02/03/2026 22:17:56,,https://images1.vinted.net/t/05_01ce8_dZscm4wvjUg4FcdiGEheowYS/310x430/1772483174.webp?s=41401a26f39fece7a23e1aff2c5114f5314a4f05,2,1
Women’s Gucci horsebit Loafer,473.2,Gucci,37,https://www.vinted.it/items/8301279153-womens-gucci-horsebit-loafer?referrer=catalog,0,8301279153,On Sale,02/03/2026 22:17:56,,https://images1.vinted.net/t/05_01ca4_c2uWk4Fk5cNsSSiwtW4EvjCu/310x430/1772483133.webp?s=60c9a772d7d1030200605288575da4a8c10d11e9,2,1
Sandali gioiello - Gucci,609.7,Gucci,37,https://www.vinted.it/items/8301267979-sandali-gioiello-gucci?referrer=catalog,2,8301267979,On Sale,02/03/2026 22:17:56,,https://images1.vinted.net/t/01_015d2_qz8WVa4DcroqjAH61YaXeSJA/310x430/1772483047.webp?s=83eb98645b95983a92f2c1851bead3c1ab57a030,2,1
4 perfumes Gucci Guilty Elixir pour Femme,126.7,Gucci,0,https://www.vinted.it/items/8301266617-4-perfumes-gucci-guilty-elixir-pour-femme?referrer=catalog,0,8301266617,On Sale,02/03/2026 22:17:56,,https://images1.vinted.net/t/06_01a86_QkbV7ubHRv5yCPFpKg23FANZ/310x430/1772483036.webp?s=993cf257662f0fcde627b6d06a765cc200dd0e0e,2,1
House of Gucci,16.45,No brand,0,https://www.vinted.it/items/8301264841-house-of-gucci?referrer=catalog,0,8301264841,On Sale,02/03/2026 22:17:56,,https://images1.vinted.net/t/06_02628_PuetGtyFDYuFkrLTyJbf2xmp/310x430/1772483023.webp?s=0bb551e981e4b805129b21f4a79ef5912e244b17,2,1
Lunette Gucci femme,63.7,Gucci,0,https://www.vinted.it/items/8301260514-lunette-gucci-femme?referrer=catalog,1,8301260514,On Sale,02/03/2026 22:17:56,,https://images1.vinted.net/t/05_00ad5_ghYwLRrNh7KaUSXhMQBivGRv/310x430/1772482990.webp?s=56977d686d23cded62d4ea2061b32988e1f8bcbc,2,1
Occhiale Gucci bellissimo,236.95,Gucci,0,https://www.vinted.it/items/8301257024-occhiale-gucci-bellissimo?referrer=catalog,4,8301257024,On Sale,02/03/2026 22:17:56,,https://images1.vinted.net/t/05_00c4a_U5hoCsfiV4WU6e2W1MuwkMjW/310x430/1772482963.webp?s=aea36dd719add7ef8f925f473d004573e056cafb,2,1
Occhilianda sole Gucci colore bianco,158.2,Gucci,0,https://www.vinted.it/items/8301248466-occhilianda-sole-gucci-colore-bianco?referrer=catalog,0,8301248466,On Sale,02/03/2026 22:17:56,,https://images1.vinted.net/t/06_01c7a_jmiLXh8Q6C7jtVHb7wyQZB43/310x430/1772482896.webp?s=443305ba74bfa76089366990fbbc0e56df721364,2,1
Gafas Gucci,210.69,Gucci,0,https://www.vinted.it/items/8301230791-gafas-gucci?referrer=catalog,0,8301230791,On Sale,02/03/2026 22:17:56,,https://images1.vinted.net/t/01_0073b_Xyb1LJMEPgwHLbjTcvVBT3o6/310x430/1772482760.webp?s=cc56d5c181f3111fc47708dd46e1a4f7311f1df7,2,1
Gucci occhiali da sole nuovo,200.2,Gucci,0,https://www.vinted.it/items/8301215695-gucci-occhiali-da-sole-nuovo?referrer=catalog,1,8301215695,On Sale,02/03/2026 22:17:56,,https://images1.vinted.net/t/06_00284_KhbKMsBaFXf9Luqid8NNYTPy/310x430/1772482645.webp?s=c4a882b3a73768fcfa9439106e7048b8d721d07b,2,1
Abito Gucci verde smeraldo,420.7,Gucci,S / IT 40 / EU 36,https://www.vinted.it/items/8301211335-abito-gucci-verde-smeraldo?referrer=catalog,3,8301211335,On Sale,02/03/2026 22:17:56,,https://images1.vinted.net/t/06_00209_spsMLrxDoubguet3aAGCgdkv/310x430/1772482611.webp?s=1bb55112b8d4d4e83d29176baed61ef0f0fe45ba,2,1
Casquette Gucci GG Canvas,294.7,Gucci,S,https://www.vinted.it/items/8301192035-casquette-gucci-gg-canvas?referrer=catalog,0,8301192035,On Sale,02/03/2026 22:17:56,,https://images1.vinted.net/t/06_01652_ewdbjv89Pa7k2fCnzT7sHKc5/310x430/1772482466.webp?s=21f27d4300734bcac6520f702b0533194b33b678,2,1
Survêtement Gucci enfant taille 8ans,32.2,Gucci,8 anni / 128 cm,https://www.vinted.it/items/8301195165-survetement-gucci-enfant-taille-8ans?referrer=catalog,0,8301195165,On Sale,02/03/2026 22:17:56,,https://images1.vinted.net/t/06_00b16_VmwtqnpNsu2Ss1QzZ5FLDUbD/310x430/1772482489.webp?s=79fedf3a1bf7b1ca4388385617b25fda8a61301f,2,1
Nastro Gucci in cannete',21.7,Gucci,0,https://www.vinted.it/items/8301194069-nastro-gucci-in-cannete?referrer=catalog,0,8301194069,On Sale,02/03/2026 22:17:56,,https://images1.vinted.net/t/01_01026_LmLrXLSQLJzgxWKofYsEZ92q/310x430/1772482481.webp?s=3e40c267d3bff982af846f14068ca8d9c9392937,2,1
Gucci lipstick “they met in Argentina”,42.7,Gucci,0,https://www.vinted.it/items/8301193595-gucci-lipstick-they-met-in-argentina?referrer=catalog,1,8301193595,On Sale,02/03/2026 22:17:56,,https://images1.vinted.net/t/05_00853_5MATGcLdbwcuNikehSCK1V1Y/310x430/1772482477.webp?s=fd675aefd871c95eec9c8050d0c49f95f78395f0,2,1
Tacchi Gucci,368.2,Gucci,36.5,https://www.vinted.it/items/8301187905-tacchi-gucci?referrer=catalog,2,8301187905,On Sale,02/03/2026 22:17:56,,https://images1.vinted.net/t/01_009f1_zPM4x5W5kLW13D5vEFxZ2DC8/310x430/1772482434.webp?s=dae1d962a5fcd023b8aefe9060aef4920a12f1d8,2,1
Gucci Schal aus GG Wolle,368.2,Gucci,0,https://www.vinted.it/items/8301129937-gucci-schal-aus-gg-wolle?referrer=catalog,0,8301129937,On Sale,02/03/2026 22:17:56,,https://images1.vinted.net/t/06_00de2_1h6Ecz2ZhBozRhsARdaTjmnT/310x430/1772482365.webp?s=b212a8e7928a8fa4c4aea6d499c0c86152424673,2,1
Frauen,263.2,Gucci,90 cm,https://www.vinted.it/items/8301175643-frauen-gucci-gurtel-90?referrer=catalog,0,8301175643,On Sale,02/03/2026 22:17:56,,https://images1.vinted.net/t/06_00ed8_T4KyNkFbVJB5fyHSggAnU4E3/310x430/1772482341.webp?s=d795c4ffcd0b6d522f4e6ca7c86733146e3ddcf7,2,1
Gucci lipstick crystal black,32.2,Gucci,0,https://www.vinted.it/items/8301175054-gucci-lipstick-crystal-black?referrer=catalog,0,8301175054,On Sale,02/03/2026 22:17:56,,https://images1.vinted.net/t/06_0154b_sCdWSHf52wCgtjPgYyZe5scK/310x430/1772482337.webp?s=2d9f50475468db309ef22c735c3fa577beca25cf,2,1
Tacchi Gucci,368.2,Gucci,36.5,https://www.vinted.it/items/8301168803-tacchi-gucci?referrer=catalog,0,8301168803,On Sale,02/03/2026 22:17:56,,https://images1.vinted.net/t/05_0267a_4FZ83QM66vbr5669zHofXxJ3/310x430/1772482291.webp?s=fad9ceaece2f07f03f79ac2931e90ee42135d958,2,1
Sac à bandoulière Gucci réglable,420.7,Gucci,0,https://www.vinted.it/items/8301167588-sac-a-bandouliere-gucci-reglable?referrer=catalog,1,8301167588,On Sale,02/03/2026 22:17:56,,https://images1.vinted.net/t/06_00178_HibR9PQCApKAkNihPV9Xp1g1/310x430/1772482282.webp?s=1416b6d1c228c0ff4e8dee9aa2a7745ca6a90df7,2,1
Body Gucci bébé Minnie,3.84,Minnie,1-3 mesi / 56 cm,https://www.vinted.it/items/8268710136-body-gucci-bebe-minnie?referrer=catalog,0,8268710136,On Sale,02/03/2026 22:17:56,,https://images1.vinted.net/t/06_0170b_sjPQPGfuBKZ51m8nPKqXyw8A/310x430/1772136531.webp?s=c53f6eabdb4c8daac84fc63564fa3ae6b1441b9d,2,1
Sneaker Rhyton uomo in pelle Gucci,630.7,Gucci,45,https://www.vinted.it/items/8301145109-sneaker-rhyton-uomo-in-pelle-gucci?referrer=catalog,1,8301145109,On Sale,02/03/2026 22:17:56,,https://images1.vinted.net/t/01_01342_UnKo6obxDr4t85tEtfUmQcv3/310x430/1772482115.webp?s=66b6287f398736cca8dc24439f761fddc132973c,2,1
Baskets Gucci Flashtrek Black Metallic Jewels 35,278.95,Gucci,35,https://www.vinted.it/items/8300957400-baskets-gucci-flashtrek-black-metallic-jewels-35?referrer=catalog,1,8300957400,On Sale,02/03/2026 22:17:56,,https://images1.vinted.net/t/05_00816_htfD457iMyfzikMoexnmtBCM/310x430/1772480741.webp?s=b6201eb4149af8e86102445321ce18544bac4669,2,1
Gucci Guilty Pour Homme,47.95,Gucci,0,https://www.vinted.it/items/8297039836-gucci-guilty-pour-homme?referrer=catalog,3,8297039836,On Sale,02/03/2026 22:19:52,,https://images1.vinted.net/t/05_01652_DkJymB2PyXZT7GeB2F5zKoSk/310x430/1772454558.webp?s=b8cdcc509b5c2c5c55d123e85b7b1c9590170f71,2,6
Felpa Gucci con cappuccio con bande laterali,336.7,Gucci,S,https://www.vinted.it/items/8297024309-felpa-gucci-con-cappuccio-con-bande-laterali?referrer=catalog,2,8297024309,On Sale,02/03/2026 22:19:52,,https://images1.vinted.net/t/06_01430_uKN75NLtnn1gXDUem1zrxGH3/310x430/1772454449.webp?s=0dab924fea0029fde40c8d74cc1001aa30a1a3aa,2,6
Body bodie double G tulle Gucci,315.7,Gucci,S / IT 40 / EU 36,https://www.vinted.it/items/8297013145-body-bodie-double-g-tulle-gucci?referrer=catalog,43,8297013145,On Sale,02/03/2026 22:19:52,,https://images1.vinted.net/t/05_00c32_hMmv4k1hXSkf6nbuEqBHKTFX/310x430/1772454367.webp?s=36ade8142224b6560e952334d7168e35c28ec8ef,2,6
cravatta Gucci vintage,37.45,Gucci,0,https://www.vinted.it/items/8297005657-cravatta-gucci-vintage?referrer=catalog,0,8297005657,On Sale,02/03/2026 22:19:52,,https://images1.vinted.net/t/01_007b3_JRswVGHdLm8cAuHc113a6gs1/310x430/1772454314.webp?s=d0624669996d98e37d0ea6632ba577085edc92e7,2,6
Perfume Gucci,53.2,Gucci,0,https://www.vinted.it/items/8296993070-perfume-gucci?referrer=catalog,4,8296993070,On Sale,02/03/2026 22:19:52,,https://images1.vinted.net/t/01_00ade_BtgxrTEVwuNsrzhNsCsgJwZT/310x430/1772454224.webp?s=99d4cbed210155fac98b9a361ea43283dd324c1f,2,6
Rossetto westman Gucci bob,47.95,Westman Atelier,0,https://www.vinted.it/items/8296954632-rossetto-westman-gucci-bob?referrer=catalog,10,8296954632,On Sale,02/03/2026 22:19:52,,https://images1.vinted.net/t/01_00747_H7u1GFpvC2hLux5vnt9ppT3y/310x430/1772453950.webp?s=1f1fd93211095562f2c1a6216b2bbd22b6d57f95,2,6
Bomber Yankees x Gucci,1.0507,Gucci,XL,https://www.vinted.it/items/8296934601-bomber-yankees-x-gucci?referrer=catalog,3,8296934601,On Sale,02/03/2026 22:19:52,,https://images1.vinted.net/t/06_01392_HgLCx9xaVSFUnyhr4CHJqjwx/310x430/1772453807.webp?s=ffd153d4ed30be443480d7cb3143d6ffdc9c65da,2,6
Gucci Flora Parfum Miniatur,13.3,Gucci,0,https://www.vinted.it/items/8296934147-gucci-flora-parfum-miniatur?referrer=catalog,0,8296934147,On Sale,02/03/2026 22:19:52,,https://images1.vinted.net/t/06_009e4_t5s9yXw2hmey572nS9XaxQCf/310x430/1772453804.webp?s=fefb6b15957644aff110ff19d87bdf721402f66c,2,6
Grucce Gucci,32.2,Gucci,0,https://www.vinted.it/items/8296926109-grucce-gucci?referrer=catalog,2,8296926109,On Sale,02/03/2026 22:19:52,,https://images1.vinted.net/t/05_0072c_zBb3aiD1RjZMKpbQ49gzia4S/310x430/1772453747.webp?s=6ff3e324339060c6a0ef2b93b42fd8a280867991,2,6
Borsa gucci,1.5757,Gucci,0,https://www.vinted.it/items/8296924526-borsa-gucci?referrer=catalog,0,8296924526,On Sale,02/03/2026 22:19:52,,https://images1.vinted.net/t/04_00b5e_eAAyyDsj2besKZvoFNtmmEWs/310x430/1772453736.webp?s=84569ae3579970af26d11fb5b495e7b6d52a358a,2,6
Gucci Flora Parfum Miniatur,13.3,Gucci,0,https://www.vinted.it/items/8296918776-gucci-flora-parfum-miniatur?referrer=catalog,5,8296918776,On Sale,02/03/2026 22:19:52,,https://images1.vinted.net/t/05_00251_zStxyPsaEkqHVgdHrysifZzC/310x430/1772453695.webp?s=8f244a10e87c79a3564bb928164d0fea0a5a53ae,2,6
Gucci Flora 10 ml,19.6,Gucci,0,https://www.vinted.it/items/8296879522-gucci-flora-10-ml?referrer=catalog,3,8296879522,On Sale,02/03/2026 22:19:52,,https://images1.vinted.net/t/06_00328_MeqV2hHgGv1gYH1tSTQQg9Cx/310x430/1772453412.webp?s=9b8c5d772fa1b76ca3d8b9aafd9232917e0e7400,2,6
Bellissima felpa Gucci nuova,209.65,Gucci,XXS / IT 36 / EU 32,https://www.vinted.it/items/8264806314-bellissima-felpa-gucci-nuova?referrer=catalog,2,8264806314,On Sale,02/03/2026 22:19:52,,https://images1.vinted.net/t/01_012e2_24xkZizyx57xkPFqTzkARr2V/310x430/1772107554.webp?s=7347129d464fee8538c4c91ada655217d2684163,2,6
Gucci Dionysus,656.95,Gucci,0,https://www.vinted.it/items/8264805720-gucci-dionysus?referrer=catalog,5,8264805720,On Sale,02/03/2026 22:19:52,,https://images1.vinted.net/t/06_01d61_ra1U5fGKozeK8xJdaLkEERaD/310x430/1772107549.webp?s=112acd056e8551b3f89300513dc565ac2f8d675f,2,6
Tag pelle valigia Gucci,104.65,Gucci,0,https://www.vinted.it/items/8264779658-tag-pelle-valigia-gucci?referrer=catalog,4,8264779658,On Sale,02/03/2026 22:19:52,,https://images1.vinted.net/t/05_015ec_kZoWp74ALEz7JFjbPe6uPHqR/310x430/1772107352.webp?s=c2744753281399e37518ddff99f629ab33aa4944,2,6
Mocassino nero Gucci,578.2,Gucci,39.5,https://www.vinted.it/items/8296856540-mocassino-nero-gucci?referrer=catalog,1,8296856540,On Sale,02/03/2026 22:19:52,,https://images1.vinted.net/t/06_007a4_swaV6pCTgNCiQYGQbYu6irzS/310x430/1772453246.webp?s=03e69f1ac01de57252fb3da8fcf3c3dffd1b30b7,2,6
Occhiali Gucci,105.7,Gucci,0,https://www.vinted.it/items/8296850611-occhiali-gucci?referrer=catalog,10,8296850611,On Sale,02/03/2026 22:19:52,,https://images1.vinted.net/t/06_00ba8_bLjBBBJeDwscJccxYryc6udd/310x430/1772453203.webp?s=bb9c77e9b2b46097dd1c28a8061dd88889e70fb6,2,6
Jupe courte Gucci,68.95,Gucci,M / IT 42 / EU 38,https://www.vinted.it/items/8296841331-jupe-courte-gucci?referrer=catalog,1,8296841331,On Sale,02/03/2026 22:19:52,,https://images1.vinted.net/t/06_020b2_xt5tDmWbsEivJ5VDuEGdJiHN/310x430/1772453136.webp?s=a823aabee4c0399a348f76d1c33a122735124fba,2,6
Cappello Gucci originale,168.7,Gucci,M,https://www.vinted.it/items/8296840560-cappello-gucci-originale?referrer=catalog,2,8296840560,On Sale,02/03/2026 22:19:52,,https://images1.vinted.net/t/06_00e9b_n83t65VfsTtob3ZKDsMVvh4j/310x430/1772453130.webp?s=0e5f1045e0209cf4eb2c9279ade1e39e8e1fb037,2,6
Gucci Sunglasses / Lunettes - Cat eye,394.45,Gucci,0,https://www.vinted.it/items/8296840652-gucci-sunglasses-lunettes-cat-eye?referrer=catalog,1,8296840652,On Sale,02/03/2026 22:19:52,,https://images1.vinted.net/t/06_01da6_GdcLsN1opDnCvc5WCE6GPYC5/310x430/1772453130.webp?s=6d2b274a0ddbebb058aacd5360bad18d71ddaae1,2,6
Corbata Gucci,116.2,Gucci,0,https://www.vinted.it/items/8296650776-corbata-gucci?referrer=catalog,10,8296650776,On Sale,02/03/2026 22:21:42,,https://images1.vinted.net/t/05_02500_G5SUiekq5d3mcUj6LHGXuwV8/310x430/1772451755.webp?s=3bcc2ed43cfdae40a0810944328357630a45d7c1,2,10
Gucci sandali,104.65,Gucci,30,https://www.vinted.it/items/8293648988-gucci-sandali?referrer=catalog,4,8293648988,On Sale,02/03/2026 22:21:42,,https://images1.vinted.net/t/05_009c6_hQrh4MKKFQquVwfijZsc2ZEv/310x430/1772395798.webp?s=7a444e87a0df3dcbb13d95f9cfe9b0d8b69b82cb,2,10
