Title,Price,Brand,Size,Link,Likes,Dataid,MarketStatus,SearchDate,Images,SearchCount,Page,Upload_date
Top nero Miu Miu,126.7,Miu Miu,S / IT 40 / EU 36,https://www.vinted.it/items/6926002337-top-nero-miu-miu?referrer=catalog,0,6926002337,On Sale,,https://images1.vinted.net/t/04_01a75_cLM94XhhpiL7c92S6PgKAK4p/310x430/1755965650.jpeg?s=70afb5fc3b44dcd911263248dc6b74eae4eb61a0,1,1,
Top bianco in seta Miu Miu in perfette condizioni taglia 42,58.45,Miu Miu,M / IT 42 / EU 38,https://www.vinted.it/items/6908628367-top-bianco-in-seta-miu-miu-in-perfette-condizioni-taglia-42?referrer=catalog,0,6908628367,On Sale,,https://images1.vinted.net/t/02_00f72_VwchTkxBw1nXoPXUCGej4u9y/310x430/1755751117.jpeg?s=f89eb34e56c3662c489529b5c23ed3964fdd6fb7,1,1,
Maglia Fendi,95.2,Fendi,S / IT 40 / EU 36,https://www.vinted.it/items/6925762357-maglia-fendi?referrer=catalog,0,6925762357,On Sale,,https://images1.vinted.net/t/02_00019_MTzEiv3mFQfosJQGvpgyZZFb/310x430/1755963985.jpeg?s=136d9d3b13df722b297e25785c5190659b9c9cfe,1,1,
Authentique Chemise Miu Miu 39 1/2 soit 34 36,42.7,Miu Miu,XS / IT 38 / EU 34,https://www.vinted.it/items/6912513803-authentique-chemise-miu-miu-39-12-soit-34-36?referrer=catalog,15,6912513803,On Sale,,https://images1.vinted.net/t/03_00765_5jk87WBxXfSAhXrpGk3RPtWH/310x430/1755789615.jpeg?s=742b2ae77f2f4b12e9304bd220c2927e0b6aef25,1,1,
T-Shirt Miu Miu,263.2,Miu Miu,M / IT 42 / EU 38,https://www.vinted.it/items/6925471220-t-shirt-miu-miu?referrer=catalog,0,6925471220,On Sale,,https://images1.vinted.net/t/01_01d47_DcpShc7VPYgMbrLxTkYLh33H/310x430/1755962023.jpeg?s=636f873b9847cb454c63633f0a523ddf4b282587,1,1,
T-shirt Gucci // liberty london bleu turquoise,167.65,Gucci,XS / IT 38 / EU 34,https://www.vinted.it/items/6925469711-t-shirt-gucci-liberty-london-bleu-turquoise?referrer=catalog,0,6925469711,On Sale,,https://images1.vinted.net/t/01_019e9_HxRnkXvmsXVsBk6ZxTAEoEvu/310x430/1755962013.jpeg?s=3c20f9a5aa4483230986e9795b23d77665d7f2b8,1,1,
Gucci Top,47.95,Gucci,XS / IT 38 / EU 34,https://www.vinted.it/items/6925037700-gucci-top?referrer=catalog,4,6925037700,On Sale,,https://images1.vinted.net/t/04_000e5_gwCH1Rs5Zg9y4xoqqvXJUCQg/310x430/1755959171.jpeg?s=d7edaa99cc44140ab52e40c91037f040b89c5691,1,1,
Gucci Top,58.45,Gucci,M / IT 42 / EU 38,https://www.vinted.it/items/6924997665-gucci-top?referrer=catalog,7,6924997665,On Sale,,https://images1.vinted.net/t/03_026c2_joeCVAQ2i2ZH3JDZqskxMbGz/310x430/1755958907.jpeg?s=322e18233056ddc5d71b30690dfe98d9ae4d5d98,1,1,
Top Miu Miu,221.2,Miu Miu,L / IT 44 / EU 40,https://www.vinted.it/items/6924904952-top-miu-miu?referrer=catalog,3,6924904952,On Sale,,https://images1.vinted.net/t/02_01506_6opg6bkffLueL2we4sBkwA3t/310x430/1755958307.jpeg?s=df2f1c28368e1beb0b63b12d13d9a7c19c069fa7,1,1,
Camicia Fendi,21.7,Fendi,L / IT 44 / EU 40,https://www.vinted.it/items/6924902776-camicia-fendi?referrer=catalog,8,6924902776,On Sale,,https://images1.vinted.net/t/03_024d4_KzNRHjKr3XEs6b1LWjSe7yQk/310x430/1755958292.jpeg?s=b355b12eb0bc578ccfda18428783a45181b91c02,1,1,
Débardeur Miu Miu,53.2,Miu Miu,S / IT 40 / EU 36,https://www.vinted.it/items/6915090064-debardeur-miu-miu?referrer=catalog,17,6915090064,On Sale,,https://images1.vinted.net/t/03_0210d_pizPKBy5pTnFDJjtWe4KQTnt/310x430/1755817487.jpeg?s=7b102b914ba26d236fc63fc2e8ad96a253cad352,1,1,
Débardeur Miu Miu,105.7,Miu Miu,M / IT 42 / EU 38,https://www.vinted.it/items/6923964051-debardeur-miu-miu?referrer=catalog,61,6923964051,On Sale,,https://images1.vinted.net/t/04_00acb_hutu54K1hw58jk6aCGYzTRZt/310x430/1755952136.jpeg?s=f09e82331ed80f08b7fdc16c6f12d28e14fc339f,1,1,
Top Miu Miu,126.7,Miu Miu,M / IT 42 / EU 38,https://www.vinted.it/items/6924566771-top-miu-miu?referrer=catalog,6,6924566771,On Sale,,https://images1.vinted.net/t/01_00a53_pyTUVPJ5omvhZFfb8TzYWi1w/310x430/1755956156.jpeg?s=91296a5c1b7a1033eb9799950619974d9a335b65,1,1,
Polo Miu Miu taille S,121.45,Miu Miu,S / IT 40 / EU 36,https://www.vinted.it/items/6924550157-polo-miu-miu-taille-s?referrer=catalog,9,6924550157,On Sale,,https://images1.vinted.net/t/03_00f91_8KJGgWGAsJy87uCCwJfRitx7/310x430/1755956008.jpeg?s=35cd40824c50c689115f2c415ac20c7172d9563e,1,1,
Fendi Body,179.2,Fendi,L / IT 44 / EU 40,https://www.vinted.it/items/6924080886-fendi-body?referrer=catalog,2,6924080886,On Sale,,https://images1.vinted.net/t/04_01d14_A5we58iru5YmuLXFDv1aooAy/310x430/1755952922.jpeg?s=abe65698a0425b67259f0095b8feb1a1a2a27c26,1,1,
T shirt Gucci,16.45,Gucci,XXL / IT 48 / EU 44,https://www.vinted.it/items/6924315811-t-shirt-gucci?referrer=catalog,2,6924315811,On Sale,,https://images1.vinted.net/t/02_02409_6C14b3Vo8wYNmdRnmYFFdpoa/310x430/1755954473.jpeg?s=79b33d3117a84151865a49c27e8034ddd4da2543,1,1,
Top maglia Fendi trasparente nude panna vintage,263.2,Fendi,M / IT 42 / EU 38,https://www.vinted.it/items/6924297516-top-maglia-fendi-trasparente-nude-panna-vintage?referrer=catalog,0,6924297516,On Sale,,https://images1.vinted.net/t/02_0178a_ACpG1X5pv4zjvxsGcVDRX57b/310x430/1755954352.jpeg?s=a7786be8233f334039d637fc769e580b442e4624,1,1,
T-shirt gucci,105.69,Gucci,S / IT 40 / EU 36,https://www.vinted.it/items/6910564066-t-shirt-gucci?referrer=catalog,0,6910564066,On Sale,,https://images1.vinted.net/t/01_006de_tXouU8hS8axp8vFzA3LAu5yj/310x430/1755775677.jpeg?s=c65efd080eac1626e696a88127f69236054e853a,1,1,
Veste saharienne,441.7,Gucci,L / IT 44 / EU 40,https://www.vinted.it/items/6923227546-veste-saharienne?referrer=catalog,1,6923227546,On Sale,,https://images1.vinted.net/t/04_013e9_WpUHRLXdq3PrXrUxQ8KQZXYU/310x430/1755946930.jpeg?s=26b7f8c67f38d006a083bb81c5add9a4cc735b95,1,1,
T-shirt ricamo Gucci vintage,53.2,Gucci,XS / IT 38 / EU 34,https://www.vinted.it/items/6923222483-t-shirt-ricamo-gucci-vintage?referrer=catalog,4,6923222483,On Sale,,https://images1.vinted.net/t/03_00891_cfsSTZksehwKuwghxGvwu8AU/310x430/1755946893.jpeg?s=28a997a15c5fa68cd37dfa2057ef1425ddd8dc5a,1,1,
Sweat à capuche ample Gucci,242.2,Gucci,S / IT 40 / EU 36,https://www.vinted.it/items/6923040552-sweat-a-capuche-ample-gucci?referrer=catalog,0,6923040552,On Sale,,https://images1.vinted.net/t/02_008cf_wv5NTythZeechU6hMMyTXVAz/310x430/1755945578.jpeg?s=8bbabfabeb18d9af26f65337d85bcdd23b531299,1,1,
T-shirt women’s S,52.15,Gucci,S / IT 40 / EU 36,https://www.vinted.it/items/6918221592-t-shirt-womens-s?referrer=catalog,0,6918221592,On Sale,,https://images1.vinted.net/t/01_02538_k8ey2cGiekcygpQXyqH27ovK/310x430/1755871085.jpeg?s=0b94b1c9751a76d2054469cd7dc0b3f2226e5e3b,1,1,
t-shirt donna Gucci taglia m,20.65,Gucci,M / IT 42 / EU 38,https://www.vinted.it/items/6922732408-t-shirt-donna-gucci-taglia-m?referrer=catalog,2,6922732408,On Sale,,https://images1.vinted.net/t/04_00e9e_Muep6byu5wpw6MFrY4HzjSBG/310x430/1755943362.jpeg?s=0dde7e37a2e26bbc176cfa9d2c04e340ad7280ae,1,1,
Débardeur miu miu,63.7,Miu Miu,M / IT 42 / EU 38,https://www.vinted.it/items/6909784925-debardeur-miu-miu?referrer=catalog,6,6909784925,On Sale,,https://images1.vinted.net/t/01_000e8_EgQMnKeQ3QycNkM52td19dNV/310x430/1755769517.jpeg?s=702e1dbdf01d19e3ce6e6c5aa6f2b0e2aa2c94bd,1,1,
Gucci chemise,278.95,Gucci,L / IT 44 / EU 40,https://www.vinted.it/items/6922611435-gucci-chemise?referrer=catalog,3,6922611435,On Sale,,https://images1.vinted.net/t/02_00433_DQRZ9AQyfwN4NTVsU7vXn2qh/310x430/1755942487.jpeg?s=cd72dc05eb1b6af5754c575ec0d342620efcd666,1,1,
Body fendi x skims,199.15,Fendi,M / IT 42 / EU 38,https://www.vinted.it/items/6922559810-body-fendi-x-skims?referrer=catalog,3,6922559810,On Sale,,https://images1.vinted.net/t/03_022b2_SDvuQkeHPYrbde3m8BqmUb2f/310x430/1755942111.jpeg?s=64d2175baf38e024d6066f3e2f64cebaa736db57,1,1,
Chemise à motifs en satin Gucci avec lacets,222.25,Gucci,M / IT 42 / EU 38,https://www.vinted.it/items/6922388708-chemise-a-motifs-en-satin-gucci-avec-lacets?referrer=catalog,3,6922388708,On Sale,,https://images1.vinted.net/t/01_012f5_CqYwSqgBtvQMD1L1tdquGLmX/310x430/1755940840.jpeg?s=69904596ea6d50868b799adffdc8423e827a2b78,1,1,
Haut manches longues Gucci noir,131.95,Gucci,M / IT 42 / EU 38,https://www.vinted.it/items/6922378233-haut-manches-longues-gucci-noir?referrer=catalog,1,6922378233,On Sale,,https://images1.vinted.net/t/01_01db6_QokQki6FXsveuHtzt2yp3YuT/310x430/1755940758.jpeg?s=3b740102e4b38ee732f981b65fcbeacc0cb94784,1,1,
t-shirt aderente gucci vintage Yk2,59.5,Gucci,XS / IT 38 / EU 34,https://www.vinted.it/items/6922344523-t-shirt-aderente-gucci-vintage-yk2?referrer=catalog,12,6922344523,On Sale,,https://images1.vinted.net/t/04_026f8_ZpFpww8GTfmBRsMskeg25ooC/310x430/1755940493.jpeg?s=c3bd10b480ee4439c681d65f5f18a2e05557c08a,1,1,
Top Gucci,11.2,Gucci,Taglia unica,https://www.vinted.it/items/6922284799-top-gucci?referrer=catalog,1,6922284799,On Sale,,https://images1.vinted.net/t/04_00427_8VUNBibkFENmFdvYYrYMZhwj/310x430/1755940713.jpeg?s=f896c53ca4ce4feaad4ba1d200f48353d25d7407,1,1,
Fendi shirt | crème | lange mouwen | logo geborduurd op borst | maat S,37.45,Fendi,S / IT 40 / EU 36,https://www.vinted.it/items/6873706113-fendi-shirt-creme-lange-mouwen-logo-geborduurd-op-borst-maat-s?referrer=catalog,0,6873706113,On Sale,,https://images1.vinted.net/t/02_0243c_VNqRHubo4qoW7w7NZqrXsvhn/310x430/1755265832.jpeg?s=9caf96ef294d759096007e20f0bbd260bdf19cc8,1,1,
Top  polo senza maniche cotone 100% Fendi,31.15,Fendi,XS / IT 38 / EU 34,https://www.vinted.it/items/6922193940-top-polo-senza-maniche-cotone-100-fendi?referrer=catalog,7,6922193940,On Sale,,https://images1.vinted.net/t/02_02249_kFDLCmbUBq5BfPmmAigtunMw/310x430/1755939261.jpeg?s=e49d4e3bb29f564b96cbbb556db16496de3f1ad3,1,1,
Camicia floreale Gucci 100%cotone,104.65,Gucci,XS / IT 38 / EU 34,https://www.vinted.it/items/6922193842-camicia-floreale-gucci-100cotone?referrer=catalog,5,6922193842,On Sale,,https://images1.vinted.net/t/02_01942_gz9y4TpaBZk6f2r6Dhry4UCZ/310x430/1755939260.jpeg?s=a55f7ad8112c3e6eeac9c2ca9844bcfd58de51f2,1,1,
Maglia Fendi,21.7,Fendi,L / IT 44 / EU 40,https://www.vinted.it/items/6922130650-maglia-fendi?referrer=catalog,2,6922130650,On Sale,,https://images1.vinted.net/t/01_00fec_A4FW5KaAmpKE33icd8J4Cx22/310x430/1755938710.jpeg?s=070fcb1c5bb6cef5bc1cb3c35a6f97df37086ff3,1,1,
T-shirt Gucci bleu taille M  Motif cœur,294.7,Gucci,M / IT 42 / EU 38,https://www.vinted.it/items/6921521003-t-shirt-gucci-bleu-taille-m-motif-coeur?referrer=catalog,3,6921521003,On Sale,,https://images1.vinted.net/t/02_019ef_c6DPQ4ax6nqDPe5oT8XdtQxP/310x430/1755930330.jpeg?s=95dc590cfb7f39a8b1b679b814ef7bcc4f50028b,1,1,
T shirt,37.45,Gucci,XS / IT 38 / EU 34,https://www.vinted.it/items/6920768928-t-shirt?referrer=catalog,14,6920768928,On Sale,,https://images1.vinted.net/t/04_00d29_bdvYttrmCziiLtk7KJJDMPLn/310x430/1755892766.jpeg?s=184c3da4d5c3d7a1c304ab90f35bfd4467158c0e,1,1,
Blusa Miu Miu tg. S,263.2,Miu Miu,S / IT 40 / EU 36,https://www.vinted.it/items/6920579247-blusa-miu-miu-tg-s?referrer=catalog,3,6920579247,On Sale,,https://images1.vinted.net/t/02_017ad_HHEpcUw1J4vJkYiQhY7zDRDQ/310x430/1755890502.jpeg?s=2f79100a3af7e25b16b7a1acf85f319160446cf4,1,1,
Gucci Tom Ford S/S 2002 Shirt,436.45,Gucci,S / IT 40 / EU 36,https://www.vinted.it/items/6920222186-gucci-tom-ford-ss-2002-shirt?referrer=catalog,89,6920222186,On Sale,,https://images1.vinted.net/t/03_00652_DBZ8eMwgr7R7snG6UbeWSx66/310x430/1755886741.jpeg?s=2d38805857736b5d4e359951d3e580c64b643efa,1,1,
Camisa/ chaqueta blazer  Fendi,95.2,Fendi,XXXL / IT 50 / EU 46,https://www.vinted.it/items/6920193704-camisa-chaqueta-blazer-fendi?referrer=catalog,0,6920193704,On Sale,,https://images1.vinted.net/t/02_015af_as7W6HzC2329YXdDbkewAoV1/310x430/1755886467.jpeg?s=906eca048d8527082607fcfa65c5922280160f9a,1,1,
Gucci - Top,315.7,Gucci,XS / IT 38 / EU 34,https://www.vinted.it/items/6920123925-gucci-top?referrer=catalog,1,6920123925,On Sale,,https://images1.vinted.net/t/04_01907_Xj5J8KfdLHnEdow3H8LP6cZq/310x430/1755885802.jpeg?s=de8f0fa9f627bbb38af356ee8994b95925ed75cd,1,1,
Gucci Damen T-Shirt Oversize M mit Pailletten,816.0,Gucci,M / IT 42 / EU 38,https://www.vinted.it/items/6919796193-gucci-damen-t-shirt-oversize-m-mit-pailletten?referrer=catalog,1,6919796193,On Sale,,https://images1.vinted.net/t/04_00845_gBhWC7bfFdCDUoQF7rZ4jRjZ/310x430/1755882876.jpeg?s=1bc5c9431b988e65b65699061abc6217784e8a5f,1,1,
Fendi: introvabile particolare camicetta Fendi vintage y2k,116.2,Fendi,Taglia unica,https://www.vinted.it/items/6919578352-fendi-introvabile-particolare-camicetta-fendi-vintage-y2k?referrer=catalog,0,6919578352,On Sale,,https://images1.vinted.net/t/01_01c5d_zZ8ZZW1zFDocWoGDUQUi3HF3/310x430/1755899147.jpeg?s=c76d14a31c7d1090d8be10762b5ecf4194e05ec2,1,1,
Gucci Seidenbluse schwarz,74.2,Gucci,S / IT 40 / EU 36,https://www.vinted.it/items/6919137376-gucci-seidenbluse-schwarz?referrer=catalog,6,6919137376,On Sale,,https://images1.vinted.net/t/03_01719_JsPCkgM6QhnEi9E5bepzKbKf/310x430/1755877740.jpeg?s=34b72d1581b091cdd3dae936e7209846d278a83b,1,1,
Miu miu bralette top,420.7,Miu Miu,L / IT 44 / EU 40,https://www.vinted.it/items/6919066602-miu-miu-bralette-top?referrer=catalog,0,6919066602,On Sale,,https://images1.vinted.net/t/04_00930_X4URpMGKqQhKCNE49UHE3Qkd/310x430/1755877214.jpeg?s=87384bbc9ec708f2b207dc6360167a66a175ef70,1,1,
Maglietta Gucci,37.45,Gucci,S / IT 40 / EU 36,https://www.vinted.it/items/6919038004-maglietta-gucci?referrer=catalog,14,6919038004,On Sale,,https://images1.vinted.net/t/02_01ee0_VchRSxhbugrqnYcRbVVDZou5/310x430/1755877006.jpeg?s=3a941bc7fd5f1047260ae2f260e4a6a8fe7bd410,1,1,
T-shirt Fendi,37.45,Fendi,L / IT 44 / EU 40,https://www.vinted.it/items/6918265030-t-shirt-fendi?referrer=catalog,3,6918265030,On Sale,,https://images1.vinted.net/t/02_00be6_zpLrZFTFQhvWJ42eWe9bGSum/310x430/1755871397.jpeg?s=63529f5410f9b673f9685fc309ff3b24b8ae0695,1,1,
Chemise Miu Miu 40-S Très Bon État,173.95,Miu Miu,S / IT 40 / EU 36,https://www.vinted.it/items/6917931881-chemise-miu-miu-40-s-tres-bon-etat?referrer=catalog,3,6917931881,On Sale,,https://images1.vinted.net/t/03_021fe_eqnwQiiqKZ6hMV8RPgA9qESR/310x430/1755869012.jpeg?s=268111e94d1cc8e271313047b5c36b188dec30de,1,1,
Top nero fendi jeans,47.95,Fendi,L / IT 44 / EU 40,https://www.vinted.it/items/6917553280-top-nero-fendi-jeans?referrer=catalog,4,6917553280,On Sale,,https://images1.vinted.net/t/04_0222d_JVQ34dqXjbavR63GJ6G2UsR7/310x430/1755866271.jpeg?s=c7f6cc6ab39b7406adc35ab988c5abcc6dde669d,1,1,
Tee shirt Gucci Taille 36/S,9.1,Gucci,S / IT 40 / EU 36,https://www.vinted.it/items/6917451720-tee-shirt-gucci-taille-36s?referrer=catalog,0,6917451720,On Sale,,https://images1.vinted.net/t/02_00285_Rr84nes3R6M271pJncAM2FPR/310x430/1755865511.jpeg?s=ba2ea65cc0113b44448f5ffe9bc290bcbab98c60,1,1,
Camicia Gucci🖤,142.45,Gucci,M / IT 42 / EU 38,https://www.vinted.it/items/6917124423-camicia-gucci?referrer=catalog,7,6917124423,On Sale,,https://images1.vinted.net/t/02_01651_kxaMAQDcEyyhchW3KTHV4Fvc/310x430/1755943734.jpeg?s=acb212ae70970bbf3921be7e926accf15a09a316,1,1,
Vintage 00s Miu Miu Strap Ballon Knitted Dress Size S 40 IT,58.45,Miu Miu,S / IT 40 / EU 36,https://www.vinted.it/items/6916406487-vintage-00s-miu-miu-strap-ballon-knitted-dress-size-s-40-it?referrer=catalog,1,6916406487,On Sale,,https://images1.vinted.net/t/03_02262_9ZF8QV6vzZNTSh5aFHbuFZH7/310x430/1755857469.jpeg?s=d90ca1c7426214658bf73316bc367069705aae39,1,1,
Tshirt Gucci,158.2,Gucci,L / IT 44 / EU 40,https://www.vinted.it/items/6916518092-tshirt-gucci?referrer=catalog,1,6916518092,On Sale,,https://images1.vinted.net/t/04_02088_MgiizfmVWKeU3RTezVPaPsSi/310x430/1755858303.jpeg?s=c402a48649235b0b6000197c784306c4ee385bba,1,1,
Gucci camisa,263.2,Gucci,L / IT 44 / EU 40,https://www.vinted.it/items/6916490243-gucci-camisa?referrer=catalog,2,6916490243,On Sale,,https://images1.vinted.net/t/03_01e8d_VrzZ3b8MndXnCczDR8FQNnT1/310x430/1755858095.jpeg?s=5ef78f1902efb180aa902fea245caaca546a6b0c,1,1,
Maglietta nera di Gucci in viscosa,79.45,Gucci,M / IT 42 / EU 38,https://www.vinted.it/items/6916477430-maglietta-nera-di-gucci-in-viscosa-poliammide-ed-elastan-taglia-m?referrer=catalog,5,6916477430,On Sale,,https://images1.vinted.net/t/02_01ab2_E3F1vGbHCQ4xTrgBRzFxeRay/310x430/1755857998.jpeg?s=b6705ac542555f53996862fb7c6345f3d19ad14d,1,1,
Camisola Miu Miu,63.7,Miu Miu,XS / IT 38 / EU 34,https://www.vinted.it/items/6903010044-camisola-miu-miu?referrer=catalog,19,6903010044,On Sale,,https://images1.vinted.net/t/01_0119a_VNJ9YQagD8h1wCJBALs9bbCk/310x430/1755683221.jpeg?s=9b6307085af39bebba8f64bca0ae51283718682d,1,1,
Top smanicato Fendi 100% seta donna taglia 40 elegante woman blusa senza maniche,32.2,Fendi,S / IT 40 / EU 36,https://www.vinted.it/items/6915919304-top-smanicato-fendi-100-seta-donna-taglia-40-elegante-woman-blusa-senza-maniche?referrer=catalog,2,6915919304,On Sale,,https://images1.vinted.net/t/04_017a4_cUAhpJ95zB5Padza7XUooyJZ/310x430/1755852447.jpeg?s=8ae31584494724872dbeb1df66ad6f59aa58aedc,1,1,
"T-shirt donna Gucci"" colore nera taglia XL",19.6,Gucci,XL / IT 46 / EU 42,https://www.vinted.it/items/6915788950-t-shirt-donna-gucci-colore-nera-taglia-xl?referrer=catalog,6,6915788950,On Sale,,https://images1.vinted.net/t/03_00416_6G9iQ5KD5rKbZkMD8U3FNZAJ/310x430/1755850876.jpeg?s=00d0a51119540ac2a39d6090d8adc47d72c57a9c,1,1,
T shirt oversize gucci,105.7,Gucci,M / IT 42 / EU 38,https://www.vinted.it/items/6915442771-t-shirt-oversize-gucci?referrer=catalog,2,6915442771,On Sale,,https://images1.vinted.net/t/03_017df_yfT7hZuGUcA19BMNrrpS58Ys/310x430/1755846102.jpeg?s=7899b4a65d0d0b9b441c6cbbc4b668fc4da3573a,1,1,
Fendi T-Shirt „Jokarl/Joker“ Gr. M,53.2,Fendi,M / IT 42 / EU 38,https://www.vinted.it/items/6915319796-fendi-t-shirt-jokarljoker-gr-m?referrer=catalog,0,6915319796,On Sale,,https://images1.vinted.net/t/02_00210_wq377ZDwj1m8gH6bRjFZAgbG/310x430/1755850524.jpeg?s=a55597b439be3df693762f8de8a340faa7e56f96,1,1,
Archival 00s Miu Miu Gemstone Polo Shirt Size M,84.7,Miu Miu,M / IT 42 / EU 38,https://www.vinted.it/items/6913629203-archival-00s-miu-miu-gemstone-polo-shirt-size-m?referrer=catalog,10,6913629203,On Sale,,https://images1.vinted.net/t/04_00208_Duzmt7rUpEHVCYayhxi9rL7Z/310x430/1755797810.jpeg?s=ae08206c871b3d4c0fb975ade8df063664f9a507,1,1,
T-shirt Gucci,30.1,Gucci,M / IT 42 / EU 38,https://www.vinted.it/items/6915255927-t-shirt-gucci?referrer=catalog,4,6915255927,On Sale,,https://images1.vinted.net/t/03_003e8_WRoiKQUNkHESSQCVbpbYZxBw/310x430/1755840986.jpeg?s=1b89986702577e4a1eed52be120021e8e04a2b51,1,1,
Silk Miu Miu top vintage,63.7,Miu Miu,S / IT 40 / EU 36,https://www.vinted.it/items/6913374274-silk-miu-miu-top-vintage?referrer=catalog,38,6913374274,On Sale,,https://images1.vinted.net/t/03_01d99_y1H52vsUDKgbFypzQB8nZZq7/310x430/1755795799.jpeg?s=39ff5f9e11c9a8666a4d2965dba9c5cbcbef5e13,1,1,
Canottiera Miu Miu,42.7,Miu Miu,XL / IT 46 / EU 42,https://www.vinted.it/items/6912965733-canottiera-miu-miu?referrer=catalog,2,6912965733,On Sale,,https://images1.vinted.net/t/03_0164c_ZzfyJxPWh1wxN8KgBdZUwQA6/310x430/1755792804.jpeg?s=be1200dd441b55e74de038cbb261c16bd75189da,1,1,
T-shirt,42.7,Miu Miu,L / IT 44 / EU 40,https://www.vinted.it/items/6913058245-t-shirt?referrer=catalog,9,6913058245,On Sale,,https://images1.vinted.net/t/04_00dcd_WCU8sij6DPV89L6tHGpUz4Ke/310x430/1755793471.jpeg?s=848d4c4f2e6115b7eeca137ecaddc91480910645,1,1,
Miu Miu Cotton Polo Shirt,263.2,Miu Miu,XS / IT 38 / EU 34,https://www.vinted.it/items/6914870465-miu-miu-cotton-polo-shirt?referrer=catalog,51,6914870465,On Sale,,https://images1.vinted.net/t/01_02048_bxYGZQx71JxjGt8CXtSjXK1A/310x430/1755810921.jpeg?s=677192e8f0f81a2742059e12742a81d891dae13c,1,1,
Débardeur,47.95,Miu Miu,M / IT 42 / EU 38,https://www.vinted.it/items/6901141528-debardeur?referrer=catalog,10,6901141528,On Sale,,https://images1.vinted.net/t/03_01736_52hGeZi48DdgfhrnCbrdtVMa/310x430/1755633450.jpeg?s=3081f0ef2733355aa91627f27eae9a6d2c08725e,1,1,
Gucci tshirt Xs perfetta paillettes,368.2,Gucci,XS / IT 38 / EU 34,https://www.vinted.it/items/6913959568-gucci-tshirt-xs-perfetta-paillettes?referrer=catalog,0,6913959568,On Sale,,https://images1.vinted.net/t/01_00702_LcS6eVhg214VYdUyyFM9gwLi/310x430/1755800611.jpeg?s=799ea852d3a9d683b5c2291656576665c2396531,1,1,
Top miu miu donna,105.69,Miu Miu,M / IT 42 / EU 38,https://www.vinted.it/items/6900019341-top-miu-miu-donna?referrer=catalog,0,6900019341,On Sale,,https://images1.vinted.net/t/01_000ed_gTVnYJWZvsuwCE1Qitaeuzh2/310x430/1755623437.jpeg?s=0e8765414e0ad493ccfbc9cacb8d345e739e9b4f,1,1,
Chemise Gucci homme,368.2,Gucci,S / IT 40 / EU 36,https://www.vinted.it/items/6913265940-chemise-gucci-homme?referrer=catalog,2,6913265940,On Sale,,https://images1.vinted.net/t/04_01de5_uJQpSTBxPGaif5iuamdq8dh6/310x430/1755794984.jpeg?s=94f388313b0455e540fe2d6689c055c45e3b83ba,1,1,
Gucci,26.95,Gucci,S / IT 40 / EU 36,https://www.vinted.it/items/6913225347-gucci?referrer=catalog,2,6913225347,On Sale,,https://images1.vinted.net/t/01_01c25_nF2gJxLTSLwGrUYsHdikZovP/310x430/1755794686.jpeg?s=b3edb0e281ad77213cc25277b865ba82607ebfa2,1,1,
Parallele Gucci,32.2,Gucci,S / IT 40 / EU 36,https://www.vinted.it/items/6912929697-parallele-gucci?referrer=catalog,1,6912929697,On Sale,,https://images1.vinted.net/t/01_00406_BuQGLuPoDjNzxs7dWNVWHUMv/310x430/1755792544.jpeg?s=b8636672ee82683d57f65eaf1c2fa9ae060c8840,1,1,
T-shirt women’s top M,68.95,Gucci,M / IT 42 / EU 38,https://www.vinted.it/items/6891475516-t-shirt-womens-top-m?referrer=catalog,56,6891475516,On Sale,,https://images1.vinted.net/t/04_007a1_eyhVGdG974LYUnZQm6zB5ds6/310x430/1755522685.jpeg?s=d19a568e8ca53745bc624c724a298471c5f4adfb,1,1,
Fendi,35.25,Fendi,S / IT 40 / EU 36,https://www.vinted.it/items/6912131294-fendi?referrer=catalog,4,6912131294,On Sale,,https://images1.vinted.net/t/04_010bf_csSeYUundHLW9Nq4kFVBfWyQ/310x430/1755786967.jpeg?s=e2ea706a9b672228d81a19eb494d559c36936d03,1,1,
Gucci T-shirt 100 % katoen XS,58.45,Gucci,XS / IT 38 / EU 34,https://www.vinted.it/items/6911848875-gucci-t-shirt-100-katoen-xs?referrer=catalog,0,6911848875,On Sale,,https://images1.vinted.net/t/01_00bfa_xySehnYR6qQJktAM5U28HvZH/310x430/1755784991.jpeg?s=a37de82f187cd30fdaaded6cf15a5720428566ec,1,1,
Jeanshemd,79.45,Miu Miu,M / IT 42 / EU 38,https://www.vinted.it/items/6911432304-jeanshemd?referrer=catalog,11,6911432304,On Sale,,https://images1.vinted.net/t/02_00db7_wtK9EYRzr2qtmrgGYermjji6/310x430/1755782073.jpeg?s=991979b2e09308870a518c4fc83399a63bb298ba,1,1,
Gucci striped top,63.7,Gucci,M / IT 42 / EU 38,https://www.vinted.it/items/6911526078-gucci-striped-top?referrer=catalog,5,6911526078,On Sale,,https://images1.vinted.net/t/02_00c3b_MVLj35MjoEwCMjR8PMPGM6q2/310x430/1755782734.jpeg?s=c92963e65876cde645fc2153d34ce534c53225cf,1,1,
Top Gucci,221.2,Gucci,S / IT 40 / EU 36,https://www.vinted.it/items/6911204172-top-gucci?referrer=catalog,3,6911204172,On Sale,,https://images1.vinted.net/t/04_00cf6_NSSHqwuyPmVBnQa1BtCEizKL/310x430/1755780448.jpeg?s=6d20f805a1cb3ad1f81a93c60bd6721c864b6c0e,1,1,
Gucci à manches longues,192.85,Gucci,M / IT 42 / EU 38,https://www.vinted.it/items/6910987984-gucci-a-manches-longues?referrer=catalog,1,6910987984,On Sale,,https://images1.vinted.net/t/01_00f80_S9ewZ9HZoMwuF3T4A8WcagZM/310x430/1755778870.jpeg?s=a2322d5f66506263d5271d473b754848d39e34ab,1,1,
T shirt gucci,104.65,Gucci,M / IT 42 / EU 38,https://www.vinted.it/items/6910524943-t-shirt-gucci?referrer=catalog,0,6910524943,On Sale,,https://images1.vinted.net/t/03_0090c_EudaJ8xx3TLJvY1eKuFHpZzK/310x430/1755775372.jpeg?s=d09e6c82463d696131b60b899a70b7ff8f84dbb3,1,1,
Débardeur MiuMiu Noir S,53.2,Miu Miu,S / IT 40 / EU 36,https://www.vinted.it/items/6910162142-debardeur-miumiu-noir-s?referrer=catalog,80,6910162142,On Sale,,https://images1.vinted.net/t/04_012db_oAJDbi2iCfHrXG4e8QZLsw8K/310x430/1755772493.jpeg?s=3cec450f00eb467bf6c389cdf38dea833aa9ce3e,1,1,
Débardeur MiuMiu S,53.2,Miu Miu,S / IT 40 / EU 36,https://www.vinted.it/items/6910119038-debardeur-miumiu-s?referrer=catalog,28,6910119038,On Sale,,https://images1.vinted.net/t/03_023a3_oMRRYYya2vLQSjrG15KPGGpP/310x430/1755772148.jpeg?s=76771ab5d7af75c8b854f63d443091868e49fbe2,1,1,
T-shirt Gucci Garden,95.2,Gucci,S / IT 40 / EU 36,https://www.vinted.it/items/6908785572-t-shirt-gucci-garden?referrer=catalog,2,6908785572,On Sale,,https://images1.vinted.net/t/03_023d2_CDjGqHBQizUfwkK1o9oLwwSs/310x430/1755758111.jpeg?s=2701022d5ab0f5be54424125a9a16840c988553f,1,1,
Maglietta Gucci,95.2,Gucci,XS / IT 38 / EU 34,https://www.vinted.it/items/6908328863-maglietta-gucci?referrer=catalog,2,6908328863,On Sale,,https://images1.vinted.net/t/01_00270_PHn8qRWDbw5KN4cEUcRTeFTX/310x430/1755725480.jpeg?s=a6d08e067d23c49d7b7d8f5fc59d2f0a05fccaf7,1,1,
Miu Miu archival yellow sleeveless shirt 💛,68.95,Miu Miu,S / IT 40 / EU 36,https://www.vinted.it/items/6895026060-miu-miu-archival-yellow-sleeveless-shirt?referrer=catalog,8,6895026060,On Sale,,https://images1.vinted.net/t/02_00aef_oRviAo1UVxGNCrADTKopUB1P/310x430/1755552373.jpeg?s=fedccba03d2a89d1d3d991c35cb4fa08cbb7e368,1,1,
Vintage Miu Miu Bluse besonderer Kragen weiß,76.3,Miu Miu,XS / IT 38 / EU 34,https://www.vinted.it/items/6905864005-vintage-miu-miu-bluse-besonderer-kragen-weiss?referrer=catalog,44,6905864005,On Sale,,https://images1.vinted.net/t/01_00489_M9caWzHXfHL6qXfNumu1v2h9/310x430/1755703476.jpeg?s=0e428fa7192e7d3806994a75add0ead7a75053fa,1,1,
Fendi t-shirt,47.95,Fendi,S / IT 40 / EU 36,https://www.vinted.it/items/6907522487-fendi-t-shirt?referrer=catalog,2,6907522487,On Sale,,https://images1.vinted.net/t/01_01a45_BCsr5BgFd3WsJ4EWccdzaVev/310x430/1755715901.jpeg?s=3cec4d6dcd98f148d826d0f784f0de13bd6948f3,1,1,
Gucci t-shirt maglia donna bianca con strass y2k,53.2,Gucci,S / IT 40 / EU 36,https://www.vinted.it/items/6905709455-gucci-t-shirt-maglia-donna-bianca-con-strass-y2k?referrer=catalog,5,6905709455,On Sale,,https://images1.vinted.net/t/01_01061_tfcXkkcKVKUkGYZDRXHi3xgA/310x430/1755714206.jpeg?s=91b57d932e26dd3625aaae0012d00707d5e14187,1,1,
Tee Shirt GUCCi,21.7,Gucci,M / IT 42 / EU 38,https://www.vinted.it/items/6907161850-tee-shirt-gucci?referrer=catalog,1,6907161850,On Sale,,https://images1.vinted.net/t/02_00e28_9y8PayQsRFKdxbXkYfrAJh7x/310x430/1755783800.jpeg?s=9c9d240947813d7e559c89c2db542b89bd3916a6,1,1,
Top miumiu à noeuds épaules noir logo pailleté,53.2,Miu Miu,S / IT 40 / EU 36,https://www.vinted.it/items/6893440299-top-miumiu-a-noeuds-epaules-noir-logo-paillete?referrer=catalog,32,6893440299,On Sale,,https://images1.vinted.net/t/02_0265e_2rVsp81ymnh3fAxncjkQ3SBC/310x430/1755536667.jpeg?s=4c8d08b8e494a417f14875a4acfaae865a901ea4,1,1,
Beige Rose Gucci Top,378.7,Gucci,XS / IT 38 / EU 34,https://www.vinted.it/items/6906771722-beige-rose-gucci-top?referrer=catalog,4,6906771722,On Sale,,https://images1.vinted.net/t/01_00c23_bDnV5fX9YxZoiP7VvM9pmUVi/310x430/1755709787.jpeg?s=a9f9946c58dd1cf132fa69ee418572c2513121c4,1,1,
Élégant polo Miu Miu bleu marine,137.2,Miu Miu,S / IT 40 / EU 36,https://www.vinted.it/items/6906514111-elegant-polo-miu-miu-bleu-marine-revisite-avec-un-col-a-carreaux-bleu-et-blanc?referrer=catalog,24,6906514111,On Sale,,https://images1.vinted.net/t/04_0239b_23Ucx8iCHHeTEp3QgszWsskd/310x430/1755707923.jpeg?s=e6c433301b9775a7d3f649858f540fe9f5b07a74,1,1,
Gucci T-Shirt mit Brosche Damen Größe XL schwarz,189.7,Gucci,XL / IT 46 / EU 42,https://www.vinted.it/items/6906285693-gucci-t-shirt-mit-brosche-damen-grosse-xl-schwarz?referrer=catalog,0,6906285693,On Sale,,https://images1.vinted.net/t/04_003a4_sqMmc1wAyJVdSFaTFCLJvStN/310x430/1755706326.jpeg?s=027ced00dfb6228226509eb23d39886d374c1c1e,1,1,
Haut en maille,40.6,Fendi,XS / IT 38 / EU 34,https://www.vinted.it/items/6904867282-haut-en-maille?referrer=catalog,5,6904867282,On Sale,,https://images1.vinted.net/t/03_006ca_n6scqf566wCU7ThV3PBTDS3r/310x430/1755702647.jpeg?s=7c555fd4549ee0cec84d6f27bb0a0ff8b5a3bb8f,1,1,
Camiseta GUCCI,24.85,Gucci,L / IT 44 / EU 40,https://www.vinted.it/items/6905614844-camiseta-gucci?referrer=catalog,1,6905614844,On Sale,,https://images1.vinted.net/t/04_02664_oq4rGCZye2EXDHm4gzUYfrZi/310x430/1755701819.jpeg?s=666205f24a8a1141c27bd48c63eae0461c6919d1,1,1,
Volledig ongebruikt.,37.45,Gucci,M / IT 42 / EU 38,https://www.vinted.it/items/6905569771-volledig-ongebruikt?referrer=catalog,8,6905569771,On Sale,,https://images1.vinted.net/t/03_0237d_DSCgmTRpZPpsdZp8J8Cuxark/310x430/1755701524.jpeg?s=620dd3c9bbf2e73f0eadbc99d8c383595625225e,1,1,
T shirt Fendi gialla taglia S con stampa,40.6,Fendi,S / IT 40 / EU 36,https://www.vinted.it/items/6905085634-t-shirt-fendi-gialla-taglia-s-con-stampa?referrer=catalog,2,6905085634,On Sale,,https://images1.vinted.net/t/03_02224_DTuMSmK8FCQcXSwJp2aZ4Jdr/310x430/1755698315.jpeg?s=3569dac109fc55783786a93aac59b6100d67b38a,1,1,
Saint Laurent Rive Gauche blouse,79.45,Yves Saint Laurent,S / IT 40 / EU 36,https://www.vinted.it/items/6949800863-saint-laurent-rive-gauche-blouse?referrer=catalog,0,6949800863,On Sale,,https://images1.vinted.net/t/03_01dfb_ZW3Qe2bbsiPZqWYt3pbo3k8h/310x430/1756239620.jpeg?s=062ba722d7a6411bdd3a4a20f14094ff1273a3e9,1,1,
t-shirt,42.7,Fendi,M / IT 42 / EU 38,https://www.vinted.it/items/6949584650-t-shirt?referrer=catalog,2,6949584650,On Sale,,https://images1.vinted.net/t/03_02499_NvajsHmYdW6mTv3oVQmJRY8f/310x430/1756237421.jpeg?s=0858c8cbcd09e679152ad653f603372bcff55480,1,1,
Top corto,32.2,Fendi,S / IT 40 / EU 36,https://www.vinted.it/items/6949455822-top-corto?referrer=catalog,3,6949455822,On Sale,,https://images1.vinted.net/t/02_0038f_sEv3vNjg1Z48hM2hv7YtAbqR/310x430/1756236246.jpeg?s=1c8430ac5e4780802fef151d948218fa58cd7f54,1,1,
Haut Miu Miu,53.2,Miu Miu,S / IT 40 / EU 36,https://www.vinted.it/items/6948944125-haut-miu-miu?referrer=catalog,4,6948944125,On Sale,,https://images1.vinted.net/t/02_0242e_9W7FZ1oq9Rnorrquz3fGeCwx/310x430/1756231961.jpeg?s=dcb49bfb41948af1d82f512b38a3dd461a0d35b1,1,1,
Blusa di Yves Saint Laurent Rive Gauche,189.7,Yves Saint Laurent,S / IT 40 / EU 36,https://www.vinted.it/items/6949317622-blusa-di-yves-saint-laurent-rive-gauche?referrer=catalog,0,6949317622,On Sale,,https://images1.vinted.net/t/02_00661_ESYoY9CQGH3hmFEg36coUFdb/310x430/1756235039.jpeg?s=d1f4108bcf397ed43628bb255f0f26ca937e5a70,1,1,
Shirt Miu Miu,126.7,Miu Miu,M / IT 42 / EU 38,https://www.vinted.it/items/6949286090-shirt-miu-miu?referrer=catalog,2,6949286090,On Sale,,https://images1.vinted.net/t/02_00a54_eEtBPWUqixtboUK2EL7tCz3V/310x430/1756234767.jpeg?s=bb6c47cf4715b9fc8c061e1f48ed23a38762caf7,1,1,
Tee-shirts,2.28,Fendi,L / IT 44 / EU 40,https://www.vinted.it/items/6949166023-tee-shirts?referrer=catalog,2,6949166023,On Sale,,https://images1.vinted.net/t/03_00142_XcGPKiN4LP6ESbji7mv2fsEY/310x430/1756233767.jpeg?s=cd9521e047a184ec5d3ed9ebe40e0cb859bc7d63,1,1,
Shirt Gucci,104.65,Gucci,XL / IT 46 / EU 42,https://www.vinted.it/items/6948879815-shirt-gucci?referrer=catalog,0,6948879815,On Sale,,https://images1.vinted.net/t/03_01be6_agiLjkTXrG5RPjqFUvZzterX/310x430/1756231449.jpeg?s=3b9f241aecd8f43b4d80a9eb1d51c2e32a5f1ac0,1,1,
Maglieria Donna Miu Miu S,74.2,Miu Miu,S / IT 40 / EU 36,https://www.vinted.it/items/6947336274-maglieria-donna-miu-miu-s?referrer=catalog,24,6947336274,On Sale,,https://images1.vinted.net/t/04_01fbb_TPgSWzWYPKbYKk3gn7ewpmTv/310x430/1756220788.jpeg?s=04fd569cd1c83ba265819445d16ea42ffdefcb3f,1,1,
Miu Miu t shirt,121.45,Miu Miu,M / IT 42 / EU 38,https://www.vinted.it/items/6948777411-miu-miu-t-shirt?referrer=catalog,5,6948777411,On Sale,,https://images1.vinted.net/t/04_00431_WCD7C64UWhB67CRKSiMbMhTM/310x430/1756230656.jpeg?s=fcebf0fce91fd7ee2505b9adc61c219ae5a5079c,1,1,
Gucci - t-shirt,389.2,Gucci,S / IT 40 / EU 36,https://www.vinted.it/items/6948771745-gucci-t-shirt?referrer=catalog,0,6948771745,On Sale,,https://images1.vinted.net/t/04_016c2_Bdamc7iHzvBjRdebpJJJQspU/310x430/1756230613.jpeg?s=7269281a72bbeaff0090ee0066157ce3800527f4,1,1,
Miu Miu white shirt,110.95,Miu Miu,S / IT 40 / EU 36,https://www.vinted.it/items/6948697650-miu-miu-white-shirt?referrer=catalog,14,6948697650,On Sale,,https://images1.vinted.net/t/01_022f0_kFnUYbVw6yFch8SjQ68XA3bF/310x430/1756230052.jpeg?s=88a8dd40ce71d7a8cf22f62d3c0e50658744bd34,1,1,
Stylisches Gucci T-Shirt GG,100.45,Gucci,M / IT 42 / EU 38,https://www.vinted.it/items/6948652059-stylisches-gucci-t-shirt-gg?referrer=catalog,0,6948652059,On Sale,,https://images1.vinted.net/t/04_00431_Y2YQDokSN9uhBUmjybp7UaKR/310x430/1756229712.jpeg?s=d13a915b65c5a4fcc94ca14271c9a9904de0edcc,1,1,
T-shirt Gucci,13.29,Gucci,XXL / IT 48 / EU 44,https://www.vinted.it/items/6943201682-t-shirt-gucci?referrer=catalog,1,6943201682,On Sale,,https://images1.vinted.net/t/02_00ed9_8b3hysJzfDrCnWFfSNnxpZ7w/310x430/1756158277.jpeg?s=c3367b9bc6b500a7a5fe401140d6e0da8a49b069,1,1,
T shirt gucci,3.85,Gucci,L / IT 44 / EU 40,https://www.vinted.it/items/6948507229-t-shirt-gucci?referrer=catalog,0,6948507229,On Sale,,https://images1.vinted.net/t/04_0078c_6uCj72Y658rQKcijxyfWfwag/310x430/1756228650.jpeg?s=6d7e09a7f308f0550fcf37c1e786a123a4a295bf,1,1,
Fendi t-shirt in black S/M baguette bag design,116.2,Fendi,S / IT 40 / EU 36,https://www.vinted.it/items/6948417383-fendi-t-shirt-in-black-sm-baguette-bag-design?referrer=catalog,0,6948417383,On Sale,,https://images1.vinted.net/t/03_01c4d_HBUuRzaRqHzvHzAr9yF3e1bx/310x430/1756228015.jpeg?s=ca815493c976142f7dccdfa507067b88e2cd3008,1,1,
Haut d été,105.7,Yves Saint Laurent,L / IT 44 / EU 40,https://www.vinted.it/items/6948394144-haut-d-ete?referrer=catalog,1,6948394144,On Sale,,https://images1.vinted.net/t/04_00a04_HjLKjqkHp6ZiVNMixjKVpoVP/310x430/1756227854.jpeg?s=d87bf392f6fd988fff31d9a6c7cf65fef29f5f30,1,1,
T shirt pesci,158.2,Gucci,M / IT 42 / EU 38,https://www.vinted.it/items/6948300662-t-shirt-pesci?referrer=catalog,2,6948300662,On Sale,,https://images1.vinted.net/t/04_001b5_xAqrtSk9Pnzk9jt8RtT5UPQv/310x430/1756227208.jpeg?s=987a90c529bd4c6ad8035326c0ceb5811b60d80f,1,1,
Miu Miu Vintage Silk Blouse,189.7,Miu Miu,S / IT 40 / EU 36,https://www.vinted.it/items/6948071249-miu-miu-vintage-silk-blouse?referrer=catalog,1,6948071249,On Sale,,https://images1.vinted.net/t/02_00638_BaBVkgw8Urf7YewNR93TzXNR/310x430/1756225648.jpeg?s=1068287534c28bf62068f0549081900244fec56f,1,1,
Gucci setta,263.2,Gucci,L / IT 44 / EU 40,https://www.vinted.it/items/6947423739-gucci-setta?referrer=catalog,0,6947423739,On Sale,,https://images1.vinted.net/t/04_01e5b_7Uvq342ExkP434PoFGebPKY7/310x430/1756221363.jpeg?s=7a0e5497ee8e248741e779bacad655b888ce91b0,1,1,
C58 t-shirt noir Gucci S,26.95,Gucci,S / IT 40 / EU 36,https://www.vinted.it/items/6947398420-c58-t-shirt-noir-gucci-s?referrer=catalog,0,6947398420,On Sale,,https://images1.vinted.net/t/04_0252d_xY7p8pRAkzXB2d84ssxBbr2x/310x430/1756221198.jpeg?s=93a3e5d627b8413ebdd005ea354ee27e8a20e716,1,1,
Shirt von Gucci in Beige Gr. M V3-Z72867,154.41,Gucci,M / IT 42 / EU 38,https://www.vinted.it/items/6947302090-shirt-von-gucci-in-beige-gr-m-v3-z72867?referrer=catalog,0,6947302090,On Sale,,https://images1.vinted.net/t/04_01136_u9Bz2h1uUkxNTv6TXyLTNCL7/310x430/1756220562.jpeg?s=a9a1c52fc42ef104d8d6f442ed24a2bcc429335c,1,1,
T-shirt women’s M,94.15,Gucci,M / IT 42 / EU 38,https://www.vinted.it/items/6946360048-t-shirt-womens-m?referrer=catalog,0,6946360048,On Sale,,https://images1.vinted.net/t/02_00a20_W9popzhXceUKhPRbP1J6wgXC/310x430/1756214259.jpeg?s=9803f875c23810b112dc5e74ea1a28a286696b9b,1,1,
Fendi top small,32.2,Fendi,S / IT 40 / EU 36,https://www.vinted.it/items/6947239145-fendi-top-small?referrer=catalog,8,6947239145,On Sale,,https://images1.vinted.net/t/01_01e94_wMEvxgjjxA2XTraLxngW4iWW/310x430/1756220146.jpeg?s=b85c2fd47d736f690bd43326b6008a87f5d9ea69,1,1,
Cashmere and silk polo shirt-style sweater,95.2,Miu Miu,XS / IT 38 / EU 34,https://www.vinted.it/items/6932552507-cashmere-and-silk-polo-shirt-style-sweater?referrer=catalog,36,6932552507,On Sale,,https://images1.vinted.net/t/03_02030_pNsktfn9HNy5TtMdssxN2cRA/310x430/1756046466.jpeg?s=25d4c901027599a72ff6ee9042f64daab73c5736,1,1,
Vintage silk shirt by Yves Saint Laurent rive gauche,84.7,Yves Saint Laurent,S / IT 40 / EU 36,https://www.vinted.it/items/6947181586-vintage-silk-shirt-by-yves-saint-laurent-rive-gauche?referrer=catalog,9,6947181586,On Sale,,https://images1.vinted.net/t/02_00ddb_UqhYpqrbXXjYo25QurU4zgup/310x430/1756219768.jpeg?s=0e10e6e22885a78b59af13153dc2b42b620f60d8,1,1,
Maglietta lilla,11.2,Yves Saint Laurent,XS / IT 38 / EU 34,https://www.vinted.it/items/6947128148-maglietta-lilla?referrer=catalog,1,6947128148,On Sale,,https://images1.vinted.net/t/03_007be_QN11jteToXy1L8hDtR9ZmccN/310x430/1756219413.jpeg?s=c613e1ee2570aee983770a221bea30931b6cf2b1,1,1,
t-shirt gucci,7.0,Gucci,M / IT 42 / EU 38,https://www.vinted.it/items/6947122278-t-shirt-gucci?referrer=catalog,20,6947122278,On Sale,,https://images1.vinted.net/t/01_0252e_o6GeJmv1ZjEBmfYkfQiRL7KL/310x430/1756219374.jpeg?s=fb3b2848bd638f2f04047e0f1cfde2713316e429,1,1,
Gucci top,68.95,Gucci,S / IT 40 / EU 36,https://www.vinted.it/items/6946942372-gucci-top?referrer=catalog,16,6946942372,On Sale,,https://images1.vinted.net/t/02_0240f_57wxuFbJZ8AaxaJE8fe9z8Jv/310x430/1756218179.jpeg?s=6cea0bde8d898459d5edac8238477da6a409f742,1,1,
Débardeur MiuMiu Noir S,47.95,Miu Miu,S / IT 40 / EU 36,https://www.vinted.it/items/6931885921-debardeur-miumiu-noir-s?referrer=catalog,10,6931885921,On Sale,,https://images1.vinted.net/t/01_017b7_qeK6k2XHvgPpb3mcs2LzWZEL/310x430/1756042908.jpeg?s=f815a71d3364de4e4af1a823628dcfd443add051,1,1,
Maglia basic,42.7,Miu Miu,M / IT 42 / EU 38,https://www.vinted.it/items/6931826413-maglia-basic?referrer=catalog,4,6931826413,On Sale,,https://images1.vinted.net/t/03_00a7f_oijUgSD72SPW2xYrE2k3d933/310x430/1756042588.jpeg?s=2fc08700aeb34f3e69dae8deb79e79d061a1d52a,1,1,
Gucci camicia seta tg 44,105.7,Gucci,L / IT 44 / EU 40,https://www.vinted.it/items/6946457474-gucci-camicia-seta-tg-44?referrer=catalog,4,6946457474,On Sale,,https://images1.vinted.net/t/04_01540_yGt69ywt77H1fEt29DaBiXoM/310x430/1756214923.jpeg?s=b724204cb839536f7a1ee9beeb16e6b993858630,1,1,
Miu miu mohair top,116.2,Miu Miu,L / IT 44 / EU 40,https://www.vinted.it/items/6946277320-miu-miu-mohair-top?referrer=catalog,11,6946277320,On Sale,,https://images1.vinted.net/t/04_00390_Qs5un5hePaSRG1XQvB3CvGjd/310x430/1756213692.jpeg?s=6466adc5619b98d9b2fdbf0522acfe6a7b18ac2e,1,1,
Top Miu Miu,26.95,Miu Miu,L / IT 44 / EU 40,https://www.vinted.it/items/6946187815-top-miu-miu?referrer=catalog,16,6946187815,On Sale,,https://images1.vinted.net/t/01_01a2e_4FyugTHMoJi35wnUZGvgxgFT/310x430/1756213084.jpeg?s=48bfe0b46303a9df82bea0e7a14b140fcee29c7b,1,1,
Chemise Gucci blanche – col tailleur & boutons siglés,53.2,Gucci,M / IT 42 / EU 38,https://www.vinted.it/items/6946168437-chemise-gucci-blanche-col-tailleur-boutons-sigles?referrer=catalog,14,6946168437,On Sale,,https://images1.vinted.net/t/03_01e07_gYXdcMPkfJmz6g2PSAMtp1cd/310x430/1756212953.jpeg?s=1ca352a722333a30199d5d211af0f57417a30303,1,1,
Chemise Gucci femme S 100% coton vintage,32.2,Gucci,S / IT 40 / EU 36,https://www.vinted.it/items/6946108367-chemise-gucci-femme-s-100-coton-vintage?referrer=catalog,4,6946108367,On Sale,,https://images1.vinted.net/t/04_008d5_BPt4WDWjDh4K8Uat73zi4DP5/310x430/1756212538.jpeg?s=e3e31d53ecf49fda450ea08c92b7e1d5bc4a5bbe,1,1,
Top Sin mangas Miu Miu,26.95,Miu Miu,M / IT 42 / EU 38,https://www.vinted.it/items/6946098364-top-sin-mangas-miu-miu?referrer=catalog,102,6946098364,On Sale,,https://images1.vinted.net/t/03_021fc_2zRA4VztkdGLX8TXM9x3XgJm/310x430/1756212467.jpeg?s=6470809af31026c58a91aa7eb8c011d2b923a29d,1,1,
Miu Miu Bluse It 42,368.2,Miu Miu,M / IT 42 / EU 38,https://www.vinted.it/items/6946017156-miu-miu-bluse-it-42?referrer=catalog,5,6946017156,On Sale,,https://images1.vinted.net/t/03_00589_kNDUtfhJ2fFsdoYqugB6S8G8/310x430/1756211900.jpeg?s=bf295597908324f880c9351775b494fcf5ae4f0e,1,1,
T-shirt Gucci,53.2,Gucci,M / IT 42 / EU 38,https://www.vinted.it/items/6945722350-t-shirt-gucci?referrer=catalog,0,6945722350,On Sale,,https://images1.vinted.net/t/03_02622_UuwncFvsaxHsArR2LRyeXS5v/310x430/1756209810.jpeg?s=91e3522213bcccc7e11564dc44dcffc6e9504c48,1,1,
Golden Yves Saint Laurent silk top,80.5,Yves Saint Laurent,L / IT 44 / EU 40,https://www.vinted.it/items/6945187223-golden-yves-saint-laurent-silk-top?referrer=catalog,10,6945187223,On Sale,,https://images1.vinted.net/t/04_00f0f_CzTKRw3p5t9jWVnyt5FtCMZh/310x430/1756205852.jpeg?s=a20118a4362d0dcfb18608fc21de258777e77e79,1,1,
Blouse en soie Gucci.,116.2,Gucci,L / IT 44 / EU 40,https://www.vinted.it/items/6945152760-blouse-en-soie-gucci?referrer=catalog,8,6945152760,On Sale,,https://images1.vinted.net/t/03_00685_24pk8GEGgVDEUoUnjCF2CQRJ/310x430/1756205592.jpeg?s=f31a69bab4ab68f7ffac580f96825ff448725339,1,1,
Camicia Gucci,310.45,Gucci,Altro,https://www.vinted.it/items/6945000621-camicia-gucci?referrer=catalog,0,6945000621,On Sale,,https://images1.vinted.net/t/04_01caf_HJRGz2LdYUAWXj5yq2USeNkm/310x430/1756204436.jpeg?s=d17a16e829110a8abfa8ba98143281d04da1a801,1,1,
Maglia Dolcevita Fendi,89.95,Fendi,L / IT 44 / EU 40,https://www.vinted.it/items/6944978093-maglia-dolcevita-fendi?referrer=catalog,1,6944978093,On Sale,,https://images1.vinted.net/t/03_01839_1dRjVSZSD8ZzHMuWmfZyzSNS/310x430/1756204264.jpeg?s=b41ca7d11853ed39b396d2f297fcd7f15b421147,1,1,
Top Gucci tamanho XS,26.95,Gucci,XS / IT 38 / EU 34,https://www.vinted.it/items/6944934138-top-gucci-tamanho-xs?referrer=catalog,5,6944934138,On Sale,,https://images1.vinted.net/t/03_013ef_ppTY3oMFkNfkq9X59vWSmUsY/310x430/1756203924.jpeg?s=fd9616b211c78ee81f6f251633e793a2dcc8c561,1,1,
Maglietta gucci bianca,42.7,Gucci,XS / IT 38 / EU 34,https://www.vinted.it/items/6944846466-maglietta-gucci-bianca?referrer=catalog,2,6944846466,On Sale,,https://images1.vinted.net/t/01_0187d_fqvKmuq29wnMfyNxkXckaK1Z/310x430/1756203257.jpeg?s=bde5b78c2546e0a057bbca2bd56e3bdd456f6d1a,1,1,
T shirt Gucci,105.7,Gucci,XL / IT 46 / EU 42,https://www.vinted.it/items/6944809688-t-shirt-gucci?referrer=catalog,0,6944809688,On Sale,,https://images1.vinted.net/t/02_00a6b_T8DWTK4iwRr2mRKYRj9Qoyc4/310x430/1756202974.jpeg?s=1e5e69f112059c5bb761a1984ed3635ea37ba412,1,1,
T-shirt croc top débardeur top femme rouge,68.95,Miu Miu,M / IT 42 / EU 38,https://www.vinted.it/items/6944586028-t-shirt-croc-top-debardeur-top-femme-rouge?referrer=catalog,14,6944586028,On Sale,,https://images1.vinted.net/t/02_01ede_L4uRBNXNhFi9Z1Wry84gqx8h/310x430/1756201261.jpeg?s=46da255b489fc4488079c95721cc4ba4544d581f,1,1,
Dames T-shirt met Gucci print maat M halve borstomtrek 51 cm,47.95,Gucci,M / IT 42 / EU 38,https://www.vinted.it/items/6944416552-dames-t-shirt-met-gucci-print-maat-m-halve-borstomtrek-51-cm-100-katoen?referrer=catalog,8,6944416552,On Sale,,https://images1.vinted.net/t/04_01198_dDVtmE31ZjzjnjVekQ1rRSUg/310x430/1756199910.jpeg?s=bab8a546f57d5f638f96f634896127e1a189f73c,1,1,
Camicia Fendi fucsia tg 42,105.7,Fendi,M / IT 42 / EU 38,https://www.vinted.it/items/6944085846-camicia-fendi-fucsia-tg-42?referrer=catalog,0,6944085846,On Sale,,https://images1.vinted.net/t/04_023e2_YkqqLYNB7cyvpRbwbe3qzptq/310x430/1756196943.jpeg?s=a69981e35a2f498d2b1eafa74e3b289b6366f207,1,1,
Gucci Chateau Marmont T-Shirt,263.2,Gucci,XS / IT 38 / EU 34,https://www.vinted.it/items/6944003123-gucci-chateau-marmont-t-shirt?referrer=catalog,2,6944003123,On Sale,,https://images1.vinted.net/t/03_01222_FyK3Bfm6GptvKerriMhttnDd/310x430/1756196091.jpeg?s=41ae7c1e8f31cb8408db30f7c426652a3b44a46d,1,1,
Bluse von Saint Laurent in Mehrfarbig Gr. S U3-Z37116,168.69,Yves Saint Laurent,S / IT 40 / EU 36,https://www.vinted.it/items/6943942142-bluse-von-saint-laurent-in-mehrfarbig-gr-s-u3-z37116?referrer=catalog,3,6943942142,On Sale,,https://images1.vinted.net/t/03_0080d_uZAMZWiGGXXme8WR4MYiEsPR/310x430/1756195402.jpeg?s=52017b1848a1b9b7576605a7be3420c846241c50,1,1,
Blouse Miu Miu,26.95,Miu Miu,XS / IT 38 / EU 34,https://www.vinted.it/items/6928481492-blouse-miu-miu?referrer=catalog,1,6928481492,On Sale,,https://images1.vinted.net/t/03_0262e_pcoUGY7De4pAf2CHK323Wqwn/310x430/1756021545.jpeg?s=264ef9d3d1b554bdbadebf97013eb2fd4ebc5b31,1,1,
Maglietta nera donna Gucci,10.15,Gucci,M / IT 42 / EU 38,https://www.vinted.it/items/6943715708-maglietta-nera-donna-gucci?referrer=catalog,6,6943715708,On Sale,,https://images1.vinted.net/t/01_026f6_wAXc1tmoPzNhGpK46peVUXu7/310x430/1756192301.jpeg?s=46eb0097235dec690c130cfd3a54bcf1dca17ac7,1,1,
Top blusa,42.7,Miu Miu,S / IT 40 / EU 36,https://www.vinted.it/items/6942136376-top-blusa?referrer=catalog,1,6942136376,On Sale,,https://images1.vinted.net/t/02_02132_WnkQm4aHV5SqQQEMPXFKwp9H/310x430/1756146708.jpeg?s=1cf7ea68e3d05e2ba1510e3b8f1e83fcd6f76594,1,1,
Fendi T-Shirt,21.7,Fendi,M / IT 42 / EU 38,https://www.vinted.it/items/6943246948-fendi-t-shirt?referrer=catalog,20,6943246948,On Sale,,https://images1.vinted.net/t/02_01897_7iHhGf8Mgfwd64hWjagbF5gZ/310x430/1756159430.jpeg?s=90d260060db3ab71f1406c030b3bbacf406c9774,1,1,
Chemise homme Gucci 41 ''C2'',60.55,Gucci,L / IT 44 / EU 40,https://www.vinted.it/items/6942079477-chemise-homme-gucci-41-c2?referrer=catalog,8,6942079477,On Sale,,https://images1.vinted.net/t/02_0221f_tDyHk4PreRYfkMpgdepDqjkG/310x430/1756146269.jpeg?s=2b3d11f7e66818ce69d8f0527ba28911fd7ff28f,1,1,
Gucci,16.45,Gucci,L / IT 44 / EU 40,https://www.vinted.it/items/6941951801-gucci?referrer=catalog,8,6941951801,On Sale,,https://images1.vinted.net/t/04_00743_J5tifJZmqAvgkkerS4VYJnj5/310x430/1756145311.jpeg?s=036dde063873169a3122d6ced0be3e10d7c6f97b,1,1,
Débardeur Gucci,89.95,Gucci,M / IT 42 / EU 38,https://www.vinted.it/items/6941938927-debardeur-gucci?referrer=catalog,23,6941938927,On Sale,,https://images1.vinted.net/t/02_0207d_tHfhjHsHNxQFEBu4Kh2MomD5/310x430/1756145213.jpeg?s=82d4e065571f3e536e61c668f2f04e3e019ca829,1,1,
100% cashmere black Yves Saint Laurent top S,100.45,Yves Saint Laurent,S / IT 40 / EU 36,https://www.vinted.it/items/6941730936-100-cashmere-black-yves-saint-laurent-top-s?referrer=catalog,76,6941730936,On Sale,,https://images1.vinted.net/t/02_02294_gcgYcA8fbPEAACiskETncoy5/310x430/1756145034.jpeg?s=c068db97c2b190b328cbe897d407c39626158408,1,1,
Camicia nera Donna Gucci,30.86,Gucci,S / IT 40 / EU 36,https://www.vinted.it/items/6941672250-camicia-nera-donna-gucci?referrer=catalog,4,6941672250,On Sale,,https://images1.vinted.net/t/04_01a08_YtVPQnmLKXn7mDBvVCSueDKd/310x430/1756143311.jpeg?s=c1eaf4e0b55da046929adac22379ddfc7e741b97,1,1,
Camicia Miu Miu vintage a fiori taglia 42 come nuova!,100.45,Miu Miu,M / IT 42 / EU 38,https://www.vinted.it/items/6926472744-camicia-miu-miu-vintage-a-fiori-taglia-42-come-nuova?referrer=catalog,37,6926472744,On Sale,,https://images1.vinted.net/t/02_01e44_UWs7MezwtUVy9T4x6SGVXLWP/310x430/1755969178.jpeg?s=711db5aa28f62e6758d8d321e3874ec43682c19b,1,1,
Miu Miu vintage satin camisole,121.45,Miu Miu,L / IT 44 / EU 40,https://www.vinted.it/items/6941525324-miu-miu-vintage-satin-camisole?referrer=catalog,191,6941525324,On Sale,,https://images1.vinted.net/t/04_00dc7_nRvmg3mXDapnWZSuvjpLdxpp/310x430/1756142310.jpeg?s=7f2abcc4104d668468dba37165687585abd7ac74,1,1,
chemise Gucci💎camisa camisera Gucci,58.45,Gucci,S / IT 40 / EU 36,https://www.vinted.it/items/6941478723-chemise-guccicamisa-camisera-gucci?referrer=catalog,2,6941478723,On Sale,,https://images1.vinted.net/t/02_02484_TkwM3mFUrZSWQ9L1c1vCbco6/310x430/1756142000.jpeg?s=c32c10ad9c1481d75835fda9721cb5464e411476,1,1,
Top FENDI,21.7,Fendi,S / IT 40 / EU 36,https://www.vinted.it/items/6941416863-top-fendi?referrer=catalog,4,6941416863,On Sale,,https://images1.vinted.net/t/01_02470_zrLhTu2qTEmznw55t46t3sie/310x430/1756141589.jpeg?s=7ff8731fc78177f7596b7ee969deae743b5329c9,1,1,
T shirt Yves saint laurent,37.45,Yves Saint Laurent,M / IT 42 / EU 38,https://www.vinted.it/items/6941286346-t-shirt-yves-saint-laurent?referrer=catalog,1,6941286346,On Sale,,https://images1.vinted.net/t/02_00154_fWyEruxwThUzoxisu8DPm2ue/310x430/1756140731.jpeg?s=50ea8d358fc5219c3b57bd454b5835da28f4b3eb,1,1,
Maglietta con manica 3/4,21.7,Gucci,M / IT 42 / EU 38,https://www.vinted.it/items/6941254655-maglietta-con-manica-34?referrer=catalog,3,6941254655,On Sale,,https://images1.vinted.net/t/04_00204_Dzzw85s2cPa2iiWFYmmVy6oQ/310x430/1756140529.jpeg?s=3dbc133288f402a629c32117e4af11efc6c89026,1,1,
Camicia Fendi Vintage Donna TG L,53.2,Fendi,L / IT 44 / EU 40,https://www.vinted.it/items/6941188504-camicia-fendi-vintage-donna-tg-l?referrer=catalog,0,6941188504,On Sale,,https://images1.vinted.net/t/04_0080d_485HgQsCdqdjg58V3cLLkwLb/310x430/1756140102.jpeg?s=5de231fe23a7a09142b7b592b8c965fa0e841972,1,1,
Rare blue python blouse by Gucci from spring summer 2000,289.45,Gucci,S / IT 40 / EU 36,https://www.vinted.it/items/6813223919-rare-blue-python-blouse-by-gucci-from-spring-summer-2000?referrer=catalog,16,6813223919,On Sale,,https://images1.vinted.net/t/04_01d51_n43kokzfhRemk1tRytLceeWD/310x430/1754339092.jpeg?s=3da96118c4885ae110307483666ccf5bf0e25076,1,1,
Blouse Fendi,142.45,Fendi,S / IT 40 / EU 36,https://www.vinted.it/items/6940508523-blouse-fendi?referrer=catalog,2,6940508523,On Sale,,https://images1.vinted.net/t/02_01a53_ZRyNETrwY2W7Gai9i4Lwziz4/310x430/1756135871.jpeg?s=2a1eae79a0022723a6b0d7fa898d1b3bcca617a2,1,1,
Maglietta Gucci,18.55,Gucci,M / IT 42 / EU 38,https://www.vinted.it/items/6940493608-maglietta-gucci?referrer=catalog,0,6940493608,On Sale,,https://images1.vinted.net/t/02_00f02_TJiaVcWFuYkUbzrBfBefkEAr/310x430/1756135781.jpeg?s=e3755831f5ab962f7767856752331157f6cb1273,1,1,
Maglia Miu Miu,42.7,Miu Miu,S / IT 40 / EU 36,https://www.vinted.it/items/6925333924-maglia-miu-miu?referrer=catalog,10,6925333924,On Sale,,https://images1.vinted.net/t/02_00ab6_u5uJdgZQ46vrZccUXaY18Yzd/310x430/1755961109.jpeg?s=f056f15a7bc49c8a5fcd7a4a773f52bd28d79882,1,1,
Miu Miu maglietta,95.2,Miu Miu,M / IT 42 / EU 38,https://www.vinted.it/items/6940144330-miu-miu-maglietta?referrer=catalog,4,6940144330,On Sale,,https://images1.vinted.net/t/02_01e6d_oKwwk6iq5DhA3hgmnLrHR38b/310x430/1756133296.jpeg?s=80643406a9d83e10e934cff0134cbb7cce1a6270,1,1,
T-shirt fendi,47.95,Fendi,XXL / IT 48 / EU 44,https://www.vinted.it/items/6940088698-t-shirt-fendi?referrer=catalog,1,6940088698,On Sale,,https://images1.vinted.net/t/04_0204f_NPEfkdc9AV7WpXohn6nbR81S/310x430/1756132951.jpeg?s=7c00e2d7d5525d8cfaf00be0d479d5926093b5ee,1,1,
Vintage blouse YSL 1977,510.0,Yves Saint Laurent,M / IT 42 / EU 38,https://www.vinted.it/items/6939696085-vintage-blouse-ysl-1977?referrer=catalog,3,6939696085,On Sale,,https://images1.vinted.net/t/01_01c13_MVupHSKzbqBuJArAZf8NaHbu/310x430/1756130486.jpeg?s=8ddd942e645ab0376c9f6cc8567b6b92c0688357,1,1,
Débardeur sans manche vintage Fendi,315.7,Fendi,M / IT 42 / EU 38,https://www.vinted.it/items/6939658751-debardeur-sans-manche-vintage-fendi?referrer=catalog,0,6939658751,On Sale,,https://images1.vinted.net/t/01_00c79_Z51YVdc3URYE2z7aBuDF1W33/310x430/1756130255.jpeg?s=5631d873fe3ce6aa114a75246e57bfc470e20a60,1,1,
Bellissima t-shirt Fendi,40.6,Fendi,S / IT 40 / EU 36,https://www.vinted.it/items/6939550654-bellissima-t-shirt-fendi?referrer=catalog,5,6939550654,On Sale,,https://images1.vinted.net/t/01_01034_C825bXXaGBNwEc8bMKRiRKu9/310x430/1756129573.jpeg?s=fd155ab354341c1d55a71e21b473f49087d61f10,1,1,
Débardeur Miu Miu Gris,105.7,Miu Miu,S / IT 40 / EU 36,https://www.vinted.it/items/6938995799-debardeur-miu-miu-gris?referrer=catalog,29,6938995799,On Sale,,https://images1.vinted.net/t/02_00530_wDr5nW9QMWG5GhRdNDhrHv9A/310x430/1756126039.jpeg?s=867aef20d890a97deab8641b3295bee07dbebe46,1,1,
maglia gucci con colletto,26.95,Gucci,M / IT 42 / EU 38,https://www.vinted.it/items/6939444570-maglia-gucci-con-colletto?referrer=catalog,1,6939444570,On Sale,,https://images1.vinted.net/t/04_02444_3oYdtWfA8htnPGcyb4AP7ErP/310x430/1756128906.jpeg?s=eb64535ddcb48758fd5fd9c2fcb57b5e509011f4,1,1,
Fendi guru collar shirt,84.7,Fendi,M / IT 42 / EU 38,https://www.vinted.it/items/6939025929-fendi-guru-collar-shirt?referrer=catalog,3,6939025929,On Sale,,https://images1.vinted.net/t/02_00de9_apveEEbjMpNDroKGStkgCC9X/310x430/1756126232.jpeg?s=9b6af5a850d201c8ec9d78c92d71a640c21c07fb,1,1,
Maglia Gucci,42.7,Gucci,L / IT 44 / EU 40,https://www.vinted.it/items/6938935584-maglia-gucci?referrer=catalog,13,6938935584,On Sale,,https://images1.vinted.net/t/03_00dc3_nvVRcrjLu9rGCpge1aqFgTw1/310x430/1756125648.jpeg?s=e7bdfd4a6b671fbd48ebf959d878ad8186ea3dcd,1,1,
Top Miu Miu taille S,116.2,Miu Miu,S / IT 40 / EU 36,https://www.vinted.it/items/6938650143-top-miu-miu-taille-s?referrer=catalog,113,6938650143,On Sale,,https://images1.vinted.net/t/04_0129a_Pfv4dak8WbdKeJu398cSSGd4/310x430/1756123765.jpeg?s=0c4e258461ca03d29ad84278391bb37ea9e0add7,1,1,
Haut Gucci vert clair taille 38,74.2,Gucci,M / IT 42 / EU 38,https://www.vinted.it/items/6938367676-haut-gucci-vert-clair-taille-38?referrer=catalog,31,6938367676,On Sale,,https://images1.vinted.net/t/01_00c96_TKbMXEhU4ELnaUhqoveDwHXh/310x430/1756121874.jpeg?s=efa9bd28d5301f2013c00085563c010457ea7fe0,1,1,
Gucci,37.45,Gucci,M / IT 42 / EU 38,https://www.vinted.it/items/6938357585-gucci?referrer=catalog,0,6938357585,On Sale,,https://images1.vinted.net/t/04_0218a_iU4MG2zCi9LXXTKb7vRgwxDN/310x430/1756121805.jpeg?s=50c81b571752917ee8a63ac793367ffc3462d4e1,1,1,
Chemise Yves Saint Laurent,53.2,Yves Saint Laurent,S / IT 40 / EU 36,https://www.vinted.it/items/6938239665-chemise-yves-saint-laurent?referrer=catalog,1,6938239665,On Sale,,https://images1.vinted.net/t/04_0250d_JcMXupan6Q319tTz51LVXDg3/310x430/1756120990.jpeg?s=8fb7ccbfc22d915675b11abba134ec400307ce0c,1,1,
Modello con girocollo t-shirt,126.7,Gucci,M / IT 42 / EU 38,https://www.vinted.it/items/6938105803-modello-con-girocollo-t-shirt?referrer=catalog,1,6938105803,On Sale,,https://images1.vinted.net/t/03_00e08_KXBKUxwUePyqvtxMk4Ypuag8/310x430/1756124331.jpeg?s=35a3d0eae9fcaf13ede47ea2a072fd87b81fe7a9,1,1,
Gucci Bluse Blau Hemd mit Knöpfen und Schleife,158.2,Gucci,S / IT 40 / EU 36,https://www.vinted.it/items/6937859132-gucci-bluse-blau-hemd-mit-knopfen-und-schleife?referrer=catalog,27,6937859132,On Sale,,https://images1.vinted.net/t/04_020b5_J6mpXf6sDEkQ8Gsa3m48YUFd/310x430/1756118288.jpeg?s=9b209ae99fea9c44a73aae3273842148ede85786,1,1,
Miu Miu FW2000 viscose psychedelic top,194.95,Miu Miu,S / IT 40 / EU 36,https://www.vinted.it/items/6937833815-miu-miu-fw2000-viscose-psychedelic-top?referrer=catalog,2,6937833815,On Sale,,https://images1.vinted.net/t/04_01b92_yt3M5VRYN3VG7q2BFoxZVPcf/310x430/1756118105.jpeg?s=22585a9d64d73cdd46e9face2f1b846171e67285,1,1,
Fendi tshirt,142.45,Fendi,XS / IT 38 / EU 34,https://www.vinted.it/items/6937749429-fendi-tshirt?referrer=catalog,1,6937749429,On Sale,,https://images1.vinted.net/t/01_02013_7oLZu3SCxnyaM1BqYXPWk89z/310x430/1756117493.jpeg?s=373dae9f3edc20eaead0fc804c5b6bbf476531cd,1,1,
Hauts Gucci,185.5,Gucci,S / IT 40 / EU 36,https://www.vinted.it/items/6937731403-hauts-gucci?referrer=catalog,0,6937731403,On Sale,,https://images1.vinted.net/t/03_02078_ngPHNtm182wk2NT5Ak3P9PKz/310x430/1756117364.jpeg?s=4d3e7490bf9ba5bb7e14b203aa12c9850a8eb20f,1,1,
Top Fendi,168.7,Fendi,S / IT 40 / EU 36,https://www.vinted.it/items/6937671419-top-fendi?referrer=catalog,32,6937671419,On Sale,,https://images1.vinted.net/t/03_00414_DdPeaHDET81QTcQECjUkBEZt/310x430/1756116931.jpeg?s=460302d1dc1514e4ce1affaf86c367fe38d89327,1,1,
Cooles Yves Saint Laurent top,126.7,Yves Saint Laurent,XS / IT 38 / EU 34,https://www.vinted.it/items/6937504372-cooles-yves-saint-laurent-top?referrer=catalog,11,6937504372,On Sale,,https://images1.vinted.net/t/03_00750_keSjLWU4EqUETNnDsiHS4E8e/310x430/1756115738.jpeg?s=b9a821375294a533293c524d31e7ab57c3bd4357,1,1,
Damen Langarmshirt,11.2,Miu Miu,Taglia unica,https://www.vinted.it/items/6937272596-damen-langarmshirt?referrer=catalog,2,6937272596,On Sale,,https://images1.vinted.net/t/04_00a46_fQQkj9VPdaGtjLzYnaBaiGDm/310x430/1756114032.jpeg?s=49b7be6a5d0b35348d1821e17c270ec5c330a888,1,1,
GUCCI aria embroidered silk satin bralette yellow,420.7,Gucci,XS / IT 38 / EU 34,https://www.vinted.it/items/6937259384-gucci-aria-embroidered-silk-satin-bralette-yellow?referrer=catalog,0,6937259384,On Sale,,https://images1.vinted.net/t/04_022ae_HuQQrbuWEa5P2oM19JPjAvL5/310x430/1756113930.jpeg?s=3365a91673446f50294eb7ea6a4c3778ace08bab,1,1,
Blouse Gucci,273.7,Gucci,XS / IT 38 / EU 34,https://www.vinted.it/items/6937196649-blouse-gucci?referrer=catalog,46,6937196649,On Sale,,https://images1.vinted.net/t/04_003f5_7DkAfbLR6SEGTjxRpwiQydrE/310x430/1756113438.jpeg?s=7d073f455f790abcbf61891692befb0a932a4df3,1,1,
Maglia Fendi Vintage,42.7,Fendi,L / IT 44 / EU 40,https://www.vinted.it/items/6930915460-maglia-fendi-vintage?referrer=catalog,0,6930915460,On Sale,,https://images1.vinted.net/t/04_01093_neeHfz9dq7uEUJWTXiSRAczj/310x430/1756037554.jpeg?s=cf6bea8e85012a7c7c63bda11a18e2d743b873f9,1,1,
T shirt Gucci femme,11.2,Gucci,M / IT 42 / EU 38,https://www.vinted.it/items/6937006653-t-shirt-gucci-femme?referrer=catalog,4,6937006653,On Sale,,https://images1.vinted.net/t/01_00a51_hRtnnb5UY13QDdYRGTmvPQtD/310x430/1756111863.jpeg?s=1722108fb24e39d75a51cdfaccf018a18df5b285,1,1,
Maglietta Gucci floreale,5.95,Gucci,M / IT 42 / EU 38,https://www.vinted.it/items/6950677068-maglietta-gucci-floreale?referrer=catalog,0,6950677068,On Sale,,https://images1.vinted.net/t/04_007fe_gaDKgdDKEksjNTGuL2Byxiv6/310x430/1756278180.jpeg?s=31b53f0bb820f3c15de74cecc7b51cae47908e1a,1,1,
Chemise Gucci rayée bleues soie,89.95,Gucci,XL / IT 46 / EU 42,https://www.vinted.it/items/6950582220-chemise-gucci-rayee-bleues-soie?referrer=catalog,0,6950582220,On Sale,,https://images1.vinted.net/t/02_0086c_nwxJcrBDcvWPy9jwRn8uZL3r/310x430/1756276379.jpeg?s=de53c37c498edf0300058b52d8d6cef53223e4c8,1,1,
Gucci Bluse,105.7,Gucci,M / IT 42 / EU 38,https://www.vinted.it/items/6950505772-gucci-bluse?referrer=catalog,0,6950505772,On Sale,,https://images1.vinted.net/t/02_020ab_DHD7h2nrY5mNYURLDpktGhfy/310x430/1756274352.jpeg?s=417a5819fcd1674504485e0077b92f6ad9aeeaf9,1,1,
maglietta Miu Miu,105.7,Miu Miu,S / IT 40 / EU 36,https://www.vinted.it/items/6948390415-maglietta-miu-miu?referrer=catalog,2,6948390415,On Sale,,https://images1.vinted.net/t/01_02449_913YGMokHbtcHzDELc98N2zd/310x430/1756227827.jpeg?s=07fb85cb0493e6df469fbc396b09381c19ad4b04,1,1,
T-shirt Gucci,136.12,Gucci,S / IT 40 / EU 36,https://www.vinted.it/items/6950471357-t-shirt-gucci?referrer=catalog,0,6950471357,On Sale,,https://images1.vinted.net/t/03_013da_XGACjHar6GWbj8dAX6UJkWxH/310x430/1756273101.jpeg?s=c2c4d8fecb264743f90ed7cc316266974b7bcfa7,1,1,
Haut manches longues Gucci noir femme,131.95,Gucci,M / IT 42 / EU 38,https://www.vinted.it/items/6950424986-haut-manches-longues-gucci-noir-femme?referrer=catalog,1,6950424986,On Sale,,https://images1.vinted.net/t/02_025a0_4iD6LG9kUe1oTgCa4PJoHAo9/310x430/1756270491.jpeg?s=097514a21db1571cbd2c7d7567af55c1819eacf6,1,1,
Canotta miu miu,147.7,Miu Miu,S / IT 40 / EU 36,https://www.vinted.it/items/6950416068-canotta-miu-miu?referrer=catalog,3,6950416068,On Sale,,https://images1.vinted.net/t/01_00274_n6G36CNdm8DHJoA28XGDtLbZ/310x430/1756269647.jpeg?s=fd56d2752f10e8fc4f005d3ee8e6b1ecab25bb76,1,1,
Maglia Gucci mis xs,126.7,Gucci,XS / IT 38 / EU 34,https://www.vinted.it/items/6950401277-maglia-gucci-mis-xs?referrer=catalog,0,6950401277,On Sale,,https://images1.vinted.net/t/02_008b3_7Adar4LfLVQrvZSf92M5YirW/310x430/1756267585.jpeg?s=4e337fa5923f5c78ee96b8467f1178fe22871742,1,1,
Camicia Miu Miu 2001,189.7,Miu Miu,L / IT 44 / EU 40,https://www.vinted.it/items/6939525207-camicia-miu-miu-2001?referrer=catalog,5,6939525207,On Sale,,https://images1.vinted.net/t/03_018d9_2R3eCvPSbNTUv5zW9xs7oiEp/310x430/1756129413.jpeg?s=6cee1c10535900cef55d66b2fc31d8406911a187,1,1,
Tee-shirts,2.28,Fendi,L / IT 44 / EU 40,https://www.vinted.it/items/6950148807-tee-shirts?referrer=catalog,0,6950148807,On Sale,,https://images1.vinted.net/t/03_00142_XcGPKiN4LP6ESbji7mv2fsEY/310x430/1756244794.jpeg?s=e37a767b24d681ddc4acce309231cab62d5a332e,1,1,
Top e t shirt Miu Miu donna colore marrone,126.7,Miu Miu,M / IT 42 / EU 38,https://www.vinted.it/items/6950034745-top-e-t-shirt-miu-miu-donna-colore-marrone?referrer=catalog,19,6950034745,On Sale,,https://images1.vinted.net/t/04_000bc_gZPrxZEtJ5J9xwsqo3FuCwGY/310x430/1756242657.jpeg?s=50788c96df8ca312c5b2b7916337fa1e50e70d32,1,1,
Top e t shirt Miu Miu donna colore celeste taglia M,131.95,Miu Miu,M / IT 42 / EU 38,https://www.vinted.it/items/6950021751-top-e-t-shirt-miu-miu-donna-colore-celeste-taglia-m?referrer=catalog,15,6950021751,On Sale,,https://images1.vinted.net/t/03_0058d_DowuXnprMLAmGPtxcmTB4k1n/310x430/1756242449.jpeg?s=079164d08fe164ba6cd382fa2f03c360caead803,1,1,
Top e t shirt Miu Miu donna colore giallo taglia M,131.95,Miu Miu,M / IT 42 / EU 38,https://www.vinted.it/items/6950014469-top-e-t-shirt-miu-miu-donna-colore-giallo-taglia-m?referrer=catalog,3,6950014469,On Sale,,https://images1.vinted.net/t/03_00749_tjVDzKUZXZWSDjzxYmZZEfLr/310x430/1756242332.jpeg?s=0d95a25ff6e09bcab3b9054667dc2e7fcdd3e221,1,1,
Bluse Gucci,84.7,Gucci,L / IT 44 / EU 40,https://www.vinted.it/items/6950766828-bluse-gucci?referrer=catalog,0,6950766828,On Sale,,https://images1.vinted.net/t/01_024d9_iXLyiYWS9ZkxWWsnCmXTWucW/310x430/1756279557.jpeg?s=167894a69e22d110c07c66d021d9ef9d5e31c70f,3,1,
Top Miu Miu tg.S,79.45,Miu Miu,S / IT 40 / EU 36,https://www.vinted.it/items/6950814825-top-miu-miu-tgs?referrer=catalog,0,6950814825,On Sale,,https://images1.vinted.net/t/02_01ca2_P9FW5cJQZA9BKeVeUA57JiV3/310x430/1756280202.jpeg?s=9cb820a3e675880810e78fd620bb13e406c3eb10,4,1,
Bluse denim GG,26.95,Gucci,M / IT 42 / EU 38,https://www.vinted.it/items/6950775271-bluse-denim-gg?referrer=catalog,0,6950775271,On Sale,,https://images1.vinted.net/t/04_012a6_UGVJ5toBosa7K3diSuZLCXa4/310x430/1756279673.jpeg?s=72cc123baddafa08cc2b1f3824b8333741d69815,4,1,
striped puff-sleeve blouse Miu Miu,137.2,Miu Miu,M / IT 42 / EU 38,https://www.vinted.it/items/6951031195-striped-puff-sleeve-blouse-miu-miu?referrer=catalog,1,6951031195,On Sale,,https://images1.vinted.net/t/03_0039a_URVfnW7AGedzZsUuesAuLsoo/310x430/1756282659.jpeg?s=3dea22c8c32ae6f60fb9266ec3eac7a5091efd9c,8,1,
miu miu Oversized-Hemd in Weiß,152.95,Miu Miu,M / IT 42 / EU 38,https://www.vinted.it/items/6951013941-miu-miu-oversized-hemd-in-weiss?referrer=catalog,0,6951013941,On Sale,,https://images1.vinted.net/t/02_020e9_Uaikn5Jq53ZbqK73uHRz2Xoa/310x430/1756282488.jpeg?s=79c0e697a8e798ec042c863e6949bd4c350ce8d3,10,1,
Cotton-blend polo sweater,89.95,Miu Miu,XS / IT 38 / EU 34,https://www.vinted.it/items/6950009588-cotton-blend-polo-sweater?referrer=catalog,1,6950009588,On Sale,,https://images1.vinted.net/t/04_00199_6PgYN9xeQkjCD24uFLbaBfjN/310x430/1756242259.jpeg?s=8ea5728f8c4bb46829e94fe53cd092ca37b5b2d7,11,1,
Crop-Top à logo Miu Miu,37.45,Miu Miu,S / IT 40 / EU 36,https://www.vinted.it/items/6951189322-crop-top-a-logo-miu-miu?referrer=catalog,0,6951189322,On Sale,,https://images1.vinted.net/t/04_00d1c_SCPSRdoCMa7Ao59A4Nd8Vzjw/310x430/1756284172.jpeg?s=fa4cdb10ed4d96783ca078195cc452e5cc6c4e98,11,1,
Top à ruban Miu Miu,37.45,Miu Miu,S / IT 40 / EU 36,https://www.vinted.it/items/6951182537-top-a-ruban-miu-miu?referrer=catalog,3,6951182537,On Sale,,https://images1.vinted.net/t/01_00396_EEXcByTAGN9T7wXQUQepD8tQ/310x430/1756284111.jpeg?s=58c5733fec409ee7520538f23ccc1e0855774ae0,11,1,
Camiseta diseño billie,9.1,Personal,S / IT 40 / EU 36,https://www.vinted.it/items/6951347716-camiseta-diseno-billie?referrer=catalog,0,6951347716,On Sale,,https://images1.vinted.net/t/03_01b4d_rhvpTg84Qo9ePSzaca2yBL3s/310x430/1756285523.jpeg?s=13ca8781a6c3aaeec322232200a22a9da6286da1,13,1,
Gucci top,5.95,Gucci,XXL / IT 48 / EU 44,https://www.vinted.it/items/6951490180-gucci-top?referrer=catalog,0,6951490180,On Sale,,https://images1.vinted.net/t/02_00184_3MmExRTQMEV21CXZrrZTVtc1/310x430/1756286650.jpeg?s=7c00b31f5f80cc7577bb47d02d94980156bc84e4,15,1,
Gucci Dames polo,53.2,Gucci,M / IT 42 / EU 38,https://www.vinted.it/items/6951612400-gucci-dames-polo?referrer=catalog,0,6951612400,On Sale,,https://images1.vinted.net/t/02_001a7_g6aeCvwUYkuR49VrGpJdn2v2/310x430/1756287567.jpeg?s=cae558a466b55e9f6b844a83d0118412cbdbd1fc,16,1,
Maglietta,16.45,Gucci,S / IT 40 / EU 36,https://www.vinted.it/items/6951606011-maglietta?referrer=catalog,0,6951606011,On Sale,,https://images1.vinted.net/t/02_021d1_Q1Z5nM2NTJUKqLnqb97y5w6X/310x430/1756287521.jpeg?s=8d3b5186bb76b1bf4c87f125e0d1a61eadafef5f,16,1,
Camiseta de Miu Miu,147.7,Miu Miu,S / IT 40 / EU 36,https://www.vinted.it/items/6951593758-camiseta-de-miu-miu?referrer=catalog,1,6951593758,On Sale,,https://images1.vinted.net/t/01_0261d_2crApF9VbMYrLNV7J2n1PpBe/310x430/1756287429.jpeg?s=dae4f9318f1ee57bd39fcac4331fa2f2ec79210b,16,1,
Chemisier vintage Yves Saint Laurent - Paris,137.2,Yves Saint Laurent,M / IT 42 / EU 38,https://www.vinted.it/items/6951689803-chemisier-vintage-yves-saint-laurent-paris?referrer=catalog,0,6951689803,On Sale,,https://images1.vinted.net/t/02_01255_ge2iPWiZQJXzczUmUVuDQVrS/310x430/1756288133.jpeg?s=25d4cd772b18fac2aa767e34c2f13a5b1032db62,17,1,
Gucci Vintage shirt,47.95,Gucci,M / IT 42 / EU 38,https://www.vinted.it/items/6951684795-gucci-vintage-shirt?referrer=catalog,1,6951684795,On Sale,,https://images1.vinted.net/t/04_010f7_unnokmSzWGxi8g6QiouHUgNf/310x430/1756288096.jpeg?s=f985afe9ee0ffb97b663f8f2502c1f734bf8970d,17,1,
Blouse Vintage Yves Saint Laurent Rive Gauche,158.2,Yves Saint Laurent,XS / IT 38 / EU 34,https://www.vinted.it/items/6951668420-blouse-vintage-yves-saint-laurent-rive-gauche?referrer=catalog,0,6951668420,On Sale,,https://images1.vinted.net/t/02_01393_zwSdopY8wKDPLWoVGUCN7Z28/310x430/1756287978.jpeg?s=de1a495b4937d36883b91ee40b39edc2bb888d0d,17,1,
Chemisier soie Yves saint Laurent,68.95,Yves Saint Laurent,S / IT 40 / EU 36,https://www.vinted.it/items/6951642515-chemisier-soie-yves-saint-laurent?referrer=catalog,0,6951642515,On Sale,,https://images1.vinted.net/t/03_00d0d_eqKKUYLYTj3MYBy2xpUcVsiS/310x430/1756287789.jpeg?s=926d45b04008193a7b56fb30a919a4ba0c86da19,17,1,
T-shirt guess,11.2,Gucci,L / IT 44 / EU 40,https://www.vinted.it/items/6952038220-t-shirt-guess?referrer=catalog,0,6952038220,On Sale,,https://images1.vinted.net/t/02_00dd2_beb5XFEa1wkriNAenT3Jcd6N/310x430/1756290711.jpeg?s=59f819ac6011e0800351078fb57609e004662621,21,1,
T shirt Gucci,126.7,Gucci,S / IT 40 / EU 36,https://www.vinted.it/items/6951931789-t-shirt-gucci?referrer=catalog,3,6951931789,On Sale,,https://images1.vinted.net/t/02_01580_prCWLbf5LTeNmTG2ATRakQ19/310x430/1756289915.jpeg?s=e9e2035b47e20433c4fa90a501758aabd41e7760,21,1,
Maglietta,53.2,Miu Miu,S / IT 40 / EU 36,https://www.vinted.it/items/6950250116-maglietta?referrer=catalog,0,6950250116,On Sale,,https://images1.vinted.net/t/04_01070_8z1b9SgFdzCytcGkUwNEi1X1/310x430/1756247690.jpeg?s=cdce2f053fc4428b3baec34d1ea0a27a66d93937,21,1,
Talons,136.15,Yves Saint Laurent,M / IT 42 / EU 38,https://www.vinted.it/items/6952300067-talons?referrer=catalog,0,6952300067,On Sale,,https://images1.vinted.net/t/02_0148f_Q1LY1JheqmyZJJ2wN6b6sSMV/310x430/1756292650.jpeg?s=ff4577e49b2896f992240f9fb53d4c7a2eff9c07,24,1,
T shirt,26.95,Gucci,XS / IT 38 / EU 34,https://www.vinted.it/items/6952234920-t-shirt?referrer=catalog,1,6952234920,On Sale,,https://images1.vinted.net/t/01_01118_D5Kwfy22TumQuPHrzdX3iXZ7/310x430/1756292166.jpeg?s=11de9a1fe97cce89cbfe09e7df303e74d005ba8d,24,1,
Top Miu Miu  Talla 42 (Italia),126.7,Miu Miu,M / IT 42 / EU 38,https://www.vinted.it/items/6952533716-top-miu-miu-talla-42-italia?referrer=catalog,2,6952533716,On Sale,,https://images1.vinted.net/t/02_01a41_oo3CG6ghMNvqv4ars71TXDpC/310x430/1756294379.jpeg?s=be977c91b2d079209be24c79fd9bb28dbdfa219b,28,1,
Camiseta gucci,315.7,Gucci,XXS / IT 36 / EU 32,https://www.vinted.it/items/6952359790-camiseta-gucci?referrer=catalog,0,6952359790,On Sale,,https://images1.vinted.net/t/02_00602_NuJbsV8i9jycuso9vjeGsPTM/310x430/1756293099.jpeg?s=d3a5d4d798b61a147f1a524c055b4c067a759c26,28,1,
T-shirt hommes,5.95,Fendi,L / IT 44 / EU 40,https://www.vinted.it/items/6952344744-t-shirt-hommes?referrer=catalog,1,6952344744,On Sale,,https://images1.vinted.net/t/04_0083c_MJcGiF7uYiNUPFEzwYcR7btq/310x430/1756292986.jpeg?s=627bb36620526f07f5161c50ef0975acae469e0d,28,1,
Haut à manches courtes en tricot,189.7,Gucci,M / IT 42 / EU 38,https://www.vinted.it/items/6952783819-haut-a-manches-courtes-en-tricot?referrer=catalog,2,6952783819,On Sale,,https://images1.vinted.net/t/03_00cf3_YP6LJKxmNcCe79quqCYFFAhf/310x430/1756296141.jpeg?s=adbc9364e4b73827219b1307485afc66ed09c306,30,1,
T-shirt Gucci,42.7,Gucci,M / IT 42 / EU 38,https://www.vinted.it/items/6952752728-t-shirt-gucci?referrer=catalog,0,6952752728,On Sale,,https://images1.vinted.net/t/03_005f4_1BRaZpzZncEsjXBtz9DUapMY/310x430/1756295925.jpeg?s=dd56563ee3496e3a7022d1a7b0d41d5d127fdba4,30,1,
Blouse soie rouge rubis Yves Saint Laurent Rive Gauche T34,210.7,Yves Saint Laurent,XS / IT 38 / EU 34,https://www.vinted.it/items/6953011735-blouse-soie-rouge-rubis-yves-saint-laurent-rive-gauche-t34?referrer=catalog,0,6953011735,On Sale,,https://images1.vinted.net/t/03_017b7_vdc167E2np5C7w4a2wHDMExh/310x430/1756297714.jpeg?s=f75a818f947ae9586ab39e231fb75fec1ed16a24,33,1,
Chemise soie manches courtes Yves Saint Laurent Rive Gauche crème T38,210.7,Yves Saint Laurent,M / IT 42 / EU 38,https://www.vinted.it/items/6953050407-chemise-soie-manches-courtes-yves-saint-laurent-rive-gauche-creme-t38?referrer=catalog,0,6953050407,On Sale,,https://images1.vinted.net/t/04_0133e_Tn76xiBj1SAjTqkJFsexAbPf/310x430/1756297974.jpeg?s=28abf7f6ac76bba46f2ec0b4c80cb1ba3d76e591,33,1,
Blouse soie bordeaux Yves Saint Laurent Rive Gauche T36 vintage,210.7,Yves Saint Laurent,S / IT 40 / EU 36,https://www.vinted.it/items/6953034189-blouse-soie-bordeaux-yves-saint-laurent-rive-gauche-t36-vintage?referrer=catalog,0,6953034189,On Sale,,https://images1.vinted.net/t/04_0011b_n7gSaXGBRYEwWYegoqAz3wqh/310x430/1756297865.jpeg?s=c81c78e8914650a219d2080fb85a425eeed48545,33,1,
Chemisier en soie cravate ivoire Yves Saint Laurent Rive Gauche T38 vintage,210.7,Yves Saint Laurent,M / IT 42 / EU 38,https://www.vinted.it/items/6952986546-chemisier-en-soie-cravate-ivoire-yves-saint-laurent-rive-gauche-t38-vintage?referrer=catalog,0,6952986546,On Sale,,https://images1.vinted.net/t/04_020b3_y5X3ogcWm1UWKH9Er9uAHrzf/310x430/1756297542.jpeg?s=f7f54314f9ecc1cad3770d29b122697303d7297a,33,1,
Maglia semplice,11.2,Miu Miu,XS / IT 38 / EU 34,https://www.vinted.it/items/6953490434-maglia-semplice?referrer=catalog,1,6953490434,On Sale,,https://images1.vinted.net/t/04_01ec4_s6se8AgDjRjYg7RYUfsEFk8w/310x430/1756300874.jpeg?s=64bdf16ac05a95367b246a9e9d4c869c2733e190,38,1,
Gucci Yellow Sequin Halter Top,42.69,Gucci,S / IT 40 / EU 36,https://www.vinted.it/items/6953487435-gucci-yellow-sequin-halter-top?referrer=catalog,6,6953487435,On Sale,,https://images1.vinted.net/t/02_00f4c_iTxQGs2Xh2ryGvYYYr1Rv8pc/310x430/1756300854.jpeg?s=39da4a27f0fb1fcb2c776b09907477e39da5c39a,38,1,
T-shirt Fendi,47.95,Fendi,L / IT 44 / EU 40,https://www.vinted.it/items/6953331685-t-shirt-fendi?referrer=catalog,0,6953331685,On Sale,,https://images1.vinted.net/t/03_00cd7_bWWToLUfgCBHVDpxqetsn1rt/310x430/1756299837.jpeg?s=d95d0411f8c0817f8f075ae617641d17c1e59306,38,1,
T-shirt gucci,21.7,Gucci,L / IT 44 / EU 40,https://www.vinted.it/items/6953265383-t-shirt-gucci?referrer=catalog,0,6953265383,On Sale,,https://images1.vinted.net/t/01_00582_Qd2bRWMMhAQf1XQebJrrKvhu/310x430/1756299403.jpeg?s=23aa03589b7810c0ccb3b73b8f11bf6e5a8657f6,38,1,
Chemisier soie crème à nœud velours noir Yves Saint Laurent Rive Gauche T 40,210.7,Yves Saint Laurent,L / IT 44 / EU 40,https://www.vinted.it/items/6953118531-chemisier-soie-creme-a-noeud-velours-noir-yves-saint-laurent-rive-gauche-t-40?referrer=catalog,3,6953118531,On Sale,,https://images1.vinted.net/t/03_01eab_sDLzGiwZjQz8f4yRuEd7sPDN/310x430/1756298432.jpeg?s=652708e78fd8e2d0e62e5de0f0d99e0389233cc1,38,1,
Top Blouse manches courtes à sequins  Yves Saint Laurent Rive Gauche T38,210.7,Yves Saint Laurent,M / IT 42 / EU 38,https://www.vinted.it/items/6953143658-top-blouse-manches-courtes-a-sequins-yves-saint-laurent-rive-gauche-t38?referrer=catalog,0,6953143658,On Sale,,https://images1.vinted.net/t/04_0253f_tbimm6DNUWQfhg4pzyPHAHNC/310x430/1756298600.jpeg?s=44be955eb87a7e727f1265eea3eff7766d07e636,38,1,
T-shirt,26.95,Gucci,S / IT 40 / EU 36,https://www.vinted.it/items/6953684739-t-shirt?referrer=catalog,0,6953684739,On Sale,,https://images1.vinted.net/t/04_00f5f_JST4QcZ6YSaztLTC5Ve5SLxV/310x430/1756302120.jpeg?s=b329445975d3084063e936512c198ca9fca891f4,39,1,
canotta da donna fendi con logo,84.7,Fendi,M / IT 42 / EU 38,https://www.vinted.it/items/6953688948-canotta-da-donna-fendi-con-logo?referrer=catalog,0,6953688948,On Sale,,https://images1.vinted.net/t/03_0207a_i3gSGUWRbZ3HrJzqcMjYEBd4/310x430/1756302147.jpeg?s=13ca2b7f9033f87f09443d2ecd3a1432a977e75d,39,1,
Polo Fendi,210.7,Fendi,S / IT 40 / EU 36,https://www.vinted.it/items/6953665110-polo-fendi?referrer=catalog,0,6953665110,On Sale,,https://images1.vinted.net/t/03_0113b_hPBQhu9NyXKdJSkxYDLtz1bw/310x430/1756301993.jpeg?s=6f618a033ee445a0412b6415b87d1600e0899d63,39,1,
T-shirt,26.95,Gucci,S / IT 40 / EU 36,https://www.vinted.it/items/6953795270-t-shirt?referrer=catalog,0,6953795270,On Sale,,https://images1.vinted.net/t/03_0178d_vbdqo98JkWTir2HCf1QyrVkT/310x430/1756302829.jpeg?s=5159bf0912017d42e3e188b34b01b68806a5f292,40,1,
T-shirt Fendi donna taglia 38,189.7,Fendi,XS / IT 38 / EU 34,https://www.vinted.it/items/6954066535-t-shirt-fendi-donna-taglia-38?referrer=catalog,0,6954066535,On Sale,,https://images1.vinted.net/t/02_00536_ip6uKkMQQqRJYwV2Crj6JrJF/310x430/1756304571.jpeg?s=be992e2e8b6b54e44bfd9d4266171c557da137e3,43,1,
Camicia Fendi donna,189.7,Fendi,Taglia unica,https://www.vinted.it/items/6954046171-camicia-fendi-donna?referrer=catalog,0,6954046171,On Sale,,https://images1.vinted.net/t/03_002e9_6XKPaDu6YCLVtzBsWQpeEnSD/310x430/1756304440.jpeg?s=b09ece62b62c9464ad86554d1d07fbbe112b4d78,43,1,
Chemise Gucci 100% Soie,130.9,Gucci,S / IT 40 / EU 36,https://www.vinted.it/items/6953873104-chemise-gucci-100-soie?referrer=catalog,1,6953873104,On Sale,,https://images1.vinted.net/t/02_01d2d_sVMC6iAR1PQLghCTJZhKYvT3/310x430/1756303328.jpeg?s=0b03894ec53d071887de7c6cdb1d777619874a97,43,1,
Gucci s/m,3.85,Gucci,S / IT 40 / EU 36,https://www.vinted.it/items/6953838375-gucci-sm?referrer=catalog,4,6953838375,On Sale,,https://images1.vinted.net/t/04_01530_Ct1DagEbU88JoVnVmu3Bixxd/310x430/1756303106.jpeg?s=52274913a971cb6094b905010c2ee9d29862ac51,43,1,
Maglia Gucci,95.2,Gucci,S / IT 40 / EU 36,https://www.vinted.it/items/6954570930-maglia-gucci?referrer=catalog,0,6954570930,On Sale,,https://images1.vinted.net/t/04_01b8a_LSL1xhtdqkSrzWJYtPWgk6m1/310x430/1756307782.jpeg?s=d70c7ede878cf3df8a76389db6be70d5303af736,48,1,
Blouse vintage Yves saint Laurent,47.95,Yves Saint Laurent,L / IT 44 / EU 40,https://www.vinted.it/items/6954550030-blouse-vintage-yves-saint-laurent?referrer=catalog,0,6954550030,On Sale,,https://images1.vinted.net/t/04_01c87_vSetCLu2bZJ6Nm7Gf5Geii6u/310x430/1756307649.jpeg?s=16050219b475e955d73c5cf3421bf1651b4a91bd,48,1,
Top noir à ruban Miu Miu,37.45,Miu Miu,S / IT 40 / EU 36,https://www.vinted.it/items/6954511770-top-noir-a-ruban-miu-miu?referrer=catalog,3,6954511770,On Sale,,https://images1.vinted.net/t/01_023f3_Vu8QZLHjVHMZ1fYUpRx4CCXX/310x430/1756307406.jpeg?s=b9eba4ea3f5a5895d806fecf524d1c9ef75f4c4b,48,1,
Miumiu shirts,158.2,Miu Miu,S / IT 40 / EU 36,https://www.vinted.it/items/6954423427-miumiu-shirts?referrer=catalog,4,6954423427,On Sale,,https://images1.vinted.net/t/04_00b05_GqssMT65HXEFEfKXzLqWKGuE/310x430/1756306843.jpeg?s=433e2264050126ca9d26ba6b36f22060f9c6ee4d,48,1,
Miu Miu vintage shirt,53.2,Miu Miu,XS / IT 38 / EU 34,https://www.vinted.it/items/6954308584-miu-miu-vintage-shirt?referrer=catalog,2,6954308584,On Sale,,https://images1.vinted.net/t/04_01b20_7bNhAsapwAP5p7Jgremtk5ep/310x430/1756306115.jpeg?s=d28b0544ea5df0f3d7265fc778c054798e5fed4f,48,1,
Miu miu cotton stripe shirt,147.7,Miu Miu,S / IT 40 / EU 36,https://www.vinted.it/items/6954264795-miu-miu-cotton-stripe-shirt?referrer=catalog,12,6954264795,On Sale,,https://images1.vinted.net/t/02_01058_ZqENfrQcva9q6cxoJZzoGa8g/310x430/1756305837.jpeg?s=b0171a4dadd6d363ee43cc8023da237ba8c396b6,48,1,
Tchirt femme,3.85,Gucci,M / IT 42 / EU 38,https://www.vinted.it/items/6954671409-tchirt-femme?referrer=catalog,1,6954671409,On Sale,,https://images1.vinted.net/t/02_011c0_4F9j6yjvtJQr4Ry3mSZuQDRV/310x430/1756308418.jpeg?s=083938a9a8089b2b755268cbf46fbd09f303aef8,50,1,
Tee shirt Gucci,105.7,Gucci,L / IT 44 / EU 40,https://www.vinted.it/items/6955101823-tee-shirt-gucci?referrer=catalog,0,6955101823,On Sale,,https://images1.vinted.net/t/04_01cbf_wyt1wgbCfbvat8XfnSW68njQ/310x430/1756311180.jpeg?s=e29dcd0d1fb75a51af5e0e64b4c6c07d7c936fc8,53,1,
Gucci Bluse,89.95,Gucci,M / IT 42 / EU 38,https://www.vinted.it/items/6955017043-gucci-bluse?referrer=catalog,2,6955017043,On Sale,,https://images1.vinted.net/t/04_01aeb_aLYv3jBHiWLTFc3wBy1e1EBU/310x430/1756310622.jpeg?s=f58c0efde55a93d4251115a7f3081a72819621c6,53,1,
Top miu miu,63.7,Miu Miu,S / IT 40 / EU 36,https://www.vinted.it/items/6954924683-top-miu-miu?referrer=catalog,6,6954924683,On Sale,,https://images1.vinted.net/t/02_001aa_VPKQUaLyC2Ct8JLTKxakcpvS/310x430/1756310032.jpeg?s=cd90dd5f8cfc72d55cd7d2bc498344a8ebfc9b08,53,1,
Teeshirt Gucci,5.95,Gucci,XS / IT 38 / EU 34,https://www.vinted.it/items/6955209881-teeshirt-gucci?referrer=catalog,0,6955209881,On Sale,,https://images1.vinted.net/t/04_01bdc_6uXVE6kjBdQ1Stp8r6sREWyv/310x430/1756311895.jpeg?s=be3441f4cddf61ef3cfaf482a09be8db98a8e89c,55,1,
T-shirt Gucci,210.7,Gucci,L / IT 44 / EU 40,https://www.vinted.it/items/6955161402-t-shirt-gucci?referrer=catalog,0,6955161402,On Sale,,https://images1.vinted.net/t/04_00549_qsS1HPf1RUjbyjbyiyTUbCwP/310x430/1756311573.jpeg?s=2d6ca804b00571c00adc724961898485e11e772e,55,1,
Haut Gucci noir à volants et manches en dentelle,37.45,Gucci,M / IT 42 / EU 38,https://www.vinted.it/items/6950964645-haut-gucci-noir-a-volants-et-manches-en-dentelle?referrer=catalog,0,6950964645,On Sale,,https://images1.vinted.net/t/03_020c7_361BEWfTEedTrJCTR9BpLqDy/310x430/1756312760.jpeg?s=c2b3b301f0fcee0a3c578984bca4a1be385f1ea7,56,1,
Gucci White TShirt Women’s,158.2,Gucci,XS / IT 38 / EU 34,https://www.vinted.it/items/6955317076-gucci-white-tshirt-womens?referrer=catalog,0,6955317076,On Sale,,https://images1.vinted.net/t/04_00dd4_GCKKitTcF2DfM8kSUQf7RjDA/310x430/1756312620.jpeg?s=a3f0f88442869471c0c6b427923f8043cbc888f9,56,1,
Tshirt Gucci Garden,42.7,Gucci,M / IT 42 / EU 38,https://www.vinted.it/items/6955648483-tshirt-gucci-garden?referrer=catalog,0,6955648483,On Sale,,https://images1.vinted.net/t/03_01924_AX6M2uc1Rx84ZBW2Vsp21pF6/310x430/1756314908.jpeg?s=b82a43cdff66bf1817738e94a6e5f0414c87afa4,59,1,
T shirt donna bianca,105.7,Gucci,XS / IT 38 / EU 34,https://www.vinted.it/items/6955540574-t-shirt-donna-bianca?referrer=catalog,0,6955540574,On Sale,,https://images1.vinted.net/t/01_00551_w6tCi14oScFjMm3H7D5iWC8a/310x430/1756314150.jpeg?s=99a4685d4314213ddfe84aaeb369e241489fad24,59,1,
Gucci t-shirt maglia donna bianca con strass y2k,37.45,Gucci,S / IT 40 / EU 36,https://www.vinted.it/items/6953927610-gucci-t-shirt-maglia-donna-bianca-con-strass-y2k?referrer=catalog,0,6953927610,On Sale,,https://images1.vinted.net/t/02_007a1_453qg4DCqE4cyB6sT8cLcvVY/310x430/1756303677.jpeg?s=b261d040745d5f40605f18483cdc2042ada4f86e,69,1,
Maglia cotone manica lunga,105.7,Gucci,L / IT 44 / EU 40,https://www.vinted.it/items/6956342245-maglia-cotone-manica-lunga-gucci-originale?referrer=catalog,0,6956342245,On Sale,,https://images1.vinted.net/t/04_0153a_SEVVXsy6gcS2wqXnbVDCEQE7/310x430/1756320376.jpeg?s=3ddb17cf4f9ee3d1db38243f6d49e391c9751cf0,69,1,
T-Shirt,2.28,Gucci,S / IT 40 / EU 36,https://www.vinted.it/items/6956286568-t-shirt?referrer=catalog,1,6956286568,On Sale,,https://images1.vinted.net/t/03_01105_fMsHyJcwBakqufSNXZnjqJuN/310x430/1756319902.jpeg?s=7a0632be51c7526668ba67da33f0e0d87d8b257b,69,1,
Camicetta Gucci,32.2,Gucci,XS / IT 38 / EU 34,https://www.vinted.it/items/6956259014-camicetta-gucci?referrer=catalog,1,6956259014,On Sale,,https://images1.vinted.net/t/04_01524_epgCptVFaq3vjKnP9btBggPt/310x430/1756319671.jpeg?s=ede901dc609c4604468145c6db1f15d1912d48b7,69,1,
Top seta,158.2,Gucci,M / IT 42 / EU 38,https://www.vinted.it/items/6956090208-top-seta?referrer=catalog,0,6956090208,On Sale,,https://images1.vinted.net/t/04_00e95_suj7R8tx4Lx1nD7FUwUrPbdX/310x430/1756318274.jpeg?s=c90041140baec03d997eadd9815e5d0f7266e18e,69,1,
Tshirt von Gucci zu verkaufen,11.2,Gucci,XS / IT 38 / EU 34,https://www.vinted.it/items/6955957505-tshirt-von-gucci-zu-verkaufen?referrer=catalog,0,6955957505,On Sale,,https://images1.vinted.net/t/04_0132b_ZrzqqSf6SRZNvz7bX22iz9DV/310x430/1756317214.jpeg?s=4ed20680e609959f54afdb56b761d7305c48645d,69,1,
Vintage GUCCI Top - Größe S,63.7,Gucci,S / IT 40 / EU 36,https://www.vinted.it/items/6955831635-vintage-gucci-top-grosse-s?referrer=catalog,1,6955831635,On Sale,,https://images1.vinted.net/t/01_01ffe_smQtLkPouxHYqM2MYcu93BrP/310x430/1756316453.jpeg?s=78eced284e1f7dfc8892c8d2057e0afeac8a3c1b,69,1,
T-shirt Yves Saint-Laurent Variation,104.65,Yves Saint Laurent,M / IT 42 / EU 38,https://www.vinted.it/items/6956775247-t-shirt-yves-saint-laurent-variation?referrer=catalog,0,6956775247,On Sale,,https://images1.vinted.net/t/04_00b8c_3nbyonVtUwUZjFwydafSDaRY/310x430/1756324263.jpeg?s=a40ee928ed2039f66dfd322ebf169e34b544f893,75,1,
Maglia Fendi,79.45,Fendi,XXXL / IT 50 / EU 46,https://www.vinted.it/items/6956735670-maglia-fendi?referrer=catalog,0,6956735670,On Sale,,https://images1.vinted.net/t/01_004e8_jyXDfiFj8edeDrPfZwxbBdL3/310x430/1756323879.jpeg?s=9ae4f031da469cd1c1986e202936b0a6232e38f0,75,1,
Ysl Glitter T-shirt,53.2,Yves Saint Laurent,L / IT 44 / EU 40,https://www.vinted.it/items/6956664596-ysl-glitter-t-shirt?referrer=catalog,0,6956664596,On Sale,,https://images1.vinted.net/t/01_00a02_ZH3vpZSWLM7PSupgE4BGxF23/310x430/1756323219.jpeg?s=e909f5c3968f0d6035ed35e44f818dfb79fdaab1,75,1,
T-shirt M,42.7,Gucci,M / IT 42 / EU 38,https://www.vinted.it/items/6956913685-t-shirt-m?referrer=catalog,0,6956913685,On Sale,,https://images1.vinted.net/t/03_01a4d_1jZD8UpPus2Q1nbG5qr8XZzw/310x430/1756325682.jpeg?s=a2f6b21a186710f7e64d119a21dd032e38ae1671,76,1,
Gucci original T-shirt,158.2,Gucci,S / IT 40 / EU 36,https://www.vinted.it/items/6957094896-gucci-original-t-shirt?referrer=catalog,0,6957094896,On Sale,,https://images1.vinted.net/t/04_00069_qdkF6PCrdVeiunwnuakjbdKH/310x430/1756327852.jpeg?s=1f24a775a21749797363dfdfbd4f453f6ac5de2c,80,1,
Dolcevita Fendi nero,121.45,Fendi,M / IT 42 / EU 38,https://www.vinted.it/items/6957184127-dolcevita-fendi-nero?referrer=catalog,0,6957184127,On Sale,,https://images1.vinted.net/t/04_0107a_CWws6nGd9n7zYhyr1iUKamhH/310x430/1756329177.jpeg?s=3acf85b96ba35180c4c7047b5332ece5fe0f3457,82,1,
T shirt Ysl tg 42,53.2,Yves Saint Laurent,S / IT 40 / EU 36,https://www.vinted.it/items/6957204747-t-shirt-ysl-tg-42?referrer=catalog,0,6957204747,On Sale,,https://images1.vinted.net/t/03_00ad6_XReTSWRpZCkd8dyYynJHjrJJ/310x430/1756329530.jpeg?s=780e695a1b51b2a72f3a2e4b688e2e96100d57d7,83,1,
Pulover Gucci cu mânecă scurtă (L),104.65,Gucci,L / IT 44 / EU 40,https://www.vinted.it/items/6957775044-pulover-gucci-cu-maneca-scurta-l?referrer=catalog,0,6957775044,On Sale,,https://images1.vinted.net/t/03_00340_2MLsdxafj6W4qM6GhzAxty6x/310x430/1756364069.jpeg?s=647b2dd45d5b3dfb6d557196120b98f095446407,2,1,
Vintage 1970s Beige Silk Blouse - Fendi Designer Italian Elegance,294.7,Fendi,M / IT 42 / EU 38,https://www.vinted.it/items/6931903106-vintage-1970s-beige-silk-blouse-fendi-designer-italian-elegance?referrer=catalog,0,6931903106,On Sale,,https://images1.vinted.net/t/02_01190_1Jf5Y5wyFpfKFgLH83yczLvN/310x430/1756042999.jpeg?s=3aad367e390f84fa040519053a379121caf3d1a5,2,1,
Chemise Miu Miu,53.2,Miu Miu,M / IT 42 / EU 38,https://www.vinted.it/items/6955608773-chemise-miu-miu?referrer=catalog,5,6955608773,On Sale,,https://images1.vinted.net/t/01_004f1_1CUwFL5e79Pc3zYj2oKLZZak/310x430/1756314628.jpeg?s=c936a70c94f570df6dfb767bcfad194fd83a70e5,2,1,
Blusa/camicia vintage Yves Saint Laurent,26.95,Yves Saint Laurent,S / IT 40 / EU 36,https://www.vinted.it/items/6957660371-blusacamicia-vintage-yves-saint-laurent?referrer=catalog,1,6957660371,On Sale,,https://images1.vinted.net/t/03_00424_7fF8i3qLAMzStoMMzikBU5ur/310x430/1756361547.jpeg?s=5f8db84d76be4f47694b865a4bbe7d9992d52f9d,2,1,
Camicia marrone in seta Yves Saint Laurent taglia  42 in ottime condizioni,84.7,Yves Saint Laurent,M / IT 42 / EU 38,https://www.vinted.it/items/6957568221-camicia-marrone-in-seta-yves-saint-laurent-taglia-42-in-ottime-condizioni?referrer=catalog,11,6957568221,On Sale,,https://images1.vinted.net/t/04_00362_HiY1dGqE2M2kjmoKCVhYJy3L/310x430/1756358208.jpeg?s=bbef6da572649a4d015eaef8428ba041e326631c,2,1,
Top YSL,100.45,Yves Saint Laurent,S / IT 40 / EU 36,https://www.vinted.it/items/6957501776-top-ysl?referrer=catalog,3,6957501776,On Sale,,https://images1.vinted.net/t/04_009f9_YkNFmrBUcdhMhYZPrTuKHNG9/310x430/1756343136.jpeg?s=c2c9cc18747bbee92bfe539fd4d01507cbf8731a,2,1,
Miu Miu Damen Hemd women’s shirt Original,231.7,Miu Miu,S / IT 40 / EU 36,https://www.vinted.it/items/6957465421-miu-miu-damen-hemd-womens-shirt-original?referrer=catalog,0,6957465421,On Sale,,https://images1.vinted.net/t/03_00261_ws9Ug7Ssw82U15iF6hsYeSVj/310x430/1756338343.jpeg?s=69ae4c82b84143cfff682bc5bb8d203e2e0ab455,2,1,
Fina camisa .. fina y elegante,26.95,Fendi,S / IT 40 / EU 36,https://www.vinted.it/items/6957349887-fina-camisa-fina-y-elegante?referrer=catalog,1,6957349887,On Sale,,https://images1.vinted.net/t/02_021c1_eMzFUioszCfFfAxFjjJVDKi2/310x430/1756332752.jpeg?s=7517e858de5db2edffecb27878822611a9d098bb,2,1,
Blusa Gucci original 100% seda manga comprida,231.7,Gucci,M / IT 42 / EU 38,https://www.vinted.it/items/6957330019-blusa-gucci-original-100-seda-manga-comprida?referrer=catalog,0,6957330019,On Sale,,https://images1.vinted.net/t/04_01906_R2yzDzKVLxUTudypRvWPxAKi/310x430/1756332203.jpeg?s=293407a15bd3a67960232e897102075913558088,2,1,
🤍t Shirt 36-38 casual chic,11.1,Gucci,M / IT 42 / EU 38,https://www.vinted.it/items/6957301973-t-shirt-36-38-casual-chic?referrer=catalog,2,6957301973,On Sale,,https://images1.vinted.net/t/03_01592_8GraR9sgoj4RfizrmTtSksny/310x430/1756331485.jpeg?s=8ff2f73243c7a53314c75e2c76dba4a5503daa2f,2,1,
Top con cappuccio Fendi,105.7,Fendi,M / IT 42 / EU 38,https://www.vinted.it/items/6952367062-top-con-cappuccio-fendi?referrer=catalog,4,6952367062,On Sale,,https://images1.vinted.net/t/01_00a9d_bJbkzsATg1njPihJYhFodGSW/310x430/1756293152.jpeg?s=816d03d9626b098e6c49437839482effde342f57,2,1,
Top e t shirt Miu Miu donna taglia M,126.7,Miu Miu,M / IT 42 / EU 38,https://www.vinted.it/items/6958034550-top-e-t-shirt-miu-miu-donna-taglia-m?referrer=catalog,1,6958034550,On Sale,,https://images1.vinted.net/t/03_00616_wjayWYA7xb7QejR4pMJM5KnY/310x430/1756367808.jpeg?s=33fbaba3a0b63510e5696ac998da910755e2bf09,10,1,
Vintage Miu Miu F/W 2000 Tulip Silk Blouse,168.7,Miu Miu,S / IT 40 / EU 36,https://www.vinted.it/items/6958023458-vintage-miu-miu-fw-2000-tulip-silk-blouse?referrer=catalog,1,6958023458,On Sale,,https://images1.vinted.net/t/04_0178e_w95UygdrgBn43TJ2hP69AfvY/310x430/1756367678.jpeg?s=33a2861046f4b9efdda251b6d2b639a6bd4f8fd0,10,1,
Cashmere and silk polo shirt-style sweater,89.95,Miu Miu,XS / IT 38 / EU 34,https://www.vinted.it/items/6957325187-cashmere-and-silk-polo-shirt-style-sweater?referrer=catalog,3,6957325187,On Sale,,https://images1.vinted.net/t/04_00163_raMqg8tkFij97DVMQeZ7vrn3/310x430/1756332067.jpeg?s=d44d92cf490e003b773e1981d0c93e05f4bc9765,12,1,
Débardeur Crop top miu miu taille S,53.2,Miu Miu,S / IT 40 / EU 36,https://www.vinted.it/items/6944272213-debardeur-crop-top-miu-miu-taille-s?referrer=catalog,0,6944272213,On Sale,,https://images1.vinted.net/t/04_0018c_E62YR6P98GvvWUNFu1p7GMKb/310x430/1756198684.jpeg?s=2bc3851a1fe3ef970ec1f23ad8092659ed9623e7,13,1,
Ensemble c’est et Jean,473.2,Gucci,S / IT 40 / EU 36,https://www.vinted.it/items/6944265785-ensemble-cest-et-jean?referrer=catalog,0,6944265785,On Sale,,https://images1.vinted.net/t/01_01004_PPWrPuencb11PVWYR6ChPiP1/310x430/1756198626.jpeg?s=b4db6c5632c63a519a36f66fd241525e170774d2,13,1,
Yves Saint Laurent Pulli Avantgard vintage love,47.95,Yves Saint Laurent,M / IT 42 / EU 38,https://www.vinted.it/items/6958379071-yves-saint-laurent-pulli-avantgard-vintage-love?referrer=catalog,0,6958379071,On Sale,,https://images1.vinted.net/t/02_020ec_yUsFJBg7VgMUQHQuMRiSKmw5/310x430/1756371207.jpeg?s=781cfad2adf857b5509053d6e75c30a951d3a954,13,1,
Espectacular blusa satina elástica de Yves Saint Laurent,103.6,Yves Saint Laurent,L / IT 44 / EU 40,https://www.vinted.it/items/6958515066-espectacular-blusa-satina-elastica-de-yves-saint-laurent-talla-l?referrer=catalog,30,6958515066,On Sale,,https://images1.vinted.net/t/03_00c6d_eACPEbuxgutL3Fnsh5gG2iYX/310x430/1756372330.jpeg?s=08e485e25dfca1097475deebb767856eb1aa0984,14,1,
Gucci top,84.7,Gucci,L / IT 44 / EU 40,https://www.vinted.it/items/6958468071-gucci-top?referrer=catalog,0,6958468071,On Sale,,https://images1.vinted.net/t/04_01448_xYh3PPL36RnU9o9PcYnoQFqz/310x430/1756371947.jpeg?s=231783962d88b58b6e1a1a55480eeb1986bab8fa,14,1,
Chemise Yves saint Laurent,53.2,Yves Saint Laurent,M / IT 42 / EU 38,https://www.vinted.it/items/6958621560-chemise-yves-saint-laurent?referrer=catalog,0,6958621560,On Sale,,https://images1.vinted.net/t/03_022e2_21rauuJwuPHqAFmdShMnJKJq/310x430/1756373174.jpeg?s=996bee50b6eee6b3cc9e96cf857a5d76014a4bd2,16,1,
Gucci t-shirt,74.2,Gucci,S / IT 40 / EU 36,https://www.vinted.it/items/6958604494-gucci-t-shirt?referrer=catalog,1,6958604494,On Sale,,https://images1.vinted.net/t/02_01a3e_F33Q57JnXEGwdiq3sZNL5YwS/310x430/1756373040.jpeg?s=eed9c57c59a102298d87bb6d95acccc2a097437f,16,1,
Top Sin mangas Miu Miu,26.95,Miu Miu,L / IT 44 / EU 40,https://www.vinted.it/items/6959000685-top-sin-mangas-miu-miu?referrer=catalog,0,6959000685,On Sale,,https://images1.vinted.net/t/01_00e1c_YUhAS2bNHBKLxTGEJLhjvpHW/310x430/1756376015.jpeg?s=bdbcb8755d765863602bdbca8351876ee6ef25a2,20,1,
Top sin mangas Miu Miu,26.95,Miu Miu,M / IT 42 / EU 38,https://www.vinted.it/items/6958990598-top-sin-mangas-miu-miu?referrer=catalog,0,6958990598,On Sale,,https://images1.vinted.net/t/01_01c7d_pcJqpSpqaFGooaxhe6BxYz5D/310x430/1756375939.jpeg?s=e4dc46503b38512515ac3d85b470dc56a3b2c529,20,1,
Top Sin mangas Miu Miu,26.95,Miu Miu,M / IT 42 / EU 38,https://www.vinted.it/items/6958978650-top-sin-mangas-miu-miu?referrer=catalog,0,6958978650,On Sale,,https://images1.vinted.net/t/01_00b3b_7d3aRCfcR2WeUAxSuokEqWSz/310x430/1756375850.jpeg?s=204d49abc8aec3e337ab64d2f731572d6d9c1165,20,1,
Top Sin mangas Miu Miu,26.95,Miu Miu,S / IT 40 / EU 36,https://www.vinted.it/items/6958968028-top-sin-mangas-miu-miu?referrer=catalog,1,6958968028,On Sale,,https://images1.vinted.net/t/02_01856_Y92zpPwWzFws5PEmMyYK8zF3/310x430/1756375770.jpeg?s=a32f526e40f6a1794e8a0a746a0cc6616f86dd4f,20,1,
T shirt YSL,58.45,Yves Saint Laurent,Taglia unica,https://www.vinted.it/items/6958955305-t-shirt-ysl?referrer=catalog,1,6958955305,On Sale,,https://images1.vinted.net/t/04_00b48_oHnRVf98eDie3XGLpXZF9ALS/310x430/1756375674.jpeg?s=2a438779fdbcf81c011628dbd6124d60f3e518d6,20,1,
Haut Miu Miu,53.15,Miu Miu,M / IT 42 / EU 38,https://www.vinted.it/items/6944572713-haut-miu-miu?referrer=catalog,2,6944572713,On Sale,,https://images1.vinted.net/t/02_0174a_ovBJFvMj4dv4wbkkmucUsuhK/310x430/1756201157.jpeg?s=cad9112a9dc922eb7602839148576be81ee33dc7,20,1,
Chemise Yves saint laurent,53.2,Yves Saint Laurent,S / IT 40 / EU 36,https://www.vinted.it/items/6959202007-chemise-yves-saint-laurent?referrer=catalog,0,6959202007,On Sale,,https://images1.vinted.net/t/02_00f32_pr4pgq6hSSBiAeC7dQHf3Mx2/310x430/1756377512.jpeg?s=7e2c99b5a101693c0c629534c7a86c0f0ca811c4,23,1,
Maglia Fendi nera con stampe,32.2,Fendi,XL / IT 46 / EU 42,https://www.vinted.it/items/6958818060-maglia-fendi-nera-con-stampe-tagliata-a-crop-top?referrer=catalog,0,6958818060,On Sale,,https://images1.vinted.net/t/02_013e4_kqmvF5bcbNDTHddKEXHuUxSu/310x430/1756374662.jpeg?s=f34f42da2c286475f1385a4befa8acfcf7e539be,23,1,
T-shirt Gucci,158.2,Gucci,S / IT 40 / EU 36,https://www.vinted.it/items/6959472177-t-shirt-gucci?referrer=catalog,0,6959472177,On Sale,,https://images1.vinted.net/t/04_003d0_h2Fvm43WJz6eeoEAEpNxS7HJ/310x430/1756379536.jpeg?s=4c44be9cd5c8e7dab386b94acc7ddec26b890a02,26,1,
Vintage Yves St Laurent boutique light grey boxy top,26.95,Yves Saint Laurent,M / IT 42 / EU 38,https://www.vinted.it/items/6959473581-vintage-yves-st-laurent-boutique-light-grey-boxy-top?referrer=catalog,0,6959473581,On Sale,,https://images1.vinted.net/t/01_00eff_fYkhTmjcLRCkv9tXbQrAQJpE/310x430/1756379547.jpeg?s=dff4e2dbfa5819b322011eb8ad4c079726eaa379,26,1,
Maglia fuggi,20.13,Gucci,M / IT 42 / EU 38,https://www.vinted.it/items/6959606899-maglia-fuggi?referrer=catalog,0,6959606899,On Sale,,https://images1.vinted.net/t/02_01636_pyogY5PhG88HTRGHoRpH6nWf/310x430/1756380528.jpeg?s=5f90fe2fe6f036b0ef22e78c717bb904f5e040b8,27,1,
Maglietta senza maniche Gucci,50.05,Gucci,XS / IT 38 / EU 34,https://www.vinted.it/items/6960062774-maglietta-senza-maniche-gucci?referrer=catalog,0,6960062774,On Sale,,https://images1.vinted.net/t/02_013e4_4aBWJ8SfnrTz7XCUnxYPgFEc/310x430/1756383750.jpeg?s=4288ca34037d1f7ccc17dec2949f29c23f64e7a3,33,1,
T-shirt femme,11.2,Gucci,S / IT 40 / EU 36,https://www.vinted.it/items/6960060121-t-shirt-femme?referrer=catalog,1,6960060121,On Sale,,https://images1.vinted.net/t/04_017e4_JBSKXbpYvrgpdrFomB1FZHD8/310x430/1756383731.jpeg?s=a8a7878cd384030ba62f01bdf4ddb07d3237c464,33,1,
Maglietta Fendi Donna 46 IT - L Nero Stampa multicolore Sintetico Manica corta T-shirt,79.45,Fendi,L / IT 44 / EU 40,https://www.vinted.it/items/6960026819-maglietta-fendi-donna-46-it-l-nero-stampa-multicolore-sintetico-manica-corta-t-shirt?referrer=catalog,0,6960026819,On Sale,,https://images1.vinted.net/t/01_00645_c3tBrj6YKdpVqY6JprfCiqBu/310x430/1756383497.jpeg?s=0fb3b1852da1a58a936d87531bb8b4ec7460ee27,33,1,
Débardeur miu miu M beige et rose,52.15,Miu Miu,M / IT 42 / EU 38,https://www.vinted.it/items/6945697271-debardeur-miu-miu-m-beige-et-rose?referrer=catalog,1,6945697271,On Sale,,https://images1.vinted.net/t/04_01e61_za3DvDG1oWyCxrTLJQCFNLMA/310x430/1756209630.jpeg?s=5d827a11df758e112bb76ee68d17b01370351686,33,1,
Camicia stile giapponese Miu Miu 90’s,712.98,Miu Miu,S / IT 40 / EU 36,https://www.vinted.it/items/6959897556-camicia-stile-giapponese-miu-miu-90s?referrer=catalog,0,6959897556,On Sale,,https://images1.vinted.net/t/01_014dd_Qxf5u9zhWq8uxXPPfYPeiDzo/310x430/1756382592.jpeg?s=e5246ea059ec218109f036ba8013d64d7ebab59e,33,1,
Camisa oversize,68.95,Yves Saint Laurent,M / IT 42 / EU 38,https://www.vinted.it/items/6959896274-camisa-oversize?referrer=catalog,0,6959896274,On Sale,,https://images1.vinted.net/t/04_01fa5_VW4C32LgMVeEdw7b6XDwSJne/310x430/1756382583.jpeg?s=c370732441ea1ef2870ede8c2cd00fa5feb57509,33,1,
Blouse léopard Yves Saint Laurent rive gauche taille 38,210.7,Yves Saint Laurent,M / IT 42 / EU 38,https://www.vinted.it/items/6959837840-blouse-leopard-yves-saint-laurent-rive-gauche-taille-38?referrer=catalog,1,6959837840,On Sale,,https://images1.vinted.net/t/02_001d8_Z5mgPYZmS9MnWk4eKJftLPvc/310x430/1756382168.jpeg?s=aebf59bc786da923b4ca95d3292825e35f759b4e,33,1,
Camicia Fendi bianca a quadri blu pezzo unico,40.6,Fendi,L / IT 44 / EU 40,https://www.vinted.it/items/6959710595-camicia-fendi-bianca-a-quadri-blu-pezzo-unico?referrer=catalog,0,6959710595,On Sale,,https://images1.vinted.net/t/04_001bc_XKvErA4zC8qgz7vFyWAiYyzp/310x430/1756381272.jpeg?s=8ece7efc42ac46e4655a1c00540f372a63aa8468,33,1,
Maglia Miu Miu,63.7,Miu Miu,L / IT 44 / EU 40,https://www.vinted.it/items/6945371590-maglia-miu-miu?referrer=catalog,5,6945371590,On Sale,,https://images1.vinted.net/t/04_00cd4_Ub9GRFuuWgMTJkvtPBRZ6xXs/310x430/1756207246.jpeg?s=0ab935b85e98e87df417231faadb4be9dcf20ed8,33,1,
Miu Miu top e t shirt donna taglia M,126.7,Miu Miu,M / IT 42 / EU 38,https://www.vinted.it/items/6960464226-miu-miu-top-e-t-shirt-donna-taglia-m?referrer=catalog,1,6960464226,On Sale,,https://images1.vinted.net/t/02_012fe_YRty6xeyLrGxsGVsyaoTyGrs/310x430/1756386461.jpeg?s=fba1a35512cd67c0a147bec7b74ebd48655d261e,37,1,
Gucci x tom Ford,189.7,Gucci,S / IT 40 / EU 36,https://www.vinted.it/items/6960423329-gucci-x-tom-ford?referrer=catalog,4,6960423329,On Sale,,https://images1.vinted.net/t/04_0078a_dj9REewVNJeejuXaruPBByW9/310x430/1756386187.jpeg?s=9922582914a0f12a9adf3bec017b72edc6e7e010,37,1,
maglia fendi,9.1,Fendi,M / IT 42 / EU 38,https://www.vinted.it/items/6960389347-maglia-fendi?referrer=catalog,0,6960389347,On Sale,,https://images1.vinted.net/t/04_01552_3opuPPrFVSvSzjdB6qUz9Hk5/310x430/1756385961.jpeg?s=f620343dbe732dd5be862e4eaabf30b42957b3f4,37,1,
Miu miu top,32.2,Miu Miu,S / IT 40 / EU 36,https://www.vinted.it/items/6946450117-miu-miu-top?referrer=catalog,1,6946450117,On Sale,,https://images1.vinted.net/t/03_001df_E7taueXDz2Uap5R3okqs84iA/310x430/1756214873.jpeg?s=abff32b41ae281cf8a5887a2ace4489637f55fd1,39,1,
Maglia Gucci,11.2,Gucci,S / IT 40 / EU 36,https://www.vinted.it/items/6960766933-maglia-gucci?referrer=catalog,0,6960766933,On Sale,,https://images1.vinted.net/t/04_01ec2_QAcmXdTw4VdZ9WYBTxsuhF1D/310x430/1756388448.jpeg?s=4462aa17c4ce11fbfa720b418e8fd2beacbe6a72,41,1,
Top Polo Miu Miu taille S,116.2,Miu Miu,S / IT 40 / EU 36,https://www.vinted.it/items/6960931773-top-polo-miu-miu-taille-s?referrer=catalog,1,6960931773,On Sale,,https://images1.vinted.net/t/03_01302_cH71V2BTmaGGAkbSmcBJuBaU/310x430/1756389526.jpeg?s=dc80b18e6a6d49331adfa9a3f9fffd0ed23f80f0,43,1,
T shirt GUCCI streetwear,32.2,Gucci,M / IT 42 / EU 38,https://www.vinted.it/items/6960931592-t-shirt-gucci-streetwear?referrer=catalog,0,6960931592,On Sale,,https://images1.vinted.net/t/01_02699_9yUvZJc8SNGqnCQiJ1L6p3io/310x430/1756389525.jpeg?s=c062e7020b5fb52ff414c524d5229a73f743756e,43,1,
T-shirt fendi,4.9,Fendi,L / IT 44 / EU 40,https://www.vinted.it/items/6961253785-t-shirt-fendi?referrer=catalog,0,6961253785,On Sale,,https://images1.vinted.net/t/03_0105c_2oyKvnoFrk373K6fT4fhfrkW/310x430/1756391751.jpeg?s=23496bb8d9ff99a5ca9e74f28be5919d2c4ee941,45,1,
Camisa rayas Personal II oversize popelin,10.15,Personal,S / IT 40 / EU 36,https://www.vinted.it/items/6961239381-camisa-rayas-personal-ii-oversize-popelin?referrer=catalog,0,6961239381,On Sale,,https://images1.vinted.net/t/02_008a4_cGB1K8wn6PGYSvpQ8GRPZXRH/310x430/1756391662.jpeg?s=fc4c5898359f9b6428d9d7092a624dff072d1439,45,1,
Camiseta YSL rosa,11.2,Yves Saint Laurent,M / IT 42 / EU 38,https://www.vinted.it/items/6961226408-camiseta-ysl-rosa?referrer=catalog,0,6961226408,On Sale,,https://images1.vinted.net/t/04_0076d_rAwTSydHiH2CHzMCfvWu6VR4/310x430/1756391580.jpeg?s=9db5017e9ac27f7963c90175d5333992910bbff6,45,1,
Tshirt Gucci x disney,95.2,Gucci,S / IT 40 / EU 36,https://www.vinted.it/items/6961593618-tshirt-gucci-x-disney?referrer=catalog,0,6961593618,On Sale,,https://images1.vinted.net/t/04_01a34_44PmLyE24FiYj8Whm2xUtMxz/310x430/1756393937.jpeg?s=6e878904accb99973298aed76d395ddca465d5cb,50,1,
Gucci by Tom Ford camicia runway 2003 seta blu navy,263.2,Gucci,M / IT 42 / EU 38,https://www.vinted.it/items/6961860252-gucci-by-tom-ford-camicia-runway-2003-seta-blu-navy?referrer=catalog,0,6961860252,On Sale,,https://images1.vinted.net/t/03_02408_rR6EaVgqmHofjxpfhgtgRCAu/310x430/1756395665.jpeg?s=cfd4eb02162e3239d9f4e5df9577e4a8b4f2f770,54,1,
T-shirt women’s S,62.65,Gucci,S / IT 40 / EU 36,https://www.vinted.it/items/6955477243-t-shirt-womens-s?referrer=catalog,1,6955477243,On Sale,,https://images1.vinted.net/t/04_01922_pACftFZVrYQECxr4CdfpvsEM/310x430/1756313715.jpeg?s=95728e405b860ed1a5dedcffec210186270cc240,54,1,
Camicia Donna Gucci collezione 2004,63.7,Gucci,M / IT 42 / EU 38,https://www.vinted.it/items/6961800222-camicia-donna-gucci-collezione-2004?referrer=catalog,2,6961800222,On Sale,,https://images1.vinted.net/t/04_01dfc_yh34D92nyCo8L9URsw391zeC/310x430/1756395277.jpeg?s=718dd39d4ad88537ccfa5aa0a23f476febc40531,54,1,
T-shirt women’s S,62.65,Gucci,S / IT 40 / EU 36,https://www.vinted.it/items/6955494387-t-shirt-womens-s?referrer=catalog,0,6955494387,On Sale,,https://images1.vinted.net/t/03_004c4_obsdP8bRB5BmQPr8fhA7YmbN/310x430/1756313832.jpeg?s=8822165334a5e1d0423e0ecc98f8cdba8d84da1a,60,1,
T-shirt,3.85,Gucci,Altro,https://www.vinted.it/items/6962431548-t-shirt?referrer=catalog,1,6962431548,On Sale,,https://images1.vinted.net/t/03_02328_cbHco79UfVixpUhPbCRADPUd/310x430/1756399482.jpeg?s=e47505aaffe3559bfbebbabc15d13fb340c0deda,60,1,
T-shirt donna Fendi,103.6,Fendi,L / IT 44 / EU 40,https://www.vinted.it/items/6962739389-t-shirt-donna-fendi?referrer=catalog,0,6962739389,On Sale,,https://images1.vinted.net/t/04_01fb3_jmtHTEj229oQ3tVmQZFpGpMV/310x430/1756401667.jpeg?s=6a123de834c5152ba68c8e1098e411d5328c8445,64,1,
Débardeur Miu Miu à strass,42.7,Miu Miu,M / IT 42 / EU 38,https://www.vinted.it/items/6948486422-debardeur-miu-miu-a-strass?referrer=catalog,1,6948486422,On Sale,,https://images1.vinted.net/t/02_009dd_sK5jLPSU6Aewzvyf3RaUSz7f/310x430/1756228503.jpeg?s=9c2cd02aca707a6d80041306953b09c7c4477790,64,1,
Černá košile,103.6,Yves Saint Laurent,M / IT 42 / EU 38,https://www.vinted.it/items/6961380815-cerna-kosile?referrer=catalog,0,6961380815,On Sale,,https://images1.vinted.net/t/03_01fb8_e5NDZGYJDGgY3gHxZr2HZ6LX/310x430/1756392566.jpeg?s=13dff98428167ed57c51a7039439bf446a562729,64,1,
Top débardeur noir à ruban Miu Miu,37.45,Miu Miu,S / IT 40 / EU 36,https://www.vinted.it/items/6963111594-top-debardeur-noir-a-ruban-miu-miu?referrer=catalog,0,6963111594,On Sale,,https://images1.vinted.net/t/04_0029d_9HaCLjz76pL4yMZ5JnfTvhns/310x430/1756404570.jpeg?s=a276b3f72c76757b4d29b7b0d940f1689076415f,65,1,
Sublime top Yves Saint Laurent imprimé soie serpent bleu et doré,104.65,Yves Saint Laurent,M / IT 42 / EU 38,https://www.vinted.it/items/6963074282-sublime-top-yves-saint-laurent-imprime-soie-serpent-bleu-et-dore?referrer=catalog,0,6963074282,On Sale,,https://images1.vinted.net/t/01_0270a_Mgz1FwF7Qpeym8Fu5C81ihwy/310x430/1756404271.jpeg?s=ec4ff6e1d48c415f837830c3de1b1326a2187952,65,1,
Camicia estiva Gucci,63.7,Gucci,Altro,https://www.vinted.it/items/6963142857-camicia-estiva-gucci?referrer=catalog,1,6963142857,On Sale,,https://images1.vinted.net/t/03_01bc2_Q5VNujnPAr51be5V8hNHhpjY/310x430/1756404830.jpeg?s=914259a5d01c7319a0a369a9511874ffc4a3e26c,66,1,
Top miu miu noir,63.7,Miu Miu,S / IT 40 / EU 36,https://www.vinted.it/items/6949178415-top-miu-miu-noir?referrer=catalog,1,6949178415,On Sale,,https://images1.vinted.net/t/04_00fbf_YGUkfdCNeaFi1G19y7zvW3se/310x430/1756233868.jpeg?s=dba1ee2929b7d4cf37e1e0bf22f935d056aa57a7,70,1,
Top Fendi,68.95,Fendi,M / IT 42 / EU 38,https://www.vinted.it/items/6963241081-top-fendi?referrer=catalog,2,6963241081,On Sale,,https://images1.vinted.net/t/04_01a2a_EcwYvSbv371Ky6RagHGRdyGv/310x430/1756405641.jpeg?s=35cc2c3b4713cd73806786a7ca172a7f29a42fe1,70,1,
Top Gucci,53.2,Gucci,S / IT 40 / EU 36,https://www.vinted.it/items/6963236524-top-gucci?referrer=catalog,11,6963236524,On Sale,,https://images1.vinted.net/t/04_01f15_BzPPzTWcoquZGJBqHCXovu1W/310x430/1756405603.jpeg?s=12ef93e278ecacefe95a4af9b0efbe765132202e,70,1,
Canotta a coste bianca Gucci taglia XS,95.2,Gucci,XS / IT 38 / EU 34,https://www.vinted.it/items/6963528899-canotta-a-coste-bianca-gucci-taglia-xs?referrer=catalog,2,6963528899,On Sale,,https://images1.vinted.net/t/02_01e34_fEKoiVhXQJszXLkbFXTCt9Y5/310x430/1756408121.jpeg?s=878e6f5f96f2737234d3a90f70390b6781f2bed5,72,1,
t shirt Gucci,189.7,Gucci,XS / IT 38 / EU 34,https://www.vinted.it/items/6963699684-t-shirt-gucci?referrer=catalog,0,6963699684,On Sale,,https://images1.vinted.net/t/04_01905_XP6kd5SpsrSv96hf4atCYqFN/310x430/1756409694.jpeg?s=d10b3a5a8e329f15307b9962be526d9e4a75356c,75,1,
