ProductId,VariantId,VariantCount,VariantTextTop,PriceMedian,PriceMin,PriceMax,CoreFrac,VariantThreshold,PriceWeight
4,4,4,,13.3,13.3,13.3,0.6,0.36,0.25
7,7,5,,19.6,19.6,19.6,0.6,0.36,0.25
15,15,4,,11.2,11.2,26.95,0.6,0.36,0.25
17,17,5,,11.2,11.2,11.2,0.6,0.36,0.25
23,23,5,,2.8,2.8,2.8,0.6,0.36,0.25
28,28,5,,26.95,26.95,26.95,0.6,0.36,0.25
30,30,4,,18.55,18.55,18.55,0.6,0.36,0.25
33,33,4,,63.69,63.69,63.69,0.6,0.36,0.25
34,34,5,,74.2,74.2,74.2,0.6,0.36,0.25
39,39,4,figure iv black flag edward kenway action,53.19,53.19,53.19,0.78,0.36,0.25
39,40,1,unity notre dame edition ps4,126.7,126.7,126.7,0.78,0.36,0.25
39,41,4,unity arno the fearless collectable statue,53.19,53.19,53.19,0.78,0.36,0.25
44,46,5,,58.45,58.45,58.45,0.6,0.36,0.25
45,47,5,,19.6,19.6,19.6,0.6,0.36,0.25
52,54,4,,24.325,21.7,26.95,0.6,0.33,0.35
53,55,5,,13.3,13.3,13.3,0.6,0.36,0.25
54,56,4,,4.9,4.9,4.9,0.6,0.36,0.25
64,66,4,,8.05,8.05,8.05,0.6,0.36,0.25
68,70,2,blanche,26.95,26.95,26.95,0.65,0.3,0.55
68,71,2,,53.1,53.1,53.1,0.65,0.3,0.55
79,82,6,,11.1,11.1,11.1,0.6,0.36,0.25
80,83,5,,13.3,13.3,13.3,0.6,0.36,0.25
80,84,1,headset,11.2,11.2,11.2,0.6,0.36,0.25
81,85,5,,2.28,2.28,2.28,0.6,0.36,0.25
85,89,4,,63.7,63.7,63.7,0.6,0.36,0.25
88,92,4,,74.2,74.2,74.2,0.6,0.36,0.25
91,95,4,,40.6,40.6,40.6,0.6,0.36,0.25
96,100,3,fifa barcelona,16.45,16.45,16.45,0.78,0.36,0.25
96,101,4,gta,16.45,16.45,16.45,0.78,0.36,0.25
96,102,1,mario bros,16.45,16.45,16.45,0.78,0.36,0.25
96,103,5,fornite,16.45,16.45,16.45,0.78,0.36,0.25
96,104,3,fifa amarillo,16.45,16.45,16.45,0.78,0.36,0.25
99,107,2,vanguard,21.7,21.7,21.7,0.78,0.3,0.55
99,108,2,modern warfare,11.2,11.2,11.2,0.78,0.3,0.55
99,109,1,modern warfer ps4,8.58,8.58,8.58,0.78,0.3,0.55
100,110,5,capcom,68.95,68.95,68.95,0.6,0.36,0.25
104,114,4,,11.2,11.2,11.2,0.6,0.36,0.25
110,120,5,,462.7,462.7,462.7,0.6,0.36,0.25
125,135,2,,27.48,27.48,27.48,0.65,0.33,0.35
125,136,2,part,31.15,31.15,31.15,0.65,0.33,0.35
129,140,9,,8.05,8.05,11.2,0.6,0.31,0.45
129,141,3,,2.8,2.8,2.8,0.6,0.31,0.45
131,143,4,,8.05,8.05,8.05,0.6,0.36,0.25
132,144,5,aladdin,2.8,2.8,2.8,0.78,0.3,0.55
132,145,5,temps,11.2,11.2,11.2,0.78,0.3,0.55
132,146,5,jasmin,5.95,5.95,5.95,0.78,0.3,0.55
140,154,5,,105.7,105.7,105.7,0.6,0.36,0.25
143,157,5,,21.7,21.7,21.7,0.6,0.36,0.25
144,158,4,,24.85,24.85,24.85,0.6,0.36,0.25
146,160,5,,21.7,21.7,21.7,0.6,0.36,0.25
148,162,5,,368.2,368.2,368.2,0.6,0.36,0.25
150,164,4,,42.7,42.7,42.7,0.6,0.36,0.25
159,173,4,,1.04965,1.01898,1.04965,0.6,0.36,0.25
162,176,5,,4.9,4.9,4.9,0.6,0.36,0.25
169,183,6,,16.45,16.45,16.45,0.6,0.36,0.25
176,190,5,,53.2,53.2,53.2,0.6,0.36,0.25
177,191,5,,26.95,26.95,26.95,0.6,0.36,0.25
178,192,5,,9.1,9.1,9.1,0.6,0.36,0.25
179,193,4,,63.7,63.7,63.7,0.6,0.36,0.25
187,201,5,,4.9,4.9,4.9,0.6,0.36,0.25
213,227,5,,5.95,5.95,5.95,0.6,0.36,0.25
220,234,4,,74.2,74.2,74.2,0.6,0.36,0.25
223,237,2,per para,42.7,42.7,42.7,0.78,0.36,0.25
223,238,4,pc come nuovo testato,92.58,92.58,92.58,0.78,0.36,0.25
224,239,5,,53.2,53.2,53.2,0.6,0.36,0.25
225,240,4,,42.7,42.7,47.95,0.6,0.36,0.25
233,248,4,,36.4,36.4,36.4,0.6,0.36,0.25
234,249,3,per con cambio pedali,53.2,53.2,53.2,0.78,0.3,0.55
234,250,3,wh 3103v para,29.05,29.05,29.05,0.78,0.3,0.55
236,252,4,,42.7,42.7,47.95,0.6,0.36,0.25
240,256,7,,41.65,41.65,42.7,0.6,0.36,0.25
243,259,5,,9.1,9.1,9.1,0.6,0.36,0.25
247,263,10,bordeau vert sapin,5.95,5.95,5.95,0.78,0.36,0.25
248,264,6,,16.35,16.35,16.35,0.6,0.36,0.25
252,268,4,,231.7,231.7,231.7,0.6,0.36,0.25
253,269,9,,137.2,137.2,137.2,0.6,0.36,0.25
257,273,5,,5.95,5.95,5.95,0.6,0.36,0.25
264,280,4,nero per playstation,9.1,9.1,9.1,0.78,0.36,0.25
264,281,3,morado nuevo estrenar,5.95,5.95,5.95,0.78,0.36,0.25
268,285,4,,68.95,68.95,68.95,0.6,0.36,0.25
268,286,1,con personaggi inclusi per,68.95,68.95,68.95,0.6,0.36,0.25
273,291,4,,74.2,74.2,74.2,0.6,0.36,0.25
274,292,4,,32.2,32.2,32.2,0.6,0.36,0.25
279,297,5,,131.95,131.95,131.95,0.6,0.36,0.25
280,298,4,,32.2,32.2,32.2,0.6,0.36,0.25
281,299,8,driving force volant pour playstation,168.7,168.7,263.2,0.78,0.31,0.45
281,300,6,volant volante,263.2,210.7,315.7,0.78,0.31,0.45
281,301,2,sterzo,173.95,158.2,189.7,0.78,0.31,0.45
281,302,3,volant et pedales lenkrad pedale,158.2,158.2,168.7,0.78,0.31,0.45
281,303,5,cambio manuale spedizione veloce,210.7,210.7,210.7,0.78,0.31,0.45
281,304,9,volante ps5 ps4 pc driving force pedaliere pedaliera,200.2,137.2,210.7,0.78,0.31,0.45
281,305,1,con cambio,137.2,137.2,137.2,0.78,0.31,0.45
281,306,1,driving force per ps5 ps4 pc,21.7,21.7,21.7,0.78,0.31,0.45
281,307,4,volant avec levier de vitesse,263.2,263.2,263.2,0.78,0.31,0.45
281,308,5,volante nuevo multiplataforma,242.2,242.2,242.2,0.78,0.31,0.45
283,310,4,,26.95,26.95,26.95,0.6,0.36,0.25
283,311,1,volante pedaliera originale playstation perfetto,178.15,178.15,178.15,0.6,0.36,0.25
285,313,4,,21.7,21.7,21.7,0.6,0.36,0.25
287,315,4,,32.2,32.2,32.2,0.6,0.36,0.25
288,316,5,mai aperto se,268.45,221.2,268.45,0.78,0.33,0.35
288,317,3,ps4 pc ps5,231.7,231.7,305.2,0.78,0.33,0.35
288,318,1,trueforce novo lacrado,367.15,367.15,367.15,0.78,0.33,0.35
288,319,4,cambio postazione guida completa playseat con supporto ps5,549.78,549.78,566.65,0.78,0.33,0.35
297,328,5,,221.2,221.2,221.2,0.6,0.36,0.25
300,331,5,,26.95,26.95,26.95,0.6,0.36,0.25
307,338,5,,5.95,5.95,5.95,0.6,0.36,0.25
308,339,5,,21.7,21.7,21.7,0.6,0.36,0.25
310,341,5,,21.7,21.7,21.7,0.6,0.36,0.25
315,346,4,,11.2,11.2,11.2,0.6,0.36,0.25
319,350,5,,16.45,16.45,16.45,0.6,0.36,0.25
321,352,4,,58.45,58.45,58.45,0.6,0.36,0.25
324,355,4,,42.7,42.7,42.7,0.6,0.36,0.25
327,358,5,,18.55,18.55,26.95,0.6,0.3,0.55
327,359,1,ps4,11.2,11.2,11.2,0.6,0.3,0.55
327,360,1,ps4,26.95,26.95,26.95,0.6,0.3,0.55
328,361,6,,12.25,12.25,16.45,0.6,0.36,0.25
328,362,1,nuovo,26.95,26.95,26.95,0.6,0.36,0.25
331,365,4,,32.2,32.2,32.2,0.6,0.36,0.25
336,370,5,,84.7,84.7,84.7,0.6,0.36,0.25
337,371,4,,158.2,158.2,158.2,0.6,0.36,0.25
338,372,8,neuve,17.5,17.5,22.75,0.7,0.36,0.25
341,375,8,weiss schwarz,105.7,105.7,105.7,0.78,0.36,0.25
344,378,5,,32.2,32.2,32.2,0.6,0.36,0.25
345,379,5,,67.89,67.89,67.89,0.6,0.36,0.25
349,383,5,,7.0,7.0,7.0,0.6,0.36,0.25
352,386,5,,5.95,5.95,5.95,0.6,0.36,0.25
353,387,5,,105.7,105.7,105.7,0.6,0.36,0.25
360,394,5,,21.69,21.69,21.69,0.6,0.36,0.25
360,395,1,nina rosa talla,16.45,16.45,16.45,0.6,0.36,0.25
361,396,4,,26.95,26.95,26.95,0.6,0.36,0.25
361,397,1,mit karton pink orange,21.7,21.7,21.7,0.6,0.36,0.25
362,398,5,,37.45,37.45,37.45,0.6,0.36,0.25
363,399,8,,21.69,21.69,21.69,0.6,0.36,0.25
367,403,6,,26.95,21.69,27.48,0.6,0.36,0.25
368,404,6,,100.45,100.45,100.45,0.6,0.36,0.25
371,407,5,,16.45,16.45,16.45,0.6,0.36,0.25
374,410,4,,30.09,30.09,30.09,0.6,0.36,0.25
377,413,5,,236.95,236.95,236.95,0.6,0.36,0.25
379,415,5,,19.6,19.6,19.6,0.6,0.36,0.25
384,420,2,gummi grip,15.4,15.4,15.4,0.7,0.36,0.25
384,421,2,,15.4,15.4,15.4,0.7,0.36,0.25
384,422,1,gripund,16.45,16.45,16.45,0.7,0.36,0.25
384,423,1,neu,16.45,16.45,16.45,0.7,0.36,0.25
387,426,8,,11.2,9.1,13.3,0.6,0.36,0.25
391,430,12,,6.99,4.9,6.99,0.6,0.36,0.25
394,433,4,,58.45,58.45,58.45,0.6,0.36,0.25
402,441,2,precintado original,105.7,105.7,105.7,0.78,0.36,0.25
402,442,3,doom uncut,11.2,11.2,11.2,0.78,0.36,0.25
403,443,4,,3.33,3.33,3.33,0.6,0.36,0.25
404,444,5,,13.3,13.3,16.45,0.6,0.36,0.25
405,445,4,,21.69,21.69,21.69,0.6,0.36,0.25
409,449,4,megaman,13.825,11.2,16.45,0.65,0.33,0.35
409,450,2,ultimate,14.875,13.3,16.45,0.65,0.33,0.35
410,451,2,ultimate per,19.075,16.45,21.7,0.78,0.3,0.55
410,452,8,gioco jeu,9.1,9.1,13.3,0.78,0.3,0.55
410,453,1,ultimate ps5,16.45,16.45,16.45,0.78,0.3,0.55
410,454,1,jeux combat,16.45,16.45,16.45,0.78,0.3,0.55
410,455,1,per,9.1,9.1,9.1,0.78,0.3,0.55
416,461,5,,21.7,21.7,21.7,0.6,0.36,0.25
418,463,5,,126.7,126.7,126.7,0.6,0.36,0.25
423,468,13,,5.95,5.95,5.95,0.65,0.36,0.25
423,469,15,ps4,5.95,5.95,5.95,0.65,0.36,0.25
425,471,7,,5.95,5.95,5.95,0.6,0.36,0.25
427,473,5,,11.2,11.2,11.2,0.6,0.36,0.25
427,474,1,jeux,32.2,32.2,32.2,0.6,0.36,0.25
436,483,2,the lost legacy,0.0,0.0,0.0,0.78,0.33,0.35
436,484,2,thief end,0.0,0.0,0.0,0.78,0.33,0.35
437,485,4,,17.5,17.5,17.5,0.6,0.36,0.25
438,486,5,,9.1,4.9,10.15,0.6,0.33,0.35
438,487,3,jeux,11.2,11.2,11.2,0.6,0.33,0.35
445,494,7,ps4 xv pal ita day one edition completo,11.2,5.95,11.2,0.7,0.36,0.25
445,495,3,playstation,21.7,21.7,21.7,0.7,0.36,0.25
445,496,5,sous blister,11.2,11.2,13.3,0.7,0.36,0.25
445,497,1,xv edition royale,18.45,18.45,18.45,0.7,0.36,0.25
446,498,6,ps4 jeux,17.5,8.05,17.5,0.78,0.3,0.55
446,499,4,neuve,11.2,9.1,11.2,0.78,0.3,0.55
446,500,7,ps4 jeu,2.8,2.8,4.9,0.78,0.3,0.55
446,501,5,lots jeux,16.45,16.45,16.45,0.78,0.3,0.55
446,502,1,jeu rugby sur ps4,5.95,5.95,5.95,0.78,0.3,0.55
446,503,1,ps4 in italiano,5.95,5.95,5.95,0.78,0.3,0.55
447,504,4,,5.95,5.95,5.95,0.6,0.36,0.25
449,506,4,,11.2,11.19,11.2,0.6,0.36,0.25
451,508,4,,5.95,5.95,5.95,0.6,0.36,0.25
453,510,4,,84.7,84.7,84.7,0.6,0.36,0.25
455,512,4,,158.2,158.2,158.2,0.6,0.36,0.25
456,513,25,ps4 deluxe edition para,8.05,4.9,11.2,0.7,0.3,0.55
456,514,5,,16.45,11.2,16.45,0.7,0.3,0.55
456,515,8,ps4 gioco sigillato jeux,17.5,15.4,21.7,0.7,0.3,0.55
456,516,6,,3.85,3.33,3.85,0.7,0.3,0.55
456,517,2,playstation,5.95,5.95,5.95,0.7,0.3,0.55
456,518,7,giochi,8.05,8.05,10.15,0.7,0.3,0.55
456,519,2,edicion limitada,19.6,19.6,19.6,0.7,0.3,0.55
456,520,2,ps4,1.75,1.75,1.75,0.7,0.3,0.55
464,528,4,per playstation videojuego para play,3.85,3.85,5.95,0.65,0.31,0.45
464,529,6,ps4 neuf videogioco jeu jeux sous blister,11.2,8.05,16.45,0.65,0.31,0.45
464,530,13,ps4 per,5.95,3.83,5.95,0.65,0.31,0.45
464,531,3,et battlefield hardline xbox one neuf,7.0,7.0,7.0,0.65,0.31,0.45
464,532,26,,5.95,3.85,11.2,0.65,0.31,0.45
464,533,1,edition deluxe,21.7,21.7,21.7,0.65,0.31,0.45
464,534,1,per play,13.3,13.3,13.3,0.65,0.31,0.45
464,535,1,deluxe edition for playstation4,9.1,9.1,9.1,0.65,0.31,0.45
464,536,1,importacion inglesa ps4,4.89,4.89,4.89,0.65,0.31,0.45
465,537,3,2k23 lote ps4 nba pga tour,37.44,37.44,37.44,0.78,0.36,0.25
465,538,1,playstation,11.2,11.2,11.2,0.78,0.36,0.25
465,539,1,jeu moto gp,16.45,16.45,16.45,0.78,0.36,0.25
467,541,5,,7.0,7.0,11.2,0.6,0.36,0.25
474,548,27,ps4 jeux nba spiele ab jogo original playstation,9.1,8.05,21.7,0.7,0.3,0.55
474,549,6,playstation neu,5.105,3.94,7.0,0.7,0.3,0.55
474,550,24,ps4 per para jeux avec coupe du monde,4.9,2.8,6.48,0.7,0.3,0.55
474,551,26,,7.525,5.95,11.2,0.7,0.3,0.55
474,552,3,jeux ea sport,5.95,5.95,5.95,0.7,0.3,0.55
474,553,3,jeu ps4 battlefield pegi neuf sans etiquette,5.95,5.95,5.95,0.7,0.3,0.55
474,554,13,jeu,3.84,2.8,3.85,0.7,0.3,0.55
474,555,1,,26.95,26.95,26.95,0.7,0.3,0.55
474,556,2,nuovo,5.95,5.95,5.95,0.7,0.3,0.55
475,557,4,,3.33,3.33,3.33,0.6,0.36,0.25
475,558,1,ps4 disco come,4.9,4.9,4.9,0.6,0.36,0.25
477,560,4,,18.55,18.55,18.55,0.6,0.36,0.25
483,566,5,,14.35,11.2,14.35,0.6,0.36,0.25
485,568,6,ps4 jeux jeu neuf,16.45,13.3,16.45,0.7,0.3,0.55
485,569,2,ps4,5.6899999999999995,5.43,5.95,0.7,0.3,0.55
485,570,5,,13.3,11.2,13.3,0.7,0.3,0.55
487,572,2,motogp etat impeccable envoi rapide et soigne,12.25,12.25,12.25,0.78,0.36,0.25
487,573,3,jeux moto gp,11.2,11.2,11.2,0.78,0.36,0.25
488,574,3,,12.25,5.95,12.25,0.65,0.3,0.55
488,575,3,ambassador edition,21.6,21.6,21.6,0.65,0.3,0.55
489,576,28,ps4 cd jeux gioco sigillato precintado pour et,11.2,8.05,21.7,0.7,0.3,0.55
489,577,32,ps4 jeu edition inutilise jeux gioco jogo,5.95,2.8,9.1,0.7,0.3,0.55
489,578,6,playstation,13.3,8.05,13.3,0.7,0.3,0.55
489,579,2,champions edition,16.45,16.45,16.45,0.7,0.3,0.55
489,580,19,,5.95,2.8,8.05,0.7,0.3,0.55
489,581,1,ps4 come nuovo completo di custodia,9.1,9.1,9.1,0.7,0.3,0.55
489,582,7,,11.2,11.2,21.7,0.7,0.3,0.55
490,583,5,et lot,11.2,11.2,11.2,0.6,0.36,0.25
491,584,5,,16.45,16.45,16.45,0.6,0.36,0.25
493,586,25,ps4 jeu jeux gioco jumanji avengers voor de,8.05,5.95,20.65,0.7,0.3,0.55
493,587,28,ps4 originale,4.9,1.75,8.05,0.7,0.3,0.55
493,588,15,jeu,4.9,2.8,5.95,0.7,0.3,0.55
493,589,17,,11.2,8.05,32.2,0.7,0.3,0.55
493,590,6,playstation,5.94,4.9,5.94,0.7,0.3,0.55
493,591,1,avec code ps plus,5.95,5.95,5.95,0.7,0.3,0.55
493,592,3,w2k22 ps4,11.2,11.2,11.2,0.7,0.3,0.55
493,593,1,steelbook,11.2,11.2,11.2,0.7,0.3,0.55
493,594,1,nuovo,7.32,7.32,7.32,0.7,0.3,0.55
495,596,5,,21.7,21.7,21.7,0.6,0.36,0.25
498,599,7,,4.9,4.9,9.1,0.6,0.36,0.25
504,605,2,fifa jeu sur,5.95,5.95,5.95,0.78,0.36,0.25
504,606,6,jeu video irb pour console sony playstation,11.2,11.2,11.2,0.78,0.36,0.25
504,607,1,nuevo,7.0,7.0,7.0,0.78,0.36,0.25
505,608,4,,17.5,17.5,17.5,0.6,0.36,0.25
508,611,5,game pes,21.7,21.7,21.7,0.78,0.3,0.55
508,612,4,nba,17.5,17.5,17.5,0.78,0.3,0.55
508,613,3,pes neuf,13.3,13.3,13.3,0.78,0.3,0.55
509,614,5,,4.38,3.85,4.9,0.6,0.33,0.35
510,615,4,,11.2,11.2,11.2,0.6,0.36,0.25
511,616,5,,5.95,5.95,5.95,0.6,0.36,0.25
513,618,2,fifa jouet,5.95,5.95,5.95,0.78,0.36,0.25
513,619,4,nba,5.95,5.95,5.95,0.78,0.36,0.25
513,620,5,jogo f1,7.0,7.0,7.0,0.78,0.36,0.25
514,621,7,wwe,11.2,8.05,16.45,0.6,0.3,0.55
514,622,4,,4.9,4.9,4.9,0.6,0.3,0.55
516,624,4,,9.1,5.95,9.1,0.6,0.31,0.45
516,625,1,ps4,21.7,21.7,21.7,0.6,0.31,0.45
516,626,1,ps4,3.33,3.33,3.33,0.6,0.31,0.45
518,628,3,ps4 fifa jogo,5.95,5.95,5.95,0.6,0.36,0.25
518,629,6,,5.95,5.95,11.2,0.6,0.36,0.25
518,630,1,ps4 promo copy,9.1,9.1,9.1,0.6,0.36,0.25
519,631,4,,12.25,7.0,12.25,0.6,0.3,0.55
519,632,3,para,19.6,19.6,19.6,0.6,0.3,0.55
521,634,4,,5.95,3.84,5.95,0.65,0.3,0.55
521,635,3,cd,11.2,11.2,11.2,0.65,0.3,0.55
521,636,1,jeux,3.85,3.85,3.85,0.65,0.3,0.55
523,638,7,f1 jeu il gioco ufficiale para la,5.95,4.9,15.4,0.78,0.36,0.25
523,639,5,jeu pes,5.95,5.95,5.95,0.78,0.36,0.25
523,640,4,fifa,5.95,5.95,5.95,0.78,0.36,0.25
524,641,5,,11.2,11.2,11.2,0.6,0.36,0.25
528,645,7,f1,5.95,5.95,11.2,0.78,0.33,0.35
528,646,2,gioco pes sigillato,13.825,11.2,16.45,0.78,0.33,0.35
528,647,2,f1 seventy edition pal ita completo con slipcase,26.85,26.85,26.85,0.78,0.33,0.35
528,648,5,tour de france pour,9.1,9.1,9.1,0.78,0.33,0.35
528,649,1,pes,16.45,16.45,16.45,0.78,0.33,0.35
528,650,3,tokio,11.2,11.2,11.2,0.78,0.33,0.35
530,652,7,pes football,21.7,13.3,21.7,0.7,0.3,0.55
530,653,5,pes efootball,6.48,5.95,6.48,0.7,0.3,0.55
530,654,3,fifa ps4,13.3,11.2,13.3,0.7,0.3,0.55
530,655,5,,11.2,11.2,11.2,0.7,0.3,0.55
530,656,5,fifa,3.85,3.85,3.85,0.7,0.3,0.55
530,657,1,jeu f1,16.45,16.45,16.45,0.7,0.3,0.55
534,661,5,,21.7,21.7,21.7,0.6,0.36,0.25
535,662,5,f1,5.95,4.9,11.2,0.78,0.3,0.55
535,663,4,football pes season update,47.85,47.85,47.85,0.78,0.3,0.55
535,664,3,jeux f1 pour,25.9,25.9,25.9,0.78,0.3,0.55
535,665,1,f1 il videogioco ufficiale formula upgrade ps5,11.19,11.19,11.19,0.78,0.3,0.55
536,666,3,originalverpackt,5.95,5.95,5.95,0.78,0.3,0.55
536,667,3,playstation nuevo,16.45,16.45,16.45,0.78,0.3,0.55
536,668,1,let,10.15,10.15,10.15,0.78,0.3,0.55
537,669,7,ps4 jeu,42.7,32.2,42.7,0.6,0.36,0.25
537,670,19,,13.83,13.83,13.83,0.6,0.36,0.25
539,672,3,,5.95,5.95,5.95,0.6,0.36,0.25
539,673,1,formula,16.45,16.45,16.45,0.6,0.36,0.25
540,674,2,gioco,11.2,11.2,11.2,0.6,0.36,0.25
540,675,5,,8.05,8.05,8.05,0.6,0.36,0.25
541,676,3,,21.7,21.7,21.7,0.65,0.31,0.45
541,677,2,ps5 playstation neu ovp,13.3,13.3,13.3,0.65,0.31,0.45
541,678,2,ps4,11.2,11.2,11.2,0.65,0.31,0.45
547,684,4,,31.15,31.15,31.15,0.6,0.36,0.25
547,685,1,playstation,32.2,32.2,32.2,0.6,0.36,0.25
547,686,1,fifa,5.95,5.95,5.95,0.6,0.36,0.25
550,689,5,,11.2,4.38,11.2,0.7,0.33,0.35
550,690,5,ps4 jeu,13.3,12.25,13.3,0.7,0.33,0.35
550,691,2,playstation sony,12.25,12.25,12.25,0.7,0.33,0.35
550,692,1,jeux ps4,3.85,3.85,3.85,0.7,0.33,0.35
550,693,1,vendo nuovo,11.2,11.2,11.2,0.7,0.33,0.35
551,694,4,ps4 coffret ps5,16.445,15.4,21.69,0.65,0.31,0.45
551,695,10,,18.549999999999997,13.3,21.7,0.65,0.31,0.45
551,696,6,playstation neuf et scelle sous blister edicion especial,32.19,32.19,32.2,0.65,0.31,0.45
551,697,1,envio gratis stickers pegatinas,3.85,3.85,3.85,0.65,0.31,0.45
551,698,1,fur ps4,21.7,21.7,21.7,0.65,0.31,0.45
555,702,15,tres bon etas je le vends en ai,16.45,11.2,21.7,0.7,0.3,0.55
555,703,51,ps4 jeu per jeux tres bon etat voor,5.95,2.01,8.05,0.7,0.3,0.55
555,704,24,ps4 jeu edizione italiana europea neu und originalverpackt,13.3,9.1,21.7,0.7,0.3,0.55
555,705,7,playstation,5.95,3.85,5.95,0.7,0.3,0.55
555,706,3,play para,7.53,7.53,7.53,0.7,0.3,0.55
555,707,47,,5.95,2.79,8.05,0.7,0.3,0.55
555,708,3,mai utilizzato,5.95,5.95,5.95,0.7,0.3,0.55
556,709,2,simulador de play,17.5,16.45,18.55,0.6,0.36,0.25
556,710,5,,16.45,16.45,16.45,0.6,0.36,0.25
563,717,5,,11.2,11.2,11.2,0.6,0.36,0.25
565,719,48,ps4 jeu ps5 aussi per playstation pour edition,5.95,3.33,11.2,0.7,0.3,0.55
565,720,7,play station fi play4,21.7,21.7,26.93,0.7,0.3,0.55
565,721,23,vendre,4.9,1.75,7.0,0.7,0.3,0.55
565,722,3,f1,16.45,16.45,16.45,0.7,0.3,0.55
565,723,19,ps4 jeu spiel neu video nog in de,16.44,11.2,21.7,0.7,0.3,0.55
565,724,29,,11.2,8.05,62.65,0.7,0.3,0.55
566,725,6,simulator simulateur premium edition,27.994999999999997,23.8,32.2,0.78,0.3,0.55
566,726,1,simulator,13.3,13.3,13.3,0.78,0.3,0.55
566,727,1,simulator ps4,21.7,21.7,21.7,0.78,0.3,0.55
569,730,3,jeu fifa ps5 mais compatible sur jogo nba,2.8,2.8,4.9,0.78,0.3,0.55
569,731,6,f1 jeu sur videospiel,28.0,16.45,28.0,0.78,0.3,0.55
569,732,4,jogo f1 manager com upgrade ps5 excelente estado,13.3,13.3,13.3,0.78,0.3,0.55
569,733,5,jeux motogp,19.5,19.5,19.5,0.78,0.3,0.55
569,734,2,motogp day one edition,11.2,11.2,11.2,0.78,0.3,0.55
569,735,2,video juego fifa para,8.58,8.58,8.58,0.78,0.3,0.55
570,736,4,,11.19,11.19,11.19,0.6,0.36,0.25
571,737,36,,10.67,3.64,16.45,0.65,0.3,0.55
571,738,6,gioco in condizioni perfette usato poco jeux,5.115,3.85,5.85,0.65,0.3,0.55
571,739,5,black ops,42.7,42.7,42.7,0.65,0.3,0.55
571,740,6,ps4 vendo per jeu jeux,26.950000000000003,13.3,32.2,0.65,0.3,0.55
571,741,17,ps4 edition per jeux,6.9,3.85,11.2,0.65,0.3,0.55
571,742,1,fall out prezzo bassissimo nuovi,11.2,11.2,11.2,0.65,0.3,0.55
571,743,3,para ps play,7.53,7.53,7.53,0.65,0.3,0.55
571,744,1,cd ps5,12.25,12.25,12.25,0.65,0.3,0.55
571,745,2,nuovo,7.0,7.0,7.0,0.65,0.3,0.55
571,746,1,version ps,8.05,8.05,8.05,0.65,0.3,0.55
572,747,20,fifa fc juego para play,5.95,3.85,8.58,0.78,0.3,0.55
572,748,8,f1 ps4 fc sur,34.3,19.6,42.7,0.78,0.3,0.55
572,749,13,ps4 fc ea sports mise niveau ps5 disponible,8.05,5.95,11.19,0.78,0.3,0.55
572,750,9,fc jeu,16.45,10.15,26.95,0.78,0.3,0.55
574,752,6,,5.43,5.43,5.43,0.6,0.36,0.25
576,754,3,rugby ps4 sous blister ea fc,32.2,32.2,32.2,0.78,0.31,0.45
576,755,8,ps4 fifa gioco fc ps5,24.325,19.6,26.95,0.78,0.31,0.45
576,756,18,fc jeux fifa,18.55,16.45,23.8,0.78,0.31,0.45
576,757,4,sociable soccer ps4 ita,16.45,16.45,16.45,0.78,0.31,0.45
576,758,2,fc fifa,9.625,8.05,11.2,0.78,0.31,0.45
576,759,4,fc playstation,21.7,20.65,21.7,0.78,0.31,0.45
582,765,10,fifa eafc jeux video,45.325,32.2,63.7,0.7,0.36,0.25
582,766,7,vendre,42.7,42.7,84.7,0.7,0.36,0.25
582,767,1,playstation,63.7,63.7,63.7,0.7,0.36,0.25
582,768,15,ps4 come nuovo fifa ps5 vendo jogo para,42.7,37.45,63.7,0.7,0.36,0.25
585,771,8,,42.7,42.7,42.7,0.6,0.36,0.25
586,772,7,,8.05,7.0,8.05,0.6,0.36,0.25
587,773,4,,1.75,1.75,1.75,0.6,0.36,0.25
589,775,4,,13.3,13.3,13.3,0.6,0.36,0.25
591,777,3,hippie,25.9,25.9,25.9,0.7,0.36,0.25
591,778,2,,25.9,25.9,25.9,0.7,0.36,0.25
597,784,8,,13.3,8.05,13.3,0.6,0.33,0.35
597,785,1,fallout condizioni top,11.1,11.1,11.1,0.6,0.33,0.35
597,786,1,7585n fallout sony nuovo,16.45,16.45,16.45,0.6,0.33,0.35
598,787,12,,6.99,6.99,6.99,0.6,0.36,0.25
599,788,12,playstation nuovo ps4,3.85,3.85,5.85,0.78,0.33,0.35
599,789,2,lot de jeux playstation et,13.3,13.3,13.3,0.78,0.33,0.35
599,790,4,jeux,4.9,4.9,4.9,0.78,0.33,0.35
601,792,4,,9.1,9.1,9.1,0.6,0.36,0.25
602,793,9,precintado,11.2,11.2,13.3,0.7,0.3,0.55
602,794,9,ps4,5.95,3.85,8.05,0.7,0.3,0.55
602,795,3,,5.95,5.95,5.95,0.7,0.3,0.55
602,796,3,ps4 precintado vendo per,13.29,11.2,13.3,0.7,0.3,0.55
610,804,5,nuovo,16.45,11.2,16.45,0.78,0.31,0.45
610,805,6,jeux fifa gioco,12.25,11.2,13.3,0.78,0.31,0.45
610,806,2,ps4 ea sports jeu football pour ps5 neuf,10.149999999999999,9.1,11.2,0.78,0.31,0.45
610,807,19,ps4 para per ps5,9.1,5.95,11.2,0.78,0.31,0.45
610,808,3,ps4 jogo original como novo per play station,11.2,11.2,11.2,0.78,0.31,0.45
610,809,1,vendre,7.0,7.0,7.0,0.78,0.31,0.45
610,810,4,ps4 per,16.45,16.45,16.45,0.78,0.31,0.45
610,811,1,playstation pal ita completo,13.2,13.2,13.2,0.78,0.31,0.45
615,816,27,ps4 ps5 per juego estrenar con precinto gioco,20.65,11.2,21.7,0.78,0.36,0.25
615,817,1,ea,42.7,42.7,42.7,0.78,0.36,0.25
615,818,1,para os4 estrenar,23.8,23.8,23.8,0.78,0.36,0.25
617,820,17,ps4 jeux juego para jeu,42.7,32.2,53.2,0.78,0.33,0.35
617,821,4,foot playstation,53.2,53.2,53.2,0.78,0.33,0.35
617,822,3,calcio,53.2,53.2,53.2,0.78,0.33,0.35
617,823,1,jeux playstation,53.2,53.2,53.2,0.78,0.33,0.35
622,828,5,per,5.95,5.95,11.2,0.6,0.36,0.25
623,829,9,per jeu,3.85,3.85,5.95,0.78,0.3,0.55
623,830,7,jeu pour,11.2,11.2,11.2,0.78,0.3,0.55
623,831,1,play station,16.45,16.45,16.45,0.78,0.3,0.55
624,832,4,,11.2,9.1,11.2,0.6,0.36,0.25
625,833,5,,5.95,5.95,8.05,0.6,0.31,0.45
625,834,3,gioco playstation,9.1,9.1,9.1,0.6,0.31,0.45
626,835,4,,3.33,3.33,3.33,0.6,0.36,0.25
627,836,3,,13.3,13.3,13.3,0.7,0.3,0.55
627,837,3,jeux ps4,21.7,21.7,21.7,0.7,0.3,0.55
627,838,4,gioco playstation4,7.0,7.0,7.0,0.7,0.3,0.55
627,839,1,,5.95,5.95,5.95,0.7,0.3,0.55
628,840,6,ps4 ps5,5.95,5.95,17.5,0.65,0.36,0.25
628,841,5,,6.27,5.95,6.27,0.65,0.36,0.25
629,842,3,ps4 jeu,9.63,4.9,11.2,0.78,0.33,0.35
629,843,3,gioco playstation4,13.3,13.3,13.3,0.78,0.33,0.35
632,846,4,,26.85,26.85,26.85,0.6,0.36,0.25
637,851,5,,9.1,9.1,9.1,0.6,0.36,0.25
640,854,6,,11.2,8.05,11.2,0.6,0.36,0.25
643,857,5,,42.7,42.7,42.7,0.6,0.36,0.25
644,858,5,,23.8,23.8,23.8,0.6,0.36,0.25
650,864,5,,152.95,152.95,152.95,0.6,0.36,0.25
656,870,4,,16.45,16.45,16.45,0.6,0.36,0.25
657,871,4,,16.45,16.45,16.45,0.6,0.36,0.25
660,874,14,sur pour,18.55,16.45,18.55,0.78,0.36,0.25
663,877,8,,21.7,21.7,21.7,0.6,0.36,0.25
664,878,4,,5.95,5.95,5.95,0.6,0.36,0.25
665,879,5,,8.05,8.05,8.05,0.6,0.36,0.25
666,880,7,,9.09,9.09,9.09,0.6,0.36,0.25
670,884,6,ps4,43.75,21.7,43.75,0.78,0.3,0.55
670,885,3,remastered,26.95,26.95,26.95,0.78,0.3,0.55
670,886,1,ps5 nuovo sigillato,121.45,121.45,121.45,0.78,0.3,0.55
671,887,4,,21.7,21.7,21.7,0.6,0.36,0.25
675,891,5,,9.1,9.1,21.7,0.6,0.36,0.25
676,892,9,,21.69,21.69,21.69,0.6,0.36,0.25
677,893,3,,21.7,21.7,21.7,0.6,0.36,0.25
677,894,1,italiano nuovo sony playstation,44.79,44.79,44.79,0.6,0.36,0.25
679,896,4,,16.44,16.44,16.44,0.6,0.36,0.25
685,902,4,,9.63,9.63,9.63,0.6,0.36,0.25
686,903,4,,9.1,9.1,9.1,0.6,0.36,0.25
690,907,4,,37.45,37.45,37.45,0.6,0.36,0.25
691,908,4,,11.2,11.2,11.2,0.6,0.36,0.25
693,910,5,,37.45,37.45,37.45,0.6,0.36,0.25
693,911,1,vr neuf sous blister sur playstation,16.45,16.45,16.45,0.6,0.36,0.25
696,914,4,,11.2,11.2,13.3,0.6,0.36,0.25
696,915,1,edicion japonesa spike chunsoft,13.83,13.83,13.83,0.6,0.36,0.25
697,916,4,,16.45,16.45,16.45,0.6,0.36,0.25
703,922,4,,16.45,16.45,16.45,0.6,0.36,0.25
704,923,6,ps4 odyssey origins chronicles,11.2,11.2,16.45,0.78,0.33,0.35
704,924,8,origins odissey,13.3,9.1,21.7,0.78,0.33,0.35
704,925,1,,18.55,18.55,18.55,0.78,0.33,0.35
704,926,1,odyssey,7.0,7.0,7.0,0.78,0.33,0.35
706,928,3,para playstation,13.3,13.3,13.3,0.78,0.33,0.35
706,929,3,doppelpack,16.45,16.45,16.45,0.78,0.33,0.35
707,930,7,syndicate syndicats,11.2,11.2,11.2,0.78,0.31,0.45
707,931,4,the ezio collection,13.3,13.3,13.3,0.78,0.31,0.45
707,932,4,origins,11.2,11.2,11.2,0.78,0.31,0.45
707,933,3,valhalla,13.3,13.3,13.3,0.78,0.31,0.45
707,934,1,odyssey nieuw,16.45,16.45,16.45,0.78,0.31,0.45
707,935,4,syndicate,5.95,5.95,5.95,0.78,0.31,0.45
708,936,19,odyssey valhalla odissey,21.7,16.45,26.95,0.78,0.3,0.55
708,937,15,ezio collection the ps4 perfetto,16.45,11.2,21.7,0.78,0.3,0.55
708,938,24,odyssey syndacate valhalla valahalla odysset,11.2,8.04,11.2,0.78,0.3,0.55
708,939,28,ps4 valhalla odyssey come nuovo per odissey pal,11.195,4.9,16.45,0.78,0.3,0.55
708,940,7,origins odyssey,22.75,21.7,24.84,0.78,0.3,0.55
708,941,8,black flag ps4 come nuovo,13.82,11.19,19.6,0.78,0.3,0.55
708,942,14,unity ps4 come nuovo neuf,8.05,5.95,16.45,0.78,0.3,0.55
708,943,8,origins ps4 tres bon etat,9.625,8.05,16.45,0.78,0.3,0.55
708,944,3,double pack ps4,30.1,30.1,30.1,0.78,0.3,0.55
708,945,12,origins odyssey,9.625,8.04,13.3,0.78,0.3,0.55
708,946,9,syndicate ps4 special edition,16.45,10.15,16.45,0.78,0.3,0.55
708,947,16,ps4 valhalla neuf odyssey para rogue,21.18,17.92,26.95,0.78,0.3,0.55
708,948,5,mirage,12.25,9.63,16.45,0.78,0.3,0.55
708,949,6,ps4 syndicate edition charging cross lotto ps5 big,126.7,47.95,420.7,0.78,0.3,0.55
708,950,1,chronicles,11.2,11.2,11.2,0.78,0.3,0.55
708,951,1,syndicate,8.05,8.05,8.05,0.78,0.3,0.55
708,952,25,unity,13.3,8.58,16.45,0.78,0.3,0.55
708,953,1,origins playstation,5.95,5.95,5.95,0.78,0.3,0.55
708,954,1,syndicate ita,16.45,16.45,16.45,0.78,0.3,0.55
708,955,1,mirage and origins,21.7,21.7,21.7,0.78,0.3,0.55
708,956,4,origins gold edition ps4,16.45,13.3,16.45,0.78,0.3,0.55
710,958,5,,32.1,21.7,32.1,0.6,0.36,0.25
715,963,7,origins ps4,5.95,5.95,8.05,0.78,0.3,0.55
715,964,4,ps4 odyssey jeu neuf,13.3,13.3,16.45,0.78,0.3,0.55
715,965,3,syndicate,11.2,11.2,11.2,0.78,0.3,0.55
715,966,4,odysee valhalla,8.05,8.05,11.2,0.78,0.3,0.55
715,967,8,unity ps4,16.45,16.45,16.45,0.78,0.3,0.55
715,968,3,the enzo collection,11.2,11.2,11.2,0.78,0.3,0.55
715,969,4,origins playstation,19.6,19.6,19.6,0.78,0.3,0.55
715,970,3,mirage,11.2,11.2,11.2,0.78,0.3,0.55
715,971,5,ezio collection ps4,26.95,26.95,26.95,0.78,0.3,0.55
715,972,2,unity,8.84,8.58,9.1,0.78,0.3,0.55
715,973,1,origins ps4 game sealed,11.2,11.2,11.2,0.78,0.3,0.55
715,974,5,valhalla ps4,9.1,9.1,9.1,0.78,0.3,0.55
715,975,1,mirage,34.2,34.2,34.2,0.78,0.3,0.55
715,976,5,origins ps4,16.45,16.45,16.45,0.78,0.3,0.55
716,977,5,,21.7,21.7,21.7,0.6,0.36,0.25
717,978,4,ultimate edition,12.25,10.15,12.25,0.7,0.3,0.55
717,979,4,ultimate edition,21.7,19.6,21.7,0.7,0.3,0.55
717,980,2,,19.34,18.55,20.13,0.7,0.3,0.55
717,981,3,competizione,11.2,11.2,11.2,0.7,0.3,0.55
717,982,1,,8.05,8.05,8.05,0.7,0.3,0.55
718,983,4,,21.69,21.69,21.69,0.6,0.36,0.25
720,985,2,baffez les tous ps4,19.59,19.59,19.59,0.78,0.36,0.25
720,986,3,xxl le menhir de cristal playstation neuf,21.7,21.7,21.7,0.78,0.36,0.25
721,987,5,ps4 et ps5,14.35,14.35,14.35,0.78,0.36,0.25
721,988,11,playstation new neuf nuevo,32.19,32.19,32.19,0.78,0.36,0.25
723,990,8,rescue mission fr vr psvr blister,16.45,16.45,21.7,0.78,0.36,0.25
723,991,3,gioco come nuovo funzionante playstation,16.35,16.35,16.35,0.78,0.36,0.25
723,992,2,vr,19.075,16.45,21.7,0.78,0.36,0.25
723,993,1,vr neuf sous blister sur playstation,26.95,26.95,26.95,0.78,0.36,0.25
724,994,5,,53.2,37.45,53.2,0.6,0.36,0.25
727,997,4,final battle blister fr,84.7,84.7,84.7,0.7,0.36,0.25
727,998,1,sony playstation pal,105.69,105.69,105.69,0.7,0.36,0.25
727,999,1,,37.45,37.45,37.45,0.7,0.36,0.25
729,1001,5,,8.05,8.05,8.05,0.6,0.36,0.25
732,1004,8,,12.515,11.2,13.83,0.6,0.3,0.55
732,1005,5,,8.05,8.05,8.05,0.6,0.3,0.55
736,1009,4,,41.65,41.65,41.65,0.6,0.36,0.25
740,1013,4,ps4 neuf sous blister,12.25,9.1,13.3,0.78,0.31,0.45
740,1014,1,edition speciale neuf,7.0,7.0,7.0,0.78,0.31,0.45
740,1015,3,playstation edition speciale,10.15,10.15,10.15,0.78,0.31,0.45
740,1016,1,ps5,3.85,3.85,3.85,0.78,0.31,0.45
740,1017,1,edition speciale steelbook,5.95,5.95,5.95,0.78,0.31,0.45
749,1026,5,limited edition,136.15,136.15,136.15,0.78,0.36,0.25
749,1027,3,ps4,11.1,11.1,11.1,0.78,0.36,0.25
750,1028,10,knight per,9.1,5.43,21.7,0.78,0.3,0.55
750,1029,13,collection,21.7,11.2,26.95,0.78,0.3,0.55
750,1030,1,knight version,32.2,32.2,32.2,0.78,0.3,0.55
750,1031,1,night,7.0,7.0,7.0,0.78,0.3,0.55
751,1032,4,,11.2,11.2,11.2,0.6,0.36,0.25
753,1034,5,,11.2,11.2,11.2,0.6,0.36,0.25
762,1043,7,,11.2,5.95,11.2,0.6,0.36,0.25
764,1045,54,,8.58,3.33,14.35,0.6,0.3,0.55
764,1046,6,,34.825,21.69,47.95,0.6,0.3,0.55
765,1047,5,,32.2,32.2,32.2,0.6,0.36,0.25
766,1048,4,,16.45,13.3,17.5,0.6,0.33,0.35
766,1049,1,jeux ps4 neuf,13.3,13.3,13.3,0.6,0.33,0.35
767,1050,3,,5.95,3.85,5.95,0.6,0.33,0.35
767,1051,1,ps4,4.9,4.9,4.9,0.6,0.33,0.35
769,1053,4,,5.955,5.43,6.48,0.6,0.33,0.35
771,1055,14,,11.2,5.94,15.4,0.6,0.33,0.35
771,1056,3,editie,5.95,5.95,5.95,0.6,0.33,0.35
771,1057,1,sous blister,13.3,13.3,13.3,0.6,0.33,0.35
772,1058,2,ps4,5.95,3.85,8.05,0.6,0.36,0.25
772,1059,3,,3.85,3.85,3.85,0.6,0.36,0.25
773,1060,4,,8.05,8.05,8.05,0.6,0.36,0.25
783,1070,4,,48.9,48.9,48.9,0.6,0.36,0.25
798,1085,5,,16.45,16.45,16.45,0.65,0.36,0.25
798,1086,4,pack ps4,18.55,18.55,18.55,0.65,0.36,0.25
798,1087,1,dvd,26.95,26.95,26.95,0.65,0.36,0.25
800,1089,9,,11.19,11.19,11.19,0.6,0.36,0.25
801,1090,4,,11.19,11.19,11.19,0.6,0.36,0.25
803,1092,5,per ps4 ps5,20.65,20.65,32.2,0.78,0.3,0.55
803,1093,4,playstation and,6.99,6.99,6.99,0.78,0.3,0.55
803,1094,1,sous blister ps4,9.1,9.1,9.1,0.78,0.3,0.55
804,1095,5,,11.2,11.2,16.45,0.6,0.36,0.25
804,1096,1,ps4,21.7,21.7,21.7,0.6,0.36,0.25
811,1103,2,,12.25,12.25,12.25,0.65,0.3,0.55
811,1104,2,sony playstation pal,37.44,37.44,37.44,0.65,0.3,0.55
812,1105,4,,21.7,21.7,21.7,0.6,0.36,0.25
820,1113,5,,16.45,16.45,16.45,0.6,0.36,0.25
826,1119,18,neu,11.2,5.95,16.45,0.6,0.36,0.25
826,1120,1,playstation hits novo selado fromsoftware rpg,14.34,14.34,14.34,0.6,0.36,0.25
829,1123,18,,5.95,5.95,5.95,0.6,0.36,0.25
830,1124,7,,5.95,5.95,5.95,0.6,0.36,0.25
831,1125,4,,26.95,26.95,26.95,0.6,0.36,0.25
832,1126,5,,5.95,5.95,5.95,0.6,0.36,0.25
832,1127,1,ps4,5.95,5.95,5.95,0.6,0.36,0.25
835,1130,5,,16.45,16.45,16.45,0.6,0.36,0.25
836,1131,10,,19.6,17.5,19.6,0.6,0.36,0.25
844,1139,4,,5.95,5.95,5.95,0.6,0.36,0.25
851,1146,8,,19.6,19.6,19.6,0.6,0.36,0.25
854,1149,5,,26.95,26.95,26.95,0.6,0.36,0.25
856,1151,3,rare,15.4,15.4,15.4,0.65,0.31,0.45
856,1152,3,,21.7,21.7,21.7,0.65,0.31,0.45
858,1154,5,,11.2,11.2,11.2,0.6,0.36,0.25
858,1155,1,ps4,5.95,5.95,5.95,0.6,0.36,0.25
871,1168,4,,1.75,1.75,1.75,0.6,0.36,0.25
871,1169,1,choupi,4.38,4.38,4.38,0.6,0.36,0.25
872,1170,3,,17.5,17.5,18.55,0.6,0.36,0.25
872,1171,2,douilles torx sur cliquet jeu,17.5,17.5,17.5,0.6,0.36,0.25
877,1176,10,,11.2,11.2,11.2,0.6,0.36,0.25
879,1178,9,iii ps4 neuf version sous blister francaise italienne,12.25,7.0,16.44,0.7,0.3,0.55
879,1179,15,ps4 ps5 digitale pal precintado multi lenguage sealed,42.69,21.7,53.2,0.7,0.3,0.55
879,1180,6,playstation iii per,9.0,4.9,9.0,0.7,0.3,0.55
879,1181,44,iii,11.2,4.38,16.45,0.7,0.3,0.55
879,1182,34,ps4 iii tres bon etat sur ps5,11.2,4.9,21.7,0.7,0.3,0.55
879,1183,9,ps4 pal ita come nuovo completo disco perfetto,13.3,13.29,14.35,0.7,0.3,0.55
879,1184,1,specialist edition,3.85,3.85,3.85,0.7,0.3,0.55
879,1185,4,cold war,10.15,5.95,10.15,0.7,0.3,0.55
879,1186,5,,80.4,26.95,80.4,0.7,0.3,0.55
879,1187,8,cold war ps4 ita come nuovo et pal,16.45,13.3,16.45,0.7,0.3,0.55
879,1188,7,cold war ps4,26.95,21.7,32.2,0.7,0.3,0.55
879,1189,4,uncharted collection,32.2,32.2,32.2,0.7,0.3,0.55
880,1190,70,ps4 modern advanced per neuf remastered ps5 iii,16.45,8.05,71.05,0.78,0.3,0.55
880,1191,36,modern moderne ll mw iii ii neuf,13.3,8.89,32.2,0.78,0.3,0.55
880,1192,5,moder warfare3 battlefield4,19.59,16.45,19.59,0.78,0.3,0.55
880,1193,4,infinite sniper elite,21.7,21.7,21.7,0.78,0.3,0.55
880,1194,31,ps4 infinite modern infinity ps5 advanced altri giochi,4.9,1.75,11.2,0.78,0.3,0.55
880,1195,10,infinite ps4,13.825,9.1,16.45,0.78,0.3,0.55
880,1196,26,infinite,11.2,4.9,21.7,0.78,0.3,0.55
880,1197,3,modern,3.85,3.85,3.85,0.78,0.3,0.55
880,1198,3,wwii world war ps4,21.7,21.7,21.7,0.78,0.3,0.55
880,1199,5,advanced,8.05,7.0,8.05,0.78,0.3,0.55
880,1200,1,advanced per playstation,7.95,7.95,7.95,0.78,0.3,0.55
880,1201,6,advanced,21.7,21.7,26.95,0.78,0.3,0.55
880,1202,1,war world,11.2,11.2,11.2,0.78,0.3,0.55
880,1203,2,modern avec son steelbook de precommande,16.45,16.45,16.45,0.78,0.3,0.55
880,1204,1,infnite ps4,11.2,11.2,11.2,0.78,0.3,0.55
880,1205,1,world war ii per playstation,11.1,11.1,11.1,0.78,0.3,0.55
880,1206,1,infinite legacy edition ps4 pal ita come nuovo,13.29,13.29,13.29,0.78,0.3,0.55
880,1207,1,modern remastered,16.45,16.45,16.45,0.78,0.3,0.55
881,1208,29,tres bien nouveau vanguard,9.1,4.9,11.2,0.7,0.3,0.55
881,1209,57,ps4 vanguard wwii ww2 sony pro edition cofanetto,16.35,11.2,26.95,0.7,0.3,0.55
881,1210,6,vanguard modern,12.25,10.15,16.45,0.7,0.3,0.55
881,1211,17,wwii ww wwll wii ww2,9.1,5.43,13.3,0.7,0.3,0.55
881,1212,8,ps4 bo4 bo3 wwii,5.95,5.95,8.05,0.7,0.3,0.55
881,1213,4,ps4 vangard activision vanguard,32.2,32.2,68.95,0.7,0.3,0.55
881,1214,15,wwii ww,31.15,20.65,37.45,0.7,0.3,0.55
881,1215,1,vangard,8.05,8.05,8.05,0.7,0.3,0.55
881,1216,4,ww2,12.78,12.78,21.69,0.7,0.3,0.55
881,1217,1,steelbook nuove,53.2,53.2,53.2,0.7,0.3,0.55
882,1218,3,,9.1,5.95,9.1,0.65,0.3,0.55
882,1219,1,ps4,8.05,8.05,8.05,0.65,0.3,0.55
882,1220,2,bo,16.45,16.45,16.45,0.65,0.3,0.55
883,1221,5,,21.7,21.7,21.7,0.6,0.36,0.25
884,1222,6,ghost ghosts ps4,21.7,9.1,21.7,0.78,0.36,0.25
884,1223,5,ghosts per playstation,11.2,11.2,11.2,0.78,0.36,0.25
885,1224,3,vanguard nuovo sigillato pal,26.85,26.85,26.85,0.78,0.36,0.25
885,1225,1,gioco,4.9,4.9,4.9,0.78,0.36,0.25
885,1226,1,wwii gioco per ps4 completo cod,14.35,14.35,14.35,0.78,0.36,0.25
890,1231,4,,61.075,58.45,63.7,0.6,0.36,0.25
891,1232,7,,13.3,13.29,13.3,0.6,0.36,0.25
892,1233,3,,15.4,15.4,15.4,0.6,0.36,0.25
892,1234,1,ps3 altri giochi nel mio armadio,3.85,3.85,3.85,0.6,0.36,0.25
895,1237,4,,37.45,37.45,37.45,0.6,0.36,0.25
896,1238,5,,16.45,16.45,16.45,0.6,0.36,0.25
903,1245,5,neuf,55.83,47.95,55.83,0.7,0.36,0.25
903,1246,4,first release avec le comic book,50.05,50.05,50.05,0.7,0.36,0.25
904,1247,3,,11.73,11.73,11.73,0.6,0.36,0.25
904,1248,1,ps4,9.1,9.1,9.1,0.6,0.36,0.25
905,1249,5,,16.45,16.45,16.45,0.6,0.36,0.25
905,1250,1,rise of new champions ps4,5.95,5.95,5.95,0.6,0.36,0.25
907,1252,5,,26.95,26.95,26.95,0.6,0.36,0.25
910,1255,4,,11.2,11.2,11.2,0.6,0.36,0.25
913,1258,4,,21.7,21.7,21.7,0.6,0.36,0.25
917,1262,4,,3.85,3.85,3.85,0.6,0.36,0.25
922,1267,2,,50.575,47.95,53.2,0.6,0.3,0.55
922,1268,2,,116.2,116.2,116.2,0.6,0.3,0.55
923,1269,2,playstation,63.7,63.7,63.7,0.78,0.36,0.25
923,1270,1,ps4 neuf,55.3,55.3,55.3,0.78,0.36,0.25
923,1271,1,nintendo switch,63.7,63.7,63.7,0.78,0.36,0.25
924,1272,3,advance dominus collection ps5 lrg,336.7,336.7,336.7,0.78,0.36,0.25
924,1273,4,sony playstation ntsc usa brand new factory classic,209.65,209.65,209.65,0.78,0.36,0.25
928,1277,2,,28.0,28.0,28.0,0.7,0.36,0.25
928,1278,3,raro buscado,30.1,30.1,30.1,0.7,0.36,0.25
932,1282,4,,5.95,5.95,5.95,0.6,0.36,0.25
933,1283,5,,11.2,11.2,11.2,0.6,0.36,0.25
934,1284,5,,11.2,11.2,11.2,0.6,0.36,0.25
935,1285,5,,11.2,11.2,11.2,0.6,0.36,0.25
936,1286,3,project cars,16.45,16.45,16.45,0.7,0.36,0.25
936,1287,2,,13.3,13.3,13.3,0.7,0.36,0.25
936,1288,3,batman,16.45,16.45,16.45,0.7,0.36,0.25
936,1289,3,wsc,16.45,16.45,16.45,0.7,0.36,0.25
938,1291,4,,37.45,37.45,37.45,0.6,0.36,0.25
952,1305,4,,11.2,11.2,11.2,0.6,0.36,0.25
953,1306,3,,9.63,9.63,9.63,0.6,0.36,0.25
953,1307,1,ps4,21.7,21.7,21.7,0.6,0.36,0.25
954,1308,7,,32.19,32.19,32.19,0.6,0.36,0.25
956,1310,5,,34.3,34.3,34.3,0.6,0.36,0.25
958,1312,3,,3.85,3.85,3.85,0.7,0.36,0.25
958,1313,5,ps5,8.05,8.05,8.05,0.7,0.36,0.25
959,1314,5,,8.58,8.58,8.58,0.6,0.36,0.25
960,1315,4,,8.05,8.05,8.05,0.6,0.36,0.25
963,1318,7,,9.1,9.1,9.1,0.6,0.36,0.25
966,1321,5,uncharted,68.95,68.95,68.95,0.6,0.36,0.25
966,1322,18,,52.15,52.15,52.15,0.6,0.36,0.25
966,1323,1,doom,42.7,42.7,42.7,0.6,0.36,0.25
969,1326,4,,37.45,37.45,37.45,0.6,0.36,0.25
970,1327,9,,26.95,26.95,26.95,0.6,0.36,0.25
980,1337,4,,16.45,16.45,16.45,0.6,0.36,0.25
982,1339,4,,21.7,21.7,21.7,0.6,0.36,0.25
985,1342,4,,16.44,16.44,16.44,0.6,0.36,0.25
997,1354,5,,21.7,21.7,21.7,0.6,0.36,0.25
998,1355,16,ps4 trilogy sane per come nuovo in ita,13.3,9.1,16.45,0.7,0.3,0.55
998,1356,5,,21.7,16.45,21.7,0.7,0.3,0.55
998,1357,7,trilogy sane,21.7,16.45,21.7,0.7,0.3,0.55
998,1358,1,nintendo switch,32.2,32.2,32.2,0.7,0.3,0.55
998,1359,3,,11.19,8.05,11.2,0.7,0.3,0.55
998,1360,11,ps4 ita precintado trilogies,21.7,21.7,26.95,0.7,0.3,0.55
998,1361,1,sane triolgy,11.2,11.2,11.2,0.7,0.3,0.55
999,1362,2,ps4 per,26.95,26.95,26.95,0.78,0.36,0.25
999,1363,3,neuf,26.95,26.95,26.95,0.78,0.36,0.25
1003,1367,2,racing,12.25,11.2,13.3,0.78,0.33,0.35
1003,1368,3,rumble deluxe cross gen,20.64,20.64,20.64,0.78,0.33,0.35
1003,1369,1,rumble deluxe edition,16.35,16.35,16.35,0.78,0.33,0.35
1004,1370,4,,21.7,21.7,21.7,0.6,0.36,0.25
1005,1371,5,,11.2,11.2,11.2,0.6,0.36,0.25
1006,1372,6,,5.95,5.95,11.2,0.6,0.36,0.25
1008,1374,5,,21.7,21.7,21.7,0.6,0.36,0.25
1008,1375,2,ps5 upgradeble,16.45,16.45,16.45,0.6,0.36,0.25
1009,1376,4,,16.45,16.45,16.45,0.6,0.36,0.25
1012,1379,4,,29.58,29.58,29.58,0.6,0.36,0.25
1012,1380,1,nuovo,51.1,51.1,51.1,0.6,0.36,0.25
1021,1389,5,,39.54,32.2,41.64,0.6,0.36,0.25
1025,1393,3,,63.7,63.7,63.7,0.6,0.36,0.25
1025,1394,1,ps4 neuf fr,79.45,79.45,79.45,0.6,0.36,0.25
1028,1397,4,,21.7,21.7,21.7,0.6,0.36,0.25
1031,1400,5,trilogy eur sigillato,37.45,32.2,47.95,0.78,0.31,0.45
1031,1401,9,remastered ps4 pal ita,37.45,13.3,37.45,0.78,0.31,0.45
1031,1402,28,ps4 trilogy nuovo precintado iii neuf sous blister,32.19,11.2,32.2,0.78,0.31,0.45
1031,1403,3,con steelbook,37.45,30.1,37.45,0.78,0.31,0.45
1031,1404,1,,37.45,37.45,37.45,0.78,0.31,0.45
1031,1405,3,iii ps4 limited collector edition,326.2,326.2,326.2,0.78,0.31,0.45
1031,1406,3,trilogy collector edition,2.1007,2.04,2.1007,0.78,0.31,0.45
1031,1407,1,fire fades goty edition,31.15,31.15,31.15,0.78,0.31,0.45
1034,1410,3,neuf sous blister action,21.49,21.49,21.49,0.78,0.36,0.25
1034,1411,2,collector edition playstation come nuovo,147.7,147.7,147.7,0.78,0.36,0.25
1039,1416,4,,252.69,252.69,252.69,0.6,0.36,0.25
1042,1419,4,jeu,16.45,13.3,21.6,0.7,0.3,0.55
1042,1420,3,per steel book,16.45,16.45,16.45,0.7,0.3,0.55
1042,1421,3,ps5,21.7,21.7,21.7,0.7,0.3,0.55
1042,1422,2,gioco scatola libretto steelbook,37.45,37.45,37.45,0.7,0.3,0.55
1042,1423,2,sigillato,23.8,23.8,23.8,0.7,0.3,0.55
1043,1424,4,,105.7,105.7,105.7,0.6,0.36,0.25
1044,1425,2,,18.55,15.4,21.7,0.7,0.36,0.25
1044,1426,3,playstation,16.45,16.45,16.45,0.7,0.36,0.25
1046,1428,5,,26.95,9.1,26.95,0.6,0.36,0.25
1047,1429,5,,11.2,11.2,11.2,0.6,0.36,0.25
1050,1432,3,come nuovo,19.59,18.55,19.59,0.7,0.36,0.25
1050,1433,3,special edition ps5,16.45,16.45,16.45,0.7,0.36,0.25
1051,1434,2,,16.35,16.35,16.35,0.7,0.36,0.25
1051,1435,4,ps4,15.4,15.4,15.4,0.7,0.36,0.25
1053,1437,4,hell edition collector ps4 neuf playstation,53.19,53.19,58.44,0.78,0.3,0.55
1053,1438,2,day one edition ps4,11.2,11.2,11.2,0.78,0.3,0.55
1053,1439,4,playstation neuf sous blister,16.45,16.45,16.45,0.78,0.3,0.55
1053,1440,4,ps4,14.35,14.35,15.39,0.78,0.3,0.55
1053,1441,1,,11.2,11.2,11.2,0.78,0.3,0.55
1053,1442,1,definitive edition,18.55,18.55,18.55,0.78,0.3,0.55
1053,1443,1,play4,42.7,42.7,42.7,0.78,0.3,0.55
1053,1444,1,day one edition,23.8,23.8,23.8,0.78,0.3,0.55
1054,1445,2,,95.2,95.2,95.2,0.6,0.3,0.55
1054,1446,1,zombie neuf et scelle,53.1,53.1,53.1,0.6,0.3,0.55
1054,1447,1,,53.2,53.2,53.2,0.6,0.3,0.55
1059,1452,4,,79.45,61.6,84.7,0.6,0.33,0.35
1062,1455,7,ps4 etat neuf,11.2,10.15,16.45,0.78,0.36,0.25
1062,1456,2,playstation,11.2,11.2,11.2,0.78,0.36,0.25
1062,1457,3,director cut ps5 playstation5 sealed sigillato,32.2,32.2,32.2,0.78,0.36,0.25
1063,1458,6,,157.15,16.45,157.15,0.6,0.36,0.25
1065,1460,4,,32.1,32.1,32.1,0.6,0.36,0.25
1069,1464,4,,11.2,11.2,11.2,0.6,0.36,0.25
1071,1466,2,,21.7,21.7,21.7,0.7,0.33,0.35
1071,1467,2,spiel disc mit hulle einwandfrei,14.34,14.34,14.34,0.7,0.33,0.35
1071,1468,1,ps5 top zustand gunstig,16.45,16.45,16.45,0.7,0.33,0.35
1074,1471,4,,16.45,16.45,16.45,0.6,0.36,0.25
1075,1472,5,,83.65,83.65,83.65,0.6,0.36,0.25
1076,1473,7,,21.7,9.1,21.7,0.6,0.31,0.45
1076,1474,26,,4.9,3.84,5.95,0.6,0.31,0.45
1080,1478,5,,3.12,3.12,3.12,0.6,0.36,0.25
1080,1479,1,collezione ps4 perfetto,5.95,5.95,5.95,0.6,0.36,0.25
1081,1480,5,,5.94,5.94,5.94,0.6,0.36,0.25
1083,1482,4,,8.58,5.85,8.58,0.6,0.36,0.25
1084,1483,17,neuf,5.95,3.85,11.2,0.6,0.3,0.55
1084,1484,2,etat impeccable envoi rapide,14.35,14.35,14.35,0.6,0.3,0.55
1084,1485,2,new nieuw in verpakking,5.945,5.94,5.95,0.6,0.3,0.55
1084,1486,2,cd,16.45,16.45,16.45,0.6,0.3,0.55
1084,1487,1,gioco nuovo sigillato bungie activision contenuti esclusivi,17.5,17.5,17.5,0.6,0.3,0.55
1084,1488,1,neuf sous blister edition originale,5.95,5.95,5.95,0.6,0.3,0.55
1088,1492,4,,5.95,5.95,5.95,0.6,0.36,0.25
1089,1493,5,,26.95,26.95,26.95,0.6,0.36,0.25
1091,1495,20,ps4 per,21.7,11.2,53.2,0.65,0.33,0.35
1091,1496,14,,19.6,16.45,26.95,0.65,0.33,0.35
1093,1498,3,,21.7,21.7,21.7,0.7,0.36,0.25
1093,1499,3,per multilingua italiano incluso,20.65,20.65,20.65,0.7,0.36,0.25
1093,1500,4,neuf le jeu evenement de la,23.8,23.8,23.8,0.7,0.36,0.25
1094,1501,7,ps4,5.95,4.9,5.95,0.65,0.31,0.45
1094,1502,5,,32.2,32.2,32.2,0.65,0.31,0.45
1095,1503,7,ps4,9.1,9.1,11.1,0.65,0.31,0.45
1095,1504,5,,5.95,5.95,5.95,0.65,0.31,0.45
1097,1506,7,ps4 full saga games special ps5 nuevo edizione,100.44,52.15,100.44,0.78,0.3,0.55
1097,1507,9,ps4 come nuovo ps5 neuf sous blister version,14.34,9.1,16.45,0.78,0.3,0.55
1097,1508,2,,16.45,16.45,16.45,0.78,0.3,0.55
1097,1509,2,playstation,5.95,5.95,5.95,0.78,0.3,0.55
1097,1510,1,cry5,11.2,11.2,11.2,0.78,0.3,0.55
1098,1511,8,,21.7,11.73,21.7,0.6,0.36,0.25
1099,1512,4,,12.25,8.05,18.55,0.6,0.31,0.45
1100,1513,5,,11.2,11.2,11.2,0.6,0.36,0.25
1102,1515,5,,23.8,21.7,23.8,0.65,0.36,0.25
1102,1516,5,ps4 neuf,21.7,21.7,21.7,0.65,0.36,0.25
1105,1519,5,,18.55,18.55,23.8,0.6,0.36,0.25
1107,1521,7,,19.59,19.59,19.59,0.6,0.36,0.25
1108,1522,5,,21.69,21.69,21.69,0.6,0.36,0.25
1112,1526,4,day one edition,37.45,21.69,37.45,0.7,0.36,0.25
1112,1527,1,,13.3,13.3,13.3,0.7,0.36,0.25
1112,1528,1,game of the year edition per,37.35,37.35,37.35,0.7,0.36,0.25
1114,1530,8,,9.1,9.1,11.2,0.6,0.3,0.55
1114,1531,3,,4.38,4.38,4.38,0.6,0.3,0.55
1115,1532,5,,5.95,5.95,5.95,0.6,0.36,0.25
1117,1534,4,,5.95,5.95,5.95,0.6,0.36,0.25
1119,1536,4,,47.95,47.95,47.95,0.6,0.36,0.25
1123,1540,5,,97.3,97.3,97.3,0.6,0.36,0.25
1128,1545,2,sealed,26.95,26.95,26.95,0.78,0.33,0.35
1128,1546,2,neuf,32.19,32.19,32.19,0.78,0.33,0.35
1134,1552,4,,5.95,5.95,5.95,0.6,0.36,0.25
1134,1553,1,new,11.19,11.19,11.19,0.6,0.36,0.25
1138,1557,4,,16.45,16.45,16.45,0.6,0.36,0.25
1140,1559,17,,11.2,11.2,11.2,0.6,0.36,0.25
1141,1560,3,,11.2,11.2,11.2,0.6,0.36,0.25
1141,1561,1,nt ps4 new,14.34,14.34,14.34,0.6,0.36,0.25
1142,1562,4,sin ii,42.7,40.6,42.7,0.78,0.36,0.25
1142,1563,3,sins,42.7,42.7,42.7,0.78,0.36,0.25
1149,1570,5,,11.19,11.19,11.19,0.6,0.36,0.25
1151,1572,5,,84.7,84.7,84.7,0.6,0.36,0.25
1152,1573,3,spiel,8.05,8.05,16.45,0.7,0.36,0.25
1152,1574,5,collector edition,74.2,74.2,74.2,0.7,0.36,0.25
1152,1575,1,sony playstation pal,42.69,42.69,42.69,0.7,0.36,0.25
1153,1576,4,,20.65,20.65,20.65,0.6,0.36,0.25
1162,1585,11,,17.5,17.5,18.55,0.6,0.36,0.25
1167,1590,9,ps4 fighterz fighter playstation,11.2,7.0,13.3,0.78,0.33,0.35
1167,1591,10,the breakers ps4 special edition ottime condizioni sur,15.39,11.2,21.7,0.78,0.33,0.35
1167,1592,7,kakarot ps4 sur ps5,16.45,4.9,21.7,0.78,0.33,0.35
1167,1593,11,the breakers,11.2,11.2,16.45,0.78,0.33,0.35
1167,1594,15,xenoverse ps4 et ps5 xv,8.05,5.95,12.25,0.78,0.33,0.35
1167,1595,1,xenoverse caratula,3.85,3.85,3.85,0.78,0.33,0.35
1167,1596,4,fighter et xenoverse ps4 neuf,37.44,37.44,37.44,0.78,0.33,0.35
1167,1597,6,,11.2,11.2,11.2,0.78,0.33,0.35
1167,1598,1,xenoverse,13.29,13.29,13.29,0.78,0.33,0.35
1167,1599,10,kakarot,10.149999999999999,9.1,11.2,0.78,0.33,0.35
1169,1601,3,xi,19.6,19.6,26.95,0.78,0.3,0.55
1169,1602,2,xi ps4 neuf sous blister,21.7,21.7,21.7,0.78,0.3,0.55
1169,1603,4,builders ps4 day one neuf sous blister,16.445,13.3,16.45,0.78,0.3,0.55
1169,1604,2,heroes ii explorer edition playstation pal ita ps4,21.6,21.6,21.6,0.78,0.3,0.55
1169,1605,4,hero precintados,63.7,63.7,63.7,0.78,0.3,0.55
1169,1606,1,builders day one edition ita ps4 nuovo ri,63.7,63.7,63.7,0.78,0.3,0.55
1169,1607,3,xi playstation new neuf nuevo,26.94,26.94,26.94,0.78,0.3,0.55
1169,1608,1,heroes ps4,11.2,11.2,11.2,0.78,0.3,0.55
1172,1611,5,collector edition videogioco ps4 sony playstation pal eur,209.65,209.65,209.65,0.7,0.36,0.25
1172,1612,3,,11.2,11.2,11.2,0.7,0.36,0.25
1173,1613,5,ps4 per,13.3,5.95,13.3,0.6,0.33,0.35
1173,1614,1,collector edition ps4 sony playstation pal eur,293.65,293.65,293.65,0.6,0.33,0.35
1173,1615,10,,12.24,11.2,16.45,0.6,0.33,0.35
1176,1618,9,xv,5.94,5.43,5.94,0.7,0.3,0.55
1176,1619,7,ps4,9.1,9.1,16.45,0.7,0.3,0.55
1176,1620,1,gioco per playstation4,8.05,8.05,8.05,0.7,0.3,0.55
1176,1621,1,,11.2,11.2,11.2,0.7,0.3,0.55
1181,1626,7,ps4,11.2,11.2,32.2,0.65,0.3,0.55
1181,1627,9,,9.1,5.95,9.1,0.65,0.3,0.55
1181,1628,1,playstation pal ita completo,9.0,9.0,9.0,0.65,0.3,0.55
1181,1629,1,ps4,3.85,3.85,3.85,0.65,0.3,0.55
1186,1634,5,,58.45,58.45,58.45,0.6,0.36,0.25
1190,1638,5,,18.55,18.55,18.55,0.6,0.36,0.25
1197,1645,4,,60.54,60.54,60.54,0.6,0.36,0.25
1198,1646,8,,19.6,19.6,19.6,0.6,0.36,0.25
1199,1647,4,,21.7,7.0,21.7,0.6,0.36,0.25
1203,1651,7,ps4 per,42.7,24.85,53.2,0.7,0.3,0.55
1203,1652,6,steelbook,21.7,19.6,21.7,0.7,0.3,0.55
1203,1653,9,,37.45,25.9,37.45,0.7,0.3,0.55
1203,1654,5,playstation sigillato,32.2,32.2,32.2,0.7,0.3,0.55
1203,1655,2,nightreign,21.7,21.7,21.7,0.7,0.3,0.55
1203,1656,2,nightreign collector ps4 edition precintado,100.445,95.19,105.7,0.7,0.3,0.55
1205,1658,6,,21.69,10.14,21.69,0.6,0.36,0.25
1213,1666,3,animales fantasticos,5.95,5.95,5.95,0.6,0.36,0.25
1213,1667,6,,5.95,5.95,5.95,0.6,0.36,0.25
1215,1669,12,,5.95,5.95,5.95,0.6,0.36,0.25
1216,1670,40,,3.85,3.85,3.85,0.6,0.36,0.25
1227,1681,13,,31.15,31.15,31.15,0.6,0.36,0.25
1232,1686,4,,63.7,32.2,63.7,0.6,0.36,0.25
1233,1687,5,,30.1,30.1,37.45,0.6,0.36,0.25
1234,1688,15,,21.7,8.05,21.7,0.6,0.36,0.25
1238,1692,11,,16.45,11.2,31.15,0.6,0.3,0.55
1238,1693,2,ps5 neuf sous blister,11.2,11.2,11.2,0.6,0.3,0.55
1238,1694,3,gioco,5.95,5.95,5.95,0.6,0.3,0.55
1238,1695,1,perfette condizioni,5.94,5.94,5.94,0.6,0.3,0.55
1241,1698,21,primal,8.05,5.95,10.15,0.65,0.3,0.55
1241,1699,20,primaire,16.45,11.2,20.65,0.65,0.3,0.55
1241,1700,7,double pack,11.2,11.2,11.2,0.65,0.3,0.55
1241,1701,4,playstation,18.03,18.03,18.03,0.65,0.3,0.55
1241,1702,4,edition ita classic limited,19.6,16.35,19.6,0.65,0.3,0.55
1241,1703,1,novo selado,11.2,11.2,11.2,0.65,0.3,0.55
1241,1704,5,yara edition,11.2,11.2,11.2,0.65,0.3,0.55
1241,1705,1,sous blister,11.2,11.2,11.2,0.65,0.3,0.55
1241,1706,1,caratula,3.33,3.33,3.33,0.65,0.3,0.55
1241,1707,5,deluxe edition,13.3,13.3,13.3,0.65,0.3,0.55
1241,1708,1,double pack edizione italiana come nuovo,15.4,15.4,15.4,0.65,0.3,0.55
1242,1709,5,,5.94,5.94,5.94,0.6,0.36,0.25
1242,1710,2,ps5 new,16.35,16.35,16.35,0.6,0.36,0.25
1243,1711,4,,5.43,5.43,11.2,0.6,0.36,0.25
1249,1717,9,,14.35,11.2,21.7,0.6,0.31,0.45
1249,1718,2,,5.425000000000001,4.9,5.95,0.6,0.31,0.45
1254,1723,5,,13.83,13.83,13.83,0.6,0.36,0.25
1255,1724,3,ps4 gioco,16.45,11.2,16.45,0.6,0.3,0.55
1255,1725,4,,7.0,7.0,11.2,0.6,0.3,0.55
1256,1726,9,,16.45,11.1,32.19,0.6,0.3,0.55
1256,1727,4,playstation,9.0,9.0,9.0,0.6,0.3,0.55
1256,1728,6,,5.95,5.95,7.0,0.6,0.3,0.55
1259,1731,4,,32.2,32.2,32.2,0.6,0.36,0.25
1265,1737,5,,11.2,11.2,11.2,0.6,0.36,0.25
1268,1740,6,,14.35,8.05,14.35,0.6,0.36,0.25
1269,1741,4,,53.2,53.2,53.2,0.6,0.36,0.25
1277,1749,3,leon kennedy,11.2,11.2,11.2,0.78,0.36,0.25
1277,1750,3,claire redfield,11.2,11.2,11.2,0.78,0.36,0.25
1279,1752,4,,23.79,23.79,23.79,0.6,0.36,0.25
1280,1753,4,,8.05,8.05,8.05,0.6,0.36,0.25
1283,1756,14,ps4 remastered nuovo remake hd comme neuf ps5,21.7,16.45,26.95,0.78,0.3,0.55
1283,1757,8,vii xvi iv nintendo ds,25.9,24.85,26.95,0.78,0.3,0.55
1283,1758,9,edition ps4 deluxe pal xv vii remake ita,79.45,32.19,315.7,0.78,0.3,0.55
1283,1759,8,xv,13.3,7.0,16.45,0.78,0.3,0.55
1283,1760,11,playstation viii xii,14.35,11.2,20.65,0.78,0.3,0.55
1283,1761,4,vii remake viii remastered,12.25,11.2,16.35,0.78,0.3,0.55
1283,1762,10,ps4 xv sous blister type x2 precintado,13.3,11.2,18.54,0.78,0.3,0.55
1283,1763,8,vii remake playstation new neuf nuevo,26.94,26.94,26.94,0.78,0.3,0.55
1283,1764,3,type hd,11.2,11.2,11.2,0.78,0.3,0.55
1283,1765,1,type,7.0,7.0,7.0,0.78,0.3,0.55
1283,1766,15,ps4 xv day one edition con manual pal,11.19,4.9,13.3,0.78,0.3,0.55
1283,1767,4,xv royal edition ps4,16.45,13.3,16.45,0.78,0.3,0.55
1283,1768,3,vii playstation,42.7,42.6,42.7,0.78,0.3,0.55
1283,1769,7,playstation ps4 xv neuf vii remake spiel,16.45,16.45,18.55,0.78,0.3,0.55
1284,1770,5,,11.2,11.2,11.2,0.6,0.36,0.25
1288,1774,4,,105.7,105.7,105.7,0.6,0.36,0.25
1293,1779,5,,32.19,32.19,32.19,0.6,0.36,0.25
1297,1783,4,,13.3,13.3,21.7,0.65,0.3,0.55
1297,1784,2,,7.0,7.0,7.0,0.65,0.3,0.55
1297,1785,5,ps4 per,7.0,7.0,8.05,0.65,0.3,0.55
1297,1786,1,ps4 sealed,11.2,11.2,11.2,0.65,0.3,0.55
1297,1787,2,deluxe edition ps4,16.45,16.45,16.45,0.65,0.3,0.55
1305,1795,5,,68.95,68.95,68.95,0.6,0.36,0.25
1308,1798,5,,16.45,16.45,16.45,0.6,0.36,0.25
1310,1800,3,game,13.3,13.3,13.3,0.65,0.33,0.35
1310,1801,3,,16.45,16.45,16.45,0.65,0.33,0.35
1312,1803,5,,83.65,83.65,83.65,0.6,0.36,0.25
1314,1805,4,,16.45,16.45,16.45,0.6,0.36,0.25
1316,1807,9,skull skulld,16.44,16.44,16.44,0.78,0.36,0.25
1320,1811,4,,1.75,1.75,1.75,0.6,0.36,0.25
1321,1812,4,,21.7,21.7,21.7,0.6,0.36,0.25
1325,1816,4,,118.3,118.3,118.3,0.6,0.36,0.25
1326,1817,5,,16.45,11.2,26.95,0.6,0.36,0.25
1331,1822,25,sony neuf,24.75,16.45,26.95,0.6,0.31,0.45
1331,1823,2,director cut playstation neu new,37.445,32.2,42.69,0.6,0.31,0.45
1331,1824,3,playstation,21.49,20.55,21.49,0.6,0.31,0.45
1331,1825,6,ps5,21.7,21.7,32.19,0.6,0.31,0.45
1331,1826,3,,5.43,5.43,5.43,0.6,0.31,0.45
1331,1827,4,pal spagnolo,19.5,19.5,19.5,0.6,0.31,0.45
1331,1828,2,precintado,42.6,42.6,42.6,0.6,0.31,0.45
1331,1829,1,yotei ps5,42.7,42.7,42.7,0.6,0.31,0.45
1332,1830,6,nuovo,26.95,21.7,26.95,0.6,0.3,0.55
1332,1831,9,,6.48,4.38,11.2,0.6,0.3,0.55
1332,1832,1,wildlands,13.3,13.3,13.3,0.6,0.3,0.55
1332,1833,4,prezzo trattabile,21.69,21.69,21.69,0.6,0.3,0.55
1332,1834,1,ubisoft,5.95,5.95,5.95,0.6,0.3,0.55
1340,1842,5,,53.2,53.2,53.2,0.6,0.36,0.25
1344,1846,4,playstation play,32.2,32.2,53.2,0.78,0.3,0.55
1344,1847,8,ps4,25.9,8.05,158.2,0.78,0.3,0.55
1344,1848,7,ps4 ps,1.75,1.75,1.75,0.78,0.3,0.55
1344,1849,1,play quasi mai usati,11.2,11.2,11.2,0.78,0.3,0.55
1344,1850,5,playstantion,11.2,11.2,11.2,0.78,0.3,0.55
1346,1852,4,,21.7,11.2,21.7,0.6,0.36,0.25
1347,1853,5,originali,5.95,5.95,9.1,0.6,0.3,0.55
1347,1854,19,,30.1,21.6,79.45,0.6,0.3,0.55
1347,1855,1,non acquistare euro leggi descrizioni,1.75,1.75,1.75,0.6,0.3,0.55
1348,1856,4,,1.75,1.75,1.75,0.6,0.36,0.25
1349,1857,4,,13.3,13.3,13.3,0.6,0.36,0.25
1350,1858,3,,5.95,3.85,5.95,0.6,0.3,0.55
1350,1859,3,,53.2,53.2,53.2,0.6,0.3,0.55
1351,1860,4,motogp fc,42.7,42.7,42.7,0.6,0.3,0.55
1351,1861,8,ps5 altri nel mio armadio deus ex day,7.0,7.0,7.95,0.6,0.3,0.55
1351,1862,12,,1.75,1.75,1.75,0.6,0.3,0.55
1351,1863,5,ps5,21.7,11.2,53.2,0.6,0.3,0.55
1351,1864,69,misti,21.7,5.95,116.2,0.6,0.3,0.55
1351,1865,5,ps5 assassin creed origins,10.15,10.15,10.15,0.6,0.3,0.55
1351,1866,2,utilizzati pochissime volte,52.15,52.15,52.15,0.6,0.3,0.55
1351,1867,4,assassin creed,21.7,16.45,21.7,0.6,0.3,0.55
1351,1868,5,ps5 uncharted la fine di un ladro,9.1,9.1,9.1,0.6,0.3,0.55
1351,1869,5,ride,16.45,16.45,16.45,0.6,0.3,0.55
1351,1870,3,ps5 basso prezzo,2.54,1.75,3.85,0.6,0.3,0.55
1351,1871,1,uncharted,11.2,11.2,11.2,0.6,0.3,0.55
1352,1872,4,,7.0,7.0,7.0,0.6,0.36,0.25
1353,1873,4,,58.45,58.45,58.45,0.6,0.36,0.25
1357,1877,8,,37.45,21.7,37.45,0.6,0.36,0.25
1359,1879,3,way out,47.95,47.95,47.95,0.78,0.3,0.55
1359,1880,3,uncharted collection,11.2,11.2,11.2,0.78,0.3,0.55
1360,1881,13,,13.3,8.05,21.7,0.6,0.3,0.55
1360,1882,5,,1.75,1.75,1.75,0.6,0.3,0.55
1362,1884,2,odyssey,21.7,21.7,21.7,0.78,0.36,0.25
1362,1885,3,origins xbox,11.2,11.2,11.2,0.78,0.36,0.25
1362,1886,1,origins ps4 nuovo,11.2,11.2,11.2,0.78,0.36,0.25
1363,1887,4,,7.53,7.53,7.53,0.6,0.36,0.25
1376,1900,8,,11.2,11.2,11.2,0.6,0.36,0.25
1381,1905,2,ps ps5,6.205,4.36,8.05,0.65,0.33,0.35
1381,1906,6,,4.9,4.9,11.2,0.65,0.33,0.35
1381,1907,1,console,21.7,21.7,21.7,0.65,0.33,0.35
1381,1908,1,spider man,53.2,53.2,53.2,0.65,0.33,0.35
1381,1909,2,destiny,5.95,5.95,5.95,0.65,0.33,0.35
1385,1913,4,,26.95,26.95,26.95,0.6,0.36,0.25
1387,1915,4,uncharted,5.95,5.95,5.95,0.65,0.3,0.55
1387,1916,8,,13.3,11.2,26.95,0.65,0.3,0.55
1387,1917,4,station destinity,16.45,11.2,16.45,0.65,0.3,0.55
1387,1918,4,destiny,11.2,11.2,11.2,0.65,0.3,0.55
1387,1919,3,station bravo team,16.45,16.45,16.45,0.65,0.3,0.55
1389,1921,21,,8.05,5.95,11.2,0.6,0.3,0.55
1389,1922,4,,26.950000000000003,16.45,42.7,0.6,0.3,0.55
1389,1923,3,riders republic,5.43,4.9,5.43,0.6,0.3,0.55
1389,1924,1,assassin creed syndacate,10.15,10.15,10.15,0.6,0.3,0.55
1389,1925,2,compatibile ps5 capitan tsubasa holly benji,16.45,16.45,16.45,0.6,0.3,0.55
1389,1926,1,the division,11.19,11.19,11.19,0.6,0.3,0.55
1389,1927,1,ghost recon,16.44,16.44,16.44,0.6,0.3,0.55
1389,1928,1,farcry,14.34,14.34,14.34,0.6,0.3,0.55
1389,1929,1,the last of us,16.45,16.45,16.45,0.6,0.3,0.55
1390,1930,10,,42.69,42.69,42.69,0.6,0.36,0.25
1392,1932,10,,19.075,16.45,21.7,0.65,0.3,0.55
1392,1933,3,valentino rossi,11.2,11.2,11.2,0.65,0.3,0.55
1392,1934,3,2k23,11.2,11.2,11.2,0.65,0.3,0.55
1392,1935,3,farcry5,8.05,8.05,8.05,0.65,0.3,0.55
1392,1936,1,mafia trilogi,32.2,32.2,32.2,0.65,0.3,0.55
1393,1937,7,,16.45,9.1,16.45,0.6,0.3,0.55
1393,1938,1,metroidvania nuovo siggilllato,37.45,37.45,37.45,0.6,0.3,0.55
1393,1939,2,,26.95,26.95,26.95,0.6,0.3,0.55
1395,1941,5,,26.95,26.95,26.95,0.6,0.36,0.25
1396,1942,4,,21.7,21.7,21.7,0.6,0.36,0.25
1396,1943,1,red dead redemption,16.44,16.44,16.44,0.6,0.36,0.25
1397,1944,3,,10.15,10.15,10.15,0.6,0.36,0.25
1397,1945,1,assasin origins,11.2,11.2,11.2,0.6,0.36,0.25
1398,1946,24,anthem mortal kombat assetto corsa,5.95,3.85,7.0,0.6,0.3,0.55
1398,1947,4,nba 2k17 w2k22,9.1,9.1,13.3,0.6,0.3,0.55
1398,1948,82,originale skyrim,16.45,9.1,42.7,0.6,0.3,0.55
1398,1949,2,battlegrounds battlefield,11.2,11.2,11.2,0.6,0.3,0.55
1398,1950,3,dragonball xenoverse dragon ball,7.0,7.0,11.2,0.6,0.3,0.55
1398,1951,4,gta,23.8,16.45,23.8,0.6,0.3,0.55
1398,1952,1,one piece odyssey,11.2,11.2,11.2,0.6,0.3,0.55
1398,1953,2,disco elysium pal,101.5,101.5,101.5,0.6,0.3,0.55
1398,1954,2,hot wheels unleashed pal,24.85,24.85,24.85,0.6,0.3,0.55
1398,1955,3,hidden agenda,6.48,6.48,6.48,0.6,0.3,0.55
1398,1956,7,ps5,11.2,9.1,16.45,0.6,0.3,0.55
1398,1957,2,formula,19.6,19.6,19.6,0.6,0.3,0.55
1398,1958,1,ghost recon break point,11.2,11.2,11.2,0.6,0.3,0.55
1398,1959,1,pocket league,11.2,11.2,11.2,0.6,0.3,0.55
1398,1960,1,spider man,15.4,15.4,15.4,0.6,0.3,0.55
1398,1961,1,borderlands,16.45,16.45,16.45,0.6,0.3,0.55
1398,1962,1,limited edition,9.63,9.63,9.63,0.6,0.3,0.55
1398,1963,1,injustice,16.45,16.45,16.45,0.6,0.3,0.55
1398,1964,1,horizon,19.6,19.6,19.6,0.6,0.3,0.55
1398,1965,1,resident evil,19.6,19.6,19.6,0.6,0.3,0.55
1398,1966,1,ace combat,8.05,8.05,8.05,0.6,0.3,0.55
1398,1967,1,ancora confezionato,9.1,9.1,9.1,0.6,0.3,0.55
1398,1968,1,moto gp,8.05,8.05,8.05,0.6,0.3,0.55
1398,1969,1,la famiglia addams,16.45,16.45,16.45,0.6,0.3,0.55
1398,1970,1,project cars,35.35,35.35,35.35,0.6,0.3,0.55
1410,1982,4,,5.95,5.95,5.95,0.6,0.36,0.25
1412,1984,3,ps4 edizione speciale steelbook,63.7,63.7,63.7,0.65,0.3,0.55
1412,1985,3,,21.7,21.7,21.7,0.65,0.3,0.55
1412,1986,1,per ps4,10.15,10.15,10.15,0.65,0.3,0.55
1418,1992,41,ps4 ragnarok ps5 cd sous blister nuovo excellent,23.8,16.35,37.45,0.78,0.3,0.55
1418,1993,64,ps4 ps5 ita come nuovo redmastered for remastered,11.2,4.9,16.45,0.78,0.3,0.55
1418,1994,8,playstation ragnarok voor videojuego play sigillato,21.7,16.45,21.7,0.78,0.3,0.55
1418,1995,10,ragnarok,29.575000000000003,21.7,44.8,0.78,0.3,0.55
1418,1996,2,collection edition limitee,105.7,84.7,126.7,0.78,0.3,0.55
1418,1997,5,remastered remasterizado iii,11.2,11.2,16.45,0.78,0.3,0.55
1418,1998,24,,12.25,5.95,21.7,0.78,0.3,0.55
1418,1999,3,playstation,7.0,7.0,9.1,0.78,0.3,0.55
1418,2000,4,ps4 day one edition,16.45,16.45,16.45,0.78,0.3,0.55
1418,2001,3,ps4 playstation hits,13.3,13.3,13.3,0.78,0.3,0.55
1418,2002,3,remastered ps4 in italiano,10.15,10.15,10.15,0.78,0.3,0.55
1418,2003,1,ragnarok videogame for ps4,21.7,21.7,21.7,0.78,0.3,0.55
1422,2007,6,,15.4,15.4,32.2,0.6,0.36,0.25
1424,2009,4,,21.69,21.69,21.69,0.6,0.36,0.25
1428,2013,20,sport compatibile vr come nuovo gioco perfetto,9.625,3.85,14.25,0.78,0.3,0.55
1428,2014,2,sport day one edition usk neu eingeschwei,14.350000000000001,9.1,19.6,0.78,0.3,0.55
1428,2015,4,,12.78,12.78,32.2,0.78,0.3,0.55
1428,2016,2,playstation sport gioco,29.575000000000003,26.95,32.2,0.78,0.3,0.55
1428,2017,5,sport playstation vr come ottime condizioni nuovo play,7.0,4.9,11.2,0.78,0.3,0.55
1428,2018,5,sigillato,39.54,39.54,39.54,0.78,0.3,0.55
1428,2019,3,nuevo,32.2,32.2,32.2,0.78,0.3,0.55
1428,2020,2,sin abrir,43.75,43.75,43.75,0.78,0.3,0.55
1428,2021,1,impacchettato,32.2,32.2,32.2,0.78,0.3,0.55
1428,2022,3,ps5,42.7,42.7,42.7,0.78,0.3,0.55
1428,2023,2,sport portugues playstation,11.2,11.2,11.2,0.78,0.3,0.55
1429,2024,5,sport,26.95,23.8,37.45,0.65,0.3,0.55
1429,2025,10,,6.635,3.12,11.2,0.65,0.3,0.55
1429,2026,9,sport,11.2,5.95,13.3,0.65,0.3,0.55
1429,2027,3,jeux,5.95,5.95,5.95,0.65,0.3,0.55
1432,2030,4,,53.2,53.2,53.2,0.6,0.36,0.25
1434,2032,3,san andreas ps2 wata the triology,536.2,84.7,588.7,0.78,0.3,0.55
1434,2033,3,playstation pal ita completo,13.3,13.3,18.45,0.78,0.3,0.55
1434,2034,2,gta five,13.3,13.3,13.3,0.78,0.3,0.55
1434,2035,5,,16.45,4.9,21.7,0.78,0.3,0.55
1434,2036,3,edition premium,26.95,26.95,26.95,0.78,0.3,0.55
1434,2037,12,ps4 gta gioco originale premium edition,13.29,11.2,17.5,0.78,0.3,0.55
1434,2038,1,the trilogy,16.45,16.45,16.45,0.78,0.3,0.55
1434,2039,13,ps4 pal espana,23.8,23.8,23.8,0.78,0.3,0.55
1434,2040,3,online gta,15.4,11.2,15.4,0.78,0.3,0.55
1434,2041,2,premium edition playstation edizione it,28.95,28.95,28.95,0.78,0.3,0.55
1436,2043,7,,11.2,2.8,23.8,0.6,0.36,0.25
1444,2051,8,pal ita,74.19,58.45,126.7,0.65,0.36,0.25
1444,2052,1,sur playstation,63.7,63.7,63.7,0.65,0.36,0.25
1444,2053,4,remastered,74.19,74.19,74.19,0.65,0.36,0.25
1447,2056,2,,116.2,116.2,116.2,0.65,0.31,0.45
1447,2057,1,playstation lrg limited run games,79.44,79.44,79.44,0.65,0.31,0.45
1447,2058,1,nuovo,158.19,158.19,158.19,0.65,0.31,0.45
1450,2061,42,,13.3,11.2,21.7,0.6,0.31,0.45
1450,2062,4,,8.05,5.95,8.58,0.6,0.31,0.45
1451,2063,5,,13.3,13.3,13.3,0.6,0.36,0.25
1452,2064,5,,20.65,20.65,20.65,0.6,0.36,0.25
1453,2065,5,,26.95,26.95,26.95,0.6,0.36,0.25
1455,2067,3,,20.65,20.65,20.65,0.6,0.36,0.25
1455,2068,1,ps4,13.3,13.3,13.3,0.6,0.36,0.25
1457,2070,2,,12.25,11.2,13.3,0.7,0.33,0.35
1457,2071,3,tres bon etat complet,16.45,16.45,16.45,0.7,0.33,0.35
1457,2072,4,five para,11.2,11.2,11.2,0.7,0.33,0.35
1457,2073,1,premium edition,21.7,21.7,21.7,0.7,0.33,0.35
1461,2077,3,,15.4,15.4,15.4,0.6,0.36,0.25
1461,2078,1,play,11.2,11.2,11.2,0.6,0.36,0.25
1464,2081,10,nuovo,15.665,11.2,16.45,0.6,0.36,0.25
1466,2083,3,ps4 compatible con ps5 completo,11.2,10.15,11.2,0.6,0.31,0.45
1466,2084,8,,13.3,11.2,16.45,0.6,0.31,0.45
1466,2085,1,precintado,19.6,19.6,19.6,0.6,0.31,0.45
1467,2086,4,,42.7,9.1,42.7,0.6,0.36,0.25
1470,2089,31,,13.3,8.05,23.8,0.6,0.3,0.55
1470,2090,3,,47.95,47.95,47.95,0.6,0.3,0.55
1472,2092,8,ps4 triology ita,19.6,16.35,21.7,0.6,0.36,0.25
1472,2093,15,,16.45,13.3,16.45,0.6,0.36,0.25
1472,2094,1,neuf sous blister play,26.95,26.95,26.95,0.6,0.36,0.25
1473,2095,4,,15.4,15.4,21.7,0.6,0.33,0.35
1473,2096,2,remastered,22.490000000000002,21.18,23.8,0.6,0.33,0.35
1473,2097,1,sous blister,21.7,21.7,21.7,0.6,0.33,0.35
1477,2101,5,,11.2,11.2,11.73,0.6,0.36,0.25
1477,2102,1,leggi descrizione,11.2,11.2,11.2,0.6,0.36,0.25
1479,2104,3,,11.2,5.95,11.2,0.6,0.3,0.55
1479,2105,1,ps5 juego precintado,32.15,32.15,32.15,0.6,0.3,0.55
1480,2106,5,,13.3,13.3,13.3,0.6,0.36,0.25
1482,2108,5,,84.7,84.7,84.7,0.6,0.36,0.25
1485,2111,5,,37.45,37.45,37.45,0.6,0.36,0.25
1487,2113,5,,299.95,299.95,299.95,0.6,0.36,0.25
1490,2116,5,,21.7,21.7,21.7,0.6,0.36,0.25
1491,2117,4,,11.2,11.2,11.2,0.6,0.36,0.25
1492,2118,3,playstation,15.4,15.4,15.4,0.7,0.3,0.55
1492,2119,5,champions de quidditch,11.19,11.19,11.19,0.7,0.3,0.55
1492,2120,3,,7.0,7.0,7.0,0.7,0.3,0.55
1492,2121,1,collection lego,16.45,16.45,16.45,0.7,0.3,0.55
1492,2122,1,quidditch champions deluxe edition new,16.44,16.44,16.44,0.7,0.3,0.55
1497,2127,7,,16.35,16.35,44.8,0.6,0.36,0.25
1501,2131,4,,42.7,21.7,42.7,0.6,0.36,0.25
1502,2132,4,,63.7,21.7,63.7,0.6,0.36,0.25
1502,2133,1,ps4,5.95,5.95,5.95,0.6,0.36,0.25
1503,2134,4,,18.55,18.55,18.55,0.6,0.36,0.25
1503,2135,1,jeu,21.7,21.7,21.7,0.6,0.36,0.25
1507,2139,5,,13.83,13.83,13.83,0.6,0.36,0.25
1508,2140,4,,21.7,21.7,21.7,0.6,0.36,0.25
1509,2141,4,,5.95,5.95,11.2,0.6,0.36,0.25
1511,2143,5,,53.2,53.2,53.2,0.6,0.36,0.25
1517,2149,6,perfetto,13.3,11.2,16.45,0.6,0.3,0.55
1517,2150,6,,26.95,21.7,26.95,0.6,0.3,0.55
1518,2151,5,,42.7,42.7,42.7,0.6,0.36,0.25
1520,2153,3,perfetto,26.95,24.85,32.2,0.78,0.33,0.35
1520,2154,5,nuovo senza segni,20.65,17.5,20.65,0.78,0.33,0.35
1522,2156,44,neuf,16.45,11.2,37.45,0.6,0.3,0.55
1522,2157,14,deluxe edition eng fr,68.95,47.95,74.2,0.6,0.3,0.55
1522,2158,2,gioco per ps,16.45,16.45,16.45,0.6,0.3,0.55
1522,2159,5,collector neuf,158.19,158.19,158.19,0.6,0.3,0.55
1524,2161,10,precintado,23.79,23.79,35.35,0.78,0.36,0.25
1524,2162,1,playstation precintado,26.95,26.95,26.95,0.78,0.36,0.25
1524,2163,2,sealed,30.09,30.09,30.09,0.78,0.36,0.25
1524,2164,1,slipcover slipcage juego,9.1,9.1,9.1,0.78,0.36,0.25
1526,2166,3,,3.85,3.85,3.85,0.6,0.3,0.55
1526,2167,1,ps4 nuovo,21.7,21.7,21.7,0.6,0.3,0.55
1526,2168,3,,11.2,11.2,11.2,0.6,0.3,0.55
1526,2169,1,ps4,8.05,8.05,8.05,0.6,0.3,0.55
1528,2171,10,,12.78,5.95,16.45,0.6,0.3,0.55
1528,2172,5,,47.95,47.95,47.95,0.6,0.3,0.55
1529,2173,14,ps4 pal esp,16.45,15.4,21.7,0.7,0.33,0.35
1529,2174,6,aggiornamento ps5 automatico per la gratuito alla,18.03,17.49,18.55,0.7,0.33,0.35
1529,2175,5,,21.7,19.6,21.7,0.7,0.33,0.35
1529,2176,1,special edition ps4 ps5,53.2,53.2,53.2,0.7,0.33,0.35
1529,2177,4,playstation,23.8,23.8,23.8,0.7,0.33,0.35
1533,2181,4,,13.3,5.95,13.3,0.6,0.36,0.25
1534,2182,27,ps4 complete edition come nuovo pal ita steelbook,16.45,9.1,26.43,0.7,0.3,0.55
1534,2183,19,complete edition,11.2,7.0,16.45,0.7,0.3,0.55
1534,2184,2,playstation,7.4750000000000005,4.9,10.05,0.7,0.3,0.55
1534,2185,17,,5.95,4.9,8.05,0.7,0.3,0.55
1534,2186,14,,13.825,11.2,21.7,0.7,0.3,0.55
1534,2187,25,ps4 complete edition neuf para,9.1,4.9,11.2,0.7,0.3,0.55
1534,2188,4,down,5.95,5.95,5.95,0.7,0.3,0.55
1534,2189,3,down complete edition,8.05,8.05,8.05,0.7,0.3,0.55
1536,2191,5,,23.79,23.79,23.79,0.6,0.36,0.25
1546,2201,6,,84.7,74.2,95.2,0.6,0.33,0.35
1550,2205,5,,9.1,9.1,9.1,0.6,0.36,0.25
1551,2206,9,,11.19,11.19,11.19,0.6,0.36,0.25
1551,2207,1,ps4 sealed,12.15,12.15,12.15,0.6,0.36,0.25
1559,2215,4,,32.2,32.2,32.2,0.6,0.36,0.25
1570,2226,3,,37.45,37.45,37.45,0.6,0.36,0.25
1570,2227,1,volumen,42.7,42.7,42.7,0.6,0.36,0.25
1571,2228,2,nuovo sigillato playstation richiesto,17.5,16.45,18.55,0.6,0.36,0.25
1571,2229,3,,11.2,11.2,11.2,0.6,0.36,0.25
1574,2232,3,,32.2,32.2,32.2,0.6,0.36,0.25
1574,2233,1,nuovo,37.45,37.45,37.45,0.6,0.36,0.25
1575,2234,5,precintado,25.38,16.45,26.94,0.65,0.31,0.45
1575,2235,10,neuf jeu emballe,34.825,32.1,37.45,0.65,0.31,0.45
1575,2236,5,playstation nuovo,31.15,31.15,32.1,0.65,0.31,0.45
1575,2237,3,ps5,26.95,26.95,26.95,0.65,0.31,0.45
1575,2238,1,nuovo,31.15,31.15,31.15,0.65,0.31,0.45
1576,2239,7,,11.19,11.19,11.19,0.6,0.36,0.25
1576,2240,1,thq italiano nuovo sigillato sony ps4,13.29,13.29,13.29,0.6,0.36,0.25
1580,2244,4,,5.43,5.43,5.43,0.6,0.36,0.25
1582,2246,5,,59.5,59.5,59.5,0.6,0.36,0.25
1582,2247,1,un video neuf,12.78,12.78,12.78,0.6,0.36,0.25
1585,2250,6,,9.625,8.05,11.2,0.6,0.3,0.55
1585,2251,2,ps4,5.95,4.9,7.0,0.6,0.3,0.55
1587,2253,5,,16.45,16.45,16.45,0.6,0.36,0.25
1589,2255,5,,26.95,26.95,26.95,0.6,0.36,0.25
1593,2259,6,,26.95,26.95,26.95,0.6,0.36,0.25
1595,2261,5,,9.1,9.1,9.1,0.6,0.36,0.25
1597,2263,4,,10.15,10.15,10.15,0.6,0.36,0.25
1600,2266,5,sur,26.85,16.45,26.85,0.6,0.36,0.25
1603,2269,5,,16.45,16.45,16.45,0.6,0.36,0.25
1603,2270,4,ps4,53.2,53.2,53.2,0.6,0.36,0.25
1604,2271,4,,16.45,16.45,16.45,0.6,0.36,0.25
1608,2275,2,adaptateurs reducteurs convertisseurs,18.55,18.55,18.55,0.6,0.36,0.25
1608,2276,5,,17.5,17.5,17.5,0.6,0.36,0.25
1609,2277,3,play,5.95,5.95,5.95,0.78,0.3,0.55
1609,2278,3,ps4,11.2,11.2,11.2,0.78,0.3,0.55
1609,2279,1,play,26.95,26.95,26.95,0.78,0.3,0.55
1609,2280,2,voiture ps4,32.2,32.2,32.2,0.78,0.3,0.55
1611,2282,5,,16.45,16.45,16.45,0.6,0.36,0.25
1615,2286,7,,11.2,7.0,11.2,0.6,0.36,0.25
1620,2291,4,,13.3,13.3,18.55,0.6,0.36,0.25
1621,2292,4,,21.7,21.7,21.7,0.6,0.36,0.25
1622,2293,6,,13.3,7.0,14.35,0.6,0.36,0.25
1628,2299,4,,11.2,11.2,11.2,0.6,0.36,0.25
1631,2302,5,,15.4,15.4,15.4,0.6,0.36,0.25
1634,2305,6,,16.45,16.45,16.45,0.6,0.36,0.25
1637,2308,5,,5.95,5.95,5.95,0.6,0.36,0.25
1639,2310,4,,5.95,5.95,5.95,0.6,0.36,0.25
1640,2311,5,,15.4,15.4,15.4,0.6,0.36,0.25
1643,2314,5,,21.7,21.7,21.7,0.6,0.36,0.25
1646,2317,3,,32.2,32.2,32.2,0.6,0.36,0.25
1646,2318,1,dodgeball academia,13.3,13.3,13.3,0.6,0.36,0.25
1647,2319,5,harry potter neuf,16.45,16.45,16.45,0.78,0.36,0.25
1647,2320,3,ps4,26.85,26.85,26.85,0.78,0.36,0.25
1648,2321,11,nioh,14.35,13.3,16.45,0.7,0.33,0.35
1648,2322,3,borderlands,14.35,14.35,14.35,0.7,0.33,0.35
1648,2323,5,darksiders genesis,22.75,22.75,22.75,0.7,0.33,0.35
1648,2324,4,hunt showdown,18.55,18.55,18.55,0.7,0.33,0.35
1648,2325,2,ps4 minecraft legends,37.35,37.35,37.35,0.7,0.33,0.35
1648,2326,1,radigy version jap,58.45,58.45,58.45,0.7,0.33,0.35
1648,2327,1,ps5 homebody,68.85,68.85,68.85,0.7,0.33,0.35
1650,2329,4,,11.2,11.2,11.2,0.6,0.36,0.25
1652,2331,5,,89.95,89.95,89.95,0.6,0.36,0.25
1654,2333,8,disney classic games collection minecraft playstation neuf,35.35,17.03,35.35,0.7,0.3,0.55
1654,2334,11,ps5 et edition bo6 mass effect legendary marvel,57.4,30.1,95.2,0.7,0.3,0.55
1654,2335,3,destiny neuf,11.2,5.85,11.2,0.7,0.3,0.55
1654,2336,9,nba nba2k17 2k22 2k19,7.0,5.95,11.2,0.7,0.3,0.55
1654,2337,98,nouveau,11.2,1.75,16.45,0.7,0.3,0.55
1654,2338,23,neuf les schtroumpfs skyrim fortnite,16.45,13.3,95.2,0.7,0.3,0.55
1654,2339,6,qui tu est es,11.2,8.05,11.2,0.7,0.3,0.55
1654,2340,2,anthem,7.0,5.95,8.05,0.7,0.3,0.55
1654,2341,4,gun grave,16.45,16.45,16.45,0.7,0.3,0.55
1654,2342,4,driveclub drive club,4.38,4.38,5.95,0.7,0.3,0.55
1654,2343,10,uncharted un neuf,13.3,13.3,16.45,0.7,0.3,0.55
1654,2344,6,battlefield,5.95,5.95,11.2,0.7,0.3,0.55
1654,2345,6,armored core collector neuf,20.65,19.6,20.65,0.7,0.3,0.55
1654,2346,5,dirt4,5.95,5.95,5.95,0.7,0.3,0.55
1654,2347,3,calisto protocol,16.45,16.45,16.45,0.7,0.3,0.55
1654,2348,9,the division,11.2,11.2,11.2,0.7,0.3,0.55
1654,2349,4,tres bon etat et prix avangers,5.95,5.95,5.95,0.7,0.3,0.55
1654,2350,1,rpgmaker mv nis america,16.45,16.45,16.45,0.7,0.3,0.55
1654,2351,2,torment,11.2,11.2,11.2,0.7,0.3,0.55
1654,2352,5,hidden agenda,8.05,8.05,8.05,0.7,0.3,0.55
1654,2353,5,dcl game,8.05,8.05,8.05,0.7,0.3,0.55
1654,2354,3,les schtroumpfs mission malfeuille,18.55,18.55,18.55,0.7,0.3,0.55
1654,2355,5,gta5,11.2,11.2,11.2,0.7,0.3,0.55
1654,2356,5,project cars,5.95,5.95,5.95,0.7,0.3,0.55
1654,2357,2,asterix et obelix xxl,16.45,16.45,16.45,0.7,0.3,0.55
1654,2358,2,battflefield,13.3,13.3,13.3,0.7,0.3,0.55
1654,2359,5,the crew,7.0,7.0,11.2,0.7,0.3,0.55
1654,2360,3,hogwart legacy,13.3,13.3,13.3,0.7,0.3,0.55
1654,2361,5,shenmue neuf blister pal fr,13.3,13.3,13.3,0.7,0.3,0.55
1654,2362,4,tom clancy,5.95,5.95,5.95,0.7,0.3,0.55
1654,2363,3,mx gp,5.95,5.95,5.95,0.7,0.3,0.55
1654,2364,1,neuf star wars battlefront,19.6,19.6,19.6,0.7,0.3,0.55
1654,2365,1,deadisland,11.2,11.2,11.2,0.7,0.3,0.55
1654,2366,1,occupation,11.2,11.2,11.2,0.7,0.3,0.55
1654,2367,5,nfs payback,9.1,9.1,9.1,0.7,0.3,0.55
1654,2368,1,deus ex,11.2,11.2,11.2,0.7,0.3,0.55
1654,2369,1,far cry,11.2,11.2,11.2,0.7,0.3,0.55
1654,2370,1,daygone,16.45,16.45,16.45,0.7,0.3,0.55
1654,2371,1,les tuniques bleues nord et sud edition limitee,16.35,16.35,16.35,0.7,0.3,0.55
1654,2372,2,gta trilogy,19.6,19.6,19.6,0.7,0.3,0.55
1654,2373,1,agents mayhem neuf,5.95,5.95,5.95,0.7,0.3,0.55
1654,2374,3,the quarry,10.15,10.15,10.15,0.7,0.3,0.55
1654,2375,1,the technomancer neuf sous blister,13.3,13.3,13.3,0.7,0.3,0.55
1654,2376,3,f1,9.1,9.1,9.1,0.7,0.3,0.55
1654,2377,3,the crew,21.7,21.7,21.7,0.7,0.3,0.55
1654,2378,3,asterix et obelix baffez les tous,19.6,19.6,19.6,0.7,0.3,0.55
1654,2379,1,neuf steep,32.2,32.2,32.2,0.7,0.3,0.55
1654,2380,2,sonic frontiers,11.2,11.2,11.2,0.7,0.3,0.55
1654,2381,5,familial,4.38,4.38,4.38,0.7,0.3,0.55
1654,2382,3,schtroumpfs kart,19.6,19.6,19.6,0.7,0.3,0.55
1654,2383,4,star wars neuf,32.2,32.2,32.2,0.7,0.3,0.55
1656,2385,5,movie,5.95,5.95,5.95,0.78,0.36,0.25
1656,2386,3,jurrasic world,19.6,19.6,19.6,0.78,0.36,0.25
1656,2387,1,star wars la saga skywalker,21.7,21.7,21.7,0.78,0.36,0.25
1659,2390,9,assassin creed neuf origins creer unity syndicate odissey,16.45,13.3,18.55,0.78,0.31,0.45
1659,2391,6,the evil within,11.2,11.2,17.5,0.78,0.31,0.45
1659,2392,4,resident evil village,18.54,18.54,32.2,0.78,0.31,0.45
1659,2393,4,coffret assassin creed syndicate,26.95,26.95,26.95,0.78,0.31,0.45
1659,2394,5,injustice,19.6,13.3,19.6,0.78,0.31,0.45
1660,2395,5,the breakers,5.95,5.95,5.95,0.78,0.3,0.55
1660,2396,5,kakarot sous blister,16.45,16.45,16.45,0.78,0.3,0.55
1660,2397,2,ps5 aussi dragon ball fighter,9.1,9.1,9.1,0.78,0.3,0.55
1661,2398,3,zero dawn,11.2,10.15,11.2,0.7,0.3,0.55
1661,2399,5,forbidden west,23.8,23.8,23.8,0.7,0.3,0.55
1661,2400,3,,8.05,8.05,8.05,0.7,0.3,0.55
1662,2401,3,miles morales sony marvel spider man spiderman,32.2,32.2,32.2,0.78,0.33,0.35
1662,2402,5,spider man spiderman marvel,11.2,9.1,12.25,0.78,0.33,0.35
1665,2405,3,real farm neuf sous,15.4,15.4,15.4,0.78,0.3,0.55
1665,2406,3,dans son,32.2,32.2,32.2,0.78,0.3,0.55
1665,2407,4,steep neuf sous ubisoft,7.0,7.0,7.0,0.78,0.3,0.55
1666,2408,7,black ops off duy,7.0,4.38,8.05,0.7,0.3,0.55
1666,2409,5,lot,21.7,21.7,21.7,0.7,0.3,0.55
1666,2410,5,,8.05,8.05,8.05,0.7,0.3,0.55
1666,2411,5,black ops,16.45,16.45,16.45,0.7,0.3,0.55
1667,2412,4,,179.2,179.2,179.2,0.7,0.33,0.35
1667,2413,4,metal slug anthology,221.2,221.2,221.2,0.7,0.33,0.35
1667,2414,4,the last blade,189.7,189.7,189.7,0.7,0.33,0.35
1667,2415,4,garou mark of the wolves,231.7,231.7,231.7,0.7,0.33,0.35
1668,2416,3,toujours emballe playstation,5.95,4.9,5.95,0.78,0.31,0.45
1668,2417,2,et,9.1,9.1,9.1,0.78,0.31,0.45
1670,2419,5,,21.7,21.7,21.7,0.6,0.36,0.25
1671,2420,4,,13.3,13.3,13.3,0.6,0.36,0.25
1672,2421,6,,5.95,5.95,11.2,0.6,0.36,0.25
1674,2423,5,,26.95,26.95,26.95,0.6,0.36,0.25
1678,2427,2,red dead redemption,16.45,11.2,21.7,0.78,0.36,0.25
1678,2428,3,the last of us remastered,8.58,8.58,8.58,0.78,0.36,0.25
1679,2429,11,,26.95,26.95,26.95,0.6,0.36,0.25
1680,2430,4,champions de quidditch edition deluxe,5.95,5.95,5.95,0.78,0.36,0.25
1680,2431,2,lego,16.45,16.45,16.45,0.78,0.36,0.25
1681,2432,5,,26.95,26.95,26.95,0.6,0.36,0.25
1684,2435,4,,16.45,16.45,16.45,0.6,0.36,0.25
1687,2438,8,,19.6,17.5,19.6,0.6,0.36,0.25
1689,2440,5,,26.95,26.95,26.95,0.6,0.36,0.25
1690,2441,10,diablo neuf sous blister,32.2,32.2,32.2,0.78,0.36,0.25
1690,2442,3,gang beasts,18.03,18.03,18.03,0.78,0.36,0.25
1694,2446,7,,13.3,11.2,15.4,0.6,0.33,0.35
1694,2447,1,,5.95,5.95,5.95,0.6,0.33,0.35
1700,2453,2,ps4 tom clancy,5.43,5.43,5.43,0.78,0.3,0.55
1700,2454,2,aegis defenders,68.95,68.95,68.95,0.78,0.3,0.55
1701,2455,2,marvel,11.2,11.2,11.2,0.6,0.36,0.25
1701,2456,5,,21.7,21.7,21.7,0.6,0.36,0.25
1703,2458,2,,16.45,11.2,21.7,0.7,0.36,0.25
1703,2459,4,ps4,3.85,3.85,3.85,0.7,0.36,0.25
1707,2463,4,,13.3,13.3,13.3,0.6,0.36,0.25
1713,2469,5,sur ps4 ps5,13.3,10.15,18.55,0.78,0.3,0.55
1713,2470,3,playstation,5.95,5.95,5.95,0.78,0.3,0.55
1716,2473,4,sur console neuf wargroove deluxe edition playstation rigs,10.15,10.15,10.15,0.65,0.3,0.55
1716,2474,5,mxgp the official motocross videogame pour console de,42.69,42.69,42.69,0.65,0.3,0.55
1716,2475,12,,16.45,8.05,19.6,0.65,0.3,0.55
1716,2476,1,pathfinder,41.65,41.65,41.65,0.65,0.3,0.55
1716,2477,1,watchdogs,5.95,5.95,5.95,0.65,0.3,0.55
1716,2478,4,mxgp the official motocross videogame pour console sony,16.45,16.45,16.45,0.65,0.3,0.55
1718,2480,3,battlefront,19.59,19.59,19.59,0.78,0.3,0.55
1718,2481,3,squadrons,11.19,11.19,11.19,0.78,0.3,0.55
1724,2487,4,,11.2,11.2,13.3,0.6,0.31,0.45
1724,2488,3,,16.45,16.45,16.45,0.6,0.31,0.45
1725,2489,5,,13.3,13.3,13.3,0.6,0.36,0.25
1730,2494,5,,3.85,3.85,3.85,0.6,0.36,0.25
1730,2495,1,ww2,10.15,10.15,10.15,0.6,0.36,0.25
1733,2498,5,,5.95,5.95,5.95,0.6,0.36,0.25
1735,2500,22,ps4 ps5 combat et,11.2,11.2,16.45,0.78,0.31,0.45
1735,2501,12,playstation,11.2,11.2,19.6,0.78,0.31,0.45
1735,2502,3,ps4 voiture neuf avec emballage,5.95,1.75,7.0,0.78,0.31,0.45
1735,2503,5,ps4 crash bandicoot,21.7,21.7,21.7,0.78,0.31,0.45
1735,2504,6,play,8.05,8.05,8.05,0.78,0.31,0.45
1736,2505,4,,16.45,16.45,16.45,0.6,0.36,0.25
1738,2507,5,,11.2,11.2,11.2,0.6,0.36,0.25
1739,2508,5,,16.45,16.45,16.45,0.6,0.36,0.25
1747,2516,8,,5.95,3.85,5.95,0.6,0.36,0.25
1752,2521,4,neuf,11.2,11.2,13.3,0.65,0.33,0.35
1752,2522,2,,5.95,5.95,5.95,0.65,0.33,0.35
1758,2528,5,,3.85,3.85,3.85,0.6,0.36,0.25
1759,2529,5,,12.25,12.25,12.25,0.6,0.36,0.25
1765,2535,12,,16.45,7.93,16.45,0.6,0.3,0.55
1765,2536,5,,32.2,32.2,32.2,0.6,0.3,0.55
1766,2537,5,,21.7,21.7,21.7,0.6,0.36,0.25
1769,2540,2,the crew et ps5 motorfest motor fest,19.075,16.45,21.7,0.78,0.3,0.55
1769,2541,3,mxgp motocross,11.2,11.2,11.2,0.78,0.3,0.55
1769,2542,1,ctr crash team racing,5.95,5.95,5.95,0.78,0.3,0.55
1770,2543,5,super lego marvel hero herdes2,5.95,5.95,5.95,0.65,0.3,0.55
1770,2544,31,atelier sophie sous blister et ps5 de voiture,37.45,26.95,210.7,0.65,0.3,0.55
1770,2545,5,ps5 ou 2k25 neuf,11.2,11.2,16.45,0.65,0.3,0.55
1770,2546,4,riders republic rider republique,12.25,8.05,16.45,0.65,0.3,0.55
1770,2547,15,destiny fifa fort boyar et xbox one,3.85,1.75,5.95,0.65,0.3,0.55
1770,2548,5,nba 2k21,7.0,7.0,7.0,0.65,0.3,0.55
1770,2549,3,saints row,9.63,9.63,9.63,0.65,0.3,0.55
1770,2550,121,neufs neuf lego marvell vilain,11.2,7.0,21.7,0.65,0.3,0.55
1770,2551,3,mud runner,11.2,11.2,11.2,0.65,0.3,0.55
1770,2552,8,red dead redemption ps5,24.325,21.7,26.95,0.65,0.3,0.55
1770,2553,5,sous blister neufs neuf,17.5,16.45,20.65,0.65,0.3,0.55
1770,2554,5,tout neuf jeu dissidia avec code jamais utiliser,22.75,22.75,22.75,0.65,0.3,0.55
1770,2555,3,voiture project cars,11.2,11.2,11.2,0.65,0.3,0.55
1770,2556,2,rayman,9.1,9.1,9.1,0.65,0.3,0.55
1770,2557,4,like dragon,21.7,21.7,21.7,0.65,0.3,0.55
1770,2558,4,farcry6 gta5,26.95,26.95,26.95,0.65,0.3,0.55
1770,2559,5,evolve,11.2,11.2,11.2,0.65,0.3,0.55
1770,2560,2,squadrons,5.95,5.95,5.95,0.65,0.3,0.55
1770,2561,3,et ps5 prix dans annonce,11.2,11.2,11.2,0.65,0.3,0.55
1770,2562,4,red dead,16.45,16.45,16.45,0.65,0.3,0.55
1770,2563,1,sonic superstars,11.2,11.2,11.2,0.65,0.3,0.55
1770,2564,5,star wars battlefront,13.3,11.2,13.3,0.65,0.3,0.55
1770,2565,2,lot,26.95,26.95,26.95,0.65,0.3,0.55
1770,2566,1,starwars battelfront,11.2,11.2,11.2,0.65,0.3,0.55
1770,2567,1,neuf avec emballage,11.2,11.2,11.2,0.65,0.3,0.55
1770,2568,1,watchdogs,8.05,8.05,8.05,0.65,0.3,0.55
1770,2569,1,elden ring,16.45,16.45,16.45,0.65,0.3,0.55
1770,2570,1,industry giant sous blester,15.4,15.4,15.4,0.65,0.3,0.55
1770,2571,1,farcry,8.05,8.05,8.05,0.65,0.3,0.55
1770,2572,1,lego la grande aventure,13.3,13.3,13.3,0.65,0.3,0.55
1770,2573,1,encore sous plastique,16.45,16.45,16.45,0.65,0.3,0.55
1770,2574,1,drangonball xv xenoverse,16.45,16.45,16.45,0.65,0.3,0.55
1770,2575,1,just cause,5.95,5.95,5.95,0.65,0.3,0.55
1770,2576,1,spiderman,11.2,11.2,11.2,0.65,0.3,0.55
1770,2577,1,mortal komba ultimate,16.45,16.45,16.45,0.65,0.3,0.55
1770,2578,5,tlou remastered,9.1,9.1,9.1,0.65,0.3,0.55
1770,2579,1,lego batman au dela de gotham,13.3,13.3,13.3,0.65,0.3,0.55
1770,2580,1,borderlands,11.2,11.2,11.2,0.65,0.3,0.55
1770,2581,2,de guerre,16.45,16.45,16.45,0.65,0.3,0.55
1770,2582,1,cyberpunk,21.7,21.7,21.7,0.65,0.3,0.55
1770,2583,3,like dragon yakuza,10.15,10.15,10.15,0.65,0.3,0.55
1770,2584,1,mafia,5.95,5.95,5.95,0.65,0.3,0.55
1770,2585,1,ratchet et clank,16.45,16.45,16.45,0.65,0.3,0.55
1770,2586,1,division,11.2,11.2,11.2,0.65,0.3,0.55
1770,2587,2,rocket league,5.95,5.95,5.95,0.65,0.3,0.55
1770,2588,1,spyro,10.15,10.15,10.15,0.65,0.3,0.55
1770,2589,1,dragon ballz,4.9,4.9,4.9,0.65,0.3,0.55
1770,2590,1,battlefront,8.05,8.05,8.05,0.65,0.3,0.55
1771,2591,3,,15.4,15.4,15.4,0.6,0.36,0.25
1771,2592,1,yesterday origins sous blister,12.25,12.25,12.25,0.6,0.36,0.25
1774,2595,2,ww ii ww2,9.625,8.05,11.2,0.65,0.3,0.55
1774,2596,5,,11.2,9.1,16.45,0.65,0.3,0.55
1774,2597,1,black ops,8.05,8.05,8.05,0.65,0.3,0.55
1774,2598,3,modern warfare,16.45,16.45,16.45,0.65,0.3,0.55
1774,2599,1,van guard,21.7,21.7,21.7,0.65,0.3,0.55
1775,2600,3,valhalla assassin edition limitee assassins,21.7,20.65,26.95,0.78,0.36,0.25
1775,2601,3,assasin odyssey,21.7,21.7,21.7,0.78,0.36,0.25
1775,2602,3,assasin origins,11.2,11.2,11.2,0.78,0.36,0.25
1778,2605,6,,11.2,11.2,11.2,0.6,0.36,0.25
1779,2606,9,ps5 rainbows rainbow six,11.2,8.05,11.2,0.78,0.36,0.25
1787,2614,5,,47.85,42.6,47.85,0.6,0.36,0.25
1789,2616,6,,20.65,20.65,20.65,0.6,0.36,0.25
1792,2619,7,sp4 ps4,53.2,26.95,53.2,0.7,0.3,0.55
1792,2620,2,,3.59,2.8,4.38,0.7,0.3,0.55
1795,2623,3,,9.1,9.1,9.1,0.6,0.36,0.25
1795,2624,1,league,8.05,8.05,8.05,0.6,0.36,0.25
1798,2627,5,,5.95,5.95,5.95,0.6,0.36,0.25
1804,2633,3,,16.45,16.45,16.45,0.6,0.36,0.25
1804,2634,1,thief end,9.1,9.1,9.1,0.6,0.36,0.25
1806,2636,31,ps4 lego,13.3,10.15,21.7,0.7,0.31,0.45
1806,2637,18,,8.05,4.9,14.35,0.7,0.31,0.45
1806,2638,3,assasin creed,8.05,8.05,8.05,0.7,0.31,0.45
1806,2639,8,,29.575000000000003,26.95,32.2,0.7,0.31,0.45
1806,2640,2,farcry,11.2,11.2,11.2,0.7,0.31,0.45
1806,2641,3,avec manettes buzz playstation,13.3,13.3,13.3,0.7,0.31,0.45
1806,2642,1,touch down,5.95,5.95,5.95,0.7,0.31,0.45
1806,2643,3,battlefield,5.95,5.95,5.95,0.7,0.31,0.45
1806,2644,1,playstation,7.89,7.89,7.89,0.7,0.31,0.45
1808,2646,6,,4.375,3.85,8.05,0.6,0.3,0.55
1808,2647,3,ps4 dragonball,9.1,8.05,9.1,0.6,0.3,0.55
1808,2648,4,,26.950000000000003,21.7,32.2,0.6,0.3,0.55
1808,2649,1,ps4 harry potter,8.05,8.05,8.05,0.6,0.3,0.55
1808,2650,1,star wars ps4,9.1,9.1,9.1,0.6,0.3,0.55
1808,2651,1,ps4,8.05,8.05,8.05,0.6,0.3,0.55
1818,2661,4,,3.85,3.85,3.85,0.6,0.36,0.25
1820,2663,5,,5.43,5.43,5.43,0.6,0.36,0.25
1824,2667,5,,6.48,6.48,6.48,0.6,0.36,0.25
1825,2668,5,,16.45,16.45,16.45,0.6,0.36,0.25
1826,2669,5,,14.88,14.88,14.88,0.6,0.36,0.25
1832,2675,5,,11.2,11.2,11.2,0.6,0.36,0.25
1835,2678,9,,21.7,11.2,21.7,0.65,0.3,0.55
1835,2679,2,avengers com steelbook,12.25,12.25,12.25,0.65,0.3,0.55
1835,2680,3,chimparty,5.95,5.95,5.95,0.65,0.3,0.55
1835,2681,3,spiderman,28.0,28.0,28.0,0.65,0.3,0.55
1849,2695,2,,21.7,21.7,21.7,0.6,0.3,0.55
1849,2696,1,fim de um ladrao para ps4,11.2,11.2,11.2,0.6,0.3,0.55
1849,2697,1,,9.63,9.63,9.63,0.6,0.3,0.55
1850,2698,4,,9.1,9.1,9.1,0.6,0.36,0.25
1861,2709,4,,21.7,21.7,21.7,0.6,0.36,0.25
1865,2713,5,,7.0,5.95,9.1,0.6,0.31,0.45
1869,2717,6,,13.3,13.3,16.45,0.6,0.33,0.35
1869,2718,2,pa4,16.45,16.45,16.45,0.6,0.33,0.35
1869,2719,1,disstdia,18.55,18.55,18.55,0.6,0.33,0.35
1881,2731,4,,9.89,5.95,21.7,0.65,0.36,0.25
1881,2732,2,driveclub,5.95,5.95,5.95,0.65,0.36,0.25
1881,2733,2,grid,13.3,13.3,13.3,0.65,0.36,0.25
1881,2734,1,batrlefield hardline,5.95,5.95,5.95,0.65,0.36,0.25
1884,2737,4,vr,19.075,16.45,21.7,0.7,0.33,0.35
1884,2738,4,,11.2,8.04,11.21,0.7,0.33,0.35
1884,2739,2,gran turismo,14.35,14.35,14.35,0.7,0.33,0.35
1884,2740,5,need for speed,16.45,16.45,16.45,0.7,0.33,0.35
1885,2741,5,,5.95,5.95,5.95,0.6,0.36,0.25
1886,2742,5,,11.2,11.2,11.2,0.6,0.36,0.25
1887,2743,6,portal knights,9.63,9.63,16.45,0.7,0.3,0.55
1887,2744,14,lego,21.7,15.4,25.85,0.7,0.3,0.55
1887,2745,2,rigs muy bueno,14.350000000000001,13.3,15.4,0.7,0.3,0.55
1887,2746,2,destiny muy bueno,12.25,11.2,13.3,0.7,0.3,0.55
1887,2747,5,wwe 2k20,7.53,7.53,7.53,0.7,0.3,0.55
1887,2748,2,battlefield muy bueno,14.350000000000001,13.3,15.4,0.7,0.3,0.55
1887,2749,1,uncharted,15.4,15.4,15.4,0.7,0.3,0.55
1887,2750,3,minecraft story mode,26.95,26.95,26.95,0.7,0.3,0.55
1887,2751,2,mafia lll muy bueno,15.4,15.4,15.4,0.7,0.3,0.55
1887,2752,1,resident evil,16.45,16.45,16.45,0.7,0.3,0.55
1887,2753,3,ufc3,17.5,17.5,17.5,0.7,0.3,0.55
1887,2754,2,,8.05,8.05,8.05,0.7,0.3,0.55
1887,2755,1,star trek,9.63,9.63,9.63,0.7,0.3,0.55
1889,2757,4,part ii nuevo,23.8,21.7,23.8,0.7,0.31,0.45
1889,2758,2,madison possessed edition espanol,29.04,29.04,29.04,0.7,0.31,0.45
1889,2759,3,,19.6,19.6,19.6,0.7,0.31,0.45
1903,2773,5,,16.45,16.45,16.45,0.6,0.36,0.25
1909,2779,5,,20.65,20.65,20.65,0.6,0.36,0.25
1910,2780,5,,37.45,37.45,37.45,0.6,0.36,0.25
1912,2782,4,,42.7,42.7,42.7,0.6,0.36,0.25
1912,2783,3,station,16.45,16.45,16.45,0.6,0.36,0.25
1915,2786,5,,11.2,3.85,11.2,0.6,0.3,0.55
1915,2787,6,,84.7,53.2,84.7,0.6,0.3,0.55
1915,2788,1,precintados precio por unidad,16.45,16.45,16.45,0.6,0.3,0.55
1915,2789,5,nuevos precintados,11.2,11.2,11.2,0.6,0.3,0.55
1915,2790,2,sin usar,42.7,42.7,42.7,0.6,0.3,0.55
1918,2793,4,,4.9,4.9,4.9,0.6,0.36,0.25
1919,2794,10,,47.95,47.95,47.95,0.6,0.36,0.25
1920,2795,4,neuf,13.29,13.29,13.29,0.65,0.33,0.35
1920,2796,4,,15.4,15.4,15.4,0.65,0.33,0.35
1922,2798,2,,8.84,6.48,11.2,0.7,0.3,0.55
1922,2799,3,playstation,16.45,16.45,16.45,0.7,0.3,0.55
1922,2800,2,deluxe edition,21.7,21.7,21.7,0.7,0.3,0.55
1922,2801,1,ps4,8.05,8.05,8.05,0.7,0.3,0.55
1923,2802,6,evolution,9.1,9.1,18.03,0.7,0.3,0.55
1923,2803,2,evolution,63.7,63.7,63.7,0.7,0.3,0.55
1923,2804,4,lego,13.3,13.3,13.3,0.7,0.3,0.55
1923,2805,1,evolution ps4,11.2,11.2,11.2,0.7,0.3,0.55
1924,2806,12,,5.95,4.9,10.15,0.65,0.31,0.45
1924,2807,11,ps4 sur neuf para,11.2,5.95,16.45,0.65,0.31,0.45
1925,2808,4,,18.54,18.54,18.54,0.6,0.36,0.25
1926,2809,4,,13.3,13.3,13.3,0.6,0.36,0.25
1927,2810,5,,13.3,13.3,13.3,0.6,0.36,0.25
1929,2812,5,,21.7,21.7,21.7,0.6,0.36,0.25
1933,2816,5,,11.2,5.95,11.2,0.7,0.3,0.55
1933,2817,2,ps4 versione italiana come nuovo,11.2,11.2,11.2,0.7,0.3,0.55
1933,2818,3,playstation hits neuve avec etiquettes,16.45,16.45,16.45,0.7,0.3,0.55
1933,2819,3,ps4,16.45,16.45,16.45,0.7,0.3,0.55
1934,2820,5,temporada parte,47.95,47.95,47.95,0.78,0.36,0.25
1934,2821,3,arco tren infinito,47.95,47.95,47.95,0.78,0.36,0.25
1935,2822,5,,11.2,11.2,11.2,0.6,0.36,0.25
1936,2823,4,,42.69,42.69,42.69,0.6,0.36,0.25
1936,2824,1,delivrance neuf fr,37.45,37.45,37.45,0.6,0.36,0.25
1938,2826,8,precintado,13.3,11.2,16.45,0.78,0.3,0.55
1938,2827,11,ps4 all in one nuovo sigillato package deluxe,30.0,26.94,47.95,0.78,0.3,0.55
1938,2828,3,melody of memory ps4 iii,21.7,21.7,32.2,0.78,0.3,0.55
1938,2829,7,hd remix ps4 neu playstation completo,16.45,14.35,21.7,0.78,0.3,0.55
1938,2830,16,ps4 jeux neuf,11.2,9.1,16.45,0.78,0.3,0.55
1938,2831,1,remasterise,5.95,5.95,5.95,0.78,0.3,0.55
1938,2832,1,melody of memory,12.25,12.25,12.25,0.78,0.3,0.55
1938,2833,1,iii slipcover slipcage ps4 juego,9.1,9.1,9.1,0.78,0.3,0.55
1941,2836,8,,16.44,16.44,16.44,0.6,0.36,0.25
1941,2837,1,ii king collector edition ps4,58.45,58.45,58.45,0.6,0.36,0.25
1944,2840,4,,11.2,11.2,11.2,0.6,0.36,0.25
1945,2841,4,,37.45,37.45,37.45,0.6,0.36,0.25
1954,2850,5,,19.6,19.6,19.6,0.6,0.36,0.25
1957,2853,4,,11.2,11.2,11.2,0.6,0.36,0.25
1959,2855,5,,11.2,11.2,11.2,0.6,0.36,0.25
1960,2856,3,,15.4,15.4,15.4,0.6,0.36,0.25
1960,2857,1,day one edition,7.53,7.53,7.53,0.6,0.36,0.25
1961,2858,4,,16.44,16.44,16.44,0.6,0.36,0.25
1964,2861,3,,8.05,8.05,13.3,0.7,0.31,0.45
1964,2862,5,playstation con manuale,6.99,5.74,6.99,0.7,0.31,0.45
1964,2863,1,ps4 game,5.95,5.95,5.95,0.7,0.31,0.45
1965,2864,9,ps4,5.95,5.95,8.05,0.7,0.3,0.55
1965,2865,1,ps4,11.2,11.2,11.2,0.7,0.3,0.55
1965,2866,4,,8.05,8.05,8.05,0.7,0.3,0.55
1965,2867,1,fur playstation,21.69,21.69,21.69,0.7,0.3,0.55
1972,2874,3,ps4 per,11.2,11.2,11.2,0.78,0.36,0.25
1972,2875,5,collection,11.2,11.2,11.2,0.78,0.36,0.25
1973,2876,5,ps4 for,11.2,5.95,11.2,0.6,0.3,0.55
1973,2877,11,,11.2,11.2,16.45,0.6,0.3,0.55
1973,2878,3,,3.85,3.85,4.9,0.6,0.3,0.55
1973,2879,1,park ps4 game,8.05,8.05,8.05,0.6,0.3,0.55
1976,2882,15,super heroes ps4 pour la console playstation superheros,8.05,5.95,10.15,0.78,0.31,0.45
1976,2883,9,ps4 avengers per,11.2,8.05,16.45,0.78,0.31,0.45
1976,2884,5,super heroes ps4,16.45,13.29,21.7,0.78,0.31,0.45
1977,2885,6,,16.45,16.45,32.2,0.6,0.36,0.25
1979,2887,5,the novo,10.15,10.15,10.15,0.7,0.36,0.25
1979,2888,3,,9.1,9.1,9.1,0.7,0.36,0.25
1981,2890,3,,21.7,21.7,21.7,0.6,0.36,0.25
1981,2891,1,game ps4,5.95,5.95,5.95,0.6,0.36,0.25
1982,2892,3,,32.2,14.35,32.2,0.6,0.33,0.35
1982,2893,1,ed micromania,37.45,37.45,37.45,0.6,0.33,0.35
1983,2894,7,the force awakens novo ps4,10.15,8.05,10.15,0.7,0.31,0.45
1983,2895,1,ps4,11.2,11.2,11.2,0.7,0.31,0.45
1983,2896,3,,23.8,13.3,23.8,0.7,0.31,0.45
1983,2897,1,the skywalker saga videogame ps4,16.45,16.45,16.45,0.7,0.31,0.45
1984,2898,12,ps4 el minecraft de per,13.3,11.2,16.45,0.7,0.33,0.35
1984,2899,8,,10.15,10.15,11.2,0.7,0.33,0.35
1984,2900,2,videogame ps4 game,5.95,5.95,5.95,0.7,0.33,0.35
1985,2901,5,,13.3,13.3,13.3,0.6,0.36,0.25
1985,2902,1,dry playstation,8.05,8.05,8.05,0.6,0.36,0.25
1989,2906,4,,31.15,31.15,31.15,0.6,0.36,0.25
1990,2907,4,,16.45,16.45,16.45,0.6,0.36,0.25
1992,2909,3,love hina,26.95,26.95,26.95,0.78,0.33,0.35
1992,2910,3,takamichi summer,32.2,32.2,32.2,0.78,0.33,0.35
1993,2911,4,,41.65,41.65,41.65,0.6,0.36,0.25
1995,2913,3,beforce,16.45,16.45,16.45,0.78,0.36,0.25
1995,2914,1,before limited edition,74.2,74.2,74.2,0.78,0.36,0.25
1995,2915,1,before playstation ps4 nuevo precintado,16.45,16.45,16.45,0.78,0.36,0.25
1995,2916,1,before,53.2,53.2,53.2,0.78,0.36,0.25
1995,2917,1,before slipcover slipcage ps4 juego,9.1,9.1,9.1,0.78,0.36,0.25
1996,2918,6,ps4 limited edition,18.55,18.55,37.45,0.78,0.33,0.35
1996,2919,7,nuovo combo nuovi,13.3,11.2,19.6,0.78,0.33,0.35
1996,2920,1,slipcover slipcage ps4 juego,9.1,9.1,9.1,0.78,0.33,0.35
1996,2921,2,,19.6,17.5,21.7,0.78,0.33,0.35
1996,2922,5,playstation ps4 nuevo precintado,16.45,16.45,16.45,0.78,0.33,0.35
1997,2923,3,,16.45,16.45,16.45,0.6,0.36,0.25
1997,2924,1,playstation nuevo precintado,16.45,16.45,16.45,0.6,0.36,0.25
1998,2925,5,,23.8,23.8,23.8,0.6,0.36,0.25
2003,2930,4,,25.9,17.5,25.9,0.6,0.36,0.25
2004,2931,13,,8.05,5.95,8.58,0.6,0.3,0.55
2004,2932,1,ps4,10.15,10.15,10.15,0.6,0.3,0.55
2004,2933,3,,13.3,13.3,13.3,0.6,0.3,0.55
2004,2934,1,sealed,11.19,11.19,11.19,0.6,0.3,0.55
2004,2935,1,playstation,16.45,16.45,16.45,0.6,0.3,0.55
2007,2938,8,edition spiral ps5 six ps4 neuf iii premium,141.4,104.65,199.15,0.7,0.3,0.55
2007,2939,5,,11.2,11.2,11.2,0.7,0.3,0.55
2007,2940,1,iii steelbook,37.45,37.45,37.45,0.7,0.3,0.55
2008,2941,7,,42.69,42.69,42.69,0.6,0.36,0.25
2011,2944,4,nijika,13.3,13.3,13.3,0.78,0.36,0.25
2011,2945,4,monstruo,13.3,13.3,13.3,0.78,0.36,0.25
2014,2948,6,,31.150000000000002,30.1,32.2,0.6,0.36,0.25
2022,2956,5,,1.75,1.75,1.75,0.6,0.36,0.25
2024,2958,8,bons,11.2,11.2,16.45,0.65,0.3,0.55
2024,2959,2,,47.95,26.95,68.95,0.65,0.3,0.55
2024,2960,3,nba 2k20 et 2k21,9.1,9.1,9.1,0.65,0.3,0.55
2024,2961,3,ps5 call of duty etat comme neuf,95.19,95.19,95.19,0.65,0.3,0.55
2025,2962,8,,11.2,7.0,16.45,0.6,0.36,0.25
2025,2963,1,jeux,16.45,16.45,16.45,0.6,0.36,0.25
2026,2964,4,,74.2,74.2,74.2,0.6,0.36,0.25
2026,2965,1,jeu,32.2,32.2,32.2,0.6,0.36,0.25
2033,2972,4,,42.7,42.7,42.7,0.6,0.36,0.25
2034,2973,5,,116.2,116.2,116.2,0.6,0.36,0.25
2039,2978,4,,21.7,21.7,21.7,0.6,0.36,0.25
2041,2980,2,scelles sous blister,168.7,63.7,273.7,0.7,0.3,0.55
2041,2981,4,,8.05,8.05,25.9,0.7,0.3,0.55
2041,2982,5,fifa,53.2,53.2,53.2,0.7,0.3,0.55
2041,2983,3,videos naruto,15.4,15.4,15.4,0.7,0.3,0.55
2041,2984,1,ps,26.95,26.95,26.95,0.7,0.3,0.55
2041,2985,1,nba2k,11.2,11.2,11.2,0.7,0.3,0.55
2041,2986,5,neufs sous blister,24.85,24.85,24.85,0.7,0.3,0.55
2042,2987,5,,89.95,89.95,89.95,0.6,0.36,0.25
2046,2991,4,,42.7,42.7,42.7,0.6,0.36,0.25
2049,2994,4,,13.83,13.3,13.83,0.65,0.33,0.35
2049,2995,4,precintados,53.2,53.2,53.2,0.65,0.33,0.35
2049,2996,1,en excelente estado,14.35,14.35,14.35,0.65,0.33,0.35
2050,2997,7,,126.7,53.2,126.7,0.6,0.36,0.25
2051,2998,5,,16.45,16.45,16.45,0.6,0.36,0.25
2053,3000,4,,21.7,21.7,21.7,0.6,0.36,0.25
2055,3002,5,,32.2,32.2,32.2,0.6,0.36,0.25
2059,3006,4,playstation pal ita ieggere la descrizione,37.45,14.25,37.45,0.65,0.3,0.55
2059,3007,5,,21.7,21.7,105.7,0.65,0.3,0.55
2059,3008,9,,1.75,1.75,3.85,0.65,0.3,0.55
2059,3009,3,one piece ps3 3ds,79.45,79.45,79.45,0.65,0.3,0.55
2059,3010,3,ps3 xbox tutti,5.95,5.95,5.95,0.65,0.3,0.55
2059,3011,1,playstation ps2 ps3 ottime condizioni,42.7,42.7,42.7,0.65,0.3,0.55
2059,3012,5,nuovi da collezione,137.2,137.2,137.2,0.65,0.3,0.55
2060,3013,4,,16.45,16.45,16.45,0.6,0.36,0.25
2061,3014,4,,11.2,9.1,11.2,0.6,0.36,0.25
2063,3016,5,,105.7,105.7,105.7,0.6,0.36,0.25
2064,3017,5,,53.2,53.2,53.2,0.6,0.36,0.25
2065,3018,5,,42.7,42.7,42.7,0.6,0.36,0.25
2067,3020,4,,32.2,32.2,32.2,0.6,0.36,0.25
2068,3021,6,pour,5.95,5.95,5.95,0.6,0.36,0.25
2070,3023,6,neuf,12.245,11.2,13.29,0.7,0.31,0.45
2070,3024,5,1ere edition blister fr,15.4,15.4,15.4,0.7,0.31,0.45
2070,3025,1,ottime condizioni completo,9.1,9.1,9.1,0.7,0.31,0.45
2072,3027,14,,5.95,4.9,32.2,0.6,0.36,0.25
2075,3030,5,,35.86,35.86,35.86,0.6,0.36,0.25
2080,3035,3,ps4 come nuovo,21.7,19.6,21.7,0.78,0.31,0.45
2080,3036,5,playstation,26.95,21.7,26.95,0.78,0.31,0.45
2080,3037,1,terra madre playstation ps5,58.45,58.45,58.45,0.78,0.31,0.45
2084,3041,4,medan,11.2,11.2,11.2,0.6,0.36,0.25
2086,3043,4,,21.69,21.69,21.69,0.6,0.36,0.25
2088,3045,5,,26.95,26.95,26.95,0.6,0.36,0.25
2090,3047,5,,18.55,17.5,37.45,0.6,0.36,0.25
2090,3048,1,nuevo fornite,16.45,16.45,16.45,0.6,0.36,0.25
2091,3049,4,,19.6,19.6,19.6,0.6,0.36,0.25
2093,3051,4,jeu sans fil,38.42,38.42,38.42,0.78,0.33,0.35
2093,3052,4,jeux,32.2,32.2,32.2,0.78,0.33,0.35
2095,3054,33,,19.59,16.45,24.85,0.6,0.36,0.25
2097,3056,23,neuf,21.69,11.2,79.45,0.7,0.36,0.25
2097,3057,24,etat neuf jamais utilise,21.7,19.59,21.7,0.7,0.36,0.25
2097,3058,1,sprit of gamer,21.7,21.7,21.7,0.7,0.36,0.25
2097,3059,3,ps5,42.7,42.7,42.7,0.7,0.36,0.25
2097,3060,4,neuve rouge,23.8,23.8,23.8,0.7,0.36,0.25
2103,3066,7,,21.7,8.05,21.7,0.65,0.36,0.25
2103,3067,8,ps4,11.2,5.95,11.2,0.65,0.36,0.25
2105,3069,5,,11.2,11.2,11.2,0.6,0.36,0.25
2106,3070,4,ps4 ps5 edicao portuguesa como novo,15.4,9.1,15.4,0.7,0.3,0.55
2106,3071,3,ps4 playstation come nuovo,23.7,23.7,25.9,0.7,0.3,0.55
2106,3072,1,,47.95,47.95,47.95,0.7,0.3,0.55
2106,3073,1,miles morales,18.03,18.03,18.03,0.7,0.3,0.55
2106,3074,2,,14.875,11.2,18.55,0.7,0.3,0.55
2106,3075,1,miles morales ps4 como nuevo,21.7,21.7,21.7,0.7,0.3,0.55
2109,3078,6,,12.25,11.19,13.3,0.6,0.33,0.35
2109,3079,3,pal ita come nuovo,19.6,19.6,19.6,0.6,0.33,0.35
2110,3080,5,,5.95,5.95,5.95,0.6,0.36,0.25
2115,3085,2,,74.2,74.2,74.2,0.7,0.36,0.25
2115,3086,1,trilogy ps4,37.45,37.45,37.45,0.7,0.36,0.25
2115,3087,1,legendaire,74.2,74.2,74.2,0.7,0.36,0.25
2115,3088,1,neuf sous blister,53.2,53.2,53.2,0.7,0.36,0.25
2117,3090,8,,14.34,14.34,14.34,0.6,0.36,0.25
2119,3092,4,,11.19,11.19,11.19,0.6,0.36,0.25
2123,3096,4,,37.35,21.7,37.35,0.65,0.3,0.55
2123,3097,2,game,16.45,16.45,16.45,0.65,0.3,0.55
2123,3098,1,nuevo,26.95,26.95,26.95,0.65,0.3,0.55
2123,3099,1,sigillato,16.45,16.45,16.45,0.65,0.3,0.55
2123,3100,2,,12.25,12.25,12.25,0.65,0.3,0.55
2123,3101,1,italiano,21.7,21.7,21.7,0.65,0.3,0.55
2128,3106,4,,168.7,168.7,168.7,0.6,0.36,0.25
2130,3108,6,,32.675,30.05,35.3,0.6,0.33,0.35
2132,3110,4,,294.7,294.7,294.7,0.6,0.36,0.25
2135,3113,6,ps4 definitive experience survive the para,22.195,14.35,22.74,0.7,0.3,0.55
2135,3114,6,collection ps4 master vol ps5 hd ps3 edition,42.7,42.7,209.65,0.7,0.3,0.55
2135,3115,8,iv,17.5,11.2,21.7,0.7,0.3,0.55
2135,3116,1,ground zeroes ps4,11.2,11.2,11.2,0.7,0.3,0.55
2135,3117,5,playstation,11.2,11.2,11.2,0.7,0.3,0.55
2136,3118,2,sealed nuovo,74.1,74.1,74.1,0.6,0.36,0.25
2136,3119,5,,32.2,32.2,32.2,0.6,0.36,0.25
2138,3121,3,,41.65,41.65,41.65,0.6,0.36,0.25
2138,3122,1,reborn ps5 nuovo sigillato,41.65,41.65,41.65,0.6,0.36,0.25
2139,3123,5,xx sur,53.2,53.2,63.7,0.65,0.33,0.35
2139,3124,2,blister fr,35.35,35.35,35.35,0.65,0.33,0.35
2139,3125,1,sony,38.5,38.5,38.5,0.65,0.33,0.35
2140,3126,3,ps4,8.05,8.05,8.05,0.65,0.31,0.45
2140,3127,3,,11.2,11.2,11.2,0.65,0.31,0.45
2149,3136,4,,21.7,16.45,21.7,0.6,0.3,0.55
2149,3137,3,,11.2,9.1,11.2,0.6,0.3,0.55
2150,3138,4,ps4 intatto,23.8,18.55,23.8,0.78,0.3,0.55
2150,3139,2,herd edition,16.45,16.45,16.45,0.78,0.3,0.55
2150,3140,3,ps4 hero edition,11.2,11.2,11.2,0.78,0.3,0.55
2153,3143,2,,17.5,13.3,21.7,0.7,0.3,0.55
2153,3144,4,deluxe edition,5.95,5.95,8.05,0.7,0.3,0.55
2153,3145,1,upgrade naar ps5 mogelijk,21.7,21.7,21.7,0.7,0.3,0.55
2153,3146,1,deluxe edition,16.45,16.45,16.45,0.7,0.3,0.55
2158,3151,18,,11.2,7.0,23.8,0.65,0.33,0.35
2158,3152,4,voucher con codice non utilizzato intatto funzionante scaduto,13.3,10.15,13.3,0.65,0.33,0.35
2158,3153,5,ps5,11.2,11.2,11.2,0.65,0.33,0.35
2158,3154,5,edition,11.2,11.2,11.2,0.65,0.33,0.35
2158,3155,5,come nuovo,13.29,13.29,13.29,0.65,0.33,0.35
2159,3156,3,season,105.7,105.7,105.7,0.7,0.3,0.55
2159,3157,3,,13.3,13.3,13.3,0.7,0.3,0.55
2159,3158,3,avventura completa gioco per ps4,40.08,40.08,40.08,0.7,0.3,0.55
2159,3159,1,ps4,5.95,5.95,5.95,0.7,0.3,0.55
2160,3160,14,iv lenna ninja galuf vi celes palom cecil,5.95,5.95,5.95,0.78,0.36,0.25
2160,3161,2,iv rosa,5.95,5.95,5.95,0.78,0.36,0.25
2160,3162,2,bartz,5.95,5.95,5.95,0.78,0.36,0.25
2160,3163,2,pig,5.95,5.95,5.95,0.78,0.36,0.25
2160,3164,2,mago blanco,5.95,5.95,5.95,0.78,0.36,0.25
2162,3166,2,gogo,5.95,5.95,5.95,0.78,0.36,0.25
2162,3167,2,gau,5.95,5.95,5.95,0.78,0.36,0.25
2162,3168,2,celes,5.95,5.95,5.95,0.78,0.36,0.25
2162,3169,2,cyan,5.95,5.95,5.95,0.78,0.36,0.25
2162,3170,2,maria,5.95,5.95,5.95,0.78,0.36,0.25
2162,3171,2,relm,5.95,5.95,5.95,0.78,0.36,0.25
2165,3174,4,,26.95,26.95,26.95,0.6,0.36,0.25
2165,3175,3,ps4 nuovo,8.05,8.05,8.05,0.6,0.36,0.25
2167,3177,3,3ps4,14.35,14.35,14.35,0.65,0.33,0.35
2167,3178,3,,11.2,11.2,11.2,0.65,0.33,0.35
2168,3179,5,,21.7,21.7,21.7,0.6,0.36,0.25
2171,3182,5,,8.04,8.04,8.04,0.6,0.36,0.25
2173,3184,8,ps4 playstation ps5 capcom,11.2,7.0,21.7,0.7,0.31,0.45
2173,3185,3,,5.95,5.95,11.2,0.7,0.31,0.45
2173,3186,2,stories nintendo 3ds,26.95,26.95,26.95,0.7,0.31,0.45
2173,3187,1,iceborne,8.05,8.05,8.05,0.7,0.31,0.45
2173,3188,1,ps4 nuovo senza sigillo disco mai usato,13.3,13.3,13.3,0.7,0.31,0.45
2175,3190,5,,5.95,5.95,5.95,0.6,0.36,0.25
2176,3191,6,,16.45,11.2,16.45,0.6,0.36,0.25
2180,3195,5,ps4,14.35,14.35,14.35,0.65,0.36,0.25
2180,3196,4,,8.05,8.05,8.05,0.65,0.36,0.25
2182,3198,2,special edition,26.95,26.95,26.95,0.78,0.3,0.55
2182,3199,5,collector,152.95,152.95,152.95,0.78,0.3,0.55
2182,3200,4,xl,7.0,7.0,7.0,0.78,0.3,0.55
2182,3201,1,ps4,5.95,5.95,5.95,0.78,0.3,0.55
2184,3203,5,,4.9,4.9,5.95,0.6,0.36,0.25
2185,3204,5,,126.7,126.7,126.7,0.6,0.36,0.25
2185,3205,1,nuevo,105.7,105.7,105.7,0.6,0.36,0.25
2190,3210,4,,5.95,5.95,5.95,0.6,0.36,0.25
2193,3213,5,,16.45,16.45,16.45,0.6,0.36,0.25
2194,3214,4,,10.15,10.15,10.15,0.6,0.36,0.25
2195,3215,5,,16.45,16.45,16.45,0.6,0.36,0.25
2203,3223,4,ps4 gioco,5.95,5.95,9.1,0.7,0.3,0.55
2203,3224,3,gioco ps4,18.55,18.55,18.55,0.7,0.3,0.55
2203,3225,4,,11.2,11.2,16.45,0.7,0.3,0.55
2203,3226,1,playstation,21.7,21.7,21.7,0.7,0.3,0.55
2204,3227,4,,19.6,19.6,19.6,0.6,0.36,0.25
2206,3229,4,,36.91,36.91,36.91,0.6,0.36,0.25
2207,3230,4,,16.45,11.2,16.45,0.6,0.36,0.25
2208,3231,4,,35.3,35.3,35.3,0.6,0.36,0.25
2209,3232,2,ninja,8.315000000000001,8.05,8.58,0.78,0.36,0.25
2209,3233,5,et ps5,11.2,11.2,11.2,0.78,0.36,0.25
2209,3234,2,ninja ottime condizioni,16.45,16.45,16.45,0.78,0.36,0.25
2211,3236,5,,8.05,8.05,8.05,0.6,0.36,0.25
2212,3237,5,,16.45,16.45,16.45,0.6,0.36,0.25
2219,3244,4,,5.95,5.95,5.95,0.6,0.36,0.25
2220,3245,7,,5.95,3.85,11.2,0.7,0.31,0.45
2220,3246,7,legend edition playstation,15.4,15.4,15.4,0.7,0.31,0.45
2220,3247,3,ps,13.3,13.3,13.3,0.7,0.31,0.45
2220,3248,1,ps4,5.95,5.95,5.95,0.7,0.31,0.45
2221,3249,7,,3.84,3.84,5.95,0.6,0.36,0.25
2222,3250,12,ps4 sur new,5.945,5.94,10.15,0.7,0.31,0.45
2222,3251,3,,4.9,4.9,4.9,0.7,0.31,0.45
2222,3252,3,,11.2,11.2,11.2,0.7,0.31,0.45
2224,3254,4,ps4 edizione luka doncic,15.4,15.4,15.4,0.65,0.3,0.55
2224,3255,4,,3.85,3.85,3.85,0.65,0.3,0.55
2225,3256,6,,21.7,13.3,21.7,0.6,0.33,0.35
2225,3257,3,ps4,16.45,16.45,16.45,0.6,0.33,0.35
2225,3258,1,,4.9,4.9,4.9,0.6,0.33,0.35
2226,3259,3,etat neuf,16.45,16.45,16.98,0.7,0.36,0.25
2226,3260,4,ps4,4.9,4.9,8.05,0.7,0.36,0.25
2226,3261,5,edition kobe bryant,16.45,16.45,16.45,0.7,0.36,0.25
2227,3262,6,,15.925,12.25,19.6,0.6,0.31,0.45
2227,3263,2,ps4,15.399999999999999,14.35,16.45,0.6,0.31,0.45
2227,3264,1,ps4,26.95,26.95,26.95,0.6,0.31,0.45
2228,3265,5,ps4 sin abrir,32.2,30.09,37.45,0.65,0.31,0.45
2228,3266,5,,23.8,23.8,23.8,0.65,0.31,0.45
2228,3267,1,ps4,19.6,19.6,19.6,0.65,0.31,0.45
2234,3273,5,,11.2,11.2,11.2,0.6,0.36,0.25
2235,3274,4,,4.38,4.38,4.38,0.6,0.36,0.25
2236,3275,24,,10.149999999999999,5.95,21.7,0.6,0.3,0.55
2236,3276,9,rivals ps4,5.95,3.85,5.95,0.6,0.3,0.55
2236,3277,1,rivals playstation pal ita completo,10.05,10.05,10.05,0.6,0.3,0.55
2236,3278,1,hot pursuit,10.15,10.15,10.15,0.6,0.3,0.55
2236,3279,1,rivals ps4 ps5,11.2,11.2,11.2,0.6,0.3,0.55
2236,3280,1,hot pursuit remastered,17.5,17.5,17.5,0.6,0.3,0.55
2236,3281,1,rivals,11.2,11.2,11.2,0.6,0.3,0.55
2237,3282,3,ps4,8.05,8.05,11.2,0.6,0.3,0.55
2237,3283,3,,4.9,4.38,4.9,0.6,0.3,0.55
2237,3284,1,,11.2,11.2,11.2,0.6,0.3,0.55
2238,3285,10,ps4 ps5 tres bon etat complet,10.675,10.15,16.35,0.7,0.33,0.35
2238,3286,1,steelbook,26.95,26.95,26.95,0.7,0.33,0.35
2238,3287,6,,11.2,11.2,11.2,0.7,0.33,0.35
2242,3291,5,,44.8,44.8,44.8,0.6,0.36,0.25
2244,3293,4,,37.45,37.45,37.45,0.6,0.36,0.25
2245,3294,5,,63.7,63.7,63.7,0.6,0.36,0.25
2248,3297,3,,30.1,30.1,30.1,0.65,0.36,0.25
2248,3298,3,spiel,32.2,32.2,32.2,0.65,0.36,0.25
2249,3299,5,,32.2,32.2,32.2,0.6,0.36,0.25
2250,3300,4,,20.65,20.65,20.65,0.6,0.36,0.25
2252,3302,4,,19.6,19.6,19.6,0.6,0.36,0.25
2253,3303,4,,26.95,26.95,26.95,0.6,0.36,0.25
2254,3304,4,,26.95,26.95,26.95,0.6,0.36,0.25
2256,3306,4,,37.4,37.4,37.4,0.6,0.36,0.25
2257,3307,4,,47.95,47.95,47.95,0.6,0.36,0.25
2260,3310,5,,21.7,21.7,21.7,0.6,0.36,0.25
2263,3313,4,,38.5,38.5,38.5,0.6,0.36,0.25
2266,3316,5,ps4,5.95,5.95,11.2,0.78,0.36,0.25
2266,3317,5,edition deluxe playstation,11.2,11.2,11.2,0.78,0.36,0.25
2268,3319,11,,14.34,14.34,14.34,0.6,0.36,0.25
2270,3321,2,,16.98,16.98,16.98,0.6,0.31,0.45
2270,3322,1,ps4,9.63,9.63,9.63,0.6,0.31,0.45
2270,3323,2,,8.05,8.05,8.05,0.6,0.31,0.45
2271,3324,7,ii,12.25,12.25,16.45,0.6,0.33,0.35
2271,3325,1,,42.7,42.7,42.7,0.6,0.33,0.35
2271,3326,3,neuf sous blister,13.3,13.3,13.3,0.6,0.33,0.35
2272,3327,3,,125.65,125.65,125.65,0.6,0.36,0.25
2272,3328,1,la maledizione della regina bianca remastered,23.28,23.28,23.28,0.6,0.36,0.25
2275,3331,4,,116.2,116.2,116.2,0.6,0.36,0.25
2275,3332,3,ii ninokuni king,151.9,151.9,151.9,0.6,0.36,0.25
2278,3335,12,playstation neuf new nuevo sous blister sur,26.94,26.94,32.2,0.7,0.31,0.45
2278,3336,7,,20.65,13.3,20.65,0.7,0.31,0.45
2278,3337,3,game of the year edition,19.6,19.6,19.6,0.7,0.31,0.45
2278,3338,3,edition game of the year,53.19,53.19,53.19,0.7,0.31,0.45
2278,3339,1,yorha edition,26.95,26.95,26.95,0.7,0.31,0.45
2279,3340,7,scelle sur,16.45,16.45,21.7,0.7,0.33,0.35
2279,3341,3,nuovo,23.93,23.93,23.93,0.7,0.33,0.35
2279,3342,2,neuf fr,42.7,42.7,42.7,0.7,0.33,0.35
2279,3343,1,goty sous blister,21.7,21.7,21.7,0.7,0.33,0.35
2289,3353,5,ps4 neuf,19.6,19.6,21.7,0.65,0.33,0.35
2289,3354,4,,8.05,8.05,8.05,0.65,0.33,0.35
2290,3355,5,,18.5,18.5,18.5,0.6,0.36,0.25
2291,3356,11,neuf,13.3,11.19,21.7,0.7,0.33,0.35
2291,3357,2,come nuovo new,12.77,11.19,14.35,0.7,0.33,0.35
2293,3359,4,,52.15,52.15,52.15,0.6,0.36,0.25
2295,3361,5,,13.3,13.3,15.4,0.6,0.36,0.25
2295,3362,1,beyond,21.7,21.7,21.7,0.6,0.36,0.25
2296,3363,4,,23.799999999999997,20.65,26.95,0.6,0.33,0.35
2297,3364,2,ps4 neuf edition allemande,7.0,7.0,7.0,0.6,0.36,0.25
2297,3365,4,,11.2,11.2,11.2,0.6,0.36,0.25
2301,3369,5,,26.95,26.95,26.95,0.6,0.36,0.25
2302,3370,4,,42.69,42.69,42.69,0.6,0.36,0.25
2304,3372,5,,26.94,26.94,26.94,0.6,0.36,0.25
2304,3373,1,biohazard gold edition,24.84,24.84,24.84,0.6,0.36,0.25
2304,3374,3,revelations,24.84,24.84,24.84,0.6,0.36,0.25
2309,3379,5,siege advanced edition,8.05,5.95,8.05,0.78,0.36,0.25
2309,3380,5,extraction,5.95,5.95,5.95,0.78,0.36,0.25
2311,3382,6,,24.33,23.8,24.33,0.6,0.36,0.25
2312,3383,5,precintado pal espana edicion,68.95,47.95,68.95,0.78,0.36,0.25
2312,3384,6,edition collector,32.2,32.2,32.2,0.78,0.36,0.25
2313,3385,3,leifthrasir,31.15,31.15,53.2,0.78,0.36,0.25
2313,3386,5,collector,105.7,105.7,105.7,0.78,0.36,0.25
2315,3388,4,,23.8,23.8,23.8,0.6,0.36,0.25
2319,3392,4,,11.2,11.2,11.2,0.6,0.36,0.25
2321,3394,4,,11.19,11.19,11.19,0.6,0.36,0.25
2324,3397,3,neuf,16.45,16.45,16.45,0.65,0.31,0.45
2324,3398,3,,11.2,11.2,11.2,0.65,0.31,0.45
2325,3399,5,,21.7,19.6,21.7,0.6,0.36,0.25
2326,3400,4,,16.45,13.3,16.45,0.6,0.3,0.55
2326,3401,4,,26.95,26.95,26.95,0.6,0.3,0.55
2327,3402,5,,18.55,18.55,18.55,0.6,0.36,0.25
2330,3405,3,,42.69,42.69,42.69,0.6,0.36,0.25
2330,3406,1,multi5,47.95,47.95,47.95,0.6,0.36,0.25
2333,3409,5,,13.3,13.3,13.3,0.6,0.36,0.25
2336,3412,4,,73.05,73.05,73.05,0.6,0.36,0.25
2338,3414,2,playstation neuf,32.2,32.2,32.2,0.6,0.3,0.55
2338,3415,3,,12.25,12.25,12.25,0.6,0.3,0.55
2338,3416,1,,37.45,37.45,37.45,0.6,0.3,0.55
2341,3419,3,,5.95,3.85,5.95,0.6,0.3,0.55
2341,3420,3,,16.45,16.45,16.45,0.6,0.3,0.55
2342,3421,3,,11.2,11.2,11.2,0.6,0.36,0.25
2342,3422,1,new,11.19,11.19,11.19,0.6,0.36,0.25
2346,3426,4,,21.7,21.7,21.7,0.6,0.36,0.25
2348,3428,10,,7.0,7.0,7.0,0.6,0.36,0.25
2349,3429,4,,15.4,15.4,15.4,0.6,0.36,0.25
2349,3430,1,juegos,9.1,9.1,9.1,0.6,0.36,0.25
2352,3433,6,,32.2,32.2,32.2,0.6,0.36,0.25
2352,3434,1,excelente estado,32.2,32.2,32.2,0.6,0.36,0.25
2353,3435,3,pley,47.95,47.95,63.7,0.6,0.3,0.55
2353,3436,2,werewolf titulos,50.04,50.04,50.04,0.6,0.3,0.55
2353,3437,4,,28.0,23.8,32.2,0.6,0.3,0.55
2357,3441,5,,524.65,524.65,524.65,0.6,0.36,0.25
2359,3443,5,,58.45,58.45,63.7,0.6,0.36,0.25
2360,3444,5,,2.8,2.8,2.8,0.6,0.36,0.25
2361,3445,5,,2.8,2.8,2.8,0.6,0.36,0.25
2362,3446,4,,26.95,26.95,26.95,0.6,0.36,0.25
2363,3447,5,,79.45,79.45,79.45,0.6,0.36,0.25
2370,3454,5,,5.95,5.95,11.2,0.6,0.36,0.25
2373,3457,4,,5.95,5.95,5.95,0.6,0.36,0.25
2379,3463,5,,263.2,263.2,263.2,0.6,0.36,0.25
2381,3465,5,,11.2,11.2,16.45,0.6,0.36,0.25
2384,3468,6,neuf,16.45,13.3,16.45,0.7,0.33,0.35
2384,3469,3,p5t,15.4,15.4,15.4,0.7,0.33,0.35
2384,3470,4,,37.45,37.45,37.45,0.7,0.33,0.35
2386,3472,4,,13.3,13.3,13.3,0.6,0.36,0.25
2389,3475,5,,7.0,7.0,7.0,0.6,0.36,0.25
2399,3485,3,garden warfare,11.2,4.9,11.2,0.7,0.3,0.55
2399,3486,3,gw2 ps4 spiel,5.95,5.95,7.0,0.7,0.3,0.55
2399,3487,5,gw2,26.95,17.5,26.95,0.7,0.3,0.55
2399,3488,5,zombie,5.95,5.95,5.95,0.7,0.3,0.55
2399,3489,4,,13.3,13.3,13.3,0.7,0.3,0.55
2399,3490,3,garden warfare battle for neighborville bundle ps4,26.95,26.95,26.95,0.7,0.3,0.55
2399,3491,1,per ps,5.95,5.95,5.95,0.7,0.3,0.55
2401,3493,6,,11.2,11.2,11.2,0.6,0.36,0.25
2402,3494,9,pour,21.7,19.6,21.7,0.7,0.36,0.25
2405,3497,3,,7.0,4.9,7.0,0.6,0.33,0.35
2405,3498,1,jeu ps4,5.95,5.95,5.95,0.6,0.33,0.35
2407,3500,6,,32.2,32.2,263.2,0.6,0.3,0.55
2407,3501,20,,4.9,3.85,8.05,0.6,0.3,0.55
2412,3506,4,,32.2,32.2,32.2,0.6,0.36,0.25
2413,3507,4,,11.2,11.2,11.2,0.6,0.36,0.25
2418,3512,4,,11.2,11.2,11.2,0.6,0.36,0.25
2419,3513,5,,9.1,9.1,9.1,0.6,0.36,0.25
2427,3521,4,,210.7,210.7,210.7,0.6,0.36,0.25
2428,3522,4,,4.38,4.38,4.38,0.6,0.36,0.25
2429,3523,3,spiel dead island definitive edition neu und in,16.45,16.45,16.45,0.78,0.3,0.55
2429,3524,3,games,30.63,30.63,30.63,0.78,0.3,0.55
2429,3525,1,spiel lego jurassic world,16.45,16.45,16.45,0.78,0.3,0.55
2429,3526,1,gioco,105.69,105.69,105.69,0.78,0.3,0.55
2430,3527,4,,126.7,126.7,137.2,0.6,0.36,0.25
2432,3529,2,wissen ist macht ovp,21.7,21.7,21.7,0.6,0.3,0.55
2432,3530,5,,3.85,3.85,3.85,0.6,0.3,0.55
2432,3531,6,,11.2,11.2,11.2,0.6,0.3,0.55
2432,3532,1,on the road,8.05,8.05,8.05,0.6,0.3,0.55
2432,3533,1,little bit planet,21.7,21.7,21.7,0.6,0.3,0.55
2432,3534,1,jump force wie neu kaum gespielt,11.2,11.2,11.2,0.6,0.3,0.55
2435,3537,7,,11.2,11.2,16.45,0.6,0.36,0.25
2438,3540,8,,6.99,6.99,7.51,0.6,0.36,0.25
2452,3554,5,,18.54,18.54,18.54,0.6,0.36,0.25
2454,3556,4,,20.65,20.65,20.65,0.6,0.36,0.25
2455,3557,9,,19.6,11.2,19.6,0.6,0.33,0.35
2455,3558,4,the lost crown,21.7,21.7,21.7,0.6,0.33,0.35
2457,3560,5,,10.15,10.15,10.15,0.6,0.36,0.25
2460,3563,10,,5.95,4.9,11.2,0.6,0.36,0.25
2460,3564,1,steelbook,16.45,16.45,16.45,0.6,0.36,0.25
2462,3566,4,,31.15,31.15,31.15,0.6,0.36,0.25
2477,3581,5,,13.3,13.3,13.3,0.6,0.36,0.25
2483,3587,3,infinite warfare neu original verschwei,23.8,23.8,23.8,0.78,0.31,0.45
2483,3588,3,modern warfare fr,13.3,13.3,13.3,0.78,0.31,0.45
2483,3589,5,ww2,11.2,11.2,11.2,0.78,0.31,0.45
2483,3590,4,vanguard,13.3,13.3,13.3,0.78,0.31,0.45
2483,3591,1,,5.95,5.95,5.95,0.78,0.31,0.45
2483,3592,1,black ops,5.95,5.95,5.95,0.78,0.31,0.45
2484,3593,5,,11.2,11.2,11.2,0.6,0.36,0.25
2489,3598,4,,11.15,11.15,11.15,0.6,0.36,0.25
2491,3600,3,,4.9,4.9,4.9,0.65,0.31,0.45
2491,3601,3,edition legendaire,6.9,6.9,6.9,0.65,0.31,0.45
2492,3602,3,quest heroes,14.25,14.25,14.25,0.78,0.36,0.25
2492,3603,1,ball the breakers special edition neuf,21.7,21.7,21.7,0.78,0.36,0.25
2492,3604,1,ball the breakers,11.2,11.2,11.2,0.78,0.36,0.25
2497,3609,4,,21.7,21.7,21.7,0.6,0.36,0.25
2500,3612,5,hd remaster,16.4,16.4,16.4,0.78,0.36,0.25
2500,3613,3,xv special edition,11.2,11.2,11.2,0.78,0.36,0.25
2500,3614,5,remake,16.45,16.45,16.45,0.78,0.36,0.25
2502,3616,4,,5.95,5.95,5.95,0.6,0.36,0.25
2503,3617,15,skyrim vr,11.2,9.1,20.64,0.65,0.3,0.55
2503,3618,4,ghost recon breakpoint,5.95,5.95,5.95,0.65,0.3,0.55
2503,3619,4,shadow of mordor,11.2,11.2,11.2,0.65,0.3,0.55
2503,3620,4,,5.95,5.95,5.95,0.65,0.3,0.55
2503,3621,3,just cause,9.1,9.1,9.1,0.65,0.3,0.55
2503,3622,2,call of duty,9.1,9.1,9.1,0.65,0.3,0.55
2503,3623,4,little big planet,7.0,7.0,7.0,0.65,0.3,0.55
2503,3624,3,farcry4,9.1,9.1,9.1,0.65,0.3,0.55
2503,3625,1,farcry primal,13.3,13.3,13.3,0.65,0.3,0.55
2504,3626,13,,1.75,1.75,5.95,0.6,0.3,0.55
2504,3627,7,,53.2,32.2,95.2,0.6,0.3,0.55
2506,3629,4,,19.6,19.6,19.6,0.6,0.36,0.25
2511,3634,2,sport,10.149999999999999,9.1,11.2,0.6,0.36,0.25
2511,3635,5,,13.3,13.3,13.3,0.6,0.36,0.25
2512,3636,5,,21.65,21.65,21.65,0.6,0.36,0.25
2514,3638,3,preminum selados,53.2,53.2,53.2,0.78,0.31,0.45
2514,3639,4,the definitive edition,16.45,16.45,16.45,0.78,0.31,0.45
2514,3640,1,premium edition,11.2,11.2,11.2,0.78,0.31,0.45
2524,3650,4,marvel,7.0,7.0,7.0,0.65,0.3,0.55
2524,3651,4,,11.2,11.2,11.2,0.65,0.3,0.55
2527,3654,5,,16.45,16.45,16.45,0.6,0.36,0.25
2531,3658,4,,5.95,5.95,5.95,0.6,0.36,0.25
2533,3660,4,,15.4,15.4,15.4,0.6,0.36,0.25
2537,3664,4,,8.05,8.05,8.05,0.6,0.36,0.25
2538,3665,5,,29.58,29.58,29.58,0.6,0.36,0.25
2544,3671,5,,26.79,26.79,26.79,0.6,0.36,0.25
2547,3674,5,,32.15,32.15,32.15,0.6,0.36,0.25
2549,3676,5,,21.7,21.7,21.7,0.6,0.36,0.25
2550,3677,5,,23.8,23.8,23.8,0.6,0.36,0.25
2551,3678,4,,26.95,26.95,26.95,0.6,0.36,0.25
2554,3681,3,,16.45,16.45,16.45,0.6,0.36,0.25
2554,3682,1,jogos novos preco individual,42.7,42.7,42.7,0.6,0.36,0.25
2554,3683,1,psvita spiele,9.1,9.1,9.1,0.6,0.36,0.25
2559,3688,10,spiel neu,11.2,11.2,11.2,0.65,0.36,0.25
2562,3691,5,,8.05,8.05,8.05,0.6,0.36,0.25
2564,3693,8,,11.15,11.15,19.6,0.6,0.36,0.25
2574,3703,5,,5.95,5.95,5.95,0.6,0.36,0.25
2574,3704,1,the witcher,11.2,11.2,11.2,0.6,0.36,0.25
2576,3706,8,elex,8.05,5.95,8.05,0.7,0.33,0.35
2576,3707,2,,21.7,21.7,21.7,0.7,0.33,0.35
2576,3708,3,the last of us,13.3,13.3,13.3,0.7,0.33,0.35
2576,3709,1,w2k15,7.0,7.0,7.0,0.7,0.33,0.35
2576,3710,1,wer weiss denn sowas,9.1,9.1,9.1,0.7,0.33,0.35
2577,3711,17,,21.7,5.95,32.2,0.6,0.3,0.55
2577,3712,7,,84.7,47.95,158.2,0.6,0.3,0.55
2577,3713,2,jeglicher art,16.975,12.25,21.7,0.6,0.3,0.55
2577,3714,5,top zustand,11.2,11.2,11.2,0.6,0.3,0.55
2577,3715,2,ungeoffnet neu,37.45,37.45,37.45,0.6,0.3,0.55
2577,3716,1,playstation vr,32.19,32.19,32.19,0.6,0.3,0.55
2577,3717,2,dracon ball,9.63,9.63,9.63,0.6,0.3,0.55
2577,3718,1,the last of us,26.95,26.95,26.95,0.6,0.3,0.55
2582,3723,5,,42.7,42.7,42.7,0.6,0.36,0.25
2585,3726,4,,16.45,16.45,16.45,0.6,0.36,0.25
2586,3727,4,,13.3,13.3,15.4,0.6,0.36,0.25
2593,3734,4,,8.05,8.05,9.63,0.6,0.36,0.25
2593,3735,1,jogo em portugues,15.4,15.4,15.4,0.6,0.36,0.25
2597,3739,6,,15.4,15.4,15.4,0.6,0.36,0.25
2601,3743,5,,16.45,16.45,16.45,0.6,0.36,0.25
2603,3745,5,,14.34,14.34,16.44,0.6,0.36,0.25
2608,3750,4,,21.7,21.7,21.7,0.6,0.36,0.25
2609,3751,10,,21.69,18.45,21.69,0.6,0.36,0.25
2613,3755,4,,11.2,11.2,11.2,0.6,0.36,0.25
2614,3756,4,,11.2,11.2,11.2,0.6,0.36,0.25
2617,3759,1,action explosive en monde ouvert etat impeccable,9.1,9.1,9.1,0.7,0.3,0.55
2617,3760,1,,4.9,4.9,4.9,0.7,0.3,0.55
2617,3761,1,new,11.19,11.19,11.19,0.7,0.3,0.55
2617,3762,1,promodisc,7.0,7.0,7.0,0.7,0.3,0.55
2619,3764,4,,25.9,25.9,25.9,0.6,0.36,0.25
2621,3766,4,,4.9,4.9,4.9,0.6,0.36,0.25
2622,3767,5,,13.3,13.3,13.3,0.6,0.36,0.25
2625,3770,2,ps4,9.89,8.58,11.2,0.6,0.36,0.25
2625,3771,9,,7.0,6.9,7.95,0.6,0.36,0.25
2627,3773,4,,8.05,8.05,8.05,0.6,0.36,0.25
2628,3774,2,ps4,4.37,2.8,5.94,0.6,0.36,0.25
2628,3775,5,,11.2,10.15,11.2,0.6,0.36,0.25
2629,3776,12,ps4 per ps pal ita advanced edition para,6.215,3.85,11.2,0.65,0.3,0.55
2629,3777,10,,11.2,8.05,21.7,0.65,0.3,0.55
2629,3778,4,ps4 prezzo trattabile,21.69,21.69,21.69,0.65,0.3,0.55
2629,3779,6,,4.38,4.38,4.9,0.65,0.3,0.55
2632,3782,4,,11.15,11.15,11.15,0.6,0.36,0.25
2633,3783,5,,8.05,8.05,8.05,0.6,0.36,0.25
2635,3785,2,ps5 altri giochi nel mio armadio,4.895,4.89,4.9,0.78,0.36,0.25
2635,3786,3,collector metal,16.45,16.45,16.45,0.78,0.36,0.25
2640,3791,5,,13.3,13.3,13.3,0.6,0.36,0.25
2641,3792,4,,100.45,100.45,100.45,0.6,0.36,0.25
2643,3794,7,ps4 all one ps3,13.3,13.3,24.84,0.7,0.3,0.55
2643,3795,2,,5.95,5.95,5.95,0.7,0.3,0.55
2643,3796,4,playstation,4.9,4.9,4.9,0.7,0.3,0.55
2645,3798,8,para,7.790000000000001,4.38,8.05,0.6,0.3,0.55
2645,3799,2,ita playstation originale come nuovo,11.2,11.2,11.2,0.6,0.3,0.55
2645,3800,7,,21.7,16.45,21.7,0.6,0.3,0.55
2645,3801,1,mai utilizzato,11.2,11.2,11.2,0.6,0.3,0.55
2645,3802,1,game,9.1,9.1,9.1,0.6,0.3,0.55
2645,3803,1,new,16.44,16.44,16.44,0.6,0.3,0.55
2645,3804,1,fur die,5.95,5.95,5.95,0.6,0.3,0.55
2647,3806,4,,15.4,15.4,15.4,0.6,0.36,0.25
2650,3809,4,,9.1,7.0,11.2,0.6,0.3,0.55
2650,3810,1,,26.95,26.95,26.95,0.6,0.3,0.55
2651,3811,4,,53.2,53.2,53.2,0.6,0.36,0.25
2655,3815,14,edition special ultimate,37.45,37.45,58.44,0.7,0.36,0.25
2655,3816,5,,11.2,11.2,13.3,0.7,0.36,0.25
2655,3817,1,ps4,37.44,37.44,37.44,0.7,0.36,0.25
2655,3818,2,solo play disc,11.2,11.2,11.2,0.7,0.36,0.25
2657,3820,5,,5.95,5.95,5.95,0.6,0.36,0.25
2659,3822,7,playstation sigillato precintado,32.2,19.6,32.2,0.7,0.3,0.55
2659,3823,27,ps4 ii redempion ps5,16.45,8.05,21.7,0.7,0.3,0.55
2659,3824,42,ii ll,14.35,11.2,21.7,0.7,0.3,0.55
2659,3825,3,special edition,32.2,32.2,32.2,0.7,0.3,0.55
2659,3826,5,redemptions redemtion,17.5,13.3,22.75,0.7,0.3,0.55
2659,3827,8,ps4 mappa edizione completa dischi per con,26.95,16.45,26.95,0.7,0.3,0.55
2659,3828,2,redetemption ii redeption,13.719999999999999,12.04,15.4,0.7,0.3,0.55
2659,3829,1,sigillato,32.2,32.2,32.2,0.7,0.3,0.55
2659,3830,2,remastered,21.7,21.7,21.7,0.7,0.3,0.55
2659,3831,18,,28.0,26.95,53.2,0.7,0.3,0.55
2659,3832,5,ps4 nuovo,32.2,26.95,42.7,0.7,0.3,0.55
2659,3833,1,collector box neuve sous blister,663.0,663.0,663.0,0.7,0.3,0.55
2659,3834,3,neuf sous blister,32.2,32.2,32.2,0.7,0.3,0.55
2662,3837,4,guerrilla ps4,11.2,11.2,11.2,0.78,0.36,0.25
2662,3838,2,guerilla,18.03,18.03,18.03,0.78,0.36,0.25
2666,3842,5,,11.2,11.2,11.2,0.6,0.36,0.25
2671,3847,4,,26.95,26.95,26.95,0.6,0.36,0.25
2672,3848,25,ps4 playstation nuovo sous blister origins ps5,17.5,11.2,26.95,0.78,0.3,0.55
2672,3849,13,ps4 revelations blister fr edition ps5 steelbook requiem,89.95,42.69,137.2,0.78,0.3,0.55
2672,3850,22,vii,16.45,5.95,21.7,0.78,0.3,0.55
2672,3851,2,origins collection,33.775000000000006,24.85,42.7,0.78,0.3,0.55
2672,3852,5,remake ps5 ps4 playstation,23.8,16.45,28.95,0.78,0.3,0.55
2672,3853,6,biohazard ps4 vii,10.15,8.05,16.45,0.78,0.3,0.55
2672,3854,5,ps2 code veronica completo pal,15.39,15.39,17.5,0.78,0.3,0.55
2672,3855,6,biohazard ps4 ps5 gold edition,21.7,21.7,26.95,0.78,0.3,0.55
2672,3856,7,origins collection ps4,26.95,21.7,32.19,0.78,0.3,0.55
2672,3857,3,remake steelbook ps5 ps4,42.7,42.7,44.8,0.78,0.3,0.55
2672,3858,9,ps5 para ps4 sur,37.45,26.95,42.69,0.78,0.3,0.55
2672,3859,1,ps1 custom,26.94,26.94,26.94,0.78,0.3,0.55
2672,3860,2,slipcover slipcage ps4 juego remake gold edition,9.1,9.1,9.1,0.78,0.3,0.55
2672,3861,3,village gold edition,32.2,32.2,32.2,0.78,0.3,0.55
2672,3862,2,village,17.5,16.45,18.55,0.78,0.3,0.55
2672,3863,2,playstation precintado,19.075,16.45,21.7,0.78,0.3,0.55
2672,3864,18,gold edition ps4 vii ita come nuovo completo,17.5,17.5,21.7,0.78,0.3,0.55
2672,3865,1,origins collection playstation nuovo sigillato,25.9,25.9,25.9,0.78,0.3,0.55
2672,3866,2,revelations,32.19,32.19,32.19,0.78,0.3,0.55
2672,3867,1,biohazard gold edition playstation nuovo sigillato,25.9,25.9,25.9,0.78,0.3,0.55
2672,3868,6,remake,23.275,15.4,24.85,0.78,0.3,0.55
2672,3869,5,guide,21.7,21.7,21.7,0.78,0.3,0.55
2673,3870,4,,19.6,19.6,19.6,0.6,0.36,0.25
2673,3871,1,survival,19.6,19.6,19.6,0.6,0.36,0.25
2675,3873,2,original coleccion para play,18.55,18.55,18.55,0.6,0.36,0.25
2675,3874,3,,13.3,13.3,13.3,0.6,0.36,0.25
2677,3876,5,,58.45,58.45,58.45,0.6,0.36,0.25
2679,3878,5,,26.95,26.95,26.95,0.6,0.36,0.25
2680,3879,5,,158.2,158.2,158.2,0.6,0.36,0.25
2682,3881,4,,16.45,16.45,16.45,0.6,0.36,0.25
2684,3883,5,,19.6,8.05,19.6,0.6,0.36,0.25
2685,3884,5,,21.7,21.7,21.7,0.6,0.36,0.25
2686,3885,2,,20.125,18.55,21.7,0.6,0.3,0.55
2686,3886,1,ps4,13.3,13.3,13.3,0.6,0.3,0.55
2686,3887,1,,11.2,11.2,11.2,0.6,0.3,0.55
2687,3888,3,,13.3,13.3,13.3,0.6,0.36,0.25
2687,3889,1,precintado,15.4,15.4,15.4,0.6,0.36,0.25
2689,3891,4,,16.45,13.3,16.45,0.6,0.36,0.25
2692,3894,3,ps4 neuf,8.04,8.04,8.04,0.78,0.36,0.25
2692,3895,5,mythic edition novo,8.05,8.05,8.05,0.78,0.36,0.25
2692,3896,1,,12.25,12.25,12.25,0.78,0.36,0.25
2692,3897,1,mythic edition play station nuovo sigillato,5.43,5.43,5.43,0.78,0.36,0.25
2693,3898,10,,5.95,5.95,6.48,0.65,0.3,0.55
2693,3899,3,ultimate edition per playstation edizione fisica,9.1,9.1,9.1,0.65,0.3,0.55
2693,3900,4,edizione da collezione,8.05,8.05,8.05,0.65,0.3,0.55
2693,3901,5,disco,11.2,11.2,11.2,0.65,0.3,0.55
2693,3902,4,,9.1,9.1,9.1,0.65,0.3,0.55
2694,3903,4,,63.7,63.7,63.7,0.6,0.36,0.25
2699,3908,5,,32.19,32.19,32.19,0.6,0.36,0.25
2699,3909,1,para nuevo de fabrica,36.14,36.14,36.14,0.6,0.36,0.25
2702,3912,2,ps4 neuf day one edition,10.149999999999999,9.1,11.2,0.65,0.3,0.55
2702,3913,8,,8.05,8.05,13.3,0.65,0.3,0.55
2702,3914,8,ps4 edition day one notorious neuf,19.08,13.3,19.08,0.65,0.3,0.55
2708,3920,5,,37.45,37.45,37.45,0.6,0.36,0.25
2709,3921,3,,116.15,116.15,116.15,0.6,0.36,0.25
2709,3922,1,playstation,42.6,42.6,42.6,0.6,0.36,0.25
2710,3923,5,ps4 neuf new,20.65,20.65,26.94,0.78,0.3,0.55
2710,3924,2,empires,11.2,11.2,11.2,0.78,0.3,0.55
2710,3925,2,empires ps4 neuf fr,37.45,37.45,37.45,0.78,0.3,0.55
2711,3926,5,sandland italiano,19.6,19.6,19.6,0.78,0.36,0.25
2711,3927,2,new and sealed,16.45,16.45,16.45,0.78,0.36,0.25
2711,3928,1,nuevo precintado,22.75,22.75,22.75,0.78,0.36,0.25
2712,3929,10,,21.69,21.69,21.69,0.6,0.36,0.25
2719,3936,2,,71.58,71.58,71.58,0.65,0.33,0.35
2719,3937,2,control steelbook ps4,89.95,89.95,89.95,0.65,0.33,0.35
2723,3941,13,,26.85,26.85,26.85,0.6,0.36,0.25
2726,3944,4,,5.95,5.95,5.95,0.6,0.36,0.25
2728,3946,3,,16.45,16.45,16.45,0.65,0.36,0.25
2728,3947,1,jeu pal edition francaise,31.15,31.15,31.15,0.65,0.36,0.25
2728,3948,2,neuf sous blister,18.14,18.14,18.14,0.65,0.36,0.25
2734,3954,4,edz italiana sony nuovo sigillato raro goty 1a,181.815,179.19,184.44,0.6,0.36,0.25
2734,3955,7,,45.85,44.8,47.95,0.6,0.36,0.25
2735,3956,4,,13.3,13.3,15.4,0.6,0.36,0.25
2742,3963,4,ps4 definitive edition neuf sous blister,13.3,13.3,16.45,0.65,0.3,0.55
2742,3964,3,ps4,37.45,37.45,37.45,0.65,0.3,0.55
2742,3965,6,,19.6,13.83,19.6,0.65,0.3,0.55
2742,3966,1,sin abrir,21.7,21.7,21.7,0.65,0.3,0.55
2742,3967,3,ps4 edicion limitada steelbook,26.95,26.95,26.95,0.65,0.3,0.55
2742,3968,3,,32.2,32.2,32.2,0.65,0.3,0.55
2750,3976,4,,79.45,79.45,79.45,0.6,0.36,0.25
2753,3979,7,,21.7,21.7,26.95,0.6,0.36,0.25
2757,3983,10,neuf,24.32,21.7,26.94,0.7,0.36,0.25
2757,3984,5,iii hd blister fr,28.0,28.0,28.0,0.7,0.36,0.25
2760,3987,4,,31.15,31.15,31.15,0.6,0.36,0.25
2762,3989,4,,26.95,26.95,26.95,0.6,0.36,0.25
2764,3991,4,,9.1,9.1,9.1,0.6,0.36,0.25
2768,3995,4,,7.0,7.0,9.1,0.6,0.36,0.25
2770,3997,4,,21.7,21.7,21.7,0.6,0.36,0.25
2774,4001,5,level packs zie info,21.7,21.7,21.7,0.78,0.3,0.55
2774,4002,5,sets,53.2,53.2,53.2,0.78,0.3,0.55
2774,4003,1,legendary pack,11.2,11.2,11.2,0.78,0.3,0.55
2774,4004,1,,53.2,53.2,53.2,0.78,0.3,0.55
2775,4005,5,,11.2,11.2,11.2,0.6,0.36,0.25
2777,4007,5,,37.45,37.45,37.45,0.6,0.36,0.25
2779,4009,2,,20.65,20.65,20.65,0.7,0.36,0.25
2779,4010,3,ps4 neuf sous blister,32.2,32.2,32.2,0.7,0.36,0.25
2781,4012,3,,12.15,12.15,12.15,0.65,0.36,0.25
2781,4013,3,perfettamente funzionante,13.2,13.2,13.2,0.65,0.36,0.25
2785,4017,5,,16.45,16.45,16.45,0.6,0.36,0.25
2792,4024,2,,16.45,11.2,21.7,0.7,0.3,0.55
2792,4025,2,resistance ps4 precintado,34.825,32.2,37.45,0.7,0.3,0.55
2792,4026,1,ps,4.38,4.38,4.38,0.7,0.3,0.55
2792,4027,1,ps4,16.45,16.45,16.45,0.7,0.3,0.55
2793,4028,4,,32.2,32.2,32.2,0.6,0.36,0.25
2796,4031,6,,16.45,16.45,16.45,0.6,0.36,0.25
2797,4032,5,,11.2,11.2,15.82,0.6,0.36,0.25
2799,4034,7,neuf,21.69,21.69,21.69,0.6,0.36,0.25
2800,4035,3,crossworlds ps4 ps5,42.7,42.7,42.7,0.7,0.36,0.25
2800,4036,2,,21.7,21.7,21.7,0.7,0.36,0.25
2806,4042,4,,11.19,11.19,11.19,0.6,0.36,0.25
2808,4044,5,,26.95,26.95,26.95,0.6,0.36,0.25
2810,4046,3,,13.3,13.3,13.3,0.6,0.36,0.25
2810,4047,1,new,21.69,21.69,21.69,0.6,0.36,0.25
2812,4049,4,gioco tekken,16.45,13.3,16.45,0.7,0.36,0.25
2813,4050,3,ayesha ps3,126.7,126.7,126.7,0.78,0.31,0.45
2813,4051,3,sophie ps4,158.2,158.2,158.2,0.78,0.31,0.45
2813,4052,3,escha logy ps3,105.7,105.7,105.7,0.78,0.31,0.45
2814,4053,12,zerreissprobe,5.95,5.95,9.1,0.6,0.36,0.25
2820,4059,25,miles morales ps4,21.7,13.83,37.45,0.78,0.3,0.55
2820,4060,21,ps4 gioco,13.3,8.05,16.45,0.78,0.3,0.55
2820,4061,4,ps,8.05,8.05,10.15,0.78,0.3,0.55
2820,4062,8,ps4 edicion juego del ano per,21.7,21.7,23.8,0.78,0.3,0.55
2820,4063,4,miles morales ps4 videogame for,13.81,13.81,16.45,0.78,0.3,0.55
2820,4064,5,,16.45,16.45,16.45,0.78,0.3,0.55
2820,4065,3,morales,21.7,21.7,21.7,0.78,0.3,0.55
2820,4066,3,morales miles mile,11.2,8.05,11.2,0.78,0.3,0.55
2822,4068,12,,13.825,11.2,16.45,0.6,0.3,0.55
2822,4069,1,,37.45,37.45,37.45,0.6,0.3,0.55
2825,4072,9,morales morale ps4,16.45,16.45,21.7,0.78,0.36,0.25
2826,4073,6,,28.525,26.95,30.1,0.65,0.33,0.35
2826,4074,4,ps4,17.5,16.45,18.55,0.65,0.33,0.35
2826,4075,1,para ps4 nuevo precintado de fabrica,32.1,32.1,32.1,0.65,0.33,0.35
2830,4079,16,,15.135000000000002,11.2,16.45,0.6,0.31,0.45
2830,4080,5,,21.7,21.7,21.7,0.6,0.31,0.45
2837,4087,4,,147.7,147.7,147.7,0.6,0.36,0.25
2838,4088,4,,21.7,21.7,21.7,0.6,0.36,0.25
2841,4091,5,,11.2,11.1,21.7,0.6,0.36,0.25
2842,4092,2,neu,32.2,32.2,32.2,0.6,0.36,0.25
2842,4093,5,,21.7,21.7,21.7,0.6,0.36,0.25
2846,4097,9,,11.19,11.19,11.19,0.6,0.36,0.25
2847,4098,5,,3.75,3.75,3.75,0.6,0.36,0.25
2847,4099,2,ps5,3.75,3.75,3.75,0.6,0.36,0.25
2851,4103,7,,21.7,13.3,21.7,0.6,0.36,0.25
2853,4105,30,battlefront ps4 ii battle of jakku per ps,9.1,5.43,11.2,0.78,0.3,0.55
2853,4106,12,jedi fallen order ps4 disco perfetto new,9.1,5.95,21.69,0.78,0.3,0.55
2853,4107,7,ps4 battlefront ii jeu neuf sous blister jedi,30.05,19.59,32.15,0.78,0.3,0.55
2853,4108,6,jedi fallen order,4.9,4.9,11.2,0.78,0.3,0.55
2853,4109,7,squadrons ps4 vr,11.2,5.95,11.2,0.78,0.3,0.55
2853,4110,4,vr series vader immortal racer revenge ps4,74.2,74.2,368.2,0.78,0.3,0.55
2853,4111,4,squadrons,13.3,5.95,13.3,0.78,0.3,0.55
2853,4112,1,playstation spiel,11.2,11.2,11.2,0.78,0.3,0.55
2853,4113,1,battlrefront,9.1,9.1,9.1,0.78,0.3,0.55
2853,4114,4,battlefront ancora sigillato,7.0,7.0,7.0,0.78,0.3,0.55
2853,4115,2,,5.95,5.95,5.95,0.78,0.3,0.55
2853,4116,3,remastered la saga degli skywalker ps4,13.3,13.3,13.3,0.78,0.3,0.55
2856,4119,3,neuf jamais servi ps vr,7.0,7.0,7.0,0.65,0.3,0.55
2856,4120,3,,11.2,11.2,11.2,0.65,0.3,0.55
2856,4121,1,sony nuovo,15.19,15.19,15.19,0.65,0.3,0.55
2858,4123,2,,11.2,11.2,11.2,0.65,0.31,0.45
2858,4124,2,starter pack nuevo,16.45,16.45,16.45,0.65,0.31,0.45
2864,4130,4,,53.2,53.2,53.2,0.6,0.36,0.25
2865,4131,4,,16.45,16.45,16.45,0.6,0.36,0.25
2868,4134,5,,21.7,21.7,21.7,0.6,0.36,0.25
2869,4135,8,,2.8,2.8,8.94,0.6,0.36,0.25
2873,4139,11,,16.44,16.44,16.44,0.6,0.36,0.25
2876,4142,5,,9.1,9.1,9.1,0.7,0.3,0.55
2876,4143,3,champion edition,22.75,22.75,22.75,0.7,0.3,0.55
2876,4144,3,ps4,10.15,10.15,10.15,0.7,0.3,0.55
2876,4145,1,30th anniversary collection,16.45,16.45,16.45,0.7,0.3,0.55
2876,4146,1,30th anniversary collection pixnlove ps4,76.3,76.3,76.3,0.7,0.3,0.55
2876,4147,3,ps4,26.95,26.95,26.95,0.7,0.3,0.55
2878,4149,2,ps4 neuf,16.45,16.45,16.45,0.7,0.33,0.35
2878,4150,3,,5.43,5.43,5.43,0.7,0.33,0.35
2878,4151,3,sealed,4.89,4.89,4.89,0.7,0.33,0.35
2887,4160,4,,16.45,11.2,16.45,0.6,0.36,0.25
2887,4161,1,new,21.69,21.69,21.69,0.6,0.36,0.25
2893,4167,3,ps4,16.44,16.44,16.44,0.78,0.36,0.25
2893,4168,4,banana blitz hd,14.35,14.35,14.35,0.78,0.36,0.25
2896,4171,4,,10.36,4.38,10.36,0.6,0.36,0.25
2897,4172,5,,21.7,21.7,21.7,0.6,0.36,0.25
2900,4175,5,,11.2,11.2,11.2,0.6,0.36,0.25
2902,4177,5,,4.9,4.9,4.9,0.6,0.36,0.25
2908,4183,4,,1.75,1.75,1.75,0.6,0.36,0.25
2909,4184,2,hollow realization ps4,8.05,8.05,8.05,0.78,0.33,0.35
2909,4185,3,last recollection playstation new neuf nuevo,21.69,21.69,21.69,0.78,0.33,0.35
2909,4186,1,fatal bullet ps4,16.45,16.45,16.45,0.78,0.33,0.35
2909,4187,1,alicization lycoris ps4,15.4,15.4,15.4,0.78,0.33,0.35
2909,4188,1,last recollection ps4 neuf,21.7,21.7,21.7,0.78,0.33,0.35
2911,4190,4,,14.34,14.34,14.34,0.6,0.36,0.25
2912,4191,3,ps4,16.45,15.4,16.45,0.7,0.36,0.25
2912,4192,2,,15.4,15.4,15.4,0.7,0.36,0.25
2913,4193,3,playstation,26.95,26.95,28.0,0.6,0.36,0.25
2913,4194,4,,26.95,26.95,26.95,0.6,0.36,0.25
2914,4195,5,,26.94,26.94,26.94,0.6,0.36,0.25
2915,4196,4,,21.7,21.7,21.7,0.6,0.36,0.25
2915,4197,1,vesperia,8.05,8.05,8.05,0.6,0.36,0.25
2916,4198,4,,24.33,24.33,24.33,0.6,0.36,0.25
2918,4200,4,,58.45,32.2,58.45,0.6,0.36,0.25
2919,4201,5,,16.45,16.45,16.45,0.6,0.36,0.25
2922,4204,5,,8.58,8.58,8.58,0.6,0.36,0.25
2924,4206,5,schredder revenche,20.65,20.65,20.65,0.78,0.36,0.25
2924,4207,1,the cowabunga collection ps4 neuf,25.9,25.9,25.9,0.78,0.36,0.25
2924,4208,3,wrath of the mutants playstation new neuf nuevo,21.69,21.69,21.69,0.78,0.36,0.25
2925,4209,14,,14.875,9.1,19.6,0.6,0.36,0.25
2927,4211,14,,15.4,10.68,21.7,0.6,0.3,0.55
2927,4212,1,bon etatv,5.95,5.95,5.95,0.6,0.3,0.55
2930,4215,4,,15.4,15.4,15.4,0.6,0.36,0.25
2939,4224,4,,42.7,42.7,42.7,0.6,0.36,0.25
2939,4225,1,pal ita,26.94,26.94,26.94,0.6,0.36,0.25
2941,4227,4,,16.45,16.45,16.45,0.6,0.36,0.25
2949,4235,32,ps4 edition ultimate deluxe gioco jeu,9.1,5.95,21.7,0.7,0.3,0.55
2949,4236,19,,11.2,8.58,21.7,0.7,0.3,0.55
2949,4237,7,playstation spiel neuwertig per,9.1,7.0,9.1,0.7,0.3,0.55
2949,4238,7,,3.85,3.85,5.95,0.7,0.3,0.55
2949,4239,7,ultimate edition,8.05,4.9,8.05,0.7,0.3,0.55
2949,4240,3,ps4 playstation gioco auto corse come nuovo,21.7,21.7,21.7,0.7,0.3,0.55
2949,4241,2,negociable,11.2,11.2,11.2,0.7,0.3,0.55
2949,4242,4,ps4 pas,1.75,1.75,1.75,0.7,0.3,0.55
2950,4243,21,para,19.6,16.45,22.23,0.6,0.33,0.35
2950,4244,4,special edition,21.7,21.7,21.7,0.6,0.33,0.35
2952,4246,4,,52.15,52.15,52.15,0.6,0.36,0.25
2955,4249,5,,21.7,21.7,21.7,0.6,0.36,0.25
2955,4250,1,new,21.69,21.69,21.69,0.6,0.36,0.25
2956,4251,4,ps4,9.625,7.0,16.45,0.65,0.3,0.55
2956,4252,6,,11.2,11.2,16.45,0.65,0.3,0.55
2956,4253,6,,4.9,3.85,7.0,0.65,0.3,0.55
2956,4254,3,jeux ps4 comme neuf,16.45,16.45,16.45,0.65,0.3,0.55
2956,4255,3,sous blister,16.45,16.45,16.45,0.65,0.3,0.55
2960,4259,4,ps,13.3,13.3,16.45,0.78,0.3,0.55
2960,4260,10,ps4 online jeu morrowind,5.42,4.9,7.53,0.78,0.3,0.55
2960,4261,3,oblivion game of year edition ps3 pal ita,21.18,21.18,21.18,0.78,0.3,0.55
2960,4262,1,online elsweyr playstation pal ita completo sealed,13.3,13.3,13.3,0.78,0.3,0.55
2960,4263,4,online gold edition fur die playstation neuwertig,12.25,12.25,12.25,0.78,0.3,0.55
2965,4268,7,ps4 et,11.2,10.15,13.3,0.65,0.31,0.45
2965,4269,8,,13.3,13.3,16.45,0.65,0.31,0.45
2965,4270,1,white,13.3,13.3,13.3,0.65,0.31,0.45
2974,4279,24,ps4 part per ps5 jeu for like new,13.295,5.95,21.7,0.7,0.3,0.55
2974,4280,5,remasterd ps4 remasterizado ps,11.73,8.05,16.45,0.7,0.3,0.55
2974,4281,3,play station playstation,15.4,15.4,21.7,0.7,0.3,0.55
2974,4282,3,remasterizado remasterd peux negocier,21.6,16.45,21.6,0.7,0.3,0.55
2974,4283,3,remasteres remake remasterd,9.1,9.1,10.15,0.7,0.3,0.55
2974,4284,2,prima stampa edizione italiana,16.45,16.45,16.45,0.7,0.3,0.55
2974,4285,1,ps4 playstation hits,7.0,7.0,7.0,0.7,0.3,0.55
2974,4286,14,,11.2,5.95,16.45,0.7,0.3,0.55
2974,4287,3,ps4 neuf sous blister naughty dog,23.8,23.8,23.8,0.7,0.3,0.55
2974,4288,4,ps4 neuf blister,17.5,17.5,17.5,0.7,0.3,0.55
2974,4289,7,ps4 ii parte,37.35,30.1,89.95,0.7,0.3,0.55
2975,4290,17,ii,21.18,8.05,53.2,0.7,0.3,0.55
2975,4291,28,ii parte part ita,19.6,8.05,37.45,0.7,0.3,0.55
2975,4292,1,blister,21.7,21.7,21.7,0.7,0.3,0.55
2975,4293,5,nuovo,11.2,11.2,11.2,0.7,0.3,0.55
2975,4294,5,part collectors edition edicion coleccionista precintado,273.7,95.2,273.7,0.7,0.3,0.55
2976,4295,22,parte part neuf ii ys per,21.7,16.45,26.95,0.7,0.31,0.45
2976,4296,13,guardian per,20.65,15.4,32.2,0.7,0.31,0.45
2976,4297,14,per para,11.2,7.0,13.3,0.7,0.31,0.45
2976,4298,3,part ii edition,21.7,21.7,21.7,0.7,0.31,0.45
2976,4299,4,blister,11.2,11.2,11.2,0.7,0.31,0.45
2976,4300,3,part ii neuf sous blister disques eur,19.6,19.6,21.7,0.7,0.31,0.45
2976,4301,1,part ii excellent etat,19.6,19.6,19.6,0.7,0.31,0.45
2976,4302,1,playstation ps5 neuf,16.45,16.45,16.45,0.7,0.31,0.45
2976,4303,1,part,14.35,14.35,14.35,0.7,0.31,0.45
2977,4304,5,,11.19,11.19,11.19,0.6,0.36,0.25
2978,4305,2,parte playstation4 play station,19.075,16.45,21.7,0.7,0.31,0.45
2978,4306,2,,8.05,8.05,8.05,0.7,0.31,0.45
2978,4307,1,parte ii precintado,21.7,21.7,21.7,0.7,0.31,0.45
2978,4308,1,part ii per console,11.2,11.2,11.2,0.7,0.31,0.45
2978,4309,4,part,11.2,11.2,11.2,0.7,0.31,0.45
2980,4311,4,iv fr,147.7,147.7,147.7,0.78,0.36,0.25
2980,4312,3,uk,62.65,62.65,62.65,0.78,0.36,0.25
2981,4313,4,,59.4,59.4,59.4,0.6,0.36,0.25
2984,4316,6,videogame videogioco,13.825,8.58,16.45,0.78,0.31,0.45
2984,4317,3,la grande avventura come nuovo,7.95,7.95,7.95,0.78,0.31,0.45
2984,4318,1,per,21.7,21.7,21.7,0.78,0.31,0.45
2987,4321,6,,9.1,9.1,21.7,0.6,0.36,0.25
2991,4325,11,,16.45,8.05,16.45,0.6,0.36,0.25
2992,4326,3,gioco per,29.58,29.58,29.58,0.65,0.33,0.35
2992,4327,3,,37.45,37.45,37.45,0.65,0.33,0.35
2994,4329,5,,11.2,11.2,16.45,0.7,0.31,0.45
2994,4330,4,ps4 game,5.95,5.95,5.95,0.7,0.31,0.45
2994,4331,3,cats dogs ps4,13.3,13.3,13.3,0.7,0.31,0.45
2994,4332,1,playstation,8.05,8.05,8.05,0.7,0.31,0.45
2994,4333,4,ps4,11.2,11.2,11.2,0.7,0.31,0.45
2995,4334,5,,3.75,3.75,3.75,0.6,0.36,0.25
2997,4336,4,,8.05,8.05,8.05,0.65,0.3,0.55
2997,4337,4,ps4,11.2,11.2,11.2,0.65,0.3,0.55
2997,4338,1,limited edition ps4 playstation neuf novo new,26.95,26.95,26.95,0.65,0.3,0.55
3001,4342,4,,89.95,89.95,89.95,0.6,0.36,0.25
3004,4345,5,,11.2,11.2,11.2,0.6,0.36,0.25
3005,4346,3,ps4 destinies une nouvelle frontiere ps playstation neuf,11.2,11.2,29.05,0.6,0.36,0.25
3005,4347,9,,21.7,21.7,21.7,0.6,0.36,0.25
3005,4348,2,chapter retribution vr ps4 precintado,42.65,42.65,42.65,0.6,0.36,0.25
3008,4351,3,neuf,53.2,52.15,53.2,0.78,0.33,0.35
3008,4352,1,sony playstation pal,63.69,63.69,63.69,0.78,0.33,0.35
3008,4353,3,blister fr,47.95,47.95,47.95,0.78,0.33,0.35
3009,4354,3,goty edition precintado,13.3,13.3,26.95,0.7,0.31,0.45
3009,4355,1,game of year edition,15.4,15.4,15.4,0.7,0.31,0.45
3009,4356,6,wild hunt ita game of year edition juego,16.45,10.15,42.7,0.7,0.31,0.45
3009,4357,1,hearts of stone,32.2,32.2,32.2,0.7,0.31,0.45
3009,4358,1,wild hunt collector edition sony,389.2,389.2,389.2,0.7,0.31,0.45
3009,4359,1,edition goty neuf compatible ps5,29.05,29.05,29.05,0.7,0.31,0.45
3009,4360,7,,16.45,8.05,19.6,0.7,0.31,0.45
3010,4361,3,,29.04,29.04,29.04,0.6,0.36,0.25
3010,4362,1,neuf new novo playstation ps,26.95,26.95,26.95,0.6,0.36,0.25
3016,4368,5,,1.75,1.75,1.75,0.6,0.36,0.25
3017,4369,4,,26.95,26.95,26.95,0.6,0.36,0.25
3019,4371,5,,7.0,5.95,7.0,0.6,0.36,0.25
3022,4374,5,,11.2,11.2,11.2,0.6,0.36,0.25
3024,4376,5,,16.45,16.45,16.45,0.6,0.36,0.25
3025,4377,5,,15.4,15.4,15.4,0.6,0.36,0.25
3027,4379,8,ps4 nuovo italiano,11.2,11.2,11.2,0.65,0.3,0.55
3027,4380,10,,7.0,5.94,8.05,0.65,0.3,0.55
3027,4381,2,,16.45,16.45,16.45,0.65,0.3,0.55
3027,4382,2,playstation,8.05,8.05,8.05,0.65,0.3,0.55
3027,4383,2,ps4 pal ita,5.95,5.95,5.95,0.65,0.3,0.55
3027,4384,1,washington dc edition playstation,21.7,21.7,21.7,0.65,0.3,0.55
3028,4385,10,,8.05,5.95,11.2,0.65,0.31,0.45
3028,4386,5,advanced edition,4.9,4.9,4.9,0.65,0.31,0.45
3028,4387,2,rainbowsix,5.95,5.95,5.95,0.65,0.31,0.45
3028,4388,1,extraction,5.95,5.95,5.95,0.65,0.31,0.45
3028,4389,1,extraction new,11.19,11.19,11.19,0.65,0.31,0.45
3028,4390,1,raimbow,6.48,6.48,6.48,0.65,0.31,0.45
3031,4393,4,,21.7,21.7,21.7,0.6,0.36,0.25
3034,4396,21,ps4 definitive edition per neuf sous blister rise,11.2,11.2,23.8,0.78,0.3,0.55
3034,4397,6,remastered ps5 neuf ps4,89.95,31.15,89.95,0.78,0.3,0.55
3034,4398,7,definitive edition,18.55,11.2,19.6,0.78,0.3,0.55
3034,4399,4,trilogia ps4,42.7,42.7,42.7,0.78,0.3,0.55
3039,4404,7,,11.2,11.2,32.2,0.6,0.36,0.25
3039,4405,3,skaters ps4,11.2,11.2,11.2,0.6,0.36,0.25
3041,4407,2,day one edition edicion,17.5,13.3,21.7,0.78,0.36,0.25
3041,4408,4,sealed,14.35,14.35,14.35,0.78,0.36,0.25
3041,4409,1,day one edition pal ita,8.05,8.05,8.05,0.78,0.36,0.25
3046,4414,4,,37.4,37.4,37.4,0.6,0.36,0.25
3046,4415,1,day one ps4,42.7,42.7,42.7,0.6,0.36,0.25
3050,4419,3,iv frontline edition,65.8,62.65,65.8,0.78,0.36,0.25
3050,4420,2,the iii pal fr sous blister,32.2,32.2,32.2,0.78,0.36,0.25
3051,4421,6,,84.7,84.7,100.45,0.6,0.36,0.25
3051,4422,1,jeu neuf uk fr,58.45,58.45,58.45,0.6,0.36,0.25
3053,4424,4,,21.69,21.69,21.69,0.6,0.36,0.25
3054,4425,5,,11.2,11.2,11.2,0.6,0.36,0.25
3058,4429,4,,13.3,13.3,13.3,0.6,0.36,0.25
3059,4430,4,,42.7,42.7,42.7,0.6,0.36,0.25
3060,4431,3,,11.2,11.2,11.2,0.6,0.36,0.25
3060,4432,1,gold edition,16.45,16.45,16.45,0.6,0.36,0.25
3061,4433,4,,3.85,3.85,3.85,0.6,0.36,0.25
3068,4440,4,,83.65,83.65,83.65,0.6,0.36,0.25
3069,4441,5,,7.0,7.0,7.0,0.6,0.36,0.25
3075,4447,5,,210.7,210.7,210.7,0.6,0.36,0.25
3077,4449,5,,26.95,26.95,26.95,0.6,0.36,0.25
3078,4450,6,neuf,9.1,9.1,16.44,0.6,0.36,0.25
3078,4451,1,jumbo edition ita nuovo sigillato,42.7,42.7,42.7,0.6,0.36,0.25
3080,4453,17,,16.45,4.9,32.2,0.6,0.36,0.25
3082,4455,6,,14.875,11.2,16.45,0.6,0.3,0.55
3082,4456,3,,5.43,5.43,5.43,0.6,0.3,0.55
3084,4458,6,,131.94,126.6,132.9,0.6,0.36,0.25
3088,4462,54,,11.2,5.95,21.7,0.6,0.3,0.55
3088,4463,1,,74.2,74.2,74.2,0.6,0.3,0.55
3089,4464,4,,32.2,32.2,32.2,0.6,0.36,0.25
3090,4465,2,perfetto,10.149999999999999,9.1,11.2,0.7,0.36,0.25
3090,4466,4,playstation ita,14.34,14.34,14.34,0.7,0.36,0.25
3091,4467,7,,21.7,11.2,23.8,0.6,0.36,0.25
3094,4470,4,desenlace del ladron,13.3,13.3,14.35,0.78,0.36,0.25
3094,4471,3,legado perdido castellano impecable,13.3,13.3,13.3,0.78,0.36,0.25
3095,4472,8,,8.575,8.05,11.2,0.6,0.3,0.55
3095,4473,6,,16.45,16.45,21.7,0.6,0.3,0.55
3098,4476,5,,13.83,11.2,13.83,0.6,0.36,0.25
3102,4480,27,,13.3,8.05,16.45,0.6,0.31,0.45
3102,4481,1,game,5.95,5.95,5.95,0.6,0.31,0.45
3102,4482,3,edition collector neuf,126.7,126.7,126.7,0.6,0.31,0.45
3102,4483,1,como novo like new,10.15,10.15,10.15,0.6,0.31,0.45
3102,4484,1,ps5 altri giochi nel mio armadio,8.05,8.05,8.05,0.6,0.31,0.45
3102,4485,1,pal ita nuovo sigillato,40.59,40.59,40.59,0.6,0.31,0.45
3103,4486,4,,13.3,13.3,13.3,0.6,0.36,0.25
3105,4488,21,ps4 nuovo per completamente ita come completo cib,13.3,11.1,20.6,0.7,0.3,0.55
3105,4489,12,,19.075,11.2,21.7,0.7,0.3,0.55
3105,4490,5,playstation hits,16.45,16.45,19.6,0.7,0.3,0.55
3105,4491,6,ps4 steelbook,42.7,32.19,42.7,0.7,0.3,0.55
3105,4492,3,fortune il covo dei ladri inganno di,13.3,13.3,13.3,0.7,0.3,0.55
3105,4493,1,slipcover slipcage ps4 juego,9.1,9.1,9.1,0.7,0.3,0.55
3106,4494,3,playstation hits,8.05,8.05,8.05,0.78,0.36,0.25
3106,4495,1,precintado,13.3,13.3,13.3,0.78,0.36,0.25
3106,4496,1,slipcover slipcage juego,9.1,9.1,9.1,0.78,0.36,0.25
3107,4497,6,tres bon etat,13.3,9.1,13.3,0.6,0.36,0.25
3107,4498,2,collector edition,84.7,84.7,84.7,0.6,0.36,0.25
3107,4499,1,slipcover slipcage juego,9.1,9.1,9.1,0.6,0.36,0.25
3110,4502,5,,8.05,8.05,8.05,0.6,0.36,0.25
3114,4506,5,extended edition pal completo cib psicologico raro,32.1,32.1,32.1,0.78,0.36,0.25
3114,4507,3,disco perfetto eu cult,9.1,9.1,9.1,0.78,0.36,0.25
3115,4508,16,,11.2,8.05,13.3,0.6,0.31,0.45
3115,4509,3,,21.7,16.35,26.95,0.6,0.31,0.45
3116,4510,4,,8.05,8.05,8.05,0.6,0.36,0.25
3117,4511,4,,13.3,13.3,13.3,0.6,0.36,0.25
3119,4513,9,ps4 ps5,16.45,8.05,16.45,0.65,0.3,0.55
3119,4514,8,,5.95,3.85,5.95,0.65,0.3,0.55
3119,4515,1,,12.78,12.78,12.78,0.65,0.3,0.55
3124,4520,5,neuf sur,19.6,11.2,19.6,0.78,0.36,0.25
3124,4521,2,limited edition sony playstation pal,19.59,19.59,19.59,0.78,0.36,0.25
3128,4525,4,,13.3,13.3,13.3,0.6,0.36,0.25
3132,4529,4,,55.3,55.3,55.3,0.6,0.36,0.25
3134,4531,4,,16.45,16.45,16.45,0.6,0.36,0.25
3137,4534,4,,32.2,32.2,32.2,0.6,0.36,0.25
3137,4535,1,playstation,11.2,11.2,11.2,0.6,0.36,0.25
3137,4536,1,nuovissimo,1.75,1.75,1.75,0.6,0.36,0.25
3138,4537,11,per medievil,11.2,9.1,11.2,0.7,0.31,0.45
3138,4538,7,per,15.4,13.3,16.45,0.7,0.31,0.45
3138,4539,1,nuovo,11.2,11.2,11.2,0.7,0.31,0.45
3139,4540,4,,16.45,16.45,16.45,0.6,0.36,0.25
3157,4558,5,,16.45,16.45,16.45,0.6,0.36,0.25
3157,4559,1,play4,26.95,26.95,26.95,0.6,0.36,0.25
3158,4560,2,,8.05,8.05,8.05,0.6,0.3,0.55
3158,4561,2,,16.45,16.45,16.45,0.6,0.3,0.55
3175,4578,5,,13.3,13.3,13.3,0.6,0.36,0.25
3175,4579,1,ps4,20.13,20.13,20.13,0.6,0.36,0.25
3176,4580,4,cold war,13.3,13.3,13.3,0.78,0.36,0.25
3176,4581,5,vanguard,16.45,16.45,16.45,0.78,0.36,0.25
3178,4583,5,,5.95,5.95,11.2,0.6,0.36,0.25
3179,4584,6,,21.69,21.69,21.69,0.6,0.36,0.25
3182,4587,10,,38.49,32.19,38.49,0.6,0.36,0.25
3183,4588,13,,11.2,9.1,16.45,0.6,0.36,0.25
3194,4599,3,,32.19,32.19,32.19,0.6,0.36,0.25
3194,4600,1,nuovo sigillato,7.95,7.95,7.95,0.6,0.36,0.25
3199,4605,5,,63.7,63.7,63.7,0.6,0.36,0.25
3204,4610,11,,11.2,9.1,13.3,0.6,0.31,0.45
3205,4611,5,,8.05,8.05,14.35,0.6,0.3,0.55
3205,4612,5,,3.85,3.85,3.85,0.6,0.3,0.55
3206,4613,4,,11.19,11.19,11.19,0.6,0.36,0.25
3209,4616,5,,21.69,21.69,21.69,0.6,0.36,0.25
3210,4617,5,,14.35,14.35,14.35,0.6,0.36,0.25
3213,4620,5,,16.44,16.44,16.44,0.6,0.36,0.25
3214,4621,3,ps4 jeu,5.95,5.95,11.2,0.78,0.33,0.35
3214,4622,3,playstation,16.45,16.45,16.45,0.78,0.33,0.35
3214,4623,1,,18.55,18.55,18.55,0.78,0.33,0.35
3222,4631,14,ps4 legion legions nuevo sur limited edition,11.2,5.95,21.7,0.7,0.31,0.45
3222,4632,11,ps4 ps5 altri giochi nel mio armadio game,5.95,4.89,7.95,0.7,0.31,0.45
3222,4633,9,ps4 edition complete precintado dedsec game,26.95,21.7,73.15,0.7,0.31,0.45
3222,4634,16,ps4 etat edition exclusive parfait envoi rapide tres,11.2,9.1,16.45,0.7,0.31,0.45
3222,4635,3,deluxe edition,13.3,13.3,13.3,0.7,0.31,0.45
3222,4636,2,play,5.95,5.95,5.95,0.7,0.31,0.45
3222,4637,2,per playstation,9.1,9.1,9.1,0.7,0.31,0.45
3222,4638,18,legion,11.2,4.9,12.25,0.7,0.31,0.45
3222,4639,31,,11.2,3.85,16.45,0.7,0.31,0.45
3224,4641,4,,11.2,11.2,11.2,0.6,0.36,0.25
3225,4642,9,,16.45,4.9,16.45,0.6,0.36,0.25
3226,4643,3,,18.55,18.55,18.55,0.6,0.36,0.25
3226,4644,1,resistance editition,11.2,11.2,11.2,0.6,0.36,0.25
3237,4655,5,,84.7,84.7,105.7,0.6,0.36,0.25
3243,4661,5,,5.95,5.95,11.2,0.6,0.36,0.25
3243,4662,1,game,11.2,11.2,11.2,0.6,0.36,0.25
3243,4663,1,precintado,21.7,21.7,21.7,0.6,0.36,0.25
3245,4665,4,,18.55,18.55,18.55,0.6,0.36,0.25
3245,4666,1,usk version wie neu deutsch,19.6,19.6,19.6,0.6,0.36,0.25
3246,4667,4,ps4,47.95,47.95,47.95,0.65,0.31,0.45
3246,4668,4,,32.2,32.2,32.2,0.65,0.31,0.45
3248,4670,5,,21.7,21.7,21.7,0.6,0.36,0.25
3253,4675,4,,16.44,5.95,16.44,0.6,0.36,0.25
3261,4683,4,,5.95,5.95,5.95,0.6,0.36,0.25
3263,4685,6,,13.3,13.3,13.3,0.6,0.36,0.25
3266,4688,5,ps4,21.7,21.7,21.7,0.7,0.36,0.25
3266,4689,3,,19.6,19.6,19.6,0.7,0.36,0.25
3266,4690,1,ps4 compatible avec ps5,58.45,58.45,58.45,0.7,0.36,0.25
3271,4695,3,,32.2,32.2,42.7,0.6,0.3,0.55
3271,4696,3,,17.5,17.5,17.5,0.6,0.3,0.55
3273,4698,4,ps4,29.04,29.04,105.7,0.6,0.36,0.25
3273,4699,5,,18.55,18.55,18.55,0.6,0.36,0.25
3279,4705,5,,26.94,26.94,26.94,0.6,0.36,0.25
3289,4715,5,,16.45,16.45,16.45,0.6,0.36,0.25
3290,4716,7,,21.7,21.7,21.7,0.6,0.36,0.25
3295,4721,5,,26.95,26.95,26.95,0.6,0.36,0.25
3308,4734,4,,26.95,26.95,26.95,0.6,0.36,0.25
3310,4736,5,,37.45,32.2,37.45,0.6,0.36,0.25
3312,4738,4,,16.45,16.45,16.45,0.6,0.36,0.25
3313,4739,5,,10.15,10.15,10.15,0.6,0.36,0.25
3316,4742,4,,26.95,26.95,26.95,0.6,0.36,0.25
3319,4745,4,,11.2,11.2,11.2,0.6,0.36,0.25
3322,4748,4,,79.45,79.45,79.45,0.6,0.36,0.25
3336,4762,2,,17.5,16.45,18.55,0.6,0.3,0.55
3336,4763,1,pc,26.95,26.95,26.95,0.6,0.3,0.55
3336,4764,3,,42.7,42.7,42.7,0.6,0.3,0.55
3342,4770,2,,152.95,147.7,158.2,0.6,0.31,0.45
3342,4771,2,,105.7,105.7,105.7,0.6,0.31,0.45
3346,4775,5,,147.7,147.7,147.7,0.6,0.36,0.25
3346,4776,1,lot de jeux,74.2,74.2,74.2,0.6,0.36,0.25
3360,4790,4,,21.6,21.6,21.6,0.6,0.36,0.25
3361,4791,45,,137.2,42.7,368.2,0.6,0.3,0.55
3364,4794,2,controller giochi,179.2,158.2,200.2,0.78,0.3,0.55
3364,4795,1,joistik cuffie,125.65,125.65,125.65,0.78,0.3,0.55
3364,4796,1,doppio joystick nintendo switch,368.2,368.2,368.2,0.78,0.3,0.55
3364,4797,1,due joistic,105.7,105.7,105.7,0.78,0.3,0.55
3364,4798,1,joystick valigia origine,105.7,105.7,105.7,0.78,0.3,0.55
3364,4799,1,giochi,184.45,184.45,184.45,0.78,0.3,0.55
3373,4808,3,,210.7,210.7,210.7,0.7,0.31,0.45
3373,4809,1,1tb usata poco come nuova,231.7,231.7,231.7,0.7,0.31,0.45
3373,4810,1,500gb,189.7,189.7,189.7,0.7,0.31,0.45
3373,4811,1,con controller,105.7,105.7,105.7,0.7,0.31,0.45
3373,4812,1,500gb chassis,126.7,126.7,126.7,0.7,0.31,0.45
3373,4813,1,,105.7,105.7,105.7,0.7,0.31,0.45
3373,4814,1,joystick,121.45,121.45,121.45,0.7,0.31,0.45
3373,4815,1,ottime condizioni,173.95,173.95,173.95,0.7,0.31,0.45
3373,4816,1,1tb,158.2,158.2,158.2,0.7,0.31,0.45
3384,4827,5,,163.45,163.45,163.45,0.6,0.36,0.25
3400,4843,5,,142.35,142.35,142.35,0.6,0.36,0.25
3407,4850,2,psn karte im wert von,26.95,26.95,26.95,0.78,0.33,0.35
3407,4851,3,gif card ps4 da,37.45,37.45,37.45,0.78,0.33,0.35
3407,4852,1,tarjeta ps fisica,45.33,45.33,45.33,0.78,0.33,0.35
3409,4854,2,slim giga,105.7,105.7,105.7,0.7,0.3,0.55
3409,4855,2,slim slime con,158.2,158.2,158.2,0.7,0.3,0.55
3409,4856,3,,189.7,147.7,200.2,0.7,0.3,0.55
3409,4857,1,giochi tra cui gta the last of us,105.7,105.7,105.7,0.7,0.3,0.55
3409,4858,1,slim 3gratis games,210.7,210.7,210.7,0.7,0.3,0.55
3411,4860,3,slim mannette gta,105.7,100.45,116.2,0.78,0.36,0.25
3411,4861,1,playstation slim 1tb controller giochi,158.2,158.2,158.2,0.78,0.36,0.25
3411,4862,4,pro noire 1to manette origine,158.2,158.2,158.2,0.78,0.36,0.25
3414,4865,5,,95.2,95.2,110.95,0.6,0.36,0.25
3416,4867,6,,1.75,1.75,105.7,0.6,0.36,0.25
3419,4870,6,juve inter,13.3,13.3,13.3,0.78,0.36,0.25
3425,4876,8,,11.2,11.2,11.2,0.6,0.36,0.25
3428,4879,5,,19.6,19.6,19.6,0.6,0.36,0.25
3430,4881,4,,16.45,16.45,16.45,0.6,0.36,0.25
3431,4882,3,,37.98,37.98,63.7,0.6,0.3,0.55
3431,4883,1,,12.25,12.25,12.25,0.6,0.3,0.55
3432,4884,3,,20.13,20.13,20.13,0.6,0.3,0.55
3432,4885,3,,11.2,11.2,11.2,0.6,0.3,0.55
3433,4886,4,,21.7,21.7,21.7,0.6,0.36,0.25
3438,4891,5,et,37.45,12.25,37.45,0.6,0.36,0.25
3439,4892,8,,13.3,4.9,13.3,0.6,0.3,0.55
3439,4893,5,avec manettes de jeux,83.65,83.65,83.65,0.6,0.3,0.55
3439,4894,1,the last of us part neuf,210.7,210.7,210.7,0.6,0.3,0.55
3446,4901,5,,42.7,42.7,42.7,0.6,0.36,0.25
3450,4905,3,con fili,74.2,74.2,74.2,0.78,0.31,0.45
3450,4906,4,slim neuve,305.2,305.2,305.2,0.78,0.31,0.45
3450,4907,1,,210.7,210.7,210.7,0.78,0.31,0.45
3453,4910,5,,16.45,16.45,16.45,0.6,0.36,0.25
3457,4914,3,,21.7,16.45,26.95,0.6,0.31,0.45
3457,4915,1,limited edition,105.7,105.7,105.7,0.6,0.31,0.45
3458,4916,8,,20.65,16.44,26.95,0.65,0.3,0.55
3458,4917,3,con in collaborazione nacon cavo,14.35,14.35,14.35,0.65,0.3,0.55
3458,4918,2,bianco funzionante nuovo,24.75,24.75,24.75,0.65,0.3,0.55
3458,4919,1,rosso mimetico wireless,25.8,25.8,25.8,0.65,0.3,0.55
3458,4920,1,compatibile,37.45,37.45,37.45,0.65,0.3,0.55
3458,4921,1,dualshock,32.1,32.1,32.1,0.65,0.3,0.55
3458,4922,1,crash bandicoot,32.2,32.2,32.2,0.65,0.3,0.55
3463,4927,2,,5.95,5.95,5.95,0.6,0.31,0.45
3463,4928,2,,8.05,8.05,8.05,0.6,0.31,0.45
3473,4938,5,,11.2,11.2,11.2,0.6,0.36,0.25
3476,4941,5,,126.7,126.7,126.7,0.6,0.36,0.25
3477,4942,10,neuf,14.35,11.2,16.45,0.6,0.36,0.25
3482,4947,4,,3.85,3.85,3.85,0.6,0.36,0.25
3484,4949,4,,21.7,21.7,21.7,0.6,0.36,0.25
3488,4953,5,,11.2,11.2,11.2,0.6,0.36,0.25
3488,4954,1,de pet para juegos ps3,1.75,1.75,1.75,0.6,0.36,0.25
3492,4958,4,,26.95,26.95,26.95,0.6,0.36,0.25
3494,4960,4,,21.7,21.7,21.7,0.6,0.36,0.25
3495,4961,4,,16.45,16.45,16.45,0.6,0.36,0.25
3504,4970,4,,9.63,9.63,9.63,0.6,0.36,0.25
3508,4974,5,,210.7,210.7,210.7,0.6,0.36,0.25
3512,4978,4,,4.38,4.38,4.38,0.6,0.36,0.25
3517,4983,7,,26.95,16.45,42.7,0.6,0.31,0.45
3520,4986,4,,11.2,11.2,11.2,0.6,0.36,0.25
3526,4992,6,,16.45,16.45,16.45,0.6,0.36,0.25
3527,4993,4,,26.95,26.95,26.95,0.6,0.36,0.25
3528,4994,5,,21.7,21.7,21.7,0.6,0.36,0.25
3531,4997,5,,37.45,37.45,37.45,0.6,0.36,0.25
3532,4998,4,,26.95,26.95,26.95,0.6,0.36,0.25
3537,5003,7,,21.69,20.65,26.95,0.65,0.31,0.45
3537,5004,3,blanco glaciar sin uso,32.2,32.2,32.2,0.65,0.31,0.45
3537,5005,1,dualshock controller blanco,26.95,26.95,26.95,0.65,0.31,0.45
3537,5006,1,nuevo,32.2,32.2,32.2,0.65,0.31,0.45
3537,5007,1,con palancas personalizado,37.45,37.45,37.45,0.65,0.31,0.45
3539,5009,2,en venta nuevos,32.2,32.2,32.2,0.6,0.36,0.25
3539,5010,7,,40.6,40.6,40.6,0.6,0.36,0.25
3545,5016,5,,21.7,21.7,21.7,0.6,0.36,0.25
3547,5018,7,neuve,53.2,42.7,63.7,0.6,0.36,0.25
3547,5019,1,camouflage bleu neuve,21.7,21.7,21.7,0.6,0.36,0.25
3549,5021,5,et pc,12.51,11.2,16.45,0.6,0.3,0.55
3549,5022,4,ps5 pc,16.45,16.45,21.7,0.6,0.3,0.55
3549,5023,3,pro,52.15,47.95,58.45,0.6,0.3,0.55
3549,5024,4,authentique,26.95,26.95,26.95,0.6,0.3,0.55
3549,5025,15,,21.7,21.7,37.45,0.6,0.3,0.55
3549,5026,1,custom,32.2,32.2,32.2,0.6,0.3,0.55
3550,5027,4,,1.75,1.75,1.75,0.6,0.36,0.25
3553,5030,5,,41.55,41.55,41.55,0.6,0.36,0.25
3561,5038,4,,13.3,13.3,13.3,0.6,0.36,0.25
3562,5039,5,,5.95,5.95,5.95,0.6,0.36,0.25
3564,5041,3,blanche noire,142.45,142.45,142.45,0.78,0.36,0.25
3564,5042,1,grise,147.7,147.7,147.7,0.78,0.36,0.25
3567,5045,5,,3.84,3.84,3.84,0.6,0.36,0.25
3572,5050,5,,16.45,16.45,16.45,0.6,0.36,0.25
3575,5053,24,giochi vr1,105.7,59.5,200.73,0.6,0.36,0.25
3575,5054,5,portal nuova playstation vr2 nuovo,105.7,105.7,105.7,0.6,0.36,0.25
3575,5055,1,ps4,158.2,158.2,158.2,0.6,0.36,0.25
3575,5056,1,come nuova,142.45,142.45,142.45,0.6,0.36,0.25
3578,5059,267,,126.7,63.7,315.7,0.6,0.3,0.55
3578,5060,1,,11.2,11.2,11.2,0.6,0.3,0.55
3580,5062,5,,139.3,105.7,200.2,0.6,0.31,0.45
3580,5063,1,controller giochi,263.2,263.2,263.2,0.6,0.31,0.45
3583,5066,7,,126.7,84.7,210.7,0.6,0.31,0.45
3583,5067,1,joystick leggere descrizione,105.7,105.7,105.7,0.6,0.31,0.45
3583,5068,2,slim,105.7,105.7,105.7,0.6,0.31,0.45
3583,5069,1,no giochi,189.7,189.7,189.7,0.6,0.31,0.45
3583,5070,1,leggere descrizione,137.2,137.2,137.2,0.6,0.31,0.45
3590,5077,4,,131.95,126.7,158.2,0.6,0.33,0.35
3590,5078,1,pad personalizzato,95.2,95.2,95.2,0.6,0.33,0.35
3590,5079,1,con tutti cavi controller,158.2,158.2,158.2,0.6,0.33,0.35
3590,5080,1,usata poche volte,147.7,147.7,147.7,0.6,0.33,0.35
3592,5082,4,joystick giochi due joypad just cause regalo cuffie,103.075,89.95,105.7,0.78,0.3,0.55
3592,5083,4,controller due fili limited edition giochi,84.7,79.45,105.7,0.78,0.3,0.55
3592,5084,5,giochi gioco visore vr,168.7,137.2,210.7,0.78,0.3,0.55
3592,5085,2,controller due giochi,236.95,189.7,284.2,0.78,0.3,0.55
3592,5086,2,giochi un joicon,105.7,105.7,105.7,0.78,0.3,0.55
3592,5087,1,un joystick nero rosso,168.7,168.7,168.7,0.78,0.3,0.55
3592,5088,1,caricatore ap max joystick solo uno compatibile,158.2,158.2,158.2,0.78,0.3,0.55
3592,5089,2,controller giochi molti,126.7,126.7,126.7,0.78,0.3,0.55
3592,5090,2,joystick joysticks gioco,147.7,126.7,168.7,0.78,0.3,0.55
3592,5091,1,controller stand,147.7,147.7,147.7,0.78,0.3,0.55
3594,5093,2,,18.025,16.45,19.6,0.6,0.31,0.45
3594,5094,2,,26.95,26.95,26.95,0.6,0.31,0.45
3598,5098,4,,410.2,410.2,410.2,0.6,0.36,0.25
3613,5113,4,,21.6,21.6,21.6,0.6,0.36,0.25
3620,5120,4,controller giochi controlers spelletjes nuova con accessori base,221.2,189.7,252.7,0.6,0.3,0.55
3620,5121,2,1tb di memoria,221.2,210.7,231.7,0.6,0.3,0.55
3620,5122,6,joystick giochi joypad con tb,218.575,158.2,273.7,0.6,0.3,0.55
3620,5123,2,tb,176.575,142.45,210.7,0.6,0.3,0.55
3620,5124,1,nera,158.2,158.2,158.2,0.6,0.3,0.55
3620,5125,6,,84.7,74.2,95.2,0.6,0.3,0.55
3620,5126,29,,189.7,126.7,263.2,0.6,0.3,0.55
3620,5127,1,1tb slim,189.7,189.7,189.7,0.6,0.3,0.55
3620,5128,1,da un terabyte,368.2,368.2,368.2,0.6,0.3,0.55
3621,5129,3,,158.2,116.2,173.95,0.65,0.31,0.45
3621,5130,1,vr aim controller jeux video,158.2,158.2,158.2,0.65,0.31,0.45
3621,5131,1,con controller,105.7,105.7,105.7,0.65,0.31,0.45
3621,5132,1,ottime condizioni,126.7,126.7,126.7,0.65,0.31,0.45
3621,5133,1,controller giochi adattatore italiano ottime condizioni,189.7,189.7,189.7,0.65,0.31,0.45
3626,5138,5,controller sony giochi tb,105.7,89.95,137.2,0.65,0.31,0.45
3626,5139,4,ps,210.7,200.2,315.7,0.65,0.31,0.45
3626,5140,12,1tb de da,137.195,121.45,210.7,0.65,0.31,0.45
3626,5141,3,500gb chassis,231.7,189.7,263.2,0.65,0.31,0.45
3626,5142,3,joystick originale 2o opzionale con giochi,116.2,95.2,137.2,0.65,0.31,0.45
3626,5143,33,,131.95,84.7,179.2,0.65,0.31,0.45
3626,5144,10,500gb nuova 1000gb 860gb,110.95,89.95,137.2,0.65,0.31,0.45
3626,5145,2,tb,103.075,89.95,116.2,0.65,0.31,0.45
3626,5146,1,black,158.2,158.2,158.2,0.65,0.31,0.45
3626,5147,1,500gb giochi controller,167.65,167.65,167.65,0.65,0.31,0.45
3626,5148,1,come nuova,158.2,158.2,158.2,0.65,0.31,0.45
3626,5149,1,,32.2,32.2,32.2,0.65,0.31,0.45
3626,5150,1,1tb dualshock,168.7,168.7,168.7,0.65,0.31,0.45
3626,5151,1,controller ps4,158.2,158.2,158.2,0.65,0.31,0.45
3626,5152,1,ps4 nera 1tb di memoria,158.2,158.2,158.2,0.65,0.31,0.45
3626,5153,1,edizione limitata call of duty,210.7,210.7,210.7,0.65,0.31,0.45
3626,5154,1,500g 2controller,179.2,179.2,179.2,0.65,0.31,0.45
3626,5155,1,gioco,116.2,116.2,116.2,0.65,0.31,0.45
3626,5156,1,con dualshock4,121.45,121.45,121.45,0.65,0.31,0.45
3626,5157,1,contr perfette condizioni,137.2,137.2,137.2,0.65,0.31,0.45
3626,5158,1,500g gta5,116.2,116.2,116.2,0.65,0.31,0.45
3626,5159,1,500gb solo console,74.2,74.2,74.2,0.65,0.31,0.45
3626,5160,1,neuve avec carton origine,158.2,158.2,158.2,0.65,0.31,0.45
3626,5161,1,prezzo trattabile,147.7,147.7,147.7,0.65,0.31,0.45
3643,5178,9,,116.2,105.7,126.7,0.6,0.36,0.25
3644,5179,5,,210.7,210.7,210.7,0.6,0.36,0.25
3646,5181,5,,5.95,5.95,5.95,0.6,0.36,0.25
3664,5199,4,,126.69,126.69,126.69,0.6,0.36,0.25
3666,5201,6,,95.2,95.2,158.2,0.6,0.36,0.25
3668,5203,4,,263.2,263.2,263.2,0.6,0.36,0.25
3669,5204,7,,130.9,130.9,162.4,0.6,0.36,0.25
3686,5221,4,,42.7,42.7,42.7,0.6,0.36,0.25
3692,5227,4,,158.2,158.2,158.2,0.6,0.36,0.25
3693,5228,5,,105.69,105.69,210.7,0.6,0.36,0.25
3696,5231,7,,158.2,105.7,158.2,0.6,0.36,0.25
3698,5233,3,funzionante,68.95,68.95,68.95,0.78,0.3,0.55
3698,5234,3,completa di giochi,158.2,158.2,158.2,0.78,0.3,0.55
3701,5237,4,1tb 1to,221.2,100.45,284.2,0.7,0.3,0.55
3701,5238,5,,210.7,210.7,289.45,0.7,0.3,0.55
3701,5239,2,1tb con giochi,294.7,294.7,294.7,0.7,0.3,0.55
3701,5240,5,the last of us part neuf,567.7,540.6,567.7,0.7,0.3,0.55
3707,5246,9,tera,84.7,79.45,126.7,0.7,0.31,0.45
3707,5247,4,500gb mandos originales perfecta,105.7,104.64,105.7,0.7,0.31,0.45
3707,5248,3,giochi accetto qualsiasi offerta 1tb piu jeux,210.7,158.2,305.2,0.7,0.31,0.45
3707,5249,6,joystick da 1tb con giochi,95.2,84.7,95.2,0.7,0.31,0.45
3707,5250,1,1tb perfette condizioni,158.2,158.2,158.2,0.7,0.31,0.45
3707,5251,4,new sealed,315.7,315.7,315.7,0.7,0.31,0.45
3707,5252,1,518gigas,79.45,79.45,79.45,0.7,0.31,0.45
3707,5253,1,manettes,210.7,210.7,210.7,0.7,0.31,0.45
3707,5254,2,500gb mit controllern the last of us sehr,110.95,105.7,116.2,0.7,0.31,0.45
3712,5259,3,da gaming,210.7,210.7,210.7,0.78,0.33,0.35
3712,5260,3,giochi,263.2,263.2,263.2,0.78,0.33,0.35
3713,5261,5,,110.95,110.95,110.95,0.6,0.36,0.25
3717,5265,4,,105.7,105.7,105.7,0.6,0.36,0.25
3718,5266,4,,19.6,19.6,19.6,0.6,0.36,0.25
3722,5270,4,,16.45,16.45,16.45,0.6,0.36,0.25
3739,5287,5,,21.6,21.6,21.6,0.6,0.36,0.25
3744,5292,4,,4.9,4.9,4.9,0.6,0.36,0.25
3753,5301,5,ps4 et,7.0,7.0,7.0,0.78,0.36,0.25
3753,5302,3,dracaufeu stand gaming pokemon xbox,10.15,10.15,10.15,0.78,0.36,0.25
3756,5305,4,,15.4,15.4,15.4,0.6,0.36,0.25
3766,5315,5,,23.8,23.8,23.8,0.6,0.36,0.25
3777,5326,5,,53.2,53.2,53.2,0.6,0.36,0.25
3777,5327,2,course apex pour,68.95,68.95,68.95,0.6,0.36,0.25
3781,5331,5,rwa ps5 ps4,126.7,126.7,126.7,0.78,0.33,0.35
3781,5332,4,comme neuf,105.7,105.7,105.7,0.78,0.33,0.35
3781,5333,1,,74.2,74.2,74.2,0.78,0.33,0.35
3783,5335,4,avec pedales,53.2,53.2,53.2,0.7,0.36,0.25
3783,5336,1,ps3,100.45,100.45,100.45,0.7,0.36,0.25
3783,5337,1,,37.45,37.45,37.45,0.7,0.36,0.25
3786,5340,5,,131.95,131.95,131.95,0.6,0.36,0.25
3787,5341,6,pedaliera,105.7,105.7,105.7,0.6,0.36,0.25
3788,5342,2,con pedales,44.8,44.8,44.8,0.6,0.36,0.25
3788,5343,3,,44.8,44.8,44.8,0.6,0.36,0.25
3794,5349,4,,89.95,89.95,89.95,0.6,0.36,0.25
3794,5350,1,ps4,68.95,68.95,68.95,0.6,0.36,0.25
3795,5351,3,,63.69,63.69,63.69,0.6,0.36,0.25
3795,5352,1,playstation,63.7,63.7,63.7,0.6,0.36,0.25
3796,5353,3,pedaliera,116.2,116.2,116.2,0.78,0.3,0.55
3796,5354,3,pedali,26.95,26.95,26.95,0.78,0.3,0.55
3797,5355,3,,84.7,84.7,84.7,0.6,0.36,0.25
3797,5356,1,ps4 ps5,158.2,158.2,158.2,0.6,0.36,0.25
3799,5358,10,,37.45,37.45,63.7,0.6,0.36,0.25
3799,5359,1,ps5,74.2,74.2,74.2,0.6,0.36,0.25
3799,5360,1,pc nuovo,47.95,47.95,47.95,0.6,0.36,0.25
3800,5361,4,,74.2,74.2,74.2,0.6,0.36,0.25
3801,5362,5,,68.95,68.95,68.95,0.6,0.36,0.25
3804,5365,4,,50.575,47.95,68.95,0.6,0.36,0.25
3810,5371,4,,7.0,7.0,7.0,0.6,0.36,0.25
3811,5372,4,,2.8,2.8,2.8,0.6,0.36,0.25
3812,5373,5,,1.75,1.75,1.75,0.6,0.36,0.25
3813,5374,4,,2.8,2.8,2.8,0.6,0.36,0.25
3818,5379,4,,5.43,5.43,5.43,0.6,0.36,0.25
3819,5380,4,,4.38,4.38,4.38,0.6,0.36,0.25
3820,5381,4,,2.8,2.8,2.8,0.6,0.36,0.25
3821,5382,4,,2.8,2.8,2.8,0.6,0.36,0.25
3824,5385,4,,4.9,4.9,4.9,0.6,0.36,0.25
3830,5391,5,,12.25,12.25,12.25,0.6,0.36,0.25
3834,5395,5,,5.95,5.95,5.95,0.6,0.36,0.25
3835,5396,5,,14.25,14.25,14.25,0.6,0.36,0.25
3840,5401,2,red,19.6,19.6,19.6,0.78,0.36,0.25
3840,5402,1,turquesa,19.6,19.6,19.6,0.78,0.36,0.25
3840,5403,6,bronce gold,19.6,19.6,19.6,0.78,0.36,0.25
3844,5407,6,neuves noires,15.4,15.4,15.4,0.78,0.36,0.25
3844,5408,11,ps of sweden polos neuves,17.5,15.4,18.55,0.78,0.36,0.25
3845,5409,16,,17.5,17.5,17.5,0.6,0.36,0.25
3851,5415,5,,89.95,89.95,89.95,0.6,0.36,0.25
3862,5426,4,,9.1,9.1,9.1,0.6,0.36,0.25
3868,5432,4,,11.2,11.2,11.2,0.6,0.36,0.25
3877,5441,4,,26.95,26.95,26.95,0.6,0.36,0.25
3878,5442,6,rouge,21.69,21.69,21.69,0.78,0.36,0.25
3878,5443,9,bleu,21.69,21.69,21.69,0.78,0.36,0.25
3878,5444,10,noir,21.69,21.69,21.69,0.78,0.36,0.25
3884,5450,5,,63.7,63.7,63.7,0.6,0.36,0.25
3885,5451,5,,32.2,21.7,32.2,0.6,0.36,0.25
3886,5452,4,,420.7,420.7,420.7,0.6,0.36,0.25
3891,5457,5,freischneider freischneideroder motorsensen,16.45,16.45,16.45,0.78,0.36,0.25
3892,5458,4,,157.15,157.15,157.15,0.6,0.36,0.25
3894,5460,4,,168.7,158.2,168.7,0.6,0.36,0.25
3895,5461,4,,116.15,116.15,116.15,0.6,0.36,0.25
3898,5464,5,,18.55,18.55,18.55,0.6,0.36,0.25
3899,5465,5,,5.95,5.95,5.95,0.6,0.36,0.25
3900,5466,5,,24.85,24.85,24.85,0.6,0.36,0.25
3908,5474,4,,13.3,13.3,13.3,0.6,0.36,0.25
3914,5480,6,,79.45,1.96,79.45,0.6,0.36,0.25
3916,5482,2,3ds starter pack,10.15,10.15,10.15,0.78,0.3,0.55
3916,5483,3,tump smash,2.8,2.8,2.8,0.78,0.3,0.55
3916,5484,2,starter pack,2.28,2.28,2.28,0.78,0.3,0.55
3916,5485,3,sthealt elf,2.28,2.28,2.28,0.78,0.3,0.55
3916,5486,3,dark,5.95,5.95,5.95,0.78,0.3,0.55
3916,5487,3,nfc coleccion completa,63.7,63.7,63.7,0.78,0.3,0.55
3917,5488,4,,13.3,13.3,13.3,0.6,0.36,0.25
3918,5489,3,trap shadow,17.5,17.5,17.5,0.78,0.3,0.55
3918,5490,3,pop thorn,4.9,4.9,4.9,0.78,0.3,0.55
3920,5492,2,high five,13.3,13.3,13.3,0.78,0.3,0.55
3920,5493,4,nfc coleccion completa,105.7,105.7,105.7,0.78,0.3,0.55
3920,5494,1,mini undead pack in box loose,20.64,20.64,20.64,0.78,0.3,0.55
3920,5495,3,cobra cadabra,10.15,10.15,10.15,0.78,0.3,0.55
3920,5496,1,enigma,56.34,56.34,56.34,0.78,0.3,0.55
3923,5499,4,,9.1,9.1,9.1,0.6,0.36,0.25
3924,5500,4,,189.7,189.7,189.7,0.6,0.36,0.25
3928,5504,4,,7.0,7.0,7.0,0.6,0.36,0.25
3946,5522,2,gb nero giochi,173.425,167.65,179.2,0.78,0.3,0.55
3946,5523,1,limited million new,765.0,765.0,765.0,0.78,0.3,0.55
3946,5524,1,controller million edition,53.2,53.2,53.2,0.78,0.3,0.55
3946,5525,1,slim gb nuova,525.7,525.7,525.7,0.78,0.3,0.55
3947,5526,5,,137.1,137.1,137.1,0.6,0.36,0.25
3949,5528,5,,3.85,3.85,3.85,0.6,0.36,0.25
3956,5535,4,,4.9,4.9,4.9,0.6,0.36,0.25
3959,5538,10,sony,32.2,32.2,32.2,0.65,0.36,0.25
3961,5540,4,,29.05,29.05,29.05,0.6,0.36,0.25
3969,5548,4,nuovo,38.5,38.5,53.2,0.7,0.31,0.45
3969,5549,5,con cavo,26.95,21.7,26.95,0.7,0.31,0.45
3969,5550,4,rosso nero funzionante ed in condizioni impeccabili,27.9,27.9,27.9,0.7,0.31,0.45
3969,5551,2,wireless dualshock come nuovo,23.79,23.79,23.79,0.7,0.31,0.45
3969,5552,2,dualshock rosso originale sony,37.45,37.45,37.45,0.7,0.31,0.45
3976,5559,4,,13.3,13.3,13.3,0.6,0.36,0.25
3977,5560,5,,4.38,4.38,4.38,0.6,0.36,0.25
3982,5565,4,,5.95,5.95,5.95,0.6,0.36,0.25
3983,5566,4,,21.7,21.7,21.7,0.6,0.36,0.25
3984,5567,5,,16.45,16.45,17.5,0.6,0.36,0.25
3984,5568,3,nuovo,32.2,32.2,32.2,0.6,0.36,0.25
3987,5571,4,,168.7,168.7,168.7,0.6,0.36,0.25
3988,5572,4,,26.95,26.95,26.95,0.6,0.36,0.25
3992,5576,17,sony plateado,32.2,16.45,37.45,0.6,0.36,0.25
4001,5585,2,dans sa boite blanc pour dilane,15.92,11.2,20.64,0.7,0.31,0.45
4001,5586,4,officielle,42.7,42.7,42.7,0.7,0.31,0.45
4001,5587,9,neuf,26.95,18.54,32.2,0.7,0.31,0.45
4001,5588,1,sony,42.7,42.7,42.7,0.7,0.31,0.45
4001,5589,1,bleu neuve,24.85,24.85,24.85,0.7,0.31,0.45
4001,5590,3,neuve rouge,26.95,26.95,26.95,0.7,0.31,0.45
4001,5591,1,noir neuve,24.85,24.85,24.85,0.7,0.31,0.45
4001,5592,1,dualshock v2,42.7,42.7,42.7,0.7,0.31,0.45
4006,5597,5,,15.4,15.4,15.4,0.6,0.36,0.25
4009,5600,4,,42.7,42.7,42.7,0.6,0.36,0.25
4011,5602,10,,79.45,79.45,79.45,0.6,0.36,0.25
4014,5605,14,,105.7,95.2,189.7,0.6,0.33,0.35
4016,5607,30,,158.2,126.7,263.2,0.6,0.3,0.55
4016,5608,27,,95.2,63.7,116.2,0.6,0.3,0.55
4017,5609,1,con giochi,179.2,179.2,179.2,0.65,0.3,0.55
4017,5610,1,perfettamente funzionante,105.7,105.7,105.7,0.65,0.3,0.55
4017,5611,1,,137.2,137.2,137.2,0.65,0.3,0.55
4017,5612,1,,252.7,252.7,252.7,0.65,0.3,0.55
4022,5617,3,giochi mandos un juego,121.45,100.45,168.7,0.78,0.33,0.35
4022,5618,1,scatola gran turismo,95.2,95.2,95.2,0.78,0.33,0.35
4030,5626,5,,5.95,5.95,5.95,0.6,0.36,0.25
4036,5632,3,1tb in condizioni perfette,199.15,189.7,210.7,0.65,0.33,0.35
4036,5633,1,giochi controller garanzia,294.7,294.7,294.7,0.65,0.33,0.35
4036,5634,4,,226.45,179.2,305.2,0.65,0.33,0.35
4036,5635,1,giochi,158.2,158.2,158.2,0.65,0.33,0.35
4037,5636,6,,116.2,116.2,315.7,0.6,0.36,0.25
4037,5637,1,slim controller cavi completi giochi,158.1,158.1,158.1,0.6,0.36,0.25
4037,5638,1,gold edition,137.2,137.2,137.2,0.6,0.36,0.25
4037,5639,1,en perfecto estado mando original,210.7,210.7,210.7,0.6,0.36,0.25
4039,5641,5,,126.7,126.7,126.7,0.6,0.36,0.25
4040,5642,11,,126.7,101.49,263.2,0.7,0.3,0.55
4040,5643,2,nera joystick,87.325,84.7,89.95,0.7,0.3,0.55
4040,5644,6,1tb da in condizioni pari al nuovo,110.95,105.7,158.2,0.7,0.3,0.55
4040,5645,2,500gb edicion limitada fortnite,168.7,168.7,168.7,0.7,0.3,0.55
4040,5646,1,cavi joystick base per caricarli,189.7,189.7,189.7,0.7,0.3,0.55
4040,5647,1,modificata fw con dualshok,158.2,158.2,158.2,0.7,0.3,0.55
4040,5648,2,1tb controller auricolari giochi,202.825,194.95,210.7,0.7,0.3,0.55
4040,5649,1,controller gioco f1,147.7,147.7,147.7,0.7,0.3,0.55
4040,5650,1,dualshock,210.7,210.7,210.7,0.7,0.3,0.55
4040,5651,1,1tb nuova vr worlds bundle completo nuovo,612.0,612.0,612.0,0.7,0.3,0.55
4040,5652,1,500gb joystick,147.7,147.7,147.7,0.7,0.3,0.55
4040,5653,1,con controller,105.7,105.7,105.7,0.7,0.3,0.55
4042,5655,8,,2.64,1.98,2.68,0.6,0.36,0.25
4056,5669,3,,83.65,83.65,83.65,0.6,0.36,0.25
4056,5670,1,jogos,242.2,242.2,242.2,0.6,0.36,0.25
4056,5671,1,in ottime condizioni,95.2,95.2,95.2,0.6,0.36,0.25
4068,5683,4,,95.2,95.2,95.2,0.6,0.36,0.25
4070,5685,4,,189.7,189.7,189.7,0.6,0.36,0.25
4074,5689,4,,105.7,95.2,105.7,0.6,0.36,0.25
4075,5690,4,mit,231.7,168.7,231.7,0.7,0.31,0.45
4075,5691,2,sony playstation perfettamente funzionante,110.95,110.95,110.95,0.7,0.31,0.45
4076,5692,8,joystrick fc cavi hdmi alimenta,126.7,126.7,126.7,0.7,0.36,0.25
4076,5693,3,neuve,163.45,84.7,210.7,0.7,0.36,0.25
4076,5694,1,1t,315.7,315.7,315.7,0.7,0.36,0.25
4085,5703,3,pro,231.7,231.7,231.7,0.7,0.3,0.55
4085,5704,1,500gb console accessori,84.7,84.7,84.7,0.7,0.3,0.55
4085,5705,1,,116.2,116.2,116.2,0.7,0.3,0.55
4085,5706,1,no ps4 ps5 xbox,95.19,95.19,95.19,0.7,0.3,0.55
4092,5713,7,,21.7,21.7,21.7,0.6,0.36,0.25
4096,5717,5,,11.1,11.1,11.1,0.6,0.36,0.25
4099,5720,4,,158.2,158.2,158.2,0.6,0.36,0.25
4100,5721,4,,21.7,21.7,21.7,0.6,0.36,0.25
4108,5729,7,,16.45,16.45,16.45,0.6,0.36,0.25
4110,5731,4,,11.2,11.2,11.2,0.6,0.36,0.25
4111,5732,4,,9.1,9.1,9.1,0.6,0.36,0.25
4112,5733,4,,10.15,10.15,10.15,0.6,0.36,0.25
4119,5740,4,,5.94,5.94,5.94,0.6,0.36,0.25
4121,5742,4,,37.45,37.45,37.45,0.6,0.36,0.25
4131,5752,5,,11.2,11.2,11.2,0.6,0.36,0.25
4135,5756,5,,11.2,11.2,11.2,0.6,0.36,0.25
4136,5757,4,,26.95,26.95,26.95,0.6,0.36,0.25
4137,5758,4,,210.7,210.7,210.7,0.6,0.36,0.25
4148,5769,4,,31.15,31.15,31.15,0.6,0.36,0.25
4152,5773,4,,11.2,11.2,11.2,0.6,0.36,0.25
4153,5774,4,,45.85,45.85,45.85,0.6,0.36,0.25
4156,5777,2,ps4 lenkrad pedale wie neu,113.57499999999999,95.2,131.95,0.78,0.31,0.45
4156,5778,1,volante pedais simtask pack ps4 pc,210.7,210.7,210.7,0.78,0.31,0.45
4156,5779,1,volante,94.15,94.15,94.15,0.78,0.31,0.45
4157,5780,4,thrustmaster volante,63.7,53.2,74.2,0.78,0.3,0.55
4157,5781,2,volante trusthmaster ferrari con pedaliera cockpit non incluso,137.2,137.2,137.2,0.78,0.3,0.55
4158,5782,2,et ps5 ps4 pc volant de course pedales,202.825,189.7,215.95,0.78,0.36,0.25
4158,5783,4,komplett set lenkrad,210.7,210.7,210.7,0.78,0.36,0.25
4160,5785,4,,273.7,273.7,273.7,0.6,0.36,0.25
4165,5790,4,,147.7,147.7,147.7,0.6,0.36,0.25
4167,5792,4,,118.825,110.95,126.7,0.6,0.33,0.35
4169,5794,5,,53.2,53.2,53.2,0.6,0.36,0.25
4174,5799,5,,121.45,121.45,121.45,0.6,0.36,0.25
4181,5806,5,,84.7,84.7,84.7,0.6,0.36,0.25
4185,5810,5,,19.6,19.6,19.6,0.6,0.36,0.25
4186,5811,4,,15.4,15.4,15.4,0.6,0.36,0.25
4190,5815,4,,42.7,42.7,42.7,0.6,0.36,0.25
4190,5816,3,turtle beach,32.2,32.2,32.2,0.6,0.36,0.25
4200,5826,5,,4.9,4.9,4.9,0.6,0.36,0.25
4201,5827,5,,32.2,32.2,32.2,0.6,0.36,0.25
4205,5831,5,pour,16.45,16.45,16.45,0.6,0.36,0.25
4209,5835,9,,16.45,16.45,16.45,0.6,0.36,0.25
4213,5839,5,,116.2,116.2,116.2,0.6,0.36,0.25
4224,5850,4,,16.45,16.45,16.45,0.6,0.36,0.25
4226,5852,4,,13.3,13.3,13.3,0.6,0.36,0.25
4227,5853,4,,9.1,9.1,9.1,0.6,0.36,0.25
4235,5861,3,ps4 mai aperto,6.99,6.99,6.99,0.78,0.36,0.25
4235,5862,5,con cartellino,6.99,6.99,6.99,0.78,0.36,0.25
