Title,Price,Brand,Size,Link,Likes,Dataid,MarketStatus,SearchDate,Images,SearchCount,Page,Upload_date
Blouse,7.0,christy,XXL / IT 48 / EU 44,https://www.vinted.it/items/6880612315-blouse?referrer=catalog,0,6880612315,On Sale,,https://images1.vinted.net/t/02_00ea1_6r9z8189SYoMjXUfGgrS9dqw/310x430/1755366601.webp?s=4de908bec0587d2a65bc7b7f22119806a1b90aaa,1,1,
Top noir sans manche,3.85,sans marque,S / IT 40 / EU 36,https://www.vinted.it/items/6880612178-top-noir-sans-manche?referrer=catalog,0,6880612178,On Sale,,https://images1.vinted.net/t/02_0200c_qfuaVCNsKH9WBXVUUGooF97x/310x430/1755366599.webp?s=3dfe0b2e202408cf7cfbca2e0b1de65477a047ca,1,1,
Tunique rayée,13.3,Zara Basic,XL / IT 46 / EU 42,https://www.vinted.it/items/6880612494-tunique-rayee?referrer=catalog,0,6880612494,On Sale,,https://images1.vinted.net/t/04_01a1d_8KYKMaWjEcmCBb3jgLDFsXhV/310x430/1755366603.webp?s=2d6e21aa962f5e51c7d66468f8b97f4450488b51,1,1,
T-shirt,1.75,TBS,M / IT 42 / EU 38,https://www.vinted.it/items/6880612445-t-shirt?referrer=catalog,0,6880612445,On Sale,,https://images1.vinted.net/t/01_025c5_ZA2RGdnVAP6175srYTQRv2fP/310x430/1755366602.webp?s=501c5f36c7c76b0a7e094bdc3b9189e2b7510fc4,1,1,
Haut kaki,2.8,Primark,S / IT 40 / EU 36,https://www.vinted.it/items/6880612329-haut-kaki?referrer=catalog,0,6880612329,On Sale,,https://images1.vinted.net/t/04_00d9c_AQZi1ebPtLvgAbqABBxhtMUW/310x430/1755366601.webp?s=aebb6a6056cc2c8e45ce60410d257bef397ad978,1,1,
Camiseta canalé Primark,4.9,Primark,XS / IT 38 / EU 34,https://www.vinted.it/items/6880612125-camiseta-canale-primark?referrer=catalog,0,6880612125,On Sale,,https://images1.vinted.net/t/04_00e16_tqdCuUuzBeShrJMKZCRGPMcJ/310x430/1755366598.webp?s=5834611687c7789597700aeb845d5d3b18c38864,1,1,
Tuniek mt L H&M,3.85,H&M,L / IT 44 / EU 40,https://www.vinted.it/items/6880577539-tuniek-mt-l-hm?referrer=catalog,0,6880577539,On Sale,,https://images1.vinted.net/t/04_01284_6RooVjLDaovpFKQrP2gzU74U/310x430/1755366226.webp?s=c2d70e5d89a58b23238b847ed734ed83461bccc7,1,1,
Camiseta Disney Mickey XL,3.85,Disney,XL / IT 46 / EU 42,https://www.vinted.it/items/6880612352-camiseta-disney-mickey-xl?referrer=catalog,0,6880612352,On Sale,,https://images1.vinted.net/t/01_020e4_j8HSCKptw4ykzcYRkc4k1z3j/310x430/1755366601.webp?s=a2a386dc73f1a1f699581e6625ee38580f6e9301,1,1,
lot 2 haut bandeaux,3.85,Shein,S / IT 40 / EU 36,https://www.vinted.it/items/6880612346-lot-2-haut-bandeaux?referrer=catalog,0,6880612346,On Sale,,https://images1.vinted.net/t/04_0216e_LPUtjaSTrBJBJMzL5LYqArTh/310x430/1755366601.webp?s=7f7e22c0274e68e9963537686e46cb0f87089b73,1,1,
Chemise zara,2.8,Zara,S / IT 40 / EU 36,https://www.vinted.it/items/6880611817-chemise-zara?referrer=catalog,0,6880611817,On Sale,,https://images1.vinted.net/t/01_00f39_KuVbc8BTumURDJbdEcmHDUyp/310x430/1755366595.webp?s=45c8a41bc38bbd5eefba07a72215f9cd2b71c8bd,1,1,
Lot pour femme,3.85,Zara,L / IT 44 / EU 40,https://www.vinted.it/items/6880611760-lot-pour-femme?referrer=catalog,0,6880611760,On Sale,,https://images1.vinted.net/t/04_004cf_Le3XR5nFzXraNmzVpq9hAbeg/310x430/1755366594.webp?s=9119427b9886017953c793fe816f179f775561b0,1,1,
Leichte Bluse mit Blumenmuster,5.95,Stradivarius,S / IT 40 / EU 36,https://www.vinted.it/items/6880611824-leichte-bluse-mit-blumenmuster?referrer=catalog,0,6880611824,On Sale,,https://images1.vinted.net/t/02_01b14_PaKCeyk9WteXxqpEnm2neqJv/310x430/1755366595.webp?s=5f9232b782928e4aac394e436d045e1ed9211118,1,1,
Top canotta con ricami e specchietti,47.95,No brand,XL / IT 46 / EU 42,https://www.vinted.it/items/6880611880-top-canotta-con-ricami-e-specchietti?referrer=catalog,0,6880611880,On Sale,,https://images1.vinted.net/t/01_02121_2H7yf2G4g271ypKanUV5cVtx/310x430/1755366596.webp?s=53dd739dd544dbfd7380253f9b34be2c3ee5dd7a,1,1,
Canotta a rete Diesel ricamato e vintage arancione e blu – originale e trendy,42.7,Diesel,M / IT 42 / EU 38,https://www.vinted.it/items/6870001789-canotta-a-rete-diesel-ricamato-e-vintage-arancione-e-blu-originale-e-trendy?referrer=catalog,0,6870001789,On Sale,,https://images1.vinted.net/t/02_00a40_qKWF9sn19kKWgDneGyPMC4iA/310x430/1755193631.webp?s=24197faebf427b30e5ac0baaf306778cd9315033,1,1,
Blouses,5.95,Valeroc paris,Altro,https://www.vinted.it/items/6880611832-blouses?referrer=catalog,0,6880611832,On Sale,,https://images1.vinted.net/t/01_02658_ktZGnUEc3kZZGfDdLKgTaFRR/310x430/1755366595.webp?s=1d5703ab289708717f7f3c9ea718c2b8b4837f33,1,1,
Camicia bianca 100% lino con collana in omaggio gio,11.2,herzmoden,L / IT 44 / EU 40,https://www.vinted.it/items/6880611844-camicia-bianca-100-lino-con-collana-in-omaggio-gio?referrer=catalog,0,6880611844,On Sale,,https://images1.vinted.net/t/04_00565_srKYoaejvyrapmgUfqegokGX/310x430/1755366595.webp?s=612df0138e3940b4108cb1089246aa9ff8f9008a,1,1,
Chemise à carreaux,13.3,No brand,M / IT 42 / EU 38,https://www.vinted.it/items/6880612111-chemise-a-carreaux?referrer=catalog,0,6880612111,On Sale,,https://images1.vinted.net/t/02_01482_RqbPeztvD5Au9ns2G1RW9h6r/310x430/1755366598.webp?s=7ded8b4bd5b60f3411dbe956ee1f4d95ab605893,1,1,
FBsister,1.75,FB Sister,XS / IT 38 / EU 34,https://www.vinted.it/items/6880601175-fbsister-t-shirt-hellblau-gr-xs?referrer=catalog,0,6880601175,On Sale,,https://images1.vinted.net/t/02_023d0_J1WpH47gPG6w49UZTqUZzL4J/310x430/r3/1755366601.webp?s=f7317228125579b6eeb54be0564ac587a97db720,1,1,
Chemisier,9.1,Juste Elles,S / IT 40 / EU 36,https://www.vinted.it/items/6880611772-chemisier?referrer=catalog,0,6880611772,On Sale,,https://images1.vinted.net/t/03_01370_cMoQ4pRYuJxxvxT9VkPkUd7w/310x430/1755366595.webp?s=95bbb7102bf2896006659d63b03606376d22e469,1,1,
Camisa de encaje,5.95,Local,M / IT 42 / EU 38,https://www.vinted.it/items/6880611777-camisa-de-encaje?referrer=catalog,0,6880611777,On Sale,,https://images1.vinted.net/t/01_020b6_ESWTHsa22bztBZ68HLwFPWjH/310x430/1755366595.webp?s=27d7d5165bbbbb32c4e8fa1edde26c08729a9b32,1,1,
Haut a bretelles beige taille L,2.28,Shein,L / IT 44 / EU 40,https://www.vinted.it/items/6880611786-haut-a-bretelles-beige-taille-l?referrer=catalog,0,6880611786,On Sale,,https://images1.vinted.net/t/04_021dd_1G1at7Wf16zJdQ5i9iAkJ7qJ/310x430/1755366595.webp?s=9cf88e67e4ab0767e168445aaa6caa510e01ffd5,1,1,
Camiseta south park,4.9,South Park,M / IT 42 / EU 38,https://www.vinted.it/items/6880612184-camiseta-south-park?referrer=catalog,0,6880612184,On Sale,,https://images1.vinted.net/t/04_01ff4_B35y3gwAexEyyVwReFM3SGsX/310x430/1755366599.webp?s=f02241794f4920f94e0475d4a776f67492521c2d,1,1,
COS Bluse altrosa Gr. XS,19.6,COS,XS / IT 38 / EU 34,https://www.vinted.it/items/6880611664-cos-bluse-altrosa-gr-xs?referrer=catalog,0,6880611664,On Sale,,https://images1.vinted.net/t/04_010ac_27SgMhhHaad93iTXggig9h1P/310x430/1755366593.webp?s=948de192a34f91e4404dc8a6dce5950cafb4ea0f,1,1,
Off-Shoulder Bluse,3.85,No brand,S / IT 40 / EU 36,https://www.vinted.it/items/6880611700-off-shoulder-bluse?referrer=catalog,0,6880611700,On Sale,,https://images1.vinted.net/t/02_01a72_v9Cr2EPjKxqcrYY9jGjD9dMX/310x430/1755366594.webp?s=55eb88d84881c4aab8040775693d2993b19a0a85,1,1,
Jolie blouse marine,20.65,Cotélac,M / IT 42 / EU 38,https://www.vinted.it/items/6880612040-jolie-blouse-marine?referrer=catalog,0,6880612040,On Sale,,https://images1.vinted.net/t/04_02619_Fkjk19FTAUp2Ri76W4zUyTFi/310x430/1755366597.webp?s=0b0f1ddbfaa324b59c5afed9302ea72d7c9ac505,1,1,
T shirt tommy Hilfiger,9.63,Tommy Hilfiger,XS / IT 38 / EU 34,https://www.vinted.it/items/6880611757-t-shirt-tommy-hilfiger?referrer=catalog,0,6880611757,On Sale,,https://images1.vinted.net/t/02_014ca_ZCQz7vBWaz2iePtmryCCGQSz/310x430/1755366594.webp?s=6449546b229e5315db265acd027a357986a5dc04,1,1,
Oberteil,3.85,Shein,XS / IT 38 / EU 34,https://www.vinted.it/items/6880612079-oberteil?referrer=catalog,0,6880612079,On Sale,,https://images1.vinted.net/t/04_01857_4ufMjJmHEs5yzJLdB2w8Kcz5/310x430/1755366598.webp?s=75d94ebc04dca2a4bc193fe2bae65003396314ba,1,1,
Top court rose/fuchsia,2.8,Shein,M / IT 42 / EU 38,https://www.vinted.it/items/994188005-top-court-rosefuchsia?referrer=catalog,0,994188005,On Sale,,https://images1.vinted.net/t/04_01e33_dNRJcTmy7tcz8u9ahiJrYQmH/310x430/1755366597.webp?s=a474866b309b2417b4114b51b346d296d74169ce,1,1,
Débardeur femme,2.8,Jennyfer,M / IT 42 / EU 38,https://www.vinted.it/items/6880611605-debardeur-femme?referrer=catalog,0,6880611605,On Sale,,https://images1.vinted.net/t/04_01230_C2ZPnQ467NVmzPMU2zuMyGr4/310x430/1755366592.webp?s=6d1131bdb6cec2ca7490e4372919766d2bfcaa59,1,1,
Top Blusa branca e verde,4.9,Vintage Dressing,M / IT 42 / EU 38,https://www.vinted.it/items/6880612050-top-blusa-branca-e-verde?referrer=catalog,0,6880612050,On Sale,,https://images1.vinted.net/t/01_01c31_jFkTw2qm3Nw31xiVHvNueuSS/310x430/1755366597.webp?s=971b11b4f2156a7eed0450f45a7eb3bc11666798,1,1,
Schönes neues Oberteil,9.1,Gina Benotti,6XL / IT 56 / EU 52,https://www.vinted.it/items/6880611581-schones-neues-oberteil?referrer=catalog,0,6880611581,On Sale,,https://images1.vinted.net/t/03_01239_ukBx4UEqsx939sAdP1zgrJK6/310x430/1755366592.webp?s=c053466943e12022eda829d70e8956baeab6661c,1,1,
Borsa manica 3/4,5.95,Bodyflirt,4XL / IT 52 / EU 48,https://www.vinted.it/items/6880611611-borsa-manica-34?referrer=catalog,0,6880611611,On Sale,,https://images1.vinted.net/t/04_010af_pvzhzUyD8ZQCRfdV1EQat6gr/310x430/1755366592.webp?s=b96e3e1f86a3c7ec087dd5f551d9c42a10e35f47,1,1,
Débardeur en soie vintage fuchsia,11.2,Monton,XS / IT 38 / EU 34,https://www.vinted.it/items/6880611561-debardeur-en-soie-vintage-fuchsia?referrer=catalog,0,6880611561,On Sale,,https://images1.vinted.net/t/03_01f46_PzaU2NtDu5Q14Gkjswjg24cQ/310x430/1755366592.webp?s=8a072133e49134a6f94c59c4ec13b15bd7e249b2,1,1,
Top maniche lunghe,4.9,H&M,M / IT 42 / EU 38,https://www.vinted.it/items/6880611550-top-maniche-lunghe?referrer=catalog,0,6880611550,On Sale,,https://images1.vinted.net/t/01_00e85_xMMCgDGZyArcpNT81veN9vG1/310x430/1755366592.webp?s=25be4e79422f535d05c03653ad0a182322ab2db3,1,1,
Crop top,1.75,H&M,XS / IT 38 / EU 34,https://www.vinted.it/items/6880611931-crop-top?referrer=catalog,0,6880611931,On Sale,,https://images1.vinted.net/t/01_00d0b_Vta3yw2wf3sJ29vxaogLvHyH/310x430/1755366596.webp?s=d6fd34125bbe67b81abec03a85c32750ea20b0d4,1,1,
Top lunares,13.3,Zalando,S / IT 40 / EU 36,https://www.vinted.it/items/6880611868-top-lunares?referrer=catalog,0,6880611868,On Sale,,https://images1.vinted.net/t/02_015f1_ENVrMSgtXdopjzubiNe2YJm1/310x430/1755366596.webp?s=64cd995fa50e951c06ccd0f0c5adcfd86d5691e1,1,1,
Blouse romantique noeud manches ballons,21.7,Vintage,L / IT 44 / EU 40,https://www.vinted.it/items/6880611411-blouse-romantique-noeud-manches-ballons?referrer=catalog,0,6880611411,On Sale,,https://images1.vinted.net/t/02_004cf_WUJRZ9rHmHHDiQSeNq9CwVUY/310x430/1755366590.webp?s=521e0200266c672f16c224e8906fd7b7ce660603,1,1,
Débardeur,3.85,Mim,S / IT 40 / EU 36,https://www.vinted.it/items/6880611449-debardeur?referrer=catalog,0,6880611449,On Sale,,https://images1.vinted.net/t/03_00b8d_vmwLfsvf58V2z3j62f6fG4HQ/310x430/1755366591.webp?s=866915007de65b8fb301d71cd1586ab815b9b663,1,1,
vêtement femme,2.8,Domyos,XL / IT 46 / EU 42,https://www.vinted.it/items/6880611363-vetement-femme?referrer=catalog,0,6880611363,On Sale,,https://images1.vinted.net/t/03_00291_ycW9koESkhUzQif5WrT3ZB6u/310x430/1755366590.webp?s=a7dd4da1f6a569025dd1b31f14fea7bb83a18a9e,1,1,
top shein,1.75,Shein,M / IT 42 / EU 38,https://www.vinted.it/items/6880606052-top-shein?referrer=catalog,0,6880606052,On Sale,,https://images1.vinted.net/t/01_00a22_BcJC6rq4d7skK1ekrFXdECrk/310x430/1755366532.webp?s=cf34d0ccf93e86f9b82ddb14f46b953234564c33,1,1,
Body manche longue,5.95,No brand,S / IT 40 / EU 36,https://www.vinted.it/items/6880611296-body-manche-longue?referrer=catalog,0,6880611296,On Sale,,https://images1.vinted.net/t/02_006a4_MSUo1UmMdgMb1bP3EsrjxknS/310x430/1755366589.webp?s=e9de411f89490181147fe191645e498736cd0d31,1,1,
Blauwe top,3.85,Esprit,XXL / IT 48 / EU 44,https://www.vinted.it/items/6880611272-blauwe-top?referrer=catalog,0,6880611272,On Sale,,https://images1.vinted.net/t/04_02170_DeZZ83YK1gFSGKQZywRAbdwS/310x430/1755366589.webp?s=8b99527d48029e9505599ea8246817495c78b122,1,1,
T-shirt NASA blanc-gris,3.85,H&M,L / IT 44 / EU 40,https://www.vinted.it/items/6880611396-t-shirt-nasa-blanc-gris?referrer=catalog,0,6880611396,On Sale,,https://images1.vinted.net/t/04_01817_5FahqXHWh3bxfPwtdEEdHYQ4/310x430/1755366590.webp?s=e4595a25c3357ec878feb0502e48891646e2e33b,1,1,
Camicia elegante,7.0,Rinascimento,XS / IT 38 / EU 34,https://www.vinted.it/items/6880611289-camicia-elegante?referrer=catalog,0,6880611289,On Sale,,https://images1.vinted.net/t/03_00a31_gkMCin8ju8MZphe8qkqJCuUi/310x430/1755366589.webp?s=c063cebeca8bed0eb99aa4f0224682cbaf187c13,1,1,
lilanes leicht gecroptes Top,2.28,Shein,S / IT 40 / EU 36,https://www.vinted.it/items/6880611309-lilanes-leicht-gecroptes-top?referrer=catalog,0,6880611309,On Sale,,https://images1.vinted.net/t/04_00c4b_CtmnkKXuhnFCYruPJzmZE19j/310x430/1755366589.webp?s=269b6dc3df504cf961cc7f0f3e1dbe1c8dceea05,1,1,
Tunique,4.9,Shein,XXXL / IT 50 / EU 46,https://www.vinted.it/items/6880611311-tunique?referrer=catalog,0,6880611311,On Sale,,https://images1.vinted.net/t/03_023c3_aCjSShLXdBKkHs3RKnHESEnY/310x430/1755366589.webp?s=c702ca4134b679c566366b21edc90081cd0047c8,1,1,
lot tops shein & pimkie,3.85,Pimkie,S / IT 40 / EU 36,https://www.vinted.it/items/6880611398-lot-tops-shein-pimkie?referrer=catalog,0,6880611398,On Sale,,https://images1.vinted.net/t/02_01580_YdfKaAqz6gYBxCUA1ta7M9i8/310x430/1755366590.webp?s=96a2a30bedefce6aad130b5824081a483e943130,1,1,
G-Maxx topje,8.05,G-MAXX,XL / IT 46 / EU 42,https://www.vinted.it/items/6880611224-g-maxx-topje?referrer=catalog,0,6880611224,On Sale,,https://images1.vinted.net/t/03_0120d_Esfq6nLti6ze4Qq8PeT2b8Bk/310x430/1755366588.webp?s=3e82d4705a7de4ed0fcb79b678f0dbfc80972f32,1,1,
Top H&M,1.75,H&M,S / IT 40 / EU 36,https://www.vinted.it/items/6880611353-top-hm?referrer=catalog,0,6880611353,On Sale,,https://images1.vinted.net/t/01_005c9_zJucGRVjPkap6W1nKHCFeREo/310x430/1755366590.webp?s=9ca187ae0fc7feff9eeb8ef83a4baa999b965dee,1,1,
T-shirt rose vif Esprit taille XS,3.85,Esprit,XS / IT 38 / EU 34,https://www.vinted.it/items/6880611153-t-shirt-rose-vif-esprit-taille-xs?referrer=catalog,0,6880611153,On Sale,,https://images1.vinted.net/t/04_021e8_WRnhaL536nRbJkGSHR99gQvB/310x430/1755366587.webp?s=281f8e3e4192bd0e3640d05400c31887c72780b2,1,1,
Camiseta crop,1.75,Lefties,S / IT 40 / EU 36,https://www.vinted.it/items/6880611537-camiseta-crop?referrer=catalog,0,6880611537,On Sale,,https://images1.vinted.net/t/01_0050a_N3U8mPEUcGb6pioabSMz2p56/310x430/1755366592.webp?s=62ef1b49d0465e4cd0d255c77e5ca2f8d4e2af2b,1,1,
Polo Bien Bleu,3.33,Bien Bleu,L / IT 44 / EU 40,https://www.vinted.it/items/6880611138-polo-bien-bleu-kleur-foto-2-representatief?referrer=catalog,0,6880611138,On Sale,,https://images1.vinted.net/t/02_0102d_tbwQvuXisNut1kJD8nxLF7iY/310x430/1755366587.webp?s=35b83f7f3bacdc73c88443a975db8202ed7b27c1,1,1,
T-Shirt,5.95,Gerry Weber,XXL / IT 48 / EU 44,https://www.vinted.it/items/6880611635-t-shirt?referrer=catalog,0,6880611635,On Sale,,https://images1.vinted.net/t/03_01a8f_Zta79uWoiXfYzj21jbGVRCXB/310x430/1755366593.webp?s=c1e538b38682936025bf581c948edf8a42fd488f,1,1,
Zwart mouwloos truitje Zara,2.8,Zara,S / IT 40 / EU 36,https://www.vinted.it/items/6880611207-zwart-mouwloos-truitje-zara?referrer=catalog,0,6880611207,On Sale,,https://images1.vinted.net/t/02_009e5_aQ6HyJBfEu2SJettDE6p655U/310x430/1755366588.webp?s=e1ef26893a51c5ef1f6f29f20ffb71830d409a76,1,1,
Haut d’été,3.85,H&M,XS / IT 38 / EU 34,https://www.vinted.it/items/6880611461-haut-dete?referrer=catalog,0,6880611461,On Sale,,https://images1.vinted.net/t/02_0047a_HBAML1hyKC6jaiJ43VuVFUSL/310x430/1755366591.webp?s=982fea76ce0a69bf48ba2179cf619cc4935c8cfc,1,1,
Pink top,2.8,Shein,XS / IT 38 / EU 34,https://www.vinted.it/items/6880611639-pink-top?referrer=catalog,0,6880611639,On Sale,,https://images1.vinted.net/t/04_002b5_spNFHmDSKwQJyWvBJpAJJKLT/310x430/1755366593.webp?s=0782c2c1ea72d4305060170f9fdcbc3e57433ecb,1,1,
Camisa azul celeste con rombos beige pequeños,16.45,Zara Trafaluc,S / IT 40 / EU 36,https://www.vinted.it/items/6880611063-camisa-azul-celeste-con-rombos-beige-pequenos?referrer=catalog,0,6880611063,On Sale,,https://images1.vinted.net/t/03_00b3b_jEfEe8cCVCX8VtZY3z2VnEbh/310x430/1755366587.webp?s=a0a54e4c0e6e191eeeb77c3f5b720ed45acf0acf,1,1,
Neues weißes Shirt von BPC Bonprix Gr.48/50 - 100% Baumwolle,10.15,Bonprix,4XL / IT 52 / EU 48,https://www.vinted.it/items/6880610980-neues-weisses-shirt-von-bpc-bonprix-gr4850-100-baumwolle?referrer=catalog,0,6880610980,On Sale,,https://images1.vinted.net/t/04_01f08_oVxBPfq6nJzmdd8c9UWwScDB/310x430/1755366586.webp?s=99545f6d1f657fccae2679d8c25ef447cfe6e829,1,1,
Langarmshirt,2.8,Amisu,S / IT 40 / EU 36,https://www.vinted.it/items/6880611403-langarmshirt?referrer=catalog,0,6880611403,On Sale,,https://images1.vinted.net/t/04_0032c_9rzVbAfTTyftvStHtznUHwXA/310x430/1755366590.webp?s=b5f9e4cb7756dc33d0b14b5f3fd4c56bcef32fc9,1,1,
Bluse boho braun,4.9,New Yorker,S / IT 40 / EU 36,https://www.vinted.it/items/6880610853-bluse-boho-braun?referrer=catalog,0,6880610853,On Sale,,https://images1.vinted.net/t/04_01f3d_vaFeHrqto7Ww4bFhdD4cGUZq/310x430/1755366584.webp?s=a30609559414d9cddddec69929a4839ad17abbf2,1,1,
Crop top rose,1.75,H&M,S / IT 40 / EU 36,https://www.vinted.it/items/6880605485-crop-top-rose?referrer=catalog,0,6880605485,On Sale,,https://images1.vinted.net/t/04_0204e_gtA1pEcyCQABCkxz9NTtQTwZ/310x430/1755366526.webp?s=38b94eb9f1be1e2bea9036a2cd6145fbdf4c7484,1,1,
T-shirt Dames,4.85,Primark,M / IT 42 / EU 38,https://www.vinted.it/items/6880610802-t-shirt-dames?referrer=catalog,0,6880610802,On Sale,,https://images1.vinted.net/t/02_01b92_XRLu2pPVirhDFy2ci58Dea37/310x430/1755366584.webp?s=377ae4b0b2fa76ba4fbf56fb3ac9b2a92430dd86,1,1,
Haut Naf Naf Femme – Taille L – Chic dentelle blanche,4.9,Naf Naf,L / IT 44 / EU 40,https://www.vinted.it/items/6880610803-haut-naf-naf-femme-taille-l-chic-dentelle-blanche?referrer=catalog,0,6880610803,On Sale,,https://images1.vinted.net/t/04_024a0_xcHuxVL6XJSgybQHYoU4bXAQ/310x430/1755366584.webp?s=8eddab40b8f190befd8b9cbf323a34e8c88f4898,1,1,
Top Zara,7.0,Zara,M / IT 42 / EU 38,https://www.vinted.it/items/6880611050-top-zara?referrer=catalog,0,6880611050,On Sale,,https://images1.vinted.net/t/04_026df_3MKbqpgfpkAQGXFMkvoSyH5x/310x430/1755366586.webp?s=9e296b03b8e38b1228b1ada4137a9262c30762a5,1,1,
Chemise femme Gaastra,7.0,Gaastra,XXL / IT 48 / EU 44,https://www.vinted.it/items/6880610790-chemise-femme-gaastra-xxl?referrer=catalog,0,6880610790,On Sale,,https://images1.vinted.net/t/01_019f6_pGg4RT9Y6eaZQS1uDea9rP8K/310x430/1755366583.webp?s=1e61a664a77fe6ad6ea12caf0dc50fcfc3316d06,1,1,
Haut épaule dénudée orange,4.9,New Yorker,S / IT 40 / EU 36,https://www.vinted.it/items/6880610787-haut-epaule-denudee-orange?referrer=catalog,0,6880610787,On Sale,,https://images1.vinted.net/t/01_0114f_9dmPJaoTnVpPXxBortjsJM47/310x430/1755366583.webp?s=4e39b456e85e00f464b62b73fb40aae110200bca,1,1,
Tunique,13.3,Salsa,XL / IT 46 / EU 42,https://www.vinted.it/items/6880610748-tunique?referrer=catalog,0,6880610748,On Sale,,https://images1.vinted.net/t/03_0091f_327dwvnj5kLThwVy2noSKcaY/310x430/1755366583.webp?s=38bb0c11afd842ba7fda9bf0578a179ceb9dffdd,1,1,
Prachtige blousje shirt top 42 msmode,7.0,M&S Mode,XL / IT 46 / EU 42,https://www.vinted.it/items/6880610705-prachtige-blousje-shirt-top-42-msmode?referrer=catalog,0,6880610705,On Sale,,https://images1.vinted.net/t/03_00820_q8GWMeHJwXwakDALX7fm1JP7/310x430/1755366583.webp?s=bf4f63731a4aaca40bd43bfe084d5e16e0f05fcd,1,1,
Top brodé dos nu,11.2,Zara,M / IT 42 / EU 38,https://www.vinted.it/items/6880611132-top-brode-dos-nu?referrer=catalog,0,6880611132,On Sale,,https://images1.vinted.net/t/01_025e8_virYC1GkcQ69oyorFXyY28CL/310x430/1755366587.webp?s=c80bbeaa334f161758651e13ddd0fe08b2b1fdf6,1,1,
Rood blauwe blouse van Zara,5.95,Zara,S / IT 40 / EU 36,https://www.vinted.it/items/6880610987-rood-blauwe-blouse-van-zara?referrer=catalog,0,6880610987,On Sale,,https://images1.vinted.net/t/03_00eb2_WsHeD9B7ukVFTGYCwnuFkAHU/310x430/1755366586.webp?s=6b23129cd9234eef4838172eb6f44f908f93bb1b,1,1,
schwarzes Top 🎀,2.8,New Look,S / IT 40 / EU 36,https://www.vinted.it/items/6880610895-schwarzes-top?referrer=catalog,0,6880610895,On Sale,,https://images1.vinted.net/t/03_02353_7ncs8U1EfyoNncViJmndqDcH/310x430/1755366585.webp?s=6be4044177b2dd0bdce7ba9a3b30e2bb7155c063,1,1,
Polo rayé,5.95,Tommy Hilfiger,S / IT 40 / EU 36,https://www.vinted.it/items/6880610416-polo-raye?referrer=catalog,0,6880610416,On Sale,,https://images1.vinted.net/t/02_007e9_QcusqDYawVYVuagUp2JBV3n7/310x430/1755366580.webp?s=41e1fcb7d2d6c3eb82dd9b74a90d167fd7190d37,1,1,
Grünes Top,11.2,ARKET,XS / IT 38 / EU 34,https://www.vinted.it/items/6880610932-grunes-top?referrer=catalog,0,6880610932,On Sale,,https://images1.vinted.net/t/01_01dd9_QTodtZGZjXxj7neX9N7BhUPk/310x430/1755366585.webp?s=41676e41564f95f6d9f9b15fd9491c9d65a7ad8a,1,1,
Schwarzes langarm T-Shirt,3.85,Sonstiges,S / IT 40 / EU 36,https://www.vinted.it/items/6880610612-schwarzes-langarm-t-shirt?referrer=catalog,0,6880610612,On Sale,,https://images1.vinted.net/t/01_01834_4guimGAa2JcL9j9Xtt3ieqGt/310x430/1755366581.webp?s=25903699a1b07cd41cb459ced02ef7c5c5297906,1,1,
Tee-shirt côtelé bleu,2.28,Cache Cache,M / IT 42 / EU 38,https://www.vinted.it/items/6880610320-tee-shirt-cotele-bleu?referrer=catalog,0,6880610320,On Sale,,https://images1.vinted.net/t/03_02507_rhszT5WYRN53dTBbCVPNuade/310x430/1755366579.webp?s=db5cbb0113bfbbedac40e37037c7d7e63cc50c29,1,1,
Rosa pink lace longsleeve turtleneck,42.7,SKY.STARSIGNS,S / IT 40 / EU 36,https://www.vinted.it/items/6880610399-rosa-pink-lace-longsleeve-turtleneck?referrer=catalog,0,6880610399,On Sale,,https://images1.vinted.net/t/03_00b35_m69A73gniyNispmUrcRLvEzm/310x430/1755366579.webp?s=5d60fc11687ff33258c1e39888992b6da3da2d91,1,1,
T-shirt shoeby,4.9,Shoeby,S / IT 40 / EU 36,https://www.vinted.it/items/6880610481-t-shirt-shoeby?referrer=catalog,0,6880610481,On Sale,,https://images1.vinted.net/t/02_010d6_NN8E9thBPBws7QZM5Lx7DmBf/310x430/1755366580.webp?s=e34c2aa9503437599306f91b6631ed9d170c5241,1,1,
Wauw  top,5.95,WAUW Design,M / IT 42 / EU 38,https://www.vinted.it/items/6880610378-wauw-top?referrer=catalog,0,6880610378,On Sale,,https://images1.vinted.net/t/01_00e3c_apft95EZzcd6BnQ3bxCkB7oS/310x430/1755366579.webp?s=8a94b6f1471cad28b128a35c817d840686097bca,1,1,
Adidas Sport Tshirt,11.2,adidas,XS / IT 38 / EU 34,https://www.vinted.it/items/6880610443-adidas-sport-tshirt?referrer=catalog,0,6880610443,On Sale,,https://images1.vinted.net/t/01_01a4f_c5xZKLhPR1MvR9YEiGfaww8x/310x430/1755366580.webp?s=7cc3cb340d4240846e3b95cab3268f63e3af357c,1,1,
Shirt mit Stickerei,7.0,s.Oliver,M / IT 42 / EU 38,https://www.vinted.it/items/6880610365-shirt-mit-stickerei?referrer=catalog,0,6880610365,On Sale,,https://images1.vinted.net/t/03_00dc9_Hveft1Dys9pNZNcTCWLg7JPQ/310x430/1755366579.webp?s=3f514801022eb41ae1e972f347782b6090a6ecda,1,1,
Blusa,8.05,Massimo Dutti,M / IT 42 / EU 38,https://www.vinted.it/items/6880610349-blusa?referrer=catalog,0,6880610349,On Sale,,https://images1.vinted.net/t/04_0088f_25Hhh3xQek7tBNQ6uEie3w28/310x430/1755366579.webp?s=27d31a002d9d4db831570a7fc7592ea0381fba8a,1,1,
Body amarillo caracola,11.2,Zara,S / IT 40 / EU 36,https://www.vinted.it/items/6880610745-body-amarillo-caracola?referrer=catalog,0,6880610745,On Sale,,https://images1.vinted.net/t/01_00715_8mhmR4TKE2q3MqLU22hCWA8X/310x430/1755366583.webp?s=54242177192926d50b03dd4241dce22e46dab56a,1,1,
Body léopard Zara,11.2,Zara,M / IT 42 / EU 38,https://www.vinted.it/items/6880610586-body-leopard-zara?referrer=catalog,0,6880610586,On Sale,,https://images1.vinted.net/t/02_009be_gQjg7owQHmM8YJHbNapUfAGq/310x430/1755366581.webp?s=49ff6ced1334352bd8909e5a4f6fd26603e3665e,1,1,
T-shirt manche chauve-souris,1.75,Kiabi,S / IT 40 / EU 36,https://www.vinted.it/items/6880610314-t-shirt-manche-chauve-souris?referrer=catalog,0,6880610314,On Sale,,https://images1.vinted.net/t/04_014a3_PHm8eKL3Tjm5suP6iRHVxq4k/310x430/1755366578.webp?s=b54683d3bfa5eb8be6d5374b8bdc5cc5dbed93c4,1,1,
Leuk Heineken shirt,4.9,Heineken,M / IT 42 / EU 38,https://www.vinted.it/items/6880609967-leuk-heineken-shirt?referrer=catalog,0,6880609967,On Sale,,https://images1.vinted.net/t/04_00e9a_BhtD38LfzVdyJ25YAeuLNmYA/310x430/1755366575.webp?s=53ac94e751bd8a8c2c529f58e29593927d42258c,1,1,
P&B Top,8.05,Pull & Bear,S / IT 40 / EU 36,https://www.vinted.it/items/6880610358-pb-top?referrer=catalog,0,6880610358,On Sale,,https://images1.vinted.net/t/04_0263b_zW5iiEpRUPtJxCkuRvCBvEBt/310x430/1755366579.webp?s=3af3cdc3183aae7191a3387f8e7c10f2407d066e,1,1,
Haut a paillettes,5.95,H&M,S / IT 40 / EU 36,https://www.vinted.it/items/6880610473-haut-a-paillettes?referrer=catalog,0,6880610473,On Sale,,https://images1.vinted.net/t/01_01ca8_jgnYnHRxgLRADc2RsSFBFDek/310x430/1755366580.webp?s=9cc27fccb94fc435d1356c0b62ad92ce71c0edd0,1,1,
Blouse neuve taille 46,19.6,Grain de Malice,XXXL / IT 50 / EU 46,https://www.vinted.it/items/6880610581-blouse-neuve-taille-46?referrer=catalog,0,6880610581,On Sale,,https://images1.vinted.net/t/02_00cfb_4ivaz2RDm9JkjnV4fADLCYc2/310x430/1755366581.webp?s=1356a16b28a4957533533c2bb68871683b923126,1,1,
COS Cashmere Knit Top,47.95,COS,XS / IT 38 / EU 34,https://www.vinted.it/items/6880610279-cos-cashmere-knit-top?referrer=catalog,0,6880610279,On Sale,,https://images1.vinted.net/t/04_02669_rsh9g3nqVkzLoNGAEv8Apnge/310x430/1755366578.webp?s=d762a0cfc23be5d2f864a4e8162c62e480e0f3cc,1,1,
Camisa gasa Zara talla M.,7.0,Zara,M / IT 42 / EU 38,https://www.vinted.it/items/6880572480-camisa-gasa-zara-talla-m?referrer=catalog,0,6880572480,On Sale,,https://images1.vinted.net/t/04_01d0b_Z5vBdPxLy5WxwPMx1reFG12S/310x430/1755366172.webp?s=81490956a92d90f634e308704fdb80ee376e7a4b,1,1,
T-shirt polo Vicomte Arthur taille 2,19.6,Vicomte Arthur,S / IT 40 / EU 36,https://www.vinted.it/items/6880610323-t-shirt-polo-vicomte-arthur-taille-2?referrer=catalog,0,6880610323,On Sale,,https://images1.vinted.net/t/01_014e0_sHN39acqpCSYyCAweHpCqCnY/310x430/1755366579.webp?s=114f73982ca92c9e6b929ee00c7925c08ed5d892,1,1,
Blouse fleurie à manches longues Morgan taille 34 comme neuve,26.95,Morgan,XS / IT 38 / EU 34,https://www.vinted.it/items/6880609955-blouse-fleurie-a-manches-longues-morgan-taille-34-comme-neuve?referrer=catalog,0,6880609955,On Sale,,https://images1.vinted.net/t/03_00c31_uyTDFVuzuWW1KwMpjrLDn95w/310x430/1755366575.webp?s=bc0c0093d8f060cc3f57b34cb3763226f1b749ba,1,1,
H&M Longsleeve,3.33,H&M,S / IT 40 / EU 36,https://www.vinted.it/items/6880610299-hm-longsleeve?referrer=catalog,0,6880610299,On Sale,,https://images1.vinted.net/t/01_01a38_tQbPFJZd2wTXD3VkfNCsUStz/310x430/1755366578.webp?s=759380f5c793e143c06acb4d9d5147c220d13af8,1,1,
Blouse By Bar maat M,24.33,By-bar,M / IT 42 / EU 38,https://www.vinted.it/items/6880610685-blouse-by-bar-maat-m?referrer=catalog,0,6880610685,On Sale,,https://images1.vinted.net/t/04_014e0_XbXeRposiZXcs2WFytYQsLbt/310x430/1755366582.webp?s=49389f56fca928ccfcafa2878fc6cde13fff5251,1,1,
Blouse met print.,9.1,JEFF,M / IT 42 / EU 38,https://www.vinted.it/items/6880610604-blouse-met-print?referrer=catalog,0,6880610604,On Sale,,https://images1.vinted.net/t/02_01a76_oH4dphHSZ1cN8qgZDHfCzwYm/310x430/1755366581.webp?s=0fedcceef63de58f8ed81d70edae9e3170682702,1,1,
Casacca donna,3.33,Zuiki,L / IT 44 / EU 40,https://www.vinted.it/items/6880610533-casacca-donna?referrer=catalog,0,6880610533,On Sale,,https://images1.vinted.net/t/04_01f33_jeCBcPvPGrX7w3J5a9rcZLfT/310x430/1755366581.webp?s=c3e651618723e2dc03bc2ee8546a8680752dc9bf,1,1,
Pull vintage bon état,3.85,No brand,L / IT 44 / EU 40,https://www.vinted.it/items/6880830384-pull-vintage-bon-etat?referrer=catalog,0,6880830384,On Sale,,https://images1.vinted.net/t/01_00e53_LdPvNhxdHs6smH9sBUsR81MZ/310x430/1755369089.webp?s=e1abac26c39074f5bfc8f11a9828b9c9e76cf485,1,1,
Pullunder karo Muster XL,8.05,Jessica,XL / IT 46 / EU 42,https://www.vinted.it/items/6880830706-pullunder-karo-muster-xl?referrer=catalog,0,6880830706,On Sale,,https://images1.vinted.net/t/02_00c9d_8M8NEW8ruYkmahfgac2GD6ZZ/310x430/1755369092.webp?s=11fe18b6a67b16c7efef5f8dc32c516bcb0fdc10,1,1,
Blouse,3.33,Vero Moda,L / IT 44 / EU 40,https://www.vinted.it/items/6880830544-blouse?referrer=catalog,0,6880830544,On Sale,,https://images1.vinted.net/t/04_026ec_RSEMSbYPU6cb6E6PWs6xwbgM/310x430/1755369090.webp?s=876824968ec80c53f7d92cfa961450cc365a0672,1,1,
Top negro talla L,15.4,Shein,L / IT 44 / EU 40,https://www.vinted.it/items/6880829525-top-negro-talla-l?referrer=catalog,19,6880829525,On Sale,,https://images1.vinted.net/t/01_0183e_oxVUQpjJWdcg8YR6f5HwgMuF/310x430/1755369079.webp?s=b0f65c4061a9db50b3e178b8bb9166c17a588469,1,1,
Pulli weis XS,4.38,Sonstiges,XS / IT 38 / EU 34,https://www.vinted.it/items/6880830650-pulli-weis-xs?referrer=catalog,0,6880830650,On Sale,,https://images1.vinted.net/t/02_0166b_5dPCV5m1FzRizigyet7PaSpV/310x430/1755369092.webp?s=a78c4d772efa0029bd2f67a1ffb673043de96257,1,1,
Steilman blouse maat 50,8.58,steilmann,4XL / IT 52 / EU 48,https://www.vinted.it/items/6880821142-steilman-blouse-maat-50?referrer=catalog,0,6880821142,On Sale,,https://images1.vinted.net/t/03_0071a_Es5MZQHQnAkrozw7aZQ2r94B/310x430/1755368980.webp?s=64714b9a8bbf722dd9997dbb9136fa346c54d528,1,1,
Top chaleco Stradivarius,13.3,Stradivarius,L / IT 44 / EU 40,https://www.vinted.it/items/6880830079-top-chaleco-stradivarius?referrer=catalog,0,6880830079,On Sale,,https://images1.vinted.net/t/01_025d4_7xB3EJvnSZvpd9jVFyNvcG4D/310x430/1755369085.webp?s=19396d52a5df4b481a9027a4adea64fc20b19cb3,1,1,
Schwarze Bluse,5.95,H&M,XL / IT 46 / EU 42,https://www.vinted.it/items/6880829909-schwarze-bluse?referrer=catalog,0,6880829909,On Sale,,https://images1.vinted.net/t/02_01e43_kWzWnQszSwTvrC7AXXwpdAfT/310x430/1755369083.webp?s=2604018cc8016c291adb5bf5ef40b3bd71fa7bea,1,1,
Body rouge,4.89,Don't Call Me Jennyfer,L / IT 44 / EU 40,https://www.vinted.it/items/6880829957-body-rouge?referrer=catalog,0,6880829957,On Sale,,https://images1.vinted.net/t/03_02309_6SGP7ASTz9fByZKTGg5cxYMV/310x430/1755369084.webp?s=2eb23a8eed7fdb3c4a3f237995b2050daecfb8ee,1,1,
Débardeur,1.75,La Halle,S / IT 40 / EU 36,https://www.vinted.it/items/6880830059-debardeur?referrer=catalog,0,6880830059,On Sale,,https://images1.vinted.net/t/04_0204e_7cXxjYCzxqkJvaZ2Knf1FWRQ/310x430/1755369085.webp?s=23b1547d21d16903ce1a7d5e42ee87897481e82c,1,1,
Seiden Top,15.4,Sonstiges,S / IT 40 / EU 36,https://www.vinted.it/items/6880829989-seiden-top?referrer=catalog,0,6880829989,On Sale,,https://images1.vinted.net/t/01_016f4_a1nRXasts1aVXE7SdrQxmuLW/310x430/1755369084.webp?s=abfac774c593355bec3d1278447ed00eb9e2af19,1,1,
Short sleeve | Black,13.25,Local,M / IT 42 / EU 38,https://www.vinted.it/items/6880829985-short-sleeve-black?referrer=catalog,0,6880829985,On Sale,,https://images1.vinted.net/t/04_009ea_yTV4fT9zwadezqBJPUiSVpUk/310x430/1755369084.webp?s=fcbb262fe74cb409d52aa8d84318001394de310a,1,1,
Crop top détail couture fleurs coton,3.33,dream lady,XS / IT 38 / EU 34,https://www.vinted.it/items/6880829948-crop-top-detail-couture-fleurs-coton?referrer=catalog,0,6880829948,On Sale,,https://images1.vinted.net/t/02_00139_Km95Z5pNhviEfk3n3YCurQKE/310x430/1755369084.webp?s=15a9f51dc2739f7e7abfd02313580f2aeeb7a4b7,1,1,
Débardeur taille M noire,11.2,Zara,M / IT 42 / EU 38,https://www.vinted.it/items/6880829969-debardeur-taille-m-noire?referrer=catalog,0,6880829969,On Sale,,https://images1.vinted.net/t/02_00923_ikG5yyRyWy3soXpgwwMMA3xH/310x430/1755369084.webp?s=43f38bcf2bc196a3b77a3cfef43fd62724061da0,1,1,
Blouse Zara,4.9,Zara,S / IT 40 / EU 36,https://www.vinted.it/items/6880829913-blouse-zara?referrer=catalog,0,6880829913,On Sale,,https://images1.vinted.net/t/04_007da_bsyPEsRTrvQ6BsrCmAPKuW4v/310x430/1755369083.webp?s=35e86c6ec06a28c068713635d7772e7b1baa934f,1,1,
Blouse tommy jeans,3.85,Tommy Jeans,S / IT 40 / EU 36,https://www.vinted.it/items/6880829838-blouse-tommy-jeans?referrer=catalog,0,6880829838,On Sale,,https://images1.vinted.net/t/01_00cfb_AsdquMArjMD4snd5H2GYUWnS/310x430/1755369082.webp?s=c715f9af92d0314ddebe0deed76e3a4ab1de0dce,1,1,
Camiseta ancha sin mangas,2.8,ardene,L / IT 44 / EU 40,https://www.vinted.it/items/6880830071-camiseta-ancha-sin-mangas?referrer=catalog,0,6880830071,On Sale,,https://images1.vinted.net/t/04_01f1a_agcSjLcdYXApkKhmmrypcEjn/310x430/1755369085.webp?s=83f4cf15778bdc5a83ca67f15d01377974173db3,1,1,
Bluse Türkis mit weißen Punkten,13.3,Verse,L / IT 44 / EU 40,https://www.vinted.it/items/6880830126-bluse-turkis-mit-weissen-punkten?referrer=catalog,0,6880830126,On Sale,,https://images1.vinted.net/t/02_0070f_EkgSaZjrdc1H75QNooYL3812/310x430/1755369086.webp?s=315a2038d84f327b54520f995e55e317b23414c6,1,1,
H&M linenblend overhemd,5.95,H&M,M / IT 42 / EU 38,https://www.vinted.it/items/6880830120-hm-linenblend-overhemd?referrer=catalog,0,6880830120,On Sale,,https://images1.vinted.net/t/03_010cf_uBjyERcUaJRXs8X6wevemx6G/310x430/1755369086.webp?s=43696c6f8f37336350c7ffeb316c721ab53cdf81,1,1,
Robe tunique noire et verte,5.95,sans,XL / IT 46 / EU 42,https://www.vinted.it/items/6880830014-robe-tunique-noire-et-verte?referrer=catalog,0,6880830014,On Sale,,https://images1.vinted.net/t/04_00393_xpnkrG5nNZoF53hr3ypcjRnL/310x430/1755369084.webp?s=1afe2d499de60e4e72684e3377cb8317103c1328,1,1,
Top crochet filet vintage épaules nues y2k 2000s coquette farm core,11.2,Vintage,S / IT 40 / EU 36,https://www.vinted.it/items/6880829475-top-crochet-filet-vintage-epaules-nues-y2k-2000s-coquette-farm-core?referrer=catalog,0,6880829475,On Sale,,https://images1.vinted.net/t/02_00d18_VDRBsxdA49iXkJ68iYVmMLBc/310x430/1755369078.webp?s=626850aa89f4f7ba9a08bb2ff761d5c0470786c3,1,1,
T-shirt Abercrombie & Fitch,7.0,Abercrombie & Fitch,S / IT 40 / EU 36,https://www.vinted.it/items/6880824529-t-shirt-abercrombie-fitch?referrer=catalog,0,6880824529,On Sale,,https://images1.vinted.net/t/02_01b17_oCquGcx9X6NA3FqoTG99egTF/310x430/1755369020.webp?s=01a67569172449d3ee936a19097937719240fcc1,1,1,
Topje,5.95,ONLY,S / IT 40 / EU 36,https://www.vinted.it/items/6880829481-topje?referrer=catalog,0,6880829481,On Sale,,https://images1.vinted.net/t/02_002ac_3SrRgrgv25aM5VcSDRzxGds7/310x430/1755369078.webp?s=9c94be0e5fa2ff4eb2b11661ae046b2c51fc12bc,1,1,
Blusa mangas de pelo,5.11,Lefties,S / IT 40 / EU 36,https://www.vinted.it/items/6880820435-blusa-mangas-de-pelo?referrer=catalog,0,6880820435,On Sale,,https://images1.vinted.net/t/01_01b94_tkSPxz3UqVpfruJ6SnAUuKfa/310x430/1755368972.webp?s=9936bdc040b153b3d95cf21c7716fa771cfe0145,1,1,
Tunique Motifs Feuilles,11.2,Motifs Feuilles,XXL / IT 48 / EU 44,https://www.vinted.it/items/6880829473-tunique-motifs-feuilles?referrer=catalog,0,6880829473,On Sale,,https://images1.vinted.net/t/04_0006d_hc5KRtQLXNscv7RUjydaVnEK/310x430/1755369078.webp?s=570a372c9222f4f52168ede870fd2d035d02cf41,1,1,
maglietta tommy jeans XS,4.9,Tommy Jeans,XS / IT 38 / EU 34,https://www.vinted.it/items/6880829451-maglietta-tommy-jeans-xs?referrer=catalog,0,6880829451,On Sale,,https://images1.vinted.net/t/03_00cf6_3kYcDyzm7ub1fzipRE9ygeB1/310x430/1755369078.webp?s=1f2462ee6a19c6d6aca5ca5c6e48b6617985dd2e,1,1,
Ms mode tshirt maat L,3.85,MS Mode,L / IT 44 / EU 40,https://www.vinted.it/items/6880829424-ms-mode-tshirt-maat-l?referrer=catalog,0,6880829424,On Sale,,https://images1.vinted.net/t/02_01f0e_7VkJkcMogfS3GXKSJFQxwswE/310x430/1755369078.webp?s=3e533870d93f72350e9bb2c3920d57aabf42fc22,1,1,
Print Tshirt,2.54,Q/S By S.Oliver,XS / IT 38 / EU 34,https://www.vinted.it/items/6880824535-print-tshirt?referrer=catalog,0,6880824535,On Sale,,https://images1.vinted.net/t/01_00d2d_u7WcUDWs6y8W7tkUqFQ69oV4/310x430/1755369020.webp?s=f1543b72da7c552c6b7c0c454c8dfc38a7aa7628,1,1,
Chemise tommy Hilfiger fitted,19.6,Tommy Hilfiger,L / IT 44 / EU 40,https://www.vinted.it/items/6880829391-chemise-tommy-hilfiger-fitted?referrer=catalog,0,6880829391,On Sale,,https://images1.vinted.net/t/02_02062_oWRQFdmmPGSXtdkcjXeGfq3G/310x430/1755369077.webp?s=80100c7833bd809314bac59b7db2fea2bbca9eb3,1,1,
Haut manches longues,3.85,Version Feminin,S / IT 40 / EU 36,https://www.vinted.it/items/6880829330-haut-manches-longues?referrer=catalog,0,6880829330,On Sale,,https://images1.vinted.net/t/03_01757_11uSPrQN9gowvnqQqkxvbm2W/310x430/1755369076.webp?s=5729d9129c949dd66d43183ec82ab850c085e01d,1,1,
Crop top Jennifer,3.33,Jennifer,S / IT 40 / EU 36,https://www.vinted.it/items/6880829320-crop-top-jennifer?referrer=catalog,0,6880829320,On Sale,,https://images1.vinted.net/t/04_0209a_e4nh6FwyMh7gRYxUPjVpdLto/310x430/1755369076.webp?s=5611ebf86c7a2cfa1e516ea7c6d00e40221f376f,1,1,
Top court,1.75,Shein,XS / IT 38 / EU 34,https://www.vinted.it/items/6880829699-top-court?referrer=catalog,0,6880829699,On Sale,,https://images1.vinted.net/t/01_01073_9ByeSZhfd8bQMuAY7TEJCiG9/310x430/1755369081.webp?s=109d6f158f07e41fcf2be2f8e99f2dfda6bd593f,1,1,
Tee-shirt stradivarius,3.85,Stradivarius,S / IT 40 / EU 36,https://www.vinted.it/items/6880829613-tee-shirt-stradivarius?referrer=catalog,0,6880829613,On Sale,,https://images1.vinted.net/t/02_014f2_ShWp4HyfMboYT4NzzaiVUeBM/310x430/1755369080.webp?s=6597da95fb42a4c6aaad2e5b0bb7a8f323c93ef0,1,1,
Zara Bluse rosa,5.95,Zara,M / IT 42 / EU 38,https://www.vinted.it/items/6880829249-zara-bluse-rosa?referrer=catalog,0,6880829249,On Sale,,https://images1.vinted.net/t/03_01949_ryeGsmasHXc3NbMh5atwbWN3/310x430/1755369075.webp?s=8c019598ff2b2a2a8e283b2a5519be11650c9d0e,1,1,
Top volantes Morgan,18.03,Morgan,S / IT 40 / EU 36,https://www.vinted.it/items/6880829680-top-volantes-morgan?referrer=catalog,0,6880829680,On Sale,,https://images1.vinted.net/t/04_0260b_6CDDXXy43DDgof6BmmM8QgVj/310x430/1755369080.webp?s=3b46722ef0d04e6ea08e2456dda9f606e6836fcf,1,1,
Morgan,16.45,Morgan,M / IT 42 / EU 38,https://www.vinted.it/items/6818734477-morgan?referrer=catalog,0,6818734477,On Sale,,https://images1.vinted.net/t/01_00cd0_vTdR8Cpbxs8AUDLJve7RuU7Q/310x430/1754417276.webp?s=83c84433df5582ec48fcc9ce5d089b4c9a062c09,1,1,
Blusentop,3.85,Shein,XL / IT 46 / EU 42,https://www.vinted.it/items/6880829573-blusentop?referrer=catalog,0,6880829573,On Sale,,https://images1.vinted.net/t/04_021ce_LGMWJjBAtBRoxc7DHupM5NRf/310x430/1755369079.webp?s=978288dcf4eb1d4d9a6e0ab70513e04cfcce9310,1,1,
Hochgeschlossenes Oberteil mit Schulterpolstern,11.2,Sonstiges,XS / IT 38 / EU 34,https://www.vinted.it/items/6880829634-hochgeschlossenes-oberteil-mit-schulterpolstern?referrer=catalog,0,6880829634,On Sale,,https://images1.vinted.net/t/02_00e3f_hVhpf9APvmiUeYyKE6ppSJm8/310x430/1755369080.webp?s=df7fe33004b33160fb34f6c0bee0a905d87be81a,1,1,
Débardeur,2.8,No brand,5XL / IT 54 / EU 50,https://www.vinted.it/items/6880828847-debardeur?referrer=catalog,0,6880828847,On Sale,,https://images1.vinted.net/t/01_00e64_HxasLge966V3taGxGqR51dVV/310x430/1755369071.webp?s=476a24a8986329b5a216eb09f13a1114c7581be1,1,1,
Brown knit top Zara,10.15,Zara,S / IT 40 / EU 36,https://www.vinted.it/items/6880829064-brown-knit-top-zara?referrer=catalog,0,6880829064,On Sale,,https://images1.vinted.net/t/04_00d7a_RPAxbtUKhzu54xQ7T9WUgYFi/310x430/1755369073.webp?s=f54087382e3420dfbde0f7e4469d11bdf82bf922,1,1,
2000s floral babydoll top with ruffled sleeves and button detail,16.45,Sonstiges,M / IT 42 / EU 38,https://www.vinted.it/items/6880829071-2000s-floral-babydoll-top-with-ruffled-sleeves-and-button-detail?referrer=catalog,0,6880829071,On Sale,,https://images1.vinted.net/t/04_01004_LFmMu7gnAANQDBB4pekSBRuw/310x430/1755369073.webp?s=77dce9f01ae6c228cde0a1f5b26600280bf9e6e0,1,1,
Tee shirt the kooples,12.25,The Kooples,M / IT 42 / EU 38,https://www.vinted.it/items/6880829014-tee-shirt-the-kooples?referrer=catalog,0,6880829014,On Sale,,https://images1.vinted.net/t/01_014b8_KMMHU5SVGtSinitESCUx3oEN/310x430/1755369073.webp?s=e46eaf77fb0c611981206dce75bbc62dcc853074,1,1,
Maglia con spalle scoperte Rinascimento,16.45,Rinascimento,S / IT 40 / EU 36,https://www.vinted.it/items/6880828896-maglia-con-spalle-scoperte-rinascimento?referrer=catalog,0,6880828896,On Sale,,https://images1.vinted.net/t/04_02546_oMhqku9L7JA4XNUF2ivUwDM7/310x430/1755369071.webp?s=e2509aff6ae5a9d797dfc41e23907b983955d050,1,1,
Camiseta blanca del bershka,3.85,Bershka,XS / IT 38 / EU 34,https://www.vinted.it/items/6880829019-camiseta-blanca-del-bershka?referrer=catalog,0,6880829019,On Sale,,https://images1.vinted.net/t/02_01419_ukthNT5RkVeectsn1PCx6buv/310x430/1755369073.webp?s=815aec13af97627c750ab5b23bcdb48b35e6f309,1,1,
Cropped top met open rug,2.8,Stradivarius,S / IT 40 / EU 36,https://www.vinted.it/items/6880828989-cropped-top-met-open-rug?referrer=catalog,0,6880828989,On Sale,,https://images1.vinted.net/t/01_00a9b_HtmmcBcGbSCHnp6BxzAhK6HF/310x430/1755369073.webp?s=319fa9eff046df51602801b72badb70c57f37200,1,1,
Zilveren one shoulder top my jewellery,8.58,My Jewellery,M / IT 42 / EU 38,https://www.vinted.it/items/6880828860-zilveren-one-shoulder-top-my-jewellery?referrer=catalog,0,6880828860,On Sale,,https://images1.vinted.net/t/02_01150_jvJT5ZMPzAkQtE1C9rJGFPPc/310x430/1755369071.webp?s=54b1400be9b7079f6ee551bb41848482c87ef23b,1,1,
Blouse bershka,16.98,Bershka,XS / IT 38 / EU 34,https://www.vinted.it/items/6880828901-blouse-bershka?referrer=catalog,0,6880828901,On Sale,,https://images1.vinted.net/t/01_0252e_pgunDSxa9jzS9WywbJDUG8C2/310x430/1755369071.webp?s=a5925f18315e13992f03fc3ebb42981c1af04e93,1,1,
Chemisier de chez Rodier fabrication française 🇨🇵,11.2,Vintage Dressing,L / IT 44 / EU 40,https://www.vinted.it/items/6880829187-chemisier-de-chez-rodier-fabrication-francaise?referrer=catalog,0,6880829187,On Sale,,https://images1.vinted.net/t/02_00b49_mfpnP2g7Jwz7YSgMhuVbKtof/310x430/1755369075.webp?s=ce1774c1360357cde79dd98904eb4e2c3703e689,1,1,
Blouse femme,3.85,Bm Collection,6XL / IT 56 / EU 52,https://www.vinted.it/items/6880829289-blouse-femme?referrer=catalog,0,6880829289,On Sale,,https://images1.vinted.net/t/03_0202f_PAVjQ4DmihBiiSkCuKrbSxJr/310x430/1755369076.webp?s=01b5108d742d21a13f4c3e96e244348b133b2ad5,1,1,
Chemise,3.85,Pieces,XS / IT 38 / EU 34,https://www.vinted.it/items/6880829020-chemise?referrer=catalog,0,6880829020,On Sale,,https://images1.vinted.net/t/02_01883_j4NJyg9Zv51fBPyuAiqZnBT5/310x430/1755369073.webp?s=1c3d7c92e9b9b757cc090d0e74392cf4a1c5116a,1,1,
Satin-Bluse von H&M,9.1,H&M,XS / IT 38 / EU 34,https://www.vinted.it/items/6880828554-satin-bluse-von-hm?referrer=catalog,0,6880828554,On Sale,,https://images1.vinted.net/t/03_00601_3Sq9syCbef2TigdpjmcWrY4n/310x430/1755369068.webp?s=e5c7eabee65b174770da5dab8c914b24e4c9d85c,1,1,
Gilet Zara,5.95,Zara,S / IT 40 / EU 36,https://www.vinted.it/items/6880828609-gilet-zara?referrer=catalog,0,6880828609,On Sale,,https://images1.vinted.net/t/04_0196e_jAyoAAwxU9gHmByo8tQAG1Q5/310x430/1755369068.webp?s=dd6c1191e79eeb84b3aeb922075056b1bb3d94ff,1,1,
Uniqlo blouse green,5.95,Uniqlo,XS / IT 38 / EU 34,https://www.vinted.it/items/6880828539-uniqlo-blouse-green?referrer=catalog,0,6880828539,On Sale,,https://images1.vinted.net/t/04_01cd7_pR7DXwKLZPYBmFN7BeTAaBLN/310x430/1755369067.webp?s=ae2b5e22570e0d86eef08ce0e9e0a9ee8605d933,1,1,
Blouse en dentelle rose Vero Moda taille XS,9.1,Vero Moda,XS / IT 38 / EU 34,https://www.vinted.it/items/6880828564-blouse-en-dentelle-rose-vero-moda-taille-xs?referrer=catalog,0,6880828564,On Sale,,https://images1.vinted.net/t/04_000e9_X6wX18pSj9w2JvADfjFYo6zR/310x430/1755369068.webp?s=548b3dd18ff8576e424a09195e139cb660706bd9,1,1,
Rosa langarm top💞,3.85,Shein,M / IT 42 / EU 38,https://www.vinted.it/items/6880828425-rosa-langarm-top?referrer=catalog,0,6880828425,On Sale,,https://images1.vinted.net/t/04_0170d_jZwpRYRQjZwWDkNEiaEuQFRr/310x430/1755369066.webp?s=f41faf03f927d20951d7b1aee2081b196bdf7d6f,1,1,
T-shirt Levi’s V-hals Maat Large,11.2,Levi's,L / IT 44 / EU 40,https://www.vinted.it/items/6880828703-t-shirt-levis-v-hals-maat-large?referrer=catalog,0,6880828703,On Sale,,https://images1.vinted.net/t/02_00451_xydQbxRmuWGmqxAjy87KW1aN/310x430/1755369069.webp?s=726b534a109bd2b115e2501f8e0a208656e21edc,1,1,
T shirt met quote van ASOS,3.85,ASOS,L / IT 44 / EU 40,https://www.vinted.it/items/6880828095-t-shirt-met-quote-van-asos?referrer=catalog,0,6880828095,On Sale,,https://images1.vinted.net/t/03_00c5e_ybmSCKzQKfAPFYK9YMasAe4b/310x430/1755369062.webp?s=109a1de4092bd0dea6b1a1c68cca4a270a75e03f,1,1,
Saint James chemise et haut jaune,79.45,Saint James,4XL / IT 52 / EU 48,https://www.vinted.it/items/6880828371-saint-james-chemise-et-haut-jaune?referrer=catalog,0,6880828371,On Sale,,https://images1.vinted.net/t/04_0140c_vgPyZMXKWS6iPsNEQgMqvdWh/310x430/1755369065.webp?s=4721c54d9e548d9a3a6196932bbc7c0efa1cd450,1,1,
Top épaules dénudées avec boutons décoratifs,37.35,Amourea,S / IT 40 / EU 36,https://www.vinted.it/items/6880828340-top-epaules-denudees-avec-boutons-decoratifs?referrer=catalog,0,6880828340,On Sale,,https://images1.vinted.net/t/01_0126d_rCqJsUh3D29d9X9PfFkCqoJa/310x430/1755369065.webp?s=395029889494953c8e115e949541c44a2e36380c,1,1,
Crop top blanc croisé avec épaulettes,3.85,sans marque,S / IT 40 / EU 36,https://www.vinted.it/items/6880828639-crop-top-blanc-croise-avec-epaulettes?referrer=catalog,0,6880828639,On Sale,,https://images1.vinted.net/t/04_005b4_oDrRagYPSutP42pwVm5Y2vch/310x430/1755369069.webp?s=0db8a51ba92f9425635826fea6d0f3f8c67f406b,1,1,
Chemisier fluide,3.85,indépendant,Taglia unica,https://www.vinted.it/items/6880828692-chemisier-fluide?referrer=catalog,0,6880828692,On Sale,,https://images1.vinted.net/t/04_00e4c_gQFmW9tG6TcCutxneUUE55Je/310x430/1755369069.webp?s=98a55aa0154552e5b5ad87bef5713d6fbfe40981,1,1,
Witte Nukus blouse,21.7,NUKUS,M / IT 42 / EU 38,https://www.vinted.it/items/6880828283-witte-nukus-blouse?referrer=catalog,0,6880828283,On Sale,,https://images1.vinted.net/t/01_0026d_XoDZrmAFkzzNumh2PBThry44/310x430/1755369064.webp?s=512768b14a2fa7cab45ee69b97e7c16701b7f1cc,1,1,
Lot de deux t-shirt gris avec des rayures C&A,9.1,C&A,XL / IT 46 / EU 42,https://www.vinted.it/items/6880828277-lot-de-deux-t-shirt-gris-avec-des-rayures-ca-en-taille-xl?referrer=catalog,0,6880828277,On Sale,,https://images1.vinted.net/t/01_00df6_FERfCijMWLi85AXYY3UgqKwf/310x430/1755369064.webp?s=a39e8575246a2df17d15cc09fa0ff98dad5a899d,1,1,
Haut Zara,26.95,Zara,XS / IT 38 / EU 34,https://www.vinted.it/items/6880828707-haut-zara?referrer=catalog,0,6880828707,On Sale,,https://images1.vinted.net/t/03_01e3d_82FdVCZA1huCf3rmFGbqcXk3/310x430/1755369069.webp?s=7b253f573a273190baaf9d300da81e37c4d056a2,1,1,
Débardeur vintage vert,16.45,Top Vintage,S / IT 40 / EU 36,https://www.vinted.it/items/6880828268-debardeur-vintage-vert?referrer=catalog,0,6880828268,On Sale,,https://images1.vinted.net/t/02_01ca1_crqgo7sJ994CnY12U3DnPSq6/310x430/1755369064.webp?s=23e59c7b6517976eb968b46be3dacdc02a9848f9,1,1,
Tommy Hilfiger Shirt,7.0,Tommy Hilfiger,S / IT 40 / EU 36,https://www.vinted.it/items/6880828702-tommy-hilfiger-shirt?referrer=catalog,0,6880828702,On Sale,,https://images1.vinted.net/t/02_00a1c_dQYrykJP7gLXAj8DgM6ifyKZ/310x430/1755369069.webp?s=ce8f025f9b794e921fcb63bf8fca8d0c511837fa,1,1,
Top lavorato ad uncinetto cotone 60%morbido,13.3,No brand,S / IT 40 / EU 36,https://www.vinted.it/items/6880828156-top-lavorato-ad-uncinetto-cotone-60morbido?referrer=catalog,0,6880828156,On Sale,,https://images1.vinted.net/t/02_0211d_jW6R3msezrEEdkikPQQ9AgFE/310x430/1755369063.webp?s=8c130d7057b48ebc740f4585462fe083a9cdc637,1,1,
Veste doré,32.2,sans marque,L / IT 44 / EU 40,https://www.vinted.it/items/6880828185-veste-dore?referrer=catalog,0,6880828185,On Sale,,https://images1.vinted.net/t/03_00cb4_dRQujPQ3TbCu8BSTiYndK2Vr/310x430/1755369063.webp?s=1096cd9d0c2c56bcfb70894aeb6c0b31e6762ba6,1,1,
Pull femme,3.33,Camaïeu,L / IT 44 / EU 40,https://www.vinted.it/items/6880828074-pull-femme?referrer=catalog,0,6880828074,On Sale,,https://images1.vinted.net/t/01_00ea4_vbko1xkVuAtZkEMGYgz2wJD7/310x430/1755369062.webp?s=39abd154e6d02dee0fc1a1bc650e685a309ed46b,1,1,
Red crop top Basic Blouse Kocca,13.3,Kocca,S / IT 40 / EU 36,https://www.vinted.it/items/6880828570-red-crop-top-basic-blouse-kocca?referrer=catalog,0,6880828570,On Sale,,https://images1.vinted.net/t/02_01e17_NVNW6dwHQttfKtDiQdtJQsXe/310x430/1755369068.webp?s=e488b2e6fdda26e86b4da7fe7cdc345536d42bb0,1,1,
Magnifique blouse transparente léopard,9.1,Patrice Breal,L / IT 44 / EU 40,https://www.vinted.it/items/6880827642-magnifique-blouse-transparente-leopard?referrer=catalog,1,6880827642,On Sale,,https://images1.vinted.net/t/03_0132c_dskLfZ98hstLqN6cXrAV33Da/310x430/1755369057.webp?s=79d401bc3c3a2bd7f5d6d1d333f9de2a688f19c0,1,1,
Hemdje,2.28,Shein,S / IT 40 / EU 36,https://www.vinted.it/items/6880828148-hemdje?referrer=catalog,0,6880828148,On Sale,,https://images1.vinted.net/t/03_005e7_oNjSPeZAMLReotMQYQwLWq3h/310x430/1755369063.webp?s=ff6004259f9165b09d67b8773e9512390d2797ed,1,1,
Top Liu Jo beige Tg 40 nuovo,31.15,Liu Jo,S / IT 40 / EU 36,https://www.vinted.it/items/6880828532-top-liu-jo-beige-tg-40-nuovo?referrer=catalog,1,6880828532,On Sale,,https://images1.vinted.net/t/02_01585_VmeXSFFyxua5vS6BQECGGW3Y/310x430/1755369067.webp?s=aef0c29f3f24917bb11e4d10d3498c894b0e7694,1,1,
Top bianco,4.9,Atmosphere,M / IT 42 / EU 38,https://www.vinted.it/items/6880828144-top-bianco?referrer=catalog,0,6880828144,On Sale,,https://images1.vinted.net/t/03_02656_fQaYMrf7V9vZAAHrWcHKAXVg/310x430/1755369063.webp?s=4d02a8a305085a3b55fc5eb84a870e67a797e8ba,1,1,
T-shirt Kookai gris,7.0,KOOKAÏ,S / IT 40 / EU 36,https://www.vinted.it/items/6880828516-t-shirt-kookai-gris?referrer=catalog,0,6880828516,On Sale,,https://images1.vinted.net/t/03_00536_Hu4gzt2Vi3TzAtwuTnYirn6y/310x430/1755369067.webp?s=d8aa391d95981717ea619fca832116b8c5231e98,1,1,
Brown button up t shirt,4.38,H&M,L / IT 44 / EU 40,https://www.vinted.it/items/6880828385-brown-button-up-t-shirt?referrer=catalog,0,6880828385,On Sale,,https://images1.vinted.net/t/04_02255_9sxzm899a5yiVu4E3V91qywM/310x430/1755369065.webp?s=e688a9e0afaf55ea2ad9d24dd5d3b1c606822284,1,1,
Camisola Sfera,3.85,Sfera,L / IT 44 / EU 40,https://www.vinted.it/items/6880828434-camisola-sfera?referrer=catalog,0,6880828434,On Sale,,https://images1.vinted.net/t/01_016b3_Ris6x215iaYFriqWYoSm7Qru/310x430/1755369066.webp?s=cf1eaef234675b5713c7b5d016bdc5a5800ad31a,1,1,
Tshirt,5.95,Shein,XL / IT 46 / EU 42,https://www.vinted.it/items/6880828159-tshirt?referrer=catalog,0,6880828159,On Sale,,https://images1.vinted.net/t/04_00075_E3tvMAfLTqS3SKJEarsR1c75/310x430/1755369063.webp?s=34d154b27ccc52f2056097083090da60aa8384ce,1,1,
Top nero,2.07,Rossella Spera,S / IT 40 / EU 36,https://www.vinted.it/items/6880828449-top-nero?referrer=catalog,0,6880828449,On Sale,,https://images1.vinted.net/t/02_01d48_MhbgMdK3bEyXnLUaNtCm8HQS/310x430/1755369066.webp?s=9704eab6e5be547f31bfb1dc8ac44adc225af9ba,1,1,
CHB Polo shirt damen weiß 42,5.95,No brand,XL / IT 46 / EU 42,https://www.vinted.it/items/6880828029-chb-polo-shirt-damen-weiss-42?referrer=catalog,0,6880828029,On Sale,,https://images1.vinted.net/t/04_01669_Vpr4sXgEij3MNLniMovfBgDo/310x430/1755369061.webp?s=cf46f43e08ee61698cd97945e75ab6ce7f10c3e1,1,1,
Haut épaule dénudé,3.85,H&M,L / IT 44 / EU 40,https://www.vinted.it/items/6880828447-haut-epaule-denude?referrer=catalog,0,6880828447,On Sale,,https://images1.vinted.net/t/01_01cfc_U9V6XMQ5ZZkWmLbFJwCGowhF/310x430/1755369066.webp?s=7b9f6c4afaa7cb93f77f91720e0f64b224cbcc7f,1,1,
Blouse met panterprint van Zara,4.9,Zara,XS / IT 38 / EU 34,https://www.vinted.it/items/6880828270-blouse-met-panterprint-van-zara?referrer=catalog,0,6880828270,On Sale,,https://images1.vinted.net/t/02_02367_XTHEmwuPgAA8u4MN9ZHHZNr1/310x430/1755369064.webp?s=866a31f1b70cbc2e269b49c5db9dec059204c0b5,1,1,
2er Set Hilfiger T-Shirts,13.3,Tommy Hilfiger,XS / IT 38 / EU 34,https://www.vinted.it/items/6880827864-2er-set-hilfiger-t-shirts?referrer=catalog,0,6880827864,On Sale,,https://images1.vinted.net/t/02_01461_UUhUd6pKxtELHL3J3r4UaXYS/310x430/1755369059.webp?s=55238c049ae634fb5fc6b9ad2c948bff0a1b5d06,1,1,
Wit grijs,3.33,C&A,XS / IT 38 / EU 34,https://www.vinted.it/items/6880828382-wit-grijs?referrer=catalog,0,6880828382,On Sale,,https://images1.vinted.net/t/04_015bb_sbStyGrR93Yzpvypirtups7F/310x430/1755369065.webp?s=d5da571c0ce37cc472304d2a7b209f89946e29dd,1,1,
Camiseta 🌸,30.1,Zara,XXL / IT 48 / EU 44,https://www.vinted.it/items/6880828362-camiseta?referrer=catalog,0,6880828362,On Sale,,https://images1.vinted.net/t/03_00e97_UeXZZSD2WC9F8J5VcQYgo74n/310x430/1755369065.webp?s=709c74188df6e5f9af1f4874926f5e726d9e1752,1,1,
🍉 Blouse à rayures noirs manche longue H&M taille XXL/44,9.1,H&M,XXL / IT 48 / EU 44,https://www.vinted.it/items/6879886878-blouse-a-rayures-noirs-manche-longue-hm-taille-xxl44?referrer=catalog,0,6879886878,On Sale,,https://images1.vinted.net/t/04_0082d_493d3ottBBRsBnX7iDAzg3E7/310x430/1755359720.webp?s=437e28745e4a90dc8baadbed613058132ca7f18f,1,1,
Wikkeltop,2.8,Shein,S / IT 40 / EU 36,https://www.vinted.it/items/6880827853-wikkeltop?referrer=catalog,0,6880827853,On Sale,,https://images1.vinted.net/t/02_015af_HGfU7H9LRZkbWzfqjaXKCfZA/310x430/1755369059.webp?s=b007ef0e8b9af08b042057a0cf299bedb4c504bc,1,1,
Débardeur brillant,7.0,Bel&Bo,4XL / IT 52 / EU 48,https://www.vinted.it/items/6880827873-debardeur-brillant?referrer=catalog,0,6880827873,On Sale,,https://images1.vinted.net/t/02_00925_dBcbeJckbQsxkFsTth9yqtjM/310x430/1755369059.webp?s=918a3719dcb6287bf98b2262782ab32eb897e662,1,1,
Débardeur rayé marine,2.8,Shein,S / IT 40 / EU 36,https://www.vinted.it/items/6880827813-debardeur-raye-marine?referrer=catalog,0,6880827813,On Sale,,https://images1.vinted.net/t/03_00af3_frKDT8T2LVBwM4rwZ8Dsk918/310x430/1755369059.webp?s=2bc397cb41975d1bce7bb33bb165a7f8e30183e7,1,1,
Top brassière noir,2.8,Pimkie,XS / IT 38 / EU 34,https://www.vinted.it/items/6880827973-top-brassiere-noir?referrer=catalog,0,6880827973,On Sale,,https://images1.vinted.net/t/02_01074_dGJVgUN4eyB5nrureGUR4MZs/310x430/1755369061.webp?s=5b0da8f7a0c89eb7d249975a0ae112ae975c22b3,1,1,
T shirt Zara,63.7,Zara,M / IT 42 / EU 38,https://www.vinted.it/items/6880827829-t-shirt-zara?referrer=catalog,0,6880827829,On Sale,,https://images1.vinted.net/t/01_00ea8_3kHg8aB6rpm1ee7TaZbeWWhf/310x430/1755369059.webp?s=9850b27244f44e6739ec67d5c748b3e8c5752c4d,1,1,
Magnifique top argenté épaules strassées,4.38,Mim,XL / IT 46 / EU 42,https://www.vinted.it/items/6880827307-magnifique-top-argente-epaules-strassees?referrer=catalog,0,6880827307,On Sale,,https://images1.vinted.net/t/04_021f9_8weWBiCKdyoRmzfcbd3xt5YJ/310x430/1755369053.webp?s=a2b3f64416815321bc3d9caf4cb72315f0e5af64,1,1,
Weste Bershka,2.8,Bershka,L / IT 44 / EU 40,https://www.vinted.it/items/6880827796-weste-bershka?referrer=catalog,0,6880827796,On Sale,,https://images1.vinted.net/t/01_01059_8GjUJPx6o5BbqYad9VXfTuWY/310x430/1755369058.webp?s=f4b0e0e7bbf9dab87b2cb9145da784973c13198a,1,1,
grünes asymmetrisches long sleeve,9.1,Sonstiges,S / IT 40 / EU 36,https://www.vinted.it/items/6880827850-grunes-asymmetrisches-long-sleeve?referrer=catalog,0,6880827850,On Sale,,https://images1.vinted.net/t/03_01583_RSYgYJTnkdJ7Eag3QFbK3XiR/310x430/1755369059.webp?s=89238b087c9c7f67b4c7a4cff4ffb17f4a330bec,1,1,
Blusa incrociata e drappeggio sul fianco,10.15,HG,Taglia unica,https://www.vinted.it/items/6880828017-blusa-incrociata-e-drappeggio-sul-fianco?referrer=catalog,0,6880828017,On Sale,,https://images1.vinted.net/t/04_00843_BeiKMqSFrTTUuc1qGcdj4cz6/310x430/1755369061.webp?s=2042be9dd8ec23b920e28e281fe8d299f0a4285d,1,1,
T-shirt blanc graphique,3.85,Primark,S / IT 40 / EU 36,https://www.vinted.it/items/6880721796-t-shirt-blanc-graphique?referrer=catalog,0,6880721796,On Sale,,https://images1.vinted.net/t/03_00f2d_gYnCby89yZ3jwbCJDFSesyuZ/310x430/1755367827.webp?s=a6c4f6273e2e0572f6236932879aaf60f6a1f145,1,1,
Brauner Body von Bershka NEU mit Etikett,7.0,Bershka,XS / IT 38 / EU 34,https://www.vinted.it/items/6880843604-brauner-body-von-bershka-neu-mit-etikett?referrer=catalog,0,6880843604,On Sale,,https://images1.vinted.net/t/02_00666_WprVhwCoxQ33EuTbSag6N5Py/310x430/1755369244.webp?s=176a20d3c12a680dc96c5fc8e455c560f4547ee0,1,1,
Gemustertes Top schwarz weiss Gr. XS,3.33,Amisu,XS / IT 38 / EU 34,https://www.vinted.it/items/6880843256-gemustertes-top-schwarz-weiss-gr-xs?referrer=catalog,0,6880843256,On Sale,,https://images1.vinted.net/t/03_002ed_hSsp59psbz7Rg3ZW9mPwGzSB/310x430/1755369240.webp?s=40148da93e2e59c89fdf53c0c6af9310ff251a23,1,1,
TEE Shirt beige,1.75,Boutique indépendante,M / IT 42 / EU 38,https://www.vinted.it/items/6880843271-tee-shirt-beige?referrer=catalog,0,6880843271,On Sale,,https://images1.vinted.net/t/01_00173_vRgzTM8UrmiMgvUB6e41ydWG/310x430/1755369240.webp?s=1bc62d0c37ea48652eb4c10c82020cc1b17e209b,1,1,
T-shirt dentelle bordeaux,3.85,Kiabi,4XL / IT 52 / EU 48,https://www.vinted.it/items/6880843521-t-shirt-dentelle-bordeaux?referrer=catalog,0,6880843521,On Sale,,https://images1.vinted.net/t/02_007f5_aBK8ywpD2NqjPuLthv852EBn/310x430/1755369243.webp?s=1d236fa5de9ae81e432b3936c38c432c32a83d3a,1,1,
T shirt bleu canard t 36 Jacqueline de yong,9.09,Jacqueline de Yong,S / IT 40 / EU 36,https://www.vinted.it/items/6880843103-t-shirt-bleu-canard-t-36-jacqueline-de-yong?referrer=catalog,0,6880843103,On Sale,,https://images1.vinted.net/t/04_002ef_mU5rZUrYNBXsEec1LetAEd4A/310x430/1755369238.webp?s=918eb954eca58420730c0751ad9905221829e4c6,1,1,
Haut femme,5.95,Don't Call Me Jennyfer,L / IT 44 / EU 40,https://www.vinted.it/items/6880843514-haut-femme?referrer=catalog,0,6880843514,On Sale,,https://images1.vinted.net/t/04_0064b_u24eZu11Dr6Di4USdBtTvSjK/310x430/1755369243.webp?s=1f2f1edbd4f79aea9d929ec63cea5332e96f8095,1,1,
Vestido licra blanco,3.85,Shein,S / IT 40 / EU 36,https://www.vinted.it/items/6872774901-vestido-licra-blanco?referrer=catalog,0,6872774901,On Sale,,https://images1.vinted.net/t/04_00006_2ZZz7YGEjcy6g1d2gwsX34tn/310x430/1755256982.webp?s=bda6d9cdb2340feab1aef61683581f8df30429c8,1,1,
Camiseta manga larga,2.8,Local,S / IT 40 / EU 36,https://www.vinted.it/items/6880808935-camiseta-manga-larga?referrer=catalog,0,6880808935,On Sale,,https://images1.vinted.net/t/03_018b3_tcyJnxc5aKqCvoZ1wMqaYy8b/310x430/1755368836.webp?s=d653c67ffaf4ad79b9dd7dba4d9c10351eaefc0e,1,1,
T-shirt Sisley,4.9,Sisley,S / IT 40 / EU 36,https://www.vinted.it/items/6880843174-t-shirt-sisley?referrer=catalog,0,6880843174,On Sale,,https://images1.vinted.net/t/04_0181f_ah9V4zoVSfEgQctvLbFmaQJM/310x430/1755369239.webp?s=0f801021eb3337afe0bbf4c8e3d77a98979332d8,1,1,
Haut dentelle,16.45,Miracle,Taglia unica,https://www.vinted.it/items/6879198516-haut-dentelle?referrer=catalog,0,6879198516,On Sale,,https://images1.vinted.net/t/04_005f9_JpVuSCTNZ4upQvHmiHUwXFLK/310x430/1755354108.webp?s=4411b44d3c962465757076d63cf631f21ae67366,1,1,
Top court taille S marque Jennyfer,1.75,Jennyfer,S / IT 40 / EU 36,https://www.vinted.it/items/6880843076-top-court-taille-s-marque-jennyfer?referrer=catalog,0,6880843076,On Sale,,https://images1.vinted.net/t/01_0146b_2nj2DovyDdfy8eeog72pjS9n/310x430/1755369237.webp?s=4e6b6d2df72df158b309cd248a4499c40116dfc9,1,1,
t-shirt avec gilet,17.5,Zara,S / IT 40 / EU 36,https://www.vinted.it/items/6880842240-t-shirt-avec-gilet?referrer=catalog,27,6880842240,On Sale,,https://images1.vinted.net/t/04_006af_fkR8n7hEiqo9tKJSmkCLguYD/310x430/1755369227.webp?s=01a42b1f66409ad3030fd66c9e5a238fe02a1ff1,1,1,
Tunique ou mini-robe robe Bershka,5.43,Bershka,S / IT 40 / EU 36,https://www.vinted.it/items/6880843132-tunique-ou-mini-robe-robe-bershka?referrer=catalog,0,6880843132,On Sale,,https://images1.vinted.net/t/04_01578_6tpGkFyB3zc5DwiZosVjS84e/310x430/1755369238.webp?s=9be9e88d9f92ec54d68f89635a6057a75fed8ac8,1,1,
Camisa Vintage,4.9,Vintage,M / IT 42 / EU 38,https://www.vinted.it/items/6880843018-camisa-vintage?referrer=catalog,0,6880843018,On Sale,,https://images1.vinted.net/t/04_018d4_bFc7QFbTVrrdLGDsaCvEXcst/310x430/1755369237.webp?s=7565f8502486e65a428ede7020dab8a177e68638,1,1,
y2k leopard print tank top,11.2,Vintage Dressing,M / IT 42 / EU 38,https://www.vinted.it/items/6880842827-y2k-leopard-print-tank-top?referrer=catalog,0,6880842827,On Sale,,https://images1.vinted.net/t/02_01474_1w4MQJ5qyeHTUzXLXkiD4eko/310x430/1755369234.webp?s=63631f87be97f23fe3ae32bff8cf41b16aafceb8,1,1,
Nieuwe witte top van Mbym maat xs,16.45,MbyM,XS / IT 38 / EU 34,https://www.vinted.it/items/6880843006-nieuwe-witte-top-van-mbym-maat-xs?referrer=catalog,0,6880843006,On Sale,,https://images1.vinted.net/t/02_006d9_YJLTttC1LaLJhpsRBWe9cNkH/310x430/1755369237.webp?s=a9d3bc04310b528703367f19eb00e52048111a27,1,1,
Bluse,9.1,Tom Tailor,L / IT 44 / EU 40,https://www.vinted.it/items/6880843020-bluse?referrer=catalog,0,6880843020,On Sale,,https://images1.vinted.net/t/04_0164d_HBYyQUycCwTEgctQtQWATMqo/310x430/1755369237.webp?s=95d063c20bc1f384a9e909f42748a8a53527e33f,1,1,
Polo Burberry femme,19.6,Burberry,L / IT 44 / EU 40,https://www.vinted.it/items/6880843003-polo-burberry-femme?referrer=catalog,0,6880843003,On Sale,,https://images1.vinted.net/t/01_000e0_wU7yDxgkHpMhMEioeSwjfsTe/310x430/1755369237.webp?s=43d9bc411080d9967f186af05077cd1cd290a265,1,1,
Crop Top / Haut court Undiz XS,4.9,Undiz,XS / IT 38 / EU 34,https://www.vinted.it/items/6485539276-crop-top-haut-court-undiz-xs?referrer=catalog,0,6485539276,On Sale,,https://images1.vinted.net/t/04_01fb5_mqSKtEMsRLmz5Mh9hoFjCHkY/310x430/1755369094.webp?s=a8238fa783bb177856a25324252f6a8c116a740b,1,1,
Tee shirt sandro,12.25,Sandro,M / IT 42 / EU 38,https://www.vinted.it/items/6880843389-tee-shirt-sandro?referrer=catalog,0,6880843389,On Sale,,https://images1.vinted.net/t/02_00410_QVPb9K8tjhMQV4vuyPeycamx/310x430/1755369241.webp?s=38041681397f52dd30f32bfb530b42b0175779b3,1,1,
Chemisier femme noir taille 40-42 kiabi,5.95,Kiabi,L / IT 44 / EU 40,https://www.vinted.it/items/6874335384-chemisier-femme-noir-taille-40-42-kiabi?referrer=catalog,0,6874335384,On Sale,,https://images1.vinted.net/t/02_01929_9Q6WNp9ynzvjzM5UMiw4hKeG/310x430/1755271570.webp?s=47eed22caaabb57a047017f0b5da634fada394f5,1,1,
T-Shirt,2.8,Ellesse,XS / IT 38 / EU 34,https://www.vinted.it/items/6880843116-t-shirt?referrer=catalog,0,6880843116,On Sale,,https://images1.vinted.net/t/01_004a5_1zLLsj4kwahxTfBj4MjAXu4W/310x430/1755369238.webp?s=56d8c55a35ce97c5a3dd47eb5b08584d3d84340a,1,1,
Top lila,4.9,Zara,S / IT 40 / EU 36,https://www.vinted.it/items/6880842597-top-lila?referrer=catalog,0,6880842597,On Sale,,https://images1.vinted.net/t/04_01b37_yKjBD6b6UvZpoacfvEeoyduV/310x430/1755369232.webp?s=2b788172d6ebb9297c6a330f80121fb44e26825b,1,1,
Techno Danza Ruffled Longsleeve Batik 2 coloured,8.05,Danza,M / IT 42 / EU 38,https://www.vinted.it/items/6880842923-techno-danza-ruffled-longsleeve-batik-2-coloured?referrer=catalog,0,6880842923,On Sale,,https://images1.vinted.net/t/01_00730_SPj9F2ErrbX8waNibSAwtyW2/310x430/1755369236.webp?s=95f0826dfc9fa7018981a55ecdfc634959d52120,1,1,
Damen Kleiderpaket 50 Teile XS-L Zara,26.95,Sonstiges,S / IT 40 / EU 36,https://www.vinted.it/items/6880693993-damen-kleiderpaket-50-teile-xs-l-zara-hm-amisu-usw?referrer=catalog,0,6880693993,On Sale,,https://images1.vinted.net/t/03_00882_zQh994VQ5WzpE5ioKhvgn8Kd/310x430/1755367509.webp?s=f4e6a7478ebd287d8b11fa4f5fcce702ead8c5f4,1,1,
Blusa Timing S,11.2,Timing,S / IT 40 / EU 36,https://www.vinted.it/items/6880842087-blusa-timing-s?referrer=catalog,28,6880842087,On Sale,,https://images1.vinted.net/t/02_008ef_TdBACDNHa7uZULsanGFHg1kG/310x430/1755369225.webp?s=ec925ae98d2a5845ac7533822efc453c98165490,1,1,
Top dos nu,2.8,Shein,XS / IT 38 / EU 34,https://www.vinted.it/items/6880842822-top-dos-nu?referrer=catalog,0,6880842822,On Sale,,https://images1.vinted.net/t/02_00516_3cx27374YLu3uSM8JsxJQ2TY/310x430/1755369234.webp?s=6c88de809e063183144f6aa41601bf540fd14dac,1,1,
Shirt Blusenshirt XL pink neu,10.68,Sonstiges,XL / IT 46 / EU 42,https://www.vinted.it/items/6880839950-shirt-blusenshirt-xl-pink-neu?referrer=catalog,0,6880839950,On Sale,,https://images1.vinted.net/t/02_00409_DTghYEi98YfGxcEpijRURi8W/310x430/1755369200.webp?s=acf8e221a8ca76bdedd1e93508bd0877b852f8d0,1,1,
Tee shirt,21.7,boho.by.as,Taglia unica,https://www.vinted.it/items/6880842993-tee-shirt?referrer=catalog,0,6880842993,On Sale,,https://images1.vinted.net/t/03_007ee_rsbW8Wp35J7etCLY4o8hmEEL/310x430/1755369237.webp?s=e116c05269ee8c1d57ba33010f3a4efff2f4c453,1,1,
Chemise,5.95,Shein,M / IT 42 / EU 38,https://www.vinted.it/items/6880842695-chemise?referrer=catalog,0,6880842695,On Sale,,https://images1.vinted.net/t/04_025aa_ZK4t4J4N14nAnGYHsZZzoitd/310x430/1755369233.webp?s=a8ffbeca660b9fb2207df51b31d09703071593b0,1,1,
Shirt Gr. 38,4.9,s.Oliver,M / IT 42 / EU 38,https://www.vinted.it/items/6880843027-shirt-gr-38?referrer=catalog,0,6880843027,On Sale,,https://images1.vinted.net/t/04_01640_iHVpyabg5u1BqPfTjC6XA96N/310x430/1755369237.webp?s=732d801c8367b93af7ab7f619e50afd2cd20cb60,1,1,
My jewellery blouse,5.95,My Jewellery,S / IT 40 / EU 36,https://www.vinted.it/items/6880842679-my-jewellery-blouse?referrer=catalog,0,6880842679,On Sale,,https://images1.vinted.net/t/03_01211_Aje4Qum27NvjNzgx8pkiGBrh/310x430/1755369233.webp?s=45f4727f2c99fdb24cd63c8930810697bdb2c5c2,1,1,
Top brillantato H&M S,5.95,H&M,S / IT 40 / EU 36,https://www.vinted.it/items/6880842645-top-brillantato-hm-s?referrer=catalog,0,6880842645,On Sale,,https://images1.vinted.net/t/02_000d6_uYdYnrWZGtQRsyoXA4HzA2LF/310x430/1755369232.webp?s=d0c89fdc740ca082644ef76bb8e3c96d0d678ccb,1,1,
TEE shirt Taille 2,2.28,No brand,L / IT 44 / EU 40,https://www.vinted.it/items/6880842986-tee-shirt-taille-2?referrer=catalog,0,6880842986,On Sale,,https://images1.vinted.net/t/04_01cd3_y61Eg2raVaTCHNv2jwmiaqXR/310x430/1755369237.webp?s=333d38e6c24d6fcb13f6f2f23b2e107d6d6e3e88,1,1,
T-shirt blanc avec imprimé crâne Clockhouse,5.95,Clockhouse,XL / IT 46 / EU 42,https://www.vinted.it/items/6880843024-t-shirt-blanc-avec-imprime-crane-clockhouse-en-taille-xl?referrer=catalog,0,6880843024,On Sale,,https://images1.vinted.net/t/04_0011f_i1Rf5qNHEW5X92WL25igNbND/310x430/1755369237.webp?s=f353e07a3cc60e37b44d8b2d5fb836f7133c9ca5,1,1,
Top bershka,3.84,Bershka,XS / IT 38 / EU 34,https://www.vinted.it/items/6880842522-top-bershka?referrer=catalog,0,6880842522,On Sale,,https://images1.vinted.net/t/04_01ac6_rwuGrg7pFVqKdNE5MX6fynSY/310x430/1755369231.webp?s=0a16b7641c4c40e0c4f831c6d018e9d0f56ee8b7,1,1,
Tee shirt Adidas - Taille S - T-shirt Adidas Originals - Logo 3D - Rétro - Vintage,13.3,adidas,S / IT 40 / EU 36,https://www.vinted.it/items/6880842528-tee-shirt-adidas-taille-s-t-shirt-adidas-originals-logo-3d-retro-vintage?referrer=catalog,1,6880842528,On Sale,,https://images1.vinted.net/t/02_00b31_L6ZEUTqzKSbPJUMqi5kziZhY/310x430/1755369231.webp?s=7cec566507415ec78f4838e1a91f2fc5da34cf5f,1,1,
süsses Rüschentop,7.0,Shein,L / IT 44 / EU 40,https://www.vinted.it/items/6880842513-susses-ruschentop?referrer=catalog,0,6880842513,On Sale,,https://images1.vinted.net/t/04_008dd_dn7nsiwL7QCFsBhjkP4GgM7B/310x430/1755369230.webp?s=ed75dfe9e401a8a4f9b452988813a354271051f2,1,1,
Rouje top,53.2,Rouje,S / IT 40 / EU 36,https://www.vinted.it/items/6880842496-rouje-top?referrer=catalog,0,6880842496,On Sale,,https://images1.vinted.net/t/04_002ce_QDQR4rxmFuaMBswGudxUBjzz/310x430/1755369230.webp?s=d027adb818a0cc0f5809c77c7a55cbe1133f590d,1,1,
Trendy babydoll top - hollister,32.2,Hollister,XS / IT 38 / EU 34,https://www.vinted.it/items/6880842466-trendy-babydoll-top-hollister?referrer=catalog,0,6880842466,On Sale,,https://images1.vinted.net/t/04_00317_oezKL2kbBohGSvGU6ixtiK9i/310x430/1755369230.webp?s=202b31216ad785d8e883cde725dbbad0bc9c7b17,1,1,
Blouse Unika verte,5.95,Unika,M / IT 42 / EU 38,https://www.vinted.it/items/6880842804-blouse-unika-verte?referrer=catalog,0,6880842804,On Sale,,https://images1.vinted.net/t/01_010cc_spvmFCPss453wrgL4yAZdJVW/310x430/1755369234.webp?s=8cdb384484d2f43dcfc235bd772bdd5f7a3eedfd,1,1,
Taillierte Bluse schwarz Only,7.0,ONLY,S / IT 40 / EU 36,https://www.vinted.it/items/6880842737-taillierte-bluse-schwarz-only?referrer=catalog,0,6880842737,On Sale,,https://images1.vinted.net/t/02_02504_gE2a1yycEYqzZrPgAVAaP9vR/310x430/1755369233.webp?s=41677ea722a0d4dd8fa1221fbfa995f4215777b0,1,1,
Witte blouse met zwarte stipjes van Loavies,5.95,Loavies,XS / IT 38 / EU 34,https://www.vinted.it/items/6880842573-witte-blouse-met-zwarte-stipjes-van-loavies?referrer=catalog,0,6880842573,On Sale,,https://images1.vinted.net/t/01_00eed_eTdG1FKXBf39KGuDJk3LrjWg/310x430/1755369231.webp?s=b588ef8761abfd1e1dccc2753ae23ab4b249b85a,1,1,
Magnifique tee shirt / top court taille 38,10.14,No brand,M / IT 42 / EU 38,https://www.vinted.it/items/6880842669-magnifique-tee-shirt-top-court-taille-38?referrer=catalog,0,6880842669,On Sale,,https://images1.vinted.net/t/04_0133c_pghuwxiEWthYk41MZ6dqnYBs/310x430/1755369233.webp?s=51c318a66b3de551131fd886304929184c6a6ba7,1,1,
Débardeurs noir,2.8,Muriel Cealac,L / IT 44 / EU 40,https://www.vinted.it/items/6880842727-debardeurs-noir?referrer=catalog,0,6880842727,On Sale,,https://images1.vinted.net/t/04_013b1_aUeN1Jp2cEs3y9DfHsNUau3B/310x430/1755369233.webp?s=6da82d9e2021d04c674ff74ad689e6819d10e327,1,1,
Top de Pull&Bear,3.33,Pull & Bear,L / IT 44 / EU 40,https://www.vinted.it/items/6880842214-top-de-pullbear?referrer=catalog,0,6880842214,On Sale,,https://images1.vinted.net/t/04_006d8_dpprrC6TGpgFR9vhB5oYukek/310x430/1755369227.webp?s=4da208f29c13f0c153c7205e29bc1cb01411b0e7,1,1,
Haut dentelle,16.45,Miracle,Taglia unica,https://www.vinted.it/items/6879211550-haut-dentelle?referrer=catalog,0,6879211550,On Sale,,https://images1.vinted.net/t/01_0091b_NQMMgDZmyfvjBApY7No3B4b5/310x430/1755354213.webp?s=d5d73a02331762592efbe91eb2fedaecd7c8a23c,1,1,
Body mit offenem Rücken,5.95,H&M,S / IT 40 / EU 36,https://www.vinted.it/items/6880842662-body-mit-offenem-rucken?referrer=catalog,0,6880842662,On Sale,,https://images1.vinted.net/t/01_01d12_Qq4K7Jx9G6KKLjMbPTddUCeJ/310x430/1755369233.webp?s=c68a151b192c198590a58dbf35562504517517a3,1,1,
Top débardeur Grain de Malice,8.05,Grain de Malice,XL / IT 46 / EU 42,https://www.vinted.it/items/6880842585-top-debardeur-grain-de-malice?referrer=catalog,0,6880842585,On Sale,,https://images1.vinted.net/t/04_0027b_M478F5cn7UGzuCnvVmtD838v/310x430/1755369231.webp?s=3930fb7c7e45053c838e52317fca2fdefff534d9,1,1,
Stayhomeclub Shirt Tshirt T-Shirt,5.95,Stay Home Club,M / IT 42 / EU 38,https://www.vinted.it/items/6880842678-stayhomeclub-shirt-tshirt-t-shirt?referrer=catalog,0,6880842678,On Sale,,https://images1.vinted.net/t/03_02097_HqA58fmqqKzb2gGSgvnVbYuy/310x430/1755369233.webp?s=29385c5b9b3d7fdc4fb4a90c41f89505c5d855c4,1,1,
Haut shein,5.95,Shein,XXXL / IT 50 / EU 46,https://www.vinted.it/items/6880842538-haut-shein?referrer=catalog,0,6880842538,On Sale,,https://images1.vinted.net/t/04_01aa8_72dufpJZk7NnCiMTi4LhMKS3/310x430/1755369231.webp?s=f67654f70ff39a3aa039a9347a5eee19e18e65e8,1,1,
Top asimétrico,17.5,Top Vintage,S / IT 40 / EU 36,https://www.vinted.it/items/6879019701-top-asimetrico?referrer=catalog,0,6879019701,On Sale,,https://images1.vinted.net/t/01_008ff_39rFQhBjkQegegD6vsXCANqi/310x430/1755352661.webp?s=167f04206f3ffda5904ac9a7c7b48165945eb1e8,1,1,
CHB Poloshirt rosa 42 damen,5.95,No brand,XL / IT 46 / EU 42,https://www.vinted.it/items/6880842211-chb-poloshirt-rosa-42-damen?referrer=catalog,0,6880842211,On Sale,,https://images1.vinted.net/t/04_0127c_b8WghRWy54ddcxnAcdWCNGQA/310x430/1755369227.webp?s=0d3c1157c81af63f7ad703db87442cc4aa50cea9,1,1,
Bluse Herbst,11.2,Soyaconcept,XL / IT 46 / EU 42,https://www.vinted.it/items/6880842073-bluse-herbst?referrer=catalog,0,6880842073,On Sale,,https://images1.vinted.net/t/03_01173_tXPq3GerfEns5jKSFiB4N4HM/310x430/1755369225.webp?s=a1a1951593a6e5c5b47b1f1433f03d2747e0a514,1,1,
🌸 Rosa Top ohne Ärmel 🌸,2.28,Shein,S / IT 40 / EU 36,https://www.vinted.it/items/6880842001-rosa-top-ohne-armel?referrer=catalog,0,6880842001,On Sale,,https://images1.vinted.net/t/04_019be_KtEYeZkiw3bU7SGkSCtdmNTn/310x430/1755369224.webp?s=d72fbc4d545ecc673f02959f772027950802d878,1,1,
Camiseta punto gatos,2.8,Vintage Dressing,M / IT 42 / EU 38,https://www.vinted.it/items/6880842040-camiseta-punto-gatos?referrer=catalog,0,6880842040,On Sale,,https://images1.vinted.net/t/04_00a5f_XQs69mJgAwmuSWNcHPuJnRae/310x430/1755369225.webp?s=8d7a2defb37b213340efcc152e35be79553f1b74,1,1,
T shirt blanc épaule boufante,4.38,De,S / IT 40 / EU 36,https://www.vinted.it/items/6880841948-t-shirt-blanc-epaule-boufante?referrer=catalog,0,6880841948,On Sale,,https://images1.vinted.net/t/03_0059a_UjT8XxSexh4TgD9VE3j8cZWi/310x430/1755369224.webp?s=85f5bbd21b02332d525b97a853667f750c7bdc10,1,1,
Canotta semitrasparente,5.95,No brand,L / IT 44 / EU 40,https://www.vinted.it/items/6854305547-canotta-semitrasparente?referrer=catalog,0,6854305547,On Sale,,https://images1.vinted.net/t/02_02517_Mv7waC8FSGBK2xCCgB1PJo3T/310x430/1754942455.webp?s=02137e4977143fcb2262d6126730873ef7761784,1,1,
🌺🌺Camiseta zombies,13.3,Adrixx,XL / IT 46 / EU 42,https://www.vinted.it/items/6880841006-camiseta-zombies-adrixx-talla-lxl?referrer=catalog,29,6880841006,On Sale,,https://images1.vinted.net/t/02_0102b_Y7nZeaJCr4p4EnfZijWdV7P8/310x430/1755369213.webp?s=4941c2f9bb0b7cc2e533fdb8da39a174271d7cc0,1,1,
Last Village Tunika Gr. 40/42 *neu* schwarz/bunt gemustert + geschnürt durchsichtig,7.0,Last village,L / IT 44 / EU 40,https://www.vinted.it/items/6880841989-last-village-tunika-gr-4042-neu-schwarzbunt-gemustert-geschnurt-durchsichtig?referrer=catalog,0,6880841989,On Sale,,https://images1.vinted.net/t/02_00454_qv1dRTUGXXLRQ3zKSuwy75Pw/310x430/1755369224.webp?s=d78b2f22d8afe36a8c3464ab818777f81a8910ab,1,1,
Y2K blouse,5.95,No brand,M / IT 42 / EU 38,https://www.vinted.it/items/6880842027-y2k-blouse?referrer=catalog,0,6880842027,On Sale,,https://images1.vinted.net/t/03_01086_iu3MG8yY6jtdDFoHA7wuto84/310x430/1755369224.webp?s=6c0560ddb3a343fc0edbfafa8d3127fc88552979,1,1,
Top Largo Azul,1.75,desconocida,L / IT 44 / EU 40,https://www.vinted.it/items/6880841997-top-largo-azul?referrer=catalog,0,6880841997,On Sale,,https://images1.vinted.net/t/01_012be_Djx5aSYMFVgZ33vN4s1Vs629/310x430/1755369224.webp?s=996fea056074474bf460752f8d598482d91f8cba,1,1,
Zwart shirt met open rug en ketting,8.58,Zara,S / IT 40 / EU 36,https://www.vinted.it/items/6880842380-zwart-shirt-met-open-rug-en-ketting?referrer=catalog,0,6880842380,On Sale,,https://images1.vinted.net/t/04_01ad9_ssxHpgh9bfxQymsLCcE8YVZV/310x430/1755369229.webp?s=90ad78f7494b6e7bbff8f00c5dfd7948e4b70fe5,1,1,
Body preto com alças brilhantes AMISU,9.1,Amisu,XXS / IT 36 / EU 32,https://www.vinted.it/items/6880841955-body-preto-com-alcas-brilhantes-amisu?referrer=catalog,0,6880841955,On Sale,,https://images1.vinted.net/t/04_00502_qW5cftiLxZ2nh2mY8Stqo9Ay/310x430/1755369224.webp?s=d52748eab9b2e28db5861708dc8a050213c4df38,1,1,
Camisa sfera,7.0,Sfera,L / IT 44 / EU 40,https://www.vinted.it/items/6880842285-camisa-sfera?referrer=catalog,0,6880842285,On Sale,,https://images1.vinted.net/t/02_01b42_eqituhSHvhLna38BcsxJfgtL/310x430/1755369228.webp?s=df02830061fc011cae46e01c2bca6d44d68c6183,1,1,
Bodies m,3.33,Shein,M / IT 42 / EU 38,https://www.vinted.it/items/6880841883-bodies-m?referrer=catalog,0,6880841883,On Sale,,https://images1.vinted.net/t/03_00491_Yg6LSKCCawFc97XK6RSrpHWm/310x430/1755369223.webp?s=42e2b0507c8d046598663c7eb83a9a7e30ca12b7,1,1,
Maglia copricostume traforata beige maniche lunghe larghe nido centrale,14.35,Vintage Dressing,M / IT 42 / EU 38,https://www.vinted.it/items/6880841961-maglia-copricostume-traforata-beige-maniche-lunghe-larghe-nido-centrale?referrer=catalog,0,6880841961,On Sale,,https://images1.vinted.net/t/04_01e8e_GDQfCF7gWjxT9Ctt31G6ToGZ/310x430/1755369224.webp?s=fb5bb1eebdd94559397d059709e1b66556698bfe,1,1,
Tshirt ONLY,2.8,ONLY,M / IT 42 / EU 38,https://www.vinted.it/items/6880841933-tshirt-only?referrer=catalog,0,6880841933,On Sale,,https://images1.vinted.net/t/01_0087c_Ev5XsDcbp6tPNaMJCVDJVbZK/310x430/1755369223.webp?s=0df08e456e20c3b461e4c3e268a1a6224d42a19e,1,1,
Blouse manches 3/4 Cache Cache  rouge taille L FR40 femme,5.43,Cache Cache,L / IT 44 / EU 40,https://www.vinted.it/items/6880842410-blouse-manches-34-cache-cache-rouge-taille-l-fr40-femme?referrer=catalog,0,6880842410,On Sale,,https://images1.vinted.net/t/02_000cf_9LjQq86yXxPr2eXYRC5fcDQK/310x430/1755369229.webp?s=b687c10f1de1f9a133f1dd015609e2e5ad792b09,1,1,
débardeur,3.85,Jennyfer,S / IT 40 / EU 36,https://www.vinted.it/items/6880841898-debardeur?referrer=catalog,0,6880841898,On Sale,,https://images1.vinted.net/t/02_00f46_N82RyJWwe5dsJaDRpcx1WqWs/310x430/1755369223.webp?s=af7db9763919cc742a57dc445ae5eaf29a680bb8,1,1,
Chemisier noir femme avec décolleté kiabi taille M (38-40),5.95,Kiabi,M / IT 42 / EU 38,https://www.vinted.it/items/6874346523-chemisier-noir-femme-avec-decollete-kiabi-taille-m-38-40?referrer=catalog,0,6874346523,On Sale,,https://images1.vinted.net/t/03_023a1_Suc7YTaweJyskHK6SZX8Ti8s/310x430/1755271673.webp?s=8447c9c587574683c44bb38512dfbb9524151f6c,1,1,
Blouse bohème verte,5.95,Naf Naf,L / IT 44 / EU 40,https://www.vinted.it/items/6880842255-blouse-boheme-verte?referrer=catalog,0,6880842255,On Sale,,https://images1.vinted.net/t/03_0245d_wsa78kgANo6d4JefyYNAtTmT/310x430/1755369227.webp?s=15cd498c4967bbe6b8067251dfdf40a129381c7f,1,1,
Lila top,3.33,Pull & Bear,M / IT 42 / EU 38,https://www.vinted.it/items/6880841894-lila-top?referrer=catalog,0,6880841894,On Sale,,https://images1.vinted.net/t/03_024e4_TgzDjW9MsSt5MCS9ztr1TEJo/310x430/1755369223.webp?s=38be2ad2e6247816620961e26a830896e902c254,1,1,
Leuke blouse,5.95,H&M,S / IT 40 / EU 36,https://www.vinted.it/items/6880841836-leuke-blouse?referrer=catalog,0,6880841836,On Sale,,https://images1.vinted.net/t/03_009da_rhebsisDsXU55HBLuLEJc6ui/310x430/1755369222.webp?s=33d53aa312e15e73c6f664942214dfc29097348f,1,1,
Pull manches 3/4 Morgan blanc et bleu marine taille S FR36 femme,8.05,Morgan,S / IT 40 / EU 36,https://www.vinted.it/items/6880842387-pull-manches-34-morgan-blanc-et-bleu-marine-taille-s-fr36-femme?referrer=catalog,0,6880842387,On Sale,,https://images1.vinted.net/t/01_01f5c_sAJ4sEtvSSu4NZJdqAhiFauC/310x430/1755369229.webp?s=5119302db0c529dc3402fb110c3d8bb923ac8678,1,1,
Top de Zara,1.75,Zara,S / IT 40 / EU 36,https://www.vinted.it/items/6880841797-top-de-zara?referrer=catalog,0,6880841797,On Sale,,https://images1.vinted.net/t/04_006e5_ZEvmqXTThSr9eXpk2Ubb6M3J/310x430/1755369222.webp?s=b95220a652e9021576ef8f4d37c12e3500765f28,1,1,
Chemisier Vintage,5.95,Vintage Dressing,XS / IT 38 / EU 34,https://www.vinted.it/items/6880841776-chemisier-vintage?referrer=catalog,0,6880841776,On Sale,,https://images1.vinted.net/t/02_0175a_JF6U3r4tcfg4CAyL7hWFgjwe/310x430/1755369222.webp?s=35ba1e570078d69fbeb7af12ee7dbe84ea583b18,1,1,
Camisa padrão zebra Modelite,8.05,Modelite,S / IT 40 / EU 36,https://www.vinted.it/items/6880842145-camisa-padrao-zebra-modelite?referrer=catalog,0,6880842145,On Sale,,https://images1.vinted.net/t/01_000eb_tYiwSNut4rvJwhAgDWAsBshP/310x430/1755369226.webp?s=8773dedb2becd6e575a49dfe5cd24718aaa91dc9,1,1,
Chemise 🌹46🌹 blanc,10.15,No brand,XXXL / IT 50 / EU 46,https://www.vinted.it/items/6880742974-chemise-46-blanc?referrer=catalog,0,6880742974,On Sale,,https://images1.vinted.net/t/03_015d5_dVRpNxuYHornhkYqPDvQodJm/310x430/1755368068.webp?s=05d3f38f79edc05adbdb766aff574a6e2fa71040,1,1,
Asymmetrisches Langarmshirt,8.05,Review,L / IT 44 / EU 40,https://www.vinted.it/items/6880841566-asymmetrisches-langarmshirt?referrer=catalog,0,6880841566,On Sale,,https://images1.vinted.net/t/01_00b8d_XHwdSscsKkuAUk1JL4PQje2T/310x430/1755369219.webp?s=cceff926d948c1baaf630e52f89953e1c1869625,1,1,
Tunique courte.Shein. C.4 SA,11.19,Shein,XXS / IT 36 / EU 32,https://www.vinted.it/items/6880841298-tunique-courteshein-c4-sa?referrer=catalog,0,6880841298,On Sale,,https://images1.vinted.net/t/04_00ab6_PUVfw7P28MSDSBAeDAq59wjY/310x430/1755369216.webp?s=d4011cda41bb8f694c63b2c1514792bb0f89fc43,1,1,
Gilet jaune sans manches,26.95,Boutique indépendante,S / IT 40 / EU 36,https://www.vinted.it/items/6880841529-gilet-jaune-sans-manches?referrer=catalog,0,6880841529,On Sale,,https://images1.vinted.net/t/01_008b5_nqmFVWHTBPeNrjhDQuzmPJYv/310x430/1755369218.webp?s=138c9a3f7c45bf920f21eae4e72f4c8cc58366ab,1,1,
T-shirt da Donna Mango XS Nero,13.3,Mango,XS / IT 38 / EU 34,https://www.vinted.it/items/6880841557-t-shirt-da-donna-mango-xs-nero?referrer=catalog,0,6880841557,On Sale,,https://images1.vinted.net/t/04_0206b_FSC5FKZJXEK6d9msyspVHPME/310x430/1755369219.webp?s=eab6632fef235389b81935fedd1035221a3791a1,1,1,
Top. Camisa. Manga corta. Calados. Estilo boho. Zara. Talla M,8.05,Zara,M / IT 42 / EU 38,https://www.vinted.it/items/6880841512-top-camisa-manga-corta-calados-estilo-boho-zara-talla-m?referrer=catalog,0,6880841512,On Sale,,https://images1.vinted.net/t/03_00e48_s2m8rG9SD6arFBZNKZfsQ3aX/310x430/1755369218.webp?s=937955513b51680fcde88030eb876c3b438e9237,1,1,
Maglia a fiori,11.2,New Fashion,XL / IT 46 / EU 42,https://www.vinted.it/items/6880841511-maglia-a-fiori?referrer=catalog,0,6880841511,On Sale,,https://images1.vinted.net/t/02_01346_gAQerUbb467PBaympBrmvHBQ/310x430/1755369218.webp?s=385381fe12a970cc0562e3219ad1777f286718f1,1,1,
Blusa de manga larga con volante,8.05,Made In Italy,M / IT 42 / EU 38,https://www.vinted.it/items/6880840662-blusa-de-manga-larga-con-volante?referrer=catalog,27,6880840662,On Sale,,https://images1.vinted.net/t/03_01506_iRGWGY1Xj7trZo4RFJU8objV/310x430/1755369208.webp?s=50f0618792c2aae36d4793d4b278bd892f68b134,1,1,
T-shirt,4.9,Zuiki,M / IT 42 / EU 38,https://www.vinted.it/items/6880841853-t-shirt?referrer=catalog,0,6880841853,On Sale,,https://images1.vinted.net/t/04_00478_HTkjNrAmn86imMSqapPPkf74/310x430/1755369222.webp?s=36742bb0777a0765951bd1b974ab819d6c4ce132,1,1,
Weißes Spitzentop,3.33,H&M,L / IT 44 / EU 40,https://www.vinted.it/items/6880841486-weisses-spitzentop?referrer=catalog,0,6880841486,On Sale,,https://images1.vinted.net/t/04_000cc_F7wihs37LiYYbKy3D83Sv7sQ/310x430/1755369218.webp?s=0c75fba19c9d75a93c57ae028c73fda4e683f088,1,1,
Tee shirt femme XXL,13.3,Zara,XXL / IT 48 / EU 44,https://www.vinted.it/items/6880841527-tee-shirt-femme-xxl?referrer=catalog,0,6880841527,On Sale,,https://images1.vinted.net/t/04_0014c_N6v6kG8xGh9DNVzkdwojBxKg/310x430/1755369218.webp?s=8beca73296f934630728ea63b2f54149cd445088,1,1,
Maglia Coquette,11.2,COQUETTE,M / IT 42 / EU 38,https://www.vinted.it/items/6880841381-maglia-coquette?referrer=catalog,0,6880841381,On Sale,,https://images1.vinted.net/t/01_0160c_v23ucqbdjnxhUGbeNPZkbzeH/310x430/1755369217.webp?s=2664067738bdbad7d0aa7af160122f9aa080c83f,1,1,
Zwei Neckholdertops,3.85,Sonstiges,Taglia unica,https://www.vinted.it/items/6880841768-zwei-neckholdertops?referrer=catalog,0,6880841768,On Sale,,https://images1.vinted.net/t/01_000af_fDPdXQPFx9Jzt8KwM8yhtmfZ/310x430/1755369221.webp?s=59d892f0a676b079b4976432716d5239c84f185f,1,1,
Chemise neuve,11.2,Gémo,S / IT 40 / EU 36,https://www.vinted.it/items/6880841741-chemise-neuve?referrer=catalog,0,6880841741,On Sale,,https://images1.vinted.net/t/04_0209b_GPT48pPXCMU8b1EuBT7kjZvJ/310x430/1755369221.webp?s=1980611234bae5da36ff4f9e2899dd835a901c0c,1,1,
Top Emmiol,3.85,Emmiol,M / IT 42 / EU 38,https://www.vinted.it/items/6880841143-top-emmiol?referrer=catalog,0,6880841143,On Sale,,https://images1.vinted.net/t/02_015ac_w8Z8WuQz5ajMhraXoWT9Zjpj/310x430/1755369214.webp?s=0c3e40bfdf51e87d339d642441534eaf534c5008,1,1,
Blouse Mango grise blanche filet argenté,4.9,Mango,S / IT 40 / EU 36,https://www.vinted.it/items/6880838954-blouse-mango-grise-blanche-filet-argente?referrer=catalog,0,6880838954,On Sale,,https://images1.vinted.net/t/04_00b71_7JX27UU7pkyaDDySwpfdHoV1/310x430/1755369222.webp?s=570427ae289aa08d09c5e6c1ba59ee2b06ac80f5,1,1,
Haut Femme Manches longues Bleu gris coutures pailletée argentée - Taille S/M 36 38,9.1,Boutique Parisienne,M / IT 42 / EU 38,https://www.vinted.it/items/6880841648-haut-femme-manches-longues-bleu-gris-coutures-pailletee-argentee-taille-sm-36-38?referrer=catalog,0,6880841648,On Sale,,https://images1.vinted.net/t/02_01afe_7kmyuTP3qZWLuCTibe1iwW19/310x430/1755369220.webp?s=c86ba3b8c3cc6bca4c2dba27db1ff1913421f704,1,1,
Haut stradivarius bleu marine,3.85,Stradivarius,XS / IT 38 / EU 34,https://www.vinted.it/items/6880883468-haut-stradivarius-bleu-marine?referrer=catalog,0,6880883468,On Sale,,https://images1.vinted.net/t/03_00760_5uFr5hTp4Xka2ceacvszsH8W/310x430/1755369726.webp?s=0dd7858d5e950fbb440c53178b262d11ac3824fc,1,1,
Only t-shirt,3.85,ONLY,L / IT 44 / EU 40,https://www.vinted.it/items/6880883178-only-t-shirt?referrer=catalog,0,6880883178,On Sale,,https://images1.vinted.net/t/04_013a9_qvghS9DpTYjwgp6Qy6SqVKNJ/310x430/1755369723.webp?s=66077e5e4803d1187269ccf325007336673d872d,1,1,
Uitverkoop! Zwart croptop shein S,2.01,Shein,S / IT 40 / EU 36,https://www.vinted.it/items/6880883536-uitverkoop-zwart-croptop-shein-s?referrer=catalog,0,6880883536,On Sale,,https://images1.vinted.net/t/04_00fc4_XXuhSbJkmptCYRo7Uk2bsCjC/310x430/1755369727.webp?s=29ab09e36b70ca0fb0259faea5fd0d141b8d475e,1,1,
Camiseta blanca Hollister,4.9,Hollister,S / IT 40 / EU 36,https://www.vinted.it/items/6880883520-camiseta-blanca-hollister?referrer=catalog,0,6880883520,On Sale,,https://images1.vinted.net/t/02_0202b_GteWkaz9kZnYX3xHSh7ZWXZZ/310x430/1755369727.webp?s=115c003d50d6494f08f894cffb47e15b282387c3,1,1,
Camisa manga curta Zara,3.33,Zara,S / IT 40 / EU 36,https://www.vinted.it/items/6880883376-camisa-manga-curta-zara?referrer=catalog,0,6880883376,On Sale,,https://images1.vinted.net/t/04_024bd_Sv3zrHJNTBZyjR5mQTftjKMn/310x430/1755369725.webp?s=dcc6607c52b1f2cedfb63cdada06bfafe17713c8,1,1,
5673 - Trussardi Sport - Gilet - M - con dettagli in pelle,26.95,Trussardi,M / IT 42 / EU 38,https://www.vinted.it/items/6880883054-5673-trussardi-sport-gilet-m-con-dettagli-in-pelle?referrer=catalog,0,6880883054,On Sale,,https://images1.vinted.net/t/03_013f6_EJby7Aj816FCuF8Hx6TxNCMS/310x430/1755369721.webp?s=b048d334d91d3128b68418ae578bd51321f52ee9,1,1,
H&m - white and blue blouse without sleeves - 32,2.8,H&M,XXS / IT 36 / EU 32,https://www.vinted.it/items/6880883361-hm-white-and-blue-blouse-without-sleeves-32?referrer=catalog,0,6880883361,On Sale,,https://images1.vinted.net/t/04_00ce2_yTUojL4uXmhZfB9PaKQeuzG1/310x430/1755369725.webp?s=4113ab7dd3d8db01118d2547e364d37dedb1a2c7,1,1,
Blouse,3.85,Meet you,M / IT 42 / EU 38,https://www.vinted.it/items/6880883326-blouse?referrer=catalog,0,6880883326,On Sale,,https://images1.vinted.net/t/02_00419_hPjRJHFQLn5MZKU8iBr2DjH5/310x430/1755369724.webp?s=817ec5e585a7c7c2fee53fc452e8b0977966a254,1,1,
Camiseta top,11.2,Pepe Jeans,S / IT 40 / EU 36,https://www.vinted.it/items/6880882917-camiseta-top?referrer=catalog,0,6880882917,On Sale,,https://images1.vinted.net/t/03_00539_M9J2CgxPnzkNR6ocydprjATc/310x430/1755369720.webp?s=b04db166f5e5862f5ba0d65c34202c18c0417bfb,1,1,
Flowery Blouse,5.95,Sisters Point,S / IT 40 / EU 36,https://www.vinted.it/items/6880883048-flowery-blouse?referrer=catalog,0,6880883048,On Sale,,https://images1.vinted.net/t/01_01edf_MtmRpUr4aHFZLcAshYYgGRip/310x430/1755369721.webp?s=434a28be22ed3ee2808411316728089e4e1b746e,1,1,
Bundel strakke topjes,4.9,Primark,XL / IT 46 / EU 42,https://www.vinted.it/items/6880882818-bundel-strakke-topjes?referrer=catalog,0,6880882818,On Sale,,https://images1.vinted.net/t/01_00bc1_pEgyQMQpd11zdrkyBFYh4osJ/310x430/1755369718.webp?s=635d5e4097e347413dd54348039aa86d1c3296d0,1,1,
ZARA Häkeltop - M,13.3,Zara,M / IT 42 / EU 38,https://www.vinted.it/items/6880882911-zara-hakeltop-m?referrer=catalog,0,6880882911,On Sale,,https://images1.vinted.net/t/01_023b8_rDUtBDtaHzrBbmasaLp87JQQ/310x430/1755369719.webp?s=311536babfcb38a243ab061b4fba9762ddfb0094,1,1,
Blusa blanca Zara,11.2,Zara,XS / IT 38 / EU 34,https://www.vinted.it/items/6880883220-blusa-blanca-zara?referrer=catalog,0,6880883220,On Sale,,https://images1.vinted.net/t/01_018cf_oNTmnfA5YQmsUW68bMS4DNZt/310x430/1755369723.webp?s=cecc59172f889f3c3fd319fbaf7ed46ca2952676,1,1,
T shirt  femme manche 3/4 kaki et blanc,3.85,No brand,4XL / IT 52 / EU 48,https://www.vinted.it/items/6880883214-t-shirt-femme-manche-34-kaki-et-blanc?referrer=catalog,0,6880883214,On Sale,,https://images1.vinted.net/t/02_00ee0_MbJA2rfyNy98wp9m9JsLvKRB/310x430/1755369723.webp?s=91b55f6aa48fdb42ab81318b98b6928dab0a288f,1,1,
Blusa Michael Kors,16.45,Michael Kors,S / IT 40 / EU 36,https://www.vinted.it/items/6880882925-blusa-michael-kors?referrer=catalog,0,6880882925,On Sale,,https://images1.vinted.net/t/04_022ce_7w7xAhHZV6JUSbDav5t84EsH/310x430/1755369720.webp?s=f86947927ec29e6e784a1b99f23bd9ab2dc7cf9f,1,1,
Camisa estampada,1.75,No brand,XXL / IT 48 / EU 44,https://www.vinted.it/items/6880883246-camisa-estampada?referrer=catalog,0,6880883246,On Sale,,https://images1.vinted.net/t/01_005ea_XbbkQzUCjkidPg2G6GoFESqa/310x430/1755369724.webp?s=4af1477d24b50069f5cd6d09474c36a8e058bfa3,1,1,
Camiseta manga larga,3.85,Local,S / IT 40 / EU 36,https://www.vinted.it/items/6880839442-camiseta-manga-larga?referrer=catalog,0,6880839442,On Sale,,https://images1.vinted.net/t/04_00225_sZFGoXYzSy6EgjW3Co87EXJr/310x430/1755369194.webp?s=a4a1058c159b1215a66a0c28ed21361578c56d8e,1,1,
cute lace clothing set,11.2,No brand,S / IT 40 / EU 36,https://www.vinted.it/items/6880883168-cute-lace-clothing-set?referrer=catalog,0,6880883168,On Sale,,https://images1.vinted.net/t/03_01c51_tS7CMSPnJs2bfvLnqQeV7i1s/310x430/1755369723.webp?s=6134b5090e25aa392e0da58507f51f6b9cb2ce84,1,1,
Haut blanc cassé dentelle,2.8,Vertice,XL / IT 46 / EU 42,https://www.vinted.it/items/6880883158-haut-blanc-casse-dentelle?referrer=catalog,0,6880883158,On Sale,,https://images1.vinted.net/t/01_00797_u4dYnA5v3zNsZWmqgHnyhr7c/310x430/1755369722.webp?s=834a4162dd941e2787f8a59b5504c50bf9bf997b,1,1,
T-Shirt weiß mit Dackel,16.45,Made In Italy,Taglia unica,https://www.vinted.it/items/6880882835-t-shirt-weiss-mit-dackel?referrer=catalog,0,6880882835,On Sale,,https://images1.vinted.net/t/03_0220f_1eTVwGuwGhodnYi2frzJiNXx/310x430/1755369719.webp?s=b15c447ff477ab316e8f25073a899769e6cbd02c,1,1,
Super leichte Bluse mit Untertop Gr.50,16.45,unbekannt,5XL / IT 54 / EU 50,https://www.vinted.it/items/6880883225-super-leichte-bluse-mit-untertop-gr50?referrer=catalog,0,6880883225,On Sale,,https://images1.vinted.net/t/02_0096d_Mpi34MtyzjCcTPNHsebsi5SG/310x430/1755369723.webp?s=af2cbd075e8e6c06ba0a28394fa83142c5596dd0,1,1,
Ensemble deux pièces avec Top Bandeau dos nu et short taille basse,24.75,Vero Moda,S / IT 40 / EU 36,https://www.vinted.it/items/6880883101-ensemble-deux-pieces-avec-top-bandeau-dos-nu-et-short-taille-basse?referrer=catalog,0,6880883101,On Sale,,https://images1.vinted.net/t/01_014e4_UqFzEGnAon6WGYYJpY6ydRSV/310x430/1755369722.webp?s=2443a3436673e5585e66cb9c62ac559dfbfd5954,1,1,
Blouse,2.28,JBC,XXL / IT 48 / EU 44,https://www.vinted.it/items/6880882711-blouse?referrer=catalog,0,6880882711,On Sale,,https://images1.vinted.net/t/04_02292_rC6DZEHjJm9UuM3SvGpzukPF/310x430/1755369717.webp?s=55aa59df6d081321b1dd4b7f5b4ddec96d4b781d,1,1,
Top mujer talla S (Pull&Bear),18.55,Pull & Bear,S / IT 40 / EU 36,https://www.vinted.it/items/6880881754-top-mujer-talla-s-pullbear?referrer=catalog,17,6880881754,On Sale,,https://images1.vinted.net/t/04_02268_SFBmtgT6RNVKc4DCLn6AyKMt/310x430/1755369706.webp?s=8143a6b33a9fc7bce81839935cda605f60c70535,1,1,
Top verde con espalda al aire,5.95,Shein,XS / IT 38 / EU 34,https://www.vinted.it/items/6880882951-top-verde-con-espalda-al-aire?referrer=catalog,0,6880882951,On Sale,,https://images1.vinted.net/t/04_00221_2S44oTKvQDY3M5LENTWdeWtU/310x430/1755369720.webp?s=83abb77b8d969d5072ec9ff6f47c23a7362a0edc,1,1,
Timeless Mango White Top,19.6,Mango,XXS / IT 36 / EU 32,https://www.vinted.it/items/6880882602-timeless-mango-white-top?referrer=catalog,0,6880882602,On Sale,,https://images1.vinted.net/t/01_026a9_mEXUUo5d8MEZB8BQnbNJrQBK/310x430/1755369716.webp?s=5198ad672fc3d172e0434ec270e9c329b842f5d7,1,1,
Hemd Zara,8.58,Zara,M / IT 42 / EU 38,https://www.vinted.it/items/6880882793-hemd-zara?referrer=catalog,0,6880882793,On Sale,,https://images1.vinted.net/t/02_01488_b7ML2sRRvnyrBBEv2zcm54f8/310x430/1755369718.webp?s=3b10bd3536c30855b5a17e139792a5f92668fb42,1,1,
Sommertop,9.1,naked zebra,S / IT 40 / EU 36,https://www.vinted.it/items/6880882606-sommertop?referrer=catalog,0,6880882606,On Sale,,https://images1.vinted.net/t/01_025fa_RfbvJTQFgY6D7rETy9QLC75d/310x430/1755369716.webp?s=3d1d78e4102cf3a518892d94c0cf040d7b811ed9,1,1,
Schwarze Korsage Top,7.0,Zara,L / IT 44 / EU 40,https://www.vinted.it/items/6880882539-schwarze-korsage-top?referrer=catalog,0,6880882539,On Sale,,https://images1.vinted.net/t/02_01f7f_mMCE7HypVhRonTrLhHhbx772/310x430/1755369715.webp?s=82af5267c7110fb2dd8da544de24d10a7e77d4a7,1,1,
Mango x Simon Miller tshirt,11.2,Mango,S / IT 40 / EU 36,https://www.vinted.it/items/6880882627-mango-x-simon-miller-tshirt?referrer=catalog,0,6880882627,On Sale,,https://images1.vinted.net/t/02_00d10_4UGKCrSCAMvQi6iAQDBP9ekg/310x430/1755369716.webp?s=46d1bcd20c9339975ef904d44babc7c6f19c4c7c,1,1,
Chemisier manches longues noir avec dentelles transparente avec pois noir,4.9,No brand,L / IT 44 / EU 40,https://www.vinted.it/items/6880882538-chemisier-manches-longues-noir-avec-dentelles-transparente-avec-pois-noir?referrer=catalog,0,6880882538,On Sale,,https://images1.vinted.net/t/01_0113f_e6MT83i1YeXEpwSCfz4zL6xm/310x430/1755369715.webp?s=f403a3dde899747447ad4cec9840d34922188e9b,1,1,
Débardeur à bretelles rose fleuri,3.85,Gémo,L / IT 44 / EU 40,https://www.vinted.it/items/6880882412-debardeur-a-bretelles-rose-fleuri?referrer=catalog,0,6880882412,On Sale,,https://images1.vinted.net/t/04_0093e_yKMP4sFnndBiprQ1XPhK9KhN/310x430/1755369714.webp?s=b7f494040330489287ff3117a5141bd4433384c2,1,1,
Chemise Zara,7.0,Zara,S / IT 40 / EU 36,https://www.vinted.it/items/6880882494-chemise-zara?referrer=catalog,0,6880882494,On Sale,,https://images1.vinted.net/t/01_00fcd_1pjPWfYWHbK6MuBMiSkK1XzW/310x430/1755369715.webp?s=71272871f825712703a2372ff93cb9fa904563a9,1,1,
Leichter Blusen-Pulli mit Kragen in S,13.3,JDY,S / IT 40 / EU 36,https://www.vinted.it/items/6880882908-leichter-blusen-pulli-mit-kragen-in-s?referrer=catalog,0,6880882908,On Sale,,https://images1.vinted.net/t/01_016a9_YkbSZpC5wvmX2GEayS8pCr9j/310x430/1755369719.webp?s=6f93ddb660207c9da44ecbe6d5d7ffac4b55a5d7,1,1,
Chemise vintage en soie,5.95,LYNN ADLER,S / IT 40 / EU 36,https://www.vinted.it/items/6880882449-chemise-vintage-en-soie?referrer=catalog,0,6880882449,On Sale,,https://images1.vinted.net/t/04_02621_2WriacDmnpvenYDXa23TygA8/310x430/1755369714.webp?s=df3947d721a2d869e286529956ce4f9604f8a9d1,1,1,
Blouse / top,5.43,Made In Italy,XXXL / IT 50 / EU 46,https://www.vinted.it/items/6880882445-blouse-top?referrer=catalog,0,6880882445,On Sale,,https://images1.vinted.net/t/02_01528_sMqCUY81Z4LMbhyrwQLmx5ja/310x430/1755369714.webp?s=11444ecbbb55e4b38582e57d0440afbc03da11ad,1,1,
Kobaltblauw shirt,10.15,Street One,XXL / IT 48 / EU 44,https://www.vinted.it/items/6880882316-kobaltblauw-shirt?referrer=catalog,0,6880882316,On Sale,,https://images1.vinted.net/t/04_013c4_aAeaDZbZuY7W2Q3gnGnYBoSA/310x430/1755369712.webp?s=05a696b7b79d20434d563972fdc836e99ca2d218,1,1,
Blouse blanche croisé Camaieu T44,11.2,Camaïeu,XXL / IT 48 / EU 44,https://www.vinted.it/items/6880882687-blouse-blanche-croise-camaieu-t44?referrer=catalog,0,6880882687,On Sale,,https://images1.vinted.net/t/03_01e6d_EwqVRthqq6gNH6dkxCj4b6PL/310x430/1755369717.webp?s=8c95c73a6dcf4da974ab5352d1a0ace186e150d0,1,1,
Tee shirt treet one,16.45,Street One,XS / IT 38 / EU 34,https://www.vinted.it/items/6880882397-tee-shirt-treet-one?referrer=catalog,0,6880882397,On Sale,,https://images1.vinted.net/t/02_02557_ZaRyBFoMyvY31PWLctZ9aBy6/310x430/1755369713.webp?s=0d89d04f8bdbdf8d25310add7accd4f3e453d653,1,1,
Débardeur neuf taille L,11.2,No brand,L / IT 44 / EU 40,https://www.vinted.it/items/6880882385-debardeur-neuf-taille-l?referrer=catalog,0,6880882385,On Sale,,https://images1.vinted.net/t/04_00bf6_xtbMoxatkANj3R1FF5ykboHS/310x430/1755369713.webp?s=27682aeb8fd584a0c5b24867ae5a8e41e028e84b,1,1,
camisa comprida bordados,11.2,Stradivarius,S / IT 40 / EU 36,https://www.vinted.it/items/6880882651-camisa-comprida-bordados?referrer=catalog,0,6880882651,On Sale,,https://images1.vinted.net/t/02_00103_HBQU15toFzKckdjHtt14rsKm/310x430/1755369717.webp?s=83fccaa3767e81dd956567ddc334a8c9d7c5921c,1,1,
Zara - T-Shirt - Grün - M,4.38,Zara,M / IT 42 / EU 38,https://www.vinted.it/items/6880882284-zara-t-shirt-grun-m?referrer=catalog,0,6880882284,On Sale,,https://images1.vinted.net/t/01_00fdf_EVMfZRPRLDAscz4HRQcgoKrw/310x430/1755369712.webp?s=a2481c2b9dd7c0765d14e1748207cf634f475444,1,1,
T-shirt Zara,2.8,Zara,L / IT 44 / EU 40,https://www.vinted.it/items/6880882278-t-shirt-zara?referrer=catalog,0,6880882278,On Sale,,https://images1.vinted.net/t/02_02403_yeJbUMkiudMDQvmNDigyLa8B/310x430/1755369712.webp?s=9513448bbe74a06fbae6242e276f702606579780,1,1,
Top court taille M marque Jennyfer,1.75,Jennyfer,M / IT 42 / EU 38,https://www.vinted.it/items/6880882181-top-court-taille-m-marque-jennyfer?referrer=catalog,0,6880882181,On Sale,,https://images1.vinted.net/t/03_02263_4uUsbVeGcqktieqrRMyv571K/310x430/1755369711.webp?s=c7bfd65ce72dac2122c61366eb042312c1487835,1,1,
Top allacciato al collo,7.53,esperance paris,XL / IT 46 / EU 42,https://www.vinted.it/items/6880882107-top-allacciato-al-collo-esperance-paris?referrer=catalog,0,6880882107,On Sale,,https://images1.vinted.net/t/01_01c4c_irS77YQdhsGp4SjcSXz7yNEm/310x430/1755369710.webp?s=7d81a3112cfe4974929236e8a803330f60430956,1,1,
Top Rosa gestrickt  Gr. S,3.85,Rosa,S / IT 40 / EU 36,https://www.vinted.it/items/6880882658-top-rosa-gestrickt-gr-s?referrer=catalog,0,6880882658,On Sale,,https://images1.vinted.net/t/04_0192f_qUhreimkw8FAmrkB5yZLqThF/310x430/1755369717.webp?s=ec81a3d93223a1a344c735f05188991d0eb8455a,1,1,
gestreiftes Monkl T-Shirt,2.8,MONKL,XXS / IT 36 / EU 32,https://www.vinted.it/items/6880882487-gestreiftes-monkl-t-shirt?referrer=catalog,0,6880882487,On Sale,,https://images1.vinted.net/t/03_003be_ib95Nw1zRjXR4G1zgAhrVgQX/310x430/1755369715.webp?s=cd340a58ad55cd3631915a3dc5b395471faa8d3f,1,1,
Canotta bianca a righe con paillettes blu taglia 46,7.0,Diva,XL / IT 46 / EU 42,https://www.vinted.it/items/6880882139-canotta-bianca-a-righe-con-paillettes-blu-taglia-46?referrer=catalog,0,6880882139,On Sale,,https://images1.vinted.net/t/03_01ca1_AVxnvmj36dk3679NaHw8jegq/310x430/1755369710.webp?s=554c05ffd03fd542a7b6e194c2414b652990ac79,1,1,
Polo manches courtes Lacoste,37.45,Lacoste,S / IT 40 / EU 36,https://www.vinted.it/items/6880882134-polo-manches-courtes-lacoste?referrer=catalog,0,6880882134,On Sale,,https://images1.vinted.net/t/01_00abc_fK7wbmMuMDcwYJ1YKB8FpAux/310x430/1755369710.webp?s=8386238051faeec2abdf123a871784a991ce8f61,1,1,
Tee-shirt,4.9,Armand Thiery,S / IT 40 / EU 36,https://www.vinted.it/items/6880882117-tee-shirt?referrer=catalog,0,6880882117,On Sale,,https://images1.vinted.net/t/01_0145d_JFwax31X2iMNGzVYDcxpwaAF/310x430/1755369710.webp?s=7170d92114441ad0d86d7fa5db65144732e9f261,1,1,
Top à rayures,4.9,Stradivarius,M / IT 42 / EU 38,https://www.vinted.it/items/6880882419-top-a-rayures?referrer=catalog,0,6880882419,On Sale,,https://images1.vinted.net/t/03_00600_rNPmbXurZTYxQdTTZcGu8cbL/310x430/1755369714.webp?s=701408277e2542dc9fa1be53ab85a5101c9d6462,1,1,
Top épaules découvertes,4.9,No brand,M / IT 42 / EU 38,https://www.vinted.it/items/6880877231-top-epaules-decouvertes?referrer=catalog,0,6880877231,On Sale,,https://images1.vinted.net/t/02_0174d_HCKwRF5fz6pGr9pq117jQaRo/310x430/1755369651.webp?s=b1ada024feeb0bfa7ce0c8427a67819320de1cb0,1,1,
Gilet court Morgan,7.0,Morgan,L / IT 44 / EU 40,https://www.vinted.it/items/6880875563-gilet-court-morgan?referrer=catalog,0,6880875563,On Sale,,https://images1.vinted.net/t/03_00f47_TpFMGZwCmqGW2iELeCMCAoyg/310x430/1755369631.webp?s=0ac346a6e0ed59e5c6c477a4862df142e96bca36,1,1,
Chemise couleur taupe avec un noeud papillon effet soie à manches longues taille 36/44,25.9,Boutique Parisienne,Taglia unica,https://www.vinted.it/items/6880881999-chemise-couleur-taupe-avec-un-noeud-papillon-effet-soie-a-manches-longues-taille-3644?referrer=catalog,0,6880881999,On Sale,,https://images1.vinted.net/t/02_00e6e_EhGFdxHkskXYHopwQJVkzthc/310x430/1755369709.webp?s=58e518f366859d1bb9130c043159525291945c78,1,1,
Haut femme,2.59,Femme,XXL / IT 48 / EU 44,https://www.vinted.it/items/6880882005-haut-femme?referrer=catalog,0,6880882005,On Sale,,https://images1.vinted.net/t/01_02411_r9rXD4zBputNQCA4eLYwJLLf/310x430/1755369709.webp?s=98a9caa6bedd7bb3477e63f39107c1076a6a2967,1,1,
Chemise à motifs ronds Garcia – Taille XL – Coton léger,13.3,Garcia,L / IT 44 / EU 40,https://www.vinted.it/items/6880882331-chemise-a-motifs-ronds-garcia-taille-xl-coton-leger?referrer=catalog,0,6880882331,On Sale,,https://images1.vinted.net/t/03_002a1_PvuvmtYeqnicpCi65tGzQDi1/310x430/1755369713.webp?s=ddb73f3477182e72055a03dec1fa8a819032173c,1,1,
Hallhuber Damen Shirt Städtenamen,8.05,Hallhuber,L / IT 44 / EU 40,https://www.vinted.it/items/6880882496-hallhuber-damen-shirt-stadtenamen?referrer=catalog,0,6880882496,On Sale,,https://images1.vinted.net/t/01_0195b_FLXwYGvCcPM21opVsMgufJnL/310x430/1755369715.webp?s=6692a6f761521428941458fd96114a58f2816cb7,1,1,
Body femme,1.75,No brand,S / IT 40 / EU 36,https://www.vinted.it/items/6880882034-body-femme?referrer=catalog,0,6880882034,On Sale,,https://images1.vinted.net/t/04_00ba0_sQiTXz2V1r5ajJ34UERD4oBL/310x430/1755369709.webp?s=034c5f20756526b0979baa3bd47ce6bc852805a8,1,1,
Chemisier agréable à porter !,16.45,I.Code,S / IT 40 / EU 36,https://www.vinted.it/items/6880882068-chemisier-agreable-a-porter?referrer=catalog,0,6880882068,On Sale,,https://images1.vinted.net/t/01_00021_w6uYPa1o7Z6sNTa9rijPAcoH/310x430/1755369710.webp?s=5782a0ea2937521b8a84312a497ad1ff90aecfba,1,1,
Top Tunica sin mangas,21.7,Adolfo Dominguez,S / IT 40 / EU 36,https://www.vinted.it/items/6880882290-top-tunica-sin-mangas-talla-36marca-adolfo-dominguez-nueva-con-etiqueta?referrer=catalog,0,6880882290,On Sale,,https://images1.vinted.net/t/04_00aa3_6CYcqm8BX4Row63wkCUxSRdM/310x430/1755369712.webp?s=93600c2795096f000ffd66fab63144296847f682,1,1,
Robe/Tunique,9.1,No,XL / IT 46 / EU 42,https://www.vinted.it/items/6880881862-robetunique?referrer=catalog,0,6880881862,On Sale,,https://images1.vinted.net/t/04_00c43_5GYUtqiCvgTYLFzd13FzeqbV/310x430/1755369707.webp?s=808014490c57d7076d6f8d22ba4a118d771b1478,1,1,
Camisa blanca Sfera. Talla M,11.2,Sfera,M / IT 42 / EU 38,https://www.vinted.it/items/6880882408-camisa-blanca-sfera-talla-m?referrer=catalog,0,6880882408,On Sale,,https://images1.vinted.net/t/03_022b5_XSj8r4eMSDvTv6VRgjmBgZ14/310x430/1755369713.webp?s=60e7adbe6518f3520547bd6234640d02a10e0d3c,1,1,
Top Blanc à Fleurs,1.75,Jennyfer,M / IT 42 / EU 38,https://www.vinted.it/items/6880882340-top-blanc-a-fleurs?referrer=catalog,0,6880882340,On Sale,,https://images1.vinted.net/t/04_00fb0_icNDwUFq1CCPNr6cSCUetqC9/310x430/1755369713.webp?s=c8985a5de3a036b05066931842009d17e97e09a1,1,1,
Tee shirt boutonné,2.28,Kiabi,S / IT 40 / EU 36,https://www.vinted.it/items/6880882198-tee-shirt-boutonne?referrer=catalog,0,6880882198,On Sale,,https://images1.vinted.net/t/04_008ee_t3EbQxWKgf9ykBqcXe7jkZU2/310x430/1755369711.webp?s=8e110efd0e46718faed397036362466e69b2d85d,1,1,
Top encolure américaine,4.9,Shein,S / IT 40 / EU 36,https://www.vinted.it/items/6880877278-top-encolure-americaine?referrer=catalog,0,6880877278,On Sale,,https://images1.vinted.net/t/04_021cc_h3nAdfe7xbsQ3xL3hGxJCZ8R/310x430/1755369651.webp?s=d59ef1215b1d5cae456d6dce7653496be3d409a9,1,1,
Blouse costes oranje maat xl/xxl,58.45,Costes,XL / IT 46 / EU 42,https://www.vinted.it/items/6880882188-blouse-costes-oranje-maat-xlxxl?referrer=catalog,0,6880882188,On Sale,,https://images1.vinted.net/t/03_017ae_oQL6DvVCnP6gh6zifEknSVvQ/310x430/1755369711.webp?s=2e79ddd83d0126ab6bc49afa455e23818044a45d,1,1,
Tee shirt femme,3.85,Pimkie,M / IT 42 / EU 38,https://www.vinted.it/items/6880881828-tee-shirt-femme?referrer=catalog,0,6880881828,On Sale,,https://images1.vinted.net/t/04_00d93_sTJcsfCDd5JL31XFoGo39L8U/310x430/1755369707.webp?s=382f597d804b8445a92a2a5226d5b68d9efa58f1,1,1,
Calvin Klein Shirt,8.05,Calvin Klein,M / IT 42 / EU 38,https://www.vinted.it/items/6880882199-calvin-klein-shirt?referrer=catalog,0,6880882199,On Sale,,https://images1.vinted.net/t/02_01ae9_fj7JsKXmRL25jxAbRLYN5fXs/310x430/1755369711.webp?s=9e8ece7f5d19b5e63a60380d5e8183d63faf42d8,1,1,
Magnifique crop top éthnique,5.95,Tally Weijl,L / IT 44 / EU 40,https://www.vinted.it/items/6880881445-magnifique-crop-top-ethnique?referrer=catalog,1,6880881445,On Sale,,https://images1.vinted.net/t/03_00f51_ynrYdgFA8KbffEgvktdDz9xQ/310x430/1755369702.webp?s=34650de3a1affc2367514799e8a3cf53bd162252,1,1,
Top vert H&M,3.85,H&M,M / IT 42 / EU 38,https://www.vinted.it/items/6880881781-top-vert-hm?referrer=catalog,0,6880881781,On Sale,,https://images1.vinted.net/t/04_00a81_M9y4QcAdpBgtNE51D5ByZCYK/310x430/1755369706.webp?s=00794464114f68f9cdf863bdc94b524503c42362,1,1,
Shirt für Hundefreunde,6.53,Liberty Woman,L / IT 44 / EU 40,https://www.vinted.it/items/6880881973-shirt-fur-hundefreunde?referrer=catalog,0,6880881973,On Sale,,https://images1.vinted.net/t/03_02232_CU1meghE3hQFLZvhkSYqHuhY/310x430/1755369708.webp?s=87756beec624f2062c59f060b9aca9373d3621e8,1,1,
Big Size Shirt Gr. 54 wie neu!,16.45,Adler,7XL / IT 58 / EU 54,https://www.vinted.it/items/6880881676-big-size-shirt-gr-54-wie-neu?referrer=catalog,0,6880881676,On Sale,,https://images1.vinted.net/t/02_00f57_cC74bUFKdezbfR3AmqftbM8a/310x430/1755369705.webp?s=afe44c6d7e555816222840a9575ed79835c698f5,1,1,
Blusa mangas abullonadas Zara,30.1,Zara,S / IT 40 / EU 36,https://www.vinted.it/items/6880882119-blusa-mangas-abullonadas-zara?referrer=catalog,0,6880882119,On Sale,,https://images1.vinted.net/t/03_023a5_7N1rjaSSsdGzUnPuBySzkifa/310x430/1755369710.webp?s=db1e636490de7ca14da35492f312018d42398f9c,1,1,
🧡 Rostrotes Damen-T-Shirt – gerippt & figurbetont,4.9,No brand,S / IT 40 / EU 36,https://www.vinted.it/items/6880881747-rostrotes-damen-t-shirt-gerippt-figurbetont?referrer=catalog,0,6880881747,On Sale,,https://images1.vinted.net/t/02_008f5_PDu7GsJhfGcxFHTBTHRDY8wu/310x430/1755369706.webp?s=4439a74a69a6887b0042f0e52afba51fa634ba7a,1,1,
Top court,4.9,Bershka,XS / IT 38 / EU 34,https://www.vinted.it/items/6880881633-top-court?referrer=catalog,0,6880881633,On Sale,,https://images1.vinted.net/t/03_00408_8Kpi9eeKR9YaYqMQa1EYvnYZ/310x430/1755369704.webp?s=e2069a591764ff7a805fb4ffa25ded653bde245a,1,1,
Tunique rouge col tombant - JBC - taille S,3.33,SORA by jbc,S / IT 40 / EU 36,https://www.vinted.it/items/6880881689-tunique-rouge-col-tombant-jbc-taille-s?referrer=catalog,0,6880881689,On Sale,,https://images1.vinted.net/t/03_007c7_si6zuaP5tXxshByxt4Pzp5vU/310x430/1755369705.webp?s=42f566be71026228f9373eb849bdbcab176dee51,1,1,
T-shirt - Hampton Bays,19.6,Hampton Bays,L / IT 44 / EU 40,https://www.vinted.it/items/6880881593-t-shirt-hampton-bays?referrer=catalog,0,6880881593,On Sale,,https://images1.vinted.net/t/02_02448_Erspmen9woH6Nzy6WKL5UKYx/310x430/1755369704.webp?s=54c5ca861cc7c790f6b244a8d0d4ad036285414b,1,1,
Body flores,16.45,Zara,S / IT 40 / EU 36,https://www.vinted.it/items/6880881601-body-flores?referrer=catalog,0,6880881601,On Sale,,https://images1.vinted.net/t/02_016df_fMYDnoz25FDx7wAiffevCvb9/310x430/1755369704.webp?s=cdf5e4227ce903835de8977a5ea03b8bb527312c,1,1,
Blouse sans manches - NAF NAF,5.95,Naf Naf,S / IT 40 / EU 36,https://www.vinted.it/items/6880881564-blouse-sans-manches-naf-naf?referrer=catalog,0,6880881564,On Sale,,https://images1.vinted.net/t/01_00afa_hhXh15QibzWBuPYA8gCcuoD4/310x430/1755369703.webp?s=e769b7d3c706b211318904d8b1d2f5c375d6a1c6,1,1,
Débardeur,2.8,Noisy May,M / IT 42 / EU 38,https://www.vinted.it/items/6880881951-debardeur?referrer=catalog,0,6880881951,On Sale,,https://images1.vinted.net/t/04_010a7_jCn5bW2QJnJAA5wvVgkGM252/310x430/1755369708.webp?s=2b3dd3f581db93e63d9fbec9faa3fe4b2b0f8636,1,1,
Débardeur court,6.99,FB Sister Knitwear,M / IT 42 / EU 38,https://www.vinted.it/items/6880881536-debardeur-court?referrer=catalog,0,6880881536,On Sale,,https://images1.vinted.net/t/03_00af8_CUWkGE2cLgmjPwW3j5KUB2iN/310x430/1755369703.webp?s=53ec79fbb63d55958fed7a6111778a93d930ef3b,1,1,
Damesbloese 1 maat oksel tot oksel is 48,5.43,made in italia,M / IT 42 / EU 38,https://www.vinted.it/items/6880881636-damesbloese-1-maat-oksel-tot-oksel-is-485?referrer=catalog,0,6880881636,On Sale,,https://images1.vinted.net/t/03_010a5_iXTTXviKKVgyHrXCXcLwU1iT/310x430/1755369704.webp?s=84c0080307a4a6e2241c339da4707186e696d0eb,1,1,
Camiseta Diadora Vintage  grey Logo estampado,6.48,Diadora,M / IT 42 / EU 38,https://www.vinted.it/items/6879164760-camiseta-diadora-vintage-grey-logo-estampado?referrer=catalog,0,6879164760,On Sale,,https://images1.vinted.net/t/02_008bb_Tz32K2TyhepZFAKWBUWVFdND/310x430/1755353835.webp?s=bbc6e2b9bef193cf9a5660f04a391556a40c2511,1,1,
Lot vêtements taille S,3.85,Armand Thiery,S / IT 40 / EU 36,https://www.vinted.it/items/6880881894-lot-vetements-taille-s?referrer=catalog,0,6880881894,On Sale,,https://images1.vinted.net/t/04_0175e_c2k4G9GB9drhWMBWHMafZPMS/310x430/1755369708.webp?s=8796e09921efe8b1f3d8b2b6a98007f7bcc307e8,1,1,
Blusa lunga color cioccolato – taglia comoda Linea fluida,15.4,Danny,5XL / IT 54 / EU 50,https://www.vinted.it/items/6880881449-blusa-lunga-color-cioccolato-taglia-comoda-linea-fluida-tessuto-leggero-e-manica-regolabile?referrer=catalog,0,6880881449,On Sale,,https://images1.vinted.net/t/02_012f9_WS6Xn71LaJkFhY5u1A4QQ2gK/310x430/1755369702.webp?s=51ad5f19ef90dff2a702d954079301749b9c136f,1,1,
Body bleu marine,5.95,Boutique indépendante,S / IT 40 / EU 36,https://www.vinted.it/items/6880881901-body-bleu-marine?referrer=catalog,0,6880881901,On Sale,,https://images1.vinted.net/t/01_003a3_Y3iC58b4KkUiVtokpNaggroi/310x430/1755369708.webp?s=8865f9afe344d996dd0c5e10d51d9aa53c5bad02,1,1,
Top florales Muster,8.05,fussl,S / IT 40 / EU 36,https://www.vinted.it/items/6880881436-top-florales-muster?referrer=catalog,0,6880881436,On Sale,,https://images1.vinted.net/t/03_00cf0_U7xPsrEsQqxagsuCW711icYw/310x430/1755369702.webp?s=d8fb6f823da91333fcdd08d8237357a9df6b9fd2,1,1,
Falconeri shirtje met strik maat S,26.95,Falconeri,S / IT 40 / EU 36,https://www.vinted.it/items/6880881428-falconeri-shirtje-met-strik-maat-s?referrer=catalog,0,6880881428,On Sale,,https://images1.vinted.net/t/04_01863_dDzn4TQzF7E2e9Y8WU5vrML9/310x430/1755369702.webp?s=bc1a6c0c3530620a2c563524a50017874db9d74a,1,1,
Maglia bershka,3.85,Bershka,S / IT 40 / EU 36,https://www.vinted.it/items/6880881709-maglia-bershka?referrer=catalog,0,6880881709,On Sale,,https://images1.vinted.net/t/01_0156e_bPi6kxP548J2LYyTDM18FC4q/310x430/1755369705.webp?s=7643d57020cf03532db545ae9d9c5493434689da,1,1,
Chemise sans manches,2.8,Camaïeu,L / IT 44 / EU 40,https://www.vinted.it/items/6880881402-chemise-sans-manches?referrer=catalog,0,6880881402,On Sale,,https://images1.vinted.net/t/02_019bd_Bfqn3yrKuHtfq9qcSPN7Dt85/310x430/1755369701.webp?s=791334afa5abe0843e0bce66c0d34b3612d911e5,1,1,
Chemise rayée tommy,11.2,Tommy Hilfiger,S / IT 40 / EU 36,https://www.vinted.it/items/6880881251-chemise-rayee-tommy?referrer=catalog,0,6880881251,On Sale,,https://images1.vinted.net/t/04_014f3_s78NwfdYTkoo2eYqDiQGPaWc/310x430/1755369699.webp?s=84f613c1255a00fd5b62bcd8796c34961202355b,1,1,
Shein Damen Oberteil Bluse S Neu,5.95,Shein,S / IT 40 / EU 36,https://www.vinted.it/items/6880881699-shein-damen-oberteil-bluse-s-neu?referrer=catalog,0,6880881699,On Sale,,https://images1.vinted.net/t/04_017c3_19FfexbsWoczUf3hY2o98jgQ/310x430/1755369705.webp?s=e320a654fb765cbab5f67caa61b7aee57d92536c,1,1,
Blusa massimo dutti,16.45,Massimo Dutti,M / IT 42 / EU 38,https://www.vinted.it/items/6880881344-blusa-massimo-dutti?referrer=catalog,0,6880881344,On Sale,,https://images1.vinted.net/t/02_00441_X3EdcUr5E9Hc6NhVCno1JdXZ/310x430/1755369701.webp?s=6e89836608b1a31e16d3c7215434566a58254d69,1,1,
Camisa con bolsillos,13.3,Massimo Dutti,XS / IT 38 / EU 34,https://www.vinted.it/items/6880881235-camisa-con-bolsillos-rayas?referrer=catalog,0,6880881235,On Sale,,https://images1.vinted.net/t/02_00b02_hprMk2jC3QbrVKhm1uK3Zzer/310x430/1755369699.webp?s=e710e13cbb9fc2870470901777f5c5c3be105c25,1,1,
Supermooie blouse,11.2,Sfera,M / IT 42 / EU 38,https://www.vinted.it/items/6880881191-supermooie-blouse?referrer=catalog,0,6880881191,On Sale,,https://images1.vinted.net/t/01_0175d_s6iSmVmWHXY3oS5xV5rJXXRM/310x430/1755369699.webp?s=bf7503f119ecf3addf3d16e59c97d01ce63161ad,1,1,
Débardeur blanc,3.85,Pull & Bear,S / IT 40 / EU 36,https://www.vinted.it/items/6880881233-debardeur-blanc?referrer=catalog,0,6880881233,On Sale,,https://images1.vinted.net/t/03_0041d_ewmw3A2xWwrNihf1UyyQmNEU/310x430/1755369699.webp?s=190429ea9c989dfab7aef419e698037c0d029186,1,1,
Blusa estiva donna Ovs,11.2,OVS,M / IT 42 / EU 38,https://www.vinted.it/items/6880954060-blusa-estiva-donna-ovs?referrer=catalog,0,6880954060,On Sale,,https://images1.vinted.net/t/01_00e53_DL69m63kR9zHQy3nKG7DjA3o/310x430/1755370598.webp?s=075ae6c78927ead34573fe3d2a143a18235ae420,1,1,
Bolletjes hemd,5.95,transfer,S / IT 40 / EU 36,https://www.vinted.it/items/6880953713-bolletjes-hemd?referrer=catalog,0,6880953713,On Sale,,https://images1.vinted.net/t/04_01537_9Z5GxC4U7WTCkf9iU94SKFaK/310x430/1755370594.webp?s=dc94f0bcdc57dc74b1410e255f01725d52991d59,1,1,
Zara shirt,8.05,Zara,M / IT 42 / EU 38,https://www.vinted.it/items/6880953474-zara-shirt?referrer=catalog,0,6880953474,On Sale,,https://images1.vinted.net/t/04_00e64_p1vJf8PaLVGygHas1mkhJEVD/310x430/1755370591.webp?s=0d5ab7d31fcbeeb4314e8353531a918bd4683579,1,1,
Lange blouse mango maat L,11.2,Mango,L / IT 44 / EU 40,https://www.vinted.it/items/6880953670-lange-blouse-mango-maat-l?referrer=catalog,0,6880953670,On Sale,,https://images1.vinted.net/t/01_00c5b_9fxonuM38bAVzzsnxGWuQgVK/310x430/1755370593.webp?s=71f3f2976120cfea14c63b72fc317fbf275cfa13,1,1,
Lote Camisetas/T-shirts negra+azul+verde regalo Talla L,16.35,Kiabi,L / IT 44 / EU 40,https://www.vinted.it/items/6880952663-lote-camisetast-shirts-negraazulverde-regalo-talla-l?referrer=catalog,22,6880952663,On Sale,,https://images1.vinted.net/t/03_00e44_58t8KDa1jA3FGYvcjx9HR7uD/310x430/1755370581.webp?s=cdf7c0a268d8c3fa40af4804d2975c2e806d2e7a,1,1,
Débardeur,1.75,Pepperts,XS / IT 38 / EU 34,https://www.vinted.it/items/6880953880-debardeur?referrer=catalog,0,6880953880,On Sale,,https://images1.vinted.net/t/01_01a0e_m6R4ChWKyNuNxzZQER5tvwje/310x430/1755370596.webp?s=8f47540523ce5332cbc06e146ce54e7dfec1e4a9,1,1,
Top tirantes,5.95,Stradivarius,XS / IT 38 / EU 34,https://www.vinted.it/items/6880953533-top-tirantes?referrer=catalog,0,6880953533,On Sale,,https://images1.vinted.net/t/01_02173_U4Z7HaBmXXEm8aqf4Kao9ocS/310x430/1755370592.webp?s=a51382854d6ac97ff88f94de134daaec954574c5,1,1,
Top vert kaki,2.8,Bershka,S / IT 40 / EU 36,https://www.vinted.it/items/6880953884-top-vert-kaki?referrer=catalog,0,6880953884,On Sale,,https://images1.vinted.net/t/03_025c2_ZLAg89EeqvAirmqfjAAUQ9XN/310x430/1755370596.webp?s=68a33e83606e8764dc652a6249c69d635b1b8cd6,1,1,
Zimmerli Top,11.2,Zimmerli of Switzerland,S / IT 40 / EU 36,https://www.vinted.it/items/6880953580-zimmerli-top?referrer=catalog,0,6880953580,On Sale,,https://images1.vinted.net/t/03_01f89_qjUAwRVSUBzgWEUciQSJbPcv/310x430/1755370592.webp?s=a18f49dc56b9f53ff93b1a196cd01d03b77ccf74,1,1,
Blusenshirt,1.75,Colloseum,M / IT 42 / EU 38,https://www.vinted.it/items/6880953842-blusenshirt?referrer=catalog,0,6880953842,On Sale,,https://images1.vinted.net/t/01_020f0_3pb36t4enCnUXY1vevJGF5Hu/310x430/1755370596.webp?s=35b0bf955c2b6f3303e638267e6bfe155762d87b,1,1,
Longsleeve met kant,3.85,JDY,S / IT 40 / EU 36,https://www.vinted.it/items/6880953752-longsleeve-met-kant?referrer=catalog,0,6880953752,On Sale,,https://images1.vinted.net/t/04_006d2_4YEp27P42XCS2FLyf9iphD9N/310x430/1755370595.webp?s=427d8ace8cf700c1f1e1f4449b3218300f0bda82,1,1,
Bluse weiß H&M,17.5,H&M,M / IT 42 / EU 38,https://www.vinted.it/items/6880953934-bluse-weiss-hm?referrer=catalog,0,6880953934,On Sale,,https://images1.vinted.net/t/03_01a49_qxxcz8A8BbNHvHSfjaU5SiEQ/310x430/1755370597.webp?s=c785f1ca158f4f072cc3ea555f63fce1c083e340,1,1,
Top manga larga,11.2,Pull & Bear,M / IT 42 / EU 38,https://www.vinted.it/items/6880953839-top-manga-larga?referrer=catalog,0,6880953839,On Sale,,https://images1.vinted.net/t/02_01fcf_cL6oWBrreuxq24UagzZkf3zZ/310x430/1755370596.webp?s=48222c76450005d7b715a9f5601ba9f6072a2f9a,1,1,
Blaues Tshirt,3.33,No brand,L / IT 44 / EU 40,https://www.vinted.it/items/6880953818-blaues-tshirt?referrer=catalog,0,6880953818,On Sale,,https://images1.vinted.net/t/04_020bd_5jSDWDSEFb7DMAvQtGkcrzns/310x430/1755370596.webp?s=b5ee8e561baf6f284a052b11da50aa18a1fd7632,1,1,
Megacooles schwarzes kurzes Top,4.9,H&M,M / IT 42 / EU 38,https://www.vinted.it/items/6880953571-megacooles-schwarzes-kurzes-top?referrer=catalog,0,6880953571,On Sale,,https://images1.vinted.net/t/02_00055_j3NdF3PJ3b5D7wEbWKR13iuT/310x430/1755370592.webp?s=f86098839e98d656f7ace51a2971bc0158c3abb8,1,1,
blouse bloemen Emma Ella maat s,4.38,Emma,S / IT 40 / EU 36,https://www.vinted.it/items/6880953476-blouse-bloemen-emma-ella-maat-s?referrer=catalog,0,6880953476,On Sale,,https://images1.vinted.net/t/01_02107_C73n58w74JzcKhsVqrtVS26j/310x430/1755370591.webp?s=b0ba389bd3ca0bfc8d749255240644f4fe7da440,1,1,
Top Claudie Pierlot rose en taille S,16.35,Claudie Pierlot,S / IT 40 / EU 36,https://www.vinted.it/items/6880953052-top-claudie-pierlot-rose-en-taille-s?referrer=catalog,1,6880953052,On Sale,,https://images1.vinted.net/t/02_007bf_iqu5Dpk9a7tXBfWAAm2fnjZB/310x430/1755370586.webp?s=1e29d0d60d861594167b27ede910b4972d58454a,1,1,
Crop top bizzbee vert M,2.8,Bizzbee,M / IT 42 / EU 38,https://www.vinted.it/items/6880953768-crop-top-bizzbee-vert-m?referrer=catalog,0,6880953768,On Sale,,https://images1.vinted.net/t/04_00e70_UiogjGJLdaK3my8afvVSbadk/310x430/1755370595.webp?s=4d0eeaa789058daa45f9446819c8f00d40b43fc9,1,1,
Juicy Couture Top,37.45,Juicy Couture,XS / IT 38 / EU 34,https://www.vinted.it/items/6880953406-juicy-couture-top?referrer=catalog,0,6880953406,On Sale,,https://images1.vinted.net/t/01_024f4_FE85bWiBm4avCEhvE31w7yLF/310x430/1755370590.webp?s=766b744ac60753a2d3eccd1e2b61b8b1966458b4,1,1,
Haut Oxbow,9.1,Oxbow,M / IT 42 / EU 38,https://www.vinted.it/items/6880953622-haut-oxbow?referrer=catalog,0,6880953622,On Sale,,https://images1.vinted.net/t/02_00f5a_upp9jR8b22q9xhP87gmNgA8c/310x430/1755370593.webp?s=11fdf59daf321a7d01ac9c322e96b5a59875bc38,1,1,
Geel hemdje,5.95,Coco Bella,XXS / IT 36 / EU 32,https://www.vinted.it/items/6880953589-geel-hemdje?referrer=catalog,0,6880953589,On Sale,,https://images1.vinted.net/t/04_02019_KcArygi83DBQBwqVmdUEPJfW/310x430/1755370592.webp?s=3f21e2d61441ceef6786e90f0648dd5d756b1529,1,1,
Blouse femme chic Yessica en viscose,5.43,Yessica,L / IT 44 / EU 40,https://www.vinted.it/items/6880953106-blouse-femme-chic-yessica-en-viscose-taille-40-imprime-fleuri-et-decollete-croise?referrer=catalog,0,6880953106,On Sale,,https://images1.vinted.net/t/04_00a50_tr6waiFNG5dgVJKBxvGJPo4e/310x430/1755370586.webp?s=6d05b5023ed58c6481a179e57a5fb8ea315fe73f,1,1,
Haut top dentelle noire Zara,13.3,Zara,M / IT 42 / EU 38,https://www.vinted.it/items/6880953323-haut-top-dentelle-noire-zara?referrer=catalog,0,6880953323,On Sale,,https://images1.vinted.net/t/04_00a2f_4LMq71QU7FwQw7SMAKDQEXwp/310x430/1755370589.webp?s=250a5d7217d5328622e4e0af6575289461238878,1,1,
Glitter top,9.1,Minre,L / IT 44 / EU 40,https://www.vinted.it/items/6880953219-glitter-top?referrer=catalog,0,6880953219,On Sale,,https://images1.vinted.net/t/04_01472_AsYgztsq24ARcQqzhLzc1GLv/310x430/1755370588.webp?s=2ad90953a5900c3b58d9d84f47058b5ea4b213b0,1,1,
Top à bretelles en satin noir,5.95,Stradivarius,L / IT 44 / EU 40,https://www.vinted.it/items/6880953370-top-a-bretelles-en-satin-noir?referrer=catalog,0,6880953370,On Sale,,https://images1.vinted.net/t/03_0234b_PrQjYpvHxgNkmuauvDtXyzkp/310x430/1755370590.webp?s=623eaf958fb4b4747e24840f033e1cbd6e88229f,1,1,
Camiseta de lunares,5.95,Punto Roma,M / IT 42 / EU 38,https://www.vinted.it/items/6880953265-camiseta-de-lunares?referrer=catalog,0,6880953265,On Sale,,https://images1.vinted.net/t/02_016d8_koYQcsVXcRyeQaLm1n846V3K/310x430/1755370588.webp?s=f61a227f8e8fc887ccb708476383a8b13e439625,1,1,
Chemise autrichienne brodée vintage du 40 au 44Chemise autrichienne brodée vintage du 40 au 44,32.2,Dirndl,XL / IT 46 / EU 42,https://www.vinted.it/items/6880952972-chemise-autrichienne-brodee-vintage-du-40-au-44chemise-autrichienne-brodee-vintage-du-40-au-44?referrer=catalog,0,6880952972,On Sale,,https://images1.vinted.net/t/03_01d56_jDFjqL1FVV7cDHbkhF8W3RN7/310x430/1755370585.webp?s=14dbf77b582b05f0396ef799dc8518d051648ad4,1,1,
Chemise blanche classique United Colors of Benetton,11.19,United Colors of Benetton,M / IT 42 / EU 38,https://www.vinted.it/items/6880952978-chemise-blanche-classique-united-colors-of-benetton?referrer=catalog,0,6880952978,On Sale,,https://images1.vinted.net/t/03_015d3_KBWbCzYJ2c1jwfvCKgBYHJmX/310x430/1755370585.webp?s=eb01079b2c4ace9364941f134496403067b416a3,1,1,
débardeur blanc à dentelle,5.95,Boutique indépendante,M / IT 42 / EU 38,https://www.vinted.it/items/6880953090-debardeur-blanc-a-dentelle?referrer=catalog,0,6880953090,On Sale,,https://images1.vinted.net/t/04_014e4_JRos3kKK6brkRYwFTcZhmkDv/310x430/1755370586.webp?s=3753573031f9556849922af96f2af430c4b2b727,1,1,
canotta nera,11.2,Stradivarius,S / IT 40 / EU 36,https://www.vinted.it/items/6880953012-canotta-nera?referrer=catalog,0,6880953012,On Sale,,https://images1.vinted.net/t/03_00182_zZDzXbg2pCJe87ktGe5sR3fW/310x430/1755370585.webp?s=823ddf4bb72f53884324c047dc44a52705b19602,1,1,
Haut vintage,16.45,Cop Copine,Altro,https://www.vinted.it/items/6880953048-haut-vintage?referrer=catalog,0,6880953048,On Sale,,https://images1.vinted.net/t/02_017d8_cnvpcjVtnwSdkquYp7ca7kDF/310x430/1755370586.webp?s=f6d3623e38318db239aa8a9a3322b00668cd564b,1,1,
Graues kurzarm Top,2.8,New Yorker,L / IT 44 / EU 40,https://www.vinted.it/items/6880952918-graues-kurzarm-top?referrer=catalog,0,6880952918,On Sale,,https://images1.vinted.net/t/04_01f12_gnw6TZ6y7VpPmpbF1aYTP6f9/310x430/1755370584.webp?s=b1d552794184e1ff4252ecb2d1a9270eb846f9b6,1,1,
Glitzer Köpfe: süßes Shirt|T-Shirt von Foresta Bella_Gr L/XL,7.0,Foresta Bella,L / IT 44 / EU 40,https://www.vinted.it/items/6880952883-glitzer-kopfe-susses-shirtt-shirt-von-foresta-bellagr-lxl?referrer=catalog,0,6880952883,On Sale,,https://images1.vinted.net/t/02_00af7_pcFKHMWA323H6zvcADN8ZyGo/310x430/1755370584.webp?s=ff1c736fc42704c6bf59141d042b72ea0bf2f40f,1,1,
Samoon süsse Bluse bordeaux neu,20.65,SAMOON,5XL / IT 54 / EU 50,https://www.vinted.it/items/6880952937-samoon-susse-bluse-bordeaux-neu?referrer=catalog,0,6880952937,On Sale,,https://images1.vinted.net/t/04_00556_RCHJBu1HGkr2y98qapqmkjMQ/310x430/1755370584.webp?s=8a21d1d1c52756fb9081cf3970a1103eb8fc80b9,1,1,
T shirt femme,1.75,Inconnu,L / IT 44 / EU 40,https://www.vinted.it/items/6880953392-t-shirt-femme?referrer=catalog,0,6880953392,On Sale,,https://images1.vinted.net/t/02_00158_vvY4vcZxWGkoiEQT6eGA4Q2W/310x430/1755370590.webp?s=4d2f05fe307ec64c553c1a97b4fe8cc9bad84f64,1,1,
tee shirt court,2.28,No brand,S / IT 40 / EU 36,https://www.vinted.it/items/6880952939-tee-shirt-court?referrer=catalog,0,6880952939,On Sale,,https://images1.vinted.net/t/03_015e0_WeckthKUMmywLfm18tumENCc/310x430/1755370584.webp?s=d81b6ffe9d20973edd44bcc678b82375e3e3c324,1,1,
Blouse oversize,8.58,Cache Cache,M / IT 42 / EU 38,https://www.vinted.it/items/6880952706-blouse-oversize?referrer=catalog,0,6880952706,On Sale,,https://images1.vinted.net/t/03_00e07_9EZPd6dbf8f7NCNjNfo7vkcG/310x430/1755370582.webp?s=3d899a1b5a8de1a3864be7f60c2a8358f9b9cfb9,1,1,
Top Noo taille S,21.7,NOO,S / IT 40 / EU 36,https://www.vinted.it/items/6880952711-top-noo-taille-s?referrer=catalog,0,6880952711,On Sale,,https://images1.vinted.net/t/04_01d07_ExGMRhZHm2CrS9p8Q6vQY6Lo/310x430/1755370582.webp?s=ec15fb474d2a57d9a3aad4308bd925bc1c81fff3,1,1,
chemise,4.9,Shein,XS / IT 38 / EU 34,https://www.vinted.it/items/6880952755-chemise?referrer=catalog,0,6880952755,On Sale,,https://images1.vinted.net/t/01_0041c_G2cMub67uYXQdPCg3g5RomsX/310x430/1755370582.webp?s=2dee7797d4e1055d2076fae6541defb74fbbb011,1,1,
2 tops da Zara,5.95,Zara,S / IT 40 / EU 36,https://www.vinted.it/items/6880952776-2-tops-da-zara?referrer=catalog,0,6880952776,On Sale,,https://images1.vinted.net/t/02_01924_pk5EaE6Y8LGG6CaRQhSybfXv/310x430/1755370582.webp?s=5598b56ea63abc1f71b36cbf5af54fee374c1111,1,1,
Camisa,11.2,Scotch & Soda,S / IT 40 / EU 36,https://www.vinted.it/items/6880952809-camisa?referrer=catalog,0,6880952809,On Sale,,https://images1.vinted.net/t/04_007c7_T8fiS5CHR2AuBixdKyJ84W88/310x430/1755370583.webp?s=187f674e6398e1b039571d92b84f29c37961c10c,1,1,
Débardeur femme bleu marine avec détails en dentelle,2.8,Esmara,L / IT 44 / EU 40,https://www.vinted.it/items/6880952899-debardeur-femme-bleu-marine-avec-details-en-dentelle?referrer=catalog,0,6880952899,On Sale,,https://images1.vinted.net/t/02_004db_9SQsWocc9mf5vJ4bCWgvzXWU/310x430/1755370584.webp?s=4b67df3c45541d6f34866c73ee930de224cb726b,1,1,
Piktie,7.0,Pinkie,L / IT 44 / EU 40,https://www.vinted.it/items/6778993603-piktie-camiseta-leopardo-verano-t-40?referrer=catalog,0,6778993603,On Sale,,https://images1.vinted.net/t/01_022e8_vzXiqWQ1ZcRVudg172wpseTS/310x430/1755370589.webp?s=c4149b452e4f59a7d0f5fca901dec67aabfc3ea2,1,1,
Tunique gaze de coton taille unique,13.3,Made In Italy,Taglia unica,https://www.vinted.it/items/6880952887-tunique-gaze-de-coton-taille-unique?referrer=catalog,0,6880952887,On Sale,,https://images1.vinted.net/t/02_019ed_yeWYPw2MBUTU4HdRcH4R4EKH/310x430/1755370584.webp?s=bd1cf95c86d54ed11a859155925043d64f34827e,1,1,
Camiseta tirantes,10.15,Fórmula Joven,S / IT 40 / EU 36,https://www.vinted.it/items/6880952908-camiseta-tirantes?referrer=catalog,0,6880952908,On Sale,,https://images1.vinted.net/t/04_0196f_TJVKtewnNBVg3grWvpbpSkfg/310x430/1755370584.webp?s=900c8e1e770b1bf7b7594a78f154ec238e1e6cda,1,1,
Blouse noir,3.85,LolaLiza,XL / IT 46 / EU 42,https://www.vinted.it/items/6880953135-blouse-noir?referrer=catalog,0,6880953135,On Sale,,https://images1.vinted.net/t/04_013d8_kAcVboCzAW8ha7MWCLahfNSs/310x430/1755370587.webp?s=4344dc6343258a2c72651244aaba40bd75d7ec91,1,1,
Blusa,8.58,Shein,L / IT 44 / EU 40,https://www.vinted.it/items/6880952892-blusa?referrer=catalog,0,6880952892,On Sale,,https://images1.vinted.net/t/01_00c70_FZrZNjqu7P15bBCXtz9rNW8N/310x430/1755370584.webp?s=7280440dae99992dbbe546e751c80b7758c710f3,1,1,
T-shirt bleu femme taille 46/48,2.8,No brand,XXXL / IT 50 / EU 46,https://www.vinted.it/items/6880952764-t-shirt-bleu-femme-taille-4648?referrer=catalog,0,6880952764,On Sale,,https://images1.vinted.net/t/03_0144c_SawVcQmWm5JhupXx3B8qQSWW/310x430/1755370582.webp?s=754cc5c8162783e4edf1538268badbecfc43b9d5,1,1,
Top zara,7.0,Zara,M / IT 42 / EU 38,https://www.vinted.it/items/6880952800-top-zara?referrer=catalog,0,6880952800,On Sale,,https://images1.vinted.net/t/01_0065a_sUMWqKwdoZAuUJFmPSab372U/310x430/1755370583.webp?s=20254d99ba15f5107390db5674cd2f72d5322ade,1,1,
Longsleeve met siermouwtjes,2.28,Clara,M / IT 42 / EU 38,https://www.vinted.it/items/6880953183-longsleeve-met-siermouwtjes?referrer=catalog,0,6880953183,On Sale,,https://images1.vinted.net/t/04_00368_TL78TxwQBdc2SgpBGrXbBEHg/310x430/1755370587.webp?s=7b5cd70c31efe8c8274a6547b38f2bdba7dd4dd8,1,1,
Top noir zip,2.8,Shein,S / IT 40 / EU 36,https://www.vinted.it/items/6880952945-top-noir-zip?referrer=catalog,0,6880952945,On Sale,,https://images1.vinted.net/t/03_0139e_vEPSYeuErb5ropKks9iU3imq/310x430/1755370584.webp?s=ac59f92085ef03b9a942336502bb227c606af7e1,1,1,
T-shirt,2.8,Shein,M / IT 42 / EU 38,https://www.vinted.it/items/6880952986-t-shirt?referrer=catalog,0,6880952986,On Sale,,https://images1.vinted.net/t/03_0145f_9eaFAc8ii2weXZTZEMtzeXcC/310x430/1755370585.webp?s=49d3c52ca3da9a2e9b43a594a78dd8be453eb5bc,1,1,
🖤Blusa amplia elegante - Talla XL🖤,15.4,Etam,XL / IT 46 / EU 42,https://www.vinted.it/items/6880951547-blusa-amplia-elegante-talla-xl?referrer=catalog,13,6880951547,On Sale,,https://images1.vinted.net/t/01_00435_BGWYVZazpq8vq29eQqqVKXis/310x430/1755370568.webp?s=0db959417d23a28afd4ce028b438acd44b5c8838,1,1,
T Shirt,3.33,L.O.G.G.,M / IT 42 / EU 38,https://www.vinted.it/items/6880952660-t-shirt?referrer=catalog,0,6880952660,On Sale,,https://images1.vinted.net/t/04_00b0e_w5tKXBYZppwVYUemxuePbQfj/310x430/1755370581.webp?s=1607b529dc9a304daed11b8eab1b0fd12117d12d,1,1,
Top mit knöpfen,3.85,Subdued,XS / IT 38 / EU 34,https://www.vinted.it/items/6880952662-top-mit-knopfen?referrer=catalog,0,6880952662,On Sale,,https://images1.vinted.net/t/04_00ce1_czGMN56WPF4NrHY1VzqTXBgY/310x430/1755370581.webp?s=fb7f9ff6beaad269f99c1ab8e7b6d1b8cd0a090e,1,1,
Top tirantes,3.85,Pull & Bear,S / IT 40 / EU 36,https://www.vinted.it/items/6880953028-top-tirantes?referrer=catalog,0,6880953028,On Sale,,https://images1.vinted.net/t/03_01514_YLuYZN57N7dM3fazAUM9xdSM/310x430/1755370585.webp?s=7ffa624ba191b9d44372d8c2a391ba7088e3a784,1,1,
Blouse,5.95,Dokotoo,M / IT 42 / EU 38,https://www.vinted.it/items/6880952938-blouse?referrer=catalog,0,6880952938,On Sale,,https://images1.vinted.net/t/03_01046_mzAErdYQUNMmC9QqigzNrPCL/310x430/1755370584.webp?s=fa449191a1af1066f5674f6182da5cc16de1efb9,1,1,
Dunkels bauchfreies top,3.85,Sonstiges,S / IT 40 / EU 36,https://www.vinted.it/items/6880952427-dunkels-bauchfreies-top?referrer=catalog,0,6880952427,On Sale,,https://images1.vinted.net/t/02_02692_Rj2jRavZoRrQuTW6WNNqbSUH/310x430/1755370578.webp?s=c8c51a744b48e3417cf429276e09848e3a7c3ac4,1,1,
Uniqlo AIRism Top - Cropped,19.6,Uniqlo,S / IT 40 / EU 36,https://www.vinted.it/items/6880952393-uniqlo-airism-top-cropped?referrer=catalog,0,6880952393,On Sale,,https://images1.vinted.net/t/03_0121c_QPcnkLhNNP74HNPUU1T5sWdB/310x430/1755370578.webp?s=f76aa04900789dfbc824f79cff00a4e6d712d9c2,1,1,
T-shirt femme Zara Taille S,6.99,Zara,S / IT 40 / EU 36,https://www.vinted.it/items/6880934691-t-shirt-femme-zara-taille-s?referrer=catalog,0,6880934691,On Sale,,https://images1.vinted.net/t/02_02686_D3LEtbxRZEUrsyqgXJNwEDHw/310x430/1755370358.webp?s=4f86bfc5341694892e4535b0d4a09c2fdc7cb18e,1,1,
TEE shirt col V blanc coton bio,4.9,Monoprix,S / IT 40 / EU 36,https://www.vinted.it/items/6880952454-tee-shirt-col-v-blanc-coton-bio?referrer=catalog,0,6880952454,On Sale,,https://images1.vinted.net/t/04_0023d_M8pRzHgUW8PWgpVRn9exN3FP/310x430/1755370578.webp?s=79bb25a77ce9d6abe5202587472353e308599042,1,1,
T-shirt bianca Stradivarius,3.85,Stradivarius,M / IT 42 / EU 38,https://www.vinted.it/items/6880952394-t-shirt-bianca-stradivarius?referrer=catalog,0,6880952394,On Sale,,https://images1.vinted.net/t/01_01b82_CVCY9bc61WBWqG2CMCzNfGoc/310x430/1755370578.webp?s=5075845184944c659f5ef324e23169d8ea688d60,1,1,
short sleeved cropped shirt,3.59,Dazy,M / IT 42 / EU 38,https://www.vinted.it/items/6880952360-short-sleeved-cropped-shirt?referrer=catalog,0,6880952360,On Sale,,https://images1.vinted.net/t/04_00d4a_meoZBchvY3L693kvJBQhQfSH/310x430/1755370577.webp?s=d9aedad81bf9d5ec8f91b5a92572506bd43c3e4b,1,1,
Polo Ralph Lauren rayé,5.95,Ralph Lauren,L / IT 44 / EU 40,https://www.vinted.it/items/6880952340-polo-ralph-lauren-raye?referrer=catalog,0,6880952340,On Sale,,https://images1.vinted.net/t/02_0171f_j4fS7xEvtrdS37VyfmrkyL2u/310x430/1755370577.webp?s=6fe7853913dc28da6d78257b6fd76d93b3e2c011,1,1,
Basic langarm,5.95,H&M,L / IT 44 / EU 40,https://www.vinted.it/items/6880952689-basic-langarm?referrer=catalog,0,6880952689,On Sale,,https://images1.vinted.net/t/02_0183b_HLzSoVJhLU8xqW5FvqUYpFag/310x430/1755370598.webp?s=576460e86fc643055bc4821031317a1589159737,1,1,
Top de tirantes blanco shein,4.9,Shein,M / IT 42 / EU 38,https://www.vinted.it/items/6880774554-top-de-tirantes-blanco-shein?referrer=catalog,0,6880774554,On Sale,,https://images1.vinted.net/t/02_01919_bBVfjdr8vTFwtwW35jNSnjoN/310x430/1755368433.webp?s=e503ef2488024e98e042a695d4b90b4e6b6d322d,1,1,
Haut manches courtes Zara blanc matière douce,3.85,H&M,M / IT 42 / EU 38,https://www.vinted.it/items/6880952278-haut-manches-courtes-zara-blanc-matiere-douce?referrer=catalog,0,6880952278,On Sale,,https://images1.vinted.net/t/01_00c3a_nAjhtU7z4TAkdsDoND2Y1tQ3/310x430/1755370576.webp?s=5dc79fd5a4cbbd5f0e49413949dbf0955b6ac188,1,1,
Blusa rayas y ganchillo,11.2,No brand,Taglia unica,https://www.vinted.it/items/6880952654-blusa-rayas-y-ganchillo?referrer=catalog,0,6880952654,On Sale,,https://images1.vinted.net/t/03_00a14_Nt7TiDNHD4boob3fouAmjPpF/310x430/1755370581.webp?s=e09e839d6e9568169f2806be04ba547580ea4f68,1,1,
Pull à trous,5.95,Luc-Ce,S / IT 40 / EU 36,https://www.vinted.it/items/6880952200-pull-a-trous?referrer=catalog,0,6880952200,On Sale,,https://images1.vinted.net/t/01_00e67_6y5acMy6t8LDa2sNDeZTd7YY/310x430/1755370575.webp?s=c9d6ea2e8a25822f537268d14d55385afc4c1272,1,1,
Top marinière,2.28,Stradivarius,S / IT 40 / EU 36,https://www.vinted.it/items/6880952220-top-mariniere?referrer=catalog,0,6880952220,On Sale,,https://images1.vinted.net/t/04_01eaa_8gundmzw5oAbPqo2FgmqNFpy/310x430/1755370576.webp?s=5ae47ea548dbe9b988c368f319970af8486373f9,1,1,
Shirt von S.Oliver Gr. 40,9.1,s.Oliver,L / IT 44 / EU 40,https://www.vinted.it/items/6880952197-shirt-von-soliver-gr-40?referrer=catalog,0,6880952197,On Sale,,https://images1.vinted.net/t/04_01e14_19819oEoNsCRjKdY64rqYAHp/310x430/1755370575.webp?s=492ab806da89dc6ad4dc29fc0ddb586bf311fab1,1,1,
camiseta corta adidas,8.05,adidas,XS / IT 38 / EU 34,https://www.vinted.it/items/6880952155-camiseta-corta-adidas?referrer=catalog,0,6880952155,On Sale,,https://images1.vinted.net/t/04_01b75_hZTAE69CpHekmmkYdRp647zU/310x430/1755370575.webp?s=66bb4f710bd409558221f98704854eac5c186150,1,1,
New Yorker Tshirt Shirt Cropshirt Cropped Basic Grau XXS 32,3.85,New Yorker,XXS / IT 36 / EU 32,https://www.vinted.it/items/6880952187-new-yorker-tshirt-shirt-cropshirt-cropped-basic-grau-xxs-32?referrer=catalog,0,6880952187,On Sale,,https://images1.vinted.net/t/03_02618_Wx9ZV19hFK5oLYUsLhjqKpfJ/310x430/1755370575.webp?s=8c9471bcb51bb0c0caf8f4622a79441b2b957978,1,1,
Débardeur Kookai crème,3.85,KOOKAÏ,M / IT 42 / EU 38,https://www.vinted.it/items/6880952518-debardeur-kookai-creme?referrer=catalog,0,6880952518,On Sale,,https://images1.vinted.net/t/04_01f95_VxXoq4CtDaR5Yhxupnx8ZcyA/310x430/1755370579.webp?s=39dc2ded781beaea78d3963083c1e2f690f97ea9,1,1,
s. Oliver Damen Top mit Spitze,5.95,s.Oliver,M / IT 42 / EU 38,https://www.vinted.it/items/6880952080-s-oliver-damen-top-mit-spitze?referrer=catalog,0,6880952080,On Sale,,https://images1.vinted.net/t/04_00bba_cAZEihBMTJM1JJSjQoC8HXRC/310x430/1755370574.webp?s=8740cbef6ee8d9e9de5ef97f182f4ec161b33ac2,1,1,
Zwart topje,1.75,YOINS,M / IT 42 / EU 38,https://www.vinted.it/items/6880952085-zwart-topje?referrer=catalog,0,6880952085,On Sale,,https://images1.vinted.net/t/02_02244_qyk5zFA1DfVZxLqEBb8jDpQh/310x430/1755370574.webp?s=00dc5b3380fc3e4710ec71a67a703f61f17d1965,1,1,
Blusa Semitransparente Floral para Mujer. Talla S (36). Sfera,11.2,Sfera,S / IT 40 / EU 36,https://www.vinted.it/items/6880951108-blusa-semitransparente-floral-para-mujer-talla-s-36-sfera?referrer=catalog,7,6880951108,On Sale,,https://images1.vinted.net/t/02_00cf0_vtDQXDY7amwHE1tRrZvK4KJ9/310x430/1755370562.webp?s=c756813db99dcd1b576f7dbe251fd449ef7cf15b,1,1,
Blouse Guts & Gusto,18.55,Guts & Gusto,M / IT 42 / EU 38,https://www.vinted.it/items/6880951999-blouse-guts-gusto?referrer=catalog,0,6880951999,On Sale,,https://images1.vinted.net/t/04_0207e_eqaYdR5ShZm9kybg29rPuMXH/310x430/1755370573.webp?s=61d674164ebf3c8f4b504817f2d93e8504ca67bf,1,1,
Crop top talla XS crop top bershka mujer azul femme donna elástico,13.3,Bershka,XS / IT 38 / EU 34,https://www.vinted.it/items/6880951161-crop-top-talla-xs-crop-top-bershka-mujer-azul-femme-donna-elastico?referrer=catalog,10,6880951161,On Sale,,https://images1.vinted.net/t/04_005dc_3fyYmQG6NNxHUmcvkgtb3duS/310x430/1755370563.webp?s=242be7d54a4e48f0fba7036c8711c8c0704b9dcb,1,1,
Leuk topje,2.28,Shein,S / IT 40 / EU 36,https://www.vinted.it/items/6880951955-leuk-topje?referrer=catalog,0,6880951955,On Sale,,https://images1.vinted.net/t/03_013aa_YuhPhHxBFQcp5tXG4Dk3nmKf/310x430/1755370572.webp?s=bf28a3a08e7d5113a3db17b6d8c42b99d9842f7d,1,1,
T shirt léopard,2.8,Shein,M / IT 42 / EU 38,https://www.vinted.it/items/6880951959-t-shirt-leopard?referrer=catalog,0,6880951959,On Sale,,https://images1.vinted.net/t/03_002ed_fJ84akwtLjXi3kQ1WBW9caNh/310x430/1755370572.webp?s=7673450c84f5e11914dec548e950004c571a7fbc,1,1,
Chemise Katell,21.69,hangarboutique,Altro,https://www.vinted.it/items/6880951945-chemise-katell?referrer=catalog,0,6880951945,On Sale,,https://images1.vinted.net/t/04_00edc_nBTgsNLBai8wmKf4tkL6LDnF/310x430/1755370572.webp?s=fdc5e09de6d413c68165471c304f59413d0acdd8,1,1,
Shirt 4XL,5.95,Sonstiges,4XL / IT 52 / EU 48,https://www.vinted.it/items/6880952002-shirt-4xl?referrer=catalog,0,6880952002,On Sale,,https://images1.vinted.net/t/01_00b92_GrRuQCacjKzPP4yAaYfm9966/310x430/1755370573.webp?s=7f92afe20abf87739f981978f7c02104ba7e9078,1,1,
Camiseta corta blanca Abercrombie & Fitch,5.95,Abercrombie & Fitch,S / IT 40 / EU 36,https://www.vinted.it/items/6880951954-camiseta-corta-blanca-abercrombie-fitch?referrer=catalog,0,6880951954,On Sale,,https://images1.vinted.net/t/04_01f4b_geoFDYRtp7SXrWYdHXM9QEF4/310x430/1755370572.webp?s=c392d2bc765ba87b2977620d62b75e824501c20d,1,1,
Top punto de seda estilo Brigerton con mangas abullonadas.,5.95,Zara,XS / IT 38 / EU 34,https://www.vinted.it/items/6880951977-top-punto-de-seda-estilo-brigerton-con-mangas-abullonadas?referrer=catalog,0,6880951977,On Sale,,https://images1.vinted.net/t/03_011f4_VcxzvBANNrYGRJyAEQ9mv8eg/310x430/1755370572.webp?s=3f9d6dbc73a0a89d84a1ecd45aa8cf216c2464dc,1,1,
Veste new balance,74.2,New Balance,S / IT 40 / EU 36,https://www.vinted.it/items/6880951922-veste-new-balance?referrer=catalog,0,6880951922,On Sale,,https://images1.vinted.net/t/01_0002d_PDNVvDmtYtBG5pEcpWpeC99r/310x430/1755370572.webp?s=3581a1bbeba14fc548dbde2a993d96695b06455d,1,1,
Sommer Crop-Top,1.75,FB Sister,S / IT 40 / EU 36,https://www.vinted.it/items/6880951899-sommer-crop-top?referrer=catalog,0,6880951899,On Sale,,https://images1.vinted.net/t/01_020a7_8We99JB3FiMwz7rX6r9NW1qa/310x430/1755370572.webp?s=51c16398bd702c8c506b6a145772caeaf14b8fc9,1,1,
Body's Yas,11.2,Vero Moda,M / IT 42 / EU 38,https://www.vinted.it/items/6880951778-bodys-yasnoisy-may-piecesonly-en-vero-moda-maat-m?referrer=catalog,0,6880951778,On Sale,,https://images1.vinted.net/t/02_01e8d_3WphsQikFjh38g1BbHUGgUpX/310x430/1755370570.webp?s=52f5b556cf77276f76b4313b3259b791a456ff5f,1,1,
Top lentejuelas zara,16.45,Zara,XL / IT 46 / EU 42,https://www.vinted.it/items/6880951817-top-lentejuelas-zara?referrer=catalog,0,6880951817,On Sale,,https://images1.vinted.net/t/01_00d91_ED4o24aH3Bhjt9Jd2jex7S2t/310x430/1755370571.webp?s=68e35e8a17829cc79e02be213f8b1c8ed90539c2,1,1,
Zebra top,11.2,Most Wanted,S / IT 40 / EU 36,https://www.vinted.it/items/6880951766-zebra-top?referrer=catalog,0,6880951766,On Sale,,https://images1.vinted.net/t/03_00eaf_1t1cut8BWaFbyqsgrP6NqtWt/310x430/1755370570.webp?s=67f7f97980bdfde78f06183e72915dc546284f04,1,1,
Wit topje,5.95,H&M,S / IT 40 / EU 36,https://www.vinted.it/items/6880951833-wit-topje?referrer=catalog,0,6880951833,On Sale,,https://images1.vinted.net/t/04_00769_11jEHoM6rsXTfYnwnxyWq3FF/310x430/1755370571.webp?s=a2672270dc5d7eb7d9fd5821aac30daea66bf2d2,1,1,
Gestreifte Bluse,3.85,H&M,M / IT 42 / EU 38,https://www.vinted.it/items/6880951854-gestreifte-bluse?referrer=catalog,0,6880951854,On Sale,,https://images1.vinted.net/t/04_0226e_uWsDR9rsaCs1RNsEC8j1qZ6s/310x430/1755370571.webp?s=d09fbceaac7a50440941105a261cb0bafe65c494,1,1,
Bellissima camicia Zara,10.15,Zara,S / IT 40 / EU 36,https://www.vinted.it/items/6880952111-bellissima-camicia-zara?referrer=catalog,0,6880952111,On Sale,,https://images1.vinted.net/t/02_012a8_qjLjAn1nc5wqN9cjasUJbn6D/310x430/1755370574.webp?s=32cf3795fb98e3ff51bdd2fe87f1ee54615084d6,1,1,
T-Shirt - tshirt - Zara - maat 36,5.79,Zara,S / IT 40 / EU 36,https://www.vinted.it/items/6880951432-t-shirt-tshirt-zara-maat-36?referrer=catalog,0,6880951432,On Sale,,https://images1.vinted.net/t/03_005c5_duZjXGGuJZfoiG56FpS21AVM/310x430/1755370566.webp?s=013de649c780e6fea7872a7e6feb077937d55cc2,1,1,
Marc O'Polo tank top,4.9,Marc O'Polo,M / IT 42 / EU 38,https://www.vinted.it/items/6880951680-marc-opolo-tank-top?referrer=catalog,0,6880951680,On Sale,,https://images1.vinted.net/t/01_02352_MgNNJmspM3p87iEEfb44rwRV/310x430/1755370569.webp?s=688ad002f4e7f79c22a0a4a93544456a157569c1,1,1,
T-Shirt Top Gr. L 40,5.43,Sonstiges,L / IT 44 / EU 40,https://www.vinted.it/items/6880946690-t-shirt-top-gr-l-40?referrer=catalog,0,6880946690,On Sale,,https://images1.vinted.net/t/04_0115e_GfK88qji9p84QLKQK4uzzmZV/310x430/1755370508.webp?s=6a1e2f1fd4da15148b0ddb0a5765e8efc9df31b3,1,1,
Blouse blanche,3.85,Bershka,M / IT 42 / EU 38,https://www.vinted.it/items/6881205805-blouse-blanche?referrer=catalog,0,6881205805,On Sale,,https://images1.vinted.net/t/02_00788_pMa3NQbzgNMvaaBuWsPcCBcK/310x430/1755373993.webp?s=529d19414d6230d63eda9ca50e1b7997ac42d6d4,1,1,
Haut femme été taille 40,1.75,No brand,L / IT 44 / EU 40,https://www.vinted.it/items/6881205818-haut-femme-ete-taille-40?referrer=catalog,0,6881205818,On Sale,,https://images1.vinted.net/t/01_01916_rbrdyNpgszK5WzWHhXHrscts/310x430/1755373993.webp?s=36d757469d1c4fcc0d4214a74cc7290aa54de9a6,1,1,
Leuk truitje van Revelation,5.95,Revelation,XS / IT 38 / EU 34,https://www.vinted.it/items/6881205775-leuk-truitje-van-revelation?referrer=catalog,0,6881205775,On Sale,,https://images1.vinted.net/t/02_01f93_cuPHrhqSK31se7ustkeatcgD/310x430/1755373992.webp?s=525d6f8b1de1f3d6feb075d0218da5d9884d8b09,1,1,
Crop top,2.28,No brand,S / IT 40 / EU 36,https://www.vinted.it/items/6881205957-crop-top?referrer=catalog,0,6881205957,On Sale,,https://images1.vinted.net/t/02_026b0_k6t9TKkDcSL8VoyVY7BfSExW/310x430/1755373995.webp?s=f237c860bf71ed4862d9a00fb03d0c2972947f29,1,1,
Blusen Top,5.95,Shein,M / IT 42 / EU 38,https://www.vinted.it/items/6881205934-blusen-top?referrer=catalog,0,6881205934,On Sale,,https://images1.vinted.net/t/02_01b6f_4dDbiY4uiasMV19CNq9fguQr/310x430/1755373995.webp?s=2802d33b5f4aa0450e775520db0faf14e7d8b975,1,1,
Shirt,4.85,No brand,M / IT 42 / EU 38,https://www.vinted.it/items/6881205488-shirt?referrer=catalog,0,6881205488,On Sale,,https://images1.vinted.net/t/03_026a7_NkxdQWMeUmUWkdnmVfQPbSS3/310x430/1755373988.webp?s=7ab416fbfef7f183298b2e609453574a60a5aaac,1,1,
Bijt spaghetti topje,4.9,Jean Pascale,M / IT 42 / EU 38,https://www.vinted.it/items/6881205876-bijt-spaghetti-topje?referrer=catalog,0,6881205876,On Sale,,https://images1.vinted.net/t/02_01cc0_wmdBLP6kLyNPPDpuoSU7D7oi/310x430/1755373994.webp?s=7246a8aa4d06d29d69c2b0856175928688b5a57d,1,1,
Rot-weiß gestreiftes Off Shoulder top,5.94,FB Sister,XXS / IT 36 / EU 32,https://www.vinted.it/items/6881205430-rot-weiss-gestreiftes-off-shoulder-top?referrer=catalog,0,6881205430,On Sale,,https://images1.vinted.net/t/04_01716_9by7iYZiLfeBgDha26DPLrjb/310x430/1755373988.webp?s=8a975139260a81a2eb6a076cf07d0c342095eaa5,1,1,
Shirt,2.8,Sonstiges,S / IT 40 / EU 36,https://www.vinted.it/items/6881205337-shirt-top?referrer=catalog,0,6881205337,On Sale,,https://images1.vinted.net/t/04_0041e_fLC2cfpkdyA1WNnRgiAzJ7P4/310x430/1755373986.webp?s=2001e4331b556eaccc1aed59ae626ff140f4dde0,1,1,
Tally Weijl  Crop Top Shirt Pulli Rippstrick Rippjersey M 36 38,4.9,Tally Weijl,S / IT 40 / EU 36,https://www.vinted.it/items/6881205313-tally-weijl-crop-top-shirt-pulli-rippstrick-rippjersey-m-36-38?referrer=catalog,0,6881205313,On Sale,,https://images1.vinted.net/t/01_01875_xxxnrgvGySpaEfJMN1yAkdBY/310x430/1755373986.webp?s=babdffb952bd176d6f378a1ea449395d7d5d6ecb,1,1,
Blusa marca van heusen,24.85,Van Heusen,L / IT 44 / EU 40,https://www.vinted.it/items/6881204891-blusa-marca-van-heusen-talla-l?referrer=catalog,29,6881204891,On Sale,,https://images1.vinted.net/t/02_02072_6mh46yFWLd4zDUC7SvmHP7NX/310x430/1755373979.webp?s=479cc4ff42e03799c8fa94752557402cd0eebdf7,1,1,
Top von JJXX,9.1,JJXX,M / IT 42 / EU 38,https://www.vinted.it/items/4626077524-top-von-jjxx?referrer=catalog,0,4626077524,On Sale,,https://images1.vinted.net/t/02_01836_oj3s6Dad6uT18K8wqgeJpP9i/310x430/1755373985.webp?s=16bc2a6947b0a7e521d10d9853f7cc8eb988a33a,1,1,
Seventy by Sergio Tegon Bluse,19.6,Seventy,S / IT 40 / EU 36,https://www.vinted.it/items/6881205234-seventy-by-sergio-tegon-bluse?referrer=catalog,0,6881205234,On Sale,,https://images1.vinted.net/t/04_00d3b_41MqmbHPHGvAWoQFTbYkhd9a/310x430/1755373984.webp?s=07c72f845aaa330c241ed3e7a51f6107b6b4f1cf,1,1,
Débardeur femme,2.8,Naf Naf,M / IT 42 / EU 38,https://www.vinted.it/items/6881205320-debardeur-femme?referrer=catalog,0,6881205320,On Sale,,https://images1.vinted.net/t/01_00e96_6tTg5wazxoFJhPFYL8fG2XfH/310x430/1755373986.webp?s=e441b77fdba8d175bfb18fe8f0f293da82287a05,1,1,
Chemise Atmosphère taille 36,3.33,Atmosphere,S / IT 40 / EU 36,https://www.vinted.it/items/6881205265-chemise-atmosphere-taille-36?referrer=catalog,0,6881205265,On Sale,,https://images1.vinted.net/t/01_009b0_iebweJqNFN1qFsomnrnpfVJU/310x430/1755373985.webp?s=e716e9cb101b465dddc46cf5473149dfbbf20f62,1,1,
Blouse jean,4.9,Marwa,S / IT 40 / EU 36,https://www.vinted.it/items/6881205553-blouse-jean?referrer=catalog,0,6881205553,On Sale,,https://images1.vinted.net/t/02_005f3_zRhswTcQUxnaX9xdyD7YV9VQ/310x430/1755373989.webp?s=64d1f617672ed097f0b600a47c18b1584d8cface,1,1,
T shirt donna xl,1.75,SOLO,XL / IT 46 / EU 42,https://www.vinted.it/items/6881205580-t-shirt-donna-xl?referrer=catalog,0,6881205580,On Sale,,https://images1.vinted.net/t/03_00e65_dsd2ExMcuW5nTMWXtFZEjASe/310x430/1755373989.webp?s=51052c354ec9ae76108c7f0e49987187a851fdf6,1,1,
Top bandeau à petites fleurs,5.95,H&M,S / IT 40 / EU 36,https://www.vinted.it/items/6881205577-top-bandeau-a-petites-fleurs?referrer=catalog,0,6881205577,On Sale,,https://images1.vinted.net/t/01_00647_2kkyifhh2SA1DeoKsxDCdYeW/310x430/1755373989.webp?s=805fe7b85bac667eab497d36895f5d43a256b15e,1,1,
Neue Dirndlbluse (Aktuelle Saison),37.45,Trachtenmanufaktur,XS / IT 38 / EU 34,https://www.vinted.it/items/6881205557-neue-dirndlbluse-aktuelle-saison?referrer=catalog,0,6881205557,On Sale,,https://images1.vinted.net/t/01_00577_Cnpv9AbDGk1cHHfaed1yQ3jD/310x430/1755373989.webp?s=3f03952e6a08bcdd7babc3f3bd51c59ad6ca8a4a,1,1,
Dünnes T shirt,2.8,Sonstiges,XXS / IT 36 / EU 32,https://www.vinted.it/items/6881205284-dunnes-t-shirt?referrer=catalog,0,6881205284,On Sale,,https://images1.vinted.net/t/04_015a0_gffmfMt1ntAHcB44yaUp7F5E/310x430/1755373985.webp?s=a3506ffc00d2c7226aa7543247c888c973724372,1,1,
Débardeur,4.9,Kiabi,S / IT 40 / EU 36,https://www.vinted.it/items/6881205479-debardeur?referrer=catalog,0,6881205479,On Sale,,https://images1.vinted.net/t/02_01a5e_G4Sj4Bns2uYmZjsrsApvTKUU/310x430/1755373988.webp?s=068b1a7d68987e0188ac2f76ffa07c55ee02d7b9,1,1,
T shirt en maille transparent taille 38 neuf avec étiquette,7.53,pure originals,M / IT 42 / EU 38,https://www.vinted.it/items/6881205529-t-shirt-en-maille-transparent-taille-38-neuf-avec-etiquette?referrer=catalog,0,6881205529,On Sale,,https://images1.vinted.net/t/04_001a6_n4iLod2tAg4GjqCvH8vS1S1S/310x430/1755373989.webp?s=44d3a995ce44aece117dc4a2c92a4db7514d32d7,1,1,
Top blanc,2.28,Shein Curve,XL / IT 46 / EU 42,https://www.vinted.it/items/6881205245-top-blanc?referrer=catalog,0,6881205245,On Sale,,https://images1.vinted.net/t/01_02258_H1p9PpZALAUKBJYdyM4hBH6i/310x430/1755373984.webp?s=386aa10e8f02ef93f90ebbb7aa739818f0e18fa9,1,1,
T shirt The Doors oversized,3.85,H&M,S / IT 40 / EU 36,https://www.vinted.it/items/6881205228-t-shirt-the-doors-oversized?referrer=catalog,0,6881205228,On Sale,,https://images1.vinted.net/t/02_014ed_hGabi2HbBh5qt4NtCgBsCiys/310x430/1755373984.webp?s=995408a493701c24cf20ce9852544786ddd0530d,1,1,
T-shirt,2.28,In Extenso,M / IT 42 / EU 38,https://www.vinted.it/items/6881205029-t-shirt?referrer=catalog,0,6881205029,On Sale,,https://images1.vinted.net/t/04_017b6_jKcUjRBJupkuo4xRkVhuJeEu/310x430/1755373981.webp?s=e2f5fca98f98757d77dd8e926fe5b4b5033ed6be,1,1,
Zara crop top,11.2,Zara,S / IT 40 / EU 36,https://www.vinted.it/items/6881205133-zara-crop-top?referrer=catalog,0,6881205133,On Sale,,https://images1.vinted.net/t/03_026bf_TSNJFCBJEP6e6mDzPSGQ6Zyb/310x430/1755373983.webp?s=b30e866937a6ff9c951f737bbd7bd6debceebac5,1,1,
💥 très jolie bodies femme💥,3.85,Primark,M / IT 42 / EU 38,https://www.vinted.it/items/6881204934-tres-jolie-bodies-femme?referrer=catalog,0,6881204934,On Sale,,https://images1.vinted.net/t/02_00096_WEhzkGKuNjF4FTuNJqo3qCLw/310x430/1755373980.webp?s=e680289c6b2191b5e236e5352b377704815e5db9,1,1,
Blouse manche longue,3.85,Gémo,XXXL / IT 50 / EU 46,https://www.vinted.it/items/6881205269-blouse-manche-longue?referrer=catalog,0,6881205269,On Sale,,https://images1.vinted.net/t/04_00da3_4gqh5Tt7iECyM1TKm25YEZV3/310x430/1755373985.webp?s=4ae3b20a4f2ce174278107edab7edadb32662711,1,1,
Tee shirt femme,1.75,No brand,S / IT 40 / EU 36,https://www.vinted.it/items/6881205253-tee-shirt-femme?referrer=catalog,0,6881205253,On Sale,,https://images1.vinted.net/t/04_00f54_opi6oEskS2oUp6swBWDYwsNe/310x430/1755373985.webp?s=5933ef9cf6b3c774bafdb46ab624e97f486ec66f,1,1,
Maglia pizzo,7.0,Anna Field,M / IT 42 / EU 38,https://www.vinted.it/items/6881205271-maglia-pizzo?referrer=catalog,0,6881205271,On Sale,,https://images1.vinted.net/t/02_00468_Qs1q1axChT6X8MvMuWKR6WAF/310x430/1755373985.webp?s=6cf9badf5a2d2f33b667f4c6617e78c317572610,1,1,
Tunique La Fiancée du Mékong,9.1,La Fiancée du Mekong,S / IT 40 / EU 36,https://www.vinted.it/items/6880827775-tunique-la-fiancee-du-mekong?referrer=catalog,0,6880827775,On Sale,,https://images1.vinted.net/t/02_0133b_yJgKS9cd7kTiQBkpW4YgnZLF/310x430/1755369058.webp?s=d0027d24d688c0b803a93ecd31a108ce137d08da,1,1,
T-shirt bianca,5.95,Vintage Dressing,XL / IT 46 / EU 42,https://www.vinted.it/items/6881205172-t-shirt-bianca?referrer=catalog,0,6881205172,On Sale,,https://images1.vinted.net/t/02_02636_dUDzFW8usg5qksoQRSbQ8BpG/310x430/1755373983.webp?s=2991267f4319c0bd03d4e2f540ebb5900b457d88,1,1,
Chemise guipa t 36,5.95,Q Guapa,L / IT 44 / EU 40,https://www.vinted.it/items/6881205157-chemise-guipa-t-36?referrer=catalog,0,6881205157,On Sale,,https://images1.vinted.net/t/03_01906_b3p3UCwyPhBS4Wp7KmAQGUy4/310x430/1755373983.webp?s=1a6bba4f4297afbc43a897ce54fa843c81a2566f,1,1,
T-shirt Zara imprimé,8.05,Zara,S / IT 40 / EU 36,https://www.vinted.it/items/6881204988-t-shirt-zara-imprime?referrer=catalog,0,6881204988,On Sale,,https://images1.vinted.net/t/02_022b1_BxY5X6KdvRyJuaPwXmueSLBx/310x430/1755373980.webp?s=dce487062ff503744db439dfff4dede8b8e20353,1,1,
Zara blouse roze maat m,8.0,Zara,M / IT 42 / EU 38,https://www.vinted.it/items/6881204939-zara-blouse-roze-maat-m?referrer=catalog,0,6881204939,On Sale,,https://images1.vinted.net/t/03_00c62_FxoCXYGjRxCoAupxk8KzUVq5/310x430/1755373980.webp?s=f167fa3c6297c15035791ed4103d090c672ed6cf,1,1,
Nike longsleeve black,11.2,Nike,XS / IT 38 / EU 34,https://www.vinted.it/items/6881205177-nike-longsleeve-black?referrer=catalog,0,6881205177,On Sale,,https://images1.vinted.net/t/04_01b7e_3c1j1FQeHf7F3DJPub65dHaK/310x430/1755373983.webp?s=20ebe5ba93c583967597368cdf96de87d85d141c,1,1,
Blusa donna tg xl,3.85,No brand,XL / IT 46 / EU 42,https://www.vinted.it/items/6881205094-blusa-donna-tg-xl?referrer=catalog,0,6881205094,On Sale,,https://images1.vinted.net/t/02_01eaf_mq9TeccaY7iU2bjUNqim6uCD/310x430/1755373982.webp?s=6d98bf99171898a285d4a707f6be96792a083b93,1,1,
Robe / Tunique bohème à broderie,26.95,Goa,S / IT 40 / EU 36,https://www.vinted.it/items/6881204479-robe-tunique-boheme-a-broderie?referrer=catalog,0,6881204479,On Sale,,https://images1.vinted.net/t/01_023b8_MH3H78R9nLZ3sfQRJhafzrXF/310x430/1755373972.webp?s=26e525837d61676efd097bbfc806a697c429f906,1,1,
Blusa sin mangas de lunares rojo coral - Blouse sans manches à pois corail (Local),10.14,Local,M / IT 42 / EU 38,https://www.vinted.it/items/6881204284-blusa-sin-mangas-de-lunares-rojo-coral-blouse-sans-manches-a-pois-corail-local?referrer=catalog,27,6881204284,On Sale,,https://images1.vinted.net/t/01_017a9_2fKczR1vVH9MCSRvyemocPUJ/310x430/1755373970.webp?s=4df9db38211fa72005a84fb1d4bbe9297dd736e1,1,1,
Sommertop rot Mango,4.9,Mango,S / IT 40 / EU 36,https://www.vinted.it/items/6881204812-sommertop-rot-mango?referrer=catalog,0,6881204812,On Sale,,https://images1.vinted.net/t/02_00d59_cCrJsuVdJWoR15dP8civo3i8/310x430/1755373978.webp?s=50683de83b161b4f006cd1780277c0dff6e6bdc1,1,1,
Beiges Pull&Bear Top,2.28,Pull & Bear,XS / IT 38 / EU 34,https://www.vinted.it/items/6881204868-beiges-pullbear-top?referrer=catalog,0,6881204868,On Sale,,https://images1.vinted.net/t/02_00c37_cyjGXttCjAz4Wa93tmV5DQPZ/310x430/1755373978.webp?s=fd48c0fa055b7f2c731d8f65e8635b7ffeefa8d1,1,1,
Crop Top,2.28,Pimkie,L / IT 44 / EU 40,https://www.vinted.it/items/6881204955-crop-top?referrer=catalog,0,6881204955,On Sale,,https://images1.vinted.net/t/01_010d7_DukGkgCLMjpzLHnNdPNsvdsp/310x430/1755373980.webp?s=91788ecea4d4e19ab1f5621669f21cda8b4831d4,1,1,
Maison scotch blouse maat L,8.05,Maison Scotch,L / IT 44 / EU 40,https://www.vinted.it/items/6881204737-maison-scotch-blouse-maat-l?referrer=catalog,0,6881204737,On Sale,,https://images1.vinted.net/t/04_0013c_fJAvMF7A1tYnNSdgrKFQk8ts/310x430/1755374005.webp?s=f87fb83eb66d513033ab1e7cbc4c932e9034a11d,1,1,
Blusa con estampado de leopardo,5.95,Rosette,M / IT 42 / EU 38,https://www.vinted.it/items/6881204721-blusa-con-estampado-de-leopardo?referrer=catalog,0,6881204721,On Sale,,https://images1.vinted.net/t/04_024f1_FiW4ybN2nRAxPEYdPD9KaEAi/310x430/1755373976.webp?s=3e8caab7df0d917bfcc9ee01bb73af833c6d51d3,1,1,
Tramontana blouse,5.95,Tramontana,S / IT 40 / EU 36,https://www.vinted.it/items/6881204935-tramontana-blouse?referrer=catalog,0,6881204935,On Sale,,https://images1.vinted.net/t/02_01c57_kVHhzVLU3tXg3bbtZLj8xURW/310x430/1755373979.webp?s=659c688516c75f6e1f2d7f33e8c7ef3f1e69fb25,1,1,
Haut à crochets,5.95,Zara,M / IT 42 / EU 38,https://www.vinted.it/items/6881204874-haut-a-crochets?referrer=catalog,0,6881204874,On Sale,,https://images1.vinted.net/t/01_0252e_dmuG9N1ayVSwUkXwqTd47uV5/310x430/1755373978.webp?s=72b327ee65ca05b374208296c940a94d8f359cc1,1,1,
Top de lunares de Bershka,2.8,Bershka,M / IT 42 / EU 38,https://www.vinted.it/items/6881204903-top-de-lunares-de-bershka?referrer=catalog,0,6881204903,On Sale,,https://images1.vinted.net/t/02_01df0_N1WJAm9D6CpjAfnMWq26SXPM/310x430/1755373979.webp?s=7eb7db41f26b15b6c63f2319e6d069e2456acc4a,1,1,
TShirt S.Oliver XS,2.8,s.Oliver,XS / IT 38 / EU 34,https://www.vinted.it/items/6881204694-tshirt-soliver-xs?referrer=catalog,0,6881204694,On Sale,,https://images1.vinted.net/t/01_0070a_ka3ecUMRzAxynFS3AydLwo46/310x430/1755373975.webp?s=67095bacb7aa4c6af488d0e8143191fff87721db,1,1,
T-shirt,2.8,H&M,L / IT 44 / EU 40,https://www.vinted.it/items/6881204911-t-shirt?referrer=catalog,1,6881204911,On Sale,,https://images1.vinted.net/t/03_00c4b_rYnwheYF4hK2NEZEQSNt4uGw/310x430/1755373979.webp?s=aa36ae36fe37f236b108d291ecd9841c96afbc8e,1,1,
T-shirt con grafica Patrizia Pepe,30.1,Patrizia Pepe,S / IT 40 / EU 36,https://www.vinted.it/items/6881204633-t-shirt-con-grafica-patrizia-pepe?referrer=catalog,0,6881204633,On Sale,,https://images1.vinted.net/t/04_013b5_drXkuRqWEct6frEp97H3oPro/310x430/1755373975.webp?s=0cfe61caba3e59a298abe6d7374ece6863a2945f,1,1,
Maglia marrone e beige tg M/L,3.85,Tricky Firenze,L / IT 44 / EU 40,https://www.vinted.it/items/6881204866-maglia-marrone-e-beige-tg-ml?referrer=catalog,0,6881204866,On Sale,,https://images1.vinted.net/t/04_025f7_baMduJc841aTQwvGsffVT71q/310x430/1755373978.webp?s=b6fa676d1586b4572477b6fab02863d84c0da48d,1,1,
T-shirt,2.8,Jashu,M / IT 42 / EU 38,https://www.vinted.it/items/6881204838-t-shirt?referrer=catalog,0,6881204838,On Sale,,https://images1.vinted.net/t/03_01cf0_gNLW9RgZeDGYYiZk3Cgzr6BD/310x430/1755373978.webp?s=42366d56481862433bdac8607ed2fae59e9013cf,1,1,
Blusentop Glitzer-Shirt Top Someday Neu,30.1,Someday,S / IT 40 / EU 36,https://www.vinted.it/items/6881204454-blusentop-glitzer-shirt-top-someday-neu?referrer=catalog,0,6881204454,On Sale,,https://images1.vinted.net/t/01_000a8_Py3jiqyETMPczC6B4bYhbS3x/310x430/1755373972.webp?s=c192299cacffa6171e2c39e0965580dde3658514,1,1,
Body Zara Blanc,3.85,Zara,L / IT 44 / EU 40,https://www.vinted.it/items/6881204799-body-zara-blanc?referrer=catalog,0,6881204799,On Sale,,https://images1.vinted.net/t/01_0170f_BeyyvKo9LicKm5nhN9ScAQkw/310x430/1755373977.webp?s=4b615e727e23d8a7ecc40569457aba444af6e4bf,1,1,
Crop top crochet negro calado.,32.1,Jah Milla,S / IT 40 / EU 36,https://www.vinted.it/items/6881003576-crop-top-crochet-negro-calado?referrer=catalog,0,6881003576,On Sale,,https://images1.vinted.net/t/04_0206c_R6rFNH4CWCtEUGUJJavuRPq4/310x430/1755372073.webp?s=15d950e07fd83c63152cd4eb812e63648be77a54,1,1,
Top crochet,32.2,Zara,S / IT 40 / EU 36,https://www.vinted.it/items/6881204683-top-crochet?referrer=catalog,0,6881204683,On Sale,,https://images1.vinted.net/t/02_023aa_BzSwfB9bdvjHqSWLvrwDij5N/310x430/1755373975.webp?s=dca012df65e0ff2c230b4d17a4450de7867fb9f6,1,1,
Vintage wit linnen top,10.15,Camaïeu,M / IT 42 / EU 38,https://www.vinted.it/items/6881204401-vintage-wit-linnen-top?referrer=catalog,0,6881204401,On Sale,,https://images1.vinted.net/t/01_0167a_2YgiRFRouqMfQxQz5U8Dg4oa/310x430/1755373971.webp?s=a9a441f46825fec5f24d5483e1ff6c0057889f76,1,1,
sOliver Damen Bluse Gr 44,9.1,s.Oliver,XXL / IT 48 / EU 44,https://www.vinted.it/items/6881204380-soliver-damen-bluse-gr-44?referrer=catalog,0,6881204380,On Sale,,https://images1.vinted.net/t/02_0177f_nhWMFem2615XUKZZsaEWw2kV/310x430/1755373971.webp?s=506e183af481e7d0868fc49d76deaa7acf680c55,1,1,
Haut cache cache taille M,5.95,Cache Cache,M / IT 42 / EU 38,https://www.vinted.it/items/6881204720-haut-cache-cache-taille-m?referrer=catalog,0,6881204720,On Sale,,https://images1.vinted.net/t/02_01b50_knj5YqVi5nbqSGUdrnKnQX3T/310x430/1755373976.webp?s=6af252ae7715e7b51f8b33aa94d7bbb4b650e222,1,1,
Bluse,5.43,Jake*s,L / IT 44 / EU 40,https://www.vinted.it/items/6881204729-bluse-weiss-jakes?referrer=catalog,0,6881204729,On Sale,,https://images1.vinted.net/t/04_0031e_ERpvcVMddhgADUi6ixvW25Sx/310x430/1755373976.webp?s=1a5614a507f4c87b68695d137c26ad4bbbed498d,1,1,
Schwarzes Korsett von H&M,5.95,H&M,L / IT 44 / EU 40,https://www.vinted.it/items/6881204685-schwarzes-korsett-von-hm?referrer=catalog,0,6881204685,On Sale,,https://images1.vinted.net/t/01_025c6_xpxCgaHi8CzfvtNnnqcrVyN6/310x430/1755373975.webp?s=ff146a2e9ec1bc4fd3bcd0010867f5224c35edc1,1,1,
Débardeur rayé,5.95,Mango,L / IT 44 / EU 40,https://www.vinted.it/items/6881204614-debardeur-raye?referrer=catalog,0,6881204614,On Sale,,https://images1.vinted.net/t/02_01444_oR95t21fKkmkVJKkMisiDyyk/310x430/1755373974.webp?s=580915465ddcae45b4cc96cfe017049e30984837,1,1,
T-shirt addidas,5.95,adidas,XL / IT 46 / EU 42,https://www.vinted.it/items/6881204266-t-shirt-addidas?referrer=catalog,0,6881204266,On Sale,,https://images1.vinted.net/t/02_0031d_pWCpeFMxhSfvJjht9ueythEZ/310x430/1755373969.webp?s=60f7927122a1412c918e8e7d92651c68be436994,1,1,
Bustier,11.2,Shein,XL / IT 46 / EU 42,https://www.vinted.it/items/6881204553-bustier?referrer=catalog,0,6881204553,On Sale,,https://images1.vinted.net/t/02_009d9_zS1d41z8b3K8yjSBMTHjRKQ4/310x430/1755373973.webp?s=734bf5f5e0be87d1a06e15328964dfba17916639,1,1,
T-shirt manches longues gris,5.95,Canada Premium,L / IT 44 / EU 40,https://www.vinted.it/items/6881204231-t-shirt-manches-longues-gris?referrer=catalog,0,6881204231,On Sale,,https://images1.vinted.net/t/03_01f81_u5Y9ZmjNVAqqNtXNpBTJfYAE/310x430/1755373969.webp?s=cf414c1bdf99d01b72edacf4607a614633f2d738,1,1,
Chemisier sans manches Cacharel noir plumetis,8.05,Cacharel,S / IT 40 / EU 36,https://www.vinted.it/items/6881204517-chemisier-sans-manches-cacharel-noir-plumetis?referrer=catalog,0,6881204517,On Sale,,https://images1.vinted.net/t/04_00a58_YPgg5J4qKqo7REoXwUmsE6nD/310x430/1755373973.webp?s=6f57d0413db8258c91cf1d1cbefc1d168ddab2b6,1,1,
T-shirt Wasted Paris blanc,9.1,Wasted Paris,S / IT 40 / EU 36,https://www.vinted.it/items/6881204524-t-shirt-wasted-paris-blanc?referrer=catalog,0,6881204524,On Sale,,https://images1.vinted.net/t/02_017ba_xw49mfddq9Ymw8XK1YxxCTZU/310x430/1755373973.webp?s=188d14760b4984404655fafd5aa9f93153917451,1,1,
Schönes Oberteil Gr. 40,5.95,s.Oliver Black Label,L / IT 44 / EU 40,https://www.vinted.it/items/6881204656-schones-oberteil-gr-40?referrer=catalog,0,6881204656,On Sale,,https://images1.vinted.net/t/04_02707_T7AeSMpgihfRGfNxPe4fV9qP/310x430/1755373975.webp?s=2dfaf44715b147b1bf83e4d618f49113d07ae64e,1,1,
top con croce goth,2.8,Shein,S / IT 40 / EU 36,https://www.vinted.it/items/6881204538-top-con-croce-goth?referrer=catalog,0,6881204538,On Sale,,https://images1.vinted.net/t/04_0064b_ES7P8weaMzuww5CRA6WVRWsE/310x430/1755373973.webp?s=f949263d70bae081b7e2882a1b58a7098ee2d553,1,1,
Damen Rollkragenpullover 44 Rose,2.8,Janina,XXL / IT 48 / EU 44,https://www.vinted.it/items/6881204111-damen-rollkragenpullover-44-rose?referrer=catalog,0,6881204111,On Sale,,https://images1.vinted.net/t/03_003c0_MpHz7VtfpopKDZtyHhZfKX1w/310x430/1755373967.webp?s=f611fea50d87414c36d0f6e63797bcc67318bb04,1,1,
Blouse Toscane,9.1,Toscane,5XL / IT 54 / EU 50,https://www.vinted.it/items/6881204430-blouse-toscane?referrer=catalog,0,6881204430,On Sale,,https://images1.vinted.net/t/02_00171_PizjuxAvusLyfDtNx2xMNA8D/310x430/1755373972.webp?s=9e4f01ba5720a8001197a031a636fe28afb79527,1,1,
Zara shirtje / t-shirt met gouden mouwtjes,7.0,Zara,S / IT 40 / EU 36,https://www.vinted.it/items/6881204306-zara-shirtje-t-shirt-met-gouden-mouwtjes?referrer=catalog,0,6881204306,On Sale,,https://images1.vinted.net/t/03_023b5_7zd2AkdqmaFn86yanMRbUkBt/310x430/1755373970.webp?s=f55f4f7eaa57057962f8a2298e63bc9987e8d53f,1,1,
Asymmetrische Tunika mit Pfauenfeder Print,11.2,Sonstiges,Taglia unica,https://www.vinted.it/items/6881204028-asymmetrische-tunika-mit-pfauenfeder-print-leicht-luftig-mit-bindegurtel?referrer=catalog,0,6881204028,On Sale,,https://images1.vinted.net/t/04_0010b_7u1qbC5wjRJzvgRPXziaqT7i/310x430/1755373966.webp?s=4b5fcefa9b7bb5d03b5b3af2b42382a99f85cb83,1,1,
Top con estampado de primark,4.38,Primark,L / IT 44 / EU 40,https://www.vinted.it/items/6881204138-top-con-estampado-de-primark?referrer=catalog,0,6881204138,On Sale,,https://images1.vinted.net/t/04_012ac_hPSUfxZReaDxKtUDZAKcKa5r/310x430/1755373967.webp?s=1d22ecb0948d1df2f1d8713bce5c9be1c125c068,1,1,
Camiseta talla 38,2.28,Disney,M / IT 42 / EU 38,https://www.vinted.it/items/6881204037-camiseta-talla-38?referrer=catalog,0,6881204037,On Sale,,https://images1.vinted.net/t/02_002c7_rf1R9VQWzf19irbXuvHWBtN9/310x430/1755373966.webp?s=d0a736e47f2a87f4f0ebe88643811fa082e44d65,1,1,
Netz T-Shirt S/M,2.8,Sonstiges,S / IT 40 / EU 36,https://www.vinted.it/items/6881204110-netz-t-shirt-sm?referrer=catalog,0,6881204110,On Sale,,https://images1.vinted.net/t/01_01a6c_1rQRzPXQRTaCHy5PNBKcbSed/310x430/1755373967.webp?s=d9f225b261e64e7df8f0f0d1dea8d0ffa874a6a5,1,1,
Top Levi’s L en Très Bon État 🌟,16.45,Levi's,L / IT 44 / EU 40,https://www.vinted.it/items/6881203736-top-levis-l-en-tres-bon-etat?referrer=catalog,0,6881203736,On Sale,,https://images1.vinted.net/t/03_0214e_MyidHTiHWwiqjpzDue7juqf1/310x430/1755373962.webp?s=a16211f7f3b5b47ba9aadeeecda4a0c3550f4bca,1,1,
Blouse débardeur noir en maille à nouer Zara,9.1,Zara,L / IT 44 / EU 40,https://www.vinted.it/items/6881203912-blouse-debardeur-noir-en-maille-a-nouer-zara?referrer=catalog,0,6881203912,On Sale,,https://images1.vinted.net/t/02_02028_CYaadNd4m31ArBdmUwBaXkVV/310x430/1755373964.webp?s=102be9046a66eee6a9988966d673001faf3b223e,1,1,
Top blanc crochet,2.8,Je ne sais quoi,XS / IT 38 / EU 34,https://www.vinted.it/items/6881203961-top-blanc-crochet?referrer=catalog,0,6881203961,On Sale,,https://images1.vinted.net/t/03_00b49_QhDAdHYsKAPkeHSRSrsy8pcC/310x430/1755373965.webp?s=36f5b564589c640eef0f348f9cb45915fb84a19f,1,1,
Topje van Sisley,3.85,Sisley,XS / IT 38 / EU 34,https://www.vinted.it/items/6881203881-topje-van-sisley?referrer=catalog,0,6881203881,On Sale,,https://images1.vinted.net/t/04_01929_DfNmFFAHc7dw2FbcWPUCTFsc/310x430/1755373964.webp?s=25786283439d4a31c5552d446fc8bd0f38994257,1,1,
Maillot manche longue,1.75,K Woman,S / IT 40 / EU 36,https://www.vinted.it/items/6881203893-maillot-manche-longue?referrer=catalog,0,6881203893,On Sale,,https://images1.vinted.net/t/01_00ad3_QgeTs9NirmxswZfmsQBgDyso/310x430/1755373964.webp?s=9a7bea9c05a864c77e008926bc760f312d0c66c5,1,1,
Blouse rose,16.45,Cache Cache,M / IT 42 / EU 38,https://www.vinted.it/items/6881204112-blouse-rose?referrer=catalog,0,6881204112,On Sale,,https://images1.vinted.net/t/04_00fef_ZonjzSceMmdXEyfvKtbbSRR2/310x430/1755373967.webp?s=3c6c30be9700ecac12563a1556a506a9e35fc787,1,1,
Blouse met hartjes,3.85,Zeeman,XL / IT 46 / EU 42,https://www.vinted.it/items/6881203916-blouse-met-hartjes?referrer=catalog,0,6881203916,On Sale,,https://images1.vinted.net/t/02_001cd_PhxAsWvSDsL1yeFfNiyho3h5/310x430/1755373964.webp?s=bfee5a80c74e1c0040a35be0173d3f6fdb232347,1,1,
SMOG T-Shirt,2.8,SMOG,L / IT 44 / EU 40,https://www.vinted.it/items/6881203914-smog-t-shirt?referrer=catalog,0,6881203914,On Sale,,https://images1.vinted.net/t/04_023e3_bSBpPZmv628sfdy3N223CJrQ/310x430/1755373964.webp?s=2173b33bd97734da0a5dddb20874d3f239b868ac,1,1,
Zwart blousje Vila,3.85,Vila,S / IT 40 / EU 36,https://www.vinted.it/items/6881203879-zwart-blousje-vila?referrer=catalog,0,6881203879,On Sale,,https://images1.vinted.net/t/02_022cf_CJj9HS71cbCrHr8KEYL5DcBm/310x430/1755373964.webp?s=8d8441399429ccf00d2ef8dae9b19b6ba1de1087,1,1,
Blouse,9.1,H&M,M / IT 42 / EU 38,https://www.vinted.it/items/6881204212-blouse?referrer=catalog,0,6881204212,On Sale,,https://images1.vinted.net/t/02_0045b_PgXT2y2rVnVcre3F8CkPTXy1/310x430/1755373968.webp?s=0086b0a392d70e772658c3abf746573e2c09b7e8,1,1,
🤍Blusa manga corta de flores doradas - Talla 44🤍,11.1,Local,XXL / IT 48 / EU 44,https://www.vinted.it/items/6881203122-blusa-manga-corta-de-flores-doradas-talla-44?referrer=catalog,12,6881203122,On Sale,,https://images1.vinted.net/t/01_008ad_wpqu3dhzkim892xSwNS21YVG/310x430/1755373952.webp?s=16376082f35ebef7f5925c4f2f4f41b7c807f381,1,1,
Haut kaporal,5.95,Kaporal,XS / IT 38 / EU 34,https://www.vinted.it/items/6881203880-haut-kaporal?referrer=catalog,0,6881203880,On Sale,,https://images1.vinted.net/t/04_01a58_3Ez4SALzhjE5FtSAqSnKq8f1/310x430/1755373964.webp?s=6144794c499aab7fae9474464bc9b664a98ed51f,1,1,
Top rosa,4.9,Sisley,XL / IT 46 / EU 42,https://www.vinted.it/items/6881204070-top-rosa?referrer=catalog,0,6881204070,On Sale,,https://images1.vinted.net/t/02_020c7_NZ9iceyb77RXnawDx9RPqE3E/310x430/1755373966.webp?s=5596827a31ebe656988682a81fee90003aa98fb3,1,1,
Tee shirt,2.8,Kiabi,S / IT 40 / EU 36,https://www.vinted.it/items/6881203643-tee-shirt?referrer=catalog,0,6881203643,On Sale,,https://images1.vinted.net/t/03_016c8_3czhEag8e5xpxhhJ1Lp2Nxpj/310x430/1755373961.webp?s=af75a3fe967f449ea6fe05a92b38423133d92924,1,1,
Pieces tuniek panter,16.45,Pieces,L / IT 44 / EU 40,https://www.vinted.it/items/6881203619-pieces-tuniek-panter?referrer=catalog,0,6881203619,On Sale,,https://images1.vinted.net/t/02_01ff3_2MckwnG9Z9AEirg2eKPkzvke/310x430/1755373960.webp?s=ad263dbfb0b85f364caf287c7a087cc936f6c68c,1,1,
Blouse Kiabi taille L / 40 neuve,16.45,Kiabi,L / IT 44 / EU 40,https://www.vinted.it/items/6881204085-blouse-kiabi-taille-l-40-neuve?referrer=catalog,0,6881204085,On Sale,,https://images1.vinted.net/t/04_01522_PseJuAvFPpTuCPu8A8dRo3u1/310x430/1755373966.webp?s=c109445046315cb13f111c37238708cc4f58a6e2,1,1,
T-shirt Nike,5.95,Nike,XS / IT 38 / EU 34,https://www.vinted.it/items/6881203555-t-shirt-nike?referrer=catalog,0,6881203555,On Sale,,https://images1.vinted.net/t/04_01e46_7sgunggaEjqwhZRASTM7qpnv/310x430/1755373959.webp?s=d86c87f1e5ecdac82d6413d0518d9305425c55f9,1,1,
Long-Shirt,4.06,Shein,XXL / IT 48 / EU 44,https://www.vinted.it/items/6881203648-long-shirt?referrer=catalog,0,6881203648,On Sale,,https://images1.vinted.net/t/04_00d6d_hBGGVJsTBd94pV3wdhXKHVXE/310x430/1755373961.webp?s=ebda0d336f5ec058baffd5fbf90177f02b7b6224,1,1,
Haut en maille Kookai taille 2,2.8,KOOKAÏ,M / IT 42 / EU 38,https://www.vinted.it/items/6881204040-haut-en-maille-kookai-taille-2?referrer=catalog,0,6881204040,On Sale,,https://images1.vinted.net/t/04_00589_sZZquFS5eN3uYCpfim9L37DM/310x430/1755373966.webp?s=a9f96f1b9dcb1902503cbbb8480032a67f64f3af,1,1,
Body bianco in pizzo,9.1,No brand,M / IT 42 / EU 38,https://www.vinted.it/items/6881301047-body-bianco-in-pizzo?referrer=catalog,0,6881301047,On Sale,,https://images1.vinted.net/t/04_021fc_4FvPiCyr1QD34viF9BD8pvf7/310x430/1755375452.webp?s=6c1b5c95c3d01976912e6fc649373009937d347e,1,1,
Camisa de laçada Guidos,21.7,Maria Marcelino,Taglia unica,https://www.vinted.it/items/6881300677-camisa-de-lacada-guidos?referrer=catalog,0,6881300677,On Sale,,https://images1.vinted.net/t/04_019ee_FcCPX515WkrQtotf22DpTvv6/310x430/1755375446.webp?s=f0b9b22f3bed4220549434b7a83a91e903096707,1,1,
Damen  3/4 bluse,7.53,Surprise,XXL / IT 48 / EU 44,https://www.vinted.it/items/6881300944-damen-34-bluse?referrer=catalog,0,6881300944,On Sale,,https://images1.vinted.net/t/04_015b0_oLgzrHyQZaAzonFuVXccedqj/310x430/1755375450.webp?s=1513fa0d83199aca33d8b5df40df6b5d8ee4bfba,1,1,
Alo Yoga Tank top xs,42.7,Alo Yoga,XS / IT 38 / EU 34,https://www.vinted.it/items/6881297059-alo-yoga-tank-top-xs?referrer=catalog,0,6881297059,On Sale,,https://images1.vinted.net/t/04_009f4_FBUWEdENey9p38NNjbHt18tH/310x430/1755375387.webp?s=b66e1d443708f832e394969130d058509da7f92e,1,1,
Eis Top,4.9,Multiblu,M / IT 42 / EU 38,https://www.vinted.it/items/6881300569-eis-top?referrer=catalog,0,6881300569,On Sale,,https://images1.vinted.net/t/02_00b35_SJAfgmWVKegwkPpFgHGHvXnv/310x430/1755375444.webp?s=cb8b775e9fc08bb82c4b2454f30218b751b8c442,1,1,
Bluse s.Oliver,3.85,s.Oliver,M / IT 42 / EU 38,https://www.vinted.it/items/6881300504-bluse-soliver?referrer=catalog,0,6881300504,On Sale,,https://images1.vinted.net/t/04_0064e_DK8qnccsr3jkWBAtH6dEDKCh/310x430/1755375443.webp?s=78c330a6ecda2f3768b060fa8626ae7d722cab3d,1,1,
T shirt Adidas noir 38,5.95,adidas,M / IT 42 / EU 38,https://www.vinted.it/items/6881300551-t-shirt-adidas-noir-38?referrer=catalog,0,6881300551,On Sale,,https://images1.vinted.net/t/03_018a2_fHeFCDBqPgQZK9Z8H2Y6tPmQ/310x430/1755375443.webp?s=28e01454293b9021c3da7008df1dfb0cc66acda1,1,1,
Tolle Damen Bluse by Tom Tailor in schönen Farbton Zimt Gr XL,18.55,Tom Tailor,XL / IT 46 / EU 42,https://www.vinted.it/items/6881300534-tolle-damen-bluse-by-tom-tailor-in-schonen-farbton-zimt-gr-xl?referrer=catalog,0,6881300534,On Sale,,https://images1.vinted.net/t/04_02507_zbk8KuQ19czwFq72KNdQ41u4/310x430/1755375443.webp?s=a85688ef5394b8333506416b5c5821506a1adb6b,1,1,
Vêtements,2.28,No brand,M / IT 42 / EU 38,https://www.vinted.it/items/6881296939-vetements?referrer=catalog,0,6881296939,On Sale,,https://images1.vinted.net/t/01_00b68_4GppasbgTeotVm3PfQtQpJ6n/310x430/1755375385.webp?s=3c360471f3cd555ac97d99da1a9e2137f7aac530,1,1,
Truitje Tramontana,7.0,Tramontana,S / IT 40 / EU 36,https://www.vinted.it/items/6881300573-truitje-tramontana?referrer=catalog,0,6881300573,On Sale,,https://images1.vinted.net/t/03_00005_xG9bZUQdMXyBxaMN2seWgMcs/310x430/1755375444.webp?s=613e517d50a64b8d74b0541fea09862e3d815a2c,1,1,
Black flowery cropped blouse,9.1,H&M Divided,M / IT 42 / EU 38,https://www.vinted.it/items/6881300483-black-flowery-cropped-blouse?referrer=catalog,0,6881300483,On Sale,,https://images1.vinted.net/t/04_025da_Kwvh7vbYtCaHG8nQDFo5V7tC/310x430/1755375442.webp?s=6aa60b8e797be67d3781bfad234789f29a24d04c,1,1,
Débardeur collection U en très bon état sans étiquette taille correspond à une taille L,5.95,Collection U,L / IT 44 / EU 40,https://www.vinted.it/items/6881300796-debardeur-collection-u-en-tres-bon-etat-sans-etiquette-taille-correspond-a-une-taille-l?referrer=catalog,0,6881300796,On Sale,,https://images1.vinted.net/t/03_01963_kujnrRc9UfcN3kCUYMdUHeCh/310x430/1755375448.webp?s=c947827c27524c64ae8a1ce298c105ad1262b6ec,1,1,
Camisa vintage,17.5,Vintage Dressing,L / IT 44 / EU 40,https://www.vinted.it/items/6881300783-camisa-vintage?referrer=catalog,0,6881300783,On Sale,,https://images1.vinted.net/t/02_0001e_v3Y3J7Z5pc9vs2fmtLvTKEWB/310x430/1755375447.webp?s=0adabc8fb05167cdcff35e8ee999ad66bd3b4be7,1,1,
blouse m.courtes,5.95,H&M,L / IT 44 / EU 40,https://www.vinted.it/items/6881300461-blouse-mcourtes-marine-hssm?referrer=catalog,0,6881300461,On Sale,,https://images1.vinted.net/t/03_0137a_9F74E2P2LGvRE9cYz7TbLG4v/310x430/1755375442.webp?s=317a9ca9653c325ae3b4abede9a68d6fb21162a6,1,1,
Débardeur,3.85,Blancheporte,XXXL / IT 50 / EU 46,https://www.vinted.it/items/6881300738-debardeur?referrer=catalog,0,6881300738,On Sale,,https://images1.vinted.net/t/03_000e0_DZSKCLpCHLs8NvCgxMcss3Ef/310x430/1755375447.webp?s=44c8e976a636fd11f75d03671c1739a5f14f5f51,1,1,
• Blouse ~ Boutique indépendante ~ Taille unique •,4.89,Boutique indépendante,Taglia unica,https://www.vinted.it/items/6881300513-blouse-boutique-independante-taille-unique?referrer=catalog,0,6881300513,On Sale,,https://images1.vinted.net/t/02_003bc_3ofxe8hDgXKXbmM68g3gk3NT/310x430/1755375443.webp?s=95bed6919f20893ce625603a9fa8bad38fde85c1,1,1,
Canotta bershka,11.2,Bershka,M / IT 42 / EU 38,https://www.vinted.it/items/6881300439-canotta-bershka?referrer=catalog,0,6881300439,On Sale,,https://images1.vinted.net/t/02_00aa3_6bEYa9twnoM2B7hfBT6jjcLr/310x430/1755375442.webp?s=4dac3ae3042946313cd5e50310cc7fe026faac43,1,1,
Blusa de verano,10.1,Buffalo,XS / IT 38 / EU 34,https://www.vinted.it/items/6881299514-blusa-de-verano?referrer=catalog,16,6881299514,On Sale,,https://images1.vinted.net/t/01_01bc5_BToaNBrvAfp8Sqgjq3486RH4/310x430/1755375427.webp?s=93417a4d82a5ed968c20e8b61f3a07ff2ab23dc8,1,1,
dunkelrotes Top,11.2,Shein,S / IT 40 / EU 36,https://www.vinted.it/items/6881300407-dunkelrotes-top?referrer=catalog,0,6881300407,On Sale,,https://images1.vinted.net/t/04_018dd_PdZ9iAFtsyejzz5epcASAAG2/310x430/1755375441.webp?s=599498bdd104c51b7a4f83003ff76d7053c220f7,1,1,
Tee shirt à motif caroll,2.8,Caroll,S / IT 40 / EU 36,https://www.vinted.it/items/6881300302-tee-shirt-a-motif-caroll?referrer=catalog,0,6881300302,On Sale,,https://images1.vinted.net/t/01_009e0_qcbLkYriQn5bmRwpvaKHGYxT/310x430/1755375440.webp?s=48d3646fcf77616d7cf310fb0f0b361dcb1339d9,1,1,
Maglietta in lino,3.85,Lino,Taglia unica,https://www.vinted.it/items/6881300363-maglietta-in-lino?referrer=catalog,0,6881300363,On Sale,,https://images1.vinted.net/t/03_00f37_oFWHWAEGVHS9byBPysU48K6G/310x430/1755375441.webp?s=02ab449ebccdac56e2358a98d7e8369fdfe04a56,1,1,
Top rosa de Subdued,5.95,Subdued,Taglia unica,https://www.vinted.it/items/6881300189-top-rosa-de-subdued?referrer=catalog,0,6881300189,On Sale,,https://images1.vinted.net/t/03_002a2_mRQ2h9eML26pc7DejQTNZo8S/310x430/1755375438.webp?s=0883577f1525e95e58a294de0ee0afb79451a5fc,1,1,
Set 2 canotte Zara,7.0,Zara,S / IT 40 / EU 36,https://www.vinted.it/items/6881300266-set-2-canotte-zara-s?referrer=catalog,0,6881300266,On Sale,,https://images1.vinted.net/t/04_020ca_5PKafqHajyb3CnR8pvUbvCBk/310x430/1755375439.webp?s=373958533bcb21fbdd92251d503d3cbbd8d1eedd,1,1,
T-shirt côtelé blanc C&A,5.95,C&A,S / IT 40 / EU 36,https://www.vinted.it/items/6535669655-t-shirt-cotele-blanc-ca?referrer=catalog,0,6535669655,On Sale,,https://images1.vinted.net/t/01_00822_W1zQyLs1GwM9hoE7mtdGYmcX/310x430/1750249228.webp?s=31e164166461f9b4765a4f7aa36c912897618bbe,1,1,
Teeshirt Kookaï,5.95,KOOKAÏ,S / IT 40 / EU 36,https://www.vinted.it/items/6881300150-teeshirt-kookai?referrer=catalog,0,6881300150,On Sale,,https://images1.vinted.net/t/03_02193_wM9rBNHr6f6TaGvq7TRLbaNH/310x430/1755375438.webp?s=f4f67eca10022f6b8d026796e15f4cafa2841597,1,1,
Cartoon Bluse,4.9,Cartoon,M / IT 42 / EU 38,https://www.vinted.it/items/6881300437-cartoon-bluse?referrer=catalog,0,6881300437,On Sale,,https://images1.vinted.net/t/01_0194f_u8CTxTKF1cLBDHszY91xood2/310x430/1755375442.webp?s=c96059d49e9e377f9388bd24461afab28cc70560,1,1,
Blouse Pretty Little Thing,9.1,PrettyLittleThing,S / IT 40 / EU 36,https://www.vinted.it/items/6881300016-blouse-pretty-little-thing?referrer=catalog,0,6881300016,On Sale,,https://images1.vinted.net/t/04_01683_m4roPkdGkuBpQdivAp7YvWCg/310x430/1755375435.webp?s=9b95040bbf96bb740401a659217c1624e0879b26,1,1,
body damen zum binden-größe xs-boohoo🤍,5.95,Boohoo,XS / IT 38 / EU 34,https://www.vinted.it/items/6881300093-body-damen-zum-binden-grosse-xs-boohoo?referrer=catalog,0,6881300093,On Sale,,https://images1.vinted.net/t/01_022b5_AH6NQKHxDXbBcNE4RDNiUNJw/310x430/1755375436.webp?s=e81377efb2dca9b39c53cbabc9e63e571234fb00,1,1,
Sommer Shirt mit Snoopy,11.2,Peanuts,XXL / IT 48 / EU 44,https://www.vinted.it/items/6881300306-sommer-shirt-mit-snoopy?referrer=catalog,0,6881300306,On Sale,,https://images1.vinted.net/t/02_01bb0_VMUEXkmgGPE2Ke1fVs6dE38B/310x430/1755375440.webp?s=0a0f1c9d276ee6fb05e5da403212f01da50d0e0e,1,1,
Body manches longues Etam Taille S,21.7,Etam,S / IT 40 / EU 36,https://www.vinted.it/items/6881300253-body-manches-longues-etam-taille-s?referrer=catalog,0,6881300253,On Sale,,https://images1.vinted.net/t/04_0207d_T1C7izwqhUZ6fAfXkdMjcepH/310x430/1755375439.webp?s=b226d6e7fb48060c95ecdf4b38a7463073bee38d,1,1,
Top en similicuir Bordeaux,5.95,Amazon,XS / IT 38 / EU 34,https://www.vinted.it/items/6881300368-top-en-similicuir-bordeaux?referrer=catalog,0,6881300368,On Sale,,https://images1.vinted.net/t/01_008de_km62J8hAsaqBSBoG3fciyrqr/310x430/1755375441.webp?s=e3695e73116cb55f570b099481f60e18be491bad,1,1,
Anliegender Body,5.95,Even&Odd,XS / IT 38 / EU 34,https://www.vinted.it/items/6881300267-anliegender-body?referrer=catalog,0,6881300267,On Sale,,https://images1.vinted.net/t/02_00d97_XhZE9vhq7Vdc6pMnC4UGfcZ9/310x430/1755375439.webp?s=28d6558fa12907ba0270da69daaa649b22c0170f,1,1,
T shein bershka corp top S,4.9,Bershka,S / IT 40 / EU 36,https://www.vinted.it/items/6881300289-t-shein-bershka-corp-top-s?referrer=catalog,0,6881300289,On Sale,,https://images1.vinted.net/t/03_00da2_opN2DuvLrCgV5TM1CMoKiUPk/310x430/1755375440.webp?s=71eddba8bef0ba745a58e92929de0be8c05c1450,1,1,
t-shirt long,2.28,Shein,S / IT 40 / EU 36,https://www.vinted.it/items/6881299880-t-shirt-long?referrer=catalog,0,6881299880,On Sale,,https://images1.vinted.net/t/04_025fe_VszKxP1aRFyaLzxLnDz3NuTx/310x430/1755375433.webp?s=4f250727668fd0bb8d7758f0ddcf21993ec9e7bb,1,1,
Top blanc,3.85,sans marque,XXXL / IT 50 / EU 46,https://www.vinted.it/items/6881299866-top-blanc?referrer=catalog,0,6881299866,On Sale,,https://images1.vinted.net/t/01_0098d_PnsXKD8LrbtyPRuzfQBXupVW/310x430/1755375432.webp?s=c4cb261c37abdbfb7a3b7835e6baf4085507efd5,1,1,
Blouse brodée transparente taille 38 marque h&m •,16.45,H&M,M / IT 42 / EU 38,https://www.vinted.it/items/6881299794-blouse-brodee-transparente-taille-38-marque-hm?referrer=catalog,0,6881299794,On Sale,,https://images1.vinted.net/t/01_00df1_sQum2nZiNGbZpBHTZgAFsjRP/310x430/1755375431.webp?s=65a75a3f1fdce4125efdf47e965cf778a29755f0,1,1,
Haut d’Été Fleurie Bershka,16.45,Bershka,S / IT 40 / EU 36,https://www.vinted.it/items/6881300021-haut-dete-fleurie-bershka?referrer=catalog,0,6881300021,On Sale,,https://images1.vinted.net/t/04_00a88_Mc2Gw3FtKptKg4B7NYfVs5MB/310x430/1755375435.webp?s=c7f6ff7aa5355ce4747acf149f5a6170131dff7a,1,1,
Langarmshirt,3.85,H&M,M / IT 42 / EU 38,https://www.vinted.it/items/6881300027-langarmshirt?referrer=catalog,0,6881300027,On Sale,,https://images1.vinted.net/t/02_0239e_FMdwAeP3qYRPLkM9UGKFVSZZ/310x430/1755375435.webp?s=fe8415b13dfc5e23869631db50fdd4dbf3c344ab,1,1,
robe chemise beige grande taille en gaze de coton,28.0,BY COCO,Taglia unica,https://www.vinted.it/items/6881299752-robe-chemise-beige-grande-taille-en-gaze-de-coton?referrer=catalog,0,6881299752,On Sale,,https://images1.vinted.net/t/04_02199_HVLV2dG71agki7XpztQiUjab/310x430/1755375431.webp?s=8d10944259d74387d1b1cd2235264cbbb4cf2b62,1,1,
Camisa manga larga Kriss 😍,11.2,Kriss,S / IT 40 / EU 36,https://www.vinted.it/items/6881299233-camisa-manga-larga-kriss?referrer=catalog,30,6881299233,On Sale,,https://images1.vinted.net/t/02_00821_6RBVhpb2NFgnbCDCWCnVZZRb/310x430/1755375422.webp?s=1b8f7173c5b945535211bcf57519ebee629badac,1,1,
Chemise Sandro blanche,26.95,Sandro,M / IT 42 / EU 38,https://www.vinted.it/items/6881299728-chemise-sandro-blanche?referrer=catalog,0,6881299728,On Sale,,https://images1.vinted.net/t/03_006a6_3s58kmnaS2FqVWjCFG2C5VBU/310x430/1755375430.webp?s=689a2a0bc80032bd3e1bf1780bb069e16f7c62f5,1,1,
Vêtements,2.28,No brand,M / IT 42 / EU 38,https://www.vinted.it/items/6881299731-vetements?referrer=catalog,0,6881299731,On Sale,,https://images1.vinted.net/t/02_0034b_MYqz3JevedKBup48o1xA61Tg/310x430/1755375430.webp?s=4fe02756854288a0aaa39bb2e7a21a5e2b0cbca9,1,1,
Zara Top Spitze,9.1,Zara,S / IT 40 / EU 36,https://www.vinted.it/items/6881300163-zara-top-spitze?referrer=catalog,0,6881300163,On Sale,,https://images1.vinted.net/t/03_0242a_raFFVUwiFTMEkMty2NijmwkM/310x430/1755375438.webp?s=dd5a5243e0cf325634bb855781533f35f97b6e4d,1,1,
T-shirt FB sister,2.8,FB Sister,S / IT 40 / EU 36,https://www.vinted.it/items/6881299733-t-shirt-fb-sister?referrer=catalog,0,6881299733,On Sale,,https://images1.vinted.net/t/04_0176f_MbgrahD4P65yJQeMW5Ez7F8k/310x430/1755375430.webp?s=8b36c24c8bafa72a801a19f6ed48df72cc050049,1,1,
Zwarte croptop,5.95,Vanis,XS / IT 38 / EU 34,https://www.vinted.it/items/6881299744-zwarte-croptop?referrer=catalog,0,6881299744,On Sale,,https://images1.vinted.net/t/01_01535_az7ZrTpatMni9wi6MDS8RMF3/310x430/1755375430.webp?s=d49c863594f04f1813e62fcd4f9cad8758b56f39,1,1,
Ensemble bershka,11.2,Bershka,S / IT 40 / EU 36,https://www.vinted.it/items/6881299981-ensemble-bershka?referrer=catalog,0,6881299981,On Sale,,https://images1.vinted.net/t/02_00fda_2qYHrSbbNc9eAiyqbcAk1oCx/310x430/1755375434.webp?s=b72ce0cbb7f35cef7cd642dbf8c8d5aba20bdc00,1,1,
T shirt rose vintage 34,5.95,Zara,XS / IT 38 / EU 34,https://www.vinted.it/items/6881299945-t-shirt-rose-vintage-34?referrer=catalog,0,6881299945,On Sale,,https://images1.vinted.net/t/03_01e09_Vn9cubyQkfxQTuaeEUHqQFYN/310x430/1755375434.webp?s=dedc47c0c155f9148a34bc9b26971e32b8a5fb0e,1,1,
Bluse,9.1,Bexleys,6XL / IT 56 / EU 52,https://www.vinted.it/items/6881299536-bluse-grosse-52-bexleys-woman-armellos-blau-geblumt?referrer=catalog,0,6881299536,On Sale,,https://images1.vinted.net/t/01_00a12_p4iquB1h1oJsEG1BkVtP8zuj/310x430/1755375427.webp?s=505507a15ebb3aba0087e7dbf9e3027b014392e0,1,1,
Schicke lila Bluse mit gerafften Ärmeln,5.95,s.Oliver,XL / IT 46 / EU 42,https://www.vinted.it/items/6881299506-schicke-lila-bluse-mit-gerafften-armeln?referrer=catalog,0,6881299506,On Sale,,https://images1.vinted.net/t/03_0056f_76QrfoeWZC57raFA8KepbtE4/310x430/1755375426.webp?s=cda64dcd7d9a3d4b3f39fe8c1e4f283db8963b1d,1,1,
Chemise dentelle made in france,8.05,No brand,M / IT 42 / EU 38,https://www.vinted.it/items/6881299454-chemise-dentelle-made-in-france?referrer=catalog,0,6881299454,On Sale,,https://images1.vinted.net/t/02_01cbd_mKnSHBoTRoNdfNgPUz57ZM85/310x430/1755375425.webp?s=7529507d0d50ebb78a277b55633254bb8d8b51fd,1,1,
Body Rendado,5.95,Love Me,S / IT 40 / EU 36,https://www.vinted.it/items/6881299687-body-rendado?referrer=catalog,0,6881299687,On Sale,,https://images1.vinted.net/t/01_00c14_yAGViTMfRaJyDmecAFtsrEmb/310x430/1755375430.webp?s=9ab4bc116682dbb4c6282f4e3905f4cbc819f390,1,1,
y2k off the shoulder crop top,5.95,y2k,Taglia unica,https://www.vinted.it/items/6881299533-y2k-off-the-shoulder-crop-top?referrer=catalog,0,6881299533,On Sale,,https://images1.vinted.net/t/04_00c0a_qmrYiHGf4eHhWZ5EyN28sed7/310x430/1755375427.webp?s=5f67beb8e50fe0d417ccc53c5866cef2d4781959,1,1,
Chemise bleue taille S Le club,8.05,Le Club,S / IT 40 / EU 36,https://www.vinted.it/items/6881299671-chemise-bleue-taille-s-le-club?referrer=catalog,0,6881299671,On Sale,,https://images1.vinted.net/t/04_003d6_2PYgVw85ThQ5um46687QXdFK/310x430/1755375429.webp?s=59a11e0d2bbe6d35496f62ddfd6b04419ccfe386,1,1,
Blouse sans manche,5.95,Zara,M / IT 42 / EU 38,https://www.vinted.it/items/6881299598-blouse-sans-manche?referrer=catalog,0,6881299598,On Sale,,https://images1.vinted.net/t/04_0264d_DGW7eVGvB93EFfD26MtXLgvi/310x430/1755375428.webp?s=cf2f862475502fa6506a17835c473a87a869b59c,1,1,
Black H&M square neck top,5.41,H&M,M / IT 42 / EU 38,https://www.vinted.it/items/6881299436-black-hm-square-neck-top?referrer=catalog,0,6881299436,On Sale,,https://images1.vinted.net/t/02_01c1e_gXtSY9SotuxvsCohs7e1FdD2/310x430/1755375425.webp?s=685ee3c0469024594dd52139c18f0dea6594182c,1,1,
Body bleu,2.8,Shein,S / IT 40 / EU 36,https://www.vinted.it/items/6881299451-body-bleu?referrer=catalog,0,6881299451,On Sale,,https://images1.vinted.net/t/01_0191f_xMhpC3UWD2RjqPNRiBhTDJoB/310x430/1755375425.webp?s=5084c450ec1c4c506d2c76802239b662709a75d0,1,1,
Loavies lila topje,4.38,Loavies,M / IT 42 / EU 38,https://www.vinted.it/items/6881299516-loavies-lila-topje?referrer=catalog,0,6881299516,On Sale,,https://images1.vinted.net/t/01_01afc_A4B7gBYHhETsVgQuiKgr9cKn/310x430/1755375427.webp?s=138674d9df7ada9973b75d0e4eac6ae9a056ffe9,1,1,
Blouse légère,9.1,Armand Thiery,M / IT 42 / EU 38,https://www.vinted.it/items/6881299352-blouse-legere?referrer=catalog,0,6881299352,On Sale,,https://images1.vinted.net/t/01_0120a_V9dJy42Wda7QvCGGHaKNuKrM/310x430/1755375424.webp?s=59e55acc5fc6514919dd9649b4384cfff1d0905e,1,1,
C&A Top hellblau Segelboote Gr. L,2.8,C&A,L / IT 44 / EU 40,https://www.vinted.it/items/6881299363-ca-top-hellblau-segelboote-gr-l?referrer=catalog,0,6881299363,On Sale,,https://images1.vinted.net/t/04_0232e_nSawiuFXy6QVnC7FDasJyYVo/310x430/1755375424.webp?s=fb611649543f948f378bce85be8e5f679bc59f87,1,1,
Zara doorschijnende bewerkte top maat M,10.15,Zara,M / IT 42 / EU 38,https://www.vinted.it/items/6881299395-zara-doorschijnende-bewerkte-top-maat-m?referrer=catalog,0,6881299395,On Sale,,https://images1.vinted.net/t/01_00e5f_99VsLtvNna3Mtn6gXK1qQ9at/310x430/1755375424.webp?s=0af24eb10f05c4565c54e8cc3d6beac2634b740b,1,1,
tee shirt blanc à manches bouffantes,4.9,H&M,M / IT 42 / EU 38,https://www.vinted.it/items/6881299555-tee-shirt-blanc-a-manches-bouffantes?referrer=catalog,1,6881299555,On Sale,,https://images1.vinted.net/t/01_0166c_YPHFJat7fNV2geXye2cWeV6Z/310x430/1755375427.webp?s=6f94e1f0847e471682a858e8b9f30ae90d927749,1,1,
Chemisier romantique blanc Zara coton - Taille 36,16.45,Zara,S / IT 40 / EU 36,https://www.vinted.it/items/6881298744-chemisier-romantique-blanc-zara-coton-taille-36?referrer=catalog,0,6881298744,On Sale,,https://images1.vinted.net/t/01_02646_f3QuCSE9oTfrwkw2Mtkm5LKS/310x430/1755375414.webp?s=7c3884496f62e04b620b3057a8c2c4a55b42b398,1,1,
Blusa mujer,7.53,MI,S / IT 40 / EU 36,https://www.vinted.it/items/6881299263-blusa-mujer?referrer=catalog,0,6881299263,On Sale,,https://images1.vinted.net/t/01_00942_TA6bqywWfm5nRsSjetiu6SWq/310x430/1755375422.webp?s=d7fc8f8f5595ab1bb78bf6de366cbe1ea2ad604c,1,1,
Süßes Top Tüll,3.85,Mango,S / IT 40 / EU 36,https://www.vinted.it/items/6881299121-susses-top-tull?referrer=catalog,0,6881299121,On Sale,,https://images1.vinted.net/t/01_0114a_t2iE3wVHFbqEXb7N711AExFf/310x430/1755375420.webp?s=b9b1564e5e401da58644fd95748b450914be1a08,1,1,
Dunkelblaues T-Shirt,2.8,B&C Collection,L / IT 44 / EU 40,https://www.vinted.it/items/6881299377-dunkelblaues-t-shirt?referrer=catalog,0,6881299377,On Sale,,https://images1.vinted.net/t/03_0179f_t9dXKjbA4gTZaZ1yfQVFNDCD/310x430/1755375424.webp?s=363aa446db2a31a68f818e6ff915a8de61ed46b6,1,1,
Túnica Parfois,5.95,Parfois,M / IT 42 / EU 38,https://www.vinted.it/items/6881299117-tunica-parfois?referrer=catalog,0,6881299117,On Sale,,https://images1.vinted.net/t/01_002f4_Hq5rv1dYtN5fD3GD9DZYyGFy/310x430/1755375420.webp?s=f1ffb915d167239b3f27d345fef1fe22850b6d8a,1,1,
Blouse,11.2,Norah,S / IT 40 / EU 36,https://www.vinted.it/items/6881299407-blouse?referrer=catalog,0,6881299407,On Sale,,https://images1.vinted.net/t/03_01346_VVU2bHmgAJ2e7m239JcFj2bP/310x430/1755375424.webp?s=573eee96722de374ee369fdf479cd532ed5cc171,1,1,
100% linen patch pocket vest,5.95,pure linen by Anne L,XL / IT 46 / EU 42,https://www.vinted.it/items/6881299333-100-linen-patch-pocket-vest?referrer=catalog,0,6881299333,On Sale,,https://images1.vinted.net/t/03_01eb4_91CzzRBawLTEznKdett3Q4Mw/310x430/1755375423.webp?s=8732a47d444f346c280c28636ffb96fd5317f499,1,1,
top bretelle,7.0,Shein,S / IT 40 / EU 36,https://www.vinted.it/items/6881299063-top-bretelle?referrer=catalog,0,6881299063,On Sale,,https://images1.vinted.net/t/02_02279_Re5CAQLTnU7GYQk3DWFyrnfA/310x430/1755375419.webp?s=e11f02f6faf34e9a84c98ba99611937fe2a7825b,1,1,
Vestido+camisa,4.38,Intimissimi,M / IT 42 / EU 38,https://www.vinted.it/items/6881298995-vestidocamisa?referrer=catalog,0,6881298995,On Sale,,https://images1.vinted.net/t/03_00b2a_gJW8nw6keWmr1fqcFVjuWJDH/310x430/1755375418.webp?s=46b1cd11e4654ed758f55a62cc91407bdcc189c8,1,1,
Tee shirt manches longues Terre de Marins,13.3,Terre de Marins,S / IT 40 / EU 36,https://www.vinted.it/items/6881299213-tee-shirt-manches-longues-terre-de-marins?referrer=catalog,0,6881299213,On Sale,,https://images1.vinted.net/t/04_024e6_ZkqydVQLrkxsYywzJ2oqiCTo/310x430/1755375422.webp?s=d69cb0b8377adcea6b57e17c98af0dd1147efa71,1,1,
Spijkerblouse,8.05,G-MAXX,S / IT 40 / EU 36,https://www.vinted.it/items/6881299279-spijkerblouse?referrer=catalog,0,6881299279,On Sale,,https://images1.vinted.net/t/01_0108c_nYwFGBT1NKtw5raj5AgCw2Xu/310x430/1755375422.webp?s=152ff786b4699ca1ba191c61f2b5cbff506e5f11,1,1,
Blouse légère,4.9,I.Code,M / IT 42 / EU 38,https://www.vinted.it/items/6881298872-blouse-legere?referrer=catalog,0,6881298872,On Sale,,https://images1.vinted.net/t/03_023c2_ydwvFUo4LqkuQvTGG2w17oQ2/310x430/1755375416.webp?s=943c54f829807b1dfc833738050a4a1493e15c11,1,1,
camisa cuadros,12.25,Local,XXS / IT 36 / EU 32,https://www.vinted.it/items/6881299180-camisa-cuadros?referrer=catalog,0,6881299180,On Sale,,https://images1.vinted.net/t/01_00db4_pWoBfpqDUgqqU8eyfFmKppcn/310x430/1755375421.webp?s=4498f561f0ba94391cd09f1ef6daa1654e835c5f,1,1,
Bluse,3.85,Amisu,S / IT 40 / EU 36,https://www.vinted.it/items/6881299226-bluse?referrer=catalog,0,6881299226,On Sale,,https://images1.vinted.net/t/02_01bf3_YNvsBZPwQa471mKL4zTxQYgd/310x430/1755375422.webp?s=629a6ce8656c21626554095d50b21b89b95dc787,1,1,
Top jaune,4.9,H&M,XS / IT 38 / EU 34,https://www.vinted.it/items/6881298861-top-jaune?referrer=catalog,0,6881298861,On Sale,,https://images1.vinted.net/t/01_01eb6_nUJLfkim8KCrkkPqs9sBHsF7/310x430/1755375416.webp?s=ec486c19c0f2799355539477faf478c6c715cb87,1,1,
Top Pimkie,3.85,Pimkie,XS / IT 38 / EU 34,https://www.vinted.it/items/6881299090-top-pimkie?referrer=catalog,0,6881299090,On Sale,,https://images1.vinted.net/t/01_00801_gd1mbaf9un9Rc1dLiqL3EQQP/310x430/1755375419.webp?s=2b09a00c22a02bcae0e74ce94f2f39fd9258f77f,1,1,
Shirt,13.3,Zara,XS / IT 38 / EU 34,https://www.vinted.it/items/6881299058-shirt?referrer=catalog,0,6881299058,On Sale,,https://images1.vinted.net/t/03_00f48_dH1eZusaf1NSPUzQiEXz3irR/310x430/1755375419.webp?s=d10736d7e5151914ac618f8131d548039d529f4c,1,1,
Top (bisschen rückenfrei),3.85,H&M,XXS / IT 36 / EU 32,https://www.vinted.it/items/6881298876-top-bisschen-ruckenfrei?referrer=catalog,0,6881298876,On Sale,,https://images1.vinted.net/t/01_01f72_zMpUPWKPSpxBVcXpsoucapzr/310x430/1755375416.webp?s=b86affe9718a5721e84e54aa07b9c8a1fde3b37b,1,1,
Chemisé,2.8,No brand,S / IT 40 / EU 36,https://www.vinted.it/items/6881299005-chemise?referrer=catalog,0,6881299005,On Sale,,https://images1.vinted.net/t/04_01a3b_rKACGN1jcQtUhLPfsbee66mN/310x430/1755375418.webp?s=5162530e055f250feb86e348255c2a04ba6ed74e,1,1,
Bluse Stradivarius,5.95,Stradivarius,L / IT 44 / EU 40,https://www.vinted.it/items/6881298798-bluse-stradivarius?referrer=catalog,0,6881298798,On Sale,,https://images1.vinted.net/t/03_024a1_dXbVmy158E4FxYmbzuEamDcX/310x430/1755375414.webp?s=fcd8dc9a21abdc25ec6b6a762c2651f099b52736,1,1,
Chemiser en lin et dentelle,13.3,Vintage Dressing,S / IT 40 / EU 36,https://www.vinted.it/items/6881298700-chemiser-en-lin-et-dentelle?referrer=catalog,0,6881298700,On Sale,,https://images1.vinted.net/t/01_01855_RWspKHhptSug1948nuAVXKM6/310x430/1755375413.webp?s=45adf7c0901a3b4096e2d2f570b4dfe5597da4d2,1,1,
Top in maglia,11.2,H&M,XXS / IT 36 / EU 32,https://www.vinted.it/items/6881298908-top-in-maglia?referrer=catalog,0,6881298908,On Sale,,https://images1.vinted.net/t/03_02145_MrrBQSgDe8H2h18troMxGcoW/310x430/1755375416.webp?s=996f99172d0f13f467f48920a053d00efe401968,1,1,
Blouse ample,4.9,Shein,XXL / IT 48 / EU 44,https://www.vinted.it/items/6881298962-blouse-ample?referrer=catalog,0,6881298962,On Sale,,https://images1.vinted.net/t/04_01bce_JZTn2eUnbgsXdg4cYXjVCUAs/310x430/1755375417.webp?s=1b48bf9be4d289ab7a98b602fcc8af58936ba840,1,1,
Chemisier gris à carreaux marque cache cache et taille 40,5.95,Cache Cache,L / IT 44 / EU 40,https://www.vinted.it/items/6881298907-chemisier-gris-a-carreaux-marque-cache-cache-et-taille-40?referrer=catalog,0,6881298907,On Sale,,https://images1.vinted.net/t/04_01a6f_9MkQKgKn42gDxeEiPpDpKsJ6/310x430/1755375416.webp?s=7acf8b5339587a94a1fdc8f258247b1bb4aa2b9f,1,1,
Camiseta de Sessun,22.75,Sessun,L / IT 44 / EU 40,https://www.vinted.it/items/6881298951-camiseta-de-sessun?referrer=catalog,0,6881298951,On Sale,,https://images1.vinted.net/t/04_01f22_P4oWxPLdyZZoB6Qk6VQJT8d4/310x430/1755375417.webp?s=d1516e92de8a5895caa63c16a6e23f118e8eefe8,1,1,
T-Shirt,1.75,C&A,M / IT 42 / EU 38,https://www.vinted.it/items/6881298904-t-shirt?referrer=catalog,0,6881298904,On Sale,,https://images1.vinted.net/t/04_019e2_nPtm3FJfgvTszWNeyd32HP7P/310x430/1755375416.webp?s=9f2428119a2f06831a0e99f47fe86bedf1a8c2f3,1,1,
Top manches 3/4 The Kooples,11.2,The Kooples,S / IT 40 / EU 36,https://www.vinted.it/items/6881298746-top-manches-34-the-kooples?referrer=catalog,0,6881298746,On Sale,,https://images1.vinted.net/t/04_02066_pY4jVP4KkedLDusd2PL3Pupi/310x430/1755375414.webp?s=883cde928a2e0ba0a02ebdb4c61be10277368f38,1,1,
Tee-shirt blanc H&M,7.0,H&M,S / IT 40 / EU 36,https://www.vinted.it/items/6881298212-tee-shirt-blanc-hm?referrer=catalog,0,6881298212,On Sale,,https://images1.vinted.net/t/02_002a3_qP3uXBPygbwNr5n815CYvLMg/310x430/1755375405.webp?s=d4d9469ea7ef03e994080b3eb17f6d60aa6c8a27,1,1,
Süße Bluse,4.9,Mango,M / IT 42 / EU 38,https://www.vinted.it/items/6881298916-susse-bluse?referrer=catalog,0,6881298916,On Sale,,https://images1.vinted.net/t/03_011d2_R9bpZa9vx3zS6xCbM6r13zBb/310x430/1755375416.webp?s=453d0d6cdce1ef837fad9e228994dee7b9e451cb,1,1,
Bustier top,11.2,Orna Farho,XL / IT 46 / EU 42,https://www.vinted.it/items/6881298421-bustier-top?referrer=catalog,0,6881298421,On Sale,,https://images1.vinted.net/t/03_02194_1DmUcFQ45BJR6wrYy4y2Cdnd/310x430/1755375408.webp?s=2048e13ce2465572522f2a3843998e0e76de5e86,1,1,
T-shirt Ralph Lauren,89.95,Ralph Lauren,XL / IT 46 / EU 42,https://www.vinted.it/items/6881298440-t-shirt-ralph-lauren?referrer=catalog,0,6881298440,On Sale,,https://images1.vinted.net/t/03_0161d_YuNs42oNHgdsZBrZ8rnzurSS/310x430/1755375409.webp?s=20c971d2b9e2a2a69e0db899168ff6569fcefd04,1,1,
Chemise Zara rose saumon neuve,5.95,Zara,M / IT 42 / EU 38,https://www.vinted.it/items/6881298656-chemise-zara-rose-saumon-neuve?referrer=catalog,0,6881298656,On Sale,,https://images1.vinted.net/t/02_01876_pGv77Zri7rc1fHvUFaaeJhCp/310x430/1755375412.webp?s=35ee5b2e1a0372c87e9a0a9578871a7d236a6a1e,1,1,
White top + ribbons,11.2,Ambar,M / IT 42 / EU 38,https://www.vinted.it/items/6881298460-white-top-ribbons?referrer=catalog,0,6881298460,On Sale,,https://images1.vinted.net/t/03_018c9_P8PBWB8y4Ai6EWnEPEmN8U2E/310x430/1755375409.webp?s=38b597f0028d9452858352ea01b124e820f501a7,1,1,
Minnie mouse t-shirt S,2.59,LC Waikiki,S / IT 40 / EU 36,https://www.vinted.it/items/6881298369-minnie-mouse-t-shirt-s?referrer=catalog,0,6881298369,On Sale,,https://images1.vinted.net/t/04_00b48_6UTvkNqsesKW1zVu7CssVeB1/310x430/1755375407.webp?s=1a327bcf1aaaa36104395b8fb125833f4e43020c,1,1,
Shirt Best Zitrone,3.85,Sonstiges,M / IT 42 / EU 38,https://www.vinted.it/items/6881298710-shirt-best-zitrone?referrer=catalog,0,6881298710,On Sale,,https://images1.vinted.net/t/04_00043_Hcq2PDENgWxjXhUw2ea9GpLw/310x430/1755375413.webp?s=01ebb37d6716bfbb4fbf4756d042b7bea731fdd4,1,1,
Maglia Fendi,95.2,Fendi,S / IT 40 / EU 36,https://www.vinted.it/items/6925762357-maglia-fendi?referrer=catalog,0,6925762357,On Sale,,https://images1.vinted.net/t/02_00019_MTzEiv3mFQfosJQGvpgyZZFb/310x430/1755963985.jpeg?s=136d9d3b13df722b297e25785c5190659b9c9cfe,1,1,
Camicia Fendi,21.7,Fendi,L / IT 44 / EU 40,https://www.vinted.it/items/6924902776-camicia-fendi?referrer=catalog,8,6924902776,On Sale,,https://images1.vinted.net/t/03_024d4_KzNRHjKr3XEs6b1LWjSe7yQk/310x430/1755958292.jpeg?s=b355b12eb0bc578ccfda18428783a45181b91c02,1,1,
Fendi Body,179.2,Fendi,L / IT 44 / EU 40,https://www.vinted.it/items/6924080886-fendi-body?referrer=catalog,2,6924080886,On Sale,,https://images1.vinted.net/t/04_01d14_A5we58iru5YmuLXFDv1aooAy/310x430/1755952922.jpeg?s=abe65698a0425b67259f0095b8feb1a1a2a27c26,1,1,
Top maglia Fendi trasparente nude panna vintage,263.2,Fendi,M / IT 42 / EU 38,https://www.vinted.it/items/6924297516-top-maglia-fendi-trasparente-nude-panna-vintage?referrer=catalog,0,6924297516,On Sale,,https://images1.vinted.net/t/02_0178a_ACpG1X5pv4zjvxsGcVDRX57b/310x430/1755954352.jpeg?s=a7786be8233f334039d637fc769e580b442e4624,1,1,
Body fendi x skims,199.15,Fendi,M / IT 42 / EU 38,https://www.vinted.it/items/6922559810-body-fendi-x-skims?referrer=catalog,3,6922559810,On Sale,,https://images1.vinted.net/t/03_022b2_SDvuQkeHPYrbde3m8BqmUb2f/310x430/1755942111.jpeg?s=64d2175baf38e024d6066f3e2f64cebaa736db57,1,1,
Fendi shirt | crème | lange mouwen | logo geborduurd op borst | maat S,37.45,Fendi,S / IT 40 / EU 36,https://www.vinted.it/items/6873706113-fendi-shirt-creme-lange-mouwen-logo-geborduurd-op-borst-maat-s?referrer=catalog,0,6873706113,On Sale,,https://images1.vinted.net/t/02_0243c_VNqRHubo4qoW7w7NZqrXsvhn/310x430/1755265832.jpeg?s=9caf96ef294d759096007e20f0bbd260bdf19cc8,1,1,
Top  polo senza maniche cotone 100% Fendi,31.15,Fendi,XS / IT 38 / EU 34,https://www.vinted.it/items/6922193940-top-polo-senza-maniche-cotone-100-fendi?referrer=catalog,7,6922193940,On Sale,,https://images1.vinted.net/t/02_02249_kFDLCmbUBq5BfPmmAigtunMw/310x430/1755939261.jpeg?s=e49d4e3bb29f564b96cbbb556db16496de3f1ad3,1,1,
Maglia Fendi,21.7,Fendi,L / IT 44 / EU 40,https://www.vinted.it/items/6922130650-maglia-fendi?referrer=catalog,2,6922130650,On Sale,,https://images1.vinted.net/t/01_00fec_A4FW5KaAmpKE33icd8J4Cx22/310x430/1755938710.jpeg?s=070fcb1c5bb6cef5bc1cb3c35a6f97df37086ff3,1,1,
Camisa/ chaqueta blazer  Fendi,95.2,Fendi,XXXL / IT 50 / EU 46,https://www.vinted.it/items/6920193704-camisa-chaqueta-blazer-fendi?referrer=catalog,0,6920193704,On Sale,,https://images1.vinted.net/t/02_015af_as7W6HzC2329YXdDbkewAoV1/310x430/1755886467.jpeg?s=906eca048d8527082607fcfa65c5922280160f9a,1,1,
Fendi: introvabile particolare camicetta Fendi vintage y2k,116.2,Fendi,Taglia unica,https://www.vinted.it/items/6919578352-fendi-introvabile-particolare-camicetta-fendi-vintage-y2k?referrer=catalog,0,6919578352,On Sale,,https://images1.vinted.net/t/01_01c5d_zZ8ZZW1zFDocWoGDUQUi3HF3/310x430/1755899147.jpeg?s=c76d14a31c7d1090d8be10762b5ecf4194e05ec2,1,1,
Maglietta,11.2,Fendi,S / IT 40 / EU 36,https://www.vinted.it/items/6906406338-maglietta?referrer=catalog,20,6906406338,On Sale,,https://images1.vinted.net/t/03_0264b_Jjz7mY4iStZGBLrbuWr2nXKi/310x430/1755707161.jpeg?s=0365fedcf774de89aa32581a192f53772a0e4802,1,1,
Top fendi maculato donna,47.95,Fendi,M / IT 42 / EU 38,https://www.vinted.it/items/6917913704-top-fendi-maculato-donna?referrer=catalog,2,6917913704,On Sale,,https://images1.vinted.net/t/01_00227_fjWg3636eXsvkYa3AyepFcdf/310x430/1755868883.jpeg?s=d71e6622753260291c4b2609f6dbd20630231854,1,1,
T-shirt Fendi,37.45,Fendi,L / IT 44 / EU 40,https://www.vinted.it/items/6918265030-t-shirt-fendi?referrer=catalog,3,6918265030,On Sale,,https://images1.vinted.net/t/02_00be6_zpLrZFTFQhvWJ42eWe9bGSum/310x430/1755871397.jpeg?s=63529f5410f9b673f9685fc309ff3b24b8ae0695,1,1,
Top nero fendi jeans,47.95,Fendi,L / IT 44 / EU 40,https://www.vinted.it/items/6917553280-top-nero-fendi-jeans?referrer=catalog,4,6917553280,On Sale,,https://images1.vinted.net/t/04_0222d_JVQ34dqXjbavR63GJ6G2UsR7/310x430/1755866271.jpeg?s=c7f6cc6ab39b7406adc35ab988c5abcc6dde669d,1,1,
TEE shirt fendi xs,7.0,Fendi,S / IT 40 / EU 36,https://www.vinted.it/items/6916730351-tee-shirt-fendi-xs?referrer=catalog,4,6916730351,On Sale,,https://images1.vinted.net/t/04_01545_eUA8YXs45ocG5Sbg3opdkymN/310x430/1755859949.jpeg?s=46cd9f18bebe6a6a06caeb533bf5a94d15c97527,1,1,
Top smanicato Fendi 100% seta donna taglia 40 elegante woman blusa senza maniche,32.2,Fendi,S / IT 40 / EU 36,https://www.vinted.it/items/6915919304-top-smanicato-fendi-100-seta-donna-taglia-40-elegante-woman-blusa-senza-maniche?referrer=catalog,2,6915919304,On Sale,,https://images1.vinted.net/t/04_017a4_cUAhpJ95zB5Padza7XUooyJZ/310x430/1755852447.jpeg?s=8ae31584494724872dbeb1df66ad6f59aa58aedc,1,1,
T-shirt Fendi Donna,30.1,Fendi,XS / IT 38 / EU 34,https://www.vinted.it/items/6915124753-t-shirt-fendi-donna?referrer=catalog,5,6915124753,On Sale,,https://images1.vinted.net/t/02_008cb_tRFUExGqbpYZMnuiEqm63A1k/310x430/1755820090.jpeg?s=949cee13fe482ede1b6607ed2c07bf22acf0bd72,1,1,
Fendi T-Shirt „Jokarl/Joker“ Gr. M,53.2,Fendi,M / IT 42 / EU 38,https://www.vinted.it/items/6915319796-fendi-t-shirt-jokarljoker-gr-m?referrer=catalog,0,6915319796,On Sale,,https://images1.vinted.net/t/02_00210_wq377ZDwj1m8gH6bRjFZAgbG/310x430/1755850524.jpeg?s=a55597b439be3df693762f8de8a340faa7e56f96,1,1,
fendi,158.2,Fendi,M / IT 42 / EU 38,https://www.vinted.it/items/6912670251-fendi?referrer=catalog,2,6912670251,On Sale,,https://images1.vinted.net/t/04_015f5_kmXiHC79hVLxL1skTUCG4gzQ/310x430/1755790713.jpeg?s=8a9efcb17930ade376bf49ed9c55670c9a6c507a,1,1,
Fendi,35.25,Fendi,S / IT 40 / EU 36,https://www.vinted.it/items/6912131294-fendi?referrer=catalog,4,6912131294,On Sale,,https://images1.vinted.net/t/04_010bf_csSeYUundHLW9Nq4kFVBfWyQ/310x430/1755786967.jpeg?s=e2ea706a9b672228d81a19eb494d559c36936d03,1,1,
Top canotta a righe Fendi,100.45,Fendi,M / IT 42 / EU 38,https://www.vinted.it/items/6912130324-top-canotta-a-righe-fendi?referrer=catalog,1,6912130324,On Sale,,https://images1.vinted.net/t/04_00921_WN82G2QtSC1ZjpMtV6go2mxb/310x430/1755786961.jpeg?s=d47a9ccc61e89610f7afe86d8ab963a6dbf7cbf8,1,1,
Chemise Fendi,126.7,Fendi,M / IT 42 / EU 38,https://www.vinted.it/items/6911125383-chemise-fendi?referrer=catalog,4,6911125383,On Sale,,https://images1.vinted.net/t/02_023d6_BBYAwHvFseFnnFvWSiAmy3PU/310x430/1755779879.jpeg?s=2a63aaac656310b2f17b466042b65dcd449ccea8,1,1,
Maglia bella,16.45,Fendi,S / IT 40 / EU 36,https://www.vinted.it/items/6911228372-maglia-bella?referrer=catalog,2,6911228372,On Sale,,https://images1.vinted.net/t/03_02088_UHUCrJeAstdAbGkVccaUcT9E/310x430/1755780624.jpeg?s=d4a0be1e9cec9b2cb73905f81f3efd7cc4a47c0f,1,1,
T shirt fendi a monogramme,231.7,Fendi,S / IT 40 / EU 36,https://www.vinted.it/items/6908601218-t-shirt-fendi-a-monogramme?referrer=catalog,0,6908601218,On Sale,,https://images1.vinted.net/t/02_014dc_SvjBJ8TT6qq41ro4caukK9ds/310x430/1755745282.jpeg?s=0b11e46ff00f8c02cdd47163630b5908a99cd52f,1,1,
Chemise Fendi,158.2,Fendi,XS / IT 38 / EU 34,https://www.vinted.it/items/6906239130-chemise-fendi?referrer=catalog,1,6906239130,On Sale,,https://images1.vinted.net/t/04_003a2_oCNQoNyapvLfBsfSYY3m5MTM/310x430/1755706005.jpeg?s=f13a5090e7e66db17cc7b1b8ed939a9416ae0040,1,1,
Fendi t-shirt,47.95,Fendi,S / IT 40 / EU 36,https://www.vinted.it/items/6907522487-fendi-t-shirt?referrer=catalog,2,6907522487,On Sale,,https://images1.vinted.net/t/01_01a45_BCsr5BgFd3WsJ4EWccdzaVev/310x430/1755715901.jpeg?s=3cec4d6dcd98f148d826d0f784f0de13bd6948f3,1,1,
Débardeur Fendi,179.2,Fendi,XS / IT 38 / EU 34,https://www.vinted.it/items/6907035299-debardeur-fendi?referrer=catalog,5,6907035299,On Sale,,https://images1.vinted.net/t/01_022c8_pzdncHpWxZ3eHF3ZEDaM6E5C/310x430/1755711803.jpeg?s=2d604e59af371867ac3bbd4c461872ed49a5872e,1,1,
Haut en maille,40.6,Fendi,XS / IT 38 / EU 34,https://www.vinted.it/items/6904867282-haut-en-maille?referrer=catalog,5,6904867282,On Sale,,https://images1.vinted.net/t/03_006ca_n6scqf566wCU7ThV3PBTDS3r/310x430/1755702647.jpeg?s=7c555fd4549ee0cec84d6f27bb0a0ff8b5a3bb8f,1,1,
Fendi Ribbed Knit Top FF Logo Neck Black Italy Archive Elegant Slim Fit,126.7,Fendi,S / IT 40 / EU 36,https://www.vinted.it/items/6691301655-fendi-ribbed-knit-top-ff-logo-neck-black-italy-archive-elegant-slim-fit?referrer=catalog,0,6691301655,On Sale,,https://images1.vinted.net/t/01_022cb_WHBP6SyRWPchVFdv2oBuKVzz/310x430/1752616322.jpeg?s=9b7b2d240a0978f2b6174d72effdecd720201930,1,1,
T shirt Fendi gialla taglia S con stampa,40.6,Fendi,S / IT 40 / EU 36,https://www.vinted.it/items/6905085634-t-shirt-fendi-gialla-taglia-s-con-stampa?referrer=catalog,2,6905085634,On Sale,,https://images1.vinted.net/t/03_02224_DTuMSmK8FCQcXSwJp2aZ4Jdr/310x430/1755698315.jpeg?s=3569dac109fc55783786a93aac59b6100d67b38a,1,1,
T-shirt nera Fendi,26.95,Fendi,M / IT 42 / EU 38,https://www.vinted.it/items/6903269648-t-shirt-nera-fendi?referrer=catalog,0,6903269648,On Sale,,https://images1.vinted.net/t/02_01fe0_hEc7Z4YoHuhPRmGo5sj7ZXoC/310x430/1755685241.jpeg?s=7420527c388c7e9e5c9c6efe2f1e636d730c17a3,1,1,
Fendi camicia vintage,42.7,Fendi,M / IT 42 / EU 38,https://www.vinted.it/items/6902433155-fendi-camicia-vintage?referrer=catalog,39,6902433155,On Sale,,https://images1.vinted.net/t/02_01f3f_TKWJU6rG1BcmDyLhXUvijYZ8/310x430/1755678151.jpeg?s=aa1fd20a4a491df7dda8aa309fe8be9844c0c943,1,1,
Top FENDI in cotone,41.65,Fendi,S / IT 40 / EU 36,https://www.vinted.it/items/6900840813-top-fendi-in-cotone?referrer=catalog,1,6900840813,On Sale,,https://images1.vinted.net/t/04_01bc9_Mm3Mxe3HEcdL2UePK2cBjNtt/310x430/1755630436.jpeg?s=ffb6690ebbf98869c70383a67a8163fe499df4ac,1,1,
Fendi Kurzarm-T-Shirt L,63.7,Fendi,L / IT 44 / EU 40,https://www.vinted.it/items/6887193697-fendi-kurzarm-t-shirt-l?referrer=catalog,0,6887193697,On Sale,,https://images1.vinted.net/t/02_0228c_1bX7Yj1vWKBW28CUoDBrChvr/310x430/1755451646.jpeg?s=d3788b3c46a4c05f3dc2eadac441c9ffe04f7897,1,1,
fendi jeans fitted shirt,11.2,Fendi,XS / IT 38 / EU 34,https://www.vinted.it/items/6899168146-fendi-jeans-fitted-shirt?referrer=catalog,1,6899168146,On Sale,,https://images1.vinted.net/t/04_00c01_7YDtMiDfNUD8zBFHzSof8BJR/310x430/1755671722.jpeg?s=8dda0dbbc859df9440b8fe20d064ed1c06573821,1,1,
Fendi bodysuit - s,263.2,Fendi,S / IT 40 / EU 36,https://www.vinted.it/items/6898970822-fendi-bodysuit-s?referrer=catalog,2,6898970822,On Sale,,https://images1.vinted.net/t/01_00336_RUTyjM5Fy5ZURrRieFte5G1T/310x430/1755616035.jpeg?s=ef4feaeced78886c93861f2a9e968c96015d4364,1,1,
Sacchetto in tela FENDI Roma,5.95,Fendi,XXXS / IT 34 / EU 30,https://www.vinted.it/items/6896561255-sacchetto-in-tela-fendi-roma?referrer=catalog,6,6896561255,On Sale,,https://images1.vinted.net/t/04_00164_oJJQ92PFhrgwKtovwVxGEWZV/310x430/1755597693.jpeg?s=00614e89853d654c460c78e03b28ed22cc225c76,1,1,
Tshirt Fendi,388.15,Fendi,S / IT 40 / EU 36,https://www.vinted.it/items/6896334045-tshirt-fendi?referrer=catalog,0,6896334045,On Sale,,https://images1.vinted.net/t/03_010d3_nd19oYnzW4baVnta3Hs4ZYxo/310x430/1755595822.jpeg?s=13b71fd202d1fb86683e4a248ff64d97fd70468a,1,1,
Camicia Fendi bianca a quadri blu pezzo unico,42.6,Fendi,L / IT 44 / EU 40,https://www.vinted.it/items/6895288828-camicia-fendi-bianca-a-quadri-blu-pezzo-unico?referrer=catalog,0,6895288828,On Sale,,https://images1.vinted.net/t/03_020c1_zY3rsdCS9fdDuDvu4MnGgePp/310x430/1755566904.jpeg?s=5d3c60e5e214cc7b80f3e7f833f71db2e23144a9,1,1,
Maglietta maniche corte Fendi,26.95,Fendi,XS / IT 38 / EU 34,https://www.vinted.it/items/6894981154-maglietta-maniche-corte-fendi?referrer=catalog,0,6894981154,On Sale,,https://images1.vinted.net/t/01_0151f_QWb2oUbBCMX3cnvEvfnWrCNr/310x430/1755551539.jpeg?s=fc1cd3aa4524a6c98cfa74bb97d42b64154e7652,1,1,
Fendi Skinny Polohemd – Schwarz,147.7,Fendi,M / IT 42 / EU 38,https://www.vinted.it/items/6893965754-fendi-skinny-polohemd-schwarz-monogramm-m?referrer=catalog,9,6893965754,On Sale,,https://images1.vinted.net/t/04_02594_nFheHSFXBFR6L8zMCfA2efsg/310x430/1755540849.jpeg?s=e6a777068573081f91115d0b71aa01094ed8fb43,1,1,
Polo fendi,16.45,Fendi,M / IT 42 / EU 38,https://www.vinted.it/items/6893131469-polo-fendi?referrer=catalog,0,6893131469,On Sale,,https://images1.vinted.net/t/03_00f2e_YRwdVmfuBCZUh7cqNGcmkCyi/310x430/1755534390.jpeg?s=ca610e8ac44fb169599d1d7a4ec685f4aa9fe43e,1,1,
T-shirt Fendi,84.7,Fendi,M / IT 42 / EU 38,https://www.vinted.it/items/6892868782-t-shirt-fendi?referrer=catalog,2,6892868782,On Sale,,https://images1.vinted.net/t/03_02100_y6Vq21eiTeUM5Uvk629vut67/310x430/1755532505.jpeg?s=404467d6ab850b3cd5ceea52ae4269813be9dadd,1,1,
Camicia bianca Fendissime- FENDI,37.45,Fendi,S / IT 40 / EU 36,https://www.vinted.it/items/6890763281-camicia-bianca-fendissime-fendi?referrer=catalog,0,6890763281,On Sale,,https://images1.vinted.net/t/04_017c4_rBXuW31wre4cn2QnRHqQL31q/310x430/1755517336.jpeg?s=f4145357c79cfdbe4bba7d290421ef3b92d48956,1,1,
Camiseta Fendi,21.7,Fendi,L / IT 44 / EU 40,https://www.vinted.it/items/6890703736-camiseta-fendi?referrer=catalog,0,6890703736,On Sale,,https://images1.vinted.net/t/02_00e61_MVXwuthPPhfQnvNGRPnYegTh/310x430/1755516863.jpeg?s=254c1f65758896e3dc5df0eba1982625d7f1fd26,1,1,
Fendi blusa manga corta statement piece Talla IT44 (L) Nuevo,236.95,Fendi,L / IT 44 / EU 40,https://www.vinted.it/items/6877539516-fendi-blusa-manga-corta-statement-piece-talla-it44-l-nuevo?referrer=catalog,1,6877539516,On Sale,,https://images1.vinted.net/t/01_02676_xusRH68aDmJDDo5VUCHwU8Wm/310x430/1755340234.jpeg?s=772afe304ed8a636ca27a3f367b6512aa35f393a,1,1,
Vintage Fendi Tshirt mit Logos und V-Ausschnitt,37.45,Fendi,L / IT 44 / EU 40,https://www.vinted.it/items/6889118139-vintage-fendi-tshirt-mit-logos-und-v-ausschnitt?referrer=catalog,13,6889118139,On Sale,,https://images1.vinted.net/t/03_008c4_ZvjQ4Hyv6MscErVFyhwd7T7q/310x430/1755501357.jpeg?s=c5f5c13dd193a4b0177c15f23cc477d3edca5662,1,1,
Camiseta brillos Fendi 100%algodon,14.88,Fendi,L / IT 44 / EU 40,https://www.vinted.it/items/6876201838-camiseta-brillos-fendi-100algodon?referrer=catalog,17,6876201838,On Sale,,https://images1.vinted.net/t/04_01585_pzG4NPx5gL613zFDvAFUHH9i/310x430/1755300808.jpeg?s=21236ba220d6fe10ad5fc6b2d981317a68842890,1,1,
Chemise Fendi Taille 36 neuf,504.7,Fendi,S / IT 40 / EU 36,https://www.vinted.it/items/6887979662-chemise-fendi-taille-36-neuf?referrer=catalog,0,6887979662,On Sale,,https://images1.vinted.net/t/03_00523_jZRQRfz1EoJ2UwpRysZcJVnt/310x430/1755458040.jpeg?s=523360881f09be997d3c90cd36f2f4950d16bbfa,1,1,
Top Fendi,63.7,Fendi,S / IT 40 / EU 36,https://www.vinted.it/items/6885934507-top-fendi?referrer=catalog,4,6885934507,On Sale,,https://images1.vinted.net/t/01_01543_ExEuqGigkBLri5fnknxuGqvD/310x430/1755443490.jpeg?s=868a948ff48297eb19781053f81646022476c0cb,1,1,
Camicia donna,210.7,Fendi,L / IT 44 / EU 40,https://www.vinted.it/items/6881862068-camicia-donna?referrer=catalog,0,6881862068,On Sale,,https://images1.vinted.net/t/01_01d25_SRcsjA8w6txPgQ8WchTiC3n1/310x430/1755411305.jpeg?s=7869a9f54cc52369255a3ef10b62c88859107df6,1,1,
haut vintage Fendi,137.2,Fendi,L / IT 44 / EU 40,https://www.vinted.it/items/6881155594-haut-vintage-fendi?referrer=catalog,2,6881155594,On Sale,,https://images1.vinted.net/t/04_010b5_F36av94qvo1bLFS2RLaaqEqZ/310x430/1755373269.jpeg?s=9fcf141907dfa2f93130f5f2726cbc3730432524,1,1,
Haut bustier Fendi,137.2,Fendi,M / IT 42 / EU 38,https://www.vinted.it/items/6880748320-haut-bustier-fendi?referrer=catalog,8,6880748320,On Sale,,https://images1.vinted.net/t/04_000e6_mYkuq6DanUcU9mUFi9j3uGNS/310x430/1755368130.jpeg?s=79b0672c0b0a63f483d7944b0f60069fd54b259e,1,1,
Camicetta Fendi Roma,95.2,Fendi,S / IT 40 / EU 36,https://www.vinted.it/items/6869505462-camicetta-fendi-roma?referrer=catalog,78,6869505462,On Sale,,https://images1.vinted.net/t/02_01800_JeKBD17Voe9dgjNPqCCf7mP5/310x430/1755188405.jpeg?s=0ad3544d7b56a0c45d6be8706407fc958e837699,1,1,
Maglia Fendi,105.7,Fendi,M / IT 42 / EU 38,https://www.vinted.it/items/6869556548-maglia-fendi?referrer=catalog,2,6869556548,On Sale,,https://images1.vinted.net/t/02_0263b_YncUrBXhwNzpj19szCHE3SxQ/310x430/1755188915.jpeg?s=447e862b44d1d9b405e6e3c4ffd5d6ea386230e4,1,1,
Fendi t shirt Unisex,272.65,Fendi,XL / IT 46 / EU 42,https://www.vinted.it/items/6878111012-fendi-t-shirt-unisex?referrer=catalog,0,6878111012,On Sale,,https://images1.vinted.net/t/04_013d9_RZp2BsB4khK6VitbDkVX5N5Z/310x430/1755345252.jpeg?s=376649be81a4d42b29adea35f273ee819f8aafda,1,1,
T-shirt Fendi taglia 12 anni bambina o S donna - ottime condizioni,42.7,Fendi,S / IT 40 / EU 36,https://www.vinted.it/items/6877544356-t-shirt-fendi-taglia-12-anni-bambina-o-s-donna-ottime-condizioni?referrer=catalog,4,6877544356,On Sale,,https://images1.vinted.net/t/04_01b9d_Rd9VXQFfuQ2x1DGV2HAKtJjd/310x430/1755340275.jpeg?s=402c42faf9801c886b1d1b149119c802d15193cf,1,1,
Fendi corsetto dorato in pelle,289.45,Fendi,XS / IT 38 / EU 34,https://www.vinted.it/items/6874472352-fendi-corsetto-dorato-in-pelle?referrer=catalog,19,6874472352,On Sale,,https://images1.vinted.net/t/02_026e4_348iuJKXaDXBYWNdcqq8u5uM/310x430/1755272863.jpeg?s=b63b9e02f05d97833835aa7173f48962f00cae2e,1,1,
Top Fendi Jeans vintage 2000”,158.2,Fendi,M / IT 42 / EU 38,https://www.vinted.it/items/6873760416-top-fendi-jeans-vintage-2000?referrer=catalog,58,6873760416,On Sale,,https://images1.vinted.net/t/03_0129d_jFmARciARBPmRGFrYb5aPhs3/310x430/1755266318.jpeg?s=b048fd8d13b5173255b2619ceed08fabd7f5f9b2,1,1,
T-shirt en laine fendu,100.45,Fendi,XS / IT 38 / EU 34,https://www.vinted.it/items/6873666835-t-shirt-en-laine-fendu?referrer=catalog,34,6873666835,On Sale,,https://images1.vinted.net/t/02_01ac8_Byvwi6C44DWq1eGeTintHFpx/310x430/1755265478.jpeg?s=cad3902548d7dc15a33ca9fcb7b4c3eced51dcf2,1,1,
T-shirt Fendi “Bag Bugs Eyes” blu – Taglia M,53.2,Fendi,M / IT 42 / EU 38,https://www.vinted.it/items/6873344343-t-shirt-fendi-bag-bugs-eyes-blu-taglia-m?referrer=catalog,0,6873344343,On Sale,,https://images1.vinted.net/t/03_0162e_KmbtTjDQK91e7A3Fct9A9DFQ/310x430/1755262492.jpeg?s=316394c2253c83ef78afc98463787069f9dc00ac,1,1,
T-shirt Fendi,84.7,Fendi,M / IT 42 / EU 38,https://www.vinted.it/items/6870126213-t-shirt-fendi?referrer=catalog,0,6870126213,On Sale,,https://images1.vinted.net/t/02_01d63_PgiWJTXfYMSTJ6moo4LhUQ9w/310x430/1755195799.jpeg?s=93428cdaa6e82f77bcad4253d2520645f6eb46a0,1,1,
Top Fendi tg IT44,105.7,Fendi,L / IT 44 / EU 40,https://www.vinted.it/items/6857382166-top-fendi-tg-it44?referrer=catalog,0,6857382166,On Sale,,https://images1.vinted.net/t/02_013c3_bPQ5gS9hTXj9brhnc4ZN2j7w/310x430/1755004806.jpeg?s=a86ad4af68fea0adad67d3226fd80d91dda26855,1,1,
Fendi wit corset top met strik,252.7,Fendi,M / IT 42 / EU 38,https://www.vinted.it/items/6868251424-fendi-wit-corset-top-met-strik?referrer=catalog,2,6868251424,On Sale,,https://images1.vinted.net/t/02_00510_FcYLeeyVmE4EjHtW4WwHAtud/310x430/1755176861.jpeg?s=2c16784da4cd7fc3bc94454b47ebb6eeb96b409b,1,1,
Rare Fendi Couture 2016 Catwalk blouse,315.7,Fendi,S / IT 40 / EU 36,https://www.vinted.it/items/6856612211-rare-fendi-couture-2016-catwalk-blouse?referrer=catalog,3,6856612211,On Sale,,https://images1.vinted.net/t/04_018a7_tGkgU349QAedzBhK11jHtqak/310x430/1755017728.jpeg?s=9751171ad541130760818ae901a1db2c958b6ac2,1,1,
Camicia bianca Fendissime- FENDI,21.7,Fendi,S / IT 40 / EU 36,https://www.vinted.it/items/6866786227-camicia-bianca-fendissime-fendi?referrer=catalog,5,6866786227,On Sale,,https://images1.vinted.net/t/04_01a25_VqVGhZqCHsHys6KXwbrWZTJ8/310x430/1755162461.jpeg?s=81078523da981b43c770756097d6a4edaa89a1be,1,1,
T-shirt Fendi taglia 42 Mai indossata,52.15,Fendi,M / IT 42 / EU 38,https://www.vinted.it/items/6865579737-t-shirt-fendi-taglia-42-mai-indossata?referrer=catalog,1,6865579737,On Sale,,https://images1.vinted.net/t/04_00dbe_hWDhHbcU5EFrPYsQb2y1RVao/310x430/1755116758.jpeg?s=12ba1421ee7b0ea731624b97285afca26dda3ffa,1,1,
T-shirt Fendi Vintage,40.6,Fendi,S / IT 40 / EU 36,https://www.vinted.it/items/6865915842-t-shirt-fendi-vintage?referrer=catalog,1,6865915842,On Sale,,https://images1.vinted.net/t/04_023e1_RSd74o9jaQxrza1k82LebBfo/310x430/1755124609.jpeg?s=0d3ca1078d05fc718e56c093585c818a69de90e7,1,1,
T-shirt Fendi L nera con orsetto in strass,42.7,Fendi,L / IT 44 / EU 40,https://www.vinted.it/items/6865545577-t-shirt-fendi-l-nera-con-orsetto-in-strass?referrer=catalog,1,6865545577,On Sale,,https://images1.vinted.net/t/02_018a8_d2nXvFVanyJ5kd7kJvVcGcFC/310x430/1755116253.jpeg?s=bd0a3f1128f5ff774a18c3e98db21bdcd3d26db2,1,1,
Costumo da bagno Fendi,147.7,Fendi,M / IT 42 / EU 38,https://www.vinted.it/items/6864102036-costumo-da-bagno-fendi?referrer=catalog,36,6864102036,On Sale,,https://images1.vinted.net/t/01_01f7c_UGa6d5WXfcrgdxrWz12dY4do/310x430/1755100873.jpeg?s=c003cbbaf2d99bc21783040d362cc57163a8353d,1,1,
Camicia Fendi vintage taglia 46 - controllare le misure,37.45,Fendi,XL / IT 46 / EU 42,https://www.vinted.it/items/6864084113-camicia-fendi-vintage-taglia-46-controllare-le-misure?referrer=catalog,3,6864084113,On Sale,,https://images1.vinted.net/t/01_019f4_hWUP26bMLarHQGbAiLpKfZWv/310x430/1755101361.jpeg?s=62753c557b86536caaaddf7cf4fc11e57d9528b5,1,1,
Maglia  maniche lunghe,74.2,Fendi,M / IT 42 / EU 38,https://www.vinted.it/items/6861642924-maglia-maniche-lunghe?referrer=catalog,0,6861642924,On Sale,,https://images1.vinted.net/t/01_00b3d_5BzmG8GFfXbZM6kT7goHMT48/310x430/1755078949.jpeg?s=efa4b28934fc7968249ef434dcbb9ee96f04f756,1,1,
Jersey,231.7,Fendi,L / IT 44 / EU 40,https://www.vinted.it/items/6862686975-jersey-lunghezza-62cm-manica-61cm-veste-abbastanza-aderente?referrer=catalog,4,6862686975,On Sale,,https://images1.vinted.net/t/03_01b9c_Kn35GgbzkofUnfz46FbZ3p8c/310x430/1755088690.jpeg?s=5ca28030eb589ea03af09d1687bb49de7d524ad4,1,1,
Maglietta Fendi nera tg 38,37.45,Fendi,XS / IT 38 / EU 34,https://www.vinted.it/items/6862624801-maglietta-fendi-nera-tg-38?referrer=catalog,2,6862624801,On Sale,,https://images1.vinted.net/t/04_010e4_csTooVBNPz4b5jKcaLdqBJ8i/310x430/1755088138.jpeg?s=a17da58869e11128488a7f5027fc634952579f6f,1,1,
Thi shirt Fendi,179.2,Fendi,S / IT 40 / EU 36,https://www.vinted.it/items/6862543572-thi-shirt-fendi?referrer=catalog,1,6862543572,On Sale,,https://images1.vinted.net/t/03_0192f_f1yFeZocJ2FrLPqsjyyQfqka/310x430/1755087402.jpeg?s=463d746d633b0d02909e0a4967cc113157813f98,1,1,
T schirt fendi,47.95,Fendi,M / IT 42 / EU 38,https://www.vinted.it/items/6861317580-t-schirt-fendi?referrer=catalog,1,6861317580,On Sale,,https://images1.vinted.net/t/04_0033f_tuxZWh6BRHJwy3ypvxHG6vKJ/310x430/1755075770.jpeg?s=84070d514c349f3e14522b8fdac758a9b990ee60,1,1,
Fendi t-shirt taglia 44,116.2,Fendi,L / IT 44 / EU 40,https://www.vinted.it/items/6860831386-fendi-t-shirt-taglia-44?referrer=catalog,1,6860831386,On Sale,,https://images1.vinted.net/t/02_021ae_GWoxAFmw88JiDN1LKsQFFMGj/310x430/1755069115.jpeg?s=4253447f73a737dc713ac9deac172cff0433764e,1,1,
T-shirt donna Fendi,158.2,Fendi,S / IT 40 / EU 36,https://www.vinted.it/items/6860756770-t-shirt-donna-fendi?referrer=catalog,1,6860756770,On Sale,,https://images1.vinted.net/t/03_0139b_3UhuEAz56inxkZCLeUSVpG1K/310x430/1755069937.jpeg?s=a0b02864bff6d70fe07c382ade3f2a1e6af43aec,1,1,
t-shirt Fendi,42.7,Fendi,S / IT 40 / EU 36,https://www.vinted.it/items/6859746596-t-shirt-fendi?referrer=catalog,95,6859746596,On Sale,,https://images1.vinted.net/t/03_01433_N8N19J6UKXvrVqcnjbauEoKp/310x430/1755026134.jpeg?s=1adc3b498a813fd9b8fd23eefdd31d3ac4160ac0,1,1,
fendi,74.2,Fendi,L / IT 44 / EU 40,https://www.vinted.it/items/6847504146-fendi?referrer=catalog,53,6847504146,On Sale,,https://images1.vinted.net/t/01_01e6a_QtgSEiFSU8HbNNriVmxNqTVP/310x430/1754846650.jpeg?s=90b081205aaede1982f177c0518553165debb89c,1,1,
T-shirt Fendi,263.2,Fendi,S / IT 40 / EU 36,https://www.vinted.it/items/6859012235-t-shirt-fendi?referrer=catalog,3,6859012235,On Sale,,https://images1.vinted.net/t/04_00012_8H634SewVvGiChjAPtopncRT/310x430/1755018733.jpeg?s=c618bca6989985754e743663fd03915fd107184a,1,1,
Fendi hemd,100.45,Fendi,S / IT 40 / EU 36,https://www.vinted.it/items/6845043584-fendi-hemd?referrer=catalog,7,6845043584,On Sale,,https://images1.vinted.net/t/03_02047_uWKGTuY76VzFLYUuBc8A5dD2/310x430/1754828905.jpeg?s=5814ca8c0e043b8ad7500b20efeca66605419358,1,1,
Fendi Vintage Shirt,100.45,Fendi,S / IT 40 / EU 36,https://www.vinted.it/items/6856309603-fendi-vintage-shirt?referrer=catalog,2,6856309603,On Sale,,https://images1.vinted.net/t/01_009dc_G6vq2dFNZqmFTkJVu1aec7MS/310x430/1754995328.jpeg?s=65f8bd3624afa876ce325705b5ed579b7f64965a,1,1,
Top fendi,11.2,Fendi,XS / IT 38 / EU 34,https://www.vinted.it/items/6855643046-top-fendi?referrer=catalog,4,6855643046,On Sale,,https://images1.vinted.net/t/04_010fa_prbYLY1ihAJByiGFbZ9eAxC5/310x430/1754988980.jpeg?s=0979a2ab079d7f5229f192d73cb3939a3fe240e2,1,1,
Maglietta T-shirt Vintage FENDI,53.2,Fendi,L / IT 44 / EU 40,https://www.vinted.it/items/6854739225-maglietta-t-shirt-vintage-fendi?referrer=catalog,2,6854739225,On Sale,,https://images1.vinted.net/t/03_00563_mWh1wmbfdmHJvz1ovBBU3WVZ/310x430/1754950046.jpeg?s=8782b60ec579dfe0c9f9a2d5892012864f054c80,1,1,
Fendi polo,58.45,Fendi,S / IT 40 / EU 36,https://www.vinted.it/items/6854717941-fendi-polo?referrer=catalog,16,6854717941,On Sale,,https://images1.vinted.net/t/03_022db_DMqczTvRnH6swQa9NhQhgtDY/310x430/1754949416.jpeg?s=a6b4bb8f0254a919331946ae723566ef2afe99e9,1,1,
Camicia vintage Fendi,100.45,Fendi,S / IT 40 / EU 36,https://www.vinted.it/items/6854174110-camicia-vintage-fendi?referrer=catalog,0,6854174110,On Sale,,https://images1.vinted.net/t/04_025bf_pd37KMNsEkAsJJfm1SpxK7wv/310x430/1754940948.jpeg?s=7aea9e502674435b7cf9ac20ad108fddd2677a3a,1,1,
Fendi camicia in seta pura,210.7,Fendi,M / IT 42 / EU 38,https://www.vinted.it/items/6853983814-fendi-camicia-in-seta-pura?referrer=catalog,14,6853983814,On Sale,,https://images1.vinted.net/t/02_00ab8_ck8czjC9BGHY1i4af2zBjWAB/310x430/1754938934.jpeg?s=b9900f2ba2db56b695222d39353d87f637780d02,1,1,
Tshirt fendi,315.7,Fendi,XS / IT 38 / EU 34,https://www.vinted.it/items/6853269449-tshirt-fendi?referrer=catalog,2,6853269449,On Sale,,https://images1.vinted.net/t/02_00453_56c2BTBGbjfHq6kZzkF8maaV/310x430/1754932312.jpeg?s=4e632762652b8b913da8f18a8a907efdff5bcca4,1,1,
Chemisier fendi,32.2,Fendi,XXXL / IT 50 / EU 46,https://www.vinted.it/items/6853047103-chemisier-fendi?referrer=catalog,18,6853047103,On Sale,,https://images1.vinted.net/t/01_00937_3k1DUq6tZMTwX7TNHpo8Wo3z/310x430/1754930447.jpeg?s=7045ce538af352b6ef0cff4ecbbbffb9c61f911a,1,1,
Chemise large Fendi,105.7,Fendi,M / IT 42 / EU 38,https://www.vinted.it/items/6849607455-chemise-large-fendi?referrer=catalog,8,6849607455,On Sale,,https://images1.vinted.net/t/04_01a01_r4yKL9eBtkk2fupLGGn8cJ3X/310x430/1754900461.jpeg?s=72052f0038a64d3f9a06cde897ebe1141f92a4c6,1,1,
T-shirt fendi,84.7,Fendi,M / IT 42 / EU 38,https://www.vinted.it/items/6849016845-t-shirt-fendi?referrer=catalog,1,6849016845,On Sale,,https://images1.vinted.net/t/04_0129f_1toCJNwdY1RgXBUPLCGvgGhi/310x430/1754867297.jpeg?s=c21f97c1020b09303fb2a781b234a0994c9e80da,1,1,
Polo Fendi,21.7,Fendi,S / IT 40 / EU 36,https://www.vinted.it/items/6848897202-polo-fendi?referrer=catalog,5,6848897202,On Sale,,https://images1.vinted.net/t/04_007cf_xmdxawigi8Vy1wLusA6YrNcB/310x430/1754862522.jpeg?s=0381a89c22f1fee43e01b8a40a8afde02341bb0b,1,1,
fendi,42.7,Fendi,S / IT 40 / EU 36,https://www.vinted.it/items/6834998934-fendi?referrer=catalog,18,6834998934,On Sale,,https://images1.vinted.net/t/04_02087_SZWXpGr3Bb8kipmJRBxF2fRE/310x430/1754663900.jpeg?s=6e499c1d5f2ff71c35ca569bb37cc59137fc5d82,1,1,
Maglietta maniche lunghe Fendi,67.9,Fendi,S / IT 40 / EU 36,https://www.vinted.it/items/6845686888-maglietta-maniche-lunghe-fendi?referrer=catalog,0,6845686888,On Sale,,https://images1.vinted.net/t/04_00d99_Gzw8uqTurSKu5pKT2UxWFAgs/310x430/1754833601.jpeg?s=c5f959c17868f35e2df9d47aa728d022c76d3fd4,1,1,
Fendi black monogram jacquard zip through shirt jacket,89.95,Fendi,L / IT 44 / EU 40,https://www.vinted.it/items/6844652195-fendi-black-monogram-jacquard-zip-through-shirt-jacket?referrer=catalog,12,6844652195,On Sale,,https://images1.vinted.net/t/04_01675_72SL66WNi8Pnw1wzoAB8SK4P/310x430/1754825882.jpeg?s=c841c237771534a922ee476353878bcbe1c9e752,1,1,
Fendi T-Shirt,11.2,Fendi,XXL / IT 48 / EU 44,https://www.vinted.it/items/6926070896-fendi-t-shirt?referrer=catalog,0,6926070896,On Sale,,https://images1.vinted.net/t/02_021b5_5umbijNHntFwi4UpuPU1QAS2/310x430/1755966142.jpeg?s=9598b3442a7806f225d2e4ed21d50354360c89bf,2,1,
Camicia Fendi Vintage Donna TG L,53.2,Fendi,L / IT 44 / EU 40,https://www.vinted.it/items/6859262898-camicia-fendi-vintage-donna-tg-l?referrer=catalog,3,6859262898,On Sale,,https://images1.vinted.net/t/04_0138e_kwPYBEB5rm8Fgjz4ZG4DkRro/310x430/1755021138.jpeg?s=3babea1977411b2a7397637317b126e13d3411eb,1,1,
t-shirt,42.7,Fendi,M / IT 42 / EU 38,https://www.vinted.it/items/6949584650-t-shirt?referrer=catalog,2,6949584650,On Sale,,https://images1.vinted.net/t/03_02499_NvajsHmYdW6mTv3oVQmJRY8f/310x430/1756237421.jpeg?s=0858c8cbcd09e679152ad653f603372bcff55480,1,1,
Top corto,32.2,Fendi,S / IT 40 / EU 36,https://www.vinted.it/items/6949455822-top-corto?referrer=catalog,3,6949455822,On Sale,,https://images1.vinted.net/t/02_0038f_sEv3vNjg1Z48hM2hv7YtAbqR/310x430/1756236246.jpeg?s=1c8430ac5e4780802fef151d948218fa58cd7f54,1,1,
Tee-shirts,2.28,Fendi,L / IT 44 / EU 40,https://www.vinted.it/items/6949166023-tee-shirts?referrer=catalog,2,6949166023,On Sale,,https://images1.vinted.net/t/03_00142_XcGPKiN4LP6ESbji7mv2fsEY/310x430/1756233767.jpeg?s=cd9521e047a184ec5d3ed9ebe40e0cb859bc7d63,1,1,
Fendi t-shirt in black S/M baguette bag design,116.2,Fendi,S / IT 40 / EU 36,https://www.vinted.it/items/6948417383-fendi-t-shirt-in-black-sm-baguette-bag-design?referrer=catalog,0,6948417383,On Sale,,https://images1.vinted.net/t/03_01c4d_HBUuRzaRqHzvHzAr9yF3e1bx/310x430/1756228015.jpeg?s=ca815493c976142f7dccdfa507067b88e2cd3008,1,1,
Fendi top small,32.2,Fendi,S / IT 40 / EU 36,https://www.vinted.it/items/6947239145-fendi-top-small?referrer=catalog,8,6947239145,On Sale,,https://images1.vinted.net/t/01_01e94_wMEvxgjjxA2XTraLxngW4iWW/310x430/1756220146.jpeg?s=b85c2fd47d736f690bd43326b6008a87f5d9ea69,1,1,
Maglia Dolcevita Fendi,89.95,Fendi,L / IT 44 / EU 40,https://www.vinted.it/items/6944978093-maglia-dolcevita-fendi?referrer=catalog,1,6944978093,On Sale,,https://images1.vinted.net/t/03_01839_1dRjVSZSD8ZzHMuWmfZyzSNS/310x430/1756204264.jpeg?s=b41ca7d11853ed39b396d2f297fcd7f15b421147,1,1,
Camicia Fendi fucsia tg 42,105.7,Fendi,M / IT 42 / EU 38,https://www.vinted.it/items/6944085846-camicia-fendi-fucsia-tg-42?referrer=catalog,0,6944085846,On Sale,,https://images1.vinted.net/t/04_023e2_YkqqLYNB7cyvpRbwbe3qzptq/310x430/1756196943.jpeg?s=a69981e35a2f498d2b1eafa74e3b289b6366f207,1,1,
Fendi T-Shirt,21.7,Fendi,M / IT 42 / EU 38,https://www.vinted.it/items/6943246948-fendi-t-shirt?referrer=catalog,20,6943246948,On Sale,,https://images1.vinted.net/t/02_01897_7iHhGf8Mgfwd64hWjagbF5gZ/310x430/1756159430.jpeg?s=90d260060db3ab71f1406c030b3bbacf406c9774,1,1,
Top FENDI,21.7,Fendi,S / IT 40 / EU 36,https://www.vinted.it/items/6941416863-top-fendi?referrer=catalog,4,6941416863,On Sale,,https://images1.vinted.net/t/01_02470_zrLhTu2qTEmznw55t46t3sie/310x430/1756141589.jpeg?s=7ff8731fc78177f7596b7ee969deae743b5329c9,1,1,
Camicia Fendi Vintage Donna TG L,53.2,Fendi,L / IT 44 / EU 40,https://www.vinted.it/items/6941188504-camicia-fendi-vintage-donna-tg-l?referrer=catalog,0,6941188504,On Sale,,https://images1.vinted.net/t/04_0080d_485HgQsCdqdjg58V3cLLkwLb/310x430/1756140102.jpeg?s=5de231fe23a7a09142b7b592b8c965fa0e841972,1,1,
Blouse Fendi,142.45,Fendi,S / IT 40 / EU 36,https://www.vinted.it/items/6940508523-blouse-fendi?referrer=catalog,2,6940508523,On Sale,,https://images1.vinted.net/t/02_01a53_ZRyNETrwY2W7Gai9i4Lwziz4/310x430/1756135871.jpeg?s=2a1eae79a0022723a6b0d7fa898d1b3bcca617a2,1,1,
T-shirt fendi,47.95,Fendi,XXL / IT 48 / EU 44,https://www.vinted.it/items/6940088698-t-shirt-fendi?referrer=catalog,1,6940088698,On Sale,,https://images1.vinted.net/t/04_0204f_NPEfkdc9AV7WpXohn6nbR81S/310x430/1756132951.jpeg?s=7c00e2d7d5525d8cfaf00be0d479d5926093b5ee,1,1,
Débardeur sans manche vintage Fendi,315.7,Fendi,M / IT 42 / EU 38,https://www.vinted.it/items/6939658751-debardeur-sans-manche-vintage-fendi?referrer=catalog,0,6939658751,On Sale,,https://images1.vinted.net/t/01_00c79_Z51YVdc3URYE2z7aBuDF1W33/310x430/1756130255.jpeg?s=5631d873fe3ce6aa114a75246e57bfc470e20a60,1,1,
Bellissima t-shirt Fendi,40.6,Fendi,S / IT 40 / EU 36,https://www.vinted.it/items/6939550654-bellissima-t-shirt-fendi?referrer=catalog,5,6939550654,On Sale,,https://images1.vinted.net/t/01_01034_C825bXXaGBNwEc8bMKRiRKu9/310x430/1756129573.jpeg?s=fd155ab354341c1d55a71e21b473f49087d61f10,1,1,
Fendi guru collar shirt,84.7,Fendi,M / IT 42 / EU 38,https://www.vinted.it/items/6939025929-fendi-guru-collar-shirt?referrer=catalog,3,6939025929,On Sale,,https://images1.vinted.net/t/02_00de9_apveEEbjMpNDroKGStkgCC9X/310x430/1756126232.jpeg?s=9b6af5a850d201c8ec9d78c92d71a640c21c07fb,1,1,
Fendi Crop Top,105.7,Fendi,XS / IT 38 / EU 34,https://www.vinted.it/items/6937642133-fendi-crop-top?referrer=catalog,4,6937642133,On Sale,,https://images1.vinted.net/t/04_0232b_9jStVSfE8t3jGL3jq5WowPPC/310x430/1756116722.jpeg?s=7a18d74e31ca7687f93d2b11f2d49c43920f6d43,1,1,
Fendi tshirt,142.45,Fendi,XS / IT 38 / EU 34,https://www.vinted.it/items/6937749429-fendi-tshirt?referrer=catalog,1,6937749429,On Sale,,https://images1.vinted.net/t/01_02013_7oLZu3SCxnyaM1BqYXPWk89z/310x430/1756117493.jpeg?s=373dae9f3edc20eaead0fc804c5b6bbf476531cd,1,1,
Top Fendi,168.7,Fendi,S / IT 40 / EU 36,https://www.vinted.it/items/6937671419-top-fendi?referrer=catalog,32,6937671419,On Sale,,https://images1.vinted.net/t/03_00414_DdPeaHDET81QTcQECjUkBEZt/310x430/1756116931.jpeg?s=460302d1dc1514e4ce1affaf86c367fe38d89327,1,1,
Maglia Fendi Vintage,42.7,Fendi,L / IT 44 / EU 40,https://www.vinted.it/items/6930915460-maglia-fendi-vintage?referrer=catalog,0,6930915460,On Sale,,https://images1.vinted.net/t/04_01093_neeHfz9dq7uEUJWTXiSRAczj/310x430/1756037554.jpeg?s=cf6bea8e85012a7c7c63bda11a18e2d743b873f9,1,1,
Maglietta bianca cotone 🥰 Fendi Kids 💯 tg 12A,63.7,Fendi,XS / IT 38 / EU 34,https://www.vinted.it/items/6936981511-maglietta-bianca-cotone-fendi-kids-tg-12a?referrer=catalog,2,6936981511,On Sale,,https://images1.vinted.net/t/04_0120a_1Nz3CKbxsMPBcwe6qE7UuX3y/310x430/1756111641.jpeg?s=155248365cbf0b8c9ff31f330392987b795b8551,1,1,
Chemise Fendi,105.7,Fendi,M / IT 42 / EU 38,https://www.vinted.it/items/6929583155-chemise-fendi?referrer=catalog,1,6929583155,On Sale,,https://images1.vinted.net/t/01_024da_FQFqWPQ6apeCRNMTZNrkeGZC/310x430/1756029712.jpeg?s=5aa0292755cb5123fd370e515c78b27ef2e4a278,1,1,
T shirt fendi,84.7,Fendi,XS / IT 38 / EU 34,https://www.vinted.it/items/6921902521-t-shirt-fendi?referrer=catalog,1,6921902521,On Sale,,https://images1.vinted.net/t/02_00daa_VfysPaYqtHTzMjXY4ovUvjL5/310x430/1755936465.jpeg?s=071739653a73d59f72efbc623c3ce33073c73fb7,1,1,
Camisa Fendi como nueva,37.45,Fendi,M / IT 42 / EU 38,https://www.vinted.it/items/6936614733-camisa-fendi-como-nueva?referrer=catalog,2,6936614733,On Sale,,https://images1.vinted.net/t/04_0210d_MRQqVizTNJAy7wG34s9eKdJN/310x430/1756107742.jpeg?s=b6422e351e3a675e883d4e867a129b829b25aaaf,1,1,
Camicia Fendi vintage,58.45,Fendi,L / IT 44 / EU 40,https://www.vinted.it/items/6936611237-camicia-fendi-vintage?referrer=catalog,0,6936611237,On Sale,,https://images1.vinted.net/t/01_002dd_5xNmrJq6JMSkK1q7jkLRV3vB/310x430/1756107694.jpeg?s=996edc6da1ad672ba01d3e8290ade6a096189ce5,1,1,
Maglietta Fendi,30.1,Fendi,XS / IT 38 / EU 34,https://www.vinted.it/items/6933445192-maglietta-fendi?referrer=catalog,9,6933445192,On Sale,,https://images1.vinted.net/t/04_009c3_j1h5yibTgcwApVUB5qUSkzik/310x430/1756051196.jpeg?s=bd796d72c1784fc92fd56c4f14a6d07503a77e0b,1,1,
Fendi Skinny Polohemd – Schwarz,147.7,Fendi,M / IT 42 / EU 38,https://www.vinted.it/items/6935310863-fendi-skinny-polohemd-schwarz-monogramm-m?referrer=catalog,4,6935310863,On Sale,,https://images1.vinted.net/t/04_02594_nFheHSFXBFR6L8zMCfA2efsg/310x430/1756063360.jpeg?s=b82ec704f3ee37b976db0feff7533ab5e9ae7a66,1,1,
T-shirt bianca in cotone Fendi donna - in ottime condizioni,58.45,Fendi,S / IT 40 / EU 36,https://www.vinted.it/items/6934976705-t-shirt-bianca-in-cotone-fendi-donna-in-ottime-condizioni?referrer=catalog,5,6934976705,On Sale,,https://images1.vinted.net/t/04_01d57_UGenz3RzNivw7UGPvrEf6stk/310x430/1756060636.jpeg?s=837b70fbd732fb6924f3c0fe879ff40761f2ca4b,1,1,
Chemise Fendi Roma,231.7,Fendi,M / IT 42 / EU 38,https://www.vinted.it/items/6932632957-chemise-fendi-roma?referrer=catalog,0,6932632957,On Sale,,https://images1.vinted.net/t/02_00072_c5mMhWRHc4qi4DEsMf38afJG/310x430/1756046893.jpeg?s=2d00b301e94ffc3c088436f7595554ef7d3afd5a,1,1,
Top Fendi con paillettes oro,89.95,Fendi,L / IT 44 / EU 40,https://www.vinted.it/items/6931570661-top-fendi-con-paillettes-oro?referrer=catalog,4,6931570661,On Sale,,https://images1.vinted.net/t/04_00be9_RmhEpuXtCXaz2gZgXz7gi7te/310x430/1756041337.jpeg?s=8f9d09827d7341fcd62251ea44c1a67c431b620b,1,1,
Canotta Fendi,21.7,Fendi,L / IT 44 / EU 40,https://www.vinted.it/items/6931076906-canotta-fendi?referrer=catalog,1,6931076906,On Sale,,https://images1.vinted.net/t/01_01890_VbScVZBztAtsmziKthU8aTMc/310x430/1756038473.jpeg?s=66c1a0d93dafbfdce2c046cfade473711473e84a,1,1,
Polo Fendi,368.2,Fendi,XL / IT 46 / EU 42,https://www.vinted.it/items/6930173222-polo-fendi?referrer=catalog,1,6930173222,On Sale,,https://images1.vinted.net/t/04_01c73_hTrThoLzBFrHTTXMyRcAL48t/310x430/1756033196.jpeg?s=e9cfa82b4cd132de0a340c8204c36600d62f34e3,1,1,
Maglia fendi,158.2,Fendi,M / IT 42 / EU 38,https://www.vinted.it/items/6929757031-maglia-fendi?referrer=catalog,0,6929757031,On Sale,,https://images1.vinted.net/t/01_0155a_6m54ZLATJRqfRFJuN44Gpudg/310x430/1756030731.jpeg?s=02fc08a69c2520baab3a62634f50ae437fba5256,1,1,
Fendi blouse,315.7,Fendi,L / IT 44 / EU 40,https://www.vinted.it/items/6929399281-fendi-blouse?referrer=catalog,0,6929399281,On Sale,,https://images1.vinted.net/t/03_01de5_PrWb74fSK8edf3uKt23YKdqP/310x430/1756028622.jpeg?s=e1784eb37f8eee1eba9de2aa880bc7c185e4c182,1,1,
Camicia bianca Fendissime- FENDI,21.7,Fendi,S / IT 40 / EU 36,https://www.vinted.it/items/6929189735-camicia-bianca-fendissime-fendi?referrer=catalog,6,6929189735,On Sale,,https://images1.vinted.net/t/04_01a25_VqVGhZqCHsHys6KXwbrWZTJ8/310x430/1756027318.jpeg?s=a79148b9f2c4c575a005334ab9dcd2d205626851,1,1,
Body skims fendi,84.7,Fendi,S / IT 40 / EU 36,https://www.vinted.it/items/6925803106-body-skims-fendi?referrer=catalog,21,6925803106,On Sale,,https://images1.vinted.net/t/02_00ae5_zPx9TRjJCE9suFZ28G7bcTui/310x430/1755964263.jpeg?s=06314660bd812b63353418939db55730740ba46e,1,1,
Fendi,230.65,Fendi,M / IT 42 / EU 38,https://www.vinted.it/items/6928125739-fendi?referrer=catalog,6,6928125739,On Sale,,https://images1.vinted.net/t/03_006b0_PfocbxdXEsyfDbyn3xwC4VCf/310x430/1756017682.jpeg?s=fc9edb98135cd95e7e5ec4afc3d79f2fb2f5d65b,1,1,
Maglia donna Fendi maculata,89.95,Fendi,M / IT 42 / EU 38,https://www.vinted.it/items/6927544678-maglia-donna-fendi-maculata?referrer=catalog,2,6927544678,On Sale,,https://images1.vinted.net/t/01_00976_cK7KqG7Dj9zUCtEkwpAjVDPx/310x430/1755980166.jpeg?s=4cb9e5470e614078db8c53e1366600f5944333d1,1,1,
Vintage Fendi Tank Top,53.2,Fendi,S / IT 40 / EU 36,https://www.vinted.it/items/6926804881-vintage-fendi-tank-top?referrer=catalog,0,6926804881,On Sale,,https://images1.vinted.net/t/01_01bfb_AQCAaqemGFqesUY4zBL7nGSp/310x430/1755972001.jpeg?s=6c346d306edb55dc336d51474d9697ec46756af6,1,1,
Fendi 90’s FF Monogram Black & White  Knitted Vest Sweater,147.7,Fendi,M / IT 42 / EU 38,https://www.vinted.it/items/6926370680-fendi-90s-ff-monogram-black-white-knitted-vest-sweater?referrer=catalog,1,6926370680,On Sale,,https://images1.vinted.net/t/03_00a01_NQnF8FYWzNEaFdyqBMDTVtta/310x430/1755968380.jpeg?s=424c2ce0c3ec5d2db2c4def073c068025b4ea98a,1,1,
T-shirt Fendi,9.1,Fendi,S / IT 40 / EU 36,https://www.vinted.it/items/6905665483-t-shirt-fendi?referrer=catalog,4,6905665483,On Sale,,https://images1.vinted.net/t/03_0247a_BfGrBPYuGf2SM9KARG5ksEtt/310x430/1755702156.jpeg?s=075e45fc9c324e29fbaa9a003798a636eadb1519,1,1,
Maglia sportiva Fendi (Vintage),105.69,Fendi,S / IT 40 / EU 36,https://www.vinted.it/items/6948589611-maglia-sportiva-fendi-vintage?referrer=catalog,0,6948589611,On Sale,,https://images1.vinted.net/t/04_00415_p2fsm7yiFjYKE87AbsoZYWry/310x430/1756229247.jpeg?s=41bb81f480c95a03628de5b9c0da07f3d86bdf87,2,1,
Tee-shirts,2.28,Fendi,L / IT 44 / EU 40,https://www.vinted.it/items/6950148807-tee-shirts?referrer=catalog,0,6950148807,On Sale,,https://images1.vinted.net/t/03_00142_XcGPKiN4LP6ESbji7mv2fsEY/310x430/1756244794.jpeg?s=e37a767b24d681ddc4acce309231cab62d5a332e,2,1,
T-shirt fendi,158.2,Fendi,S / IT 40 / EU 36,https://www.vinted.it/items/6949469252-t-shirt-fendi?referrer=catalog,0,6949469252,On Sale,,https://images1.vinted.net/t/01_01fa5_S44oke5yYRrM8aJB9KX4fVcG/310x430/1756236363.jpeg?s=303835d883e8eca6a7ba8a4e1f9c59f0c425d8a2,4,1,
T-shirt hommes,5.95,Fendi,L / IT 44 / EU 40,https://www.vinted.it/items/6952344744-t-shirt-hommes?referrer=catalog,1,6952344744,On Sale,,https://images1.vinted.net/t/04_0083c_MJcGiF7uYiNUPFEzwYcR7btq/310x430/1756292986.jpeg?s=627bb36620526f07f5161c50ef0975acae469e0d,26,1,
Gilet con cappuccio,11.2,Fendi,M / IT 42 / EU 38,https://www.vinted.it/items/6951468561-gilet-con-cappuccio?referrer=catalog,0,6951468561,On Sale,,https://images1.vinted.net/t/04_00a2d_6atApkk4xta9KNpS3P7P6wsM/310x430/1756286480.jpeg?s=bc159492861e32b53918fae13ba229a20042a92c,29,1,
Top con cappuccio Fendi,105.7,Fendi,M / IT 42 / EU 38,https://www.vinted.it/items/6952367062-top-con-cappuccio-fendi?referrer=catalog,0,6952367062,On Sale,,https://images1.vinted.net/t/01_00a9d_bJbkzsATg1njPihJYhFodGSW/310x430/1756293152.jpeg?s=816d03d9626b098e6c49437839482effde342f57,29,1,
T-shirt Fendi,47.95,Fendi,L / IT 44 / EU 40,https://www.vinted.it/items/6953331685-t-shirt-fendi?referrer=catalog,0,6953331685,On Sale,,https://images1.vinted.net/t/03_00cd7_bWWToLUfgCBHVDpxqetsn1rt/310x430/1756299837.jpeg?s=d95d0411f8c0817f8f075ae617641d17c1e59306,38,1,
canotta da donna fendi con logo,84.7,Fendi,M / IT 42 / EU 38,https://www.vinted.it/items/6953688948-canotta-da-donna-fendi-con-logo?referrer=catalog,2,6953688948,On Sale,,https://images1.vinted.net/t/03_0207a_i3gSGUWRbZ3HrJzqcMjYEBd4/310x430/1756302147.jpeg?s=13ca2b7f9033f87f09443d2ecd3a1432a977e75d,40,1,
Polo Fendi,210.7,Fendi,S / IT 40 / EU 36,https://www.vinted.it/items/6953665110-polo-fendi?referrer=catalog,0,6953665110,On Sale,,https://images1.vinted.net/t/03_0113b_hPBQhu9NyXKdJSkxYDLtz1bw/310x430/1756301993.jpeg?s=6f618a033ee445a0412b6415b87d1600e0899d63,40,1,
T-shirt Fendi donna taglia 38,189.7,Fendi,XS / IT 38 / EU 34,https://www.vinted.it/items/6954066535-t-shirt-fendi-donna-taglia-38?referrer=catalog,0,6954066535,On Sale,,https://images1.vinted.net/t/02_00536_ip6uKkMQQqRJYwV2Crj6JrJF/310x430/1756304571.jpeg?s=be992e2e8b6b54e44bfd9d4266171c557da137e3,43,1,
Camicia Fendi donna,189.7,Fendi,Taglia unica,https://www.vinted.it/items/6954046171-camicia-fendi-donna?referrer=catalog,0,6954046171,On Sale,,https://images1.vinted.net/t/03_002e9_6XKPaDu6YCLVtzBsWQpeEnSD/310x430/1756304440.jpeg?s=b09ece62b62c9464ad86554d1d07fbbe112b4d78,43,1,
Maglia Fendi,79.45,Fendi,XXXL / IT 50 / EU 46,https://www.vinted.it/items/6956735670-maglia-fendi?referrer=catalog,0,6956735670,On Sale,,https://images1.vinted.net/t/01_004e8_jyXDfiFj8edeDrPfZwxbBdL3/310x430/1756323879.jpeg?s=9ae4f031da469cd1c1986e202936b0a6232e38f0,74,1,
Dolcevita Fendi nero,121.45,Fendi,M / IT 42 / EU 38,https://www.vinted.it/items/6957184127-dolcevita-fendi-nero?referrer=catalog,0,6957184127,On Sale,,https://images1.vinted.net/t/04_0107a_CWws6nGd9n7zYhyr1iUKamhH/310x430/1756329177.jpeg?s=3acf85b96ba35180c4c7047b5332ece5fe0f3457,83,1,
Top Corto,105.7,Fendi,S / IT 40 / EU 36,https://www.vinted.it/items/6956178123-top-corto?referrer=catalog,0,6956178123,On Sale,,https://images1.vinted.net/t/03_00009_Zu8FtZaNLweEzz48W15BpFBV/310x430/1756318992.jpeg?s=75f2e1b0311ea0a2a9e201b50e6d2315815e2918,4,1,
Vintage 1970s Beige Silk Blouse - Fendi Designer Italian Elegance,294.7,Fendi,M / IT 42 / EU 38,https://www.vinted.it/items/6931903106-vintage-1970s-beige-silk-blouse-fendi-designer-italian-elegance?referrer=catalog,0,6931903106,On Sale,,https://images1.vinted.net/t/02_01190_1Jf5Y5wyFpfKFgLH83yczLvN/310x430/1756042999.jpeg?s=3aad367e390f84fa040519053a379121caf3d1a5,4,1,
Shirt Fendi,210.7,Fendi,XS / IT 38 / EU 34,https://www.vinted.it/items/6954545985-shirt-fendi?referrer=catalog,0,6954545985,On Sale,,https://images1.vinted.net/t/04_01626_b1nkUxMhU3BUuQM7vaUnoGep/310x430/1756307624.jpeg?s=17f52bdd1cfacc05935506b0990d570fb569ac3e,4,1,
Fina camisa .. fina y elegante,26.95,Fendi,S / IT 40 / EU 36,https://www.vinted.it/items/6957349887-fina-camisa-fina-y-elegante?referrer=catalog,1,6957349887,On Sale,,https://images1.vinted.net/t/02_021c1_eMzFUioszCfFfAxFjjJVDKi2/310x430/1756332752.jpeg?s=7517e858de5db2edffecb27878822611a9d098bb,4,1,
Fendi T-shirt donna vintage monogram originale,32.2,Fendi,M / IT 42 / EU 38,https://www.vinted.it/items/6957444600-fendi-t-shirt-donna-vintage-monogram-originale?referrer=catalog,1,6957444600,On Sale,,https://images1.vinted.net/t/03_00d34_PVaWUDuuv88ZbbBhS1DSHvBh/310x430/1756336769.jpeg?s=6d89b7814aa4acef2049c50c574d7f1681129e23,15,1,
Débardeur Fendi,16.45,Fendi,XXL / IT 48 / EU 44,https://www.vinted.it/items/6958463607-debardeur-fendi?referrer=catalog,0,6958463607,On Sale,,https://images1.vinted.net/t/04_01439_HBBV98UsZbiSbEK5QAV16x9A/310x430/1756371910.jpeg?s=04a0654bad80faf6e919275075d12cfce325bdcb,15,1,
Maglia Fendi nera con stampe,32.2,Fendi,XL / IT 46 / EU 42,https://www.vinted.it/items/6958818060-maglia-fendi-nera-con-stampe-tagliata-a-crop-top?referrer=catalog,0,6958818060,On Sale,,https://images1.vinted.net/t/02_013e4_kqmvF5bcbNDTHddKEXHuUxSu/310x430/1756374662.jpeg?s=f34f42da2c286475f1385a4befa8acfcf7e539be,23,1,
Camicia Fendi bianca a quadri blu pezzo unico,40.6,Fendi,L / IT 44 / EU 40,https://www.vinted.it/items/6959710595-camicia-fendi-bianca-a-quadri-blu-pezzo-unico?referrer=catalog,0,6959710595,On Sale,,https://images1.vinted.net/t/04_001bc_XKvErA4zC8qgz7vFyWAiYyzp/310x430/1756381272.jpeg?s=8ece7efc42ac46e4655a1c00540f372a63aa8468,30,1,
Maglietta Fendi Donna 46 IT - L Nero Stampa multicolore Sintetico Manica corta T-shirt,79.45,Fendi,L / IT 44 / EU 40,https://www.vinted.it/items/6960026819-maglietta-fendi-donna-46-it-l-nero-stampa-multicolore-sintetico-manica-corta-t-shirt?referrer=catalog,0,6960026819,On Sale,,https://images1.vinted.net/t/01_00645_c3tBrj6YKdpVqY6JprfCiqBu/310x430/1756383497.jpeg?s=0fb3b1852da1a58a936d87531bb8b4ec7460ee27,32,1,
Polo fendi,126.7,Fendi,S / IT 40 / EU 36,https://www.vinted.it/items/6960780842-polo-fendi?referrer=catalog,2,6960780842,On Sale,,https://images1.vinted.net/t/01_01da2_y5h6i93jy4bsHUFafLmyqhy4/310x430/1756388539.jpeg?s=14fa27b77df2cf2702021561a68051ec8fb814ba,41,1,
maglia fendi,9.1,Fendi,M / IT 42 / EU 38,https://www.vinted.it/items/6960389347-maglia-fendi?referrer=catalog,5,6960389347,On Sale,,https://images1.vinted.net/t/04_01552_3opuPPrFVSvSzjdB6qUz9Hk5/310x430/1756385961.jpeg?s=f620343dbe732dd5be862e4eaabf30b42957b3f4,41,1,
T-shirt fendi,4.9,Fendi,L / IT 44 / EU 40,https://www.vinted.it/items/6961253785-t-shirt-fendi?referrer=catalog,0,6961253785,On Sale,,https://images1.vinted.net/t/03_0105c_2oyKvnoFrk373K6fT4fhfrkW/310x430/1756391751.jpeg?s=23496bb8d9ff99a5ca9e74f28be5919d2c4ee941,45,1,
T shirt fendi,473.2,Fendi,XXS / IT 36 / EU 32,https://www.vinted.it/items/6961654976-t-shirt-fendi?referrer=catalog,0,6961654976,On Sale,,https://images1.vinted.net/t/04_00e8b_SUnBX7yjV7hKCwmsuLappNPr/310x430/1756394336.jpeg?s=7608088ef8bed9e571128bd88f26bf0089b73a7e,49,1,
T-shirt donna Fendi,103.6,Fendi,L / IT 44 / EU 40,https://www.vinted.it/items/6962739389-t-shirt-donna-fendi?referrer=catalog,0,6962739389,On Sale,,https://images1.vinted.net/t/04_01fb3_jmtHTEj229oQ3tVmQZFpGpMV/310x430/1756401667.jpeg?s=6a123de834c5152ba68c8e1098e411d5328c8445,62,1,
fendi,47.95,Fendi,S / IT 40 / EU 36,https://www.vinted.it/items/6961485575-fendi?referrer=catalog,0,6961485575,On Sale,,https://images1.vinted.net/t/01_01f11_PWvmG71PpgUC3aZ8gD7WbFpJ/310x430/1756393241.jpeg?s=bb352db7cf45a0f5b310b2ae9ece7db2d90ae899,65,1,
Fendi x skims body suit,368.2,Fendi,XL / IT 46 / EU 42,https://www.vinted.it/items/6963092980-fendi-x-skims-body-suit?referrer=catalog,0,6963092980,On Sale,,https://images1.vinted.net/t/03_015be_jRpML6BwUCJDRTiXFE2agE1M/310x430/1756404454.jpeg?s=d327d9291b6363f85b35171cd7c2b6e97e0556b3,65,1,
Top Fendi,68.95,Fendi,M / IT 42 / EU 38,https://www.vinted.it/items/6963241081-top-fendi?referrer=catalog,1,6963241081,On Sale,,https://images1.vinted.net/t/04_01a2a_EcwYvSbv371Ky6RagHGRdyGv/310x430/1756405641.jpeg?s=35cc2c3b4713cd73806786a7ca172a7f29a42fe1,67,1,
Camicia Fendi Unisex,89.95,Fendi,L / IT 44 / EU 40,https://www.vinted.it/items/6986200282-camicia-fendi-unisex?referrer=catalog,1,6986200282,On Sale,,https://images1.vinted.net/t/04_00ed5_VNtKhUZEXgUsVjzahpQvD91p/310x430/1756660509.jpeg?s=0b8f46c40870fdf1373dd1b6dc3324543e5a8635,1,1,
🌸 maglia Fendi 🌸,47.95,Fendi,M / IT 42 / EU 38,https://www.vinted.it/items/6986033182-maglia-fendi?referrer=catalog,2,6986033182,On Sale,,https://images1.vinted.net/t/04_020da_9VyGjDV2g5Pzx1UCjKDFH9Su/310x430/1756659653.jpeg?s=09f787910ecb88f0194ef818e334528069e0898c,1,1,
Fendi,179.2,Fendi,L / IT 44 / EU 40,https://www.vinted.it/items/6969178461-fendi?referrer=catalog,2,6969178461,On Sale,,https://images1.vinted.net/t/01_00fb7_UcDvftQ81LB9CEwhxu3FBTor/310x430/1756484417.jpeg?s=dc311bf6f9fb0385030d84bc96ec27f23a985a6b,1,1,
Pullover Fendi jacquard FF,189.7,Fendi,S / IT 40 / EU 36,https://www.vinted.it/items/6968159676-pullover-fendi-jacquard-ff?referrer=catalog,32,6968159676,On Sale,,https://images1.vinted.net/t/04_00e3d_tobkNmQur7c6C4tdXjMShq2q/310x430/1756477553.jpeg?s=948da61de9ea72921365dc5d50d6583bacbf4d20,1,1,
Camicia Fendi Vintage Donna TG L,47.95,Fendi,L / IT 44 / EU 40,https://www.vinted.it/items/6984003615-camicia-fendi-vintage-donna-tg-l?referrer=catalog,0,6984003615,On Sale,,https://images1.vinted.net/t/01_01485_igGpQdk9zedoBrivBCLnFTnW/310x430/1756650594.jpeg?s=b4d39c535614d19bc46f4fc5e6637e8218d3b189,1,1,
Camiseta fendi,89.95,Fendi,M / IT 42 / EU 38,https://www.vinted.it/items/6983070840-camiseta-fendi?referrer=catalog,0,6983070840,On Sale,,https://images1.vinted.net/t/01_00d8f_Uhc1S56woz43hjZQnXsZQfAX/310x430/1756646484.jpeg?s=6fa5dd839e086cef806285c0d1c322bbd6742f34,1,1,
T-shirt Fendi,56.35,Fendi,M / IT 42 / EU 38,https://www.vinted.it/items/6981271984-t-shirt-fendi?referrer=catalog,0,6981271984,On Sale,,https://images1.vinted.net/t/03_01c0a_kYsEnQ95iNG5bXdDAA9Q1tLk/310x430/1756637764.jpeg?s=846206773feadb77f8f980632c75696a65c10df7,1,1,
T-shirt fendi,89.95,Fendi,XS / IT 38 / EU 34,https://www.vinted.it/items/6966230254-t-shirt-fendi?referrer=catalog,1,6966230254,On Sale,,https://images1.vinted.net/t/01_00404_UEcoEUpnQ2aGmaFNvkVNVpb1/310x430/1756464009.jpeg?s=b7ef3bdedf019d377c33094ab2861ca23bf9f7f8,1,1,
Top fendi vintage,37.45,Fendi,M / IT 42 / EU 38,https://www.vinted.it/items/6979903410-top-fendi-vintage?referrer=catalog,6,6979903410,On Sale,,https://images1.vinted.net/t/01_003ac_wLofhLJw8dj1Kt6oUxq9Gq93/310x430/1756630442.jpeg?s=7392991a209f231240a2e11e8a6a30adaacfb407,1,1,
Fendi splendida polo senza maniche originale,84.7,Fendi,M / IT 42 / EU 38,https://www.vinted.it/items/6979519023-fendi-splendida-polo-senza-maniche-originale?referrer=catalog,2,6979519023,On Sale,,https://images1.vinted.net/t/04_01d2b_YvdPzLiX9nKVxrUgVhtt58Wm/310x430/1756627668.jpeg?s=a92cd23e2fbe2ceeaceb978e2da72e468dda3caa,1,1,
Costume intero Fendi,263.2,Fendi,L / IT 44 / EU 40,https://www.vinted.it/items/6974919493-costume-intero-fendi?referrer=catalog,4,6974919493,On Sale,,https://images1.vinted.net/t/03_01f04_sqmA7jP2uhJm5yNGCYcCNAfa/310x430/1756560787.jpeg?s=6c41b170acef58bb824922edcc0c66aede3fa799,1,1,
Polo Fendi,53.2,Fendi,L / IT 44 / EU 40,https://www.vinted.it/items/6976811532-polo-fendi?referrer=catalog,0,6976811532,On Sale,,https://images1.vinted.net/t/02_00308_SJsbDUyezAeym5AdHEVuw7aR/310x430/1756571736.jpeg?s=bab304e2c52d8c7776d7f3759e814c96937221f2,1,1,
Fendi vintage crop top beige logo straps S Y2K,32.2,Fendi,S / IT 40 / EU 36,https://www.vinted.it/items/6976524934-fendi-vintage-crop-top-beige-logo-straps-s-y2k?referrer=catalog,14,6976524934,On Sale,,https://images1.vinted.net/t/01_01865_JbK64AVnMSG4xvbhqSE1Hizg/310x430/1756569971.jpeg?s=2a539f5f698f50c75ab3eead78e6969311b1ff16,1,1,
Top Fendi con logo,158.2,Fendi,L / IT 44 / EU 40,https://www.vinted.it/items/6976295491-top-fendi-con-logo?referrer=catalog,18,6976295491,On Sale,,https://images1.vinted.net/t/01_01e45_RdFf7rHGC7io4Je1YdWEQRtt/310x430/1756568616.jpeg?s=f5b689924713365950c86c1dce1975adc7a7184b,1,1,
Top Canotta Fendi Vintage Donna Taglia 46 | Nero Elegante,29.05,Fendi,XL / IT 46 / EU 42,https://www.vinted.it/items/6975393299-top-canotta-fendi-vintage-donna-taglia-46-nero-elegante?referrer=catalog,0,6975393299,On Sale,,https://images1.vinted.net/t/01_022c9_8iXyje2V5HMCv1vqx47wNuuW/310x430/1756563488.jpeg?s=10e320de06f38d42d0c3994913b0c87d70a1470f,1,1,
Fendi t-shirt bianca unisex logo / taglia S,94.15,Fendi,S / IT 40 / EU 36,https://www.vinted.it/items/6974749025-fendi-t-shirt-bianca-unisex-logo-taglia-s?referrer=catalog,0,6974749025,On Sale,,https://images1.vinted.net/t/01_002a0_BUXqGr1ceJehT7zBxMNGctQB/310x430/1756559813.jpeg?s=2767f07228f8c99331779b4c0501d1d9b50df93a,1,1,
Maglietta Fendi,63.7,Fendi,XXL / IT 48 / EU 44,https://www.vinted.it/items/6974514721-maglietta-fendi?referrer=catalog,1,6974514721,On Sale,,https://images1.vinted.net/t/04_00dc8_jaTkTBJ6zTkVUgdS6h8hUJD7/310x430/1756558455.jpeg?s=389585bd77407549ce90bb44e36a1b84d9ed1358,1,1,
Canotta Fendi,44.8,Fendi,S / IT 40 / EU 36,https://www.vinted.it/items/6972835327-canotta-fendi?referrer=catalog,11,6972835327,On Sale,,https://images1.vinted.net/t/04_00483_wTGRRBjtjspZREVRjvsYAaYH/310x430/1756547948.jpeg?s=a929a0f5a690b4c92bf6dea2a1a827771297edc9,1,1,
Fendi Top fucsia – Taglia 44,32.2,Fendi,L / IT 44 / EU 40,https://www.vinted.it/items/6971799090-fendi-top-fucsia-taglia-44?referrer=catalog,5,6971799090,On Sale,,https://images1.vinted.net/t/01_00a5f_U6L1YWsTqfvGBWNaKQEMFbaf/310x430/1756539650.jpeg?s=970190b0ec2ba2d3fcc9a9cc0d993defd12d0e0e,1,1,
Brand new original fendi cropped top,100.45,Fendi,XXS / IT 36 / EU 32,https://www.vinted.it/items/6956221737-brand-new-original-fendi-cropped-top?referrer=catalog,8,6956221737,On Sale,,https://images1.vinted.net/t/04_02078_AxM8yfLVyFnFW6hvEnhJp7SN/310x430/1756319356.jpeg?s=3821448b719639042eae4dd0fbdb62a0589b2e0e,1,1,
Fendi T-shirt,158.2,Fendi,S / IT 40 / EU 36,https://www.vinted.it/items/6968847276-fendi-t-shirt?referrer=catalog,2,6968847276,On Sale,,https://images1.vinted.net/t/02_019ed_UEusLo5acb9VJha1wo7S6CJd/310x430/1756482150.jpeg?s=ec186605ca3401f9f9729b70d4d16c19ee504057,1,1,
Maglia crop top Fendi bianca,137.2,Fendi,S / IT 40 / EU 36,https://www.vinted.it/items/6968783326-maglia-crop-top-fendi-bianca?referrer=catalog,15,6968783326,On Sale,,https://images1.vinted.net/t/04_011b3_uQWKGhH3sBCrNEt2dtSq1dcf/310x430/1756481716.jpeg?s=5b53068ff88992c3025ee13afa1650587b804823,1,1,
Fendi Crop Top,83.65,Fendi,S / IT 40 / EU 36,https://www.vinted.it/items/6968611968-fendi-crop-top?referrer=catalog,8,6968611968,On Sale,,https://images1.vinted.net/t/02_00db0_d855sYzAaDRDGTKqwfZpjBPu/310x430/1756480565.jpeg?s=95aee0e92786c8d29e4f6e2c20d09074ca79579d,1,1,
Maglia fendi taglia 40,84.7,Fendi,S / IT 40 / EU 36,https://www.vinted.it/items/6968459384-maglia-fendi-taglia-40?referrer=catalog,14,6968459384,On Sale,,https://images1.vinted.net/t/02_01aaa_XqcmSiyQrU6x1HS5f4CExC3w/310x430/1756479545.jpeg?s=d1eef4a8eaf939acc9f259743ed4204ff703a90e,1,1,
Maglia Fendi,32.2,Fendi,XS / IT 38 / EU 34,https://www.vinted.it/items/6966473124-maglia-fendi?referrer=catalog,1,6966473124,On Sale,,https://images1.vinted.net/t/04_024a4_JyQVhGi1tSqFeAsiAuFjKk35/310x430/1756465851.jpeg?s=2e2515f39db848f38507aa9abd4045776878c5cb,1,1,
Top nero taglia s,47.95,Fendi,S / IT 40 / EU 36,https://www.vinted.it/items/6966172391-top-nero-taglia-s?referrer=catalog,2,6966172391,On Sale,,https://images1.vinted.net/t/03_00d75_bbqi8ST5c2LqnmPdyGi92LfZ/310x430/1756463566.jpeg?s=0cd59abd579535629adb19a95591721677ecf564,1,1,
Top donna fendi,105.7,Fendi,Taglia unica,https://www.vinted.it/items/6951728131-top-donna-fendi?referrer=catalog,17,6951728131,On Sale,,https://images1.vinted.net/t/03_02358_cdpEnPe95oAsPDudbyXFz4sx/310x430/1756288413.jpeg?s=329bdac900e2472e5b1c8e52c58cf8dd8c388ce4,1,1,
Canotta Fendi,63.7,Fendi,M / IT 42 / EU 38,https://www.vinted.it/items/6965823601-canotta-fendi?referrer=catalog,1,6965823601,On Sale,,https://images1.vinted.net/t/04_017d7_TFaY2dDUmYcEaMHNEUCf2xMp/310x430/1756460952.jpeg?s=22ef026c0a429c70d5a0d8716d13434a20ad0cee,1,1,
Fendi Blouse,105.7,Fendi,M / IT 42 / EU 38,https://www.vinted.it/items/6963447518-fendi-blouse?referrer=catalog,0,6963447518,On Sale,,https://images1.vinted.net/t/04_0140e_UNbPFG4eGtrzektP2CZKShKB/310x430/1756407402.jpeg?s=950d97a516edf9b406f8dc42bb19307d84f48cb9,1,1,
T-shirt Fendi mixte neuf,42.7,Fendi,S / IT 40 / EU 36,https://www.vinted.it/items/6940875366-t-shirt-fendi-mixte-neuf?referrer=catalog,0,6940875366,On Sale,,https://images1.vinted.net/t/04_00976_1qFabhQHuzarwMRVATJGqm6k/310x430/1756138129.jpeg?s=90007c9a15e9e1782cddafcce359ab24b967e9bb,1,1,
