Title,Price,Brand,Size,Link,Likes,Dataid,MarketStatus,SearchDate,Upload_date,Images,SearchCount,Page,Title_norm,Brand_norm,NegFlags,HasNegFlag,BlockKey,EmbedText,ProductId,ClusterSize,CanonicalName
G29 nuovo 2 anni garanzia Ps5 Ps4 Pc +2 giochi di guida Ps5,189.7,PlayStation,0,https://www.vinted.it/items/8124096303-g29-nuovo-2-anni-garanzia-ps5-ps4-pc-2-giochi-di-guida-ps5?referrer=catalog,0,8124096303,On Sale,,,https://images1.vinted.net/t/06_00332_F9cqCa6g5An9SGi2XYTqXsQc/310x430/1770495931.webp?s=b0b9489d5951efe5aa4afbd5a85399f28b2f6af6,1,1,g29 nuovo 2 anni garanzia ps5 ps4 pc 2 giochi di guida ps5,playstation,,False,playstation__codes__g29,g29 nuovo 2 anni garanzia ps5 ps4 pc 2 giochi di guida ps5 | playstation | 0,467,1,ps5 g29 nuovo anni garanzia ps4 pc giochi
Casque virtuel ps4,74.2,PlayStation,0,https://www.vinted.it/items/8124082354-casque-virtuel-ps4?referrer=catalog,1,8124082354,On Sale,,,https://images1.vinted.net/t/05_0088d_BHP4ReYSrtxKVVxDx8XhJFqa/310x430/1770495801.webp?s=e686a811056616018f1247defb255c46b8248add,1,1,casque virtuel ps4,playstation,,False,playstation__toks__casque-virtuel,casque virtuel ps4 | playstation | 0,470,1,casque virtuel ps4
Play 4 fat,89.95,Sony,0,https://www.vinted.it/items/8124068336-play-4-fat?referrer=catalog,0,8124068336,On Sale,,,https://images1.vinted.net/t/06_01ee5_LRpufy7m21Ua6r7S3KNrM3dN/310x430/1770495675.webp?s=2ffe03e07c6f3fbeaea8605ff731c76d2c7b1f20,1,1,play 4 fat,sony,,False,sony__toks__play-fat,play 4 fat | sony | 0,637,1,play fat
Manette PS4 neuve,53.2,PlayStation,0,https://www.vinted.it/items/8124013531-manette-ps4-neuve?referrer=catalog,0,8124013531,On Sale,,,https://images1.vinted.net/t/06_01b15_HaN2aTVQCP9jzTwtUcsFp3Fr/310x430/1770495174.webp?s=588c7ddff3541ca1e23be59402ab1b915097d742,1,1,manette ps4 neuve,playstation,,False,playstation__toks__manette-ps4,manette ps4 neuve | playstation | 0,497,1,manette ps4 neuve
Jeu PS4 Atelier Ryza 3 - Neuf sous blister,89.95,No brand,0,https://www.vinted.it/items/8122311144-jeu-ps4-atelier-ryza-3-neuf-sous-blister?referrer=catalog,0,8122311144,On Sale,,,https://images1.vinted.net/t/03_02116_dB7H4B6KzhTzo6s5WQyDG3mc/310x430/1770482758.webp?s=c3af853bba78c12089d2413c90bc597551945e05,1,1,jeu ps4 atelier ryza 3 neuf sous blister,no brand,,False,no brand__toks__jeu-ps4,jeu ps4 atelier ryza 3 neuf sous blister | no brand | 0,234,4,jeu ps4 neuf sous blister atelier ryza lydie
Resident Evil 7 Nuovo Italiano PS4,42.7,No brand,0,https://www.vinted.it/items/8123935708-resident-evil-7-nuovo-italiano-ps4?referrer=catalog,0,8123935708,On Sale,,,https://images1.vinted.net/t/05_0245c_z9ysVn24YZMScFZMJT9RGvMZ/310x430/1770494475.webp?s=7d8460781ed62b6ea54231c9a42e32de064bacc8,1,1,resident evil 7 nuovo italiano ps4,no brand,,False,no brand__toks__resident-evil,resident evil 7 nuovo italiano ps4 | no brand | 0,353,4,resident evil ps4 nuovo italiano blister sous boitier
Manette de casque réalité virtuelle,68.95,Sony,0,https://www.vinted.it/items/8123930332-manette-de-casque-realite-virtuelle?referrer=catalog,0,8123930332,On Sale,,,https://images1.vinted.net/t/05_001b0_J4nsbAQon8y6uYpnpc8fUKk7/310x430/1770494428.webp?s=29ed8717dfbae89fbe4186a931532dfaecee46c0,1,1,manette de casque realite virtuelle,sony,,False,sony__toks__manette-de,manette de casque realite virtuelle | sony | 0,628,1,manette de casque realite virtuelle
PS4 avec jeux,105.7,No brand,0,https://www.vinted.it/items/8123892320-ps4-avec-jeux?referrer=catalog,0,8123892320,On Sale,,,https://images1.vinted.net/t/05_016aa_AqX3FFbAkMfPT9wtqpyzGTq3/310x430/1770494089.webp?s=89f0a3fd9b9fe9c55258e6fe0b82f272298c5e6d,1,1,ps4 avec jeux,no brand,,False,no brand__toks__ps4-avec,ps4 avec jeux | no brand | 0,328,1,ps4 avec jeux
A way out - PS4,53.2,No brand,0,https://www.vinted.it/items/8123873582-a-way-out-ps4?referrer=catalog,1,8123873582,On Sale,,,https://images1.vinted.net/t/06_0055f_o1Mbr5SuFjDnZToLYatTSRC5/310x430/1770493926.webp?s=12884c20c29b18eddf2d829e06762e4eaba54dac,1,1,a way out ps4,no brand,,False,no brand__toks__way-out,a way out ps4 | no brand | 0,438,1,way out ps4
Bloodstained Curse of the Moon LE Nintendo Switch,61.6,No brand,0,https://www.vinted.it/items/8123831126-bloodstained-curse-of-the-moon-le-nintendo-switch?referrer=catalog,0,8123831126,On Sale,,,https://images1.vinted.net/t/05_00630_CpfjmnEp5R9FH8ynp9avpztm/310x430/1770493559.webp?s=bea11442194865065301e77d1aa8f4cb4f08d2a6,1,1,bloodstained curse of the moon le nintendo switch,no brand,,False,no brand__toks__bloodstained-curse,bloodstained curse of the moon le nintendo switch | no brand | 0,122,7,bloodstained curse of the moon nintendo switch ps4
N Like a Dragon Gaiden Man Who Erased His Name 4,45.85,No brand,0,https://www.vinted.it/items/8123815533-n-like-a-dragon-gaiden-man-who-erased-his-name-4?referrer=catalog,0,8123815533,On Sale,,,https://images1.vinted.net/t/01_01cb2_iBUffqTJ7ZysHSteUGsBkgHB/310x430/1770493421.webp?s=0f93180158203e35c8a11a020292f9b372c3f957,1,1,n like a dragon gaiden man who erased his name 4,no brand,like,True,no brand__toks__like-dragon,n like a dragon gaiden man who erased his name 4 | no brand | 0,265,1,like dragon gaiden man who erased his name
NUEVO The Binding of Isaac Repentance - Sony PS4,67.9,No brand,0,https://www.vinted.it/items/8123812544-nuevo-the-binding-of-isaac-repentance-sony-ps4?referrer=catalog,6,8123812544,On Sale,,,https://images1.vinted.net/t/01_009f8_QiVgy5W4VPkFczte45h9trR5/310x430/1770493395.webp?s=62da436931b720e1aa5bb06ba80e3434bea0344a,1,1,nuevo the binding of isaac repentance sony ps4,no brand,,False,no brand__toks__nuevo-the,nuevo the binding of isaac repentance sony ps4 | no brand | 0,302,2,nuevo the binding of isaac repentance sony ps4
Sony PlayStation 4 Slim 1 TB + 2 Controller,105.7,Sony,0,https://www.vinted.it/items/8123805868-sony-playstation-4-slim-1-tb-2-controller?referrer=catalog,3,8123805868,On Sale,,,https://images1.vinted.net/t/01_00fbd_6Hb8RnA8dR5SzccqEcmVgvzM/310x430/1770493337.webp?s=cd9eec04452f02628f16e25cc5df02c629d6f628,1,1,sony playstation 4 slim 1 tb 2 controller,sony,,False,sony__toks__sony-playstation,sony playstation 4 slim 1 tb 2 controller | sony | 0,666,4,sony playstation slim joystick tb controller console memory
Wanted dead coleccionista ps4 precintado,53.19,No brand,0,https://www.vinted.it/items/8123789375-wanted-dead-coleccionista-ps4-precintado?referrer=catalog,1,8123789375,On Sale,,,https://images1.vinted.net/t/03_00bf9_vWYf1pLjH6S9sPZkev9Hei6j/310x430/1770493197.webp?s=b09c11a01f40e8be3782a8946c1bcad602b75bf6,1,1,wanted dead coleccionista ps4 precintado,no brand,,False,no brand__toks__wanted-dead,wanted dead coleccionista ps4 precintado | no brand | 0,435,1,wanted dead coleccionista ps4 precintado
Dead or Alive Xtreme 3 Scarlet ps4,137.19,No brand,0,https://www.vinted.it/items/8108358627-dead-or-alive-xtreme-3-scarlet-ps4?referrer=catalog,1,8108358627,On Sale,,,https://images1.vinted.net/t/04_00690_hi1KnNXxGsn7UKUgLhGBUGMN/310x430/1770319107.webp?s=d0016eefcdec3bdcf00667015cf59a6ef5b4bc04,1,1,dead or alive xtreme 3 scarlet ps4,no brand,,False,no brand__toks__dead-or,dead or alive xtreme 3 scarlet ps4 | no brand | 0,164,1,dead or alive xtreme scarlet ps4
Volante PlayStation 4,105.7,Thrustmaster,0,https://www.vinted.it/items/8123780451-volante-playstation-4?referrer=catalog,0,8123780451,On Sale,,,https://images1.vinted.net/t/01_01a21_sJqhJGUsgy1wL89UuTCL2V6n/310x430/1770493120.webp?s=4bec9314096a4b2c9ce672c82955062b2a05531d,1,1,volante playstation 4,thrustmaster,,False,thrustmaster__toks__volante-playstation,volante playstation 4 | thrustmaster | 0,695,1,volante playstation
Lumote: The Mastermote Chronicles Ps4 Precintado,42.7,No brand,0,https://www.vinted.it/items/8123724189-lumote-the-mastermote-chronicles-ps4-precintado?referrer=catalog,0,8123724189,On Sale,,,https://images1.vinted.net/t/06_00402_PuDNEhvCcXjAE6Dvk6ksyF2E/310x430/1770492643.webp?s=06d84ec66526763394445796ede9862fecfa2dfe,1,1,lumote the mastermote chronicles ps4 precintado,no brand,,False,no brand__toks__lumote-the,lumote the mastermote chronicles ps4 precintado | no brand | 0,278,1,lumote the mastermote chronicles ps4 precintado
Simulatore di guida per console,105.7,PXN,0,https://www.vinted.it/items/8123707581-simulatore-di-guida-per-console?referrer=catalog,0,8123707581,On Sale,,,https://images1.vinted.net/t/01_0200d_Kw5gNeNh5pxCnVEmUJASzfxy/310x430/1770492500.webp?s=321434cb3afa30e9fa77ffbdf955be310ddc4589,1,1,simulatore di guida per console,pxn,,False,pxn__toks__simulatore-di,simulatore di guida per console | pxn | 0,590,1,simulatore di guida per console
Playstation 4,79.45,Sony,0,https://www.vinted.it/items/8123692924-playstation-4?referrer=catalog,2,8123692924,On Sale,,,https://images1.vinted.net/t/01_00a2b_eNBu4htRVqHEUSqz3EWqpaLv/310x430/1770492379.webp?s=3e163925ff4537d245e7a1dcc35cc64376c8f2d9,1,1,playstation 4,sony,,False,sony__toks__playstation,playstation 4 | sony | 0,640,3,playstation
The Elder Scrolls V: Skyrim – Anniversary Edition – jeu Sony PlayStation 4 PS4,46.9,No brand,0,https://www.vinted.it/items/8123553689-the-elder-scrolls-v-skyrim-anniversary-edition-jeu-sony-playstation-4-ps4?referrer=catalog,0,8123553689,On Sale,,,https://images1.vinted.net/t/06_0181c_u53YXTjRz9MPVt6h9MWq8Xpa/310x430/1770491231.webp?s=1d43ba6bd1dddfdb317b4a99445f979638f2c596,1,1,the elder scrolls v skyrim anniversary edition jeu sony playstation 4 ps4,no brand,,False,no brand__toks__the-elder,the elder scrolls v skyrim anniversary edition jeu sony playstation 4 ps4 | no brand | 0,401,1,the elder scrolls skyrim anniversary edition jeu sony
Metal Gear Solid V - The Definitive Experience PS4 SIGNED,158.2,No brand,0,https://www.vinted.it/items/8123518488-metal-gear-solid-v-the-definitive-experience-ps4-signed?referrer=catalog,0,8123518488,On Sale,,,https://images1.vinted.net/t/05_02562_xsSA3WBpEY3oq8RwakY79PPz/310x430/1770490945.webp?s=9893216f5a116cdea242def03a9a3799f7f81761,1,1,metal gear solid v the definitive experience ps4 signed,no brand,,False,no brand__toks__metal-gear,metal gear solid v the definitive experience ps4 signed | no brand | 0,290,4,metal gear solid collection the vol master fr
Streets Of Rage 4 sony Playstation 4,210.7,No brand,0,https://www.vinted.it/items/8123480022-streets-of-rage-4-sony-playstation-4?referrer=catalog,0,8123480022,On Sale,,,https://images1.vinted.net/t/01_0048b_cr3ka79uHNrzqT1WgNnLh9gf/310x430/1770490639.webp?s=e94414bc074ccf064ea404a2ddc0207eca122a6a,1,1,streets of rage 4 sony playstation 4,no brand,,False,no brand__toks__streets-of,streets of rage 4 sony playstation 4 | no brand | 0,390,2,streets of rage sony playstation limited run signature
elden ring e bloodborne,58.45,No brand,0,https://www.vinted.it/items/8123470463-elden-ring-e-bloodborne?referrer=catalog,0,8123470463,On Sale,,,https://images1.vinted.net/t/04_01019_jyJaF8uy8ASKipmgEvMVqzUc/310x430/1770490561.webp?s=39d2a46a822cc27a7184eb570f825216aac75505,1,1,elden ring e bloodborne,no brand,,False,no brand__toks__elden-ring,elden ring e bloodborne | no brand | 0,187,1,elden ring bloodborne
PlayStation lotto 4 t-shirt taglia L,53.2,PlayStation,0,https://www.vinted.it/items/8123408993-playstation-lotto-4-t-shirt-taglia-l?referrer=catalog,0,8123408993,On Sale,,,https://images1.vinted.net/t/05_011c4_hYBksgxRrufbcvECgEPWfgzF/310x430/1770490078.webp?s=c97efbba70ced76f1e69f8435744d810aac7400c,1,1,playstation lotto 4 t shirt taglia l,playstation,lotto,True,playstation__toks__playstation-lotto,playstation lotto 4 t shirt taglia l | playstation | 0,519,1,playstation lotto shirt taglia
Danganronpa V3 Killing Harmony,53.2,No brand,0,https://www.vinted.it/items/8123393910-danganronpa-v3-killing-harmony?referrer=catalog,1,8123393910,On Sale,,,https://images1.vinted.net/t/05_0196b_3SAStqMFGy2ociFhNz6b5bBe/310x430/1770489960.webp?s=e2e378927bca1d529853a02bd80fbc7eb41dcebd,1,1,danganronpa v3 killing harmony,no brand,,False,no brand__toks__danganronpa-v3,danganronpa v3 killing harmony | no brand | 0,159,1,danganronpa v3 killing harmony
Play Station 5,472.15,Sony,0,https://www.vinted.it/items/8123354209-play-station-5?referrer=catalog,0,8123354209,On Sale,,,https://images1.vinted.net/t/06_00e9c_gC7mT8MmmFS59d3Nfyax19dK/310x430/1770489651.webp?s=8a1cdc41d523db842187743c0b579774da6b0430,1,1,play station 5,sony,,False,sony__toks__play-station,play station 5 | sony | 0,638,2,play station giochi
Jeu PS4 Atelier Lydie & Suelle - Neuf sous blister,74.2,No brand,0,https://www.vinted.it/items/8122259901-jeu-ps4-atelier-lydie-suelle-neuf-sous-blister?referrer=catalog,1,8122259901,On Sale,,,https://images1.vinted.net/t/01_00a7d_eWT4aovLhhihYW2Tbgr1EoBM/310x430/1770482469.webp?s=19889cc5dac67bed6a777afe38d7aa7cc04e94af,1,1,jeu ps4 atelier lydie suelle neuf sous blister,no brand,,False,no brand__toks__jeu-ps4,jeu ps4 atelier lydie suelle neuf sous blister | no brand | 0,234,4,jeu ps4 neuf sous blister atelier ryza lydie
Volant et pédales playstation,44.8,PlayStation,0,https://www.vinted.it/items/8123349706-volant-et-pedales-playstation?referrer=catalog,2,8123349706,On Sale,,,https://images1.vinted.net/t/01_01215_21wpVPh7ZCoTsufQGNc1oU8s/310x430/1770489616.webp?s=e92f671ca0c3f72f96cbf1185bd592dfc477f99b,1,1,volant et pedales playstation,playstation,,False,playstation__toks__volant-et,volant et pedales playstation | playstation | 0,565,1,volant et pedales playstation
Plateau étagères Vintage IKÉA PS 2006,105.7,IKEA,0,https://www.vinted.it/items/8123282944-plateau-etageres-vintage-ikea-ps-2006?referrer=catalog,0,8123282944,On Sale,,,https://images1.vinted.net/t/05_015d5_McUjs1K5TzgS9q3TMGZvTZMi/310x430/1770489106.webp?s=491910b37ab30bd5523514ec1971475adace501b,1,1,plateau etageres vintage ikea ps 2006,ikea,,False,ikea__codes__2006,plateau etageres vintage ikea ps 2006 | ikea | 0,37,1,plateau etageres vintage ikea ps 2006
Ps4 controller,42.7,PlayStation,0,https://www.vinted.it/items/8123270251-ps4-controller?referrer=catalog,0,8123270251,On Sale,,,https://images1.vinted.net/t/05_001e7_ZkYCfEci5KZZiAA421v9e2gv/310x430/1770489010.webp?s=284b91e9fb775dd4718a8073d1775ffb6606cc6f,1,1,ps4 controller,playstation,,False,playstation__toks__ps4-controller,ps4 controller | playstation | 0,537,1,ps4 controller
CD play station 5,84.7,No brand,0,https://www.vinted.it/items/8123221746-cd-play-station-5?referrer=catalog,0,8123221746,On Sale,,,https://images1.vinted.net/t/05_00564_DYMWUtoUayddEnwXYcztSszV/310x430/1770488650.webp?s=30195b03f158d1daefdaa5cbecc7e0495a832720,1,1,cd play station 5,no brand,,False,no brand__toks__cd-play,cd play station 5 | no brand | 0,143,1,cd play station
Lot de 12 jeux Sony PS4 neufs sous blister One Piece Final Fantasy Persona etc,158.19,No brand,0,https://www.vinted.it/items/8123148077-lot-de-12-jeux-sony-ps4-neufs-sous-blister-one-piece-final-fantasy-persona-etc?referrer=catalog,0,8123148077,On Sale,,,https://images1.vinted.net/t/05_02548_hGZFm16v2NftiqC3S1YuqRcx/310x430/1770488208.webp?s=ee44a00af11e2c47f41ffdb8d5ac04756c841c1b,1,1,lot de 12 jeux sony ps4 neufs sous blister one piece final fantasy persona etc,no brand,,False,no brand__codes__12,lot de 12 jeux sony ps4 neufs sous blister one piece final fantasy persona etc | no brand | 0,76,1,lot de 12 jeux sony ps4 neufs sous
Ps4 controller crash bendicot,42.7,Sony,0,https://www.vinted.it/items/8123160857-ps4-controller-crash-bendicot?referrer=catalog,0,8123160857,On Sale,,,https://images1.vinted.net/t/05_01771_tv1qs1Xk1u64qreixWe1HcJ4/310x430/1770488205.webp?s=3ff9b6f65b058eca39f89c920e132ef2036809ae,1,1,ps4 controller crash bendicot,sony,,False,sony__toks__ps4-controller,ps4 controller crash bendicot | sony | 0,656,2,ps4 controller crash bendicot
Thrustmaster T300 Ferrari,273.7,Ferrari,0,https://www.vinted.it/items/8123154063-thrustmaster-t300-ferrari?referrer=catalog,0,8123154063,On Sale,,,https://images1.vinted.net/t/05_01237_9X9rcBsPAVqaVLKpk9S2uAzW/310x430/1770488156.webp?s=a9678745ebb806e5e4a7f7bca7634998266c367e,1,1,thrustmaster t300 ferrari,ferrari,,False,ferrari__codes__t300,thrustmaster t300 ferrari | ferrari | 0,16,1,thrustmaster t300 ferrari
(Precintado) Peppa Pig World Adventures,42.7,No brand,0,https://www.vinted.it/items/8123128339-precintado-peppa-pig-world-adventures?referrer=catalog,0,8123128339,On Sale,,,https://images1.vinted.net/t/04_01c51_SKLMYR4sDBZfHa2oTHhAB3nS/310x430/1770487971.webp?s=4dee416035322550180d96340d4f66998aa23a08,1,1,precintado peppa pig world adventures,no brand,,False,no brand__toks__precintado-peppa,precintado peppa pig world adventures | no brand | 0,325,1,precintado peppa pig world adventures
Ghost of Tsushima Director’s Cut -PS4,42.7,No brand,0,https://www.vinted.it/items/8122861009-ghost-of-tsushima-directors-cut-ps4?referrer=catalog,0,8122861009,On Sale,,,https://images1.vinted.net/t/06_001e6_KvWCjCZoynPjnaHM3fjbKQqC/310x430/1770487622.webp?s=42764e83b6299e17584113f9782ecec02af0ef6b,1,1,ghost of tsushima director s cut ps4,no brand,,False,no brand__toks__ghost-of,ghost of tsushima director s cut ps4 | no brand | 0,201,2,ghost of tsushima ps4 director cut edition speciale
Manette téléphone/tablette,53.2,No brand,0,https://www.vinted.it/items/8123049472-manette-telephonetablette?referrer=catalog,0,8123049472,On Sale,,,https://images1.vinted.net/t/05_01316_F7kdhSinhRJihoM4SDi4HJA7/310x430/1770487407.webp?s=a22a269b77222684e273906f7eb05b89337294f4,1,1,manette telephone tablette,no brand,,False,no brand__toks__manette-telephone,manette telephone tablette | no brand | 0,282,1,manette telephone tablette
Giochi playstation 4,116.2,No brand,0,https://www.vinted.it/items/8122976434-giochi-playstation-4?referrer=catalog,0,8122976434,On Sale,,,https://images1.vinted.net/t/06_01b42_griMdbanvopheDC4Wk21SLc6/310x430/1770486898.webp?s=bda2ccbd8d98b146a74cb5c5597695cd5bc7a0cb,1,1,giochi playstation 4,no brand,,False,no brand__toks__giochi-playstation,giochi playstation 4 | no brand | 0,203,4,giochi playstation
Volant superdrive ps4 / PC / Switch 1 ET 2,95.2,superdrive,0,https://www.vinted.it/items/8122987481-volant-superdrive-ps4-pc-switch-1-et-2?referrer=catalog,0,8122987481,On Sale,,,https://images1.vinted.net/t/06_00617_VN6k7Lj7fST3SpPDhBZeViJc/310x430/1770486973.webp?s=eecc4bc7df30c7ead543ef88d0b09b01fa25e232,1,1,volant superdrive ps4 pc switch 1 et 2,superdrive,,False,superdrive__toks__volant-superdrive,volant superdrive ps4 pc switch 1 et 2 | superdrive | 0,676,1,volant superdrive ps4 pc switch et
Pokemon Card Gengar EX SR 088/071 Wild Force Jap Near Mint Secret Rare Full Art,53.2,Pokémon,0,https://www.vinted.it/items/8122876025-pokemon-card-gengar-ex-sr-088071-wild-force-jap-near-mint-secret-rare-full-art?referrer=catalog,0,8122876025,On Sale,,,https://images1.vinted.net/t/05_00bce_fvBEhBSMpx1SxGxPdgoF5Z3k/310x430/1770486219.webp?s=dede89168f392bd92aa8ea39f10787a085e0a6ad,1,1,pokemon card gengar ex sr 088 071 wild force jap near mint secret rare full art,pokemon,,False,pokemon__codes__088-071,pokemon card gengar ex sr 088 071 wild force jap near mint secret rare full art | pokemon | 0,579,1,pokemon card gengar ex sr 088 071 wild
Assassin’s Creed Origins - Steelbook édition collector (jeu non-inclus),56.35,No brand,0,https://www.vinted.it/items/8122862525-assassins-creed-origins-steelbook-edition-collector-jeu-non-inclus?referrer=catalog,2,8122862525,On Sale,,,https://images1.vinted.net/t/01_0016d_SYb3ghjY2pp4NPSxSr2Q9rp3/310x430/1770486130.webp?s=f5e95839d77e3de458dbadc97e671a877a543feb,1,1,assassin s creed origins steelbook edition collector jeu non inclus,no brand,,False,no brand__toks__assassin-creed,assassin s creed origins steelbook edition collector jeu non inclus | no brand | 0,103,2,assassin creed origins steelbook edition jeu non inclus
Ghost of Tsushima PS4 Édition Spéciale Collector,63.7,No brand,0,https://www.vinted.it/items/8122828498-ghost-of-tsushima-ps4-edition-speciale-collector?referrer=catalog,0,8122828498,On Sale,,,https://images1.vinted.net/t/06_00cda_Ly36JMzAvNhnorCCfbc3P7ZY/310x430/1770485907.webp?s=e2451da87bcc6e397627adeca053d9b995d98ecf,1,1,ghost of tsushima ps4 edition speciale collector,no brand,,False,no brand__toks__ghost-of,ghost of tsushima ps4 edition speciale collector | no brand | 0,201,2,ghost of tsushima ps4 director cut edition speciale
Logitech Volant G29 + Levier de vitesse,179.2,Logitech,0,https://www.vinted.it/items/8122766501-logitech-volant-g29-levier-de-vitesse-driving-force-shifter-compatible-ps5-ps4-et-pc?referrer=catalog,0,8122766501,On Sale,,,https://images1.vinted.net/t/06_022c9_LxbHZdxnjQkvagb2KN8rHBEG/310x430/1770485504.webp?s=712624431a0218fe5efa70497f55155b337e743d,1,1,logitech volant g29 levier de vitesse,logitech,,False,logitech__codes__g29,logitech volant g29 levier de vitesse | logitech | 0,49,14,g29 logitech volante volant pedales de vitesse ps4
(Precintado) Mi amiga Peppa Pig,42.7,No brand,0,https://www.vinted.it/items/8122802706-precintado-mi-amiga-peppa-pig?referrer=catalog,0,8122802706,On Sale,,,https://images1.vinted.net/t/06_010ce_kaYWCY4sebK7Gy2MpwnDA4qT/310x430/1770485737.webp?s=2600a0622e3ef0e669c22d816f9ac7d8447b13f4,1,1,precintado mi amiga peppa pig,no brand,,False,no brand__toks__precintado-mi,precintado mi amiga peppa pig | no brand | 0,324,1,precintado mi amiga peppa pig
Thrustmaster 248 ps5/Ps4/Pc,146.65,Thrustmaster,0,https://www.vinted.it/items/8122784744-thrustmaster-248-ps5ps4pc?referrer=catalog,0,8122784744,On Sale,,,https://images1.vinted.net/t/06_006b2_5amCdY7zBafe8pGYviNqpnbm/310x430/1770485621.webp?s=ac26332417bede83fba7d8cd44429fe3e0002555,1,1,thrustmaster 248 ps5 ps4 pc,thrustmaster,,False,thrustmaster__codes__248,thrustmaster 248 ps5 ps4 pc | thrustmaster | 0,677,1,thrustmaster 248 ps5 ps4 pc
PS4 + 2 manettes + 4 jeux,158.2,PlayStation,0,https://www.vinted.it/items/8122773158-ps4-2-manettes-4-jeux?referrer=catalog,0,8122773158,On Sale,,,https://images1.vinted.net/t/01_01692_dvYsrH6SGxz6DQpk3oJns6eE/310x430/1770485547.webp?s=68744d04b357138ee59859b80389cb9b4f8dc9d5,1,1,ps4 2 manettes 4 jeux,playstation,,False,playstation__toks__ps4-manettes,ps4 2 manettes 4 jeux | playstation | 0,542,1,ps4 manettes jeux
Assassin’s Creed Origins - Steelbook Gold Edition (jeu non-inclus),51.1,No brand,0,https://www.vinted.it/items/8122738181-assassins-creed-origins-steelbook-gold-edition-jeu-non-inclus?referrer=catalog,9,8122738181,On Sale,,,https://images1.vinted.net/t/01_00cb4_Yh8PVB8qHYKVni5ECpsAjzcE/310x430/1770485322.webp?s=577f2e9ed94b444e71cb20e76636b026cb8625a0,1,1,assassin s creed origins steelbook gold edition jeu non inclus,no brand,,False,no brand__toks__assassin-creed,assassin s creed origins steelbook gold edition jeu non inclus | no brand | 0,103,2,assassin creed origins steelbook edition jeu non inclus
Jeu ps4 Neo Geo the last blade 2 édition pix and love neuf scellé,200.2,No brand,0,https://www.vinted.it/items/8122726917-jeu-ps4-neo-geo-the-last-blade-2-edition-pix-and-love-neuf-scelle?referrer=catalog,0,8122726917,On Sale,,,https://images1.vinted.net/t/05_00773_YbbB1VtTj84zoY4RTGSVLsYu/310x430/1770485251.webp?s=4dfd2bea805252679d636462b00cf773dafd15d3,1,1,jeu ps4 neo geo the last blade 2 edition pix and love neuf scelle,no brand,,False,no brand__toks__jeu-ps4,jeu ps4 neo geo the last blade 2 edition pix and love neuf scelle | no brand | 0,232,3,jeu ps4 neo geo edition pix and love
Resident Evil Village PS4 Lenticular - Brand New Sealed,94.15,No brand,0,https://www.vinted.it/items/8122714968-resident-evil-village-ps4-lenticular-brand-new-sealed?referrer=catalog,0,8122714968,On Sale,,,https://images1.vinted.net/t/05_01e92_atVozCaWM9gZbraBZeZbpQbo/310x430/1770485177.webp?s=5963fb7901b94eb457f8ba987f8935545358f2c3,1,1,resident evil village ps4 lenticular brand new sealed,no brand,,False,no brand__toks__resident-evil,resident evil village ps4 lenticular brand new sealed | no brand | 0,354,1,resident evil village ps4 lenticular brand new sealed
Metal Gear Solid 3 Snake Eater,368.2,No brand,0,https://www.vinted.it/items/8122679925-metal-gear-solid-3-snake-eater-the-extreme-box-precintado?referrer=catalog,2,8122679925,On Sale,,,https://images1.vinted.net/t/04_021ee_U9qWCNTy9oA4Xyf6rRJRZogT/310x430/1770484956.webp?s=26fb4bd699dda0af84c2cda1ba68baea992750e2,1,1,metal gear solid 3 snake eater,no brand,,False,no brand__toks__metal-gear,metal gear solid 3 snake eater | no brand | 0,291,1,metal gear solid snake eater
PlayStation 4 DualShock 4 Wireless Controller – Magma Red,53.2,Sony,0,https://www.vinted.it/items/8122620971-playstation-4-dualshock-4-wireless-controller-magma-red?referrer=catalog,0,8122620971,On Sale,,,https://images1.vinted.net/t/03_00056_fGcYoAVW4FfMhzqdjC1BG6x9/310x430/1770484869.webp?s=f823077acd64ffbf117ae54f4d89f90ba1328321,1,1,playstation 4 dualshock 4 wireless controller magma red,sony,,False,sony__toks__playstation-dualshock,playstation 4 dualshock 4 wireless controller magma red | sony | 0,642,1,playstation dualshock wireless controller magma red
Red Dead Redemption 2 PS4 - Brand New Sealed,73.15,No brand,0,https://www.vinted.it/items/8122662479-red-dead-redemption-2-ps4-brand-new-sealed?referrer=catalog,0,8122662479,On Sale,,,https://images1.vinted.net/t/06_00bc2_Cco9UnHx4z3JmsYrHKbDbyeg/310x430/1770484847.webp?s=e2e7e7f703e5d9806693ab0c9dc4dd4c4c3a415b,1,1,red dead redemption 2 ps4 brand new sealed,no brand,,False,no brand__toks__red-dead,red dead redemption 2 ps4 brand new sealed | no brand | 0,352,3,red redemption dead ps4 brand new sealed game
Jeu ps4 Samurai shodown Neo Geo collection édition pix n love scellé,200.2,No brand,0,https://www.vinted.it/items/8122605741-jeu-ps4-samurai-shodown-neo-geo-collection-edition-pix-n-love-scelle?referrer=catalog,0,8122605741,On Sale,,,https://images1.vinted.net/t/06_00621_UHwYLaMqHDaVHwYLtDzxuGpD/310x430/1770484497.webp?s=269dfa6b6b87affb3eb5d147d6dde2ced40b96e4,1,1,jeu ps4 samurai shodown neo geo collection edition pix n love scelle,no brand,,False,no brand__toks__jeu-ps4,jeu ps4 samurai shodown neo geo collection edition pix n love scelle | no brand | 0,239,1,jeu ps4 samurai shodown neo geo collection edition
Coffret Collector The Last of Us Part II PS4,341.95,No brand,0,https://www.vinted.it/items/8122584663-coffret-collector-the-last-of-us-part-ii-ps4?referrer=catalog,7,8122584663,On Sale,,,https://images1.vinted.net/t/05_01f11_Xh52Uc85d8aVgyREVgfDMBdQ/310x430/1770484368.webp?s=6bdcbf77c4f096cb657b0b26e1febccd8e310975,1,1,coffret collector the last of us part ii ps4,no brand,,False,no brand__toks__coffret-collector,coffret collector the last of us part ii ps4 | no brand | 0,146,2,coffret collector ps4 the last of us part
Jeu PS4 Atelier Sophie 2 - Neuf sous blister,68.95,No brand,0,https://www.vinted.it/items/8122227292-jeu-ps4-atelier-sophie-2-neuf-sous-blister?referrer=catalog,1,8122227292,On Sale,,,https://images1.vinted.net/t/06_01709_ZLVVd8HGn4j62ED5Fw2Egt2B/310x430/1770482287.webp?s=6c5d4be66b0b1fc59b1ef63a8b9d5efac757379d,1,1,jeu ps4 atelier sophie 2 neuf sous blister,no brand,,False,no brand__toks__jeu-ps4,jeu ps4 atelier sophie 2 neuf sous blister | no brand | 0,234,4,jeu ps4 neuf sous blister atelier ryza lydie
Jeu ps4 Neo Geo Metal slug anthology édition pix and love neuf scellé,242.2,No brand,0,https://www.vinted.it/items/8122511363-jeu-ps4-neo-geo-metal-slug-anthology-edition-pix-and-love-neuf-scelle?referrer=catalog,2,8122511363,On Sale,,,https://images1.vinted.net/t/05_00a30_zmZd2UsXdfeosARGy5wXZB8B/310x430/1770483922.webp?s=312affcf6a7c53d33aef84902fc3ebaf0c4acde9,1,1,jeu ps4 neo geo metal slug anthology edition pix and love neuf scelle,no brand,,False,no brand__toks__jeu-ps4,jeu ps4 neo geo metal slug anthology edition pix and love neuf scelle | no brand | 0,232,3,jeu ps4 neo geo edition pix and love
PS5/4 externe Festplatte 2TB,53.2,PlayStation,0,https://www.vinted.it/items/8122492894-ps54-externe-festplatte-2tb?referrer=catalog,7,8122492894,On Sale,,,https://images1.vinted.net/t/06_01fdf_guyjfYAV2PLoKtDSZXQ3vmc3/310x430/1770483813.webp?s=baa32db963cf27f65dc2a7c049886bcba0961851,1,1,ps5 4 externe festplatte 2tb,playstation,,False,playstation__toks__ps5-externe,ps5 4 externe festplatte 2tb | playstation | 0,552,1,ps5 externe festplatte 2tb
Rare Unepic Limited Edition - 500 ex - PS4 - Blister,74.2,No brand,0,https://www.vinted.it/items/8122492188-rare-unepic-limited-edition-500-ex-ps4-blister?referrer=catalog,13,8122492188,On Sale,,,https://images1.vinted.net/t/05_00d20_7uUt4jqfcHefjVMnw7QP4dWk/310x430/1770483809.webp?s=18fdd1840e293cd6b3613356ba2b24892f2d4db6,1,1,rare unepic limited edition 500 ex ps4 blister,no brand,,False,no brand__codes__500,rare unepic limited edition 500 ex ps4 blister | no brand | 0,92,1,rare unepic limited edition 500 ex ps4 blister
Jeux ps4 Neo Geo Windjammers édition pix n love neuf scellé,137.2,No brand,0,https://www.vinted.it/items/8122469436-jeux-ps4-neo-geo-windjammers-edition-pix-n-love-neuf-scelle?referrer=catalog,0,8122469436,On Sale,,,https://images1.vinted.net/t/06_01272_UpqG419sH59c6V1yu1nHGeJC/310x430/1770483674.webp?s=008c2c7772d04c6a9fb7c5ac60f1ee57b7cccfe2,1,1,jeux ps4 neo geo windjammers edition pix n love neuf scelle,no brand,,False,no brand__toks__jeux-ps4,jeux ps4 neo geo windjammers edition pix n love neuf scelle | no brand | 0,245,1,jeux ps4 neo geo windjammers edition pix love
Ps vr aim controler,42.7,PlayStation,0,https://www.vinted.it/items/8122462926-ps-vr-aim-controler?referrer=catalog,2,8122462926,On Sale,,,https://images1.vinted.net/t/04_00b2d_9t6QBMgTuTYksCYZhV5Mze9K/310x430/1770483635.webp?s=f1a95bab1c8a414609231a789919d5d3c750e508,1,1,ps vr aim controler,playstation,,False,playstation__toks__ps-vr,ps vr aim controler | playstation | 0,530,1,ps vr aim controler
Jeu PS4 Lapins crétins et caméra PS4,42.7,No brand,0,https://www.vinted.it/items/8122395706-jeu-ps4-lapins-cretins-et-camera-ps4?referrer=catalog,0,8122395706,On Sale,,,https://images1.vinted.net/t/06_01a80_yTJzX6jtQbjpUag4E7zvSDMd/310x430/1770483244.webp?s=7c64b52f282be7f1e24f53df1ad8b9dac9bafd81,1,1,jeu ps4 lapins cretins et camera ps4,no brand,,False,no brand__toks__jeu-ps4,jeu ps4 lapins cretins et camera ps4 | no brand | 0,237,1,ps4 jeu lapins cretins et camera
Steelbook Assassin’s Creed Odyssey (jeu non-inclus),49.0,No brand,0,https://www.vinted.it/items/8122393180-steelbook-assassins-creed-odyssey-jeu-non-inclus?referrer=catalog,10,8122393180,On Sale,,,https://images1.vinted.net/t/01_00ebd_jqvayrXaBQ2yBczQSeoEbcd6/310x430/1770483269.webp?s=2d926b0d54fe9e8a0e22ea70e6a9fb41269aab1c,1,1,steelbook assassin s creed odyssey jeu non inclus,no brand,,False,no brand__toks__steelbook-assassin,steelbook assassin s creed odyssey jeu non inclus | no brand | 0,385,1,steelbook assassin creed odyssey jeu non inclus
Jeu ps4  Neo Geo Mark of the Wolves édition pix and love neuf scellé,242.2,No brand,0,https://www.vinted.it/items/8122390149-jeu-ps4-neo-geo-mark-of-the-wolves-edition-pix-and-love-neuf-scelle?referrer=catalog,0,8122390149,On Sale,,,https://images1.vinted.net/t/04_0121d_R2VT6LFFmKkgkJ8XzmLFwfnt/310x430/1770483212.webp?s=6a4d810913592c9fd69491b68c40f6f3150b3f49,1,1,jeu ps4 neo geo mark of the wolves edition pix and love neuf scelle,no brand,,False,no brand__toks__jeu-ps4,jeu ps4 neo geo mark of the wolves edition pix and love neuf scelle | no brand | 0,232,3,jeu ps4 neo geo edition pix and love
Rage 2- Wingstick Edition ps4,53.2,No brand,0,https://www.vinted.it/items/8122294172-rage-2-wingstick-edition-ps4?referrer=catalog,0,8122294172,On Sale,,,https://images1.vinted.net/t/05_02174_2RtC9onySV8sU31yDRRHYZRZ/310x430/1770482662.webp?s=367470a17af4cf0ef0f8fde25da5d78233570871,1,1,rage 2 wingstick edition ps4,no brand,,False,no brand__toks__rage-wingstick,rage 2 wingstick edition ps4 | no brand | 0,350,1,rage wingstick edition ps4
Metro Exodus- Aurora Edition ps4,63.7,No brand,0,https://www.vinted.it/items/8122269859-metro-exodus-aurora-edition-ps4?referrer=catalog,0,8122269859,On Sale,,,https://images1.vinted.net/t/06_00350_k7KJD3P5UBjfNFaE9BFRK3ie/310x430/1770482525.webp?s=e7eeea249de43bfa647be58aa3e3eff82535cbdb,1,1,metro exodus aurora edition ps4,no brand,,False,no brand__toks__metro-exodus,metro exodus aurora edition ps4 | no brand | 0,294,3,metro exodus aurora edition ps4 limitee steelbook limited
The Last of Us2- Limited edition ps4,63.7,No brand,0,https://www.vinted.it/items/8122244572-the-last-of-us2-limited-edition-ps4?referrer=catalog,2,8122244572,On Sale,,,https://images1.vinted.net/t/03_02332_CEo345cJsAF7Skv6H99jAS1T/310x430/1770482382.webp?s=80233371562aa9e7710e724a184733aa80dc3893,1,1,the last of us2 limited edition ps4,no brand,,False,no brand__toks__the-last,the last of us2 limited edition ps4 | no brand | 0,405,5,the last ps4 guardian of edition us2 limited
Just cause 4- Gold Edition ps4,63.7,No brand,0,https://www.vinted.it/items/8122225643-just-cause-4-gold-edition-ps4?referrer=catalog,0,8122225643,On Sale,,,https://images1.vinted.net/t/06_00bde_iMfsg3rrKPmD5sKEubW92fvc/310x430/1770482278.webp?s=1cb982221b0a6e00f8e6c1e783270bb47c52558e,1,1,just cause 4 gold edition ps4,no brand,,False,no brand__toks__just-cause,just cause 4 gold edition ps4 | no brand | 0,256,1,just cause gold edition ps4
Jeu PS4 Dusk Diver - Neuf sous blister,95.2,No brand,0,https://www.vinted.it/items/8121239774-jeu-ps4-dusk-diver-neuf-sous-blister?referrer=catalog,3,8121239774,On Sale,,,https://images1.vinted.net/t/03_015d1_5oMYFpZvpT2giNF1XgUQfTmP/310x430/1770477070.webp?s=28b18049925bb3f0cf70893477846346a457dd6e,1,1,jeu ps4 dusk diver neuf sous blister,no brand,,False,no brand__toks__jeu-ps4,jeu ps4 dusk diver neuf sous blister | no brand | 0,234,4,jeu ps4 neuf sous blister atelier ryza lydie
Borderlands 3- Super Deluxe Edition ps4,74.2,No brand,0,https://www.vinted.it/items/8122164775-borderlands-3-super-deluxe-edition-ps4?referrer=catalog,0,8122164775,On Sale,,,https://images1.vinted.net/t/01_01ff8_FH57tGoVo52i5p2Sse9K7Uqy/310x430/1770481946.webp?s=8c0b1c56184137dc6cc613ad61d0507fc45923f1,1,1,borderlands 3 super deluxe edition ps4,no brand,,False,no brand__toks__borderlands-super,borderlands 3 super deluxe edition ps4 | no brand | 0,126,1,borderlands super deluxe edition ps4
Metro Exodus Aurora Edition Limitée SteelBook,53.2,No brand,0,https://www.vinted.it/items/8122144232-metro-exodus-aurora-edition-limitee-steelbook?referrer=catalog,2,8122144232,On Sale,,,https://images1.vinted.net/t/01_02381_LTaLjroAmkaRMGioABF1p1Ga/310x430/1770481830.webp?s=479ad2f800e7274a06305194f4f2ba5f451d682e,1,1,metro exodus aurora edition limitee steelbook,no brand,,False,no brand__toks__metro-exodus,metro exodus aurora edition limitee steelbook | no brand | 0,294,3,metro exodus aurora edition ps4 limitee steelbook limited
The Lion's Song (Precintado) - Nintendo Switch,47.95,No brand,0,https://www.vinted.it/items/8122070992-the-lions-song-precintado-nintendo-switch?referrer=catalog,2,8122070992,On Sale,,,https://images1.vinted.net/t/06_00654_gNqJD8dkrP4zbpCRePB41cLp/310x430/1770481429.webp?s=5a1a5ed568b18b0895b4f3c2480bd0eb6576d122,1,1,the lion s song precintado nintendo switch,no brand,,False,no brand__toks__the-lion,the lion s song precintado nintendo switch | no brand | 0,408,1,the lion song precintado nintendo switch
Volante play,79.45,PlayStation,0,https://www.vinted.it/items/8122036888-volante-play?referrer=catalog,0,8122036888,On Sale,,,https://images1.vinted.net/t/06_0043a_dq6saPzvqRFi57GV9iSfVwZQ/310x430/1770481243.webp?s=ebe0fb86825023176fc3fdf62a3ed093af4a578e,1,1,volante play,playstation,,False,playstation__toks__volante-play,volante play | playstation | 0,575,2,volante play station nuovo
World of Horror PS5 + Soundtrack Bell of Horror,63.7,No brand,0,https://www.vinted.it/items/8121998576-world-of-horror-ps5-soundtrack-bell-of-horror?referrer=catalog,1,8121998576,On Sale,,,https://images1.vinted.net/t/01_002b7_WpF56DAxBqnD2fwmDS3pKek1/310x430/1770481037.webp?s=1db5389d2a42bd955562d5bdf84153c75451a5ed,1,1,world of horror ps5 soundtrack bell of horror,no brand,,False,no brand__toks__world-of,world of horror ps5 soundtrack bell of horror | no brand | 0,439,1,of horror world ps5 soundtrack bell
Bloodborne edition game year goty Sony Playstation 4 PS4 jaquette full FR neuf blister,147.7,No brand,0,https://www.vinted.it/items/8122000171-bloodborne-edition-game-year-goty-sony-playstation-4-ps4-jaquette-full-fr-neuf-blister?referrer=catalog,3,8122000171,On Sale,,,https://images1.vinted.net/t/05_002ff_CKv5A9WtcRtJKoTRK3zYqNrk/310x430/1770481046.webp?s=a375d88af42bdb6a5d1556b9dd07d2f7c259dcc8,1,1,bloodborne edition game year goty sony playstation 4 ps4 jaquette full fr neuf blister,no brand,,False,no brand__toks__bloodborne-edition,bloodborne edition game year goty sony playstation 4 ps4 jaquette full fr neuf blister | no brand | 0,121,1,bloodborne edition game year goty sony playstation ps4
The Last Guardian PS4,42.7,No brand,0,https://www.vinted.it/items/8121865106-the-last-guardian-ps4?referrer=catalog,1,8121865106,On Sale,,,https://images1.vinted.net/t/06_02277_nfTgbt53jzzY7uwezEB6NF3w/310x430/1770480321.webp?s=674d3cefae510f9fb4496a433687ebbf98ce46a3,1,1,the last guardian ps4,no brand,,False,no brand__toks__the-last,the last guardian ps4 | no brand | 0,405,5,the last ps4 guardian of edition us2 limited
Kingdom Hearts All in One Package,53.2,No brand,0,https://www.vinted.it/items/8121842231-kingdom-hearts-all-in-one-package?referrer=catalog,0,8121842231,On Sale,,,https://images1.vinted.net/t/04_012bc_X5ruRcawKMCew2e1cXLEVuaF/310x430/1770480200.webp?s=087a9a2c7d17e221e0cbc225897faf85b009fea4,1,1,kingdom hearts all in one package,no brand,,False,no brand__toks__kingdom-hearts,kingdom hearts all in one package | no brand | 0,258,3,kingdom hearts all in one package ps4 nuovo
Gran Turismo Sport GT Sport PS4 collector's edition,126.7,No brand,0,https://www.vinted.it/items/8121837514-gran-turismo-sport-gt-sport-ps4-collectors-edition?referrer=catalog,0,8121837514,On Sale,,,https://images1.vinted.net/t/01_0058e_hRTNu1ALcYHFqkbX6HQRYaKu/310x430/1770480175.webp?s=e29fe99ba7497975a86abbfecdd5b2ff2dce3135,1,1,gran turismo sport gt sport ps4 collector s edition,no brand,,False,no brand__toks__gran-turismo,gran turismo sport gt sport ps4 collector s edition | no brand | 0,212,1,sport gran turismo gt ps4 collector edition
volante wireless ps4/pc,74.2,Hori,0,https://www.vinted.it/items/8121816830-volante-wireless-ps4pc?referrer=catalog,0,8121816830,On Sale,,,https://images1.vinted.net/t/05_01f55_CTmaZtwbz9q5mkTbMjabDGzm/310x430/1770480066.webp?s=fd5e5e4e291029c54008a920b156cbfb4e3ba91e,1,1,volante wireless ps4 pc,hori,,False,hori__toks__volante-wireless,volante wireless ps4 pc | hori | 0,34,1,volante wireless ps4 pc
video juego Ps5,63.7,No brand,0,https://www.vinted.it/items/8121798402-video-juego-ps5?referrer=catalog,0,8121798402,On Sale,,,https://images1.vinted.net/t/05_002df_XGinX2ihpVnLLNAWzXW45XZE/310x430/1770479969.webp?s=53086729d3dbd128da3ad70726b6c8f58d2e1e1c,1,1,video juego ps5,no brand,,False,no brand__toks__video-juego,video juego ps5 | no brand | 0,427,1,video juego ps5
Controller logitech g29 ps4/ps5/pc,189.7,Logitech,0,https://www.vinted.it/items/8121625643-controller-logitech-g29-ps4ps5pc?referrer=catalog,1,8121625643,On Sale,,,https://images1.vinted.net/t/06_018b1_i5ST7WAcqcygCNDLuN5VPR4C/310x430/1770479065.webp?s=0cdbc29b08e36ab5dd7c1ac04f102f70e4205950,1,1,controller logitech g29 ps4 ps5 pc,logitech,,False,logitech__codes__g29,controller logitech g29 ps4 ps5 pc | logitech | 0,48,9,logitech g29 ps4 ps5 pc driving force volant
Dynasty Warriors: Origins PS5 (A Estrenar).,58.45,No brand,0,https://www.vinted.it/items/8121563870-dynasty-warriors-origins-ps5-a-estrenar?referrer=catalog,0,8121563870,On Sale,,,https://images1.vinted.net/t/04_011c4_XZgZws1nPKbRLgQBJr9eGTuF/310x430/1770478746.webp?s=c79ac943ba3662fa92086cff085c58f0e6353321,1,1,dynasty warriors origins ps5 a estrenar,no brand,,False,no brand__toks__dynasty-warriors,dynasty warriors origins ps5 a estrenar | no brand | 0,185,1,dynasty warriors origins ps5 estrenar
Volante ps4,42.7,playsmart,0,https://www.vinted.it/items/8121542035-volante-ps4?referrer=catalog,0,8121542035,On Sale,,,https://images1.vinted.net/t/05_00aae_3RfWTMjB2XyjU4ME6kp4EsrP/310x430/1770478633.webp?s=8331257e340a1568ca906c1b1a5682ab74ca097c,1,1,volante ps4,playsmart,,False,playsmart__toks__volante-ps4,volante ps4 | playsmart | 0,458,1,volante ps4
Commandos Origins PS5 (A Estrenar).,47.95,No brand,0,https://www.vinted.it/items/8121539267-commandos-origins-ps5-a-estrenar?referrer=catalog,2,8121539267,On Sale,,,https://images1.vinted.net/t/05_006cb_p7rmxWhxvVZhNo4QH5GB1unX/310x430/1770478620.webp?s=166ac5898a724ef0263b0f072b79462434eff9f8,1,1,commandos origins ps5 a estrenar,no brand,,False,no brand__toks__commandos-origins,commandos origins ps5 a estrenar | no brand | 0,150,1,commandos origins ps5 estrenar
Playstation wheel,105.7,PlayStation,0,https://www.vinted.it/items/8121497200-playstation-wheel?referrer=catalog,0,8121497200,On Sale,,,https://images1.vinted.net/t/01_025d0_7RpDj6bzY1g6eGM113y9cZC3/310x430/1770478404.webp?s=ae5ba4b2244c9c21b92653edf49bf7e595fa5b61,1,1,playstation wheel,playstation,,False,playstation__toks__playstation-wheel,playstation wheel | playstation | 0,526,1,playstation wheel
Ps4 games boven 100+ euro,53.2,No brand,0,https://www.vinted.it/items/8121377802-ps4-games-boven-100-euro?referrer=catalog,1,8121377802,On Sale,,,https://images1.vinted.net/t/05_006bc_7ZGAuAYLgT1ifX6RBz8tpZN5/310x430/1770477786.webp?s=1be5f488c534a0e95dc1114ee5f114b7eacd8248,1,1,ps4 games boven 100 euro,no brand,,False,no brand__codes__100,ps4 games boven 100 euro | no brand | 0,74,1,ps4 games boven 100 euro
Assassins Creed The Ezio Collection,42.7,No brand,0,https://www.vinted.it/items/8121263015-assassins-creed-the-ezio-collection?referrer=catalog,1,8121263015,On Sale,,,https://images1.vinted.net/t/05_02427_YrESJAjpMAzwi4auh3H9GVDT/310x430/1770477191.webp?s=8e656efe830b946e0b3533db797c158523e3737b,1,1,assassins creed the ezio collection,no brand,,False,no brand__toks__assassins-creed,assassins creed the ezio collection | no brand | 0,104,1,assassins creed the ezio collection
Spider man Mavel,42.7,No brand,0,https://www.vinted.it/items/8121223335-spider-man-mavel?referrer=catalog,0,8121223335,On Sale,,,https://images1.vinted.net/t/06_018c9_2TaJhYqrqvxt9uhvNF9eojKe/310x430/1770476984.webp?s=c709100bd25e95e75eb84f603adc0e532e31f5b6,1,1,spider man mavel,no brand,,False,no brand__toks__spider-man,spider man mavel | no brand | 0,379,3,spider man ps4 edition game of the year
Jeu PS4 Tales of Symphonia (Remastered) - Neuf sous blister,42.7,No brand,0,https://www.vinted.it/items/8121166209-jeu-ps4-tales-of-symphonia-remastered-neuf-sous-blister?referrer=catalog,4,8121166209,On Sale,,,https://images1.vinted.net/t/06_01a4e_d7p4HnGtjiVLtCc5oYxsBhxU/310x430/1770476687.webp?s=123c0b7b756a9fa2cd4ff41cee21772a52d9b5e5,1,1,jeu ps4 tales of symphonia remastered neuf sous blister,no brand,,False,no brand__toks__jeu-ps4,jeu ps4 tales of symphonia remastered neuf sous blister | no brand | 0,236,1,jeu ps4 tales of symphonia remastered neuf sous
Uncharted 4,53.2,No brand,0,https://www.vinted.it/items/8121184762-uncharted-4?referrer=catalog,0,8121184762,On Sale,,,https://images1.vinted.net/t/04_01770_fr7iQADb11dbaNP4WVXdpWZK/310x430/1770476783.webp?s=eb7468190e4ecb160aae7d4dd69fd5bf60b4e264,1,1,uncharted 4,no brand,,False,no brand__toks__uncharted,uncharted 4 | no brand | 0,418,1,uncharted
Sekiro shadow die twice,53.2,No brand,0,https://www.vinted.it/items/8121149294-sekiro-shadow-die-twice?referrer=catalog,1,8121149294,On Sale,,,https://images1.vinted.net/t/06_02026_wFRtK5FPXX9x7NbG3AqumWQN/310x430/1770476600.webp?s=cf5357f72fcde510a1814d7978f295728e00a364,1,1,sekiro shadow die twice,no brand,,False,no brand__toks__sekiro-shadow,sekiro shadow die twice | no brand | 0,363,1,sekiro shadow die twice
Coffret 3 jeux PS4 Tales : Definitive Edition - Neuf sous blister,89.95,No brand,0,https://www.vinted.it/items/8121133230-coffret-3-jeux-ps4-tales-definitive-edition-neuf-sous-blister?referrer=catalog,3,8121133230,On Sale,,,https://images1.vinted.net/t/01_002c2_Y1j3tymUrSPj3C5wiAmCB1kc/310x430/1770476517.webp?s=66a6cab07d280eb31db5dee3882326c713ab8cb8,1,1,coffret 3 jeux ps4 tales definitive edition neuf sous blister,no brand,,False,no brand__toks__coffret-jeux,coffret 3 jeux ps4 tales definitive edition neuf sous blister | no brand | 0,148,1,coffret jeux ps4 tales definitive edition neuf sous
Logitech G29 steering wheel(Ps4,168.7,Logitech,0,https://www.vinted.it/items/8121143271-logitech-g29-steering-wheelps4ps5pc?referrer=catalog,0,8121143271,On Sale,,,https://images1.vinted.net/t/01_0261e_uECrHqyUGMAQADP1UCAsyJPu/310x430/1770476569.webp?s=ba5ef7243bfc2f6c52d391b30225a516bbe171bb,1,1,logitech g29 steering wheel ps4,logitech,,False,logitech__codes__g29,logitech g29 steering wheel ps4 | logitech | 0,49,14,g29 logitech volante volant pedales de vitesse ps4
Hogwarts legacy collector neuf ps4,158.19,No brand,0,https://www.vinted.it/items/8121075173-hogwarts-legacy-collector-neuf-ps4?referrer=catalog,5,8121075173,On Sale,,,https://images1.vinted.net/t/06_01a64_iV76xiWi2gCxVVuPy4FKSLK7/310x430/1770476216.webp?s=48953bdc157536674865673f2914b1d868d6a22b,1,1,hogwarts legacy collector neuf ps4,no brand,,False,no brand__toks__hogwarts-legacy,hogwarts legacy collector neuf ps4 | no brand | 0,220,1,hogwarts legacy collector neuf ps4
Dark souls trilogy ps4 ita sigillato,47.85,No brand,0,https://www.vinted.it/items/8121072397-dark-souls-trilogy-ps4-ita-sigillato?referrer=catalog,3,8121072397,On Sale,,,https://images1.vinted.net/t/06_0065c_LMPpbMVMBJZsaL4CWXE2j8r5/310x430/1770476201.webp?s=171868eb30ed315061996f243e033e383c59f3f4,1,1,dark souls trilogy ps4 ita sigillato,no brand,,False,no brand__toks__dark-souls,dark souls trilogy ps4 ita sigillato | no brand | 0,161,4,dark souls trilogy ps4 ita sigillato apocalypse edition
Volante e pedaliera PS4 Hori NUOVI!,52.15,Hori,0,https://www.vinted.it/items/8121051316-volante-e-pedaliera-ps4-hori-nuovi?referrer=catalog,2,8121051316,On Sale,,,https://images1.vinted.net/t/05_002d1_vGH8LQhNS51NMgvuo7eP86Q3/310x430/1770476094.webp?s=7cfd83391f787e933de96af48c746990aa1b7c08,1,1,volante e pedaliera ps4 hori nuovi,hori,,False,hori__toks__volante-pedaliera,volante e pedaliera ps4 hori nuovi | hori | 0,29,2,volante pedaliera ps4 hori nuovi per ps3
PS4 PlayStation 4,53.2,No brand,0,https://www.vinted.it/items/8121042945-ps4-playstation-4-4-giochi-nuovi-play-station-bari?referrer=catalog,1,8121042945,On Sale,,,https://images1.vinted.net/t/06_01e90_mmE7xcFTdVHRVu5AjSiDncte/310x430/1770476051.webp?s=ea8a35389032963861e2dd95b0e5c14396b55d84,1,1,ps4 playstation 4,no brand,,False,no brand__toks__ps4-playstation,ps4 playstation 4 | no brand | 0,337,3,ps4 playstation
PS4 PlayStation 4,53.2,No brand,0,https://www.vinted.it/items/8121042945-ps4-playstation-4-4-giochi-nuovi-play-station-bari?referrer=catalog,1,8121042945,On Sale,,,https://images1.vinted.net/t/06_01e90_mmE7xcFTdVHRVu5AjSiDncte/310x430/1770476051.webp?s=ea8a35389032963861e2dd95b0e5c14396b55d84,1,2,ps4 playstation 4,no brand,,False,no brand__toks__ps4-playstation,ps4 playstation 4 | no brand | 0,337,3,ps4 playstation
Carte en tissu collector resident evil village,67.85,Capcom,0,https://www.vinted.it/items/8121016738-carte-en-tissu-collector-resident-evil-village?referrer=catalog,1,8121016738,On Sale,,,https://images1.vinted.net/t/06_00014_PcZQrpmkcfgpqRhSfQozJT9n/310x430/1770475916.webp?s=58b8a5e31acbc8e2ba42d25bf7cfc1d0979f43e2,1,2,carte en tissu collector resident evil village,capcom,,False,capcom__toks__carte-en,carte en tissu collector resident evil village | capcom | 0,10,1,carte en tissu collector resident evil village
Sony Playstation 1 Console memory card e joystick,52.15,Sony,0,https://www.vinted.it/items/8120899063-sony-playstation-1-console-memory-card-e-joystick?referrer=catalog,6,8120899063,On Sale,,,https://images1.vinted.net/t/06_00521_ifUxQ1jbgEFtQH92te4J9Wvn/310x430/1770475314.webp?s=2d76eff5768eaddefa9c4bcdb914099bf4f4c9f4,1,2,sony playstation 1 console memory card e joystick,sony,,False,sony__toks__sony-playstation,sony playstation 1 console memory card e joystick | sony | 0,666,4,sony playstation slim joystick tb controller console memory
Volante y pedales RWA Play Station  Racing Wheel Apex (PS3/PS4),84.7,Original,0,https://www.vinted.it/items/8120862544-volante-y-pedales-rwa-play-station-racing-wheel-apex-ps3ps4?referrer=catalog,0,8120862544,On Sale,,,https://images1.vinted.net/t/01_01c78_2Vgxn8QVPw5VUTDSQ9KFFn9M/310x430/1770475200.webp?s=58e5f6537802b0d9446fcbab1f16da9f5e7d23c6,1,2,volante y pedales rwa play station racing wheel apex ps3 ps4,original,,False,original__toks__volante-pedales,volante y pedales rwa play station racing wheel apex ps3 ps4 | original | 0,448,1,volante pedales rwa play station racing wheel apex
Volante Logitech G923 SE,263.2,Logitech,0,https://www.vinted.it/items/8120854348-volante-logitech-g923-se?referrer=catalog,0,8120854348,On Sale,,,https://images1.vinted.net/t/03_00e19_BkbxWjZWYuYTnbwaDJkeoKsD/310x430/1770475085.webp?s=eee8744d8fff1ba094cd3c7d309e7f40c462b4f9,1,2,volante logitech g923 se,logitech,,False,logitech__codes__g923,volante logitech g923 se | logitech | 0,50,7,logitech g923 volante racing wheel pedali ps4 ps5
Logitech G29 – Volant + pédales + boîte de vitesse + support,263.19,Logitech,0,https://www.vinted.it/items/8120789339-logitech-g29-volant-pedales-boite-de-vitesse-support?referrer=catalog,2,8120789339,On Sale,,,https://images1.vinted.net/t/05_01084_5W6icCEmdBx7dJ7hDbzsRTgK/310x430/1770474752.webp?s=132ab1aaeb899f23872c3a014ee016156b0003d4,1,2,logitech g29 volant pedales boite de vitesse support,logitech,,False,logitech__codes__g29,logitech g29 volant pedales boite de vitesse support | logitech | 0,49,14,g29 logitech volante volant pedales de vitesse ps4
Compresa di 4 giochi,158.2,PlayStation,0,https://www.vinted.it/items/8120760614-compresa-di-4-giochi?referrer=catalog,0,8120760614,On Sale,,,https://images1.vinted.net/t/06_01e9c_dfL8TRZ4gvACydRrhVHfFwNP/310x430/1770474604.webp?s=13f7ace3b71c3435b0df9b24006a94975307a84e,1,2,compresa di 4 giochi,playstation,,False,playstation__toks__compresa-di,compresa di 4 giochi | playstation | 0,477,1,compresa di giochi
Minecraft Story Mode L’Avventura Completa Ps4,47.95,No brand,0,https://www.vinted.it/items/8120687175-minecraft-story-mode-lavventura-completa-ps4?referrer=catalog,1,8120687175,On Sale,,,https://images1.vinted.net/t/06_00a9b_mY2Tz7g9jwJZyXy3iUMbKn5B/310x430/1770474224.webp?s=cfcdc9e168bd69f137c342ca2b52d7823e6b0582,1,2,minecraft story mode l avventura completa ps4,no brand,,False,no brand__toks__minecraft-story,minecraft story mode l avventura completa ps4 | no brand | 0,296,2,minecraft story mode avventura completa ps4 season
Batman: Arkham Collection (Steelbook Edition) - PS4,210.7,No brand,0,https://www.vinted.it/items/8120677088-batman-arkham-collection-steelbook-edition-ps4?referrer=catalog,0,8120677088,On Sale,,,https://images1.vinted.net/t/05_01182_5JQC4L6qF5emzfX1zfeV8NF9/310x430/1770474172.webp?s=ad23ad0ff0fbb8aa9c5b9763f4887a4d2b9128df,1,2,batman arkham collection steelbook edition ps4,no brand,,False,no brand__toks__batman-arkham,batman arkham collection steelbook edition ps4 | no brand | 0,114,1,batman arkham collection steelbook edition ps4
Catherine: Full Body - PS4,53.2,No brand,0,https://www.vinted.it/items/8120670081-catherine-full-body-ps4?referrer=catalog,0,8120670081,On Sale,,,https://images1.vinted.net/t/06_0130d_XuXeUgNJaWSiTHTKpVeByjKj/310x430/1770474136.webp?s=6faf194a7c8e78ea2bb11eaf739fd70449c591ea,1,2,catherine full body ps4,no brand,,False,no brand__toks__catherine-full,catherine full body ps4 | no brand | 0,142,1,catherine full body ps4
Contra anniversary 2 jeux switch+ps4 limited run,116.2,No brand,0,https://www.vinted.it/items/8120602292-contra-anniversary-2-jeux-switchps4-limited-run?referrer=catalog,0,8120602292,On Sale,,,https://images1.vinted.net/t/05_01112_xstY7AdkraBY5iNXAX9VFs26/310x430/1770473783.webp?s=45534b6151442477221274a09b1d73c1d548b97c,1,2,contra anniversary 2 jeux switch ps4 limited run,no brand,,False,no brand__toks__contra-anniversary,contra anniversary 2 jeux switch ps4 limited run | no brand | 0,152,1,contra anniversary jeux switch ps4 limited run
Street Fighter 6 collector’s édition sur PlayStation 4 neuf et emballé,104.65,No brand,0,https://www.vinted.it/items/8120576898-street-fighter-6-collectors-edition-sur-playstation-4-neuf-et-emballe?referrer=catalog,1,8120576898,On Sale,,,https://images1.vinted.net/t/05_01803_eJSozP4jBWDrtNL9TEZBVsuz/310x430/1770473653.webp?s=907859671f8664deabccf1c5be93fd44b9fee027,1,2,street fighter 6 collector s edition sur playstation 4 neuf et emballe,no brand,,False,no brand__toks__street-fighter,street fighter 6 collector s edition sur playstation 4 neuf et emballe | no brand | 0,388,1,street fighter collector edition sur playstation neuf et
Logitech G923 TrueForce Racing Wheel + Pedali PS4 / PS5,284.2,Logitech,0,https://www.vinted.it/items/8120548664-logitech-g923-trueforce-racing-wheel-pedali-ps4-ps5?referrer=catalog,1,8120548664,On Sale,,,https://images1.vinted.net/t/06_00c28_7vLGJRhjgaiYEvytcnV1CfTY/310x430/1770473508.webp?s=76a0389ce9da72bbe70063afda6e684a1f8ec19a,1,2,logitech g923 trueforce racing wheel pedali ps4 ps5,logitech,,False,logitech__codes__g923,logitech g923 trueforce racing wheel pedali ps4 ps5 | logitech | 0,50,7,logitech g923 volante racing wheel pedali ps4 ps5
Playstation 4 Negra 1 tb Precintada,336.7,PlayStation,0,https://www.vinted.it/items/8120495567-playstation-4-negra-1-tb-precintada?referrer=catalog,0,8120495567,On Sale,,,https://images1.vinted.net/t/05_02434_whodofjHTsHwH2EWw59AaS2F/310x430/1770473231.webp?s=54f6b49ddcf54597843a9f7ef059bf886d3ddce1,1,2,playstation 4 negra 1 tb precintada,playstation,,False,playstation__toks__playstation-negra,playstation 4 negra 1 tb precintada | playstation | 0,521,1,playstation negra tb precintada
Biancheria nuova 100% cotone per la casa o b&b,95.2,TRE FILI ORO,0,https://www.vinted.it/items/8120479368-biancheria-nuova-100-cotone-per-la-casa-o-bb?referrer=catalog,0,8120479368,On Sale,,,https://images1.vinted.net/t/06_0022b_mnXmWKPbT6pr87Y182cJXxEe/310x430/1770473146.webp?s=51d8b03e6e6ee3bc63daa388b08f76f1c7d39f07,1,2,biancheria nuova 100 cotone per la casa o b b,tre fili oro,,False,tre fili oro__codes__100,biancheria nuova 100 cotone per la casa o b b | tre fili oro | 0,697,1,biancheria nuova 100 cotone per la casa
Comando Ps5 + Comando Ps4,51.1,PlayStation,0,https://www.vinted.it/items/8120478531-comando-ps5-comando-ps4?referrer=catalog,1,8120478531,On Sale,,,https://images1.vinted.net/t/05_00da2_6jhrZPFisewE6sBpAo9LWXAm/310x430/1770473142.webp?s=73a51cd0b242d220965eaadec0480051167e03dc,1,2,comando ps5 comando ps4,playstation,,False,playstation__toks__comando-ps5,comando ps5 comando ps4 | playstation | 0,475,1,comando ps5 ps4
Logitech g29 ps5 ps4 pc,168.7,Logitech,0,https://www.vinted.it/items/8120358747-logitech-g29-ps5-ps4-pc?referrer=catalog,1,8120358747,On Sale,,,https://images1.vinted.net/t/04_01122_ncXUPjMNnUCFgM318WTbapeX/310x430/1770472522.webp?s=4ab681d2dae87093ae6538430401505b3f8e9c1e,1,2,logitech g29 ps5 ps4 pc,logitech,,False,logitech__codes__g29,logitech g29 ps5 ps4 pc | logitech | 0,48,9,logitech g29 ps4 ps5 pc driving force volant
Little Nightmares III Premium Spiral édition PS5 NEUF,210.6,No brand,0,https://www.vinted.it/items/8120345719-little-nightmares-iii-premium-spiral-edition-ps5-neuf?referrer=catalog,0,8120345719,On Sale,,,https://images1.vinted.net/t/05_019da_Y9LjAFLzdfQhh2voHb2RFGM8/310x430/1770472455.webp?s=0be02de1af4dddc62a583e4ebd58cfbcfa83e198,1,2,little nightmares iii premium spiral edition ps5 neuf,no brand,,False,no brand__toks__little-nightmares,little nightmares iii premium spiral edition ps5 neuf | no brand | 0,266,4,little nightmares iii premium spiral edition ps5 neuf
horizon forbidden west collector's edition ps5 ps4,242.2,No brand,0,https://www.vinted.it/items/8120309417-horizon-forbidden-west-collectors-edition-ps5-ps4?referrer=catalog,1,8120309417,On Sale,,,https://images1.vinted.net/t/05_01bea_TDkk9Hdps5vGncDPWoETPzRJ/310x430/1770472266.webp?s=4f023b5f76c8c080ff3cf63f1fb697d8dcfdec19,1,2,horizon forbidden west collector s edition ps5 ps4,no brand,,False,no brand__toks__horizon-forbidden,horizon forbidden west collector s edition ps5 ps4 | no brand | 0,222,1,horizon forbidden west collector edition ps5 ps4
Raimbow six,139.3,No brand,0,https://www.vinted.it/items/8120306983-raimbow-six?referrer=catalog,0,8120306983,On Sale,,,https://images1.vinted.net/t/06_01ee0_gMUsbTztnFBpJhMUA7RRBjE1/310x430/1770472254.webp?s=1ca6e1dad45dd083be9a4c418f08d04bed036530,1,2,raimbow six,no brand,,False,no brand__toks__raimbow-six,raimbow six | no brand | 0,351,1,raimbow six
Playstation 4 Slim,100.45,PlayStation,0,https://www.vinted.it/items/8120270549-playstation-4-slim?referrer=catalog,1,8120270549,On Sale,,,https://images1.vinted.net/t/06_01052_3sxRcgKfz8cA2PNEbU9yaxhp/310x430/1770472065.webp?s=bb06caabd7461248ae4acd6017732c70c127a684,1,2,playstation 4 slim,playstation,,False,playstation__toks__playstation-slim,playstation 4 slim | playstation | 0,524,6,playstation slim minecraft controller 1000gb gioco 500go
🇫🇷 jeu Deadisland 2 ps4,47.95,No brand,0,https://www.vinted.it/items/8060742909-jeu-deadisland-2-ps4?referrer=catalog,0,8060742909,On Sale,,,https://images1.vinted.net/t/04_01f80_2gNMEVhYXBhwARbxipqNcCF1/310x430/1769788483.webp?s=868498c400249908dd0cf06d93ec6ba05e835da8,1,2,jeu deadisland 2 ps4,no brand,,False,no brand__toks__jeu-deadisland,jeu deadisland 2 ps4 | no brand | 0,227,1,jeu deadisland ps4
Darksiders 2 jeux ps4 neuf scellé,42.7,No brand,0,https://www.vinted.it/items/8120127798-darksiders-2-jeux-ps4-neuf-scelle?referrer=catalog,0,8120127798,On Sale,,,https://images1.vinted.net/t/06_0114e_zyLrijAr62ovawvW5e2Aattf/310x430/1770471323.webp?s=48793700907c7f9703b96a2617f3c2d394a2c709,1,2,darksiders 2 jeux ps4 neuf scelle,no brand,,False,no brand__toks__darksiders-jeux,darksiders 2 jeux ps4 neuf scelle | no brand | 0,163,1,darksiders jeux ps4 neuf scelle
Grand Turismo,42.7,No brand,0,https://www.vinted.it/items/8120126269-grand-turismo-playstation?referrer=catalog,0,8120126269,On Sale,,,https://images1.vinted.net/t/06_020f0_tQEwMrtF5EXMPmYD2avwMGkb/310x430/1770471315.webp?s=c4ed3bfbf9ae49bbfbd0b2b6757a0f9e074624ea,1,2,grand turismo,no brand,,False,no brand__toks__grand-turismo,grand turismo | no brand | 0,213,1,grand turismo
PlayStation volante completo da corsa per ps5 e ps4,74.2,No brand,0,https://www.vinted.it/items/8120021732-playstation-volante-completo-da-corsa-per-ps5-e-ps4?referrer=catalog,0,8120021732,On Sale,,,https://images1.vinted.net/t/06_019a7_to3Bvbnwse2BoYKXv78pymeA/310x430/1770470761.webp?s=33404ff29d16606838b225b32fcf94682fa7697f,1,2,playstation volante completo da corsa per ps5 e ps4,no brand,,False,no brand__toks__playstation-volante,playstation volante completo da corsa per ps5 e ps4 | no brand | 0,323,1,playstation volante completo da corsa per ps5 ps4
Borderlands 3 edicion super deluxe ps4 precintado,53.19,No brand,0,https://www.vinted.it/items/8120007155-borderlands-3-edicion-super-deluxe-ps4-precintado?referrer=catalog,1,8120007155,On Sale,,,https://images1.vinted.net/t/04_01d16_rwk8M1SNGLt23ihWwQk1ppxL/310x430/1770470683.webp?s=206b47bd2b1a7c5e5f50c6f3372ec02fc82c0640,1,2,borderlands 3 edicion super deluxe ps4 precintado,no brand,,False,no brand__toks__borderlands-edicion,borderlands 3 edicion super deluxe ps4 precintado | no brand | 0,125,1,borderlands edicion super deluxe ps4 precintado
Volante Thrustmaster T80 PS4/PS5,53.2,Thrustmaster,0,https://www.vinted.it/items/8119961494-volante-thrustmaster-t80-ps4ps5?referrer=catalog,0,8119961494,On Sale,,,https://images1.vinted.net/t/05_00b97_GfdJSNQgPZQEEfzawUsUgr5n/310x430/1770470440.webp?s=3e2c6ab977805464b526e85c313d90fb11cfcb3e,1,2,volante thrustmaster t80 ps4 ps5,thrustmaster,,False,thrustmaster__codes__t80,volante thrustmaster t80 ps4 ps5 | thrustmaster | 0,683,4,t80 volante thrustmaster ps4 ps5 volant trusmaster pedale
scuff ps4 ( peut être ps5) et pc,95.2,Scuf,0,https://www.vinted.it/items/8119953459-scuff-ps4-peut-etre-ps5-et-pc?referrer=catalog,1,8119953459,On Sale,,,https://images1.vinted.net/t/06_0208f_EgYX2SDueFXKvi3gQSyLQwu4/310x430/1770470397.webp?s=27d50e0b48a05e5eefeaafda80e0bbb37775bbdc,1,2,scuff ps4 peut etre ps5 et pc,scuf,,False,scuf__toks__scuff-ps4,scuff ps4 peut etre ps5 et pc | scuf | 0,603,1,scuff ps4 peut etre ps5 et pc
Star Wars playstation 4 Vader immortal Vr,89.95,No brand,0,https://www.vinted.it/items/8119824681-star-wars-playstation-4-vader-immortal-vr?referrer=catalog,4,8119824681,On Sale,,,https://images1.vinted.net/t/06_00e50_EgxDTzrwUtmpaR6yiRfWN8EE/310x430/1770469704.webp?s=6090dc69be35762611ba706a0afe19ebbfd83b87,1,2,star wars playstation 4 vader immortal vr,no brand,,False,no brand__toks__star-wars,star wars playstation 4 vader immortal vr | no brand | 0,382,1,star wars playstation vader immortal vr
PlayStation 4 pro 1TB- Come nuova,158.1,PlayStation,0,https://www.vinted.it/items/8119818983-playstation-4-pro-1tb-come-nuova?referrer=catalog,1,8119818983,On Sale,,,https://images1.vinted.net/t/05_01d6d_GZerLntmenf4ZpcQGQjKKPfZ/310x430/1770469674.webp?s=8390ffc2b613e320cc7e636af6a7e190aaa30285,1,2,playstation 4 pro 1tb come nuova,playstation,,False,playstation__toks__playstation-pro,playstation 4 pro 1tb come nuova | playstation | 0,523,4,playstation pro 1tb come nuova
Play station 4,126.7,Play,0,https://www.vinted.it/items/8119814208-play-station-4?referrer=catalog,0,8119814208,On Sale,,,https://images1.vinted.net/t/06_024dd_BdPSHNMkMD5KkFyP6Nhjbg6P/310x430/1770469648.webp?s=df38fce4b3b5d643ebdceff84f05646fd7337356,1,2,play station 4,play,,False,play__toks__play-station,play station 4 | play | 0,457,1,play station
PS4 NUEVO,121.45,Sony,0,https://www.vinted.it/items/8119789612-ps4-nuevo?referrer=catalog,0,8119789612,On Sale,,,https://images1.vinted.net/t/05_00e0e_4vWnRWCorVwk9AGkHujXxaWf/310x430/1770469512.webp?s=f7872e9999f99b32da442286609f0512ad93928d,1,2,ps4 nuevo,sony,,False,sony__toks__ps4-nuevo,ps4 nuevo | sony | 0,658,1,ps4 nuevo
Utawarerumono: Master of Truth,47.95,No brand,0,https://www.vinted.it/items/8119709110-utawarerumono-master-of-truth?referrer=catalog,0,8119709110,On Sale,,,https://images1.vinted.net/t/01_010a0_CfekxRjnbkusWseH5ZSu8Gxn/310x430/1770469071.webp?s=26e83fad95cc40b039aa29175d3a649e1f0409fd,1,2,utawarerumono master of truth,no brand,,False,no brand__toks__utawarerumono-master,utawarerumono master of truth | no brand | 0,421,2,utawarerumono master of truth deception
volante ps4,68.95,Lamborghini,0,https://www.vinted.it/items/8119702362-volante-ps4?referrer=catalog,1,8119702362,On Sale,,,https://images1.vinted.net/t/06_01c43_z8R9vFeZ9r1f4KiWhEf4JqgA/310x430/1770469033.webp?s=f92a300cf1b0b713de454ed1bbc08ead76147c43,1,2,volante ps4,lamborghini,,False,lamborghini__toks__volante-ps4,volante ps4 | lamborghini | 0,44,1,volante ps4
Virtua Fighter 5 Ultimate Shadown 2.0 PS4 neuf,131.95,No brand,0,https://www.vinted.it/items/8119674739-virtua-fighter-5-ultimate-shadown-20-ps4-neuf?referrer=catalog,2,8119674739,On Sale,,,https://images1.vinted.net/t/06_002b9_JcJqXHRXE8U49GToeaP5z1Yy/310x430/1770468882.webp?s=e7b113e5155567deab15776a78b1c0952baa2312,1,2,virtua fighter 5 ultimate shadown 2 0 ps4 neuf,no brand,,False,no brand__toks__virtua-fighter,virtua fighter 5 ultimate shadown 2 0 ps4 neuf | no brand | 0,433,1,virtua fighter ultimate shadown ps4 neuf
Utawarerumono: Prelude to the Fallen,84.7,No brand,0,https://www.vinted.it/items/8119650791-utawarerumono-prelude-to-the-fallen?referrer=catalog,1,8119650791,On Sale,,,https://images1.vinted.net/t/06_026a4_PBu6y7qhQp3cBazXwtdXcQDx/310x430/1770468751.webp?s=b1ddbd62bcbe10021d8deb99cde7bfd1e0e1e802,1,2,utawarerumono prelude to the fallen,no brand,,False,no brand__toks__utawarerumono-prelude,utawarerumono prelude to the fallen | no brand | 0,422,1,utawarerumono prelude to the fallen
Utawarerumono: ZAN Unmasked Edition,53.2,No brand,0,https://www.vinted.it/items/8119635051-utawarerumono-zan-unmasked-edition?referrer=catalog,1,8119635051,On Sale,,,https://images1.vinted.net/t/06_0231b_1SieTRG5jYvNFaoCDCcGVYBc/310x430/1770468665.webp?s=78f83e9b01e54b169cff2796e66d45575482b5a1,1,2,utawarerumono zan unmasked edition,no brand,,False,no brand__toks__utawarerumono-zan,utawarerumono zan unmasked edition | no brand | 0,423,1,utawarerumono zan unmasked edition
Salt and Sacrifice PS4 neuf,79.45,No brand,0,https://www.vinted.it/items/8119623866-salt-and-sacrifice-ps4-neuf?referrer=catalog,4,8119623866,On Sale,,,https://images1.vinted.net/t/06_022db_tfvK6hq7keW5yf5L38Xsf1UW/310x430/1770468604.webp?s=b4e0da2650a7b1e3ad74f53d1759b7c0c3e5eb50,1,2,salt and sacrifice ps4 neuf,no brand,,False,no brand__toks__salt-and,salt and sacrifice ps4 neuf | no brand | 0,361,1,salt and sacrifice ps4 neuf
Utawarerumono: Master of Deception,63.7,No brand,0,https://www.vinted.it/items/8119617729-utawarerumono-master-of-deception?referrer=catalog,8,8119617729,On Sale,,,https://images1.vinted.net/t/05_025e5_cdcY6W8jomXGDXxYCRPt1eEK/310x430/1770468570.webp?s=3763c8a8e7a64822147376b4524b82560df22456,1,2,utawarerumono master of deception,no brand,,False,no brand__toks__utawarerumono-master,utawarerumono master of deception | no brand | 0,421,2,utawarerumono master of truth deception
Lote demos PlayStation 2 precintadas,74.2,No brand,0,https://www.vinted.it/items/8119577088-lote-demos-playstation-2-precintadas?referrer=catalog,0,8119577088,On Sale,,,https://images1.vinted.net/t/04_02595_vpRjmGNyD8LKsK9F9PPYXEvC/310x430/1770468344.webp?s=fe08f4107054723ea4775c8c794d4313803ae7fd,1,2,lote demos playstation 2 precintadas,no brand,,False,no brand__toks__lote-demos,lote demos playstation 2 precintadas | no brand | 0,273,1,lote demos playstation precintadas
Turok ps4 limited run,126.7,No brand,0,https://www.vinted.it/items/8119567569-turok-ps4-limited-run?referrer=catalog,14,8119567569,On Sale,,,https://images1.vinted.net/t/05_00d64_emo3Fr1K21VJuhpewZbKpzKx/310x430/1770468292.webp?s=52fa6c0baf63468ea903dd264c7fda1296ce50cc,1,2,turok ps4 limited run,no brand,,False,no brand__toks__turok-ps4,turok ps4 limited run | no brand | 0,417,1,turok ps4 limited run
Stonefly collectors edition,42.7,No brand,0,https://www.vinted.it/items/8119506761-stonefly-collectors-edition?referrer=catalog,6,8119506761,On Sale,,,https://images1.vinted.net/t/03_006a3_XQqeZm7sLKfyRMnLV1mfSamh/310x430/1770467953.webp?s=ca52c80a4eca1ea5309d028ee04f6f28627306c3,1,2,stonefly collectors edition,no brand,,False,no brand__toks__stonefly-collectors,stonefly collectors edition | no brand | 0,387,1,stonefly collectors edition
Comando The last of us Edição especial Estátua Abby,194.95,PlayStation,0,https://www.vinted.it/items/8119305473-comando-the-last-of-us-edicao-especial-estatua-abby?referrer=catalog,0,8119305473,On Sale,,,https://images1.vinted.net/t/01_0119d_p27Ag7iChB82FjU1G21LoR3S/310x430/1770466818.webp?s=3edbaf93062177e7d9257d3debefd79196bf2254,1,2,comando the last of us edicao especial estatua abby,playstation,,False,playstation__toks__comando-the,comando the last of us edicao especial estatua abby | playstation | 0,476,1,comando the last of us edicao especial estatua
Call of Dutty MW 2 + Call of Dutty MW3 PS4 [Sin Abrir],73.15,No brand,0,https://www.vinted.it/items/8119284530-call-of-dutty-mw-2-call-of-dutty-mw3-ps4-sin-abrir?referrer=catalog,0,8119284530,On Sale,,,https://images1.vinted.net/t/05_012a1_8vBnrvfeUTDXRCnz1LFxaN3b/310x430/1770466697.webp?s=6818a91c7a6735137dbab57a9ed47295d1ec97f3,1,2,call of dutty mw 2 call of dutty mw3 ps4 sin abrir,no brand,,False,no brand__toks__call-of,call of dutty mw 2 call of dutty mw3 ps4 sin abrir | no brand | 0,135,1,call of dutty mw mw3 ps4 sin abrir
PlayStation 4  512 GB,147.7,PlayStation,0,https://www.vinted.it/items/8119248507-playstation-4-512-gb?referrer=catalog,0,8119248507,On Sale,,,https://images1.vinted.net/t/06_0232d_BTEduPnQ5oKWL1R7ivkd6NSa/310x430/1770466492.webp?s=667fbf0cd57af7340120f6d5f81a578ce331b619,1,2,playstation 4 512 gb,playstation,,False,playstation__codes__512,playstation 4 512 gb | playstation | 0,465,1,playstation 512 gb
Ninja Gaiden Master Collection PS4,95.2,No brand,0,https://www.vinted.it/items/8119129864-ninja-gaiden-master-collection-ps4?referrer=catalog,1,8119129864,On Sale,,,https://images1.vinted.net/t/01_001b7_h5jaDFkySTyd76wME3Eqc9Rz/310x430/1770465811.webp?s=8c9f4b779f80816bf0f84d52b2aff81cd77053b5,1,2,ninja gaiden master collection ps4,no brand,,False,no brand__toks__ninja-gaiden,ninja gaiden master collection ps4 | no brand | 0,300,2,ninja gaiden master collection ps4 ps5
Mouse piccola tastiera per console,63.7,Hori,0,https://www.vinted.it/items/8119111174-mouse-piccola-tastiera-per-console?referrer=catalog,0,8119111174,On Sale,,,https://images1.vinted.net/t/05_003eb_G9XjU3TiRXykQDKQaLWjnm82/310x430/1770465703.webp?s=5bb652ab98248bb02c5349cf0df2c2cbd0f770b5,1,2,mouse piccola tastiera per console,hori,,False,hori__toks__mouse-piccola,mouse piccola tastiera per console | hori | 0,24,1,mouse piccola tastiera per console
Volante y pedales para PS4 Y PS5,95.2,Thrustmaster,0,https://www.vinted.it/items/8119105632-volante-y-pedales-para-ps4-y-ps5?referrer=catalog,1,8119105632,On Sale,,,https://images1.vinted.net/t/05_011d4_uFfpdppY4g9eZk92Mq9rfvhb/310x430/1770465671.webp?s=c97a21eb3d74e9fac462f80840246897d5d94dc6,1,2,volante y pedales para ps4 y ps5,thrustmaster,,False,thrustmaster__toks__volante-pedales,volante y pedales para ps4 y ps5 | thrustmaster | 0,694,1,volante pedales para ps4 ps5
Volant ps4/5,53.2,Thrustmaster,0,https://www.vinted.it/items/8119017525-volant-ps45?referrer=catalog,0,8119017525,On Sale,,,https://images1.vinted.net/t/01_0199d_5zkfR9KXxqFkJdqJ7NxCM2zA/310x430/1770465158.webp?s=39a8a327601499cf0e450be704bec2f8a93f7618,1,2,volant ps4 5,thrustmaster,,False,thrustmaster__toks__volant-ps4,volant ps4 5 | thrustmaster | 0,692,1,volant ps4
Ninja Gaiden 4 PS5,42.7,No brand,0,https://www.vinted.it/items/8118965482-ninja-gaiden-4-ps5?referrer=catalog,5,8118965482,On Sale,,,https://images1.vinted.net/t/05_020d4_AroMC9GGoPreFvffygAsEFth/310x430/1770464857.webp?s=d72b2ed49f46169fd841997e97a02fbd94d8301b,1,2,ninja gaiden 4 ps5,no brand,,False,no brand__toks__ninja-gaiden,ninja gaiden 4 ps5 | no brand | 0,300,2,ninja gaiden master collection ps4 ps5
Jeu neuf ps4 hot wheels,53.2,No brand,0,https://www.vinted.it/items/8118960368-jeu-neuf-ps4-hot-wheels?referrer=catalog,0,8118960368,On Sale,,,https://images1.vinted.net/t/06_00e36_Rtnpv2CnXn7hyDbbmqhYMQr2/310x430/1770464827.webp?s=78f5258e464f1353bf4532ae29bf74cbd0b3f7dc,1,2,jeu neuf ps4 hot wheels,no brand,,False,no brand__toks__jeu-neuf,jeu neuf ps4 hot wheels | no brand | 0,230,1,jeu neuf ps4 hot wheels
Mandos para PlayStation 4 (3 Ud),53.19,No brand,0,https://www.vinted.it/items/8118938967-mandos-para-playstation-4-3-ud?referrer=catalog,0,8118938967,On Sale,,,https://images1.vinted.net/t/06_020b0_ZDhfPt4AtQ5YjNgdoCnX2H47/310x430/1770464703.webp?s=f2ec4022ec86ca4b5d644c49e7ad0abc27611d1a,1,2,mandos para playstation 4 3 ud,no brand,,False,no brand__toks__mandos-para,mandos para playstation 4 3 ud | no brand | 0,280,1,mandos para playstation ud
Thrustmaster T598 Direct Axial Drive + Volants GT3 & Rond + Pédalier,612.0,Thrustmaster,0,https://www.vinted.it/items/8118891847-thrustmaster-t598-direct-axial-drive-volants-gt3-rond-pedalier?referrer=catalog,1,8118891847,On Sale,,,https://images1.vinted.net/t/06_000d3_va5zShgqj5rnNiGbTwyL2jXd/310x430/1770464429.webp?s=0c560a5e04dcc0fabfbf900bcede4c60515479b9,1,2,thrustmaster t598 direct axial drive volants gt3 rond pedalier,thrustmaster,,False,thrustmaster__codes__t598,thrustmaster t598 direct axial drive volants gt3 rond pedalier | thrustmaster | 0,682,2,thrustmaster t598 direct axial drive volants gt3 rond
Rijlegging PS of Sweden maat 38 donkerblauw,68.95,PS of Sweden,M / IT 42 / EU 38,https://www.vinted.it/items/8118846053-rijlegging-ps-of-sweden-maat-38-donkerblauw?referrer=catalog,5,8118846053,On Sale,,,https://images1.vinted.net/t/05_00671_jRGZ7RZq2mB1L17vrNrRNHfu/310x430/1770464161.webp?s=c3295d8a60c0b60d838b9af112614e7af2fc8b05,1,2,rijlegging ps of sweden maat 38 donkerblauw,ps of sweden,,False,ps of sweden__codes__38,rijlegging ps of sweden maat 38 donkerblauw | ps of sweden | M / IT 42 / EU 38,583,1,rijlegging ps of sweden maat 38 donkerblauw
Broforce ps4 special reserve games neuf,74.2,No brand,0,https://www.vinted.it/items/8118795287-broforce-ps4-special-reserve-games-neuf?referrer=catalog,1,8118795287,On Sale,,,https://images1.vinted.net/t/06_01df2_Ptzet9tnG2U9Uif4jwnFGhEa/310x430/1770463865.webp?s=f0f458fe94d69979692398e364ed89e50aaa0d5c,1,2,broforce ps4 special reserve games neuf,no brand,,False,no brand__toks__broforce-ps4,broforce ps4 special reserve games neuf | no brand | 0,128,1,broforce ps4 special reserve games neuf
Pack Actua Soccer 1 y 3 PS1 Precintado,79.45,No brand,0,https://www.vinted.it/items/8118728678-pack-actua-soccer-1-y-3-ps1-precintado?referrer=catalog,1,8118728678,On Sale,,,https://images1.vinted.net/t/06_00909_j3NZVjWG1J1oD9f1bAhU4Zjv/310x430/1770463478.webp?s=2d86d658d524b00b0f791fb35020359d688eaae3,1,2,pack actua soccer 1 y 3 ps1 precintado,no brand,,False,no brand__toks__pack-actua,pack actua soccer 1 y 3 ps1 precintado | no brand | 0,306,1,pack actua soccer ps1 precintado
Volant Thrusmaster t248 (pc/ps5/ps4),221.2,Thrustmaster,0,https://www.vinted.it/items/8118716610-volant-thrusmaster-t248-pcps5ps4?referrer=catalog,3,8118716610,On Sale,,,https://images1.vinted.net/t/06_01535_ot31z6iiR6Uzn3ueSJgMjm8g/310x430/1770463407.webp?s=e20c762991238a750b322d38d8aad918224295fd,1,2,volant thrusmaster t248 pc ps5 ps4,thrustmaster,,False,thrustmaster__codes__t248,volant thrusmaster t248 pc ps5 ps4 | thrustmaster | 0,679,1,volant thrusmaster t248 pc ps5 ps4
Jeu disco elysium the final cut,84.7,No brand,0,https://www.vinted.it/items/8118704217-jeu-disco-elysium-the-final-cut?referrer=catalog,1,8118704217,On Sale,,,https://images1.vinted.net/t/04_01a32_YJt1ZtkEMmt3t5bFMccDYyMH/310x430/1770463335.webp?s=107d89b0e8640da2dfb50541b2dd61b10bdbff27,1,2,jeu disco elysium the final cut,no brand,,False,no brand__toks__jeu-disco,jeu disco elysium the final cut | no brand | 0,228,1,jeu disco elysium the final cut
Suporte Comando Call of Duty,53.2,No brand,0,https://www.vinted.it/items/8118683010-suporte-comando-call-of-duty?referrer=catalog,1,8118683010,On Sale,,,https://images1.vinted.net/t/05_01f01_hPo8np7ezMfgNMN7qGySR5SM/310x430/1770463210.webp?s=938c93550eb94ee91a738311b86dc87a918d5ae1,1,2,suporte comando call of duty,no brand,,False,no brand__toks__suporte-comando,suporte comando call of duty | no brand | 0,393,1,suporte comando call of duty
Sword of the Vagrant ps4,42.7,No brand,0,https://www.vinted.it/items/8118658504-sword-of-the-vagrant-ps4?referrer=catalog,1,8118658504,On Sale,,,https://images1.vinted.net/t/06_00819_NfLMnfkhSqPFmF2rGL1bFMXi/310x430/1770463068.webp?s=21c1e70ebd0e27273a19ac42f1378bbdce141fe6,1,2,sword of the vagrant ps4,no brand,,False,no brand__toks__sword-of,sword of the vagrant ps4 | no brand | 0,394,1,sword of the vagrant ps4
Suporte Comando Jinx Arcane,53.2,No brand,0,https://www.vinted.it/items/8118647936-suporte-comando-jinx-arcane?referrer=catalog,0,8118647936,On Sale,,,https://images1.vinted.net/t/04_01137_oanUaTTKhK5ABgHsMTMe63E4/310x430/1770463007.webp?s=2cafbe970ff0290774f355f15e64bcddc9b61d2d,1,2,suporte comando jinx arcane,no brand,,False,no brand__toks__suporte-comando,suporte comando jinx arcane | no brand | 0,392,1,suporte comando jinx arcane
Mortal Kombat 11 Premium Edition Ps4,42.7,No brand,0,https://www.vinted.it/items/8118554913-mortal-kombat-11-premium-edition-ps4?referrer=catalog,4,8118554913,On Sale,,,https://images1.vinted.net/t/06_013a6_dnq33Lor9tJ7UctXMNhL9meH/310x430/1770462462.webp?s=5120a4a30a0b69c62e839735d90d080273203f93,1,2,mortal kombat 11 premium edition ps4,no brand,,False,no brand__codes__11,mortal kombat 11 premium edition ps4 | no brand | 0,75,1,mortal kombat 11 premium edition ps4
Injustice 2 Legendary Edition Ps4,53.2,No brand,0,https://www.vinted.it/items/8118498741-injustice-2-legendary-edition-ps4?referrer=catalog,3,8118498741,On Sale,,,https://images1.vinted.net/t/05_0097e_oZvyBQygbs4ec3rVpnBBiYHq/310x430/1770462132.webp?s=6c7b95e324d7bf2a2f8cfb297052e45360444fe4,1,2,injustice 2 legendary edition ps4,no brand,,False,no brand__toks__injustice-legendary,injustice 2 legendary edition ps4 | no brand | 0,225,1,injustice legendary edition ps4
Undertale Ps4 Sealed,55.3,No brand,0,https://www.vinted.it/items/8118462875-undertale-ps4-sealed?referrer=catalog,4,8118462875,On Sale,,,https://images1.vinted.net/t/05_01deb_U54xC43upND52civGuvtDddW/310x430/1770461921.webp?s=61cf42b8bdb8a1e129572f1eb843093508a660f4,1,2,undertale ps4 sealed,no brand,,False,no brand__toks__undertale-ps4,undertale ps4 sealed | no brand | 0,419,1,undertale ps4 sealed
Trustmaster T300 + PlaySeat + PS4 + spellen,510.0,Thrustmaster,0,https://www.vinted.it/items/8118419883-trustmaster-t300-playseat-ps4-spellen?referrer=catalog,0,8118419883,On Sale,,,https://images1.vinted.net/t/05_004f7_36yknF6qCz6hKuzGXMyeMNAc/310x430/1770461667.webp?s=c0f82d49abc1a4504cc24bb770d0e41fb70afeea,1,2,trustmaster t300 playseat ps4 spellen,thrustmaster,,False,thrustmaster__codes__t300,trustmaster t300 playseat ps4 spellen | thrustmaster | 0,681,1,trustmaster t300 playseat ps4 spellen
Zone of the Enders Ps4,42.7,No brand,0,https://www.vinted.it/items/8118404927-zone-of-the-enders-ps4?referrer=catalog,1,8118404927,On Sale,,,https://images1.vinted.net/t/05_00c35_txF3Kbv9kTTsRuQHtxNqerpC/310x430/1770461577.webp?s=4a9b852a5d7ebe7d2079990237aa70fca7afd226,1,2,zone of the enders ps4,no brand,,False,no brand__toks__zone-of,zone of the enders ps4 | no brand | 0,445,1,zone of the enders ps4
Lote 7 Juegos FIFA PS4 Precintados,105.7,No brand,0,https://www.vinted.it/items/8118393620-lote-7-juegos-fifa-ps4-precintados?referrer=catalog,0,8118393620,On Sale,,,https://images1.vinted.net/t/06_02547_DHyeLCr8Wop7PKicEzhb1j72/310x430/1770461510.webp?s=786fb339027087d2e0d3291b348ce7b19f9cd7c5,1,2,lote 7 juegos fifa ps4 precintados,no brand,,False,no brand__toks__lote-juegos,lote 7 juegos fifa ps4 precintados | no brand | 0,274,1,lote juegos fifa ps4 precintados
Volante racing apex playstation,103.6,Hori,0,https://www.vinted.it/items/8118375485-volante-racing-apex-playstation?referrer=catalog,0,8118375485,On Sale,,,https://images1.vinted.net/t/05_0095e_TpiynJeDhJc3eXC66gu7cWm6/310x430/1770461403.webp?s=7d975ac20c3226949f6a848ac66cd05c81aa4a5f,1,2,volante racing apex playstation,hori,,False,hori__toks__volante-racing,volante racing apex playstation | hori | 0,32,1,volante racing apex playstation
Jeux PS4,84.7,No brand,0,https://www.vinted.it/items/8118354294-jeux-ps4?referrer=catalog,0,8118354294,On Sale,,,https://images1.vinted.net/t/06_00d4c_Fq2dq98WcPwv8LzsJprX4TLi/310x430/1770461277.webp?s=06927dc7cb4b7e7432070b3b6d78fb40b9b7e454,1,2,jeux ps4,no brand,,False,no brand__toks__jeux-ps4,jeux ps4 | no brand | 0,244,2,jeux ps4 les schtroumpfs
Frostpunk console edition ps4 🇲🇫,47.95,No brand,0,https://www.vinted.it/items/8118330571-frostpunk-console-edition-ps4?referrer=catalog,1,8118330571,On Sale,,,https://images1.vinted.net/t/05_0115d_yioJVehHb85DB4JkRWiAQJqn/310x430/1770461136.webp?s=ee1e652698a9b0e1aae3264b7a03961143555a76,1,2,frostpunk console edition ps4,no brand,,False,no brand__toks__frostpunk-console,frostpunk console edition ps4 | no brand | 0,200,1,frostpunk console edition ps4
Volante di guida con pedali,263.2,Si,0,https://www.vinted.it/items/8118313948-volante-di-guida-con-pedali?referrer=catalog,0,8118313948,On Sale,,,https://images1.vinted.net/t/05_00caf_AwgCQuxsK31v3NSqi11W2d5Q/310x430/1770461037.webp?s=0cd2f01ed54a528421e7bb68ef0d19a371e4171c,1,2,volante di guida con pedali,si,,False,si__toks__volante-di,volante di guida con pedali | si | 0,606,1,volante di guida con pedali
FIFA 2026,42.7,No brand,0,https://www.vinted.it/items/8118283130-fifa-2026?referrer=catalog,1,8118283130,On Sale,,,https://images1.vinted.net/t/05_01bd3_oDaeaSkGJ1wYMk5psE9j3we1/310x430/1770460851.webp?s=295557cac5f585bdbec362b02be0565171944f68,1,2,fifa 2026,no brand,,False,no brand__codes__2026,fifa 2026 | no brand | 0,86,2,fifa 2026
SSD Lexar NM790 8to,693.6,Lexar,0,https://www.vinted.it/items/8118244161-ssd-lexar-nm790-8to?referrer=catalog,0,8118244161,On Sale,,,https://images1.vinted.net/t/06_00901_c2MqMSQvcjK8ChFg1RnycbHH/310x430/1770460732.webp?s=a15b41ae60c261c5d79f986319594e561de28e82,1,2,ssd lexar nm790 8to,lexar,,False,lexar__codes__nm790,ssd lexar nm790 8to | lexar | 0,46,1,ssd lexar nm790 8to
Play 4,105.7,Play,0,https://www.vinted.it/items/8118201774-play-4?referrer=catalog,0,8118201774,On Sale,,,https://images1.vinted.net/t/05_020f2_MKaccAqnaHHBxYxQgYufgPCF/310x430/1770460357.webp?s=2c3e9b40646ea8a492724b89fc3cb9ae1d4aff58,1,2,play 4,play,,False,play__toks__play,play 4 | play | 0,456,1,play
Injustice 2 Deluxe edition Ps4,53.2,No brand,0,https://www.vinted.it/items/8118197298-injustice-2-deluxe-edition-ps4?referrer=catalog,2,8118197298,On Sale,,,https://images1.vinted.net/t/05_0035a_1ymbVBdcUaT5v2gjDgUX4hWC/310x430/1770460329.webp?s=e55d5053238cc0f350d5053b530e417bbf61b18b,1,2,injustice 2 deluxe edition ps4,no brand,,False,no brand__toks__injustice-deluxe,injustice 2 deluxe edition ps4 | no brand | 0,224,1,injustice deluxe edition ps4
Manette ps4,47.95,NACON,0,https://www.vinted.it/items/8118183081-manette-ps4?referrer=catalog,0,8118183081,On Sale,,,https://images1.vinted.net/t/01_00a0f_U8hCBgacFmFGivEvf2Hji5gw/310x430/1770460242.webp?s=53271c503441041c825bd1fbea85e1216f2cc52f,1,2,manette ps4,nacon,,False,nacon__toks__manette-ps4,manette ps4 | nacon | 0,65,1,manette ps4
Kit Volant Console,95.2,PlayStation,0,https://www.vinted.it/items/8118181959-kit-volant-console?referrer=catalog,0,8118181959,On Sale,,,https://images1.vinted.net/t/06_022ab_miStE6oRdQs8QDQdiCqBhqYL/310x430/1770460235.webp?s=73de35731ee7aa444cd70753173c28e724638fe5,1,2,kit volant console,playstation,,False,playstation__toks__kit-volant,kit volant console | playstation | 0,491,1,kit volant console
Life is strange 2 coleccionista,242.2,No brand,0,https://www.vinted.it/items/8118085716-life-is-strange-2-coleccionista?referrer=catalog,6,8118085716,On Sale,,,https://images1.vinted.net/t/06_01561_MkGZFsTdfMWuNNk7K8GXCnqk/310x430/1770459632.webp?s=af429e02c1edb4be27393b9ffa0415aef2c3c5fa,1,2,life is strange 2 coleccionista,no brand,,False,no brand__toks__life-is,life is strange 2 coleccionista | no brand | 0,264,1,life is strange coleccionista
Ps4 neuve de 2024,158.2,PlayStation,0,https://www.vinted.it/items/8118050092-ps4-neuve-de-2024?referrer=catalog,0,8118050092,On Sale,,,https://images1.vinted.net/t/01_00793_1jbrpMuohe49XP5stNVkVEqi/310x430/1770459406.webp?s=16a293a41fd1b7a885e75a62fb98f4236967df3c,1,2,ps4 neuve de 2024,playstation,,False,playstation__codes__2024,ps4 neuve de 2024 | playstation | 0,462,1,ps4 neuve de 2024
Volante Hori RWA Racing Wheel Apex PS5/PS4,68.95,Apex,0,https://www.vinted.it/items/8118003827-volante-hori-rwa-racing-wheel-apex-ps5ps4?referrer=catalog,0,8118003827,On Sale,,,https://images1.vinted.net/t/04_01d45_bfP2fMt2L1poCKGoW4jwRkec/310x430/1770459108.webp?s=deb3fc60361099dc218c4c94bccc8c71b4170437,1,2,volante hori rwa racing wheel apex ps5 ps4,apex,,False,apex__toks__volante-hori,volante hori rwa racing wheel apex ps5 ps4 | apex | 0,3,1,volante hori rwa racing wheel apex ps5 ps4
PlayStation 4 con controller,315.7,PlayStation,0,https://www.vinted.it/items/8117902899-playstation-4-con-controller?referrer=catalog,0,8117902899,On Sale,,,https://images1.vinted.net/t/06_00a97_d5YYDB36gsRWt274crY5Egc5/310x430/1770458430.webp?s=9ee94750c95f9e3b3e309224c1ac688f38243351,1,2,playstation 4 con controller,playstation,,False,playstation__toks__playstation-con,playstation 4 con controller | playstation | 0,511,1,playstation con controller
Lot 2 jeux pour console PlayStation 5 neuf,74.2,No brand,0,https://www.vinted.it/items/8117851821-lot-2-jeux-pour-console-playstation-5-neuf?referrer=catalog,2,8117851821,On Sale,,,https://images1.vinted.net/t/06_00ccb_DGNK2M4aErpzR9R1QpcdVKGd/310x430/1770458081.webp?s=036373d853b4c6f3904a545e43c8cda59e3dc17b,1,2,lot 2 jeux pour console playstation 5 neuf,no brand,,False,no brand__toks__lot-jeux,lot 2 jeux pour console playstation 5 neuf | no brand | 0,271,3,lot jeux pour console playstation neuf ps4
Metro Exodus Aurora Limited Edition,47.95,No brand,0,https://www.vinted.it/items/8117839677-metro-exodus-aurora-limited-edition?referrer=catalog,12,8117839677,On Sale,,,https://images1.vinted.net/t/05_00426_CC5thGMHu8UUJ1PKvzbYr71W/310x430/1770457996.webp?s=efaad9317f12463769b63f2a498a90b056a4d141,1,2,metro exodus aurora limited edition,no brand,,False,no brand__toks__metro-exodus,metro exodus aurora limited edition | no brand | 0,294,3,metro exodus aurora edition ps4 limitee steelbook limited
Resident Evil 4 Chainsaw Controller Playstation 2 PS2 Capcom 2005 Limited Edition,610.98,Capcom,0,https://www.vinted.it/items/8117837112-resident-evil-4-chainsaw-controller-playstation-2-ps2-capcom-2005-limited-edition?referrer=catalog,35,8117837112,On Sale,,,https://images1.vinted.net/t/05_00567_TWF9LDkQGK9PW9GruzWkMwtn/310x430/1770457979.webp?s=07bb26addac8b7c879d23f20dcc6a4be756b19be,1,2,resident evil 4 chainsaw controller playstation 2 ps2 capcom 2005 limited edition,capcom,,False,capcom__codes__2005,resident evil 4 chainsaw controller playstation 2 ps2 capcom 2005 limited edition | capcom | 0,9,1,resident evil chainsaw controller playstation ps2 capcom 2005
Je vends la Play 235 €,247.45,Play,0,https://www.vinted.it/items/8117782922-je-vends-la-play-235-eu?referrer=catalog,0,8117782922,On Sale,,,https://images1.vinted.net/t/05_00406_N366e2Aw6vCbn1VvzeWi28Uw/310x430/1770457595.webp?s=b2cfa5cd6491af3ee3a1026020e7f01242f87753,1,2,je vends la play 235,play,,False,play__codes__235,je vends la play 235 | play | 0,453,1,je vends la play 235
Lotto di 10 giochi per PS4,126.7,No brand,0,https://www.vinted.it/items/8117755412-lotto-di-10-giochi-per-ps4-ps5-e-psp-guarda-descrizione?referrer=catalog,0,8117755412,On Sale,,,https://images1.vinted.net/t/05_0237a_fNEg83h52AmPQfbJUrW9JB2L/310x430/1770457392.webp?s=f317c14d99ff92e85c3c0ddcfeaf01a6b7d3d05a,1,2,lotto di 10 giochi per ps4,no brand,lotto,True,no brand__codes__10,lotto di 10 giochi per ps4 | no brand | 0,73,3,10 ps4 lotto di giochi per jogos unidades
Celeste ps4 Nuevo,79.45,No brand,0,https://www.vinted.it/items/8117733693-celeste-ps4-nuevo?referrer=catalog,6,8117733693,On Sale,,,https://images1.vinted.net/t/05_01d37_EpUz9uDRQA5S4pwLvG6vJhPa/310x430/1770457230.webp?s=412964c90e6673353a292b446793477ea8f0e544,1,2,celeste ps4 nuevo,no brand,,False,no brand__toks__celeste-ps4,celeste ps4 nuevo | no brand | 0,144,1,celeste ps4 nuevo
Jeu PS4 Utawarerumono : Mask of Truth - Neuf sous blister,84.7,No brand,0,https://www.vinted.it/items/8117385252-jeu-ps4-utawarerumono-mask-of-truth-neuf-sous-blister?referrer=catalog,1,8117385252,On Sale,,,https://images1.vinted.net/t/05_0029b_We5ChapZ1MbyT3eRKoCcnyBK/310x430/1770454192.webp?s=57258d5f6ec060ad54bc598ad162f373daf9ae91,1,2,jeu ps4 utawarerumono mask of truth neuf sous blister,no brand,,False,no brand__toks__jeu-ps4,jeu ps4 utawarerumono mask of truth neuf sous blister | no brand | 0,238,2,jeu ps4 utawarerumono mask of neuf sous blister
Jeu The Last of us 2,42.7,No brand,0,https://www.vinted.it/items/8117677391-jeu-the-last-of-us-2?referrer=catalog,11,8117677391,On Sale,,,https://images1.vinted.net/t/05_01ef1_hvLQKgc2CTsgKhJ6BFbPXJMb/310x430/1770456794.webp?s=ae056f4092f5ecf3e6813d6dc1ab1d0db953dc0d,1,2,jeu the last of us 2,no brand,,False,no brand__toks__jeu-the,jeu the last of us 2 | no brand | 0,242,1,jeu the last of us
Set giochi PS4,53.2,No brand,0,https://www.vinted.it/items/8117675391-set-giochi-ps4?referrer=catalog,0,8117675391,On Sale,,,https://images1.vinted.net/t/06_021f6_5oDyhcfGG3apNZ8XZZy8tGJz/310x430/1770456779.webp?s=b7cf080ef6ce91b569e33700778a2d5ba5bc25c8,1,2,set giochi ps4,no brand,,False,no brand__toks__set-giochi,set giochi ps4 | no brand | 0,368,2,set giochi ps4
Aeterna Noctis Caos BOX Edition ps4 Precintado,51.1,No brand,0,https://www.vinted.it/items/8117674974-aeterna-noctis-caos-box-edition-ps4-precintado?referrer=catalog,0,8117674974,On Sale,,,https://images1.vinted.net/t/05_00138_L7WE23eXStWChu3siSDtBo3c/310x430/1770456775.webp?s=aae5ff0a9a57a5d9c9285922462120344b65acc1,1,2,aeterna noctis caos box edition ps4 precintado,no brand,,False,no brand__toks__aeterna-noctis,aeterna noctis caos box edition ps4 precintado | no brand | 0,97,1,aeterna noctis caos box edition ps4 precintado
Fallout ranger McFarlane elite figurine new,158.2,No brand,0,https://www.vinted.it/items/8117669282-fallout-ranger-mcfarlane-elite-figurine-new?referrer=catalog,20,8117669282,On Sale,,,https://images1.vinted.net/t/06_02425_bx6F4bnwTYhtZ8Wwciad2yct/310x430/1770456730.webp?s=9dbbabc803d27bafbff6e2ff36ff1a9d612f1fd9,1,2,fallout ranger mcfarlane elite figurine new,no brand,,False,no brand__toks__fallout-ranger,fallout ranger mcfarlane elite figurine new | no brand | 0,190,1,fallout ranger mcfarlane elite figurine new
🎮 The Witcher 3: Wild Hunt – Complete Edition (PS5) Édition 10th Anniversary – Exclusivité Pologne,84.65,No brand,0,https://www.vinted.it/items/8117647816-the-witcher-3-wild-hunt-complete-edition-ps5-edition-10th-anniversary-exclusivite-pologne?referrer=catalog,33,8117647816,On Sale,,,https://images1.vinted.net/t/06_00151_3bxmRNScv6J9Eygx4QcwhyxS/310x430/1770456561.webp?s=4677a6570fcaf17b2ff0376eb752eaf77dfeaa78,1,2,the witcher 3 wild hunt complete edition ps5 edition 10th anniversary exclusivite pologne,no brand,,False,no brand__toks__the-witcher,the witcher 3 wild hunt complete edition ps5 edition 10th anniversary exclusivite pologne | no brand | 0,412,1,edition the witcher wild hunt complete ps5 10th
Shenmue 3 collector,74.2,No brand,0,https://www.vinted.it/items/8117643871-shenmue-3-collector?referrer=catalog,2,8117643871,On Sale,,,https://images1.vinted.net/t/06_00464_1JoP7HqLtzfvnnXtuCdTFHEG/310x430/1770456529.webp?s=7ad7c637657b3314c5cd7cb5e05a6562d33f2f66,1,2,shenmue 3 collector,no brand,,False,no brand__toks__shenmue-collector,shenmue 3 collector | no brand | 0,370,1,shenmue collector
Desperados 3 ps4 collector,83.65,No brand,0,https://www.vinted.it/items/8117624353-desperados-3-ps4-collector?referrer=catalog,4,8117624353,On Sale,,,https://images1.vinted.net/t/01_00515_emUoxTsvcx9g9vCASqMS6jWS/310x430/1770456374.webp?s=28e92514ba7cf8cab8fce737b02145291299b4b5,1,2,desperados 3 ps4 collector,no brand,,False,no brand__toks__desperados-ps4,desperados 3 ps4 collector | no brand | 0,166,2,desperados ps4 collector
Lotto giochi PS4,47.95,No brand,0,https://www.vinted.it/items/8117583526-lotto-giochi-ps4?referrer=catalog,0,8117583526,On Sale,,,https://images1.vinted.net/t/06_004cb_1XqxuXhe621vP98QSpemv19r/310x430/1770456038.webp?s=2a89e8f5322cc3d445000519aa8bf5e5e78088c3,1,2,lotto giochi ps4,no brand,lotto,True,no brand__toks__lotto-giochi,lotto giochi ps4 | no brand | 0,275,4,lotto giochi ps4 playstation testati funzionanti
Desperados 3 ps4 collector,83.65,No brand,0,https://www.vinted.it/items/8117624353-desperados-3-ps4-collector?referrer=catalog,4,8117624353,On Sale,,,https://images1.vinted.net/t/01_00515_emUoxTsvcx9g9vCASqMS6jWS/310x430/1770456374.webp?s=28e92514ba7cf8cab8fce737b02145291299b4b5,1,3,desperados 3 ps4 collector,no brand,,False,no brand__toks__desperados-ps4,desperados 3 ps4 collector | no brand | 0,166,2,desperados ps4 collector
Lotto giochi PS4,47.95,No brand,0,https://www.vinted.it/items/8117583526-lotto-giochi-ps4?referrer=catalog,0,8117583526,On Sale,,,https://images1.vinted.net/t/06_004cb_1XqxuXhe621vP98QSpemv19r/310x430/1770456038.webp?s=2a89e8f5322cc3d445000519aa8bf5e5e78088c3,1,3,lotto giochi ps4,no brand,lotto,True,no brand__toks__lotto-giochi,lotto giochi ps4 | no brand | 0,275,4,lotto giochi ps4 playstation testati funzionanti
Astalon Tears of the Earth Playstation 4 PS4,63.69,No brand,0,https://www.vinted.it/items/8117536975-astalon-tears-of-the-earth-playstation-4-ps4?referrer=catalog,0,8117536975,On Sale,,,https://images1.vinted.net/t/06_02235_FhrcoL1zMcPryUB1WaxyaTe8/310x430/1770455641.webp?s=ed3a72282106bbed606c7e6fa6e24f3072982210,1,3,astalon tears of the earth playstation 4 ps4,no brand,,False,no brand__toks__astalon-tears,astalon tears of the earth playstation 4 ps4 | no brand | 0,106,1,astalon tears of the earth playstation ps4
Lost ruins ps4 neuf sous blister version européenne,42.7,No brand,0,https://www.vinted.it/items/8117466064-lost-ruins-ps4-neuf-sous-blister-version-europeenne?referrer=catalog,4,8117466064,On Sale,,,https://images1.vinted.net/t/03_01080_YtaWXYpUeo8qMemwTzRy9VmH/310x430/1770454999.webp?s=4f0af018f8516c90e69099ce57282e6e40afb89e,1,3,lost ruins ps4 neuf sous blister version europeenne,no brand,,False,no brand__toks__lost-ruins,lost ruins ps4 neuf sous blister version europeenne | no brand | 0,269,1,lost ruins ps4 neuf sous blister version europeenne
Jeu PS4 Utawarerumono : Mask of Deception - Neuf sous blister,89.95,No brand,0,https://www.vinted.it/items/8117365890-jeu-ps4-utawarerumono-mask-of-deception-neuf-sous-blister?referrer=catalog,5,8117365890,On Sale,,,https://images1.vinted.net/t/06_0226e_p8PoX5U1g8nvsomCNt4RQPEQ/310x430/1770453986.webp?s=a55f9d3c7958d9843604339a495137fb88c7f3b1,1,3,jeu ps4 utawarerumono mask of deception neuf sous blister,no brand,,False,no brand__toks__jeu-ps4,jeu ps4 utawarerumono mask of deception neuf sous blister | no brand | 0,238,2,jeu ps4 utawarerumono mask of neuf sous blister
Ps4 pro 1 terabyte,158.2,Sony,0,https://www.vinted.it/items/8117345685-ps4-pro-1-terabyte?referrer=catalog,2,8117345685,On Sale,,,https://images1.vinted.net/t/06_003d8_qumDLrdC3mjxQLRrt1M7XFTH/310x430/1770453768.webp?s=babae55ebd9baab3718fa758a1164a3f4158e316,1,3,ps4 pro 1 terabyte,sony,,False,sony__toks__ps4-pro,ps4 pro 1 terabyte | sony | 0,661,4,ps4 pro terabyte 1to comme neuve
Doom + Doom Eternal + Doom the dark ages - PS4 - PS5,116.2,No brand,0,https://www.vinted.it/items/8117267361-doom-doom-eternal-doom-the-dark-ages-ps4-ps5?referrer=catalog,0,8117267361,On Sale,,,https://images1.vinted.net/t/05_00977_ti9ey4kPsruNJfUrFUrFDiz1/310x430/1770452845.webp?s=e3d4d497675db6935d644c4cd9b9eb30899a4b85,1,3,doom doom eternal doom the dark ages ps4 ps5,no brand,,False,no brand__toks__doom-doom,doom doom eternal doom the dark ages ps4 ps5 | no brand | 0,178,1,doom eternal the dark ages ps4 ps5
Watchdogs collector PS4,52.15,No brand,0,https://www.vinted.it/items/8117256298-watchdogs-collector-ps4?referrer=catalog,8,8117256298,On Sale,,,https://images1.vinted.net/t/05_0162f_7ZeU85bKyPpHmXv18bKr6qd7/310x430/1770452706.webp?s=d5e44ff434d31b4bc80d4c0823890c0d7417727e,1,3,watchdogs collector ps4,no brand,,False,no brand__toks__watchdogs-collector,watchdogs collector ps4 | no brand | 0,437,1,watchdogs collector ps4
Volant Lamborghini,58.45,Lamborghini,0,https://www.vinted.it/items/8117239422-volant-lamborghini?referrer=catalog,0,8117239422,On Sale,,,https://images1.vinted.net/t/04_003e7_Lk3FAgavLTUR5EbGewNBWj1y/310x430/1770452488.webp?s=aadeeb6b479383f2a90ba73eecf0fe3264b9538b,1,3,volant lamborghini,lamborghini,,False,lamborghini__toks__volant-lamborghini,volant lamborghini | lamborghini | 0,43,1,volant lamborghini
Lotto giochi PS4 testati e funzionanti PlayStation 4,100.35,No brand,0,https://www.vinted.it/items/8117127901-lotto-giochi-ps4-testati-e-funzionanti-playstation-4?referrer=catalog,0,8117127901,On Sale,,,https://images1.vinted.net/t/06_0100b_MUpSY8oiYckjZhgX5ZAkPMYn/310x430/1770450833.webp?s=62f05276cac6c6cd11f92565066624d45868511c,1,3,lotto giochi ps4 testati e funzionanti playstation 4,no brand,lotto,True,no brand__toks__lotto-giochi,lotto giochi ps4 testati e funzionanti playstation 4 | no brand | 0,275,4,lotto giochi ps4 playstation testati funzionanti
Mass Effect - Legendary edition & Andromeda -PS4,105.7,No brand,0,https://www.vinted.it/items/8117119845-mass-effect-legendary-edition-andromeda-ps4?referrer=catalog,0,8117119845,On Sale,,,https://images1.vinted.net/t/06_00d17_SGeYLq4gdKjXpiuSSFDC53RJ/310x430/1770451584.webp?s=76eef0065b0060d5c0481ea785910f79aaec82dd,1,3,mass effect legendary edition andromeda ps4,no brand,,False,no brand__toks__mass-effect,mass effect legendary edition andromeda ps4 | no brand | 0,285,3,mass effect legendary edition ps4 andromeda
Volant Logitech G29 Playstation,189.7,Logitech,0,https://www.vinted.it/items/8117028568-volant-logitech-g29-playstation?referrer=catalog,1,8117028568,On Sale,,,https://images1.vinted.net/t/01_00eff_9jTNXcxo5h7E4V82KKC5LoxM/310x430/1770448758.webp?s=d2005398d89d6da77020a171d4ff1ef9a50fd938,1,3,volant logitech g29 playstation,logitech,,False,logitech__codes__g29,volant logitech g29 playstation | logitech | 0,49,14,g29 logitech volante volant pedales de vitesse ps4
Stick arcade néo geo x,105.7,SNK,0,https://www.vinted.it/items/8117002492-stick-arcade-neo-geo-x?referrer=catalog,7,8117002492,On Sale,,,https://images1.vinted.net/t/05_00237_vEcGc5aNVfxo7W7W8R6g2wnR/310x430/1770448020.webp?s=b47b534eed0278e0d4c4e83a41216d96f434df6c,1,3,stick arcade neo geo x,snk,,False,snk__toks__stick-arcade,stick arcade neo geo x | snk | 0,608,1,stick arcade neo geo
Comando PS4 e PS5 e GTA 5,53.2,Batman,0,https://www.vinted.it/items/8116962336-comando-ps4-e-ps5-e-gta-5?referrer=catalog,0,8116962336,On Sale,,,https://images1.vinted.net/t/05_0070a_SS2imYNQBCkmFXZT7dzpRfGC/310x430/1770446576.webp?s=a80c5f78157f5961103fd3b98d2b8edd1f203960,1,3,comando ps4 e ps5 e gta 5,batman,,False,batman__toks__comando-ps4,comando ps4 e ps5 e gta 5 | batman | 0,8,1,comando ps4 ps5 gta
Samsung Galaxy A36 A366 5G 256GB 8GB RAM Dual Sim Nero 5000Mah 6,273.6,Samsung,0,https://www.vinted.it/items/8116916488-samsung-galaxy-a36-a366-5g-256gb-8gb-ram-dual-sim-nero-5000mah-67-amoled-fhd?referrer=catalog,0,8116916488,On Sale,,,https://images1.vinted.net/t/06_015f4_n8Jp7cnJrv7gzYAu5VvPNz4e/310x430/1770443961.webp?s=6ba8b3104854b36ae2cb5efaafcd51ed34934088,1,3,samsung galaxy a36 a366 5g 256gb 8gb ram dual sim nero 5000mah 6,samsung,,False,samsung__codes__a36-a366,samsung galaxy a36 a366 5g 256gb 8gb ram dual sim nero 5000mah 6 | samsung | 0,601,1,samsung galaxy a36 a366 5g 256gb 8gb ram
PlayStation 4+ jogos+ comando azul,95.2,PlayStation,0,https://www.vinted.it/items/8114282769-playstation-4-jogos-comando-azul?referrer=catalog,10,8114282769,On Sale,,,https://images1.vinted.net/t/05_024e0_ewRSpoHQT1kEU6cx9pr45vTM/310x430/1770395973.webp?s=75c914fc47013b382b120fe59c76f7fcfab96a15,1,3,playstation 4 jogos comando azul,playstation,,False,playstation__toks__playstation-jogos,playstation 4 jogos comando azul | playstation | 0,517,1,playstation jogos comando azul
Volante Gaming FR-TEC Suzuka PS4/PC + Pedales,68.95,FR-TEC,0,https://www.vinted.it/items/8116816648-volante-gaming-fr-tec-suzuka-ps4pc-pedales?referrer=catalog,0,8116816648,On Sale,,,https://images1.vinted.net/t/05_02262_AbhNqQixKUScc4Vsmzr54kkX/310x430/1770426677.webp?s=0a00f1401d412fb91d46d7ca6a328008f28de934,1,3,volante gaming fr tec suzuka ps4 pc pedales,fr tec,,False,fr tec__toks__volante-gaming,volante gaming fr tec suzuka ps4 pc pedales | fr tec | 0,20,1,volante gaming fr tec suzuka ps4 pc pedales
Playstation 4,168.7,PlayStation,0,https://www.vinted.it/items/8116742077-playstation-4?referrer=catalog,0,8116742077,On Sale,,,https://images1.vinted.net/t/01_0217b_PBGBZZYWPDUBpAq44HYK5AfR/310x430/1770421849.webp?s=9802b9061b51018bd2e01e3120d9b85ef1e85836,1,3,playstation 4,playstation,,False,playstation__toks__playstation,playstation 4 | playstation | 0,506,15,playstation
Assassin's Creed syndacate steelbook edition ps4,67.89,No brand,0,https://www.vinted.it/items/8116725831-assassins-creed-syndacate-steelbook-edition-ps4?referrer=catalog,1,8116725831,On Sale,,,https://images1.vinted.net/t/04_0237d_rykBkcbaskthPJQy6y5DZRJA/310x430/1770421197.webp?s=aaa54ea2c8321d54a170c7cae92eae3ca9a68783,1,3,assassin s creed syndacate steelbook edition ps4,no brand,,False,no brand__toks__assassin-creed,assassin s creed syndacate steelbook edition ps4 | no brand | 0,102,2,assassin creed edition ps4 syndacate steelbook unity notre
Fight’N Rage PS4 – Edición inglesa – Precintado,63.7,No brand,0,https://www.vinted.it/items/8116691334-fightn-rage-ps4-edicion-inglesa-precintado?referrer=catalog,1,8116691334,On Sale,,,https://images1.vinted.net/t/05_01b24_MRkbrg9aL3E1CLkuoDzag27P/310x430/1770420034.webp?s=f63500f6532fc72160a3eee26eb882784aeeae93,1,3,fight n rage ps4 edicion inglesa precintado,no brand,,False,no brand__toks__fight-rage,fight n rage ps4 edicion inglesa precintado | no brand | 0,193,1,fight rage ps4 edicion inglesa precintado
juegos,189.7,No brand,0,https://www.vinted.it/items/8116672376-juegos?referrer=catalog,0,8116672376,On Sale,,,https://images1.vinted.net/t/06_00206_tjtSQdTRbRmD5nJGi75aYrh4/310x430/1770419475.webp?s=ce8b92b6ea957fc73af39845d8bd1fd931704efd,1,3,juegos,no brand,,False,no brand__toks__juegos,juegos | no brand | 0,253,1,juegos
Marvel avengers ps4 collector,126.7,No brand,0,https://www.vinted.it/items/8116669130-marvel-avengers-ps4-collector?referrer=catalog,0,8116669130,On Sale,,,https://images1.vinted.net/t/05_01821_PX3q3h7RrGr97NpFxaPzeV5j/310x430/1770419384.webp?s=de2a2c455df497bc22fc8b1135aafd6699bc728e,1,3,marvel avengers ps4 collector,no brand,,False,no brand__toks__marvel-avengers,marvel avengers ps4 collector | no brand | 0,283,1,marvel avengers ps4 collector
Final Fantasy VII Remake - Deluxe Edition (PS4),79.45,No brand,0,https://www.vinted.it/items/8116657812-final-fantasy-vii-remake-deluxe-edition-ps4?referrer=catalog,0,8116657812,On Sale,,,https://images1.vinted.net/t/04_005fd_ty1qDWEuS6urWxmhEh2g9sbP/310x430/1770419074.webp?s=14502042d3bfc18e7ede0d529d759717a99b8ba2,1,3,final fantasy vii remake deluxe edition ps4,no brand,,False,no brand__toks__final-fantasy,final fantasy vii remake deluxe edition ps4 | no brand | 0,194,7,final fantasy edition ps4 remake deluxe vii precintado
FIFA 26 PlayStation 4,53.2,No brand,0,https://www.vinted.it/items/8116578417-fifa-26-playstation-4?referrer=catalog,0,8116578417,On Sale,,,https://images1.vinted.net/t/06_00fb5_oY2DJkqZkpt2ppbEf3zK4btc/310x430/1770417289.webp?s=beec7390ba7fbfce1dbed3c4e4323cb98800d498,1,3,fifa 26 playstation 4,no brand,,False,no brand__codes__26,fifa 26 playstation 4 | no brand | 0,88,10,26 fifa ps4 fc playstation jeux ps neuf
Pack démarrage PS4 - Skylanders - Imaginators neuf avec sticker,131.95,No brand,0,https://www.vinted.it/items/8116531030-pack-demarrage-ps4-skylanders-imaginators-neuf-avec-sticker?referrer=catalog,4,8116531030,On Sale,,,https://images1.vinted.net/t/06_01f9e_cy72aaxKT751G8tqJNWT5pWV/310x430/1770416418.webp?s=4749781f1f573e653adb06b41b8149c9a9ba51b6,1,3,pack demarrage ps4 skylanders imaginators neuf avec sticker,no brand,,False,no brand__toks__pack-demarrage,pack demarrage ps4 skylanders imaginators neuf avec sticker | no brand | 0,307,1,pack demarrage ps4 skylanders imaginators neuf avec sticker
Volante gaming,231.7,Logitech,0,https://www.vinted.it/items/8116522070-volante-gaming?referrer=catalog,1,8116522070,On Sale,,,https://images1.vinted.net/t/06_01f79_TAxanvvttpeC8ZDfADqyDac4/310x430/1770416265.webp?s=8429ac580d2dd9ce794ea505aa87d3fff69d0731,1,3,volante gaming,logitech,,False,logitech__toks__volante-gaming,volante gaming | logitech | 0,55,1,volante gaming
Ps4 spiele,42.7,No brand,0,https://www.vinted.it/items/8116519001-ps4-spiele?referrer=catalog,0,8116519001,On Sale,,,https://images1.vinted.net/t/06_00f1b_ZnzNRFak5h15s1TPJ79ocky5/310x430/1770416215.webp?s=d10ee0e4a00e322a14bc48ec94c131f1cb4f2767,1,3,ps4 spiele,no brand,,False,no brand__toks__ps4-spiele,ps4 spiele | no brand | 0,344,1,ps4 spiele
Bundle 2 giochi ps4/ps5 iconici (New Sealed),105.6,No brand,0,https://www.vinted.it/items/8116509729-bundle-2-giochi-ps4ps5-iconici-new-sealed?referrer=catalog,0,8116509729,On Sale,,,https://images1.vinted.net/t/06_00ebf_Vc5My1UM8gmqn3S35ajcnVne/310x430/1770416058.webp?s=2764721d01ba5909d67a14245b91c08f2d615c57,1,3,bundle 2 giochi ps4 ps5 iconici new sealed,no brand,bundle,True,no brand__toks__bundle-giochi,bundle 2 giochi ps4 ps5 iconici new sealed | no brand | 0,131,1,bundle giochi ps4 ps5 iconici new sealed
Lotto 2 giochi imperdibili ps4 (New Sealed),105.6,No brand,0,https://www.vinted.it/items/8116484521-lotto-2-giochi-imperdibili-ps4-new-sealed?referrer=catalog,3,8116484521,On Sale,,,https://images1.vinted.net/t/03_00c3a_93cHMXvTDGVzm1WRLkWXSzh4/310x430/1770415651.webp?s=35d618dca412b8306285d76b3fd923cc54e90a50,1,3,lotto 2 giochi imperdibili ps4 new sealed,no brand,lotto,True,no brand__toks__lotto-giochi,lotto 2 giochi imperdibili ps4 new sealed | no brand | 0,276,1,lotto giochi imperdibili ps4 new sealed
Carte Club Legacyz Auto Signée Javier Pastore 4/100 PSG,126.69,Club Legacyz,0,https://www.vinted.it/items/8116482623-carte-club-legacyz-auto-signee-javier-pastore-4100-psg?referrer=catalog,15,8116482623,On Sale,,,https://images1.vinted.net/t/01_0230b_KRm2B2jer9KzxxSRJmgEuKFh/310x430/1770415620.webp?s=f685e736aab5b3650035488a2aba50ef83f15234,1,3,carte club legacyz auto signee javier pastore 4 100 psg,club legacyz,,False,club legacyz__codes__100,carte club legacyz auto signee javier pastore 4 100 psg | club legacyz | 0,12,1,carte club legacyz auto signee javier pastore 100
PlayStation 4 Pro,173.95,PlayStation,0,https://www.vinted.it/items/8116470273-playstation-4-pro?referrer=catalog,3,8116470273,On Sale,,,https://images1.vinted.net/t/01_0213f_5P96H6z49j5JSWreiY4QBX35/310x430/1770415431.webp?s=72329ba9fdb9cf44902411e2ab6abf579dea3586,1,3,playstation 4 pro,playstation,,False,playstation__toks__playstation-pro,playstation 4 pro | playstation | 0,523,4,playstation pro 1tb come nuova
Volante più pedali Ps4,63.7,PlayStation,0,https://www.vinted.it/items/8116434248-volante-piu-pedali-ps4?referrer=catalog,3,8116434248,On Sale,,,https://images1.vinted.net/t/05_01ad7_smNvJ9KyWxH7DnRCAgCHipSP/310x430/1770414894.webp?s=144048427a9d428223ab9014f6d91591d64f090b,1,3,volante piu pedali ps4,playstation,,False,playstation__toks__volante-piu,volante piu pedali ps4 | playstation | 0,574,1,volante piu pedali ps4
Um volante SuperDrive GS 850-X,168.7,Xbox,0,https://www.vinted.it/items/8116410604-um-volante-superdrive-gs-850-x?referrer=catalog,0,8116410604,On Sale,,,https://images1.vinted.net/t/05_0175e_ka8ZFBSf772rWcqTo6JKtYmk/310x430/1770414562.webp?s=eb3af09b6114b1d90f65b98730af0bce19fc4237,1,3,um volante superdrive gs 850 x,xbox,,False,xbox__codes__850,um volante superdrive gs 850 x | xbox | 0,702,1,um volante superdrive gs 850
God Of War limited edition Ps4,53.2,No brand,0,https://www.vinted.it/items/8116397774-god-of-war-limited-edition-ps4?referrer=catalog,31,8116397774,On Sale,,,https://images1.vinted.net/t/06_01de9_Hwz5rD2WJ9qFRqe3w4tkrBJx/310x430/1770414387.webp?s=456f64b4d104cf360aebdbae92da41cbe702830c,1,3,god of war limited edition ps4,no brand,,False,no brand__toks__god-of,god of war limited edition ps4 | no brand | 0,209,2,god of war edition limited ps4 limitee
jeu ps4,53.2,No brand,0,https://www.vinted.it/items/8116346280-jeu-ps4?referrer=catalog,0,8116346280,On Sale,,,https://images1.vinted.net/t/06_00537_mAKURgBxQsJThXMAE8wdwBGF/310x430/1770413717.webp?s=2e0cfe727c20c98704b0d03a4be68ccb26a004df,1,3,jeu ps4,no brand,,False,no brand__toks__jeu-ps4,jeu ps4 | no brand | 0,233,2,jeu ps4 star wars
God of War Édition Limitée,74.2,No brand,0,https://www.vinted.it/items/8116322604-god-of-war-edition-limitee?referrer=catalog,5,8116322604,On Sale,,,https://images1.vinted.net/t/06_016dd_dZoNz9mMKJw1TWZx7jEQPUco/310x430/1770413419.webp?s=8cd4e2342602f8c0e493a0f6035298a206b5f321,1,3,god of war edition limitee,no brand,,False,no brand__toks__god-of,god of war edition limitee | no brand | 0,209,2,god of war edition limited ps4 limitee
Dark  Pictures Ps4,63.7,No brand,0,https://www.vinted.it/items/8116230719-dark-pictures-ps4?referrer=catalog,0,8116230719,On Sale,,,https://images1.vinted.net/t/04_0237f_P5RCREYyVTPEvHd6ux66s2AH/310x430/1770412356.webp?s=9ec2802567e43124e985af5e2e5c1d153affd5a4,1,3,dark pictures ps4,no brand,,False,no brand__toks__dark-pictures,dark pictures ps4 | no brand | 0,160,1,dark pictures ps4
PS4 Pro Edición Limitada Death Stranding,399.7,PlayStation,0,https://www.vinted.it/items/8116104856-ps4-pro-edicion-limitada-death-stranding?referrer=catalog,1,8116104856,On Sale,,,https://images1.vinted.net/t/05_00e1c_xRaePeG88asS9x4RtCWjwXy4/310x430/1770411016.webp?s=fe96629928b8621cc84364551fb637528a11ac12,1,3,ps4 pro edicion limitada death stranding,playstation,,False,playstation__toks__ps4-pro,ps4 pro edicion limitada death stranding | playstation | 0,548,1,ps4 pro edicion limitada death stranding
Volan ferari,53.2,Thrustmaster,0,https://www.vinted.it/items/8116043989-volan-ferari?referrer=catalog,0,8116043989,On Sale,,,https://images1.vinted.net/t/06_000ed_ChNtRJaoyqB7iEhFQ5siEgpK/310x430/1770410416.webp?s=4a9d87920c24acdaa193b392325d2c74c90f0685,1,3,volan ferari,thrustmaster,,False,thrustmaster__toks__volan-ferari,volan ferari | thrustmaster | 0,691,1,volan ferari
Dualsense ps5,158.2,PlayStation,0,https://www.vinted.it/items/8116041640-dualsense-ps5?referrer=catalog,0,8116041640,On Sale,,,https://images1.vinted.net/t/05_01ada_wBDvnsfja3N2zzRbDvpzEzdV/310x430/1770410393.webp?s=2bd4970d8008be1ae031d572e59f5471d70f7196,1,3,dualsense ps5,playstation,,False,playstation__toks__dualsense-ps5,dualsense ps5 | playstation | 0,485,2,dualsense ps5
Ps5 avec 4 jeux et la télécommande PlayStation,431.2,PlayStation,0,https://www.vinted.it/items/8116040974-ps5-avec-4-jeux-et-la-telecommande-playstation?referrer=catalog,0,8116040974,On Sale,,,https://images1.vinted.net/t/06_012e0_VQ9tj6pxMCCQfV6Ai2tXfNmn/310x430/1770410672.webp?s=554159c4232286b2b6b535a82d298917a2ccdd64,1,3,ps5 avec 4 jeux et la telecommande playstation,playstation,,False,playstation__toks__ps5-avec,ps5 avec 4 jeux et la telecommande playstation | playstation | 0,551,1,ps5 avec jeux et la telecommande playstation
Deluxe PS4 LEGO la Saga degli Skywalker,79.45,No brand,0,https://www.vinted.it/items/8115958611-deluxe-ps4-lego-la-saga-degli-skywalker?referrer=catalog,0,8115958611,On Sale,,,https://images1.vinted.net/t/06_01357_4DVC5JDLdpGRhKYY9SMYKtTH/310x430/1770409594.webp?s=9193c800b41bc21a4636ee03e1f8a2a3ecefc5fe,1,3,deluxe ps4 lego la saga degli skywalker,no brand,,False,no brand__toks__deluxe-ps4,deluxe ps4 lego la saga degli skywalker | no brand | 0,165,1,deluxe ps4 lego la saga degli skywalker
videogioco sapere e potere playstation 4,42.7,No brand,0,https://www.vinted.it/items/8115913305-videogioco-sapere-e-potere-playstation-4?referrer=catalog,0,8115913305,On Sale,,,https://images1.vinted.net/t/05_00c8f_icQFXgb9dsWXno5JZVjurvWz/310x430/1770409167.webp?s=5407889ecdcc980daae8a6d8f953a501b28b9bde,1,3,videogioco sapere e potere playstation 4,no brand,,False,no brand__toks__videogioco-sapere,videogioco sapere e potere playstation 4 | no brand | 0,431,1,videogioco sapere potere playstation
singstar celebration nuovo playstation 4,42.7,No brand,0,https://www.vinted.it/items/8115904769-singstar-celebration-nuovo-playstation-4?referrer=catalog,0,8115904769,On Sale,,,https://images1.vinted.net/t/01_01606_pThJmYceM3dim32XFWcQKx91/310x430/1770409087.webp?s=b2e1dbfab501b38acc48eff8bb1ba67b8e9a8dfa,1,3,singstar celebration nuovo playstation 4,no brand,,False,no brand__toks__singstar-celebration,singstar celebration nuovo playstation 4 | no brand | 0,374,1,singstar celebration nuovo playstation
videogioco playstation 4 hodden.agenda nuovo sigillato,42.7,No brand,0,https://www.vinted.it/items/8115894503-videogioco-playstation-4-hoddenagenda-nuovo-sigillato?referrer=catalog,1,8115894503,On Sale,,,https://images1.vinted.net/t/03_00b27_Yw76wQupR8WaAtdbH4kMvGHJ/310x430/1770408990.webp?s=3c7e59bf4605f7985eff27d76af1eea25c0914c2,1,3,videogioco playstation 4 hodden agenda nuovo sigillato,no brand,,False,no brand__toks__videogioco-playstation,videogioco playstation 4 hodden agenda nuovo sigillato | no brand | 0,430,1,videogioco playstation hodden agenda nuovo sigillato
Set 3 giochi ps4,42.7,No brand,0,https://www.vinted.it/items/8115885917-set-3-giochi-ps4?referrer=catalog,35,8115885917,On Sale,,,https://images1.vinted.net/t/06_01438_BdUZpKJCoW4tAY3F7AtyRVNJ/310x430/1770408912.webp?s=8415b3ac327006f399db171ddb0830065a92be61,1,3,set 3 giochi ps4,no brand,,False,no brand__toks__set-giochi,set 3 giochi ps4 | no brand | 0,368,2,set giochi ps4
playstation 4 videogioco dimmi.chi sei sigillato,42.7,No brand,0,https://www.vinted.it/items/8115879465-playstation-4-videogioco-dimmichi-sei-sigillato?referrer=catalog,0,8115879465,On Sale,,,https://images1.vinted.net/t/04_01938_zkca9L5ap2j17WJs5HwDGMJF/310x430/1770408852.webp?s=16017f237b50d3d7d76bdc9a751cdadc59ce0c24,1,3,playstation 4 videogioco dimmi chi sei sigillato,no brand,,False,no brand__toks__playstation-videogioco,playstation 4 videogioco dimmi chi sei sigillato | no brand | 0,322,1,playstation videogioco dimmi chi sei sigillato
Bulletstorm Full Clip Edition PS4,42.7,No brand,0,https://www.vinted.it/items/8115862459-bulletstorm-full-clip-edition-ps4?referrer=catalog,0,8115862459,On Sale,,,https://images1.vinted.net/t/06_00d8b_i8AqGRcb8hSCn2MvWwg6QPwM/310x430/1770408694.webp?s=cc6513b1e7d5a068f612081f42ed3b0c66a81117,1,3,bulletstorm full clip edition ps4,no brand,,False,no brand__toks__bulletstorm-full,bulletstorm full clip edition ps4 | no brand | 0,130,1,bulletstorm full clip edition ps4
Ara Fell & Rise Of The Third Power,58.45,No brand,0,https://www.vinted.it/items/8115857904-ara-fell-rise-of-the-third-power?referrer=catalog,13,8115857904,On Sale,,,https://images1.vinted.net/t/06_017e0_4ciTan1pGwe2AJJcspRDDm9T/310x430/1770408652.webp?s=c3208a74685c45c3babaad6ca839071270fa6fe3,1,3,ara fell rise of the third power,no brand,,False,no brand__toks__ara-fell,ara fell rise of the third power | no brand | 0,100,1,ara fell rise of the third power
Game TV Stick 8K Ultra HD – Retro Konsole mit über 15.000 Spielen,42.7,PlayStation,0,https://www.vinted.it/items/8115822936-game-tv-stick-8k-ultra-hd-retro-konsole-mit-uber-15000-spielen?referrer=catalog,0,8115822936,On Sale,,,https://images1.vinted.net/t/05_0072c_dcXGMcWYuWw9oB4Mxx4NYjGK/310x430/1770408333.webp?s=de106cfb880fe3d3fdaea6b2c8069fabc0a91c36,1,3,game tv stick 8k ultra hd retro konsole mit uber 15 000 spielen,playstation,,False,playstation__codes__15-000,game tv stick 8k ultra hd retro konsole mit uber 15 000 spielen | playstation | 0,461,1,game tv stick 8k ultra hd retro konsole
Maid of Sker PS4 (PlayStation 4),53.2,No brand,0,https://www.vinted.it/items/8115810587-maid-of-sker-ps4-playstation-4?referrer=catalog,13,8115810587,On Sale,,,https://images1.vinted.net/t/05_01ca2_yPN3BwLy3ghyRarbaJ5divqP/310x430/1770408220.webp?s=62e5e40d4d7124b30e4e81fcfd3b7a7c63e3a95b,1,3,maid of sker ps4 playstation 4,no brand,,False,no brand__toks__maid-of,maid of sker ps4 playstation 4 | no brand | 0,279,1,maid of sker ps4 playstation
Avvitatore ad impatto parkside 12v performance,105.69,Parkside,0,https://www.vinted.it/items/8115782361-avvitatore-ad-impatto-parkside-12v-performance?referrer=catalog,1,8115782361,On Sale,,,https://images1.vinted.net/t/05_0239c_JvLfizNwJqRL6TJgUf3Eqkam/310x430/1770407962.webp?s=ef625b9c1553bbacc7607c29cda4d21a175fbe7d,1,3,avvitatore ad impatto parkside 12v performance,parkside,,False,parkside__toks__avvitatore-ad,avvitatore ad impatto parkside 12v performance | parkside | 0,451,1,avvitatore ad impatto parkside 12v performance
Nitro+ Blasterz - heroines infinite duel -ps4,53.2,No brand,0,https://www.vinted.it/items/8115759174-nitro-blasterz-heroines-infinite-duel-ps4?referrer=catalog,18,8115759174,On Sale,,,https://images1.vinted.net/t/05_026a0_jMEV7n8vz3sYcPVipWxQy9eJ/310x430/1770407752.webp?s=00d58671de67d8a74ee3bf871e6897ee386c3b40,1,3,nitro blasterz heroines infinite duel ps4,no brand,,False,no brand__toks__nitro-blasterz,nitro blasterz heroines infinite duel ps4 | no brand | 0,301,1,nitro blasterz heroines infinite duel ps4
Ich verkaufe ps4 Spiele,53.2,No brand,0,https://www.vinted.it/items/8115739539-ich-verkaufe-ps4-spiele?referrer=catalog,0,8115739539,On Sale,,,https://images1.vinted.net/t/05_002ea_7LAkYgBw6xfa8tNFcvjagLhC/310x430/1770407576.webp?s=e9ba5f1ec02e784e6d7f35c2f4ff7e72689a9bde,1,3,ich verkaufe ps4 spiele,no brand,,False,no brand__toks__ich-verkaufe,ich verkaufe ps4 spiele | no brand | 0,223,1,ich verkaufe ps4 spiele
Middle-Earth: Shadow of War Gold Edition,105.7,No brand,0,https://www.vinted.it/items/8115737793-middle-earth-shadow-of-war-gold-edition?referrer=catalog,0,8115737793,On Sale,,,https://images1.vinted.net/t/04_00c63_TEvZZRdDUT9A4MwXZp86G7wH/310x430/1770407560.webp?s=33ba12486207f906685b3c93b8f41b41d1f9c64f,1,3,middle earth shadow of war gold edition,no brand,,False,no brand__toks__middle-earth,middle earth shadow of war gold edition | no brand | 0,295,1,middle earth shadow of war gold edition
Razer Blackshark V3 Wireless Esports Headset,158.2,RAZER,0,https://www.vinted.it/items/8115700394-razer-blackshark-v3-wireless-esports-headset?referrer=catalog,1,8115700394,On Sale,,,https://images1.vinted.net/t/05_0250c_oHWueciDKWA9dPDAyjD1Nrzd/310x430/1770407231.webp?s=e6346ce3e49c00c9eec7e54ab0498362eb5c9e36,1,3,razer blackshark v3 wireless esports headset,razer,,False,razer__toks__razer-blackshark,razer blackshark v3 wireless esports headset | razer | 0,600,1,razer blackshark v3 wireless esports headset
PS4 500gb slim,137.2,Sony,0,https://www.vinted.it/items/8115685349-ps4-500gb-slim?referrer=catalog,0,8115685349,On Sale,,,https://images1.vinted.net/t/05_01958_yDkh7FuQfcR8aNoyUSvXi77S/310x430/1770407098.webp?s=84be74d3a79c98110b998ffd788b1d39a762b01e,1,3,ps4 500gb slim,sony,,False,sony__toks__ps4-500gb,ps4 500gb slim | sony | 0,650,1,ps4 500gb slim
HORI Tactical Assault Commander Pro (TAC Pro),137.2,Hori,0,https://www.vinted.it/items/8115672782-hori-tactical-assault-commander-pro-tac-pro?referrer=catalog,0,8115672782,On Sale,,,https://images1.vinted.net/t/01_01bb6_WX9vdtcfNUPFsNv5ZZaJgvGT/310x430/1770406986.webp?s=075d673e7ffb62e7c580ec5342bf2336fd126d42,1,3,hori tactical assault commander pro tac pro,hori,,False,hori__toks__hori-tactical,hori tactical assault commander pro tac pro | hori | 0,23,1,pro hori tactical assault commander tac
PlayStation 4 pro,210.7,PlayStation,0,https://www.vinted.it/items/8115597445-playstation-4-pro?referrer=catalog,38,8115597445,On Sale,,,https://images1.vinted.net/t/06_01260_JgWC475btajW1ZkvH3w2vjhG/310x430/1770406323.webp?s=1cce36728f640b6a995014613f1aba22415f18da,1,3,playstation 4 pro,playstation,,False,playstation__toks__playstation-pro,playstation 4 pro | playstation | 0,523,4,playstation pro 1tb come nuova
Volante logitech g29 ps4,158.2,Logitech,0,https://www.vinted.it/items/8115596514-volante-logitech-g29-ps4?referrer=catalog,4,8115596514,On Sale,,,https://images1.vinted.net/t/05_00c9c_Ne7FDxEcUMqQqTbP8MCsyVYc/310x430/1770406315.webp?s=cd8659eb8a4229b202095d9c4c50152abbec7851,1,3,volante logitech g29 ps4,logitech,,False,logitech__codes__g29,volante logitech g29 ps4 | logitech | 0,49,14,g29 logitech volante volant pedales de vitesse ps4
Jeux PS4 les Schtroumpfs 2,42.7,No brand,0,https://www.vinted.it/items/8115540170-jeux-ps4-les-schtroumpfs-2?referrer=catalog,0,8115540170,On Sale,,,https://images1.vinted.net/t/05_01563_YJ1NdCSEs51f3T4aXBJUFtTr/310x430/1770405820.webp?s=175a592f7bf61b183eca225d35a99034e7d78c7c,1,3,jeux ps4 les schtroumpfs 2,no brand,,False,no brand__toks__jeux-ps4,jeux ps4 les schtroumpfs 2 | no brand | 0,244,2,jeux ps4 les schtroumpfs
Volante Logitech G29 con pedales y soporte,263.2,Logitech,0,https://www.vinted.it/items/8115530620-volante-logitech-g29-con-pedales-y-soporte?referrer=catalog,0,8115530620,On Sale,,,https://images1.vinted.net/t/06_01b8c_f1CVdLXsEKJysGtztJEfiVQV/310x430/1770405738.webp?s=1631e983fbd6a953d512a467da88db5deba1a0f3,1,3,volante logitech g29 con pedales y soporte,logitech,,False,logitech__codes__g29,volante logitech g29 con pedales y soporte | logitech | 0,49,14,g29 logitech volante volant pedales de vitesse ps4
gioco uncharted ps4 utilizzabile su ps5,47.95,No brand,0,https://www.vinted.it/items/8115446609-gioco-uncharted-ps4-utilizzabile-su-ps5?referrer=catalog,1,8115446609,On Sale,,,https://images1.vinted.net/t/06_01c97_4vwbkR2XsGvzM3o5AhfeTD2R/310x430/1770405008.webp?s=9b3a146f3deb0b0329c576b96557e3885f949192,1,3,gioco uncharted ps4 utilizzabile su ps5,no brand,,False,no brand__toks__gioco-uncharted,gioco uncharted ps4 utilizzabile su ps5 | no brand | 0,208,1,gioco uncharted ps4 utilizzabile su ps5
Vinyle OST - Earthbound SNES,252.7,No brand,0,https://www.vinted.it/items/8115442792-vinyle-ost-earthbound-snes?referrer=catalog,2,8115442792,On Sale,,,https://images1.vinted.net/t/06_00d4a_2e1xC1gzfmdfRsKKcSaZXxqn/310x430/1770404976.webp?s=73d63641bbffd87f4b7e74673f714c6222265cfe,1,3,vinyle ost earthbound snes,no brand,,False,no brand__toks__vinyle-ost,vinyle ost earthbound snes | no brand | 0,432,1,vinyle ost earthbound snes
Blue fire ps4 italiano,92.39,No brand,0,https://www.vinted.it/items/8115427776-blue-fire-ps4-italiano?referrer=catalog,0,8115427776,On Sale,,,https://images1.vinted.net/t/05_01224_hMJ1cgRXRLtZ74vcpjSToMfs/310x430/1770404847.webp?s=ce9ba7659385c78422bf0decba13c137fd8910a4,1,3,blue fire ps4 italiano,no brand,,False,no brand__toks__blue-fire,blue fire ps4 italiano | no brand | 0,124,1,blue fire ps4 italiano
Ps4 avec 2 manettes,168.7,PlayStation,0,https://www.vinted.it/items/8115330478-ps4-avec-2-manettes?referrer=catalog,0,8115330478,On Sale,,,https://images1.vinted.net/t/06_00f9b_JEDPcSA7tzCffxypADhebZrS/310x430/1770404024.webp?s=e279f72fafae9a0f28298b494706fe5ef2c8d63e,1,3,ps4 avec 2 manettes,playstation,,False,playstation__toks__ps4-avec,ps4 avec 2 manettes | playstation | 0,532,3,ps4 avec cable et un jeu manettes
PS4+controller+fifa 23+gta5 online(acquistati da PS store)+rdr2,158.2,PlayStation,0,https://www.vinted.it/items/8115315126-ps4controllerfifa-23gta5-onlineacquistati-da-ps-storerdr2?referrer=catalog,0,8115315126,On Sale,,,https://images1.vinted.net/t/01_020c7_ShvXa6VMCtZK6uLxeMywi97n/310x430/1770403896.webp?s=ef56b8aaf4774ae53569e10ac2db36f1c85eb189,1,3,ps4 controller fifa 23 gta5 online acquistati da ps store rdr2,playstation,,False,playstation__codes__23,ps4 controller fifa 23 gta5 online acquistati da ps store rdr2 | playstation | 0,463,1,ps4 controller fifa 23 gta5 online acquistati da
PlayStation 4,121.45,PlayStation,0,https://www.vinted.it/items/8115296771-playstation-4?referrer=catalog,0,8115296771,On Sale,,,https://images1.vinted.net/t/05_0198a_b9jUgAEN1gG5T8xKSUwzGtMo/310x430/1770403740.webp?s=538265cae7b4997f0e80f9fe02b8c92f002ed6eb,1,3,playstation 4,playstation,,False,playstation__toks__playstation,playstation 4 | playstation | 0,506,15,playstation
Manette custom premium. Death note.,100.45,Sony,0,https://www.vinted.it/items/8115279921-manette-custom-premium-death-note?referrer=catalog,6,8115279921,On Sale,,,https://images1.vinted.net/t/06_0093f_psRtgBaoCDxexTcSRzzN2LeX/310x430/1770449858.webp?s=1fd10a943bed89b31e3c46617ea37ebee040980a,1,3,manette custom premium death note,sony,,False,sony__toks__manette-custom,manette custom premium death note | sony | 0,627,1,manette custom premium death note
DualShock PS 4,65.8,Sony,0,https://www.vinted.it/items/8115206676-dualshock-ps-4?referrer=catalog,0,8115206676,On Sale,,,https://images1.vinted.net/t/05_00d57_DY4qrGVXAXtvgR6JZkbEnkf2/310x430/1770402991.webp?s=f6bc34255304f62bcb23b942870e2ef10dfd746b,1,3,dualshock ps 4,sony,,False,sony__toks__dualshock-ps,dualshock ps 4 | sony | 0,623,1,dualshock ps
Pack 2 mandos PS4 nuevos rojo y azul,47.95,sin marca,0,https://www.vinted.it/items/8115143971-pack-2-mandos-ps4-nuevos-rojo-y-azul?referrer=catalog,0,8115143971,On Sale,,,https://images1.vinted.net/t/05_00513_SkqExwtmvdkpqqRBDSax4Rjh/310x430/1770402469.webp?s=61f59dfc9ebbbedc3ac556a55c60ce0db35e7fef,1,3,pack 2 mandos ps4 nuevos rojo y azul,sin marca,,False,sin marca__toks__pack-mandos,pack 2 mandos ps4 nuevos rojo y azul | sin marca | 0,607,1,pack mandos ps4 nuevos rojo azul
NUEVO The Binding of Isaac Repentance - Sony PS4,66.85,No brand,0,https://www.vinted.it/items/8115131782-nuevo-the-binding-of-isaac-repentance-sony-ps4?referrer=catalog,60,8115131782,On Sale,,,https://images1.vinted.net/t/06_023cc_JYSYoXZXYwAZsbvB59G9x9zg/310x430/1770402369.webp?s=85567eb79ab1130727557426544c5b6644a26800,1,3,nuevo the binding of isaac repentance sony ps4,no brand,,False,no brand__toks__nuevo-the,nuevo the binding of isaac repentance sony ps4 | no brand | 0,302,2,nuevo the binding of isaac repentance sony ps4
Set console PS2 - 13 giochi originali in perfette condizioni,183.93,No brand,0,https://www.vinted.it/items/8115114254-set-console-ps2-13-giochi-originali-in-perfette-condizioni?referrer=catalog,0,8115114254,On Sale,,,https://images1.vinted.net/t/06_0102c_ax68vYT7wxpuAt3Pe6Ck8rdE/310x430/1770402226.webp?s=7ec4c5d14673157b947006bcbb78e81ca4ef70aa,1,3,set console ps2 13 giochi originali in perfette condizioni,no brand,,False,no brand__codes__13,set console ps2 13 giochi originali in perfette condizioni | no brand | 0,77,1,set console ps2 13 giochi originali in perfette
Gioco PS 4,53.2,No brand,0,https://www.vinted.it/items/8115112724-gioco-ps-4?referrer=catalog,0,8115112724,On Sale,,,https://images1.vinted.net/t/05_00f93_AwxMNVHSCaSTQiN8td3yux1Z/310x430/1770402214.webp?s=ce9778a720b18b292ac3d0f32177ea4aad79de3e,1,3,gioco ps 4,no brand,,False,no brand__toks__gioco-ps,gioco ps 4 | no brand | 0,206,1,gioco ps
Bloodstained Curse of the Moon - Sony ps4,47.95,No brand,0,https://www.vinted.it/items/8115098909-bloodstained-curse-of-the-moon-sony-ps4?referrer=catalog,5,8115098909,On Sale,,,https://images1.vinted.net/t/05_00e76_c6ys8CQ1B8UJEHbE8dehEpSZ/310x430/1770402100.webp?s=d24cc99baa8959abc2060dbfaa02d64bf09dbeeb,1,3,bloodstained curse of the moon sony ps4,no brand,,False,no brand__toks__bloodstained-curse,bloodstained curse of the moon sony ps4 | no brand | 0,122,7,bloodstained curse of the moon nintendo switch ps4
The Last Guardian Ps4 Coleccionista,131.95,No brand,0,https://www.vinted.it/items/8115086414-the-last-guardian-ps4-coleccionista?referrer=catalog,2,8115086414,On Sale,,,https://images1.vinted.net/t/06_01d00_8ajSaWQSECmiwasnG5rc8QFm/310x430/1770401997.webp?s=d8dbca6566d7e6cf06ea4cd1b46541a4bb3dd333,1,3,the last guardian ps4 coleccionista,no brand,,False,no brand__toks__the-last,the last guardian ps4 coleccionista | no brand | 0,405,5,the last ps4 guardian of edition us2 limited
Breath of fire 3 PS1 Playstation 1,158.2,No brand,0,https://www.vinted.it/items/8115077397-breath-of-fire-3-ps1-playstation-1?referrer=catalog,12,8115077397,On Sale,,,https://images1.vinted.net/t/04_0136f_6XBZYrHdTs2c3eGthDbhVr1E/310x430/1770401924.webp?s=29809e771dcc9ba473dcee8d58e5582c773a9213,1,3,breath of fire 3 ps1 playstation 1,no brand,,False,no brand__toks__breath-of,breath of fire 3 ps1 playstation 1 | no brand | 0,127,1,breath of fire ps1 playstation
Giochi PS4 e uno ps5 assasins Creed in omaggio un disco decorativo,89.95,No brand,0,https://www.vinted.it/items/8115069060-giochi-ps4-e-uno-ps5-assasins-creed-in-omaggio-un-disco-decorativo?referrer=catalog,1,8115069060,On Sale,,,https://images1.vinted.net/t/05_0166f_iD3b7NGziPFnKe5ToGdgaRJz/310x430/1770401855.webp?s=a481a0e3404d1c1e86723d974cfd41cb4a619b7e,1,3,giochi ps4 e uno ps5 assasins creed in omaggio un disco decorativo,no brand,,False,no brand__toks__giochi-ps4,giochi ps4 e uno ps5 assasins creed in omaggio un disco decorativo | no brand | 0,205,2,giochi ps4 uno ps5 assasins creed in omaggio
Pack 3 mandos de PS4 nuevos,68.95,No brand,0,https://www.vinted.it/items/8115062507-pack-3-mandos-de-ps4-nuevos?referrer=catalog,0,8115062507,On Sale,,,https://images1.vinted.net/t/06_01987_vcrpvrJADTf3BXFGuFp5Tp6u/310x430/1770401803.webp?s=6489e1567d38344848531247f579dd5cc69da369,1,3,pack 3 mandos de ps4 nuevos,no brand,,False,no brand__toks__pack-mandos,pack 3 mandos de ps4 nuevos | no brand | 0,310,1,pack mandos de ps4 nuevos
Manette ps5 dualsense custom simpsons.,100.45,Sony,0,https://www.vinted.it/items/8115054439-manette-ps5-dualsense-custom-simpsons?referrer=catalog,19,8115054439,On Sale,,,https://images1.vinted.net/t/05_00bda_k7efvVp6wJuFU416oVbW5VM8/310x430/1770401736.webp?s=feb04e02128af488267311a2f3a32d127d6e8162,1,3,manette ps5 dualsense custom simpsons,sony,,False,sony__toks__manette-ps5,manette ps5 dualsense custom simpsons | sony | 0,635,1,manette ps5 dualsense custom simpsons
Precintado Yo-Kai Watch 4++  Sony ps4 ps5,66.85,No brand,0,https://www.vinted.it/items/8114989931-precintado-yo-kai-watch-4-sony-ps4-ps5?referrer=catalog,15,8114989931,On Sale,,,https://images1.vinted.net/t/01_00429_qsewaY4KHAWTXHN23BmDnEro/310x430/1770401225.webp?s=8f0c5d5bc2fd1b17937095fe01cb57b729f497fe,1,3,precintado yo kai watch 4 sony ps4 ps5,no brand,,False,no brand__toks__precintado-yo,precintado yo kai watch 4 sony ps4 ps5 | no brand | 0,326,1,precintado yo kai watch sony ps4 ps5
Playstation 5 con disco + 3 controller + giochi,765.0,Sony,0,https://www.vinted.it/items/8114851465-playstation-5-con-disco-3-controller-giochi?referrer=catalog,0,8114851465,On Sale,,,https://images1.vinted.net/t/04_02203_UDXzDbakH9GVZm69Hqnd1uns/310x430/1770400146.webp?s=5beab542dc36e79dc2286a63f0180863c940f881,1,3,playstation 5 con disco 3 controller giochi,sony,,False,sony__toks__playstation-con,playstation 5 con disco 3 controller giochi | sony | 0,641,1,playstation con disco controller giochi
Little Nightmares 1 e 2 ps4,42.7,No brand,0,https://www.vinted.it/items/8114850885-little-nightmares-1-e-2-ps4?referrer=catalog,0,8114850885,On Sale,,,https://images1.vinted.net/t/03_00535_iEonK3w5yQNNuV4K1CBe2vye/310x430/1770400141.webp?s=55b9758732da3cee103dab9cb9f3a4f380360fea,1,3,little nightmares 1 e 2 ps4,no brand,,False,no brand__toks__little-nightmares,little nightmares 1 e 2 ps4 | no brand | 0,266,4,little nightmares iii premium spiral edition ps5 neuf
Gravity Rush 🇮🇹,158.2,No brand,0,https://www.vinted.it/items/8114850730-gravity-rush?referrer=catalog,1,8114850730,On Sale,,,https://images1.vinted.net/t/06_00765_VaZfsCRZbp63a7BagANUqkZ5/310x430/1770400140.webp?s=33c4dcd650ce005fcf1f868d46ba192dd7552f78,1,3,gravity rush,no brand,,False,no brand__toks__gravity-rush,gravity rush | no brand | 0,215,2,gravity rush version promotionnel
Logitech G923,158.2,Logitech,0,https://www.vinted.it/items/8114797838-logitech-g923?referrer=catalog,18,8114797838,On Sale,,,https://images1.vinted.net/t/06_01c73_8EmUwrfJ1GhwiZ3uWTZihaqA/310x430/1770399733.webp?s=c6ef88aad8c3dca5b56ee2d1caec17b1ef957bd7,1,3,logitech g923,logitech,,False,logitech__codes__g923,logitech g923 | logitech | 0,50,7,logitech g923 volante racing wheel pedali ps4 ps5
Volant et pédales ps4 ps5 at pc,95.2,PlayStation,0,https://www.vinted.it/items/8114787027-volant-et-pedales-ps4-ps5-at-pc?referrer=catalog,1,8114787027,On Sale,,,https://images1.vinted.net/t/06_01759_X5LEHmX4jypQBZev9CRRmtuG/310x430/1770399654.webp?s=b8c14e0cd192f57c6adcec2007a34a4e1b4c5e25,1,3,volant et pedales ps4 ps5 at pc,playstation,,False,playstation__toks__volant-et,volant et pedales ps4 ps5 at pc | playstation | 0,564,1,volant et pedales ps4 ps5 at pc
The last guardian precintado - PS4,53.2,No brand,0,https://www.vinted.it/items/8114696988-the-last-guardian-precintado-ps4?referrer=catalog,1,8114696988,On Sale,,,https://images1.vinted.net/t/01_0225a_yM8RuGos45D3wd1ug5SEVKQK/310x430/1770398980.webp?s=570d544f787bdf4b8baa527e4bf3f569f7f48e93,1,3,the last guardian precintado ps4,no brand,,False,no brand__toks__the-last,the last guardian precintado ps4 | no brand | 0,405,5,the last ps4 guardian of edition us2 limited
HDD batocera,49.0,No brand,0,https://www.vinted.it/items/8114675493-hdd-batocera?referrer=catalog,2,8114675493,On Sale,,,https://images1.vinted.net/t/01_00305_BUmSamGfeiR6CJUViG2ZDzAK/310x430/1770398821.webp?s=41fd21e058d1024cf461a49a8c347295ee09fb5b,1,3,hdd batocera,no brand,,False,no brand__toks__hdd-batocera,hdd batocera | no brand | 0,217,2,hdd batocera
Lot de jeux ps4,47.95,No brand,0,https://www.vinted.it/items/8114595330-lot-de-jeux-ps4?referrer=catalog,2,8114595330,On Sale,,,https://images1.vinted.net/t/04_010d2_GCj4joFPK1dz5b3WCgP7V8xe/310x430/1770398291.webp?s=46c3942f4d3e3356fdfb4d3c98e7f23f2f288318,1,3,lot de jeux ps4,no brand,,False,no brand__toks__lot-de,lot de jeux ps4 | no brand | 0,270,5,lot de jeux ps4 playstation neufs sous blister
Jeu PlayStation 4,42.7,PlayStation,0,https://www.vinted.it/items/8114491664-jeu-playstation-4?referrer=catalog,2,8114491664,On Sale,,,https://images1.vinted.net/t/05_00e47_q3HsXychktKEBKkFeasn8raG/310x430/1770397470.webp?s=58b5c9b4e1e63611c9860c49ce557d395d5f39bc,1,3,jeu playstation 4,playstation,,False,playstation__toks__jeu-playstation,jeu playstation 4 | playstation | 0,490,2,jeu playstation
Bloodstained Curse of the Moon - Nintendo Switch,45.85,No brand,0,https://www.vinted.it/items/8114466920-bloodstained-curse-of-the-moon-nintendo-switch?referrer=catalog,4,8114466920,On Sale,,,https://images1.vinted.net/t/05_004fd_h4sx8DRUzL4sC9jsAfLFvBvQ/310x430/1770397290.webp?s=3df6cfd3bed550443c299de077067cc53fdabcb4,1,3,bloodstained curse of the moon nintendo switch,no brand,,False,no brand__toks__bloodstained-curse,bloodstained curse of the moon nintendo switch | no brand | 0,122,7,bloodstained curse of the moon nintendo switch ps4
Pack 3 Videojuegos Ps4 Strictly limited games,79.45,No brand,0,https://www.vinted.it/items/8114413926-pack-3-videojuegos-ps4-strictly-limited-games?referrer=catalog,2,8114413926,On Sale,,,https://images1.vinted.net/t/05_01f06_4orT5YPfmu3tSzffBbBYpQEz/310x430/1770396907.webp?s=9af8064cc8a5c63a42b95c38bd7a20102269731c,1,3,pack 3 videojuegos ps4 strictly limited games,no brand,,False,no brand__toks__pack-videojuegos,pack 3 videojuegos ps4 strictly limited games | no brand | 0,312,2,pack videojuegos ps4 strictly limited games
T300 Wheel + T3PA Pedals (Pickup only),137.2,Thrustmaster,0,https://www.vinted.it/items/8114404065-t300-wheel-t3pa-pedals-pickup-only?referrer=catalog,4,8114404065,On Sale,,,https://images1.vinted.net/t/05_00602_BeADUQ7nfFhNNPXM2jyWFDsL/310x430/1770396835.webp?s=84483e34b37a3c62f3b45208cdcd5bf91bf7cf60,1,3,t300 wheel t3pa pedals pickup only,thrustmaster,,False,thrustmaster__codes__t300,t300 wheel t3pa pedals pickup only | thrustmaster | 0,680,2,t300 wheel t3pa pedals pickup only
Castlevania Advance Collection Ps4,116.2,No brand,0,https://www.vinted.it/items/8114376835-castlevania-advance-collection-ps4?referrer=catalog,0,8114376835,On Sale,,,https://images1.vinted.net/t/04_021a4_1Fab2zdt4gcQ35JCUWM8nc62/310x430/1770396639.webp?s=064936e3345772ac0423a6b5550a9605b6cee7fc,1,3,castlevania advance collection ps4,no brand,,False,no brand__toks__castlevania-advance,castlevania advance collection ps4 | no brand | 0,140,3,castlevania advance collection ps4 nuevo
💀 Source of Madness PS4 neuf sous blister,58.45,No brand,0,https://www.vinted.it/items/8114248901-source-of-madness-ps4-neuf-sous-blister?referrer=catalog,6,8114248901,On Sale,,,https://images1.vinted.net/t/06_0190c_3LAtdTUy3a2p7SUUbShc9caQ/310x430/1770395731.webp?s=607c987c4a9bea4d1eb52a6963a3104d20780746,1,3,source of madness ps4 neuf sous blister,no brand,,False,no brand__toks__source-of,source of madness ps4 neuf sous blister | no brand | 0,378,2,source of madness ps4 neuf sous blister
Assault suit leynos ps4,47.95,No brand,0,https://www.vinted.it/items/8114228366-assault-suit-leynos-ps4?referrer=catalog,0,8114228366,On Sale,,,https://images1.vinted.net/t/06_00953_RKnXdx8HrRSrKHqU5My3wEDQ/310x430/1770395585.webp?s=9108d5be3788ea9de7017e7156dc35bd48f5a4a1,1,3,assault suit leynos ps4,no brand,,False,no brand__toks__assault-suit,assault suit leynos ps4 | no brand | 0,105,2,assault suit leynos ps4
HDD batocera,49.0,No brand,0,https://www.vinted.it/items/8114675493-hdd-batocera?referrer=catalog,2,8114675493,On Sale,,,https://images1.vinted.net/t/01_00305_BUmSamGfeiR6CJUViG2ZDzAK/310x430/1770398821.webp?s=41fd21e058d1024cf461a49a8c347295ee09fb5b,1,4,hdd batocera,no brand,,False,no brand__toks__hdd-batocera,hdd batocera | no brand | 0,217,2,hdd batocera
Lot de jeux ps4,47.95,No brand,0,https://www.vinted.it/items/8114595330-lot-de-jeux-ps4?referrer=catalog,2,8114595330,On Sale,,,https://images1.vinted.net/t/04_010d2_GCj4joFPK1dz5b3WCgP7V8xe/310x430/1770398291.webp?s=46c3942f4d3e3356fdfb4d3c98e7f23f2f288318,1,4,lot de jeux ps4,no brand,,False,no brand__toks__lot-de,lot de jeux ps4 | no brand | 0,270,5,lot de jeux ps4 playstation neufs sous blister
Jeu PlayStation 4,42.7,PlayStation,0,https://www.vinted.it/items/8114491664-jeu-playstation-4?referrer=catalog,2,8114491664,On Sale,,,https://images1.vinted.net/t/05_00e47_q3HsXychktKEBKkFeasn8raG/310x430/1770397470.webp?s=58b5c9b4e1e63611c9860c49ce557d395d5f39bc,1,4,jeu playstation 4,playstation,,False,playstation__toks__jeu-playstation,jeu playstation 4 | playstation | 0,490,2,jeu playstation
Bloodstained Curse of the Moon - Nintendo Switch,45.85,No brand,0,https://www.vinted.it/items/8114466920-bloodstained-curse-of-the-moon-nintendo-switch?referrer=catalog,4,8114466920,On Sale,,,https://images1.vinted.net/t/05_004fd_h4sx8DRUzL4sC9jsAfLFvBvQ/310x430/1770397290.webp?s=3df6cfd3bed550443c299de077067cc53fdabcb4,1,4,bloodstained curse of the moon nintendo switch,no brand,,False,no brand__toks__bloodstained-curse,bloodstained curse of the moon nintendo switch | no brand | 0,122,7,bloodstained curse of the moon nintendo switch ps4
Pack 3 Videojuegos Ps4 Strictly limited games,79.45,No brand,0,https://www.vinted.it/items/8114413926-pack-3-videojuegos-ps4-strictly-limited-games?referrer=catalog,2,8114413926,On Sale,,,https://images1.vinted.net/t/05_01f06_4orT5YPfmu3tSzffBbBYpQEz/310x430/1770396907.webp?s=9af8064cc8a5c63a42b95c38bd7a20102269731c,1,4,pack 3 videojuegos ps4 strictly limited games,no brand,,False,no brand__toks__pack-videojuegos,pack 3 videojuegos ps4 strictly limited games | no brand | 0,312,2,pack videojuegos ps4 strictly limited games
T300 Wheel + T3PA Pedals (Pickup only),137.2,Thrustmaster,0,https://www.vinted.it/items/8114404065-t300-wheel-t3pa-pedals-pickup-only?referrer=catalog,4,8114404065,On Sale,,,https://images1.vinted.net/t/05_00602_BeADUQ7nfFhNNPXM2jyWFDsL/310x430/1770396835.webp?s=84483e34b37a3c62f3b45208cdcd5bf91bf7cf60,1,4,t300 wheel t3pa pedals pickup only,thrustmaster,,False,thrustmaster__codes__t300,t300 wheel t3pa pedals pickup only | thrustmaster | 0,680,2,t300 wheel t3pa pedals pickup only
Castlevania Advance Collection Ps4,116.2,No brand,0,https://www.vinted.it/items/8114376835-castlevania-advance-collection-ps4?referrer=catalog,0,8114376835,On Sale,,,https://images1.vinted.net/t/04_021a4_1Fab2zdt4gcQ35JCUWM8nc62/310x430/1770396639.webp?s=064936e3345772ac0423a6b5550a9605b6cee7fc,1,4,castlevania advance collection ps4,no brand,,False,no brand__toks__castlevania-advance,castlevania advance collection ps4 | no brand | 0,140,3,castlevania advance collection ps4 nuevo
💀 Source of Madness PS4 neuf sous blister,58.45,No brand,0,https://www.vinted.it/items/8114248901-source-of-madness-ps4-neuf-sous-blister?referrer=catalog,6,8114248901,On Sale,,,https://images1.vinted.net/t/06_0190c_3LAtdTUy3a2p7SUUbShc9caQ/310x430/1770395731.webp?s=607c987c4a9bea4d1eb52a6963a3104d20780746,1,4,source of madness ps4 neuf sous blister,no brand,,False,no brand__toks__source-of,source of madness ps4 neuf sous blister | no brand | 0,378,2,source of madness ps4 neuf sous blister
Assault suit leynos ps4,47.95,No brand,0,https://www.vinted.it/items/8114228366-assault-suit-leynos-ps4?referrer=catalog,0,8114228366,On Sale,,,https://images1.vinted.net/t/06_00953_RKnXdx8HrRSrKHqU5My3wEDQ/310x430/1770395585.webp?s=9108d5be3788ea9de7017e7156dc35bd48f5a4a1,1,4,assault suit leynos ps4,no brand,,False,no brand__toks__assault-suit,assault suit leynos ps4 | no brand | 0,105,2,assault suit leynos ps4
🤖 Mega Man X Legacy Collection – PS4 (Precintado) 💥,47.85,No brand,0,https://www.vinted.it/items/8114192764-mega-man-x-legacy-collection-ps4-precintado?referrer=catalog,2,8114192764,On Sale,,,https://images1.vinted.net/t/05_003f8_uXfSYEa6vmQLUjSP6pkmztbM/310x430/1770395335.webp?s=c8558638ba88a171580942219ee99d71b47c6363,1,4,mega man x legacy collection ps4 precintado,no brand,,False,no brand__toks__mega-man,mega man x legacy collection ps4 precintado | no brand | 0,287,2,mega man legacy collection ps4 precintado
Nacon Revolution 5 Pro Controller für PC Playstation 4 und 5 + RGB Begleitung,173.95,NACON,0,https://www.vinted.it/items/8114182637-nacon-revolution-5-pro-controller-fur-pc-playstation-4-und-5-rgb-begleitung?referrer=catalog,1,8114182637,On Sale,,,https://images1.vinted.net/t/05_00fb5_dNQqi2BAB8JrFsq7c4CYwLTD/310x430/1770395264.webp?s=5b58e035eebbbe3bc6c5893a5a21eafdc6d09d1b,1,4,nacon revolution 5 pro controller fur pc playstation 4 und 5 rgb begleitung,nacon,,False,nacon__toks__nacon-revolution,nacon revolution 5 pro controller fur pc playstation 4 und 5 rgb begleitung | nacon | 0,66,2,nacon revolution pro controller playstation fur pc und
Volante Serafim R1 + pedaliera,63.7,No brand,0,https://www.vinted.it/items/8114121419-volante-serafim-r1-pedaliera?referrer=catalog,0,8114121419,On Sale,,,https://images1.vinted.net/t/03_00a19_GjJKVBhdePfyQwcWKK5WkWZA/310x430/1770394836.webp?s=fcdd2a7883ee1050dbae53c5a8fdea9c0ed6524d,1,4,volante serafim r1 pedaliera,no brand,,False,no brand__toks__volante-serafim,volante serafim r1 pedaliera | no brand | 0,434,1,volante serafim r1 pedaliera
call of duty bo6,53.2,No brand,0,https://www.vinted.it/items/8114130842-call-of-duty-bo6?referrer=catalog,0,8114130842,On Sale,,,https://images1.vinted.net/t/06_00a9c_svXN2vTSVkLG4KFsKpV1VTGL/310x430/1770394903.webp?s=8bcf994685da57c690c85b385f055e2b2281945c,1,4,call of duty bo6,no brand,,False,no brand__toks__call-of,call of duty bo6 | no brand | 0,137,1,call of duty bo6
Thrustmaster T598 NEUF! compatible PC,441.7,Thrustmaster,0,https://www.vinted.it/items/8114109102-thrustmaster-t598-neuf-compatible-pc-ps5-et-ps4?referrer=catalog,8,8114109102,On Sale,,,https://images1.vinted.net/t/06_016f7_xnF1KXRhs6V4ctf3cdNkunqv/310x430/1770394752.webp?s=b5b2241ae65dd36b0ca238af63a71156719f0d6a,1,4,thrustmaster t598 neuf compatible pc,thrustmaster,,False,thrustmaster__codes__t598,thrustmaster t598 neuf compatible pc | thrustmaster | 0,682,2,thrustmaster t598 direct axial drive volants gt3 rond
ps4 100€ prezzo cambiabile,105.7,PlayStation,0,https://www.vinted.it/items/8114046553-ps4-100eu-prezzo-cambiabile?referrer=catalog,0,8114046553,On Sale,,,https://images1.vinted.net/t/05_00caa_CoAxK3dA5Ct7JNty9nE3ZNmc/310x430/1770394315.webp?s=cbc6b4792317cba662c0a453e44b6f56b57fa9f8,1,4,ps4 100 prezzo cambiabile,playstation,,False,playstation__codes__100,ps4 100 prezzo cambiabile | playstation | 0,459,1,ps4 100 prezzo cambiabile
Logitech G923 + pedais - Como Novo,210.7,Logitech,0,https://www.vinted.it/items/8114024032-logitech-g923-pedais-como-novo?referrer=catalog,3,8114024032,On Sale,,,https://images1.vinted.net/t/05_008fc_wG8xqWKAWoCDcQFAgsEHoMqU/310x430/1770394156.webp?s=71977101a29d6a2a1040c4c287d66c8a511860f8,1,4,logitech g923 pedais como novo,logitech,,False,logitech__codes__g923,logitech g923 pedais como novo | logitech | 0,50,7,logitech g923 volante racing wheel pedali ps4 ps5
The last of us 2 special edition sony ps4,89.95,No brand,0,https://www.vinted.it/items/8114015413-the-last-of-us-2-special-edition-sony-ps4?referrer=catalog,4,8114015413,On Sale,,,https://images1.vinted.net/t/03_01620_mwp9FapSC7HELa9Cr4BDG554/310x430/1770394095.webp?s=8970418cf20e6698a413e850c3be8f4fa2da53c2,1,4,the last of us 2 special edition sony ps4,no brand,,False,no brand__toks__the-last,the last of us 2 special edition sony ps4 | no brand | 0,405,5,the last ps4 guardian of edition us2 limited
volante Hori Racing Wheel Apex,84.7,Hori,0,https://www.vinted.it/items/8114013729-volante-hori-racing-wheel-apex?referrer=catalog,0,8114013729,On Sale,,,https://images1.vinted.net/t/06_02226_ENZZjtcxu32AVP8a7stXaHR3/310x430/1770394083.webp?s=c036ff4aa7dcc6bc61b318f0a6f1d9b5a8dc860d,1,4,volante hori racing wheel apex,hori,,False,hori__toks__volante-hori,volante hori racing wheel apex | hori | 0,27,4,volante hori racing wheel apex rwa ps4 per
Jeu Playstation 4 Radigy 2 (version JAP),58.45,No brand,0,https://www.vinted.it/items/8114010472-jeu-playstation-4-radigy-2-version-jap?referrer=catalog,1,8114010472,On Sale,,,https://images1.vinted.net/t/05_016bb_kr8mZ7BcZo1ABZGnLnhN3aHQ/310x430/1770394060.webp?s=74c82b7c333d951934b2b807c4356747420fa6eb,1,4,jeu playstation 4 radigy 2 version jap,no brand,,False,no brand__toks__jeu-playstation,jeu playstation 4 radigy 2 version jap | no brand | 0,231,1,jeu playstation radigy version jap
Final fantasy 7 remake deluxe edition ps4,105.7,No brand,0,https://www.vinted.it/items/8114002156-final-fantasy-7-remake-deluxe-edition-ps4?referrer=catalog,1,8114002156,On Sale,,,https://images1.vinted.net/t/06_01580_Lrsr3ib4sAqXGEHTC6CSU1v5/310x430/1770394003.webp?s=a9353fe434f33195e1b43f8f527f61443909c987,1,4,final fantasy 7 remake deluxe edition ps4,no brand,,False,no brand__toks__final-fantasy,final fantasy 7 remake deluxe edition ps4 | no brand | 0,194,7,final fantasy edition ps4 remake deluxe vii precintado
Tritton 720+ 7.1 Surround Sound Gaming Headset,53.2,Triton,0,https://www.vinted.it/items/8113992667-tritton-720-71-surround-sound-gaming-headset?referrer=catalog,0,8113992667,On Sale,,,https://images1.vinted.net/t/03_0023f_jKmqubC7enwmVrwgDtawGUzw/310x430/1770393937.webp?s=6a0263c9f1b35149a3071c1e6da6e068917d6834,1,4,tritton 720 7 1 surround sound gaming headset,triton,,False,triton__codes__720,tritton 720 7 1 surround sound gaming headset | triton | 0,698,1,tritton 720 surround sound gaming headset
DUNE 2000 Juego PC en caja grande carton. Original. Nuevo precintado. No negociable,100.45,No brand,0,https://www.vinted.it/items/8113887114-dune-2000-juego-pc-en-caja-grande-carton-original-nuevo-precintado-no-negociable?referrer=catalog,15,8113887114,On Sale,,,https://images1.vinted.net/t/06_0175c_LSbPqBnu66Df3VgdAnu17ygD/310x430/1770393201.webp?s=b100ae827123f1f10d07231aa89274dd8d2da0bc,1,4,dune 2000 juego pc en caja grande carton original nuevo precintado no negociable,no brand,,False,no brand__codes__2000,dune 2000 juego pc en caja grande carton original nuevo precintado no negociable | no brand | 0,83,1,dune 2000 juego pc en caja grande carton
UrBaN ASSauLT caja carton grande PC ed. española. Nuevo Precintado,52.15,No brand,0,https://www.vinted.it/items/8113838779-urban-assault-caja-carton-grande-pc-ed-espanola-nuevo-precintado?referrer=catalog,16,8113838779,On Sale,,,https://images1.vinted.net/t/05_00569_K2h9pXfvMsq4zszzpgCkGFv4/310x430/1770392863.webp?s=f0248efb8b9de2e9e7c81f03d36c0feaae5b5690,1,4,urban assault caja carton grande pc ed espanola nuevo precintado,no brand,,False,no brand__toks__urban-assault,urban assault caja carton grande pc ed espanola nuevo precintado | no brand | 0,420,1,urban assault caja carton grande pc ed espanola
asics jolt 4 ps kids,42.7,Asics,32,https://www.vinted.it/items/8113713274-asics-jolt-4-ps-kids?referrer=catalog,2,8113713274,On Sale,,,https://images1.vinted.net/t/06_00d00_PrSHacCk6KPkZfCb38dNhXA6/310x430/1770391989.webp?s=2898a2e1b54762fc567aad65e4c06db29f95032f,1,4,asics jolt 4 ps kids,asics,kids,True,asics__toks__asics-jolt,asics jolt 4 ps kids | asics | 32,6,1,asics jolt ps kids
PS4 Slim 500 go,95.2,Sony,0,https://www.vinted.it/items/8113696883-ps4-slim-500-go?referrer=catalog,1,8113696883,On Sale,,,https://images1.vinted.net/t/06_0044f_jXLzpH6n1qxmdDdt7wZHcwev/310x430/1770391874.webp?s=26b8641fd65202a7543638a80227f4439fd70e48,1,4,ps4 slim 500 go,sony,,False,sony__codes__500,ps4 slim 500 go | sony | 0,614,1,ps4 slim 500 go
🎭 The House in Fata Morgana Limited Run Games,137.1,No brand,0,https://www.vinted.it/items/8113663022-the-house-in-fata-morgana-limited-run-games?referrer=catalog,4,8113663022,On Sale,,,https://images1.vinted.net/t/05_00ecc_UYGcdWzytK8RUtW9aYbMP8m8/310x430/1770391660.webp?s=9adb69b81784ad7528ab773e797d4a9844243408,1,4,the house in fata morgana limited run games,no brand,,False,no brand__toks__the-house,the house in fata morgana limited run games | no brand | 0,404,1,the house in fata morgana limited run games
WWE 2K25 PS4 Precintado,42.7,No brand,0,https://www.vinted.it/items/8113630968-wwe-2k25-ps4-precintado?referrer=catalog,0,8113630968,On Sale,,,https://images1.vinted.net/t/06_00200_Nugyrftnrm1Hbd64cxHgPaHB/310x430/1770391503.webp?s=32e4d833b74aa6fbf84be3abead263a94451cbd0,1,4,wwe 2k25 ps4 precintado,no brand,,False,no brand__toks__wwe-2k25,wwe 2k25 ps4 precintado | no brand | 0,440,1,wwe 2k25 ps4 precintado
Jeu Fc26,42.7,No brand,0,https://www.vinted.it/items/8113617694-jeu-fc26?referrer=catalog,8,8113617694,On Sale,,,https://images1.vinted.net/t/01_001e1_MnGXBFvK2MW8qFqzYwtR7VhR/310x430/1770391432.webp?s=dfec201872d321cea5521987194f0a39d7f87195,1,4,jeu fc26,no brand,,False,no brand__codes__fc26,jeu fc26 | no brand | 0,94,3,fc26 ps4 jeu gioco
Pack casque Gaming Razer Blackshark V2 X blanc + support de casque en aluminium,89.95,RAZER,0,https://www.vinted.it/items/8113543511-pack-casque-gaming-razer-blackshark-v2-x-blanc-support-de-casque-en-aluminium?referrer=catalog,1,8113543511,On Sale,,,https://images1.vinted.net/t/05_0053b_SaFDUX91Z3f4Uc1TiHPivE2n/310x430/1770391071.webp?s=47f8c22ce0ae0894fc93de2bca6095fe5b4eb585,1,4,pack casque gaming razer blackshark v2 x blanc support de casque en aluminium,razer,,False,razer__toks__pack-casque,pack casque gaming razer blackshark v2 x blanc support de casque en aluminium | razer | 0,599,1,casque pack gaming razer blackshark v2 blanc support
videogiochi,105.7,PlayStation,0,https://www.vinted.it/items/8113470565-videogiochi?referrer=catalog,0,8113470565,On Sale,,,https://images1.vinted.net/t/01_0207b_DCQpPcbtkq7oVsw1iZhGES8L/310x430/1770390712.webp?s=aff96c22627d804a887ad03411a718017cd60390,1,4,videogiochi,playstation,,False,playstation__toks__videogiochi,videogiochi | playstation | 0,561,1,videogiochi
Nacon Revolution Pro 3 Controller Playstation / Windows,100.45,NACON,0,https://www.vinted.it/items/8113463422-nacon-revolution-pro-3-controller-playstation-windows?referrer=catalog,0,8113463422,On Sale,,,https://images1.vinted.net/t/06_0209f_xmDKGV9axDq19GNi1UFz4RZf/310x430/1770390681.webp?s=a0207c97690584b6b1b10f68ca9c0317ba00bba8,1,4,nacon revolution pro 3 controller playstation windows,nacon,,False,nacon__toks__nacon-revolution,nacon revolution pro 3 controller playstation windows | nacon | 0,66,2,nacon revolution pro controller playstation fur pc und
PlayStation4,147.7,Sony,0,https://www.vinted.it/items/8113434689-playstation4?referrer=catalog,4,8113434689,On Sale,,,https://images1.vinted.net/t/05_0131e_GmDw3sqVo7ZHBCih5koDkbFR/310x430/1770390550.webp?s=8734055ed8285395f6fb2848d74806b76254d6ed,1,4,playstation4,sony,,False,sony__toks__playstation4,playstation4 | sony | 0,648,2,playstation4
watch dogs 2 san francisco edition,79.45,No brand,0,https://www.vinted.it/items/8113054298-watch-dogs-2-san-francisco-edition?referrer=catalog,0,8113054298,On Sale,,,https://images1.vinted.net/t/05_00d75_EttxtD3z4uFuW6d9V17bVdBR/310x430/1770388795.webp?s=fa7db540c5fbce877ef026034f89f1f6a808361b,1,4,watch dogs 2 san francisco edition,no brand,,False,no brand__toks__watch-dogs,watch dogs 2 san francisco edition | no brand | 0,436,1,watch dogs san francisco edition
Juegos PS4,42.7,No brand,0,https://www.vinted.it/items/8113041980-juegos-ps4?referrer=catalog,0,8113041980,On Sale,,,https://images1.vinted.net/t/06_01767_AZZxLkjyF9Zyx53nEWyj8DQq/310x430/1770388736.webp?s=efacc8264cdb3785a549b21fc882b0111e6cb38e,1,4,juegos ps4,no brand,,False,no brand__toks__juegos-ps4,juegos ps4 | no brand | 0,255,2,juegos ps4
Lot de 4 jeux PlayStation 5,59.49,No brand,0,https://www.vinted.it/items/8112995577-lot-de-4-jeux-playstation-5?referrer=catalog,0,8112995577,On Sale,,,https://images1.vinted.net/t/01_01aeb_hKRF1CKtb4ihL2QL8STV9Re5/310x430/1770388529.webp?s=14af8c510e5214651e65b3dc119daa5691212b50,1,4,lot de 4 jeux playstation 5,no brand,,False,no brand__toks__lot-de,lot de 4 jeux playstation 5 | no brand | 0,270,5,lot de jeux ps4 playstation neufs sous blister
PlayStation 4 come nuova +2 Joystick,95.2,PlayStation,0,https://www.vinted.it/items/8112944070-playstation-4-come-nuova-2-joystick?referrer=catalog,0,8112944070,On Sale,,,https://images1.vinted.net/t/06_00f5a_6Yjyu1p52vQZZkrkW13tdCd3/310x430/1770388285.webp?s=9fcbdc8da1ab50f848afaee60e4b47d63b84d301,1,4,playstation 4 come nuova 2 joystick,playstation,,False,playstation__toks__playstation-come,playstation 4 come nuova 2 joystick | playstation | 0,509,1,playstation come nuova joystick
Steel assault ps4 nuevo precintado.,68.95,No brand,0,https://www.vinted.it/items/8112829532-steel-assault-ps4-nuevo-precintado?referrer=catalog,8,8112829532,On Sale,,,https://images1.vinted.net/t/06_00531_ZwppLXJ5fHANxMNnxQjZVLAU/310x430/1770387760.webp?s=e774d6052e5798045c57b480bde6985fc5214893,1,4,steel assault ps4 nuevo precintado,no brand,,False,no brand__toks__steel-assault,steel assault ps4 nuevo precintado | no brand | 0,384,1,steel assault ps4 nuevo precintado
Bite The Bullet Ps4,47.95,No brand,0,https://www.vinted.it/items/8112708402-bite-the-bullet-ps4?referrer=catalog,15,8112708402,On Sale,,,https://images1.vinted.net/t/01_00bd2_J2M6CLnzYqjnuDku2yQUqH9D/310x430/1770387084.webp?s=19d8f6dd36d62da90cc1cba76d52e3b5d6f40079,1,4,bite the bullet ps4,no brand,,False,no brand__toks__bite-the,bite the bullet ps4 | no brand | 0,118,1,bite the bullet ps4
Cronus zen scellé ps4 ps3 ps5 xbox x et x series,126.7,ZEN,0,https://www.vinted.it/items/8112704339-cronus-zen-scelle-ps4-ps3-ps5-xbox-x-et-x-series?referrer=catalog,2,8112704339,On Sale,,,https://images1.vinted.net/t/05_024ac_Kegd4YuY98wZ3RnSfHhBekB5/310x430/1770387056.webp?s=c28a1f45fab55cb353cf02a7a14d373b5eae1d61,1,4,cronus zen scelle ps4 ps3 ps5 xbox x et x series,zen,,False,zen__toks__cronus-zen,cronus zen scelle ps4 ps3 ps5 xbox x et x series | zen | 0,707,1,cronus zen scelle ps4 ps3 ps5 xbox et
Clock Tower Playstation 4 PS4 Limited Run Games LRG,47.94,No brand,0,https://www.vinted.it/items/8112703066-clock-tower-playstation-4-ps4-limited-run-games-lrg?referrer=catalog,2,8112703066,On Sale,,,https://images1.vinted.net/t/06_02321_MoBHsn3hXpVEdpAbQWGmrE2p/310x430/1770387047.webp?s=2bf0e65f4ee01beabd89299dfeb2ea0f9a38dab7,1,4,clock tower playstation 4 ps4 limited run games lrg,no brand,,False,no brand__toks__clock-tower,clock tower playstation 4 ps4 limited run games lrg | no brand | 0,145,1,clock tower playstation ps4 limited run games lrg
PlayStation 4,147.7,PlayStation,0,https://www.vinted.it/items/8112677923-playstation-4?referrer=catalog,0,8112677923,On Sale,,,https://images1.vinted.net/t/01_002df_AdXEoAALaVoLjAV1RBRA9hsP/310x430/1770386875.webp?s=f8cb3832b44c22e0ce83aeb2312845a6ced5a55e,1,4,playstation 4,playstation,,False,playstation__toks__playstation,playstation 4 | playstation | 0,506,15,playstation
Black ops 7 ps4,58.45,No brand,0,https://www.vinted.it/items/8112672192-black-ops-7-ps4?referrer=catalog,0,8112672192,On Sale,,,https://images1.vinted.net/t/06_00447_UxccdPb3i6veS8r51QCawZwc/310x430/1770386835.webp?s=4c06f8ffdbfe0764c941812e3b7c9a6ec32e210a,1,4,black ops 7 ps4,no brand,,False,no brand__toks__black-ops,black ops 7 ps4 | no brand | 0,119,1,black ops ps4
Ps4 Neu,137.2,PlayStation,0,https://www.vinted.it/items/8112553074-ps4-neu?referrer=catalog,1,8112553074,On Sale,,,https://images1.vinted.net/t/03_01e20_9nPTmoWWbEYmHojec7wKhsSA/310x430/1770386006.webp?s=19d2d6cda27cd01e60e5b552f240a8b6dcbf4870,1,4,ps4 neu,playstation,,False,playstation__toks__ps4-neu,ps4 neu | playstation | 0,543,1,ps4 neu
volante e pedaliera per playstation e PC nuovo mai usato,53.2,PlayStation,0,https://www.vinted.it/items/8112463175-volante-e-pedaliera-per-playstation-e-pc-nuovo-mai-usato?referrer=catalog,0,8112463175,On Sale,,,https://images1.vinted.net/t/04_02430_Ex3iuyjvpxL1ndCu3Q6jxhaX/310x430/1770385385.webp?s=f111a8e53830c3dd68173067318810acfd574dcc,1,4,volante e pedaliera per playstation e pc nuovo mai usato,playstation,,False,playstation__toks__volante-pedaliera,volante e pedaliera per playstation e pc nuovo mai usato | playstation | 0,572,1,volante pedaliera per playstation pc nuovo mai usato
Ps4 pro 1tb + 2 mandos + gta V,131.95,PlayStation,0,https://www.vinted.it/items/8112312934-ps4-pro-1tb-2-mandos-gta-v?referrer=catalog,1,8112312934,On Sale,,,https://images1.vinted.net/t/06_00e73_qRMVX2SJogT5T67ZTMzwEaiF/310x430/1770384333.webp?s=d87fd8ceb6bf05ed6b85d059a6682b6cd2fc1055,1,4,ps4 pro 1tb 2 mandos gta v,playstation,,False,playstation__toks__ps4-pro,ps4 pro 1tb 2 mandos gta v | playstation | 0,547,3,ps4 pro 1tb gta mandos controller originale ottime
FIFA 26 PS4,42.7,No brand,0,https://www.vinted.it/items/8112243510-fifa-26-ps4?referrer=catalog,17,8112243510,On Sale,,,https://images1.vinted.net/t/01_00238_P3jYrdMhPmk95bfnory16wGG/310x430/1770383841.webp?s=fd43d11f6665478efa435bfb3d1c2ff01afb06d2,1,4,fifa 26 ps4,no brand,,False,no brand__codes__26,fifa 26 ps4 | no brand | 0,88,10,26 fifa ps4 fc playstation jeux ps neuf
The complex ps4 precintado,84.65,No brand,0,https://www.vinted.it/items/8112225347-the-complex-ps4-precintado?referrer=catalog,7,8112225347,On Sale,,,https://images1.vinted.net/t/06_01828_yyxLepc6yEw1oNdMziUos9Q5/310x430/1770383709.webp?s=54bdbb49064669531dbccb9d07bc167e818ed698,1,4,the complex ps4 precintado,no brand,,False,no brand__toks__the-complex,the complex ps4 precintado | no brand | 0,399,1,the complex ps4 precintado
PlayStation 4 FAT 500GB Ricondizionata | Come Nuova + giochi,105.69,Sony,0,https://www.vinted.it/items/8111544306-playstation-4-fat-500gb-ricondizionata-come-nuova-giochi?referrer=catalog,3,8111544306,On Sale,,,https://images1.vinted.net/t/05_00c97_vk1tu8J5S9yeALKZFpG33Gwr/310x430/1770378616.webp?s=6cb0efa8ac4271ff4d5063fb2a17a9fff110cccb,1,4,playstation 4 fat 500gb ricondizionata come nuova giochi,sony,,False,sony__toks__playstation-fat,playstation 4 fat 500gb ricondizionata come nuova giochi | sony | 0,643,1,playstation fat 500gb ricondizionata come nuova giochi
Videogiochi Ps4 videogames Playstation 4,74.2,No brand,0,https://www.vinted.it/items/8112157019-videogiochi-ps4-videogames-playstation-4?referrer=catalog,1,8112157019,On Sale,,,https://images1.vinted.net/t/01_00b3b_c8L4Ev6M2ydG64JXUJHidEZp/310x430/1770383224.webp?s=3dbe0d6e7093859e86b6616f982c2547e1c1fc8a,1,4,videogiochi ps4 videogames playstation 4,no brand,,False,no brand__toks__videogiochi-ps4,videogiochi ps4 videogames playstation 4 | no brand | 0,429,1,videogiochi ps4 videogames playstation
Volante Ferrari T80 + Pedali – Compatibile PS5 / PS4 / PC – Ottime condizioni,74.2,Thrustmaster,0,https://www.vinted.it/items/8112078961-volante-ferrari-t80-pedali-compatibile-ps5-ps4-pc-ottime-condizioni?referrer=catalog,1,8112078961,On Sale,,,https://images1.vinted.net/t/06_01f5b_jLaMQgPESQBepxJizQ5kBncA/310x430/1770382677.webp?s=13e65e11e9c87246d62bfeafb19c851738749c3a,1,4,volante ferrari t80 pedali compatibile ps5 ps4 pc ottime condizioni,thrustmaster,,False,thrustmaster__codes__t80,volante ferrari t80 pedali compatibile ps5 ps4 pc ottime condizioni | thrustmaster | 0,684,1,volante ferrari t80 pedali compatibile ps5 ps4 pc
Ps4 dead island 2 box,63.7,No brand,0,https://www.vinted.it/items/8112064091-ps4-dead-island-2-box?referrer=catalog,0,8112064091,On Sale,,,https://images1.vinted.net/t/04_01e80_3FeMwejaGuMnmvkfU9YYoVB2/310x430/1770382569.webp?s=2fa5bacd4516c07ce6e553c547bd0995f065494e,1,4,ps4 dead island 2 box,no brand,,False,no brand__toks__ps4-dead,ps4 dead island 2 box | no brand | 0,331,1,ps4 dead island box
Coffret Dark soûls trilogy PS4,42.7,No brand,0,https://www.vinted.it/items/8112049644-coffret-dark-souls-trilogy-ps4?referrer=catalog,2,8112049644,On Sale,,,https://images1.vinted.net/t/01_0257b_ZbfTir9i5bUbVUd2yCBT76fu/310x430/1770382463.webp?s=51fe649c78beeb3d1d8067b209d16decdda2aff5,1,4,coffret dark souls trilogy ps4,no brand,,False,no brand__toks__coffret-dark,coffret dark souls trilogy ps4 | no brand | 0,147,1,coffret dark souls trilogy ps4
Ps4 dark pictures,84.7,No brand,0,https://www.vinted.it/items/8112048929-ps4-dark-pictures?referrer=catalog,4,8112048929,On Sale,,,https://images1.vinted.net/t/01_02579_CfxbytaGshWZ6Fn7r6x5DC6s/310x430/1770382458.webp?s=edc67114fe3ceccc211f35d1d0552717335d2516,1,4,ps4 dark pictures,no brand,,False,no brand__toks__ps4-dark,ps4 dark pictures | no brand | 0,330,2,ps4 dark pictures triple pack
Slitterhead One Edition ps5 precintado,74.2,No brand,0,https://www.vinted.it/items/8112029256-slitterhead-one-edition-ps5-precintado?referrer=catalog,19,8112029256,On Sale,,,https://images1.vinted.net/t/06_01890_jiCC7NmzVu9mHM6QqqapNMdE/310x430/1770382316.webp?s=5a3774e2af510e2ae368a4ce7f6934d8941f309e,1,4,slitterhead one edition ps5 precintado,no brand,,False,no brand__toks__slitterhead-one,slitterhead one edition ps5 precintado | no brand | 0,375,1,slitterhead one edition ps5 precintado
Ps4 dark pictures triple pack,84.7,No brand,0,https://www.vinted.it/items/8112001784-ps4-dark-pictures-triple-pack?referrer=catalog,3,8112001784,On Sale,,,https://images1.vinted.net/t/06_0260e_Z1RXUeVMtQFWvrXj16QifAhg/310x430/1770382116.webp?s=97149287ad6bd275b4675138d598ef7c8c9a6549,1,4,ps4 dark pictures triple pack,no brand,,False,no brand__toks__ps4-dark,ps4 dark pictures triple pack | no brand | 0,330,2,ps4 dark pictures triple pack
Logitech G29 PS4 PS5 PC + Soporte + Pedales + Palanca | Simracing,315.7,Logitech G,0,https://www.vinted.it/items/8111998231-logitech-g29-ps4-ps5-pc-soporte-pedales-palanca-simracing?referrer=catalog,0,8111998231,On Sale,,,https://images1.vinted.net/t/05_0174f_vHAFFvFcYZFzB9sFUNeCLiva/310x430/1770382089.webp?s=53efe71e7e6898b2396d45bdd670efdcb71e4b6b,1,4,logitech g29 ps4 ps5 pc soporte pedales palanca simracing,logitech g,,False,logitech g__codes__g29,logitech g29 ps4 ps5 pc soporte pedales palanca simracing | logitech g | 0,47,1,logitech g29 ps4 ps5 pc soporte pedales palanca
Disco Elysium PS4 🇪🇸 Precintado,100.45,No brand,0,https://www.vinted.it/items/8111892757-disco-elysium-ps4-precintado?referrer=catalog,1,8111892757,On Sale,,,https://images1.vinted.net/t/06_01c39_iHKEG8efZAuc9vbmJUxGoUxk/310x430/1770381306.webp?s=c9fd87a41f6e2a33806f6a9af1dfeecac306325b,1,4,disco elysium ps4 precintado,no brand,,False,no brand__toks__disco-elysium,disco elysium ps4 precintado | no brand | 0,173,1,disco elysium ps4 precintado
Manette sans fil Victrix Pro BFG PS5/PC Neuve,137.1,Turtle Beach,0,https://www.vinted.it/items/8111809076-manette-sans-fil-victrix-pro-bfg-ps5pc-neuve?referrer=catalog,1,8111809076,On Sale,,,https://images1.vinted.net/t/06_02144_AJJVdpkj7i3ntySRkoHF6HNr/310x430/1770380673.webp?s=3983c3f0b6d073d16d90fc1d35b1bf0b3ba6b8b9,1,4,manette sans fil victrix pro bfg ps5 pc neuve,turtle beach,,False,turtle beach__toks__manette-sans,manette sans fil victrix pro bfg ps5 pc neuve | turtle beach | 0,700,1,manette sans fil victrix pro bfg ps5 pc
Jeux Wii ps4,74.2,No brand,0,https://www.vinted.it/items/8111807214-jeux-wii-ps4?referrer=catalog,0,8111807214,On Sale,,,https://images1.vinted.net/t/04_025e1_oLZ7PThVBHvqZ1yMvNZzfXVh/310x430/1770380659.webp?s=183e2fb4a03b9b18ab66c6f2957f6ca3f6cc7f43,1,4,jeux wii ps4,no brand,,False,no brand__toks__jeux-wii,jeux wii ps4 | no brand | 0,248,1,jeux wii ps4
Kit xtreme controller+cuffia per ps4,45.85,Xtreme,0,https://www.vinted.it/items/8111773913-kit-xtreme-controllercuffia-per-ps4?referrer=catalog,0,8111773913,On Sale,,,https://images1.vinted.net/t/04_00855_niuqwSVYba7APtAqdV8s9iu1/310x430/1770380406.webp?s=bb987d9ad967c83f7d0af27302ed5ab7de8149fa,1,4,kit xtreme controller cuffia per ps4,xtreme,,False,xtreme__toks__kit-xtreme,kit xtreme controller cuffia per ps4 | xtreme | 0,704,1,kit xtreme controller cuffia per ps4
Kingdom hearts all in one package 🇮🇹,58.45,No brand,0,https://www.vinted.it/items/8111710991-kingdom-hearts-all-in-one-package?referrer=catalog,12,8111710991,On Sale,,,https://images1.vinted.net/t/05_026b2_H3wspFXvB3yrqGLQSu3ZwDf3/310x430/1770379921.webp?s=006d1240beff391617d4f65d908f47f74730521d,1,4,kingdom hearts all in one package,no brand,,False,no brand__toks__kingdom-hearts,kingdom hearts all in one package | no brand | 0,258,3,kingdom hearts all in one package ps4 nuovo
Volante play station 4 nuovo,74.2,PlayStation,0,https://www.vinted.it/items/8111587390-volante-play-station-4-nuovo?referrer=catalog,0,8111587390,On Sale,,,https://images1.vinted.net/t/06_01df7_JCJ9byqUashCmecz4Zi9y9dz/310x430/1770378953.webp?s=d1320eeaa5498886e309adb467f9d10bcca75122,1,4,volante play station 4 nuovo,playstation,,False,playstation__toks__volante-play,volante play station 4 nuovo | playstation | 0,575,2,volante play station nuovo
Jeu NBA ps4,47.95,No brand,0,https://www.vinted.it/items/8111587037-jeu-nba-ps4?referrer=catalog,0,8111587037,On Sale,,,https://images1.vinted.net/t/01_01bb4_UBhWuNTpX1CXjJPLqrM9yMSE/310x430/1770378950.webp?s=11a9e0f60eb1e9b81ba344e40c2537b993a85756,1,4,jeu nba ps4,no brand,,False,no brand__toks__jeu-nba,jeu nba ps4 | no brand | 0,229,1,jeu nba ps4
Lotto ps4 vr: driveclub vr + rush of Blood - nuovi sigillati,84.7,No brand,0,https://www.vinted.it/items/8111569964-lotto-ps4-vr-driveclub-vr-rush-of-blood-nuovi-sigillati?referrer=catalog,0,8111569964,On Sale,,,https://images1.vinted.net/t/03_020a0_YpAeA8mnARVq7VvSZmw8AZLL/310x430/1770378815.webp?s=08e6cd4ddc77f25dda94e380eca1cf8c1317be17,1,4,lotto ps4 vr driveclub vr rush of blood nuovi sigillati,no brand,lotto,True,no brand__toks__lotto-ps4,lotto ps4 vr driveclub vr rush of blood nuovi sigillati | no brand | 0,277,1,vr lotto ps4 driveclub rush of blood nuovi
Jogos ps4 10 unidades,53.2,No brand,0,https://www.vinted.it/items/8111540011-jogos-ps4-10-unidades?referrer=catalog,3,8111540011,On Sale,,,https://images1.vinted.net/t/06_01c33_wMvmWqQu5nT9As3kPoH98kmm/310x430/1770378582.webp?s=48060269ea8d4d1fe6f8bb74d9bb7318002fdeb6,1,4,jogos ps4 10 unidades,no brand,,False,no brand__codes__10,jogos ps4 10 unidades | no brand | 0,73,3,10 ps4 lotto di giochi per jogos unidades
Pack juegos precintados PS4,105.7,No brand,0,https://www.vinted.it/items/8111535435-pack-juegos-precintados-ps4?referrer=catalog,6,8111535435,On Sale,,,https://images1.vinted.net/t/06_00f4d_JzEADTAp4bkEaY7oqKBBxFrw/310x430/1770378546.webp?s=9791322e4100033bf2277760401809b17691eedc,1,4,pack juegos precintados ps4,no brand,,False,no brand__toks__pack-juegos,pack juegos precintados ps4 | no brand | 0,309,1,pack juegos precintados ps4
Lenkrad ps4/3 / Xbox/ PC,79.45,PXN,0,https://www.vinted.it/items/8111423071-lenkrad-ps43-xbox-pc?referrer=catalog,0,8111423071,On Sale,,,https://images1.vinted.net/t/06_01f8a_t2eatasDE9xpJEVcrNb1F5YL/310x430/1770377669.webp?s=4294a7009e03057aab62e2b54274a6ab4b724e6e,1,4,lenkrad ps4 3 xbox pc,pxn,,False,pxn__toks__lenkrad-ps4,lenkrad ps4 3 xbox pc | pxn | 0,588,1,lenkrad ps4 xbox pc
Nannna,510.0,PlayStation,0,https://www.vinted.it/items/8111334992-nannna?referrer=catalog,0,8111334992,On Sale,,,https://images1.vinted.net/t/06_016d8_EokjvWcAzS4BY4U7AqdoH1eo/310x430/1770376968.webp?s=1f1b86b7a0405b65d8b36a000a45daede3d3eb7a,1,4,nannna,playstation,,False,playstation__toks__nannna,nannna | playstation | 0,501,1,nannna
🎮 Logitech G923 – Volant + Pédalier – État neuf – PlayStation / PC,263.2,Logitech,0,https://www.vinted.it/items/8111190836-logitech-g923-volant-pedalier-etat-neuf-playstation-pc?referrer=catalog,0,8111190836,On Sale,,,https://images1.vinted.net/t/06_0063e_JxVaCA6nryehQPwQDYuJuaa9/310x430/1770375827.webp?s=cb13040168b2463044582c90adaf918ed75de3ab,1,4,logitech g923 volant pedalier etat neuf playstation pc,logitech,,False,logitech__codes__g923,logitech g923 volant pedalier etat neuf playstation pc | logitech | 0,50,7,logitech g923 volante racing wheel pedali ps4 ps5
Final Vendetta Édition Limitée - Jeu PS4,51.1,No brand,0,https://www.vinted.it/items/8111181806-final-vendetta-edition-limitee-jeu-ps4?referrer=catalog,1,8111181806,On Sale,,,https://images1.vinted.net/t/05_004c0_WhQN9rvcxxLKrQR6MzBAK8Nk/310x430/1770375755.webp?s=2f08aaa5d728264652ec255cd7d1d73a857493e7,1,4,final vendetta edition limitee jeu ps4,no brand,,False,no brand__toks__final-vendetta,final vendetta edition limitee jeu ps4 | no brand | 0,196,2,final vendetta edition limitee jeu ps4 super play
PlayStation 4 pro,200.2,PlayStation,0,https://www.vinted.it/items/8111179472-playstation-4-pro?referrer=catalog,0,8111179472,On Sale,,,https://images1.vinted.net/t/05_0244d_obTUc7f8WSHkDNVJFGBgj9Bk/310x430/1770375736.webp?s=2cc7c79f4d71b41082b0401758db7bbe5ac0899c,1,4,playstation 4 pro,playstation,,False,playstation__toks__playstation-pro,playstation 4 pro | playstation | 0,523,4,playstation pro 1tb come nuova
Mando Ace Gamer,42.7,ACE,0,https://www.vinted.it/items/8111137549-mando-ace-gamer?referrer=catalog,0,8111137549,On Sale,,,https://images1.vinted.net/t/04_01353_4MK25YuVeJmQAV2M3txEPKZu/310x430/1770375408.webp?s=ec63829f0e4a9b39584dd08f3e94fc69caf0218c,1,4,mando ace gamer,ace,,False,ace__toks__mando-ace,mando ace gamer | ace | 0,0,1,mando ace gamer
The Escapists PS4 Edición The Walking Dead,53.2,No brand,0,https://www.vinted.it/items/8111033904-the-escapists-ps4-edicion-the-walking-dead?referrer=catalog,2,8111033904,On Sale,,,https://images1.vinted.net/t/06_01b4a_BK4tvy7wmYC61L9o8RDnREU9/310x430/1770374590.webp?s=8f547d11e5d5edeb16049da4e5c74a50037d82d3,1,4,the escapists ps4 edicion the walking dead,no brand,,False,no brand__toks__the-escapists,the escapists ps4 edicion the walking dead | no brand | 0,402,1,the escapists ps4 edicion walking dead
Frost Punk Ps4,53.2,No brand,0,https://www.vinted.it/items/8111017689-frost-punk-ps4?referrer=catalog,1,8111017689,On Sale,,,https://images1.vinted.net/t/06_01ad9_wxhTLRzzvP1XH7382SuHCpm8/310x430/1770374461.webp?s=8017a9cf22ee55065c773b43e1c7507cacb17bed,1,4,frost punk ps4,no brand,,False,no brand__toks__frost-punk,frost punk ps4 | no brand | 0,199,1,frost punk ps4
Ps4 giochi,95.2,No brand,0,https://www.vinted.it/items/8111004299-ps4-giochi?referrer=catalog,0,8111004299,On Sale,,,https://images1.vinted.net/t/06_012d8_XPecLdDDqUN4rfnRotVr4YLr/310x430/1770374353.webp?s=1049fb4e862fc6e703a46b06667d961f29db1c24,1,4,ps4 giochi,no brand,,False,no brand__toks__ps4-giochi,ps4 giochi | no brand | 0,333,1,ps4 giochi
Puma Philippe Starck ps paris band O chamomille yellow dark neuve,210.69,Puma,37,https://www.vinted.it/items/8110995054-puma-philippe-starck-ps-paris-band-o-chamomille-yellow-dark-neuve?referrer=catalog,0,8110995054,On Sale,,,https://images1.vinted.net/t/05_011b4_tnBoZkKAeAxzyVApZFJxKJwC/310x430/1770374281.webp?s=eeb5bc197d66dfd3f5dd2ebab5a8fe6ae570e248,1,4,puma philippe starck ps paris band o chamomille yellow dark neuve,puma,,False,puma__toks__puma-philippe,puma philippe starck ps paris band o chamomille yellow dark neuve | puma | 37,587,1,puma philippe starck ps paris band chamomille yellow
Coffret Watch dogs 2 ps4,52.15,PlayStation,0,https://www.vinted.it/items/8110893003-coffret-watch-dogs-2-ps4?referrer=catalog,1,8110893003,On Sale,,,https://images1.vinted.net/t/06_02163_mu1RVBE1SQgRKRGJTH6dubZG/310x430/1770373461.webp?s=f1ccb4848f2b51e3496f39a2de9f1748eba94550,1,4,coffret watch dogs 2 ps4,playstation,,False,playstation__toks__coffret-watch,coffret watch dogs 2 ps4 | playstation | 0,474,1,coffret watch dogs ps4
ps4 PRO y gta,158.2,PlayStation,0,https://www.vinted.it/items/8110733963-ps4-pro-y-gta?referrer=catalog,1,8110733963,On Sale,,,https://images1.vinted.net/t/06_01b8c_JznusTF2zkmirqKWXmNnRXs1/310x430/1770372149.webp?s=17054d05669daef64ce562b2c4409698b43b989e,1,4,ps4 pro y gta,playstation,,False,playstation__toks__ps4-pro,ps4 pro y gta | playstation | 0,547,3,ps4 pro 1tb gta mandos controller originale ottime
Ys Monstrum Nox,58.45,No brand,0,https://www.vinted.it/items/8110614259-ys-monstrum-nox?referrer=catalog,0,8110614259,On Sale,,,https://images1.vinted.net/t/06_00cf1_BH4yTAv8s2YmRn61UMTvNc5K/310x430/1770371106.webp?s=f620484ab00413879d6626bdc2bbc8aa7fab144e,1,4,ys monstrum nox,no brand,,False,no brand__toks__ys-monstrum,ys monstrum nox | no brand | 0,444,1,ys monstrum nox
Clavier pour PlayStation,100.45,PlayStation,0,https://www.vinted.it/items/8110558949-clavier-pour-playstation?referrer=catalog,0,8110558949,On Sale,,,https://images1.vinted.net/t/06_0188b_4A2N3AVtqYz72qqw9kq13S8x/310x430/1770370594.webp?s=b2e9c0b9399a939d764cf3f323745583438012c6,1,4,clavier pour playstation,playstation,,False,playstation__toks__clavier-pour,clavier pour playstation | playstation | 0,472,1,clavier pour playstation
L.S.D. Battlefield Simulator OST PS5 Sealed,53.2,No brand,0,https://www.vinted.it/items/8101427223-lsd-battlefield-simulator-ost-ps5-sealed?referrer=catalog,0,8101427223,On Sale,,,https://images1.vinted.net/t/06_001c8_t4bspyCDdZCL8hxpNNfBUfXh/310x430/1770232474.webp?s=dd9888353d6adfe0b15ecaf46dac4922f12c63f9,1,4,l s d battlefield simulator ost ps5 sealed,no brand,,False,no brand__toks__battlefield-simulator,l s d battlefield simulator ost ps5 sealed | no brand | 0,116,1,battlefield simulator ost ps5 sealed
Lot The last of us,95.2,Sony,0,https://www.vinted.it/items/8110458958-lot-the-last-of-us?referrer=catalog,0,8110458958,On Sale,,,https://images1.vinted.net/t/06_023c0_Kiptdrp6qGnVkxWaRHpaRjVa/310x430/1770369618.webp?s=8f3dd180ad99e051fb7430eb972bc82e762254cd,1,4,lot the last of us,sony,,False,sony__toks__lot-the,lot the last of us | sony | 0,625,1,lot the last of us
Volant thrustmaster,47.95,Thrustmaster,0,https://www.vinted.it/items/8110441396-volant-thrustmaster?referrer=catalog,22,8110441396,On Sale,,,https://images1.vinted.net/t/06_024ea_hNwoGDHraSFdWHcxf8ap7XRp/310x430/1770369441.webp?s=5110b99909b628cb417c4e0d0e310944d98f703a,1,4,volant thrustmaster,thrustmaster,,False,thrustmaster__toks__volant-thrustmaster,volant thrustmaster | thrustmaster | 0,693,1,volant thrustmaster
Pes 2021 ps4 neuf sous blister,58.45,No brand,0,https://www.vinted.it/items/8110326318-pes-2021-ps4-neuf-sous-blister?referrer=catalog,2,8110326318,On Sale,,,https://images1.vinted.net/t/06_022a5_aj57EVWyLBCZ5Kz9PJp2G1yp/310x430/1770368180.webp?s=6a4ef31163a2f722503cee6409d41285e01395f7,1,4,pes 2021 ps4 neuf sous blister,no brand,,False,no brand__codes__2021,pes 2021 ps4 neuf sous blister | no brand | 0,85,1,pes 2021 ps4 neuf sous blister
Jeux PS 4 FC 26,63.7,No brand,0,https://www.vinted.it/items/8110265998-jeux-ps-4-fc-26?referrer=catalog,0,8110265998,On Sale,,,https://images1.vinted.net/t/06_00a2d_HU8QZhZrZnZDXmDjVsZ9UXu4/310x430/1770367454.webp?s=186e44aea42130bc9580bd5df7cbfcf9dd29744e,1,4,jeux ps 4 fc 26,no brand,,False,no brand__codes__26,jeux ps 4 fc 26 | no brand | 0,88,10,26 fifa ps4 fc playstation jeux ps neuf
Lot de 9 jeux PS4 - 4 NEUFS sous blister (GOW,158.2,No brand,0,https://www.vinted.it/items/8110211508-lot-de-9-jeux-ps4-4-neufs-sous-blister-gow-spider-man-etc?referrer=catalog,1,8110211508,On Sale,,,https://images1.vinted.net/t/06_00690_AGwruoKuMgBLReC3WkkzK4Y9/310x430/1770366739.webp?s=281e9cf7dc6f051eb1bd5965aa0ed0e2df32e640,1,4,lot de 9 jeux ps4 4 neufs sous blister gow,no brand,,False,no brand__toks__lot-de,lot de 9 jeux ps4 4 neufs sous blister gow | no brand | 0,270,5,lot de jeux ps4 playstation neufs sous blister
Controller Gaming Manba One - Schermo LED a colori - Hall Effect - NUOVO,53.2,manba,0,https://www.vinted.it/items/8110201668-controller-gaming-manba-one-schermo-led-a-colori-hall-effect-nuovo?referrer=catalog,4,8110201668,On Sale,,,https://images1.vinted.net/t/06_00cb0_oxrH9Q24eZVWxNBm9uAkn1kp/310x430/1770366603.webp?s=f2b59d3bcf40634ef344d7f9c0973e4e226c60a3,1,4,controller gaming manba one schermo led a colori hall effect nuovo,manba,,False,manba__toks__controller-gaming,controller gaming manba one schermo led a colori hall effect nuovo | manba | 0,58,1,controller gaming manba one schermo led colori hall
The Legend of Dragoon PS1 JAP – Complet 4 CD – Version japonaise originale,74.2,No brand,0,https://www.vinted.it/items/8110198894-the-legend-of-dragoon-ps1-jap-complet-4-cd-version-japonaise-originale?referrer=catalog,0,8110198894,On Sale,,,https://images1.vinted.net/t/06_020ae_WEUAcAiyMhpmGVhtPQ176Lp2/310x430/1770366564.webp?s=17a5711db4e6ea30f00238a11971ac8db5fd8686,1,4,the legend of dragoon ps1 jap complet 4 cd version japonaise originale,no brand,,False,no brand__toks__the-legend,the legend of dragoon ps1 jap complet 4 cd version japonaise originale | no brand | 0,407,1,the legend of dragoon ps1 jap complet cd
Final fantasy XII zodiaque age edition collector,210.7,No brand,0,https://www.vinted.it/items/8110004442-final-fantasy-xii-zodiaque-age-edition-collector?referrer=catalog,15,8110004442,On Sale,,,https://images1.vinted.net/t/06_00434_riqV5jePfK8ohvDqob39TMG3/310x430/1770363170.webp?s=d2af24580d14083534a665d87557cb818d866faa,1,4,final fantasy xii zodiaque age edition collector,no brand,,False,no brand__toks__final-fantasy,final fantasy xii zodiaque age edition collector | no brand | 0,195,1,final fantasy xii zodiaque age edition collector
Sony PlayStation 5 Pro 2TB Konsole mit Disc-Laufwerk,399.7,PlayStation,0,https://www.vinted.it/items/8116951734-sony-playstation-5-pro-2tb-konsole-mit-disc-laufwerk-spielen-zubehor-brandneu?referrer=catalog,8,8116951734,On Sale,,,https://images1.vinted.net/t/05_0003a_KNr6RcVXtsXd16jdr5wrnmca/310x430/1770446108.webp?s=d42c0584a8a2338d0a61eb78d9b187e0ad4463f5,1,4,sony playstation 5 pro 2tb konsole mit disc laufwerk,playstation,,False,playstation__toks__sony-playstation,sony playstation 5 pro 2tb konsole mit disc laufwerk | playstation | 0,557,1,sony playstation pro 2tb konsole mit disc laufwerk
Métal slug XX Ps4,47.95,No brand,0,https://www.vinted.it/items/8110091132-metal-slug-xx-ps4?referrer=catalog,0,8110091132,On Sale,,,https://images1.vinted.net/t/05_007c7_vWvFWqBHxQ9jvLZ7hZ5Bmf57/310x430/1770364885.webp?s=0729df0db2a92aa9e06890a463d46a3da344af1f,1,4,metal slug xx ps4,no brand,,False,no brand__toks__metal-slug,metal slug xx ps4 | no brand | 0,292,2,metal slug ps4 xx anthology
Manette sony ps5 playstation 4 Neuf neuves ab,63.7,Sony,0,https://www.vinted.it/items/8110071344-manette-sony-ps5-playstation-4-neuf-neuves-ab?referrer=catalog,3,8110071344,On Sale,,,https://images1.vinted.net/t/01_012dc_mVgDLQdaospBxkHo6SP4SqyY/310x430/1770364526.webp?s=476112834b9b553b2d91d05076354f67606e581f,1,4,manette sony ps5 playstation 4 neuf neuves ab,sony,,False,sony__toks__manette-sony,manette sony ps5 playstation 4 neuf neuves ab | sony | 0,636,1,manette sony ps5 playstation neuf neuves ab
PS4 Spiel: Inside + Limbo komplett mit Karte und Poster,53.2,No brand,0,https://www.vinted.it/items/8110032584-ps4-spiel-inside-limbo-komplett-mit-karte-und-poster?referrer=catalog,4,8110032584,On Sale,,,https://images1.vinted.net/t/03_01b38_rVaotBuBAfhq6iuueHN45Qn6/310x430/1770363781.webp?s=339010536f0fcbc1e3be8a4fc6b5bee4ab932dc1,1,4,ps4 spiel inside limbo komplett mit karte und poster,no brand,,False,no brand__toks__ps4-spiel,ps4 spiel inside limbo komplett mit karte und poster | no brand | 0,343,1,ps4 spiel inside limbo komplett mit karte und
Mules PS Poelman MAG beige camel daim T38 - Plateforme confort Neuves,47.95,PS,38,https://www.vinted.it/items/8109990179-mules-ps-poelman-mag-beige-camel-daim-t38-plateforme-confort-neuves?referrer=catalog,57,8109990179,On Sale,,,https://images1.vinted.net/t/06_024c3_Yb47ZiE9pczF5jPoYnkwyxCh/310x430/1770362825.webp?s=47e872ad0a6a02307de9568ac2f2d502e08a7f67,1,4,mules ps poelman mag beige camel daim t38 plateforme confort neuves,ps,,False,ps__codes__t38,mules ps poelman mag beige camel daim t38 plateforme confort neuves | ps | 38,586,1,mules ps poelman mag beige camel daim t38
Fatal Frame ps4  Jap,42.7,No brand,0,https://www.vinted.it/items/8109989957-fatal-frame-ps4-jap?referrer=catalog,7,8109989957,On Sale,,,https://images1.vinted.net/t/04_00d35_rYmVv7wrd9jRL1VdB2XyunZC/310x430/1770362819.webp?s=a3f6f094aa0414165385c66d3cd3428e978fe403,1,4,fatal frame ps4 jap,no brand,,False,no brand__toks__fatal-frame,fatal frame ps4 jap | no brand | 0,192,1,fatal frame ps4 jap
🎮 PlayStation: Spider-Man 2 (PS5) + Red Dead Redemption (PS4) + The Last of Us 1 & 2 (PS4),63.7,No brand,0,https://www.vinted.it/items/8109952785-playstation-spider-man-2-ps5-red-dead-redemption-ps4-the-last-of-us-1-2-ps4?referrer=catalog,6,8109952785,On Sale,,,https://images1.vinted.net/t/06_00666_xGMhpn1tWpW2Kv9x8DzPQvJZ/310x430/1770361801.webp?s=0fdddd066da4dd026980ef089e44b48f953565b8,1,4,playstation spider man 2 ps5 red dead redemption ps4 the last of us 1 2 ps4,no brand,,False,no brand__toks__playstation-spider,playstation spider man 2 ps5 red dead redemption ps4 the last of us 1 2 ps4 | no brand | 0,320,1,ps4 playstation spider man ps5 red dead redemption
"Logitech G G923 

Racing wheel",231.7,Logitech,0,https://www.vinted.it/items/8109793426-logitech-g-g923-racing-wheel?referrer=catalog,0,8109793426,On Sale,,,https://images1.vinted.net/t/06_023a9_2Ez5qxXRBPjQNer2dv3VRsa5/310x430/1770350457.webp?s=1b6a89b30b34134fc4155556d6b89c0c8b1bc3f9,1,5,logitech g g923 racing wheel,logitech,,False,logitech__codes__g923,logitech g g923 racing wheel | logitech | 0,50,7,logitech g923 volante racing wheel pedali ps4 ps5
FC 26 neuf PlayStation 4,47.95,No brand,0,https://www.vinted.it/items/8109757452-fc-26-neuf-playstation-4?referrer=catalog,2,8109757452,On Sale,,,https://images1.vinted.net/t/06_018bd_wTpYpnekcLW6qAqxzAyob14t/310x430/1770342365.webp?s=07cc04dfef8f21eb16e01f3b73869feaeda12075,1,5,fc 26 neuf playstation 4,no brand,,False,no brand__codes__26,fc 26 neuf playstation 4 | no brand | 0,88,10,26 fifa ps4 fc playstation jeux ps neuf
Volante Logitech G29,231.7,Logitech,0,https://www.vinted.it/items/8109742776-volante-logitech-g29?referrer=catalog,0,8109742776,On Sale,,,https://images1.vinted.net/t/05_01c7f_6jyBJqvmmxkZrQJR929VAk87/310x430/1770340304.webp?s=dac620b69d3836be7d782730c7b55c6ae6414c88,1,5,volante logitech g29,logitech,,False,logitech__codes__g29,volante logitech g29 | logitech | 0,49,14,g29 logitech volante volant pedales de vitesse ps4
PlayStation 4,74.2,PlayStation,0,https://www.vinted.it/items/8109741457-playstation-4?referrer=catalog,2,8109741457,On Sale,,,https://images1.vinted.net/t/05_00536_toiqc4hezyH86hpiAvvWaDqs/310x430/1770340143.webp?s=3adddf1c5a903741c5a6fea6b49fd9ae7ee67c09,1,5,playstation 4,playstation,,False,playstation__toks__playstation,playstation 4 | playstation | 0,506,15,playstation
Syberia 3 Collector Edition Ps4 neuf,368.2,No brand,0,https://www.vinted.it/items/8109737796-syberia-3-collector-edition-ps4-neuf?referrer=catalog,0,8109737796,On Sale,,,https://images1.vinted.net/t/06_013dd_DomVwggNNs2EeQjuo8DTpHhs/310x430/1770339721.webp?s=a45327f9a716dcf32d831736eba9639f9c411fe4,1,5,syberia 3 collector edition ps4 neuf,no brand,,False,no brand__toks__syberia-collector,syberia 3 collector edition ps4 neuf | no brand | 0,395,1,syberia collector edition ps4 neuf
PlayStation 4 slim + minecraft,189.7,PlayStation,0,https://www.vinted.it/items/8109732862-playstation-4-slim-minecraft?referrer=catalog,0,8109732862,On Sale,,,https://images1.vinted.net/t/06_01997_5KocHbiTCpKPy729X2hcBXHb/310x430/1770339199.webp?s=9c1bfbb33cb1c00db51a0a6eda8cbaaef169015d,1,5,playstation 4 slim minecraft,playstation,,False,playstation__toks__playstation-slim,playstation 4 slim minecraft | playstation | 0,524,6,playstation slim minecraft controller 1000gb gioco 500go
PXN V9 Gen 2,105.7,PXN,0,https://www.vinted.it/items/8109725190-pxn-v9-gen-2?referrer=catalog,8,8109725190,On Sale,,,https://images1.vinted.net/t/05_01ab1_D6gAMXuzL3g8WGJKUvoowR8a/310x430/1770338484.webp?s=4ed064d0721f29e09bdb7137dcdb440b112d30ea,1,5,pxn v9 gen 2,pxn,,False,pxn__toks__pxn-v9,pxn v9 gen 2 | pxn | 0,589,1,pxn v9 gen
Très joli lot neuf de 4 bandes de polo roses,42.7,PS of Sweden,0,https://www.vinted.it/items/8109722862-tres-joli-lot-neuf-de-4-bandes-de-polo-roses?referrer=catalog,0,8109722862,On Sale,,,https://images1.vinted.net/t/06_007e7_yEsqrb3DGUeTGfs17MUTgU8A/310x430/1770338286.webp?s=b6b759381588dcb68a43eeb4d1c6ba8a63353d34,1,5,tres joli lot neuf de 4 bandes de polo roses,ps of sweden,,False,ps of sweden__toks__tres-joli,tres joli lot neuf de 4 bandes de polo roses | ps of sweden | 0,585,1,de tres joli lot neuf bandes polo roses
Ps5 portal,200.2,PlayStation,0,https://www.vinted.it/items/8109702528-ps5-portal?referrer=catalog,1,8109702528,On Sale,,,https://images1.vinted.net/t/05_00a6f_cVcGGux4Sznbpr3VWbqZjM5o/310x430/1770336818.webp?s=32384ca8cb249f31807c0f5546c83ff4e33c1050,1,5,ps5 portal,playstation,,False,playstation__toks__ps5-portal,ps5 portal | playstation | 0,553,1,ps5 portal
Volant trusmaster t80 pedale,63.7,Thrustmaster,0,https://www.vinted.it/items/8109651530-volant-trusmaster-t80-pedale?referrer=catalog,1,8109651530,On Sale,,,https://images1.vinted.net/t/05_015f9_j7jpDDZDhhQYJntLMor74one/310x430/1770334331.webp?s=7c5d72dc1e46b5060e40110db411fc2b5eab3654,1,5,volant trusmaster t80 pedale,thrustmaster,,False,thrustmaster__codes__t80,volant trusmaster t80 pedale | thrustmaster | 0,683,4,t80 volante thrustmaster ps4 ps5 volant trusmaster pedale
EA FC 26 PS4 - New & Sealed,53.2,No brand,0,https://www.vinted.it/items/8109650648-ea-fc-26-ps4-new-sealed?referrer=catalog,1,8109650648,On Sale,,,https://images1.vinted.net/t/05_004a0_wS5QgbesqzbRCoyEWGXa8UwF/310x430/1770334299.webp?s=51d4c7761291d8fc5aed8cde28a5c291c6fe5850,1,5,ea fc 26 ps4 new sealed,no brand,,False,no brand__codes__26,ea fc 26 ps4 new sealed | no brand | 0,89,1,ea fc 26 ps4 new sealed
Bloodstained ritual of the night ps4,63.7,No brand,0,https://www.vinted.it/items/8109622109-bloodstained-ritual-of-the-night-ps4?referrer=catalog,2,8109622109,On Sale,,,https://images1.vinted.net/t/05_01ca3_B2kW7ve5nU51megpVa7fCwpn/310x430/1770333307.webp?s=303003c22564542eaed1ee965fefbf083d25a9da,1,5,bloodstained ritual of the night ps4,no brand,,False,no brand__toks__bloodstained-ritual,bloodstained ritual of the night ps4 | no brand | 0,123,1,bloodstained ritual of the night ps4
The Evil Within 2 PS4,95.2,No brand,0,https://www.vinted.it/items/8109600884-the-evil-within-2-ps4?referrer=catalog,0,8109600884,On Sale,,,https://images1.vinted.net/t/06_0159f_RR6nbyqC8kvpenZBXM5R52pJ/310x430/1770332674.webp?s=75b9186ea45506ad21fb1508f001d143613fb4e9,1,5,the evil within 2 ps4,no brand,,False,no brand__toks__the-evil,the evil within 2 ps4 | no brand | 0,403,1,the evil within ps4
Don't Starve Mega Pack PS4,105.7,No brand,0,https://www.vinted.it/items/8109580985-dont-starve-mega-pack-ps4?referrer=catalog,2,8109580985,On Sale,,,https://images1.vinted.net/t/06_01391_hjyffmgrdhK5iq7wXuFcNmEV/310x430/1770332141.webp?s=083e763119edb1edddc3294b509d755566b9fa7b,1,5,don t starve mega pack ps4,no brand,,False,no brand__toks__don-starve,don t starve mega pack ps4 | no brand | 0,176,1,don starve mega pack ps4
Don't Knock Twice PS4 (PlayStation 4) VR,63.7,No brand,0,https://www.vinted.it/items/8109567698-dont-knock-twice-ps4-playstation-4-vr?referrer=catalog,14,8109567698,On Sale,,,https://images1.vinted.net/t/04_008da_LCYp8GQD5vR6TTAMNEWgmgum/310x430/1770331812.webp?s=8f6a4aa20ec638e8b6d4030cbab6d786100e0717,1,5,don t knock twice ps4 playstation 4 vr,no brand,,False,no brand__toks__don-knock,don t knock twice ps4 playstation 4 vr | no brand | 0,175,1,don knock twice ps4 playstation vr
Tetris Effect PS4 VR Precintado,63.7,No brand,0,https://www.vinted.it/items/8109558070-tetris-effect-ps4-vr-precintado?referrer=catalog,2,8109558070,On Sale,,,https://images1.vinted.net/t/01_02491_JZ7qym36ce8EkbUYMhETcTgA/310x430/1770331588.webp?s=20132a9c7d7128a85614b02901aeac10db6957f7,1,5,tetris effect ps4 vr precintado,no brand,,False,no brand__toks__tetris-effect,tetris effect ps4 vr precintado | no brand | 0,398,1,tetris effect ps4 vr precintado
Volante,74.2,PlayStation,0,https://www.vinted.it/items/8109557121-volante?referrer=catalog,1,8109557121,On Sale,,,https://images1.vinted.net/t/06_01e18_dnWtKicR7uL5CGZb3jjDJXwn/310x430/1770331566.webp?s=2902def45df7af1c82cd007e3dc473213bee2827,1,5,volante,playstation,,False,playstation__toks__volante,volante | playstation | 0,568,1,volante
Splinter cell. Ps2,63.65,No brand,0,https://www.vinted.it/items/8109546845-splinter-cell-ps2?referrer=catalog,1,8109546845,On Sale,,,https://images1.vinted.net/t/05_01db6_G6ezx4MgJFF1kCjiH1rq52PS/310x430/1770331336.webp?s=14eaa4493ac03d683557ddb47fc53f30886e663e,1,5,splinter cell ps2,no brand,,False,no brand__toks__splinter-cell,splinter cell ps2 | no brand | 0,381,1,splinter cell ps2
Ps4 2 manette,95.2,Avec,0,https://www.vinted.it/items/8109471169-ps4-2-manette?referrer=catalog,0,8109471169,On Sale,,,https://images1.vinted.net/t/06_007d8_KykNkzfQUHpA2KtJAiLVPULZ/310x430/1770329880.webp?s=bbd2bc7822e8361facfb4888a0176a408098a208,1,5,ps4 2 manette,avec,,False,avec__toks__ps4-manette,ps4 2 manette | avec | 0,7,1,ps4 manette
Casque gaming Razer BlackShark V2 X,53.2,RAZER,0,https://www.vinted.it/items/8109466837-casque-gaming-razer-blackshark-v2-x?referrer=catalog,0,8109466837,On Sale,,,https://images1.vinted.net/t/05_01795_MqB7Gtau1e9ygat8tRoLRj4E/310x430/1770329808.webp?s=ec4570d58c524b12eacc3a0502fe082fbcc355c1,1,5,casque gaming razer blackshark v2 x,razer,,False,razer__toks__casque-gaming,casque gaming razer blackshark v2 x | razer | 0,598,1,casque gaming razer blackshark v2
PlayStation 4 slim,116.2,PlayStation,0,https://www.vinted.it/items/8109454708-playstation-4-slim?referrer=catalog,1,8109454708,On Sale,,,https://images1.vinted.net/t/04_002bb_WJzRZr5naUeH5amRuBoXZLWn/310x430/1770329604.webp?s=87504e9eb52a846df527c43f6e8b90faabe7c14f,1,5,playstation 4 slim,playstation,,False,playstation__toks__playstation-slim,playstation 4 slim | playstation | 0,524,6,playstation slim minecraft controller 1000gb gioco 500go
Playstation 5 Disc Edition 1TB-Set Completo-390 leggermente trattabile,410.2,Sony,0,https://www.vinted.it/items/8109364537-playstation-5-disc-edition-1tb-set-completo-390-leggermente-trattabile?referrer=catalog,3,8109364537,On Sale,,,https://images1.vinted.net/t/06_00797_oegvKoDuBoAbfihug93xLLNS/310x430/1770328260.webp?s=4fc91d69ff32f3777b29902f51042c2b78b4aa1c,1,5,playstation 5 disc edition 1tb set completo 390 leggermente trattabile,sony,,False,sony__codes__390,playstation 5 disc edition 1tb set completo 390 leggermente trattabile | sony | 0,613,1,playstation disc edition 1tb set completo 390 leggermente
Playstation 4 y Playstation 2 con 3 mandos,263.2,Sony,0,https://www.vinted.it/items/8109364368-playstation-4-y-playstation-2-con-3-mandos-dos-juegos-y-cascos?referrer=catalog,0,8109364368,On Sale,,,https://images1.vinted.net/t/05_00b4a_o9Er7RyL3Z7L5FQiFYUdbUuh/310x430/1770328257.webp?s=12dd43fd4738970900def8f4dc4186d7ff259249,1,5,playstation 4 y playstation 2 con 3 mandos,sony,,False,sony__toks__playstation-playstation,playstation 4 y playstation 2 con 3 mandos | sony | 0,645,1,playstation con mandos
Ps4 pro 1To comme neuve,179.2,Sony,0,https://www.vinted.it/items/8109346967-ps4-pro-1to-comme-neuve?referrer=catalog,4,8109346967,On Sale,,,https://images1.vinted.net/t/06_00642_FbkjQrZVbuYucQws3k8sKE3g/310x430/1770328028.webp?s=ead43d9cb93def7d5ec96c06ab7497b205123572,1,5,ps4 pro 1to comme neuve,sony,,False,sony__toks__ps4-pro,ps4 pro 1to comme neuve | sony | 0,661,4,ps4 pro terabyte 1to comme neuve
Call of Duty Infinite Warfare Edition Legacy Pro PS4,105.7,No brand,0,https://www.vinted.it/items/8109342685-call-of-duty-infinite-warfare-edition-legacy-pro-ps4?referrer=catalog,0,8109342685,On Sale,,,https://images1.vinted.net/t/06_009ea_ivu34zC1cGfP6jUkk8jpkx2J/310x430/1770327974.webp?s=aadb3a679830758c1a8dfd3472536f559b39b29d,1,5,call of duty infinite warfare edition legacy pro ps4,no brand,,False,no brand__toks__call-of,call of duty infinite warfare edition legacy pro ps4 | no brand | 0,133,3,call of duty warfare modern infinite edition legacy
Jogo GTA,53.2,No brand,0,https://www.vinted.it/items/8109026122-jogo-gta?referrer=catalog,0,8109026122,On Sale,,,https://images1.vinted.net/t/05_01b0d_XiCETFXzWSFB6CtrYQbz5xo6/310x430/1770324598.webp?s=e5d6b4313fa294410090594774f2ef81c8748ea5,1,5,jogo gta,no brand,,False,no brand__toks__jogo-gta,jogo gta | no brand | 0,250,1,jogo gta
Volant logitech G29 + boîte de vitesse,273.7,Logitech,0,https://www.vinted.it/items/8108993506-volant-logitech-g29-boite-de-vitesse?referrer=catalog,1,8108993506,On Sale,,,https://images1.vinted.net/t/05_00f8b_Ttjnrrhyo8NEYTtDt9FAEWcZ/310x430/1770324299.webp?s=5a2824c8f35a042b7d8902b507748fbd5bd1f853,1,5,volant logitech g29 boite de vitesse,logitech,,False,logitech__codes__g29,volant logitech g29 boite de vitesse | logitech | 0,49,14,g29 logitech volante volant pedales de vitesse ps4
Playstation 4 console completa,84.7,PlayStation,0,https://www.vinted.it/items/8108992324-playstation-4-console-completa?referrer=catalog,1,8108992324,On Sale,,,https://images1.vinted.net/t/01_01f46_u4PRk8B9dbABcjujSLSEufd9/310x430/1770324289.webp?s=ee9ac49dc0e40dae966fc361e63439d9667f3f88,1,5,playstation 4 console completa,playstation,,False,playstation__toks__playstation-console,playstation 4 console completa | playstation | 0,512,1,playstation console completa
Call of duty black Ops 7,44.8,No brand,0,https://www.vinted.it/items/8108986488-call-of-duty-black-ops-7?referrer=catalog,0,8108986488,On Sale,,,https://images1.vinted.net/t/06_0080f_LFbJBy44KvzqMPKycY6yAkNg/310x430/1770324237.webp?s=4fa0a64ec723036e1fcd6ddb8ef03a459a9a35a3,1,5,call of duty black ops 7,no brand,,False,no brand__toks__call-of,call of duty black ops 7 | no brand | 0,136,1,call of duty black ops
Resident Evil 4 blister sous boîtier FORS / PS4 neuf,53.2,No brand,0,https://www.vinted.it/items/8108925777-resident-evil-4-blister-sous-boitier-fors-ps4-neuf?referrer=catalog,7,8108925777,On Sale,,,https://images1.vinted.net/t/01_015d2_6ShoM74ZhoKfNZMhaZDXC2Mq/310x430/1770323703.webp?s=d593b3f87ca2527a956b1566727a956236e9daee,1,5,resident evil 4 blister sous boitier fors ps4 neuf,no brand,,False,no brand__toks__resident-evil,resident evil 4 blister sous boitier fors ps4 neuf | no brand | 0,353,4,resident evil ps4 nuovo italiano blister sous boitier
Gravity Rush 2 PS4 PaL ITA ⭐ RaRiSSimO ⭐ Come Nuovo Perfetto,89.85,No brand,0,https://www.vinted.it/items/8108918420-gravity-rush-2-ps4-pal-ita-rarissimo-come-nuovo-perfetto?referrer=catalog,2,8108918420,On Sale,,,https://images1.vinted.net/t/05_013b8_w8vkp423huT99EWahXMB7Nmx/310x430/1770323638.webp?s=5d633b45fc825be2b9a84f93c14485eb9c00055c,1,5,gravity rush 2 ps4 pal ita rarissimo come nuovo perfetto,no brand,,False,no brand__toks__gravity-rush,gravity rush 2 ps4 pal ita rarissimo come nuovo perfetto | no brand | 0,214,2,gravity rush ps4 pal ita come nuovo rarissimo
Logitech G29,126.7,Logitech,0,https://www.vinted.it/items/8108910961-logitech-g29?referrer=catalog,4,8108910961,On Sale,,,https://images1.vinted.net/t/06_01c08_RxUfQA9ZwQTK3x6u5Rk1hjpQ/310x430/1770323574.webp?s=0b5bc63f5194f29140d455e73f19a7ddf357d787,1,5,logitech g29,logitech,,False,logitech__codes__g29,logitech g29 | logitech | 0,49,14,g29 logitech volante volant pedales de vitesse ps4
4 controller Sony Dualshock wireless Ps4,58.45,PlayStation,0,https://www.vinted.it/items/8108895444-4-controller-sony-dualshock-wireless-ps4?referrer=catalog,0,8108895444,On Sale,,,https://images1.vinted.net/t/06_009fd_uVvtpBWVkfqJkfLWuuscA3cn/310x430/1770323438.webp?s=feec8dc488aa2781936505ab6c7c8b3b3d999754,1,5,4 controller sony dualshock wireless ps4,playstation,,False,playstation__toks__controller-sony,4 controller sony dualshock wireless ps4 | playstation | 0,480,1,controller sony dualshock wireless ps4
Jeux ps4 25 euro pièce,53.2,No brand,0,https://www.vinted.it/items/8108876852-jeux-ps4-25-euro-piece?referrer=catalog,0,8108876852,On Sale,,,https://images1.vinted.net/t/06_024a7_gd2xtNdq63S8A5tr3YkUQAUh/310x430/1770323276.webp?s=80ba97d08797bb7ed03df4eecfac141fa0402c6e,1,5,jeux ps4 25 euro piece,no brand,,False,no brand__codes__25,jeux ps4 25 euro piece | no brand | 0,87,3,ps4 25 jeu jeux euro piece
Danganronpa Trilogy Ps4 Spiel V1,47.95,No brand,0,https://www.vinted.it/items/8108841407-danganronpa-trilogy-ps4-spiel-v1-v2-v3?referrer=catalog,7,8108841407,On Sale,,,https://images1.vinted.net/t/06_00e80_iFTRAzTV1W9wWAJRKdXVFrpM/310x430/1770322975.webp?s=d7a5e0b51c86869ba8b1e2d99307bc71bfbf8d0e,1,5,danganronpa trilogy ps4 spiel v1,no brand,,False,no brand__toks__danganronpa-trilogy,danganronpa trilogy ps4 spiel v1 | no brand | 0,157,1,danganronpa trilogy ps4 spiel v1
Final Fantasy IX PS1 – Versión Americana NTSC-U – Precintado,42.7,No brand,0,https://www.vinted.it/items/8108838949-final-fantasy-ix-ps1-version-americana-ntsc-u-precintado?referrer=catalog,2,8108838949,On Sale,,,https://images1.vinted.net/t/05_01b08_AYGA3bQoRDCArBRuK2ib47TY/310x430/1770322954.webp?s=98dfbefc25911b123194125e11e4aaf8f3d4d2a8,1,5,final fantasy ix ps1 version americana ntsc u precintado,no brand,,False,no brand__toks__final-fantasy,final fantasy ix ps1 version americana ntsc u precintado | no brand | 0,194,7,final fantasy edition ps4 remake deluxe vii precintado
Gravity Rush Remastered PS4 PaL ITA 🔥 RaRo | Completo | Come Nuovo | Da Collezione,73.15,No brand,0,https://www.vinted.it/items/8108830222-gravity-rush-remastered-ps4-pal-ita-raro-completo-come-nuovo-da-collezione?referrer=catalog,1,8108830222,On Sale,,,https://images1.vinted.net/t/05_00b1f_iTRKgsRKMa2WEno4ktYDiZWS/310x430/1770322881.webp?s=3515d4a8d9e34ed3410d261da11b653d723317d4,1,5,gravity rush remastered ps4 pal ita raro completo come nuovo da collezione,no brand,,False,no brand__toks__gravity-rush,gravity rush remastered ps4 pal ita raro completo come nuovo da collezione | no brand | 0,214,2,gravity rush ps4 pal ita come nuovo rarissimo
Drive! Drive! Drive! Ps4,61.6,No brand,0,https://www.vinted.it/items/8108750804-drive-drive-drive-ps4?referrer=catalog,0,8108750804,On Sale,,,https://images1.vinted.net/t/04_02309_quEc1ZVQttgZyGnqibaoL4qr/310x430/1770322211.webp?s=5c8325f741f08106ffd5c7b8d7f7e734e26ea773,1,5,drive drive drive ps4,no brand,,False,no brand__toks__drive-drive,drive drive drive ps4 | no brand | 0,184,1,drive ps4
Ps4 avec tout,137.2,Sony,0,https://www.vinted.it/items/8108713905-ps4-avec-tout?referrer=catalog,1,8108713905,On Sale,,,https://images1.vinted.net/t/06_01728_wH96Di3kj1ti8U27gBP1S9sJ/310x430/1770321907.webp?s=96d3b5047850f67d0f55bf712214df219e06f5a5,1,5,ps4 avec tout,sony,,False,sony__toks__ps4-avec,ps4 avec tout | sony | 0,652,1,ps4 avec tout
Manette Xbox valor pro,74.2,Xbox,0,https://www.vinted.it/items/8108709458-manette-xbox-valor-pro?referrer=catalog,1,8108709458,On Sale,,,https://images1.vinted.net/t/01_00b05_UveRTgvqttNkxTu4nE37P6Md/310x430/1770321872.webp?s=af2900d1f8c5d45b7b730ce43dc917612fef8b7d,1,5,manette xbox valor pro,xbox,,False,xbox__toks__manette-xbox,manette xbox valor pro | xbox | 0,703,1,manette xbox valor pro
Pandora laptop 3d 36800wifi arcade gaming,263.2,Pandora,0,https://www.vinted.it/items/8108691937-pandora-laptop-3d-36800wifi-arcade-gaming?referrer=catalog,1,8108691937,On Sale,,,https://images1.vinted.net/t/06_005f5_cXMp7WR5xJq4sNGXwZseQZVi/310x430/1770321728.webp?s=6791fff2414201590c7d1021f30607aab028ce3d,1,5,pandora laptop 3d 36800wifi arcade gaming,pandora,,False,pandora__toks__pandora-laptop,pandora laptop 3d 36800wifi arcade gaming | pandora | 0,450,1,pandora laptop 3d 36800wifi arcade gaming
Dark souls trilogy Ps4,53.2,No brand,0,https://www.vinted.it/items/8108651783-dark-souls-trilogy-ps4?referrer=catalog,1,8108651783,On Sale,,,https://images1.vinted.net/t/06_01740_Q6gwnLdAACdDP95LS7U3CPEi/310x430/1770321408.webp?s=672114647b11665b63c27354703efb49e940ed07,1,5,dark souls trilogy ps4,no brand,,False,no brand__toks__dark-souls,dark souls trilogy ps4 | no brand | 0,161,4,dark souls trilogy ps4 ita sigillato apocalypse edition
PS4 + controler,89.95,PlayStation,0,https://www.vinted.it/items/8108645254-ps4-controler?referrer=catalog,9,8108645254,On Sale,,,https://images1.vinted.net/t/06_0130e_Xhm9i67UqMDxqxQcX6fGG1xM/310x430/1770321407.webp?s=f18f5922e3efd42541caa298986881d4bdb88c95,1,5,ps4 controler,playstation,,False,playstation__toks__ps4-controler,ps4 controler | playstation | 0,536,1,ps4 controler
Pandora box 3D Wifi arcade retrogaming,137.2,Pandora,0,https://www.vinted.it/items/8108629483-pandora-box-3d-wifi-arcade-retrogaming?referrer=catalog,0,8108629483,On Sale,,,https://images1.vinted.net/t/06_01f14_HmvbudGoz7Jy4nKvWcjnwtA3/310x430/1770321231.webp?s=ec2e209f45b4ad3dfb2d1a22c3634a139f37b669,1,5,pandora box 3d wifi arcade retrogaming,pandora,,False,pandora__toks__pandora-box,pandora box 3d wifi arcade retrogaming | pandora | 0,449,1,pandora box 3d wifi arcade retrogaming
Just Die Already,42.7,No brand,0,https://www.vinted.it/items/8108538063-just-die-already?referrer=catalog,0,8108538063,On Sale,,,https://images1.vinted.net/t/05_016b9_2brzULgbcoUmAuvDxcgWBt1f/310x430/1770320508.webp?s=9c41c8d2c14a02798628269dfe2028d982e169f1,1,5,just die already,no brand,,False,no brand__toks__just-die,just die already | no brand | 0,257,1,just die already
PlayStation 4 met controller,105.69,PlayStation,0,https://www.vinted.it/items/8108533504-playstation-4-met-controller?referrer=catalog,12,8108533504,On Sale,,,https://images1.vinted.net/t/06_01d4c_Q3e7uzqCCwHq9cLMBz8mFZEJ/310x430/1770320474.webp?s=46e901e9c5e3c6a9808c1d27ee1016055f5754b1,1,5,playstation 4 met controller,playstation,,False,playstation__toks__playstation-met,playstation 4 met controller | playstation | 0,520,1,playstation met controller
FIFA 26 PS4,53.2,No brand,0,https://www.vinted.it/items/8108493648-fifa-26-ps4?referrer=catalog,1,8108493648,On Sale,,,https://images1.vinted.net/t/06_01d4e_YTLmjd9fejB4tc47daJGY4uv/310x430/1770320169.webp?s=a0e5bbfe6213ba3476c928deed194b6987b2aafc,1,5,fifa 26 ps4,no brand,,False,no brand__codes__26,fifa 26 ps4 | no brand | 0,88,10,26 fifa ps4 fc playstation jeux ps neuf
Ps4 come nuovo,105.7,PlayStation,0,https://www.vinted.it/items/8108457033-ps4-come-nuovo?referrer=catalog,0,8108457033,On Sale,,,https://images1.vinted.net/t/06_02009_aPCbYpzQH8VgqhPKCYCQT2ny/310x430/1770319883.webp?s=45a83c744299737cc869090a9cd84056d06cb270,1,5,ps4 come nuovo,playstation,,False,playstation__toks__ps4-come,ps4 come nuovo | playstation | 0,534,2,ps4 come nuovo nuova
Manette Ps5 neuve Lebron James,262.15,Sony,0,https://www.vinted.it/items/8108442952-manette-ps5-neuve-lebron-james?referrer=catalog,1,8108442952,On Sale,,,https://images1.vinted.net/t/03_00ba3_hM9UFARgpGvvmKoS3MmYz3ST/310x430/1770319772.webp?s=f1d5c9fa4294c6c2183b3ab3d83bd5fdd1a6310b,1,5,manette ps5 neuve lebron james,sony,,False,sony__toks__manette-ps5,manette ps5 neuve lebron james | sony | 0,634,1,manette ps5 neuve lebron james
Manette Neuve Ps5 Astro bot,142.45,Sony,0,https://www.vinted.it/items/8108422534-manette-neuve-ps5-astro-bot?referrer=catalog,4,8108422534,On Sale,,,https://images1.vinted.net/t/05_00def_WNxMaxsct7DYai8fa72Gt7ph/310x430/1770319611.webp?s=fe7e7244d75cfc9e8116ee9a9853cb652ff0ad13,1,5,manette neuve ps5 astro bot,sony,,False,sony__toks__manette-neuve,manette neuve ps5 astro bot | sony | 0,631,1,manette neuve ps5 astro bot
Ps4 senza joystick,105.7,PlayStation,0,https://www.vinted.it/items/8108377829-ps4-senza-joystick?referrer=catalog,3,8108377829,On Sale,,,https://images1.vinted.net/t/03_01381_x9g6dT23dz86sSZeyvTtPTPo/310x430/1770319259.webp?s=44034d52323a44fbd5ca0e9b55ece8aacc2d9ae1,1,5,ps4 senza joystick,playstation,,False,playstation__toks__ps4-senza,ps4 senza joystick | playstation | 0,549,1,ps4 senza joystick
Ps4 controler,53.2,Sony,0,https://www.vinted.it/items/8108403312-ps4-controler?referrer=catalog,0,8108403312,On Sale,,,https://images1.vinted.net/t/05_012b4_q3fqhkyyfh9KKMDbgKewPy4f/310x430/1770319459.webp?s=1668178d75491047a20acf233796661ef401a8e3,1,5,ps4 controler,sony,,False,sony__toks__ps4-controler,ps4 controler | sony | 0,655,1,ps4 controler
Destiny: il re dei corrotti,74.2,No brand,0,https://www.vinted.it/items/8108399167-destiny-il-re-dei-corrotti?referrer=catalog,0,8108399167,On Sale,,,https://images1.vinted.net/t/01_014e1_qY5k4HXNAyHacXTmW9zpCSoJ/310x430/1770319426.webp?s=6cc489baa3bceeb0579f863a885cca8d41259ead,1,5,destiny il re dei corrotti,no brand,rott,True,no brand__toks__destiny-il,destiny il re dei corrotti | no brand | 0,168,1,destiny il re dei corrotti
Casque Gaming,42.7,oniverse,0,https://www.vinted.it/items/8108346835-casque-gaming?referrer=catalog,0,8108346835,On Sale,,,https://images1.vinted.net/t/05_000f0_8z2FYF31EENiWccsexNfUMBN/310x430/1770319013.webp?s=ec9ce22fba4771925a795895c9537f0b357e40ea,1,5,casque gaming,oniverse,,False,oniverse__toks__casque-gaming,casque gaming | oniverse | 0,446,1,casque gaming
Lego play,158.2,No brand,0,https://www.vinted.it/items/8108313883-lego-play?referrer=catalog,1,8108313883,On Sale,,,https://images1.vinted.net/t/06_01332_Hpv7krfjPf9GXwUsYbiKCT9T/310x430/1770318756.webp?s=9db9bdc55261b8d9b27ed513e6a99d1274ea267c,1,5,lego play,no brand,,False,no brand__toks__lego-play,lego play | no brand | 0,262,1,lego play
Ps4 slim (prezzo trattabile),84.7,PlayStation,0,https://www.vinted.it/items/8108193080-ps4-slim-prezzo-trattabile?referrer=catalog,1,8108193080,On Sale,,,https://images1.vinted.net/t/05_00b24_UiHffeMJhC151mJJtU1L7uyo/310x430/1770317819.webp?s=8cb76c9c40c6526cad95bfb1c1ceda9077d421ef,1,5,ps4 slim prezzo trattabile,playstation,,False,playstation__toks__ps4-slim,ps4 slim prezzo trattabile | playstation | 0,550,1,ps4 slim prezzo trattabile
Controller fusion,53.2,PlayStation,0,https://www.vinted.it/items/8108159445-controller-fusion?referrer=catalog,0,8108159445,On Sale,,,https://images1.vinted.net/t/06_00208_kCXGfsoykoZWXjZfj3NmNPqR/310x430/1770317561.webp?s=90b6bb3e4bfa091ef6e5606f15741e7b5e6f2c42,1,5,controller fusion,playstation,,False,playstation__toks__controller-fusion,controller fusion | playstation | 0,478,1,controller fusion
Jordan 4 Red Cement taglia 41,116.2,Jordan,41,https://www.vinted.it/items/8108137744-jordan-4-red-cement-taglia-41?referrer=catalog,1,8108137744,On Sale,,,https://images1.vinted.net/t/06_0191b_8JqgDWJLAb72wDcTPPcv2uGw/310x430/1770317392.webp?s=424799021a7c68bdf8eed924b009b2bad9a4def2,1,5,jordan 4 red cement taglia 41,jordan,,False,jordan__codes__41,jordan 4 red cement taglia 41 | jordan | 41,39,1,jordan red cement taglia 41
Shenmue I & II PS4 (PlayStation 4) SEGA,53.2,No brand,0,https://www.vinted.it/items/8108074796-shenmue-i-ii-ps4-playstation-4-sega?referrer=catalog,3,8108074796,On Sale,,,https://images1.vinted.net/t/01_02314_ks1dBz2iswwGmGM9qZpVFyyz/310x430/1770316909.webp?s=98e2bf656cb861ce0d0b45e97181288bf05b5813,1,5,shenmue i ii ps4 playstation 4 sega,no brand,,False,no brand__toks__shenmue-ii,shenmue i ii ps4 playstation 4 sega | no brand | 0,371,1,shenmue ii ps4 playstation sega
god or war ragnarok ps4,42.7,No brand,0,https://www.vinted.it/items/8108062481-god-or-war-ragnarok-ps4?referrer=catalog,0,8108062481,On Sale,,,https://images1.vinted.net/t/06_0185a_SPQq1Na6GSWs2WVKL8PJ7AaF/310x430/1770316814.webp?s=737280544d6b223ab0937ee25c68afbd048db50d,1,5,god or war ragnarok ps4,no brand,,False,no brand__toks__god-or,god or war ragnarok ps4 | no brand | 0,210,1,god or war ragnarok ps4
Manette Manba One Neuve,53.2,manba,0,https://www.vinted.it/items/8108056952-manette-manba-one-neuve?referrer=catalog,4,8108056952,On Sale,,,https://images1.vinted.net/t/01_00a4c_oBNzqVDksXJRQHbCw7kVqkMt/310x430/1770316771.webp?s=1649beb16b8a526059f09883a931bd79911f5dff,1,5,manette manba one neuve,manba,,False,manba__toks__manette-manba,manette manba one neuve | manba | 0,59,1,manette manba one neuve
Jeux vidéo sur ps4,42.7,No brand,0,https://www.vinted.it/items/8108038424-jeux-video-sur-ps4?referrer=catalog,0,8108038424,On Sale,,,https://images1.vinted.net/t/06_011ec_Sx4rqnrg5QM7Mnxjq8oab9qK/310x430/1770316630.webp?s=652cbfd878f14c4ab7e556d82f6f70e3e22e3e16,1,5,jeux video sur ps4,no brand,,False,no brand__toks__jeux-video,jeux video sur ps4 | no brand | 0,247,1,jeux video sur ps4
Volant Thrustmaster T150 pro,116.2,Thrustmaster,0,https://www.vinted.it/items/8108022445-volant-thrustmaster-t150-pro?referrer=catalog,1,8108022445,On Sale,,,https://images1.vinted.net/t/05_0226d_695YaqJ7oc2jB4M4RvTrtukJ/310x430/1770316507.webp?s=07bd27478de8a7bace67aa66a830035081fe868c,1,5,volant thrustmaster t150 pro,thrustmaster,,False,thrustmaster__codes__t150,volant thrustmaster t150 pro | thrustmaster | 0,678,4,thrustmaster t150 volant pro voltante con pedaliera rs
Jeux PlayStation 4 the walking dead saints & sinners neuf sous blister,42.7,No brand,0,https://www.vinted.it/items/8107986704-jeux-playstation-4-the-walking-dead-saints-sinners-neuf-sous-blister?referrer=catalog,2,8107986704,On Sale,,,https://images1.vinted.net/t/05_01a83_ZfYFPtLAQWhrHGkwrGGZ6ytu/310x430/1770316234.webp?s=a8989b7970365f82ed1364ec428636e6beac9982,1,5,jeux playstation 4 the walking dead saints sinners neuf sous blister,no brand,,False,no brand__toks__jeux-playstation,jeux playstation 4 the walking dead saints sinners neuf sous blister | no brand | 0,243,1,jeux playstation the walking dead saints sinners neuf
Manette PS5 Custom 🔥 TMR / Palettes Rise 4 plus max / clic souris amovible,188.65,Sony,0,https://www.vinted.it/items/8107924938-manette-ps5-custom-tmr-palettes-rise-4-plus-max-clic-souris-amovible?referrer=catalog,3,8107924938,On Sale,,,https://images1.vinted.net/t/01_00f92_D7wEg8j4PMbgGbJxfsmdp5kS/310x430/1770315761.webp?s=3eeaabf4f42eda13c99eadf592173ada12959bd0,1,5,manette ps5 custom tmr palettes rise 4 plus max clic souris amovible,sony,,False,sony__toks__manette-ps5,manette ps5 custom tmr palettes rise 4 plus max clic souris amovible | sony | 0,633,1,manette ps5 custom tmr palettes rise plus max
Manette professionelle sans fil neuve compatible ps4,53.2,No brand,0,https://www.vinted.it/items/8107883587-manette-professionelle-sans-fil-neuve-compatible-ps4?referrer=catalog,0,8107883587,On Sale,,,https://images1.vinted.net/t/03_000cb_bKAUFeaTpdkawMUP6rTGYgGC/310x430/1770315444.webp?s=be57af8345381944ea25684eec56c1fd3d27d0c8,1,5,manette professionelle sans fil neuve compatible ps4,no brand,,False,no brand__toks__manette-professionelle,manette professionelle sans fil neuve compatible ps4 | no brand | 0,281,1,manette professionelle sans fil neuve compatible ps4
PlayStation 4,105.7,PlayStation,0,https://www.vinted.it/items/8107838775-playstation-4?referrer=catalog,12,8107838775,On Sale,,,https://images1.vinted.net/t/05_026ac_f2r1N9h8U4Ph9poPWRApNFbb/310x430/1770315110.webp?s=c0a1a14966fb1b6a78eb851ce8d10b9c69e29a94,1,5,playstation 4,playstation,,False,playstation__toks__playstation,playstation 4 | playstation | 0,506,15,playstation
Vends un gros lot,74.2,No brand,0,https://www.vinted.it/items/8107822015-vends-un-gros-lot?referrer=catalog,0,8107822015,On Sale,,,https://images1.vinted.net/t/05_0152a_zVmdPrnKXgsvCnqCbwsDvMov/310x430/1770314988.webp?s=e66c1453e58377e288f8512f4990ed04e88a2f82,1,5,vends un gros lot,no brand,,False,no brand__toks__vends-un,vends un gros lot | no brand | 0,426,1,vends un gros lot
Sony Playstation 4 SLIM Ricondizionata FW 13.02 PS4 500GB Con Cavi,95.1,Sony,0,https://www.vinted.it/items/8107801863-sony-playstation-4-slim-ricondizionata-fw-1302-ps4-500gb-con-cavi?referrer=catalog,0,8107801863,On Sale,,,https://images1.vinted.net/t/06_014f7_zhffDRxGw5hGNER5UySpCXRj/310x430/1770314837.webp?s=f2616dc130dc5c532941e78572d8281c3e32018f,1,5,sony playstation 4 slim ricondizionata fw 13 02 ps4 500gb con cavi,sony,,False,sony__codes__13-02,sony playstation 4 slim ricondizionata fw 13 02 ps4 500gb con cavi | sony | 0,611,1,sony playstation slim ricondizionata fw 13 02 ps4
Vendo playstan 4,158.2,Sony,0,https://www.vinted.it/items/8107796969-vendo-playstan-4?referrer=catalog,0,8107796969,On Sale,,,https://images1.vinted.net/t/06_00cb6_xj45YHimktFXZq2K9coswtqz/310x430/1770314803.webp?s=a8579b0f4968fbec9d4da6c209fd0bf73f387d2b,1,5,vendo playstan 4,sony,,False,sony__toks__vendo-playstan,vendo playstan 4 | sony | 0,668,1,vendo playstan
Trilogia Dark Souls Sealed,105.7,No brand,0,https://www.vinted.it/items/8107769351-trilogia-dark-souls-sealed?referrer=catalog,1,8107769351,On Sale,,,https://images1.vinted.net/t/05_00203_cw4ugATzCTG7rgYLGqzTQpB8/310x430/1770314597.webp?s=feae34b708b9e35e9e4082aa26cd019e4700b07d,1,5,trilogia dark souls sealed,no brand,,False,no brand__toks__trilogia-dark,trilogia dark souls sealed | no brand | 0,416,1,trilogia dark souls sealed
Monster sanctuary collector edition PS4 PlayStation limited run new sealed,137.2,No brand,0,https://www.vinted.it/items/8107745896-monster-sanctuary-collector-edition-ps4-playstation-limited-run-new-sealed?referrer=catalog,0,8107745896,On Sale,,,https://images1.vinted.net/t/05_00a0d_C5QmstMYh7zgpwfRYAQRahP4/310x430/1770314428.webp?s=e2ea5f7db34115273cc9d2a1a274c38e1835eb82,1,5,monster sanctuary collector edition ps4 playstation limited run new sealed,no brand,,False,no brand__toks__monster-sanctuary,monster sanctuary collector edition ps4 playstation limited run new sealed | no brand | 0,297,1,monster sanctuary collector edition ps4 playstation limited run
Fortnite Account,126.7,No brand,0,https://www.vinted.it/items/8107731382-fortnite-account?referrer=catalog,0,8107731382,On Sale,,,https://images1.vinted.net/t/05_008a8_rdtqi7qr3P1GGyGQN1V39DsD/310x430/1770314321.webp?s=196d820bb95d38eaa7672a21d09855d4c6623dd2,1,5,fortnite account,no brand,,False,no brand__toks__fortnite-account,fortnite account | no brand | 0,198,1,fortnite account
Casque gaming Bluetooth steelseries arctis nova 1,58.45,SteelSeries,0,https://www.vinted.it/items/8107647852-casque-gaming-bluetooth-steelseries-arctis-nova-1?referrer=catalog,1,8107647852,On Sale,,,https://images1.vinted.net/t/06_00fc6_Vxbj6cRg4jEGvrEmNuiyCBW6/310x430/1770313696.webp?s=7699feb345866a67135442e2322c9f387b50a33f,1,5,casque gaming bluetooth steelseries arctis nova 1,steelseries,,False,steelseries__toks__casque-gaming,casque gaming bluetooth steelseries arctis nova 1 | steelseries | 0,673,1,casque gaming bluetooth steelseries arctis nova
Nike React Pegasus Trail 4 (TG 44),89.95,Nike,44,https://www.vinted.it/items/8107562772-nike-react-pegasus-trail-4-tg-44?referrer=catalog,13,8107562772,On Sale,,,https://images1.vinted.net/t/05_015a5_Jme5fqDKsnJjh1vhhHmJzbTp/310x430/1770313051.webp?s=71be7aaf907f1143b8fd9f32719ec2a402672ccf,1,5,nike react pegasus trail 4 tg 44,nike,,False,nike__codes__44,nike react pegasus trail 4 tg 44 | nike | 44,69,1,nike react pegasus trail tg 44
volante di guida,126.7,Sony,0,https://www.vinted.it/items/8107508383-volante-di-guida?referrer=catalog,0,8107508383,On Sale,,,https://images1.vinted.net/t/06_0140b_Ww76kEMzLUGpuYKo7x83PWME/310x430/1770312634.webp?s=7ddc0d1938559db806046cb4f4e88ac83394b37f,1,5,volante di guida,sony,,False,sony__toks__volante-di,volante di guida | sony | 0,670,1,volante di guida
Playstation 4 Spiel,47.95,No brand,0,https://www.vinted.it/items/8107426732-playstation-4-spiel?referrer=catalog,10,8107426732,On Sale,,,https://images1.vinted.net/t/06_011e3_2pyVgihAiAwpDC2fxkzcpChi/310x430/1770312047.webp?s=a1fe682ebb093abc3eb376242648ea8980008289,1,5,playstation 4 spiel,no brand,,False,no brand__toks__playstation-spiel,playstation 4 spiel | no brand | 0,321,1,playstation spiel
Sterzo+pedal Ferrari,63.7,Ferrari,0,https://www.vinted.it/items/8107420301-sterzopedal-ferrari?referrer=catalog,0,8107420301,On Sale,,,https://images1.vinted.net/t/06_02242_h7TWnEjWaT8dYWAenHLJQgTA/310x430/1770312001.webp?s=9fcdc50636831550983ef9f13b3d07138b693851,1,5,sterzo pedal ferrari,ferrari,,False,ferrari__toks__sterzo-pedal,sterzo pedal ferrari | ferrari | 0,17,1,sterzo pedal ferrari
Sony Pulse 3D Wireless Headset,100.45,Sony,0,https://www.vinted.it/items/8107387545-sony-pulse-3d-wireless-headset?referrer=catalog,7,8107387545,On Sale,,,https://images1.vinted.net/t/06_008ba_KWZrRU36bBsCxDz7sjYEW5eS/310x430/1770311765.webp?s=8dcb3e35e057cbec1c8a58ed2cb077170ae9d1c6,1,5,sony pulse 3d wireless headset,sony,,False,sony__toks__sony-pulse,sony pulse 3d wireless headset | sony | 0,667,1,sony pulse 3d wireless headset
Astro Bot Rescue Misssion,47.95,No brand,0,https://www.vinted.it/items/8107365564-astro-bot-rescue-misssion-fur-ps4-spiel?referrer=catalog,0,8107365564,On Sale,,,https://images1.vinted.net/t/06_01169_jsDudEhTtquPkfwErCu2DsqK/310x430/1770311606.webp?s=459caddc406a02a9d02efd5d2dce412d00baf087,1,5,astro bot rescue misssion,no brand,,False,no brand__toks__astro-bot,astro bot rescue misssion | no brand | 0,109,1,astro bot rescue misssion
Volante e pedaliera Hori per PS4 e PS3,47.95,Hori,0,https://www.vinted.it/items/8107325494-volante-e-pedaliera-hori-per-ps4-e-ps3?referrer=catalog,1,8107325494,On Sale,,,https://images1.vinted.net/t/05_01e05_EmqWWbruR34eQT8edgPTkpw4/310x430/1770311319.webp?s=49a47a27dbdd910b6490db5fc2c4edfb9631879e,1,5,volante e pedaliera hori per ps4 e ps3,hori,,False,hori__toks__volante-pedaliera,volante e pedaliera hori per ps4 e ps3 | hori | 0,29,2,volante pedaliera ps4 hori nuovi per ps3
PS4 Spiel: Kingdom Hearts 3 | Deluxe Edt. | Fantasy'RPG'Action | Neu / Sealed,42.7,No brand,0,https://www.vinted.it/items/8107317511-ps4-spiel-kingdom-hearts-3-deluxe-edt-fantasyrpgaction-neu-sealed?referrer=catalog,0,8107317511,On Sale,,,https://images1.vinted.net/t/06_02362_5yNbcihTfY4KQUW3hWqzSqXS/310x430/1770311261.webp?s=468e5c9761ff27bf254f5320f5ead4683143f01d,1,5,ps4 spiel kingdom hearts 3 deluxe edt fantasy rpg action neu sealed,no brand,,False,no brand__toks__ps4-spiel,ps4 spiel kingdom hearts 3 deluxe edt fantasy rpg action neu sealed | no brand | 0,342,1,ps4 spiel kingdom hearts deluxe edt fantasy rpg
MediEvil Poster de madera infografía en inglés,47.95,No brand,0,https://www.vinted.it/items/8107294404-medievil-poster-de-madera-infografia-en-ingles?referrer=catalog,0,8107294404,On Sale,,,https://images1.vinted.net/t/05_01e32_SsvPs42dJqoihce7F1Do7h1T/310x430/1770311091.webp?s=43f465f0a8450e736f3d88d19539aca415d041f7,1,5,medievil poster de madera infografia en ingles,no brand,,False,no brand__toks__medievil-poster,medievil poster de madera infografia en ingles | no brand | 0,286,1,medievil poster de madera infografia en ingles
Volante para juegos,105.7,PXN,0,https://www.vinted.it/items/8107236237-volante-para-juegos?referrer=catalog,3,8107236237,On Sale,,,https://images1.vinted.net/t/05_0039f_aY7BQ93DjFuyG4W9QzkBAcJL/310x430/1770310667.webp?s=947764bad4c8fea9690208e68776b3c71c30dc91,1,5,volante para juegos,pxn,,False,pxn__toks__volante-para,volante para juegos | pxn | 0,595,2,volante para juegos
Playstation 4 slim completa,106.65,Sony,0,https://www.vinted.it/items/8107231664-playstation-4-slim-completa-funzionante-perfette-condizioni-500-gb?referrer=catalog,2,8107231664,On Sale,,,https://images1.vinted.net/t/06_022f0_ezcEjNJr1TLCKWjPsNPh7eJd/310x430/1770310635.webp?s=6edc287c51d39a48929b34f64418d676b6953ee0,1,5,playstation 4 slim completa,sony,,False,sony__toks__playstation-slim,playstation 4 slim completa | sony | 0,646,5,playstation slim completa 500gb joystick ps4 novo comando
Doom anthology ps4 collector,95.2,No brand,0,https://www.vinted.it/items/8107203885-doom-anthology-ps4-collector?referrer=catalog,3,8107203885,On Sale,,,https://images1.vinted.net/t/05_00e1a_AM5AnHe9jzsRcHWKZNKZXVSf/310x430/1770310436.webp?s=d740c9ede27333b6530f65fca6b02e9295c2225b,1,5,doom anthology ps4 collector,no brand,,False,no brand__toks__doom-anthology,doom anthology ps4 collector | no brand | 0,177,2,doom anthology ps4 collector
Volant de course,53.2,PlayStation,0,https://www.vinted.it/items/8107150868-volant-de-course?referrer=catalog,8,8107150868,On Sale,,,https://images1.vinted.net/t/06_01acb_iMkFQLchQEPPvjNRrksPdUQQ/310x430/1770310057.webp?s=106f5cc18f7a56b19c6cad944f9c2ac799af68c3,1,5,volant de course,playstation,,False,playstation__toks__volant-de,volant de course | playstation | 0,563,2,volant de course
Retrogames Apple II console videogiochi rari no amiga no playstation retrogames,1.0098,Apple,0,https://www.vinted.it/items/8107147784-retrogames-apple-ii-console-videogiochi-rari-no-amiga-no-playstation-retrogames?referrer=catalog,0,8107147784,On Sale,,,https://images1.vinted.net/t/06_01561_Us1twQGZ3rk9JAQ1qca7fDv6/310x430/1770310036.webp?s=2c01c160038dc03e2317c45abdff386171ca6fdb,1,5,retrogames apple ii console videogiochi rari no amiga no playstation retrogames,apple,,False,apple__toks__retrogames-apple,retrogames apple ii console videogiochi rari no amiga no playstation retrogames | apple | 0,5,2,retrogames no apple ii console videogiochi rari amiga
Tout et neuf rarement utilisé,105.7,No brand,0,https://www.vinted.it/items/8107128974-tout-et-neuf-rarement-utilise?referrer=catalog,0,8107128974,On Sale,,,https://images1.vinted.net/t/06_00e0f_KAH8EaTN2eqBKvuW7dMPEi9W/310x430/1770309903.webp?s=f8c9146b9c90c9b9bcbf6707dffea727e59981ea,1,5,tout et neuf rarement utilise,no brand,,False,no brand__toks__tout-et,tout et neuf rarement utilise | no brand | 0,415,2,tout et neuf rarement utilise
PlayStation 4 fonctionnel,95.2,PlayStation,0,https://www.vinted.it/items/7867992672-playstation-4-fonctionnel?referrer=catalog,0,7867992672,On Sale,,,https://images1.vinted.net/t/05_00c54_PTJBtP4FW4dN5pxMDyxptUij/310x430/1767485551.webp?s=b69799838857515422c3386f656d61edab047ced,1,5,playstation 4 fonctionnel,playstation,,False,playstation__toks__playstation-fonctionnel,playstation 4 fonctionnel | playstation | 0,514,2,playstation fonctionnel
Lenkrad und Pedale ( Playstation4 und 5),97.3,Thrustmaster,0,https://www.vinted.it/items/8107084284-lenkrad-und-pedale-playstation4-und-5?referrer=catalog,0,8107084284,On Sale,,,https://images1.vinted.net/t/06_019a6_vgfkAqAgNzPG4PLmN2e7kKRr/310x430/1770309583.webp?s=39e22f1a86129b6d295edf13e9040dd9a8840b8b,1,5,lenkrad und pedale playstation4 und 5,thrustmaster,,False,thrustmaster__toks__lenkrad-und,lenkrad und pedale playstation4 und 5 | thrustmaster | 0,688,2,und lenkrad pedale playstation4
Senran Kagura Burst Re:Newal – Bountiful Beauties – Édition Collector,126.7,No brand,0,https://www.vinted.it/items/8107079826-senran-kagura-burst-renewal-bountiful-beauties-edition-collector?referrer=catalog,26,8107079826,On Sale,,,https://images1.vinted.net/t/05_0092f_66GnCRh3jNEnnxVs2ULHFHyx/310x430/1770309550.webp?s=7d9c5fc6fe24f91775bf4877a2492d577e9505a2,1,5,senran kagura burst re newal bountiful beauties edition collector,no brand,,False,no brand__toks__senran-kagura,senran kagura burst re newal bountiful beauties edition collector | no brand | 0,366,2,senran kagura burst re newal bountiful beauties edition
Headset GamingXTrust,42.7,PlayStation,0,https://www.vinted.it/items/8107065590-headset-gamingxtrust?referrer=catalog,1,8107065590,On Sale,,,https://images1.vinted.net/t/04_02081_zWRLzgjKugA9E6Gnfzxzzck4/310x430/1770309477.webp?s=ec19b74cb8c2cdc879a3657d93ec8b689147a80a,1,5,headset gamingxtrust,playstation,,False,playstation__toks__headset-gamingxtrust,headset gamingxtrust | playstation | 0,488,2,headset gamingxtrust
Je vends ma Playstation 4 car je ne m'en sers plus et réinitialiser lors de la vente,158.2,PlayStation,0,https://www.vinted.it/items/8107011971-je-vends-ma-playstation-4-car-je-ne-men-sers-plus-et-reinitialiser-lors-de-la-vente?referrer=catalog,0,8107011971,On Sale,,,https://images1.vinted.net/t/05_0081a_U76nJMfCkg3cJ4u1zZXtSSPy/310x430/1770309059.webp?s=e2438bdc46ccefc940289bab01d16487209b1141,1,5,je vends ma playstation 4 car je ne m en sers plus et reinitialiser lors de la vente,playstation,,False,playstation__toks__je-vends,je vends ma playstation 4 car je ne m en sers plus et reinitialiser lors de la vente | playstation | 0,489,4,je vends ma playstation et car ne en
Tarjeta PlayStation 50€,42.7,No brand,0,https://www.vinted.it/items/8107012640-tarjeta-playstation-50eu?referrer=catalog,0,8107012640,On Sale,,,https://images1.vinted.net/t/03_0157a_8eFz9GiJHvRfAwR9yRpK3ALu/310x430/1770309064.webp?s=51496b786458e0aa8fe793ece3e849c9b15801bd,1,5,tarjeta playstation 50,no brand,,False,no brand__codes__50,tarjeta playstation 50 | no brand | 0,91,2,tarjeta playstation 50
Je vends ma Playstation 4 avec une manette et des jeux,158.2,PlayStation,0,https://www.vinted.it/items/8106974445-je-vends-ma-playstation-4-avec-une-manette-et-des-jeux?referrer=catalog,0,8106974445,On Sale,,,https://images1.vinted.net/t/05_00aa0_vwHo6u7fTo7Ypj4uBwFcX2rB/310x430/1770308796.webp?s=ef35abd054c486264d92e5e52275d27a1d290f8b,1,5,je vends ma playstation 4 avec une manette et des jeux,playstation,,False,playstation__toks__je-vends,je vends ma playstation 4 avec une manette et des jeux | playstation | 0,489,4,je vends ma playstation et car ne en
Volante para juegos,105.7,PXN,0,https://www.vinted.it/items/8107236237-volante-para-juegos?referrer=catalog,3,8107236237,On Sale,,,https://images1.vinted.net/t/05_0039f_aY7BQ93DjFuyG4W9QzkBAcJL/310x430/1770310667.webp?s=947764bad4c8fea9690208e68776b3c71c30dc91,1,6,volante para juegos,pxn,,False,pxn__toks__volante-para,volante para juegos | pxn | 0,595,2,volante para juegos
Playstation 4 slim completa,106.65,Sony,0,https://www.vinted.it/items/8107231664-playstation-4-slim-completa-funzionante-perfette-condizioni-500-gb?referrer=catalog,2,8107231664,On Sale,,,https://images1.vinted.net/t/06_022f0_ezcEjNJr1TLCKWjPsNPh7eJd/310x430/1770310635.webp?s=6edc287c51d39a48929b34f64418d676b6953ee0,1,6,playstation 4 slim completa,sony,,False,sony__toks__playstation-slim,playstation 4 slim completa | sony | 0,646,5,playstation slim completa 500gb joystick ps4 novo comando
Doom anthology ps4 collector,95.2,No brand,0,https://www.vinted.it/items/8107203885-doom-anthology-ps4-collector?referrer=catalog,3,8107203885,On Sale,,,https://images1.vinted.net/t/05_00e1a_AM5AnHe9jzsRcHWKZNKZXVSf/310x430/1770310436.webp?s=d740c9ede27333b6530f65fca6b02e9295c2225b,1,6,doom anthology ps4 collector,no brand,,False,no brand__toks__doom-anthology,doom anthology ps4 collector | no brand | 0,177,2,doom anthology ps4 collector
Volant de course,53.2,PlayStation,0,https://www.vinted.it/items/8107150868-volant-de-course?referrer=catalog,8,8107150868,On Sale,,,https://images1.vinted.net/t/06_01acb_iMkFQLchQEPPvjNRrksPdUQQ/310x430/1770310057.webp?s=106f5cc18f7a56b19c6cad944f9c2ac799af68c3,1,6,volant de course,playstation,,False,playstation__toks__volant-de,volant de course | playstation | 0,563,2,volant de course
Retrogames Apple II console videogiochi rari no amiga no playstation retrogames,1.0098,Apple,0,https://www.vinted.it/items/8107147784-retrogames-apple-ii-console-videogiochi-rari-no-amiga-no-playstation-retrogames?referrer=catalog,0,8107147784,On Sale,,,https://images1.vinted.net/t/06_01561_Us1twQGZ3rk9JAQ1qca7fDv6/310x430/1770310036.webp?s=2c01c160038dc03e2317c45abdff386171ca6fdb,1,6,retrogames apple ii console videogiochi rari no amiga no playstation retrogames,apple,,False,apple__toks__retrogames-apple,retrogames apple ii console videogiochi rari no amiga no playstation retrogames | apple | 0,5,2,retrogames no apple ii console videogiochi rari amiga
Tout et neuf rarement utilisé,105.7,No brand,0,https://www.vinted.it/items/8107128974-tout-et-neuf-rarement-utilise?referrer=catalog,0,8107128974,On Sale,,,https://images1.vinted.net/t/06_00e0f_KAH8EaTN2eqBKvuW7dMPEi9W/310x430/1770309903.webp?s=f8c9146b9c90c9b9bcbf6707dffea727e59981ea,1,6,tout et neuf rarement utilise,no brand,,False,no brand__toks__tout-et,tout et neuf rarement utilise | no brand | 0,415,2,tout et neuf rarement utilise
PlayStation 4 fonctionnel,95.2,PlayStation,0,https://www.vinted.it/items/7867992672-playstation-4-fonctionnel?referrer=catalog,0,7867992672,On Sale,,,https://images1.vinted.net/t/05_00c54_PTJBtP4FW4dN5pxMDyxptUij/310x430/1767485551.webp?s=b69799838857515422c3386f656d61edab047ced,1,6,playstation 4 fonctionnel,playstation,,False,playstation__toks__playstation-fonctionnel,playstation 4 fonctionnel | playstation | 0,514,2,playstation fonctionnel
Lenkrad und Pedale ( Playstation4 und 5),97.3,Thrustmaster,0,https://www.vinted.it/items/8107084284-lenkrad-und-pedale-playstation4-und-5?referrer=catalog,0,8107084284,On Sale,,,https://images1.vinted.net/t/06_019a6_vgfkAqAgNzPG4PLmN2e7kKRr/310x430/1770309583.webp?s=39e22f1a86129b6d295edf13e9040dd9a8840b8b,1,6,lenkrad und pedale playstation4 und 5,thrustmaster,,False,thrustmaster__toks__lenkrad-und,lenkrad und pedale playstation4 und 5 | thrustmaster | 0,688,2,und lenkrad pedale playstation4
Senran Kagura Burst Re:Newal – Bountiful Beauties – Édition Collector,126.7,No brand,0,https://www.vinted.it/items/8107079826-senran-kagura-burst-renewal-bountiful-beauties-edition-collector?referrer=catalog,26,8107079826,On Sale,,,https://images1.vinted.net/t/05_0092f_66GnCRh3jNEnnxVs2ULHFHyx/310x430/1770309550.webp?s=7d9c5fc6fe24f91775bf4877a2492d577e9505a2,1,6,senran kagura burst re newal bountiful beauties edition collector,no brand,,False,no brand__toks__senran-kagura,senran kagura burst re newal bountiful beauties edition collector | no brand | 0,366,2,senran kagura burst re newal bountiful beauties edition
Headset GamingXTrust,42.7,PlayStation,0,https://www.vinted.it/items/8107065590-headset-gamingxtrust?referrer=catalog,1,8107065590,On Sale,,,https://images1.vinted.net/t/04_02081_zWRLzgjKugA9E6Gnfzxzzck4/310x430/1770309477.webp?s=ec19b74cb8c2cdc879a3657d93ec8b689147a80a,1,6,headset gamingxtrust,playstation,,False,playstation__toks__headset-gamingxtrust,headset gamingxtrust | playstation | 0,488,2,headset gamingxtrust
Je vends ma Playstation 4 car je ne m'en sers plus et réinitialiser lors de la vente,158.2,PlayStation,0,https://www.vinted.it/items/8107011971-je-vends-ma-playstation-4-car-je-ne-men-sers-plus-et-reinitialiser-lors-de-la-vente?referrer=catalog,0,8107011971,On Sale,,,https://images1.vinted.net/t/05_0081a_U76nJMfCkg3cJ4u1zZXtSSPy/310x430/1770309059.webp?s=e2438bdc46ccefc940289bab01d16487209b1141,1,6,je vends ma playstation 4 car je ne m en sers plus et reinitialiser lors de la vente,playstation,,False,playstation__toks__je-vends,je vends ma playstation 4 car je ne m en sers plus et reinitialiser lors de la vente | playstation | 0,489,4,je vends ma playstation et car ne en
Tarjeta PlayStation 50€,42.7,No brand,0,https://www.vinted.it/items/8107012640-tarjeta-playstation-50eu?referrer=catalog,0,8107012640,On Sale,,,https://images1.vinted.net/t/03_0157a_8eFz9GiJHvRfAwR9yRpK3ALu/310x430/1770309064.webp?s=51496b786458e0aa8fe793ece3e849c9b15801bd,1,6,tarjeta playstation 50,no brand,,False,no brand__codes__50,tarjeta playstation 50 | no brand | 0,91,2,tarjeta playstation 50
Je vends ma Playstation 4 avec une manette et des jeux,158.2,PlayStation,0,https://www.vinted.it/items/8106974445-je-vends-ma-playstation-4-avec-une-manette-et-des-jeux?referrer=catalog,0,8106974445,On Sale,,,https://images1.vinted.net/t/05_00aa0_vwHo6u7fTo7Ypj4uBwFcX2rB/310x430/1770308796.webp?s=ef35abd054c486264d92e5e52275d27a1d290f8b,1,6,je vends ma playstation 4 avec une manette et des jeux,playstation,,False,playstation__toks__je-vends,je vends ma playstation 4 avec une manette et des jeux | playstation | 0,489,4,je vends ma playstation et car ne en
Display lost abyss s11 plus 4booster loose,68.95,Pokémon,0,https://www.vinted.it/items/8106875439-display-lost-abyss-s11-plus-4booster-loose?referrer=catalog,0,8106875439,On Sale,,,https://images1.vinted.net/t/06_0204d_inDPBjKWXPGpECjXK6eDHmur/310x430/1770308095.webp?s=87da515d29fb4af1c0368c57759b5ff19f894ddc,1,6,display lost abyss s11 plus 4booster loose,pokemon,,False,pokemon__codes__s11,display lost abyss s11 plus 4booster loose | pokemon | 0,580,1,display lost abyss s11 plus 4booster loose
Fifa 26,58.45,No brand,0,https://www.vinted.it/items/8106747677-fifa-26?referrer=catalog,0,8106747677,On Sale,,,https://images1.vinted.net/t/05_003aa_LMmx7GkUWR9hJ74xzfBXtAWd/310x430/1770307175.webp?s=1a7ea2e171d19c3366754a6480597d7eea5904bc,1,6,fifa 26,no brand,,False,no brand__codes__26,fifa 26 | no brand | 0,88,10,26 fifa ps4 fc playstation jeux ps neuf
Danganronpa Ultra Despair Girl Ps4 neuf sous blister,79.45,No brand,0,https://www.vinted.it/items/8106640203-danganronpa-ultra-despair-girl-ps4-neuf-sous-blister?referrer=catalog,0,8106640203,On Sale,,,https://images1.vinted.net/t/03_01793_Uxi3NjqAoR9uNP4ewHpVMLxb/310x430/1770306405.webp?s=594debc3e3f3f9eb7a71eec4de26e468533e8c09,1,6,danganronpa ultra despair girl ps4 neuf sous blister,no brand,,False,no brand__toks__danganronpa-ultra,danganronpa ultra despair girl ps4 neuf sous blister | no brand | 0,158,1,danganronpa ultra despair girl ps4 neuf sous blister
Buzz Junior Monster Rumble Pack Buzzers,84.7,No brand,0,https://www.vinted.it/items/8106616091-buzz-junior-monster-rumble-pack-buzzers?referrer=catalog,46,8106616091,On Sale,,,https://images1.vinted.net/t/01_0072f_vVMi57vjkGS6Bg4o6N7McQ9W/310x430/1770306234.webp?s=f5d33294d2cc84faa021dc784017959f1099b496,1,6,buzz junior monster rumble pack buzzers,no brand,,False,no brand__toks__buzz-junior,buzz junior monster rumble pack buzzers | no brand | 0,132,1,buzz junior monster rumble pack buzzers
Mirrors Edge Catalyst Collectors Edition,100.35,PlayStation,0,https://www.vinted.it/items/8106600082-mirrors-edge-catalyst-collectors-edition?referrer=catalog,5,8106600082,On Sale,,,https://images1.vinted.net/t/05_00f82_WSb1aAeWrx7CBbhPRDfTXzBF/310x430/1770306120.webp?s=e45fcd0368ac3df76f7f58815e59ce49aab60de9,1,6,mirrors edge catalyst collectors edition,playstation,,False,playstation__toks__mirrors-edge,mirrors edge catalyst collectors edition | playstation | 0,500,1,mirrors edge catalyst collectors edition
Collector sonic frontiers ps4,210.7,No brand,0,https://www.vinted.it/items/8106504754-collector-sonic-frontiers-ps4?referrer=catalog,1,8106504754,On Sale,,,https://images1.vinted.net/t/06_00e2b_i5wqgqf2dgK3p3qPA5qFa3DA/310x430/1770305428.webp?s=0d721457e9a7c88517c0c8933c7b066d014d46b3,1,6,collector sonic frontiers ps4,no brand,,False,no brand__toks__collector-sonic,collector sonic frontiers ps4 | no brand | 0,149,1,collector sonic frontiers ps4
Final vendetta super édition limitée play station 4,52.15,No brand,0,https://www.vinted.it/items/8106495573-final-vendetta-super-edition-limitee-play-station-4?referrer=catalog,2,8106495573,On Sale,,,https://images1.vinted.net/t/04_01e18_jRUcCBs5kDHXAUHFdkManGXu/310x430/1770305360.webp?s=d319533a253f2bfedb5f4291e64a3f43adb51741,1,6,final vendetta super edition limitee play station 4,no brand,,False,no brand__toks__final-vendetta,final vendetta super edition limitee play station 4 | no brand | 0,196,2,final vendetta edition limitee jeu ps4 super play
Bleach Rebirth of Souls,42.7,No brand,0,https://www.vinted.it/items/8106433332-bleach-rebirth-of-souls?referrer=catalog,1,8106433332,On Sale,,,https://images1.vinted.net/t/06_00215_2Ru1mPTXEaDqVSDM4SMoVKYB/310x430/1770304911.webp?s=fa4298081f4eb256faccd72076eea61d5609f31a,1,6,bleach rebirth of souls,no brand,,False,no brand__toks__bleach-rebirth,bleach rebirth of souls | no brand | 0,120,1,bleach rebirth of souls
Jeu Ps4 Star Wars,209.65,No brand,0,https://www.vinted.it/items/8106400381-jeu-ps4-star-wars?referrer=catalog,4,8106400381,On Sale,,,https://images1.vinted.net/t/06_01030_si3ZoATX2wW5HA8UrApcJ82e/310x430/1770304676.webp?s=9f8caeca179518ce673c7499f6d2d6126c276b18,1,6,jeu ps4 star wars,no brand,,False,no brand__toks__jeu-ps4,jeu ps4 star wars | no brand | 0,233,2,jeu ps4 star wars
PS4 Pro com joystick funzionante,168.7,Sony,0,https://www.vinted.it/items/8106374076-ps4-pro-com-joystick-funzionantecavi-e-2-giochi?referrer=catalog,0,8106374076,On Sale,,,https://images1.vinted.net/t/06_01c7c_SNaswnG7GkD8kaBGKBVfbwQM/310x430/1770304486.webp?s=4bd474dc7f7c3ccae8c0117126fe77ce41f7ab46,1,6,ps4 pro com joystick funzionante,sony,,False,sony__toks__ps4-pro,ps4 pro com joystick funzionante | sony | 0,662,1,ps4 pro com joystick funzionante
Jinki infinity special edition ps4,74.2,No brand,0,https://www.vinted.it/items/8106249880-jinki-infinity-special-edition-ps4?referrer=catalog,28,8106249880,On Sale,,,https://images1.vinted.net/t/06_012e1_pvKsuiMda12tnaCakPz3pDjN/310x430/1770303611.webp?s=3634669de8aa87460faabfc52f6cc865f768a591,1,6,jinki infinity special edition ps4,no brand,,False,no brand__toks__jinki-infinity,jinki infinity special edition ps4 | no brand | 0,249,1,jinki infinity special edition ps4
Gravity Rush 2 version promotionnel,63.7,No brand,0,https://www.vinted.it/items/8106241233-gravity-rush-2-version-promotionnel?referrer=catalog,1,8106241233,On Sale,,,https://images1.vinted.net/t/05_0069f_yzQ96tYzim1Srmzu4iRHXKyQ/310x430/1770303551.webp?s=d2896241dc3259fe2da692863c4321f153c106eb,1,6,gravity rush 2 version promotionnel,no brand,,False,no brand__toks__gravity-rush,gravity rush 2 version promotionnel | no brand | 0,215,2,gravity rush version promotionnel
Play station 4,210.7,PlayStation,0,https://www.vinted.it/items/8106230040-play-station-4?referrer=catalog,0,8106230040,On Sale,,,https://images1.vinted.net/t/01_00a0a_s12WSScDApUoaBmWBM2x5QEN/310x430/1770303472.webp?s=3c78dd758ba70c41cdadda47fe720c615c9bb6e1,1,6,play station 4,playstation,,False,playstation__toks__play-station,play station 4 | playstation | 0,504,5,play station
Volanti da gaming,294.7,Thrustmaster,0,https://www.vinted.it/items/8106188937-volanti-da-gaming?referrer=catalog,0,8106188937,On Sale,,,https://images1.vinted.net/t/05_01206_G3tAWAP6G68UHVZxH5mPH4Nz/310x430/1770303187.webp?s=a00ecac5cfff467ab18e54ed3b5f5815a2c00ce2,1,6,volanti da gaming,thrustmaster,,False,thrustmaster__toks__volanti-da,volanti da gaming | thrustmaster | 0,696,1,volanti da gaming
Farcry 6 collecters editie,210.7,No brand,0,https://www.vinted.it/items/8106107398-farcry-6-collecters-editie?referrer=catalog,0,8106107398,On Sale,,,https://images1.vinted.net/t/06_01527_ABTmVP3y92aBniNQt9av18eW/310x430/1770302621.webp?s=06c6075d63242c547df3976799b3113cc5049e22,1,6,farcry 6 collecters editie,no brand,,False,no brand__toks__farcry-collecters,farcry 6 collecters editie | no brand | 0,191,1,farcry collecters editie
PlayStation 4,100.45,PlayStation,0,https://www.vinted.it/items/8106098846-playstation-4?referrer=catalog,13,8106098846,On Sale,,,https://images1.vinted.net/t/05_00a02_M8ZPmecHEM5EUWiYvbUr5j6S/310x430/1770303147.webp?s=3090fa2b72f37296587456bab958a2604b26bd04,1,6,playstation 4,playstation,,False,playstation__toks__playstation,playstation 4 | playstation | 0,506,15,playstation
Playstation VR per PS4,126.7,PlayStation,0,https://www.vinted.it/items/8106074626-playstation-vr-per-ps4?referrer=catalog,2,8106074626,On Sale,,,https://images1.vinted.net/t/06_00943_yysCWmA1eXFSZZ9454mb8fhH/310x430/1770302395.webp?s=58782f8f7138d9d3c91c883977dda8aab93cde56,1,6,playstation vr per ps4,playstation,,False,playstation__toks__playstation-vr,playstation vr per ps4 | playstation | 0,525,1,playstation vr per ps4
Manette compatible avec PC et PS4,42.7,PlayStation,0,https://www.vinted.it/items/8105959458-manette-compatible-avec-pc-et-ps4?referrer=catalog,0,8105959458,On Sale,,,https://images1.vinted.net/t/06_00180_TSnkBgtHBNcmieWMZ43Xcmz3/310x430/1770301614.webp?s=5eb2af6fdbddcf211849ee10a433128effd4fba8,1,6,manette compatible avec pc et ps4,playstation,,False,playstation__toks__manette-compatible,manette compatible avec pc et ps4 | playstation | 0,494,1,manette compatible avec pc et ps4
2 mandos PS4,47.95,PlayStation,0,https://www.vinted.it/items/8105922785-2-mandos-ps4?referrer=catalog,0,8105922785,On Sale,,,https://images1.vinted.net/t/05_01aec_kGydLiReyQP6dZs49jJquT94/310x430/1770301364.webp?s=6453ce7c67b21c64c3b0bc996b83e7ea47ceb7d1,1,6,2 mandos ps4,playstation,,False,playstation__toks__mandos-ps4,2 mandos ps4 | playstation | 0,492,1,mandos ps4
Thrustmaster T98-P Ferrari 296 GTB steering wheel (PS5/PS4/PC) - NEW,79.45,Thrustmaster,0,https://www.vinted.it/items/8105908579-thrustmaster-t98-p-ferrari-296-gtb-steering-wheel-ps5ps4pc-new?referrer=catalog,0,8105908579,On Sale,,,https://images1.vinted.net/t/06_02598_BCqGFznavMfo6TX9oHwcMCSa/310x430/1770301266.webp?s=b4e4f3e5f284e8c7c72e3ae80416006daed55123,1,6,thrustmaster t98 p ferrari 296 gtb steering wheel ps5 ps4 pc new,thrustmaster,,False,thrustmaster__codes__t98-296,thrustmaster t98 p ferrari 296 gtb steering wheel ps5 ps4 pc new | thrustmaster | 0,686,2,thrustmaster t98 ferrari 296 gtb steering wheel ps5
Controller PS4,53.2,PlayStation,0,https://www.vinted.it/items/8105881519-controller-ps4?referrer=catalog,0,8105881519,On Sale,,,https://images1.vinted.net/t/04_01f01_PZomLcoTztVKvcMtE6UBV2mP/310x430/1770301081.webp?s=e8ee1ecb06a3f293647a197d604277474e68aa20,1,6,controller ps4,playstation,,False,playstation__toks__controller-ps4,controller ps4 | playstation | 0,479,3,controller ps4
Kingdom hearts all in one ps4 NUOVO,53.2,No brand,0,https://www.vinted.it/items/8105863509-kingdom-hearts-all-in-one-ps4-nuovo?referrer=catalog,5,8105863509,On Sale,,,https://images1.vinted.net/t/06_0235b_pNvM6uMwZnrateyAw33xsNdg/310x430/1770300957.webp?s=4cace7aa28b1924874bac54af28ac2e7124f1514,1,6,kingdom hearts all in one ps4 nuovo,no brand,,False,no brand__toks__kingdom-hearts,kingdom hearts all in one ps4 nuovo | no brand | 0,258,3,kingdom hearts all in one package ps4 nuovo
FIFA 2026,47.95,No brand,0,https://www.vinted.it/items/8105827114-fifa-2026?referrer=catalog,1,8105827114,On Sale,,,https://images1.vinted.net/t/01_02343_pTha5tRXrvSxH5AyUwMoLRXg/310x430/1770300708.webp?s=05d6fc3d0326f77c138da41a2bd6aa5e8a6cea24,1,6,fifa 2026,no brand,,False,no brand__codes__2026,fifa 2026 | no brand | 0,86,2,fifa 2026
Disco Elysium (Sealed/ PlayStation 4 game),68.95,No brand,0,https://www.vinted.it/items/8105823320-disco-elysium-sealed-playstation-4-game?referrer=catalog,6,8105823320,On Sale,,,https://images1.vinted.net/t/04_02240_YumRL3Z4S2nE67bpvJs4eRdG/310x430/1770300681.webp?s=d6ad369bec752f605689887ae7bec3a559352f08,1,6,disco elysium sealed playstation 4 game,no brand,,False,no brand__toks__disco-elysium,disco elysium sealed playstation 4 game | no brand | 0,172,1,disco elysium sealed playstation game
Aim Controller 4 paddle scuf style NUOVO,68.95,AIM,0,https://www.vinted.it/items/8105739562-aim-controller-4-paddle-scuf-style-nuovo?referrer=catalog,1,8105739562,On Sale,,,https://images1.vinted.net/t/06_02599_rW4c4cQPAwCwBUTUxRfuighW/310x430/1770300100.webp?s=44916fd662ee2dcd06733a5b43ffbba2c64ef77c,1,6,aim controller 4 paddle scuf style nuovo,aim,,False,aim__toks__aim-controller,aim controller 4 paddle scuf style nuovo | aim | 0,2,1,aim controller paddle scuf style nuovo
Volant PXN V3Pro,58.45,PXN,0,https://www.vinted.it/items/8105612440-volant-pxn-v3pro?referrer=catalog,0,8105612440,On Sale,,,https://images1.vinted.net/t/05_00188_4yzE97VE2AGNUQZET5ah41mk/310x430/1770299220.webp?s=f169a1f384ddbde17612297b458f7f28053fd171,1,6,volant pxn v3pro,pxn,,False,pxn__toks__volant-pxn,volant pxn v3pro | pxn | 0,594,1,volant pxn v3pro
Conjunto jogos ps4,105.7,No brand,0,https://www.vinted.it/items/8105562330-conjunto-jogos-ps4?referrer=catalog,0,8105562330,On Sale,,,https://images1.vinted.net/t/06_026ed_MC3ovtMpHqQ9gfZabVjHFADd/310x430/1770298870.webp?s=0d8dcbfc23397fce3b9453db3a205223ebcd8ac4,1,6,conjunto jogos ps4,no brand,,False,no brand__toks__conjunto-jogos,conjunto jogos ps4 | no brand | 0,151,3,conjunto jogos ps4 para
Volante RWA Playstation5 e Playstation4 della Hori,68.95,PlayStation,0,https://www.vinted.it/items/8105496421-volante-rwa-playstation5-e-playstation4-della-hori?referrer=catalog,7,8105496421,On Sale,,,https://images1.vinted.net/t/05_01f8d_diZhtd5pDEzSTkYvTrgHmthP/310x430/1770298410.webp?s=fd42825b2c95c60730eda68ebceeac8d2a9e3819,1,6,volante rwa playstation5 e playstation4 della hori,playstation,,False,playstation__toks__volante-rwa,volante rwa playstation5 e playstation4 della hori | playstation | 0,578,1,volante rwa playstation5 playstation4 della hori
giochi playstation 4/5,84.7,No brand,0,https://www.vinted.it/items/8105480638-giochi-playstation-45?referrer=catalog,0,8105480638,On Sale,,,https://images1.vinted.net/t/04_000eb_bdxBxQ4He6GLNFthwSyKAa6m/310x430/1770298299.webp?s=9bbf15a676817a271a739b6e1389a84abbea9f77,1,6,giochi playstation 4 5,no brand,,False,no brand__toks__giochi-playstation,giochi playstation 4 5 | no brand | 0,203,4,giochi playstation
ps 4 good condition,84.7,PlayStation,0,https://www.vinted.it/items/8105406104-ps-4-good-condition?referrer=catalog,2,8105406104,On Sale,,,https://images1.vinted.net/t/01_0250d_2NUpBUPpKtT8Q25KkCEEAuPH/310x430/1770297768.webp?s=027646ae4493c444c9a061748f2ae9827931786f,1,6,ps 4 good condition,playstation,,False,playstation__toks__ps-good,ps 4 good condition | playstation | 0,528,1,ps good condition
Mando PS4 Dualshock 4 Inalámbrico Sony,44.8,Sony,0,https://www.vinted.it/items/8105405734-mando-ps4-dualshock-4-inalambrico-sony?referrer=catalog,0,8105405734,On Sale,,,https://images1.vinted.net/t/06_0183e_88Na9B9HoNpsydmMmNBSrj2M/310x430/1770297766.webp?s=626f04f82b3478804a16d9869985acbe63b4d695,1,6,mando ps4 dualshock 4 inalambrico sony,sony,,False,sony__toks__mando-ps4,mando ps4 dualshock 4 inalambrico sony | sony | 0,626,1,mando ps4 dualshock inalambrico sony
Play station 4 slim 500GB,105.7,Sony,0,https://www.vinted.it/items/8105372012-play-station-4-slim-500gb?referrer=catalog,0,8105372012,On Sale,,,https://images1.vinted.net/t/01_01fe7_bp733BZBcPGxZ37uKN5ADZH2/310x430/1770297524.webp?s=8bb92dd3c96e52a72fd4efd7e0a484e52376186c,1,6,play station 4 slim 500gb,sony,,False,sony__toks__play-station,play station 4 slim 500gb | sony | 0,639,1,play station slim 500gb
Thrustmaster Ferrari,84.7,Thrustmaster,0,https://www.vinted.it/items/8105313521-thrustmaster-ferrari?referrer=catalog,0,8105313521,On Sale,,,https://images1.vinted.net/t/06_021bd_rbsLFXAK3G1LrCYkdPwmnmmj/310x430/1770297105.webp?s=69567b8a1e597e6521d3974b8e384b18ebe57711,1,6,thrustmaster ferrari,thrustmaster,,False,thrustmaster__toks__thrustmaster-ferrari,thrustmaster ferrari | thrustmaster | 0,690,1,thrustmaster ferrari
Ps4 come nuova,158.2,PlayStation,0,https://www.vinted.it/items/8105280847-ps4-come-nuova?referrer=catalog,1,8105280847,On Sale,,,https://images1.vinted.net/t/05_001aa_6CByJ5NPWnkpnUyoR56uixeT/310x430/1770296872.webp?s=54d5b1579f6d6d40b0435bb476d3cdf991c95386,1,6,ps4 come nuova,playstation,,False,playstation__toks__ps4-come,ps4 come nuova | playstation | 0,534,2,ps4 come nuovo nuova
PlayStation 4 + Joystick,105.7,PlayStation,0,https://www.vinted.it/items/8105280573-playstation-4-joystick?referrer=catalog,1,8105280573,On Sale,,,https://images1.vinted.net/t/03_01a58_DescJzX6zBPFu6v4RhvTjAt6/310x430/1770296870.webp?s=da4062a8f39158e2964b7d1608e7416e2fa7c2d2,1,6,playstation 4 joystick,playstation,,False,playstation__toks__playstation-joystick,playstation 4 joystick | playstation | 0,518,1,playstation joystick
Manette Dualsense Custom - Elden Ring,158.1,Sony,0,https://www.vinted.it/items/8105230750-manette-dualsense-custom-elden-ring?referrer=catalog,0,8105230750,On Sale,,,https://images1.vinted.net/t/01_025b5_US4Kc4NyWWtnFmc7ebtnqLAe/310x430/1770296504.webp?s=24771ae6add334ee682f66e48487dcc41c97497f,1,6,manette dualsense custom elden ring,sony,,False,sony__toks__manette-dualsense,manette dualsense custom elden ring | sony | 0,629,2,manette dualsense custom elden ring sekiro
Manette Dualsense Custom - Bloodborne,158.1,Sony,0,https://www.vinted.it/items/8105219979-manette-dualsense-custom-bloodborne?referrer=catalog,0,8105219979,On Sale,,,https://images1.vinted.net/t/06_00aee_aggYG2HaDYdPjZcsJZEU2vJC/310x430/1770296426.webp?s=c13ba6cf67711188a083fac5c25ffdd3e92a68c2,1,6,manette dualsense custom bloodborne,sony,,False,sony__toks__manette-dualsense,manette dualsense custom bloodborne | sony | 0,630,1,manette dualsense custom bloodborne
Manette Dualsense Custom - Sekiro,158.1,Sony,0,https://www.vinted.it/items/8105208772-manette-dualsense-custom-sekiro?referrer=catalog,0,8105208772,On Sale,,,https://images1.vinted.net/t/06_0021f_QDEYXBXcrKTfFM2ruLWtegf5/310x430/1770296344.webp?s=a07f6c42ca3caa6fca2add31ee0083cc05a52032,1,6,manette dualsense custom sekiro,sony,,False,sony__toks__manette-dualsense,manette dualsense custom sekiro | sony | 0,629,2,manette dualsense custom elden ring sekiro
Volante PlayStation PS4,53.2,PlayStation,0,https://www.vinted.it/items/8105199920-volante-playstation-ps4?referrer=catalog,4,8105199920,On Sale,,,https://images1.vinted.net/t/05_00d14_JcMstoY7mSfFPa1XtX9LzpKs/310x430/1770296279.webp?s=84cc39a18c93a1adbd12bcd074882c3f87a879dd,1,6,volante playstation ps4,playstation,,False,playstation__toks__volante-playstation,volante playstation ps4 | playstation | 0,576,1,volante playstation ps4
Volante Logitech G29 Driving Force – Nuovo / Mai usato – PS4 / PS5 / PC,252.7,Logitech,0,https://www.vinted.it/items/8105067346-volante-logitech-g29-driving-force-nuovo-mai-usato-ps4-ps5-pc?referrer=catalog,0,8105067346,On Sale,,,https://images1.vinted.net/t/06_00d13_Bqk6cBU71qBoCCoQzqGBWa2C/310x430/1770295309.webp?s=42bd9bc8a4c059a949f457a89ce05254df57b2be,1,6,volante logitech g29 driving force nuovo mai usato ps4 ps5 pc,logitech,,False,logitech__codes__g29,volante logitech g29 driving force nuovo mai usato ps4 ps5 pc | logitech | 0,48,9,logitech g29 ps4 ps5 pc driving force volant
Ps4 PRO,315.7,Sony,0,https://www.vinted.it/items/8104991259-ps4-pro?referrer=catalog,1,8104991259,On Sale,,,https://images1.vinted.net/t/05_011a0_jxUcKCuLPSNsPKwWL9kAdsQL/310x430/1770294740.webp?s=6ef52260553b3f2b7846b51bfbd8d76313b4cc48,1,6,ps4 pro,sony,,False,sony__toks__ps4-pro,ps4 pro | sony | 0,661,4,ps4 pro terabyte 1to comme neuve
Playstation 4 jogo VR Home sweet Home,42.7,No brand,0,https://www.vinted.it/items/8104935091-playstation-4-jogo-vr-home-sweet-home?referrer=catalog,3,8104935091,On Sale,,,https://images1.vinted.net/t/05_01ab7_qv128b7rtrzJ5GaEYSypu1Pa/310x430/1770294318.webp?s=5b3ec8f8054c7cac19a03d406dacc8e9fe5af512,1,6,playstation 4 jogo vr home sweet home,no brand,,False,no brand__toks__playstation-jogo,playstation 4 jogo vr home sweet home | no brand | 0,319,1,home playstation jogo vr sweet
Volant logitech G29,58.45,Logitech,0,https://www.vinted.it/items/8104815677-volant-logitech-g29?referrer=catalog,2,8104815677,On Sale,,,https://images1.vinted.net/t/06_006a4_wKRAPSJevuJaDDzLc1YHK7SY/310x430/1770293412.webp?s=21afaeb6e1809a11fa83017e729d810eb50eb442,1,6,volant logitech g29,logitech,,False,logitech__codes__g29,volant logitech g29 | logitech | 0,49,14,g29 logitech volante volant pedales de vitesse ps4
Saga Life is strange slipcover slipcage PS4 PS5 juego,42.7,No brand,0,https://www.vinted.it/items/8104716550-saga-life-is-strange-slipcover-slipcage-ps4-ps5-juego?referrer=catalog,6,8104716550,On Sale,,,https://images1.vinted.net/t/04_02165_XTNp2Xv7NqcMf2Azy7NNRA18/310x430/1770292652.webp?s=99dc6844a70ee0e8dbd1f2070e0c3ee8cf5801e5,1,6,saga life is strange slipcover slipcage ps4 ps5 juego,no brand,,False,no brand__toks__saga-life,saga life is strange slipcover slipcage ps4 ps5 juego | no brand | 0,358,1,saga life is strange slipcover slipcage ps4 ps5
Resident Evil 8 Village Edición Coleccionista Nuevo Precintado,473.2,No brand,0,https://www.vinted.it/items/8104706294-resident-evil-8-village-edicion-coleccionista-nuevo-precintado?referrer=catalog,7,8104706294,On Sale,,,https://images1.vinted.net/t/06_0115f_LvbGh1uNAgKV5ms2TXx7GaFW/310x430/1770292574.webp?s=00915a0425c1fc3e748019c55ebddcfa9457a9d2,1,6,resident evil 8 village edicion coleccionista nuevo precintado,no brand,,False,no brand__toks__resident-evil,resident evil 8 village edicion coleccionista nuevo precintado | no brand | 0,355,4,resident evil edition nuevo precintado origins collection capcom
A short hike Super Rare Games SRG Playstation 4 PS4 Sealed,110.94,No brand,0,https://www.vinted.it/items/8104678713-a-short-hike-super-rare-games-srg-playstation-4-ps4-sealed?referrer=catalog,0,8104678713,On Sale,,,https://images1.vinted.net/t/05_013a3_rk8NwbhBrETaJsGCYXFMLM8n/310x430/1770292367.webp?s=1ff03db727d05a3d2f0498653b26157b49f0fb05,1,6,a short hike super rare games srg playstation 4 ps4 sealed,no brand,,False,no brand__toks__short-hike,a short hike super rare games srg playstation 4 ps4 sealed | no brand | 0,372,1,short hike super rare games srg playstation ps4
Pack Farpoint ps4,158.2,No brand,0,https://www.vinted.it/items/8104665861-pack-farpoint-ps4?referrer=catalog,2,8104665861,On Sale,,,https://images1.vinted.net/t/05_00a00_EGqzmnZqQ89L2uKqsc8GGeJn/310x430/1770292270.webp?s=916a1e69c03cc70e539fab17e3357062a0ba99b7,1,6,pack farpoint ps4,no brand,,False,no brand__toks__pack-farpoint,pack farpoint ps4 | no brand | 0,308,1,pack farpoint ps4
Saga the last of us slipcover slipcage PS4 PS3 PS5 juego,67.9,No brand,0,https://www.vinted.it/items/8104651917-saga-the-last-of-us-slipcover-slipcage-ps4-ps3-ps5-juego?referrer=catalog,4,8104651917,On Sale,,,https://images1.vinted.net/t/06_002d9_wGvmpNXoY8wziWceMohLHXEK/310x430/1770292163.webp?s=814ba5e94c0e6301067aa9bc32efb0ec9581b6f1,1,6,saga the last of us slipcover slipcage ps4 ps3 ps5 juego,no brand,,False,no brand__toks__saga-the,saga the last of us slipcover slipcage ps4 ps3 ps5 juego | no brand | 0,359,1,saga the last of us slipcover slipcage ps4
Volante y pedales Logitech G29,189.7,Logitech,0,https://www.vinted.it/items/8104644228-volante-y-pedales-logitech-g29?referrer=catalog,0,8104644228,On Sale,,,https://images1.vinted.net/t/06_00b68_psJNdH3Nd2gNayDfveMda8SW/310x430/1770292103.webp?s=27edc4245264ce43a993e482c09389c2a85ed2bb,1,6,volante y pedales logitech g29,logitech,,False,logitech__codes__g29,volante y pedales logitech g29 | logitech | 0,49,14,g29 logitech volante volant pedales de vitesse ps4
Bayonetta & Vanquish – Édition Steelbook PS4 (SEGA),47.95,No brand,0,https://www.vinted.it/items/8104535240-bayonetta-vanquish-edition-steelbook-ps4-sega?referrer=catalog,2,8104535240,On Sale,,,https://images1.vinted.net/t/06_0086b_UZKkGmGTnzgFxGTc9FP2dE6n/310x430/1770291262.webp?s=3c58153aa7d18bcc36edba4b323275bf1d2251cb,1,6,bayonetta vanquish edition steelbook ps4 sega,no brand,,False,no brand__toks__bayonetta-vanquish,bayonetta vanquish edition steelbook ps4 sega | no brand | 0,117,1,bayonetta vanquish edition steelbook ps4 sega
Resident Evil 4 Gold Edition Nuevo Precintado,42.7,No brand,0,https://www.vinted.it/items/8104499259-resident-evil-4-gold-edition-nuevo-precintado?referrer=catalog,3,8104499259,On Sale,,,https://images1.vinted.net/t/06_0012c_QnvTwMwdN2MKu5xyEkt6nkrQ/310x430/1770290978.webp?s=aaad454a4f7ea3b9a8725d2af42557b4d408d35a,1,6,resident evil 4 gold edition nuevo precintado,no brand,,False,no brand__toks__resident-evil,resident evil 4 gold edition nuevo precintado | no brand | 0,355,4,resident evil edition nuevo precintado origins collection capcom
Finale fantasy 15 édition deluxe PS4,89.95,No brand,0,https://www.vinted.it/items/8104432921-finale-fantasy-15-edition-deluxe-ps4?referrer=catalog,0,8104432921,On Sale,,,https://images1.vinted.net/t/04_00f48_vNAeuWyrjiqih7mQXP5Pna8c/310x430/1770290457.webp?s=69c4881a9a61f626553a546898d16bfc000d875a,1,6,finale fantasy 15 edition deluxe ps4,no brand,,False,no brand__codes__15,finale fantasy 15 edition deluxe ps4 | no brand | 0,78,1,finale fantasy 15 edition deluxe ps4
PlayStation 4 Darth Vader Edition 1tb,969.0,PlayStation,0,https://www.vinted.it/items/8104428674-playstation-4-darth-vader-edition-1tb?referrer=catalog,2,8104428674,On Sale,,,https://images1.vinted.net/t/06_01ca4_CxhAovMYTuPU69qY3m1AhhJp/310x430/1770290423.webp?s=fff428f1d217acacb55c6a59fa7c332613aef658,1,6,playstation 4 darth vader edition 1tb,playstation,,False,playstation__toks__playstation-darth,playstation 4 darth vader edition 1tb | playstation | 0,513,1,playstation darth vader edition 1tb
PS4 Tiny Tina's wonderlands (chaotic great edition),63.7,No brand,0,https://www.vinted.it/items/8104356364-ps4-tiny-tinas-wonderlands-chaotic-great-edition?referrer=catalog,1,8104356364,On Sale,,,https://images1.vinted.net/t/06_00464_B2vXpRp7bmrRRovkPKzhMurj/310x430/1770289857.webp?s=1c35b03683f6d32ca5e62595407e6f4bf38beb0a,1,6,ps4 tiny tina s wonderlands chaotic great edition,no brand,,False,no brand__toks__ps4-tiny,ps4 tiny tina s wonderlands chaotic great edition | no brand | 0,346,1,ps4 tiny tina wonderlands chaotic great edition
PS4 Knack 2,53.2,No brand,0,https://www.vinted.it/items/8104297074-ps4-knack-2?referrer=catalog,1,8104297074,On Sale,,,https://images1.vinted.net/t/06_02454_SiSNJqqy18qVSiA6w31jbzee/310x430/1770289386.webp?s=ff46a09c2abcb45c4aaaed1540af5f727ca49174,1,6,ps4 knack 2,no brand,,False,no brand__toks__ps4-knack,ps4 knack 2 | no brand | 0,335,1,ps4 knack
Livre assassin’s creed odyssey,42.7,No brand,0,https://www.vinted.it/items/8104271294-livre-assassins-creed-odyssey?referrer=catalog,11,8104271294,On Sale,,,https://images1.vinted.net/t/06_01549_f8FU7xmRkgYShfBcftLobn5M/310x430/1770289211.webp?s=4fb61b5a5b2bb0ff40f1dcca2870df7b9df84dcd,1,6,livre assassin s creed odyssey,no brand,,False,no brand__toks__livre-assassin,livre assassin s creed odyssey | no brand | 0,268,1,livre assassin creed odyssey
PS4 Rez Infinite,179.2,No brand,0,https://www.vinted.it/items/8104243987-ps4-rez-infinite?referrer=catalog,0,8104243987,On Sale,,,https://images1.vinted.net/t/05_01569_Jvhk2Cekh7zxR6CMPYJq2vMY/310x430/1770288976.webp?s=60f8df7716874727130942a4df8c3d690f35c34d,1,6,ps4 rez infinite,no brand,,False,no brand__toks__ps4-rez,ps4 rez infinite | no brand | 0,340,1,ps4 rez infinite
play station 4,126.7,PlayStation,0,https://www.vinted.it/items/8104205765-play-station-4?referrer=catalog,1,8104205765,On Sale,,,https://images1.vinted.net/t/05_001b1_nVwevvGVMjeFAG114oq9DxZQ/310x430/1770288679.webp?s=03508f1d91b459dd5dd5cb10f2c718a58e74343f,1,6,play station 4,playstation,,False,playstation__toks__play-station,play station 4 | playstation | 0,504,5,play station
Street of Rage 4 Anniversary Edition – PS4,42.7,No brand,0,https://www.vinted.it/items/8104191378-street-of-rage-4-anniversary-edition-ps4?referrer=catalog,1,8104191378,On Sale,,,https://images1.vinted.net/t/06_01672_9JS4ePME2rCiyB4JxXTUY3t8/310x430/1770288568.webp?s=b5a869b3f87e48525d978c3166bfff01425e5080,1,6,street of rage 4 anniversary edition ps4,no brand,,False,no brand__toks__street-of,street of rage 4 anniversary edition ps4 | no brand | 0,389,1,street of rage anniversary edition ps4
PS4 The legend of Nayuta boundless trails,84.7,No brand,0,https://www.vinted.it/items/8104166733-ps4-the-legend-of-nayuta-boundless-trails?referrer=catalog,5,8104166733,On Sale,,,https://images1.vinted.net/t/06_00c19_wm5qfc9EYSjfYVdMvmer4p4o/310x430/1770288371.webp?s=ad4f3084ea820f2a8eb51193b4901590ad3b5298,1,6,ps4 the legend of nayuta boundless trails,no brand,,False,no brand__toks__ps4-the,ps4 the legend of nayuta boundless trails | no brand | 0,345,1,ps4 the legend of nayuta boundless trails
Dot Hack Quarantine The Final Chapter Part 4 Sony Playstation 2 PS2 Sealed PAL,368.2,No brand,0,https://www.vinted.it/items/8104127395-dot-hack-quarantine-the-final-chapter-part-4-sony-playstation-2-ps2-sealed-pal?referrer=catalog,0,8104127395,On Sale,,,https://images1.vinted.net/t/05_01401_4JauMKJs5BTpDjgpEynfaCtu/310x430/1770288063.webp?s=7eb86464b837746e3e6c76baaf7365c12c14377d,1,6,dot hack quarantine the final chapter part 4 sony playstation 2 ps2 sealed pal,no brand,,False,no brand__toks__dot-hack,dot hack quarantine the final chapter part 4 sony playstation 2 ps2 sealed pal | no brand | 0,182,1,dot hack quarantine the final chapter part sony
Jeux PS5/PS4 Fairy Tail + cartes,63.7,No brand,0,https://www.vinted.it/items/8104116559-jeux-ps5ps4-fairy-tail-cartes?referrer=catalog,3,8104116559,On Sale,,,https://images1.vinted.net/t/01_00e80_8dHW17jucJbuVoxPUBqjpdM1/310x430/1770287979.webp?s=096c5929ae1e506cce25bfcf15a00f4b6d711bfe,1,6,jeux ps5 ps4 fairy tail cartes,no brand,,False,no brand__toks__jeux-ps5,jeux ps5 ps4 fairy tail cartes | no brand | 0,246,1,jeux ps5 ps4 fairy tail cartes
Mando Spark N5 NUEVO!!,42.7,Spark,0,https://www.vinted.it/items/8104112866-mando-spark-n5-nuevo?referrer=catalog,0,8104112866,On Sale,,,https://images1.vinted.net/t/05_016c5_Fz3VdP3bXN36dZVWN2cwY9sB/310x430/1770287950.webp?s=a0f2cb78b6d3a4fc3bf574881e8485b613b99a47,1,6,mando spark n5 nuevo,spark,,False,spark__toks__mando-spark,mando spark n5 nuevo | spark | 0,672,1,mando spark n5 nuevo
PlayStation 4,158.2,PlayStation,0,https://www.vinted.it/items/8104066822-playstation-4?referrer=catalog,0,8104066822,On Sale,,,https://images1.vinted.net/t/06_0100a_CjRbeWQ1N5JcB4om6f9R4E9H/310x430/1770287590.webp?s=4ea3863c5a2e3cc258bbbaaa80be248953f8c730,1,6,playstation 4,playstation,,False,playstation__toks__playstation,playstation 4 | playstation | 0,506,15,playstation
Ps of sweden - legging / culotte d'equitation femme - taille XXS,53.2,PS of Sweden,XXS / IT 36 / EU 32,https://www.vinted.it/items/8103502050-ps-of-sweden-legging-culotte-dequitation-femme-taille-xxs?referrer=catalog,1,8103502050,On Sale,,,https://images1.vinted.net/t/05_02518_GVhAHMGHXtxyKpLRFvp8cYh5/310x430/1770282557.webp?s=f2c482d3e4842b01f8c1c17767c8e210962aca6d,1,6,ps of sweden legging culotte d equitation femme taille xxs,ps of sweden,,False,ps of sweden__toks__ps-of,ps of sweden legging culotte d equitation femme taille xxs | ps of sweden | XXS / IT 36 / EU 32,584,1,ps of sweden legging culotte equitation femme taille
playstation 4 com comando,105.7,PlayStation,0,https://www.vinted.it/items/8104063456-playstation-4-com-comando?referrer=catalog,12,8104063456,On Sale,,,https://images1.vinted.net/t/05_000e2_NvXV9P8Qc6bg38pZ6Z22jmWE/310x430/1770287564.webp?s=52f4c247ffd80cdf57af757555162c84cdbc7039,1,6,playstation 4 com comando,playstation,,False,playstation__toks__playstation-com,playstation 4 com comando | playstation | 0,508,1,playstation com comando
PS5 & PS4 Spiele. Ungeöffnet & Neu,53.2,No brand,0,https://www.vinted.it/items/8104048682-ps5-ps4-spiele-ungeoffnet-neu?referrer=catalog,0,8104048682,On Sale,,,https://images1.vinted.net/t/04_01d77_Kf7JXijJrq1rimFjUtEcn1c3/310x430/1770287448.webp?s=7092f823316fe99063ce0ce3418aade3c2e04d68,1,6,ps5 ps4 spiele ungeoffnet neu,no brand,,False,no brand__toks__ps5-ps4,ps5 ps4 spiele ungeoffnet neu | no brand | 0,349,1,ps5 ps4 spiele ungeoffnet neu
Minecraft Story Mode Season 1 + 2,63.69,No brand,0,https://www.vinted.it/items/8104048043-minecraft-story-mode-season-1-2?referrer=catalog,3,8104048043,On Sale,,,https://images1.vinted.net/t/06_00f0f_RZeo99FUqStEJSaxKXGmmgby/310x430/1770287444.webp?s=e957a77064e8c3298e0ab718df198d284fbc7722,1,6,minecraft story mode season 1 2,no brand,,False,no brand__toks__minecraft-story,minecraft story mode season 1 2 | no brand | 0,296,2,minecraft story mode avventura completa ps4 season
Gamesir vx2 aimbox,47.95,GameSir,0,https://www.vinted.it/items/8103705144-gamesir-vx2-aimbox?referrer=catalog,3,8103705144,On Sale,,,https://images1.vinted.net/t/01_0139f_35AUF8JJTYR2r5CLAsBBA5Uz/310x430/1770284558.webp?s=c16933b888d24f9c0fabc65a11fd1c6c2faa5b5a,1,6,gamesir vx2 aimbox,gamesir,,False,gamesir__toks__gamesir-vx2,gamesir vx2 aimbox | gamesir | 0,22,1,gamesir vx2 aimbox
Jordan Retro 4 Military blue,63.7,Jordan,28,https://www.vinted.it/items/8103574349-jordan-retro-4-military-blue?referrer=catalog,0,8103574349,On Sale,,,https://images1.vinted.net/t/04_01e80_KjQfGyigsSVrLceu7FfB4xwc/310x430/1770283341.webp?s=46d6b463c812853caf1c81fa2074ce232c7a4f03,1,6,jordan retro 4 military blue,jordan,,False,jordan__toks__jordan-retro,jordan retro 4 military blue | jordan | 28,40,1,jordan retro military blue
The town of light Black label edition PlayStation 4,168.7,No brand,0,https://www.vinted.it/items/8103457049-the-town-of-light-black-label-edition-playstation-4?referrer=catalog,2,8103457049,On Sale,,,https://images1.vinted.net/t/05_00104_utMrsRqUTWE2JjxHjEynTLb1/310x430/1770282047.webp?s=8a5579cc7e919023a568551cabfd69a3ed1ee148,1,6,the town of light black label edition playstation 4,no brand,,False,no brand__toks__the-town,the town of light black label edition playstation 4 | no brand | 0,409,1,the town of light black label edition playstation
Playstation 4 incl 2 Spielen,137.2,PlayStation,0,https://www.vinted.it/items/8103376287-playstation-4-incl-2-spielen?referrer=catalog,1,8103376287,On Sale,,,https://images1.vinted.net/t/06_02124_JANiywodSkv86bta1abXpBbg/310x430/1770281067.webp?s=b843fa6f7687f0cf905aa58975b11349db7c1141,1,6,playstation 4 incl 2 spielen,playstation,,False,playstation__toks__playstation-incl,playstation 4 incl 2 spielen | playstation | 0,516,1,playstation incl spielen
Mass effect Legendary édition,47.95,No brand,0,https://www.vinted.it/items/8103325617-mass-effect-legendary-edition?referrer=catalog,0,8103325617,On Sale,,,https://images1.vinted.net/t/04_0116b_2tdAhPAtoFHCzFA8KRxa6ByF/310x430/1770280384.webp?s=f36e44fdfe0cb25e18f839314731facae638d2ff,1,6,mass effect legendary edition,no brand,,False,no brand__toks__mass-effect,mass effect legendary edition | no brand | 0,285,3,mass effect legendary edition ps4 andromeda
PlayStation 4,89.95,PlayStation,0,https://www.vinted.it/items/8103022202-playstation-4?referrer=catalog,1,8103022202,On Sale,,,https://images1.vinted.net/t/04_01980_nq9duYmXPkUxHkgMy38ZDqpQ/310x430/1770273662.webp?s=c4dcfa7d4876bcb263bdb50820a5d0ed1ac3ff0c,1,6,playstation 4,playstation,,False,playstation__toks__playstation,playstation 4 | playstation | 0,506,15,playstation
Riverbond (Limited Run Games),42.7,No brand,0,https://www.vinted.it/items/8103011256-riverbond-limited-run-games?referrer=catalog,2,8103011256,On Sale,,,https://images1.vinted.net/t/04_01dd3_jhC9SiYEdCj6ztf8k2WYpDdF/310x430/1770273192.webp?s=0adfc72c5f4da62d16daa27942965d5f0ea74e09,1,6,riverbond limited run games,no brand,,False,no brand__toks__riverbond-limited,riverbond limited run games | no brand | 0,357,1,riverbond limited run games
Eswap pro crontroller,47.95,Thrustmaster,0,https://www.vinted.it/items/8102575188-eswap-pro-crontroller?referrer=catalog,0,8102575188,On Sale,,,https://images1.vinted.net/t/01_018d5_fEpfe3Z6nxN3754gteuUW2HP/310x430/1770242995.webp?s=742c85a8adb4083370a93355b16694bc52a24e48,1,6,eswap pro crontroller,thrustmaster,,False,thrustmaster__toks__eswap-pro,eswap pro crontroller | thrustmaster | 0,687,1,eswap pro crontroller
Volante Thrustmaster Ferrari T80,95.2,Thrustmaster,0,https://www.vinted.it/items/8102942706-volante-thrustmaster-ferrari-t80?referrer=catalog,0,8102942706,On Sale,,,https://images1.vinted.net/t/04_0116b_oyVRoVwZ92GyXFrtDCNt2KoP/310x430/1770268535.webp?s=3f80f06171f8168a8244812ffe941599204ab883,1,6,volante thrustmaster ferrari t80,thrustmaster,,False,thrustmaster__codes__t80,volante thrustmaster ferrari t80 | thrustmaster | 0,683,4,t80 volante thrustmaster ps4 ps5 volant trusmaster pedale
Controller ps4,42.7,PlayStation,0,https://www.vinted.it/items/8102941446-controller-ps4?referrer=catalog,0,8102941446,On Sale,,,https://images1.vinted.net/t/04_026d1_moJNbVJDJRukx5iQBKpLMjEy/310x430/1770268381.webp?s=1d713a72384c7c3622b85ead8c351b2e930832a5,1,6,controller ps4,playstation,,False,playstation__toks__controller-ps4,controller ps4 | playstation | 0,479,3,controller ps4
Vendo volante pxn v9 2 gen nuevo a estrenar,126.7,PXN,0,https://www.vinted.it/items/8102882344-vendo-volante-pxn-v9-2-gen-nuevo-a-estrenar?referrer=catalog,2,8102882344,On Sale,,,https://images1.vinted.net/t/06_01891_LgFAWN1rydkPecdkjVM8tEFU/310x430/1770255358.webp?s=ba8ea10a683afd875022d66303f794787faaa56a,1,6,vendo volante pxn v9 2 gen nuevo a estrenar,pxn,,False,pxn__toks__vendo-volante,vendo volante pxn v9 2 gen nuevo a estrenar | pxn | 0,591,1,vendo volante pxn v9 gen nuevo estrenar
Resident Evil 7: Biohazard Ps4 – Neu & Ovp / Versiegelt (PEGI Version),53.2,No brand,0,https://www.vinted.it/items/8102852016-resident-evil-7-biohazard-ps4-neu-ovp-versiegelt-pegi-version?referrer=catalog,1,8102852016,On Sale,,,https://images1.vinted.net/t/04_00e82_zMsvGip6hrUwJR3RaZJx1kVJ/310x430/1770251703.webp?s=ffd0d7820845ad0b03c7eab232294afec67688be,1,6,resident evil 7 biohazard ps4 neu ovp versiegelt pegi version,no brand,,False,no brand__toks__resident-evil,resident evil 7 biohazard ps4 neu ovp versiegelt pegi version | no brand | 0,353,4,resident evil ps4 nuovo italiano blister sous boitier
Controller ps4 god of war edizione limitata,74.2,Sony,0,https://www.vinted.it/items/8102845695-controller-ps4-god-of-war-edizione-limitata?referrer=catalog,0,8102845695,On Sale,,,https://images1.vinted.net/t/05_01833_hrjzoodQopbTaYi5dBahpfVj/310x430/1770251190.webp?s=19ed6fce7fa1030a0cb9492a63aabace58e25612,1,6,controller ps4 god of war edizione limitata,sony,,False,sony__toks__controller-ps4,controller ps4 god of war edizione limitata | sony | 0,620,1,controller ps4 god of war edizione limitata
LittleBigPlanet 3 (Ps4) Selten – Neu & Ovp / Versiegelt (Bundleversion),42.7,No brand,0,https://www.vinted.it/items/8102845408-littlebigplanet-3-ps4-selten-neu-ovp-versiegelt-bundleversion?referrer=catalog,0,8102845408,On Sale,,,https://images1.vinted.net/t/01_02024_7fPx37x7nBYDsJ7Qzqync8Wy/310x430/1770251169.webp?s=7c5a96956c541d184aa0a3a793dca4f62639dcfd,1,6,littlebigplanet 3 ps4 selten neu ovp versiegelt bundleversion,no brand,bundle,True,no brand__toks__littlebigplanet-ps4,littlebigplanet 3 ps4 selten neu ovp versiegelt bundleversion | no brand | 0,267,1,littlebigplanet ps4 selten neu ovp versiegelt bundleversion
Overwatch Game of the Year Edition Ps4 – Neu & Ovp / Versiegelt,53.2,No brand,0,https://www.vinted.it/items/8102842249-overwatch-game-of-the-year-edition-ps4-neu-ovp-versiegelt?referrer=catalog,0,8102842249,On Sale,,,https://images1.vinted.net/t/05_02687_fH4GjMGYYYQ835A3vXiUk8Ea/310x430/1770250937.webp?s=4b400434a7939183edbda474f7ba2b44f4d8cd9b,1,6,overwatch game of the year edition ps4 neu ovp versiegelt,no brand,,False,no brand__toks__overwatch-game,overwatch game of the year edition ps4 neu ovp versiegelt | no brand | 0,304,1,overwatch game of the year edition ps4 neu
Volante logitech G29,200.2,Logitech,0,https://www.vinted.it/items/8101546706-volante-logitech-g29?referrer=catalog,1,8101546706,On Sale,,,https://images1.vinted.net/t/05_00475_RrGQMxVYVqMuZ7qA5DzTPDox/310x430/1770233390.webp?s=daccb5495ee5df723988f4b8d208f9f555869461,1,7,volante logitech g29,logitech,,False,logitech__codes__g29,volante logitech g29 | logitech | 0,49,14,g29 logitech volante volant pedales de vitesse ps4
Giochi ps2/ps3 e demo,68.95,No brand,0,https://www.vinted.it/items/8101498428-giochi-ps2ps3-e-demo?referrer=catalog,1,8101498428,On Sale,,,https://images1.vinted.net/t/05_005cc_a9ZzTLDavUM8JCcGsiiK7AX5/310x430/1770233021.webp?s=8673030442cb01d148d0ef4a70b9ed4d57190944,1,7,giochi ps2 ps3 e demo,no brand,,False,no brand__toks__giochi-ps2,giochi ps2 ps3 e demo | no brand | 0,204,1,giochi ps2 ps3 demo
The Witch and the Hundred Knight 2 Sony PlayStation 4 PS4 PAL,63.69,No brand,0,https://www.vinted.it/items/8101487165-the-witch-and-the-hundred-knight-2-sony-playstation-4-ps4-pal?referrer=catalog,4,8101487165,On Sale,,,https://images1.vinted.net/t/01_00027_Q9bHwdpsW5aXJoQdgEN3mjpn/310x430/1770232936.webp?s=a3a990344fafcbae0884ca2bfc8eaf64e6a28eb6,1,7,the witch and the hundred knight 2 sony playstation 4 ps4 pal,no brand,,False,no brand__toks__the-witch,the witch and the hundred knight 2 sony playstation 4 ps4 pal | no brand | 0,411,1,the witch and hundred knight sony playstation ps4
Mega Man X Legacy Collection 1 + 2,42.7,No brand,0,https://www.vinted.it/items/8101441312-mega-man-x-legacy-collection-1-2?referrer=catalog,4,8101441312,On Sale,,,https://images1.vinted.net/t/06_00e8e_FU29FtXs4GBhQNfWJJXPtRbr/310x430/1770232584.webp?s=b5e09aeb8b44bdbe610a7ae68f032a79942ace08,1,7,mega man x legacy collection 1 2,no brand,,False,no brand__toks__mega-man,mega man x legacy collection 1 2 | no brand | 0,287,2,mega man legacy collection ps4 precintado
Shantae PS4 (Limited Run) [Nuevo],56.35,No brand,0,https://www.vinted.it/items/8101435954-shantae-ps4-limited-run-nuevo?referrer=catalog,8,8101435954,On Sale,,,https://images1.vinted.net/t/01_01780_qsJYafuLfqvHs26zpEhdvRKb/310x430/1770232542.webp?s=f51357fd62d989355c71c2c4afdbc324ef184f65,1,7,shantae ps4 limited run nuevo,no brand,,False,no brand__toks__shantae-ps4,shantae ps4 limited run nuevo | no brand | 0,369,1,shantae ps4 limited run nuevo
Volant et pédales play,47.95,PXN,0,https://www.vinted.it/items/8101409357-volant-et-pedales-play?referrer=catalog,2,8101409357,On Sale,,,https://images1.vinted.net/t/06_000b8_8DnKteTEQry9Cxvtwbj967cg/310x430/1770232336.webp?s=23159ad34fa6b9efabb0ee64be5c2ae23d7fb88f,1,7,volant et pedales play,pxn,,False,pxn__toks__volant-et,volant et pedales play | pxn | 0,592,1,volant et pedales play
Attack on Titan 2 Sony PlayStation 4 PS4 PAL,105.69,No brand,0,https://www.vinted.it/items/8101357376-attack-on-titan-2-sony-playstation-4-ps4-pal?referrer=catalog,0,8101357376,On Sale,,,https://images1.vinted.net/t/05_0175c_t4LJPsJGqpwwZeYGL3hgS1uw/310x430/1770231937.webp?s=39bc88fe00473741d29d59d5082d652589e0e396,1,7,attack on titan 2 sony playstation 4 ps4 pal,no brand,,False,no brand__toks__attack-on,attack on titan 2 sony playstation 4 ps4 pal | no brand | 0,112,1,attack on titan sony playstation ps4 pal
* Neuf et scellé -- Disque dur Seagate 2 To pour PS5/PS4 [ God of War Ragnarok limited edition],165.55,Seagate,0,https://www.vinted.it/items/8101310866-neuf-et-scelle-disque-dur-seagate-2-to-pour-ps5ps4-god-of-war-ragnarok-limited-edition?referrer=catalog,2,8101310866,On Sale,,,https://images1.vinted.net/t/06_00865_7H8cPfQxgMUmNrW4HNxrK8Pw/310x430/1770231580.webp?s=199ab89010aef1cc31fab7f9cf14a5278531967d,1,7,neuf et scelle disque dur seagate 2 to pour ps5 ps4 god of war ragnarok limited edition,seagate,,False,seagate__toks__neuf-et,neuf et scelle disque dur seagate 2 to pour ps5 ps4 god of war ragnarok limited edition | seagate | 0,604,1,neuf et scelle disque dur seagate to pour
Manubrio + acceleratore e freno.Compatibile per ps3,62.13,Xtreme,0,https://www.vinted.it/items/8101240854-manubrio-acceleratore-e-frenocompatibile-per-ps3ps4?referrer=catalog,0,8101240854,On Sale,,,https://images1.vinted.net/t/05_00115_2wVUTgDajAGSAHe5Xncx4xyE/310x430/1770231044.webp?s=e64b1254d4e0a2ad1faafc7ac249e53fddf3261d,1,7,manubrio acceleratore e freno compatibile per ps3,xtreme,,False,xtreme__toks__manubrio-acceleratore,manubrio acceleratore e freno compatibile per ps3 | xtreme | 0,705,1,manubrio acceleratore freno compatibile per ps3
Playstation 4,226.45,PlayStation,0,https://www.vinted.it/items/8101271494-playstation-4-10-games-controller?referrer=catalog,0,8101271494,On Sale,,,https://images1.vinted.net/t/06_00a71_g4wUafK3gHBTyoNo21qjcE2n/310x430/1770309420.webp?s=92ef5f537e508f606ee27cccd74fee460436c976,1,7,playstation 4,playstation,,False,playstation__toks__playstation,playstation 4 | playstation | 0,506,15,playstation
Ps4 neuf,84.7,PlayStation,0,https://www.vinted.it/items/8101213649-ps4-neuf?referrer=catalog,0,8101213649,On Sale,,,https://images1.vinted.net/t/04_01513_DfYdN9iwV5MFzz8CX56ksQsj/310x430/1770230838.webp?s=c4d8db10e0c5678ab383fef91fc7e29ac098abfa,1,7,ps4 neuf,playstation,,False,playstation__toks__ps4-neuf,ps4 neuf | playstation | 0,544,1,ps4 neuf
Lot 4 kits urgences/randonnée/survie,50.05,No brand,0,https://www.vinted.it/items/8101209226-lot-4-kits-urgencesrandonneesurvie?referrer=catalog,1,8101209226,On Sale,,,https://images1.vinted.net/t/05_008e7_11xrqYAtBVJN2N6fYuP7RL4B/310x430/1770230803.webp?s=84b444b47aba3fe88c48e2a87cc77d5185d36f57,1,7,lot 4 kits urgences randonnee survie,no brand,,False,no brand__toks__lot-kits,lot 4 kits urgences randonnee survie | no brand | 0,272,1,lot kits urgences randonnee survie
Xim Matrix,147.7,No brand,0,https://www.vinted.it/items/8101181477-xim-matrix?referrer=catalog,1,8101181477,On Sale,,,https://images1.vinted.net/t/06_01755_TYfpdgMuBDk5vFS8mM4v5H4X/310x430/1770230588.webp?s=cc0cfd7435b4af67e555a00d716bc3fd0d7bc8ad,1,7,xim matrix,no brand,,False,no brand__toks__xim-matrix,xim matrix | no brand | 0,441,1,xim matrix
NACON Revolution 5 Pro Controller - Weiss,105.7,NACON,0,https://www.vinted.it/items/8101172168-nacon-revolution-5-pro-controller-weiss?referrer=catalog,0,8101172168,On Sale,,,https://images1.vinted.net/t/05_00837_Xc3wRJEchjSXdtWeAZgYPeTg/310x430/1770230555.webp?s=06c25ed029eff44c54017341dd440e48956d641c,1,7,nacon revolution 5 pro controller weiss,nacon,,False,nacon__toks__nacon-revolution,nacon revolution 5 pro controller weiss | nacon | 0,68,1,nacon revolution pro controller weiss
Manette PlayStation / Nacon Revolution 5 Pro NEUVE,147.7,PlayStation,0,https://www.vinted.it/items/8101171075-manette-playstation-nacon-revolution-5-pro-neuve?referrer=catalog,0,8101171075,On Sale,,,https://images1.vinted.net/t/03_00839_GxmZFRVg2ekgjiVPYf4hHdQq/310x430/1770230507.webp?s=6b086663345127e036261f1e69f4788e18cbfdd2,1,7,manette playstation nacon revolution 5 pro neuve,playstation,,False,playstation__toks__manette-playstation,manette playstation nacon revolution 5 pro neuve | playstation | 0,496,1,manette playstation nacon revolution pro neuve
Casque VR ps4 avec jeu,158.2,PlayStation,0,https://www.vinted.it/items/8101169805-casque-vr-ps4-avec-jeu?referrer=catalog,0,8101169805,On Sale,,,https://images1.vinted.net/t/06_0268f_zEFjNrhXiu9GEzMoEyL4yEDi/310x430/1770230498.webp?s=ad6f15e6d5b3ceef4e96bc39699c9b1d1c9bfd2c,1,7,casque vr ps4 avec jeu,playstation,,False,playstation__toks__casque-vr,casque vr ps4 avec jeu | playstation | 0,471,1,casque vr ps4 avec jeu
Dragonball FighterZ Collector’s Edition ps4 pal ita,315.7,No brand,0,https://www.vinted.it/items/8101074103-dragonball-fighterz-collectors-edition-ps4-pal-ita?referrer=catalog,2,8101074103,On Sale,,,https://images1.vinted.net/t/06_008d6_kMvNUQPv5GazQ78jrDLrNmEp/310x430/1770229782.webp?s=3aacd319dc837adc2e0c1b1e3ad34c62d3586bec,1,7,dragonball fighterz collector s edition ps4 pal ita,no brand,,False,no brand__toks__dragonball-fighterz,dragonball fighterz collector s edition ps4 pal ita | no brand | 0,183,1,dragonball fighterz collector edition ps4 pal ita
Final Fantasy XIV: Stormblood - Collector's Edition PS4 - Sigillato,263.2,No brand,0,https://www.vinted.it/items/8101057159-final-fantasy-xiv-stormblood-collectors-edition-ps4-sigillato?referrer=catalog,0,8101057159,On Sale,,,https://images1.vinted.net/t/01_01c16_u5vGknE2R9EAPFELTP24ETgf/310x430/1770229658.webp?s=de78351276c8e2a3303d9939b34e277fbd0a3d80,1,7,final fantasy xiv stormblood collector s edition ps4 sigillato,no brand,,False,no brand__toks__final-fantasy,final fantasy xiv stormblood collector s edition ps4 sigillato | no brand | 0,194,7,final fantasy edition ps4 remake deluxe vii precintado
Dualshock Ps4 original,42.7,PlayStation,0,https://www.vinted.it/items/8101000138-dualshock-ps4-original?referrer=catalog,0,8101000138,On Sale,,,https://images1.vinted.net/t/05_01e47_rSU2gUhA3tcEDAuco5VPFcwu/310x430/1770229231.webp?s=6c089303b45e57322771b7cb7ee7229a9bf6c9ca,1,7,dualshock ps4 original,playstation,,False,playstation__toks__dualshock-ps4,dualshock ps4 original | playstation | 0,486,1,dualshock ps4 original
Ps4 con dos mandos i 5 juegos.,200.73,PlayStation,0,https://www.vinted.it/items/8100989425-ps4-con-dos-mandos-i-5-juegos?referrer=catalog,0,8100989425,On Sale,,,https://images1.vinted.net/t/04_022e8_SF2zysEQX3FqQoKPGXeapq1S/310x430/1770229151.webp?s=dd95d812940b1fe3bad6ff4d7c709f9d32752b51,1,7,ps4 con dos mandos i 5 juegos,playstation,,False,playstation__toks__ps4-con,ps4 con dos mandos i 5 juegos | playstation | 0,535,1,ps4 con dos mandos juegos
PS4 + giochi,158.2,PlayStation,0,https://www.vinted.it/items/8100971769-ps4-giochi?referrer=catalog,22,8100971769,On Sale,,,https://images1.vinted.net/t/01_004ee_vcTU1HE9yK2mSj9udU97N2nZ/310x430/1770229020.webp?s=2ddba6504c58aebacb5f24c219b0b6271ed2d651,1,7,ps4 giochi,playstation,,False,playstation__toks__ps4-giochi,ps4 giochi | playstation | 0,539,1,ps4 giochi
Volant +pédale PlayStation 4 et 5,121.45,PlayStation,0,https://www.vinted.it/items/8100959054-volant-pedale-playstation-4-et-5?referrer=catalog,0,8100959054,On Sale,,,https://images1.vinted.net/t/01_01b77_7ja4eHAb96iTCgfiPsrsnmnW/310x430/1770228928.webp?s=88155b818456f06c7b50324cff5c790be4ce6612,1,7,volant pedale playstation 4 et 5,playstation,,False,playstation__toks__volant-pedale,volant pedale playstation 4 et 5 | playstation | 0,567,1,volant pedale playstation et
FIFA 17,53.2,No brand,0,https://www.vinted.it/items/8100915416-fifa-17?referrer=catalog,0,8100915416,On Sale,,,https://images1.vinted.net/t/04_01afc_3EmU34wrYs62tuCE1ZjfNFWd/310x430/1770228609.webp?s=8584efae852ea0ddb61316b78478dbc7e1362232,1,7,fifa 17,no brand,,False,no brand__codes__17,fifa 17 | no brand | 0,79,1,fifa 17
Metro,49.53,No brand,0,https://www.vinted.it/items/8100904465-metro?referrer=catalog,0,8100904465,On Sale,,,https://images1.vinted.net/t/01_00f48_9j9u9SqALJeGMfnmmzVNoEo2/310x430/1770228528.webp?s=da2205c3576ce38211b389fdfc7a6a79310f9696,1,7,metro,no brand,,False,no brand__toks__metro,metro | no brand | 0,293,1,metro
[Neuf] Jardin d’intérieur Prêt à pousser Modulo,42.7,prêt a pousser,0,https://www.vinted.it/items/8100902273-neuf-jardin-dinterieur-pret-a-pousser-modulo?referrer=catalog,5,8100902273,On Sale,,,https://images1.vinted.net/t/06_01c7a_sPXtywcFnKkWhfRAmWWPusic/310x430/1770228513.webp?s=fa596e642ccabb1276eacf7784b4797b4515dfd8,1,7,neuf jardin d interieur pret a pousser modulo,pret a pousser,,False,pret a pousser__toks__neuf-jardin,neuf jardin d interieur pret a pousser modulo | pret a pousser | 0,582,1,neuf jardin interieur pret pousser modulo
PlayStation 4 avec 2 manette 500 go et garantie 1 an,126.7,PlayStation,0,https://www.vinted.it/items/8100883925-playstation-4-avec-2-manette-500-go-et-garantie-1-an?referrer=catalog,1,8100883925,On Sale,,,https://images1.vinted.net/t/06_0207f_GtSaM6zadc3XoLFn6c5Ycz1d/310x430/1770228380.webp?s=4e6f5c8f5c61a509fbc2a305c4b534bc174251b7,1,7,playstation 4 avec 2 manette 500 go et garantie 1 an,playstation,,False,playstation__codes__500,playstation 4 avec 2 manette 500 go et garantie 1 an | playstation | 0,464,3,playstation avec manette 500 go et garantie an
Console Sony Playstation 4 PRO Ricondizionata Nera FW 13.02 1TB + Controller + Cavi,158.1,Sony,0,https://www.vinted.it/items/8100875133-console-sony-playstation-4-pro-ricondizionata-nera-fw-1302-1tb-controller-cavi?referrer=catalog,1,8100875133,On Sale,,,https://images1.vinted.net/t/01_005af_u68y4DCzhZnD8A7mnKk43Pf1/310x430/1770228316.webp?s=7223e65db19a1321fc06b7db2d64d9879d1d9fb7,1,7,console sony playstation 4 pro ricondizionata nera fw 13 02 1tb controller cavi,sony,,False,sony__codes__13-02,console sony playstation 4 pro ricondizionata nera fw 13 02 1tb controller cavi | sony | 0,610,1,console sony playstation pro ricondizionata nera fw 13
PS4 Pro 1TB + 18 Juegos + Soporte Horizontal Refrigerado y Carga,336.7,Sony,0,https://www.vinted.it/items/8100812604-ps4-pro-1tb-18-juegos-soporte-horizontal-refrigerado-y-carga?referrer=catalog,0,8100812604,On Sale,,,https://images1.vinted.net/t/01_00497_qwPHrohDbWMMbvmESWDcEjts/310x430/1770227860.webp?s=4e9a82a573b21809d119dc3a643cf5a96c2fa158,1,7,ps4 pro 1tb 18 juegos soporte horizontal refrigerado y carga,sony,,False,sony__codes__18,ps4 pro 1tb 18 juegos soporte horizontal refrigerado y carga | sony | 0,612,1,ps4 pro 1tb 18 juegos soporte horizontal refrigerado
Logitech G923 Volante + Pedali Ps5 / Ps4 / Pc – NUOVO,231.7,Logitech,0,https://www.vinted.it/items/8100725035-logitech-g923-volante-pedali-ps5-ps4-pc-nuovo?referrer=catalog,2,8100725035,On Sale,,,https://images1.vinted.net/t/06_01c04_JyoFjcARkWNz5fJ1HrEnWcov/310x430/1770227232.webp?s=190315bfc27923077fc7b90dd0101df07318d431,1,7,logitech g923 volante pedali ps5 ps4 pc nuovo,logitech,,False,logitech__codes__g923,logitech g923 volante pedali ps5 ps4 pc nuovo | logitech | 0,50,7,logitech g923 volante racing wheel pedali ps4 ps5
Logitech G923 + Cambio Driving Force Shifter (PS5/PS4/PC) - Pari al nuovo,242.2,Logitech,0,https://www.vinted.it/items/8100724098-logitech-g923-cambio-driving-force-shifter-ps5ps4pc-pari-al-nuovo?referrer=catalog,0,8100724098,On Sale,,,https://images1.vinted.net/t/05_020db_BnadxySDfk79cyBtLeSTMfrC/310x430/1770227226.webp?s=6224963bcf357ef4b269bb14c082c049a26486b0,1,7,logitech g923 cambio driving force shifter ps5 ps4 pc pari al nuovo,logitech,,False,logitech__codes__g923,logitech g923 cambio driving force shifter ps5 ps4 pc pari al nuovo | logitech | 0,51,1,logitech g923 cambio driving force shifter ps5 ps4
Disque dure ps 4 tera,63.7,Sony,0,https://www.vinted.it/items/8100723678-disque-dure-ps-4-tera?referrer=catalog,10,8100723678,On Sale,,,https://images1.vinted.net/t/02_009e5_KqqwKZmJVnP9r2BRscSExeyj/310x430/1770227223.webp?s=c20ac278174f914a91ac39bd51eebf01a30ed7c0,1,7,disque dure ps 4 tera,sony,,False,sony__toks__disque-dure,disque dure ps 4 tera | sony | 0,621,1,disque dure ps tera
giochi playstation,74.2,No brand,0,https://www.vinted.it/items/8100692563-giochi-playstation?referrer=catalog,1,8100692563,On Sale,,,https://images1.vinted.net/t/05_00324_GraNmxTas4dLJmCJ6Qyu7RFe/310x430/1770227001.webp?s=719ad475d735e07ef8ca93b5ea3c2f7d74230d07,1,7,giochi playstation,no brand,,False,no brand__toks__giochi-playstation,giochi playstation | no brand | 0,203,4,giochi playstation
Manette Clavier Mécanique neuf jamais servi,105.7,PlayStation,0,https://www.vinted.it/items/8100691346-manette-clavier-mecanique-neuf-jamais-servi?referrer=catalog,2,8100691346,On Sale,,,https://images1.vinted.net/t/04_017a8_8Pn9iy9occC3nWjyfNigMiRg/310x430/1770226993.webp?s=37283524130248fffa5fcfa5667d91fcf6df9712,1,7,manette clavier mecanique neuf jamais servi,playstation,,False,playstation__toks__manette-clavier,manette clavier mecanique neuf jamais servi | playstation | 0,493,1,manette clavier mecanique neuf jamais servi
Playstation Portal voor Playstation 5.,199.15,PlayStation,0,https://www.vinted.it/items/8100670544-playstation-portal-voor-playstation-5?referrer=catalog,6,8100670544,On Sale,,,https://images1.vinted.net/t/06_024bf_pN3iaxVJGtCLMTfc5nL5QCtY/310x430/1770226845.webp?s=67058e42c7df1c2bc540d16b744858f76d293769,1,7,playstation portal voor playstation 5,playstation,,False,playstation__toks__playstation-portal,playstation portal voor playstation 5 | playstation | 0,522,1,playstation portal voor
Play station 4,189.7,PlayStation,0,https://www.vinted.it/items/8100656492-play-station-4?referrer=catalog,0,8100656492,On Sale,,,https://images1.vinted.net/t/05_00469_VkFLVVNBcprotzrcBZ5ZUzMG/310x430/1770226745.webp?s=27a96f5f0695c14cf2218075cc2f51f79685ffb8,1,7,play station 4,playstation,,False,playstation__toks__play-station,play station 4 | playstation | 0,504,5,play station
fighting stick mini,47.95,PlayStation,0,https://www.vinted.it/items/8100514709-fighting-stick-mini?referrer=catalog,1,8100514709,On Sale,,,https://images1.vinted.net/t/05_01da0_LurqMawfrk7bHVYoshEmn2Aw/310x430/1770225746.webp?s=af43d283fc9537aeb99e5207c8b768eb4a406731,1,7,fighting stick mini,playstation,,False,playstation__toks__fighting-stick,fighting stick mini | playstation | 0,487,1,fighting stick mini
PS4 seminuevo,90.95,Sony,0,https://www.vinted.it/items/8100441434-ps4-seminuevo?referrer=catalog,4,8100441434,On Sale,,,https://images1.vinted.net/t/05_01d10_q3ESZY7UnmB6EBJUcFKo1Y2f/310x430/1770225235.webp?s=812771fe9debdb7925308ce90338b10d2519311a,1,7,ps4 seminuevo,sony,,False,sony__toks__ps4-seminuevo,ps4 seminuevo | sony | 0,663,1,ps4 seminuevo
PlayStation VR con camera,131.95,Sony,0,https://www.vinted.it/items/8100403878-playstation-vr-con-camera?referrer=catalog,1,8100403878,On Sale,,,https://images1.vinted.net/t/06_01f9e_kKFYLGq1c6u4QdR1Cuvu7kr3/310x430/1770224978.webp?s=be95b44cbc68f3ffd6e1064025087af2a53770f6,1,7,playstation vr con camera,sony,,False,sony__toks__playstation-vr,playstation vr con camera | sony | 0,647,1,playstation vr con camera
call of duty modern warfare 3,47.95,No brand,0,https://www.vinted.it/items/8100347748-call-of-duty-modern-warfare-3?referrer=catalog,1,8100347748,On Sale,,,https://images1.vinted.net/t/05_00808_8ptoHQmWmJQc4yQGrNKg9ZYb/310x430/1770224594.webp?s=43a8df8cda178e88060054937b3bd6ad17dc28b4,1,7,call of duty modern warfare 3,no brand,,False,no brand__toks__call-of,call of duty modern warfare 3 | no brand | 0,133,3,call of duty warfare modern infinite edition legacy
Brosse à dents électrique Oral B PRO avec Hydropulseur,137.2,Oral-B,0,https://www.vinted.it/items/8100249640-brosse-a-dents-electrique-oral-b-pro-avec-hydropulseur?referrer=catalog,0,8100249640,On Sale,,,https://images1.vinted.net/t/05_00c7b_57sUgkKjfPZ3fZa7v9PqutB2/310x430/1770223997.webp?s=05a0417ada690c969bdc381d677d31fe921401f7,1,7,brosse a dents electrique oral b pro avec hydropulseur,oral b,,False,oral b__toks__brosse-dents,brosse a dents electrique oral b pro avec hydropulseur | oral b | 0,447,1,brosse dents electrique oral pro avec hydropulseur
ps4 +4 mandos originales+ 12 juegos,378.7,PlayStation,0,https://www.vinted.it/items/8100313893-ps4-4-mandos-originales-12-juegos?referrer=catalog,0,8100313893,On Sale,,,https://images1.vinted.net/t/05_00eaa_GcG9xeFddznQxL6Bim1xHpdK/310x430/1770224604.webp?s=cd3fed37bf0ab46b4f9a1ce4b8ba263ee9f97d77,1,7,ps4 4 mandos originales 12 juegos,playstation,,False,playstation__codes__12,ps4 4 mandos originales 12 juegos | playstation | 0,460,1,ps4 mandos originales 12 juegos
videogiochi,126.7,No brand,0,https://www.vinted.it/items/8100272629-videogiochi?referrer=catalog,1,8100272629,On Sale,,,https://images1.vinted.net/t/04_01391_AM4SsKr9fNaC1ZoVqQwxmbvZ/310x430/1770224085.webp?s=942033a6bd258b65a80fc8fc4b486ec4c1710f44,1,7,videogiochi,no brand,,False,no brand__toks__videogiochi,videogiochi | no brand | 0,428,1,videogiochi
Joystick Nacon Revolution Pro Controller 2 Originale per PS4 Completo + Scatola,42.7,NACON,0,https://www.vinted.it/items/8100242607-joystick-nacon-revolution-pro-controller-2-originale-per-ps4-completo-scatola?referrer=catalog,5,8100242607,On Sale,,,https://images1.vinted.net/t/04_00ff6_bLZLqvN45J4HHZiHrKNd1jsh/310x430/1770223886.webp?s=ecdf2effebb2325871e799f6a2e816e3050d2b57,1,7,joystick nacon revolution pro controller 2 originale per ps4 completo scatola,nacon,scatola,True,nacon__toks__joystick-nacon,joystick nacon revolution pro controller 2 originale per ps4 completo scatola | nacon | 0,63,1,joystick nacon revolution pro controller originale per ps4
Volant de jeu,47.95,JEU,0,https://www.vinted.it/items/8099962239-volant-de-jeu?referrer=catalog,0,8099962239,On Sale,,,https://images1.vinted.net/t/01_02515_X1kpYTyAvhRXXhGVMJFb2Ky3/310x430/1770222045.webp?s=3ac6c533014b38fe85f99d3e24dcca480132ced8,1,7,volant de jeu,jeu,,False,jeu__toks__volant-de,volant de jeu | jeu | 0,38,1,volant de jeu
Doom ps5,53.2,No brand,0,https://www.vinted.it/items/8099955339-doom-ps5?referrer=catalog,14,8099955339,On Sale,,,https://images1.vinted.net/t/03_020cb_413dWiSCArCkdyWXQw4LiyLi/310x430/1770222000.webp?s=7c48aa01c709607c998ee46148f72e4b18547da0,1,7,doom ps5,no brand,,False,no brand__toks__doom-ps5,doom ps5 | no brand | 0,181,1,doom ps5
N.7 giochi per PlayStation 4,95.2,No brand,0,https://www.vinted.it/items/8099923708-n7-giochi-per-playstation-4?referrer=catalog,0,8099923708,On Sale,,,https://images1.vinted.net/t/06_016f9_bTX4P9S862Hvxym7xLqqHU4F/310x430/1770221794.webp?s=d359094294f97d7fab94b6fdda0a43edefcc3b03,1,7,n 7 giochi per playstation 4,no brand,,False,no brand__toks__giochi-per,n 7 giochi per playstation 4 | no brand | 0,202,2,giochi per playstation ps4
FC26 PS4,53.19,No brand,0,https://www.vinted.it/items/8099907499-fc26-ps4?referrer=catalog,3,8099907499,On Sale,,,https://images1.vinted.net/t/05_00f5a_y4VGi1KnpzD2HCuN1XjCC6T4/310x430/1770221688.webp?s=00516b3b9832cbc14e3198276e496b77a71238cc,1,7,fc26 ps4,no brand,,False,no brand__codes__fc26,fc26 ps4 | no brand | 0,94,3,fc26 ps4 jeu gioco
Volante G29,336.7,Logitech,0,https://www.vinted.it/items/8099897080-volante-g29?referrer=catalog,0,8099897080,On Sale,,,https://images1.vinted.net/t/06_00630_QLDph5UyfEpqUAb3HNxuknKK/310x430/1770221620.webp?s=a0810e323ad4673ffa772a2d667f7c9420f4081d,1,7,volante g29,logitech,,False,logitech__codes__g29,volante g29 | logitech | 0,49,14,g29 logitech volante volant pedales de vitesse ps4
PS4/PC/BT Controller Razer Raiju Tournament Edition,47.95,PlayStation,0,https://www.vinted.it/items/8099864022-ps4pcbt-controller-razer-raiju-tournament-edition?referrer=catalog,0,8099864022,On Sale,,,https://images1.vinted.net/t/05_01029_114CenCf6GCKZnEVdsbzdSKL/310x430/1770221406.webp?s=4d99fc95efa341663a47d46fc75089bdba181d57,1,7,ps4 pc bt controller razer raiju tournament edition,playstation,,False,playstation__toks__ps4-pc,ps4 pc bt controller razer raiju tournament edition | playstation | 0,546,1,ps4 pc bt controller razer raiju tournament edition
Castlevania Advance Collection Nuevo PS4,42.7,No brand,0,https://www.vinted.it/items/8099822834-castlevania-advance-collection-nuevo-ps4?referrer=catalog,10,8099822834,On Sale,,,https://images1.vinted.net/t/05_00796_HxbbAUosJLXxv6xGfKzVx4Tj/310x430/1770221139.webp?s=a8b51fab2d86a8fadd1277baa3385cec9c6d29f8,1,7,castlevania advance collection nuevo ps4,no brand,,False,no brand__toks__castlevania-advance,castlevania advance collection nuevo ps4 | no brand | 0,140,3,castlevania advance collection ps4 nuevo
Logitech,263.2,Logitech,0,https://www.vinted.it/items/8099807300-logitech?referrer=catalog,0,8099807300,On Sale,,,https://images1.vinted.net/t/05_01e32_sv7Mhx4VNLZapJBDAwMHZKu6/310x430/1770221038.webp?s=c410e31dfd0f48158c7ea57668d0cbdaf6ddca69,1,7,logitech,logitech,,False,logitech__toks__logitech,logitech | logitech | 0,53,1,logitech
volante da gaming playstation 4/3,42.7,PlayStation,0,https://www.vinted.it/items/8099784889-volante-da-gaming-playstation-43?referrer=catalog,1,8099784889,On Sale,,,https://images1.vinted.net/t/05_002e2_MDpARHuTnxTmvbLfxTiThigT/310x430/1770220892.webp?s=d0c3879d29b2985bd176966fcdbfe0232a4b44ef,1,7,volante da gaming playstation 4 3,playstation,,False,playstation__toks__volante-da,volante da gaming playstation 4 3 | playstation | 0,570,1,volante da gaming playstation
Megaman Legacy Collection Neuf sur PS4,63.7,No brand,0,https://www.vinted.it/items/8099741191-megaman-legacy-collection-neuf-sur-ps4?referrer=catalog,3,8099741191,On Sale,,,https://images1.vinted.net/t/06_0079e_WBetHfKKwaUenWBZfghjatte/310x430/1770220606.webp?s=4e8ce5be294f857d1b99e92f0dd98db3aa37e4a2,1,7,megaman legacy collection neuf sur ps4,no brand,,False,no brand__toks__megaman-legacy,megaman legacy collection neuf sur ps4 | no brand | 0,289,1,megaman legacy collection neuf sur ps4
Hollow Knight Voidheart Edition PS4,42.7,No brand,0,https://www.vinted.it/items/8099735204-hollow-knight-voidheart-edition-ps4?referrer=catalog,10,8099735204,On Sale,,,https://images1.vinted.net/t/05_01a90_94vUfvEzrscCQqTVKFNHX1H1/310x430/1770220567.webp?s=195304d740df853c2d739e4c2db4075f736f55e7,1,7,hollow knight voidheart edition ps4,no brand,,False,no brand__toks__hollow-knight,hollow knight voidheart edition ps4 | no brand | 0,221,2,hollow knight voidheart edition ps4
Ps4 con mando,79.45,Sony,0,https://www.vinted.it/items/8099638802-ps4-con-mando?referrer=catalog,14,8099638802,On Sale,,,https://images1.vinted.net/t/04_017b6_tmYNk31WQLcfSBNbsgwZf5CP/310x430/1770219941.webp?s=ccef61d6b71252a53832530b8b024e58b95b9c9b,1,7,ps4 con mando,sony,,False,sony__toks__ps4-con,ps4 con mando | sony | 0,653,2,ps4 con mando
Persona 4 Shin Megami Tensei PS2 New sealed,95.2,No brand,0,https://www.vinted.it/items/8099618280-persona-4-shin-megami-tensei-ps2-new-sealed?referrer=catalog,5,8099618280,On Sale,,,https://images1.vinted.net/t/03_0090c_ua4Xe1ymFfgLW7C1DxRkkB5T/310x430/1770219810.webp?s=a78219f2db094019bc0b55387fb39cdeef13583e,1,7,persona 4 shin megami tensei ps2 new sealed,no brand,,False,no brand__toks__persona-shin,persona 4 shin megami tensei ps2 new sealed | no brand | 0,314,2,persona shin megami tensei ps2 new sealed
Sombras de guerra definitive edition ps4,42.7,No brand,0,https://www.vinted.it/items/8099601969-sombras-de-guerra-definitive-edition-ps4?referrer=catalog,0,8099601969,On Sale,,,https://images1.vinted.net/t/06_01251_ax9pbsuRiebXMmXC3cdDv4xT/310x430/1770219704.webp?s=5194b8f12a4a21ccf3c3ee5c60c7d402cbabfd40,1,7,sombras de guerra definitive edition ps4,no brand,,False,no brand__toks__sombras-de,sombras de guerra definitive edition ps4 | no brand | 0,377,2,sombras de guerra definitive edition ps4
Dualsense - Sticks TMR - Palettes programmables,116.19,Sony,0,https://www.vinted.it/items/8099559515-dualsense-sticks-tmr-palettes-programmables?referrer=catalog,4,8099559515,On Sale,,,https://images1.vinted.net/t/03_0212c_RHvDecmBbSZ15iWYAJGTELPY/310x430/1770450972.webp?s=290325837cbaf749c47af2a3740be234ef67d35c,1,7,dualsense sticks tmr palettes programmables,sony,,False,sony__toks__dualsense-sticks,dualsense sticks tmr palettes programmables | sony | 0,622,2,dualsense sticks tmr palettes programmables
Super Meat Boy Forever (Limited Run Games) | Playstation 4 PS4 Pro Slim PS5 PS 5,42.7,No brand,0,https://www.vinted.it/items/8099410554-super-meat-boy-forever-limited-run-games-playstation-4-ps4-pro-slim-ps5-ps-5?referrer=catalog,4,8099410554,On Sale,,,https://images1.vinted.net/t/05_018fb_MpS9GVpxtBkU8sUAXJGN9X6p/310x430/1770218456.webp?s=aeddcb488f34cf39f59a3c51cd2a039504c605c5,1,7,super meat boy forever limited run games playstation 4 ps4 pro slim ps5 ps 5,no brand,,False,no brand__toks__super-meat,super meat boy forever limited run games playstation 4 ps4 pro slim ps5 ps 5 | no brand | 0,391,2,super meat boy forever limited run games playstation
Controller play station 4,84.7,Play,0,https://www.vinted.it/items/8099405021-controller-play-station-4?referrer=catalog,0,8099405021,On Sale,,,https://images1.vinted.net/t/06_01661_CWxX3Qqs8hoRXkoiSWkNBjnh/310x430/1770218421.webp?s=1c80f08c2911d4a22bc5183c63717a5b10ec21dc,1,7,controller play station 4,play,,False,play__toks__controller-play,controller play station 4 | play | 0,454,2,controller play station
Metal Gear Solid Vol.1 Master Collection FR PS5,47.95,No brand,0,https://www.vinted.it/items/8099319805-metal-gear-solid-vol1-master-collection-fr-ps5?referrer=catalog,1,8099319805,On Sale,,,https://images1.vinted.net/t/05_00c08_WEpeVj6GatWsJ4GjdMY5XJAU/310x430/1770217869.webp?s=b37c567073d589f34d042dd36b72073bc86c5203,1,7,metal gear solid vol 1 master collection fr ps5,no brand,,False,no brand__toks__metal-gear,metal gear solid vol 1 master collection fr ps5 | no brand | 0,290,4,metal gear solid collection the vol master fr
Logitech G29 Driving Force Volante para PS5/PS4/PS3/PC,210.7,Logitech,0,https://www.vinted.it/items/8099229806-logitech-g29-driving-force-volante-para-ps5ps4ps3pc?referrer=catalog,0,8099229806,On Sale,,,https://images1.vinted.net/t/06_002fd_yF4Ef3Pbf7NHHCat8m5NAsF2/310x430/1770217288.webp?s=c96d06c13ff9eb8e09da88870bffebad5fe67408,1,7,logitech g29 driving force volante para ps5 ps4 ps3 pc,logitech,,False,logitech__codes__g29,logitech g29 driving force volante para ps5 ps4 ps3 pc | logitech | 0,48,9,logitech g29 ps4 ps5 pc driving force volant
Schalke 04 PS4 Controller,42.7,FC Schalke 04,0,https://www.vinted.it/items/8099179581-schalke-04-ps4-controller?referrer=catalog,0,8099179581,On Sale,,,https://images1.vinted.net/t/05_020b7_FHoCbDBkKGo16ZJTVTAkR9By/310x430/1770216968.webp?s=fad05700cf427ab72066f15ec37b1d16d64dfcd8,1,7,schalke 04 ps4 controller,fc schalke 04,,False,fc schalke 04__codes__04,schalke 04 ps4 controller | fc schalke 04 | 0,15,2,schalke 04 ps4 controller
Manette pro fusion (Ps4,52.99,Fusion,0,https://www.vinted.it/items/8099135769-manette-pro-fusion-ps4-ps5-avec-palette-a-larriere?referrer=catalog,1,8099135769,On Sale,,,https://images1.vinted.net/t/06_0242b_jd2XGFR82S6thqT9GXg2bzie/310x430/1770220763.webp?s=d958d90392519ae6f3711d74663eebf29d1d4712,1,7,manette pro fusion ps4,fusion,,False,fusion__toks__manette-pro,manette pro fusion ps4 | fusion | 0,21,2,manette pro fusion ps4
EA Sports fc sin usar,42.7,No brand,0,https://www.vinted.it/items/8099124629-ea-sports-fc-sin-usar?referrer=catalog,3,8099124629,On Sale,,,https://images1.vinted.net/t/06_021c2_CaLhGfDWtV15FeAgxq5remdy/310x430/1770216617.webp?s=e616e320c7e75751f09ba902b841bdc7b4630528,1,7,ea sports fc sin usar,no brand,,False,no brand__toks__ea-sports,ea sports fc sin usar | no brand | 0,186,2,ea sports fc sin usar
3 manettes de play burn controllers BC,299.95,PlayStation,0,https://www.vinted.it/items/8099049969-3-manettes-de-play-burn-controllers-bc?referrer=catalog,0,8099049969,On Sale,,,https://images1.vinted.net/t/05_00b9d_x7EdRU1mgHvYDTV2o6ANWodY/310x430/1770216144.webp?s=b83b34ff20c55f222fb6cd12e30fc32db52edf55,1,7,3 manettes de play burn controllers bc,playstation,,False,playstation__toks__manettes-de,3 manettes de play burn controllers bc | playstation | 0,499,2,manettes de play burn controllers bc
Motherboard MSI H310m Pro-VD,47.95,MSI,0,https://www.vinted.it/items/8099042462-motherboard-msi-h310m-pro-vd?referrer=catalog,5,8099042462,On Sale,,,https://images1.vinted.net/t/05_00915_2r3GXxvyEZH4CCwqRLwn4KaE/310x430/1770216097.webp?s=59bba86a341cf89a7eb6100a323ffb675c547821,1,7,motherboard msi h310m pro vd,msi,,False,msi__toks__motherboard-msi,motherboard msi h310m pro vd | msi | 0,61,2,motherboard msi h310m pro vd
🇪🇦Final Fantasy VII remake Ps4 Deluxe Edition,100.45,No brand,0,https://www.vinted.it/items/8099037835-final-fantasy-vii-remake-ps4-deluxe-edition?referrer=catalog,1,8099037835,On Sale,,,https://images1.vinted.net/t/05_01b91_6ki4a47e8RiS8ksP23Ak86u8/310x430/1770216068.webp?s=569caba42b0c23287caf00fd1ed4ca66ac0ecfd7,1,7,final fantasy vii remake ps4 deluxe edition,no brand,,False,no brand__toks__final-fantasy,final fantasy vii remake ps4 deluxe edition | no brand | 0,194,7,final fantasy edition ps4 remake deluxe vii precintado
Simulatore di guida per PC,84.7,Hori,0,https://www.vinted.it/items/8098945529-simulatore-di-guida-per-pc-ps5-ps4?referrer=catalog,0,8098945529,On Sale,,,https://images1.vinted.net/t/01_0024a_zWDRR7ALcH9yPV24euyxz3Sf/310x430/1770215480.webp?s=ded3c961e5bf8572c06d45dc520c45c13ec84530,1,7,simulatore di guida per pc,hori,,False,hori__toks__simulatore-di,simulatore di guida per pc | hori | 0,25,2,simulatore di guida per pc
Resident Evil Origins Collection E Capcom Edition,210.65,No brand,0,https://www.vinted.it/items/8098871835-resident-evil-origins-collection-e-capcom-edition?referrer=catalog,4,8098871835,On Sale,,,https://images1.vinted.net/t/06_010da_8ARuSLTvTa9G4LgSLzR8qZCN/310x430/1770215013.webp?s=6a1c4218dc5367997c9ff042c30bb920dfeaee36,1,7,resident evil origins collection e capcom edition,no brand,,False,no brand__toks__resident-evil,resident evil origins collection e capcom edition | no brand | 0,355,4,resident evil edition nuevo precintado origins collection capcom
PlayStation 4,84.7,PlayStation,0,https://www.vinted.it/items/8098846712-playstation-4?referrer=catalog,1,8098846712,On Sale,,,https://images1.vinted.net/t/04_01e93_ad2wsk5HU4ZPxLLpmShiKQ19/310x430/1770214853.webp?s=bd73baa3871841b6b8ed56f163a76d45f6901ee4,1,7,playstation 4,playstation,,False,playstation__toks__playstation,playstation 4 | playstation | 0,506,15,playstation
Doom Eternal ps4 Blister,42.7,No brand,0,https://www.vinted.it/items/8098831912-doom-eternal-ps4-blister?referrer=catalog,0,8098831912,On Sale,,,https://images1.vinted.net/t/06_00fdd_jYX45RwLGWVRQFerdZAYRW7D/310x430/1770214759.webp?s=318e8dfb8c183a01435099cb14b34ea825fdf906,1,7,doom eternal ps4 blister,no brand,,False,no brand__toks__doom-eternal,doom eternal ps4 blister | no brand | 0,179,2,doom eternal ps4 blister
Candle The Power of the flame Neuf sous blister,58.45,No brand,0,https://www.vinted.it/items/8098816119-candle-the-power-of-the-flame-neuf-sous-blister?referrer=catalog,9,8098816119,On Sale,,,https://images1.vinted.net/t/04_02296_gM4mYWYrkJebwyfeFKh6S2da/310x430/1770214657.webp?s=fed00f8e90d0c8c86da3fc90c399d2dd51fb7ec2,1,7,candle the power of the flame neuf sous blister,no brand,,False,no brand__toks__candle-the,candle the power of the flame neuf sous blister | no brand | 0,138,2,the candle power of flame neuf sous blister
PS4 500GO,158.2,Sony,0,https://www.vinted.it/items/8098807322-ps4-500go?referrer=catalog,1,8098807322,On Sale,,,https://images1.vinted.net/t/05_01b82_JC6ewEvk8YoQFriYQ3itQBs4/310x430/1770214601.webp?s=2be550a744a3854251397759a681d195566f8b93,1,7,ps4 500go,sony,,False,sony__toks__ps4-500go,ps4 500go | sony | 0,651,2,ps4 500go
Doom neuf sous blister PS4,47.95,No brand,0,https://www.vinted.it/items/8098791277-doom-neuf-sous-blister-ps4?referrer=catalog,1,8098791277,On Sale,,,https://images1.vinted.net/t/01_0156a_ZAC3fyTSbR1czUCSndVDjHMN/310x430/1770214499.webp?s=b1b95e0bb99c8a2df1461f8283df801a65607237,1,7,doom neuf sous blister ps4,no brand,,False,no brand__toks__doom-neuf,doom neuf sous blister ps4 | no brand | 0,180,2,doom neuf sous blister ps4
Teenage Mutant Ninja Turtles Shredder's Revenge,105.7,No brand,0,https://www.vinted.it/items/8098685525-teenage-mutant-ninja-turtles-shredders-revenge?referrer=catalog,0,8098685525,On Sale,,,https://images1.vinted.net/t/06_008dc_RozfEug231JK3NFdAMzQZDg2/310x430/1770213819.webp?s=b42a0c26dba7647e30f3536c15635298cae30458,1,7,teenage mutant ninja turtles shredder s revenge,no brand,,False,no brand__toks__teenage-mutant,teenage mutant ninja turtles shredder s revenge | no brand | 0,397,2,teenage mutant ninja turtles shredder revenge
Bloodstained Curse of the Moon Chronicles,105.7,No brand,0,https://www.vinted.it/items/8098663628-bloodstained-curse-of-the-moon-chronicles?referrer=catalog,0,8098663628,On Sale,,,https://images1.vinted.net/t/06_02492_6hJBquobaWstZhr5TaBhqjzb/310x430/1770213677.webp?s=b5e1c7793f7fee4372e0c279de210c0d31969a68,1,7,bloodstained curse of the moon chronicles,no brand,,False,no brand__toks__bloodstained-curse,bloodstained curse of the moon chronicles | no brand | 0,122,7,bloodstained curse of the moon nintendo switch ps4
Alex Kidd in Miracle World DX PS4 Signature Édition,74.2,No brand,0,https://www.vinted.it/items/8098619151-alex-kidd-in-miracle-world-dx-ps4-signature-edition?referrer=catalog,2,8098619151,On Sale,,,https://images1.vinted.net/t/04_015b4_kogqBDLRfaKQPZWKFW28hNDA/310x430/1770213393.webp?s=9a172b8a26f355e58465d7baab4b36a83eaac007,1,7,alex kidd in miracle world dx ps4 signature edition,no brand,,False,no brand__toks__alex-kidd,alex kidd in miracle world dx ps4 signature edition | no brand | 0,99,2,alex kidd in miracle world dx ps4 signature
Jeu ps4 25,47.95,No brand,0,https://www.vinted.it/items/8098370220-jeu-ps4-25?referrer=catalog,6,8098370220,On Sale,,,https://images1.vinted.net/t/05_013ef_oH1gqHSX2xYWR73MmRMLGeaD/310x430/1770211761.webp?s=17a513553bf4015d7be7256bc8306ff60b614187,1,7,jeu ps4 25,no brand,,False,no brand__codes__25,jeu ps4 25 | no brand | 0,87,3,ps4 25 jeu jeux euro piece
Capcom Fighting Collection 2 PS4 Neuf,47.95,No brand,0,https://www.vinted.it/items/8098348872-capcom-fighting-collection-2-ps4-neuf?referrer=catalog,35,8098348872,On Sale,,,https://images1.vinted.net/t/05_011ce_8Xk7ywo6YFDDGNPSgZfFgBjL/310x430/1770211619.webp?s=d7549863e34b814ef53d4019668f9e132cfb7a82,1,7,capcom fighting collection 2 ps4 neuf,no brand,,False,no brand__toks__capcom-fighting,capcom fighting collection 2 ps4 neuf | no brand | 0,139,2,capcom fighting collection ps4 neuf
Ps4 avec câble et un jeu,158.2,PlayStation,0,https://www.vinted.it/items/8098324693-ps4-avec-cable-et-un-jeu?referrer=catalog,1,8098324693,On Sale,,,https://images1.vinted.net/t/03_0190a_A7FS6yfoUA3XiJgZ7hKH5j6V/310x430/1770211457.webp?s=ebfa0fae3146d35704e8510e6c4dd4d05ed877f2,1,7,ps4 avec cable et un jeu,playstation,,False,playstation__toks__ps4-avec,ps4 avec cable et un jeu | playstation | 0,532,3,ps4 avec cable et un jeu manettes
Cosmic star héroïne ps4 neuf sous blister ( boîtier cassé ) version américaine limited run,74.2,No brand,0,https://www.vinted.it/items/8088759175-cosmic-star-heroine-ps4-neuf-sous-blister-boitier-casse-version-americaine-limited-run?referrer=catalog,2,8088759175,On Sale,,,https://images1.vinted.net/t/05_01dfd_poUCDKeYG2mJrvWu45eBFogq/310x430/1770098808.webp?s=96475fceda5fe4d743c47ec1de3347bfdbe855a4,1,7,cosmic star heroine ps4 neuf sous blister boitier casse version americaine limited run,no brand,,False,no brand__toks__cosmic-star,cosmic star heroine ps4 neuf sous blister boitier casse version americaine limited run | no brand | 0,154,2,cosmic star heroine ps4 neuf sous blister boitier
Volant Hori PS4/PS3 Racing Wheel Apex,63.7,PlayStation,0,https://www.vinted.it/items/8098242334-volant-hori-ps4ps3-racing-wheel-apex?referrer=catalog,1,8098242334,On Sale,,,https://images1.vinted.net/t/06_00d13_Hw8GsLQ4aLXpMqkWTPNFttut/310x430/1770210906.webp?s=47d6b547ad705402f3c6a23e5b01ab85e074fe62,1,7,volant hori ps4 ps3 racing wheel apex,playstation,,False,playstation__toks__volant-hori,volant hori ps4 ps3 racing wheel apex | playstation | 0,566,2,volant hori ps4 ps3 racing wheel apex
🇪🇸 signalis PS4,104.65,No brand,0,https://www.vinted.it/items/8098209648-signalis-ps4?referrer=catalog,3,8098209648,On Sale,,,https://images1.vinted.net/t/06_0204e_EZ3pSsrCwkjHpvNfsqT3nsMg/310x430/1770210684.webp?s=519d48440d83857b645bfc9befe9f5f3ca01b295,1,7,signalis ps4,no brand,,False,no brand__toks__signalis-ps4,signalis ps4 | no brand | 0,373,2,signalis ps4
🇪🇸 little nightmares 1 & 2,44.8,No brand,0,https://www.vinted.it/items/8098150818-little-nightmares-1-2?referrer=catalog,2,8098150818,On Sale,,,https://images1.vinted.net/t/04_00ea0_RfBTtR1UVX4KsKYAhLFhH23e/310x430/1770210283.webp?s=bb7012eb0980970feebefab34dc33b2fa342da42,1,7,little nightmares 1 2,no brand,,False,no brand__toks__little-nightmares,little nightmares 1 2 | no brand | 0,266,4,little nightmares iii premium spiral edition ps5 neuf
Ps4  2 manette (seulement en main propre),126.7,PlayStation,0,https://www.vinted.it/items/8098125392-ps4-2-manette-seulement-en-main-propre?referrer=catalog,1,8098125392,On Sale,,,https://images1.vinted.net/t/06_023d7_xLuaRhqkHubM8KRo3DFiCC8z/310x430/1770210109.webp?s=2333a41d2d9ce6246dfdef480fb7028ea3818275,1,7,ps4 2 manette seulement en main propre,playstation,,False,playstation__toks__ps4-manette,ps4 2 manette seulement en main propre | playstation | 0,541,2,ps4 manette seulement en main propre
Spider-Man PS4 Edition Game of the Year Nuovo Sigillato Copertina Francese,42.7,No brand,0,https://www.vinted.it/items/8096753649-spider-man-ps4-edition-game-of-the-year-nuovo-sigillato-copertina-francese?referrer=catalog,0,8096753649,On Sale,,,https://images1.vinted.net/t/05_02091_4pAkEXjo6LVPTdDYRki7bnhs/310x430/1770200038.webp?s=930bd923bced793cab8ce353a766bb4d80c32b34,1,7,spider man ps4 edition game of the year nuovo sigillato copertina francese,no brand,,False,no brand__toks__spider-man,spider man ps4 edition game of the year nuovo sigillato copertina francese | no brand | 0,379,3,spider man ps4 edition game of the year
Coffret Collector PlayStation,93.1,PlayStation,0,https://www.vinted.it/items/8098119204-coffret-collector-playstation?referrer=catalog,51,8098119204,On Sale,,,https://images1.vinted.net/t/03_00f06_UcnR5bJRhGSRUJdVkMgVkEek/310x430/1770210068.webp?s=33445f3a993bff7f6ba2e62936120e668c182b80,1,7,coffret collector playstation,playstation,,False,playstation__toks__coffret-collector,coffret collector playstation | playstation | 0,473,2,coffret collector playstation
Ps4 + 2 manette +Fc25,126.7,PlayStation,0,https://www.vinted.it/items/8098050860-ps4-2-manette-fc25?referrer=catalog,9,8098050860,On Sale,,,https://images1.vinted.net/t/05_0042b_7bghFK5tMvA8svzmTjMsUr13/310x430/1770209604.webp?s=269ee59cef64b4da6c626fa71ed9b4b0b4586190,1,7,ps4 2 manette fc25,playstation,,False,playstation__codes__fc25,ps4 2 manette fc25 | playstation | 0,466,2,ps4 manette fc25
Volante hori racing wheel apex(RWA) per ps4/pc + pedali,42.7,Hori,0,https://www.vinted.it/items/8098042118-volante-hori-racing-wheel-apexrwa-per-ps4pc-pedali?referrer=catalog,6,8098042118,On Sale,,,https://images1.vinted.net/t/06_01503_G123uFhMcssrSFa2rhW7EDkg/310x430/1770209544.webp?s=7fba5461417826e7e53b020e0869c379a27a2e48,1,7,volante hori racing wheel apex rwa per ps4 pc pedali,hori,,False,hori__toks__volante-hori,volante hori racing wheel apex rwa per ps4 pc pedali | hori | 0,27,4,volante hori racing wheel apex rwa ps4 per
NACON Revolution 5 Pro Controller -Urban Camo,105.7,NACON,0,https://www.vinted.it/items/8098023652-nacon-revolution-5-pro-controller-urban-camo?referrer=catalog,5,8098023652,On Sale,,,https://images1.vinted.net/t/06_0163f_vHuhy8EuZtzzqJtoEL62g1tP/310x430/1770209417.webp?s=749c8dfd4067f5f9df9a0a483b2550cce8961bcc,1,7,nacon revolution 5 pro controller urban camo,nacon,,False,nacon__toks__nacon-revolution,nacon revolution 5 pro controller urban camo | nacon | 0,67,2,nacon revolution pro controller urban camo
Manette Nacon Revolution Unlimited Pro – PS4/PC,74.2,NACON,0,https://www.vinted.it/items/8098019591-manette-nacon-revolution-unlimited-pro-ps4pc?referrer=catalog,1,8098019591,On Sale,,,https://images1.vinted.net/t/05_01d45_2Xgco2JeQcT1aidFnUZabCYk/310x430/1770209389.webp?s=105e6a13c84c687923aa25af76ee20578679c073,1,7,manette nacon revolution unlimited pro ps4 pc,nacon,,False,nacon__toks__manette-nacon,manette nacon revolution unlimited pro ps4 pc | nacon | 0,64,2,manette nacon revolution unlimited pro ps4 pc
Logitech Volant G29 + Levier de vitesse Driving Force Shifter - Compatible PS5 - PS4 et PC,210.7,Logitech,0,https://www.vinted.it/items/8098008105-logitech-volant-g29-levier-de-vitesse-driving-force-shifter-compatible-ps5-ps4-et-pc?referrer=catalog,21,8098008105,On Sale,,,https://images1.vinted.net/t/01_016df_hrYyd67zeTWjGrK4G1wvRoDb/310x430/1770209311.webp?s=70f09fb8f4442b7fbdcb13f60f18da92d86622ce,1,7,logitech volant g29 levier de vitesse driving force shifter compatible ps5 ps4 et pc,logitech,,False,logitech__codes__g29,logitech volant g29 levier de vitesse driving force shifter compatible ps5 ps4 et pc | logitech | 0,48,9,logitech g29 ps4 ps5 pc driving force volant
PlayStation 4 avec 2 manette 500 go et garantie 1 an,126.7,PlayStation,0,https://www.vinted.it/items/8098002560-playstation-4-avec-2-manette-500-go-et-garantie-1-an?referrer=catalog,0,8098002560,On Sale,,,https://images1.vinted.net/t/06_0268f_iGBLCmSJGuwjntyFmcmiN3P3/310x430/1770209272.webp?s=0a3869d91e17e06a4865bf2819afdc80f8a971c2,1,7,playstation 4 avec 2 manette 500 go et garantie 1 an,playstation,,False,playstation__codes__500,playstation 4 avec 2 manette 500 go et garantie 1 an | playstation | 0,464,3,playstation avec manette 500 go et garantie an
Logitech Volant G29 + Levier de vitesse Driving Force Shifter - Compatible PS5 - PS4 et PC,210.7,Logitech,0,https://www.vinted.it/items/8097988067-logitech-volant-g29-levier-de-vitesse-driving-force-shifter-compatible-ps5-ps4-et-pc?referrer=catalog,8,8097988067,On Sale,,,https://images1.vinted.net/t/05_00fe4_X3uBis9uV6LZjcAUQTqBu4gb/310x430/1770209173.webp?s=4289432e7a73ca6e7d9b2ed0a977939eb929144e,1,7,logitech volant g29 levier de vitesse driving force shifter compatible ps5 ps4 et pc,logitech,,False,logitech__codes__g29,logitech volant g29 levier de vitesse driving force shifter compatible ps5 ps4 et pc | logitech | 0,48,9,logitech g29 ps4 ps5 pc driving force volant
Play 4 Pro+Juegos,158.2,PlayStation,0,https://www.vinted.it/items/8097923423-play-4-projuegos?referrer=catalog,4,8097923423,On Sale,,,https://images1.vinted.net/t/01_01035_Wj13126aYwAHHjmT9BHg5PFY/310x430/1770208724.webp?s=f6841becd6a645008b96cdfe314381d70944258a,1,7,play 4 pro juegos,playstation,,False,playstation__toks__play-pro,play 4 pro juegos | playstation | 0,503,2,play pro juegos
Hollow Knight Voidheart Edition PS4,42.7,No brand,0,https://www.vinted.it/items/8099735204-hollow-knight-voidheart-edition-ps4?referrer=catalog,10,8099735204,On Sale,,,https://images1.vinted.net/t/05_01a90_94vUfvEzrscCQqTVKFNHX1H1/310x430/1770220567.webp?s=195304d740df853c2d739e4c2db4075f736f55e7,1,8,hollow knight voidheart edition ps4,no brand,,False,no brand__toks__hollow-knight,hollow knight voidheart edition ps4 | no brand | 0,221,2,hollow knight voidheart edition ps4
Ps4 con mando,79.45,Sony,0,https://www.vinted.it/items/8099638802-ps4-con-mando?referrer=catalog,14,8099638802,On Sale,,,https://images1.vinted.net/t/04_017b6_tmYNk31WQLcfSBNbsgwZf5CP/310x430/1770219941.webp?s=ccef61d6b71252a53832530b8b024e58b95b9c9b,1,8,ps4 con mando,sony,,False,sony__toks__ps4-con,ps4 con mando | sony | 0,653,2,ps4 con mando
Persona 4 Shin Megami Tensei PS2 New sealed,95.2,No brand,0,https://www.vinted.it/items/8099618280-persona-4-shin-megami-tensei-ps2-new-sealed?referrer=catalog,5,8099618280,On Sale,,,https://images1.vinted.net/t/03_0090c_ua4Xe1ymFfgLW7C1DxRkkB5T/310x430/1770219810.webp?s=a78219f2db094019bc0b55387fb39cdeef13583e,1,8,persona 4 shin megami tensei ps2 new sealed,no brand,,False,no brand__toks__persona-shin,persona 4 shin megami tensei ps2 new sealed | no brand | 0,314,2,persona shin megami tensei ps2 new sealed
Sombras de guerra definitive edition ps4,42.7,No brand,0,https://www.vinted.it/items/8099601969-sombras-de-guerra-definitive-edition-ps4?referrer=catalog,0,8099601969,On Sale,,,https://images1.vinted.net/t/06_01251_ax9pbsuRiebXMmXC3cdDv4xT/310x430/1770219704.webp?s=5194b8f12a4a21ccf3c3ee5c60c7d402cbabfd40,1,8,sombras de guerra definitive edition ps4,no brand,,False,no brand__toks__sombras-de,sombras de guerra definitive edition ps4 | no brand | 0,377,2,sombras de guerra definitive edition ps4
Dualsense - Sticks TMR - Palettes programmables,116.19,Sony,0,https://www.vinted.it/items/8099559515-dualsense-sticks-tmr-palettes-programmables?referrer=catalog,4,8099559515,On Sale,,,https://images1.vinted.net/t/03_0212c_RHvDecmBbSZ15iWYAJGTELPY/310x430/1770450972.webp?s=290325837cbaf749c47af2a3740be234ef67d35c,1,8,dualsense sticks tmr palettes programmables,sony,,False,sony__toks__dualsense-sticks,dualsense sticks tmr palettes programmables | sony | 0,622,2,dualsense sticks tmr palettes programmables
Super Meat Boy Forever (Limited Run Games) | Playstation 4 PS4 Pro Slim PS5 PS 5,42.7,No brand,0,https://www.vinted.it/items/8099410554-super-meat-boy-forever-limited-run-games-playstation-4-ps4-pro-slim-ps5-ps-5?referrer=catalog,4,8099410554,On Sale,,,https://images1.vinted.net/t/05_018fb_MpS9GVpxtBkU8sUAXJGN9X6p/310x430/1770218456.webp?s=aeddcb488f34cf39f59a3c51cd2a039504c605c5,1,8,super meat boy forever limited run games playstation 4 ps4 pro slim ps5 ps 5,no brand,,False,no brand__toks__super-meat,super meat boy forever limited run games playstation 4 ps4 pro slim ps5 ps 5 | no brand | 0,391,2,super meat boy forever limited run games playstation
Controller play station 4,84.7,Play,0,https://www.vinted.it/items/8099405021-controller-play-station-4?referrer=catalog,0,8099405021,On Sale,,,https://images1.vinted.net/t/06_01661_CWxX3Qqs8hoRXkoiSWkNBjnh/310x430/1770218421.webp?s=1c80f08c2911d4a22bc5183c63717a5b10ec21dc,1,8,controller play station 4,play,,False,play__toks__controller-play,controller play station 4 | play | 0,454,2,controller play station
Metal Gear Solid Vol.1 Master Collection FR PS5,47.95,No brand,0,https://www.vinted.it/items/8099319805-metal-gear-solid-vol1-master-collection-fr-ps5?referrer=catalog,1,8099319805,On Sale,,,https://images1.vinted.net/t/05_00c08_WEpeVj6GatWsJ4GjdMY5XJAU/310x430/1770217869.webp?s=b37c567073d589f34d042dd36b72073bc86c5203,1,8,metal gear solid vol 1 master collection fr ps5,no brand,,False,no brand__toks__metal-gear,metal gear solid vol 1 master collection fr ps5 | no brand | 0,290,4,metal gear solid collection the vol master fr
Logitech G29 Driving Force Volante para PS5/PS4/PS3/PC,210.7,Logitech,0,https://www.vinted.it/items/8099229806-logitech-g29-driving-force-volante-para-ps5ps4ps3pc?referrer=catalog,0,8099229806,On Sale,,,https://images1.vinted.net/t/06_002fd_yF4Ef3Pbf7NHHCat8m5NAsF2/310x430/1770217288.webp?s=c96d06c13ff9eb8e09da88870bffebad5fe67408,1,8,logitech g29 driving force volante para ps5 ps4 ps3 pc,logitech,,False,logitech__codes__g29,logitech g29 driving force volante para ps5 ps4 ps3 pc | logitech | 0,48,9,logitech g29 ps4 ps5 pc driving force volant
Schalke 04 PS4 Controller,42.7,FC Schalke 04,0,https://www.vinted.it/items/8099179581-schalke-04-ps4-controller?referrer=catalog,0,8099179581,On Sale,,,https://images1.vinted.net/t/05_020b7_FHoCbDBkKGo16ZJTVTAkR9By/310x430/1770216968.webp?s=fad05700cf427ab72066f15ec37b1d16d64dfcd8,1,8,schalke 04 ps4 controller,fc schalke 04,,False,fc schalke 04__codes__04,schalke 04 ps4 controller | fc schalke 04 | 0,15,2,schalke 04 ps4 controller
Manette pro fusion (Ps4,52.99,Fusion,0,https://www.vinted.it/items/8099135769-manette-pro-fusion-ps4-ps5-avec-palette-a-larriere?referrer=catalog,1,8099135769,On Sale,,,https://images1.vinted.net/t/06_0242b_jd2XGFR82S6thqT9GXg2bzie/310x430/1770220763.webp?s=d958d90392519ae6f3711d74663eebf29d1d4712,1,8,manette pro fusion ps4,fusion,,False,fusion__toks__manette-pro,manette pro fusion ps4 | fusion | 0,21,2,manette pro fusion ps4
EA Sports fc sin usar,42.7,No brand,0,https://www.vinted.it/items/8099124629-ea-sports-fc-sin-usar?referrer=catalog,3,8099124629,On Sale,,,https://images1.vinted.net/t/06_021c2_CaLhGfDWtV15FeAgxq5remdy/310x430/1770216617.webp?s=e616e320c7e75751f09ba902b841bdc7b4630528,1,8,ea sports fc sin usar,no brand,,False,no brand__toks__ea-sports,ea sports fc sin usar | no brand | 0,186,2,ea sports fc sin usar
3 manettes de play burn controllers BC,299.95,PlayStation,0,https://www.vinted.it/items/8099049969-3-manettes-de-play-burn-controllers-bc?referrer=catalog,0,8099049969,On Sale,,,https://images1.vinted.net/t/05_00b9d_x7EdRU1mgHvYDTV2o6ANWodY/310x430/1770216144.webp?s=b83b34ff20c55f222fb6cd12e30fc32db52edf55,1,8,3 manettes de play burn controllers bc,playstation,,False,playstation__toks__manettes-de,3 manettes de play burn controllers bc | playstation | 0,499,2,manettes de play burn controllers bc
Motherboard MSI H310m Pro-VD,47.95,MSI,0,https://www.vinted.it/items/8099042462-motherboard-msi-h310m-pro-vd?referrer=catalog,5,8099042462,On Sale,,,https://images1.vinted.net/t/05_00915_2r3GXxvyEZH4CCwqRLwn4KaE/310x430/1770216097.webp?s=59bba86a341cf89a7eb6100a323ffb675c547821,1,8,motherboard msi h310m pro vd,msi,,False,msi__toks__motherboard-msi,motherboard msi h310m pro vd | msi | 0,61,2,motherboard msi h310m pro vd
🇪🇦Final Fantasy VII remake Ps4 Deluxe Edition,100.45,No brand,0,https://www.vinted.it/items/8099037835-final-fantasy-vii-remake-ps4-deluxe-edition?referrer=catalog,1,8099037835,On Sale,,,https://images1.vinted.net/t/05_01b91_6ki4a47e8RiS8ksP23Ak86u8/310x430/1770216068.webp?s=569caba42b0c23287caf00fd1ed4ca66ac0ecfd7,1,8,final fantasy vii remake ps4 deluxe edition,no brand,,False,no brand__toks__final-fantasy,final fantasy vii remake ps4 deluxe edition | no brand | 0,194,7,final fantasy edition ps4 remake deluxe vii precintado
Simulatore di guida per PC,84.7,Hori,0,https://www.vinted.it/items/8098945529-simulatore-di-guida-per-pc-ps5-ps4?referrer=catalog,0,8098945529,On Sale,,,https://images1.vinted.net/t/01_0024a_zWDRR7ALcH9yPV24euyxz3Sf/310x430/1770215480.webp?s=ded3c961e5bf8572c06d45dc520c45c13ec84530,1,8,simulatore di guida per pc,hori,,False,hori__toks__simulatore-di,simulatore di guida per pc | hori | 0,25,2,simulatore di guida per pc
Resident Evil Origins Collection E Capcom Edition,210.65,No brand,0,https://www.vinted.it/items/8098871835-resident-evil-origins-collection-e-capcom-edition?referrer=catalog,4,8098871835,On Sale,,,https://images1.vinted.net/t/06_010da_8ARuSLTvTa9G4LgSLzR8qZCN/310x430/1770215013.webp?s=6a1c4218dc5367997c9ff042c30bb920dfeaee36,1,8,resident evil origins collection e capcom edition,no brand,,False,no brand__toks__resident-evil,resident evil origins collection e capcom edition | no brand | 0,355,4,resident evil edition nuevo precintado origins collection capcom
PlayStation 4,84.7,PlayStation,0,https://www.vinted.it/items/8098846712-playstation-4?referrer=catalog,1,8098846712,On Sale,,,https://images1.vinted.net/t/04_01e93_ad2wsk5HU4ZPxLLpmShiKQ19/310x430/1770214853.webp?s=bd73baa3871841b6b8ed56f163a76d45f6901ee4,1,8,playstation 4,playstation,,False,playstation__toks__playstation,playstation 4 | playstation | 0,506,15,playstation
Doom Eternal ps4 Blister,42.7,No brand,0,https://www.vinted.it/items/8098831912-doom-eternal-ps4-blister?referrer=catalog,0,8098831912,On Sale,,,https://images1.vinted.net/t/06_00fdd_jYX45RwLGWVRQFerdZAYRW7D/310x430/1770214759.webp?s=318e8dfb8c183a01435099cb14b34ea825fdf906,1,8,doom eternal ps4 blister,no brand,,False,no brand__toks__doom-eternal,doom eternal ps4 blister | no brand | 0,179,2,doom eternal ps4 blister
Candle The Power of the flame Neuf sous blister,58.45,No brand,0,https://www.vinted.it/items/8098816119-candle-the-power-of-the-flame-neuf-sous-blister?referrer=catalog,9,8098816119,On Sale,,,https://images1.vinted.net/t/04_02296_gM4mYWYrkJebwyfeFKh6S2da/310x430/1770214657.webp?s=fed00f8e90d0c8c86da3fc90c399d2dd51fb7ec2,1,8,candle the power of the flame neuf sous blister,no brand,,False,no brand__toks__candle-the,candle the power of the flame neuf sous blister | no brand | 0,138,2,the candle power of flame neuf sous blister
PS4 500GO,158.2,Sony,0,https://www.vinted.it/items/8098807322-ps4-500go?referrer=catalog,1,8098807322,On Sale,,,https://images1.vinted.net/t/05_01b82_JC6ewEvk8YoQFriYQ3itQBs4/310x430/1770214601.webp?s=2be550a744a3854251397759a681d195566f8b93,1,8,ps4 500go,sony,,False,sony__toks__ps4-500go,ps4 500go | sony | 0,651,2,ps4 500go
Doom neuf sous blister PS4,47.95,No brand,0,https://www.vinted.it/items/8098791277-doom-neuf-sous-blister-ps4?referrer=catalog,1,8098791277,On Sale,,,https://images1.vinted.net/t/01_0156a_ZAC3fyTSbR1czUCSndVDjHMN/310x430/1770214499.webp?s=b1b95e0bb99c8a2df1461f8283df801a65607237,1,8,doom neuf sous blister ps4,no brand,,False,no brand__toks__doom-neuf,doom neuf sous blister ps4 | no brand | 0,180,2,doom neuf sous blister ps4
Teenage Mutant Ninja Turtles Shredder's Revenge,105.7,No brand,0,https://www.vinted.it/items/8098685525-teenage-mutant-ninja-turtles-shredders-revenge?referrer=catalog,0,8098685525,On Sale,,,https://images1.vinted.net/t/06_008dc_RozfEug231JK3NFdAMzQZDg2/310x430/1770213819.webp?s=b42a0c26dba7647e30f3536c15635298cae30458,1,8,teenage mutant ninja turtles shredder s revenge,no brand,,False,no brand__toks__teenage-mutant,teenage mutant ninja turtles shredder s revenge | no brand | 0,397,2,teenage mutant ninja turtles shredder revenge
Bloodstained Curse of the Moon Chronicles,105.7,No brand,0,https://www.vinted.it/items/8098663628-bloodstained-curse-of-the-moon-chronicles?referrer=catalog,0,8098663628,On Sale,,,https://images1.vinted.net/t/06_02492_6hJBquobaWstZhr5TaBhqjzb/310x430/1770213677.webp?s=b5e1c7793f7fee4372e0c279de210c0d31969a68,1,8,bloodstained curse of the moon chronicles,no brand,,False,no brand__toks__bloodstained-curse,bloodstained curse of the moon chronicles | no brand | 0,122,7,bloodstained curse of the moon nintendo switch ps4
Owlboy Limited Edition,105.7,No brand,0,https://www.vinted.it/items/8098646373-owlboy-limited-edition?referrer=catalog,0,8098646373,On Sale,,,https://images1.vinted.net/t/06_01075_GEMubKMo9tJ8ixEFikuoSxVb/310x430/1770213566.webp?s=52b6139870284a0aa4b296e05fb7470e355a6511,1,8,owlboy limited edition,no brand,,False,no brand__toks__owlboy-limited,owlboy limited edition | no brand | 0,305,1,owlboy limited edition
Alex Kidd in Miracle World DX PS4 Signature Édition,74.2,No brand,0,https://www.vinted.it/items/8098619151-alex-kidd-in-miracle-world-dx-ps4-signature-edition?referrer=catalog,2,8098619151,On Sale,,,https://images1.vinted.net/t/04_015b4_kogqBDLRfaKQPZWKFW28hNDA/310x430/1770213393.webp?s=9a172b8a26f355e58465d7baab4b36a83eaac007,1,8,alex kidd in miracle world dx ps4 signature edition,no brand,,False,no brand__toks__alex-kidd,alex kidd in miracle world dx ps4 signature edition | no brand | 0,99,2,alex kidd in miracle world dx ps4 signature
Jeu ps4 25,47.95,No brand,0,https://www.vinted.it/items/8098370220-jeu-ps4-25?referrer=catalog,6,8098370220,On Sale,,,https://images1.vinted.net/t/05_013ef_oH1gqHSX2xYWR73MmRMLGeaD/310x430/1770211761.webp?s=17a513553bf4015d7be7256bc8306ff60b614187,1,8,jeu ps4 25,no brand,,False,no brand__codes__25,jeu ps4 25 | no brand | 0,87,3,ps4 25 jeu jeux euro piece
Capcom Fighting Collection 2 PS4 Neuf,47.95,No brand,0,https://www.vinted.it/items/8098348872-capcom-fighting-collection-2-ps4-neuf?referrer=catalog,35,8098348872,On Sale,,,https://images1.vinted.net/t/05_011ce_8Xk7ywo6YFDDGNPSgZfFgBjL/310x430/1770211619.webp?s=d7549863e34b814ef53d4019668f9e132cfb7a82,1,8,capcom fighting collection 2 ps4 neuf,no brand,,False,no brand__toks__capcom-fighting,capcom fighting collection 2 ps4 neuf | no brand | 0,139,2,capcom fighting collection ps4 neuf
Ps4 avec câble et un jeu,158.2,PlayStation,0,https://www.vinted.it/items/8098324693-ps4-avec-cable-et-un-jeu?referrer=catalog,1,8098324693,On Sale,,,https://images1.vinted.net/t/03_0190a_A7FS6yfoUA3XiJgZ7hKH5j6V/310x430/1770211457.webp?s=ebfa0fae3146d35704e8510e6c4dd4d05ed877f2,1,8,ps4 avec cable et un jeu,playstation,,False,playstation__toks__ps4-avec,ps4 avec cable et un jeu | playstation | 0,532,3,ps4 avec cable et un jeu manettes
Cosmic star héroïne ps4 neuf sous blister ( boîtier cassé ) version américaine limited run,74.2,No brand,0,https://www.vinted.it/items/8088759175-cosmic-star-heroine-ps4-neuf-sous-blister-boitier-casse-version-americaine-limited-run?referrer=catalog,2,8088759175,On Sale,,,https://images1.vinted.net/t/05_01dfd_poUCDKeYG2mJrvWu45eBFogq/310x430/1770098808.webp?s=96475fceda5fe4d743c47ec1de3347bfdbe855a4,1,8,cosmic star heroine ps4 neuf sous blister boitier casse version americaine limited run,no brand,,False,no brand__toks__cosmic-star,cosmic star heroine ps4 neuf sous blister boitier casse version americaine limited run | no brand | 0,154,2,cosmic star heroine ps4 neuf sous blister boitier
Volant Hori PS4/PS3 Racing Wheel Apex,63.7,PlayStation,0,https://www.vinted.it/items/8098242334-volant-hori-ps4ps3-racing-wheel-apex?referrer=catalog,1,8098242334,On Sale,,,https://images1.vinted.net/t/06_00d13_Hw8GsLQ4aLXpMqkWTPNFttut/310x430/1770210906.webp?s=47d6b547ad705402f3c6a23e5b01ab85e074fe62,1,8,volant hori ps4 ps3 racing wheel apex,playstation,,False,playstation__toks__volant-hori,volant hori ps4 ps3 racing wheel apex | playstation | 0,566,2,volant hori ps4 ps3 racing wheel apex
🇪🇸 signalis PS4,104.65,No brand,0,https://www.vinted.it/items/8098209648-signalis-ps4?referrer=catalog,3,8098209648,On Sale,,,https://images1.vinted.net/t/06_0204e_EZ3pSsrCwkjHpvNfsqT3nsMg/310x430/1770210684.webp?s=519d48440d83857b645bfc9befe9f5f3ca01b295,1,8,signalis ps4,no brand,,False,no brand__toks__signalis-ps4,signalis ps4 | no brand | 0,373,2,signalis ps4
🇪🇸 little nightmares 1 & 2,44.8,No brand,0,https://www.vinted.it/items/8098150818-little-nightmares-1-2?referrer=catalog,2,8098150818,On Sale,,,https://images1.vinted.net/t/04_00ea0_RfBTtR1UVX4KsKYAhLFhH23e/310x430/1770210283.webp?s=bb7012eb0980970feebefab34dc33b2fa342da42,1,8,little nightmares 1 2,no brand,,False,no brand__toks__little-nightmares,little nightmares 1 2 | no brand | 0,266,4,little nightmares iii premium spiral edition ps5 neuf
Ps4  2 manette (seulement en main propre),126.7,PlayStation,0,https://www.vinted.it/items/8098125392-ps4-2-manette-seulement-en-main-propre?referrer=catalog,1,8098125392,On Sale,,,https://images1.vinted.net/t/06_023d7_xLuaRhqkHubM8KRo3DFiCC8z/310x430/1770210109.webp?s=2333a41d2d9ce6246dfdef480fb7028ea3818275,1,8,ps4 2 manette seulement en main propre,playstation,,False,playstation__toks__ps4-manette,ps4 2 manette seulement en main propre | playstation | 0,541,2,ps4 manette seulement en main propre
Spider-Man PS4 Edition Game of the Year Nuovo Sigillato Copertina Francese,42.7,No brand,0,https://www.vinted.it/items/8096753649-spider-man-ps4-edition-game-of-the-year-nuovo-sigillato-copertina-francese?referrer=catalog,0,8096753649,On Sale,,,https://images1.vinted.net/t/05_02091_4pAkEXjo6LVPTdDYRki7bnhs/310x430/1770200038.webp?s=930bd923bced793cab8ce353a766bb4d80c32b34,1,8,spider man ps4 edition game of the year nuovo sigillato copertina francese,no brand,,False,no brand__toks__spider-man,spider man ps4 edition game of the year nuovo sigillato copertina francese | no brand | 0,379,3,spider man ps4 edition game of the year
Coffret Collector PlayStation,93.1,PlayStation,0,https://www.vinted.it/items/8098119204-coffret-collector-playstation?referrer=catalog,51,8098119204,On Sale,,,https://images1.vinted.net/t/03_00f06_UcnR5bJRhGSRUJdVkMgVkEek/310x430/1770210068.webp?s=33445f3a993bff7f6ba2e62936120e668c182b80,1,8,coffret collector playstation,playstation,,False,playstation__toks__coffret-collector,coffret collector playstation | playstation | 0,473,2,coffret collector playstation
Ps4 + 2 manette +Fc25,126.7,PlayStation,0,https://www.vinted.it/items/8098050860-ps4-2-manette-fc25?referrer=catalog,9,8098050860,On Sale,,,https://images1.vinted.net/t/05_0042b_7bghFK5tMvA8svzmTjMsUr13/310x430/1770209604.webp?s=269ee59cef64b4da6c626fa71ed9b4b0b4586190,1,8,ps4 2 manette fc25,playstation,,False,playstation__codes__fc25,ps4 2 manette fc25 | playstation | 0,466,2,ps4 manette fc25
Volante hori racing wheel apex(RWA) per ps4/pc + pedali,42.7,Hori,0,https://www.vinted.it/items/8098042118-volante-hori-racing-wheel-apexrwa-per-ps4pc-pedali?referrer=catalog,6,8098042118,On Sale,,,https://images1.vinted.net/t/06_01503_G123uFhMcssrSFa2rhW7EDkg/310x430/1770209544.webp?s=7fba5461417826e7e53b020e0869c379a27a2e48,1,8,volante hori racing wheel apex rwa per ps4 pc pedali,hori,,False,hori__toks__volante-hori,volante hori racing wheel apex rwa per ps4 pc pedali | hori | 0,27,4,volante hori racing wheel apex rwa ps4 per
NACON Revolution 5 Pro Controller -Urban Camo,105.7,NACON,0,https://www.vinted.it/items/8098023652-nacon-revolution-5-pro-controller-urban-camo?referrer=catalog,5,8098023652,On Sale,,,https://images1.vinted.net/t/06_0163f_vHuhy8EuZtzzqJtoEL62g1tP/310x430/1770209417.webp?s=749c8dfd4067f5f9df9a0a483b2550cce8961bcc,1,8,nacon revolution 5 pro controller urban camo,nacon,,False,nacon__toks__nacon-revolution,nacon revolution 5 pro controller urban camo | nacon | 0,67,2,nacon revolution pro controller urban camo
Manette Nacon Revolution Unlimited Pro – PS4/PC,74.2,NACON,0,https://www.vinted.it/items/8098019591-manette-nacon-revolution-unlimited-pro-ps4pc?referrer=catalog,1,8098019591,On Sale,,,https://images1.vinted.net/t/05_01d45_2Xgco2JeQcT1aidFnUZabCYk/310x430/1770209389.webp?s=105e6a13c84c687923aa25af76ee20578679c073,1,8,manette nacon revolution unlimited pro ps4 pc,nacon,,False,nacon__toks__manette-nacon,manette nacon revolution unlimited pro ps4 pc | nacon | 0,64,2,manette nacon revolution unlimited pro ps4 pc
Logitech Volant G29 + Levier de vitesse Driving Force Shifter - Compatible PS5 - PS4 et PC,210.7,Logitech,0,https://www.vinted.it/items/8098008105-logitech-volant-g29-levier-de-vitesse-driving-force-shifter-compatible-ps5-ps4-et-pc?referrer=catalog,21,8098008105,On Sale,,,https://images1.vinted.net/t/01_016df_hrYyd67zeTWjGrK4G1wvRoDb/310x430/1770209311.webp?s=70f09fb8f4442b7fbdcb13f60f18da92d86622ce,1,8,logitech volant g29 levier de vitesse driving force shifter compatible ps5 ps4 et pc,logitech,,False,logitech__codes__g29,logitech volant g29 levier de vitesse driving force shifter compatible ps5 ps4 et pc | logitech | 0,48,9,logitech g29 ps4 ps5 pc driving force volant
PlayStation 4 avec 2 manette 500 go et garantie 1 an,126.7,PlayStation,0,https://www.vinted.it/items/8098002560-playstation-4-avec-2-manette-500-go-et-garantie-1-an?referrer=catalog,0,8098002560,On Sale,,,https://images1.vinted.net/t/06_0268f_iGBLCmSJGuwjntyFmcmiN3P3/310x430/1770209272.webp?s=0a3869d91e17e06a4865bf2819afdc80f8a971c2,1,8,playstation 4 avec 2 manette 500 go et garantie 1 an,playstation,,False,playstation__codes__500,playstation 4 avec 2 manette 500 go et garantie 1 an | playstation | 0,464,3,playstation avec manette 500 go et garantie an
Logitech Volant G29 + Levier de vitesse Driving Force Shifter - Compatible PS5 - PS4 et PC,210.7,Logitech,0,https://www.vinted.it/items/8097988067-logitech-volant-g29-levier-de-vitesse-driving-force-shifter-compatible-ps5-ps4-et-pc?referrer=catalog,8,8097988067,On Sale,,,https://images1.vinted.net/t/05_00fe4_X3uBis9uV6LZjcAUQTqBu4gb/310x430/1770209173.webp?s=4289432e7a73ca6e7d9b2ed0a977939eb929144e,1,8,logitech volant g29 levier de vitesse driving force shifter compatible ps5 ps4 et pc,logitech,,False,logitech__codes__g29,logitech volant g29 levier de vitesse driving force shifter compatible ps5 ps4 et pc | logitech | 0,48,9,logitech g29 ps4 ps5 pc driving force volant
Play 4 Pro+Juegos,158.2,PlayStation,0,https://www.vinted.it/items/8097923423-play-4-projuegos?referrer=catalog,4,8097923423,On Sale,,,https://images1.vinted.net/t/01_01035_Wj13126aYwAHHjmT9BHg5PFY/310x430/1770208724.webp?s=f6841becd6a645008b96cdfe314381d70944258a,1,8,play 4 pro juegos,playstation,,False,playstation__toks__play-pro,play 4 pro juegos | playstation | 0,503,2,play pro juegos
PS4 Pro 1TB + Controller Originale – Ottime condizioni,137.2,PlayStation,0,https://www.vinted.it/items/8097620550-ps4-pro-1tb-controller-originale-ottime-condizioni-pronta-a-giocare?referrer=catalog,8,8097620550,On Sale,,,https://images1.vinted.net/t/05_015fb_zQzLqdFJ3TfLUGd932Y1gBSn/310x430/1770206519.webp?s=37397862b968a69718c25b8bb128bc98bc70a2db,1,8,ps4 pro 1tb controller originale ottime condizioni,playstation,,False,playstation__toks__ps4-pro,ps4 pro 1tb controller originale ottime condizioni | playstation | 0,547,3,ps4 pro 1tb gta mandos controller originale ottime
Cuffie wireless Playstation 4 e 5 Pulse 3D NUOVE,158.2,PlayStation,0,https://www.vinted.it/items/8097867782-cuffie-wireless-playstation-4-e-5-pulse-3d-nuove?referrer=catalog,1,8097867782,On Sale,,,https://images1.vinted.net/t/01_017d6_PhRcaSepAUZUJCD6hKhr4WtQ/310x430/1770208331.webp?s=bd5e9093b2b43b9721595a84212bcaf6969c8552,1,8,cuffie wireless playstation 4 e 5 pulse 3d nuove,playstation,,False,playstation__toks__cuffie-wireless,cuffie wireless playstation 4 e 5 pulse 3d nuove | playstation | 0,483,1,cuffie wireless playstation pulse 3d nuove
volante ps4,105.7,PlayStation,0,https://www.vinted.it/items/8097856589-volante-ps4?referrer=catalog,1,8097856589,On Sale,,,https://images1.vinted.net/t/05_017c3_zLP4JdZEnntsJa4JruuAF62H/310x430/1770208250.webp?s=b31de6a48f55622b15c712e16076edb89d7ee374,1,8,volante ps4,playstation,,False,playstation__toks__volante-ps4,volante ps4 | playstation | 0,577,1,volante ps4
Conjunto Comando PS4 Sony - novos,68.95,Sony,0,https://www.vinted.it/items/8097849118-conjunto-comando-ps4-sony-novos?referrer=catalog,2,8097849118,On Sale,,,https://images1.vinted.net/t/06_00923_jbbwpBGf7ou98c4v23w43Tpa/310x430/1770208197.webp?s=551e142c578d8431c86033e323f07e812d2f17d9,1,8,conjunto comando ps4 sony novos,sony,,False,sony__toks__conjunto-comando,conjunto comando ps4 sony novos | sony | 0,618,1,conjunto comando ps4 sony novos
Marvel Spider-Man PS4 Special Edition,42.7,No brand,0,https://www.vinted.it/items/8097811474-marvel-spider-man-ps4-special-edition?referrer=catalog,0,8097811474,On Sale,,,https://images1.vinted.net/t/06_015a0_NCndaHGsiLyZ4zW63mbJ8Fpk/310x430/1770207927.webp?s=675920fe2d0f48f1871fe6e5d8be157e546b5ee4,1,8,marvel spider man ps4 special edition,no brand,,False,no brand__toks__marvel-spider,marvel spider man ps4 special edition | no brand | 0,284,1,marvel spider man ps4 special edition
Volant + Pédales + Shifter PXN.V9 Gen2,116.2,PXN,0,https://www.vinted.it/items/8097795819-volant-pedales-shifter-pxnv9-gen2?referrer=catalog,6,8097795819,On Sale,,,https://images1.vinted.net/t/06_021b4_YN4xsCD6hXKYbwyiZd4dWWf1/310x430/1770207814.webp?s=709ad4f35a7471b5a690a14d65c8681aeaa6176b,1,8,volant pedales shifter pxn v9 gen2,pxn,,False,pxn__toks__volant-pedales,volant pedales shifter pxn v9 gen2 | pxn | 0,593,1,volant pedales shifter pxn v9 gen2
Castlevania Anniversary Collection,137.2,No brand,0,https://www.vinted.it/items/8097769157-castlevania-anniversary-collection?referrer=catalog,4,8097769157,On Sale,,,https://images1.vinted.net/t/05_02698_CWtMLBbouN3YXKVadjFJxebT/310x430/1770207620.webp?s=9d4c86aa5da1bfd486c98ee8aeaf1be580dddf77,1,8,castlevania anniversary collection,no brand,,False,no brand__toks__castlevania-anniversary,castlevania anniversary collection | no brand | 0,141,1,castlevania anniversary collection
Volante qubick racing wheel,51.1,Racing,0,https://www.vinted.it/items/8097751230-volante-qubick-racing-wheel?referrer=catalog,1,8097751230,On Sale,,,https://images1.vinted.net/t/06_00343_RZe4RQVrgwmkTk7xhQAtFBew/310x430/1770207488.webp?s=c9e714e161d4192a84af8e13b80d54e01a597999,1,8,volante qubick racing wheel,racing,,False,racing__toks__volante-qubick,volante qubick racing wheel | racing | 0,597,1,volante qubick racing wheel
Controller victrix ps4/ps5/pc,168.7,PlayStation,0,https://www.vinted.it/items/8097671236-controller-victrix-ps4ps5pc?referrer=catalog,2,8097671236,On Sale,,,https://images1.vinted.net/t/06_0174d_MTodaE35oVtrfNCuKZ3tPGXT/310x430/1770206897.webp?s=3886f30e2f8b84890bda0688fb75b3be0dab8a58,1,8,controller victrix ps4 ps5 pc,playstation,,False,playstation__toks__controller-victrix,controller victrix ps4 ps5 pc | playstation | 0,482,1,controller victrix ps4 ps5 pc
Jogos PS4,42.7,No brand,0,https://www.vinted.it/items/8097655006-jogos-ps4?referrer=catalog,0,8097655006,On Sale,,,https://images1.vinted.net/t/06_019a1_9FpFJ833WBRJZfk7Gr9V7s6F/310x430/1770206777.webp?s=7dd90d109e2793565975fb7f5f1b2c7e384a7c7b,1,8,jogos ps4,no brand,,False,no brand__toks__jogos-ps4,jogos ps4 | no brand | 0,251,1,jogos ps4
dark souls 3 apocalypse edition ps4,74.2,No brand,0,https://www.vinted.it/items/8097592908-dark-souls-3-apocalypse-edition-ps4?referrer=catalog,12,8097592908,On Sale,,,https://images1.vinted.net/t/06_01d63_83vt5GGUsrPauDMLkESsMmgM/310x430/1770206312.webp?s=da7a02b4ca27be7f640a6fc61b68c15c66f4f393,1,8,dark souls 3 apocalypse edition ps4,no brand,,False,no brand__toks__dark-souls,dark souls 3 apocalypse edition ps4 | no brand | 0,161,4,dark souls trilogy ps4 ita sigillato apocalypse edition
Voltante Thrustmaster T150 con pedaliera,131.95,Thrustmaster,0,https://www.vinted.it/items/8097538805-voltante-thrustmaster-t150-con-pedaliera?referrer=catalog,0,8097538805,On Sale,,,https://images1.vinted.net/t/06_01ca5_NMySm866veDpjriZ5aNpZMW1/310x430/1770205908.webp?s=f98f637bc0c2c63d3f189351c60d1a5299a96574,1,8,voltante thrustmaster t150 con pedaliera,thrustmaster,,False,thrustmaster__codes__t150,voltante thrustmaster t150 con pedaliera | thrustmaster | 0,678,4,thrustmaster t150 volant pro voltante con pedaliera rs
Metal Gear Solid The Legacy Collection for PS3 brand new and factory sealed,84.7,No brand,0,https://www.vinted.it/items/8097507408-metal-gear-solid-the-legacy-collection-for-ps3-brand-new-and-factory-sealed?referrer=catalog,1,8097507408,On Sale,,,https://images1.vinted.net/t/06_024db_DeKWcZ4Ny7s2V5rvphwJb1kE/310x430/1770205673.webp?s=f04e761fa5da0f5d3d6090e9030fe137c6e5d315,1,8,metal gear solid the legacy collection for ps3 brand new and factory sealed,no brand,,False,no brand__toks__metal-gear,metal gear solid the legacy collection for ps3 brand new and factory sealed | no brand | 0,290,4,metal gear solid collection the vol master fr
Atelier Sophie 2 Ps4,63.6,No brand,0,https://www.vinted.it/items/8097466560-atelier-sophie-2-ps4?referrer=catalog,0,8097466560,On Sale,,,https://images1.vinted.net/t/05_02457_AFhjT84mDuCZuK1i9FwRAtKv/310x430/1770205366.webp?s=7709b30862bd15ff72e82914604ef209cda4e5ca,1,8,atelier sophie 2 ps4,no brand,,False,no brand__toks__atelier-sophie,atelier sophie 2 ps4 | no brand | 0,110,1,atelier sophie ps4
Ps4 Gran Turismo sport collector's edition,89.95,No brand,0,https://www.vinted.it/items/8097467819-ps4-gran-turismo-sport-collectors-edition?referrer=catalog,2,8097467819,On Sale,,,https://images1.vinted.net/t/05_00743_XGmUByXZSWreyNCHL1yvGQMY/310x430/1770205376.webp?s=37dc2587397f363b5d84e74de40457beed6c365d,1,8,ps4 gran turismo sport collector s edition,no brand,,False,no brand__toks__ps4-gran,ps4 gran turismo sport collector s edition | no brand | 0,334,1,ps4 gran turismo sport collector edition
Lotto giochi PlayStation 5 e PlayStation 4,79.45,No brand,0,https://www.vinted.it/items/8097441131-lotto-giochi-playstation-5-e-playstation-4?referrer=catalog,0,8097441131,On Sale,,,https://images1.vinted.net/t/05_023d9_ptZmCQpMN5Grr5S4UMT2aLHb/310x430/1770205176.webp?s=984bc725961a34440f1770c3fb0e9020c2f5f3b8,1,8,lotto giochi playstation 5 e playstation 4,no brand,lotto,True,no brand__toks__lotto-giochi,lotto giochi playstation 5 e playstation 4 | no brand | 0,275,4,lotto giochi ps4 playstation testati funzionanti
Megadimension Neptunia VIIR ps4 psvr,74.2,No brand,0,https://www.vinted.it/items/6940292095-megadimension-neptunia-viir-ps4-psvr?referrer=catalog,15,6940292095,On Sale,,,https://images1.vinted.net/t/01_02576_er7MNoMRmgXz6dCcD6Rr29WF/310x430/1756134468.webp?s=c90b50670d50c11db64856e92ba011020dfa6d09,1,8,megadimension neptunia viir ps4 psvr,no brand,,False,no brand__toks__megadimension-neptunia,megadimension neptunia viir ps4 psvr | no brand | 0,288,1,megadimension neptunia viir ps4 psvr
Strike pack dominator V2,42.7,PlayStation,0,https://www.vinted.it/items/8097375941-strike-pack-dominator-v2?referrer=catalog,1,8097375941,On Sale,,,https://images1.vinted.net/t/05_0249a_LRys9Xb6YHCLdCpvoBLUbKcj/310x430/1770204688.webp?s=14092a55e52fa089ed81b264c86e5728f5c08984,1,8,strike pack dominator v2,playstation,,False,playstation__toks__strike-pack,strike pack dominator v2 | playstation | 0,558,1,strike pack dominator v2
Mass Effect - Legendary Edition PS4,42.7,No brand,0,https://www.vinted.it/items/8097368919-mass-effect-legendary-edition-ps4?referrer=catalog,15,8097368919,On Sale,,,https://images1.vinted.net/t/01_01819_gwBqSLirKQhLxruPvWjXwSxH/310x430/1770204635.webp?s=1525ac160816d9c987a9d08c4622ea4596cec1f2,1,8,mass effect legendary edition ps4,no brand,,False,no brand__toks__mass-effect,mass effect legendary edition ps4 | no brand | 0,285,3,mass effect legendary edition ps4 andromeda
The walking dead the telltale series collection ps4,42.7,No brand,0,https://www.vinted.it/items/8097322725-the-walking-dead-the-telltale-series-collection-ps4?referrer=catalog,1,8097322725,On Sale,,,https://images1.vinted.net/t/04_00126_55CzhrPx3KANd2Jo3VmjjwFF/310x430/1770204285.webp?s=b52c47eaa8b2e03cf6b89901d8f216ca35dc8f14,1,8,the walking dead the telltale series collection ps4,no brand,,False,no brand__toks__the-walking,the walking dead the telltale series collection ps4 | no brand | 0,410,1,the walking dead telltale series collection ps4
Volante Hori RWA racing wheel Apex Ps4 Ps3,68.95,Hori,0,https://www.vinted.it/items/8097183015-volante-hori-rwa-racing-wheel-apex-ps4-ps3?referrer=catalog,0,8097183015,On Sale,,,https://images1.vinted.net/t/06_010c4_kBZppWNLJNAieUb5RjQJi9qR/310x430/1770203308.webp?s=528b9b903cf7f76546cb7cf94da12165ba5bdb2e,1,8,volante hori rwa racing wheel apex ps4 ps3,hori,,False,hori__toks__volante-hori,volante hori rwa racing wheel apex ps4 ps3 | hori | 0,27,4,volante hori racing wheel apex rwa ps4 per
Playstation games,105.7,No brand,0,https://www.vinted.it/items/8097128344-playstation-games?referrer=catalog,0,8097128344,On Sale,,,https://images1.vinted.net/t/01_00a5c_mxp36ZEnvU9G9nM5tkSLnNXP/310x430/1770202824.webp?s=07cb052960549adc4c6caf5ac314ba469533d08e,1,8,playstation games,no brand,,False,no brand__toks__playstation-games,playstation games | no brand | 0,318,1,playstation games
Yakuza 6 essence of art edición nuevo ps4,63.7,No brand,0,https://www.vinted.it/items/8097084584-yakuza-6-essence-of-art-edicion-nuevo-ps4?referrer=catalog,1,8097084584,On Sale,,,https://images1.vinted.net/t/05_00b53_trxZLYF18uAfCsrywQwY7Qcp/310x430/1770202506.webp?s=a93c8937d239058d12f00eaaa30b63cff88d206f,1,8,yakuza 6 essence of art edicion nuevo ps4,no brand,,False,no brand__toks__yakuza-essence,yakuza 6 essence of art edicion nuevo ps4 | no brand | 0,442,1,yakuza essence of art edicion nuevo ps4
Empire of angels iv edición limitada ps4 nuevo,79.45,No brand,0,https://www.vinted.it/items/8097073050-empire-of-angels-iv-edicion-limitada-ps4-nuevo?referrer=catalog,3,8097073050,On Sale,,,https://images1.vinted.net/t/03_009c4_RLNi28sgFx3PyffxGdw2kX8H/310x430/1770202422.webp?s=cbd6681627ec9eff8f94860b18314fcce5feb3f0,1,8,empire of angels iv edicion limitada ps4 nuevo,no brand,,False,no brand__toks__empire-of,empire of angels iv edicion limitada ps4 nuevo | no brand | 0,188,1,empire of angels iv edicion limitada ps4 nuevo
River city melee edición limitada ps4 nuevo,79.45,No brand,0,https://www.vinted.it/items/8097062379-river-city-melee-edicion-limitada-ps4-nuevo?referrer=catalog,0,8097062379,On Sale,,,https://images1.vinted.net/t/06_0232c_3cSdx6YvhDABFmT8S5tpJ6H5/310x430/1770202343.webp?s=12867907f762bc94f5dc8ba1842ca3e136b9731f,1,8,river city melee edicion limitada ps4 nuevo,no brand,,False,no brand__toks__river-city,river city melee edicion limitada ps4 nuevo | no brand | 0,356,1,river city melee edicion limitada ps4 nuevo
PS4: Sekiro: Shadows Die Twice - Neu in Folie (Sealed),72.1,No brand,0,https://www.vinted.it/items/8096897530-ps4-sekiro-shadows-die-twice-neu-in-folie-sealed?referrer=catalog,0,8096897530,On Sale,,,https://images1.vinted.net/t/06_00c81_BNVqTRpWNoqmHe7EPXe1frVe/310x430/1770201129.webp?s=a236938b790baf5f8e2f411f012420e7d94c976d,1,8,ps4 sekiro shadows die twice neu in folie sealed,no brand,,False,no brand__toks__ps4-sekiro,ps4 sekiro shadows die twice neu in folie sealed | no brand | 0,341,1,ps4 sekiro shadows die twice neu in folie
Volante ps4 con pedali HORI rws,53.2,Hori,0,https://www.vinted.it/items/8096655231-volante-ps4-con-pedali-hori-rws?referrer=catalog,1,8096655231,On Sale,,,https://images1.vinted.net/t/05_01671_AaZzMaYeJPpzc9bp39xtATWC/310x430/1770199256.webp?s=871cb387ec463b0a64b80c7cf0881307eef57b29,1,8,volante ps4 con pedali hori rws,hori,,False,hori__toks__volante-ps4,volante ps4 con pedali hori rws | hori | 0,30,1,volante ps4 con pedali hori rws
Lot jeux ps4,44.8,No brand,0,https://www.vinted.it/items/8096602098-lot-jeux-ps4?referrer=catalog,0,8096602098,On Sale,,,https://images1.vinted.net/t/06_0034b_Pr9uv7qDD2esPVuFGcYzZbCV/310x430/1770198817.webp?s=449c0c5670daba39a8080e368123895509859f1a,1,8,lot jeux ps4,no brand,,False,no brand__toks__lot-jeux,lot jeux ps4 | no brand | 0,271,3,lot jeux pour console playstation neuf ps4
PS4 4 juegos 2 microfonos 1 mando,315.7,PlayStation,0,https://www.vinted.it/items/8096601514-ps4-4-juegos-2-microfonos-1-mando?referrer=catalog,0,8096601514,On Sale,,,https://images1.vinted.net/t/04_01371_iEr9yQ32EAUFNbjzfKJjphJy/310x430/1770198812.webp?s=cbef6a1d7333acaaa8647d6d3586612a98ccf108,1,8,ps4 4 juegos 2 microfonos 1 mando,playstation,,False,playstation__toks__ps4-juegos,ps4 4 juegos 2 microfonos 1 mando | playstation | 0,540,1,ps4 juegos microfonos mando
PS4 : Resident Evil 4 / Biohazard,42.7,No brand,0,https://www.vinted.it/items/8096593133-ps4-resident-evil-4-biohazard?referrer=catalog,3,8096593133,On Sale,,,https://images1.vinted.net/t/06_01b35_e1g3N4bQfcuDTcn1S5zuBPeo/310x430/1770198742.webp?s=ea2bb5ea0e1f7efb70bdb9d86ec49ec76ba55fce,1,8,ps4 resident evil 4 biohazard,no brand,,False,no brand__toks__ps4-resident,ps4 resident evil 4 biohazard | no brand | 0,339,1,ps4 resident evil biohazard
Tails of iron ps4,53.2,No brand,0,https://www.vinted.it/items/8096520760-tails-of-iron-ps4?referrer=catalog,5,8096520760,On Sale,,,https://images1.vinted.net/t/06_01fb8_hq3WS94zf68CE3UJgqqDxhpm/310x430/1770198121.webp?s=e66a077600e8a6478de72eb7e9d7775f04208315,1,8,tails of iron ps4,no brand,,False,no brand__toks__tails-of,tails of iron ps4 | no brand | 0,396,1,tails of iron ps4
Red Dead Redemption & Red Redemption 2,47.94,No brand,0,https://www.vinted.it/items/8096419160-red-dead-redemption-red-redemption-2?referrer=catalog,3,8096419160,On Sale,,,https://images1.vinted.net/t/05_015d8_NxstZzd7xGLLsExtctMRXXvg/310x430/1770197208.webp?s=67d9fde831ad8f462341aef29381ff34e95c6139,1,8,red dead redemption red redemption 2,no brand,,False,no brand__toks__red-dead,red dead redemption red redemption 2 | no brand | 0,352,3,red redemption dead ps4 brand new sealed game
The Last Guardian Collectors Edition Edição Colecionador PS4 NEW English Portugues,257.94,No brand,0,https://www.vinted.it/items/8096401871-the-last-guardian-collectors-edition-edicao-colecionador-ps4-new-english-portugues?referrer=catalog,1,8096401871,On Sale,,,https://images1.vinted.net/t/06_0143a_Exa3vUamYoBHFAPAbCs5n73Z/310x430/1770197044.webp?s=f50aa2d20a3a43cf2b48eeef4901095321662d96,1,8,the last guardian collectors edition edicao colecionador ps4 new english portugues,no brand,,False,no brand__toks__the-last,the last guardian collectors edition edicao colecionador ps4 new english portugues | no brand | 0,406,1,the last guardian collectors edition edicao colecionador ps4
PlayStation 4,105.7,Sony,0,https://www.vinted.it/items/8096396607-playstation-4?referrer=catalog,2,8096396607,On Sale,,,https://images1.vinted.net/t/04_018e6_JAVqSkFdUvjujGnfWFPu4yg6/310x430/1770196995.webp?s=1b8d17aee0b7007f1d6278489a27e105204dcea5,1,8,playstation 4,sony,,False,sony__toks__playstation,playstation 4 | sony | 0,640,3,playstation
🎮 Cuffie gaming playStation – ps5/ ps4🎮 🔥 come nuove 🔥,74.2,Play,0,https://www.vinted.it/items/8096297947-cuffie-gaming-playstation-ps5-ps4-come-nuove?referrer=catalog,0,8096297947,On Sale,,,https://images1.vinted.net/t/05_01a6c_PremeaFEXEG5FSa911UuE6sa/310x430/1770196005.webp?s=979aced172f1e96a22e2a8f3b7e498fe28b41768,1,8,cuffie gaming playstation ps5 ps4 come nuove,play,,False,play__toks__cuffie-gaming,cuffie gaming playstation ps5 ps4 come nuove | play | 0,455,1,cuffie gaming playstation ps5 ps4 come nuove
EA Sports FC 26 FIFA 26 Nuevo Precintado,47.95,No brand,0,https://www.vinted.it/items/8096272138-ea-sports-fc-26-fifa-26-nuevo-precintado?referrer=catalog,3,8096272138,On Sale,,,https://images1.vinted.net/t/01_022e0_GUF7ffZFkmUopzmPJaYNjzcE/310x430/1770219786.webp?s=9d7f3b5fcdd94c8555e229e9924506e5534cd76d,1,8,ea sports fc 26 fifa 26 nuevo precintado,no brand,,False,no brand__codes__26,ea sports fc 26 fifa 26 nuevo precintado | no brand | 0,88,10,26 fifa ps4 fc playstation jeux ps neuf
Sony PlayStation 4 Slim usata 2 volte + 2 Joystick originali,105.7,Sony,0,https://www.vinted.it/items/8096210736-sony-playstation-4-slim-usata-2-volte-2-joystick-originali?referrer=catalog,2,8096210736,On Sale,,,https://images1.vinted.net/t/06_0176d_17vGbcE1L1AvXegPamrPQD36/310x430/1770195028.webp?s=83ed51c3a2b9deca6e5733f6a257a73cf054f999,1,8,sony playstation 4 slim usata 2 volte 2 joystick originali,sony,,False,sony__toks__sony-playstation,sony playstation 4 slim usata 2 volte 2 joystick originali | sony | 0,666,4,sony playstation slim joystick tb controller console memory
PS4 Remnant from the ashes,53.2,No brand,0,https://www.vinted.it/items/8096140672-ps4-remnant-from-the-ashes?referrer=catalog,3,8096140672,On Sale,,,https://images1.vinted.net/t/05_0103d_m6z582QgMVmDzAZi3WUaRFXw/310x430/1770194151.webp?s=d1959b5a064245a327334932da69bf394c8023ea,1,8,ps4 remnant from the ashes,no brand,,False,no brand__toks__ps4-remnant,ps4 remnant from the ashes | no brand | 0,338,1,ps4 remnant from the ashes
Thrustmaster T150 RS volant Racing Retour de force PC/ PS5/ PS4,231.7,Thrustmaster,0,https://www.vinted.it/items/8096092349-thrustmaster-t150-rs-volant-racing-retour-de-force-pc-ps5-ps4?referrer=catalog,0,8096092349,On Sale,,,https://images1.vinted.net/t/01_01200_TXn9NCXRAPJENZX9JDDhCnMd/310x430/1770193501.webp?s=b2871386b8ba6384d22b9e1610e62a18b1e70940,1,8,thrustmaster t150 rs volant racing retour de force pc ps5 ps4,thrustmaster,,False,thrustmaster__codes__t150,thrustmaster t150 rs volant racing retour de force pc ps5 ps4 | thrustmaster | 0,678,4,thrustmaster t150 volant pro voltante con pedaliera rs
PlayStation 4,189.7,No brand,0,https://www.vinted.it/items/8095999712-playstation-4?referrer=catalog,0,8095999712,On Sale,,,https://images1.vinted.net/t/06_021ea_wUjuyeaRtycDSXeYi95aLJio/310x430/1770192094.webp?s=9d9898af5db08ee10bed0c6d3b1f2e89162b4123,1,8,playstation 4,no brand,,False,no brand__toks__playstation,playstation 4 | no brand | 0,317,1,playstation
Fifa 94-26,510.0,No brand,0,https://www.vinted.it/items/8095947776-fifa-94-26?referrer=catalog,1,8095947776,On Sale,,,https://images1.vinted.net/t/06_000bf_DoQBUgKJgseKzdcZkiBQ3Wc4/310x430/1770191148.webp?s=e6c9a9a88ad04ab140860e010de775d2eaaf44e0,1,8,fifa 94 26,no brand,,False,no brand__codes__94-26,fifa 94 26 | no brand | 0,93,1,fifa 94 26
Bubble bobble Limited Edition PS4,137.2,No brand,0,https://www.vinted.it/items/8095889204-bubble-bobble-limited-edition-ps4?referrer=catalog,0,8095889204,On Sale,,,https://images1.vinted.net/t/03_00502_PM873wLpRyaFhD1qZQyevq9j/310x430/1770189846.webp?s=4b902c37969437bc1a0b69dbd07dcd7d037c0f62,1,8,bubble bobble limited edition ps4,no brand,,False,no brand__toks__bubble-bobble,bubble bobble limited edition ps4 | no brand | 0,129,1,bubble bobble limited edition ps4
Sekiro Shadows die Twice PS4 sealed,72.09,No brand,0,https://www.vinted.it/items/8095808506-sekiro-shadows-die-twice-ps4-sealed?referrer=catalog,8,8095808506,On Sale,,,https://images1.vinted.net/t/06_01d96_AosX1gfBDuJhCURFU66jygNC/310x430/1770187339.webp?s=2de255c52725dd661f1deb5d65f088bf269031ff,1,8,sekiro shadows die twice ps4 sealed,no brand,,False,no brand__toks__sekiro-shadows,sekiro shadows die twice ps4 sealed | no brand | 0,364,1,sekiro shadows die twice ps4 sealed
Lot de 4 jeux neuf (PS4 et PS5),47.94,No brand,0,https://www.vinted.it/items/8095766723-lot-de-4-jeux-neuf-ps4-et-ps5?referrer=catalog,1,8095766723,On Sale,,,https://images1.vinted.net/t/06_004c8_AnomKizfS3FNgXuc1qMLdH5B/310x430/1770185429.webp?s=adfd898461c38ad2939772c7244aebd1c757b00a,1,8,lot de 4 jeux neuf ps4 et ps5,no brand,,False,no brand__toks__lot-de,lot de 4 jeux neuf ps4 et ps5 | no brand | 0,270,5,lot de jeux ps4 playstation neufs sous blister
6giochi della PS4 usati poco Spiderman nn me lo ha fatto inserire  se vi interessa mando foto in prv,74.2,No brand,0,https://www.vinted.it/items/8093807686-6giochi-della-ps4-usati-poco-spiderman-nn-me-lo-ha-fatto-inserire-se-vi-interessa-mando-foto-in-prv?referrer=catalog,0,8093807686,On Sale,,,https://images1.vinted.net/t/06_01c39_B7BA2FSYJBWum7PCYnCvm3XD/310x430/1770143106.webp?s=808c8450bbcb85861b72d8b5409757f9c3f70d6c,1,8,6giochi della ps4 usati poco spiderman nn me lo ha fatto inserire se vi interessa mando foto in prv,no brand,,False,no brand__toks__6giochi-della,6giochi della ps4 usati poco spiderman nn me lo ha fatto inserire se vi interessa mando foto in prv | no brand | 0,96,1,6giochi della ps4 usati poco spiderman nn me
Playstation 4 games.,105.7,PlayStation,0,https://www.vinted.it/items/8095711536-playstation-4-games?referrer=catalog,1,8095711536,On Sale,,,https://images1.vinted.net/t/04_00c7a_U1WNGKTyS1AYDEBo9gLBPiyg/310x430/1770179592.webp?s=3e1b7e59a344780b9b525a59c9325d90a64bb0e7,1,8,playstation 4 games,playstation,,False,playstation__toks__playstation-games,playstation 4 games | playstation | 0,515,1,playstation games
Ps4 500gb come nuova tutto incluso (anche account online),172.9,PlayStation,0,https://www.vinted.it/items/8095637907-ps4-500gb-come-nuova-tutto-incluso-anche-account-online?referrer=catalog,6,8095637907,On Sale,,,https://images1.vinted.net/t/06_001ec_w2xZdddjE5VETzmpVeyGXqJw/310x430/1770165357.webp?s=a586fe7f2673848212839ae818bff452081331f1,1,8,ps4 500gb come nuova tutto incluso anche account online,playstation,,False,playstation__toks__ps4-500gb,ps4 500gb come nuova tutto incluso anche account online | playstation | 0,531,1,ps4 500gb come nuova tutto incluso anche account
Titolo Annuncio: Uncharted: Raccolta L'Eredità dei Ladri - PS5 Nuovo/sigillato,47.95,No brand,0,https://www.vinted.it/items/8095630268-titolo-annuncio-uncharted-raccolta-leredita-dei-ladri-ps5-nuovosigillato?referrer=catalog,2,8095630268,On Sale,,,https://images1.vinted.net/t/04_01075_usFgrsymo6nqnzB956kkKvif/310x430/1770164733.webp?s=2b6019b4f136abf3935702411fb2287c06aa4c4e,1,8,titolo annuncio uncharted raccolta l eredita dei ladri ps5 nuovo sigillato,no brand,,False,no brand__toks__titolo-annuncio,titolo annuncio uncharted raccolta l eredita dei ladri ps5 nuovo sigillato | no brand | 0,413,1,titolo annuncio uncharted raccolta eredita dei ladri ps5
Contra collection ps4 game limited run games new,105.7,No brand,0,https://www.vinted.it/items/8095625791-contra-collection-ps4-game-limited-run-games-new?referrer=catalog,4,8095625791,On Sale,,,https://images1.vinted.net/t/06_0192b_SVJpRF8ousRGc6o69KfKGaLR/310x430/1770164361.webp?s=08cc5a1a241ec18f516e316a11ffe2599c181a5a,1,8,contra collection ps4 game limited run games new,no brand,,False,no brand__toks__contra-collection,contra collection ps4 game limited run games new | no brand | 0,153,1,contra collection ps4 game limited run games new
Persona 5 Royal PS4 édition collector Joker,210.7,No brand,0,https://www.vinted.it/items/8095580403-persona-5-royal-ps4-edition-collector-joker?referrer=catalog,9,8095580403,On Sale,,,https://images1.vinted.net/t/05_00737_9X5kqQsnRUPEthU4CvG7u4BW/310x430/1770161900.webp?s=bb6eec2be563d4c204be3207ad05a0b95bcefcf0,1,8,persona 5 royal ps4 edition collector joker,no brand,,False,no brand__toks__persona-royal,persona 5 royal ps4 edition collector joker | no brand | 0,313,1,persona royal ps4 edition collector joker
Lot 4 jeux,53.2,No brand,0,https://www.vinted.it/items/8095572256-lot-4-jeux?referrer=catalog,0,8095572256,On Sale,,,https://images1.vinted.net/t/05_00b08_CeGwfU1kpz9ExUhZTJbgjEe5/310x430/1770161573.webp?s=2b86fd30315f21679bd439181cb761b1d3f8bc7b,1,8,lot 4 jeux,no brand,,False,no brand__toks__lot-jeux,lot 4 jeux | no brand | 0,271,3,lot jeux pour console playstation neuf ps4
Destiny 2,53.2,No brand,0,https://www.vinted.it/items/8095567830-destiny-2?referrer=catalog,0,8095567830,On Sale,,,https://images1.vinted.net/t/06_00dcc_kYPKkZemWwCTSXK2jShHWALa/310x430/1770161401.webp?s=b8919ba12ee48291d3456dece084509859fba879,1,8,destiny 2,no brand,,False,no brand__toks__destiny,destiny 2 | no brand | 0,167,1,destiny
Pack red dead PS4,42.7,No brand,0,https://www.vinted.it/items/8095547947-pack-red-dead-ps4?referrer=catalog,20,8095547947,On Sale,,,https://images1.vinted.net/t/05_02184_wW2kYvMpj1ABU4RhruSh8GXx/310x430/1770160706.webp?s=b9f7e0832d123ce36cdc1797c680a540e5ca1311,1,9,pack red dead ps4,no brand,,False,no brand__toks__pack-red,pack red dead ps4 | no brand | 0,311,1,pack red dead ps4
PlayStation 4 nieuw,184.45,Sony,0,https://www.vinted.it/items/8095471293-playstation-4-nieuw?referrer=catalog,0,8095471293,On Sale,,,https://images1.vinted.net/t/05_01ae6_LBvZQuR7Qzz9on6fiQwTozKV/310x430/1770158694.webp?s=9c4ac0adfc7775d1e4676a1949c154c7755bf44f,1,9,playstation 4 nieuw,sony,,False,sony__toks__playstation-nieuw,playstation 4 nieuw | sony | 0,644,1,playstation nieuw
Ni no kuni 1 et 2 ps4 neuf,63.7,No brand,0,https://www.vinted.it/items/8095430835-ni-no-kuni-1-et-2-ps4-neuf?referrer=catalog,2,8095430835,On Sale,,,https://images1.vinted.net/t/01_002a7_6czZtHWsGj2YwUNrjohkhfnJ/310x430/1770157879.webp?s=3f140b8fc3587dde8d36b303ca2e68c36805c238,1,9,ni no kuni 1 et 2 ps4 neuf,no brand,,False,no brand__toks__ni-no,ni no kuni 1 et 2 ps4 neuf | no brand | 0,299,1,ni no kuni et ps4 neuf
Bloodstained 2 curse of the moon ps4 neuf,47.95,No brand,0,https://www.vinted.it/items/8095420755-bloodstained-2-curse-of-the-moon-ps4-neuf?referrer=catalog,2,8095420755,On Sale,,,https://images1.vinted.net/t/06_02541_LmGGNzq5pXpCcpTEQCCMQE2E/310x430/1770157691.webp?s=1e5f1fe0d1a1c0f8e187fcaab28a767c9b2095b1,1,9,bloodstained 2 curse of the moon ps4 neuf,no brand,,False,no brand__toks__bloodstained-curse,bloodstained 2 curse of the moon ps4 neuf | no brand | 0,122,7,bloodstained curse of the moon nintendo switch ps4
PS4 PlayStation 4,42.7,No brand,0,https://www.vinted.it/items/8095401911-ps4-playstation-4-1-0-fifa-play-station-bari?referrer=catalog,0,8095401911,On Sale,,,https://images1.vinted.net/t/04_011f0_mALbSb6ST7q61BsZeBft7aMc/310x430/1770157358.webp?s=e53f5a2a3b903782bb648dc3aebfd21096bf3894,1,9,ps4 playstation 4,no brand,,False,no brand__toks__ps4-playstation,ps4 playstation 4 | no brand | 0,337,3,ps4 playstation
PlayStation 4 con 4 giochi e due joystick,110.95,PlayStation,0,https://www.vinted.it/items/8095376065-playstation-4-con-4-giochi-e-due-joystick?referrer=catalog,3,8095376065,On Sale,,,https://images1.vinted.net/t/02_02273_MUCvFT39HYQxGu7nsWBHYNN4/310x430/1770156926.webp?s=8e2696321a5f7b6897a8e5af940ec6a7064bec62,1,9,playstation 4 con 4 giochi e due joystick,playstation,,False,playstation__toks__playstation-con,playstation 4 con 4 giochi e due joystick | playstation | 0,510,1,playstation con giochi due joystick
Manette Victrix Ps4/Ps5/PC avec bouton arrière,137.2,PlayStation,0,https://www.vinted.it/items/8095316650-manette-victrix-ps4ps5pc-avec-bouton-arriere?referrer=catalog,0,8095316650,On Sale,,,https://images1.vinted.net/t/05_025c3_wdTzotUckkuofhbb8pcCXUPz/310x430/1770156029.webp?s=cb2c7366a38e63fbbace57a0271ed0affbf02191,1,9,manette victrix ps4 ps5 pc avec bouton arriere,playstation,,False,playstation__toks__manette-victrix,manette victrix ps4 ps5 pc avec bouton arriere | playstation | 0,498,1,manette victrix ps4 ps5 pc avec bouton arriere
Persona 5 Take Your Heart Premium PS4 Precintado,183.86,No brand,0,https://www.vinted.it/items/8095225407-persona-5-take-your-heart-premium-ps4-precintado?referrer=catalog,1,8095225407,On Sale,,,https://images1.vinted.net/t/05_01aad_kHhHJtt2tNu2M3rzsnVzsMw9/310x430/1770154842.webp?s=4ab74746053471424e6dbd4c889317ed650eacc5,1,9,persona 5 take your heart premium ps4 precintado,no brand,,False,no brand__toks__persona-take,persona 5 take your heart premium ps4 precintado | no brand | 0,315,1,persona take your heart premium ps4 precintado
Casque Ps4,74.2,PlayStation,0,https://www.vinted.it/items/8095182238-casque-ps4?referrer=catalog,0,8095182238,On Sale,,,https://images1.vinted.net/t/01_00eda_oxA8JsyRZibfANvMiWJZ713Z/310x430/1770154338.webp?s=e28d753bf55f82b265f664d64ebe88b6239ffb59,1,9,casque ps4,playstation,,False,playstation__toks__casque-ps4,casque ps4 | playstation | 0,469,1,casque ps4
Volante + Pedales Gaming [Modelo del Volante] - Impecable (PS5/PS4/PC),79.45,PlayStation,0,https://www.vinted.it/items/8095090693-volante-pedales-gaming-modelo-del-volante-impecable-ps5ps4pc?referrer=catalog,1,8095090693,On Sale,,,https://images1.vinted.net/t/06_0082f_s2urXhySQzSFpB93M6CUatkU/310x430/1770153362.webp?s=db2514ba17c0ee87c6de50566d82271d22ea0b0e,1,9,volante pedales gaming modelo del volante impecable ps5 ps4 pc,playstation,,False,playstation__toks__volante-pedales,volante pedales gaming modelo del volante impecable ps5 ps4 pc | playstation | 0,571,1,volante pedales gaming modelo del impecable ps5 ps4
volante  thrustmaster t80,47.95,Thrustmaster,0,https://www.vinted.it/items/8095080086-volante-thrustmaster-t80?referrer=catalog,1,8095080086,On Sale,,,https://images1.vinted.net/t/01_001d8_17ZJKcSuo6WR9zeLQF1kKn6m/310x430/1770153253.webp?s=da5bba018cbc69ab422ff10919819fcbb95e3bd2,1,9,volante thrustmaster t80,thrustmaster,,False,thrustmaster__codes__t80,volante thrustmaster t80 | thrustmaster | 0,683,4,t80 volante thrustmaster ps4 ps5 volant trusmaster pedale
Casque sans fil pour PS5 et PS4,47.95,Pdp,0,https://www.vinted.it/items/8095050048-casque-sans-fil-pour-ps5-et-ps4?referrer=catalog,2,8095050048,On Sale,,,https://images1.vinted.net/t/05_00c12_hpvkq2AFy5UM1y9CgH3eZ1LB/310x430/1770152952.webp?s=53e2400b025efba64226a762eab0589bc272e5ec,1,9,casque sans fil pour ps5 et ps4,pdp,,False,pdp__toks__casque-sans,casque sans fil pour ps5 et ps4 | pdp | 0,452,1,casque sans fil pour ps5 et ps4
Volante simulador Ps4,58.45,Hori,0,https://www.vinted.it/items/8095029857-volante-simulador-ps4?referrer=catalog,1,8095029857,On Sale,,,https://images1.vinted.net/t/05_022ce_4Aq9Nu2FdGJTwxabdBbkV8EK/310x430/1770152757.webp?s=eaaaac43cb00e2da60ccd358a45563f64d0e4960,1,9,volante simulador ps4,hori,,False,hori__toks__volante-simulador,volante simulador ps4 | hori | 0,33,1,volante simulador ps4
Streets of Rage 4 (Limited Run - Signature Édition) - PS4,131.95,No brand,0,https://www.vinted.it/items/8049771564-streets-of-rage-4-limited-run-signature-edition-ps4?referrer=catalog,4,8049771564,On Sale,,,https://images1.vinted.net/t/03_00271_cKNVB66jH28fdVLUo3fNTQoF/310x430/1769633679.webp?s=2e638949391a2c42d7753582d09951e3a3d12be5,1,9,streets of rage 4 limited run signature edition ps4,no brand,,False,no brand__toks__streets-of,streets of rage 4 limited run signature edition ps4 | no brand | 0,390,2,streets of rage sony playstation limited run signature
Play station 4,95.2,PlayStation,0,https://www.vinted.it/items/8094990928-play-station-4?referrer=catalog,0,8094990928,On Sale,,,https://images1.vinted.net/t/04_00610_UGemQkwDWiJ2KTKYo4NbX41T/310x430/1770152385.webp?s=8b7b91de389664328d97a60d8c72b53cb63725e7,1,9,play station 4,playstation,,False,playstation__toks__play-station,play station 4 | playstation | 0,504,5,play station
Divinity Original Sins 2 Ps4,42.7,No brand,0,https://www.vinted.it/items/8094975410-divinity-original-sins-2-ps4?referrer=catalog,1,8094975410,On Sale,,,https://images1.vinted.net/t/06_00d69_6xDaVVt3FEN9uuZYtrFio4T9/310x430/1770152243.webp?s=e6811679a1f374baf7ccd724d2b9a37ecb52335e,1,9,divinity original sins 2 ps4,no brand,,False,no brand__toks__divinity-original,divinity original sins 2 ps4 | no brand | 0,174,1,divinity original sins ps4
Inside + limbo PS4,47.95,No brand,0,https://www.vinted.it/items/8094923782-inside-limbo-ps4?referrer=catalog,20,8094923782,On Sale,,,https://images1.vinted.net/t/06_02431_ib7h9wWRGP86Tufv7ZDdbeHG/310x430/1770151778.webp?s=35ec5353bc3c538804fbc787848cedb9643dcbb7,1,9,inside limbo ps4,no brand,,False,no brand__toks__inside-limbo,inside limbo ps4 | no brand | 0,226,1,inside limbo ps4
Deux jeux ps4 et 1 ps5 avec un code de transfert,89.95,PlayStation,0,https://www.vinted.it/items/8094856516-deux-jeux-ps4-et-1-ps5-avec-un-code-de-transfert?referrer=catalog,0,8094856516,On Sale,,,https://images1.vinted.net/t/06_01728_PFc36vUKuA4GfJ7fdvh3judw/310x430/1770151193.webp?s=be3b53f276c8bd12348b459925b2268b5f893be0,1,9,deux jeux ps4 et 1 ps5 avec un code de transfert,playstation,,False,playstation__toks__deux-jeux,deux jeux ps4 et 1 ps5 avec un code de transfert | playstation | 0,484,1,deux jeux ps4 et ps5 avec un code
Skylanders Imaginators Grave Clobber,42.7,Activision,0,https://www.vinted.it/items/8094804969-skylanders-imaginators-grave-clobber?referrer=catalog,7,8094804969,On Sale,,,https://images1.vinted.net/t/06_02064_VzDJf8jjrVf23aoutZdSWz7g/310x430/1770150760.webp?s=c1c19a260caf60eae86a87a5685ee22ca9af6f95,1,9,skylanders imaginators grave clobber,activision,,False,activision__toks__skylanders-imaginators,skylanders imaginators grave clobber | activision | 0,1,1,skylanders imaginators grave clobber
Yakuza 6 Premium Edition - Nuevo Precintado,183.63,No brand,0,https://www.vinted.it/items/8094703450-yakuza-6-premium-edition-nuevo-precintado?referrer=catalog,6,8094703450,On Sale,,,https://images1.vinted.net/t/06_02296_KDGH9JPamh2kzYNdRZsjsu3S/310x430/1770149936.webp?s=161f1adca755060c29655ec0d4def986687f26a8,1,9,yakuza 6 premium edition nuevo precintado,no brand,,False,no brand__toks__yakuza-premium,yakuza 6 premium edition nuevo precintado | no brand | 0,443,1,yakuza premium edition nuevo precintado
Coffret collector ps4 Neuf 🎀,52.15,No brand,0,https://www.vinted.it/items/8094672037-coffret-collector-ps4-neuf?referrer=catalog,8,8094672037,On Sale,,,https://images1.vinted.net/t/03_0220a_y4xp3ovbFHP5WGvgyTJJHy6P/310x430/1770149695.webp?s=5de4128fc6fa589b57bc8bf54518b32f6090eaf7,1,9,coffret collector ps4 neuf,no brand,,False,no brand__toks__coffret-collector,coffret collector ps4 neuf | no brand | 0,146,2,coffret collector ps4 the last of us part
Play station 4,137.2,PlayStation,0,https://www.vinted.it/items/8094638320-play-station-4?referrer=catalog,2,8094638320,On Sale,,,https://images1.vinted.net/t/04_00196_vJUhzYHrXwe6vdz7EKyZCB5J/310x430/1770149433.webp?s=c378bb8ae598c652854fe0af23baddc17fe2228f,1,9,play station 4,playstation,,False,playstation__toks__play-station,play station 4 | playstation | 0,504,5,play station
Claudie Pierlot Grey Wool Coat - Goodys Bis - Size 34 (XS),227.5,Claudie Pierlot,XS / IT 38 / EU 34,https://www.vinted.it/items/8094566247-claudie-pierlot-grey-wool-coat-goodys-bis-size-34-xs?referrer=catalog,20,8094566247,On Sale,,,https://images1.vinted.net/t/06_00a89_1qyJ6pvZ3xjdQ1bJp9BSrnUW/310x430/1770148875.webp?s=4d59e9a35efe422893a77d067d0f3554d507d820,1,9,claudie pierlot grey wool coat goodys bis size 34 xs,claudie pierlot,,False,claudie pierlot__codes__34,claudie pierlot grey wool coat goodys bis size 34 xs | claudie pierlot | XS / IT 38 / EU 34,11,1,claudie pierlot grey wool coat goodys bis size
Analog Controller Crystal PS1,68.95,Sony,0,https://www.vinted.it/items/8094530008-analog-controller-crystal-ps1?referrer=catalog,3,8094530008,On Sale,,,https://images1.vinted.net/t/03_011c2_JAryVzATaERmTi64A7NZHNk5/310x430/1770150773.webp?s=34007e311fd982f0674474f3c160870305a623b6,1,9,analog controller crystal ps1,sony,,False,sony__toks__analog-controller,analog controller crystal ps1 | sony | 0,617,1,analog controller crystal ps1
Pes Pro Evolution Soccer 2015 PS4,53.2,No brand,0,https://www.vinted.it/items/8094525224-pes-pro-evolution-soccer-2015-ps4?referrer=catalog,0,8094525224,On Sale,,,https://images1.vinted.net/t/06_01c9c_zyz6hcUgxs1UWEJLaM3Sf2HU/310x430/1770148559.webp?s=0b5049d1fac817840b2c02210cddd9e9aee2cb00,1,9,pes pro evolution soccer 2015 ps4,no brand,,False,no brand__codes__2015,pes pro evolution soccer 2015 ps4 | no brand | 0,84,1,pes pro evolution soccer 2015 ps4
Final Fantasy X X-2 HD Limited Edition Precintado,105.7,No brand,0,https://www.vinted.it/items/8094374411-final-fantasy-x-x-2-hd-limited-edition-precintado?referrer=catalog,9,8094374411,On Sale,,,https://images1.vinted.net/t/05_003a0_UttqgD8f1ih2Vx98mPUYJ2WN/310x430/1770147416.webp?s=d786e9154c5ed7183f3fb9af11730b9a4a6c80da,1,9,final fantasy x x 2 hd limited edition precintado,no brand,,False,no brand__toks__final-fantasy,final fantasy x x 2 hd limited edition precintado | no brand | 0,194,7,final fantasy edition ps4 remake deluxe vii precintado
Hades ps4 italiano nuovo,84.7,No brand,0,https://www.vinted.it/items/8094360768-hades-ps4-italiano-nuovo?referrer=catalog,1,8094360768,On Sale,,,https://images1.vinted.net/t/05_01cf2_C4kj2tPLDBPRWDFwtDjSzJqu/310x430/1770147313.webp?s=c8adb50db3930f0f9a1f63fa6aeff88a4a2d1d99,1,9,hades ps4 italiano nuovo,no brand,,False,no brand__toks__hades-ps4,hades ps4 italiano nuovo | no brand | 0,216,1,hades ps4 italiano nuovo
PlayStation 4,131.95,PlayStation,0,https://www.vinted.it/items/8094286155-playstation-4?referrer=catalog,1,8094286155,On Sale,,,https://images1.vinted.net/t/06_00a91_5PCqRTEAo7EmZ2FDp6W5WTsX/310x430/1770146742.webp?s=c26a0ef7b1e047145ea5a3c5b2eb25b37c4b5932,1,9,playstation 4,playstation,,False,playstation__toks__playstation,playstation 4 | playstation | 0,506,15,playstation
Volante ps4 rwa,105.7,Logitech,0,https://www.vinted.it/items/8094267223-volante-ps4-rwa?referrer=catalog,0,8094267223,On Sale,,,https://images1.vinted.net/t/01_005ef_hGKSX9JDLXJEqCvGoxr9rBpM/310x430/1770146595.webp?s=46f665ee945bcb7a37d32bd035632d93053c063f,1,9,volante ps4 rwa,logitech,,False,logitech__toks__volante-ps4,volante ps4 rwa | logitech | 0,56,1,volante ps4 rwa
Detroit Become Human PS4 Precintado,42.7,No brand,0,https://www.vinted.it/items/8094218413-detroit-become-human-ps4-precintado?referrer=catalog,3,8094218413,On Sale,,,https://images1.vinted.net/t/06_00da9_ZZbaJMcQWHHD6bWuKm1LganX/310x430/1770146216.webp?s=a5254c5968f40d711b88960b4055627d1297ca03,1,9,detroit become human ps4 precintado,no brand,,False,no brand__toks__detroit-become,detroit become human ps4 precintado | no brand | 0,169,2,detroit become human ps4 precintado the last of
SpiderMan GoTYe PS4 Precintado,53.2,No brand,0,https://www.vinted.it/items/8094199832-spiderman-gotye-ps4-precintado?referrer=catalog,4,8094199832,On Sale,,,https://images1.vinted.net/t/04_01595_44V2QXQqHhvBkvVatbedbfrT/310x430/1770146071.webp?s=1dbbb20563999761a050a3eaffc10442c94a6372,1,9,spiderman gotye ps4 precintado,no brand,,False,no brand__toks__spiderman-gotye,spiderman gotye ps4 precintado | no brand | 0,380,1,spiderman gotye ps4 precintado
Hitman Édition Steelbook (PS4),52.15,No brand,0,https://www.vinted.it/items/8094151876-hitman-edition-steelbook-ps4-square-enix?referrer=catalog,55,8094151876,On Sale,,,https://images1.vinted.net/t/01_002a7_3ZueYSkZTCh5zWNjDsJwApK1/310x430/1770145703.webp?s=1dfcfe18762aa36c4dccdf7261f13d4bf566c95f,1,9,hitman edition steelbook ps4,no brand,,False,no brand__toks__hitman-edition,hitman edition steelbook ps4 | no brand | 0,219,1,hitman edition steelbook ps4
Console Sony Playstation 4 PRO Nera 1TB FW13.02 + Controller + Cavi,137.1,Sony,0,https://www.vinted.it/items/8094088159-console-sony-playstation-4-pro-nera-1tb-fw1302-controller-cavi?referrer=catalog,12,8094088159,On Sale,,,https://images1.vinted.net/t/06_01e0a_JxaqeQwRdf4AykZeHSamrudK/310x430/1770145212.webp?s=ebdcf611f293747078c6f3d14f6f9ae660abf55f,1,9,console sony playstation 4 pro nera 1tb fw13 02 controller cavi,sony,,False,sony__codes__fw13-02,console sony playstation 4 pro nera 1tb fw13 02 controller cavi | sony | 0,615,1,console sony playstation pro nera 1tb fw13 02
Detroit Become Human & The Last of Us (PS4),42.7,No brand,0,https://www.vinted.it/items/8094053206-detroit-become-human-the-last-of-us-ps4?referrer=catalog,63,8094053206,On Sale,,,https://images1.vinted.net/t/04_01649_Qeb89ko8J2BsfQcgmNFYFL7L/310x430/1770144949.webp?s=efab909eb01bddb23e4f0503400b8b5df85b99ea,1,9,detroit become human the last of us ps4,no brand,,False,no brand__toks__detroit-become,detroit become human the last of us ps4 | no brand | 0,169,2,detroit become human ps4 precintado the last of
Volante Ps4/Ps5,47.95,Apex,0,https://www.vinted.it/items/8094047542-volante-ps4ps5?referrer=catalog,0,8094047542,On Sale,,,https://images1.vinted.net/t/05_0233c_jEyespDzVW65NsrsRkNnahdr/310x430/1770144905.webp?s=9266585adb7f0f45374fc3849381e144895565dc,1,9,volante ps4 ps5,apex,,False,apex__toks__volante-ps4,volante ps4 ps5 | apex | 0,4,1,volante ps4 ps5
Call of Duty Modern Warfare III,53.2,No brand,0,https://www.vinted.it/items/8093985087-call-of-duty-modern-warfare-iii?referrer=catalog,0,8093985087,On Sale,,,https://images1.vinted.net/t/05_0218e_6YXe1c7EKRjK7ELeu7y1qRxe/310x430/1770144435.webp?s=a79b3069364afedd2aa20d870cab99a98c1655c7,1,9,call of duty modern warfare iii,no brand,,False,no brand__toks__call-of,call of duty modern warfare iii | no brand | 0,133,3,call of duty warfare modern infinite edition legacy
Alan Wake ps4 neuf,105.7,No brand,0,https://www.vinted.it/items/8093943427-alan-wake-ps4-neuf?referrer=catalog,6,8093943427,On Sale,,,https://images1.vinted.net/t/05_018bf_a7TzcNwFf9AUNCjXNRLaztaP/310x430/1770144122.webp?s=f30ec91688bee0515feb2326206f054d4ee89271,1,9,alan wake ps4 neuf,no brand,,False,no brand__toks__alan-wake,alan wake ps4 neuf | no brand | 0,98,1,alan wake ps4 neuf
Juegos PS4,53.2,No brand,0,https://www.vinted.it/items/8093931836-juegos-ps4?referrer=catalog,0,8093931836,On Sale,,,https://images1.vinted.net/t/06_01fe6_9pHf4qrpd6YpZuDwEUxuoKxZ/310x430/1770144036.webp?s=ba97de0112a3dd3b6c94531413c372c3bba3fa7f,1,9,juegos ps4,no brand,,False,no brand__toks__juegos-ps4,juegos ps4 | no brand | 0,255,2,juegos ps4
Sniper Elite Resistance PS4,42.7,No brand,0,https://www.vinted.it/items/8093848991-sniper-elite-resistance-ps4?referrer=catalog,14,8093848991,On Sale,,,https://images1.vinted.net/t/05_00700_Wd6zEs7JRJt9zxVcrwB721af/310x430/1770143416.webp?s=0f42fb4f44ca40a68c72f34d4e5cdb695e40dd1e,1,9,sniper elite resistance ps4,no brand,,False,no brand__toks__sniper-elite,sniper elite resistance ps4 | no brand | 0,376,1,sniper elite resistance ps4
Volante Krom K-Wheel + Pedales (PC / PS4 / Xbox / PS3),42.7,krom,0,https://www.vinted.it/items/8093769923-volante-krom-k-wheel-pedales-pc-ps4-xbox-ps3?referrer=catalog,2,8093769923,On Sale,,,https://images1.vinted.net/t/06_0014c_VkJabdWTNg2UARM35iDmtsC8/310x430/1770142826.webp?s=67f1ac7e045491e5066bcfccde2518f2fcc16656,1,9,volante krom k wheel pedales pc ps4 xbox ps3,krom,,False,krom__toks__volante-krom,volante krom k wheel pedales pc ps4 xbox ps3 | krom | 0,42,1,volante krom wheel pedales pc ps4 xbox ps3
Metal Slug Anthology PS4,53.2,No brand,0,https://www.vinted.it/items/8093665934-metal-slug-anthology-ps4?referrer=catalog,0,8093665934,On Sale,,,https://images1.vinted.net/t/06_015ae_bU4PwWgp9bFejapJ2T84qUFc/310x430/1770142061.webp?s=5aa67cffccd68d421bd7efe87ba10eab539ba870,1,9,metal slug anthology ps4,no brand,,False,no brand__toks__metal-slug,metal slug anthology ps4 | no brand | 0,292,2,metal slug ps4 xx anthology
Controller pS4,58.45,PlayStation,0,https://www.vinted.it/items/8093650505-controller-ps4?referrer=catalog,2,8093650505,On Sale,,,https://images1.vinted.net/t/06_0022e_V3PokQQv388iiPyoyFBypdr9/310x430/1770141947.webp?s=499622cc5c6813638b31a7aa56adcaf976846edd,1,9,controller ps4,playstation,,False,playstation__toks__controller-ps4,controller ps4 | playstation | 0,479,3,controller ps4
Volant Subsonic Racing /Pédalier,95.2,Subsonic,0,https://www.vinted.it/items/8093591138-volant-subsonic-racing-pedalier?referrer=catalog,0,8093591138,On Sale,,,https://images1.vinted.net/t/06_00abf_8RtFu8Naqw67hWLWZ6MchLQj/310x430/1770141512.webp?s=28f53d6c7731b8be16f5f844ad5efb9a60e3d4c9,1,9,volant subsonic racing pedalier,subsonic,,False,subsonic__toks__volant-subsonic,volant subsonic racing pedalier | subsonic | 0,674,1,volant subsonic racing pedalier
(PS4) Batbarian: Testament of the Primordials de PlayStation 4*,63.65,No brand,0,https://www.vinted.it/items/8093588754-ps4-batbarian-testament-of-the-primordials-de-playstation-4?referrer=catalog,1,8093588754,On Sale,,,https://images1.vinted.net/t/06_002e9_xLfYKQ2xiPq8G3Rr4Pgqd863/310x430/1770141494.webp?s=2bc5be4b3a45975afbba93c64d77a22d20f0d78c,1,9,ps4 batbarian testament of the primordials de playstation 4,no brand,,False,no brand__toks__ps4-batbarian,ps4 batbarian testament of the primordials de playstation 4 | no brand | 0,329,1,ps4 batbarian testament of the primordials de playstation
PlayStation 4,158.2,PlayStation,0,https://www.vinted.it/items/8093492480-playstation-4?referrer=catalog,1,8093492480,On Sale,,,https://images1.vinted.net/t/05_004a1_xh6MkpSqWVoM4moABTaaEPTw/310x430/1770140796.webp?s=c33336f92ae667c85c3a652e80cdc2992a9a4ecb,1,9,playstation 4,playstation,,False,playstation__toks__playstation,playstation 4 | playstation | 0,506,15,playstation
The division+ horizon+rainbowsix|siege,42.7,No brand,0,https://www.vinted.it/items/8093475617-the-division-horizonrainbowsixsiege?referrer=catalog,3,8093475617,On Sale,,,https://images1.vinted.net/t/05_026e4_RdmH47RQjhT2Gh83rFYCi9Ce/310x430/1770140673.webp?s=ceeff5bcc22186d1d449f658e0c803e10b8ef9cb,1,9,the division horizon rainbowsix siege,no brand,,False,no brand__toks__the-division,the division horizon rainbowsix siege | no brand | 0,400,1,the division horizon rainbowsix siege
Call of Cthulhu - PROMO - ps4,42.7,No brand,0,https://www.vinted.it/items/8093403297-call-of-cthulhu-promo-ps4?referrer=catalog,2,8093403297,On Sale,,,https://images1.vinted.net/t/06_02447_ykTvabWmJFbJ6Q7V5Eys8Xpv/310x430/1770140148.webp?s=d2e1fbeee085ddf66b4f53582fd49fc19870d9ae,1,9,call of cthulhu promo ps4,no brand,,False,no brand__toks__call-of,call of cthulhu promo ps4 | no brand | 0,134,1,call of cthulhu promo ps4
Volant,84.7,superdrive,0,https://www.vinted.it/items/8093402738-volant-pedales-et-levier-de-vitesse-simulateur-superdrive?referrer=catalog,0,8093402738,On Sale,,,https://images1.vinted.net/t/06_011b2_7r8F7mSpigkV5JpPFyed3bDJ/310x430/1770140144.webp?s=f97eada1bcebbbf21f8a8db139fd3746e225be1e,1,9,volant,superdrive,,False,superdrive__toks__volant,volant | superdrive | 0,675,1,volant
Heartstome Keepsake box,714.0,Keepsake,0,https://www.vinted.it/items/8093373546-heartstome-keepsake-box?referrer=catalog,1,8093373546,On Sale,,,https://images1.vinted.net/t/06_00b18_CLdGkGqogMXteYEtWKVaLEXg/310x430/1770139935.webp?s=6f33e730be363f154a4aafa3016109660d5c2be7,1,9,heartstome keepsake box,keepsake,,False,keepsake__toks__heartstome-keepsake,heartstome keepsake box | keepsake | 0,41,1,heartstome keepsake box
Fist of the North Star: Lost Paradise - PROMO - ps4,53.2,No brand,0,https://www.vinted.it/items/8093346612-fist-of-the-north-star-lost-paradise-promo-ps4?referrer=catalog,0,8093346612,On Sale,,,https://images1.vinted.net/t/06_0104b_3AxBW47r7xGe3dbscW7Kq6bA/310x430/1770139739.webp?s=954b88c86593f497c1b4b305c28c06bba3767444,1,9,fist of the north star lost paradise promo ps4,no brand,,False,no brand__toks__fist-of,fist of the north star lost paradise promo ps4 | no brand | 0,197,2,fist of the north star lost paradise ps4
Valkyrie Chronicles 4 - PROMO - ps4,42.7,No brand,0,https://www.vinted.it/items/8093313567-valkyrie-chronicles-4-promo-ps4?referrer=catalog,0,8093313567,On Sale,,,https://images1.vinted.net/t/05_0206c_Xbw33d6XGsMCAyDy1nBpckcg/310x430/1770139500.webp?s=d5f6b46c9415e10bac1c6c9f36df7edb1ea026b5,1,9,valkyrie chronicles 4 promo ps4,no brand,,False,no brand__toks__valkyrie-chronicles,valkyrie chronicles 4 promo ps4 | no brand | 0,424,1,valkyrie chronicles promo ps4
Racing wheel playstation 4,105.7,PlayStation,0,https://www.vinted.it/items/8093205685-racing-wheel-playstation-4?referrer=catalog,0,8093205685,On Sale,,,https://images1.vinted.net/t/05_024aa_SW1f9LSk6HcgbMySQ7b1ANWc/310x430/1770138727.webp?s=6063ccc45dc3943ce98f9facc06d90b8c5e1ec61,1,9,racing wheel playstation 4,playstation,,False,playstation__toks__racing-wheel,racing wheel playstation 4 | playstation | 0,554,1,racing wheel playstation
Ps4 slim 500gb,168.7,Sony,0,https://www.vinted.it/items/8093195198-ps4-slim-500gb?referrer=catalog,1,8093195198,On Sale,,,https://images1.vinted.net/t/05_020d1_F6stTTepPEZbY9xCtyM3eQfL/310x430/1770138656.webp?s=8a1124b5cceb95fca9bdc748d7cc4fc944a7a1eb,1,9,ps4 slim 500gb,sony,,False,sony__toks__ps4-slim,ps4 slim 500gb | sony | 0,664,2,ps4 slim 500gb to
Virtua tennis 4 pack ultra rare,89.85,PlayStation,0,https://www.vinted.it/items/8018449866-virtua-tennis-4-pack-ultra-rare?referrer=catalog,8,8018449866,On Sale,,,https://images1.vinted.net/t/01_01274_uwKqBr3PAgejGJatUGbnM52H/310x430/1769285029.webp?s=cdffaf9dc22e07effc64447afc4896bd4b21cc4d,1,9,virtua tennis 4 pack ultra rare,playstation,,False,playstation__toks__virtua-tennis,virtua tennis 4 pack ultra rare | playstation | 0,562,1,virtua tennis pack ultra rare
Asterix & Obelix: Slap Them All! Ultra Collector's Edition for Playstation 4 / PS4,74.19,No brand,0,https://www.vinted.it/items/8093091415-asterix-obelix-slap-them-all-ultra-collectors-edition-for-playstation-4-ps4?referrer=catalog,0,8093091415,On Sale,,,https://images1.vinted.net/t/06_0115c_pbxndzgEx1DVjXCrt56LSQKP/310x430/1770137921.webp?s=e6a2b747a63c5775e121337e44b5c2de03bb1d34,1,9,asterix obelix slap them all ultra collector s edition for playstation 4 ps4,no brand,,False,no brand__toks__asterix-obelix,asterix obelix slap them all ultra collector s edition for playstation 4 ps4 | no brand | 0,108,1,asterix obelix slap them all ultra collector edition
Red Dead Redemption 2 Game of The Year PS4 Sigillato Nuovo,42.7,No brand,0,https://www.vinted.it/items/8093031109-red-dead-redemption-2-game-of-the-year-ps4-sigillato-nuovo?referrer=catalog,1,8093031109,On Sale,,,https://images1.vinted.net/t/04_01e70_JpHTKQi4Q8r4y3FYCD7vAjN2/310x430/1770137501.webp?s=7e245f2e4d30ac8f60e9f1ee81af30e19469b693,1,9,red dead redemption 2 game of the year ps4 sigillato nuovo,no brand,,False,no brand__toks__red-dead,red dead redemption 2 game of the year ps4 sigillato nuovo | no brand | 0,352,3,red redemption dead ps4 brand new sealed game
Controller PS4 RED,42.7,Sony,0,https://www.vinted.it/items/8092976363-controller-ps4-red?referrer=catalog,0,8092976363,On Sale,,,https://images1.vinted.net/t/05_01419_9GB62VYdKiBt6uusTquyobZn/310x430/1770137118.webp?s=865d53beefa888d2f33fbc9c4315f5357b26546e,1,9,controller ps4 red,sony,,False,sony__toks__controller-ps4,controller ps4 red | sony | 0,619,1,controller ps4 red
Sony Playstation 5,368.2,Sony,0,https://www.vinted.it/items/8092963297-sony-playstation-5?referrer=catalog,2,8092963297,On Sale,,,https://images1.vinted.net/t/04_01a21_eqo5qaW1BeS6ZMnbmcEUDFB2/310x430/1770137027.webp?s=dc98d1a96f524f316d6d67a559d298807201d8c9,1,9,sony playstation 5,sony,,False,sony__toks__sony-playstation,sony playstation 5 | sony | 0,666,4,sony playstation slim joystick tb controller console memory
Ecouteurs Sony Pulse explore PS5 Neuf scellé,137.2,Sony,0,https://www.vinted.it/items/8092867829-ecouteurs-sony-pulse-explore-ps5-neuf-scelle?referrer=catalog,13,8092867829,On Sale,,,https://images1.vinted.net/t/04_0043f_AND6y2QNMBB5TW9o7LwaQ9aZ/310x430/1770136367.webp?s=19eec42d9fe925b4b8c8c8ed20695e1f95cce3dd,1,9,ecouteurs sony pulse explore ps5 neuf scelle,sony,,False,sony__toks__ecouteurs-sony,ecouteurs sony pulse explore ps5 neuf scelle | sony | 0,624,1,ecouteurs sony pulse explore ps5 neuf scelle
Volante e pedali PS4 con gioco Gran turismo,53.2,Xtreme,0,https://www.vinted.it/items/8092766566-volante-e-pedali-ps4-con-gioco-gran-turismo?referrer=catalog,10,8092766566,On Sale,,,https://images1.vinted.net/t/06_01f47_FMD41GBdgVhsXc78jvK8GFsa/310x430/1770135681.webp?s=b366add6834114009c98a701ac64770ce25e00a3,1,9,volante e pedali ps4 con gioco gran turismo,xtreme,,False,xtreme__toks__volante-pedali,volante e pedali ps4 con gioco gran turismo | xtreme | 0,706,1,volante pedali ps4 con gioco gran turismo
Vélo Avengers Marvel 12 pouce neuf avec son emballage,95.2,MARVEL AVENGERS,0,https://www.vinted.it/items/8092794451-velo-avengers-marvel-12-pouce-neuf-avec-son-emballage?referrer=catalog,3,8092794451,On Sale,,,https://images1.vinted.net/t/05_00005_Anb49B8BoAgWFFeYLtSADhya/310x430/1770135871.webp?s=ec7e1591d86f5c1908ce7ae62fdd7341e779b3b7,1,9,velo avengers marvel 12 pouce neuf avec son emballage,marvel avengers,,False,marvel avengers__codes__12,velo avengers marvel 12 pouce neuf avec son emballage | marvel avengers | 0,60,1,velo avengers marvel 12 pouce neuf avec son
Volante con Pedales PS4,116.2,Hori,0,https://www.vinted.it/items/8092751643-volante-con-pedales-ps4?referrer=catalog,1,8092751643,On Sale,,,https://images1.vinted.net/t/06_006c0_K99VQGqQRhW5qNvB98sDG74N/310x430/1770135583.webp?s=4a9e4b0b5696ca2620e437f811e1c37f40ee5903,1,9,volante con pedales ps4,hori,,False,hori__toks__volante-con,volante con pedales ps4 | hori | 0,26,1,volante con pedales ps4
Trust headset GXT 498B Forta Roos,47.95,Trust,0,https://www.vinted.it/items/8092682327-trust-headset-gxt-498b-forta-roos?referrer=catalog,0,8092682327,On Sale,,,https://images1.vinted.net/t/03_00615_RmbsNweoJ12cS9tjSEC3Erjj/310x430/1770135109.webp?s=770b6ed926e7ca04186c224f14c7f1380112ef4f,1,9,trust headset gxt 498b forta roos,trust,,False,trust__toks__trust-headset,trust headset gxt 498b forta roos | trust | 0,699,1,trust headset gxt 498b forta roos
Ps4 slim 1Tb (je kan altijd bieden),105.7,Sony,0,https://www.vinted.it/items/8092709342-ps4-slim-1tb-je-kan-altijd-bieden?referrer=catalog,0,8092709342,On Sale,,,https://images1.vinted.net/t/05_02234_TPhBokw3DTfq7EXgwzSM86EE/310x430/1770135293.webp?s=e3180b8633b9047ee3b7ced887e1de6c060b7f2c,1,9,ps4 slim 1tb je kan altijd bieden,sony,,False,sony__toks__ps4-slim,ps4 slim 1tb je kan altijd bieden | sony | 0,665,1,ps4 slim 1tb je kan altijd bieden
PS4 PRO,189.7,Sony,0,https://www.vinted.it/items/8092683067-ps4-pro?referrer=catalog,0,8092683067,On Sale,,,https://images1.vinted.net/t/05_01c4b_tJ9hHATBCfjAFVF7kdHjU3Jg/310x430/1770135115.webp?s=a3a9b2966b85a30b2c990bcdee4710235f012b28,1,9,ps4 pro,sony,,False,sony__toks__ps4-pro,ps4 pro | sony | 0,661,4,ps4 pro terabyte 1to comme neuve
Aim controller,63.7,PlayStation,0,https://www.vinted.it/items/8092665337-aim-controller?referrer=catalog,0,8092665337,On Sale,,,https://images1.vinted.net/t/06_0021a_XCeYyCFThEhnMr4NWZRLn4ji/310x430/1770134992.webp?s=399f913001c3f4c70e7196d584c9c607bc88497d,1,9,aim controller,playstation,,False,playstation__toks__aim-controller,aim controller | playstation | 0,468,1,aim controller
Gioco PS4 Diablo IV,42.7,No brand,0,https://www.vinted.it/items/8092630284-gioco-ps4-diablo-iv?referrer=catalog,0,8092630284,On Sale,,,https://images1.vinted.net/t/01_013cb_AbCWVtmi1SX5eQ6BVqor57u7/310x430/1770134752.webp?s=12cfb347b8b316615645d61fdd461677473b9a74,1,9,gioco ps4 diablo iv,no brand,,False,no brand__toks__gioco-ps4,gioco ps4 diablo iv | no brand | 0,207,1,gioco ps4 diablo iv
FC 26 - PS4,42.7,No brand,0,https://www.vinted.it/items/8092580590-fc-26-ps4?referrer=catalog,1,8092580590,On Sale,,,https://images1.vinted.net/t/06_0033f_hJRm36XGPube6LxELpTwNeQS/310x430/1770134408.webp?s=86f579343e61e721480beb399957f99ff6f0bedb,1,9,fc 26 ps4,no brand,,False,no brand__codes__26,fc 26 ps4 | no brand | 0,88,10,26 fifa ps4 fc playstation jeux ps neuf
PlayStation 4 Slim + Controller,110.95,PlayStation,0,https://www.vinted.it/items/8092533868-playstation-4-slim-controller?referrer=catalog,1,8092533868,On Sale,,,https://images1.vinted.net/t/04_0141c_CfgA2S2j6xsnDi3RiAQbo7Dn/310x430/1770134085.webp?s=0a117d218c4e26f73f63e6d99bc5be8d5aee30c3,1,9,playstation 4 slim controller,playstation,,False,playstation__toks__playstation-slim,playstation 4 slim controller | playstation | 0,524,6,playstation slim minecraft controller 1000gb gioco 500go
Blouson Femme Équitation Segura 🐴🍷,84.7,Segura,S / IT 40 / EU 36,https://www.vinted.it/items/8092518273-blouson-femme-equitation-segura?referrer=catalog,1,8092518273,On Sale,,,https://images1.vinted.net/t/05_017e4_QUa5ZTW5EB1W41fR9sCPZe61/310x430/1770133976.webp?s=37898f1291bd2cb57f2f13274fecd333d9d4dd13,1,9,blouson femme equitation segura,segura,,False,segura__toks__blouson-femme,blouson femme equitation segura | segura | S / IT 40 / EU 36,605,1,blouson femme equitation segura
PlayStation 4 Slim 500GB + 2 joystick,147.7,Sony,0,https://www.vinted.it/items/8092323238-playstation-4-slim-500gb-2-joystick?referrer=catalog,2,8092323238,On Sale,,,https://images1.vinted.net/t/03_014ea_9NHv6KcjXMXLzvjfppxyqRF8/310x430/1770132613.webp?s=c0282a0eed7001dbd0137a9f99079a70b7bb5a76,1,9,playstation 4 slim 500gb 2 joystick,sony,,False,sony__toks__playstation-slim,playstation 4 slim 500gb 2 joystick | sony | 0,646,5,playstation slim completa 500gb joystick ps4 novo comando
Manette dualshock 4,42.7,PlayStation,0,https://www.vinted.it/items/8092290600-manette-dualshock-4?referrer=catalog,3,8092290600,On Sale,,,https://images1.vinted.net/t/06_00f73_ctbMnJco7W6gfKPDPGPiKASN/310x430/1770132383.webp?s=7326a0f72b5816025436613e9ea6f45a8b473d48,1,9,manette dualshock 4,playstation,,False,playstation__toks__manette-dualshock,manette dualshock 4 | playstation | 0,495,1,manette dualshock
Playstation 4 Slim 1000gb+gioco,126.7,PlayStation,0,https://www.vinted.it/items/8092152147-playstation-4-slim-1000gbgioco?referrer=catalog,2,8092152147,On Sale,,,https://images1.vinted.net/t/06_01ff1_6XWh9xXL1gGxR4oVfxQftW8d/310x430/1770131489.webp?s=18f6ee9276ec230cc696b474af6141c1d0b22702,1,9,playstation 4 slim 1000gb gioco,playstation,,False,playstation__toks__playstation-slim,playstation 4 slim 1000gb gioco | playstation | 0,524,6,playstation slim minecraft controller 1000gb gioco 500go
Fc26 fc 26 Fifa 26 per Ps4 nuovo sigillato,53.2,No brand,0,https://www.vinted.it/items/8092055873-fc26-fc-26-fifa-26-per-ps4-nuovo-sigillato?referrer=catalog,0,8092055873,On Sale,,,https://images1.vinted.net/t/06_00c04_wsJZ3RMu9iRKb9b4dDDHcGEg/310x430/1770130756.webp?s=8c0ea01b1b4331526143807273ee3d93cf555eed,1,9,fc26 fc 26 fifa 26 per ps4 nuovo sigillato,no brand,,False,no brand__codes__fc26-26,fc26 fc 26 fifa 26 per ps4 nuovo sigillato | no brand | 0,95,1,26 fc26 fc fifa per ps4 nuovo sigillato
playstation4,116.2,Sony,0,https://www.vinted.it/items/8091981408-playstation4?referrer=catalog,0,8091981408,On Sale,,,https://images1.vinted.net/t/05_01435_ZLEgDfKEYMkPe6NiBJKVPyvG/310x430/1770130254.webp?s=9c55173b2b3577c32a2e95749c198ddf509f21a3,1,9,playstation4,sony,,False,sony__toks__playstation4,playstation4 | sony | 0,648,2,playstation4
Thrustmaster T80 Ferrari 488 GTB Lenkrad mit Pedalr,74.2,Thrustmaster,0,https://www.vinted.it/items/8091857414-thrustmaster-t80-ferrari-488-gtb-lenkrad-mit-pedalr?referrer=catalog,0,8091857414,On Sale,,,https://images1.vinted.net/t/01_01238_XYhW5C9cD8MQbifNkXk5n66x/310x430/1770129424.webp?s=ec4756310835b8b1053735f8644ecae3f0a0eb38,1,9,thrustmaster t80 ferrari 488 gtb lenkrad mit pedalr,thrustmaster,,False,thrustmaster__codes__t80-488,thrustmaster t80 ferrari 488 gtb lenkrad mit pedalr | thrustmaster | 0,685,2,thrustmaster t80 ferrari 488 gtb lenkrad mit pedalr
Asterix e Obelix new factory sealed Super Nintendo snes pal ita,152.95,No brand,0,https://www.vinted.it/items/8091800771-asterix-e-obelix-new-factory-sealed-super-nintendo-snes-pal-ita-esp-uk-very-rare?referrer=catalog,6,8091800771,On Sale,,,https://images1.vinted.net/t/06_00dfc_kx5ZVH47BZwr7BMX9MNccjYf/310x430/1770129044.webp?s=ab601df44744c0754383a21ccecd6b751e384f67,1,9,asterix e obelix new factory sealed super nintendo snes pal ita,no brand,,False,no brand__toks__asterix-obelix,asterix e obelix new factory sealed super nintendo snes pal ita | no brand | 0,107,1,asterix obelix new factory sealed super nintendo snes
Volante da corsa Wireless RWA Hori per PS4/PS5/PC,105.7,PlayStation,0,https://www.vinted.it/items/8091799568-volante-da-corsa-wireless-rwa-hori-per-ps4ps5pc?referrer=catalog,0,8091799568,On Sale,,,https://images1.vinted.net/t/05_021e6_EoeBUgYMnXmjFQ5gRN6r2yVD/310x430/1770129036.webp?s=fc6d477257c19d0a62591d08f23af96fca4c6aac,1,9,volante da corsa wireless rwa hori per ps4 ps5 pc,playstation,,False,playstation__toks__volante-da,volante da corsa wireless rwa hori per ps4 ps5 pc | playstation | 0,569,1,volante da corsa wireless rwa hori per ps4
Jeu Steelbook Catherine full body Ps4,49.0,No brand,0,https://www.vinted.it/items/8091796282-jeu-steelbook-catherine-full-body-ps4?referrer=catalog,1,8091796282,On Sale,,,https://images1.vinted.net/t/06_02383_nu9xCeKj8t8yyXdCaX3UNfh1/310x430/1770129014.webp?s=0440d2fa9a447220c45b18a62473d2dbc58953b4,1,9,jeu steelbook catherine full body ps4,no brand,,False,no brand__toks__jeu-steelbook,jeu steelbook catherine full body ps4 | no brand | 0,241,1,jeu steelbook catherine full body ps4
Volante frtec de carreras con pedales grand chelem,126.7,FR-TEC,0,https://www.vinted.it/items/8091663763-volante-frtec-de-carreras-con-pedales-grand-chelem?referrer=catalog,0,8091663763,On Sale,,,https://images1.vinted.net/t/06_00f42_e9nHsZzzYHm4aZWYfU8qoaCm/310x430/1770128128.webp?s=1111c2777b10c5179a684de6c812b4e11ba77527,1,9,volante frtec de carreras con pedales grand chelem,fr tec,,False,fr tec__toks__volante-frtec,volante frtec de carreras con pedales grand chelem | fr tec | 0,19,1,volante frtec de carreras con pedales grand chelem
2 Giochi per PS4,58.45,No brand,0,https://www.vinted.it/items/8091554150-2-giochi-per-ps4?referrer=catalog,0,8091554150,On Sale,,,https://images1.vinted.net/t/01_0104a_PELNBNwtVCTnCk2ZG8DoG3Yv/310x430/1770127389.webp?s=73d0f9ea8612e416204d13060bd01cade7aac5d2,1,9,2 giochi per ps4,no brand,,False,no brand__toks__giochi-per,2 giochi per ps4 | no brand | 0,202,2,giochi per playstation ps4
PlayStation 4,131.95,PlayStation,0,https://www.vinted.it/items/8091511272-playstation-4?referrer=catalog,0,8091511272,On Sale,,,https://images1.vinted.net/t/05_01902_CcWAKyfnsjJGqzEufZSVK5C9/310x430/1770127095.webp?s=3600385e8543f4e0cfca2423376cc52f88db1ad7,1,9,playstation 4,playstation,,False,playstation__toks__playstation,playstation 4 | playstation | 0,506,15,playstation
Conjunto 4 Jogos PS4,64.75,No brand,0,https://www.vinted.it/items/8091309144-conjunto-4-jogos-ps4?referrer=catalog,1,8091309144,On Sale,,,https://images1.vinted.net/t/03_02642_kvLpV3sJXds9BTtPnef5TgJr/310x430/1770125717.webp?s=e912280c3096801ade50c096f5ab43146d095f3f,1,9,conjunto 4 jogos ps4,no brand,,False,no brand__toks__conjunto-jogos,conjunto 4 jogos ps4 | no brand | 0,151,3,conjunto jogos ps4 para
Casque gaming HyperX Cloud Alpha,42.7,HyperX,0,https://www.vinted.it/items/8091198954-casque-gaming-hyperx-cloud-alpha?referrer=catalog,5,8091198954,On Sale,,,https://images1.vinted.net/t/05_00827_ocAxDAEkK3UKXG2ozp23ceAz/310x430/1770124951.webp?s=a17a3cccae4ed29da78ce140281d2754c86edd55,1,9,casque gaming hyperx cloud alpha,hyperx,,False,hyperx__toks__casque-gaming,casque gaming hyperx cloud alpha | hyperx | 0,36,1,casque gaming hyperx cloud alpha
Majestic Autoradio + Coppia Altoparlanti,51.1,Majestic,0,https://www.vinted.it/items/8091129074-majestic-autoradio-coppia-altoparlanti?referrer=catalog,0,8091129074,On Sale,,,https://images1.vinted.net/t/06_0052a_gSJnr6HdEmrRiQybzb9kY6NQ/310x430/1770124455.webp?s=e82498e96fed25789bbb8ef39351ca8c9d62542b,1,9,majestic autoradio coppia altoparlanti,majestic,,False,majestic__toks__majestic-autoradio,majestic autoradio coppia altoparlanti | majestic | 0,57,1,majestic autoradio coppia altoparlanti
The Order 1886 Blackwater Edition PS4,68.95,No brand,0,https://www.vinted.it/items/8091082662-the-order-1886-blackwater-edition-ps4?referrer=catalog,91,8091082662,On Sale,,,https://images1.vinted.net/t/05_01eb0_iy5ffTkpsszHTuBwiKc3N3rE/310x430/1770124120.webp?s=33a470e2430f5ec7517bf7e961ec17a4ac8399c4,1,9,the order 1886 blackwater edition ps4,no brand,,False,no brand__codes__1886,the order 1886 blackwater edition ps4 | no brand | 0,80,1,the order 1886 blackwater edition ps4
PlayStation 5,404.95,Sony,0,https://www.vinted.it/items/8090991518-playstation-5?referrer=catalog,1,8090991518,On Sale,,,https://images1.vinted.net/t/05_02552_Nj8VYgdjuBf9Xw3hiStGm5GL/310x430/1770123459.webp?s=06e9eb6d2864d3525fd00b442befedf347d39799,1,9,playstation 5,sony,,False,sony__toks__playstation,playstation 5 | sony | 0,640,3,playstation
Revolution 5 PRO,84.7,PlayStation,0,https://www.vinted.it/items/8090968687-revolution-5-pro?referrer=catalog,0,8090968687,On Sale,,,https://images1.vinted.net/t/05_01414_MRhH9HHhK66btrMrBQyuKsah/310x430/1770123294.webp?s=d0ebc1badfeb5849ad5e26eab56924af60206480,1,9,revolution 5 pro,playstation,,False,playstation__toks__revolution-pro,revolution 5 pro | playstation | 0,555,1,revolution pro
Fifa 19/20/21/22/23/24 PS4,53.2,No brand,0,https://www.vinted.it/items/8090955284-fifa-192021222324-ps4?referrer=catalog,0,8090955284,On Sale,,,https://images1.vinted.net/t/06_01480_mTLmWJa6AxHPPjEpCDJZ2e6x/310x430/1770123198.webp?s=3b390a515e65543b7b5f6b0e68d555cebd720895,1,9,fifa 19 20 21 22 23 24 ps4,no brand,,False,no brand__codes__19-20-21-22-23,fifa 19 20 21 22 23 24 ps4 | no brand | 0,81,1,fifa 19 20 21 22 23 24 ps4
juego song of the deep PS4 NUEVO,53.2,No brand,0,https://www.vinted.it/items/8090938516-juego-song-of-the-deep-ps4-nuevo?referrer=catalog,5,8090938516,On Sale,,,https://images1.vinted.net/t/05_0270d_TVf5HuP7M2j19dFsVhYZVzk4/310x430/1770123077.webp?s=233324d9d361352cd698fc59971822088641ab95,1,9,juego song of the deep ps4 nuevo,no brand,,False,no brand__toks__juego-song,juego song of the deep ps4 nuevo | no brand | 0,252,1,juego song of the deep ps4 nuevo
Neverending nightmares PS4 NUEVO,74.2,No brand,0,https://www.vinted.it/items/8090875470-neverending-nightmares-ps4-nuevo?referrer=catalog,11,8090875470,On Sale,,,https://images1.vinted.net/t/05_016e7_UTLcsQfDQN6G8qjDVB2FUDWF/310x430/1770122619.webp?s=a70b75efad81e1e96497fe810d0eb98795527cd1,1,9,neverending nightmares ps4 nuevo,no brand,,False,no brand__toks__neverending-nightmares,neverending nightmares ps4 nuevo | no brand | 0,298,1,neverending nightmares ps4 nuevo
Lawbreakers Collector's Edition Sony PS4 Version américaine Limited Run 0751/2500,79.45,No brand,0,https://www.vinted.it/items/8090617467-lawbreakers-collectors-edition-sony-ps4-version-americaine-limited-run-07512500?referrer=catalog,0,8090617467,On Sale,,,https://images1.vinted.net/t/06_0048c_ercX8EaqKFMzUEQAJDe4haDG/310x430/1770120720.webp?s=174e37e685342f76cd38bb76767fbf03e8ca6c65,1,9,lawbreakers collector s edition sony ps4 version americaine limited run 0751 2500,no brand,,False,no brand__codes__0751-2500,lawbreakers collector s edition sony ps4 version americaine limited run 0751 2500 | no brand | 0,72,1,lawbreakers collector edition sony ps4 version americaine limited
Ps4 +1 mando,114.63,Sony,0,https://www.vinted.it/items/8090765650-ps4-1-mando?referrer=catalog,0,8090765650,On Sale,,,https://images1.vinted.net/t/05_008c2_nLgFHxpP2GMrHAGPyANgW758/310x430/1770121817.webp?s=80af3f7b8dbfda24216b98fb7122aa4bae0d8840,1,9,ps4 1 mando,sony,,False,sony__toks__ps4-mando,ps4 1 mando | sony | 0,657,1,ps4 mando
Gran Turismo 7 PS4,53.19,No brand,0,https://www.vinted.it/items/8090741406-gran-turismo-7-ps4?referrer=catalog,0,8090741406,On Sale,,,https://images1.vinted.net/t/06_01c96_FDQ9efdttxLYZKJVsGjkkky6/310x430/1770121639.webp?s=e57254ea2ce7faf03a32513171e5a09bfbba5096,1,9,gran turismo 7 ps4,no brand,,False,no brand__toks__gran-turismo,gran turismo 7 ps4 | no brand | 0,211,1,gran turismo ps4
Ps4 con cables,84.18,Sony,0,https://www.vinted.it/items/8090727692-ps4-con-cables?referrer=catalog,0,8090727692,On Sale,,,https://images1.vinted.net/t/05_01f7a_8v7AgZCdWPgSWRf2FUxDCVfC/310x430/1770121537.webp?s=ac48e93a1adba360ba837ebc2e9a4c6895016848,1,9,ps4 con cables,sony,,False,sony__toks__ps4-con,ps4 con cables | sony | 0,654,1,ps4 con cables
Juego FIFA 26 Ps4,58.45,No brand,0,https://www.vinted.it/items/8090635066-juego-fifa-26-ps4?referrer=catalog,0,8090635066,On Sale,,,https://images1.vinted.net/t/04_02461_ELQ14Xv5jSB1wRPSsFAXeXxm/310x430/1770120851.webp?s=df559ef1f391ada14e023d19e9e7ddc9bfc1de01,1,9,juego fifa 26 ps4,no brand,,False,no brand__codes__26,juego fifa 26 ps4 | no brand | 0,88,10,26 fifa ps4 fc playstation jeux ps neuf
L'attacco dei giganti Short Stories 1-2-3-4-5,51.1,No brand,0,https://www.vinted.it/items/8090556068-lattacco-dei-giganti-short-stories-1-2-3-4-5?referrer=catalog,1,8090556068,On Sale,,,https://images1.vinted.net/t/01_00d01_urW48aR7eiYkW3QeNXiwNftA/310x430/1770120254.webp?s=3165792982079016cd565718582fce328690150a,1,10,l attacco dei giganti short stories 1 2 3 4 5,no brand,,False,no brand__toks__attacco-dei,l attacco dei giganti short stories 1 2 3 4 5 | no brand | 0,111,1,attacco dei giganti short stories
9 Giochi Ps4,74.2,No brand,0,https://www.vinted.it/items/8090544854-9-giochi-ps4?referrer=catalog,1,8090544854,On Sale,,,https://images1.vinted.net/t/05_02176_Cztjt3UsBFvvYjL577c3SZhK/310x430/1770120170.webp?s=48f7c54faf4a7642859cd0ec0b0d4b13f3e25e13,1,10,9 giochi ps4,no brand,,False,no brand__toks__giochi-ps4,9 giochi ps4 | no brand | 0,205,2,giochi ps4 uno ps5 assasins creed in omaggio
Ps4 più controller,126.7,Sony,0,https://www.vinted.it/items/8090376244-ps4-piu-controller?referrer=catalog,1,8090376244,On Sale,,,https://images1.vinted.net/t/01_00a7e_qFGpj6Nk1aUsdSHsRM65t6SS/310x430/1770118889.webp?s=0bb9082cdabbb3c93296eab8fc7e39ce64279d8f,1,10,ps4 piu controller,sony,,False,sony__toks__ps4-piu,ps4 piu controller | sony | 0,659,1,ps4 piu controller
Controller victrix Pro Bfg,105.7,PlayStation,0,https://www.vinted.it/items/8090357679-controller-victrix-pro-bfg?referrer=catalog,1,8090357679,On Sale,,,https://images1.vinted.net/t/04_00cff_9t6JFhrGKfH1Bvs1GAzKeRNe/310x430/1770118747.webp?s=9eeec9782d4ad309a9381b8fbfd51818f3269e5c,1,10,controller victrix pro bfg,playstation,,False,playstation__toks__controller-victrix,controller victrix pro bfg | playstation | 0,481,1,controller victrix pro bfg
Assassin’s Creed Unity – Notre Dame Edition PS4 (Complete,131.95,No brand,0,https://www.vinted.it/items/8090311877-assassins-creed-unity-notre-dame-edition-ps4-complete-statue?referrer=catalog,0,8090311877,On Sale,,,https://images1.vinted.net/t/01_01bb6_KYj6qo44Pa2neBHQeZpj6HDm/310x430/1770118397.webp?s=63465518d9841a391738e8d6c34d81a9e696e9bb,1,10,assassin s creed unity notre dame edition ps4 complete,no brand,,False,no brand__toks__assassin-creed,assassin s creed unity notre dame edition ps4 complete | no brand | 0,102,2,assassin creed edition ps4 syndacate steelbook unity notre
PlayStation 4,158.19,PlayStation,0,https://www.vinted.it/items/8090271143-playstation-4?referrer=catalog,3,8090271143,On Sale,,,https://images1.vinted.net/t/06_0069c_QPXYXw3o84KEUveRzFViJm9r/310x430/1770118083.webp?s=58d472a84dfd9d2ea143c9bc2519a9c9e2b263d2,1,10,playstation 4,playstation,,False,playstation__toks__playstation,playstation 4 | playstation | 0,506,15,playstation
Digimon Story Cybersleuth Hacker's Memory for PS Vita brand new and sealed,147.7,No brand,0,https://www.vinted.it/items/8090237221-digimon-story-cybersleuth-hackers-memory-for-ps-vita-brand-new-and-sealed?referrer=catalog,2,8090237221,On Sale,,,https://images1.vinted.net/t/05_0154c_RAovZy7RDcukdk3cX3uYpLkM/310x430/1770117820.webp?s=7f86317245ece321c99cb3f782dc3c55dc464cfc,1,10,digimon story cybersleuth hacker s memory for ps vita brand new and sealed,no brand,,False,no brand__toks__digimon-story,digimon story cybersleuth hacker s memory for ps vita brand new and sealed | no brand | 0,171,1,digimon story cybersleuth hacker memory for ps vita
Casque gaming bluetooth RIG 600 Pro NACON,47.95,NACON,0,https://www.vinted.it/items/8090229704-casque-gaming-bluetooth-rig-600-pro-nacon?referrer=catalog,1,8090229704,On Sale,,,https://images1.vinted.net/t/05_01541_W8829WVHu8kN7BedDds2Gtxq/310x430/1770117761.webp?s=fb82cccb7124219fd09563bcfcf69f3a4c434581,1,10,casque gaming bluetooth rig 600 pro nacon,nacon,,False,nacon__codes__600,casque gaming bluetooth rig 600 pro nacon | nacon | 0,62,1,casque gaming bluetooth rig 600 pro nacon
PS 4 ottimissime condizioni con scatola,105.7,PlayStation,0,https://www.vinted.it/items/8090154968-ps-4-ottimissime-condizioni-con-scatola?referrer=catalog,1,8090154968,On Sale,,,https://images1.vinted.net/t/05_009bf_NmPZCNo9RG9So7MVt7VyzTdc/310x430/1770117186.webp?s=a02d0b50ad86caaff2e8a8c164212be799b1793c,1,10,ps 4 ottimissime condizioni con scatola,playstation,scatola,True,playstation__toks__ps-ottimissime,ps 4 ottimissime condizioni con scatola | playstation | 0,529,1,ps ottimissime condizioni con scatola
Thrustmaster t150 Lenkrad,74.2,Thrustmaster,0,https://www.vinted.it/items/8090115893-thrustmaster-t150-lenkrad?referrer=catalog,4,8090115893,On Sale,,,https://images1.vinted.net/t/04_017b9_Li6RZUQLusEkdEpbAQEFUFY9/310x430/1770116880.webp?s=6efacc39c21c48a2bf760714e87ff1eba638e269,1,10,thrustmaster t150 lenkrad,thrustmaster,,False,thrustmaster__codes__t150,thrustmaster t150 lenkrad | thrustmaster | 0,678,4,thrustmaster t150 volant pro voltante con pedaliera rs
Samsung TV led serie 4,51.1,Samsung,0,https://www.vinted.it/items/8090106580-samsung-tv-led-serie-4?referrer=catalog,1,8090106580,On Sale,,,https://images1.vinted.net/t/05_01b36_6q3JGWvnYUK1FqSQ5KgW3EP3/310x430/1770116806.webp?s=237b60b2f9c9a47e3b68fc94c32b7e10ea20cb67,1,10,samsung tv led serie 4,samsung,,False,samsung__toks__samsung-tv,samsung tv led serie 4 | samsung | 0,602,1,samsung tv led serie
Diablo 4 ps4,63.69,No brand,0,https://www.vinted.it/items/8089897914-diablo-4-ps4?referrer=catalog,0,8089897914,On Sale,,,https://images1.vinted.net/t/03_0150e_fPtXFKmnB2m98HPC1iCgjwXJ/310x430/1770115182.webp?s=a35e1b354ec1d756c5997cb9731b0b84881ffaf3,1,10,diablo 4 ps4,no brand,,False,no brand__toks__diablo-ps4,diablo 4 ps4 | no brand | 0,170,1,diablo ps4
PS4 controller,68.95,Sony,0,https://www.vinted.it/items/8089705597-ps4-controller?referrer=catalog,0,8089705597,On Sale,,,https://images1.vinted.net/t/05_02665_CrvnthDcbtgT9tViaUdwECXA/310x430/1770113655.webp?s=b39b95652ff8d69b7aea27243d117e426fc9ac8a,1,10,ps4 controller,sony,,False,sony__toks__ps4-controller,ps4 controller | sony | 0,656,2,ps4 controller crash bendicot
Jeu ps4 assassin creed Valhalla,53.2,No brand,0,https://www.vinted.it/items/8089609262-jeu-ps4-assassin-creed-valhalla?referrer=catalog,0,8089609262,On Sale,,,https://images1.vinted.net/t/06_022e8_oXza5Y2bCJvAcwLTBC6j7gi1/310x430/1770112850.webp?s=0768bb3b14f6f840038bbe122fa012f302607e0d,1,10,jeu ps4 assassin creed valhalla,no brand,,False,no brand__toks__jeu-ps4,jeu ps4 assassin creed valhalla | no brand | 0,240,1,jeu ps4 assassin creed valhalla
Saint Seiya Soldiers Soul PS4 Neuf Sous Blister Version Française,105.6,No brand,0,https://www.vinted.it/items/8089580264-saint-seiya-soldiers-soul-ps4-neuf-sous-blister-version-francaise?referrer=catalog,1,8089580264,On Sale,,,https://images1.vinted.net/t/01_00769_8wyWo1ARuy1E7jHwaXFHVCGP/310x430/1770112602.webp?s=c20f5ad1af78abe1e9776468eef65f7bfcba8e9c,1,10,saint seiya soldiers soul ps4 neuf sous blister version francaise,no brand,,False,no brand__toks__saint-seiya,saint seiya soldiers soul ps4 neuf sous blister version francaise | no brand | 0,360,1,saint seiya soldiers soul ps4 neuf sous blister
Gioco FC26 x PS4,53.2,No brand,0,https://www.vinted.it/items/8089544379-gioco-fc26-x-ps4?referrer=catalog,10,8089544379,On Sale,,,https://images1.vinted.net/t/06_0095d_Ko51K5oX7VwroCT4buqV658j/310x430/1770112294.webp?s=811a250971451bed79e31a4c9c75901e983711b3,1,10,gioco fc26 x ps4,no brand,,False,no brand__codes__fc26,gioco fc26 x ps4 | no brand | 0,94,3,fc26 ps4 jeu gioco
Ps4 1tb versão 9.00,189.7,Sony,0,https://www.vinted.it/items/8089544483-ps4-1tb-versao-900?referrer=catalog,0,8089544483,On Sale,,,https://images1.vinted.net/t/05_01080_x8pCepuhU5SMuKAQ21HexXMr/310x430/1770112295.webp?s=12198898e8d347beb140a4e5a7336f3fe949207d,1,10,ps4 1tb versao 9 00,sony,,False,sony__codes__00,ps4 1tb versao 9 00 | sony | 0,609,1,ps4 1tb versao 00
Resident evil 4 ps4,42.7,No brand,0,https://www.vinted.it/items/8089542955-resident-evil-4-ps4?referrer=catalog,1,8089542955,On Sale,,,https://images1.vinted.net/t/05_00bf4_RMSy98DqCnczwS3Gu142kcHG/310x430/1770112282.webp?s=deb4024899b69d216df5ba61019b756d93140111,1,10,resident evil 4 ps4,no brand,,False,no brand__toks__resident-evil,resident evil 4 ps4 | no brand | 0,353,4,resident evil ps4 nuovo italiano blister sous boitier
Manette officielle Sony PlayStation 4 camouflage,125.65,Sony,0,https://www.vinted.it/items/8089452584-manette-officielle-sony-playstation-4-camouflage?referrer=catalog,1,8089452584,On Sale,,,https://images1.vinted.net/t/06_01187_91UDP5QSFojF6wvQbAUW92M1/310x430/1770111468.webp?s=bae95851c366e01ab2719d34c90fdf2696d16cf9,1,10,manette officielle sony playstation 4 camouflage,sony,,False,sony__toks__manette-officielle,manette officielle sony playstation 4 camouflage | sony | 0,632,1,manette officielle sony playstation camouflage
Armored core VI fires of rubicon collector edition - PS5,210.7,No brand,0,https://www.vinted.it/items/8089442473-armored-core-vi-fires-of-rubicon-collector-edition-ps5?referrer=catalog,8,8089442473,On Sale,,,https://images1.vinted.net/t/05_02024_eXVuWFWrAorvweCbeqpHZ6FY/310x430/1770111373.webp?s=88ede897bf9fc1bbfe7a1fbdd488c63bae242ef6,1,10,armored core vi fires of rubicon collector edition ps5,no brand,,False,no brand__toks__armored-core,armored core vi fires of rubicon collector edition ps5 | no brand | 0,101,1,armored core vi fires of rubicon collector edition
Conjunto jogos para PS4,105.7,No brand,0,https://www.vinted.it/items/8089408732-conjunto-jogos-para-ps4?referrer=catalog,3,8089408732,On Sale,,,https://images1.vinted.net/t/05_00503_uemEz3V4gqEr6ZkNPUGhrgfE/310x430/1770111046.webp?s=d36695be556f59a1914951f86795a3ef64782516,1,10,conjunto jogos para ps4,no brand,,False,no brand__toks__conjunto-jogos,conjunto jogos para ps4 | no brand | 0,151,3,conjunto jogos ps4 para
Cuphead ps4 nuevo precintado,73.15,No brand,0,https://www.vinted.it/items/8089326867-cuphead-ps4-nuevo-precintado?referrer=catalog,3,8089326867,On Sale,,,https://images1.vinted.net/t/01_0045a_uHWsYG3Tb9iQtV7a9Bra6wjB/310x430/1770110232.webp?s=f4e6220a9462732012bd0e1faf78b0d210b45c76,1,10,cuphead ps4 nuevo precintado,no brand,,False,no brand__toks__cuphead-ps4,cuphead ps4 nuevo precintado | no brand | 0,156,1,cuphead ps4 nuevo precintado
Ps4 Slim 1 To.,158.2,Sony,0,https://www.vinted.it/items/8089320406-ps4-slim-1-to?referrer=catalog,1,8089320406,On Sale,,,https://images1.vinted.net/t/05_00729_e9cjNqrnpcPYMhduyAQMkDJi/310x430/1770110165.webp?s=cbcf51d9b0447884642ff388f7dc1b1aca01d758,1,10,ps4 slim 1 to,sony,,False,sony__toks__ps4-slim,ps4 slim 1 to | sony | 0,664,2,ps4 slim 500gb to
Giochi PlayStation 4,42.7,No brand,0,https://www.vinted.it/items/8089192047-giochi-playstation-4?referrer=catalog,0,8089192047,On Sale,,,https://images1.vinted.net/t/06_00318_6oqHA9YUrccmt1982cV3Cp7d/310x430/1770108738.webp?s=3a5d24c9612b751a64c82f904702a00bba207696,1,10,giochi playstation 4,no brand,,False,no brand__toks__giochi-playstation,giochi playstation 4 | no brand | 0,203,4,giochi playstation
Batman Arkham Knight comic edition SEALED,100.45,No brand,0,https://www.vinted.it/items/8089090558-batman-arkham-knight-comic-edition-sealed?referrer=catalog,2,8089090558,On Sale,,,https://images1.vinted.net/t/06_0140e_MYiLZVM1ajzSdMFWeS8J1mne/310x430/1770107402.webp?s=0ec1065fa379e785727f4d6fe7493fd6cca6cbc7,1,10,batman arkham knight comic edition sealed,no brand,,False,no brand__toks__batman-arkham,batman arkham knight comic edition sealed | no brand | 0,115,1,batman arkham knight comic edition sealed
Batman Arkham Asylum Comic Edition Nuovo,53.2,No brand,0,https://www.vinted.it/items/8089085592-batman-arkham-asylum-comic-edition-nuovo?referrer=catalog,1,8089085592,On Sale,,,https://images1.vinted.net/t/06_018f1_stAmn6hstiTzFafN3hPqH7k6/310x430/1770107330.webp?s=ebe8530fd0847bad75a653a3c080228dd90f9e5b,1,10,batman arkham asylum comic edition nuovo,no brand,,False,no brand__toks__batman-arkham,batman arkham asylum comic edition nuovo | no brand | 0,113,1,batman arkham asylum comic edition nuovo
Power-a fusion pro controller ps4,42.7,PlayStation,0,https://www.vinted.it/items/8088946361-power-a-fusion-pro-controller-ps4?referrer=catalog,2,8088946361,On Sale,,,https://images1.vinted.net/t/06_0236e_2y3kzo2YRWhxVSMSsV44s7tr/310x430/1770104979.webp?s=381062d0898f811783a9a5f8c1c45813eaa44c17,1,10,power a fusion pro controller ps4,playstation,,False,playstation__toks__power-fusion,power a fusion pro controller ps4 | playstation | 0,527,1,power fusion pro controller ps4
Clubsport DD+ / Fanatec / Base de Sim Racing,765.0,Fanatec,0,https://www.vinted.it/items/8088807148-clubsport-dd-fanatec-base-de-sim-racing?referrer=catalog,12,8088807148,On Sale,,,https://images1.vinted.net/t/06_02019_SnbD3SChEtvwTmGsUU3a1gfs/310x430/1770101105.webp?s=c3b2111d6487f40547b71ed7927ff8057aabfe67,1,10,clubsport dd fanatec base de sim racing,fanatec,,False,fanatec__toks__clubsport-dd,clubsport dd fanatec base de sim racing | fanatec | 0,14,1,clubsport dd fanatec base de sim racing
Jordan 4 retro (ps),63.7,Nike,28,https://www.vinted.it/items/8088598755-jordan-4-retro-ps?referrer=catalog,12,8088598755,On Sale,,,https://images1.vinted.net/t/04_01f54_1sVBnxZAhKmEksDz7Hsmf7SG/310x430/1770076298.webp?s=b04412a967adabba1cfb0ab15d5c69ba73ec4491,1,10,jordan 4 retro ps,nike,,False,nike__toks__jordan-retro,jordan 4 retro ps | nike | 28,70,1,jordan retro ps
Vendesi Sony Playstation 5,452.2,PlayStation,0,https://www.vinted.it/items/8088730372-vendesi-sony-playstation-5?referrer=catalog,14,8088730372,On Sale,,,https://images1.vinted.net/t/06_00eaf_4Au5LvTVqzpSWd9PSyUSBhQA/310x430/1770096507.webp?s=adf792184fbb05b7771b33d5e29751208fda8f8c,1,10,vendesi sony playstation 5,playstation,,False,playstation__toks__vendesi-sony,vendesi sony playstation 5 | playstation | 0,559,1,vendesi sony playstation
Play Station 4 + giochi,158.2,Sony,0,https://www.vinted.it/items/8088729293-play-station-4-giochi?referrer=catalog,0,8088729293,On Sale,,,https://images1.vinted.net/t/05_0181b_Yh6DD5uWSmNWtD6WoQTYMeqv/310x430/1770096383.webp?s=8f1703ef434d5cc90d7f9bf947d55b194858209c,1,10,play station 4 giochi,sony,,False,sony__toks__play-station,play station 4 giochi | sony | 0,638,2,play station giochi
PS4 – Pack Complet,84.7,PlayStation,0,https://www.vinted.it/items/8088710112-ps4-pack-complet?referrer=catalog,19,8088710112,On Sale,,,https://images1.vinted.net/t/05_00095_e5qq2B4cmNXt8Cqbu6tRhXf5/310x430/1770093482.webp?s=a7260af0f9517bf67d515fc893bd845d4ab5ed6e,1,10,ps4 pack complet,playstation,,False,playstation__toks__ps4-pack,ps4 pack complet | playstation | 0,545,1,ps4 pack complet
Volant logictech,189.7,Logitech,0,https://www.vinted.it/items/8088707310-volant-logictech?referrer=catalog,10,8088707310,On Sale,,,https://images1.vinted.net/t/05_01727_HUFNCZUozqZPmsup4oxnZ8Lm/310x430/1770092858.webp?s=dff93a6ab44e01e216e628f7fb9e9f4711e16209,1,10,volant logictech,logitech,,False,logitech__toks__volant-logictech,volant logictech | logitech | 0,54,1,volant logictech
Vendo PlayStation 4,105.7,PlayStation,0,https://www.vinted.it/items/8088672780-vendo-playstation-4?referrer=catalog,1,8088672780,On Sale,,,https://images1.vinted.net/t/01_0199a_XwHvbpogDWZHXvAnTRHLu3ki/310x430/1770083739.webp?s=399638f1873211ac50f9a23ec676e1730caad6ee,1,10,vendo playstation 4,playstation,,False,playstation__toks__vendo-playstation,vendo playstation 4 | playstation | 0,560,1,vendo playstation
vendo PS 4 con tutti i giochi e anche i due jostick,189.7,Sony,0,https://www.vinted.it/items/8088647954-vendo-ps-4-con-tutti-i-giochi-e-anche-i-due-jostick?referrer=catalog,5,8088647954,On Sale,,,https://images1.vinted.net/t/06_01d02_Q6oZdoJLvD1ZwsSGes3cb61C/310x430/1770080037.webp?s=51b65bdcb14edb6d728675cb01bec00aadbfc6cc,1,10,vendo ps 4 con tutti i giochi e anche i due jostick,sony,,False,sony__toks__vendo-ps,vendo ps 4 con tutti i giochi e anche i due jostick | sony | 0,669,1,vendo ps con tutti giochi anche due jostick
Heavy rain beyond dos almas precintado ps4,63.7,No brand,0,https://www.vinted.it/items/8088631583-heavy-rain-beyond-dos-almas-precintado-ps4?referrer=catalog,3,8088631583,On Sale,,,https://images1.vinted.net/t/06_0041e_j5y8Pv6owLXDCCkX3eXWTSVf/310x430/1770078458.webp?s=651afa9fdf9ed8d56f20a446328fd54560931c04,1,10,heavy rain beyond dos almas precintado ps4,no brand,,False,no brand__toks__heavy-rain,heavy rain beyond dos almas precintado ps4 | no brand | 0,218,1,heavy rain beyond dos almas precintado ps4
Pedali a volanti per Ps4/5,47.95,PlayStation,0,https://www.vinted.it/items/8088609853-pedali-a-volanti-per-ps45?referrer=catalog,2,8088609853,On Sale,,,https://images1.vinted.net/t/06_0096f_DxyL5ezxf3sPTrMihRJaoRxJ/310x430/1770076928.webp?s=69bcb7fa61cfe95338275965a8a3643a72865f9e,1,10,pedali a volanti per ps4 5,playstation,,False,playstation__toks__pedali-volanti,pedali a volanti per ps4 5 | playstation | 0,502,1,pedali volanti per ps4
🔥 Brand-New R36S Retro Handheld Game Console,53.2,R36S,0,https://www.vinted.it/items/8088555978-brand-new-r36s-retro-handheld-game-console?referrer=catalog,8,8088555978,On Sale,,,https://images1.vinted.net/t/05_00373_u4ctEZitBeBcdchGTciZLE49/310x430/1770074530.webp?s=7b5e243f831394dee14d27984a2cf36b3608b672,1,10,brand new r36s retro handheld game console,r36s,,False,r36s__toks__brand-new,brand new r36s retro handheld game console | r36s | 0,596,1,brand new r36s retro handheld game console
The King of Fighters 2000 LRG PS4 Playstation 4 New,47.94,No brand,0,https://www.vinted.it/items/8088517576-the-king-of-fighters-2000-lrg-ps4-playstation-4-new?referrer=catalog,9,8088517576,On Sale,,,https://images1.vinted.net/t/06_002f7_zdZmu96QeC8TEt94cGVJoFmV/310x430/1770073335.webp?s=72f2ecc3bdbaedc4d6ffaef429b4cf5eaa93c197,1,10,the king of fighters 2000 lrg ps4 playstation 4 new,no brand,,False,no brand__codes__2000,the king of fighters 2000 lrg ps4 playstation 4 new | no brand | 0,82,1,the king of fighters 2000 lrg ps4 playstation
Volante più gran turismo,147.7,PlayStation,0,https://www.vinted.it/items/8088457294-volante-piu-gran-turismo?referrer=catalog,1,8088457294,On Sale,,,https://images1.vinted.net/t/05_02291_nYLRn89QAEhi4tFbggLVvyzr/310x430/1770072823.webp?s=59dc52aac43f67f1e12439a6875fc9e5692afefe,1,10,volante piu gran turismo,playstation,,False,playstation__toks__volante-piu,volante piu gran turismo | playstation | 0,573,1,volante piu gran turismo
Volante para PS5,79.45,Hori,0,https://www.vinted.it/items/8088437748-volante-para-ps5-ps4-y-pc?referrer=catalog,1,8088437748,On Sale,,,https://images1.vinted.net/t/01_025b0_4UxGNUq4ezXbBRb9NbpvdyE8/310x430/1770071517.webp?s=304785c88754d7b8dc82b35adf6b2768630f4985,1,10,volante para ps5,hori,,False,hori__toks__volante-para,volante para ps5 | hori | 0,28,1,volante para ps5
Mando  para PS4,47.95,De,0,https://www.vinted.it/items/8088427183-mando-para-ps4?referrer=catalog,0,8088427183,On Sale,,,https://images1.vinted.net/t/01_01054_iiGweoSh3eM2dKwg9seS9BqM/310x430/1770071316.webp?s=8f080eb7e8db5461403c9b566194d77b9442cda4,1,10,mando para ps4,de,,False,de__toks__mando-para,mando para ps4 | de | 0,13,1,mando para ps4
PlayStation 4 slim 500go,158.2,PlayStation,0,https://www.vinted.it/items/8088422913-playstation-4-slim-500go?referrer=catalog,2,8088422913,On Sale,,,https://images1.vinted.net/t/06_011e5_kejMe7Yj1v59cuX4AsUx27Xx/310x430/1770071238.webp?s=d2d7a5ea58ee614b74f7fc0fd72c9244c217e06c,1,10,playstation 4 slim 500go,playstation,,False,playstation__toks__playstation-slim,playstation 4 slim 500go | playstation | 0,524,6,playstation slim minecraft controller 1000gb gioco 500go
Stardust Galaxy Warriors neuf strictly limited PlayStation 4 ps4,74.19,No brand,0,https://www.vinted.it/items/8088394114-stardust-galaxy-warriors-neuf-strictly-limited-playstation-4-ps4?referrer=catalog,9,8088394114,On Sale,,,https://images1.vinted.net/t/04_014f4_hDcHm1tG2zdAEyW5f6FfNvbx/310x430/1770070741.webp?s=0bc5793c21a2b29919dfa3ca405f89c98d18cbe0,1,10,stardust galaxy warriors neuf strictly limited playstation 4 ps4,no brand,,False,no brand__toks__stardust-galaxy,stardust galaxy warriors neuf strictly limited playstation 4 ps4 | no brand | 0,383,1,stardust galaxy warriors neuf strictly limited playstation ps4
Cotton Reboot - PlayStation 4 - Japan Edition,42.7,No brand,0,https://www.vinted.it/items/8088372838-cotton-reboot-playstation-4-japan-edition?referrer=catalog,1,8088372838,On Sale,,,https://images1.vinted.net/t/04_02347_EfkFM9mLwqsB15cXzsTQwkTK/310x430/1770070395.webp?s=c5a9edd4ca20e1c1570b59b43ee2100ed27ff809,1,10,cotton reboot playstation 4 japan edition,no brand,,False,no brand__toks__cotton-reboot,cotton reboot playstation 4 japan edition | no brand | 0,155,1,cotton reboot playstation japan edition
Tomb raider IV-V-VI Remastered. Ed Deluxe,84.7,No brand,0,https://www.vinted.it/items/8088355065-tomb-raider-iv-v-vi-remastered-ed-deluxe-pa5-sellada?referrer=catalog,5,8088355065,On Sale,,,https://images1.vinted.net/t/06_01c78_HjVFL8ozBQGLY6c7qF41jHb9/310x430/1770070124.webp?s=43a4f8e4a882c18f999928d90f39774be7ef4786,1,10,tomb raider iv v vi remastered ed deluxe,no brand,,False,no brand__toks__tomb-raider,tomb raider iv v vi remastered ed deluxe | no brand | 0,414,2,tomb raider remastered iv vi ed deluxe ps5
Ps4-Ps5 lenkrad,74.2,Thrustmaster,0,https://www.vinted.it/items/8088352888-ps4-ps5-lenkrad?referrer=catalog,1,8088352888,On Sale,,,https://images1.vinted.net/t/01_01337_PGLh5XGAoovJ58mhEFmng7Wb/310x430/1770070090.webp?s=aba79461a540c7d9e5c10bf97663e864f50b7756,1,10,ps4 ps5 lenkrad,thrustmaster,,False,thrustmaster__toks__ps4-ps5,ps4 ps5 lenkrad | thrustmaster | 0,689,1,ps4 ps5 lenkrad
Lethal League ps4 PlayStation 4 neuf limited run,63.69,No brand,0,https://www.vinted.it/items/8088343297-lethal-league-ps4-playstation-4-neuf-limited-run?referrer=catalog,2,8088343297,On Sale,,,https://images1.vinted.net/t/01_000d3_taJLdQPwbS22KaXZF4u4fY7m/310x430/1770069948.webp?s=6c0f43f4eab4f6a3e60319f69822a69679b34611,1,10,lethal league ps4 playstation 4 neuf limited run,no brand,,False,no brand__toks__lethal-league,lethal league ps4 playstation 4 neuf limited run | no brand | 0,263,1,lethal league ps4 playstation neuf limited run
FlashFire Hurrican Wheel,79.45,flashfire,0,https://www.vinted.it/items/8088322795-flashfire-hurrican-wheel?referrer=catalog,1,8088322795,On Sale,,,https://images1.vinted.net/t/06_01001_SRV6DjW3FrfXPAbGqfHwNFky/310x430/1770069650.webp?s=6c608aef232303b94054f2fb83a715165e2a9ad6,1,10,flashfire hurrican wheel,flashfire,,False,flashfire__toks__flashfire-hurrican,flashfire hurrican wheel | flashfire | 0,18,1,flashfire hurrican wheel
Manette,55.3,wireless,0,https://www.vinted.it/items/8088308202-manette?referrer=catalog,0,8088308202,On Sale,,,https://images1.vinted.net/t/06_00fa9_kHuRQCqNsHHjo5h21SEJ8gyy/310x430/1770069449.webp?s=63844560a418a858dbed57ee3e064b66fd83a145,1,10,manette,wireless,,False,wireless__toks__manette,manette | wireless | 0,701,1,manette
Tomb Raider 4-5-6 remastered PS5 NEUF,89.43,No brand,0,https://www.vinted.it/items/8088305391-tomb-raider-4-5-6-remastered-ps5-neuf?referrer=catalog,30,8088305391,On Sale,,,https://images1.vinted.net/t/05_00864_KKNsWizCmCXsqMZ42DHBphtR/310x430/1770069413.webp?s=4d334242c1086aa5f206c287e1dea6baf2589326,1,10,tomb raider 4 5 6 remastered ps5 neuf,no brand,,False,no brand__toks__tomb-raider,tomb raider 4 5 6 remastered ps5 neuf | no brand | 0,414,2,tomb raider remastered iv vi ed deluxe ps5
Ps4 negra,263.2,No brand,0,https://www.vinted.it/items/8088281922-ps4-negra?referrer=catalog,0,8088281922,On Sale,,,https://images1.vinted.net/t/01_01ef7_g4m3MwJDboczrT1wZVWfgrZq/310x430/1770069108.webp?s=827eec5b113ede90759aad096bf21bf3b53af811,1,10,ps4 negra,no brand,,False,no brand__toks__ps4-negra,ps4 negra | no brand | 0,336,1,ps4 negra
Enter The Gungeon ps4 PlayStation 4 neuf,53.19,No brand,0,https://www.vinted.it/items/8088265292-enter-the-gungeon-ps4-playstation-4-neuf?referrer=catalog,2,8088265292,On Sale,,,https://images1.vinted.net/t/06_00a77_7N36SJKt97Qf44dP9R8LXJo6/310x430/1770068898.webp?s=6f7ddc8b52b73d2edea38d8c8f3c0c43385d6722,1,10,enter the gungeon ps4 playstation 4 neuf,no brand,,False,no brand__toks__enter-the,enter the gungeon ps4 playstation 4 neuf | no brand | 0,189,1,enter the gungeon ps4 playstation neuf
Dark souls trilogy neuf,53.2,No brand,0,https://www.vinted.it/items/8088247869-dark-souls-trilogy-neuf?referrer=catalog,1,8088247869,On Sale,,,https://images1.vinted.net/t/05_01533_PwZNBQtdF7Z2FpGCctJLUWxG/310x430/1770068683.webp?s=7463d2c04cff73a62f96a1b5a61bc8b125a26d20,1,10,dark souls trilogy neuf,no brand,,False,no brand__toks__dark-souls,dark souls trilogy neuf | no brand | 0,161,4,dark souls trilogy ps4 ita sigillato apocalypse edition
Aim controller PlayStation VR ps4,63.7,Sony,0,https://www.vinted.it/items/8088253873-aim-controller-playstation-vr-ps4?referrer=catalog,0,8088253873,On Sale,,,https://images1.vinted.net/t/05_00d9a_JPhGfgyNJ5zX5DQaMDzeJBGH/310x430/1770068758.webp?s=609e0bc42136f5843270f9014aad1c2d5144964f,1,10,aim controller playstation vr ps4,sony,,False,sony__toks__aim-controller,aim controller playstation vr ps4 | sony | 0,616,1,aim controller playstation vr ps4
Octopath Traveler 0 - Japan Import *PS4 & PS5 Upgrade*,74.2,No brand,0,https://www.vinted.it/items/8088210205-octopath-traveler-0-japan-import-ps4-ps5-upgrade?referrer=catalog,1,8088210205,On Sale,,,https://images1.vinted.net/t/03_0127e_PLaR6jesBiRtUfYv4G7K8cUr/310x430/1770068239.webp?s=149ad08f3adb0fea65ce938144298b65fe814f18,1,10,octopath traveler 0 japan import ps4 ps5 upgrade,no brand,,False,no brand__toks__octopath-traveler,octopath traveler 0 japan import ps4 ps5 upgrade | no brand | 0,303,1,octopath traveler japan import ps4 ps5 upgrade
4 juegos de Playstation 4,84.7,No brand,0,https://www.vinted.it/items/8088118193-4-juegos-de-playstation-4-acepto-ofertas?referrer=catalog,1,8088118193,On Sale,,,https://images1.vinted.net/t/05_00217_nM2rW5te9xsVvwfzzQh1YiCq/310x430/1770067246.webp?s=76b305b6436957b791f176e7375be52b7c85a7f5,1,10,4 juegos de playstation 4,no brand,,False,no brand__toks__juegos-de,4 juegos de playstation 4 | no brand | 0,254,1,juegos de playstation
Set di 2 controller originali PlayStation 4 + base di ricarica,53.2,PlayStation,0,https://www.vinted.it/items/8088087147-set-di-2-controller-originali-playstation-4-base-di-ricarica?referrer=catalog,5,8088087147,On Sale,,,https://images1.vinted.net/t/05_00d2f_qWbt3ZcaWBDb8V31U1B5xsfv/310x430/1770066937.webp?s=01cc9ed54777a13500a2b4d580bd67841f8b1aee,1,10,set di 2 controller originali playstation 4 base di ricarica,playstation,,False,playstation__toks__set-di,set di 2 controller originali playstation 4 base di ricarica | playstation | 0,556,1,di set controller originali playstation base ricarica
Darksiders Fan Box,210.7,No brand,0,https://www.vinted.it/items/8088018241-darksiders-fan-box?referrer=catalog,1,8088018241,On Sale,,,https://images1.vinted.net/t/06_00243_5w8XUAEc727yarXNQF7e1uYG/310x430/1770066277.webp?s=f8b47372acf60a060c76937a48059a04abc8cc40,1,10,darksiders fan box,no brand,,False,no brand__toks__darksiders-fan,darksiders fan box | no brand | 0,162,1,darksiders fan box
Volante PS4/PS3/Switch/Pc Hurricane+ Wheel,84.7,Hurricane,0,https://www.vinted.it/items/8087972959-volante-ps4ps3switchpc-hurricane-wheel?referrer=catalog,0,8087972959,On Sale,,,https://images1.vinted.net/t/05_0128b_fDx4u73J4xxW51Eq2ANpbHhP/310x430/1770065868.webp?s=02ba9ebcf0d49bdd17cef0c59ae886ef870867b3,1,10,volante ps4 ps3 switch pc hurricane wheel,hurricane,,False,hurricane__toks__volante-ps4,volante ps4 ps3 switch pc hurricane wheel | hurricane | 0,35,1,volante ps4 ps3 switch pc hurricane wheel
Senko no Ronde 2 neuf PlayStation 4 ps4,47.94,No brand,0,https://www.vinted.it/items/8087922858-senko-no-ronde-2-neuf-playstation-4-ps4?referrer=catalog,1,8087922858,On Sale,,,https://images1.vinted.net/t/05_007ef_z8VkZhZqs3HxEsS1PeDUtrNy/310x430/1770065428.webp?s=3227cfca6955610183fcf8d4a27b93eaf04cedb9,1,10,senko no ronde 2 neuf playstation 4 ps4,no brand,,False,no brand__toks__senko-no,senko no ronde 2 neuf playstation 4 ps4 | no brand | 0,365,1,senko no ronde neuf playstation ps4
Koumajou Remilia: Scarlet Symphony Switch Limited Run,68.95,No brand,0,https://www.vinted.it/items/8087875671-koumajou-remilia-scarlet-symphony-switch-limited-run?referrer=catalog,14,8087875671,On Sale,,,https://images1.vinted.net/t/01_02449_RBZz684NCksFByrjQcAUVjim/310x430/1770065026.webp?s=8ded6c8734c13629110e6bc685ae335fb5f6151f,1,10,koumajou remilia scarlet symphony switch limited run,no brand,,False,no brand__toks__koumajou-remilia,koumajou remilia scarlet symphony switch limited run | no brand | 0,260,1,koumajou remilia scarlet symphony switch limited run
Late shift neuf limited run PlayStation 4 ps4,105.69,No brand,0,https://www.vinted.it/items/8087834103-late-shift-neuf-limited-run-playstation-4-ps4?referrer=catalog,5,8087834103,On Sale,,,https://images1.vinted.net/t/06_01fe8_u7KQv4FBXhteWAxrx2yfKT3t/310x430/1770064683.webp?s=b3f8ea364d7484dcff239594cdbe1b5eb97ea1e0,1,10,late shift neuf limited run playstation 4 ps4,no brand,,False,no brand__toks__late-shift,late shift neuf limited run playstation 4 ps4 | no brand | 0,261,1,late shift neuf limited run playstation ps4
Senran kagura peach beach splash ps4 PlayStation 4 neuf,63.7,No brand,0,https://www.vinted.it/items/8087808649-senran-kagura-peach-beach-splash-ps4-playstation-4-neuf?referrer=catalog,18,8087808649,On Sale,,,https://images1.vinted.net/t/01_02320_GasE6G5jXKAQo2fzBhdRnzPi/310x430/1770064477.webp?s=777ecf839fb1943ccbf732861347820284b88d3d,1,10,senran kagura peach beach splash ps4 playstation 4 neuf,no brand,,False,no brand__toks__senran-kagura,senran kagura peach beach splash ps4 playstation 4 neuf | no brand | 0,367,1,senran kagura peach beach splash ps4 playstation neuf
Freno a Mano per Pc,63.7,Logitech,0,https://www.vinted.it/items/8087805454-freno-a-mano-per-pc?referrer=catalog,3,8087805454,On Sale,,,https://images1.vinted.net/t/03_0176c_oj6hknJC9VaYNz3U7sRre2uH/310x430/1770064451.webp?s=106d772f359a1e0e9e304cacca92de8e3b9b65f1,1,10,freno a mano per pc,logitech,,False,logitech__toks__freno-mano,freno a mano per pc | logitech | 0,52,1,freno mano per pc
Nintendo Wii completa di scatola + accessori e giochi,84.69,Nintendo,0,https://www.vinted.it/items/8066855418-nintendo-wii-completa-di-scatola-accessori-e-giochi?referrer=catalog,10,8066855418,On Sale,,,https://images1.vinted.net/t/06_01649_e533tGkQf1To6i4yxG6H1gVx/310x430/1770064861.webp?s=6fd92d559013ca90aad248db3f385ba6bc2ce2d9,1,10,nintendo wii completa di scatola accessori e giochi,nintendo,scatola,True,nintendo__toks__nintendo-wii,nintendo wii completa di scatola accessori e giochi | nintendo | 0,71,1,nintendo wii completa di scatola accessori giochi
Tokyo 42 neuf PlayStation 4 ps4,53.19,No brand,0,https://www.vinted.it/items/8087775767-tokyo-42-neuf-playstation-4-ps4?referrer=catalog,1,8087775767,On Sale,,,https://images1.vinted.net/t/05_011d6_EQRs8iog5AH5LskeBiNXzLyL/310x430/1770064213.webp?s=2e510368c0e558c9d9d80183548362a6da820069,1,10,tokyo 42 neuf playstation 4 ps4,no brand,,False,no brand__codes__42,tokyo 42 neuf playstation 4 ps4 | no brand | 0,90,1,tokyo 42 neuf playstation ps4
Thrustmaster T98 Ferrari 296 GTB,73.15,Thrustmaster,0,https://www.vinted.it/items/8087746713-thrustmaster-t98-ferrari-296-gtb-rennlenkrad-fur-ps5-ps4-pc?referrer=catalog,0,8087746713,On Sale,,,https://images1.vinted.net/t/04_00c13_yanDnXzfKT8HQSkAsQkuPXY8/310x430/1770063982.webp?s=a89481df1a9dbf2f44ee7400e6ab72f32be07fb9,1,10,thrustmaster t98 ferrari 296 gtb,thrustmaster,,False,thrustmaster__codes__t98-296,thrustmaster t98 ferrari 296 gtb | thrustmaster | 0,686,2,thrustmaster t98 ferrari 296 gtb steering wheel ps5
Volante Ps5,105.7,Hori,0,https://www.vinted.it/items/8087669625-volante-ps5?referrer=catalog,0,8087669625,On Sale,,,https://images1.vinted.net/t/04_0232b_WHBgzRhL1LuLpKgnq3G3pZrT/310x430/1770063387.webp?s=e4a484ebd53c2999fabd57f3ac275ce48b19eff9,1,10,volante ps5,hori,,False,hori__toks__volante-ps5,volante ps5 | hori | 0,31,1,volante ps5
Knights and bikes,53.19,No brand,0,https://www.vinted.it/items/8087639858-knights-and-bikes?referrer=catalog,2,8087639858,On Sale,,,https://images1.vinted.net/t/06_01c0a_yqXpVEGtUNjJCLuPPAUGZX28/310x430/1770063157.webp?s=523bca0c40f887fb63e6bf03ae48cd0ad43c7fb2,1,10,knights and bikes,no brand,,False,no brand__toks__knights-and,knights and bikes | no brand | 0,259,1,knights and bikes
Playstation 4 1TB opslag,126.7,PlayStation,0,https://www.vinted.it/items/8087525668-playstation-4-1tb-opslag?referrer=catalog,1,8087525668,On Sale,,,https://images1.vinted.net/t/04_01e34_jBsZFmRp7WEK3rS6NRCKYhXr/310x430/1770062294.webp?s=16a6c0331775e024ae004c058d908b092340d267,1,10,playstation 4 1tb opslag,playstation,,False,playstation__toks__playstation-1tb,playstation 4 1tb opslag | playstation | 0,507,1,playstation 1tb opslag
PlayStation 4 Slim PS4 Novo + Comando + Jogo Read Dead II,142.45,Sony,0,https://www.vinted.it/items/8087499436-playstation-4-slim-ps4-novo-comando-jogo-read-dead-ii?referrer=catalog,22,8087499436,On Sale,,,https://images1.vinted.net/t/04_00a90_TUKjkZTnKEk2YouqiHM9qXDz/310x430/1770062099.webp?s=1a33eaae79dfaf66a5ad47ba1e26700c4ff59a62,1,10,playstation 4 slim ps4 novo comando jogo read dead ii,sony,,False,sony__toks__playstation-slim,playstation 4 slim ps4 novo comando jogo read dead ii | sony | 0,646,5,playstation slim completa 500gb joystick ps4 novo comando
Volante Logitech G29 + Pedales – PlayStation / PC,170.8,Logitech,0,https://www.vinted.it/items/8087338829-volante-logitech-g29-pedales-playstation-pc?referrer=catalog,4,8087338829,On Sale,,,https://images1.vinted.net/t/04_00341_oV4HyUzjZyzGStpV74L68X6d/310x430/1770060911.webp?s=d6297b8b623291fee79e93f2797848a0559542e4,1,10,volante logitech g29 pedales playstation pc,logitech,,False,logitech__codes__g29,volante logitech g29 pedales playstation pc | logitech | 0,49,14,g29 logitech volante volant pedales de vitesse ps4
Samurai maiden ps4,42.7,No brand,0,https://www.vinted.it/items/8087319398-samurai-maiden-ps4?referrer=catalog,4,8087319398,On Sale,,,https://images1.vinted.net/t/05_0115a_uvWQyUyNHEe3ki2gwZVq8mmf/310x430/1770060769.webp?s=df8ab346927d36cbdfa92a44556ba54bb1546ca4,1,10,samurai maiden ps4,no brand,,False,no brand__toks__samurai-maiden,samurai maiden ps4 | no brand | 0,362,1,samurai maiden ps4
Play station4,158.2,PlayStation,0,https://www.vinted.it/items/8069880812-play-station4?referrer=catalog,2,8069880812,On Sale,,,https://images1.vinted.net/t/06_02296_cMSkXt8MHakcbv2YVqx2WXUy/310x430/1770060755.webp?s=07d20acae06107c49e20d5011a78d68c90cc4cfc,1,10,play station4,playstation,,False,playstation__toks__play-station4,play station4 | playstation | 0,505,1,play station4
VR Brille ps4/ps5,116.2,Sony,0,https://www.vinted.it/items/8087289245-vr-brille-ps4ps5?referrer=catalog,0,8087289245,On Sale,,,https://images1.vinted.net/t/04_00634_KoZdKnNqZKo4kqUPeJDuyt2t/310x430/1770060551.webp?s=ac296e799e3b9361d8c1345aa6064ff1505fddc8,1,10,vr brille ps4 ps5,sony,,False,sony__toks__vr-brille,vr brille ps4 ps5 | sony | 0,671,1,vr brille ps4 ps5
PS4 (Play Station 4 Slim),142.45,Sony,0,https://www.vinted.it/items/8087282534-ps4-play-station-4-slim?referrer=catalog,0,8087282534,On Sale,,,https://images1.vinted.net/t/06_024ef_3NTbLbuP5KCGfEB7SV7Dr8Q9/310x430/1770060501.webp?s=05c37be86f61b13e0b26904846c8aefa657db081,1,10,ps4 play station 4 slim,sony,,False,sony__toks__ps4-play,ps4 play station 4 slim | sony | 0,660,1,ps4 play station slim
PS4 Fate samurai remnant,42.7,No brand,0,https://www.vinted.it/items/8087250151-ps4-fate-samurai-remnant?referrer=catalog,6,8087250151,On Sale,,,https://images1.vinted.net/t/06_0184c_aMRvKgQYennohPuoHuvD5wN4/310x430/1770060262.webp?s=7dc1660b16cb0ee1d697c73591a1e0dabe136221,1,10,ps4 fate samurai remnant,no brand,,False,no brand__toks__ps4-fate,ps4 fate samurai remnant | no brand | 0,332,1,ps4 fate samurai remnant
PS4 Atelier Ryza 3 Alchemist of the end and secret key,74.2,No brand,0,https://www.vinted.it/items/8086954478-ps4-atelier-ryza-3-alchemist-of-the-end-and-secret-key?referrer=catalog,1,8086954478,On Sale,,,https://images1.vinted.net/t/05_02185_rrjbDfrXSSoncEkaDBorUU1P/310x430/1770058089.webp?s=ce4c3516b927309f29e5565070fd078e8922c292,1,10,ps4 atelier ryza 3 alchemist of the end and secret key,no brand,,False,no brand__toks__ps4-atelier,ps4 atelier ryza 3 alchemist of the end and secret key | no brand | 0,327,1,ps4 atelier ryza alchemist of the end and
PS4 Void terrarium 2,53.2,No brand,0,https://www.vinted.it/items/8086947742-ps4-void-terrarium-2?referrer=catalog,1,8086947742,On Sale,,,https://images1.vinted.net/t/05_01618_3WRDc3R8nwZNkPtFneYWncWK/310x430/1770058041.webp?s=a166981b41d37150f9e35fc6925f487f569478b2,1,10,ps4 void terrarium 2,no brand,,False,no brand__toks__ps4-void,ps4 void terrarium 2 | no brand | 0,347,1,ps4 void terrarium
🎮 Volant + pédalier Thrustmaster T80 Ferrari 488 GTB – PS4 / PS5 / PC,95.2,Thrustmaster,0,https://www.vinted.it/items/8086883111-volant-pedalier-thrustmaster-t80-ferrari-488-gtb-ps4-ps5-pc?referrer=catalog,0,8086883111,On Sale,,,https://images1.vinted.net/t/05_023a5_HaVqRGmmabosrwpaEm6s62Xx/310x430/1770057570.webp?s=ac42602cd7e15f96b1e6bea7740ee7dcd1d2a0d7,1,10,volant pedalier thrustmaster t80 ferrari 488 gtb ps4 ps5 pc,thrustmaster,,False,thrustmaster__codes__t80-488,volant pedalier thrustmaster t80 ferrari 488 gtb ps4 ps5 pc | thrustmaster | 0,685,2,thrustmaster t80 ferrari 488 gtb lenkrad mit pedalr
Lot 10 jeux PS4 neufs sous blister – Saints Row,79.69,No brand,0,https://www.vinted.it/items/8086846866-lot-10-jeux-ps4-neufs-sous-blister-saints-row-immortals-back-4-blood?referrer=catalog,0,8086846866,On Sale,,,https://images1.vinted.net/t/06_0149d_ZEe6KCFGBbawPXuMskRCmMgC/310x430/1770057306.webp?s=79cae608a3289641f0ae2eaa30ffae37c2916ffd,1,10,lot 10 jeux ps4 neufs sous blister saints row,no brand,,False,no brand__codes__10,lot 10 jeux ps4 neufs sous blister saints row | no brand | 0,73,3,10 ps4 lotto di giochi per jogos unidades
Ps4 1TB,147.7,Sony,0,https://www.vinted.it/items/8086689620-ps4-1tb?referrer=catalog,1,8086689620,On Sale,,,https://images1.vinted.net/t/06_01de2_p8yGqRo2FRVDqAvb1gAu8h3x/310x430/1770056168.webp?s=595030bc4c29eac8491d875def789404d37eefae,1,10,ps4 1tb,sony,,False,sony__toks__ps4-1tb,ps4 1tb | sony | 0,649,1,ps4 1tb
stonefly collector's edition playstation 4 ps4 sous blister,47.95,No brand,0,https://www.vinted.it/items/8086685484-stonefly-collectors-edition-playstation-4-ps4-sous-blister?referrer=catalog,0,8086685484,On Sale,,,https://images1.vinted.net/t/05_013a9_sEL13YS43QRwNxfKVvV53P7F/310x430/1770056139.webp?s=0f6a17429f89178bbe7089299dbe53b903285cad,1,10,stonefly collector s edition playstation 4 ps4 sous blister,no brand,,False,no brand__toks__stonefly-collector,stonefly collector s edition playstation 4 ps4 sous blister | no brand | 0,386,1,stonefly collector edition playstation ps4 sous blister
PS4 blanche,263.2,PlayStation,0,https://www.vinted.it/items/8085973947-ps4-blanche?referrer=catalog,1,8085973947,On Sale,,,https://images1.vinted.net/t/01_007e7_x1MSqufNnfzMdpzATrr8fpUz/310x430/1770051209.webp?s=8f5c70d2f17109d95859837148e1a8ea6b9cac18,1,10,ps4 blanche,playstation,,False,playstation__toks__ps4-blanche,ps4 blanche | playstation | 0,533,1,ps4 blanche
PlayStation 4 slim,105.7,Sony,0,https://www.vinted.it/items/8086588569-playstation-4-slim?referrer=catalog,1,8086588569,On Sale,,,https://images1.vinted.net/t/01_02058_yrFqxuu5GizpPidjRbxuou8Q/310x430/1770055458.webp?s=684edcfa46917bffad17ed3a282706ac0ac61437,1,10,playstation 4 slim,sony,,False,sony__toks__playstation-slim,playstation 4 slim | sony | 0,646,5,playstation slim completa 500gb joystick ps4 novo comando
Ps4 digital,89.95,PlayStation,0,https://www.vinted.it/items/8086552361-ps4-digital?referrer=catalog,0,8086552361,On Sale,,,https://images1.vinted.net/t/06_01b34_4Pzi6Sd6H3LagbNemNYpWgJV/310x430/1770055203.webp?s=d44ada8adcafdc04d59b7763e8d247f613481fdc,1,10,ps4 digital,playstation,,False,playstation__toks__ps4-digital,ps4 digital | playstation | 0,538,1,ps4 digital
fifa 26,58.45,No brand,0,https://www.vinted.it/items/8086504888-fifa-26?referrer=catalog,0,8086504888,On Sale,,,https://images1.vinted.net/t/06_01f3d_o3p7VtJrebFrYGw1J4rXBGSY/310x430/1770054872.webp?s=88647d5aab9cf5a6e26c22a569ef9c704f8783b4,1,10,fifa 26,no brand,,False,no brand__codes__26,fifa 26 | no brand | 0,88,10,26 fifa ps4 fc playstation jeux ps neuf
Play station 4,126.7,No brand,0,https://www.vinted.it/items/8086504208-play-station-4?referrer=catalog,2,8086504208,On Sale,,,https://images1.vinted.net/t/01_023f2_GEGoRVjzibGeexEZnmE9fmwz/310x430/1770054868.webp?s=6098ac509c3652cef3dcf3149e62073800bf66fe,1,10,play station 4,no brand,,False,no brand__toks__play-station,play station 4 | no brand | 0,316,1,play station
Fist Of The North Star Lost Paradise PS4,42.7,No brand,0,https://www.vinted.it/items/8086504012-fist-of-the-north-star-lost-paradise-ps4?referrer=catalog,2,8086504012,On Sale,,,https://images1.vinted.net/t/06_0035a_98DTZn5RiF15qGgsZArskAFR/310x430/1770054866.webp?s=16d107cbfa2e38b6f7e7a86c16a0284d66bdce8b,1,10,fist of the north star lost paradise ps4,no brand,,False,no brand__toks__fist-of,fist of the north star lost paradise ps4 | no brand | 0,197,2,fist of the north star lost paradise ps4
Suporte headphones e comando (ps4 ou ps5),63.7,Pokémon,0,https://www.vinted.it/items/8086441103-suporte-headphones-e-comando-ps4-ou-ps5?referrer=catalog,0,8086441103,On Sale,,,https://images1.vinted.net/t/05_02698_sw55kExkZXj29YK5qBAzyD7V/310x430/1770054434.webp?s=6d1d62a041b9f031064f09e73d7da3853a8cb2f5,1,10,suporte headphones e comando ps4 ou ps5,pokemon,,False,pokemon__toks__suporte-headphones,suporte headphones e comando ps4 ou ps5 | pokemon | 0,581,1,suporte headphones comando ps4 ou ps5
Dualsense ps5,147.7,PlayStation,0,https://www.vinted.it/items/8086458231-dualsense-ps5?referrer=catalog,5,8086458231,On Sale,,,https://images1.vinted.net/t/04_011ef_4CbwSgTr4jSaXMcLKkbkXC9c/310x430/1770054551.webp?s=cbf89532f5904a04627568e87c91ba9ff8f3b95a,1,10,dualsense ps5,playstation,,False,playstation__toks__dualsense-ps5,dualsense ps5 | playstation | 0,485,2,dualsense ps5
Vends Jeu PS4 Unravel Yarny Bundle,53.2,No brand,0,https://www.vinted.it/items/8086404176-vends-jeu-ps4-unravel-yarny-bundle?referrer=catalog,11,8086404176,On Sale,,,https://images1.vinted.net/t/05_00862_mo6tL8mxt5f9UwyRuvk5LVG9/310x430/1770054174.webp?s=19767be109cb68e4e5dc9998030b46f0db363c82,1,10,vends jeu ps4 unravel yarny bundle,no brand,bundle,True,no brand__toks__vends-jeu,vends jeu ps4 unravel yarny bundle | no brand | 0,425,1,vends jeu ps4 unravel yarny bundle
Jeu ps4 sword and fairy together forever deluxe édition neuf,47.95,No brand,0,https://www.vinted.it/items/8086386798-jeu-ps4-sword-and-fairy-together-forever-deluxe-edition-neuf?referrer=catalog,12,8086386798,On Sale,,,https://images1.vinted.net/t/05_01d10_hMz6j2oXJWSrdzz6ZeaXaJdD/310x430/1770054052.webp?s=b97512e925df1210fc491cbed339b5678e6d168f,1,10,jeu ps4 sword and fairy together forever deluxe edition neuf,no brand,,False,no brand__toks__jeu-ps4,jeu ps4 sword and fairy together forever deluxe edition neuf | no brand | 0,235,1,jeu ps4 sword and fairy together forever deluxe
Ps5 game S.t.a.l.k.e.r 2,44.8,No brand,0,https://www.vinted.it/items/8086342522-ps5-game-stalker-2?referrer=catalog,9,8086342522,On Sale,,,https://images1.vinted.net/t/05_0265e_LG4Z11AQGCEmrt9zLTe4BaNn/310x430/1770053744.webp?s=fce48e0d360743045dbef7d47591dafdfe99f5a3,1,10,ps5 game s t a l k e r 2,no brand,,False,no brand__toks__ps5-game,ps5 game s t a l k e r 2 | no brand | 0,348,1,ps5 game
🔥 console 500GB LaunchBox - PS4,105.7,launchbox,0,https://www.vinted.it/items/8086186995-console-500gb-launchbox-ps4-switch-ps3-ps2-n64-retro-plugplay?referrer=catalog,1,8086186995,On Sale,,,https://images1.vinted.net/t/05_01924_rT8gzet9hBSitpq5czVgdVSm/310x430/1770052717.webp?s=93901ff902f0dadbcf3f31fa11d845e520de0735,1,10,console 500gb launchbox ps4,launchbox,,False,launchbox__toks__console-500gb,console 500gb launchbox ps4 | launchbox | 0,45,1,console 500gb launchbox ps4
