ProductId,CanonicalName,BrandMode,Count,PriceMedian,PriceMin,PriceMax,NegFlagRate,RepresentativeTitle,RepresentativeLink,BlockKey,Embedder,ProductThreshold
501,playstation,PlayStation,15,131.95,74.2,226.45,0.0,Playstation 4,https://www.vinted.it/items/8116742077-playstation-4?referrer=catalog,playstation__toks__playstation,sentence-transformers:paraphrase-multilingual-MiniLM-L12-v2,0.24
49,g29 logitech volante volant pedales de vitesse ps4 boite playstation,Logitech,14,189.7,58.45,336.7,0.0,Volante Logitech G29,https://www.vinted.it/items/8109742776-volante-logitech-g29?referrer=catalog,logitech__codes__g29,sentence-transformers:paraphrase-multilingual-MiniLM-L12-v2,0.24
88,26 fifa ps4 fc playstation jeux ps neuf ea sports,No brand,10,53.2,42.7,63.7,0.0,FIFA 26 PS4,https://www.vinted.it/items/8112243510-fifa-26-ps4?referrer=catalog,no brand__codes__26,sentence-transformers:paraphrase-multilingual-MiniLM-L12-v2,0.24
48,logitech g29 ps4 ps5 pc driving force volant levier de,Logitech,9,210.7,168.7,252.7,0.0,Logitech G29 Driving Force Volante para PS5/PS4/PS3/PC,https://www.vinted.it/items/8099229806-logitech-g29-driving-force-volante-para-ps5ps4ps3pc?referrer=catalog,logitech__codes__g29,sentence-transformers:paraphrase-multilingual-MiniLM-L12-v2,0.24
121,bloodstained curse of the moon nintendo switch ps4 chronicles le,No brand,7,47.95,45.85,105.7,0.0,Bloodstained Curse of the Moon - Nintendo Switch,https://www.vinted.it/items/8114466920-bloodstained-curse-of-the-moon-nintendo-switch?referrer=catalog,no brand__toks__bloodstained-curse,sentence-transformers:paraphrase-multilingual-MiniLM-L12-v2,0.24
193,final fantasy edition ps4 remake deluxe vii precintado ix ps1,No brand,7,100.45,42.7,263.2,0.0,Final Fantasy VII Remake - Deluxe Edition (PS4),https://www.vinted.it/items/8116657812-final-fantasy-vii-remake-deluxe-edition-ps4?referrer=catalog,no brand__toks__final-fantasy,sentence-transformers:paraphrase-multilingual-MiniLM-L12-v2,0.24
50,logitech g923 volante racing wheel pedali ps4 ps5 pc se,Logitech,7,231.7,158.2,284.2,0.0,Volante Logitech G923 SE,https://www.vinted.it/items/8120854348-volante-logitech-g923-se?referrer=catalog,logitech__codes__g923,sentence-transformers:paraphrase-multilingual-MiniLM-L12-v2,0.24
519,playstation slim minecraft controller 1000gb gioco 500go,PlayStation,6,121.45,100.45,189.7,0.0,Playstation 4 Slim,https://www.vinted.it/items/8120270549-playstation-4-slim?referrer=catalog,playstation__toks__playstation-slim,sentence-transformers:paraphrase-multilingual-MiniLM-L12-v2,0.24
267,lot de jeux ps4 playstation neufs sous blister gow neuf,No brand,5,47.95,47.94,158.2,0.0,Lot de jeux ps4,https://www.vinted.it/items/8114595330-lot-de-jeux-ps4?referrer=catalog,no brand__toks__lot-de,sentence-transformers:paraphrase-multilingual-MiniLM-L12-v2,0.24
401,the last ps4 guardian of edition us2 limited coleccionista precintado,No brand,5,63.7,42.7,131.95,0.0,The Last Guardian PS4,https://www.vinted.it/items/8121865106-the-last-guardian-ps4?referrer=catalog,no brand__toks__the-last,sentence-transformers:paraphrase-multilingual-MiniLM-L12-v2,0.24
272,lotto giochi ps4 playstation testati funzionanti imperdibili new sealed,No brand,5,79.45,47.95,105.6,1.0,Lotto giochi PS4,https://www.vinted.it/items/8117583526-lotto-giochi-ps4?referrer=catalog,no brand__toks__lotto-giochi,sentence-transformers:paraphrase-multilingual-MiniLM-L12-v2,0.24
641,playstation slim completa 500gb joystick ps4 novo comando jogo read,Sony,5,106.65,105.7,147.7,0.0,Playstation 4 slim completa,https://www.vinted.it/items/8107231664-playstation-4-slim-completa-funzionante-perfette-condizioni-500-gb?referrer=catalog,sony__toks__playstation-slim,sentence-transformers:paraphrase-multilingual-MiniLM-L12-v2,0.24
499,play station,PlayStation,5,137.2,95.2,210.7,0.0,Play station 4,https://www.vinted.it/items/8106230040-play-station-4?referrer=catalog,playstation__toks__play-station,sentence-transformers:paraphrase-multilingual-MiniLM-L12-v2,0.24
263,little nightmares iii premium spiral edition ps5 neuf ps4,No brand,4,44.8,42.7,210.6,0.0,Little Nightmares 1 e 2 ps4,https://www.vinted.it/items/8114850885-little-nightmares-1-e-2-ps4?referrer=catalog,no brand__toks__little-nightmares,sentence-transformers:paraphrase-multilingual-MiniLM-L12-v2,0.24
349,resident evil ps4 nuovo italiano blister sous boitier fors neuf,No brand,4,47.95,42.7,53.2,0.0,Resident evil 4 ps4,https://www.vinted.it/items/8089542955-resident-evil-4-ps4?referrer=catalog,no brand__toks__resident-evil,sentence-transformers:paraphrase-multilingual-MiniLM-L12-v2,0.24
160,dark souls trilogy ps4 ita sigillato apocalypse edition neuf,No brand,4,53.2,47.85,74.2,0.0,Dark souls trilogy Ps4,https://www.vinted.it/items/8108651783-dark-souls-trilogy-ps4?referrer=catalog,no brand__toks__dark-souls,sentence-transformers:paraphrase-multilingual-MiniLM-L12-v2,0.24
27,volante hori racing wheel apex rwa ps4 per pc pedali,Hori,4,55.825,42.7,84.7,0.0,Volante hori racing wheel apex(RWA) per ps4/pc + pedali,https://www.vinted.it/items/8098042118-volante-hori-racing-wheel-apexrwa-per-ps4pc-pedali?referrer=catalog,hori__toks__volante-hori,sentence-transformers:paraphrase-multilingual-MiniLM-L12-v2,0.24
678,t80 volante thrustmaster ps4 ps5 volant trusmaster pedale ferrari,Thrustmaster,4,58.45,47.95,95.2,0.0,volante  thrustmaster t80,https://www.vinted.it/items/8095080086-volante-thrustmaster-t80?referrer=catalog,thrustmaster__codes__t80,sentence-transformers:paraphrase-multilingual-MiniLM-L12-v2,0.24
102,assassin creed edition steelbook origins jeu non inclus ps4 collector,No brand,4,62.120000000000005,51.1,131.95,0.0,Assassin's Creed syndacate steelbook edition ps4,https://www.vinted.it/items/8116725831-assassins-creed-syndacate-steelbook-edition-ps4?referrer=catalog,no brand__toks__assassin-creed,sentence-transformers:paraphrase-multilingual-MiniLM-L12-v2,0.24
286,metal gear solid collection the vol master fr ps5 definitive,No brand,4,66.325,47.95,158.2,0.0,Metal Gear Solid Vol.1 Master Collection FR PS5,https://www.vinted.it/items/8099319805-metal-gear-solid-vol1-master-collection-fr-ps5?referrer=catalog,no brand__toks__metal-gear,sentence-transformers:paraphrase-multilingual-MiniLM-L12-v2,0.24
202,giochi playstation,No brand,4,79.45,42.7,116.2,0.0,Giochi playstation 4,https://www.vinted.it/items/8122976434-giochi-playstation-4?referrer=catalog,no brand__toks__giochi-playstation,sentence-transformers:paraphrase-multilingual-MiniLM-L12-v2,0.24
233,jeu ps4 neuf sous blister atelier ryza lydie suelle sophie,No brand,4,82.075,68.95,95.2,0.0,Jeu PS4 Atelier Lydie & Suelle - Neuf sous blister,https://www.vinted.it/items/8122259901-jeu-ps4-atelier-lydie-suelle-neuf-sous-blister?referrer=catalog,no brand__toks__jeu-ps4,sentence-transformers:paraphrase-multilingual-MiniLM-L12-v2,0.24
661,sony playstation slim joystick tb controller console memory card usata,Sony,4,105.7,52.15,368.2,0.0,Sony PlayStation 4 Slim 1 TB + 2 Controller,https://www.vinted.it/items/8123805868-sony-playstation-4-slim-1-tb-2-controller?referrer=catalog,sony__toks__sony-playstation,sentence-transformers:paraphrase-multilingual-MiniLM-L12-v2,0.24
673,thrustmaster t150 volant pro voltante con pedaliera rs racing retour,Thrustmaster,4,124.07499999999999,74.2,231.7,0.0,Volant Thrustmaster T150 pro,https://www.vinted.it/items/8108022445-volant-thrustmaster-t150-pro?referrer=catalog,thrustmaster__codes__t150,sentence-transformers:paraphrase-multilingual-MiniLM-L12-v2,0.24
484,je vends ma playstation et car ne en sers plus,PlayStation,4,158.2,158.2,158.2,0.0,Je vends ma Playstation 4 avec une manette et des jeux,https://www.vinted.it/items/8106974445-je-vends-ma-playstation-4-avec-une-manette-et-des-jeux?referrer=catalog,playstation__toks__je-vends,sentence-transformers:paraphrase-multilingual-MiniLM-L12-v2,0.24
656,ps4 pro terabyte 1to comme neuve,Sony,4,184.45,158.2,315.7,0.0,Ps4 PRO,https://www.vinted.it/items/8104991259-ps4-pro?referrer=catalog,sony__toks__ps4-pro,sentence-transformers:paraphrase-multilingual-MiniLM-L12-v2,0.24
518,playstation pro 1tb come nuova,PlayStation,4,187.075,158.1,210.7,0.0,PlayStation 4 Pro,https://www.vinted.it/items/8116470273-playstation-4-pro?referrer=catalog,playstation__toks__playstation-pro,sentence-transformers:paraphrase-multilingual-MiniLM-L12-v2,0.24
351,resident evil edition nuevo precintado origins collection capcom village edicion,No brand,4,210.65,42.7,473.2,0.0,Resident Evil Origins Collection E Capcom Edition,https://www.vinted.it/items/8098871835-resident-evil-origins-collection-e-capcom-edition?referrer=catalog,no brand__toks__resident-evil,sentence-transformers:paraphrase-multilingual-MiniLM-L12-v2,0.24
231,jeu ps4 neo geo edition pix love scelle and neuf,No brand,4,221.2,200.2,242.2,0.0,Jeu ps4 Neo Geo the last blade 2 édition pix and love neuf scellé,https://www.vinted.it/items/8122726917-jeu-ps4-neo-geo-the-last-blade-2-edition-pix-and-love-neuf-scelle?referrer=catalog,no brand__toks__jeu-ps4,sentence-transformers:paraphrase-multilingual-MiniLM-L12-v2,0.24
375,spider man ps4 edition game of the year nuovo sigillato,No brand,3,42.7,42.7,42.7,0.0,Spider-Man PS4 Edition Game of the Year Nuovo Sigillato Copertina Francese,https://www.vinted.it/items/8096753649-spider-man-ps4-edition-game-of-the-year-nuovo-sigillato-copertina-francese?referrer=catalog,no brand__toks__spider-man,sentence-transformers:paraphrase-multilingual-MiniLM-L12-v2,0.24
348,red redemption dead ps4 brand new sealed game of the,No brand,3,47.94,42.7,73.15,0.0,Red Dead Redemption 2 PS4 - Brand New Sealed,https://www.vinted.it/items/8122662479-red-dead-redemption-2-ps4-brand-new-sealed?referrer=catalog,no brand__toks__red-dead,sentence-transformers:paraphrase-multilingual-MiniLM-L12-v2,0.24
87,ps4 25 jeu jeux euro piece,No brand,3,47.95,47.95,53.2,0.0,Jeu ps4 25,https://www.vinted.it/items/8098370220-jeu-ps4-25?referrer=catalog,no brand__codes__25,sentence-transformers:paraphrase-multilingual-MiniLM-L12-v2,0.24
281,mass effect legendary edition ps4 andromeda,No brand,3,47.95,42.7,105.7,0.0,Mass Effect - Legendary Edition PS4,https://www.vinted.it/items/8097368919-mass-effect-legendary-edition-ps4?referrer=catalog,no brand__toks__mass-effect,sentence-transformers:paraphrase-multilingual-MiniLM-L12-v2,0.24
94,fc26 ps4 jeu gioco,No brand,3,53.19,42.7,53.2,0.0,Gioco FC26 x PS4,https://www.vinted.it/items/8089544379-gioco-fc26-x-ps4?referrer=catalog,no brand__codes__fc26,sentence-transformers:paraphrase-multilingual-MiniLM-L12-v2,0.24
132,call of duty warfare modern infinite edition legacy pro ps4,No brand,3,53.2,47.95,105.7,0.0,call of duty modern warfare 3,https://www.vinted.it/items/8100347748-call-of-duty-modern-warfare-3?referrer=catalog,no brand__toks__call-of,sentence-transformers:paraphrase-multilingual-MiniLM-L12-v2,0.24
232,jeu ps4 star wars assassin creed valhalla,No brand,3,53.2,53.2,209.65,0.0,jeu ps4,https://www.vinted.it/items/8116346280-jeu-ps4?referrer=catalog,no brand__toks__jeu-ps4,sentence-transformers:paraphrase-multilingual-MiniLM-L12-v2,0.24
255,kingdom hearts all in one package ps4 nuovo,No brand,3,53.2,53.2,58.45,0.0,Kingdom Hearts All in One Package,https://www.vinted.it/items/8121842231-kingdom-hearts-all-in-one-package?referrer=catalog,no brand__toks__kingdom-hearts,sentence-transformers:paraphrase-multilingual-MiniLM-L12-v2,0.24
268,lot jeux pour console playstation neuf ps4,No brand,3,53.2,44.8,74.2,0.0,Lot 4 jeux,https://www.vinted.it/items/8095572256-lot-4-jeux?referrer=catalog,no brand__toks__lot-jeux,sentence-transformers:paraphrase-multilingual-MiniLM-L12-v2,0.24
290,metro exodus aurora edition ps4 limitee steelbook limited,No brand,3,53.2,47.95,63.7,0.0,Metro Exodus Aurora Limited Edition,https://www.vinted.it/items/8117839677-metro-exodus-aurora-limited-edition?referrer=catalog,no brand__toks__metro-exodus,sentence-transformers:paraphrase-multilingual-MiniLM-L12-v2,0.24
333,ps4 playstation,No brand,3,53.2,42.7,53.2,0.0,PS4 PlayStation 4,https://www.vinted.it/items/8121042945-ps4-playstation-4-4-giochi-nuovi-play-station-bari?referrer=catalog,no brand__toks__ps4-playstation,sentence-transformers:paraphrase-multilingual-MiniLM-L12-v2,0.24
475,controller ps4,PlayStation,3,53.2,42.7,58.45,0.0,Controller PS4,https://www.vinted.it/items/8105881519-controller-ps4?referrer=catalog,playstation__toks__controller-ps4,sentence-transformers:paraphrase-multilingual-MiniLM-L12-v2,0.24
73,10 ps4 lotto di giochi per jogos unidades lot jeux,No brand,3,79.69,53.2,126.7,0.3333333333333333,Jogos ps4 10 unidades,https://www.vinted.it/items/8111540011-jogos-ps4-10-unidades?referrer=catalog,no brand__codes__10,sentence-transformers:paraphrase-multilingual-MiniLM-L12-v2,0.24
150,conjunto jogos ps4 para,No brand,3,105.7,64.75,105.7,0.0,Conjunto jogos ps4,https://www.vinted.it/items/8105562330-conjunto-jogos-ps4?referrer=catalog,no brand__toks__conjunto-jogos,sentence-transformers:paraphrase-multilingual-MiniLM-L12-v2,0.24
635,playstation,Sony,3,105.7,79.45,404.95,0.0,Playstation 4,https://www.vinted.it/items/8123692924-playstation-4?referrer=catalog,sony__toks__playstation,sentence-transformers:paraphrase-multilingual-MiniLM-L12-v2,0.24
139,castlevania advance collection ps4 nuevo,No brand,3,116.2,42.7,116.2,0.0,Castlevania Advance Collection Ps4,https://www.vinted.it/items/8114376835-castlevania-advance-collection-ps4?referrer=catalog,no brand__toks__castlevania-advance,sentence-transformers:paraphrase-multilingual-MiniLM-L12-v2,0.24
460,playstation avec manette 500 go et garantie an,PlayStation,3,126.7,126.7,126.7,0.0,PlayStation 4 avec 2 manette 500 go et garantie 1 an,https://www.vinted.it/items/8100883925-playstation-4-avec-2-manette-500-go-et-garantie-1-an?referrer=catalog,playstation__codes__500,sentence-transformers:paraphrase-multilingual-MiniLM-L12-v2,0.24
542,ps4 pro 1tb gta mandos controller originale ottime condizioni,PlayStation,3,137.2,131.95,158.2,0.0,ps4 PRO y gta,https://www.vinted.it/items/8110733963-ps4-pro-y-gta?referrer=catalog,playstation__toks__ps4-pro,sentence-transformers:paraphrase-multilingual-MiniLM-L12-v2,0.24
527,ps4 avec cable et un jeu manettes,PlayStation,3,158.2,158.2,168.7,0.0,Ps4 avec câble et un jeu,https://www.vinted.it/items/8098324693-ps4-avec-cable-et-un-jeu?referrer=catalog,playstation__toks__ps4-avec,sentence-transformers:paraphrase-multilingual-MiniLM-L12-v2,0.24
5,retrogames no apple ii console videogiochi rari amiga playstation,Apple,2,1.0098,1.0098,1.0098,0.0,Retrogames Apple II console videogiochi rari no amiga no playstation retrogames,https://www.vinted.it/items/8107147784-retrogames-apple-ii-console-videogiochi-rari-no-amiga-no-playstation-retrogames?referrer=catalog,apple__toks__retrogames-apple,sentence-transformers:paraphrase-multilingual-MiniLM-L12-v2,0.24
15,schalke 04 ps4 controller,FC Schalke 04,2,42.7,42.7,42.7,0.0,Schalke 04 PS4 Controller,https://www.vinted.it/items/8099179581-schalke-04-ps4-controller?referrer=catalog,fc schalke 04__codes__04,sentence-transformers:paraphrase-multilingual-MiniLM-L12-v2,0.24
91,tarjeta playstation 50,No brand,2,42.7,42.7,42.7,0.0,Tarjeta PlayStation 50€,https://www.vinted.it/items/8107012640-tarjeta-playstation-50eu?referrer=catalog,no brand__codes__50,sentence-transformers:paraphrase-multilingual-MiniLM-L12-v2,0.24
168,detroit become human ps4 precintado the last of us,No brand,2,42.7,42.7,42.7,0.0,Detroit Become Human & The Last of Us (PS4),https://www.vinted.it/items/8094053206-detroit-become-human-the-last-of-us-ps4?referrer=catalog,no brand__toks__detroit-become,sentence-transformers:paraphrase-multilingual-MiniLM-L12-v2,0.24
178,doom eternal ps4 blister,No brand,2,42.7,42.7,42.7,0.0,Doom Eternal ps4 Blister,https://www.vinted.it/items/8098831912-doom-eternal-ps4-blister?referrer=catalog,no brand__toks__doom-eternal,sentence-transformers:paraphrase-multilingual-MiniLM-L12-v2,0.24
185,ea sports fc sin usar,No brand,2,42.7,42.7,42.7,0.0,EA Sports fc sin usar,https://www.vinted.it/items/8099124629-ea-sports-fc-sin-usar?referrer=catalog,no brand__toks__ea-sports,sentence-transformers:paraphrase-multilingual-MiniLM-L12-v2,0.24
220,hollow knight voidheart edition ps4,No brand,2,42.7,42.7,42.7,0.0,Hollow Knight Voidheart Edition PS4,https://www.vinted.it/items/8099735204-hollow-knight-voidheart-edition-ps4?referrer=catalog,no brand__toks__hollow-knight,sentence-transformers:paraphrase-multilingual-MiniLM-L12-v2,0.24
373,sombras de guerra definitive edition ps4,No brand,2,42.7,42.7,42.7,0.0,Sombras de guerra definitive edition ps4,https://www.vinted.it/items/8099601969-sombras-de-guerra-definitive-edition-ps4?referrer=catalog,no brand__toks__sombras-de,sentence-transformers:paraphrase-multilingual-MiniLM-L12-v2,0.24
387,super meat boy forever limited run games playstation ps4 pro,No brand,2,42.7,42.7,42.7,0.0,Super Meat Boy Forever (Limited Run Games) | Playstation 4 PS4 Pro Slim PS5 PS 5,https://www.vinted.it/items/8099410554-super-meat-boy-forever-limited-run-games-playstation-4-ps4-pro-slim-ps5-ps-5?referrer=catalog,no brand__toks__super-meat,sentence-transformers:paraphrase-multilingual-MiniLM-L12-v2,0.24
483,headset gamingxtrust,PlayStation,2,42.7,42.7,42.7,0.0,Headset GamingXTrust,https://www.vinted.it/items/8107065590-headset-gamingxtrust?referrer=catalog,playstation__toks__headset-gamingxtrust,sentence-transformers:paraphrase-multilingual-MiniLM-L12-v2,0.24
485,jeu playstation,PlayStation,2,42.7,42.7,42.7,0.0,Jeu PlayStation 4,https://www.vinted.it/items/8114491664-jeu-playstation-4?referrer=catalog,playstation__toks__jeu-playstation,sentence-transformers:paraphrase-multilingual-MiniLM-L12-v2,0.24
283,mega man legacy collection ps4 precintado,No brand,2,45.275000000000006,42.7,47.85,0.0,🤖 Mega Man X Legacy Collection – PS4 (Precintado) 💥,https://www.vinted.it/items/8114192764-mega-man-x-legacy-collection-ps4-precintado?referrer=catalog,no brand__toks__mega-man,sentence-transformers:paraphrase-multilingual-MiniLM-L12-v2,0.24
86,fifa 2026,No brand,2,45.325,42.7,47.95,0.0,FIFA 2026,https://www.vinted.it/items/8118283130-fifa-2026?referrer=catalog,no brand__codes__2026,sentence-transformers:paraphrase-multilingual-MiniLM-L12-v2,0.24
61,motherboard msi h310m pro vd,MSI,2,47.95,47.95,47.95,0.0,Motherboard MSI H310m Pro-VD,https://www.vinted.it/items/8099042462-motherboard-msi-h310m-pro-vd?referrer=catalog,msi__toks__motherboard-msi,sentence-transformers:paraphrase-multilingual-MiniLM-L12-v2,0.24
104,assault suit leynos ps4,No brand,2,47.95,47.95,47.95,0.0,Assault suit leynos ps4,https://www.vinted.it/items/8114228366-assault-suit-leynos-ps4?referrer=catalog,no brand__toks__assault-suit,sentence-transformers:paraphrase-multilingual-MiniLM-L12-v2,0.24
138,capcom fighting collection ps4 neuf,No brand,2,47.95,47.95,47.95,0.0,Capcom Fighting Collection 2 PS4 Neuf,https://www.vinted.it/items/8098348872-capcom-fighting-collection-2-ps4-neuf?referrer=catalog,no brand__toks__capcom-fighting,sentence-transformers:paraphrase-multilingual-MiniLM-L12-v2,0.24
179,doom neuf sous blister ps4,No brand,2,47.95,47.95,47.95,0.0,Doom neuf sous blister PS4,https://www.vinted.it/items/8098791277-doom-neuf-sous-blister-ps4?referrer=catalog,no brand__toks__doom-neuf,sentence-transformers:paraphrase-multilingual-MiniLM-L12-v2,0.24
196,fist of the north star lost paradise ps4 promo,No brand,2,47.95,42.7,53.2,0.0,Fist of the North Star: Lost Paradise - PROMO - ps4,https://www.vinted.it/items/8093346612-fist-of-the-north-star-lost-paradise-promo-ps4?referrer=catalog,no brand__toks__fist-of,sentence-transformers:paraphrase-multilingual-MiniLM-L12-v2,0.24
252,juegos ps4,No brand,2,47.95,42.7,53.2,0.0,Juegos PS4,https://www.vinted.it/items/8113041980-juegos-ps4?referrer=catalog,no brand__toks__juegos-ps4,sentence-transformers:paraphrase-multilingual-MiniLM-L12-v2,0.24
364,set giochi ps4,No brand,2,47.95,42.7,53.2,0.0,Set giochi PS4,https://www.vinted.it/items/8117675391-set-giochi-ps4?referrer=catalog,no brand__toks__set-giochi,sentence-transformers:paraphrase-multilingual-MiniLM-L12-v2,0.24
216,hdd batocera,No brand,2,49.0,49.0,49.0,0.0,HDD batocera,https://www.vinted.it/items/8114675493-hdd-batocera?referrer=catalog,no brand__toks__hdd-batocera,sentence-transformers:paraphrase-multilingual-MiniLM-L12-v2,0.24
29,volante pedaliera ps4 hori nuovi per ps3,Hori,2,50.05,47.95,52.15,0.0,Volante e pedaliera Hori per PS4 e PS3,https://www.vinted.it/items/8107325494-volante-e-pedaliera-hori-per-ps4-e-ps3?referrer=catalog,hori__toks__volante-pedaliera,sentence-transformers:paraphrase-multilingual-MiniLM-L12-v2,0.24
288,metal slug ps4 xx anthology,No brand,2,50.575,47.95,53.2,0.0,Metal Slug Anthology PS4,https://www.vinted.it/items/8093665934-metal-slug-anthology-ps4?referrer=catalog,no brand__toks__metal-slug,sentence-transformers:paraphrase-multilingual-MiniLM-L12-v2,0.24
195,final vendetta edition limitee jeu ps4 super play station,No brand,2,51.625,51.1,52.15,0.0,Final Vendetta Édition Limitée - Jeu PS4,https://www.vinted.it/items/8111181806-final-vendetta-edition-limitee-jeu-ps4?referrer=catalog,no brand__toks__final-vendetta,sentence-transformers:paraphrase-multilingual-MiniLM-L12-v2,0.24
21,manette pro fusion ps4,Fusion,2,52.99,52.99,52.99,0.0,Manette pro fusion (Ps4,https://www.vinted.it/items/8099135769-manette-pro-fusion-ps4-ps5-avec-palette-a-larriere?referrer=catalog,fusion__toks__manette-pro,sentence-transformers:paraphrase-multilingual-MiniLM-L12-v2,0.24
200,ghost of tsushima ps4 director cut edition speciale collector,No brand,2,53.2,42.7,63.7,0.0,Ghost of Tsushima Director’s Cut -PS4,https://www.vinted.it/items/8122861009-ghost-of-tsushima-directors-cut-ps4?referrer=catalog,no brand__toks__ghost-of,sentence-transformers:paraphrase-multilingual-MiniLM-L12-v2,0.24
558,volant de course,PlayStation,2,53.2,53.2,53.2,0.0,Volant de course,https://www.vinted.it/items/8107150868-volant-de-course?referrer=catalog,playstation__toks__volant-de,sentence-transformers:paraphrase-multilingual-MiniLM-L12-v2,0.24
292,minecraft story mode avventura completa ps4 season,No brand,2,55.82,47.95,63.69,0.0,Minecraft Story Mode L’Avventura Completa Ps4,https://www.vinted.it/items/8120687175-minecraft-story-mode-lavventura-completa-ps4?referrer=catalog,no brand__toks__minecraft-story,sentence-transformers:paraphrase-multilingual-MiniLM-L12-v2,0.24
417,utawarerumono master of truth deception,No brand,2,55.825,47.95,63.7,0.0,Utawarerumono: Master of Deception,https://www.vinted.it/items/8119617729-utawarerumono-master-of-deception?referrer=catalog,no brand__toks__utawarerumono-master,sentence-transformers:paraphrase-multilingual-MiniLM-L12-v2,0.24
651,ps4 controller crash bendicot,Sony,2,55.825,42.7,68.95,0.0,Ps4 controller crash bendicot,https://www.vinted.it/items/8123160857-ps4-controller-crash-bendicot?referrer=catalog,sony__toks__ps4-controller,sentence-transformers:paraphrase-multilingual-MiniLM-L12-v2,0.24
137,the candle power of flame neuf sous blister,No brand,2,58.45,58.45,58.45,0.0,Candle The Power of the flame Neuf sous blister,https://www.vinted.it/items/8098816119-candle-the-power-of-the-flame-neuf-sous-blister?referrer=catalog,no brand__toks__candle-the,sentence-transformers:paraphrase-multilingual-MiniLM-L12-v2,0.24
374,source of madness ps4 neuf sous blister,No brand,2,58.45,58.45,58.45,0.0,💀 Source of Madness PS4 neuf sous blister,https://www.vinted.it/items/8114248901-source-of-madness-ps4-neuf-sous-blister?referrer=catalog,no brand__toks__source-of,sentence-transformers:paraphrase-multilingual-MiniLM-L12-v2,0.24
208,god of war edition limited ps4 limitee,No brand,2,63.7,53.2,74.2,0.0,God of War Édition Limitée,https://www.vinted.it/items/8116322604-god-of-war-edition-limitee?referrer=catalog,no brand__toks__god-of,sentence-transformers:paraphrase-multilingual-MiniLM-L12-v2,0.24
241,jeux ps4 les schtroumpfs,No brand,2,63.7,42.7,84.7,0.0,Jeux PS4 les Schtroumpfs 2,https://www.vinted.it/items/8115540170-jeux-ps4-les-schtroumpfs-2?referrer=catalog,no brand__toks__jeux-ps4,sentence-transformers:paraphrase-multilingual-MiniLM-L12-v2,0.24
561,volant hori ps4 ps3 racing wheel apex,PlayStation,2,63.7,63.7,63.7,0.0,Volant Hori PS4/PS3 Racing Wheel Apex,https://www.vinted.it/items/8098242334-volant-hori-ps4ps3-racing-wheel-apex?referrer=catalog,playstation__toks__volant-hori,sentence-transformers:paraphrase-multilingual-MiniLM-L12-v2,0.24
298,nuevo the binding of isaac repentance sony ps4,No brand,2,67.375,66.85,67.9,0.0,NUEVO The Binding of Isaac Repentance - Sony PS4,https://www.vinted.it/items/8123812544-nuevo-the-binding-of-isaac-repentance-sony-ps4?referrer=catalog,no brand__toks__nuevo-the,sentence-transformers:paraphrase-multilingual-MiniLM-L12-v2,0.24
296,ninja gaiden master collection ps4 ps5,No brand,2,68.95,42.7,95.2,0.0,Ninja Gaiden Master Collection PS4,https://www.vinted.it/items/8119129864-ninja-gaiden-master-collection-ps4?referrer=catalog,no brand__toks__ninja-gaiden,sentence-transformers:paraphrase-multilingual-MiniLM-L12-v2,0.24
64,manette nacon revolution unlimited pro ps4 pc,NACON,2,74.2,74.2,74.2,0.0,Manette Nacon Revolution Unlimited Pro – PS4/PC,https://www.vinted.it/items/8098019591-manette-nacon-revolution-unlimited-pro-ps4pc?referrer=catalog,nacon__toks__manette-nacon,sentence-transformers:paraphrase-multilingual-MiniLM-L12-v2,0.24
99,alex kidd in miracle world dx ps4 signature edition,No brand,2,74.2,74.2,74.2,0.0,Alex Kidd in Miracle World DX PS4 Signature Édition,https://www.vinted.it/items/8098619151-alex-kidd-in-miracle-world-dx-ps4-signature-edition?referrer=catalog,no brand__toks__alex-kidd,sentence-transformers:paraphrase-multilingual-MiniLM-L12-v2,0.24
153,cosmic star heroine ps4 neuf sous blister boitier casse version,No brand,2,74.2,74.2,74.2,0.0,Cosmic star héroïne ps4 neuf sous blister ( boîtier cassé ) version américaine limited run,https://www.vinted.it/items/8088759175-cosmic-star-heroine-ps4-neuf-sous-blister-boitier-casse-version-americaine-limited-run?referrer=catalog,no brand__toks__cosmic-star,sentence-transformers:paraphrase-multilingual-MiniLM-L12-v2,0.24
681,thrustmaster t98 ferrari 296 gtb steering wheel ps5 ps4 pc,Thrustmaster,2,76.30000000000001,73.15,79.45,0.0,Thrustmaster T98-P Ferrari 296 GTB steering wheel (PS5/PS4/PC) - NEW,https://www.vinted.it/items/8105908579-thrustmaster-t98-p-ferrari-296-gtb-steering-wheel-ps5ps4pc-new?referrer=catalog,thrustmaster__codes__t98-296,sentence-transformers:paraphrase-multilingual-MiniLM-L12-v2,0.24
201,giochi per playstation ps4,No brand,2,76.825,58.45,95.2,0.0,N.7 giochi per PlayStation 4,https://www.vinted.it/items/8099923708-n7-giochi-per-playstation-4?referrer=catalog,no brand__toks__giochi-per,sentence-transformers:paraphrase-multilingual-MiniLM-L12-v2,0.24
570,volante play station nuovo,PlayStation,2,76.825,74.2,79.45,0.0,Volante play,https://www.vinted.it/items/8122036888-volante-play?referrer=catalog,playstation__toks__volante-play,sentence-transformers:paraphrase-multilingual-MiniLM-L12-v2,0.24
308,pack videojuegos ps4 strictly limited games,No brand,2,79.45,79.45,79.45,0.0,Pack 3 Videojuegos Ps4 Strictly limited games,https://www.vinted.it/items/8114413926-pack-3-videojuegos-ps4-strictly-limited-games?referrer=catalog,no brand__toks__pack-videojuegos,sentence-transformers:paraphrase-multilingual-MiniLM-L12-v2,0.24
648,ps4 con mando,Sony,2,79.45,79.45,79.45,0.0,Ps4 con mando,https://www.vinted.it/items/8099638802-ps4-con-mando?referrer=catalog,sony__toks__ps4-con,sentence-transformers:paraphrase-multilingual-MiniLM-L12-v2,0.24
213,gravity rush ps4 pal ita come nuovo rarissimo perfetto remastered,No brand,2,81.5,73.15,89.85,0.0,Gravity Rush 2 PS4 PaL ITA ⭐ RaRiSSimO ⭐ Come Nuovo Perfetto,https://www.vinted.it/items/8108918420-gravity-rush-2-ps4-pal-ita-rarissimo-come-nuovo-perfetto?referrer=catalog,no brand__toks__gravity-rush,sentence-transformers:paraphrase-multilingual-MiniLM-L12-v2,0.24
204,giochi ps4 uno ps5 assasins creed in omaggio un disco,No brand,2,82.075,74.2,89.95,0.0,Giochi PS4 e uno ps5 assasins Creed in omaggio un disco decorativo,https://www.vinted.it/items/8115069060-giochi-ps4-e-uno-ps5-assasins-creed-in-omaggio-un-disco-decorativo?referrer=catalog,no brand__toks__giochi-ps4,sentence-transformers:paraphrase-multilingual-MiniLM-L12-v2,0.24
165,desperados ps4 collector,No brand,2,83.65,83.65,83.65,0.0,Desperados 3 ps4 collector,https://www.vinted.it/items/8117624353-desperados-3-ps4-collector?referrer=catalog,no brand__toks__desperados-ps4,sentence-transformers:paraphrase-multilingual-MiniLM-L12-v2,0.24
25,simulatore di guida per pc,Hori,2,84.7,84.7,84.7,0.0,Simulatore di guida per PC,https://www.vinted.it/items/8098945529-simulatore-di-guida-per-pc-ps5-ps4?referrer=catalog,hori__toks__simulatore-di,sentence-transformers:paraphrase-multilingual-MiniLM-L12-v2,0.24
326,ps4 dark pictures triple pack,No brand,2,84.7,84.7,84.7,0.0,Ps4 dark pictures triple pack,https://www.vinted.it/items/8112001784-ps4-dark-pictures-triple-pack?referrer=catalog,no brand__toks__ps4-dark,sentence-transformers:paraphrase-multilingual-MiniLM-L12-v2,0.24
450,controller play station,Play,2,84.7,84.7,84.7,0.0,Controller play station 4,https://www.vinted.it/items/8099405021-controller-play-station-4?referrer=catalog,play__toks__controller-play,sentence-transformers:paraphrase-multilingual-MiniLM-L12-v2,0.24
680,thrustmaster t80 ferrari 488 gtb lenkrad mit pedalr volant pedalier,Thrustmaster,2,84.7,74.2,95.2,0.0,Thrustmaster T80 Ferrari 488 GTB Lenkrad mit Pedalr,https://www.vinted.it/items/8091857414-thrustmaster-t80-ferrari-488-gtb-lenkrad-mit-pedalr?referrer=catalog,thrustmaster__codes__t80-488,sentence-transformers:paraphrase-multilingual-MiniLM-L12-v2,0.24
410,tomb raider remastered iv vi ed deluxe ps5 neuf,No brand,2,87.065,84.7,89.43,0.0,Tomb raider IV-V-VI Remastered. Ed Deluxe,https://www.vinted.it/items/8088355065-tomb-raider-iv-v-vi-remastered-ed-deluxe-pa5-sellada?referrer=catalog,no brand__toks__tomb-raider,sentence-transformers:paraphrase-multilingual-MiniLM-L12-v2,0.24
237,jeu ps4 utawarerumono mask of neuf sous blister truth deception,No brand,2,87.325,84.7,89.95,0.0,Jeu PS4 Utawarerumono : Mask of Deception - Neuf sous blister,https://www.vinted.it/items/8117365890-jeu-ps4-utawarerumono-mask-of-deception-neuf-sous-blister?referrer=catalog,no brand__toks__jeu-ps4,sentence-transformers:paraphrase-multilingual-MiniLM-L12-v2,0.24
469,coffret collector playstation,PlayStation,2,93.1,93.1,93.1,0.0,Coffret Collector PlayStation,https://www.vinted.it/items/8098119204-coffret-collector-playstation?referrer=catalog,playstation__toks__coffret-collector,sentence-transformers:paraphrase-multilingual-MiniLM-L12-v2,0.24
176,doom anthology ps4 collector,No brand,2,95.2,95.2,95.2,0.0,Doom anthology ps4 collector,https://www.vinted.it/items/8107203885-doom-anthology-ps4-collector?referrer=catalog,no brand__toks__doom-anthology,sentence-transformers:paraphrase-multilingual-MiniLM-L12-v2,0.24
310,persona shin megami tensei ps2 new sealed,No brand,2,95.2,95.2,95.2,0.0,Persona 4 Shin Megami Tensei PS2 New sealed,https://www.vinted.it/items/8099618280-persona-4-shin-megami-tensei-ps2-new-sealed?referrer=catalog,no brand__toks__persona-shin,sentence-transformers:paraphrase-multilingual-MiniLM-L12-v2,0.24
509,playstation fonctionnel,PlayStation,2,95.2,95.2,95.2,0.0,PlayStation 4 fonctionnel,https://www.vinted.it/items/7867992672-playstation-4-fonctionnel?referrer=catalog,playstation__toks__playstation-fonctionnel,sentence-transformers:paraphrase-multilingual-MiniLM-L12-v2,0.24
683,und lenkrad pedale playstation4,Thrustmaster,2,97.3,97.3,97.3,0.0,Lenkrad und Pedale ( Playstation4 und 5),https://www.vinted.it/items/8107084284-lenkrad-und-pedale-playstation4-und-5?referrer=catalog,thrustmaster__toks__lenkrad-und,sentence-transformers:paraphrase-multilingual-MiniLM-L12-v2,0.24
369,signalis ps4,No brand,2,104.65,104.65,104.65,0.0,🇪🇸 signalis PS4,https://www.vinted.it/items/8098209648-signalis-ps4?referrer=catalog,no brand__toks__signalis-ps4,sentence-transformers:paraphrase-multilingual-MiniLM-L12-v2,0.24
67,nacon revolution pro controller urban camo,NACON,2,105.7,105.7,105.7,0.0,NACON Revolution 5 Pro Controller -Urban Camo,https://www.vinted.it/items/8098023652-nacon-revolution-5-pro-controller-urban-camo?referrer=catalog,nacon__toks__nacon-revolution,sentence-transformers:paraphrase-multilingual-MiniLM-L12-v2,0.24
393,teenage mutant ninja turtles shredder revenge,No brand,2,105.7,105.7,105.7,0.0,Teenage Mutant Ninja Turtles Shredder's Revenge,https://www.vinted.it/items/8098685525-teenage-mutant-ninja-turtles-shredders-revenge?referrer=catalog,no brand__toks__teenage-mutant,sentence-transformers:paraphrase-multilingual-MiniLM-L12-v2,0.24
411,tout et neuf rarement utilise,No brand,2,105.7,105.7,105.7,0.0,Tout et neuf rarement utilisé,https://www.vinted.it/items/8107128974-tout-et-neuf-rarement-utilise?referrer=catalog,no brand__toks__tout-et,sentence-transformers:paraphrase-multilingual-MiniLM-L12-v2,0.24
590,volante para juegos,PXN,2,105.7,105.7,105.7,0.0,Volante para juegos,https://www.vinted.it/items/8107236237-volante-para-juegos?referrer=catalog,pxn__toks__volante-para,sentence-transformers:paraphrase-multilingual-MiniLM-L12-v2,0.24
214,gravity rush version promotionnel,No brand,2,110.94999999999999,63.7,158.2,0.0,Gravity Rush 🇮🇹,https://www.vinted.it/items/8114850730-gravity-rush?referrer=catalog,no brand__toks__gravity-rush,sentence-transformers:paraphrase-multilingual-MiniLM-L12-v2,0.24
617,dualsense sticks tmr palettes programmables,Sony,2,116.19,116.19,116.19,0.0,Dualsense - Sticks TMR - Palettes programmables,https://www.vinted.it/items/8099559515-dualsense-sticks-tmr-palettes-programmables?referrer=catalog,sony__toks__dualsense-sticks,sentence-transformers:paraphrase-multilingual-MiniLM-L12-v2,0.24
362,senran kagura burst re newal bountiful beauties edition collector,No brand,2,126.7,126.7,126.7,0.0,Senran Kagura Burst Re:Newal – Bountiful Beauties – Édition Collector,https://www.vinted.it/items/8107079826-senran-kagura-burst-renewal-bountiful-beauties-edition-collector?referrer=catalog,no brand__toks__senran-kagura,sentence-transformers:paraphrase-multilingual-MiniLM-L12-v2,0.24
462,ps4 manette fc25,PlayStation,2,126.7,126.7,126.7,0.0,Ps4 + 2 manette +Fc25,https://www.vinted.it/items/8098050860-ps4-2-manette-fc25?referrer=catalog,playstation__codes__fc25,sentence-transformers:paraphrase-multilingual-MiniLM-L12-v2,0.24
536,ps4 manette seulement en main propre,PlayStation,2,126.7,126.7,126.7,0.0,Ps4  2 manette (seulement en main propre),https://www.vinted.it/items/8098125392-ps4-2-manette-seulement-en-main-propre?referrer=catalog,playstation__toks__ps4-manette,sentence-transformers:paraphrase-multilingual-MiniLM-L12-v2,0.24
529,ps4 come nuovo nuova,PlayStation,2,131.95,105.7,158.2,0.0,Ps4 come nuovo,https://www.vinted.it/items/8108457033-ps4-come-nuovo?referrer=catalog,playstation__toks__ps4-come,sentence-transformers:paraphrase-multilingual-MiniLM-L12-v2,0.24
643,playstation4,Sony,2,131.95,116.2,147.7,0.0,PlayStation4,https://www.vinted.it/items/8113434689-playstation4?referrer=catalog,sony__toks__playstation4,sentence-transformers:paraphrase-multilingual-MiniLM-L12-v2,0.24
66,nacon revolution pro controller playstation fur pc und rgb begleitung,NACON,2,137.2,100.45,173.95,0.0,Nacon Revolution 5 Pro Controller für PC Playstation 4 und 5 + RGB Begleitung,https://www.vinted.it/items/8114182637-nacon-revolution-5-pro-controller-fur-pc-playstation-4-und-5-rgb-begleitung?referrer=catalog,nacon__toks__nacon-revolution,sentence-transformers:paraphrase-multilingual-MiniLM-L12-v2,0.24
477,controller victrix ps4 ps5 pc pro bfg,PlayStation,2,137.2,105.7,168.7,0.0,Controller victrix ps4/ps5/pc,https://www.vinted.it/items/8097671236-controller-victrix-ps4ps5pc?referrer=catalog,playstation__toks__controller-victrix,sentence-transformers:paraphrase-multilingual-MiniLM-L12-v2,0.24
675,t300 wheel t3pa pedals pickup only,Thrustmaster,2,137.2,137.2,137.2,0.0,T300 Wheel + T3PA Pedals (Pickup only),https://www.vinted.it/items/8114404065-t300-wheel-t3pa-pedals-pickup-only?referrer=catalog,thrustmaster__codes__t300,sentence-transformers:paraphrase-multilingual-MiniLM-L12-v2,0.24
480,dualsense ps5,PlayStation,2,152.95,147.7,158.2,0.0,Dualsense ps5,https://www.vinted.it/items/8116041640-dualsense-ps5?referrer=catalog,playstation__toks__dualsense-ps5,sentence-transformers:paraphrase-multilingual-MiniLM-L12-v2,0.24
624,manette dualsense custom elden ring sekiro,Sony,2,158.1,158.1,158.1,0.0,Manette Dualsense Custom - Elden Ring,https://www.vinted.it/items/8105230750-manette-dualsense-custom-elden-ring?referrer=catalog,sony__toks__manette-dualsense,sentence-transformers:paraphrase-multilingual-MiniLM-L12-v2,0.24
498,play pro juegos,PlayStation,2,158.2,158.2,158.2,0.0,Play 4 Pro+Juegos,https://www.vinted.it/items/8097923423-play-4-projuegos?referrer=catalog,playstation__toks__play-pro,sentence-transformers:paraphrase-multilingual-MiniLM-L12-v2,0.24
646,ps4 500go,Sony,2,158.2,158.2,158.2,0.0,PS4 500GO,https://www.vinted.it/items/8098807322-ps4-500go?referrer=catalog,sony__toks__ps4-500go,sentence-transformers:paraphrase-multilingual-MiniLM-L12-v2,0.24
659,ps4 slim 500gb to,Sony,2,163.45,158.2,168.7,0.0,Ps4 slim 500gb,https://www.vinted.it/items/8093195198-ps4-slim-500gb?referrer=catalog,sony__toks__ps4-slim,sentence-transformers:paraphrase-multilingual-MiniLM-L12-v2,0.24
386,streets of rage sony playstation limited run signature edition ps4,No brand,2,171.325,131.95,210.7,0.0,Streets Of Rage 4 sony Playstation 4,https://www.vinted.it/items/8123480022-streets-of-rage-4-sony-playstation-4?referrer=catalog,no brand__toks__streets-of,sentence-transformers:paraphrase-multilingual-MiniLM-L12-v2,0.24
145,coffret collector ps4 the last of us part ii neuf,No brand,2,197.04999999999998,52.15,341.95,0.0,Coffret Collector The Last of Us Part II PS4,https://www.vinted.it/items/8122584663-coffret-collector-the-last-of-us-part-ii-ps4?referrer=catalog,no brand__toks__coffret-collector,sentence-transformers:paraphrase-multilingual-MiniLM-L12-v2,0.24
494,manettes de play burn controllers bc,PlayStation,2,299.95,299.95,299.95,0.0,3 manettes de play burn controllers BC,https://www.vinted.it/items/8099049969-3-manettes-de-play-burn-controllers-bc?referrer=catalog,playstation__toks__manettes-de,sentence-transformers:paraphrase-multilingual-MiniLM-L12-v2,0.24
633,play station giochi,Sony,2,315.17499999999995,158.2,472.15,0.0,Play Station 4 + giochi,https://www.vinted.it/items/8088729293-play-station-4-giochi?referrer=catalog,sony__toks__play-station,sentence-transformers:paraphrase-multilingual-MiniLM-L12-v2,0.24
677,thrustmaster t598 direct axial drive volants gt3 rond pedalier neuf,Thrustmaster,2,526.85,441.7,612.0,0.0,Thrustmaster T598 Direct Axial Drive + Volants GT3 & Rond + Pédalier,https://www.vinted.it/items/8118891847-thrustmaster-t598-direct-axial-drive-volants-gt3-rond-pedalier?referrer=catalog,thrustmaster__codes__t598,sentence-transformers:paraphrase-multilingual-MiniLM-L12-v2,0.24
0,mando ace gamer,ACE,1,42.7,42.7,42.7,0.0,Mando Ace Gamer,https://www.vinted.it/items/8111137549-mando-ace-gamer?referrer=catalog,ace__toks__mando-ace,sentence-transformers:paraphrase-multilingual-MiniLM-L12-v2,0.24
1,skylanders imaginators grave clobber,Activision,1,42.7,42.7,42.7,0.0,Skylanders Imaginators Grave Clobber,https://www.vinted.it/items/8094804969-skylanders-imaginators-grave-clobber?referrer=catalog,activision__toks__skylanders-imaginators,sentence-transformers:paraphrase-multilingual-MiniLM-L12-v2,0.24
6,asics jolt ps kids,Asics,1,42.7,42.7,42.7,1.0,asics jolt 4 ps kids,https://www.vinted.it/items/8113713274-asics-jolt-4-ps-kids?referrer=catalog,asics__toks__asics-jolt,sentence-transformers:paraphrase-multilingual-MiniLM-L12-v2,0.24
36,casque gaming hyperx cloud alpha,HyperX,1,42.7,42.7,42.7,0.0,Casque gaming HyperX Cloud Alpha,https://www.vinted.it/items/8091198954-casque-gaming-hyperx-cloud-alpha?referrer=catalog,hyperx__toks__casque-gaming,sentence-transformers:paraphrase-multilingual-MiniLM-L12-v2,0.24
42,volante krom wheel pedales pc ps4 xbox ps3,krom,1,42.7,42.7,42.7,0.0,Volante Krom K-Wheel + Pedales (PC / PS4 / Xbox / PS3),https://www.vinted.it/items/8093769923-volante-krom-k-wheel-pedales-pc-ps4-xbox-ps3?referrer=catalog,krom__toks__volante-krom,sentence-transformers:paraphrase-multilingual-MiniLM-L12-v2,0.24
63,joystick nacon revolution pro controller originale per ps4 completo scatola,NACON,1,42.7,42.7,42.7,1.0,Joystick Nacon Revolution Pro Controller 2 Originale per PS4 Completo + Scatola,https://www.vinted.it/items/8100242607-joystick-nacon-revolution-pro-controller-2-originale-per-ps4-completo-scatola?referrer=catalog,nacon__toks__joystick-nacon,sentence-transformers:paraphrase-multilingual-MiniLM-L12-v2,0.24
75,mortal kombat 11 premium edition ps4,No brand,1,42.7,42.7,42.7,0.0,Mortal Kombat 11 Premium Edition Ps4,https://www.vinted.it/items/8118554913-mortal-kombat-11-premium-edition-ps4?referrer=catalog,no brand__codes__11,sentence-transformers:paraphrase-multilingual-MiniLM-L12-v2,0.24
103,assassins creed the ezio collection,No brand,1,42.7,42.7,42.7,0.0,Assassins Creed The Ezio Collection,https://www.vinted.it/items/8121263015-assassins-creed-the-ezio-collection?referrer=catalog,no brand__toks__assassins-creed,sentence-transformers:paraphrase-multilingual-MiniLM-L12-v2,0.24
119,bleach rebirth of souls,No brand,1,42.7,42.7,42.7,0.0,Bleach Rebirth of Souls,https://www.vinted.it/items/8106433332-bleach-rebirth-of-souls?referrer=catalog,no brand__toks__bleach-rebirth,sentence-transformers:paraphrase-multilingual-MiniLM-L12-v2,0.24
129,bulletstorm full clip edition ps4,No brand,1,42.7,42.7,42.7,0.0,Bulletstorm Full Clip Edition PS4,https://www.vinted.it/items/8115862459-bulletstorm-full-clip-edition-ps4?referrer=catalog,no brand__toks__bulletstorm-full,sentence-transformers:paraphrase-multilingual-MiniLM-L12-v2,0.24
133,call of cthulhu promo ps4,No brand,1,42.7,42.7,42.7,0.0,Call of Cthulhu - PROMO - ps4,https://www.vinted.it/items/8093403297-call-of-cthulhu-promo-ps4?referrer=catalog,no brand__toks__call-of,sentence-transformers:paraphrase-multilingual-MiniLM-L12-v2,0.24
146,coffret dark souls trilogy ps4,No brand,1,42.7,42.7,42.7,0.0,Coffret Dark soûls trilogy PS4,https://www.vinted.it/items/8112049644-coffret-dark-souls-trilogy-ps4?referrer=catalog,no brand__toks__coffret-dark,sentence-transformers:paraphrase-multilingual-MiniLM-L12-v2,0.24
154,cotton reboot playstation japan edition,No brand,1,42.7,42.7,42.7,0.0,Cotton Reboot - PlayStation 4 - Japan Edition,https://www.vinted.it/items/8088372838-cotton-reboot-playstation-4-japan-edition?referrer=catalog,no brand__toks__cotton-reboot,sentence-transformers:paraphrase-multilingual-MiniLM-L12-v2,0.24
162,darksiders jeux ps4 neuf scelle,No brand,1,42.7,42.7,42.7,0.0,Darksiders 2 jeux ps4 neuf scellé,https://www.vinted.it/items/8120127798-darksiders-2-jeux-ps4-neuf-scelle?referrer=catalog,no brand__toks__darksiders-jeux,sentence-transformers:paraphrase-multilingual-MiniLM-L12-v2,0.24
173,divinity original sins ps4,No brand,1,42.7,42.7,42.7,0.0,Divinity Original Sins 2 Ps4,https://www.vinted.it/items/8094975410-divinity-original-sins-2-ps4?referrer=catalog,no brand__toks__divinity-original,sentence-transformers:paraphrase-multilingual-MiniLM-L12-v2,0.24
191,fatal frame ps4 jap,No brand,1,42.7,42.7,42.7,0.0,Fatal Frame ps4  Jap,https://www.vinted.it/items/8109989957-fatal-frame-ps4-jap?referrer=catalog,no brand__toks__fatal-frame,sentence-transformers:paraphrase-multilingual-MiniLM-L12-v2,0.24
206,gioco ps4 diablo iv,No brand,1,42.7,42.7,42.7,0.0,Gioco PS4 Diablo IV,https://www.vinted.it/items/8092630284-gioco-ps4-diablo-iv?referrer=catalog,no brand__toks__gioco-ps4,sentence-transformers:paraphrase-multilingual-MiniLM-L12-v2,0.24
209,god or war ragnarok ps4,No brand,1,42.7,42.7,42.7,0.0,god or war ragnarok ps4,https://www.vinted.it/items/8108062481-god-or-war-ragnarok-ps4?referrer=catalog,no brand__toks__god-or,sentence-transformers:paraphrase-multilingual-MiniLM-L12-v2,0.24
212,grand turismo,No brand,1,42.7,42.7,42.7,0.0,Grand Turismo,https://www.vinted.it/items/8120126269-grand-turismo-playstation?referrer=catalog,no brand__toks__grand-turismo,sentence-transformers:paraphrase-multilingual-MiniLM-L12-v2,0.24
235,jeu ps4 tales of symphonia remastered neuf sous blister,No brand,1,42.7,42.7,42.7,0.0,Jeu PS4 Tales of Symphonia (Remastered) - Neuf sous blister,https://www.vinted.it/items/8121166209-jeu-ps4-tales-of-symphonia-remastered-neuf-sous-blister?referrer=catalog,no brand__toks__jeu-ps4,sentence-transformers:paraphrase-multilingual-MiniLM-L12-v2,0.24
236,ps4 jeu lapins cretins et camera,No brand,1,42.7,42.7,42.7,0.0,Jeu PS4 Lapins crétins et caméra PS4,https://www.vinted.it/items/8122395706-jeu-ps4-lapins-cretins-et-camera-ps4?referrer=catalog,no brand__toks__jeu-ps4,sentence-transformers:paraphrase-multilingual-MiniLM-L12-v2,0.24
239,jeu the last of us,No brand,1,42.7,42.7,42.7,0.0,Jeu The Last of us 2,https://www.vinted.it/items/8117677391-jeu-the-last-of-us-2?referrer=catalog,no brand__toks__jeu-the,sentence-transformers:paraphrase-multilingual-MiniLM-L12-v2,0.24
240,jeux playstation the walking dead saints sinners neuf sous blister,No brand,1,42.7,42.7,42.7,0.0,Jeux PlayStation 4 the walking dead saints & sinners neuf sous blister,https://www.vinted.it/items/8107986704-jeux-playstation-4-the-walking-dead-saints-sinners-neuf-sous-blister?referrer=catalog,no brand__toks__jeux-playstation,sentence-transformers:paraphrase-multilingual-MiniLM-L12-v2,0.24
244,jeux video sur ps4,No brand,1,42.7,42.7,42.7,0.0,Jeux vidéo sur ps4,https://www.vinted.it/items/8108038424-jeux-video-sur-ps4?referrer=catalog,no brand__toks__jeux-video,sentence-transformers:paraphrase-multilingual-MiniLM-L12-v2,0.24
248,jogos ps4,No brand,1,42.7,42.7,42.7,0.0,Jogos PS4,https://www.vinted.it/items/8097655006-jogos-ps4?referrer=catalog,no brand__toks__jogos-ps4,sentence-transformers:paraphrase-multilingual-MiniLM-L12-v2,0.24
254,just die already,No brand,1,42.7,42.7,42.7,0.0,Just Die Already,https://www.vinted.it/items/8108538063-just-die-already?referrer=catalog,no brand__toks__just-die,sentence-transformers:paraphrase-multilingual-MiniLM-L12-v2,0.24
264,littlebigplanet ps4 selten neu ovp versiegelt bundleversion,No brand,1,42.7,42.7,42.7,1.0,LittleBigPlanet 3 (Ps4) Selten – Neu & Ovp / Versiegelt (Bundleversion),https://www.vinted.it/items/8102845408-littlebigplanet-3-ps4-selten-neu-ovp-versiegelt-bundleversion?referrer=catalog,no brand__toks__littlebigplanet-ps4,sentence-transformers:paraphrase-multilingual-MiniLM-L12-v2,0.24
265,livre assassin creed odyssey,No brand,1,42.7,42.7,42.7,0.0,Livre assassin’s creed odyssey,https://www.vinted.it/items/8104271294-livre-assassins-creed-odyssey?referrer=catalog,no brand__toks__livre-assassin,sentence-transformers:paraphrase-multilingual-MiniLM-L12-v2,0.24
266,lost ruins ps4 neuf sous blister version europeenne,No brand,1,42.7,42.7,42.7,0.0,Lost ruins ps4 neuf sous blister version européenne,https://www.vinted.it/items/8117466064-lost-ruins-ps4-neuf-sous-blister-version-europeenne?referrer=catalog,no brand__toks__lost-ruins,sentence-transformers:paraphrase-multilingual-MiniLM-L12-v2,0.24
274,lumote the mastermote chronicles ps4 precintado,No brand,1,42.7,42.7,42.7,0.0,Lumote: The Mastermote Chronicles Ps4 Precintado,https://www.vinted.it/items/8123724189-lumote-the-mastermote-chronicles-ps4-precintado?referrer=catalog,no brand__toks__lumote-the,sentence-transformers:paraphrase-multilingual-MiniLM-L12-v2,0.24
280,marvel spider man ps4 special edition,No brand,1,42.7,42.7,42.7,0.0,Marvel Spider-Man PS4 Special Edition,https://www.vinted.it/items/8097811474-marvel-spider-man-ps4-special-edition?referrer=catalog,no brand__toks__marvel-spider,sentence-transformers:paraphrase-multilingual-MiniLM-L12-v2,0.24
307,pack red dead ps4,No brand,1,42.7,42.7,42.7,0.0,Pack red dead PS4,https://www.vinted.it/items/8095547947-pack-red-dead-ps4?referrer=catalog,no brand__toks__pack-red,sentence-transformers:paraphrase-multilingual-MiniLM-L12-v2,0.24
315,home playstation jogo vr sweet,No brand,1,42.7,42.7,42.7,0.0,Playstation 4 jogo VR Home sweet Home,https://www.vinted.it/items/8104935091-playstation-4-jogo-vr-home-sweet-home?referrer=catalog,no brand__toks__playstation-jogo,sentence-transformers:paraphrase-multilingual-MiniLM-L12-v2,0.24
318,playstation videogioco dimmi chi sei sigillato,No brand,1,42.7,42.7,42.7,0.0,playstation 4 videogioco dimmi.chi sei sigillato,https://www.vinted.it/items/8115879465-playstation-4-videogioco-dimmichi-sei-sigillato?referrer=catalog,no brand__toks__playstation-videogioco,sentence-transformers:paraphrase-multilingual-MiniLM-L12-v2,0.24
320,precintado mi amiga peppa pig,No brand,1,42.7,42.7,42.7,0.0,(Precintado) Mi amiga Peppa Pig,https://www.vinted.it/items/8122802706-precintado-mi-amiga-peppa-pig?referrer=catalog,no brand__toks__precintado-mi,sentence-transformers:paraphrase-multilingual-MiniLM-L12-v2,0.24
321,precintado peppa pig world adventures,No brand,1,42.7,42.7,42.7,0.0,(Precintado) Peppa Pig World Adventures,https://www.vinted.it/items/8123128339-precintado-peppa-pig-world-adventures?referrer=catalog,no brand__toks__precintado-peppa,sentence-transformers:paraphrase-multilingual-MiniLM-L12-v2,0.24
328,ps4 fate samurai remnant,No brand,1,42.7,42.7,42.7,0.0,PS4 Fate samurai remnant,https://www.vinted.it/items/8087250151-ps4-fate-samurai-remnant?referrer=catalog,no brand__toks__ps4-fate,sentence-transformers:paraphrase-multilingual-MiniLM-L12-v2,0.24
335,ps4 resident evil biohazard,No brand,1,42.7,42.7,42.7,0.0,PS4 : Resident Evil 4 / Biohazard,https://www.vinted.it/items/8096593133-ps4-resident-evil-4-biohazard?referrer=catalog,no brand__toks__ps4-resident,sentence-transformers:paraphrase-multilingual-MiniLM-L12-v2,0.24
338,ps4 spiel kingdom hearts deluxe edt fantasy rpg action neu,No brand,1,42.7,42.7,42.7,0.0,PS4 Spiel: Kingdom Hearts 3 | Deluxe Edt. | Fantasy'RPG'Action | Neu / Sealed,https://www.vinted.it/items/8107317511-ps4-spiel-kingdom-hearts-3-deluxe-edt-fantasyrpgaction-neu-sealed?referrer=catalog,no brand__toks__ps4-spiel,sentence-transformers:paraphrase-multilingual-MiniLM-L12-v2,0.24
340,ps4 spiele,No brand,1,42.7,42.7,42.7,0.0,Ps4 spiele,https://www.vinted.it/items/8116519001-ps4-spiele?referrer=catalog,no brand__toks__ps4-spiele,sentence-transformers:paraphrase-multilingual-MiniLM-L12-v2,0.24
353,riverbond limited run games,No brand,1,42.7,42.7,42.7,0.0,Riverbond (Limited Run Games),https://www.vinted.it/items/8103011256-riverbond-limited-run-games?referrer=catalog,no brand__toks__riverbond-limited,sentence-transformers:paraphrase-multilingual-MiniLM-L12-v2,0.24
354,saga life is strange slipcover slipcage ps4 ps5 juego,No brand,1,42.7,42.7,42.7,0.0,Saga Life is strange slipcover slipcage PS4 PS5 juego,https://www.vinted.it/items/8104716550-saga-life-is-strange-slipcover-slipcage-ps4-ps5-juego?referrer=catalog,no brand__toks__saga-life,sentence-transformers:paraphrase-multilingual-MiniLM-L12-v2,0.24
358,samurai maiden ps4,No brand,1,42.7,42.7,42.7,0.0,Samurai maiden ps4,https://www.vinted.it/items/8087319398-samurai-maiden-ps4?referrer=catalog,no brand__toks__samurai-maiden,sentence-transformers:paraphrase-multilingual-MiniLM-L12-v2,0.24
370,singstar celebration nuovo playstation,No brand,1,42.7,42.7,42.7,0.0,singstar celebration nuovo playstation 4,https://www.vinted.it/items/8115904769-singstar-celebration-nuovo-playstation-4?referrer=catalog,no brand__toks__singstar-celebration,sentence-transformers:paraphrase-multilingual-MiniLM-L12-v2,0.24
372,sniper elite resistance ps4,No brand,1,42.7,42.7,42.7,0.0,Sniper Elite Resistance PS4,https://www.vinted.it/items/8093848991-sniper-elite-resistance-ps4?referrer=catalog,no brand__toks__sniper-elite,sentence-transformers:paraphrase-multilingual-MiniLM-L12-v2,0.24
383,stonefly collectors edition,No brand,1,42.7,42.7,42.7,0.0,Stonefly collectors edition,https://www.vinted.it/items/8119506761-stonefly-collectors-edition?referrer=catalog,no brand__toks__stonefly-collectors,sentence-transformers:paraphrase-multilingual-MiniLM-L12-v2,0.24
385,street of rage anniversary edition ps4,No brand,1,42.7,42.7,42.7,0.0,Street of Rage 4 Anniversary Edition – PS4,https://www.vinted.it/items/8104191378-street-of-rage-4-anniversary-edition-ps4?referrer=catalog,no brand__toks__street-of,sentence-transformers:paraphrase-multilingual-MiniLM-L12-v2,0.24
390,sword of the vagrant ps4,No brand,1,42.7,42.7,42.7,0.0,Sword of the Vagrant ps4,https://www.vinted.it/items/8118658504-sword-of-the-vagrant-ps4?referrer=catalog,no brand__toks__sword-of,sentence-transformers:paraphrase-multilingual-MiniLM-L12-v2,0.24
396,the division horizon rainbowsix siege,No brand,1,42.7,42.7,42.7,0.0,The division+ horizon+rainbowsix|siege,https://www.vinted.it/items/8093475617-the-division-horizonrainbowsixsiege?referrer=catalog,no brand__toks__the-division,sentence-transformers:paraphrase-multilingual-MiniLM-L12-v2,0.24
406,the walking dead telltale series collection ps4,No brand,1,42.7,42.7,42.7,0.0,The walking dead the telltale series collection ps4,https://www.vinted.it/items/8097322725-the-walking-dead-the-telltale-series-collection-ps4?referrer=catalog,no brand__toks__the-walking,sentence-transformers:paraphrase-multilingual-MiniLM-L12-v2,0.24
420,valkyrie chronicles promo ps4,No brand,1,42.7,42.7,42.7,0.0,Valkyrie Chronicles 4 - PROMO - ps4,https://www.vinted.it/items/8093313567-valkyrie-chronicles-4-promo-ps4?referrer=catalog,no brand__toks__valkyrie-chronicles,sentence-transformers:paraphrase-multilingual-MiniLM-L12-v2,0.24
426,videogioco playstation hodden agenda nuovo sigillato,No brand,1,42.7,42.7,42.7,0.0,videogioco playstation 4 hodden.agenda nuovo sigillato,https://www.vinted.it/items/8115894503-videogioco-playstation-4-hoddenagenda-nuovo-sigillato?referrer=catalog,no brand__toks__videogioco-playstation,sentence-transformers:paraphrase-multilingual-MiniLM-L12-v2,0.24
427,videogioco sapere potere playstation,No brand,1,42.7,42.7,42.7,0.0,videogioco sapere e potere playstation 4,https://www.vinted.it/items/8115913305-videogioco-sapere-e-potere-playstation-4?referrer=catalog,no brand__toks__videogioco-sapere,sentence-transformers:paraphrase-multilingual-MiniLM-L12-v2,0.24
436,wwe 2k25 ps4 precintado,No brand,1,42.7,42.7,42.7,0.0,WWE 2K25 PS4 Precintado,https://www.vinted.it/items/8113630968-wwe-2k25-ps4-precintado?referrer=catalog,no brand__toks__wwe-2k25,sentence-transformers:paraphrase-multilingual-MiniLM-L12-v2,0.24
441,zone of the enders ps4,No brand,1,42.7,42.7,42.7,0.0,Zone of the Enders Ps4,https://www.vinted.it/items/8118404927-zone-of-the-enders-ps4?referrer=catalog,no brand__toks__zone-of,sentence-transformers:paraphrase-multilingual-MiniLM-L12-v2,0.24
442,casque gaming,oniverse,1,42.7,42.7,42.7,0.0,Casque Gaming,https://www.vinted.it/items/8108346835-casque-gaming?referrer=catalog,oniverse__toks__casque-gaming,sentence-transformers:paraphrase-multilingual-MiniLM-L12-v2,0.24
454,volante ps4,playsmart,1,42.7,42.7,42.7,0.0,Volante ps4,https://www.vinted.it/items/8121542035-volante-ps4?referrer=catalog,playsmart__toks__volante-ps4,sentence-transformers:paraphrase-multilingual-MiniLM-L12-v2,0.24
457,game tv stick 8k ultra hd retro konsole mit uber,PlayStation,1,42.7,42.7,42.7,0.0,Game TV Stick 8K Ultra HD – Retro Konsole mit über 15.000 Spielen,https://www.vinted.it/items/8115822936-game-tv-stick-8k-ultra-hd-retro-konsole-mit-uber-15000-spielen?referrer=catalog,playstation__codes__15-000,sentence-transformers:paraphrase-multilingual-MiniLM-L12-v2,0.24
481,dualshock ps4 original,PlayStation,1,42.7,42.7,42.7,0.0,Dualshock Ps4 original,https://www.vinted.it/items/8101000138-dualshock-ps4-original?referrer=catalog,playstation__toks__dualshock-ps4,sentence-transformers:paraphrase-multilingual-MiniLM-L12-v2,0.24
489,manette compatible avec pc et ps4,PlayStation,1,42.7,42.7,42.7,0.0,Manette compatible avec PC et PS4,https://www.vinted.it/items/8105959458-manette-compatible-avec-pc-et-ps4?referrer=catalog,playstation__toks__manette-compatible,sentence-transformers:paraphrase-multilingual-MiniLM-L12-v2,0.24
490,manette dualshock,PlayStation,1,42.7,42.7,42.7,0.0,Manette dualshock 4,https://www.vinted.it/items/8092290600-manette-dualshock-4?referrer=catalog,playstation__toks__manette-dualshock,sentence-transformers:paraphrase-multilingual-MiniLM-L12-v2,0.24
522,power fusion pro controller ps4,PlayStation,1,42.7,42.7,42.7,0.0,Power-a fusion pro controller ps4,https://www.vinted.it/items/8088946361-power-a-fusion-pro-controller-ps4?referrer=catalog,playstation__toks__power-fusion,sentence-transformers:paraphrase-multilingual-MiniLM-L12-v2,0.24
525,ps vr aim controler,PlayStation,1,42.7,42.7,42.7,0.0,Ps vr aim controler,https://www.vinted.it/items/8122462926-ps-vr-aim-controler?referrer=catalog,playstation__toks__ps-vr,sentence-transformers:paraphrase-multilingual-MiniLM-L12-v2,0.24
532,ps4 controller,PlayStation,1,42.7,42.7,42.7,0.0,Ps4 controller,https://www.vinted.it/items/8123270251-ps4-controller?referrer=catalog,playstation__toks__ps4-controller,sentence-transformers:paraphrase-multilingual-MiniLM-L12-v2,0.24
553,strike pack dominator v2,PlayStation,1,42.7,42.7,42.7,0.0,Strike pack dominator V2,https://www.vinted.it/items/8097375941-strike-pack-dominator-v2?referrer=catalog,playstation__toks__strike-pack,sentence-transformers:paraphrase-multilingual-MiniLM-L12-v2,0.24
565,volante da gaming playstation,PlayStation,1,42.7,42.7,42.7,0.0,volante da gaming playstation 4/3,https://www.vinted.it/items/8099784889-volante-da-gaming-playstation-43?referrer=catalog,playstation__toks__volante-da,sentence-transformers:paraphrase-multilingual-MiniLM-L12-v2,0.24
577,neuf jardin interieur pret pousser modulo,prêt a pousser,1,42.7,42.7,42.7,0.0,[Neuf] Jardin d’intérieur Prêt à pousser Modulo,https://www.vinted.it/items/8100902273-neuf-jardin-dinterieur-pret-a-pousser-modulo?referrer=catalog,pret a pousser__toks__neuf-jardin,sentence-transformers:paraphrase-multilingual-MiniLM-L12-v2,0.24
580,de tres joli lot neuf bandes polo roses,PS of Sweden,1,42.7,42.7,42.7,0.0,Très joli lot neuf de 4 bandes de polo roses,https://www.vinted.it/items/8109722862-tres-joli-lot-neuf-de-4-bandes-de-polo-roses?referrer=catalog,ps of sweden__toks__tres-joli,sentence-transformers:paraphrase-multilingual-MiniLM-L12-v2,0.24
614,controller ps4 red,Sony,1,42.7,42.7,42.7,0.0,Controller PS4 RED,https://www.vinted.it/items/8092976363-controller-ps4-red?referrer=catalog,sony__toks__controller-ps4,sentence-transformers:paraphrase-multilingual-MiniLM-L12-v2,0.24
667,mando spark n5 nuevo,Spark,1,42.7,42.7,42.7,0.0,Mando Spark N5 NUEVO!!,https://www.vinted.it/items/8104112866-mando-spark-n5-nuevo?referrer=catalog,spark__toks__mando-spark,sentence-transformers:paraphrase-multilingual-MiniLM-L12-v2,0.24
135,call of duty black ops,No brand,1,44.8,44.8,44.8,0.0,Call of duty black Ops 7,https://www.vinted.it/items/8108986488-call-of-duty-black-ops-7?referrer=catalog,no brand__toks__call-of,sentence-transformers:paraphrase-multilingual-MiniLM-L12-v2,0.24
344,ps5 game,No brand,1,44.8,44.8,44.8,0.0,Ps5 game S.t.a.l.k.e.r 2,https://www.vinted.it/items/8086342522-ps5-game-stalker-2?referrer=catalog,no brand__toks__ps5-game,sentence-transformers:paraphrase-multilingual-MiniLM-L12-v2,0.24
560,volant et pedales playstation,PlayStation,1,44.8,44.8,44.8,0.0,Volant et pédales playstation,https://www.vinted.it/items/8123349706-volant-et-pedales-playstation?referrer=catalog,playstation__toks__volant-et,sentence-transformers:paraphrase-multilingual-MiniLM-L12-v2,0.24
621,mando ps4 dualshock inalambrico sony,Sony,1,44.8,44.8,44.8,0.0,Mando PS4 Dualshock 4 Inalámbrico Sony,https://www.vinted.it/items/8105405734-mando-ps4-dualshock-4-inalambrico-sony?referrer=catalog,sony__toks__mando-ps4,sentence-transformers:paraphrase-multilingual-MiniLM-L12-v2,0.24
262,like dragon gaiden man who erased his name,No brand,1,45.85,45.85,45.85,1.0,N Like a Dragon Gaiden Man Who Erased His Name 4,https://www.vinted.it/items/8123815533-n-like-a-dragon-gaiden-man-who-erased-his-name-4?referrer=catalog,no brand__toks__like-dragon,sentence-transformers:paraphrase-multilingual-MiniLM-L12-v2,0.24
699,kit xtreme controller cuffia per ps4,Xtreme,1,45.85,45.85,45.85,0.0,Kit xtreme controller+cuffia per ps4,https://www.vinted.it/items/8111773913-kit-xtreme-controllercuffia-per-ps4?referrer=catalog,xtreme__toks__kit-xtreme,sentence-transformers:paraphrase-multilingual-MiniLM-L12-v2,0.24
397,the elder scrolls skyrim anniversary edition jeu sony playstation ps4,No brand,1,46.9,46.9,46.9,0.0,The Elder Scrolls V: Skyrim – Anniversary Edition – jeu Sony PlayStation 4 PS4,https://www.vinted.it/items/8123553689-the-elder-scrolls-v-skyrim-anniversary-edition-jeu-sony-playstation-4-ps4?referrer=catalog,no brand__toks__the-elder,sentence-transformers:paraphrase-multilingual-MiniLM-L12-v2,0.24
82,the king of fighters 2000 lrg ps4 playstation new,No brand,1,47.94,47.94,47.94,0.0,The King of Fighters 2000 LRG PS4 Playstation 4 New,https://www.vinted.it/items/8088517576-the-king-of-fighters-2000-lrg-ps4-playstation-4-new?referrer=catalog,no brand__codes__2000,sentence-transformers:paraphrase-multilingual-MiniLM-L12-v2,0.24
144,clock tower playstation ps4 limited run games lrg,No brand,1,47.94,47.94,47.94,0.0,Clock Tower Playstation 4 PS4 Limited Run Games LRG,https://www.vinted.it/items/8112703066-clock-tower-playstation-4-ps4-limited-run-games-lrg?referrer=catalog,no brand__toks__clock-tower,sentence-transformers:paraphrase-multilingual-MiniLM-L12-v2,0.24
361,senko no ronde neuf playstation ps4,No brand,1,47.94,47.94,47.94,0.0,Senko no Ronde 2 neuf PlayStation 4 ps4,https://www.vinted.it/items/8087922858-senko-no-ronde-2-neuf-playstation-4-ps4?referrer=catalog,no brand__toks__senko-no,sentence-transformers:paraphrase-multilingual-MiniLM-L12-v2,0.24
4,volante ps4 ps5,Apex,1,47.95,47.95,47.95,0.0,Volante Ps4/Ps5,https://www.vinted.it/items/8094047542-volante-ps4ps5?referrer=catalog,apex__toks__volante-ps4,sentence-transformers:paraphrase-multilingual-MiniLM-L12-v2,0.24
13,mando para ps4,De,1,47.95,47.95,47.95,0.0,Mando  para PS4,https://www.vinted.it/items/8088427183-mando-para-ps4?referrer=catalog,de__toks__mando-para,sentence-transformers:paraphrase-multilingual-MiniLM-L12-v2,0.24
22,gamesir vx2 aimbox,GameSir,1,47.95,47.95,47.95,0.0,Gamesir vx2 aimbox,https://www.vinted.it/items/8103705144-gamesir-vx2-aimbox?referrer=catalog,gamesir__toks__gamesir-vx2,sentence-transformers:paraphrase-multilingual-MiniLM-L12-v2,0.24
38,volant de jeu,JEU,1,47.95,47.95,47.95,0.0,Volant de jeu,https://www.vinted.it/items/8099962239-volant-de-jeu?referrer=catalog,jeu__toks__volant-de,sentence-transformers:paraphrase-multilingual-MiniLM-L12-v2,0.24
62,casque gaming bluetooth rig 600 pro nacon,NACON,1,47.95,47.95,47.95,0.0,Casque gaming bluetooth RIG 600 Pro NACON,https://www.vinted.it/items/8090229704-casque-gaming-bluetooth-rig-600-pro-nacon?referrer=catalog,nacon__codes__600,sentence-transformers:paraphrase-multilingual-MiniLM-L12-v2,0.24
65,manette ps4,NACON,1,47.95,47.95,47.95,0.0,Manette ps4,https://www.vinted.it/items/8118183081-manette-ps4?referrer=catalog,nacon__toks__manette-ps4,sentence-transformers:paraphrase-multilingual-MiniLM-L12-v2,0.24
108,astro bot rescue misssion,No brand,1,47.95,47.95,47.95,0.0,Astro Bot Rescue Misssion,https://www.vinted.it/items/8107365564-astro-bot-rescue-misssion-fur-ps4-spiel?referrer=catalog,no brand__toks__astro-bot,sentence-transformers:paraphrase-multilingual-MiniLM-L12-v2,0.24
116,bayonetta vanquish edition steelbook ps4 sega,No brand,1,47.95,47.95,47.95,0.0,Bayonetta & Vanquish – Édition Steelbook PS4 (SEGA),https://www.vinted.it/items/8104535240-bayonetta-vanquish-edition-steelbook-ps4-sega?referrer=catalog,no brand__toks__bayonetta-vanquish,sentence-transformers:paraphrase-multilingual-MiniLM-L12-v2,0.24
117,bite the bullet ps4,No brand,1,47.95,47.95,47.95,0.0,Bite The Bullet Ps4,https://www.vinted.it/items/8112708402-bite-the-bullet-ps4?referrer=catalog,no brand__toks__bite-the,sentence-transformers:paraphrase-multilingual-MiniLM-L12-v2,0.24
149,commandos origins ps5 estrenar,No brand,1,47.95,47.95,47.95,0.0,Commandos Origins PS5 (A Estrenar).,https://www.vinted.it/items/8121539267-commandos-origins-ps5-a-estrenar?referrer=catalog,no brand__toks__commandos-origins,sentence-transformers:paraphrase-multilingual-MiniLM-L12-v2,0.24
156,danganronpa trilogy ps4 spiel v1,No brand,1,47.95,47.95,47.95,0.0,Danganronpa Trilogy Ps4 Spiel V1,https://www.vinted.it/items/8108841407-danganronpa-trilogy-ps4-spiel-v1-v2-v3?referrer=catalog,no brand__toks__danganronpa-trilogy,sentence-transformers:paraphrase-multilingual-MiniLM-L12-v2,0.24
199,frostpunk console edition ps4,No brand,1,47.95,47.95,47.95,0.0,Frostpunk console edition ps4 🇲🇫,https://www.vinted.it/items/8118330571-frostpunk-console-edition-ps4?referrer=catalog,no brand__toks__frostpunk-console,sentence-transformers:paraphrase-multilingual-MiniLM-L12-v2,0.24
207,gioco uncharted ps4 utilizzabile su ps5,No brand,1,47.95,47.95,47.95,0.0,gioco uncharted ps4 utilizzabile su ps5,https://www.vinted.it/items/8115446609-gioco-uncharted-ps4-utilizzabile-su-ps5?referrer=catalog,no brand__toks__gioco-uncharted,sentence-transformers:paraphrase-multilingual-MiniLM-L12-v2,0.24
225,inside limbo ps4,No brand,1,47.95,47.95,47.95,0.0,Inside + limbo PS4,https://www.vinted.it/items/8094923782-inside-limbo-ps4?referrer=catalog,no brand__toks__inside-limbo,sentence-transformers:paraphrase-multilingual-MiniLM-L12-v2,0.24
226,jeu deadisland ps4,No brand,1,47.95,47.95,47.95,0.0,🇫🇷 jeu Deadisland 2 ps4,https://www.vinted.it/items/8060742909-jeu-deadisland-2-ps4?referrer=catalog,no brand__toks__jeu-deadisland,sentence-transformers:paraphrase-multilingual-MiniLM-L12-v2,0.24
228,jeu nba ps4,No brand,1,47.95,47.95,47.95,0.0,Jeu NBA ps4,https://www.vinted.it/items/8111587037-jeu-nba-ps4?referrer=catalog,no brand__toks__jeu-nba,sentence-transformers:paraphrase-multilingual-MiniLM-L12-v2,0.24
234,jeu ps4 sword and fairy together forever deluxe edition neuf,No brand,1,47.95,47.95,47.95,0.0,Jeu ps4 sword and fairy together forever deluxe édition neuf,https://www.vinted.it/items/8086386798-jeu-ps4-sword-and-fairy-together-forever-deluxe-edition-neuf?referrer=catalog,no brand__toks__jeu-ps4,sentence-transformers:paraphrase-multilingual-MiniLM-L12-v2,0.24
282,medievil poster de madera infografia en ingles,No brand,1,47.95,47.95,47.95,0.0,MediEvil Poster de madera infografía en inglés,https://www.vinted.it/items/8107294404-medievil-poster-de-madera-infografia-en-ingles?referrer=catalog,no brand__toks__medievil-poster,sentence-transformers:paraphrase-multilingual-MiniLM-L12-v2,0.24
317,playstation spiel,No brand,1,47.95,47.95,47.95,0.0,Playstation 4 Spiel,https://www.vinted.it/items/8107426732-playstation-4-spiel?referrer=catalog,no brand__toks__playstation-spiel,sentence-transformers:paraphrase-multilingual-MiniLM-L12-v2,0.24
382,stonefly collector edition playstation ps4 sous blister,No brand,1,47.95,47.95,47.95,0.0,stonefly collector's edition playstation 4 ps4 sous blister,https://www.vinted.it/items/8086685484-stonefly-collectors-edition-playstation-4-ps4-sous-blister?referrer=catalog,no brand__toks__stonefly-collector,sentence-transformers:paraphrase-multilingual-MiniLM-L12-v2,0.24
404,the lion song precintado nintendo switch,No brand,1,47.95,47.95,47.95,0.0,The Lion's Song (Precintado) - Nintendo Switch,https://www.vinted.it/items/8122070992-the-lions-song-precintado-nintendo-switch?referrer=catalog,no brand__toks__the-lion,sentence-transformers:paraphrase-multilingual-MiniLM-L12-v2,0.24
409,titolo annuncio uncharted raccolta eredita dei ladri ps5 nuovo sigillato,No brand,1,47.95,47.95,47.95,0.0,Titolo Annuncio: Uncharted: Raccolta L'Eredità dei Ladri - PS5 Nuovo/sigillato,https://www.vinted.it/items/8095630268-titolo-annuncio-uncharted-raccolta-leredita-dei-ladri-ps5-nuovosigillato?referrer=catalog,no brand__toks__titolo-annuncio,sentence-transformers:paraphrase-multilingual-MiniLM-L12-v2,0.24
448,casque sans fil pour ps5 et ps4,Pdp,1,47.95,47.95,47.95,0.0,Casque sans fil pour PS5 et PS4,https://www.vinted.it/items/8095050048-casque-sans-fil-pour-ps5-et-ps4?referrer=catalog,pdp__toks__casque-sans,sentence-transformers:paraphrase-multilingual-MiniLM-L12-v2,0.24
482,fighting stick mini,PlayStation,1,47.95,47.95,47.95,0.0,fighting stick mini,https://www.vinted.it/items/8100514709-fighting-stick-mini?referrer=catalog,playstation__toks__fighting-stick,sentence-transformers:paraphrase-multilingual-MiniLM-L12-v2,0.24
487,mandos ps4,PlayStation,1,47.95,47.95,47.95,0.0,2 mandos PS4,https://www.vinted.it/items/8105922785-2-mandos-ps4?referrer=catalog,playstation__toks__mandos-ps4,sentence-transformers:paraphrase-multilingual-MiniLM-L12-v2,0.24
497,pedali volanti per ps4,PlayStation,1,47.95,47.95,47.95,0.0,Pedali a volanti per Ps4/5,https://www.vinted.it/items/8088609853-pedali-a-volanti-per-ps45?referrer=catalog,playstation__toks__pedali-volanti,sentence-transformers:paraphrase-multilingual-MiniLM-L12-v2,0.24
541,ps4 pc bt controller razer raiju tournament edition,PlayStation,1,47.95,47.95,47.95,0.0,PS4/PC/BT Controller Razer Raiju Tournament Edition,https://www.vinted.it/items/8099864022-ps4pcbt-controller-razer-raiju-tournament-edition?referrer=catalog,playstation__toks__ps4-pc,sentence-transformers:paraphrase-multilingual-MiniLM-L12-v2,0.24
581,mules ps poelman mag beige camel daim t38 plateforme confort,PS,1,47.95,47.95,47.95,0.0,Mules PS Poelman MAG beige camel daim T38 - Plateforme confort Neuves,https://www.vinted.it/items/8109990179-mules-ps-poelman-mag-beige-camel-daim-t38-plateforme-confort-neuves?referrer=catalog,ps__codes__t38,sentence-transformers:paraphrase-multilingual-MiniLM-L12-v2,0.24
587,volant et pedales play,PXN,1,47.95,47.95,47.95,0.0,Volant et pédales play,https://www.vinted.it/items/8101409357-volant-et-pedales-play?referrer=catalog,pxn__toks__volant-et,sentence-transformers:paraphrase-multilingual-MiniLM-L12-v2,0.24
602,pack mandos ps4 nuevos rojo azul,sin marca,1,47.95,47.95,47.95,0.0,Pack 2 mandos PS4 nuevos rojo y azul,https://www.vinted.it/items/8115143971-pack-2-mandos-ps4-nuevos-rojo-y-azul?referrer=catalog,sin marca__toks__pack-mandos,sentence-transformers:paraphrase-multilingual-MiniLM-L12-v2,0.24
682,eswap pro crontroller,Thrustmaster,1,47.95,47.95,47.95,0.0,Eswap pro crontroller,https://www.vinted.it/items/8102575188-eswap-pro-crontroller?referrer=catalog,thrustmaster__toks__eswap-pro,sentence-transformers:paraphrase-multilingual-MiniLM-L12-v2,0.24
688,volant thrustmaster,Thrustmaster,1,47.95,47.95,47.95,0.0,Volant thrustmaster,https://www.vinted.it/items/8110441396-volant-thrustmaster?referrer=catalog,thrustmaster__toks__volant-thrustmaster,sentence-transformers:paraphrase-multilingual-MiniLM-L12-v2,0.24
694,trust headset gxt 498b forta roos,Trust,1,47.95,47.95,47.95,0.0,Trust headset GXT 498B Forta Roos,https://www.vinted.it/items/8092682327-trust-headset-gxt-498b-forta-roos?referrer=catalog,trust__toks__trust-headset,sentence-transformers:paraphrase-multilingual-MiniLM-L12-v2,0.24
238,jeu steelbook catherine full body ps4,No brand,1,49.0,49.0,49.0,0.0,Jeu Steelbook Catherine full body Ps4,https://www.vinted.it/items/8091796282-jeu-steelbook-catherine-full-body-ps4?referrer=catalog,no brand__toks__jeu-steelbook,sentence-transformers:paraphrase-multilingual-MiniLM-L12-v2,0.24
381,steelbook assassin creed odyssey jeu non inclus,No brand,1,49.0,49.0,49.0,0.0,Steelbook Assassin’s Creed Odyssey (jeu non-inclus),https://www.vinted.it/items/8122393180-steelbook-assassins-creed-odyssey-jeu-non-inclus?referrer=catalog,no brand__toks__steelbook-assassin,sentence-transformers:paraphrase-multilingual-MiniLM-L12-v2,0.24
289,metro,No brand,1,49.53,49.53,49.53,0.0,Metro,https://www.vinted.it/items/8100904465-metro?referrer=catalog,no brand__toks__metro,sentence-transformers:paraphrase-multilingual-MiniLM-L12-v2,0.24
269,lot kits urgences randonnee survie,No brand,1,50.05,50.05,50.05,0.0,Lot 4 kits urgences/randonnée/survie,https://www.vinted.it/items/8101209226-lot-4-kits-urgencesrandonneesurvie?referrer=catalog,no brand__toks__lot-kits,sentence-transformers:paraphrase-multilingual-MiniLM-L12-v2,0.24
57,majestic autoradio coppia altoparlanti,Majestic,1,51.1,51.1,51.1,0.0,Majestic Autoradio + Coppia Altoparlanti,https://www.vinted.it/items/8091129074-majestic-autoradio-coppia-altoparlanti?referrer=catalog,majestic__toks__majestic-autoradio,sentence-transformers:paraphrase-multilingual-MiniLM-L12-v2,0.24
97,aeterna noctis caos box edition ps4 precintado,No brand,1,51.1,51.1,51.1,0.0,Aeterna Noctis Caos BOX Edition ps4 Precintado,https://www.vinted.it/items/8117674974-aeterna-noctis-caos-box-edition-ps4-precintado?referrer=catalog,no brand__toks__aeterna-noctis,sentence-transformers:paraphrase-multilingual-MiniLM-L12-v2,0.24
110,attacco dei giganti short stories,No brand,1,51.1,51.1,51.1,0.0,L'attacco dei giganti Short Stories 1-2-3-4-5,https://www.vinted.it/items/8090556068-lattacco-dei-giganti-short-stories-1-2-3-4-5?referrer=catalog,no brand__toks__attacco-dei,sentence-transformers:paraphrase-multilingual-MiniLM-L12-v2,0.24
471,comando ps5 ps4,PlayStation,1,51.1,51.1,51.1,0.0,Comando Ps5 + Comando Ps4,https://www.vinted.it/items/8120478531-comando-ps5-comando-ps4?referrer=catalog,playstation__toks__comando-ps5,sentence-transformers:paraphrase-multilingual-MiniLM-L12-v2,0.24
592,volante qubick racing wheel,Racing,1,51.1,51.1,51.1,0.0,Volante qubick racing wheel,https://www.vinted.it/items/8097751230-volante-qubick-racing-wheel?referrer=catalog,racing__toks__volante-qubick,sentence-transformers:paraphrase-multilingual-MiniLM-L12-v2,0.24
597,samsung tv led serie,Samsung,1,51.1,51.1,51.1,0.0,Samsung TV led serie 4,https://www.vinted.it/items/8090106580-samsung-tv-led-serie-4?referrer=catalog,samsung__toks__samsung-tv,sentence-transformers:paraphrase-multilingual-MiniLM-L12-v2,0.24
218,hitman edition steelbook ps4,No brand,1,52.15,52.15,52.15,0.0,Hitman Édition Steelbook (PS4),https://www.vinted.it/items/8094151876-hitman-edition-steelbook-ps4-square-enix?referrer=catalog,no brand__toks__hitman-edition,sentence-transformers:paraphrase-multilingual-MiniLM-L12-v2,0.24
416,urban assault caja carton grande pc ed espanola nuevo precintado,No brand,1,52.15,52.15,52.15,0.0,UrBaN ASSauLT caja carton grande PC ed. española. Nuevo Precintado,https://www.vinted.it/items/8113838779-urban-assault-caja-carton-grande-pc-ed-espanola-nuevo-precintado?referrer=catalog,no brand__toks__urban-assault,sentence-transformers:paraphrase-multilingual-MiniLM-L12-v2,0.24
433,watchdogs collector ps4,No brand,1,52.15,52.15,52.15,0.0,Watchdogs collector PS4,https://www.vinted.it/items/8117256298-watchdogs-collector-ps4?referrer=catalog,no brand__toks__watchdogs-collector,sentence-transformers:paraphrase-multilingual-MiniLM-L12-v2,0.24
470,coffret watch dogs ps4,PlayStation,1,52.15,52.15,52.15,0.0,Coffret Watch dogs 2 ps4,https://www.vinted.it/items/8110893003-coffret-watch-dogs-2-ps4?referrer=catalog,playstation__toks__coffret-watch,sentence-transformers:paraphrase-multilingual-MiniLM-L12-v2,0.24
90,tokyo 42 neuf playstation ps4,No brand,1,53.19,53.19,53.19,0.0,Tokyo 42 neuf PlayStation 4 ps4,https://www.vinted.it/items/8087775767-tokyo-42-neuf-playstation-4-ps4?referrer=catalog,no brand__codes__42,sentence-transformers:paraphrase-multilingual-MiniLM-L12-v2,0.24
124,borderlands edicion super deluxe ps4 precintado,No brand,1,53.19,53.19,53.19,0.0,Borderlands 3 edicion super deluxe ps4 precintado,https://www.vinted.it/items/8120007155-borderlands-3-edicion-super-deluxe-ps4-precintado?referrer=catalog,no brand__toks__borderlands-edicion,sentence-transformers:paraphrase-multilingual-MiniLM-L12-v2,0.24
188,enter the gungeon ps4 playstation neuf,No brand,1,53.19,53.19,53.19,0.0,Enter The Gungeon ps4 PlayStation 4 neuf,https://www.vinted.it/items/8088265292-enter-the-gungeon-ps4-playstation-4-neuf?referrer=catalog,no brand__toks__enter-the,sentence-transformers:paraphrase-multilingual-MiniLM-L12-v2,0.24
210,gran turismo ps4,No brand,1,53.19,53.19,53.19,0.0,Gran Turismo 7 PS4,https://www.vinted.it/items/8090741406-gran-turismo-7-ps4?referrer=catalog,no brand__toks__gran-turismo,sentence-transformers:paraphrase-multilingual-MiniLM-L12-v2,0.24
256,knights and bikes,No brand,1,53.19,53.19,53.19,0.0,Knights and bikes,https://www.vinted.it/items/8087639858-knights-and-bikes?referrer=catalog,no brand__toks__knights-and,sentence-transformers:paraphrase-multilingual-MiniLM-L12-v2,0.24
276,mandos para playstation ud,No brand,1,53.19,53.19,53.19,0.0,Mandos para PlayStation 4 (3 Ud),https://www.vinted.it/items/8118938967-mandos-para-playstation-4-3-ud?referrer=catalog,no brand__toks__mandos-para,sentence-transformers:paraphrase-multilingual-MiniLM-L12-v2,0.24
431,wanted dead coleccionista ps4 precintado,No brand,1,53.19,53.19,53.19,0.0,Wanted dead coleccionista ps4 precintado,https://www.vinted.it/items/8123789375-wanted-dead-coleccionista-ps4-precintado?referrer=catalog,no brand__toks__wanted-dead,sentence-transformers:paraphrase-multilingual-MiniLM-L12-v2,0.24
8,comando ps4 ps5 gta,Batman,1,53.2,53.2,53.2,0.0,Comando PS4 e PS5 e GTA 5,https://www.vinted.it/items/8116962336-comando-ps4-e-ps5-e-gta-5?referrer=catalog,batman__toks__comando-ps4,sentence-transformers:paraphrase-multilingual-MiniLM-L12-v2,0.24
30,volante ps4 con pedali hori rws,Hori,1,53.2,53.2,53.2,0.0,Volante ps4 con pedali HORI rws,https://www.vinted.it/items/8096655231-volante-ps4-con-pedali-hori-rws?referrer=catalog,hori__toks__volante-ps4,sentence-transformers:paraphrase-multilingual-MiniLM-L12-v2,0.24
58,controller gaming manba one schermo led colori hall effect nuovo,manba,1,53.2,53.2,53.2,0.0,Controller Gaming Manba One - Schermo LED a colori - Hall Effect - NUOVO,https://www.vinted.it/items/8110201668-controller-gaming-manba-one-schermo-led-a-colori-hall-effect-nuovo?referrer=catalog,manba__toks__controller-gaming,sentence-transformers:paraphrase-multilingual-MiniLM-L12-v2,0.24
59,manette manba one neuve,manba,1,53.2,53.2,53.2,0.0,Manette Manba One Neuve,https://www.vinted.it/items/8108056952-manette-manba-one-neuve?referrer=catalog,manba__toks__manette-manba,sentence-transformers:paraphrase-multilingual-MiniLM-L12-v2,0.24
74,ps4 games boven 100 euro,No brand,1,53.2,53.2,53.2,0.0,Ps4 games boven 100+ euro,https://www.vinted.it/items/8121377802-ps4-games-boven-100-euro?referrer=catalog,no brand__codes__100,sentence-transformers:paraphrase-multilingual-MiniLM-L12-v2,0.24
79,fifa 17,No brand,1,53.2,53.2,53.2,0.0,FIFA 17,https://www.vinted.it/items/8100915416-fifa-17?referrer=catalog,no brand__codes__17,sentence-transformers:paraphrase-multilingual-MiniLM-L12-v2,0.24
81,fifa 19 20 21 22 23 24 ps4,No brand,1,53.2,53.2,53.2,0.0,Fifa 19/20/21/22/23/24 PS4,https://www.vinted.it/items/8090955284-fifa-192021222324-ps4?referrer=catalog,no brand__codes__19-20-21-22-23,sentence-transformers:paraphrase-multilingual-MiniLM-L12-v2,0.24
84,pes pro evolution soccer 2015 ps4,No brand,1,53.2,53.2,53.2,0.0,Pes Pro Evolution Soccer 2015 PS4,https://www.vinted.it/items/8094525224-pes-pro-evolution-soccer-2015-ps4?referrer=catalog,no brand__codes__2015,sentence-transformers:paraphrase-multilingual-MiniLM-L12-v2,0.24
89,ea fc 26 ps4 new sealed,No brand,1,53.2,53.2,53.2,0.0,EA FC 26 PS4 - New & Sealed,https://www.vinted.it/items/8109650648-ea-fc-26-ps4-new-sealed?referrer=catalog,no brand__codes__26,sentence-transformers:paraphrase-multilingual-MiniLM-L12-v2,0.24
95,26 fc26 fc fifa per ps4 nuovo sigillato,No brand,1,53.2,53.2,53.2,0.0,Fc26 fc 26 Fifa 26 per Ps4 nuovo sigillato,https://www.vinted.it/items/8092055873-fc26-fc-26-fifa-26-per-ps4-nuovo-sigillato?referrer=catalog,no brand__codes__fc26-26,sentence-transformers:paraphrase-multilingual-MiniLM-L12-v2,0.24
112,batman arkham asylum comic edition nuovo,No brand,1,53.2,53.2,53.2,0.0,Batman Arkham Asylum Comic Edition Nuovo,https://www.vinted.it/items/8089085592-batman-arkham-asylum-comic-edition-nuovo?referrer=catalog,no brand__toks__batman-arkham,sentence-transformers:paraphrase-multilingual-MiniLM-L12-v2,0.24
115,battlefield simulator ost ps5 sealed,No brand,1,53.2,53.2,53.2,0.0,L.S.D. Battlefield Simulator OST PS5 Sealed,https://www.vinted.it/items/8101427223-lsd-battlefield-simulator-ost-ps5-sealed?referrer=catalog,no brand__toks__battlefield-simulator,sentence-transformers:paraphrase-multilingual-MiniLM-L12-v2,0.24
136,call of duty bo6,No brand,1,53.2,53.2,53.2,0.0,call of duty bo6,https://www.vinted.it/items/8114130842-call-of-duty-bo6?referrer=catalog,no brand__toks__call-of,sentence-transformers:paraphrase-multilingual-MiniLM-L12-v2,0.24
141,catherine full body ps4,No brand,1,53.2,53.2,53.2,0.0,Catherine: Full Body - PS4,https://www.vinted.it/items/8120670081-catherine-full-body-ps4?referrer=catalog,no brand__toks__catherine-full,sentence-transformers:paraphrase-multilingual-MiniLM-L12-v2,0.24
158,danganronpa v3 killing harmony,No brand,1,53.2,53.2,53.2,0.0,Danganronpa V3 Killing Harmony,https://www.vinted.it/items/8123393910-danganronpa-v3-killing-harmony?referrer=catalog,no brand__toks__danganronpa-v3,sentence-transformers:paraphrase-multilingual-MiniLM-L12-v2,0.24
166,destiny,No brand,1,53.2,53.2,53.2,0.0,Destiny 2,https://www.vinted.it/items/8095567830-destiny-2?referrer=catalog,no brand__toks__destiny,sentence-transformers:paraphrase-multilingual-MiniLM-L12-v2,0.24
180,doom ps5,No brand,1,53.2,53.2,53.2,0.0,Doom ps5,https://www.vinted.it/items/8099955339-doom-ps5?referrer=catalog,no brand__toks__doom-ps5,sentence-transformers:paraphrase-multilingual-MiniLM-L12-v2,0.24
198,frost punk ps4,No brand,1,53.2,53.2,53.2,0.0,Frost Punk Ps4,https://www.vinted.it/items/8111017689-frost-punk-ps4?referrer=catalog,no brand__toks__frost-punk,sentence-transformers:paraphrase-multilingual-MiniLM-L12-v2,0.24
205,gioco ps,No brand,1,53.2,53.2,53.2,0.0,Gioco PS 4,https://www.vinted.it/items/8115112724-gioco-ps-4?referrer=catalog,no brand__toks__gioco-ps,sentence-transformers:paraphrase-multilingual-MiniLM-L12-v2,0.24
222,ich verkaufe ps4 spiele,No brand,1,53.2,53.2,53.2,0.0,Ich verkaufe ps4 Spiele,https://www.vinted.it/items/8115739539-ich-verkaufe-ps4-spiele?referrer=catalog,no brand__toks__ich-verkaufe,sentence-transformers:paraphrase-multilingual-MiniLM-L12-v2,0.24
223,injustice deluxe edition ps4,No brand,1,53.2,53.2,53.2,0.0,Injustice 2 Deluxe edition Ps4,https://www.vinted.it/items/8118197298-injustice-2-deluxe-edition-ps4?referrer=catalog,no brand__toks__injustice-deluxe,sentence-transformers:paraphrase-multilingual-MiniLM-L12-v2,0.24
224,injustice legendary edition ps4,No brand,1,53.2,53.2,53.2,0.0,Injustice 2 Legendary Edition Ps4,https://www.vinted.it/items/8118498741-injustice-2-legendary-edition-ps4?referrer=catalog,no brand__toks__injustice-legendary,sentence-transformers:paraphrase-multilingual-MiniLM-L12-v2,0.24
229,jeu neuf ps4 hot wheels,No brand,1,53.2,53.2,53.2,0.0,Jeu neuf ps4 hot wheels,https://www.vinted.it/items/8118960368-jeu-neuf-ps4-hot-wheels?referrer=catalog,no brand__toks__jeu-neuf,sentence-transformers:paraphrase-multilingual-MiniLM-L12-v2,0.24
247,jogo gta,No brand,1,53.2,53.2,53.2,0.0,Jogo GTA,https://www.vinted.it/items/8109026122-jogo-gta?referrer=catalog,no brand__toks__jogo-gta,sentence-transformers:paraphrase-multilingual-MiniLM-L12-v2,0.24
249,juego song of the deep ps4 nuevo,No brand,1,53.2,53.2,53.2,0.0,juego song of the deep PS4 NUEVO,https://www.vinted.it/items/8090938516-juego-song-of-the-deep-ps4-nuevo?referrer=catalog,no brand__toks__juego-song,sentence-transformers:paraphrase-multilingual-MiniLM-L12-v2,0.24
275,maid of sker ps4 playstation,No brand,1,53.2,53.2,53.2,0.0,Maid of Sker PS4 (PlayStation 4),https://www.vinted.it/items/8115810587-maid-of-sker-ps4-playstation-4?referrer=catalog,no brand__toks__maid-of,sentence-transformers:paraphrase-multilingual-MiniLM-L12-v2,0.24
277,manette professionelle sans fil neuve compatible ps4,No brand,1,53.2,53.2,53.2,0.0,Manette professionelle sans fil neuve compatible ps4,https://www.vinted.it/items/8107883587-manette-professionelle-sans-fil-neuve-compatible-ps4?referrer=catalog,no brand__toks__manette-professionelle,sentence-transformers:paraphrase-multilingual-MiniLM-L12-v2,0.24
278,manette telephone tablette,No brand,1,53.2,53.2,53.2,0.0,Manette téléphone/tablette,https://www.vinted.it/items/8123049472-manette-telephonetablette?referrer=catalog,no brand__toks__manette-telephone,sentence-transformers:paraphrase-multilingual-MiniLM-L12-v2,0.24
297,nitro blasterz heroines infinite duel ps4,No brand,1,53.2,53.2,53.2,0.0,Nitro+ Blasterz - heroines infinite duel -ps4,https://www.vinted.it/items/8115759174-nitro-blasterz-heroines-infinite-duel-ps4?referrer=catalog,no brand__toks__nitro-blasterz,sentence-transformers:paraphrase-multilingual-MiniLM-L12-v2,0.24
300,overwatch game of the year edition ps4 neu ovp versiegelt,No brand,1,53.2,53.2,53.2,0.0,Overwatch Game of the Year Edition Ps4 – Neu & Ovp / Versiegelt,https://www.vinted.it/items/8102842249-overwatch-game-of-the-year-edition-ps4-neu-ovp-versiegelt?referrer=catalog,no brand__toks__overwatch-game,sentence-transformers:paraphrase-multilingual-MiniLM-L12-v2,0.24
331,ps4 knack,No brand,1,53.2,53.2,53.2,0.0,PS4 Knack 2,https://www.vinted.it/items/8104297074-ps4-knack-2?referrer=catalog,no brand__toks__ps4-knack,sentence-transformers:paraphrase-multilingual-MiniLM-L12-v2,0.24
334,ps4 remnant from the ashes,No brand,1,53.2,53.2,53.2,0.0,PS4 Remnant from the ashes,https://www.vinted.it/items/8096140672-ps4-remnant-from-the-ashes?referrer=catalog,no brand__toks__ps4-remnant,sentence-transformers:paraphrase-multilingual-MiniLM-L12-v2,0.24
339,ps4 spiel inside limbo komplett mit karte und poster,No brand,1,53.2,53.2,53.2,0.0,PS4 Spiel: Inside + Limbo komplett mit Karte und Poster,https://www.vinted.it/items/8110032584-ps4-spiel-inside-limbo-komplett-mit-karte-und-poster?referrer=catalog,no brand__toks__ps4-spiel,sentence-transformers:paraphrase-multilingual-MiniLM-L12-v2,0.24
343,ps4 void terrarium,No brand,1,53.2,53.2,53.2,0.0,PS4 Void terrarium 2,https://www.vinted.it/items/8086947742-ps4-void-terrarium-2?referrer=catalog,no brand__toks__ps4-void,sentence-transformers:paraphrase-multilingual-MiniLM-L12-v2,0.24
345,ps5 ps4 spiele ungeoffnet neu,No brand,1,53.2,53.2,53.2,0.0,PS5 & PS4 Spiele. Ungeöffnet & Neu,https://www.vinted.it/items/8104048682-ps5-ps4-spiele-ungeoffnet-neu?referrer=catalog,no brand__toks__ps5-ps4,sentence-transformers:paraphrase-multilingual-MiniLM-L12-v2,0.24
346,rage wingstick edition ps4,No brand,1,53.2,53.2,53.2,0.0,Rage 2- Wingstick Edition ps4,https://www.vinted.it/items/8122294172-rage-2-wingstick-edition-ps4?referrer=catalog,no brand__toks__rage-wingstick,sentence-transformers:paraphrase-multilingual-MiniLM-L12-v2,0.24
359,sekiro shadow die twice,No brand,1,53.2,53.2,53.2,0.0,Sekiro shadow die twice,https://www.vinted.it/items/8121149294-sekiro-shadow-die-twice?referrer=catalog,no brand__toks__sekiro-shadow,sentence-transformers:paraphrase-multilingual-MiniLM-L12-v2,0.24
367,shenmue ii ps4 playstation sega,No brand,1,53.2,53.2,53.2,0.0,Shenmue I & II PS4 (PlayStation 4) SEGA,https://www.vinted.it/items/8108074796-shenmue-i-ii-ps4-playstation-4-sega?referrer=catalog,no brand__toks__shenmue-ii,sentence-transformers:paraphrase-multilingual-MiniLM-L12-v2,0.24
376,spiderman gotye ps4 precintado,No brand,1,53.2,53.2,53.2,0.0,SpiderMan GoTYe PS4 Precintado,https://www.vinted.it/items/8094199832-spiderman-gotye-ps4-precintado?referrer=catalog,no brand__toks__spiderman-gotye,sentence-transformers:paraphrase-multilingual-MiniLM-L12-v2,0.24
388,suporte comando jinx arcane,No brand,1,53.2,53.2,53.2,0.0,Suporte Comando Jinx Arcane,https://www.vinted.it/items/8118647936-suporte-comando-jinx-arcane?referrer=catalog,no brand__toks__suporte-comando,sentence-transformers:paraphrase-multilingual-MiniLM-L12-v2,0.24
389,suporte comando call of duty,No brand,1,53.2,53.2,53.2,0.0,Suporte Comando Call of Duty,https://www.vinted.it/items/8118683010-suporte-comando-call-of-duty?referrer=catalog,no brand__toks__suporte-comando,sentence-transformers:paraphrase-multilingual-MiniLM-L12-v2,0.24
392,tails of iron ps4,No brand,1,53.2,53.2,53.2,0.0,Tails of iron ps4,https://www.vinted.it/items/8096520760-tails-of-iron-ps4?referrer=catalog,no brand__toks__tails-of,sentence-transformers:paraphrase-multilingual-MiniLM-L12-v2,0.24
398,the escapists ps4 edicion walking dead,No brand,1,53.2,53.2,53.2,0.0,The Escapists PS4 Edición The Walking Dead,https://www.vinted.it/items/8111033904-the-escapists-ps4-edicion-the-walking-dead?referrer=catalog,no brand__toks__the-escapists,sentence-transformers:paraphrase-multilingual-MiniLM-L12-v2,0.24
414,uncharted,No brand,1,53.2,53.2,53.2,0.0,Uncharted 4,https://www.vinted.it/items/8121184762-uncharted-4?referrer=catalog,no brand__toks__uncharted,sentence-transformers:paraphrase-multilingual-MiniLM-L12-v2,0.24
419,utawarerumono zan unmasked edition,No brand,1,53.2,53.2,53.2,0.0,Utawarerumono: ZAN Unmasked Edition,https://www.vinted.it/items/8119635051-utawarerumono-zan-unmasked-edition?referrer=catalog,no brand__toks__utawarerumono-zan,sentence-transformers:paraphrase-multilingual-MiniLM-L12-v2,0.24
421,vends jeu ps4 unravel yarny bundle,No brand,1,53.2,53.2,53.2,1.0,Vends Jeu PS4 Unravel Yarny Bundle,https://www.vinted.it/items/8086404176-vends-jeu-ps4-unravel-yarny-bundle?referrer=catalog,no brand__toks__vends-jeu,sentence-transformers:paraphrase-multilingual-MiniLM-L12-v2,0.24
434,way out ps4,No brand,1,53.2,53.2,53.2,0.0,A way out - PS4,https://www.vinted.it/items/8123873582-a-way-out-ps4?referrer=catalog,no brand__toks__way-out,sentence-transformers:paraphrase-multilingual-MiniLM-L12-v2,0.24
474,controller fusion,PlayStation,1,53.2,53.2,53.2,0.0,Controller fusion,https://www.vinted.it/items/8108159445-controller-fusion?referrer=catalog,playstation__toks__controller-fusion,sentence-transformers:paraphrase-multilingual-MiniLM-L12-v2,0.24
492,manette ps4 neuve,PlayStation,1,53.2,53.2,53.2,0.0,Manette PS4 neuve,https://www.vinted.it/items/8124013531-manette-ps4-neuve?referrer=catalog,playstation__toks__manette-ps4,sentence-transformers:paraphrase-multilingual-MiniLM-L12-v2,0.24
514,playstation lotto shirt taglia,PlayStation,1,53.2,53.2,53.2,1.0,PlayStation lotto 4 t-shirt taglia L,https://www.vinted.it/items/8123408993-playstation-lotto-4-t-shirt-taglia-l?referrer=catalog,playstation__toks__playstation-lotto,sentence-transformers:paraphrase-multilingual-MiniLM-L12-v2,0.24
547,ps5 externe festplatte 2tb,PlayStation,1,53.2,53.2,53.2,0.0,PS5/4 externe Festplatte 2TB,https://www.vinted.it/items/8122492894-ps54-externe-festplatte-2tb?referrer=catalog,playstation__toks__ps5-externe,sentence-transformers:paraphrase-multilingual-MiniLM-L12-v2,0.24
551,di set controller originali playstation base ricarica,PlayStation,1,53.2,53.2,53.2,0.0,Set di 2 controller originali PlayStation 4 + base di ricarica,https://www.vinted.it/items/8088087147-set-di-2-controller-originali-playstation-4-base-di-ricarica?referrer=catalog,playstation__toks__set-di,sentence-transformers:paraphrase-multilingual-MiniLM-L12-v2,0.24
567,volante pedaliera per playstation pc nuovo mai usato,PlayStation,1,53.2,53.2,53.2,0.0,volante e pedaliera per playstation e PC nuovo mai usato,https://www.vinted.it/items/8112463175-volante-e-pedaliera-per-playstation-e-pc-nuovo-mai-usato?referrer=catalog,playstation__toks__volante-pedaliera,sentence-transformers:paraphrase-multilingual-MiniLM-L12-v2,0.24
571,volante playstation ps4,PlayStation,1,53.2,53.2,53.2,0.0,Volante PlayStation PS4,https://www.vinted.it/items/8105199920-volante-playstation-ps4?referrer=catalog,playstation__toks__volante-playstation,sentence-transformers:paraphrase-multilingual-MiniLM-L12-v2,0.24
574,pokemon card gengar ex sr 088 071 wild force jap,Pokémon,1,53.2,53.2,53.2,0.0,Pokemon Card Gengar EX SR 088/071 Wild Force Jap Near Mint Secret Rare Full Art,https://www.vinted.it/items/8122876025-pokemon-card-gengar-ex-sr-088071-wild-force-jap-near-mint-secret-rare-full-art?referrer=catalog,pokemon__codes__088-071,sentence-transformers:paraphrase-multilingual-MiniLM-L12-v2,0.24
579,ps of sweden legging culotte equitation femme taille xxs,PS of Sweden,1,53.2,53.2,53.2,0.0,Ps of sweden - legging / culotte d'equitation femme - taille XXS,https://www.vinted.it/items/8103502050-ps-of-sweden-legging-culotte-dequitation-femme-taille-xxs?referrer=catalog,ps of sweden__toks__ps-of,sentence-transformers:paraphrase-multilingual-MiniLM-L12-v2,0.24
591,brand new r36s retro handheld game console,R36S,1,53.2,53.2,53.2,0.0,🔥 Brand-New R36S Retro Handheld Game Console,https://www.vinted.it/items/8088555978-brand-new-r36s-retro-handheld-game-console?referrer=catalog,r36s__toks__brand-new,sentence-transformers:paraphrase-multilingual-MiniLM-L12-v2,0.24
593,casque gaming razer blackshark v2,RAZER,1,53.2,53.2,53.2,0.0,Casque gaming Razer BlackShark V2 X,https://www.vinted.it/items/8109466837-casque-gaming-razer-blackshark-v2-x?referrer=catalog,razer__toks__casque-gaming,sentence-transformers:paraphrase-multilingual-MiniLM-L12-v2,0.24
637,playstation dualshock wireless controller magma red,Sony,1,53.2,53.2,53.2,0.0,PlayStation 4 DualShock 4 Wireless Controller – Magma Red,https://www.vinted.it/items/8122620971-playstation-4-dualshock-4-wireless-controller-magma-red?referrer=catalog,sony__toks__playstation-dualshock,sentence-transformers:paraphrase-multilingual-MiniLM-L12-v2,0.24
650,ps4 controler,Sony,1,53.2,53.2,53.2,0.0,Ps4 controler,https://www.vinted.it/items/8108403312-ps4-controler?referrer=catalog,sony__toks__ps4-controler,sentence-transformers:paraphrase-multilingual-MiniLM-L12-v2,0.24
686,volan ferari,Thrustmaster,1,53.2,53.2,53.2,0.0,Volan ferari,https://www.vinted.it/items/8116043989-volan-ferari?referrer=catalog,thrustmaster__toks__volan-ferari,sentence-transformers:paraphrase-multilingual-MiniLM-L12-v2,0.24
687,volant ps4,Thrustmaster,1,53.2,53.2,53.2,0.0,Volant ps4/5,https://www.vinted.it/items/8119017525-volant-ps45?referrer=catalog,thrustmaster__toks__volant-ps4,sentence-transformers:paraphrase-multilingual-MiniLM-L12-v2,0.24
693,tritton 720 surround sound gaming headset,Triton,1,53.2,53.2,53.2,0.0,Tritton 720+ 7.1 Surround Sound Gaming Headset,https://www.vinted.it/items/8113992667-tritton-720-71-surround-sound-gaming-headset?referrer=catalog,triton__codes__720,sentence-transformers:paraphrase-multilingual-MiniLM-L12-v2,0.24
701,volante pedali ps4 con gioco gran turismo,Xtreme,1,53.2,53.2,53.2,0.0,Volante e pedali PS4 con gioco Gran turismo,https://www.vinted.it/items/8092766566-volante-e-pedali-ps4-con-gioco-gran-turismo?referrer=catalog,xtreme__toks__volante-pedali,sentence-transformers:paraphrase-multilingual-MiniLM-L12-v2,0.24
415,undertale ps4 sealed,No brand,1,55.3,55.3,55.3,0.0,Undertale Ps4 Sealed,https://www.vinted.it/items/8118462875-undertale-ps4-sealed?referrer=catalog,no brand__toks__undertale-ps4,sentence-transformers:paraphrase-multilingual-MiniLM-L12-v2,0.24
696,manette,wireless,1,55.3,55.3,55.3,0.0,Manette,https://www.vinted.it/items/8088308202-manette?referrer=catalog,wireless__toks__manette,sentence-transformers:paraphrase-multilingual-MiniLM-L12-v2,0.24
365,shantae ps4 limited run nuevo,No brand,1,56.35,56.35,56.35,0.0,Shantae PS4 (Limited Run) [Nuevo],https://www.vinted.it/items/8101435954-shantae-ps4-limited-run-nuevo?referrer=catalog,no brand__toks__shantae-ps4,sentence-transformers:paraphrase-multilingual-MiniLM-L12-v2,0.24
33,volante simulador ps4,Hori,1,58.45,58.45,58.45,0.0,Volante simulador Ps4,https://www.vinted.it/items/8095029857-volante-simulador-ps4?referrer=catalog,hori__toks__volante-simulador,sentence-transformers:paraphrase-multilingual-MiniLM-L12-v2,0.24
43,volant lamborghini,Lamborghini,1,58.45,58.45,58.45,0.0,Volant Lamborghini,https://www.vinted.it/items/8117239422-volant-lamborghini?referrer=catalog,lamborghini__toks__volant-lamborghini,sentence-transformers:paraphrase-multilingual-MiniLM-L12-v2,0.24
85,pes 2021 ps4 neuf sous blister,No brand,1,58.45,58.45,58.45,0.0,Pes 2021 ps4 neuf sous blister,https://www.vinted.it/items/8110326318-pes-2021-ps4-neuf-sous-blister?referrer=catalog,no brand__codes__2021,sentence-transformers:paraphrase-multilingual-MiniLM-L12-v2,0.24
100,ara fell rise of the third power,No brand,1,58.45,58.45,58.45,0.0,Ara Fell & Rise Of The Third Power,https://www.vinted.it/items/8115857904-ara-fell-rise-of-the-third-power?referrer=catalog,no brand__toks__ara-fell,sentence-transformers:paraphrase-multilingual-MiniLM-L12-v2,0.24
118,black ops ps4,No brand,1,58.45,58.45,58.45,0.0,Black ops 7 ps4,https://www.vinted.it/items/8112672192-black-ops-7-ps4?referrer=catalog,no brand__toks__black-ops,sentence-transformers:paraphrase-multilingual-MiniLM-L12-v2,0.24
184,dynasty warriors origins ps5 estrenar,No brand,1,58.45,58.45,58.45,0.0,Dynasty Warriors: Origins PS5 (A Estrenar).,https://www.vinted.it/items/8121563870-dynasty-warriors-origins-ps5-a-estrenar?referrer=catalog,no brand__toks__dynasty-warriors,sentence-transformers:paraphrase-multilingual-MiniLM-L12-v2,0.24
186,elden ring bloodborne,No brand,1,58.45,58.45,58.45,0.0,elden ring e bloodborne,https://www.vinted.it/items/8123470463-elden-ring-e-bloodborne?referrer=catalog,no brand__toks__elden-ring,sentence-transformers:paraphrase-multilingual-MiniLM-L12-v2,0.24
230,jeu playstation radigy version jap,No brand,1,58.45,58.45,58.45,0.0,Jeu Playstation 4 Radigy 2 (version JAP),https://www.vinted.it/items/8114010472-jeu-playstation-4-radigy-2-version-jap?referrer=catalog,no brand__toks__jeu-playstation,sentence-transformers:paraphrase-multilingual-MiniLM-L12-v2,0.24
440,ys monstrum nox,No brand,1,58.45,58.45,58.45,0.0,Ys Monstrum Nox,https://www.vinted.it/items/8110614259-ys-monstrum-nox?referrer=catalog,no brand__toks__ys-monstrum,sentence-transformers:paraphrase-multilingual-MiniLM-L12-v2,0.24
476,controller sony dualshock wireless ps4,PlayStation,1,58.45,58.45,58.45,0.0,4 controller Sony Dualshock wireless Ps4,https://www.vinted.it/items/8108895444-4-controller-sony-dualshock-wireless-ps4?referrer=catalog,playstation__toks__controller-sony,sentence-transformers:paraphrase-multilingual-MiniLM-L12-v2,0.24
589,volant pxn v3pro,PXN,1,58.45,58.45,58.45,0.0,Volant PXN V3Pro,https://www.vinted.it/items/8105612440-volant-pxn-v3pro?referrer=catalog,pxn__toks__volant-pxn,sentence-transformers:paraphrase-multilingual-MiniLM-L12-v2,0.24
668,casque gaming bluetooth steelseries arctis nova,SteelSeries,1,58.45,58.45,58.45,0.0,Casque gaming Bluetooth steelseries arctis nova 1,https://www.vinted.it/items/8107647852-casque-gaming-bluetooth-steelseries-arctis-nova-1?referrer=catalog,steelseries__toks__casque-gaming,sentence-transformers:paraphrase-multilingual-MiniLM-L12-v2,0.24
183,drive ps4,No brand,1,61.6,61.6,61.6,0.0,Drive! Drive! Drive! Ps4,https://www.vinted.it/items/8108750804-drive-drive-drive-ps4?referrer=catalog,no brand__toks__drive-drive,sentence-transformers:paraphrase-multilingual-MiniLM-L12-v2,0.24
700,manubrio acceleratore freno compatibile per ps3,Xtreme,1,62.13,62.13,62.13,0.0,Manubrio + acceleratore e freno.Compatibile per ps3,https://www.vinted.it/items/8101240854-manubrio-acceleratore-e-frenocompatibile-per-ps3ps4?referrer=catalog,xtreme__toks__manubrio-acceleratore,sentence-transformers:paraphrase-multilingual-MiniLM-L12-v2,0.24
109,atelier sophie ps4,No brand,1,63.6,63.6,63.6,0.0,Atelier Sophie 2 Ps4,https://www.vinted.it/items/8097466560-atelier-sophie-2-ps4?referrer=catalog,no brand__toks__atelier-sophie,sentence-transformers:paraphrase-multilingual-MiniLM-L12-v2,0.24
325,ps4 batbarian testament of the primordials de playstation,No brand,1,63.65,63.65,63.65,0.0,(PS4) Batbarian: Testament of the Primordials de PlayStation 4*,https://www.vinted.it/items/8093588754-ps4-batbarian-testament-of-the-primordials-de-playstation-4?referrer=catalog,no brand__toks__ps4-batbarian,sentence-transformers:paraphrase-multilingual-MiniLM-L12-v2,0.24
377,splinter cell ps2,No brand,1,63.65,63.65,63.65,0.0,Splinter cell. Ps2,https://www.vinted.it/items/8109546845-splinter-cell-ps2?referrer=catalog,no brand__toks__splinter-cell,sentence-transformers:paraphrase-multilingual-MiniLM-L12-v2,0.24
105,astalon tears of the earth playstation ps4,No brand,1,63.69,63.69,63.69,0.0,Astalon Tears of the Earth Playstation 4 PS4,https://www.vinted.it/items/8117536975-astalon-tears-of-the-earth-playstation-4-ps4?referrer=catalog,no brand__toks__astalon-tears,sentence-transformers:paraphrase-multilingual-MiniLM-L12-v2,0.24
169,diablo ps4,No brand,1,63.69,63.69,63.69,0.0,Diablo 4 ps4,https://www.vinted.it/items/8089897914-diablo-4-ps4?referrer=catalog,no brand__toks__diablo-ps4,sentence-transformers:paraphrase-multilingual-MiniLM-L12-v2,0.24
260,lethal league ps4 playstation neuf limited run,No brand,1,63.69,63.69,63.69,0.0,Lethal League ps4 PlayStation 4 neuf limited run,https://www.vinted.it/items/8088343297-lethal-league-ps4-playstation-4-neuf-limited-run?referrer=catalog,no brand__toks__lethal-league,sentence-transformers:paraphrase-multilingual-MiniLM-L12-v2,0.24
407,the witch and hundred knight sony playstation ps4 pal,No brand,1,63.69,63.69,63.69,0.0,The Witch and the Hundred Knight 2 Sony PlayStation 4 PS4 PAL,https://www.vinted.it/items/8101487165-the-witch-and-the-hundred-knight-2-sony-playstation-4-ps4-pal?referrer=catalog,no brand__toks__the-witch,sentence-transformers:paraphrase-multilingual-MiniLM-L12-v2,0.24
17,sterzo pedal ferrari,Ferrari,1,63.7,63.7,63.7,0.0,Sterzo+pedal Ferrari,https://www.vinted.it/items/8107420301-sterzopedal-ferrari?referrer=catalog,ferrari__toks__sterzo-pedal,sentence-transformers:paraphrase-multilingual-MiniLM-L12-v2,0.24
24,mouse piccola tastiera per console,Hori,1,63.7,63.7,63.7,0.0,Mouse piccola tastiera per console,https://www.vinted.it/items/8119111174-mouse-piccola-tastiera-per-console?referrer=catalog,hori__toks__mouse-piccola,sentence-transformers:paraphrase-multilingual-MiniLM-L12-v2,0.24
40,jordan retro military blue,Jordan,1,63.7,63.7,63.7,0.0,Jordan Retro 4 Military blue,https://www.vinted.it/items/8103574349-jordan-retro-4-military-blue?referrer=catalog,jordan__toks__jordan-retro,sentence-transformers:paraphrase-multilingual-MiniLM-L12-v2,0.24
52,freno mano per pc,Logitech,1,63.7,63.7,63.7,0.0,Freno a Mano per Pc,https://www.vinted.it/items/8087805454-freno-a-mano-per-pc?referrer=catalog,logitech__toks__freno-mano,sentence-transformers:paraphrase-multilingual-MiniLM-L12-v2,0.24
70,jordan retro ps,Nike,1,63.7,63.7,63.7,0.0,Jordan 4 retro (ps),https://www.vinted.it/items/8088598755-jordan-4-retro-ps?referrer=catalog,nike__toks__jordan-retro,sentence-transformers:paraphrase-multilingual-MiniLM-L12-v2,0.24
122,bloodstained ritual of the night ps4,No brand,1,63.7,63.7,63.7,0.0,Bloodstained ritual of the night ps4,https://www.vinted.it/items/8109622109-bloodstained-ritual-of-the-night-ps4?referrer=catalog,no brand__toks__bloodstained-ritual,sentence-transformers:paraphrase-multilingual-MiniLM-L12-v2,0.24
159,dark pictures ps4,No brand,1,63.7,63.7,63.7,0.0,Dark  Pictures Ps4,https://www.vinted.it/items/8116230719-dark-pictures-ps4?referrer=catalog,no brand__toks__dark-pictures,sentence-transformers:paraphrase-multilingual-MiniLM-L12-v2,0.24
174,don knock twice ps4 playstation vr,No brand,1,63.7,63.7,63.7,0.0,Don't Knock Twice PS4 (PlayStation 4) VR,https://www.vinted.it/items/8109567698-dont-knock-twice-ps4-playstation-4-vr?referrer=catalog,no brand__toks__don-knock,sentence-transformers:paraphrase-multilingual-MiniLM-L12-v2,0.24
192,fight rage ps4 edicion inglesa precintado,No brand,1,63.7,63.7,63.7,0.0,Fight’N Rage PS4 – Edición inglesa – Precintado,https://www.vinted.it/items/8116691334-fightn-rage-ps4-edicion-inglesa-precintado?referrer=catalog,no brand__toks__fight-rage,sentence-transformers:paraphrase-multilingual-MiniLM-L12-v2,0.24
217,heavy rain beyond dos almas precintado ps4,No brand,1,63.7,63.7,63.7,0.0,Heavy rain beyond dos almas precintado ps4,https://www.vinted.it/items/8088631583-heavy-rain-beyond-dos-almas-precintado-ps4?referrer=catalog,no brand__toks__heavy-rain,sentence-transformers:paraphrase-multilingual-MiniLM-L12-v2,0.24
243,jeux ps5 ps4 fairy tail cartes,No brand,1,63.7,63.7,63.7,0.0,Jeux PS5/PS4 Fairy Tail + cartes,https://www.vinted.it/items/8104116559-jeux-ps5ps4-fairy-tail-cartes?referrer=catalog,no brand__toks__jeux-ps5,sentence-transformers:paraphrase-multilingual-MiniLM-L12-v2,0.24
253,just cause gold edition ps4,No brand,1,63.7,63.7,63.7,0.0,Just cause 4- Gold Edition ps4,https://www.vinted.it/items/8122225643-just-cause-4-gold-edition-ps4?referrer=catalog,no brand__toks__just-cause,sentence-transformers:paraphrase-multilingual-MiniLM-L12-v2,0.24
285,megaman legacy collection neuf sur ps4,No brand,1,63.7,63.7,63.7,0.0,Megaman Legacy Collection Neuf sur PS4,https://www.vinted.it/items/8099741191-megaman-legacy-collection-neuf-sur-ps4?referrer=catalog,no brand__toks__megaman-legacy,sentence-transformers:paraphrase-multilingual-MiniLM-L12-v2,0.24
295,ni no kuni et ps4 neuf,No brand,1,63.7,63.7,63.7,0.0,Ni no kuni 1 et 2 ps4 neuf,https://www.vinted.it/items/8095430835-ni-no-kuni-1-et-2-ps4-neuf?referrer=catalog,no brand__toks__ni-no,sentence-transformers:paraphrase-multilingual-MiniLM-L12-v2,0.24
316,ps4 playstation spider man ps5 red dead redemption the last,No brand,1,63.7,63.7,63.7,0.0,🎮 PlayStation: Spider-Man 2 (PS5) + Red Dead Redemption (PS4) + The Last of Us 1 & 2 (PS4),https://www.vinted.it/items/8109952785-playstation-spider-man-2-ps5-red-dead-redemption-ps4-the-last-of-us-1-2-ps4?referrer=catalog,no brand__toks__playstation-spider,sentence-transformers:paraphrase-multilingual-MiniLM-L12-v2,0.24
327,ps4 dead island box,No brand,1,63.7,63.7,63.7,0.0,Ps4 dead island 2 box,https://www.vinted.it/items/8112064091-ps4-dead-island-2-box?referrer=catalog,no brand__toks__ps4-dead,sentence-transformers:paraphrase-multilingual-MiniLM-L12-v2,0.24
342,ps4 tiny tina wonderlands chaotic great edition,No brand,1,63.7,63.7,63.7,0.0,PS4 Tiny Tina's wonderlands (chaotic great edition),https://www.vinted.it/items/8104356364-ps4-tiny-tinas-wonderlands-chaotic-great-edition?referrer=catalog,no brand__toks__ps4-tiny,sentence-transformers:paraphrase-multilingual-MiniLM-L12-v2,0.24
363,senran kagura peach beach splash ps4 playstation neuf,No brand,1,63.7,63.7,63.7,0.0,Senran kagura peach beach splash ps4 PlayStation 4 neuf,https://www.vinted.it/items/8087808649-senran-kagura-peach-beach-splash-ps4-playstation-4-neuf?referrer=catalog,no brand__toks__senran-kagura,sentence-transformers:paraphrase-multilingual-MiniLM-L12-v2,0.24
394,tetris effect ps4 vr precintado,No brand,1,63.7,63.7,63.7,0.0,Tetris Effect PS4 VR Precintado,https://www.vinted.it/items/8109558070-tetris-effect-ps4-vr-precintado?referrer=catalog,no brand__toks__tetris-effect,sentence-transformers:paraphrase-multilingual-MiniLM-L12-v2,0.24
423,video juego ps5,No brand,1,63.7,63.7,63.7,0.0,video juego Ps5,https://www.vinted.it/items/8121798402-video-juego-ps5?referrer=catalog,no brand__toks__video-juego,sentence-transformers:paraphrase-multilingual-MiniLM-L12-v2,0.24
430,volante serafim r1 pedaliera,No brand,1,63.7,63.7,63.7,0.0,Volante Serafim R1 + pedaliera,https://www.vinted.it/items/8114121419-volante-serafim-r1-pedaliera?referrer=catalog,no brand__toks__volante-serafim,sentence-transformers:paraphrase-multilingual-MiniLM-L12-v2,0.24
435,of horror world ps5 soundtrack bell,No brand,1,63.7,63.7,63.7,0.0,World of Horror PS5 + Soundtrack Bell of Horror,https://www.vinted.it/items/8121998576-world-of-horror-ps5-soundtrack-bell-of-horror?referrer=catalog,no brand__toks__world-of,sentence-transformers:paraphrase-multilingual-MiniLM-L12-v2,0.24
438,yakuza essence of art edicion nuevo ps4,No brand,1,63.7,63.7,63.7,0.0,Yakuza 6 essence of art edición nuevo ps4,https://www.vinted.it/items/8097084584-yakuza-6-essence-of-art-edicion-nuevo-ps4?referrer=catalog,no brand__toks__yakuza-essence,sentence-transformers:paraphrase-multilingual-MiniLM-L12-v2,0.24
464,aim controller,PlayStation,1,63.7,63.7,63.7,0.0,Aim controller,https://www.vinted.it/items/8092665337-aim-controller?referrer=catalog,playstation__toks__aim-controller,sentence-transformers:paraphrase-multilingual-MiniLM-L12-v2,0.24
569,volante piu pedali ps4,PlayStation,1,63.7,63.7,63.7,0.0,Volante più pedali Ps4,https://www.vinted.it/items/8116434248-volante-piu-pedali-ps4?referrer=catalog,playstation__toks__volante-piu,sentence-transformers:paraphrase-multilingual-MiniLM-L12-v2,0.24
576,suporte headphones comando ps4 ou ps5,Pokémon,1,63.7,63.7,63.7,0.0,Suporte headphones e comando (ps4 ou ps5),https://www.vinted.it/items/8086441103-suporte-headphones-e-comando-ps4-ou-ps5?referrer=catalog,pokemon__toks__suporte-headphones,sentence-transformers:paraphrase-multilingual-MiniLM-L12-v2,0.24
611,aim controller playstation vr ps4,Sony,1,63.7,63.7,63.7,0.0,Aim controller PlayStation VR ps4,https://www.vinted.it/items/8088253873-aim-controller-playstation-vr-ps4?referrer=catalog,sony__toks__aim-controller,sentence-transformers:paraphrase-multilingual-MiniLM-L12-v2,0.24
616,disque dure ps tera,Sony,1,63.7,63.7,63.7,0.0,Disque dure ps 4 tera,https://www.vinted.it/items/8100723678-disque-dure-ps-4-tera?referrer=catalog,sony__toks__disque-dure,sentence-transformers:paraphrase-multilingual-MiniLM-L12-v2,0.24
631,manette sony ps5 playstation neuf neuves ab,Sony,1,63.7,63.7,63.7,0.0,Manette sony ps5 playstation 4 Neuf neuves ab,https://www.vinted.it/items/8110071344-manette-sony-ps5-playstation-4-neuf-neuves-ab?referrer=catalog,sony__toks__manette-sony,sentence-transformers:paraphrase-multilingual-MiniLM-L12-v2,0.24
618,dualshock ps,Sony,1,65.8,65.8,65.8,0.0,DualShock PS 4,https://www.vinted.it/items/8115206676-dualshock-ps-4?referrer=catalog,sony__toks__dualshock-ps,sentence-transformers:paraphrase-multilingual-MiniLM-L12-v2,0.24
322,precintado yo kai watch sony ps4 ps5,No brand,1,66.85,66.85,66.85,0.0,Precintado Yo-Kai Watch 4++  Sony ps4 ps5,https://www.vinted.it/items/8114989931-precintado-yo-kai-watch-4-sony-ps4-ps5?referrer=catalog,no brand__toks__precintado-yo,sentence-transformers:paraphrase-multilingual-MiniLM-L12-v2,0.24
10,carte en tissu collector resident evil village,Capcom,1,67.85,67.85,67.85,0.0,Carte en tissu collector resident evil village,https://www.vinted.it/items/8121016738-carte-en-tissu-collector-resident-evil-village?referrer=catalog,capcom__toks__carte-en,sentence-transformers:paraphrase-multilingual-MiniLM-L12-v2,0.24
355,saga the last of us slipcover slipcage ps4 ps3 ps5,No brand,1,67.9,67.9,67.9,0.0,Saga the last of us slipcover slipcage PS4 PS3 PS5 juego,https://www.vinted.it/items/8104651917-saga-the-last-of-us-slipcover-slipcage-ps4-ps3-ps5-juego?referrer=catalog,no brand__toks__saga-the,sentence-transformers:paraphrase-multilingual-MiniLM-L12-v2,0.24
2,aim controller paddle scuf style nuovo,AIM,1,68.95,68.95,68.95,0.0,Aim Controller 4 paddle scuf style NUOVO,https://www.vinted.it/items/8105739562-aim-controller-4-paddle-scuf-style-nuovo?referrer=catalog,aim__toks__aim-controller,sentence-transformers:paraphrase-multilingual-MiniLM-L12-v2,0.24
3,volante hori rwa racing wheel apex ps5 ps4,Apex,1,68.95,68.95,68.95,0.0,Volante Hori RWA Racing Wheel Apex PS5/PS4,https://www.vinted.it/items/8118003827-volante-hori-rwa-racing-wheel-apex-ps5ps4?referrer=catalog,apex__toks__volante-hori,sentence-transformers:paraphrase-multilingual-MiniLM-L12-v2,0.24
20,volante gaming fr tec suzuka ps4 pc pedales,FR-TEC,1,68.95,68.95,68.95,0.0,Volante Gaming FR-TEC Suzuka PS4/PC + Pedales,https://www.vinted.it/items/8116816648-volante-gaming-fr-tec-suzuka-ps4pc-pedales?referrer=catalog,fr tec__toks__volante-gaming,sentence-transformers:paraphrase-multilingual-MiniLM-L12-v2,0.24
44,volante ps4,Lamborghini,1,68.95,68.95,68.95,0.0,volante ps4,https://www.vinted.it/items/8119702362-volante-ps4?referrer=catalog,lamborghini__toks__volante-ps4,sentence-transformers:paraphrase-multilingual-MiniLM-L12-v2,0.24
80,the order 1886 blackwater edition ps4,No brand,1,68.95,68.95,68.95,0.0,The Order 1886 Blackwater Edition PS4,https://www.vinted.it/items/8091082662-the-order-1886-blackwater-edition-ps4?referrer=catalog,no brand__codes__1886,sentence-transformers:paraphrase-multilingual-MiniLM-L12-v2,0.24
171,disco elysium sealed playstation game,No brand,1,68.95,68.95,68.95,0.0,Disco Elysium (Sealed/ PlayStation 4 game),https://www.vinted.it/items/8105823320-disco-elysium-sealed-playstation-4-game?referrer=catalog,no brand__toks__disco-elysium,sentence-transformers:paraphrase-multilingual-MiniLM-L12-v2,0.24
203,giochi ps2 ps3 demo,No brand,1,68.95,68.95,68.95,0.0,Giochi ps2/ps3 e demo,https://www.vinted.it/items/8101498428-giochi-ps2ps3-e-demo?referrer=catalog,no brand__toks__giochi-ps2,sentence-transformers:paraphrase-multilingual-MiniLM-L12-v2,0.24
257,koumajou remilia scarlet symphony switch limited run,No brand,1,68.95,68.95,68.95,0.0,Koumajou Remilia: Scarlet Symphony Switch Limited Run,https://www.vinted.it/items/8087875671-koumajou-remilia-scarlet-symphony-switch-limited-run?referrer=catalog,no brand__toks__koumajou-remilia,sentence-transformers:paraphrase-multilingual-MiniLM-L12-v2,0.24
306,pack mandos de ps4 nuevos,No brand,1,68.95,68.95,68.95,0.0,Pack 3 mandos de PS4 nuevos,https://www.vinted.it/items/8115062507-pack-3-mandos-de-ps4-nuevos?referrer=catalog,no brand__toks__pack-mandos,sentence-transformers:paraphrase-multilingual-MiniLM-L12-v2,0.24
380,steel assault ps4 nuevo precintado,No brand,1,68.95,68.95,68.95,0.0,Steel assault ps4 nuevo precintado.,https://www.vinted.it/items/8112829532-steel-assault-ps4-nuevo-precintado?referrer=catalog,no brand__toks__steel-assault,sentence-transformers:paraphrase-multilingual-MiniLM-L12-v2,0.24
573,volante rwa playstation5 playstation4 della hori,PlayStation,1,68.95,68.95,68.95,0.0,Volante RWA Playstation5 e Playstation4 della Hori,https://www.vinted.it/items/8105496421-volante-rwa-playstation5-e-playstation4-della-hori?referrer=catalog,playstation__toks__volante-rwa,sentence-transformers:paraphrase-multilingual-MiniLM-L12-v2,0.24
575,display lost abyss s11 plus 4booster loose,Pokémon,1,68.95,68.95,68.95,0.0,Display lost abyss s11 plus 4booster loose,https://www.vinted.it/items/8106875439-display-lost-abyss-s11-plus-4booster-loose?referrer=catalog,pokemon__codes__s11,sentence-transformers:paraphrase-multilingual-MiniLM-L12-v2,0.24
578,rijlegging ps of sweden maat 38 donkerblauw,PS of Sweden,1,68.95,68.95,68.95,0.0,Rijlegging PS of Sweden maat 38 donkerblauw,https://www.vinted.it/items/8118846053-rijlegging-ps-of-sweden-maat-38-donkerblauw?referrer=catalog,ps of sweden__codes__38,sentence-transformers:paraphrase-multilingual-MiniLM-L12-v2,0.24
612,analog controller crystal ps1,Sony,1,68.95,68.95,68.95,0.0,Analog Controller Crystal PS1,https://www.vinted.it/items/8094530008-analog-controller-crystal-ps1?referrer=catalog,sony__toks__analog-controller,sentence-transformers:paraphrase-multilingual-MiniLM-L12-v2,0.24
613,conjunto comando ps4 sony novos,Sony,1,68.95,68.95,68.95,0.0,Conjunto Comando PS4 Sony - novos,https://www.vinted.it/items/8097849118-conjunto-comando-ps4-sony-novos?referrer=catalog,sony__toks__conjunto-comando,sentence-transformers:paraphrase-multilingual-MiniLM-L12-v2,0.24
623,manette de casque realite virtuelle,Sony,1,68.95,68.95,68.95,0.0,Manette de casque réalité virtuelle,https://www.vinted.it/items/8123930332-manette-de-casque-realite-virtuelle?referrer=catalog,sony__toks__manette-de,sentence-transformers:paraphrase-multilingual-MiniLM-L12-v2,0.24
360,sekiro shadows die twice ps4 sealed,No brand,1,72.09,72.09,72.09,0.0,Sekiro Shadows die Twice PS4 sealed,https://www.vinted.it/items/8095808506-sekiro-shadows-die-twice-ps4-sealed?referrer=catalog,no brand__toks__sekiro-shadows,sentence-transformers:paraphrase-multilingual-MiniLM-L12-v2,0.24
337,ps4 sekiro shadows die twice neu in folie sealed,No brand,1,72.1,72.1,72.1,0.0,PS4: Sekiro: Shadows Die Twice - Neu in Folie (Sealed),https://www.vinted.it/items/8096897530-ps4-sekiro-shadows-die-twice-neu-in-folie-sealed?referrer=catalog,no brand__toks__ps4-sekiro,sentence-transformers:paraphrase-multilingual-MiniLM-L12-v2,0.24
134,call of dutty mw mw3 ps4 sin abrir,No brand,1,73.15,73.15,73.15,0.0,Call of Dutty MW 2 + Call of Dutty MW3 PS4 [Sin Abrir],https://www.vinted.it/items/8119284530-call-of-dutty-mw-2-call-of-dutty-mw3-ps4-sin-abrir?referrer=catalog,no brand__toks__call-of,sentence-transformers:paraphrase-multilingual-MiniLM-L12-v2,0.24
155,cuphead ps4 nuevo precintado,No brand,1,73.15,73.15,73.15,0.0,Cuphead ps4 nuevo precintado,https://www.vinted.it/items/8089326867-cuphead-ps4-nuevo-precintado?referrer=catalog,no brand__toks__cuphead-ps4,sentence-transformers:paraphrase-multilingual-MiniLM-L12-v2,0.24
107,asterix obelix slap them all ultra collector edition for playstation,No brand,1,74.19,74.19,74.19,0.0,Asterix & Obelix: Slap Them All! Ultra Collector's Edition for Playstation 4 / PS4,https://www.vinted.it/items/8093091415-asterix-obelix-slap-them-all-ultra-collectors-edition-for-playstation-4-ps4?referrer=catalog,no brand__toks__asterix-obelix,sentence-transformers:paraphrase-multilingual-MiniLM-L12-v2,0.24
379,stardust galaxy warriors neuf strictly limited playstation ps4,No brand,1,74.19,74.19,74.19,0.0,Stardust Galaxy Warriors neuf strictly limited PlayStation 4 ps4,https://www.vinted.it/items/8088394114-stardust-galaxy-warriors-neuf-strictly-limited-playstation-4-ps4?referrer=catalog,no brand__toks__stardust-galaxy,sentence-transformers:paraphrase-multilingual-MiniLM-L12-v2,0.24
34,volante wireless ps4 pc,Hori,1,74.2,74.2,74.2,0.0,volante wireless ps4/pc,https://www.vinted.it/items/8121816830-volante-wireless-ps4pc?referrer=catalog,hori__toks__volante-wireless,sentence-transformers:paraphrase-multilingual-MiniLM-L12-v2,0.24
92,rare unepic limited edition 500 ex ps4 blister,No brand,1,74.2,74.2,74.2,0.0,Rare Unepic Limited Edition - 500 ex - PS4 - Blister,https://www.vinted.it/items/8122492188-rare-unepic-limited-edition-500-ex-ps4-blister?referrer=catalog,no brand__codes__500,sentence-transformers:paraphrase-multilingual-MiniLM-L12-v2,0.24
96,6giochi della ps4 usati poco spiderman nn me lo ha,No brand,1,74.2,74.2,74.2,0.0,6giochi della PS4 usati poco Spiderman nn me lo ha fatto inserire  se vi interessa mando foto in prv,https://www.vinted.it/items/8093807686-6giochi-della-ps4-usati-poco-spiderman-nn-me-lo-ha-fatto-inserire-se-vi-interessa-mando-foto-in-prv?referrer=catalog,no brand__toks__6giochi-della,sentence-transformers:paraphrase-multilingual-MiniLM-L12-v2,0.24
125,borderlands super deluxe edition ps4,No brand,1,74.2,74.2,74.2,0.0,Borderlands 3- Super Deluxe Edition ps4,https://www.vinted.it/items/8122164775-borderlands-3-super-deluxe-edition-ps4?referrer=catalog,no brand__toks__borderlands-super,sentence-transformers:paraphrase-multilingual-MiniLM-L12-v2,0.24
127,broforce ps4 special reserve games neuf,No brand,1,74.2,74.2,74.2,0.0,Broforce ps4 special reserve games neuf,https://www.vinted.it/items/8118795287-broforce-ps4-special-reserve-games-neuf?referrer=catalog,no brand__toks__broforce-ps4,sentence-transformers:paraphrase-multilingual-MiniLM-L12-v2,0.24
167,destiny il re dei corrotti,No brand,1,74.2,74.2,74.2,1.0,Destiny: il re dei corrotti,https://www.vinted.it/items/8108399167-destiny-il-re-dei-corrotti?referrer=catalog,no brand__toks__destiny-il,sentence-transformers:paraphrase-multilingual-MiniLM-L12-v2,0.24
245,jeux wii ps4,No brand,1,74.2,74.2,74.2,0.0,Jeux Wii ps4,https://www.vinted.it/items/8111807214-jeux-wii-ps4?referrer=catalog,no brand__toks__jeux-wii,sentence-transformers:paraphrase-multilingual-MiniLM-L12-v2,0.24
246,jinki infinity special edition ps4,No brand,1,74.2,74.2,74.2,0.0,Jinki infinity special edition ps4,https://www.vinted.it/items/8106249880-jinki-infinity-special-edition-ps4?referrer=catalog,no brand__toks__jinki-infinity,sentence-transformers:paraphrase-multilingual-MiniLM-L12-v2,0.24
270,lote demos playstation precintadas,No brand,1,74.2,74.2,74.2,0.0,Lote demos PlayStation 2 precintadas,https://www.vinted.it/items/8119577088-lote-demos-playstation-2-precintadas?referrer=catalog,no brand__toks__lote-demos,sentence-transformers:paraphrase-multilingual-MiniLM-L12-v2,0.24
284,megadimension neptunia viir ps4 psvr,No brand,1,74.2,74.2,74.2,0.0,Megadimension Neptunia VIIR ps4 psvr,https://www.vinted.it/items/6940292095-megadimension-neptunia-viir-ps4-psvr?referrer=catalog,no brand__toks__megadimension-neptunia,sentence-transformers:paraphrase-multilingual-MiniLM-L12-v2,0.24
294,neverending nightmares ps4 nuevo,No brand,1,74.2,74.2,74.2,0.0,Neverending nightmares PS4 NUEVO,https://www.vinted.it/items/8090875470-neverending-nightmares-ps4-nuevo?referrer=catalog,no brand__toks__neverending-nightmares,sentence-transformers:paraphrase-multilingual-MiniLM-L12-v2,0.24
299,octopath traveler japan import ps4 ps5 upgrade,No brand,1,74.2,74.2,74.2,0.0,Octopath Traveler 0 - Japan Import *PS4 & PS5 Upgrade*,https://www.vinted.it/items/8088210205-octopath-traveler-0-japan-import-ps4-ps5-upgrade?referrer=catalog,no brand__toks__octopath-traveler,sentence-transformers:paraphrase-multilingual-MiniLM-L12-v2,0.24
319,playstation volante completo da corsa per ps5 ps4,No brand,1,74.2,74.2,74.2,0.0,PlayStation volante completo da corsa per ps5 e ps4,https://www.vinted.it/items/8120021732-playstation-volante-completo-da-corsa-per-ps5-e-ps4?referrer=catalog,no brand__toks__playstation-volante,sentence-transformers:paraphrase-multilingual-MiniLM-L12-v2,0.24
323,ps4 atelier ryza alchemist of the end and secret key,No brand,1,74.2,74.2,74.2,0.0,PS4 Atelier Ryza 3 Alchemist of the end and secret key,https://www.vinted.it/items/8086954478-ps4-atelier-ryza-3-alchemist-of-the-end-and-secret-key?referrer=catalog,no brand__toks__ps4-atelier,sentence-transformers:paraphrase-multilingual-MiniLM-L12-v2,0.24
366,shenmue collector,No brand,1,74.2,74.2,74.2,0.0,Shenmue 3 collector,https://www.vinted.it/items/8117643871-shenmue-3-collector?referrer=catalog,no brand__toks__shenmue-collector,sentence-transformers:paraphrase-multilingual-MiniLM-L12-v2,0.24
371,slitterhead one edition ps5 precintado,No brand,1,74.2,74.2,74.2,0.0,Slitterhead One Edition ps5 precintado,https://www.vinted.it/items/8112029256-slitterhead-one-edition-ps5-precintado?referrer=catalog,no brand__toks__slitterhead-one,sentence-transformers:paraphrase-multilingual-MiniLM-L12-v2,0.24
403,the legend of dragoon ps1 jap complet cd version japonaise,No brand,1,74.2,74.2,74.2,0.0,The Legend of Dragoon PS1 JAP – Complet 4 CD – Version japonaise originale,https://www.vinted.it/items/8110198894-the-legend-of-dragoon-ps1-jap-complet-4-cd-version-japonaise-originale?referrer=catalog,no brand__toks__the-legend,sentence-transformers:paraphrase-multilingual-MiniLM-L12-v2,0.24
422,vends un gros lot,No brand,1,74.2,74.2,74.2,0.0,Vends un gros lot,https://www.vinted.it/items/8107822015-vends-un-gros-lot?referrer=catalog,no brand__toks__vends-un,sentence-transformers:paraphrase-multilingual-MiniLM-L12-v2,0.24
425,videogiochi ps4 videogames playstation,No brand,1,74.2,74.2,74.2,0.0,Videogiochi Ps4 videogames Playstation 4,https://www.vinted.it/items/8112157019-videogiochi-ps4-videogames-playstation-4?referrer=catalog,no brand__toks__videogiochi-ps4,sentence-transformers:paraphrase-multilingual-MiniLM-L12-v2,0.24
451,cuffie gaming playstation ps5 ps4 come nuove,Play,1,74.2,74.2,74.2,0.0,🎮 Cuffie gaming playStation – ps5/ ps4🎮 🔥 come nuove 🔥,https://www.vinted.it/items/8096297947-cuffie-gaming-playstation-ps5-ps4-come-nuove?referrer=catalog,play__toks__cuffie-gaming,sentence-transformers:paraphrase-multilingual-MiniLM-L12-v2,0.24
465,casque ps4,PlayStation,1,74.2,74.2,74.2,0.0,Casque Ps4,https://www.vinted.it/items/8095182238-casque-ps4?referrer=catalog,playstation__toks__casque-ps4,sentence-transformers:paraphrase-multilingual-MiniLM-L12-v2,0.24
466,casque virtuel ps4,PlayStation,1,74.2,74.2,74.2,0.0,Casque virtuel ps4,https://www.vinted.it/items/8124082354-casque-virtuel-ps4?referrer=catalog,playstation__toks__casque-virtuel,sentence-transformers:paraphrase-multilingual-MiniLM-L12-v2,0.24
563,volante,PlayStation,1,74.2,74.2,74.2,0.0,Volante,https://www.vinted.it/items/8109557121-volante?referrer=catalog,playstation__toks__volante,sentence-transformers:paraphrase-multilingual-MiniLM-L12-v2,0.24
615,controller ps4 god of war edizione limitata,Sony,1,74.2,74.2,74.2,0.0,Controller ps4 god of war edizione limitata,https://www.vinted.it/items/8102845695-controller-ps4-god-of-war-edizione-limitata?referrer=catalog,sony__toks__controller-ps4,sentence-transformers:paraphrase-multilingual-MiniLM-L12-v2,0.24
679,volante ferrari t80 pedali compatibile ps5 ps4 pc ottime condizioni,Thrustmaster,1,74.2,74.2,74.2,0.0,Volante Ferrari T80 + Pedali – Compatibile PS5 / PS4 / PC – Ottime condizioni,https://www.vinted.it/items/8112078961-volante-ferrari-t80-pedali-compatibile-ps5-ps4-pc-ottime-condizioni?referrer=catalog,thrustmaster__codes__t80,sentence-transformers:paraphrase-multilingual-MiniLM-L12-v2,0.24
684,ps4 ps5 lenkrad,Thrustmaster,1,74.2,74.2,74.2,0.0,Ps4-Ps5 lenkrad,https://www.vinted.it/items/8088352888-ps4-ps5-lenkrad?referrer=catalog,thrustmaster__toks__ps4-ps5,sentence-transformers:paraphrase-multilingual-MiniLM-L12-v2,0.24
698,manette xbox valor pro,Xbox,1,74.2,74.2,74.2,0.0,Manette Xbox valor pro,https://www.vinted.it/items/8108709458-manette-xbox-valor-pro?referrer=catalog,xbox__toks__manette-xbox,sentence-transformers:paraphrase-multilingual-MiniLM-L12-v2,0.24
18,flashfire hurrican wheel,flashfire,1,79.45,79.45,79.45,0.0,FlashFire Hurrican Wheel,https://www.vinted.it/items/8088322795-flashfire-hurrican-wheel?referrer=catalog,flashfire__toks__flashfire-hurrican,sentence-transformers:paraphrase-multilingual-MiniLM-L12-v2,0.24
28,volante para ps5,Hori,1,79.45,79.45,79.45,0.0,Volante para PS5,https://www.vinted.it/items/8088437748-volante-para-ps5-ps4-y-pc?referrer=catalog,hori__toks__volante-para,sentence-transformers:paraphrase-multilingual-MiniLM-L12-v2,0.24
72,lawbreakers collector edition sony ps4 version americaine limited run 0751,No brand,1,79.45,79.45,79.45,0.0,Lawbreakers Collector's Edition Sony PS4 Version américaine Limited Run 0751/2500,https://www.vinted.it/items/8090617467-lawbreakers-collectors-edition-sony-ps4-version-americaine-limited-run-07512500?referrer=catalog,no brand__codes__0751-2500,sentence-transformers:paraphrase-multilingual-MiniLM-L12-v2,0.24
143,celeste ps4 nuevo,No brand,1,79.45,79.45,79.45,0.0,Celeste ps4 Nuevo,https://www.vinted.it/items/8117733693-celeste-ps4-nuevo?referrer=catalog,no brand__toks__celeste-ps4,sentence-transformers:paraphrase-multilingual-MiniLM-L12-v2,0.24
157,danganronpa ultra despair girl ps4 neuf sous blister,No brand,1,79.45,79.45,79.45,0.0,Danganronpa Ultra Despair Girl Ps4 neuf sous blister,https://www.vinted.it/items/8106640203-danganronpa-ultra-despair-girl-ps4-neuf-sous-blister?referrer=catalog,no brand__toks__danganronpa-ultra,sentence-transformers:paraphrase-multilingual-MiniLM-L12-v2,0.24
164,deluxe ps4 lego la saga degli skywalker,No brand,1,79.45,79.45,79.45,0.0,Deluxe PS4 LEGO la Saga degli Skywalker,https://www.vinted.it/items/8115958611-deluxe-ps4-lego-la-saga-degli-skywalker?referrer=catalog,no brand__toks__deluxe-ps4,sentence-transformers:paraphrase-multilingual-MiniLM-L12-v2,0.24
187,empire of angels iv edicion limitada ps4 nuevo,No brand,1,79.45,79.45,79.45,0.0,Empire of angels iv edición limitada ps4 nuevo,https://www.vinted.it/items/8097073050-empire-of-angels-iv-edicion-limitada-ps4-nuevo?referrer=catalog,no brand__toks__empire-of,sentence-transformers:paraphrase-multilingual-MiniLM-L12-v2,0.24
302,pack actua soccer ps1 precintado,No brand,1,79.45,79.45,79.45,0.0,Pack Actua Soccer 1 y 3 PS1 Precintado,https://www.vinted.it/items/8118728678-pack-actua-soccer-1-y-3-ps1-precintado?referrer=catalog,no brand__toks__pack-actua,sentence-transformers:paraphrase-multilingual-MiniLM-L12-v2,0.24
352,river city melee edicion limitada ps4 nuevo,No brand,1,79.45,79.45,79.45,0.0,River city melee edición limitada ps4 nuevo,https://www.vinted.it/items/8097062379-river-city-melee-edicion-limitada-ps4-nuevo?referrer=catalog,no brand__toks__river-city,sentence-transformers:paraphrase-multilingual-MiniLM-L12-v2,0.24
357,salt and sacrifice ps4 neuf,No brand,1,79.45,79.45,79.45,0.0,Salt and Sacrifice PS4 neuf,https://www.vinted.it/items/8119623866-salt-and-sacrifice-ps4-neuf?referrer=catalog,no brand__toks__salt-and,sentence-transformers:paraphrase-multilingual-MiniLM-L12-v2,0.24
432,watch dogs san francisco edition,No brand,1,79.45,79.45,79.45,0.0,watch dogs 2 san francisco edition,https://www.vinted.it/items/8113054298-watch-dogs-2-san-francisco-edition?referrer=catalog,no brand__toks__watch-dogs,sentence-transformers:paraphrase-multilingual-MiniLM-L12-v2,0.24
566,volante pedales gaming modelo del impecable ps5 ps4 pc,PlayStation,1,79.45,79.45,79.45,0.0,Volante + Pedales Gaming [Modelo del Volante] - Impecable (PS5/PS4/PC),https://www.vinted.it/items/8095090693-volante-pedales-gaming-modelo-del-volante-impecable-ps5ps4pc?referrer=catalog,playstation__toks__volante-pedales,sentence-transformers:paraphrase-multilingual-MiniLM-L12-v2,0.24
583,lenkrad ps4 xbox pc,PXN,1,79.45,79.45,79.45,0.0,Lenkrad ps4/3 / Xbox/ PC,https://www.vinted.it/items/8111423071-lenkrad-ps43-xbox-pc?referrer=catalog,pxn__toks__lenkrad-ps4,sentence-transformers:paraphrase-multilingual-MiniLM-L12-v2,0.24
649,ps4 con cables,Sony,1,84.18,84.18,84.18,0.0,Ps4 con cables,https://www.vinted.it/items/8090727692-ps4-con-cables?referrer=catalog,sony__toks__ps4-con,sentence-transformers:paraphrase-multilingual-MiniLM-L12-v2,0.24
395,the complex ps4 precintado,No brand,1,84.65,84.65,84.65,0.0,The complex ps4 precintado,https://www.vinted.it/items/8112225347-the-complex-ps4-precintado?referrer=catalog,no brand__toks__the-complex,sentence-transformers:paraphrase-multilingual-MiniLM-L12-v2,0.24
408,edition the witcher wild hunt complete ps5 10th anniversary exclusivite,No brand,1,84.65,84.65,84.65,0.0,🎮 The Witcher 3: Wild Hunt – Complete Edition (PS5) Édition 10th Anniversary – Exclusivité Pologne,https://www.vinted.it/items/8117647816-the-witcher-3-wild-hunt-complete-edition-ps5-edition-10th-anniversary-exclusivite-pologne?referrer=catalog,no brand__toks__the-witcher,sentence-transformers:paraphrase-multilingual-MiniLM-L12-v2,0.24
71,nintendo wii completa di scatola accessori giochi,Nintendo,1,84.69,84.69,84.69,1.0,Nintendo Wii completa di scatola + accessori e giochi,https://www.vinted.it/items/8066855418-nintendo-wii-completa-di-scatola-accessori-e-giochi?referrer=catalog,nintendo__toks__nintendo-wii,sentence-transformers:paraphrase-multilingual-MiniLM-L12-v2,0.24
35,volante ps4 ps3 switch pc hurricane wheel,Hurricane,1,84.7,84.7,84.7,0.0,Volante PS4/PS3/Switch/Pc Hurricane+ Wheel,https://www.vinted.it/items/8087972959-volante-ps4ps3switchpc-hurricane-wheel?referrer=catalog,hurricane__toks__volante-ps4,sentence-transformers:paraphrase-multilingual-MiniLM-L12-v2,0.24
131,buzz junior monster rumble pack buzzers,No brand,1,84.7,84.7,84.7,0.0,Buzz Junior Monster Rumble Pack Buzzers,https://www.vinted.it/items/8106616091-buzz-junior-monster-rumble-pack-buzzers?referrer=catalog,no brand__toks__buzz-junior,sentence-transformers:paraphrase-multilingual-MiniLM-L12-v2,0.24
142,cd play station,No brand,1,84.7,84.7,84.7,0.0,CD play station 5,https://www.vinted.it/items/8123221746-cd-play-station-5?referrer=catalog,no brand__toks__cd-play,sentence-transformers:paraphrase-multilingual-MiniLM-L12-v2,0.24
215,hades ps4 italiano nuovo,No brand,1,84.7,84.7,84.7,0.0,Hades ps4 italiano nuovo,https://www.vinted.it/items/8094360768-hades-ps4-italiano-nuovo?referrer=catalog,no brand__toks__hades-ps4,sentence-transformers:paraphrase-multilingual-MiniLM-L12-v2,0.24
227,jeu disco elysium the final cut,No brand,1,84.7,84.7,84.7,0.0,Jeu disco elysium the final cut,https://www.vinted.it/items/8118704217-jeu-disco-elysium-the-final-cut?referrer=catalog,no brand__toks__jeu-disco,sentence-transformers:paraphrase-multilingual-MiniLM-L12-v2,0.24
251,juegos de playstation,No brand,1,84.7,84.7,84.7,0.0,4 juegos de Playstation 4,https://www.vinted.it/items/8088118193-4-juegos-de-playstation-4-acepto-ofertas?referrer=catalog,no brand__toks__juegos-de,sentence-transformers:paraphrase-multilingual-MiniLM-L12-v2,0.24
273,vr lotto ps4 driveclub rush of blood nuovi sigillati,No brand,1,84.7,84.7,84.7,1.0,Lotto ps4 vr: driveclub vr + rush of Blood - nuovi sigillati,https://www.vinted.it/items/8111569964-lotto-ps4-vr-driveclub-vr-rush-of-blood-nuovi-sigillati?referrer=catalog,no brand__toks__lotto-ps4,sentence-transformers:paraphrase-multilingual-MiniLM-L12-v2,0.24
341,ps4 the legend of nayuta boundless trails,No brand,1,84.7,84.7,84.7,0.0,PS4 The legend of Nayuta boundless trails,https://www.vinted.it/items/8104166733-ps4-the-legend-of-nayuta-boundless-trails?referrer=catalog,no brand__toks__ps4-the,sentence-transformers:paraphrase-multilingual-MiniLM-L12-v2,0.24
418,utawarerumono prelude to the fallen,No brand,1,84.7,84.7,84.7,0.0,Utawarerumono: Prelude to the Fallen,https://www.vinted.it/items/8119650791-utawarerumono-prelude-to-the-fallen?referrer=catalog,no brand__toks__utawarerumono-prelude,sentence-transformers:paraphrase-multilingual-MiniLM-L12-v2,0.24
444,volante pedales rwa play station racing wheel apex ps3 ps4,Original,1,84.7,84.7,84.7,0.0,Volante y pedales RWA Play Station  Racing Wheel Apex (PS3/PS4),https://www.vinted.it/items/8120862544-volante-y-pedales-rwa-play-station-racing-wheel-apex-ps3ps4?referrer=catalog,original__toks__volante-pedales,sentence-transformers:paraphrase-multilingual-MiniLM-L12-v2,0.24
507,playstation console completa,PlayStation,1,84.7,84.7,84.7,0.0,Playstation 4 console completa,https://www.vinted.it/items/8108992324-playstation-4-console-completa?referrer=catalog,playstation__toks__playstation-console,sentence-transformers:paraphrase-multilingual-MiniLM-L12-v2,0.24
523,ps good condition,PlayStation,1,84.7,84.7,84.7,0.0,ps 4 good condition,https://www.vinted.it/items/8105406104-ps-4-good-condition?referrer=catalog,playstation__toks__ps-good,sentence-transformers:paraphrase-multilingual-MiniLM-L12-v2,0.24
539,ps4 neuf,PlayStation,1,84.7,84.7,84.7,0.0,Ps4 neuf,https://www.vinted.it/items/8101213649-ps4-neuf?referrer=catalog,playstation__toks__ps4-neuf,sentence-transformers:paraphrase-multilingual-MiniLM-L12-v2,0.24
540,ps4 pack complet,PlayStation,1,84.7,84.7,84.7,0.0,PS4 – Pack Complet,https://www.vinted.it/items/8088710112-ps4-pack-complet?referrer=catalog,playstation__toks__ps4-pack,sentence-transformers:paraphrase-multilingual-MiniLM-L12-v2,0.24
545,ps4 slim prezzo trattabile,PlayStation,1,84.7,84.7,84.7,0.0,Ps4 slim (prezzo trattabile),https://www.vinted.it/items/8108193080-ps4-slim-prezzo-trattabile?referrer=catalog,playstation__toks__ps4-slim,sentence-transformers:paraphrase-multilingual-MiniLM-L12-v2,0.24
550,revolution pro,PlayStation,1,84.7,84.7,84.7,0.0,Revolution 5 PRO,https://www.vinted.it/items/8090968687-revolution-5-pro?referrer=catalog,playstation__toks__revolution-pro,sentence-transformers:paraphrase-multilingual-MiniLM-L12-v2,0.24
600,blouson femme equitation segura,Segura,1,84.7,84.7,84.7,0.0,Blouson Femme Équitation Segura 🐴🍷,https://www.vinted.it/items/8092518273-blouson-femme-equitation-segura?referrer=catalog,segura__toks__blouson-femme,sentence-transformers:paraphrase-multilingual-MiniLM-L12-v2,0.24
670,volant,superdrive,1,84.7,84.7,84.7,0.0,Volant,https://www.vinted.it/items/8093402738-volant-pedales-et-levier-de-vitesse-simulateur-superdrive?referrer=catalog,superdrive__toks__volant,sentence-transformers:paraphrase-multilingual-MiniLM-L12-v2,0.24
685,thrustmaster ferrari,Thrustmaster,1,84.7,84.7,84.7,0.0,Thrustmaster Ferrari,https://www.vinted.it/items/8105313521-thrustmaster-ferrari?referrer=catalog,thrustmaster__toks__thrustmaster-ferrari,sentence-transformers:paraphrase-multilingual-MiniLM-L12-v2,0.24
557,virtua tennis pack ultra rare,PlayStation,1,89.85,89.85,89.85,0.0,Virtua tennis 4 pack ultra rare,https://www.vinted.it/items/8018449866-virtua-tennis-4-pack-ultra-rare?referrer=catalog,playstation__toks__virtua-tennis,sentence-transformers:paraphrase-multilingual-MiniLM-L12-v2,0.24
69,nike react pegasus trail tg 44,Nike,1,89.95,89.95,89.95,0.0,Nike React Pegasus Trail 4 (TG 44),https://www.vinted.it/items/8107562772-nike-react-pegasus-trail-4-tg-44?referrer=catalog,nike__codes__44,sentence-transformers:paraphrase-multilingual-MiniLM-L12-v2,0.24
78,finale fantasy 15 edition deluxe ps4,No brand,1,89.95,89.95,89.95,0.0,Finale fantasy 15 édition deluxe PS4,https://www.vinted.it/items/8104432921-finale-fantasy-15-edition-deluxe-ps4?referrer=catalog,no brand__codes__15,sentence-transformers:paraphrase-multilingual-MiniLM-L12-v2,0.24
147,coffret jeux ps4 tales definitive edition neuf sous blister,No brand,1,89.95,89.95,89.95,0.0,Coffret 3 jeux PS4 Tales : Definitive Edition - Neuf sous blister,https://www.vinted.it/items/8121133230-coffret-3-jeux-ps4-tales-definitive-edition-neuf-sous-blister?referrer=catalog,no brand__toks__coffret-jeux,sentence-transformers:paraphrase-multilingual-MiniLM-L12-v2,0.24
330,ps4 gran turismo sport collector edition,No brand,1,89.95,89.95,89.95,0.0,Ps4 Gran Turismo sport collector's edition,https://www.vinted.it/items/8097467819-ps4-gran-turismo-sport-collectors-edition?referrer=catalog,no brand__toks__ps4-gran,sentence-transformers:paraphrase-multilingual-MiniLM-L12-v2,0.24
378,star wars playstation vader immortal vr,No brand,1,89.95,89.95,89.95,0.0,Star Wars playstation 4 Vader immortal Vr,https://www.vinted.it/items/8119824681-star-wars-playstation-4-vader-immortal-vr?referrer=catalog,no brand__toks__star-wars,sentence-transformers:paraphrase-multilingual-MiniLM-L12-v2,0.24
479,deux jeux ps4 et ps5 avec un code de transfert,PlayStation,1,89.95,89.95,89.95,0.0,Deux jeux ps4 et 1 ps5 avec un code de transfert,https://www.vinted.it/items/8094856516-deux-jeux-ps4-et-1-ps5-avec-un-code-de-transfert?referrer=catalog,playstation__toks__deux-jeux,sentence-transformers:paraphrase-multilingual-MiniLM-L12-v2,0.24
531,ps4 controler,PlayStation,1,89.95,89.95,89.95,0.0,PS4 + controler,https://www.vinted.it/items/8108645254-ps4-controler?referrer=catalog,playstation__toks__ps4-controler,sentence-transformers:paraphrase-multilingual-MiniLM-L12-v2,0.24
533,ps4 digital,PlayStation,1,89.95,89.95,89.95,0.0,Ps4 digital,https://www.vinted.it/items/8086552361-ps4-digital?referrer=catalog,playstation__toks__ps4-digital,sentence-transformers:paraphrase-multilingual-MiniLM-L12-v2,0.24
594,casque pack gaming razer blackshark v2 blanc support de en,RAZER,1,89.95,89.95,89.95,0.0,Pack casque Gaming Razer Blackshark V2 X blanc + support de casque en aluminium,https://www.vinted.it/items/8113543511-pack-casque-gaming-razer-blackshark-v2-x-blanc-support-de-casque-en-aluminium?referrer=catalog,razer__toks__pack-casque,sentence-transformers:paraphrase-multilingual-MiniLM-L12-v2,0.24
632,play fat,Sony,1,89.95,89.95,89.95,0.0,Play 4 fat,https://www.vinted.it/items/8124068336-play-4-fat?referrer=catalog,sony__toks__play-fat,sentence-transformers:paraphrase-multilingual-MiniLM-L12-v2,0.24
658,ps4 seminuevo,Sony,1,90.95,90.95,90.95,0.0,PS4 seminuevo,https://www.vinted.it/items/8100441434-ps4-seminuevo?referrer=catalog,sony__toks__ps4-seminuevo,sentence-transformers:paraphrase-multilingual-MiniLM-L12-v2,0.24
123,blue fire ps4 italiano,No brand,1,92.39,92.39,92.39,0.0,Blue fire ps4 italiano,https://www.vinted.it/items/8115427776-blue-fire-ps4-italiano?referrer=catalog,no brand__toks__blue-fire,sentence-transformers:paraphrase-multilingual-MiniLM-L12-v2,0.24
350,resident evil village ps4 lenticular brand new sealed,No brand,1,94.15,94.15,94.15,0.0,Resident Evil Village PS4 Lenticular - Brand New Sealed,https://www.vinted.it/items/8122714968-resident-evil-village-ps4-lenticular-brand-new-sealed?referrer=catalog,no brand__toks__resident-evil,sentence-transformers:paraphrase-multilingual-MiniLM-L12-v2,0.24
606,sony playstation slim ricondizionata fw 13 02 ps4 500gb con,Sony,1,95.1,95.1,95.1,0.0,Sony Playstation 4 SLIM Ricondizionata FW 13.02 PS4 500GB Con Cavi,https://www.vinted.it/items/8107801863-sony-playstation-4-slim-ricondizionata-fw-1302-ps4-500gb-con-cavi?referrer=catalog,sony__codes__13-02,sentence-transformers:paraphrase-multilingual-MiniLM-L12-v2,0.24
7,ps4 manette,Avec,1,95.2,95.2,95.2,0.0,Ps4 2 manette,https://www.vinted.it/items/8109471169-ps4-2-manette?referrer=catalog,avec__toks__ps4-manette,sentence-transformers:paraphrase-multilingual-MiniLM-L12-v2,0.24
60,velo avengers marvel 12 pouce neuf avec son emballage,MARVEL AVENGERS,1,95.2,95.2,95.2,0.0,Vélo Avengers Marvel 12 pouce neuf avec son emballage,https://www.vinted.it/items/8092794451-velo-avengers-marvel-12-pouce-neuf-avec-son-emballage?referrer=catalog,marvel avengers__codes__12,sentence-transformers:paraphrase-multilingual-MiniLM-L12-v2,0.24
329,ps4 giochi,No brand,1,95.2,95.2,95.2,0.0,Ps4 giochi,https://www.vinted.it/items/8111004299-ps4-giochi?referrer=catalog,no brand__toks__ps4-giochi,sentence-transformers:paraphrase-multilingual-MiniLM-L12-v2,0.24
399,the evil within ps4,No brand,1,95.2,95.2,95.2,0.0,The Evil Within 2 PS4,https://www.vinted.it/items/8109600884-the-evil-within-2-ps4?referrer=catalog,no brand__toks__the-evil,sentence-transformers:paraphrase-multilingual-MiniLM-L12-v2,0.24
486,kit volant console,PlayStation,1,95.2,95.2,95.2,0.0,Kit Volant Console,https://www.vinted.it/items/8118181959-kit-volant-console?referrer=catalog,playstation__toks__kit-volant,sentence-transformers:paraphrase-multilingual-MiniLM-L12-v2,0.24
504,playstation come nuova joystick,PlayStation,1,95.2,95.2,95.2,0.0,PlayStation 4 come nuova +2 Joystick,https://www.vinted.it/items/8112944070-playstation-4-come-nuova-2-joystick?referrer=catalog,playstation__toks__playstation-come,sentence-transformers:paraphrase-multilingual-MiniLM-L12-v2,0.24
512,playstation jogos comando azul,PlayStation,1,95.2,95.2,95.2,0.0,PlayStation 4+ jogos+ comando azul,https://www.vinted.it/items/8114282769-playstation-4-jogos-comando-azul?referrer=catalog,playstation__toks__playstation-jogos,sentence-transformers:paraphrase-multilingual-MiniLM-L12-v2,0.24
559,volant et pedales ps4 ps5 at pc,PlayStation,1,95.2,95.2,95.2,0.0,Volant et pédales ps4 ps5 at pc,https://www.vinted.it/items/8114787027-volant-et-pedales-ps4-ps5-at-pc?referrer=catalog,playstation__toks__volant-et,sentence-transformers:paraphrase-multilingual-MiniLM-L12-v2,0.24
598,scuff ps4 peut etre ps5 et pc,Scuf,1,95.2,95.2,95.2,0.0,scuff ps4 ( peut être ps5) et pc,https://www.vinted.it/items/8119953459-scuff-ps4-peut-etre-ps5-et-pc?referrer=catalog,scuf__toks__scuff-ps4,sentence-transformers:paraphrase-multilingual-MiniLM-L12-v2,0.24
609,ps4 slim 500 go,Sony,1,95.2,95.2,95.2,0.0,PS4 Slim 500 go,https://www.vinted.it/items/8113696883-ps4-slim-500-go?referrer=catalog,sony__codes__500,sentence-transformers:paraphrase-multilingual-MiniLM-L12-v2,0.24
620,lot the last of us,Sony,1,95.2,95.2,95.2,0.0,Lot The last of us,https://www.vinted.it/items/8110458958-lot-the-last-of-us?referrer=catalog,sony__toks__lot-the,sentence-transformers:paraphrase-multilingual-MiniLM-L12-v2,0.24
669,volant subsonic racing pedalier,Subsonic,1,95.2,95.2,95.2,0.0,Volant Subsonic Racing /Pédalier,https://www.vinted.it/items/8093591138-volant-subsonic-racing-pedalier?referrer=catalog,subsonic__toks__volant-subsonic,sentence-transformers:paraphrase-multilingual-MiniLM-L12-v2,0.24
671,volant superdrive ps4 pc switch et,superdrive,1,95.2,95.2,95.2,0.0,Volant superdrive ps4 / PC / Switch 1 ET 2,https://www.vinted.it/items/8122987481-volant-superdrive-ps4-pc-switch-1-et-2?referrer=catalog,superdrive__toks__volant-superdrive,sentence-transformers:paraphrase-multilingual-MiniLM-L12-v2,0.24
689,volante pedales para ps4 ps5,Thrustmaster,1,95.2,95.2,95.2,0.0,Volante y pedales para PS4 Y PS5,https://www.vinted.it/items/8119105632-volante-y-pedales-para-ps4-y-ps5?referrer=catalog,thrustmaster__toks__volante-pedales,sentence-transformers:paraphrase-multilingual-MiniLM-L12-v2,0.24
692,biancheria nuova 100 cotone per la casa,TRE FILI ORO,1,95.2,95.2,95.2,0.0,Biancheria nuova 100% cotone per la casa o b&b,https://www.vinted.it/items/8120479368-biancheria-nuova-100-cotone-per-la-casa-o-bb?referrer=catalog,tre fili oro__codes__100,sentence-transformers:paraphrase-multilingual-MiniLM-L12-v2,0.24
495,mirrors edge catalyst collectors edition,PlayStation,1,100.35,100.35,100.35,0.0,Mirrors Edge Catalyst Collectors Edition,https://www.vinted.it/items/8106600082-mirrors-edge-catalyst-collectors-edition?referrer=catalog,playstation__toks__mirrors-edge,sentence-transformers:paraphrase-multilingual-MiniLM-L12-v2,0.24
83,dune 2000 juego pc en caja grande carton original nuevo,No brand,1,100.45,100.45,100.45,0.0,DUNE 2000 Juego PC en caja grande carton. Original. Nuevo precintado. No negociable,https://www.vinted.it/items/8113887114-dune-2000-juego-pc-en-caja-grande-carton-original-nuevo-precintado-no-negociable?referrer=catalog,no brand__codes__2000,sentence-transformers:paraphrase-multilingual-MiniLM-L12-v2,0.24
114,batman arkham knight comic edition sealed,No brand,1,100.45,100.45,100.45,0.0,Batman Arkham Knight comic edition SEALED,https://www.vinted.it/items/8089090558-batman-arkham-knight-comic-edition-sealed?referrer=catalog,no brand__toks__batman-arkham,sentence-transformers:paraphrase-multilingual-MiniLM-L12-v2,0.24
172,disco elysium ps4 precintado,No brand,1,100.45,100.45,100.45,0.0,Disco Elysium PS4 🇪🇸 Precintado,https://www.vinted.it/items/8111892757-disco-elysium-ps4-precintado?referrer=catalog,no brand__toks__disco-elysium,sentence-transformers:paraphrase-multilingual-MiniLM-L12-v2,0.24
468,clavier pour playstation,PlayStation,1,100.45,100.45,100.45,0.0,Clavier pour PlayStation,https://www.vinted.it/items/8110558949-clavier-pour-playstation?referrer=catalog,playstation__toks__clavier-pour,sentence-transformers:paraphrase-multilingual-MiniLM-L12-v2,0.24
622,manette custom premium death note,Sony,1,100.45,100.45,100.45,0.0,Manette custom premium. Death note.,https://www.vinted.it/items/8115279921-manette-custom-premium-death-note?referrer=catalog,sony__toks__manette-custom,sentence-transformers:paraphrase-multilingual-MiniLM-L12-v2,0.24
630,manette ps5 dualsense custom simpsons,Sony,1,100.45,100.45,100.45,0.0,Manette ps5 dualsense custom simpsons.,https://www.vinted.it/items/8115054439-manette-ps5-dualsense-custom-simpsons?referrer=catalog,sony__toks__manette-ps5,sentence-transformers:paraphrase-multilingual-MiniLM-L12-v2,0.24
662,sony pulse 3d wireless headset,Sony,1,100.45,100.45,100.45,0.0,Sony Pulse 3D Wireless Headset,https://www.vinted.it/items/8107387545-sony-pulse-3d-wireless-headset?referrer=catalog,sony__toks__sony-pulse,sentence-transformers:paraphrase-multilingual-MiniLM-L12-v2,0.24
32,volante racing apex playstation,Hori,1,103.6,103.6,103.6,0.0,Volante racing apex playstation,https://www.vinted.it/items/8118375485-volante-racing-apex-playstation?referrer=catalog,hori__toks__volante-racing,sentence-transformers:paraphrase-multilingual-MiniLM-L12-v2,0.24
384,street fighter collector edition sur playstation neuf et emballe,No brand,1,104.65,104.65,104.65,0.0,Street Fighter 6 collector’s édition sur PlayStation 4 neuf et emballé,https://www.vinted.it/items/8120576898-street-fighter-6-collectors-edition-sur-playstation-4-neuf-et-emballe?referrer=catalog,no brand__toks__street-fighter,sentence-transformers:paraphrase-multilingual-MiniLM-L12-v2,0.24
130,bundle giochi ps4 ps5 iconici new sealed,No brand,1,105.6,105.6,105.6,1.0,Bundle 2 giochi ps4/ps5 iconici (New Sealed),https://www.vinted.it/items/8116509729-bundle-2-giochi-ps4ps5-iconici-new-sealed?referrer=catalog,no brand__toks__bundle-giochi,sentence-transformers:paraphrase-multilingual-MiniLM-L12-v2,0.24
356,saint seiya soldiers soul ps4 neuf sous blister version francaise,No brand,1,105.6,105.6,105.6,0.0,Saint Seiya Soldiers Soul PS4 Neuf Sous Blister Version Française,https://www.vinted.it/items/8089580264-saint-seiya-soldiers-soul-ps4-neuf-sous-blister-version-francaise?referrer=catalog,no brand__toks__saint-seiya,sentence-transformers:paraphrase-multilingual-MiniLM-L12-v2,0.24
111,attack on titan sony playstation ps4 pal,No brand,1,105.69,105.69,105.69,0.0,Attack on Titan 2 Sony PlayStation 4 PS4 PAL,https://www.vinted.it/items/8101357376-attack-on-titan-2-sony-playstation-4-ps4-pal?referrer=catalog,no brand__toks__attack-on,sentence-transformers:paraphrase-multilingual-MiniLM-L12-v2,0.24
258,late shift neuf limited run playstation ps4,No brand,1,105.69,105.69,105.69,0.0,Late shift neuf limited run PlayStation 4 ps4,https://www.vinted.it/items/8087834103-late-shift-neuf-limited-run-playstation-4-ps4?referrer=catalog,no brand__toks__late-shift,sentence-transformers:paraphrase-multilingual-MiniLM-L12-v2,0.24
447,avvitatore ad impatto parkside 12v performance,Parkside,1,105.69,105.69,105.69,0.0,Avvitatore ad impatto parkside 12v performance,https://www.vinted.it/items/8115782361-avvitatore-ad-impatto-parkside-12v-performance?referrer=catalog,parkside__toks__avvitatore-ad,sentence-transformers:paraphrase-multilingual-MiniLM-L12-v2,0.24
515,playstation met controller,PlayStation,1,105.69,105.69,105.69,0.0,PlayStation 4 met controller,https://www.vinted.it/items/8108533504-playstation-4-met-controller?referrer=catalog,playstation__toks__playstation-met,sentence-transformers:paraphrase-multilingual-MiniLM-L12-v2,0.24
638,playstation fat 500gb ricondizionata come nuova giochi,Sony,1,105.69,105.69,105.69,0.0,PlayStation 4 FAT 500GB Ricondizionata | Come Nuova + giochi,https://www.vinted.it/items/8111544306-playstation-4-fat-500gb-ricondizionata-come-nuova-giochi?referrer=catalog,sony__toks__playstation-fat,sentence-transformers:paraphrase-multilingual-MiniLM-L12-v2,0.24
31,volante ps5,Hori,1,105.7,105.7,105.7,0.0,Volante Ps5,https://www.vinted.it/items/8087669625-volante-ps5?referrer=catalog,hori__toks__volante-ps5,sentence-transformers:paraphrase-multilingual-MiniLM-L12-v2,0.24
37,plateau etageres vintage ikea ps 2006,IKEA,1,105.7,105.7,105.7,0.0,Plateau étagères Vintage IKÉA PS 2006,https://www.vinted.it/items/8123282944-plateau-etageres-vintage-ikea-ps-2006?referrer=catalog,ikea__codes__2006,sentence-transformers:paraphrase-multilingual-MiniLM-L12-v2,0.24
45,console 500gb launchbox ps4,launchbox,1,105.7,105.7,105.7,0.0,🔥 console 500GB LaunchBox - PS4,https://www.vinted.it/items/8086186995-console-500gb-launchbox-ps4-switch-ps3-ps2-n64-retro-plugplay?referrer=catalog,launchbox__toks__console-500gb,sentence-transformers:paraphrase-multilingual-MiniLM-L12-v2,0.24
56,volante ps4 rwa,Logitech,1,105.7,105.7,105.7,0.0,Volante ps4 rwa,https://www.vinted.it/items/8094267223-volante-ps4-rwa?referrer=catalog,logitech__toks__volante-ps4,sentence-transformers:paraphrase-multilingual-MiniLM-L12-v2,0.24
68,nacon revolution pro controller weiss,NACON,1,105.7,105.7,105.7,0.0,NACON Revolution 5 Pro Controller - Weiss,https://www.vinted.it/items/8101172168-nacon-revolution-5-pro-controller-weiss?referrer=catalog,nacon__toks__nacon-revolution,sentence-transformers:paraphrase-multilingual-MiniLM-L12-v2,0.24
98,alan wake ps4 neuf,No brand,1,105.7,105.7,105.7,0.0,Alan Wake ps4 neuf,https://www.vinted.it/items/8093943427-alan-wake-ps4-neuf?referrer=catalog,no brand__toks__alan-wake,sentence-transformers:paraphrase-multilingual-MiniLM-L12-v2,0.24
152,contra collection ps4 game limited run games new,No brand,1,105.7,105.7,105.7,0.0,Contra collection ps4 game limited run games new,https://www.vinted.it/items/8095625791-contra-collection-ps4-game-limited-run-games-new?referrer=catalog,no brand__toks__contra-collection,sentence-transformers:paraphrase-multilingual-MiniLM-L12-v2,0.24
175,don starve mega pack ps4,No brand,1,105.7,105.7,105.7,0.0,Don't Starve Mega Pack PS4,https://www.vinted.it/items/8109580985-dont-starve-mega-pack-ps4?referrer=catalog,no brand__toks__don-starve,sentence-transformers:paraphrase-multilingual-MiniLM-L12-v2,0.24
271,lote juegos fifa ps4 precintados,No brand,1,105.7,105.7,105.7,0.0,Lote 7 Juegos FIFA PS4 Precintados,https://www.vinted.it/items/8118393620-lote-7-juegos-fifa-ps4-precintados?referrer=catalog,no brand__toks__lote-juegos,sentence-transformers:paraphrase-multilingual-MiniLM-L12-v2,0.24
291,middle earth shadow of war gold edition,No brand,1,105.7,105.7,105.7,0.0,Middle-Earth: Shadow of War Gold Edition,https://www.vinted.it/items/8115737793-middle-earth-shadow-of-war-gold-edition?referrer=catalog,no brand__toks__middle-earth,sentence-transformers:paraphrase-multilingual-MiniLM-L12-v2,0.24
301,owlboy limited edition,No brand,1,105.7,105.7,105.7,0.0,Owlboy Limited Edition,https://www.vinted.it/items/8098646373-owlboy-limited-edition?referrer=catalog,no brand__toks__owlboy-limited,sentence-transformers:paraphrase-multilingual-MiniLM-L12-v2,0.24
305,pack juegos precintados ps4,No brand,1,105.7,105.7,105.7,0.0,Pack juegos precintados PS4,https://www.vinted.it/items/8111535435-pack-juegos-precintados-ps4?referrer=catalog,no brand__toks__pack-juegos,sentence-transformers:paraphrase-multilingual-MiniLM-L12-v2,0.24
314,playstation games,No brand,1,105.7,105.7,105.7,0.0,Playstation games,https://www.vinted.it/items/8097128344-playstation-games?referrer=catalog,no brand__toks__playstation-games,sentence-transformers:paraphrase-multilingual-MiniLM-L12-v2,0.24
324,ps4 avec jeux,No brand,1,105.7,105.7,105.7,0.0,PS4 avec jeux,https://www.vinted.it/items/8123892320-ps4-avec-jeux?referrer=catalog,no brand__toks__ps4-avec,sentence-transformers:paraphrase-multilingual-MiniLM-L12-v2,0.24
412,trilogia dark souls sealed,No brand,1,105.7,105.7,105.7,0.0,Trilogia Dark Souls Sealed,https://www.vinted.it/items/8107769351-trilogia-dark-souls-sealed?referrer=catalog,no brand__toks__trilogia-dark,sentence-transformers:paraphrase-multilingual-MiniLM-L12-v2,0.24
452,play,Play,1,105.7,105.7,105.7,0.0,Play 4,https://www.vinted.it/items/8118201774-play-4?referrer=catalog,play__toks__play,sentence-transformers:paraphrase-multilingual-MiniLM-L12-v2,0.24
455,ps4 100 prezzo cambiabile,PlayStation,1,105.7,105.7,105.7,0.0,ps4 100€ prezzo cambiabile,https://www.vinted.it/items/8114046553-ps4-100eu-prezzo-cambiabile?referrer=catalog,playstation__codes__100,sentence-transformers:paraphrase-multilingual-MiniLM-L12-v2,0.24
488,manette clavier mecanique neuf jamais servi,PlayStation,1,105.7,105.7,105.7,0.0,Manette Clavier Mécanique neuf jamais servi,https://www.vinted.it/items/8100691346-manette-clavier-mecanique-neuf-jamais-servi?referrer=catalog,playstation__toks__manette-clavier,sentence-transformers:paraphrase-multilingual-MiniLM-L12-v2,0.24
503,playstation com comando,PlayStation,1,105.7,105.7,105.7,0.0,playstation 4 com comando,https://www.vinted.it/items/8104063456-playstation-4-com-comando?referrer=catalog,playstation__toks__playstation-com,sentence-transformers:paraphrase-multilingual-MiniLM-L12-v2,0.24
510,playstation games,PlayStation,1,105.7,105.7,105.7,0.0,Playstation 4 games.,https://www.vinted.it/items/8095711536-playstation-4-games?referrer=catalog,playstation__toks__playstation-games,sentence-transformers:paraphrase-multilingual-MiniLM-L12-v2,0.24
513,playstation joystick,PlayStation,1,105.7,105.7,105.7,0.0,PlayStation 4 + Joystick,https://www.vinted.it/items/8105280573-playstation-4-joystick?referrer=catalog,playstation__toks__playstation-joystick,sentence-transformers:paraphrase-multilingual-MiniLM-L12-v2,0.24
521,playstation wheel,PlayStation,1,105.7,105.7,105.7,0.0,Playstation wheel,https://www.vinted.it/items/8121497200-playstation-wheel?referrer=catalog,playstation__toks__playstation-wheel,sentence-transformers:paraphrase-multilingual-MiniLM-L12-v2,0.24
524,ps ottimissime condizioni con scatola,PlayStation,1,105.7,105.7,105.7,1.0,PS 4 ottimissime condizioni con scatola,https://www.vinted.it/items/8090154968-ps-4-ottimissime-condizioni-con-scatola?referrer=catalog,playstation__toks__ps-ottimissime,sentence-transformers:paraphrase-multilingual-MiniLM-L12-v2,0.24
544,ps4 senza joystick,PlayStation,1,105.7,105.7,105.7,0.0,Ps4 senza joystick,https://www.vinted.it/items/8108377829-ps4-senza-joystick?referrer=catalog,playstation__toks__ps4-senza,sentence-transformers:paraphrase-multilingual-MiniLM-L12-v2,0.24
549,racing wheel playstation,PlayStation,1,105.7,105.7,105.7,0.0,Racing wheel playstation 4,https://www.vinted.it/items/8093205685-racing-wheel-playstation-4?referrer=catalog,playstation__toks__racing-wheel,sentence-transformers:paraphrase-multilingual-MiniLM-L12-v2,0.24
555,vendo playstation,PlayStation,1,105.7,105.7,105.7,0.0,Vendo PlayStation 4,https://www.vinted.it/items/8088672780-vendo-playstation-4?referrer=catalog,playstation__toks__vendo-playstation,sentence-transformers:paraphrase-multilingual-MiniLM-L12-v2,0.24
556,videogiochi,PlayStation,1,105.7,105.7,105.7,0.0,videogiochi,https://www.vinted.it/items/8113470565-videogiochi?referrer=catalog,playstation__toks__videogiochi,sentence-transformers:paraphrase-multilingual-MiniLM-L12-v2,0.24
564,volante da corsa wireless rwa hori per ps4 ps5 pc,PlayStation,1,105.7,105.7,105.7,0.0,Volante da corsa Wireless RWA Hori per PS4/PS5/PC,https://www.vinted.it/items/8091799568-volante-da-corsa-wireless-rwa-hori-per-ps4ps5pc?referrer=catalog,playstation__toks__volante-da,sentence-transformers:paraphrase-multilingual-MiniLM-L12-v2,0.24
572,volante ps4,PlayStation,1,105.7,105.7,105.7,0.0,volante ps4,https://www.vinted.it/items/8097856589-volante-ps4?referrer=catalog,playstation__toks__volante-ps4,sentence-transformers:paraphrase-multilingual-MiniLM-L12-v2,0.24
584,pxn v9 gen,PXN,1,105.7,105.7,105.7,0.0,PXN V9 Gen 2,https://www.vinted.it/items/8109725190-pxn-v9-gen-2?referrer=catalog,pxn__toks__pxn-v9,sentence-transformers:paraphrase-multilingual-MiniLM-L12-v2,0.24
585,simulatore di guida per console,PXN,1,105.7,105.7,105.7,0.0,Simulatore di guida per console,https://www.vinted.it/items/8123707581-simulatore-di-guida-per-console?referrer=catalog,pxn__toks__simulatore-di,sentence-transformers:paraphrase-multilingual-MiniLM-L12-v2,0.24
603,stick arcade neo geo,SNK,1,105.7,105.7,105.7,0.0,Stick arcade néo geo x,https://www.vinted.it/items/8117002492-stick-arcade-neo-geo-x?referrer=catalog,snk__toks__stick-arcade,sentence-transformers:paraphrase-multilingual-MiniLM-L12-v2,0.24
634,play station slim 500gb,Sony,1,105.7,105.7,105.7,0.0,Play station 4 slim 500GB,https://www.vinted.it/items/8105372012-play-station-4-slim-500gb?referrer=catalog,sony__toks__play-station,sentence-transformers:paraphrase-multilingual-MiniLM-L12-v2,0.24
660,ps4 slim 1tb je kan altijd bieden,Sony,1,105.7,105.7,105.7,0.0,Ps4 slim 1Tb (je kan altijd bieden),https://www.vinted.it/items/8092709342-ps4-slim-1tb-je-kan-altijd-bieden?referrer=catalog,sony__toks__ps4-slim,sentence-transformers:paraphrase-multilingual-MiniLM-L12-v2,0.24
690,volante playstation,Thrustmaster,1,105.7,105.7,105.7,0.0,Volante PlayStation 4,https://www.vinted.it/items/8123780451-volante-playstation-4?referrer=catalog,thrustmaster__toks__volante-playstation,sentence-transformers:paraphrase-multilingual-MiniLM-L12-v2,0.24
368,short hike super rare games srg playstation ps4 sealed,No brand,1,110.94,110.94,110.94,0.0,A short hike Super Rare Games SRG Playstation 4 PS4 Sealed,https://www.vinted.it/items/8104678713-a-short-hike-super-rare-games-srg-playstation-4-ps4-sealed?referrer=catalog,no brand__toks__short-hike,sentence-transformers:paraphrase-multilingual-MiniLM-L12-v2,0.24
505,playstation con giochi due joystick,PlayStation,1,110.95,110.95,110.95,0.0,PlayStation 4 con 4 giochi e due joystick,https://www.vinted.it/items/8095376065-playstation-4-con-4-giochi-e-due-joystick?referrer=catalog,playstation__toks__playstation-con,sentence-transformers:paraphrase-multilingual-MiniLM-L12-v2,0.24
652,ps4 mando,Sony,1,114.63,114.63,114.63,0.0,Ps4 +1 mando,https://www.vinted.it/items/8090765650-ps4-1-mando?referrer=catalog,sony__toks__ps4-mando,sentence-transformers:paraphrase-multilingual-MiniLM-L12-v2,0.24
26,volante con pedales ps4,Hori,1,116.2,116.2,116.2,0.0,Volante con Pedales PS4,https://www.vinted.it/items/8092751643-volante-con-pedales-ps4?referrer=catalog,hori__toks__volante-con,sentence-transformers:paraphrase-multilingual-MiniLM-L12-v2,0.24
39,jordan red cement taglia 41,Jordan,1,116.2,116.2,116.2,0.0,Jordan 4 Red Cement taglia 41,https://www.vinted.it/items/8108137744-jordan-4-red-cement-taglia-41?referrer=catalog,jordan__codes__41,sentence-transformers:paraphrase-multilingual-MiniLM-L12-v2,0.24
151,contra anniversary jeux switch ps4 limited run,No brand,1,116.2,116.2,116.2,0.0,Contra anniversary 2 jeux switch+ps4 limited run,https://www.vinted.it/items/8120602292-contra-anniversary-2-jeux-switchps4-limited-run?referrer=catalog,no brand__toks__contra-anniversary,sentence-transformers:paraphrase-multilingual-MiniLM-L12-v2,0.24
177,doom eternal the dark ages ps4 ps5,No brand,1,116.2,116.2,116.2,0.0,Doom + Doom Eternal + Doom the dark ages - PS4 - PS5,https://www.vinted.it/items/8117267361-doom-doom-eternal-doom-the-dark-ages-ps4-ps5?referrer=catalog,no brand__toks__doom-doom,sentence-transformers:paraphrase-multilingual-MiniLM-L12-v2,0.24
588,volant pedales shifter pxn v9 gen2,PXN,1,116.2,116.2,116.2,0.0,Volant + Pédales + Shifter PXN.V9 Gen2,https://www.vinted.it/items/8097795819-volant-pedales-shifter-pxnv9-gen2?referrer=catalog,pxn__toks__volant-pedales,sentence-transformers:paraphrase-multilingual-MiniLM-L12-v2,0.24
666,vr brille ps4 ps5,Sony,1,116.2,116.2,116.2,0.0,VR Brille ps4/ps5,https://www.vinted.it/items/8087289245-vr-brille-ps4ps5?referrer=catalog,sony__toks__vr-brille,sentence-transformers:paraphrase-multilingual-MiniLM-L12-v2,0.24
562,volant pedale playstation et,PlayStation,1,121.45,121.45,121.45,0.0,Volant +pédale PlayStation 4 et 5,https://www.vinted.it/items/8100959054-volant-pedale-playstation-4-et-5?referrer=catalog,playstation__toks__volant-pedale,sentence-transformers:paraphrase-multilingual-MiniLM-L12-v2,0.24
653,ps4 nuevo,Sony,1,121.45,121.45,121.45,0.0,PS4 NUEVO,https://www.vinted.it/items/8119789612-ps4-nuevo?referrer=catalog,sony__toks__ps4-nuevo,sentence-transformers:paraphrase-multilingual-MiniLM-L12-v2,0.24
627,manette officielle sony playstation camouflage,Sony,1,125.65,125.65,125.65,0.0,Manette officielle Sony PlayStation 4 camouflage,https://www.vinted.it/items/8089452584-manette-officielle-sony-playstation-4-camouflage?referrer=catalog,sony__toks__manette-officielle,sentence-transformers:paraphrase-multilingual-MiniLM-L12-v2,0.24
12,carte club legacyz auto signee javier pastore 100 psg,Club Legacyz,1,126.69,126.69,126.69,0.0,Carte Club Legacyz Auto Signée Javier Pastore 4/100 PSG,https://www.vinted.it/items/8116482623-carte-club-legacyz-auto-signee-javier-pastore-4100-psg?referrer=catalog,club legacyz__codes__100,sentence-transformers:paraphrase-multilingual-MiniLM-L12-v2,0.24
19,volante frtec de carreras con pedales grand chelem,FR-TEC,1,126.7,126.7,126.7,0.0,Volante frtec de carreras con pedales grand chelem,https://www.vinted.it/items/8091663763-volante-frtec-de-carreras-con-pedales-grand-chelem?referrer=catalog,fr tec__toks__volante-frtec,sentence-transformers:paraphrase-multilingual-MiniLM-L12-v2,0.24
197,fortnite account,No brand,1,126.7,126.7,126.7,0.0,Fortnite Account,https://www.vinted.it/items/8107731382-fortnite-account?referrer=catalog,no brand__toks__fortnite-account,sentence-transformers:paraphrase-multilingual-MiniLM-L12-v2,0.24
211,sport gran turismo gt ps4 collector edition,No brand,1,126.7,126.7,126.7,0.0,Gran Turismo Sport GT Sport PS4 collector's edition,https://www.vinted.it/items/8121837514-gran-turismo-sport-gt-sport-ps4-collectors-edition?referrer=catalog,no brand__toks__gran-turismo,sentence-transformers:paraphrase-multilingual-MiniLM-L12-v2,0.24
279,marvel avengers ps4 collector,No brand,1,126.7,126.7,126.7,0.0,Marvel avengers ps4 collector,https://www.vinted.it/items/8116669130-marvel-avengers-ps4-collector?referrer=catalog,no brand__toks__marvel-avengers,sentence-transformers:paraphrase-multilingual-MiniLM-L12-v2,0.24
312,play station,No brand,1,126.7,126.7,126.7,0.0,Play station 4,https://www.vinted.it/items/8086504208-play-station-4?referrer=catalog,no brand__toks__play-station,sentence-transformers:paraphrase-multilingual-MiniLM-L12-v2,0.24
413,turok ps4 limited run,No brand,1,126.7,126.7,126.7,0.0,Turok ps4 limited run,https://www.vinted.it/items/8119567569-turok-ps4-limited-run?referrer=catalog,no brand__toks__turok-ps4,sentence-transformers:paraphrase-multilingual-MiniLM-L12-v2,0.24
424,videogiochi,No brand,1,126.7,126.7,126.7,0.0,videogiochi,https://www.vinted.it/items/8100272629-videogiochi?referrer=catalog,no brand__toks__videogiochi,sentence-transformers:paraphrase-multilingual-MiniLM-L12-v2,0.24
453,play station,Play,1,126.7,126.7,126.7,0.0,Play station 4,https://www.vinted.it/items/8119814208-play-station-4?referrer=catalog,play__toks__play-station,sentence-transformers:paraphrase-multilingual-MiniLM-L12-v2,0.24
502,playstation 1tb opslag,PlayStation,1,126.7,126.7,126.7,0.0,Playstation 4 1TB opslag,https://www.vinted.it/items/8087525668-playstation-4-1tb-opslag?referrer=catalog,playstation__toks__playstation-1tb,sentence-transformers:paraphrase-multilingual-MiniLM-L12-v2,0.24
520,playstation vr per ps4,PlayStation,1,126.7,126.7,126.7,0.0,Playstation VR per PS4,https://www.vinted.it/items/8106074626-playstation-vr-per-ps4?referrer=catalog,playstation__toks__playstation-vr,sentence-transformers:paraphrase-multilingual-MiniLM-L12-v2,0.24
586,vendo volante pxn v9 gen nuevo estrenar,PXN,1,126.7,126.7,126.7,0.0,Vendo volante pxn v9 2 gen nuevo a estrenar,https://www.vinted.it/items/8102882344-vendo-volante-pxn-v9-2-gen-nuevo-a-estrenar?referrer=catalog,pxn__toks__vendo-volante,sentence-transformers:paraphrase-multilingual-MiniLM-L12-v2,0.24
654,ps4 piu controller,Sony,1,126.7,126.7,126.7,0.0,Ps4 più controller,https://www.vinted.it/items/8090376244-ps4-piu-controller?referrer=catalog,sony__toks__ps4-piu,sentence-transformers:paraphrase-multilingual-MiniLM-L12-v2,0.24
665,volante di guida,Sony,1,126.7,126.7,126.7,0.0,volante di guida,https://www.vinted.it/items/8107508383-volante-di-guida?referrer=catalog,sony__toks__volante-di,sentence-transformers:paraphrase-multilingual-MiniLM-L12-v2,0.24
702,cronus zen scelle ps4 ps3 ps5 xbox et series,ZEN,1,126.7,126.7,126.7,0.0,Cronus zen scellé ps4 ps3 ps5 xbox x et x series,https://www.vinted.it/items/8112704339-cronus-zen-scelle-ps4-ps3-ps5-xbox-x-et-x-series?referrer=catalog,zen__toks__cronus-zen,sentence-transformers:paraphrase-multilingual-MiniLM-L12-v2,0.24
303,pack demarrage ps4 skylanders imaginators neuf avec sticker,No brand,1,131.95,131.95,131.95,0.0,Pack démarrage PS4 - Skylanders - Imaginators neuf avec sticker,https://www.vinted.it/items/8116531030-pack-demarrage-ps4-skylanders-imaginators-neuf-avec-sticker?referrer=catalog,no brand__toks__pack-demarrage,sentence-transformers:paraphrase-multilingual-MiniLM-L12-v2,0.24
429,virtua fighter ultimate shadown ps4 neuf,No brand,1,131.95,131.95,131.95,0.0,Virtua Fighter 5 Ultimate Shadown 2.0 PS4 neuf,https://www.vinted.it/items/8119674739-virtua-fighter-5-ultimate-shadown-20-ps4-neuf?referrer=catalog,no brand__toks__virtua-fighter,sentence-transformers:paraphrase-multilingual-MiniLM-L12-v2,0.24
642,playstation vr con camera,Sony,1,131.95,131.95,131.95,0.0,PlayStation VR con camera,https://www.vinted.it/items/8100403878-playstation-vr-con-camera?referrer=catalog,sony__toks__playstation-vr,sentence-transformers:paraphrase-multilingual-MiniLM-L12-v2,0.24
400,the house in fata morgana limited run games,No brand,1,137.1,137.1,137.1,0.0,🎭 The House in Fata Morgana Limited Run Games,https://www.vinted.it/items/8113663022-the-house-in-fata-morgana-limited-run-games?referrer=catalog,no brand__toks__the-house,sentence-transformers:paraphrase-multilingual-MiniLM-L12-v2,0.24
610,console sony playstation pro nera 1tb fw13 02 controller cavi,Sony,1,137.1,137.1,137.1,0.0,Console Sony Playstation 4 PRO Nera 1TB FW13.02 + Controller + Cavi,https://www.vinted.it/items/8094088159-console-sony-playstation-4-pro-nera-1tb-fw1302-controller-cavi?referrer=catalog,sony__codes__fw13-02,sentence-transformers:paraphrase-multilingual-MiniLM-L12-v2,0.24
695,manette sans fil victrix pro bfg ps5 pc neuve,Turtle Beach,1,137.1,137.1,137.1,0.0,Manette sans fil Victrix Pro BFG PS5/PC Neuve,https://www.vinted.it/items/8111809076-manette-sans-fil-victrix-pro-bfg-ps5pc-neuve?referrer=catalog,turtle beach__toks__manette-sans,sentence-transformers:paraphrase-multilingual-MiniLM-L12-v2,0.24
163,dead or alive xtreme scarlet ps4,No brand,1,137.19,137.19,137.19,0.0,Dead or Alive Xtreme 3 Scarlet ps4,https://www.vinted.it/items/8108358627-dead-or-alive-xtreme-3-scarlet-ps4?referrer=catalog,no brand__toks__dead-or,sentence-transformers:paraphrase-multilingual-MiniLM-L12-v2,0.24
23,pro hori tactical assault commander tac,Hori,1,137.2,137.2,137.2,0.0,HORI Tactical Assault Commander Pro (TAC Pro),https://www.vinted.it/items/8115672782-hori-tactical-assault-commander-pro-tac-pro?referrer=catalog,hori__toks__hori-tactical,sentence-transformers:paraphrase-multilingual-MiniLM-L12-v2,0.24
128,bubble bobble limited edition ps4,No brand,1,137.2,137.2,137.2,0.0,Bubble bobble Limited Edition PS4,https://www.vinted.it/items/8095889204-bubble-bobble-limited-edition-ps4?referrer=catalog,no brand__toks__bubble-bobble,sentence-transformers:paraphrase-multilingual-MiniLM-L12-v2,0.24
140,castlevania anniversary collection,No brand,1,137.2,137.2,137.2,0.0,Castlevania Anniversary Collection,https://www.vinted.it/items/8097769157-castlevania-anniversary-collection?referrer=catalog,no brand__toks__castlevania-anniversary,sentence-transformers:paraphrase-multilingual-MiniLM-L12-v2,0.24
242,jeux ps4 neo geo windjammers edition pix love neuf scelle,No brand,1,137.2,137.2,137.2,0.0,Jeux ps4 Neo Geo Windjammers édition pix n love neuf scellé,https://www.vinted.it/items/8122469436-jeux-ps4-neo-geo-windjammers-edition-pix-n-love-neuf-scelle?referrer=catalog,no brand__toks__jeux-ps4,sentence-transformers:paraphrase-multilingual-MiniLM-L12-v2,0.24
293,monster sanctuary collector edition ps4 playstation limited run new sealed,No brand,1,137.2,137.2,137.2,0.0,Monster sanctuary collector edition PS4 PlayStation limited run new sealed,https://www.vinted.it/items/8107745896-monster-sanctuary-collector-edition-ps4-playstation-limited-run-new-sealed?referrer=catalog,no brand__toks__monster-sanctuary,sentence-transformers:paraphrase-multilingual-MiniLM-L12-v2,0.24
443,brosse dents electrique oral pro avec hydropulseur,Oral-B,1,137.2,137.2,137.2,0.0,Brosse à dents électrique Oral B PRO avec Hydropulseur,https://www.vinted.it/items/8100249640-brosse-a-dents-electrique-oral-b-pro-avec-hydropulseur?referrer=catalog,oral b__toks__brosse-dents,sentence-transformers:paraphrase-multilingual-MiniLM-L12-v2,0.24
445,pandora box 3d wifi arcade retrogaming,Pandora,1,137.2,137.2,137.2,0.0,Pandora box 3D Wifi arcade retrogaming,https://www.vinted.it/items/8108629483-pandora-box-3d-wifi-arcade-retrogaming?referrer=catalog,pandora__toks__pandora-box,sentence-transformers:paraphrase-multilingual-MiniLM-L12-v2,0.24
493,manette victrix ps4 ps5 pc avec bouton arriere,PlayStation,1,137.2,137.2,137.2,0.0,Manette Victrix Ps4/Ps5/PC avec bouton arrière,https://www.vinted.it/items/8095316650-manette-victrix-ps4ps5pc-avec-bouton-arriere?referrer=catalog,playstation__toks__manette-victrix,sentence-transformers:paraphrase-multilingual-MiniLM-L12-v2,0.24
511,playstation incl spielen,PlayStation,1,137.2,137.2,137.2,0.0,Playstation 4 incl 2 Spielen,https://www.vinted.it/items/8103376287-playstation-4-incl-2-spielen?referrer=catalog,playstation__toks__playstation-incl,sentence-transformers:paraphrase-multilingual-MiniLM-L12-v2,0.24
538,ps4 neu,PlayStation,1,137.2,137.2,137.2,0.0,Ps4 Neu,https://www.vinted.it/items/8112553074-ps4-neu?referrer=catalog,playstation__toks__ps4-neu,sentence-transformers:paraphrase-multilingual-MiniLM-L12-v2,0.24
619,ecouteurs sony pulse explore ps5 neuf scelle,Sony,1,137.2,137.2,137.2,0.0,Ecouteurs Sony Pulse explore PS5 Neuf scellé,https://www.vinted.it/items/8092867829-ecouteurs-sony-pulse-explore-ps5-neuf-scelle?referrer=catalog,sony__toks__ecouteurs-sony,sentence-transformers:paraphrase-multilingual-MiniLM-L12-v2,0.24
645,ps4 500gb slim,Sony,1,137.2,137.2,137.2,0.0,PS4 500gb slim,https://www.vinted.it/items/8115685349-ps4-500gb-slim?referrer=catalog,sony__toks__ps4-500gb,sentence-transformers:paraphrase-multilingual-MiniLM-L12-v2,0.24
647,ps4 avec tout,Sony,1,137.2,137.2,137.2,0.0,Ps4 avec tout,https://www.vinted.it/items/8108713905-ps4-avec-tout?referrer=catalog,sony__toks__ps4-avec,sentence-transformers:paraphrase-multilingual-MiniLM-L12-v2,0.24
347,raimbow six,No brand,1,139.3,139.3,139.3,0.0,Raimbow six,https://www.vinted.it/items/8120306983-raimbow-six?referrer=catalog,no brand__toks__raimbow-six,sentence-transformers:paraphrase-multilingual-MiniLM-L12-v2,0.24
626,manette neuve ps5 astro bot,Sony,1,142.45,142.45,142.45,0.0,Manette Neuve Ps5 Astro bot,https://www.vinted.it/items/8108422534-manette-neuve-ps5-astro-bot?referrer=catalog,sony__toks__manette-neuve,sentence-transformers:paraphrase-multilingual-MiniLM-L12-v2,0.24
655,ps4 play station slim,Sony,1,142.45,142.45,142.45,0.0,PS4 (Play Station 4 Slim),https://www.vinted.it/items/8087282534-ps4-play-station-4-slim?referrer=catalog,sony__toks__ps4-play,sentence-transformers:paraphrase-multilingual-MiniLM-L12-v2,0.24
672,thrustmaster 248 ps5 ps4 pc,Thrustmaster,1,146.65,146.65,146.65,0.0,Thrustmaster 248 ps5/Ps4/Pc,https://www.vinted.it/items/8122784744-thrustmaster-248-ps5ps4pc?referrer=catalog,thrustmaster__codes__248,sentence-transformers:paraphrase-multilingual-MiniLM-L12-v2,0.24
120,bloodborne edition game year goty sony playstation ps4 jaquette full,No brand,1,147.7,147.7,147.7,0.0,Bloodborne edition game year goty Sony Playstation 4 PS4 jaquette full FR neuf blister,https://www.vinted.it/items/8122000171-bloodborne-edition-game-year-goty-sony-playstation-4-ps4-jaquette-full-fr-neuf-blister?referrer=catalog,no brand__toks__bloodborne-edition,sentence-transformers:paraphrase-multilingual-MiniLM-L12-v2,0.24
170,digimon story cybersleuth hacker memory for ps vita brand new,No brand,1,147.7,147.7,147.7,0.0,Digimon Story Cybersleuth Hacker's Memory for PS Vita brand new and sealed,https://www.vinted.it/items/8090237221-digimon-story-cybersleuth-hackers-memory-for-ps-vita-brand-new-and-sealed?referrer=catalog,no brand__toks__digimon-story,sentence-transformers:paraphrase-multilingual-MiniLM-L12-v2,0.24
437,xim matrix,No brand,1,147.7,147.7,147.7,0.0,Xim Matrix,https://www.vinted.it/items/8101181477-xim-matrix?referrer=catalog,no brand__toks__xim-matrix,sentence-transformers:paraphrase-multilingual-MiniLM-L12-v2,0.24
461,playstation 512 gb,PlayStation,1,147.7,147.7,147.7,0.0,PlayStation 4  512 GB,https://www.vinted.it/items/8119248507-playstation-4-512-gb?referrer=catalog,playstation__codes__512,sentence-transformers:paraphrase-multilingual-MiniLM-L12-v2,0.24
491,manette playstation nacon revolution pro neuve,PlayStation,1,147.7,147.7,147.7,0.0,Manette PlayStation / Nacon Revolution 5 Pro NEUVE,https://www.vinted.it/items/8101171075-manette-playstation-nacon-revolution-5-pro-neuve?referrer=catalog,playstation__toks__manette-playstation,sentence-transformers:paraphrase-multilingual-MiniLM-L12-v2,0.24
568,volante piu gran turismo,PlayStation,1,147.7,147.7,147.7,0.0,Volante più gran turismo,https://www.vinted.it/items/8088457294-volante-piu-gran-turismo?referrer=catalog,playstation__toks__volante-piu,sentence-transformers:paraphrase-multilingual-MiniLM-L12-v2,0.24
644,ps4 1tb,Sony,1,147.7,147.7,147.7,0.0,Ps4 1TB,https://www.vinted.it/items/8086689620-ps4-1tb?referrer=catalog,sony__toks__ps4-1tb,sentence-transformers:paraphrase-multilingual-MiniLM-L12-v2,0.24
106,asterix obelix new factory sealed super nintendo snes pal ita,No brand,1,152.95,152.95,152.95,0.0,Asterix e Obelix new factory sealed Super Nintendo snes pal ita,https://www.vinted.it/items/8091800771-asterix-e-obelix-new-factory-sealed-super-nintendo-snes-pal-ita-esp-uk-very-rare?referrer=catalog,no brand__toks__asterix-obelix,sentence-transformers:paraphrase-multilingual-MiniLM-L12-v2,0.24
605,console sony playstation pro ricondizionata nera fw 13 02 1tb,Sony,1,158.1,158.1,158.1,0.0,Console Sony Playstation 4 PRO Ricondizionata Nera FW 13.02 1TB + Controller + Cavi,https://www.vinted.it/items/8100875133-console-sony-playstation-4-pro-ricondizionata-nera-fw-1302-1tb-controller-cavi?referrer=catalog,sony__codes__13-02,sentence-transformers:paraphrase-multilingual-MiniLM-L12-v2,0.24
625,manette dualsense custom bloodborne,Sony,1,158.1,158.1,158.1,0.0,Manette Dualsense Custom - Bloodborne,https://www.vinted.it/items/8105219979-manette-dualsense-custom-bloodborne?referrer=catalog,sony__toks__manette-dualsense,sentence-transformers:paraphrase-multilingual-MiniLM-L12-v2,0.24
76,lot de 12 jeux sony ps4 neufs sous blister one,No brand,1,158.19,158.19,158.19,0.0,Lot de 12 jeux Sony PS4 neufs sous blister One Piece Final Fantasy Persona etc,https://www.vinted.it/items/8123148077-lot-de-12-jeux-sony-ps4-neufs-sous-blister-one-piece-final-fantasy-persona-etc?referrer=catalog,no brand__codes__12,sentence-transformers:paraphrase-multilingual-MiniLM-L12-v2,0.24
219,hogwarts legacy collector neuf ps4,No brand,1,158.19,158.19,158.19,0.0,Hogwarts legacy collector neuf ps4,https://www.vinted.it/items/8121075173-hogwarts-legacy-collector-neuf-ps4?referrer=catalog,no brand__toks__hogwarts-legacy,sentence-transformers:paraphrase-multilingual-MiniLM-L12-v2,0.24
126,breath of fire ps1 playstation,No brand,1,158.2,158.2,158.2,0.0,Breath of fire 3 PS1 Playstation 1,https://www.vinted.it/items/8115077397-breath-of-fire-3-ps1-playstation-1?referrer=catalog,no brand__toks__breath-of,sentence-transformers:paraphrase-multilingual-MiniLM-L12-v2,0.24
189,fallout ranger mcfarlane elite figurine new,No brand,1,158.2,158.2,158.2,0.0,Fallout ranger McFarlane elite figurine new,https://www.vinted.it/items/8117669282-fallout-ranger-mcfarlane-elite-figurine-new?referrer=catalog,no brand__toks__fallout-ranger,sentence-transformers:paraphrase-multilingual-MiniLM-L12-v2,0.24
259,lego play,No brand,1,158.2,158.2,158.2,0.0,Lego play,https://www.vinted.it/items/8108313883-lego-play?referrer=catalog,no brand__toks__lego-play,sentence-transformers:paraphrase-multilingual-MiniLM-L12-v2,0.24
304,pack farpoint ps4,No brand,1,158.2,158.2,158.2,0.0,Pack Farpoint ps4,https://www.vinted.it/items/8104665861-pack-farpoint-ps4?referrer=catalog,no brand__toks__pack-farpoint,sentence-transformers:paraphrase-multilingual-MiniLM-L12-v2,0.24
458,ps4 neuve de 2024,PlayStation,1,158.2,158.2,158.2,0.0,Ps4 neuve de 2024,https://www.vinted.it/items/8118050092-ps4-neuve-de-2024?referrer=catalog,playstation__codes__2024,sentence-transformers:paraphrase-multilingual-MiniLM-L12-v2,0.24
459,ps4 controller fifa 23 gta5 online acquistati da ps store,PlayStation,1,158.2,158.2,158.2,0.0,PS4+controller+fifa 23+gta5 online(acquistati da PS store)+rdr2,https://www.vinted.it/items/8115315126-ps4controllerfifa-23gta5-onlineacquistati-da-ps-storerdr2?referrer=catalog,playstation__codes__23,sentence-transformers:paraphrase-multilingual-MiniLM-L12-v2,0.24
467,casque vr ps4 avec jeu,PlayStation,1,158.2,158.2,158.2,0.0,Casque VR ps4 avec jeu,https://www.vinted.it/items/8101169805-casque-vr-ps4-avec-jeu?referrer=catalog,playstation__toks__casque-vr,sentence-transformers:paraphrase-multilingual-MiniLM-L12-v2,0.24
473,compresa di giochi,PlayStation,1,158.2,158.2,158.2,0.0,Compresa di 4 giochi,https://www.vinted.it/items/8120760614-compresa-di-4-giochi?referrer=catalog,playstation__toks__compresa-di,sentence-transformers:paraphrase-multilingual-MiniLM-L12-v2,0.24
478,cuffie wireless playstation pulse 3d nuove,PlayStation,1,158.2,158.2,158.2,0.0,Cuffie wireless Playstation 4 e 5 Pulse 3D NUOVE,https://www.vinted.it/items/8097867782-cuffie-wireless-playstation-4-e-5-pulse-3d-nuove?referrer=catalog,playstation__toks__cuffie-wireless,sentence-transformers:paraphrase-multilingual-MiniLM-L12-v2,0.24
500,play station4,PlayStation,1,158.2,158.2,158.2,0.0,Play station4,https://www.vinted.it/items/8069880812-play-station4?referrer=catalog,playstation__toks__play-station4,sentence-transformers:paraphrase-multilingual-MiniLM-L12-v2,0.24
534,ps4 giochi,PlayStation,1,158.2,158.2,158.2,0.0,PS4 + giochi,https://www.vinted.it/items/8100971769-ps4-giochi?referrer=catalog,playstation__toks__ps4-giochi,sentence-transformers:paraphrase-multilingual-MiniLM-L12-v2,0.24
537,ps4 manettes jeux,PlayStation,1,158.2,158.2,158.2,0.0,PS4 + 2 manettes + 4 jeux,https://www.vinted.it/items/8122773158-ps4-2-manettes-4-jeux?referrer=catalog,playstation__toks__ps4-manettes,sentence-transformers:paraphrase-multilingual-MiniLM-L12-v2,0.24
595,razer blackshark v3 wireless esports headset,RAZER,1,158.2,158.2,158.2,0.0,Razer Blackshark V3 Wireless Esports Headset,https://www.vinted.it/items/8115700394-razer-blackshark-v3-wireless-esports-headset?referrer=catalog,razer__toks__razer-blackshark,sentence-transformers:paraphrase-multilingual-MiniLM-L12-v2,0.24
663,vendo playstan,Sony,1,158.2,158.2,158.2,0.0,Vendo playstan 4,https://www.vinted.it/items/8107796969-vendo-playstan-4?referrer=catalog,sony__toks__vendo-playstan,sentence-transformers:paraphrase-multilingual-MiniLM-L12-v2,0.24
599,neuf et scelle disque dur seagate to pour ps5 ps4,Seagate,1,165.55,165.55,165.55,0.0,* Neuf et scellé -- Disque dur Seagate 2 To pour PS5/PS4 [ God of War Ragnarok limited edition],https://www.vinted.it/items/8101310866-neuf-et-scelle-disque-dur-seagate-2-to-pour-ps5ps4-god-of-war-ragnarok-limited-edition?referrer=catalog,seagate__toks__neuf-et,sentence-transformers:paraphrase-multilingual-MiniLM-L12-v2,0.24
405,the town of light black label edition playstation,No brand,1,168.7,168.7,168.7,0.0,The town of light Black label edition PlayStation 4,https://www.vinted.it/items/8103457049-the-town-of-light-black-label-edition-playstation-4?referrer=catalog,no brand__toks__the-town,sentence-transformers:paraphrase-multilingual-MiniLM-L12-v2,0.24
657,ps4 pro com joystick funzionante,Sony,1,168.7,168.7,168.7,0.0,PS4 Pro com joystick funzionante,https://www.vinted.it/items/8106374076-ps4-pro-com-joystick-funzionantecavi-e-2-giochi?referrer=catalog,sony__toks__ps4-pro,sentence-transformers:paraphrase-multilingual-MiniLM-L12-v2,0.24
697,um volante superdrive gs 850,Xbox,1,168.7,168.7,168.7,0.0,Um volante SuperDrive GS 850-X,https://www.vinted.it/items/8116410604-um-volante-superdrive-gs-850-x?referrer=catalog,xbox__codes__850,sentence-transformers:paraphrase-multilingual-MiniLM-L12-v2,0.24
526,ps4 500gb come nuova tutto incluso anche account online,PlayStation,1,172.9,172.9,172.9,0.0,Ps4 500gb come nuova tutto incluso (anche account online),https://www.vinted.it/items/8095637907-ps4-500gb-come-nuova-tutto-incluso-anche-account-online?referrer=catalog,playstation__toks__ps4-500gb,sentence-transformers:paraphrase-multilingual-MiniLM-L12-v2,0.24
336,ps4 rez infinite,No brand,1,179.2,179.2,179.2,0.0,PS4 Rez Infinite,https://www.vinted.it/items/8104243987-ps4-rez-infinite?referrer=catalog,no brand__toks__ps4-rez,sentence-transformers:paraphrase-multilingual-MiniLM-L12-v2,0.24
439,yakuza premium edition nuevo precintado,No brand,1,183.63,183.63,183.63,0.0,Yakuza 6 Premium Edition - Nuevo Precintado,https://www.vinted.it/items/8094703450-yakuza-6-premium-edition-nuevo-precintado?referrer=catalog,no brand__toks__yakuza-premium,sentence-transformers:paraphrase-multilingual-MiniLM-L12-v2,0.24
311,persona take your heart premium ps4 precintado,No brand,1,183.86,183.86,183.86,0.0,Persona 5 Take Your Heart Premium PS4 Precintado,https://www.vinted.it/items/8095225407-persona-5-take-your-heart-premium-ps4-precintado?referrer=catalog,no brand__toks__persona-take,sentence-transformers:paraphrase-multilingual-MiniLM-L12-v2,0.24
77,set console ps2 13 giochi originali in perfette condizioni,No brand,1,183.93,183.93,183.93,0.0,Set console PS2 - 13 giochi originali in perfette condizioni,https://www.vinted.it/items/8115114254-set-console-ps2-13-giochi-originali-in-perfette-condizioni?referrer=catalog,no brand__codes__13,sentence-transformers:paraphrase-multilingual-MiniLM-L12-v2,0.24
639,playstation nieuw,Sony,1,184.45,184.45,184.45,0.0,PlayStation 4 nieuw,https://www.vinted.it/items/8095471293-playstation-4-nieuw?referrer=catalog,sony__toks__playstation-nieuw,sentence-transformers:paraphrase-multilingual-MiniLM-L12-v2,0.24
628,manette ps5 custom tmr palettes rise plus max clic souris,Sony,1,188.65,188.65,188.65,0.0,Manette PS5 Custom 🔥 TMR / Palettes Rise 4 plus max / clic souris amovible,https://www.vinted.it/items/8107924938-manette-ps5-custom-tmr-palettes-rise-4-plus-max-clic-souris-amovible?referrer=catalog,sony__toks__manette-ps5,sentence-transformers:paraphrase-multilingual-MiniLM-L12-v2,0.24
54,volant logictech,Logitech,1,189.7,189.7,189.7,0.0,Volant logictech,https://www.vinted.it/items/8088707310-volant-logictech?referrer=catalog,logitech__toks__volant-logictech,sentence-transformers:paraphrase-multilingual-MiniLM-L12-v2,0.24
250,juegos,No brand,1,189.7,189.7,189.7,0.0,juegos,https://www.vinted.it/items/8116672376-juegos?referrer=catalog,no brand__toks__juegos,sentence-transformers:paraphrase-multilingual-MiniLM-L12-v2,0.24
313,playstation,No brand,1,189.7,189.7,189.7,0.0,PlayStation 4,https://www.vinted.it/items/8095999712-playstation-4?referrer=catalog,no brand__toks__playstation,sentence-transformers:paraphrase-multilingual-MiniLM-L12-v2,0.24
463,ps5 g29 nuovo anni garanzia ps4 pc giochi di guida,PlayStation,1,189.7,189.7,189.7,0.0,G29 nuovo 2 anni garanzia Ps5 Ps4 Pc +2 giochi di guida Ps5,https://www.vinted.it/items/8124096303-g29-nuovo-2-anni-garanzia-ps5-ps4-pc-2-giochi-di-guida-ps5?referrer=catalog,playstation__codes__g29,sentence-transformers:paraphrase-multilingual-MiniLM-L12-v2,0.24
604,ps4 1tb versao 00,Sony,1,189.7,189.7,189.7,0.0,Ps4 1tb versão 9.00,https://www.vinted.it/items/8089544483-ps4-1tb-versao-900?referrer=catalog,sony__codes__00,sentence-transformers:paraphrase-multilingual-MiniLM-L12-v2,0.24
664,vendo ps con tutti giochi anche due jostick,Sony,1,189.7,189.7,189.7,0.0,vendo PS 4 con tutti i giochi e anche i due jostick,https://www.vinted.it/items/8088647954-vendo-ps-4-con-tutti-i-giochi-e-anche-i-due-jostick?referrer=catalog,sony__toks__vendo-ps,sentence-transformers:paraphrase-multilingual-MiniLM-L12-v2,0.24
472,comando the last of us edicao especial estatua abby,PlayStation,1,194.95,194.95,194.95,0.0,Comando The last of us Edição especial Estátua Abby,https://www.vinted.it/items/8119305473-comando-the-last-of-us-edicao-especial-estatua-abby?referrer=catalog,playstation__toks__comando-the,sentence-transformers:paraphrase-multilingual-MiniLM-L12-v2,0.24
517,playstation portal voor,PlayStation,1,199.15,199.15,199.15,0.0,Playstation Portal voor Playstation 5.,https://www.vinted.it/items/8100670544-playstation-portal-voor-playstation-5?referrer=catalog,playstation__toks__playstation-portal,sentence-transformers:paraphrase-multilingual-MiniLM-L12-v2,0.24
548,ps5 portal,PlayStation,1,200.2,200.2,200.2,0.0,Ps5 portal,https://www.vinted.it/items/8109702528-ps5-portal?referrer=catalog,playstation__toks__ps5-portal,sentence-transformers:paraphrase-multilingual-MiniLM-L12-v2,0.24
530,ps4 con dos mandos juegos,PlayStation,1,200.73,200.73,200.73,0.0,Ps4 con dos mandos i 5 juegos.,https://www.vinted.it/items/8100989425-ps4-con-dos-mandos-i-5-juegos?referrer=catalog,playstation__toks__ps4-con,sentence-transformers:paraphrase-multilingual-MiniLM-L12-v2,0.24
582,puma philippe starck ps paris band chamomille yellow dark neuve,Puma,1,210.69,210.69,210.69,0.0,Puma Philippe Starck ps paris band O chamomille yellow dark neuve,https://www.vinted.it/items/8110995054-puma-philippe-starck-ps-paris-band-o-chamomille-yellow-dark-neuve?referrer=catalog,puma__toks__puma-philippe,sentence-transformers:paraphrase-multilingual-MiniLM-L12-v2,0.24
101,armored core vi fires of rubicon collector edition ps5,No brand,1,210.7,210.7,210.7,0.0,Armored core VI fires of rubicon collector edition - PS5,https://www.vinted.it/items/8089442473-armored-core-vi-fires-of-rubicon-collector-edition-ps5?referrer=catalog,no brand__toks__armored-core,sentence-transformers:paraphrase-multilingual-MiniLM-L12-v2,0.24
113,batman arkham collection steelbook edition ps4,No brand,1,210.7,210.7,210.7,0.0,Batman: Arkham Collection (Steelbook Edition) - PS4,https://www.vinted.it/items/8120677088-batman-arkham-collection-steelbook-edition-ps4?referrer=catalog,no brand__toks__batman-arkham,sentence-transformers:paraphrase-multilingual-MiniLM-L12-v2,0.24
148,collector sonic frontiers ps4,No brand,1,210.7,210.7,210.7,0.0,Collector sonic frontiers ps4,https://www.vinted.it/items/8106504754-collector-sonic-frontiers-ps4?referrer=catalog,no brand__toks__collector-sonic,sentence-transformers:paraphrase-multilingual-MiniLM-L12-v2,0.24
161,darksiders fan box,No brand,1,210.7,210.7,210.7,0.0,Darksiders Fan Box,https://www.vinted.it/items/8088018241-darksiders-fan-box?referrer=catalog,no brand__toks__darksiders-fan,sentence-transformers:paraphrase-multilingual-MiniLM-L12-v2,0.24
190,farcry collecters editie,No brand,1,210.7,210.7,210.7,0.0,Farcry 6 collecters editie,https://www.vinted.it/items/8106107398-farcry-6-collecters-editie?referrer=catalog,no brand__toks__farcry-collecters,sentence-transformers:paraphrase-multilingual-MiniLM-L12-v2,0.24
194,final fantasy xii zodiaque age edition collector,No brand,1,210.7,210.7,210.7,0.0,Final fantasy XII zodiaque age edition collector,https://www.vinted.it/items/8110004442-final-fantasy-xii-zodiaque-age-edition-collector?referrer=catalog,no brand__toks__final-fantasy,sentence-transformers:paraphrase-multilingual-MiniLM-L12-v2,0.24
309,persona royal ps4 edition collector joker,No brand,1,210.7,210.7,210.7,0.0,Persona 5 Royal PS4 édition collector Joker,https://www.vinted.it/items/8095580403-persona-5-royal-ps4-edition-collector-joker?referrer=catalog,no brand__toks__persona-royal,sentence-transformers:paraphrase-multilingual-MiniLM-L12-v2,0.24
674,volant thrusmaster t248 pc ps5 ps4,Thrustmaster,1,221.2,221.2,221.2,0.0,Volant Thrusmaster t248 (pc/ps5/ps4),https://www.vinted.it/items/8118716610-volant-thrusmaster-t248-pcps5ps4?referrer=catalog,thrustmaster__codes__t248,sentence-transformers:paraphrase-multilingual-MiniLM-L12-v2,0.24
11,claudie pierlot grey wool coat goodys bis size 34 xs,Claudie Pierlot,1,227.5,227.5,227.5,0.0,Claudie Pierlot Grey Wool Coat - Goodys Bis - Size 34 (XS),https://www.vinted.it/items/8094566247-claudie-pierlot-grey-wool-coat-goodys-bis-size-34-xs?referrer=catalog,claudie pierlot__codes__34,sentence-transformers:paraphrase-multilingual-MiniLM-L12-v2,0.24
55,volante gaming,Logitech,1,231.7,231.7,231.7,0.0,Volante gaming,https://www.vinted.it/items/8116522070-volante-gaming?referrer=catalog,logitech__toks__volante-gaming,sentence-transformers:paraphrase-multilingual-MiniLM-L12-v2,0.24
51,logitech g923 cambio driving force shifter ps5 ps4 pc pari,Logitech,1,242.2,242.2,242.2,0.0,Logitech G923 + Cambio Driving Force Shifter (PS5/PS4/PC) - Pari al nuovo,https://www.vinted.it/items/8100724098-logitech-g923-cambio-driving-force-shifter-ps5ps4pc-pari-al-nuovo?referrer=catalog,logitech__codes__g923,sentence-transformers:paraphrase-multilingual-MiniLM-L12-v2,0.24
221,horizon forbidden west collector edition ps5 ps4,No brand,1,242.2,242.2,242.2,0.0,horizon forbidden west collector's edition ps5 ps4,https://www.vinted.it/items/8120309417-horizon-forbidden-west-collectors-edition-ps5-ps4?referrer=catalog,no brand__toks__horizon-forbidden,sentence-transformers:paraphrase-multilingual-MiniLM-L12-v2,0.24
261,life is strange coleccionista,No brand,1,242.2,242.2,242.2,0.0,Life is strange 2 coleccionista,https://www.vinted.it/items/8118085716-life-is-strange-2-coleccionista?referrer=catalog,no brand__toks__life-is,sentence-transformers:paraphrase-multilingual-MiniLM-L12-v2,0.24
449,je vends la play 235,Play,1,247.45,247.45,247.45,0.0,Je vends la Play 235 €,https://www.vinted.it/items/8117782922-je-vends-la-play-235-eu?referrer=catalog,play__codes__235,sentence-transformers:paraphrase-multilingual-MiniLM-L12-v2,0.24
428,vinyle ost earthbound snes,No brand,1,252.7,252.7,252.7,0.0,Vinyle OST - Earthbound SNES,https://www.vinted.it/items/8115442792-vinyle-ost-earthbound-snes?referrer=catalog,no brand__toks__vinyle-ost,sentence-transformers:paraphrase-multilingual-MiniLM-L12-v2,0.24
402,the last guardian collectors edition edicao colecionador ps4 new english,No brand,1,257.94,257.94,257.94,0.0,The Last Guardian Collectors Edition Edição Colecionador PS4 NEW English Portugues,https://www.vinted.it/items/8096401871-the-last-guardian-collectors-edition-edicao-colecionador-ps4-new-english-portugues?referrer=catalog,no brand__toks__the-last,sentence-transformers:paraphrase-multilingual-MiniLM-L12-v2,0.24
629,manette ps5 neuve lebron james,Sony,1,262.15,262.15,262.15,0.0,Manette Ps5 neuve Lebron James,https://www.vinted.it/items/8108442952-manette-ps5-neuve-lebron-james?referrer=catalog,sony__toks__manette-ps5,sentence-transformers:paraphrase-multilingual-MiniLM-L12-v2,0.24
53,logitech,Logitech,1,263.2,263.2,263.2,0.0,Logitech,https://www.vinted.it/items/8099807300-logitech?referrer=catalog,logitech__toks__logitech,sentence-transformers:paraphrase-multilingual-MiniLM-L12-v2,0.24
332,ps4 negra,No brand,1,263.2,263.2,263.2,0.0,Ps4 negra,https://www.vinted.it/items/8088281922-ps4-negra?referrer=catalog,no brand__toks__ps4-negra,sentence-transformers:paraphrase-multilingual-MiniLM-L12-v2,0.24
446,pandora laptop 3d 36800wifi arcade gaming,Pandora,1,263.2,263.2,263.2,0.0,Pandora laptop 3d 36800wifi arcade gaming,https://www.vinted.it/items/8108691937-pandora-laptop-3d-36800wifi-arcade-gaming?referrer=catalog,pandora__toks__pandora-laptop,sentence-transformers:paraphrase-multilingual-MiniLM-L12-v2,0.24
528,ps4 blanche,PlayStation,1,263.2,263.2,263.2,0.0,PS4 blanche,https://www.vinted.it/items/8085973947-ps4-blanche?referrer=catalog,playstation__toks__ps4-blanche,sentence-transformers:paraphrase-multilingual-MiniLM-L12-v2,0.24
601,volante di guida con pedali,Si,1,263.2,263.2,263.2,0.0,Volante di guida con pedali,https://www.vinted.it/items/8118313948-volante-di-guida-con-pedali?referrer=catalog,si__toks__volante-di,sentence-transformers:paraphrase-multilingual-MiniLM-L12-v2,0.24
640,playstation con mandos,Sony,1,263.2,263.2,263.2,0.0,Playstation 4 y Playstation 2 con 3 mandos,https://www.vinted.it/items/8109364368-playstation-4-y-playstation-2-con-3-mandos-dos-juegos-y-cascos?referrer=catalog,sony__toks__playstation-playstation,sentence-transformers:paraphrase-multilingual-MiniLM-L12-v2,0.24
596,samsung galaxy a36 a366 5g 256gb 8gb ram dual sim,Samsung,1,273.6,273.6,273.6,0.0,Samsung Galaxy A36 A366 5G 256GB 8GB RAM Dual Sim Nero 5000Mah 6,https://www.vinted.it/items/8116916488-samsung-galaxy-a36-a366-5g-256gb-8gb-ram-dual-sim-nero-5000mah-67-amoled-fhd?referrer=catalog,samsung__codes__a36-a366,sentence-transformers:paraphrase-multilingual-MiniLM-L12-v2,0.24
16,thrustmaster t300 ferrari,Ferrari,1,273.7,273.7,273.7,0.0,Thrustmaster T300 Ferrari,https://www.vinted.it/items/8123154063-thrustmaster-t300-ferrari?referrer=catalog,ferrari__codes__t300,sentence-transformers:paraphrase-multilingual-MiniLM-L12-v2,0.24
691,volanti da gaming,Thrustmaster,1,294.7,294.7,294.7,0.0,Volanti da gaming,https://www.vinted.it/items/8106188937-volanti-da-gaming?referrer=catalog,thrustmaster__toks__volanti-da,sentence-transformers:paraphrase-multilingual-MiniLM-L12-v2,0.24
47,logitech g29 ps4 ps5 pc soporte pedales palanca simracing,Logitech G,1,315.7,315.7,315.7,0.0,Logitech G29 PS4 PS5 PC + Soporte + Pedales + Palanca | Simracing,https://www.vinted.it/items/8111998231-logitech-g29-ps4-ps5-pc-soporte-pedales-palanca-simracing?referrer=catalog,logitech g__codes__g29,sentence-transformers:paraphrase-multilingual-MiniLM-L12-v2,0.24
182,dragonball fighterz collector edition ps4 pal ita,No brand,1,315.7,315.7,315.7,0.0,Dragonball FighterZ Collector’s Edition ps4 pal ita,https://www.vinted.it/items/8101074103-dragonball-fighterz-collectors-edition-ps4-pal-ita?referrer=catalog,no brand__toks__dragonball-fighterz,sentence-transformers:paraphrase-multilingual-MiniLM-L12-v2,0.24
506,playstation con controller,PlayStation,1,315.7,315.7,315.7,0.0,PlayStation 4 con controller,https://www.vinted.it/items/8117902899-playstation-4-con-controller?referrer=catalog,playstation__toks__playstation-con,sentence-transformers:paraphrase-multilingual-MiniLM-L12-v2,0.24
535,ps4 juegos microfonos mando,PlayStation,1,315.7,315.7,315.7,0.0,PS4 4 juegos 2 microfonos 1 mando,https://www.vinted.it/items/8096601514-ps4-4-juegos-2-microfonos-1-mando?referrer=catalog,playstation__toks__ps4-juegos,sentence-transformers:paraphrase-multilingual-MiniLM-L12-v2,0.24
516,playstation negra tb precintada,PlayStation,1,336.7,336.7,336.7,0.0,Playstation 4 Negra 1 tb Precintada,https://www.vinted.it/items/8120495567-playstation-4-negra-1-tb-precintada?referrer=catalog,playstation__toks__playstation-negra,sentence-transformers:paraphrase-multilingual-MiniLM-L12-v2,0.24
607,ps4 pro 1tb 18 juegos soporte horizontal refrigerado carga,Sony,1,336.7,336.7,336.7,0.0,PS4 Pro 1TB + 18 Juegos + Soporte Horizontal Refrigerado y Carga,https://www.vinted.it/items/8100812604-ps4-pro-1tb-18-juegos-soporte-horizontal-refrigerado-y-carga?referrer=catalog,sony__codes__18,sentence-transformers:paraphrase-multilingual-MiniLM-L12-v2,0.24
181,dot hack quarantine the final chapter part sony playstation ps2,No brand,1,368.2,368.2,368.2,0.0,Dot Hack Quarantine The Final Chapter Part 4 Sony Playstation 2 PS2 Sealed PAL,https://www.vinted.it/items/8104127395-dot-hack-quarantine-the-final-chapter-part-4-sony-playstation-2-ps2-sealed-pal?referrer=catalog,no brand__toks__dot-hack,sentence-transformers:paraphrase-multilingual-MiniLM-L12-v2,0.24
287,metal gear solid snake eater,No brand,1,368.2,368.2,368.2,0.0,Metal Gear Solid 3 Snake Eater,https://www.vinted.it/items/8122679925-metal-gear-solid-3-snake-eater-the-extreme-box-precintado?referrer=catalog,no brand__toks__metal-gear,sentence-transformers:paraphrase-multilingual-MiniLM-L12-v2,0.24
391,syberia collector edition ps4 neuf,No brand,1,368.2,368.2,368.2,0.0,Syberia 3 Collector Edition Ps4 neuf,https://www.vinted.it/items/8109737796-syberia-3-collector-edition-ps4-neuf?referrer=catalog,no brand__toks__syberia-collector,sentence-transformers:paraphrase-multilingual-MiniLM-L12-v2,0.24
456,ps4 mandos originales 12 juegos,PlayStation,1,378.7,378.7,378.7,0.0,ps4 +4 mandos originales+ 12 juegos,https://www.vinted.it/items/8100313893-ps4-4-mandos-originales-12-juegos?referrer=catalog,playstation__codes__12,sentence-transformers:paraphrase-multilingual-MiniLM-L12-v2,0.24
543,ps4 pro edicion limitada death stranding,PlayStation,1,399.7,399.7,399.7,0.0,PS4 Pro Edición Limitada Death Stranding,https://www.vinted.it/items/8116104856-ps4-pro-edicion-limitada-death-stranding?referrer=catalog,playstation__toks__ps4-pro,sentence-transformers:paraphrase-multilingual-MiniLM-L12-v2,0.24
552,sony playstation pro 2tb konsole mit disc laufwerk,PlayStation,1,399.7,399.7,399.7,0.0,Sony PlayStation 5 Pro 2TB Konsole mit Disc-Laufwerk,https://www.vinted.it/items/8116951734-sony-playstation-5-pro-2tb-konsole-mit-disc-laufwerk-spielen-zubehor-brandneu?referrer=catalog,playstation__toks__sony-playstation,sentence-transformers:paraphrase-multilingual-MiniLM-L12-v2,0.24
608,playstation disc edition 1tb set completo 390 leggermente trattabile,Sony,1,410.2,410.2,410.2,0.0,Playstation 5 Disc Edition 1TB-Set Completo-390 leggermente trattabile,https://www.vinted.it/items/8109364537-playstation-5-disc-edition-1tb-set-completo-390-leggermente-trattabile?referrer=catalog,sony__codes__390,sentence-transformers:paraphrase-multilingual-MiniLM-L12-v2,0.24
546,ps5 avec jeux et la telecommande playstation,PlayStation,1,431.2,431.2,431.2,0.0,Ps5 avec 4 jeux et la télécommande PlayStation,https://www.vinted.it/items/8116040974-ps5-avec-4-jeux-et-la-telecommande-playstation?referrer=catalog,playstation__toks__ps5-avec,sentence-transformers:paraphrase-multilingual-MiniLM-L12-v2,0.24
554,vendesi sony playstation,PlayStation,1,452.2,452.2,452.2,0.0,Vendesi Sony Playstation 5,https://www.vinted.it/items/8088730372-vendesi-sony-playstation-5?referrer=catalog,playstation__toks__vendesi-sony,sentence-transformers:paraphrase-multilingual-MiniLM-L12-v2,0.24
93,fifa 94 26,No brand,1,510.0,510.0,510.0,0.0,Fifa 94-26,https://www.vinted.it/items/8095947776-fifa-94-26?referrer=catalog,no brand__codes__94-26,sentence-transformers:paraphrase-multilingual-MiniLM-L12-v2,0.24
496,nannna,PlayStation,1,510.0,510.0,510.0,0.0,Nannna,https://www.vinted.it/items/8111334992-nannna?referrer=catalog,playstation__toks__nannna,sentence-transformers:paraphrase-multilingual-MiniLM-L12-v2,0.24
676,trustmaster t300 playseat ps4 spellen,Thrustmaster,1,510.0,510.0,510.0,0.0,Trustmaster T300 + PlaySeat + PS4 + spellen,https://www.vinted.it/items/8118419883-trustmaster-t300-playseat-ps4-spellen?referrer=catalog,thrustmaster__codes__t300,sentence-transformers:paraphrase-multilingual-MiniLM-L12-v2,0.24
9,resident evil chainsaw controller playstation ps2 capcom 2005 limited edition,Capcom,1,610.98,610.98,610.98,0.0,Resident Evil 4 Chainsaw Controller Playstation 2 PS2 Capcom 2005 Limited Edition,https://www.vinted.it/items/8117837112-resident-evil-4-chainsaw-controller-playstation-2-ps2-capcom-2005-limited-edition?referrer=catalog,capcom__codes__2005,sentence-transformers:paraphrase-multilingual-MiniLM-L12-v2,0.24
46,ssd lexar nm790 8to,Lexar,1,693.6,693.6,693.6,0.0,SSD Lexar NM790 8to,https://www.vinted.it/items/8118244161-ssd-lexar-nm790-8to?referrer=catalog,lexar__codes__nm790,sentence-transformers:paraphrase-multilingual-MiniLM-L12-v2,0.24
41,heartstome keepsake box,Keepsake,1,714.0,714.0,714.0,0.0,Heartstome Keepsake box,https://www.vinted.it/items/8093373546-heartstome-keepsake-box?referrer=catalog,keepsake__toks__heartstome-keepsake,sentence-transformers:paraphrase-multilingual-MiniLM-L12-v2,0.24
14,clubsport dd fanatec base de sim racing,Fanatec,1,765.0,765.0,765.0,0.0,Clubsport DD+ / Fanatec / Base de Sim Racing,https://www.vinted.it/items/8088807148-clubsport-dd-fanatec-base-de-sim-racing?referrer=catalog,fanatec__toks__clubsport-dd,sentence-transformers:paraphrase-multilingual-MiniLM-L12-v2,0.24
636,playstation con disco controller giochi,Sony,1,765.0,765.0,765.0,0.0,Playstation 5 con disco + 3 controller + giochi,https://www.vinted.it/items/8114851465-playstation-5-con-disco-3-controller-giochi?referrer=catalog,sony__toks__playstation-con,sentence-transformers:paraphrase-multilingual-MiniLM-L12-v2,0.24
508,playstation darth vader edition 1tb,PlayStation,1,969.0,969.0,969.0,0.0,PlayStation 4 Darth Vader Edition 1tb,https://www.vinted.it/items/8104428674-playstation-4-darth-vader-edition-1tb?referrer=catalog,playstation__toks__playstation-darth,sentence-transformers:paraphrase-multilingual-MiniLM-L12-v2,0.24
