Title,Price,Brand,Size,Link,Likes,Dataid,MarketStatus,SearchDate,Images,SearchCount,Page,Upload_date
Body manches courtes,3.85,No brand,S / IT 40 / EU 36,https://www.vinted.it/items/6880616274-body-manches-courtes?referrer=catalog,0,6880616274,On Sale,,https://images1.vinted.net/t/03_00986_49g8M3ti7re3KUE3Pc5Mb9bM/310x430/1755366644.webp?s=a6b6e019fee01460e4fb30f2a47e1e7305aef40d,1,1,
T-shirt manches gris chiné Levi’s,3.85,Levi Strauss & Co.,XS / IT 38 / EU 34,https://www.vinted.it/items/6880616108-t-shirt-manches-gris-chine-levis?referrer=catalog,0,6880616108,On Sale,,https://images1.vinted.net/t/03_01291_4iuSBHpvC4sGEim8A4DYbdmz/310x430/1755366642.webp?s=e97e91b20db9ad8c7d41f0c41bf83ff718d84e22,1,1,
Body orange Primark S,5.95,Primark,S / IT 40 / EU 36,https://www.vinted.it/items/6880616048-body-orange-primark-s?referrer=catalog,0,6880616048,On Sale,,https://images1.vinted.net/t/02_01b96_2PKvcsf5toTHnGq7ZgRbAbyr/310x430/1755366641.webp?s=821b5d9b140d22ce6b349e6f7d7be4e9cb1b3fd0,1,1,
Tshirt noir,3.85,H&M,XS / IT 38 / EU 34,https://www.vinted.it/items/6880616008-tshirt-noir?referrer=catalog,0,6880616008,On Sale,,https://images1.vinted.net/t/04_00d6b_RJ1koSJBgWk4GoD2iPfitYuK/310x430/1755366641.webp?s=312cec499f1d715ae765c01d7bcd8b3a30a3de48,1,1,
Blouse taille 46,15.4,Grain de Malice,XXXL / IT 50 / EU 46,https://www.vinted.it/items/6880616128-blouse-taille-46?referrer=catalog,0,6880616128,On Sale,,https://images1.vinted.net/t/03_0132b_oT2QtiTpHzujx3EmLF3P76jp/310x430/1755366642.webp?s=760fee99af3787a32349beba4108d0143333142d,1,1,
Schwarz-Weiß Kariertes Baby Doll Top mit Schleifen-Detail und Rüschen,3.85,LC Waikiki,L / IT 44 / EU 40,https://www.vinted.it/items/6880616112-schwarz-weiss-kariertes-baby-doll-top-mit-schleifen-detail-und-ruschen?referrer=catalog,0,6880616112,On Sale,,https://images1.vinted.net/t/03_015bb_ZzGCnQzvtszjGgdkY1zZjPdF/310x430/1755366642.webp?s=8f0d4c0aca42f23cf471e228b30111b1de1f710d,1,1,
Gilet fin,5.95,Petit Bateau,L / IT 44 / EU 40,https://www.vinted.it/items/6880615806-gilet-fin?referrer=catalog,0,6880615806,On Sale,,https://images1.vinted.net/t/01_016c9_jYdePQqbfR2QxuyCLEQtSuhT/310x430/1755366639.webp?s=98c077bbb8dd035bfcb711bb431efda29ea814a1,1,1,
Body Blusa Castanho Zara - Elegante e Novo,8.05,Zara,S / IT 40 / EU 36,https://www.vinted.it/items/6880615551-body-blusa-castanho-zara-elegante-e-novo?referrer=catalog,0,6880615551,On Sale,,https://images1.vinted.net/t/01_00f1d_fG987X6tnSmS4VKCgjrT8K8Q/310x430/1755366636.webp?s=548d6bd12d4c2cc38098ff89ab221d969c120acd,1,1,
Haut en maille,4.9,Zara,L / IT 44 / EU 40,https://www.vinted.it/items/6880615645-haut-en-maille?referrer=catalog,0,6880615645,On Sale,,https://images1.vinted.net/t/04_01422_mTxangHrp7abEnCvYx4bBp4H/310x430/1755366637.webp?s=016a00994ab221747ddda835b33e44ed797ce8a8,1,1,
Open shoulders blouse 38/M h&m,4.38,H&M,S / IT 40 / EU 36,https://www.vinted.it/items/6880615726-open-shoulders-blouse-38m-hm?referrer=catalog,0,6880615726,On Sale,,https://images1.vinted.net/t/03_01d49_4d9AG6sLcCmB38wCroUYVbEV/310x430/1755366638.webp?s=6acbfa8630113cf52bc43ed428decaff94adcacc,1,1,
Haut très orné et légèrement extensible leur penser en viscose,7.95,xinpanrong,S / IT 40 / EU 36,https://www.vinted.it/items/6880616056-haut-tres-orne-et-legerement-extensible-leur-penser-en-viscose?referrer=catalog,0,6880616056,On Sale,,https://images1.vinted.net/t/04_01d61_r38oeUi3AgU1QEm8cNGZMnfj/310x430/1755366641.webp?s=2dcb350dcf269025914481586d1aa0d52e1cd936,1,1,
t-shirt manche courte Zadig&Voltaire avec motif coeur xs skinny heart constellatio,26.95,Zadig & Voltaire,XS / IT 38 / EU 34,https://www.vinted.it/items/6880615380-t-shirt-manche-courte-zadigvoltaire-avec-motif-coeur-xs-skinny-heart-constellatio?referrer=catalog,0,6880615380,On Sale,,https://images1.vinted.net/t/01_009ec_DR4rVuWPYPjZVq9zhoZRxgPH/310x430/1755366634.webp?s=e48bc709acf6d29efaa545cc469100bc8ab37437,1,1,
Vintage Top,11.2,Frime,S / IT 40 / EU 36,https://www.vinted.it/items/6880615883-vintage-top?referrer=catalog,0,6880615883,On Sale,,https://images1.vinted.net/t/01_00d0b_cG7i17hizPoqBNTpnkqKU6Cx/310x430/1755366639.webp?s=45025d5b6132af6654b7baf57a2f6e9300537c64,1,1,
Crop top rose pull&bear taille Xs,11.2,Pull & Bear,XS / IT 38 / EU 34,https://www.vinted.it/items/6880615937-crop-top-rose-pullbear-taille-xs?referrer=catalog,0,6880615937,On Sale,,https://images1.vinted.net/t/02_0083a_EAYmGAWedn6mwpXfaJmqhzYU/310x430/1755366640.webp?s=1632a0c374b9418ccb2370308d9fef033878fd00,1,1,
Hippe bloes met pailletten,8.05,H&M,S / IT 40 / EU 36,https://www.vinted.it/items/6880615581-hippe-bloes-met-pailletten?referrer=catalog,0,6880615581,On Sale,,https://images1.vinted.net/t/01_01cda_Mehtqo94SVBD5wvFajaarB9X/310x430/1755366636.webp?s=bd80242d3a1d7476cd8140e01366287ff1ecc81c,1,1,
Tops zara,2.07,Zara,S / IT 40 / EU 36,https://www.vinted.it/items/6880615389-tops-zara?referrer=catalog,0,6880615389,On Sale,,https://images1.vinted.net/t/03_02579_sedm1iyxwGFw9wnxJvFz6ydp/310x430/1755366634.webp?s=8b3b3a0fc19e14044ff362ded9d590f99c6cea5c,1,1,
T-Shirt,5.95,ohne Etikett,L / IT 44 / EU 40,https://www.vinted.it/items/6880615279-t-shirt?referrer=catalog,0,6880615279,On Sale,,https://images1.vinted.net/t/04_00880_aPv9oUz3QEFzsN6FK1VvUupv/310x430/1755366633.webp?s=1dec4bab00430b1632f47a1217f61675f65ff5e7,1,1,
Crop top beige,3.85,Stradivarius,S / IT 40 / EU 36,https://www.vinted.it/items/6880615349-crop-top-beige?referrer=catalog,0,6880615349,On Sale,,https://images1.vinted.net/t/01_00de9_es4hzezUygpUTgFgZPZnjA8E/310x430/1755366634.webp?s=d3b793024cae86689de483cdcfc604f5e88ffb04,1,1,
Set t-shirt e pantaloncini,8.05,Bershka,S / IT 40 / EU 36,https://www.vinted.it/items/6880373644-set-t-shirt-e-pantaloncini?referrer=catalog,0,6880373644,On Sale,,https://images1.vinted.net/t/01_0105e_dbfQ6mdfXBUg1GoexYahVLe6/310x430/1755364126.webp?s=ac49bb309b06b6bd58299ba2c53fe3cf01e81a97,1,1,
Top Zara,2.28,Zara,S / IT 40 / EU 36,https://www.vinted.it/items/6880615150-top-zara?referrer=catalog,0,6880615150,On Sale,,https://images1.vinted.net/t/04_010d8_UatwyK2hgoqfrFYVNayTRpuN/310x430/1755366632.webp?s=220e5d1ad764fc2c4baf16ed43d2c3c60c4f4c60,1,1,
Indies,58.45,Indies,XXXL / IT 50 / EU 46,https://www.vinted.it/items/6880615466-indies-magnifique-chemisier-chic-et-boheme-taille-46?referrer=catalog,0,6880615466,On Sale,,https://images1.vinted.net/t/04_00cd5_LXEteXCVTTiHi4ZziNFshf4T/310x430/1755366635.webp?s=11eca1004d7e78f7ba26f0ea7360b2eb97f02b28,1,1,
T- Shirt,2.8,Sonstiges,XS / IT 38 / EU 34,https://www.vinted.it/items/6880615417-t-shirt?referrer=catalog,0,6880615417,On Sale,,https://images1.vinted.net/t/04_01a4b_32SSyBmvVsacGMdABZRiEG44/310x430/1755366634.webp?s=4f36f898f997f0783921b12668469f9180a431c2,1,1,
Gestreiftes Shirt,2.8,Tom Tailor,M / IT 42 / EU 38,https://www.vinted.it/items/6880615373-gestreiftes-shirt?referrer=catalog,0,6880615373,On Sale,,https://images1.vinted.net/t/01_00682_yNf9ZautePosDfSuX7KFuANv/310x430/1755366634.webp?s=4f3efd51a44336b41ac0b56075bc3b9a99adae4c,1,1,
Blouse Caroll colorée taille M,11.1,Caroll,M / IT 42 / EU 38,https://www.vinted.it/items/6880614942-blouse-caroll-coloree-taille-m?referrer=catalog,0,6880614942,On Sale,,https://images1.vinted.net/t/04_02128_akzQTyiTRPtFuPddPjGokZiC/310x430/1755366629.webp?s=1f7caddd662fc77e11ee656518282af08aa0800a,1,1,
White hook and eye top xs,13.3,No brand,XS / IT 38 / EU 34,https://www.vinted.it/items/6880614787-white-hook-and-eye-top-xs?referrer=catalog,0,6880614787,On Sale,,https://images1.vinted.net/t/02_02126_B9ro49HGoEc6tXXVC6baLoLE/310x430/1755366627.webp?s=c72dcc89ad881ee32ac6cdb8a739d35364ba2ef7,1,1,
Vintage T-Shirt,3.85,Zara,S / IT 40 / EU 36,https://www.vinted.it/items/6880614836-vintage-t-shirt?referrer=catalog,0,6880614836,On Sale,,https://images1.vinted.net/t/02_020f9_D2KLj23pxVwvQppEXG6yJpBH/310x430/1755366628.webp?s=7fc64a0f46874555ebce35d56fa9c3cec6b0bee3,1,1,
Hemd/Bluse,5.95,H&M,L / IT 44 / EU 40,https://www.vinted.it/items/6880614619-hemdbluse?referrer=catalog,0,6880614619,On Sale,,https://images1.vinted.net/t/04_00250_puEdhYt2zA4zgvWmzqe7hetC/310x430/1755366626.webp?s=b5ec7b52834b504441a71285319aaf1976d12974,1,1,
Chemise rayée colorée,2.8,R,L / IT 44 / EU 40,https://www.vinted.it/items/6880614626-chemise-rayee-coloree?referrer=catalog,0,6880614626,On Sale,,https://images1.vinted.net/t/01_00151_AJUTP5bmkzZ7ZbYqARvWWQDg/310x430/1755366626.webp?s=0ccd3df6ca9501926919b010fdc44dc810be8f41,1,1,
Neckholder Tops,16.45,Mango,S / IT 40 / EU 36,https://www.vinted.it/items/6880614661-neckholder-tops?referrer=catalog,0,6880614661,On Sale,,https://images1.vinted.net/t/04_01f8d_gXWWjnPi2kHPHNrDHT4py4zr/310x430/1755366626.webp?s=a813943fd8fadd3c949c8212f7fc8b234628b9a5,1,1,
Pull femme,3.85,Atelier Lekki,S / IT 40 / EU 36,https://www.vinted.it/items/6880614735-pull-femme?referrer=catalog,0,6880614735,On Sale,,https://images1.vinted.net/t/02_00345_AS6V42d2QMe6sqNKgktMHg5F/310x430/1755366627.webp?s=b2e81a49ba2da369e26eed9dcae7e4aee0961f28,1,1,
Top scollato viola,3.33,Pull & Bear,S / IT 40 / EU 36,https://www.vinted.it/items/6880614561-top-scollato-viola?referrer=catalog,0,6880614561,On Sale,,https://images1.vinted.net/t/03_02200_93XKBfBywiKXMHw1hHcMJDBR/310x430/1755366625.webp?s=8e98b007319ec2aa074488001800f4a1b26e3193,1,1,
Polo donna manica lunga | TG M | Mara Carol | curvy,10.15,Mara Carol,M / IT 42 / EU 38,https://www.vinted.it/items/6880614552-polo-donna-manica-lunga-tg-m-mara-carol-curvy?referrer=catalog,0,6880614552,On Sale,,https://images1.vinted.net/t/01_00beb_fxkAtwnQQueCdkUAopuuwzsF/310x430/1755366625.webp?s=2e1a30e1d092e136382cda97721d89b854c81f7f,1,1,
body marron matière skims,4.9,Organic Basics,XS / IT 38 / EU 34,https://www.vinted.it/items/6880614172-body-marron-matiere-skims?referrer=catalog,0,6880614172,On Sale,,https://images1.vinted.net/t/02_00491_UGe9MP4CtSxguLGmD7NGGb4G/310x430/1755366621.webp?s=b3ae2089c7c7c718034f87c36794294272d6a7c8,1,1,
Costes blousje,11.2,Costes,M / IT 42 / EU 38,https://www.vinted.it/items/6880614215-costes-blousje?referrer=catalog,0,6880614215,On Sale,,https://images1.vinted.net/t/04_02461_8dzViMpn3P2YDuviiRgiPR4b/310x430/1755366621.webp?s=cad0636fb3ffe5c51a8222c7146680c041881980,1,1,
Naketano Gr L,9.1,Naketano,L / IT 44 / EU 40,https://www.vinted.it/items/6880614461-naketano-gr-l-langarmshirt?referrer=catalog,0,6880614461,On Sale,,https://images1.vinted.net/t/01_0227f_fjqVidRHubMSpX9Qk6JVHFc7/310x430/1755366624.webp?s=3d25525521af24293b27aaa0f8469ae3046d71a2,1,1,
Magnifique chemise fluide fleurie,11.2,Jus d'Orange,M / IT 42 / EU 38,https://www.vinted.it/items/6880614268-magnifique-chemise-fluide-fleurie?referrer=catalog,1,6880614268,On Sale,,https://images1.vinted.net/t/03_00692_Dw9PjMw7AcDGVh5GWY6SNHMt/310x430/1755366622.webp?s=e02564a891fbc1674ed714eda7da0d54de260f0e,1,1,
Top curto,5.43,New Yorker,XS / IT 38 / EU 34,https://www.vinted.it/items/6880614484-top-curto?referrer=catalog,0,6880614484,On Sale,,https://images1.vinted.net/t/04_0093c_ynW2XyHRLcvGpAgXd55Eujpf/310x430/1755366624.webp?s=ed847d1b9e6f0deb3842158a6e992a11c981e87e,1,1,
Blusa verde con bordados Zara,7.0,Zara,M / IT 42 / EU 38,https://www.vinted.it/items/6880614365-blusa-verde-con-bordados-zara?referrer=catalog,1,6880614365,On Sale,,https://images1.vinted.net/t/04_02508_qCas8ckfahJRY8BEveYw664V/310x430/1755366623.webp?s=0e380f8b8a4d478da16e31b47ccc61007d149883,1,1,
T-shirt blanc large,12.25,Shein,L / IT 44 / EU 40,https://www.vinted.it/items/6880614405-t-shirt-blanc-large?referrer=catalog,0,6880614405,On Sale,,https://images1.vinted.net/t/04_00684_trYaRobqzUzca6n2AqX3UcG6/310x430/1755366623.webp?s=9b01ce331cbaee54cfd5384769206e73569a45a7,1,1,
Tunique saumon,7.0,Camaïeu,L / IT 44 / EU 40,https://www.vinted.it/items/6880614164-tunique-saumon?referrer=catalog,0,6880614164,On Sale,,https://images1.vinted.net/t/03_00512_i8NLNVfEdbed6dcm63UpSHer/310x430/1755366621.webp?s=830ef78c8f602b957b4a3ec3c267a678bfd58638,1,1,
Blouse ba&sh,79.45,Ba&sh,L / IT 44 / EU 40,https://www.vinted.it/items/6880614096-blouse-bash?referrer=catalog,0,6880614096,On Sale,,https://images1.vinted.net/t/02_01d4a_bNJmb8yJiinTohooocKKKVuJ/310x430/1755366620.webp?s=b55ecbbdd95692ed9812d06688a42472c31e12d1,1,1,
Débardeur Edc by esprit - Taille 36,2.28,EDC by Esprit,S / IT 40 / EU 36,https://www.vinted.it/items/6880614116-debardeur-edc-by-esprit-taille-36?referrer=catalog,0,6880614116,On Sale,,https://images1.vinted.net/t/02_0071d_eHP7iVzwartm15iyuCTrisAb/310x430/1755366620.webp?s=26e6fa063da869a494c595bd206e4c965e85ebf0,1,1,
Espectacular blusa de gasa terracota con foulard incorporado multiposocion de ZARA T.S,26.95,Zara,S / IT 40 / EU 36,https://www.vinted.it/items/6880613509-espectacular-blusa-de-gasa-terracota-con-foulard-incorporado-multiposocion-de-zara-ts?referrer=catalog,18,6880613509,On Sale,,https://images1.vinted.net/t/04_005cc_U7dBUfAoALfv9orBqCLpjpfh/310x430/1755366614.webp?s=855a6aaa0fc8db40c19d9839f3dfd7791d12b138,1,1,
Chemise sans manche Vintage love,3.85,Vintage Love,M / IT 42 / EU 38,https://www.vinted.it/items/6880614512-chemise-sans-manche-vintage-love?referrer=catalog,0,6880614512,On Sale,,https://images1.vinted.net/t/02_026ea_amMM3kNmSuUWweRzNHdxbCXJ/310x430/1755366624.webp?s=508300bdda6e1cdecf3cceee6b5ac246996c6249,1,1,
Ralph lauren shirtje,11.2,Ralph Lauren,S / IT 40 / EU 36,https://www.vinted.it/items/6880614489-ralph-lauren-shirtje?referrer=catalog,0,6880614489,On Sale,,https://images1.vinted.net/t/03_01578_RpJQDTd6ypUGZcvzjHnrZdYt/310x430/1755366624.webp?s=70909ceba8b600c5b85d55707ba0ba039c95e453,1,1,
Chaleco,4.38,Zara,S / IT 40 / EU 36,https://www.vinted.it/items/6880614078-chaleco?referrer=catalog,0,6880614078,On Sale,,https://images1.vinted.net/t/02_01201_AunGd7iPggZEboa5dHmR1RuC/310x430/1755366620.webp?s=8c04aa3998c9515c391080d13985ec4af4d90776,1,1,
Camiseta hombrera,1.75,Local,XL / IT 46 / EU 42,https://www.vinted.it/items/6880608805-camiseta-hombrera?referrer=catalog,0,6880608805,On Sale,,https://images1.vinted.net/t/02_023ba_7eNqRmbEwT1p8aEKPRtJzhNQ/310x430/1755366562.webp?s=48aedb8c479a4b6627f6993330e2cf83420497c8,1,1,
Top rayé,3.85,H&M,S / IT 40 / EU 36,https://www.vinted.it/items/6880613921-top-raye?referrer=catalog,0,6880613921,On Sale,,https://images1.vinted.net/t/02_013a4_oNHbHM2CHggTVzz7zVvuGyDQ/310x430/1755366618.webp?s=3ea232e2012c852f6b10e43461b3175de98fa9f5,1,1,
Blusa gialla,11.2,no brand,M / IT 42 / EU 38,https://www.vinted.it/items/6880613986-blusa-gialla?referrer=catalog,0,6880613986,On Sale,,https://images1.vinted.net/t/03_02613_TxJsyFhrEbkkFrsK2HdAtyed/310x430/1755366619.webp?s=ce1441169ae3e62ffc08ff00ef0b4ec0f5ec73ba,1,1,
Top mostaza,5.95,Lefties,L / IT 44 / EU 40,https://www.vinted.it/items/6880614020-top-mostaza?referrer=catalog,0,6880614020,On Sale,,https://images1.vinted.net/t/02_015ed_viSGzRUyHvjJE11VdwcwVSgc/310x430/1755366619.webp?s=c94357945d9f4ae57ffed7674a2aeaa1f7bd9b4a,1,1,
Pull fin sequins,13.3,daniel amaury,S / IT 40 / EU 36,https://www.vinted.it/items/6880613945-pull-fin-sequins?referrer=catalog,0,6880613945,On Sale,,https://images1.vinted.net/t/04_02044_RoywcioeEgfSZYTqpVBHKm1u/310x430/1755366618.webp?s=301f9c7c059b74150cd466a723c1236501f96389,1,1,
Top court Bleu Pimkie,2.8,Pimkie,M / IT 42 / EU 38,https://www.vinted.it/items/6880613866-top-court-bleu-pimkie?referrer=catalog,0,6880613866,On Sale,,https://images1.vinted.net/t/04_02581_bxaKZGdwpLAZ8brEMj2RUVMX/310x430/1755366617.webp?s=99c2575791c9c23cfa83996d90b701654aef4816,1,1,
Khaki top Luisa Cerano,12.25,Luisa Cerano,S / IT 40 / EU 36,https://www.vinted.it/items/6880613679-khaki-top-luisa-cerano?referrer=catalog,0,6880613679,On Sale,,https://images1.vinted.net/t/01_00fcd_KBj2XVEM2hgosevepF27aHz8/310x430/1755366615.webp?s=048e0b9e557758d372020f9e599e2e89f0e87293,1,1,
Haut Sandro,8.05,Sandro,M / IT 42 / EU 38,https://www.vinted.it/items/6880566828-haut-sandro?referrer=catalog,0,6880566828,On Sale,,https://images1.vinted.net/t/02_020c2_xEkFGLEkvSGZ5B9mubuQm5XV/310x430/1755366615.webp?s=dde5bd4b41a572c4c3b42e7873c9eff1ab445b03,1,1,
Bustier top rose Mango 🌸,23.8,Mango,L / IT 44 / EU 40,https://www.vinted.it/items/6880613804-bustier-top-rose-mango?referrer=catalog,0,6880613804,On Sale,,https://images1.vinted.net/t/02_00dc2_UmnykYCEjfAyeGkESbbmy3QZ/310x430/1755366617.webp?s=d6467ccb358d53fab398f5b4815c97062a5b722d,1,1,
Chemise,3.85,St Michael,XXXL / IT 50 / EU 46,https://www.vinted.it/items/6880613819-chemise?referrer=catalog,0,6880613819,On Sale,,https://images1.vinted.net/t/03_01e02_BKDpNUcPCNtbzTWKtsJAMJhn/310x430/1755366617.webp?s=416143f2e621599c966381b6f6ad9ecf94c30876,1,1,
Camisola com Gola Branca da Bershka,3.85,Bershka,XS / IT 38 / EU 34,https://www.vinted.it/items/6880613990-camisola-com-gola-branca-da-bershka?referrer=catalog,0,6880613990,On Sale,,https://images1.vinted.net/t/04_00448_JFLXXL5Y5DgeQfk4zbJVLJb9/310x430/1755366619.webp?s=0c2f5c64ed9ca93d45a4fa53af26900c0cf1e3e2,1,1,
Langärmeliges Tshirt,4.9,Zara,M / IT 42 / EU 38,https://www.vinted.it/items/6880613746-langarmeliges-tshirt?referrer=catalog,0,6880613746,On Sale,,https://images1.vinted.net/t/03_017e1_2LFBio2SdH76ZM8aAPAPswVy/310x430/1755366616.webp?s=5428277d6a03dd78575d57610acb097d0a8fd8cd,1,1,
Top court,5.95,Shein,S / IT 40 / EU 36,https://www.vinted.it/items/6880495535-top-court?referrer=catalog,0,6880495535,On Sale,,https://images1.vinted.net/t/03_00470_wwtPpurY12HoWzgyHXopJutr/310x430/1755365361.webp?s=d86c58c3f8d2f1cc00944364f55e437655f5acb5,1,1,
T-shirt rayé,7.0,Camaïeu,L / IT 44 / EU 40,https://www.vinted.it/items/6880613635-t-shirt-raye?referrer=catalog,0,6880613635,On Sale,,https://images1.vinted.net/t/01_0039f_tacBr33EDo5y4kJiyFpPSBRC/310x430/1755366615.webp?s=d52cd8d6cf25980ae075e2efd5e1087a104ad3e9,1,1,
Blouse femme,5.95,No brand,L / IT 44 / EU 40,https://www.vinted.it/items/6880614082-blouse-femme?referrer=catalog,0,6880614082,On Sale,,https://images1.vinted.net/t/04_01110_pN2U9ybhgadiymG3GrcrjLqH/310x430/1755366620.webp?s=e13581a8982a25293811a1b854e78d6494dd1086,1,1,
Camiseta mujer talla S (Mango),15.4,Mango,S / IT 40 / EU 36,https://www.vinted.it/items/6880612631-camiseta-mujer-talla-s-mango?referrer=catalog,12,6880612631,On Sale,,https://images1.vinted.net/t/01_00567_XoQRUDZJxXEv7zqFCgSYFyYs/310x430/1755366604.webp?s=b486ce0de17f72f5721e74ee5278773bc6cba9b4,1,1,
Petit haut / crop top,3.33,Shein,XL / IT 46 / EU 42,https://www.vinted.it/items/6880613459-petit-haut-crop-top?referrer=catalog,0,6880613459,On Sale,,https://images1.vinted.net/t/03_00d3b_zdNtcovLPHtbKCqcTFM5stRS/310x430/1755366613.webp?s=8c9ff48913d82faa7bf767da1558c911ffa85f47,1,1,
Camisole rétro en dentelle noire - S,30.1,Ombra,S / IT 40 / EU 36,https://www.vinted.it/items/6880613210-camisole-retro-en-dentelle-noire-s?referrer=catalog,0,6880613210,On Sale,,https://images1.vinted.net/t/03_00228_uaZsZva36EKGsGterFD2RFgP/310x430/1755366610.webp?s=aa7b61e9def88711ff881347a3e5443cbeef95e7,1,1,
Vintage Zara Satin Camisole mit feiner Spitze,11.2,Zara,S / IT 40 / EU 36,https://www.vinted.it/items/6880613580-vintage-zara-satin-camisole-mit-feiner-spitze?referrer=catalog,0,6880613580,On Sale,,https://images1.vinted.net/t/04_01a20_TmgnhAN4Tsuhpu4MXqf9464J/310x430/1755366614.webp?s=692c450b46bd957c5f27fc12d4ab11792d55778b,1,1,
Lot de 4 haut et un legging à fourrure + robe,5.43,Shein,L / IT 44 / EU 40,https://www.vinted.it/items/6880613463-lot-de-4-haut-et-un-legging-a-fourrure-robe?referrer=catalog,0,6880613463,On Sale,,https://images1.vinted.net/t/04_0103e_CF5pbGZwFRS9nnYDC7Uu4iZn/310x430/1755366613.webp?s=d3e5b4d6865a4dbb872973080006c31b285e5eee,1,1,
Camiseta Mini de chica,16.45,Mini,M / IT 42 / EU 38,https://www.vinted.it/items/6880613129-camiseta-mini-de-chica?referrer=catalog,0,6880613129,On Sale,,https://images1.vinted.net/t/03_0262d_cv3nX72SXVpc4Mzjk8swjqnn/310x430/1755366610.webp?s=a45f24a5b6887bf3f07b419ab6e7a9e83b1a5eb8,1,1,
Top Blusa Estiva Cropped fantasia Etnica Boho chic Indian design,16.45,Indian Design,Taglia unica,https://www.vinted.it/items/6880613083-top-blusa-estiva-cropped-fantasia-etnica-boho-chic-indian-design?referrer=catalog,0,6880613083,On Sale,,https://images1.vinted.net/t/01_013db_mC4dtj4W1PHAP9mjrMyNfpjy/310x430/1755366609.webp?s=178653797e02e9505ec2b66141967a40e20b090f,1,1,
Top blanc effet satin,11.2,Shein,M / IT 42 / EU 38,https://www.vinted.it/items/6880613560-top-blanc-effet-satin?referrer=catalog,0,6880613560,On Sale,,https://images1.vinted.net/t/02_00b61_945GBCWJ6zy1DtspY9KMCv36/310x430/1755366614.webp?s=282840ee4713f070eb2bdf9251145e5d25a9107a,1,1,
Camiseta de mnga corta Zara Talla M.,11.2,Zara,M / IT 42 / EU 38,https://www.vinted.it/items/6880612201-camiseta-de-mnga-corta-zara-talla-m?referrer=catalog,28,6880612201,On Sale,,https://images1.vinted.net/t/03_0109d_R7vFtRXZ2PQSGnx5NVisBJfp/310x430/1755366599.webp?s=e5526af6d5d83634a04ce8af6b91a5287dd150e2,1,1,
Camiseta Estilo Desigual,8.05,.laugised,M / IT 42 / EU 38,https://www.vinted.it/items/6880611941-camiseta-estilo-desigual?referrer=catalog,12,6880611941,On Sale,,https://images1.vinted.net/t/04_01c56_hnvbTDo5iFMMNf9rpPbp5avw/310x430/1755366596.webp?s=f0f4214f742fcebfcd7cb59b45f59c5af001e223,1,1,
süßes pailletten top,8.05,Top Vintage,S / IT 40 / EU 36,https://www.vinted.it/items/6880612883-susses-pailletten-top?referrer=catalog,0,6880612883,On Sale,,https://images1.vinted.net/t/02_010d5_ArtraYo3oNoaj4mHbcma7hA4/310x430/1755366607.webp?s=b8b1126e6429d3464b40ec2332f9ac0ace386709,1,1,
Body donna,2.8,Made In Italy,Taglia unica,https://www.vinted.it/items/6880613019-body-donna?referrer=catalog,0,6880613019,On Sale,,https://images1.vinted.net/t/02_0234b_MHsLWVep5ExE2UVMzo9zPTdp/310x430/1755366608.webp?s=0588874b296779daab640a31aa95a097de664a8a,1,1,
Poloshirt Gant  Damen,11.2,GANT,S / IT 40 / EU 36,https://www.vinted.it/items/6880613052-poloshirt-gant-damen?referrer=catalog,0,6880613052,On Sale,,https://images1.vinted.net/t/04_00649_RMCq99vSaStzW2YygSkF3MVG/310x430/1755366609.webp?s=9043e3d3be117add07a5b75b520f08aaa0581bac,1,1,
Camiseta verano,2.8,Verano,S / IT 40 / EU 36,https://www.vinted.it/items/6880607508-camiseta-verano?referrer=catalog,0,6880607508,On Sale,,https://images1.vinted.net/t/01_019bb_H2t34Hi4d9yAr7xGgbpLTmYb/310x430/1755366548.webp?s=30f3d13e228c03f1b912d3a6b53cdf52dda099f5,1,1,
Brandy Melville top,7.0,Brandy Melville,XS / IT 38 / EU 34,https://www.vinted.it/items/6880613074-brandy-melville-top?referrer=catalog,0,6880613074,On Sale,,https://images1.vinted.net/t/01_00d23_MiHT54RyiuptVPShBmhjNgtk/310x430/1755366609.webp?s=21a32bd26d9b90bbe7e1c586926094e89719bb11,1,1,
Chiffon Bluse Blumen türkis und lila oversize onesize figurumspielend,6.9,Sonstiges,Taglia unica,https://www.vinted.it/items/6880613084-chiffon-bluse-blumen-turkis-und-lila-oversize-onesize-figurumspielend?referrer=catalog,0,6880613084,On Sale,,https://images1.vinted.net/t/02_02575_7mKgMKTUU8TwMHXMhaFbJSCj/310x430/1755366609.webp?s=50c907fc869b766ff9ba18b1789478eec4339fd4,1,1,
Blusa / camisa Shein,5.95,Shein,M / IT 42 / EU 38,https://www.vinted.it/items/6880612531-blusa-camisa-shein?referrer=catalog,0,6880612531,On Sale,,https://images1.vinted.net/t/04_02648_asiF741r2NinsHfzxDSBmMv2/310x430/1755366603.webp?s=cfb3fcfa2f6a10e2f5efa4d309f455b88c5af5c3,1,1,
Top vert menthe Zara,8.05,Zara,S / IT 40 / EU 36,https://www.vinted.it/items/6880612630-top-vert-menthe-zara?referrer=catalog,0,6880612630,On Sale,,https://images1.vinted.net/t/04_01ff9_yxbvKC9QXVrJVZBmmoaKQ9nd/310x430/1755366604.webp?s=eb0446e20e2295cd29bce0170c9bfa399f1ad0ca,1,1,
Zwei Tops,5.95,Primark,M / IT 42 / EU 38,https://www.vinted.it/items/6880612896-zwei-tops?referrer=catalog,0,6880612896,On Sale,,https://images1.vinted.net/t/01_01082_pin66RvHSYCnpKoL7Kd9f4bw/310x430/1755366607.webp?s=8bb2dd27e7ee95004e1e361e7dbfb7c3711d71bf,1,1,
Blouse wibra,4.38,Wibra,L / IT 44 / EU 40,https://www.vinted.it/items/6880612901-blouse-wibra?referrer=catalog,0,6880612901,On Sale,,https://images1.vinted.net/t/03_015b8_N1GhNjpyr4c2FCaJo2etFvz8/310x430/1755366607.webp?s=e0b07057e5a47682c7beec467507b6720775e78d,1,1,
Transparente Bluse in Grüntönen Gr.34/36,2.8,System,S / IT 40 / EU 36,https://www.vinted.it/items/6880612464-transparente-bluse-in-gruntonen-gr3436?referrer=catalog,0,6880612464,On Sale,,https://images1.vinted.net/t/01_01f45_ERJPV674mzW7jZcu7GXYqHRg/310x430/1755366602.webp?s=185dc1e2ed78c601fedd72f0a54007ab1ff836a2,1,1,
corse de lentejuelas,5.95,Made In Italy,S / IT 40 / EU 36,https://www.vinted.it/items/6880612314-corse-de-lentejuelas?referrer=catalog,0,6880612314,On Sale,,https://images1.vinted.net/t/04_01b95_hPfV98fnDmNmitDhPUvGWzWu/310x430/1755366601.webp?s=90c9f51bb148c133b20f85133e4bed612f888ca8,1,1,
Blouse satijn mintgroen,13.3,C&S,L / IT 44 / EU 40,https://www.vinted.it/items/6880612264-blouse-satijn-mintgroen?referrer=catalog,0,6880612264,On Sale,,https://images1.vinted.net/t/03_0073a_5PtZeuzyLdiyTRmFei7Ndfni/310x430/1755366600.webp?s=95f1a775633e1bb1c66546124e591a1b05d8fa2e,1,1,
Débardeur dos nu imprimé léopard à bretelles métal - S,32.2,Ella,S / IT 40 / EU 36,https://www.vinted.it/items/6880612127-debardeur-dos-nu-imprime-leopard-a-bretelles-metal-s?referrer=catalog,0,6880612127,On Sale,,https://images1.vinted.net/t/02_00710_rpnobBcvYmX7FnW6nDrK98hf/310x430/1755366598.webp?s=f4390a6cb0ae719f955b3d9eb214af8b6bbf2bb7,1,1,
Blouse,7.0,christy,XXL / IT 48 / EU 44,https://www.vinted.it/items/6880612315-blouse?referrer=catalog,0,6880612315,On Sale,,https://images1.vinted.net/t/02_00ea1_6r9z8189SYoMjXUfGgrS9dqw/310x430/1755366601.webp?s=4de908bec0587d2a65bc7b7f22119806a1b90aaa,1,1,
Tunique rayée,13.3,Zara Basic,XL / IT 46 / EU 42,https://www.vinted.it/items/6880612494-tunique-rayee?referrer=catalog,0,6880612494,On Sale,,https://images1.vinted.net/t/04_01a1d_8KYKMaWjEcmCBb3jgLDFsXhV/310x430/1755366603.webp?s=2d6e21aa962f5e51c7d66468f8b97f4450488b51,1,1,
Blusa,2.8,Local,5XL / IT 54 / EU 50,https://www.vinted.it/items/6880612220-blusa?referrer=catalog,0,6880612220,On Sale,,https://images1.vinted.net/t/04_018e3_WCApts9EiNpP5vT5MTMC3YoM/310x430/1755366600.webp?s=fa7fc1052dc07a5cc75d0a70a4408ccd5b783627,1,1,
Blouse taille 36,3.85,Primark,S / IT 40 / EU 36,https://www.vinted.it/items/6880612616-blouse-taille-36?referrer=catalog,0,6880612616,On Sale,,https://images1.vinted.net/t/02_01bc7_NiHjb6rs6XqiTCTQLNfaSisC/310x430/1755366604.webp?s=9bdef51680e3b9d20b701c2bb231c0cf12d5ac4d,1,1,
Tee-shirt rose,3.85,Levi's,L / IT 44 / EU 40,https://www.vinted.it/items/6880612541-tee-shirt-rose?referrer=catalog,0,6880612541,On Sale,,https://images1.vinted.net/t/03_01016_61gBcoS1kjyU3KCfLqp992zk/310x430/1755366603.webp?s=13e1bff8d9fca1002bdd11cda723c25c751ab686,1,1,
T-shirt à manche longues,5.95,Jennyfer,S / IT 40 / EU 36,https://www.vinted.it/items/6880612187-t-shirt-a-manche-longues?referrer=catalog,0,6880612187,On Sale,,https://images1.vinted.net/t/01_02496_Eq9VFXrxfvVEnm5f5MbQzRPk/310x430/1755366599.webp?s=065bae14ece19f4cb626b3fef1b5139ad525d66e,1,1,
T-shirt,1.75,TBS,M / IT 42 / EU 38,https://www.vinted.it/items/6880612445-t-shirt?referrer=catalog,0,6880612445,On Sale,,https://images1.vinted.net/t/01_025c5_ZA2RGdnVAP6175srYTQRv2fP/310x430/1755366602.webp?s=501c5f36c7c76b0a7e094bdc3b9189e2b7510fc4,1,1,
top etnico colorato vintage,9.1,Vintage Dressing,S / IT 40 / EU 36,https://www.vinted.it/items/6880612407-top-etnico-colorato-vintage?referrer=catalog,0,6880612407,On Sale,,https://images1.vinted.net/t/04_00f36_SmF2Dm1LUj3yCyQPE61wvQLY/310x430/1755366602.webp?s=2b761c5813f0207241ca36b7661faaaec04009fd,1,1,
Fabienne Chapot dames blouse.,32.2,Fabienne Chapot,L / IT 44 / EU 40,https://www.vinted.it/items/6880612415-fabienne-chapot-dames-blouse?referrer=catalog,0,6880612415,On Sale,,https://images1.vinted.net/t/02_00988_qsDmLT4A3MVg7DAiuZDQ9fqg/310x430/1755366602.webp?s=ae406f0da2ae82f4983b98df2350cf5fabfaf979,1,1,
Tuniek mt L H&M,3.85,H&M,L / IT 44 / EU 40,https://www.vinted.it/items/6880577539-tuniek-mt-l-hm?referrer=catalog,0,6880577539,On Sale,,https://images1.vinted.net/t/04_01284_6RooVjLDaovpFKQrP2gzU74U/310x430/1755366226.webp?s=c2d70e5d89a58b23238b847ed734ed83461bccc7,1,1,
Lot pour femme,3.85,Zara,L / IT 44 / EU 40,https://www.vinted.it/items/6880611760-lot-pour-femme?referrer=catalog,0,6880611760,On Sale,,https://images1.vinted.net/t/04_004cf_Le3XR5nFzXraNmzVpq9hAbeg/310x430/1755366594.webp?s=9119427b9886017953c793fe816f179f775561b0,1,1,
Mesh Netz Shirt,8.05,Rave,L / IT 44 / EU 40,https://www.vinted.it/items/6926015835-mesh-netz-shirt?referrer=catalog,0,6926015835,On Sale,,https://images1.vinted.net/t/04_0235a_kL2Y7VLwaX8ir4VCH9oJYS5q/310x430/1755965748.jpeg?s=6b71a07f403a718ddec0f11432db96c85e88e801,1,1,
vintage shirt,11.2,Vintage Dressing,S / IT 40 / EU 36,https://www.vinted.it/items/6926016864-vintage-shirt?referrer=catalog,0,6926016864,On Sale,,https://images1.vinted.net/t/03_01419_8tYrztYNSSVN7QaaskDmPDq7/310x430/1755965756.jpeg?s=e635d1bc8cfdf9871fb04319846ed3d74b86464a,1,1,
T shirt king diamond,8.05,King Diamond,S / IT 40 / EU 36,https://www.vinted.it/items/6926016566-t-shirt-king-diamond?referrer=catalog,0,6926016566,On Sale,,https://images1.vinted.net/t/03_01424_qubDShaNrEK3kJvxUMA7BZ63/310x430/1755965753.jpeg?s=f2429be54f41c3a9ad5523a3eee767eef6ef65d3,1,1,
Top blanc,2.8,No brand,M / IT 42 / EU 38,https://www.vinted.it/items/6926016914-top-blanc?referrer=catalog,0,6926016914,On Sale,,https://images1.vinted.net/t/01_014bb_wPf9nbrmS8weZui4gqBuCC8N/310x430/1755965756.jpeg?s=ccb04bdc131d641e3e10d5e6c65bf81d9c0abed7,1,1,
Top cintré à carreaux marron et rose,31.14,Tendance,S / IT 40 / EU 36,https://www.vinted.it/items/6926016911-top-cintre-a-carreaux-marron-et-rose?referrer=catalog,0,6926016911,On Sale,,https://images1.vinted.net/t/02_01920_Hz93zYiaAGFpSADSLpbhczA9/310x430/1755965756.jpeg?s=f9c4fe6c4bc89b09e3ab9f9fee18cffbc1c38e61,1,1,
Bershka Longshirt Rollkragen,2.8,Bershka,XS / IT 38 / EU 34,https://www.vinted.it/items/6926016999-bershka-longshirt-rollkragen?referrer=catalog,0,6926016999,On Sale,,https://images1.vinted.net/t/01_0152d_aknXywhhSAA1Jua542yZJJac/310x430/1755965756.jpeg?s=8f379d34cd3927b7350069afa7244e827686e875,1,1,
Goldenes Schimmer Top Carmen Schnitt,4.9,Mango,M / IT 42 / EU 38,https://www.vinted.it/items/6926015802-goldenes-schimmer-top-carmen-schnitt?referrer=catalog,0,6926015802,On Sale,,https://images1.vinted.net/t/03_01587_57PjwCVvXmR6MoqhCycJmaeg/310x430/1755965748.jpeg?s=4ca1908c16a4efedefdedaf2ad7b13c48c7391ce,1,1,
T-shirt femme coton galerie lafayette,11.2,Lafayette,M / IT 42 / EU 38,https://www.vinted.it/items/6926015475-t-shirt-femme-coton-galerie-lafayette?referrer=catalog,0,6926015475,On Sale,,https://images1.vinted.net/t/04_01bb9_JSmMoziiJuEEzM8Gyqv497CP/310x430/1755965746.jpeg?s=f70617a5dd0f50f8306056dcb33a38a1ffb8da0d,1,1,
Camicia bianca donna,9.63,Naracamicie,M / IT 42 / EU 38,https://www.vinted.it/items/6926015436-camicia-bianca-donna-collo-coreano-elasticizzata-manica-lunga?referrer=catalog,0,6926015436,On Sale,,https://images1.vinted.net/t/02_01a8e_w9aKMRN673KQQCVfbzcg6miX/310x430/1755965746.jpeg?s=8e8165ac2af88a04095a596207bf1aa88c539a5c,1,1,
Tommy Hilfiger blouse gestreept L,18.55,Tommy Hilfiger,L / IT 44 / EU 40,https://www.vinted.it/items/6926016986-tommy-hilfiger-blouse-gestreept-l?referrer=catalog,0,6926016986,On Sale,,https://images1.vinted.net/t/03_02161_EJcQFbVE98PEhzsV4Fa3Ehys/310x430/1755965756.jpeg?s=28a2bbf61cbdc4b2223d95249ccc62a3513fc0c9,1,1,
Tunique noire femme taille L,5.43,Lola Espeleta,L / IT 44 / EU 40,https://www.vinted.it/items/6926016802-tunique-noire-femme-taille-l?referrer=catalog,0,6926016802,On Sale,,https://images1.vinted.net/t/02_007aa_YjE7vVJmeT2YiFiP5j6MBscQ/310x430/1755965755.jpeg?s=d78bee21bfd2790968ff1fc1c2004b12eb754271,1,1,
Vintage top,5.95,Vintage,S / IT 40 / EU 36,https://www.vinted.it/items/6926017277-vintage-top?referrer=catalog,0,6926017277,On Sale,,https://images1.vinted.net/t/01_02361_ZNsqA9gCMpJ9naTPUYf2BZHq/310x430/1755965759.jpeg?s=5e3227699dd892ec6f1997b178e87f5ea2b3fd51,1,1,
Bloes zwart Karen by simonsen,9.1,Karen by Simonsen,L / IT 44 / EU 40,https://www.vinted.it/items/6926015540-bloes-zwart-karen-by-simonsen?referrer=catalog,0,6926015540,On Sale,,https://images1.vinted.net/t/01_009f0_sdCZ3Vi1j8AQsiqp7ovtYDrY/310x430/1755965746.jpeg?s=744ca04501f359d011a15e816bd84bbc7cc7ec5b,1,1,
Débardeur Kiabi taille 42/44,5.95,Kiabi,XL / IT 46 / EU 42,https://www.vinted.it/items/6907394383-debardeur-kiabi-taille-4244?referrer=catalog,0,6907394383,On Sale,,https://images1.vinted.net/t/04_010d5_stMLYD78mnVSXSj6MJTApo2Y/310x430/1755885810.jpeg?s=2de2a94bfa298b364cf349edbdb1b50601c0ba37,1,1,
T-shirt aux manches travaillées Sandro taille 1,47.95,Sandro,S / IT 40 / EU 36,https://www.vinted.it/items/6926016719-t-shirt-aux-manches-travaillees-sandro-taille-1?referrer=catalog,0,6926016719,On Sale,,https://images1.vinted.net/t/02_0178d_SGafTj9yvrsRqhFHHEv4kD8v/310x430/1755965754.jpeg?s=45ecfd0ec00dfd195b3d4f08f1436877c4edd50c,1,1,
Haut grain de malice,24.85,Grain de Malice,XL / IT 46 / EU 42,https://www.vinted.it/items/6926015580-haut-grain-de-malice?referrer=catalog,0,6926015580,On Sale,,https://images1.vinted.net/t/01_01b30_y6seaQb8itiNtvXU8qkjJw1L/310x430/1755965747.jpeg?s=eb6e216844ea6c2f05f6f157ca78245dff754236,1,1,
Lot de 3 hauts H&M,4.9,H&M,S / IT 40 / EU 36,https://www.vinted.it/items/6926016564-lot-de-3-hauts-hm?referrer=catalog,0,6926016564,On Sale,,https://images1.vinted.net/t/01_01bc6_Z2UtUc36vbXwSvApjL1mmioD/310x430/1755965753.jpeg?s=d8e3e6acdb50d75f219f35c2bfbc7f8c8d0f246b,1,1,
Chemise en broderie,5.95,Zara,S / IT 40 / EU 36,https://www.vinted.it/items/6926016633-chemise-en-broderie?referrer=catalog,0,6926016633,On Sale,,https://images1.vinted.net/t/02_017a3_GWUU6C7thevd16nT377bD6vr/310x430/1755965754.jpeg?s=bbca054b0bc579465888697fb40a13f71e8e1234,1,1,
Haut rose Antonelle,10.15,Antonelle,M / IT 42 / EU 38,https://www.vinted.it/items/6926017209-haut-rose-antonelle?referrer=catalog,0,6926017209,On Sale,,https://images1.vinted.net/t/03_00fe6_Z1itWaLW2pYjenTDZ2v1XZ8m/310x430/1755965758.jpeg?s=13482a8ba3ea969e72eda3727241257df7495bd8,1,1,
Tee-shirts manche longue,2.28,Zara,S / IT 40 / EU 36,https://www.vinted.it/items/6926013182-tee-shirts-manche-longue?referrer=catalog,0,6926013182,On Sale,,https://images1.vinted.net/t/04_0207d_7QSuPsPFRbVSd69Vqy2yHy5g/310x430/1755965730.jpeg?s=ea7c84aecc6b792cef0b2c68e611e8b8e5de27a9,1,1,
Tolles Shirt in M,2.58,H&M,M / IT 42 / EU 38,https://www.vinted.it/items/6926016673-tolles-shirt-in-m?referrer=catalog,0,6926016673,On Sale,,https://images1.vinted.net/t/01_01768_NmknLahoyPkw6zq7MCSBN9UB/310x430/1755965754.jpeg?s=aeaabd55d1ef5dda5e6969fe25b6bbbdcef461de,1,1,
Bluse Boss,31.15,Boss,L / IT 44 / EU 40,https://www.vinted.it/items/6926016651-bluse-boss?referrer=catalog,0,6926016651,On Sale,,https://images1.vinted.net/t/03_0191c_KKPGSuppBtCUEuCnBnGfYcjr/310x430/1755965754.jpeg?s=cb9fe0cbb058225860ac82a7dcbcdd1fb15858ad,1,1,
Gestreiftes schulterfreies Top,11.2,NA-KD,S / IT 40 / EU 36,https://www.vinted.it/items/6926015259-gestreiftes-schulterfreies-top?referrer=catalog,0,6926015259,On Sale,,https://images1.vinted.net/t/03_00889_NmwxSVWCGhYqKJoLcARgsMjX/310x430/1755965744.jpeg?s=373ada3578b88f12b7754551a437961710dd9802,1,1,
Shirtje met print,4.38,WE,S / IT 40 / EU 36,https://www.vinted.it/items/6926017118-shirtje-met-print?referrer=catalog,0,6926017118,On Sale,,https://images1.vinted.net/t/04_009df_db92VjsxEMdJLvNSCfTUBTwW/310x430/1755965758.jpeg?s=a5a7a9210b919e4b785305a95431db81ffc3b36e,1,1,
Chemisier poid vert,2.8,Kiabi,M / IT 42 / EU 38,https://www.vinted.it/items/6926017259-chemisier-poid-vert?referrer=catalog,0,6926017259,On Sale,,https://images1.vinted.net/t/04_00533_RfvZ5qMu3RP2Um2i28i9wbtJ/310x430/1755965759.jpeg?s=acdf8aa49c676f1ca92d809c29090ecd59245b05,1,1,
Liquette femme Armand Thiery,11.2,Armand Thiery,XL / IT 46 / EU 42,https://www.vinted.it/items/6926016224-liquette-femme-armand-thiery?referrer=catalog,0,6926016224,On Sale,,https://images1.vinted.net/t/01_00a85_GDyqFhJpi6VJX1h8quhGGoSk/310x430/1755965751.jpeg?s=9268b58a9a5d58f09b3b7cdc5456547d201e3506,1,1,
Blouse blanche Maison 123,15.4,Maison 123,XXXL / IT 50 / EU 46,https://www.vinted.it/items/6926015329-blouse-blanche-maison-123?referrer=catalog,0,6926015329,On Sale,,https://images1.vinted.net/t/02_022c8_xz8y8Au7gAB3i3G27GPS66x9/310x430/1755965745.jpeg?s=b2f24bf7112e50698d3841213144edeef8ffca6f,1,1,
Bloemetjes top Seven Sisters,4.89,Seven Sisters,S / IT 40 / EU 36,https://www.vinted.it/items/6926016612-bloemetjes-top-seven-sisters?referrer=catalog,0,6926016612,On Sale,,https://images1.vinted.net/t/01_020f6_fPLnA13tFGsazesmKXfJdLFJ/310x430/1755965754.jpeg?s=da746c5cfdda2b2ee83109393d6eb1e3c26df401,1,1,
Chemise Kiabi,7.0,Kiabi,XL / IT 46 / EU 42,https://www.vinted.it/items/6926015340-chemise-kiabi?referrer=catalog,0,6926015340,On Sale,,https://images1.vinted.net/t/04_0211d_N7sTKamxfc5ddFhP65P6orac/310x430/1755965745.jpeg?s=cc78d3ef2c501da2e28d730775606c2b22f6f63f,1,1,
Chemise Eden motus boutique velours fleurie fleurs vintage S,16.45,motus boutique,S / IT 40 / EU 36,https://www.vinted.it/items/6926016426-chemise-eden-motus-boutique-velours-fleurie-fleurs-vintage-s?referrer=catalog,0,6926016426,On Sale,,https://images1.vinted.net/t/03_01070_TcMbHnqZjr5nwdpr1ct8Ssw9/310x430/1755965752.jpeg?s=667a1be7a1a7b495fc90dc7839c12e898c938a59,1,1,
Chemise bleu ciel Stella et Suzie,20.65,Stella & Suzie,XS / IT 38 / EU 34,https://www.vinted.it/items/6926016538-chemise-bleu-ciel-stella-et-suzie?referrer=catalog,0,6926016538,On Sale,,https://images1.vinted.net/t/04_01784_tMCyPuZHrhFQM8Rj5fVpGE3B/310x430/1755965753.jpeg?s=e6996e6fdc219cead19346805392c9070ff7c2bd,1,1,
Haut dos nu avec motif,2.8,Shein,M / IT 42 / EU 38,https://www.vinted.it/items/6926015160-haut-dos-nu-avec-motif?referrer=catalog,0,6926015160,On Sale,,https://images1.vinted.net/t/04_001c2_DWFvxzvpPy4jJKFJe3WoCMT8/310x430/1755965744.jpeg?s=32960d1163ea309f24ed502de9752db4c070034c,1,1,
top fleuri,5.95,Sinéquanone,L / IT 44 / EU 40,https://www.vinted.it/items/6926016275-top-fleuri?referrer=catalog,0,6926016275,On Sale,,https://images1.vinted.net/t/04_01cf0_WDrJDT7PYxB3wLa5TtMmkBMB/310x430/1755965751.jpeg?s=b78c9aeefcadc6a3163771ddcaf1c0a7329864c0,1,1,
Tunique Bleu Bonheur,12.25,Bleu bonheur,XXL / IT 48 / EU 44,https://www.vinted.it/items/6926015476-tunique-bleu-bonheur?referrer=catalog,0,6926015476,On Sale,,https://images1.vinted.net/t/04_018e2_D4rK9kVjg7Zi9wdK8jFwLbve/310x430/1755965746.jpeg?s=be332d2f4361f9d53ca9c69850c4055945a87152,1,1,
Superbe Chemisier imprimé cerise bleue s,14.35,Cerise Blue,S / IT 40 / EU 36,https://www.vinted.it/items/6926016213-superbe-chemisier-imprime-cerise-bleue-s?referrer=catalog,0,6926016213,On Sale,,https://images1.vinted.net/t/01_01cc4_F5oGW5fdBmGTeqwmWjqLQtsp/310x430/1755965751.jpeg?s=2fb578c9b5c73764751bf46798bbe31b030bd106,1,1,
Mintgrünes T-Shirt mit V-Ausschnitt,7.0,Esprit,S / IT 40 / EU 36,https://www.vinted.it/items/6926016208-mintgrunes-t-shirt-mit-v-ausschnitt?referrer=catalog,0,6926016208,On Sale,,https://images1.vinted.net/t/03_01f87_s5hyuQi4ekaPmbyL8hbtq3Su/310x430/1755965751.jpeg?s=2fe565b9d0944ee51199dfffacfe0239529f4189,1,1,
Tee-shirt manche longue femme,3.85,Anna Field,L / IT 44 / EU 40,https://www.vinted.it/items/6926014932-tee-shirt-manche-longue-femme?referrer=catalog,0,6926014932,On Sale,,https://images1.vinted.net/t/01_017ec_HksCD2NUhpn2EvvthY5U2PeX/310x430/1755965742.jpeg?s=65b2ead091297b49b96290422ec355d35b6ab633,1,1,
Camisa de flores de Amitié,5.95,Amitié,L / IT 44 / EU 40,https://www.vinted.it/items/6926012806-camisa-de-flores-de-amitie?referrer=catalog,0,6926012806,On Sale,,https://images1.vinted.net/t/04_026c9_XfQBdFeemWtBtyYMUC6ncaxv/310x430/1755965727.jpeg?s=c997271073b6008de053a0661c443e9a2a0aa4f8,1,1,
Tee Shirt noir,8.05,Grain de Malice,S / IT 40 / EU 36,https://www.vinted.it/items/6926016318-tee-shirt-noir-taille-s-grain-de-malice?referrer=catalog,0,6926016318,On Sale,,https://images1.vinted.net/t/01_017de_H5bGXF9hMG74wdf9nBgrehnu/310x430/1755965752.jpeg?s=2deceb9f18e9d81e01aa161763a204eac93faaf8,1,1,
Tee shirt manches longues oversize Billie eilish,7.53,Bershka,S / IT 40 / EU 36,https://www.vinted.it/items/6926016090-tee-shirt-manches-longues-oversize-billie-eilish?referrer=catalog,0,6926016090,On Sale,,https://images1.vinted.net/t/02_00c96_KWT2TeaRsq5MCVhfJuGZGLi9/310x430/1755965750.jpeg?s=50a847653a4464e3c8226471132259163f64d6a6,1,1,
top a maniche lunghe bershka,2.8,Bershka,S / IT 40 / EU 36,https://www.vinted.it/items/6926016540-top-a-maniche-lunghe-bershka?referrer=catalog,0,6926016540,On Sale,,https://images1.vinted.net/t/01_0168c_dGbcAH84Ui2MUeiPPXfPnsTc/310x430/1755965753.jpeg?s=98b7efa216fa46c6c46b5b40840fdc6a2c96e1ba,1,1,
Camiseta original 100% algodón,8.58,DoDo,M / IT 42 / EU 38,https://www.vinted.it/items/6919300783-camiseta-original-100-algodon?referrer=catalog,0,6919300783,On Sale,,https://images1.vinted.net/t/04_009eb_y1TnfEV4kztBuGF1Aug75eTt/310x430/1755878966.jpeg?s=0277408975463e788691aad2ea3e3d74179bb76e,1,1,
Lot de 2 tee-shirts manches longues,3.85,Don't Call Me Jennyfer,S / IT 40 / EU 36,https://www.vinted.it/items/6926016265-lot-de-2-tee-shirts-manches-longues?referrer=catalog,0,6926016265,On Sale,,https://images1.vinted.net/t/02_00087_9NAA5BfvjCFpggEuzvQ6oUxP/310x430/1755965751.jpeg?s=6a8bb73388812be19779a2d3b18a898d3593861f,1,1,
Langarm Shirt in grün,11.2,Street One,XXL / IT 48 / EU 44,https://www.vinted.it/items/6926016071-langarm-shirt-in-grun?referrer=catalog,0,6926016071,On Sale,,https://images1.vinted.net/t/04_01297_QSM18R5bWww4bjXg59GkgdDg/310x430/1755965750.jpeg?s=f4a2185269cd95cc9eec66af5305c6b3d58c43f1,1,1,
Camiseta Over Pepe Jeans,11.2,Pepe Jeans,XL / IT 46 / EU 42,https://www.vinted.it/items/6926014325-camiseta-over-pepe-jeans?referrer=catalog,22,6926014325,On Sale,,https://images1.vinted.net/t/04_025f9_CazaVF7gxuj2uk5roaE5PGDw/310x430/1755965738.jpeg?s=e51a3f320defc147fa2af5a4dcaed684920df801,1,1,
Levi’s T-Shirt,9.1,Levi's,S / IT 40 / EU 36,https://www.vinted.it/items/6926014810-levis-t-shirt?referrer=catalog,0,6926014810,On Sale,,https://images1.vinted.net/t/01_02051_UDoTvfHz2q33wscDMG4R6wZo/310x430/1755965741.jpeg?s=754e20b699d0a34a1c22992425ca80220d535969,1,1,
Chemise Femme XS,7.0,Mango,XS / IT 38 / EU 34,https://www.vinted.it/items/6926016005-chemise-femme-xs?referrer=catalog,0,6926016005,On Sale,,https://images1.vinted.net/t/01_00311_93bHcRwzXKnr89T9tAzzFbut/310x430/1755965750.jpeg?s=3ddb5a20224ee2b3d1e5ffbfd15cdf5e25acf92b,1,1,
Camicetta Benetton - stile cinese - fantasia,4.9,Benetton,M / IT 42 / EU 38,https://www.vinted.it/items/6926007785-camicetta-benetton-stile-cinese-fantasia?referrer=catalog,0,6926007785,On Sale,,https://images1.vinted.net/t/01_01104_sgHr87xEYUt4ysmARbNa9HQm/310x430/1755965690.jpeg?s=f8988c4f363de2b0800b78dba10092607a297699,1,1,
T-shirt calvin klein femme,2.8,Calvin Klein,S / IT 40 / EU 36,https://www.vinted.it/items/6926015871-t-shirt-calvin-klein-femme?referrer=catalog,0,6926015871,On Sale,,https://images1.vinted.net/t/01_01d97_JggFLxxVGvni2hK94fYvKXTo/310x430/1755965749.jpeg?s=37fc20a26b05c23c2582d425b52816b5990d828b,1,1,
Chemise noire cintrée terre de marin taille 36,2.8,Terre de marin,S / IT 40 / EU 36,https://www.vinted.it/items/6926014879-chemise-noire-cintree-terre-de-marin-taille-36?referrer=catalog,0,6926014879,On Sale,,https://images1.vinted.net/t/04_02521_oxFRZwxkmuBv3KCqyCkEUfCu/310x430/1755965741.jpeg?s=2ea2d2d7c644af3e67ff51c9fda244b6cd2e8a26,1,1,
Haut à fleur Urban Outfitters,11.2,Urban Outfitters,S / IT 40 / EU 36,https://www.vinted.it/items/6926014481-haut-a-fleur-urban-outfitters?referrer=catalog,0,6926014481,On Sale,,https://images1.vinted.net/t/04_00070_GoWWLZQ8b7eDFnNwAc7CkVX1/310x430/1755965739.jpeg?s=1dbe2a20f1e52779da349232b308d378c6ecdec5,1,1,
Haut primark,8.05,Primark,XL / IT 46 / EU 42,https://www.vinted.it/items/6926014654-haut-primark?referrer=catalog,0,6926014654,On Sale,,https://images1.vinted.net/t/01_00cb3_N6PwM9c4ZqPuSxMfKe2QiwQA/310x430/1755965740.jpeg?s=3ff151a1afce42bd183bf8e15adb2dbf010d7af4,1,1,
Chemise the Kooples,16.45,The Kooples,S / IT 40 / EU 36,https://www.vinted.it/items/6926014537-chemise-the-kooples?referrer=catalog,0,6926014537,On Sale,,https://images1.vinted.net/t/04_000c0_sxqj3JWsuZXBupQCsQ5JdkrN/310x430/1755965739.jpeg?s=1c95717959eb445c724ccca8ff6153d60cc81ab3,1,1,
Haut / t-shirt,2.8,Jennyfer,XS / IT 38 / EU 34,https://www.vinted.it/items/6926014431-haut-t-shirt?referrer=catalog,0,6926014431,On Sale,,https://images1.vinted.net/t/04_012d7_f1mUQn9v86yWWjDQsnan5QZe/310x430/1755965738.jpeg?s=fae1f91160955745d092b10440c9bb6f25d21469,1,1,
Haut Zara viral,32.2,Zara,XS / IT 38 / EU 34,https://www.vinted.it/items/6926014468-haut-zara-viral?referrer=catalog,0,6926014468,On Sale,,https://images1.vinted.net/t/04_0258a_HczqBQwtiXxDGzKbNJs8io3f/310x430/1755965738.jpeg?s=8af6a07cf450b3d990484d1aaa925156a8a998de,1,1,
Chemise noire froufrous,2.28,sansnom.,XL / IT 46 / EU 42,https://www.vinted.it/items/6926016069-chemise-noire-froufrous?referrer=catalog,0,6926016069,On Sale,,https://images1.vinted.net/t/02_01674_ctueY7Q9xDQwkKkWXY5QDLca/310x430/1755965750.jpeg?s=bdfb880b7910a929b7b9e12a23b557a967c7db59,1,1,
Blouse,9.1,Kiabi,8XL / IT 60 / EU 56,https://www.vinted.it/items/6926016089-blouse?referrer=catalog,0,6926016089,On Sale,,https://images1.vinted.net/t/04_01249_YhasNjNBM21ecC5Mh4bidu7x/310x430/1755965750.jpeg?s=3fd71dbabe75a8f98f1a0ca009987ad30cb02d33,1,1,
Blousr Kris Fashion maat m,2.8,Boutiek,M / IT 42 / EU 38,https://www.vinted.it/items/6926015678-blousr-kris-fashion-maat-m?referrer=catalog,0,6926015678,On Sale,,https://images1.vinted.net/t/03_02232_24eM91T6FJmmM9YMhLVCHoK6/310x430/1755965747.jpeg?s=2241c569a7c0a4c6c95a0e78b1562078ff84703e,1,1,
Débardeur noir argenté taille 36 Marque Legatte,11.2,Legatte,S / IT 40 / EU 36,https://www.vinted.it/items/6926014446-debardeur-noir-argente-taille-36-marque-legatte?referrer=catalog,0,6926014446,On Sale,,https://images1.vinted.net/t/03_01a8d_gaS7GPUQLPdtaW6AwkddR5a5/310x430/1755965738.jpeg?s=ead7b7a2eb91e892e8f1a964039f8854d8ce9ab4,1,1,
Neckholder mit Spitze,2.8,Blind Date,S / IT 40 / EU 36,https://www.vinted.it/items/6926014324-neckholder-mit-spitze?referrer=catalog,0,6926014324,On Sale,,https://images1.vinted.net/t/01_01eef_KAcrxVp9Bodhwv12oDMM2Vto/310x430/1755965738.jpeg?s=d1fb0f1e6f327c5de403ae7f2c1f869e242be53b,1,1,
Orangenes Tencel Shirt Armedangels,16.45,Armedangels,S / IT 40 / EU 36,https://www.vinted.it/items/6926014482-orangenes-tencel-shirt-armedangels?referrer=catalog,0,6926014482,On Sale,,https://images1.vinted.net/t/04_02469_5hwRJYGf571pYfg1WpuXEqzP/310x430/1755965739.jpeg?s=0ff74e064467bc4f0b8d43df4dcc996f525cc716,1,1,
Crop top linho,5.95,Zara,S / IT 40 / EU 36,https://www.vinted.it/items/6926014444-crop-top-linho?referrer=catalog,0,6926014444,On Sale,,https://images1.vinted.net/t/02_001fc_GaT98yxpHW8qepZi2yujJ98V/310x430/1755965738.jpeg?s=21a0b5098328f749a42edb798d4fb5de644f2fd3,1,1,
Débardeur,1.75,Promod,S / IT 40 / EU 36,https://www.vinted.it/items/6853354275-debardeur?referrer=catalog,0,6853354275,On Sale,,https://images1.vinted.net/t/02_01ba1_5WPae7keMYuYTBpy7rT9RubP/310x430/1754933053.jpeg?s=19c314e43e0b760ef0fd96d592c8efed27827bf4,1,1,
schwarzes Hemd,3.64,Sonstiges,M / IT 42 / EU 38,https://www.vinted.it/items/6926015957-schwarzes-hemd-schulterfrei?referrer=catalog,0,6926015957,On Sale,,https://images1.vinted.net/t/03_00c7a_2drpKLHPbEj6x7gHU59mf1w5/310x430/1755965749.jpeg?s=8af0bea92020c602f2d1274bf2359e3463bcbca1,1,1,
Débardeur à bretelles fines taille 42/44,5.95,No brand,XL / IT 46 / EU 42,https://www.vinted.it/items/6907735910-debardeur-a-bretelles-fines-taille-4244?referrer=catalog,0,6907735910,On Sale,,https://images1.vinted.net/t/02_00b33_G54Lbmr29HSv7oPvtCsRYg45/310x430/1755884829.jpeg?s=72c5c704f21819d6694603ba90c6a891cb687756,1,1,
Bundle 3 camisas Massimo Dutti,11.2,Massimo Dutti,S / IT 40 / EU 36,https://www.vinted.it/items/6926014985-bundle-3-camisas-massimo-dutti?referrer=catalog,0,6926014985,On Sale,,https://images1.vinted.net/t/04_0071b_dKrFDZBzftWgmGjCRywtMGfd/310x430/1755965742.jpeg?s=acbfb8bc6e4167095a8b444cc0a6c521eee918ab,1,1,
Crop top de punto talla única marrón mujer femme donna woman crop,13.3,Bershka,Taglia unica,https://www.vinted.it/items/6926013786-crop-top-de-punto-talla-unica-marron-mujer-femme-donna-woman-crop?referrer=catalog,9,6926013786,On Sale,,https://images1.vinted.net/t/02_0169e_9yDiNVRqVJbNNH5Y2Sed6Z1d/310x430/1755965734.jpeg?s=7efb3465ac01ea3b663e1da4f63e4841da314fd4,1,1,
Bluse von Zara,3.33,Zara,S / IT 40 / EU 36,https://www.vinted.it/items/6926014899-bluse-von-zara?referrer=catalog,0,6926014899,On Sale,,https://images1.vinted.net/t/03_002a1_2mTM1ZdfVLusbr3gjZZPEghs/310x430/1755965741.jpeg?s=4b852a3d9edcd445ebb97628f6a1dd6572b9ced0,1,1,
Rotes Shirt,2.8,Sonstiges,L / IT 44 / EU 40,https://www.vinted.it/items/6926014913-rotes-shirt?referrer=catalog,0,6926014913,On Sale,,https://images1.vinted.net/t/01_00a12_BNn3fRnTfhNbYtWy3EUhJaYt/310x430/1755965742.jpeg?s=0c1b2385d30c4c86959a0b9bcf6c62d09a43e468,1,1,
Blouse verte imprimé feuillage,3.85,Grace & Mila,M / IT 42 / EU 38,https://www.vinted.it/items/6926013416-blouse-verte-imprime-feuillage?referrer=catalog,0,6926013416,On Sale,,https://images1.vinted.net/t/04_001dd_DwXHiPCkRH9wFWEjE36jvQ9s/310x430/1755965731.jpeg?s=47ecff346951769f1c666cc3db1caf60ca4b46cc,1,1,
T-shirt Coca-Cola vintage,8.05,Vintage Dressing,M / IT 42 / EU 38,https://www.vinted.it/items/6926013533-t-shirt-coca-cola-vintage-taille-m-tres-bon-etat?referrer=catalog,0,6926013533,On Sale,,https://images1.vinted.net/t/02_008ec_8PzQbT4gUTNRpM7mtFtC4mzp/310x430/1755965732.jpeg?s=4a330aae038a9be52e6874664b5653f11786be93,1,1,
Débardeur M,1.75,Naf Naf,M / IT 42 / EU 38,https://www.vinted.it/items/6926013270-debardeur-m?referrer=catalog,0,6926013270,On Sale,,https://images1.vinted.net/t/01_01844_s8AjwigzzwzAwKVaJyrP3UnD/310x430/1755965730.jpeg?s=f87571229dbbc7510bb9c077842b4aaf3aae5151,1,1,
Blouse armand thierry,3.85,Armand Thierry,XL / IT 46 / EU 42,https://www.vinted.it/items/6926014437-blouse-armand-thierry?referrer=catalog,0,6926014437,On Sale,,https://images1.vinted.net/t/01_00d8a_bLyoWjPYjtPQeRMU2XUUhDmC/310x430/1755965738.jpeg?s=159d2be0dc76e7ef720686163e79daf23e4ea138,1,1,
Top sem mangas Gola alta Zara,4.9,Zara,S / IT 40 / EU 36,https://www.vinted.it/items/6926013464-top-sem-mangas-gola-alta-zara?referrer=catalog,0,6926013464,On Sale,,https://images1.vinted.net/t/04_01ae3_uxR3UudjX27UioLK9NiUn9qa/310x430/1755965731.jpeg?s=d8f7862384d488c490c48e2eb4ede16a36f8e4a7,1,1,
Spaghetti Top,2.28,Amisu,XS / IT 38 / EU 34,https://www.vinted.it/items/6926013380-spaghetti-top?referrer=catalog,0,6926013380,On Sale,,https://images1.vinted.net/t/04_01692_dRZojm2dKJd6C9FCsteEH2Pa/310x430/1755965731.jpeg?s=3351f1ae95877eff99805e5b699fd63506e40af0,1,1,
Maglia donna Woolrich,26.95,Woolrich,XS / IT 38 / EU 34,https://www.vinted.it/items/6926013325-maglia-donna-woolrich?referrer=catalog,0,6926013325,On Sale,,https://images1.vinted.net/t/04_00b72_KTrhFPYkaBDKYeRUfoUdW4xB/310x430/1755965731.jpeg?s=98e99e1040ad06fa035017134f4e5452761c1da8,1,1,
Camiseta  beis,3.33,Local,L / IT 44 / EU 40,https://www.vinted.it/items/6926013092-camiseta-beis?referrer=catalog,0,6926013092,On Sale,,https://images1.vinted.net/t/04_0114b_rCzo26fihCYPhowt8vc2Qgfa/310x430/1755965729.jpeg?s=4e6fec2158eae9b64d80d7fa75b33386d4bfe4a8,1,1,
Sézane Blouse Jordyn taille 40,74.2,Sézane,L / IT 44 / EU 40,https://www.vinted.it/items/6926014484-sezane-blouse-jordyn-taille-40?referrer=catalog,0,6926014484,On Sale,,https://images1.vinted.net/t/03_01f0e_Jq5JnQfTZifaqwzVrWqTD8pi/310x430/1755965739.jpeg?s=a729ed0c58ff59cf386324faafc9ebbc500dc8fd,1,1,
Top de punto beige,7.0,No brand,Taglia unica,https://www.vinted.it/items/6926014371-top-de-punto-beige?referrer=catalog,0,6926014371,On Sale,,https://images1.vinted.net/t/04_01da2_N9t7sDyYNBEfkWL6d9H88SkD/310x430/1755965738.jpeg?s=1919f9fbbb164f811aea74a151d2f03c37da4982,1,1,
Débardeur,2.8,Jennyfer,L / IT 44 / EU 40,https://www.vinted.it/items/6926014361-debardeur?referrer=catalog,0,6926014361,On Sale,,https://images1.vinted.net/t/04_01140_YggC9kkHKXAZyJ9wMStK3rd6/310x430/1755965738.jpeg?s=b6941dbb86da4771baa7441c4ddb9ebd041edf80,1,1,
Polo truitje,13.3,Freequent,L / IT 44 / EU 40,https://www.vinted.it/items/6926014374-polo-truitje-free-quent-beige-maat-l?referrer=catalog,0,6926014374,On Sale,,https://images1.vinted.net/t/03_0236b_DBHeUa7b6QvEojPbSWtbAtzH/310x430/1755965738.jpeg?s=760d345a4e322aadeea3d1c944e7b0a65936b2e1,1,1,
subdued top,4.38,Subdued,S / IT 40 / EU 36,https://www.vinted.it/items/6926014298-subdued-top?referrer=catalog,0,6926014298,On Sale,,https://images1.vinted.net/t/03_021de_7Xkmu9LdgxuGK8ne48Z1FHqJ/310x430/1755965737.jpeg?s=cfd8087e13a58ccb01a8ad832eb22ad168415baa,1,1,
Body blanco Anti-Flirt,32.2,Anti-Flirt,M / IT 42 / EU 38,https://www.vinted.it/items/6926013202-body-blanco-anti-flirt?referrer=catalog,0,6926013202,On Sale,,https://images1.vinted.net/t/04_01ef0_SJzYMfwf1k1538WAsKKvsSgG/310x430/1755965730.jpeg?s=a5affb286953e7257b333d0d9f81c3bca6eddf90,1,1,
Top y2k,16.45,Magnifique,S / IT 40 / EU 36,https://www.vinted.it/items/6926014203-top-y2k?referrer=catalog,0,6926014203,On Sale,,https://images1.vinted.net/t/01_01e73_WzcKWFpGWyLwbK1kRmpAWduy/310x430/1755965737.jpeg?s=33853c66b8bdeec7e293a4abc5e61f23940557dd,1,1,
Chemisier,16.45,Lukap,S / IT 40 / EU 36,https://www.vinted.it/items/6926013026-chemisier?referrer=catalog,0,6926013026,On Sale,,https://images1.vinted.net/t/04_01cdc_tzvz29CNfpMV18DZ6qoLx9qL/310x430/1755965728.jpeg?s=66c2f1dd3bcc4e82e4cb0094a76f42adec83092d,1,1,
Chemise homme ou femme,2.8,GANT,L / IT 44 / EU 40,https://www.vinted.it/items/6926014086-chemise-homme-ou-femme?referrer=catalog,0,6926014086,On Sale,,https://images1.vinted.net/t/03_007cf_ta3hFTbQBw8zwEXKNvNn8Szv/310x430/1755965736.jpeg?s=50f3d1ee6385fc4bb948d4864d63d73738e9fa9f,1,1,
Blouse Louisie bleue marine Sézane,37.45,Sézane,L / IT 44 / EU 40,https://www.vinted.it/items/6926014090-blouse-louisie-bleue-marine-sezane?referrer=catalog,0,6926014090,On Sale,,https://images1.vinted.net/t/04_00672_zQzWgwszwHxvpFn2jQ4xUgBK/310x430/1755965736.jpeg?s=a9be94550c805880e86411747527ce3a15327f9e,1,1,
Chemise Zara rose à motif Taille XS,10.15,Zara,XS / IT 38 / EU 34,https://www.vinted.it/items/6926014132-chemise-zara-rose-a-motif-taille-xs?referrer=catalog,0,6926014132,On Sale,,https://images1.vinted.net/t/03_0255d_MUdVQwv2m8aricnsrTLHaed1/310x430/1755965736.jpeg?s=f0550a26d45e2dc2fa858746cc90e941092f08d1,1,1,
Tshirt noir,1.75,Camaïeu,L / IT 44 / EU 40,https://www.vinted.it/items/6926013926-tshirt-noir?referrer=catalog,0,6926013926,On Sale,,https://images1.vinted.net/t/04_00be0_njYG8gnnAdCJg1xA778biuVJ/310x430/1755965735.jpeg?s=85c7d429699b528b1456d221c208b3584ac6668c,1,1,
Lot de 2 ensembles tee shirt pantalon,11.2,Boutique indépendante,Taglia unica,https://www.vinted.it/items/6926012874-lot-de-2-ensembles-tee-shirt-pantalon?referrer=catalog,0,6926012874,On Sale,,https://images1.vinted.net/t/04_00cc8_9mYRKwnMSo1h4REXkZXfHSUe/310x430/1755965727.jpeg?s=d668c351ab20c5155eeec15eec2f0305451dd989,1,1,
Top corto artigianale messicano stretch,5.95,Lavorazione Artigiana,Taglia unica,https://www.vinted.it/items/6926013022-top-corto-artigianale-messicano-stretch?referrer=catalog,0,6926013022,On Sale,,https://images1.vinted.net/t/04_00283_5K3gSVp3Kh72oLW7TEqiH7nn/310x430/1755965728.jpeg?s=f7c6d8e23f9ac3a5df0d0e2257e6abd77ef954b1,1,1,
Chemisier Femme,5.95,Morgan,XS / IT 38 / EU 34,https://www.vinted.it/items/6926012709-chemisier-femme-34-morgan?referrer=catalog,0,6926012709,On Sale,,https://images1.vinted.net/t/03_00c98_m3wszspr6ABgmo31zs1tTQmi/310x430/1755965726.jpeg?s=2e538f32314b5682c0ea77077c44e962819649f2,1,1,
"Schwarzes Longsleeve ""Creative Person"" Gr. M",20.64,Koton,M / IT 42 / EU 38,https://www.vinted.it/items/6926014053-schwarzes-longsleeve-creative-person-gr-m?referrer=catalog,0,6926014053,On Sale,,https://images1.vinted.net/t/01_00964_wYLwRcFr2dTLb8r5qnU8nNYD/310x430/1755965736.jpeg?s=989bc87494eb01936c203aa41a7cbc2d9f5cc9e5,1,1,
Top épaule dénudée marque George,2.8,George,XL / IT 46 / EU 42,https://www.vinted.it/items/6926013689-top-epaule-denudee-marque-george?referrer=catalog,0,6926013689,On Sale,,https://images1.vinted.net/t/04_0000a_j6jTsjU4RfJUNmw4Hn12ErSD/310x430/1755965733.jpeg?s=a4d629548f105bce06749d00775b4aeea2fcec23,1,1,
Donker grijze crop top,3.33,H&M,S / IT 40 / EU 36,https://www.vinted.it/items/6926013550-donker-grijze-crop-top?referrer=catalog,0,6926013550,On Sale,,https://images1.vinted.net/t/02_02001_fntuvEB73Yvba6PNffujNgJk/310x430/1755965732.jpeg?s=130d34b5e1c1ad9142fe07bfc71df578ac366eb0,1,1,
Maglia bianca donna,5.95,Iwie,XL / IT 46 / EU 42,https://www.vinted.it/items/6926013498-maglia-bianca-donna?referrer=catalog,0,6926013498,On Sale,,https://images1.vinted.net/t/01_01650_zPcZ9uxvUeXJ7z8UT6Bme43s/310x430/1755965732.jpeg?s=411f8551cf0b8a7b2a4c814a3c5407e1f4ba0daf,1,1,
T-shirt Gucci // liberty london bleu turquoise,167.65,Gucci,XS / IT 38 / EU 34,https://www.vinted.it/items/6925469711-t-shirt-gucci-liberty-london-bleu-turquoise?referrer=catalog,0,6925469711,On Sale,,https://images1.vinted.net/t/01_019e9_HxRnkXvmsXVsBk6ZxTAEoEvu/310x430/1755962013.jpeg?s=3c20f9a5aa4483230986e9795b23d77665d7f2b8,1,1,
Gucci Top,47.95,Gucci,XS / IT 38 / EU 34,https://www.vinted.it/items/6925037700-gucci-top?referrer=catalog,4,6925037700,On Sale,,https://images1.vinted.net/t/04_000e5_gwCH1Rs5Zg9y4xoqqvXJUCQg/310x430/1755959171.jpeg?s=d7edaa99cc44140ab52e40c91037f040b89c5691,1,1,
Gucci Top,58.45,Gucci,M / IT 42 / EU 38,https://www.vinted.it/items/6924997665-gucci-top?referrer=catalog,7,6924997665,On Sale,,https://images1.vinted.net/t/03_026c2_joeCVAQ2i2ZH3JDZqskxMbGz/310x430/1755958907.jpeg?s=322e18233056ddc5d71b30690dfe98d9ae4d5d98,1,1,
T shirt Gucci,16.45,Gucci,XXL / IT 48 / EU 44,https://www.vinted.it/items/6924315811-t-shirt-gucci?referrer=catalog,2,6924315811,On Sale,,https://images1.vinted.net/t/02_02409_6C14b3Vo8wYNmdRnmYFFdpoa/310x430/1755954473.jpeg?s=79b33d3117a84151865a49c27e8034ddd4da2543,1,1,
T-shirt gucci,105.69,Gucci,S / IT 40 / EU 36,https://www.vinted.it/items/6910564066-t-shirt-gucci?referrer=catalog,0,6910564066,On Sale,,https://images1.vinted.net/t/01_006de_tXouU8hS8axp8vFzA3LAu5yj/310x430/1755775677.jpeg?s=c65efd080eac1626e696a88127f69236054e853a,1,1,
Veste saharienne,441.7,Gucci,L / IT 44 / EU 40,https://www.vinted.it/items/6923227546-veste-saharienne?referrer=catalog,1,6923227546,On Sale,,https://images1.vinted.net/t/04_013e9_WpUHRLXdq3PrXrUxQ8KQZXYU/310x430/1755946930.jpeg?s=26b7f8c67f38d006a083bb81c5add9a4cc735b95,1,1,
T-shirt ricamo Gucci vintage,53.2,Gucci,XS / IT 38 / EU 34,https://www.vinted.it/items/6923222483-t-shirt-ricamo-gucci-vintage?referrer=catalog,4,6923222483,On Sale,,https://images1.vinted.net/t/03_00891_cfsSTZksehwKuwghxGvwu8AU/310x430/1755946893.jpeg?s=28a997a15c5fa68cd37dfa2057ef1425ddd8dc5a,1,1,
Sweat à capuche ample Gucci,242.2,Gucci,S / IT 40 / EU 36,https://www.vinted.it/items/6923040552-sweat-a-capuche-ample-gucci?referrer=catalog,0,6923040552,On Sale,,https://images1.vinted.net/t/02_008cf_wv5NTythZeechU6hMMyTXVAz/310x430/1755945578.jpeg?s=8bbabfabeb18d9af26f65337d85bcdd23b531299,1,1,
T-shirt women’s S,52.15,Gucci,S / IT 40 / EU 36,https://www.vinted.it/items/6918221592-t-shirt-womens-s?referrer=catalog,0,6918221592,On Sale,,https://images1.vinted.net/t/01_02538_k8ey2cGiekcygpQXyqH27ovK/310x430/1755871085.jpeg?s=0b94b1c9751a76d2054469cd7dc0b3f2226e5e3b,1,1,
t-shirt donna Gucci taglia m,20.65,Gucci,M / IT 42 / EU 38,https://www.vinted.it/items/6922732408-t-shirt-donna-gucci-taglia-m?referrer=catalog,2,6922732408,On Sale,,https://images1.vinted.net/t/04_00e9e_Muep6byu5wpw6MFrY4HzjSBG/310x430/1755943362.jpeg?s=0dde7e37a2e26bbc176cfa9d2c04e340ad7280ae,1,1,
Gucci chemise,278.95,Gucci,L / IT 44 / EU 40,https://www.vinted.it/items/6922611435-gucci-chemise?referrer=catalog,3,6922611435,On Sale,,https://images1.vinted.net/t/02_00433_DQRZ9AQyfwN4NTVsU7vXn2qh/310x430/1755942487.jpeg?s=cd72dc05eb1b6af5754c575ec0d342620efcd666,1,1,
Chemise à motifs en satin Gucci avec lacets,222.25,Gucci,M / IT 42 / EU 38,https://www.vinted.it/items/6922388708-chemise-a-motifs-en-satin-gucci-avec-lacets?referrer=catalog,3,6922388708,On Sale,,https://images1.vinted.net/t/01_012f5_CqYwSqgBtvQMD1L1tdquGLmX/310x430/1755940840.jpeg?s=69904596ea6d50868b799adffdc8423e827a2b78,1,1,
Haut manches longues Gucci noir,131.95,Gucci,M / IT 42 / EU 38,https://www.vinted.it/items/6922378233-haut-manches-longues-gucci-noir?referrer=catalog,1,6922378233,On Sale,,https://images1.vinted.net/t/01_01db6_QokQki6FXsveuHtzt2yp3YuT/310x430/1755940758.jpeg?s=3b740102e4b38ee732f981b65fcbeacc0cb94784,1,1,
t-shirt aderente gucci vintage Yk2,59.5,Gucci,XS / IT 38 / EU 34,https://www.vinted.it/items/6922344523-t-shirt-aderente-gucci-vintage-yk2?referrer=catalog,12,6922344523,On Sale,,https://images1.vinted.net/t/04_026f8_ZpFpww8GTfmBRsMskeg25ooC/310x430/1755940493.jpeg?s=c3bd10b480ee4439c681d65f5f18a2e05557c08a,1,1,
Top Gucci,11.2,Gucci,Taglia unica,https://www.vinted.it/items/6922284799-top-gucci?referrer=catalog,1,6922284799,On Sale,,https://images1.vinted.net/t/04_00427_8VUNBibkFENmFdvYYrYMZhwj/310x430/1755940713.jpeg?s=f896c53ca4ce4feaad4ba1d200f48353d25d7407,1,1,
Camicia floreale Gucci 100%cotone,104.65,Gucci,XS / IT 38 / EU 34,https://www.vinted.it/items/6922193842-camicia-floreale-gucci-100cotone?referrer=catalog,5,6922193842,On Sale,,https://images1.vinted.net/t/02_01942_gz9y4TpaBZk6f2r6Dhry4UCZ/310x430/1755939260.jpeg?s=a55f7ad8112c3e6eeac9c2ca9844bcfd58de51f2,1,1,
T-shirt Gucci bleu taille M  Motif cœur,294.7,Gucci,M / IT 42 / EU 38,https://www.vinted.it/items/6921521003-t-shirt-gucci-bleu-taille-m-motif-coeur?referrer=catalog,3,6921521003,On Sale,,https://images1.vinted.net/t/02_019ef_c6DPQ4ax6nqDPe5oT8XdtQxP/310x430/1755930330.jpeg?s=95dc590cfb7f39a8b1b679b814ef7bcc4f50028b,1,1,
T shirt,37.45,Gucci,XS / IT 38 / EU 34,https://www.vinted.it/items/6920768928-t-shirt?referrer=catalog,14,6920768928,On Sale,,https://images1.vinted.net/t/04_00d29_bdvYttrmCziiLtk7KJJDMPLn/310x430/1755892766.jpeg?s=184c3da4d5c3d7a1c304ab90f35bfd4467158c0e,1,1,
Gucci Tom Ford S/S 2002 Shirt,436.45,Gucci,S / IT 40 / EU 36,https://www.vinted.it/items/6920222186-gucci-tom-ford-ss-2002-shirt?referrer=catalog,89,6920222186,On Sale,,https://images1.vinted.net/t/03_00652_DBZ8eMwgr7R7snG6UbeWSx66/310x430/1755886741.jpeg?s=2d38805857736b5d4e359951d3e580c64b643efa,1,1,
Gucci - Top,315.7,Gucci,XS / IT 38 / EU 34,https://www.vinted.it/items/6920123925-gucci-top?referrer=catalog,1,6920123925,On Sale,,https://images1.vinted.net/t/04_01907_Xj5J8KfdLHnEdow3H8LP6cZq/310x430/1755885802.jpeg?s=de8f0fa9f627bbb38af356ee8994b95925ed75cd,1,1,
Gucci Damen T-Shirt Oversize M mit Pailletten,816.0,Gucci,M / IT 42 / EU 38,https://www.vinted.it/items/6919796193-gucci-damen-t-shirt-oversize-m-mit-pailletten?referrer=catalog,1,6919796193,On Sale,,https://images1.vinted.net/t/04_00845_gBhWC7bfFdCDUoQF7rZ4jRjZ/310x430/1755882876.jpeg?s=1bc5c9431b988e65b65699061abc6217784e8a5f,1,1,
Gucci Seidenbluse schwarz,74.2,Gucci,S / IT 40 / EU 36,https://www.vinted.it/items/6919137376-gucci-seidenbluse-schwarz?referrer=catalog,6,6919137376,On Sale,,https://images1.vinted.net/t/03_01719_JsPCkgM6QhnEi9E5bepzKbKf/310x430/1755877740.jpeg?s=34b72d1581b091cdd3dae936e7209846d278a83b,1,1,
Maglietta Gucci,37.45,Gucci,S / IT 40 / EU 36,https://www.vinted.it/items/6919038004-maglietta-gucci?referrer=catalog,14,6919038004,On Sale,,https://images1.vinted.net/t/02_01ee0_VchRSxhbugrqnYcRbVVDZou5/310x430/1755877006.jpeg?s=3a941bc7fd5f1047260ae2f260e4a6a8fe7bd410,1,1,
Tee shirt Gucci Taille 36/S,9.1,Gucci,S / IT 40 / EU 36,https://www.vinted.it/items/6917451720-tee-shirt-gucci-taille-36s?referrer=catalog,0,6917451720,On Sale,,https://images1.vinted.net/t/02_00285_Rr84nes3R6M271pJncAM2FPR/310x430/1755865511.jpeg?s=ba2ea65cc0113b44448f5ffe9bc290bcbab98c60,1,1,
Camicia Gucci🖤,142.45,Gucci,M / IT 42 / EU 38,https://www.vinted.it/items/6917124423-camicia-gucci?referrer=catalog,7,6917124423,On Sale,,https://images1.vinted.net/t/02_01651_kxaMAQDcEyyhchW3KTHV4Fvc/310x430/1755943734.jpeg?s=acb212ae70970bbf3921be7e926accf15a09a316,1,1,
Tshirt Gucci,158.2,Gucci,L / IT 44 / EU 40,https://www.vinted.it/items/6916518092-tshirt-gucci?referrer=catalog,1,6916518092,On Sale,,https://images1.vinted.net/t/04_02088_MgiizfmVWKeU3RTezVPaPsSi/310x430/1755858303.jpeg?s=c402a48649235b0b6000197c784306c4ee385bba,1,1,
Gucci camisa,263.2,Gucci,L / IT 44 / EU 40,https://www.vinted.it/items/6916490243-gucci-camisa?referrer=catalog,2,6916490243,On Sale,,https://images1.vinted.net/t/03_01e8d_VrzZ3b8MndXnCczDR8FQNnT1/310x430/1755858095.jpeg?s=5ef78f1902efb180aa902fea245caaca546a6b0c,1,1,
Maglietta nera di Gucci in viscosa,79.45,Gucci,M / IT 42 / EU 38,https://www.vinted.it/items/6916477430-maglietta-nera-di-gucci-in-viscosa-poliammide-ed-elastan-taglia-m?referrer=catalog,5,6916477430,On Sale,,https://images1.vinted.net/t/02_01ab2_E3F1vGbHCQ4xTrgBRzFxeRay/310x430/1755857998.jpeg?s=b6705ac542555f53996862fb7c6345f3d19ad14d,1,1,
"T-shirt donna Gucci"" colore nera taglia XL",19.6,Gucci,XL / IT 46 / EU 42,https://www.vinted.it/items/6915788950-t-shirt-donna-gucci-colore-nera-taglia-xl?referrer=catalog,6,6915788950,On Sale,,https://images1.vinted.net/t/03_00416_6G9iQ5KD5rKbZkMD8U3FNZAJ/310x430/1755850876.jpeg?s=00d0a51119540ac2a39d6090d8adc47d72c57a9c,1,1,
T shirt oversize gucci,105.7,Gucci,M / IT 42 / EU 38,https://www.vinted.it/items/6915442771-t-shirt-oversize-gucci?referrer=catalog,2,6915442771,On Sale,,https://images1.vinted.net/t/03_017df_yfT7hZuGUcA19BMNrrpS58Ys/310x430/1755846102.jpeg?s=7899b4a65d0d0b9b441c6cbbc4b668fc4da3573a,1,1,
T-shirt Gucci,30.1,Gucci,M / IT 42 / EU 38,https://www.vinted.it/items/6915255927-t-shirt-gucci?referrer=catalog,4,6915255927,On Sale,,https://images1.vinted.net/t/03_003e8_WRoiKQUNkHESSQCVbpbYZxBw/310x430/1755840986.jpeg?s=1b89986702577e4a1eed52be120021e8e04a2b51,1,1,
Gucci tshirt Xs perfetta paillettes,368.2,Gucci,XS / IT 38 / EU 34,https://www.vinted.it/items/6913959568-gucci-tshirt-xs-perfetta-paillettes?referrer=catalog,0,6913959568,On Sale,,https://images1.vinted.net/t/01_00702_LcS6eVhg214VYdUyyFM9gwLi/310x430/1755800611.jpeg?s=799ea852d3a9d683b5c2291656576665c2396531,1,1,
Chemise Gucci homme,368.2,Gucci,S / IT 40 / EU 36,https://www.vinted.it/items/6913265940-chemise-gucci-homme?referrer=catalog,2,6913265940,On Sale,,https://images1.vinted.net/t/04_01de5_uJQpSTBxPGaif5iuamdq8dh6/310x430/1755794984.jpeg?s=94f388313b0455e540fe2d6689c055c45e3b83ba,1,1,
Gucci,26.95,Gucci,S / IT 40 / EU 36,https://www.vinted.it/items/6913225347-gucci?referrer=catalog,2,6913225347,On Sale,,https://images1.vinted.net/t/01_01c25_nF2gJxLTSLwGrUYsHdikZovP/310x430/1755794686.jpeg?s=b3edb0e281ad77213cc25277b865ba82607ebfa2,1,1,
Parallele Gucci,32.2,Gucci,S / IT 40 / EU 36,https://www.vinted.it/items/6912929697-parallele-gucci?referrer=catalog,1,6912929697,On Sale,,https://images1.vinted.net/t/01_00406_BuQGLuPoDjNzxs7dWNVWHUMv/310x430/1755792544.jpeg?s=b8636672ee82683d57f65eaf1c2fa9ae060c8840,1,1,
T-shirt women’s top M,68.95,Gucci,M / IT 42 / EU 38,https://www.vinted.it/items/6891475516-t-shirt-womens-top-m?referrer=catalog,56,6891475516,On Sale,,https://images1.vinted.net/t/04_007a1_eyhVGdG974LYUnZQm6zB5ds6/310x430/1755522685.jpeg?s=d19a568e8ca53745bc624c724a298471c5f4adfb,1,1,
Gucci T-shirt 100 % katoen XS,58.45,Gucci,XS / IT 38 / EU 34,https://www.vinted.it/items/6911848875-gucci-t-shirt-100-katoen-xs?referrer=catalog,0,6911848875,On Sale,,https://images1.vinted.net/t/01_00bfa_xySehnYR6qQJktAM5U28HvZH/310x430/1755784991.jpeg?s=a37de82f187cd30fdaaded6cf15a5720428566ec,1,1,
Gucci striped top,63.7,Gucci,M / IT 42 / EU 38,https://www.vinted.it/items/6911526078-gucci-striped-top?referrer=catalog,5,6911526078,On Sale,,https://images1.vinted.net/t/02_00c3b_MVLj35MjoEwCMjR8PMPGM6q2/310x430/1755782734.jpeg?s=c92963e65876cde645fc2153d34ce534c53225cf,1,1,
Top Gucci,221.2,Gucci,S / IT 40 / EU 36,https://www.vinted.it/items/6911204172-top-gucci?referrer=catalog,3,6911204172,On Sale,,https://images1.vinted.net/t/04_00cf6_NSSHqwuyPmVBnQa1BtCEizKL/310x430/1755780448.jpeg?s=6d20f805a1cb3ad1f81a93c60bd6721c864b6c0e,1,1,
Gucci à manches longues,192.85,Gucci,M / IT 42 / EU 38,https://www.vinted.it/items/6910987984-gucci-a-manches-longues?referrer=catalog,1,6910987984,On Sale,,https://images1.vinted.net/t/01_00f80_S9ewZ9HZoMwuF3T4A8WcagZM/310x430/1755778870.jpeg?s=a2322d5f66506263d5271d473b754848d39e34ab,1,1,
T shirt gucci,104.65,Gucci,M / IT 42 / EU 38,https://www.vinted.it/items/6910524943-t-shirt-gucci?referrer=catalog,0,6910524943,On Sale,,https://images1.vinted.net/t/03_0090c_EudaJ8xx3TLJvY1eKuFHpZzK/310x430/1755775372.jpeg?s=d09e6c82463d696131b60b899a70b7ff8f84dbb3,1,1,
T-shirt Gucci Garden,95.2,Gucci,S / IT 40 / EU 36,https://www.vinted.it/items/6908785572-t-shirt-gucci-garden?referrer=catalog,2,6908785572,On Sale,,https://images1.vinted.net/t/03_023d2_CDjGqHBQizUfwkK1o9oLwwSs/310x430/1755758111.jpeg?s=2701022d5ab0f5be54424125a9a16840c988553f,1,1,
Maglietta Gucci,95.2,Gucci,XS / IT 38 / EU 34,https://www.vinted.it/items/6908328863-maglietta-gucci?referrer=catalog,2,6908328863,On Sale,,https://images1.vinted.net/t/01_00270_PHn8qRWDbw5KN4cEUcRTeFTX/310x430/1755725480.jpeg?s=a6d08e067d23c49d7b7d8f5fc59d2f0a05fccaf7,1,1,
Gucci t-shirt maglia donna bianca con strass y2k,53.2,Gucci,S / IT 40 / EU 36,https://www.vinted.it/items/6905709455-gucci-t-shirt-maglia-donna-bianca-con-strass-y2k?referrer=catalog,5,6905709455,On Sale,,https://images1.vinted.net/t/01_01061_tfcXkkcKVKUkGYZDRXHi3xgA/310x430/1755714206.jpeg?s=91b57d932e26dd3625aaae0012d00707d5e14187,1,1,
Tee Shirt GUCCi,21.7,Gucci,M / IT 42 / EU 38,https://www.vinted.it/items/6907161850-tee-shirt-gucci?referrer=catalog,1,6907161850,On Sale,,https://images1.vinted.net/t/02_00e28_9y8PayQsRFKdxbXkYfrAJh7x/310x430/1755783800.jpeg?s=9c9d240947813d7e559c89c2db542b89bd3916a6,1,1,
Beige Rose Gucci Top,378.7,Gucci,XS / IT 38 / EU 34,https://www.vinted.it/items/6906771722-beige-rose-gucci-top?referrer=catalog,4,6906771722,On Sale,,https://images1.vinted.net/t/01_00c23_bDnV5fX9YxZoiP7VvM9pmUVi/310x430/1755709787.jpeg?s=a9f9946c58dd1cf132fa69ee418572c2513121c4,1,1,
Gucci T-Shirt mit Brosche Damen Größe XL schwarz,189.7,Gucci,XL / IT 46 / EU 42,https://www.vinted.it/items/6906285693-gucci-t-shirt-mit-brosche-damen-grosse-xl-schwarz?referrer=catalog,0,6906285693,On Sale,,https://images1.vinted.net/t/04_003a4_sqMmc1wAyJVdSFaTFCLJvStN/310x430/1755706326.jpeg?s=027ced00dfb6228226509eb23d39886d374c1c1e,1,1,
Camiseta GUCCI,24.85,Gucci,L / IT 44 / EU 40,https://www.vinted.it/items/6905614844-camiseta-gucci?referrer=catalog,1,6905614844,On Sale,,https://images1.vinted.net/t/04_02664_oq4rGCZye2EXDHm4gzUYfrZi/310x430/1755701819.jpeg?s=666205f24a8a1141c27bd48c63eae0461c6919d1,1,1,
Volledig ongebruikt.,37.45,Gucci,M / IT 42 / EU 38,https://www.vinted.it/items/6905569771-volledig-ongebruikt?referrer=catalog,8,6905569771,On Sale,,https://images1.vinted.net/t/03_0237d_DSCgmTRpZPpsdZp8J8Cuxark/310x430/1755701524.jpeg?s=620dd3c9bbf2e73f0eadbc99d8c383595625225e,1,1,
Chemisier Gucci vintage,95.2,Gucci,S / IT 40 / EU 36,https://www.vinted.it/items/6904488456-chemisier-gucci-vintage?referrer=catalog,8,6904488456,On Sale,,https://images1.vinted.net/t/04_001a7_94MhhSrtpGg7dRhZnU6ZcR6a/310x430/1755694318.jpeg?s=37f7abf433a3a6d5eedea3c82762426d3e382bdb,1,1,
Original Gucci tshirt,14.35,Gucci,M / IT 42 / EU 38,https://www.vinted.it/items/6903789903-original-gucci-tshirt?referrer=catalog,3,6903789903,On Sale,,https://images1.vinted.net/t/01_014dc_jBTcm6sKzt4a8ptU56PhKg4r/310x430/1755689268.jpeg?s=2f49590ff1766d596cdac9b95d4d0f3cb02f2cbf,1,1,
Tee shirt  manche  Gucci 38,63.7,Gucci,M / IT 42 / EU 38,https://www.vinted.it/items/6902750565-tee-shirt-manche-gucci-38?referrer=catalog,3,6902750565,On Sale,,https://images1.vinted.net/t/02_01b27_4DZCcCG6yiNL5mWyjtoU6cti/310x430/1755681089.jpeg?s=dfc7fe10063b48141eb14a6d5003f1353cd28a97,1,1,
Gucci shirt,37.45,Gucci,S / IT 40 / EU 36,https://www.vinted.it/items/6903291080-gucci-shirt?referrer=catalog,1,6903291080,On Sale,,https://images1.vinted.net/t/03_01bff_nwipfqyaeT98RcAMhnyjisoJ/310x430/1755685408.jpeg?s=81d22f391a497f79ed29ba979432f87b45414682,1,1,
débardeur en soie Gucci,100.45,Gucci,S / IT 40 / EU 36,https://www.vinted.it/items/6902695595-debardeur-en-soie-gucci?referrer=catalog,4,6902695595,On Sale,,https://images1.vinted.net/t/04_00836_k5jQyVtZ8pDGnePDLpCECDP4/310x430/1755680620.jpeg?s=10227f893b00a562b7c086e4ab3834b900e4ea69,1,1,
Bluse von Gucci in Weiß Gr. 40 X3-Z59020,154.41,Gucci,L / IT 44 / EU 40,https://www.vinted.it/items/6902686456-bluse-von-gucci-in-weiss-gr-40-x3-z59020?referrer=catalog,8,6902686456,On Sale,,https://images1.vinted.net/t/04_0031a_mRz9HRXNy5XH43Lgz4U5Xg4D/310x430/1755680543.jpeg?s=6a9d62f123deef4dbc0789d589405419567af31e,1,1,
T shirt gucci femme,32.2,Gucci,L / IT 44 / EU 40,https://www.vinted.it/items/6903229965-t-shirt-gucci-femme?referrer=catalog,3,6903229965,On Sale,,https://images1.vinted.net/t/02_0255b_PzEzcwdBJPbFRDdHKC1Z4cpV/310x430/1755684934.jpeg?s=45da1b201ddbbbafbe9be1d82c5f457080b780be,1,1,
Gucci tshirt maat M,105.7,Gucci,M / IT 42 / EU 38,https://www.vinted.it/items/6902353774-gucci-tshirt-maat-m?referrer=catalog,3,6902353774,On Sale,,https://images1.vinted.net/t/04_008f1_1HVibaHjFYigD2cEQLWZHkjr/310x430/1755677282.jpeg?s=4d60a6d6fc9e12c64dd2ea1dd75d97ca535a106b,1,1,
Canotta Gucci bianca,42.7,Gucci,S / IT 40 / EU 36,https://www.vinted.it/items/6902332582-canotta-gucci-bianca?referrer=catalog,2,6902332582,On Sale,,https://images1.vinted.net/t/04_0196f_xc1CJCApgk6EdYNz5pP5EwKn/310x430/1755677034.jpeg?s=baa31b277f40a8d8315abd1e4e7c4b1a821671e2,1,1,
Archival Gucci blouse,294.7,Gucci,S / IT 40 / EU 36,https://www.vinted.it/items/6900500078-archival-gucci-blouse?referrer=catalog,9,6900500078,On Sale,,https://images1.vinted.net/t/02_002cd_JwdNSeVkazieNYj9jCQLGHzk/310x430/1755627354.jpeg?s=9465438787a390164ff82894abc591ca796964e2,1,1,
Gucci prima linea Camicia in seta tg 40 ita - EU 36 - S,147.7,Gucci,S / IT 40 / EU 36,https://www.vinted.it/items/6900358747-gucci-prima-linea-camicia-in-seta-tg-40-ita-eu-36-s?referrer=catalog,4,6900358747,On Sale,,https://images1.vinted.net/t/04_00b75_Tyx1uu5pQbrZDqj9f8E2RKYx/310x430/1755626154.jpeg?s=a95d1dfdd05be04a61c3a0dc04804dc12319c0f7,1,1,
stickers pour tissu doré,3.33,Gucci,Taglia unica,https://www.vinted.it/items/6898000909-stickers-pour-tissu-dore?referrer=catalog,1,6898000909,On Sale,,https://images1.vinted.net/t/04_0031b_pSNPFHw931vtqaknJnm4mGvW/310x430/1755609027.jpeg?s=c12554b9cb338ee353c30590c305ceeefd04db86,1,1,
Gucci vintage cashmere top,158.2,Gucci,Altro,https://www.vinted.it/items/6897981437-gucci-vintage-cashmere-top?referrer=catalog,33,6897981437,On Sale,,https://images1.vinted.net/t/03_02261_9qzdgLDXMWehkhsht2xcUj7g/310x430/1755762326.jpeg?s=270704619972d3351effe9742ec9834fb10c190e,1,1,
Chemise Gucci Tom Ford,263.2,Gucci,M / IT 42 / EU 38,https://www.vinted.it/items/6897820570-chemise-gucci-tom-ford?referrer=catalog,0,6897820570,On Sale,,https://images1.vinted.net/t/02_0205e_3riKoTHDV3yquLTYfCDWmysv/310x430/1755607691.jpeg?s=ce9e44c94e669b1892f3785a21f601c22b6df380,1,1,
Gucci,41.65,Gucci,L / IT 44 / EU 40,https://www.vinted.it/items/6897528604-gucci?referrer=catalog,0,6897528604,On Sale,,https://images1.vinted.net/t/04_00ab5_njNAi7rxYjTBjpqP33AtkJEg/310x430/1755605484.jpeg?s=9968c1da5bd791c47a9abb6f70e190415972d441,1,1,
Gucci t-shirt,32.2,Gucci,M / IT 42 / EU 38,https://www.vinted.it/items/6896869726-gucci-t-shirt?referrer=catalog,1,6896869726,On Sale,,https://images1.vinted.net/t/04_01e95_wpTR5QR1e4NRpbjVvswev2EX/310x430/1755600223.jpeg?s=207ae01ecee9dc4684bd6a97ad17f89ab061c5d7,1,1,
Top Gucci,315.7,Gucci,XS / IT 38 / EU 34,https://www.vinted.it/items/6896612682-top-gucci?referrer=catalog,0,6896612682,On Sale,,https://images1.vinted.net/t/04_00cf5_Uge1WZhtyeq6WMy4TunxGBqn/310x430/1755598181.jpeg?s=9b99ac539e9eeaa448a5f2c9511b934985ff28ca,1,1,
Maglia maniche lunghe Gucci,315.7,Gucci,XS / IT 38 / EU 34,https://www.vinted.it/items/6896578995-maglia-maniche-lunghe-gucci?referrer=catalog,0,6896578995,On Sale,,https://images1.vinted.net/t/02_02271_iR9rA2GZNcgbAycLd7syNPm3/310x430/1755597841.jpeg?s=a208b5c838f2276e9fcbb2dc38ddbdba61d38c49,1,1,
T shirt Gucci Large,100.45,Gucci,L / IT 44 / EU 40,https://www.vinted.it/items/6894530994-t-shirt-gucci-large?referrer=catalog,4,6894530994,On Sale,,https://images1.vinted.net/t/01_01872_AfzgjtsHSygGe38DDX62NJhk/310x430/1755545922.jpeg?s=171f2bbcfa569a5f58226ee6fc774d3ed8bb030e,1,1,
T-shirt Gucci,58.45,Gucci,XXL / IT 48 / EU 44,https://www.vinted.it/items/6891792771-t-shirt-gucci?referrer=catalog,1,6891792771,On Sale,,https://images1.vinted.net/t/04_0039f_yqMeYLedp659LsZi5fZnjhKx/310x430/1755524950.jpeg?s=00b4a0372a3e669f03eef33e085af5ea6ef360b9,1,1,
Pullover - Top von Gucci,336.7,Gucci,M / IT 42 / EU 38,https://www.vinted.it/items/6893643750-pullover-top-von-gucci?referrer=catalog,9,6893643750,On Sale,,https://images1.vinted.net/t/04_01bfe_HwAARVnfKdnGae23E1qBd3nG/310x430/1755538218.jpeg?s=4d12b469b68b5cab1ddfd891128175f7102c2154,1,1,
Gucci T-Shirt,158.2,Gucci,L / IT 44 / EU 40,https://www.vinted.it/items/6893505402-gucci-t-shirt?referrer=catalog,0,6893505402,On Sale,,https://images1.vinted.net/t/02_01c77_ioSJjAWQBrtkPCR4Twexn7Hf/310x430/1755537158.jpeg?s=9487b21810b8b5102ac99ad7f4f8c1a9d5c2457f,1,1,
🆕👚Gucci camicia vintage iconica stampa horsebit con logo,82.6,Gucci,S / IT 40 / EU 36,https://www.vinted.it/items/6893270289-gucci-camicia-vintage-iconica-stampa-horsebit-con-logo?referrer=catalog,66,6893270289,On Sale,,https://images1.vinted.net/t/03_0177b_zs7E1QNUCQo4t9jZHBs3GdcX/310x430/1755535407.jpeg?s=964cebfbbb17d8aec3f636e1741c74d01b89158e,1,1,
Camicia seta Gucci,336.7,Gucci,L / IT 44 / EU 40,https://www.vinted.it/items/6891745404-camicia-seta-gucci?referrer=catalog,5,6891745404,On Sale,,https://images1.vinted.net/t/02_01091_iFo277ZoEWYkuC9ypfBShAdA/310x430/1755524612.jpeg?s=646a0237a604624ebca1d977f67d19f2d8aa92fe,1,1,
Marinière Gucci,189.7,Gucci,XS / IT 38 / EU 34,https://www.vinted.it/items/6891597311-mariniere-gucci?referrer=catalog,1,6891597311,On Sale,,https://images1.vinted.net/t/04_00d79_Twfho8ycJ7k2JaKyTGah7x6n/310x430/1755523556.jpeg?s=eea2937ac81fc1f189bfdb89ecbdcd114f8e089d,1,1,
T-shirt Gucci,68.95,Gucci,M / IT 42 / EU 38,https://www.vinted.it/items/6891569458-t-shirt-gucci?referrer=catalog,2,6891569458,On Sale,,https://images1.vinted.net/t/03_0230a_whyPn4PNdgUzMLxMpNWavEo8/310x430/1755591010.jpeg?s=6e3131800ff6b98867006dbc9ed9e642b1b3c5c6,1,1,
Gucci Top / Baby Pink,53.2,Gucci,S / IT 40 / EU 36,https://www.vinted.it/items/6891268297-gucci-top-baby-pink?referrer=catalog,9,6891268297,On Sale,,https://images1.vinted.net/t/04_00f67_3dn8n1c4c8kLTpY48pdKjeQ3/310x430/1755521182.jpeg?s=ae1f8ef77aa0f9cf4586f890532beb4c8c09ebc1,1,1,
Rosa Gucci Bluse,483.7,Gucci,S / IT 40 / EU 36,https://www.vinted.it/items/6890983810-rosa-gucci-bluse?referrer=catalog,1,6890983810,On Sale,,https://images1.vinted.net/t/04_019ab_4CbvNtsfxGmjYJrZmQnepbeW/310x430/1755519048.jpeg?s=71287e0077fff245008f98ce07490cdba66b487e,1,1,
Gucci Vault X La Veste - top en soie,263.2,Gucci,XS / IT 38 / EU 34,https://www.vinted.it/items/6890691285-gucci-vault-x-la-veste-top-en-soie?referrer=catalog,1,6890691285,On Sale,,https://images1.vinted.net/t/02_0087c_xrkE8i2spwddz8268cxMjvSh/310x430/1755516763.jpeg?s=2d9d87a6863831a520aec9a650a0ada1aa8086ce,1,1,
Gucci Tshirt,9.1,Gucci,S / IT 40 / EU 36,https://www.vinted.it/items/6888783376-gucci-tshirt?referrer=catalog,3,6888783376,On Sale,,https://images1.vinted.net/t/03_00d61_tK9DucT5ytZj15oeW7vuF1io/310x430/1755472495.jpeg?s=0638a0690537d771e496c9aa17af34be37997d72,1,1,
Tshirt Gucci,20.65,Gucci,L / IT 44 / EU 40,https://www.vinted.it/items/6888121477-tshirt-gucci?referrer=catalog,10,6888121477,On Sale,,https://images1.vinted.net/t/02_0008c_PzKksxQUtMZ3SxQsCv5fiH3E/310x430/1755459425.jpeg?s=4a81340c8eae761113040b6d85e9acfdd3d22535,1,1,
Blusa seda gucci silk,53.2,Gucci,M / IT 42 / EU 38,https://www.vinted.it/items/6887595267-blusa-seda-gucci-silk?referrer=catalog,19,6887595267,On Sale,,https://images1.vinted.net/t/02_01326_dRVauRqfjmQWm3Hja6h77D9o/310x430/1755454725.jpeg?s=c7b93533db1064f2b762fb164884c1de4d01932a,1,1,
Tee shirt Gucci,15.4,Gucci,XL / IT 46 / EU 42,https://www.vinted.it/items/6887272313-tee-shirt-gucci?referrer=catalog,32,6887272313,On Sale,,https://images1.vinted.net/t/04_00001_jdruAwiqGF7n7fvJVTNexFWU/310x430/1755452221.jpeg?s=f419a54b5cc3f96cfc3419859cc74e380d13ea2f,1,1,
Gucci T-Shirt,105.7,Gucci,S / IT 40 / EU 36,https://www.vinted.it/items/6886464468-gucci-t-shirt?referrer=catalog,6,6886464468,On Sale,,https://images1.vinted.net/t/02_0228c_8pYCJaKKbVb62uLKbUeAMTKU/310x430/1755446780.jpeg?s=b9db7b4fd2474f6021f1c9ad7d4099726d51839a,1,1,
Womens Gucci GG Ghost Logo Overprint 100% Silk Shirt Size M Vintage Designer,189.7,Gucci,M / IT 42 / EU 38,https://www.vinted.it/items/6886086084-womens-gucci-gg-ghost-logo-overprint-100-silk-shirt-size-m-vintage-designer?referrer=catalog,8,6886086084,On Sale,,https://images1.vinted.net/t/03_017f9_M2v4pX9pz8auTYXt6MJ3XTby/310x430/1755444423.jpeg?s=8e85774117f2ff0209dc46bd7f61dfe9869e215f,1,1,
T-shirt Gucci,53.2,Gucci,XXL / IT 48 / EU 44,https://www.vinted.it/items/6885467166-t-shirt-gucci?referrer=catalog,20,6885467166,On Sale,,https://images1.vinted.net/t/02_00ab8_j2u5fkieNoRdGLMZXJXquz1A/310x430/1755440602.jpeg?s=88eb3803f0cb9f80bebce4bdca8d945409c8f702,1,1,
Chemise Gucci 100% Soie,138.25,Gucci,S / IT 40 / EU 36,https://www.vinted.it/items/6884954986-chemise-gucci-100-soie?referrer=catalog,3,6884954986,On Sale,,https://images1.vinted.net/t/02_01067_DMjneBV2wNFLkBRyu3nkZ9ab/310x430/1755437417.jpeg?s=e06132f5e0adc74ede21c82ccdd08bc123fcb731,1,1,
Original T-shirt Gucci,63.7,Gucci,L / IT 44 / EU 40,https://www.vinted.it/items/6884784002-original-t-shirt-gucci?referrer=catalog,2,6884784002,On Sale,,https://images1.vinted.net/t/02_004c2_aWMUZV3CxMzrjy9T9Qjo8dz4/310x430/1755443123.jpeg?s=27b03c8067e6f94f6fcd1b4698d133fb784c8a86,1,1,
GUCCI by Tom Ford Very unique cape-top,473.2,Gucci,Taglia unica,https://www.vinted.it/items/6884745900-gucci-by-tom-ford-very-unique-cape-top?referrer=catalog,4,6884745900,On Sale,,https://images1.vinted.net/t/02_0177b_sUgk799QHyLGckkYiaw9jo5J/310x430/1755436106.jpeg?s=ad598e88f906f9c238648abdc3c47e6168a03791,1,1,
Gucci polo,32.2,Gucci,M / IT 42 / EU 38,https://www.vinted.it/items/6884657742-gucci-polo?referrer=catalog,6,6884657742,On Sale,,https://images1.vinted.net/t/02_01227_tgcUPUyLunLF2QBpRQLJH49g/310x430/1755435543.jpeg?s=1899610c7203a0689d4935b270574a6abec065d2,1,1,
Gucci tshirt short sleeve,52.15,Gucci,XS / IT 38 / EU 34,https://www.vinted.it/items/6884216104-gucci-tshirt-short-sleeve?referrer=catalog,1,6884216104,On Sale,,https://images1.vinted.net/t/04_01da1_cGdK6n51TcGRyBjN1s6bKrey/310x430/1755432659.jpeg?s=a7e054236cca5676ec233df0f4d0aa73d158b6c4,1,1,
Gucci oversized shirt,105.7,Gucci,XS / IT 38 / EU 34,https://www.vinted.it/items/6883782811-gucci-oversized-shirt?referrer=catalog,4,6883782811,On Sale,,https://images1.vinted.net/t/03_00b75_2xtwhsgrGkjqqgZoUZQXktwD/310x430/1755429719.jpeg?s=286a9a941180ca45290093bec5c4f8315079fe98,1,1,
Mooi topje,37.45,Gucci,XXL / IT 48 / EU 44,https://www.vinted.it/items/6883323819-mooi-topje?referrer=catalog,4,6883323819,On Sale,,https://images1.vinted.net/t/03_01040_geGG4SwjPkH9rLP48wj8U4c6/310x430/1755426604.jpeg?s=21df35a4703357b67ae45817390586bc3b6e5bae,1,1,
Gucci T-Shirt,263.2,Gucci,S / IT 40 / EU 36,https://www.vinted.it/items/6883079784-gucci-t-shirt?referrer=catalog,0,6883079784,On Sale,,https://images1.vinted.net/t/02_0149b_eBgJS81iyCL89AzB4uPYoX6L/310x430/1755424967.jpeg?s=acf04dd92e68c3a45e1fd6e76af1535906089448,1,1,
Gucci T-shirt – Limited Edition,168.7,Gucci,M / IT 42 / EU 38,https://www.vinted.it/items/6882085298-gucci-t-shirt-limited-edition?referrer=catalog,3,6882085298,On Sale,,https://images1.vinted.net/t/03_00f8b_7D247qgYCGkMKKw3ZtGnvCeJ/310x430/1755416154.jpeg?s=0917bc17a584cfc01e7f11e2d8164aff19f91c2e,1,1,
Gucci navy blue t-shirt with classic logo - Size XXL,47.95,Gucci,XXL / IT 48 / EU 44,https://www.vinted.it/items/6880599745-gucci-navy-blue-t-shirt-with-classic-logo-size-xxl?referrer=catalog,6,6880599745,On Sale,,https://images1.vinted.net/t/01_00c74_c5aoaCR9hMRRPZqKcmvaeoki/310x430/1755412995.jpeg?s=fd2ade16cfed7a6df5477190c525301c7578568d,1,1,
Gucci tg XS,105.7,Gucci,XS / IT 38 / EU 34,https://www.vinted.it/items/6879184577-gucci-tg-xs?referrer=catalog,2,6879184577,On Sale,,https://images1.vinted.net/t/02_01845_dqWmWjKU5KfKxJmTVKXy96it/310x430/1755353996.jpeg?s=545902a2997bdde8456d6122fee3f1356e93e76b,1,1,
Gucci tank top,105.7,Gucci,S / IT 40 / EU 36,https://www.vinted.it/items/6926151431-gucci-tank-top?referrer=catalog,0,6926151431,On Sale,,https://images1.vinted.net/t/01_018d5_if2px955fLkyMVZE44NSzyQ1/310x430/1755967738.jpeg?s=d53c0d315f9b3444ce81174cbaf7bb635ee62c2d,1,1,
Maglietta Gucci floreale,5.95,Gucci,M / IT 42 / EU 38,https://www.vinted.it/items/6950677068-maglietta-gucci-floreale?referrer=catalog,0,6950677068,On Sale,,https://images1.vinted.net/t/04_007fe_gaDKgdDKEksjNTGuL2Byxiv6/310x430/1756278180.jpeg?s=31b53f0bb820f3c15de74cecc7b51cae47908e1a,1,1,
Chemise Gucci rayée bleues soie,89.95,Gucci,XL / IT 46 / EU 42,https://www.vinted.it/items/6950582220-chemise-gucci-rayee-bleues-soie?referrer=catalog,0,6950582220,On Sale,,https://images1.vinted.net/t/02_0086c_nwxJcrBDcvWPy9jwRn8uZL3r/310x430/1756276379.jpeg?s=de53c37c498edf0300058b52d8d6cef53223e4c8,1,1,
Gucci Bluse,105.7,Gucci,M / IT 42 / EU 38,https://www.vinted.it/items/6950505772-gucci-bluse?referrer=catalog,0,6950505772,On Sale,,https://images1.vinted.net/t/02_020ab_DHD7h2nrY5mNYURLDpktGhfy/310x430/1756274352.jpeg?s=417a5819fcd1674504485e0077b92f6ad9aeeaf9,1,1,
T-shirt Gucci,136.12,Gucci,S / IT 40 / EU 36,https://www.vinted.it/items/6950471357-t-shirt-gucci?referrer=catalog,0,6950471357,On Sale,,https://images1.vinted.net/t/03_013da_XGACjHar6GWbj8dAX6UJkWxH/310x430/1756273101.jpeg?s=c2c4d8fecb264743f90ed7cc316266974b7bcfa7,1,1,
Haut manches longues Gucci noir femme,131.95,Gucci,M / IT 42 / EU 38,https://www.vinted.it/items/6950424986-haut-manches-longues-gucci-noir-femme?referrer=catalog,1,6950424986,On Sale,,https://images1.vinted.net/t/02_025a0_4iD6LG9kUe1oTgCa4PJoHAo9/310x430/1756270491.jpeg?s=097514a21db1571cbd2c7d7567af55c1819eacf6,1,1,
Maglia Gucci mis xs,126.7,Gucci,XS / IT 38 / EU 34,https://www.vinted.it/items/6950401277-maglia-gucci-mis-xs?referrer=catalog,0,6950401277,On Sale,,https://images1.vinted.net/t/02_008b3_7Adar4LfLVQrvZSf92M5YirW/310x430/1756267585.jpeg?s=4e337fa5923f5c78ee96b8467f1178fe22871742,1,1,
Shirt Gucci,104.65,Gucci,XL / IT 46 / EU 42,https://www.vinted.it/items/6948879815-shirt-gucci?referrer=catalog,0,6948879815,On Sale,,https://images1.vinted.net/t/03_01be6_agiLjkTXrG5RPjqFUvZzterX/310x430/1756231449.jpeg?s=3b9f241aecd8f43b4d80a9eb1d51c2e32a5f1ac0,1,1,
Gucci - t-shirt,389.2,Gucci,S / IT 40 / EU 36,https://www.vinted.it/items/6948771745-gucci-t-shirt?referrer=catalog,0,6948771745,On Sale,,https://images1.vinted.net/t/04_016c2_Bdamc7iHzvBjRdebpJJJQspU/310x430/1756230613.jpeg?s=7269281a72bbeaff0090ee0066157ce3800527f4,1,1,
Stylisches Gucci T-Shirt GG,100.45,Gucci,M / IT 42 / EU 38,https://www.vinted.it/items/6948652059-stylisches-gucci-t-shirt-gg?referrer=catalog,1,6948652059,On Sale,,https://images1.vinted.net/t/04_00431_Y2YQDokSN9uhBUmjybp7UaKR/310x430/1756229712.jpeg?s=d13a915b65c5a4fcc94ca14271c9a9904de0edcc,1,1,
T-shirt Gucci,13.29,Gucci,XXL / IT 48 / EU 44,https://www.vinted.it/items/6943201682-t-shirt-gucci?referrer=catalog,4,6943201682,On Sale,,https://images1.vinted.net/t/02_00ed9_8b3hysJzfDrCnWFfSNnxpZ7w/310x430/1756158277.jpeg?s=c3367b9bc6b500a7a5fe401140d6e0da8a49b069,1,1,
T shirt gucci,3.85,Gucci,L / IT 44 / EU 40,https://www.vinted.it/items/6948507229-t-shirt-gucci?referrer=catalog,2,6948507229,On Sale,,https://images1.vinted.net/t/04_0078c_6uCj72Y658rQKcijxyfWfwag/310x430/1756228650.jpeg?s=6d7e09a7f308f0550fcf37c1e786a123a4a295bf,1,1,
T shirt pesci,158.2,Gucci,M / IT 42 / EU 38,https://www.vinted.it/items/6948300662-t-shirt-pesci?referrer=catalog,2,6948300662,On Sale,,https://images1.vinted.net/t/04_001b5_xAqrtSk9Pnzk9jt8RtT5UPQv/310x430/1756227208.jpeg?s=987a90c529bd4c6ad8035326c0ceb5811b60d80f,1,1,
Gucci setta,263.2,Gucci,L / IT 44 / EU 40,https://www.vinted.it/items/6947423739-gucci-setta?referrer=catalog,0,6947423739,On Sale,,https://images1.vinted.net/t/04_01e5b_7Uvq342ExkP434PoFGebPKY7/310x430/1756221363.jpeg?s=7a0e5497ee8e248741e779bacad655b888ce91b0,1,1,
C58 t-shirt noir Gucci S,26.95,Gucci,S / IT 40 / EU 36,https://www.vinted.it/items/6947398420-c58-t-shirt-noir-gucci-s?referrer=catalog,0,6947398420,On Sale,,https://images1.vinted.net/t/04_0252d_xY7p8pRAkzXB2d84ssxBbr2x/310x430/1756221198.jpeg?s=93a3e5d627b8413ebdd005ea354ee27e8a20e716,1,1,
Shirt von Gucci in Beige Gr. M V3-Z72867,154.41,Gucci,M / IT 42 / EU 38,https://www.vinted.it/items/6947302090-shirt-von-gucci-in-beige-gr-m-v3-z72867?referrer=catalog,0,6947302090,On Sale,,https://images1.vinted.net/t/04_01136_u9Bz2h1uUkxNTv6TXyLTNCL7/310x430/1756220562.jpeg?s=a9a1c52fc42ef104d8d6f442ed24a2bcc429335c,1,1,
T-shirt women’s M,89.95,Gucci,M / IT 42 / EU 38,https://www.vinted.it/items/6946360048-t-shirt-womens-m?referrer=catalog,1,6946360048,On Sale,,https://images1.vinted.net/t/02_00a20_W9popzhXceUKhPRbP1J6wgXC/310x430/1756214259.jpeg?s=9803f875c23810b112dc5e74ea1a28a286696b9b,1,1,
Gucci top,68.95,Gucci,S / IT 40 / EU 36,https://www.vinted.it/items/6946942372-gucci-top?referrer=catalog,22,6946942372,On Sale,,https://images1.vinted.net/t/02_0240f_57wxuFbJZ8AaxaJE8fe9z8Jv/310x430/1756218179.jpeg?s=6cea0bde8d898459d5edac8238477da6a409f742,1,1,
Gucci camicia seta tg 44,105.7,Gucci,L / IT 44 / EU 40,https://www.vinted.it/items/6946457474-gucci-camicia-seta-tg-44?referrer=catalog,4,6946457474,On Sale,,https://images1.vinted.net/t/04_01540_yGt69ywt77H1fEt29DaBiXoM/310x430/1756214923.jpeg?s=b724204cb839536f7a1ee9beeb16e6b993858630,1,1,
Chemise Gucci blanche – col tailleur & boutons siglés,53.2,Gucci,M / IT 42 / EU 38,https://www.vinted.it/items/6946168437-chemise-gucci-blanche-col-tailleur-boutons-sigles?referrer=catalog,21,6946168437,On Sale,,https://images1.vinted.net/t/03_01e07_gYXdcMPkfJmz6g2PSAMtp1cd/310x430/1756212953.jpeg?s=1ca352a722333a30199d5d211af0f57417a30303,1,1,
Chemise Gucci femme S 100% coton vintage,32.2,Gucci,S / IT 40 / EU 36,https://www.vinted.it/items/6946108367-chemise-gucci-femme-s-100-coton-vintage?referrer=catalog,5,6946108367,On Sale,,https://images1.vinted.net/t/04_008d5_BPt4WDWjDh4K8Uat73zi4DP5/310x430/1756212538.jpeg?s=e3e31d53ecf49fda450ea08c92b7e1d5bc4a5bbe,1,1,
T-shirt Gucci,53.2,Gucci,M / IT 42 / EU 38,https://www.vinted.it/items/6945722350-t-shirt-gucci?referrer=catalog,0,6945722350,On Sale,,https://images1.vinted.net/t/03_02622_UuwncFvsaxHsArR2LRyeXS5v/310x430/1756209810.jpeg?s=91e3522213bcccc7e11564dc44dcffc6e9504c48,1,1,
Blouse en soie Gucci.,116.2,Gucci,L / IT 44 / EU 40,https://www.vinted.it/items/6945152760-blouse-en-soie-gucci?referrer=catalog,9,6945152760,On Sale,,https://images1.vinted.net/t/03_00685_24pk8GEGgVDEUoUnjCF2CQRJ/310x430/1756205592.jpeg?s=f31a69bab4ab68f7ffac580f96825ff448725339,1,1,
Camicia Gucci,310.45,Gucci,Altro,https://www.vinted.it/items/6945000621-camicia-gucci?referrer=catalog,0,6945000621,On Sale,,https://images1.vinted.net/t/04_01caf_HJRGz2LdYUAWXj5yq2USeNkm/310x430/1756204436.jpeg?s=d17a16e829110a8abfa8ba98143281d04da1a801,1,1,
Top Gucci tamanho XS,26.95,Gucci,XS / IT 38 / EU 34,https://www.vinted.it/items/6944934138-top-gucci-tamanho-xs?referrer=catalog,5,6944934138,On Sale,,https://images1.vinted.net/t/03_013ef_ppTY3oMFkNfkq9X59vWSmUsY/310x430/1756203924.jpeg?s=fd9616b211c78ee81f6f251633e793a2dcc8c561,1,1,
Maglietta gucci bianca,42.7,Gucci,XS / IT 38 / EU 34,https://www.vinted.it/items/6944846466-maglietta-gucci-bianca?referrer=catalog,4,6944846466,On Sale,,https://images1.vinted.net/t/01_0187d_fqvKmuq29wnMfyNxkXckaK1Z/310x430/1756203257.jpeg?s=bde5b78c2546e0a057bbca2bd56e3bdd456f6d1a,1,1,
T shirt Gucci,105.7,Gucci,XL / IT 46 / EU 42,https://www.vinted.it/items/6944809688-t-shirt-gucci?referrer=catalog,0,6944809688,On Sale,,https://images1.vinted.net/t/02_00a6b_T8DWTK4iwRr2mRKYRj9Qoyc4/310x430/1756202974.jpeg?s=1e5e69f112059c5bb761a1984ed3635ea37ba412,1,1,
Dames T-shirt met Gucci print maat M halve borstomtrek 51 cm,47.95,Gucci,M / IT 42 / EU 38,https://www.vinted.it/items/6944416552-dames-t-shirt-met-gucci-print-maat-m-halve-borstomtrek-51-cm-100-katoen?referrer=catalog,10,6944416552,On Sale,,https://images1.vinted.net/t/04_01198_dDVtmE31ZjzjnjVekQ1rRSUg/310x430/1756199910.jpeg?s=bab8a546f57d5f638f96f634896127e1a189f73c,1,1,
Gucci Chateau Marmont T-Shirt,263.2,Gucci,XS / IT 38 / EU 34,https://www.vinted.it/items/6944003123-gucci-chateau-marmont-t-shirt?referrer=catalog,3,6944003123,On Sale,,https://images1.vinted.net/t/03_01222_FyK3Bfm6GptvKerriMhttnDd/310x430/1756196091.jpeg?s=41ae7c1e8f31cb8408db30f7c426652a3b44a46d,1,1,
Maglietta nera donna Gucci,10.15,Gucci,M / IT 42 / EU 38,https://www.vinted.it/items/6943715708-maglietta-nera-donna-gucci?referrer=catalog,15,6943715708,On Sale,,https://images1.vinted.net/t/01_026f6_wAXc1tmoPzNhGpK46peVUXu7/310x430/1756192301.jpeg?s=46eb0097235dec690c130cfd3a54bcf1dca17ac7,1,1,
Chemise homme Gucci 41 ''C2'',60.55,Gucci,L / IT 44 / EU 40,https://www.vinted.it/items/6942079477-chemise-homme-gucci-41-c2?referrer=catalog,8,6942079477,On Sale,,https://images1.vinted.net/t/02_0221f_tDyHk4PreRYfkMpgdepDqjkG/310x430/1756146269.jpeg?s=2b3d11f7e66818ce69d8f0527ba28911fd7ff28f,1,1,
Gucci,16.45,Gucci,L / IT 44 / EU 40,https://www.vinted.it/items/6941951801-gucci?referrer=catalog,8,6941951801,On Sale,,https://images1.vinted.net/t/04_00743_J5tifJZmqAvgkkerS4VYJnj5/310x430/1756145311.jpeg?s=036dde063873169a3122d6ced0be3e10d7c6f97b,1,1,
Débardeur Gucci,89.95,Gucci,M / IT 42 / EU 38,https://www.vinted.it/items/6941938927-debardeur-gucci?referrer=catalog,29,6941938927,On Sale,,https://images1.vinted.net/t/02_0207d_tHfhjHsHNxQFEBu4Kh2MomD5/310x430/1756145213.jpeg?s=82d4e065571f3e536e61c668f2f04e3e019ca829,1,1,
Camicia nera Donna Gucci,30.86,Gucci,S / IT 40 / EU 36,https://www.vinted.it/items/6941672250-camicia-nera-donna-gucci?referrer=catalog,4,6941672250,On Sale,,https://images1.vinted.net/t/04_01a08_YtVPQnmLKXn7mDBvVCSueDKd/310x430/1756143311.jpeg?s=c1eaf4e0b55da046929adac22379ddfc7e741b97,1,1,
chemise Gucci💎camisa camisera Gucci,58.45,Gucci,S / IT 40 / EU 36,https://www.vinted.it/items/6941478723-chemise-guccicamisa-camisera-gucci?referrer=catalog,2,6941478723,On Sale,,https://images1.vinted.net/t/02_02484_TkwM3mFUrZSWQ9L1c1vCbco6/310x430/1756142000.jpeg?s=c32c10ad9c1481d75835fda9721cb5464e411476,1,1,
Maglietta con manica 3/4,21.7,Gucci,M / IT 42 / EU 38,https://www.vinted.it/items/6941254655-maglietta-con-manica-34?referrer=catalog,3,6941254655,On Sale,,https://images1.vinted.net/t/04_00204_Dzzw85s2cPa2iiWFYmmVy6oQ/310x430/1756140529.jpeg?s=3dbc133288f402a629c32117e4af11efc6c89026,1,1,
Rare blue python blouse by Gucci from spring summer 2000,289.45,Gucci,S / IT 40 / EU 36,https://www.vinted.it/items/6813223919-rare-blue-python-blouse-by-gucci-from-spring-summer-2000?referrer=catalog,16,6813223919,On Sale,,https://images1.vinted.net/t/04_01d51_n43kokzfhRemk1tRytLceeWD/310x430/1754339092.jpeg?s=3da96118c4885ae110307483666ccf5bf0e25076,1,1,
maglia gucci con colletto,26.95,Gucci,M / IT 42 / EU 38,https://www.vinted.it/items/6939444570-maglia-gucci-con-colletto?referrer=catalog,1,6939444570,On Sale,,https://images1.vinted.net/t/04_02444_3oYdtWfA8htnPGcyb4AP7ErP/310x430/1756128906.jpeg?s=eb64535ddcb48758fd5fd9c2fcb57b5e509011f4,1,1,
Maglia Gucci,42.7,Gucci,L / IT 44 / EU 40,https://www.vinted.it/items/6938935584-maglia-gucci?referrer=catalog,13,6938935584,On Sale,,https://images1.vinted.net/t/03_00dc3_nvVRcrjLu9rGCpge1aqFgTw1/310x430/1756125648.jpeg?s=e7bdfd4a6b671fbd48ebf959d878ad8186ea3dcd,1,1,
Haut Gucci vert clair taille 38,74.2,Gucci,M / IT 42 / EU 38,https://www.vinted.it/items/6938367676-haut-gucci-vert-clair-taille-38?referrer=catalog,33,6938367676,On Sale,,https://images1.vinted.net/t/01_00c96_TKbMXEhU4ELnaUhqoveDwHXh/310x430/1756121874.jpeg?s=efa9bd28d5301f2013c00085563c010457ea7fe0,1,1,
Gucci,37.45,Gucci,M / IT 42 / EU 38,https://www.vinted.it/items/6938357585-gucci?referrer=catalog,0,6938357585,On Sale,,https://images1.vinted.net/t/04_0218a_iU4MG2zCi9LXXTKb7vRgwxDN/310x430/1756121805.jpeg?s=50c81b571752917ee8a63ac793367ffc3462d4e1,1,1,
Modello con girocollo t-shirt,126.7,Gucci,M / IT 42 / EU 38,https://www.vinted.it/items/6938105803-modello-con-girocollo-t-shirt?referrer=catalog,1,6938105803,On Sale,,https://images1.vinted.net/t/03_00e08_KXBKUxwUePyqvtxMk4Ypuag8/310x430/1756124331.jpeg?s=35a3d0eae9fcaf13ede47ea2a072fd87b81fe7a9,1,1,
Gucci Bluse Blau Hemd mit Knöpfen und Schleife,158.2,Gucci,S / IT 40 / EU 36,https://www.vinted.it/items/6937859132-gucci-bluse-blau-hemd-mit-knopfen-und-schleife?referrer=catalog,28,6937859132,On Sale,,https://images1.vinted.net/t/04_020b5_J6mpXf6sDEkQ8Gsa3m48YUFd/310x430/1756118288.jpeg?s=9b209ae99fea9c44a73aae3273842148ede85786,1,1,
Hauts Gucci,185.5,Gucci,S / IT 40 / EU 36,https://www.vinted.it/items/6937731403-hauts-gucci?referrer=catalog,0,6937731403,On Sale,,https://images1.vinted.net/t/03_02078_ngPHNtm182wk2NT5Ak3P9PKz/310x430/1756117364.jpeg?s=4d3e7490bf9ba5bb7e14b203aa12c9850a8eb20f,1,1,
GUCCI aria embroidered silk satin bralette yellow,420.7,Gucci,XS / IT 38 / EU 34,https://www.vinted.it/items/6937259384-gucci-aria-embroidered-silk-satin-bralette-yellow?referrer=catalog,0,6937259384,On Sale,,https://images1.vinted.net/t/04_022ae_HuQQrbuWEa5P2oM19JPjAvL5/310x430/1756113930.jpeg?s=3365a91673446f50294eb7ea6a4c3778ace08bab,1,1,
Blouse Gucci,273.7,Gucci,XS / IT 38 / EU 34,https://www.vinted.it/items/6937196649-blouse-gucci?referrer=catalog,49,6937196649,On Sale,,https://images1.vinted.net/t/04_003f5_7DkAfbLR6SEGTjxRpwiQydrE/310x430/1756113438.jpeg?s=7d073f455f790abcbf61891692befb0a932a4df3,1,1,
T shirt Gucci femme,11.2,Gucci,M / IT 42 / EU 38,https://www.vinted.it/items/6937006653-t-shirt-gucci-femme?referrer=catalog,4,6937006653,On Sale,,https://images1.vinted.net/t/01_00a51_hRtnnb5UY13QDdYRGTmvPQtD/310x430/1756111863.jpeg?s=1722108fb24e39d75a51cdfaccf018a18df5b285,1,1,
Gucci tshirt,189.7,Gucci,S / IT 40 / EU 36,https://www.vinted.it/items/6936101324-gucci-tshirt?referrer=catalog,2,6936101324,On Sale,,https://images1.vinted.net/t/04_024e1_oxXRVoPoSAe5seEEEnUitoNS/310x430/1756075464.jpeg?s=00b2443c638cd14842b6c061f291d11c385313f4,1,1,
Canotta Gucci 100% originale,210.7,Gucci,S / IT 40 / EU 36,https://www.vinted.it/items/6936059087-canotta-gucci-100-originale?referrer=catalog,0,6936059087,On Sale,,https://images1.vinted.net/t/01_01eff_1pJmqjFnrbgZLTa3YqYqRuqQ/310x430/1756120745.jpeg?s=89603bc0e6a7578f0bcc094f7260495312c216de,1,1,
gucci y2k modern purple longsleeve blouse tunic summer top classic,74.2,Gucci,S / IT 40 / EU 36,https://www.vinted.it/items/6935526654-gucci-y2k-modern-purple-longsleeve-blouse-tunic-summer-top-classic?referrer=catalog,45,6935526654,On Sale,,https://images1.vinted.net/t/04_023b3_LpTFL4veZRkqSrYYirgjkAXv/310x430/1756065377.jpeg?s=22a529574d39eac734457f2aaefdc6e62331ee52,1,1,
Gucci red top,104.65,Gucci,S / IT 40 / EU 36,https://www.vinted.it/items/6935075320-gucci-red-top?referrer=catalog,15,6935075320,On Sale,,https://images1.vinted.net/t/02_00b2c_Awj4gn7Y2egFZyfSmQvL9gvi/310x430/1756061400.jpeg?s=242f0e53aac84e8690506fd8efc15297c3e46826,1,1,
T-shirt Vintage Gucci,157.15,Gucci,XS / IT 38 / EU 34,https://www.vinted.it/items/6927744566-t-shirt-vintage-gucci?referrer=catalog,3,6927744566,On Sale,,https://images1.vinted.net/t/02_01a1c_SVKaAEpHcyz1AWwXN4X7v1nM/310x430/1755983417.jpeg?s=64ae0db204de9159f5466bf0691bba98fc073d57,1,1,
Gucci Tom Ford Spring Summer 1999 Silk Floral Button Up Shirt,315.7,Gucci,S / IT 40 / EU 36,https://www.vinted.it/items/6932725001-gucci-tom-ford-spring-summer-1999-silk-floral-button-up-shirt?referrer=catalog,17,6932725001,On Sale,,https://images1.vinted.net/t/01_016f5_eGM5q5jSeisLbBV1ixVeFnDZ/310x430/1756047377.jpeg?s=3ff741d13f94822f25d48746fe889b52efb2b3ee,1,1,
Gucci Shirt schlicht,32.2,Gucci,M / IT 42 / EU 38,https://www.vinted.it/items/6931746739-gucci-shirt-schlicht?referrer=catalog,4,6931746739,On Sale,,https://images1.vinted.net/t/04_009ed_LbsM4BmWt71xUFo8dPAEbUK8/310x430/1756042157.jpeg?s=4a6df2d7fb027aee065edfb9953cbdcdea31cf71,1,1,
Camicia Gucci,105.7,Gucci,M / IT 42 / EU 38,https://www.vinted.it/items/6931505845-camicia-gucci?referrer=catalog,4,6931505845,On Sale,,https://images1.vinted.net/t/03_00a9b_M4ovGu8bCWkp6ZHvrYmJLsXm/310x430/1756040851.jpeg?s=c29b989f736ec01c49281e831b9d3023dd81b10a,1,1,
Gucci Brown Micro-Dot Shirt with White Contrast Collar & Cuffs – Size M Tom Ford Era,158.2,Gucci,M / IT 42 / EU 38,https://www.vinted.it/items/6931356816-gucci-brown-micro-dot-shirt-with-white-contrast-collar-cuffs-size-m-tom-ford-era?referrer=catalog,3,6931356816,On Sale,,https://images1.vinted.net/t/04_0076a_nG5CJpsjfzzsfEKtQRvcxTVQ/310x430/1756040029.jpeg?s=9ac3b8f057d51c4add577a826d8eee04e4e02267,1,1,
Top femme noir,13.3,Gucci,M / IT 42 / EU 38,https://www.vinted.it/items/6929459185-top-femme-noir?referrer=catalog,3,6929459185,On Sale,,https://images1.vinted.net/t/02_0160b_kCmH5LXLFQxdcXLTJttFFcnj/310x430/1756028983.jpeg?s=df8ad5bbef20c5ad472f8508f7c4722bd7f3b3fa,1,1,
Élégante blouse en soie Gucci💎Elegante blusa de seda  Gucci,100.45,Gucci,S / IT 40 / EU 36,https://www.vinted.it/items/6928798907-elegante-blouse-en-soie-guccielegante-blusa-de-seda-gucci?referrer=catalog,6,6928798907,On Sale,,https://images1.vinted.net/t/02_012ef_5eywTcmZxnPEDLPyKb4ndKcR/310x430/1756052245.jpeg?s=47af7c281443b789e1edb4a4f3c75eba35e7a25f,1,1,
T-shirt Gucci taglia S,21.7,Gucci,S / IT 40 / EU 36,https://www.vinted.it/items/6928005676-t-shirt-gucci-taglia-s?referrer=catalog,12,6928005676,On Sale,,https://images1.vinted.net/t/03_00d22_RbMykffUuved6FdqZsEhgNZL/310x430/1755992590.jpeg?s=bb33ec6c1f8b65894f998298534bccb1ff1759ff,1,1,
Gucci Top in Maglia Giallo Senape S,221.2,Gucci,S / IT 40 / EU 36,https://www.vinted.it/items/6927741829-gucci-top-in-maglia-giallo-senape-s?referrer=catalog,34,6927741829,On Sale,,https://images1.vinted.net/t/02_0088d_19vnoGb8889koQ3BU5cNP66x/310x430/1755983362.jpeg?s=781c2160aff4107dbef9cb419826837905502aba,1,1,
Blusa Gucci seta senza etichetta,58.45,Gucci,M / IT 42 / EU 38,https://www.vinted.it/items/6926984659-blusa-gucci-seta-senza-etichetta?referrer=catalog,17,6926984659,On Sale,,https://images1.vinted.net/t/03_00280_yUoit7WbueQxfZ9gSAaBq49g/310x430/1755973690.jpeg?s=8e9a62159d0a574084334b3443a44769ada6b722,1,1,
Gucci Shirt grau Basic,21.7,Gucci,M / IT 42 / EU 38,https://www.vinted.it/items/6925915661-gucci-shirt-grau-basic?referrer=catalog,2,6925915661,On Sale,,https://images1.vinted.net/t/01_01435_ttkeHDGLKEKB9qjyBrnhK7AQ/310x430/1755965041.jpeg?s=689ea5488aaa2954ff347d61e126385885e1675d,1,1,
T-shirt Gucci,84.7,Gucci,S / IT 40 / EU 36,https://www.vinted.it/items/6923931306-t-shirt-gucci?referrer=catalog,3,6923931306,On Sale,,https://images1.vinted.net/t/03_0151a_78xgU9PK54K2H67BL7TwySXz/310x430/1755951911.jpeg?s=c78fa8c56642cff59d1c816519495807a0372720,1,1,
Authentic GUCCI Golf Bluse blouse Golf balls S it.42,100.45,Gucci,S / IT 40 / EU 36,https://www.vinted.it/items/6919903620-authentic-gucci-golf-bluse-blouse-golf-balls-s-it42?referrer=catalog,0,6919903620,On Sale,,https://images1.vinted.net/t/04_01b83_TuQBSn9v1HASjzTW3AcXq21K/310x430/1755883806.jpeg?s=690f33d402ef3c105c0fcc70d2b95c350b969d98,1,1,
t-shirt gucci,26.95,Gucci,S / IT 40 / EU 36,https://www.vinted.it/items/6918268079-t-shirt-gucci?referrer=catalog,4,6918268079,On Sale,,https://images1.vinted.net/t/02_021a7_JXFZ5eRBJEddyLdyuw3zjU57/310x430/1755871419.jpeg?s=960ed2db49ad1ff159daa278bf7f3ce606cc0669,1,1,
T-shirt rose gucci,16.45,Gucci,XL / IT 46 / EU 42,https://www.vinted.it/items/6918205591-t-shirt-rose-gucci?referrer=catalog,8,6918205591,On Sale,,https://images1.vinted.net/t/03_0232c_Mm4YePwu5pY4e1hgBEiKMMHV/310x430/1755870968.jpeg?s=916167b93e827411315529747d99604af7bf8aa2,1,1,
Maglia tipo gucci.,11.2,Gucci,L / IT 44 / EU 40,https://www.vinted.it/items/6914542240-maglia-tipo-gucci?referrer=catalog,1,6914542240,On Sale,,https://images1.vinted.net/t/02_01ece_8Y4XfYASTdgbN42bWkfFJ7Li/310x430/1755806307.jpeg?s=489a00cde8cfe45773d5c45a9e830030a3e303f6,1,1,
Maglietta Gucci,21.7,Gucci,M / IT 42 / EU 38,https://www.vinted.it/items/6908509014-maglietta-gucci?referrer=catalog,5,6908509014,On Sale,,https://images1.vinted.net/t/04_02169_YXP529TmUB4qLsqhVkXfs73N/310x430/1755731182.jpeg?s=3c7569359ea78c902e18a94f5ed62e92e418093b,1,1,
Bluse Gucci,84.7,Gucci,L / IT 44 / EU 40,https://www.vinted.it/items/6950766828-bluse-gucci?referrer=catalog,0,6950766828,On Sale,,https://images1.vinted.net/t/01_024d9_iXLyiYWS9ZkxWWsnCmXTWucW/310x430/1756279557.jpeg?s=167894a69e22d110c07c66d021d9ef9d5e31c70f,3,1,
Bluse denim GG,26.95,Gucci,M / IT 42 / EU 38,https://www.vinted.it/items/6950775271-bluse-denim-gg?referrer=catalog,0,6950775271,On Sale,,https://images1.vinted.net/t/04_012a6_UGVJ5toBosa7K3diSuZLCXa4/310x430/1756279673.jpeg?s=72cc123baddafa08cc2b1f3824b8333741d69815,5,1,
Gucci top,5.95,Gucci,XXL / IT 48 / EU 44,https://www.vinted.it/items/6951490180-gucci-top?referrer=catalog,0,6951490180,On Sale,,https://images1.vinted.net/t/02_00184_3MmExRTQMEV21CXZrrZTVtc1/310x430/1756286650.jpeg?s=7c00b31f5f80cc7577bb47d02d94980156bc84e4,15,1,
Gucci Vintage shirt,47.95,Gucci,M / IT 42 / EU 38,https://www.vinted.it/items/6951684795-gucci-vintage-shirt?referrer=catalog,1,6951684795,On Sale,,https://images1.vinted.net/t/04_010f7_unnokmSzWGxi8g6QiouHUgNf/310x430/1756288096.jpeg?s=f985afe9ee0ffb97b663f8f2502c1f734bf8970d,17,1,
Gucci Dames polo,53.2,Gucci,M / IT 42 / EU 38,https://www.vinted.it/items/6951612400-gucci-dames-polo?referrer=catalog,0,6951612400,On Sale,,https://images1.vinted.net/t/02_001a7_g6aeCvwUYkuR49VrGpJdn2v2/310x430/1756287567.jpeg?s=cae558a466b55e9f6b844a83d0118412cbdbd1fc,17,1,
Maglietta,16.45,Gucci,S / IT 40 / EU 36,https://www.vinted.it/items/6951606011-maglietta?referrer=catalog,0,6951606011,On Sale,,https://images1.vinted.net/t/02_021d1_Q1Z5nM2NTJUKqLnqb97y5w6X/310x430/1756287521.jpeg?s=8d3b5186bb76b1bf4c87f125e0d1a61eadafef5f,17,1,
T-shirt guess,11.2,Gucci,L / IT 44 / EU 40,https://www.vinted.it/items/6952038220-t-shirt-guess?referrer=catalog,0,6952038220,On Sale,,https://images1.vinted.net/t/02_00dd2_beb5XFEa1wkriNAenT3Jcd6N/310x430/1756290711.jpeg?s=59f819ac6011e0800351078fb57609e004662621,21,1,
T shirt Gucci,126.7,Gucci,S / IT 40 / EU 36,https://www.vinted.it/items/6951931789-t-shirt-gucci?referrer=catalog,3,6951931789,On Sale,,https://images1.vinted.net/t/02_01580_prCWLbf5LTeNmTG2ATRakQ19/310x430/1756289915.jpeg?s=e9e2035b47e20433c4fa90a501758aabd41e7760,21,1,
T shirt,26.95,Gucci,XS / IT 38 / EU 34,https://www.vinted.it/items/6952234920-t-shirt?referrer=catalog,1,6952234920,On Sale,,https://images1.vinted.net/t/01_01118_D5Kwfy22TumQuPHrzdX3iXZ7/310x430/1756292166.jpeg?s=11de9a1fe97cce89cbfe09e7df303e74d005ba8d,24,1,
T-shirt Gucci,42.7,Gucci,M / IT 42 / EU 38,https://www.vinted.it/items/6952752728-t-shirt-gucci?referrer=catalog,0,6952752728,On Sale,,https://images1.vinted.net/t/03_005f4_1BRaZpzZncEsjXBtz9DUapMY/310x430/1756295925.jpeg?s=dd56563ee3496e3a7022d1a7b0d41d5d127fdba4,29,1,
Camiseta gucci,315.7,Gucci,XXS / IT 36 / EU 32,https://www.vinted.it/items/6952359790-camiseta-gucci?referrer=catalog,0,6952359790,On Sale,,https://images1.vinted.net/t/02_00602_NuJbsV8i9jycuso9vjeGsPTM/310x430/1756293099.jpeg?s=d3a5d4d798b61a147f1a524c055b4c067a759c26,29,1,
Haut à manches courtes en tricot,189.7,Gucci,M / IT 42 / EU 38,https://www.vinted.it/items/6952783819-haut-a-manches-courtes-en-tricot?referrer=catalog,2,6952783819,On Sale,,https://images1.vinted.net/t/03_00cf3_YP6LJKxmNcCe79quqCYFFAhf/310x430/1756296141.jpeg?s=adbc9364e4b73827219b1307485afc66ed09c306,30,1,
T-shirt gucci,21.7,Gucci,L / IT 44 / EU 40,https://www.vinted.it/items/6953265383-t-shirt-gucci?referrer=catalog,0,6953265383,On Sale,,https://images1.vinted.net/t/01_00582_Qd2bRWMMhAQf1XQebJrrKvhu/310x430/1756299403.jpeg?s=23aa03589b7810c0ccb3b73b8f11bf6e5a8657f6,35,1,
Gucci Yellow Sequin Halter Top,29.04,Gucci,XS / IT 38 / EU 34,https://www.vinted.it/items/6953252505-gucci-yellow-sequin-halter-top?referrer=catalog,3,6953252505,On Sale,,https://images1.vinted.net/t/01_008cc_PiVMKMTkFxwS2MmPdMCUx1S8/310x430/1756299320.jpeg?s=6d734fc8496dfdc8d324cb22ebf9bbc8105a16ab,35,1,
Gucci Yellow Sequin Halter Top,42.69,Gucci,S / IT 40 / EU 36,https://www.vinted.it/items/6953487435-gucci-yellow-sequin-halter-top?referrer=catalog,6,6953487435,On Sale,,https://images1.vinted.net/t/02_00f4c_iTxQGs2Xh2ryGvYYYr1Rv8pc/310x430/1756300854.jpeg?s=39da4a27f0fb1fcb2c776b09907477e39da5c39a,38,1,
T-shirt,26.95,Gucci,S / IT 40 / EU 36,https://www.vinted.it/items/6953684739-t-shirt?referrer=catalog,0,6953684739,On Sale,,https://images1.vinted.net/t/04_00f5f_JST4QcZ6YSaztLTC5Ve5SLxV/310x430/1756302120.jpeg?s=b329445975d3084063e936512c198ca9fca891f4,39,1,
top strutturato,368.2,Gucci,M / IT 42 / EU 38,https://www.vinted.it/items/6954024431-top-strutturato?referrer=catalog,0,6954024431,On Sale,,https://images1.vinted.net/t/02_010ad_Nz1r2yMgRmuUUa7ofKFVaq4r/310x430/1756304300.jpeg?s=1ec337735ad1dfa94ed1b552eb376b9925079b8c,42,1,
Chemise Gucci 100% Soie,130.9,Gucci,S / IT 40 / EU 36,https://www.vinted.it/items/6953873104-chemise-gucci-100-soie?referrer=catalog,1,6953873104,On Sale,,https://images1.vinted.net/t/02_01d2d_sVMC6iAR1PQLghCTJZhKYvT3/310x430/1756303328.jpeg?s=0b03894ec53d071887de7c6cdb1d777619874a97,42,1,
Gucci s/m,3.85,Gucci,S / IT 40 / EU 36,https://www.vinted.it/items/6953838375-gucci-sm?referrer=catalog,3,6953838375,On Sale,,https://images1.vinted.net/t/04_01530_Ct1DagEbU88JoVnVmu3Bixxd/310x430/1756303106.jpeg?s=52274913a971cb6094b905010c2ee9d29862ac51,42,1,
T-shirt,26.95,Gucci,S / IT 40 / EU 36,https://www.vinted.it/items/6953795270-t-shirt?referrer=catalog,0,6953795270,On Sale,,https://images1.vinted.net/t/03_0178d_vbdqo98JkWTir2HCf1QyrVkT/310x430/1756302829.jpeg?s=5159bf0912017d42e3e188b34b01b68806a5f292,42,1,
Tchirt femme,3.85,Gucci,M / IT 42 / EU 38,https://www.vinted.it/items/6954671409-tchirt-femme?referrer=catalog,0,6954671409,On Sale,,https://images1.vinted.net/t/02_011c0_4F9j6yjvtJQr4Ry3mSZuQDRV/310x430/1756308418.jpeg?s=083938a9a8089b2b755268cbf46fbd09f303aef8,49,1,
braune GUCCI Bluse,20.65,Gucci,M / IT 42 / EU 38,https://www.vinted.it/items/6954629597-braune-gucci-bluse?referrer=catalog,6,6954629597,On Sale,,https://images1.vinted.net/t/03_01387_H5Dvz5heqpS2W3N5Fn4Yjanb/310x430/1756308153.jpeg?s=a03b29d4a83a2b57dd2879750d31c4ffb462d4e1,49,1,
Maglia Gucci,95.2,Gucci,S / IT 40 / EU 36,https://www.vinted.it/items/6954570930-maglia-gucci?referrer=catalog,1,6954570930,On Sale,,https://images1.vinted.net/t/04_01b8a_LSL1xhtdqkSrzWJYtPWgk6m1/310x430/1756307782.jpeg?s=d70c7ede878cf3df8a76389db6be70d5303af736,49,1,
Polo Gucci,10.15,Gucci,S / IT 40 / EU 36,https://www.vinted.it/items/6937778616-polo-gucci?referrer=catalog,4,6937778616,On Sale,,https://images1.vinted.net/t/04_005c4_DnJSCEpzjaS2yKyUYkVQCqV2/310x430/1756117706.jpeg?s=f9ab01594434480d7b04bd4f03da4b15bca84561,50,1,
Gucci Bluse,89.95,Gucci,M / IT 42 / EU 38,https://www.vinted.it/items/6955017043-gucci-bluse?referrer=catalog,0,6955017043,On Sale,,https://images1.vinted.net/t/04_01aeb_aLYv3jBHiWLTFc3wBy1e1EBU/310x430/1756310622.jpeg?s=f58c0efde55a93d4251115a7f3081a72819621c6,52,1,
Camiseta mujer m,4.9,Gucci,M / IT 42 / EU 38,https://www.vinted.it/items/6955204411-camiseta-mujer-m?referrer=catalog,0,6955204411,On Sale,,https://images1.vinted.net/t/04_022fe_NWoCikZALSWkFtSKWjdAEhM9/310x430/1756311858.jpeg?s=f406c70c9e0ad96a0582631f5d559af1e18db077,54,1,
T-shirt Gucci,210.7,Gucci,L / IT 44 / EU 40,https://www.vinted.it/items/6955161402-t-shirt-gucci?referrer=catalog,0,6955161402,On Sale,,https://images1.vinted.net/t/04_00549_qsS1HPf1RUjbyjbyiyTUbCwP/310x430/1756311573.jpeg?s=2d6ca804b00571c00adc724961898485e11e772e,54,1,
Tee shirt Gucci,105.7,Gucci,L / IT 44 / EU 40,https://www.vinted.it/items/6955101823-tee-shirt-gucci?referrer=catalog,0,6955101823,On Sale,,https://images1.vinted.net/t/04_01cbf_wyt1wgbCfbvat8XfnSW68njQ/310x430/1756311180.jpeg?s=e29dcd0d1fb75a51af5e0e64b4c6c07d7c936fc8,54,1,
Gucci White TShirt Women’s,158.2,Gucci,XS / IT 38 / EU 34,https://www.vinted.it/items/6955317076-gucci-white-tshirt-womens?referrer=catalog,0,6955317076,On Sale,,https://images1.vinted.net/t/04_00dd4_GCKKitTcF2DfM8kSUQf7RjDA/310x430/1756312620.jpeg?s=a3f0f88442869471c0c6b427923f8043cbc888f9,57,1,
Teeshirt Gucci,5.95,Gucci,XS / IT 38 / EU 34,https://www.vinted.it/items/6955209881-teeshirt-gucci?referrer=catalog,0,6955209881,On Sale,,https://images1.vinted.net/t/04_01bdc_6uXVE6kjBdQ1Stp8r6sREWyv/310x430/1756311895.jpeg?s=be3441f4cddf61ef3cfaf482a09be8db98a8e89c,57,1,
Haut Gucci noir à volants et manches en dentelle,37.45,Gucci,M / IT 42 / EU 38,https://www.vinted.it/items/6955563902-haut-gucci-noir-a-volants-et-manches-en-dentelle?referrer=catalog,0,6955563902,On Sale,,https://images1.vinted.net/t/03_020c7_361BEWfTEedTrJCTR9BpLqDy/310x430/1756314310.jpeg?s=e437037c3421152963e520c3a988e2201bc25345,58,1,
T shirt donna bianca,105.7,Gucci,XS / IT 38 / EU 34,https://www.vinted.it/items/6955540574-t-shirt-donna-bianca?referrer=catalog,0,6955540574,On Sale,,https://images1.vinted.net/t/01_00551_w6tCi14oScFjMm3H7D5iWC8a/310x430/1756314150.jpeg?s=99a4685d4314213ddfe84aaeb369e241489fad24,58,1,
Tshirt Gucci Garden,42.7,Gucci,M / IT 42 / EU 38,https://www.vinted.it/items/6955648483-tshirt-gucci-garden?referrer=catalog,0,6955648483,On Sale,,https://images1.vinted.net/t/03_01924_AX6M2uc1Rx84ZBW2Vsp21pF6/310x430/1756314908.jpeg?s=b82a43cdff66bf1817738e94a6e5f0414c87afa4,59,1,
Gucci t-shirt maglia donna bianca con strass y2k,37.45,Gucci,S / IT 40 / EU 36,https://www.vinted.it/items/6953927610-gucci-t-shirt-maglia-donna-bianca-con-strass-y2k?referrer=catalog,0,6953927610,On Sale,,https://images1.vinted.net/t/02_007a1_453qg4DCqE4cyB6sT8cLcvVY/310x430/1756303677.jpeg?s=b261d040745d5f40605f18483cdc2042ada4f86e,72,1,
Maglia cotone manica lunga,105.7,Gucci,L / IT 44 / EU 40,https://www.vinted.it/items/6956342245-maglia-cotone-manica-lunga-gucci-originale?referrer=catalog,0,6956342245,On Sale,,https://images1.vinted.net/t/04_0153a_SEVVXsy6gcS2wqXnbVDCEQE7/310x430/1756320376.jpeg?s=3ddb17cf4f9ee3d1db38243f6d49e391c9751cf0,72,1,
T-Shirt,2.28,Gucci,S / IT 40 / EU 36,https://www.vinted.it/items/6956286568-t-shirt?referrer=catalog,2,6956286568,On Sale,,https://images1.vinted.net/t/03_01105_fMsHyJcwBakqufSNXZnjqJuN/310x430/1756319902.jpeg?s=7a0632be51c7526668ba67da33f0e0d87d8b257b,72,1,
Camicetta Gucci,32.2,Gucci,XS / IT 38 / EU 34,https://www.vinted.it/items/6956259014-camicetta-gucci?referrer=catalog,1,6956259014,On Sale,,https://images1.vinted.net/t/04_01524_epgCptVFaq3vjKnP9btBggPt/310x430/1756319671.jpeg?s=ede901dc609c4604468145c6db1f15d1912d48b7,72,1,
Top seta,158.2,Gucci,M / IT 42 / EU 38,https://www.vinted.it/items/6956090208-top-seta?referrer=catalog,0,6956090208,On Sale,,https://images1.vinted.net/t/04_00e95_suj7R8tx4Lx1nD7FUwUrPbdX/310x430/1756318274.jpeg?s=c90041140baec03d997eadd9815e5d0f7266e18e,72,1,
Tshirt von Gucci zu verkaufen,11.2,Gucci,XS / IT 38 / EU 34,https://www.vinted.it/items/6955957505-tshirt-von-gucci-zu-verkaufen?referrer=catalog,1,6955957505,On Sale,,https://images1.vinted.net/t/04_0132b_ZrzqqSf6SRZNvz7bX22iz9DV/310x430/1756317214.jpeg?s=4ed20680e609959f54afdb56b761d7305c48645d,72,1,
Vintage GUCCI Top - Größe S,63.7,Gucci,S / IT 40 / EU 36,https://www.vinted.it/items/6955831635-vintage-gucci-top-grosse-s?referrer=catalog,2,6955831635,On Sale,,https://images1.vinted.net/t/01_01ffe_smQtLkPouxHYqM2MYcu93BrP/310x430/1756316453.jpeg?s=78eced284e1f7dfc8892c8d2057e0afeac8a3c1b,72,1,
T-shirt Gucci nr. L,5.95,Gucci,L / IT 44 / EU 40,https://www.vinted.it/items/6956662105-t-shirt-gucci-nr-l?referrer=catalog,1,6956662105,On Sale,,https://images1.vinted.net/t/04_01c2e_R8wUJuCW24SCqunNxLVtYoso/310x430/1756323196.jpeg?s=8620f075c006f319891f193007e96cbea47815e3,73,1,
T-shirt M,42.7,Gucci,M / IT 42 / EU 38,https://www.vinted.it/items/6956913685-t-shirt-m?referrer=catalog,0,6956913685,On Sale,,https://images1.vinted.net/t/03_01a4d_1jZD8UpPus2Q1nbG5qr8XZzw/310x430/1756325682.jpeg?s=a2f6b21a186710f7e64d119a21dd032e38ae1671,76,1,
Gucci original T-shirt,158.2,Gucci,S / IT 40 / EU 36,https://www.vinted.it/items/6957094896-gucci-original-t-shirt?referrer=catalog,0,6957094896,On Sale,,https://images1.vinted.net/t/04_00069_qdkF6PCrdVeiunwnuakjbdKH/310x430/1756327852.jpeg?s=1f24a775a21749797363dfdfbd4f453f6ac5de2c,80,1,
Pulover Gucci cu mânecă scurtă (L),104.65,Gucci,L / IT 44 / EU 40,https://www.vinted.it/items/6957775044-pulover-gucci-cu-maneca-scurta-l?referrer=catalog,0,6957775044,On Sale,,https://images1.vinted.net/t/03_00340_2MLsdxafj6W4qM6GhzAxty6x/310x430/1756364069.jpeg?s=647b2dd45d5b3dfb6d557196120b98f095446407,3,1,
Blusa Gucci original 100% seda manga comprida,231.7,Gucci,M / IT 42 / EU 38,https://www.vinted.it/items/6957330019-blusa-gucci-original-100-seda-manga-comprida?referrer=catalog,0,6957330019,On Sale,,https://images1.vinted.net/t/04_01906_R2yzDzKVLxUTudypRvWPxAKi/310x430/1756332203.jpeg?s=293407a15bd3a67960232e897102075913558088,3,1,
🤍t Shirt 36-38 casual chic,11.1,Gucci,M / IT 42 / EU 38,https://www.vinted.it/items/6957301973-t-shirt-36-38-casual-chic?referrer=catalog,2,6957301973,On Sale,,https://images1.vinted.net/t/03_01592_8GraR9sgoj4RfizrmTtSksny/310x430/1756331485.jpeg?s=8ff2f73243c7a53314c75e2c76dba4a5503daa2f,3,1,
Gucci t-shirt,74.2,Gucci,S / IT 40 / EU 36,https://www.vinted.it/items/6958604494-gucci-t-shirt?referrer=catalog,1,6958604494,On Sale,,https://images1.vinted.net/t/02_01a3e_F33Q57JnXEGwdiq3sZNL5YwS/310x430/1756373040.jpeg?s=eed9c57c59a102298d87bb6d95acccc2a097437f,16,1,
Gucci top,84.7,Gucci,L / IT 44 / EU 40,https://www.vinted.it/items/6958468071-gucci-top?referrer=catalog,0,6958468071,On Sale,,https://images1.vinted.net/t/04_01448_xYh3PPL36RnU9o9PcYnoQFqz/310x430/1756371947.jpeg?s=231783962d88b58b6e1a1a55480eeb1986bab8fa,16,1,
Ensemble c’est et Jean,473.2,Gucci,S / IT 40 / EU 36,https://www.vinted.it/items/6944265785-ensemble-cest-et-jean?referrer=catalog,0,6944265785,On Sale,,https://images1.vinted.net/t/01_01004_PPWrPuencb11PVWYR6ChPiP1/310x430/1756198626.jpeg?s=b4db6c5632c63a519a36f66fd241525e170774d2,16,1,
Maglia fuggi,20.13,Gucci,M / IT 42 / EU 38,https://www.vinted.it/items/6959606899-maglia-fuggi?referrer=catalog,0,6959606899,On Sale,,https://images1.vinted.net/t/02_01636_pyogY5PhG88HTRGHoRpH6nWf/310x430/1756380528.jpeg?s=5f90fe2fe6f036b0ef22e78c717bb904f5e040b8,29,1,
T-shirt Gucci,158.2,Gucci,S / IT 40 / EU 36,https://www.vinted.it/items/6959472177-t-shirt-gucci?referrer=catalog,0,6959472177,On Sale,,https://images1.vinted.net/t/04_003d0_h2Fvm43WJz6eeoEAEpNxS7HJ/310x430/1756379536.jpeg?s=4c44be9cd5c8e7dab386b94acc7ddec26b890a02,29,1,
Maglietta senza maniche Gucci,50.05,Gucci,XS / IT 38 / EU 34,https://www.vinted.it/items/6960062774-maglietta-senza-maniche-gucci?referrer=catalog,0,6960062774,On Sale,,https://images1.vinted.net/t/02_013e4_4aBWJ8SfnrTz7XCUnxYPgFEc/310x430/1756383750.jpeg?s=4288ca34037d1f7ccc17dec2949f29c23f64e7a3,35,1,
T-shirt femme,11.2,Gucci,S / IT 40 / EU 36,https://www.vinted.it/items/6960060121-t-shirt-femme?referrer=catalog,1,6960060121,On Sale,,https://images1.vinted.net/t/04_017e4_JBSKXbpYvrgpdrFomB1FZHD8/310x430/1756383731.jpeg?s=a8a7878cd384030ba62f01bdf4ddb07d3237c464,35,1,
Gucci x tom Ford,189.7,Gucci,S / IT 40 / EU 36,https://www.vinted.it/items/6960423329-gucci-x-tom-ford?referrer=catalog,0,6960423329,On Sale,,https://images1.vinted.net/t/04_0078a_dj9REewVNJeejuXaruPBByW9/310x430/1756386187.jpeg?s=9922582914a0f12a9adf3bec017b72edc6e7e010,36,1,
Maglia Gucci,11.2,Gucci,S / IT 40 / EU 36,https://www.vinted.it/items/6960766933-maglia-gucci?referrer=catalog,0,6960766933,On Sale,,https://images1.vinted.net/t/04_01ec2_QAcmXdTw4VdZ9WYBTxsuhF1D/310x430/1756388448.jpeg?s=4462aa17c4ce11fbfa720b418e8fd2beacbe6a72,41,1,
T shirt GUCCI streetwear,32.2,Gucci,M / IT 42 / EU 38,https://www.vinted.it/items/6960931592-t-shirt-gucci-streetwear?referrer=catalog,0,6960931592,On Sale,,https://images1.vinted.net/t/01_02699_9yUvZJc8SNGqnCQiJ1L6p3io/310x430/1756389525.jpeg?s=c062e7020b5fb52ff414c524d5229a73f743756e,42,1,
Tshirt Gucci x disney,95.2,Gucci,S / IT 40 / EU 36,https://www.vinted.it/items/6961593618-tshirt-gucci-x-disney?referrer=catalog,0,6961593618,On Sale,,https://images1.vinted.net/t/04_01a34_44PmLyE24FiYj8Whm2xUtMxz/310x430/1756393937.jpeg?s=6e878904accb99973298aed76d395ddca465d5cb,50,1,
Gucci by Tom Ford camicia runway 2003 seta blu navy,263.2,Gucci,M / IT 42 / EU 38,https://www.vinted.it/items/6961860252-gucci-by-tom-ford-camicia-runway-2003-seta-blu-navy?referrer=catalog,0,6961860252,On Sale,,https://images1.vinted.net/t/03_02408_rR6EaVgqmHofjxpfhgtgRCAu/310x430/1756395665.jpeg?s=cfd4eb02162e3239d9f4e5df9577e4a8b4f2f770,51,1,
T-shirt women’s S,62.65,Gucci,S / IT 40 / EU 36,https://www.vinted.it/items/6955477243-t-shirt-womens-s?referrer=catalog,0,6955477243,On Sale,,https://images1.vinted.net/t/04_01922_pACftFZVrYQECxr4CdfpvsEM/310x430/1756313715.jpeg?s=95728e405b860ed1a5dedcffec210186270cc240,51,1,
Camicia Donna Gucci collezione 2004,63.7,Gucci,M / IT 42 / EU 38,https://www.vinted.it/items/6961800222-camicia-donna-gucci-collezione-2004?referrer=catalog,1,6961800222,On Sale,,https://images1.vinted.net/t/04_01dfc_yh34D92nyCo8L9URsw391zeC/310x430/1756395277.jpeg?s=718dd39d4ad88537ccfa5aa0a23f476febc40531,51,1,
T-shirt women’s S,62.65,Gucci,S / IT 40 / EU 36,https://www.vinted.it/items/6955494387-t-shirt-womens-s?referrer=catalog,0,6955494387,On Sale,,https://images1.vinted.net/t/03_004c4_obsdP8bRB5BmQPr8fhA7YmbN/310x430/1756313832.jpeg?s=8822165334a5e1d0423e0ecc98f8cdba8d84da1a,57,1,
T-shirt,3.85,Gucci,Altro,https://www.vinted.it/items/6962431548-t-shirt?referrer=catalog,0,6962431548,On Sale,,https://images1.vinted.net/t/03_02328_cbHco79UfVixpUhPbCRADPUd/310x430/1756399482.jpeg?s=e47505aaffe3559bfbebbabc15d13fb340c0deda,57,1,
Canotta a coste bianca Gucci taglia XS,95.2,Gucci,XS / IT 38 / EU 34,https://www.vinted.it/items/6963528899-canotta-a-coste-bianca-gucci-taglia-xs?referrer=catalog,4,6963528899,On Sale,,https://images1.vinted.net/t/02_01e34_fEKoiVhXQJszXLkbFXTCt9Y5/310x430/1756408121.jpeg?s=878e6f5f96f2737234d3a90f70390b6781f2bed5,73,1,
Top Gucci,53.2,Gucci,S / IT 40 / EU 36,https://www.vinted.it/items/6963236524-top-gucci?referrer=catalog,20,6963236524,On Sale,,https://images1.vinted.net/t/04_01f15_BzPPzTWcoquZGJBqHCXovu1W/310x430/1756405603.jpeg?s=12ef93e278ecacefe95a4af9b0efbe765132202e,73,1,
Camicia estiva Gucci,63.7,Gucci,Altro,https://www.vinted.it/items/6963142857-camicia-estiva-gucci?referrer=catalog,3,6963142857,On Sale,,https://images1.vinted.net/t/03_01bc2_Q5VNujnPAr51be5V8hNHhpjY/310x430/1756404830.jpeg?s=914259a5d01c7319a0a369a9511874ffc4a3e26c,73,1,
t shirt Gucci,189.7,Gucci,XS / IT 38 / EU 34,https://www.vinted.it/items/6963699684-t-shirt-gucci?referrer=catalog,0,6963699684,On Sale,,https://images1.vinted.net/t/04_01905_XP6kd5SpsrSv96hf4atCYqFN/310x430/1756409694.jpeg?s=d10b3a5a8e329f15307b9962be526d9e4a75356c,74,1,
Canottiera Gucci,63.7,Gucci,S / IT 40 / EU 36,https://www.vinted.it/items/6986714435-canottiera-gucci?referrer=catalog,0,6986714435,On Sale,,https://images1.vinted.net/t/02_000f0_euDqCTUWre99x6pqofEiJyGJ/310x430/1756663431.jpeg?s=ea2cf728d8adcd2f14e98c853763b0d3b1020d29,1,1,
t-shirt,158.2,Gucci,S / IT 40 / EU 36,https://www.vinted.it/items/6985636652-t-shirt?referrer=catalog,0,6985636652,On Sale,,https://images1.vinted.net/t/02_01118_dgBdYGXqgZK1rQShTyLgjDXW/310x430/1756657760.jpeg?s=61755ce97642a2b4773392cb9f2182c3aefdc8d9,1,1,
Gucci marmont XxS,79.45,Gucci,XXS / IT 36 / EU 32,https://www.vinted.it/items/6985415173-gucci-marmont-xxs?referrer=catalog,0,6985415173,On Sale,,https://images1.vinted.net/t/04_0031a_jz9AMZvANHcNMsz8wv5SbXdN/310x430/1756656760.jpeg?s=7923280c18a88d65244b38b372156a9867970a0f,1,1,
Gucci Marmont T-Shirt. XXS,79.45,Gucci,XXS / IT 36 / EU 32,https://www.vinted.it/items/6985286854-gucci-marmont-t-shirt-xxs?referrer=catalog,0,6985286854,On Sale,,https://images1.vinted.net/t/03_001cb_A1FsYUNdpAcoAm3J5bgeDzjJ/310x430/1756656187.jpeg?s=0341025e728cbb015675255a7328730653435d1d,1,1,
Gucci T-Shirt S,79.45,Gucci,S / IT 40 / EU 36,https://www.vinted.it/items/6985147218-gucci-t-shirt-s?referrer=catalog,1,6985147218,On Sale,,https://images1.vinted.net/t/03_00f30_fJ9Y2h5gd8Mn2FVUNxMvTJoV/310x430/1756656064.jpeg?s=d368d111e6803fdc458a2a680a7cca1a55082d9c,1,1,
Gucci blusa in seta avorio XS,137.2,Gucci,XS / IT 38 / EU 34,https://www.vinted.it/items/6622454189-gucci-blusa-in-seta-avorio-xs?referrer=catalog,10,6622454189,On Sale,,https://images1.vinted.net/t/04_00a65_JF2zpupUFG4xtAyzhfU9KDFj/310x430/1756655836.jpeg?s=f2ea1b6a175de5d1b8ff5ccc38198b5b64ea4584,1,1,
Gucci T-Shirt XS,79.45,Gucci,XS / IT 38 / EU 34,https://www.vinted.it/items/6985165703-gucci-t-shirt-xs?referrer=catalog,1,6985165703,On Sale,,https://images1.vinted.net/t/03_0215c_eyvQ7bcJ3EJius5RiqDNYGue/310x430/1756655652.jpeg?s=b7b0cc2c9d2f8858ffc7ef32052c7af87b18d37b,1,1,
Maglioncino Gucci,95.2,Gucci,S / IT 40 / EU 36,https://www.vinted.it/items/6984573068-maglioncino-gucci?referrer=catalog,8,6984573068,On Sale,,https://images1.vinted.net/t/04_00c4f_T3d1Sy8qnBujERimZntnXBks/310x430/1756653083.jpeg?s=f6ee3eb93c9cebfa66539dd02fe3c4b1adb69d6e,1,1,
Polo nera manica corta Gucci,37.45,Gucci,M / IT 42 / EU 38,https://www.vinted.it/items/6984404020-polo-nera-manica-corta-gucci?referrer=catalog,0,6984404020,On Sale,,https://images1.vinted.net/t/02_00c4e_zXCxURkUeQLCha3Q3C5TJdCi/310x430/1756652346.jpeg?s=70c56015e9f2102e56e9e56274ef531380ba9a05,1,1,
Gucci,21.7,Gucci,S / IT 40 / EU 36,https://www.vinted.it/items/6984107785-gucci?referrer=catalog,0,6984107785,On Sale,,https://images1.vinted.net/t/03_02178_thX2L4W2GMkR1zo9HT3FViyG/310x430/1756651051.jpeg?s=a88b2f8b65f476c0df92a630e58bdef2866e74e9,1,1,
T-shirt women top S,94.15,Gucci,S / IT 40 / EU 36,https://www.vinted.it/items/6983957903-t-shirt-women-top-s?referrer=catalog,7,6983957903,On Sale,,https://images1.vinted.net/t/02_020fd_6r1dNhjdUFBePHnbpT1koXnd/310x430/1756650393.jpeg?s=fded7ca62de9f530c17ccee2d1d93addd5d9a5d5,1,1,
Maglietta Gucci con manica a 3/4,26.95,Gucci,M / IT 42 / EU 38,https://www.vinted.it/items/6983160873-maglietta-gucci-con-manica-a-34?referrer=catalog,3,6983160873,On Sale,,https://images1.vinted.net/t/01_003c9_zDcgeMwTduR6p28QMiWfgcEs/310x430/1756646885.jpeg?s=d4ace32fa70cb14cfaa5895af5451b883b7e26af,1,1,
Chemise Gucci,189.7,Gucci,M / IT 42 / EU 38,https://www.vinted.it/items/6982319008-chemise-gucci?referrer=catalog,0,6982319008,On Sale,,https://images1.vinted.net/t/03_013a1_bTw66X7PJBD5aepviaSYkfFt/310x430/1756643024.jpeg?s=4a945b40e88bd5d067cef4339daba4ccd8024f9a,1,1,
Original Gucci T-Shirt Weiß Grün Retro 1921 Bestickt Baumwolle M,314.65,Gucci,M / IT 42 / EU 38,https://www.vinted.it/items/6982234993-original-gucci-t-shirt-weiss-grun-retro-1921-bestickt-baumwolle-m?referrer=catalog,0,6982234993,On Sale,,https://images1.vinted.net/t/04_023f0_3pkN4zcHKnsXAJAH7w1TyWA5/310x430/1756642620.jpeg?s=214418db860b425a6f6374fdc4a0c49903dc90a9,1,1,
Original Gucci x Adidas T-Shirt Weiß Streifen Baumwolle XL 42,314.65,Gucci,XL / IT 46 / EU 42,https://www.vinted.it/items/6982207148-original-gucci-x-adidas-t-shirt-weiss-streifen-baumwolle-xl-42?referrer=catalog,3,6982207148,On Sale,,https://images1.vinted.net/t/04_0223a_xjQrK1ASmTaxeAybweLnyugt/310x430/1756642488.jpeg?s=e7f3064f23e245781c7d5a57747b4228d67cf611,1,1,
Camicia donna,63.7,Gucci,L / IT 44 / EU 40,https://www.vinted.it/items/6982105583-camicia-donna?referrer=catalog,7,6982105583,On Sale,,https://images1.vinted.net/t/03_020e5_oZ2iE6EXtH8gFuExXF3T2npK/310x430/1756641995.jpeg?s=754a33e0e8006dd19273be80f48195305147c771,1,1,
Chemise Gucci en soie,167.65,Gucci,M / IT 42 / EU 38,https://www.vinted.it/items/6982032753-chemise-gucci-en-soie?referrer=catalog,4,6982032753,On Sale,,https://images1.vinted.net/t/04_00441_W8HM4HGem96XAGkQBi9fRUgq/310x430/1756641639.jpeg?s=e5468dd0fcbac9b3f2d8e14163025af2d892d2b4,1,1,
Gucci top maniche lunghe,189.7,Gucci,XS / IT 38 / EU 34,https://www.vinted.it/items/6981522174-gucci-top-maniche-lunghe?referrer=catalog,39,6981522174,On Sale,,https://images1.vinted.net/t/04_0041a_U3noTC1KTP38UkjDQdN2MS9h/310x430/1756639062.jpeg?s=af021f662225d4c7b3121684fef2cbce433baba3,1,1,
Pull Gucci,45.85,Gucci,M / IT 42 / EU 38,https://www.vinted.it/items/6981402364-pull-gucci?referrer=catalog,19,6981402364,On Sale,,https://images1.vinted.net/t/04_024ad_KUfZgKRFfnm2v8Z8qHwRkqiK/310x430/1756638440.jpeg?s=9eed1537914129e8372b29ca80f2ed240e833f69,1,1,
Tee shirt Gucci,74.2,Gucci,S / IT 40 / EU 36,https://www.vinted.it/items/6981381815-tee-shirt-gucci?referrer=catalog,1,6981381815,On Sale,,https://images1.vinted.net/t/03_00c39_RmjLU2NTWvRzJbjZ72mxe2yj/310x430/1756638334.jpeg?s=713fe210ab45cee014033dc42798279c18e46734,1,1,
Shirt von Gucci in Rot Gr. S U6-Z73409,205.65,Gucci,S / IT 40 / EU 36,https://www.vinted.it/items/6981335960-shirt-von-gucci-in-rot-gr-s-u6-z73409?referrer=catalog,0,6981335960,On Sale,,https://images1.vinted.net/t/01_018a6_XJZBzEqVPbovmHAgqXesorzP/310x430/1756638096.jpeg?s=57d4541cd3fed2486eaaf72e923ad07aebf9897a,1,1,
Gucci suede shirt,473.2,Gucci,M / IT 42 / EU 38,https://www.vinted.it/items/6980793551-gucci-suede-shirt?referrer=catalog,1,6980793551,On Sale,,https://images1.vinted.net/t/02_00fd1_SgREAJJwXdYvJp9bGsAaK6Ge/310x430/1756635304.jpeg?s=9c4f4e832653d5240d5d2b5d6d5266bc008cb6a9,1,1,
T-shirt Gucci,53.2,Gucci,XS / IT 38 / EU 34,https://www.vinted.it/items/6980756326-t-shirt-gucci-donna-taglia-38?referrer=catalog,1,6980756326,On Sale,,https://images1.vinted.net/t/02_01abc_RoGnu3evFvSoNixmAzBTkMqS/310x430/1756635114.jpeg?s=38cad4d3a430bca58e1c6577440832d1dee169cf,1,1,
T-shirt long,7.0,Gucci,M / IT 42 / EU 38,https://www.vinted.it/items/6980585568-t-shirt-long?referrer=catalog,1,6980585568,On Sale,,https://images1.vinted.net/t/03_005ea_ZcvH5azL5QzqANWbUbwkdmVK/310x430/1756634230.jpeg?s=bf0fd89dc13cb79f46c29ea9c22a89f1a8b93af4,1,1,
Haut Gucci,47.95,Gucci,M / IT 42 / EU 38,https://www.vinted.it/items/6980187059-haut-gucci?referrer=catalog,0,6980187059,On Sale,,https://images1.vinted.net/t/04_01b42_D8aoAth1SxMKA1ZiNANUaoHF/310x430/1756632111.jpeg?s=0033d2eaa5efd016ad662d4d15b0f5849d090976,1,1,
Canottiera Gucci,84.7,Gucci,M / IT 42 / EU 38,https://www.vinted.it/items/6978660441-canottiera-gucci?referrer=catalog,10,6978660441,On Sale,,https://images1.vinted.net/t/02_02075_rsysCJeDwXz4n1LDKpJeCJ8Y/310x430/1756590153.jpeg?s=3c0059c802e6b15e2a9db39564ff44d8d8bc002e,1,1,
Top Gucci vintage,37.45,Gucci,S / IT 40 / EU 36,https://www.vinted.it/items/6978554636-top-gucci-vintage?referrer=catalog,16,6978554636,On Sale,,https://images1.vinted.net/t/02_0257e_CnpP6u44bM8bCgHgWduuxWeZ/310x430/1756588142.jpeg?s=0fc5b5ca8e31caf3c611ef2fee03c03f935fc620,1,1,
T-shirt Gucci,37.45,Gucci,S / IT 40 / EU 36,https://www.vinted.it/items/6977281938-t-shirt-gucci?referrer=catalog,7,6977281938,On Sale,,https://images1.vinted.net/t/04_00806_ST8YFtKHdGPjLcXiJWztisop/310x430/1756574959.jpeg?s=3b6683a56a9b8dad1a838d9c6b4ffd2e55d81c07,1,1,
Roze shirt van gucci,79.45,Gucci,M / IT 42 / EU 38,https://www.vinted.it/items/6976251576-roze-shirt-van-gucci?referrer=catalog,18,6976251576,On Sale,,https://images1.vinted.net/t/04_02097_E1hmZZRaPkm6RCFRZVNy1Xgb/310x430/1756568360.jpeg?s=e227c6917eacf2718b0c2a4e6137188531537407,1,1,
Gucci body,200.2,Gucci,S / IT 40 / EU 36,https://www.vinted.it/items/6976102660-gucci-body?referrer=catalog,2,6976102660,On Sale,,https://images1.vinted.net/t/02_00d17_AVsiWbDS3NZvfm3D24gAfnTy/310x430/1756567506.jpeg?s=acafd825929333de172680a174c74e3c0839fe2e,1,1,
Camicia donna,53.2,Gucci,S / IT 40 / EU 36,https://www.vinted.it/items/6975605195-camicia-donna?referrer=catalog,5,6975605195,On Sale,,https://images1.vinted.net/t/04_00ddd_xFzSX9nH8EqZyWjxvkKBWzzx/310x430/1756564690.jpeg?s=92f9cf1cd7b29e6ba9f111a28bbf8f35218ccde8,1,1,
Maglia Gucci originale,116.2,Gucci,S / IT 40 / EU 36,https://www.vinted.it/items/6974761231-maglia-gucci-originale?referrer=catalog,1,6974761231,On Sale,,https://images1.vinted.net/t/04_00508_bCjTQN9FJChtFHfzoarniD97/310x430/1756559884.jpeg?s=715996a219ced13f92a50bc6272996d0f5e61479,1,1,
Maglietta Gucci taglia S,16.45,Gucci,S / IT 40 / EU 36,https://www.vinted.it/items/6974605329-maglietta-gucci-taglia-s?referrer=catalog,10,6974605329,On Sale,,https://images1.vinted.net/t/03_0233d_Tni6DrXqsNshtyAQKAc7XMN8/310x430/1756558983.jpeg?s=bc8d4df2bc31c2b7d66a0887df6102c3f3df9780,1,1,
Chemisier / Blouse pour femme,47.95,Gucci,L / IT 44 / EU 40,https://www.vinted.it/items/6973747918-chemisier-blouse-pour-femme-gucci?referrer=catalog,26,6973747918,On Sale,,https://images1.vinted.net/t/04_00d3d_W6XsXL5wwH8FTtL6PDWKsTTr/310x430/1756553819.jpeg?s=baef3ab15279768a3b3b107f97694a7fd6b2b7c8,1,1,
T shirt Gucci 62,9.1,Gucci,S / IT 40 / EU 36,https://www.vinted.it/items/6973367388-t-shirt-gucci-62?referrer=catalog,51,6973367388,On Sale,,https://images1.vinted.net/t/04_0112e_hA6U1D16HFrYG7oFYtsZKM8p/310x430/1756551368.jpeg?s=30e15d7a0292440df2d91e368c54e128497dd054,1,1,
Gucci white blouse,152.95,Gucci,S / IT 40 / EU 36,https://www.vinted.it/items/6973334184-gucci-white-blouse?referrer=catalog,122,6973334184,On Sale,,https://images1.vinted.net/t/01_00d56_Uq6HdTSFQ5Z5uDoVjQRUfK4F/310x430/1756551153.jpeg?s=1cfc51d828c2acc3a13d6c57a031726ec5241019,1,1,
Polo ajouré Gucci X adidas crème style vintage,420.7,Gucci,S / IT 40 / EU 36,https://www.vinted.it/items/6973078049-polo-ajoure-gucci-x-adidas-creme-style-vintage?referrer=catalog,21,6973078049,On Sale,,https://images1.vinted.net/t/04_0224d_CKQ5e4sb9XBTj5sohYKDV27y/310x430/1756549504.jpeg?s=03485bee1c01b50fc64508938fcdf3ebd5c91e89,1,1,
Polo Gucci talla S,37.45,Gucci,S / IT 40 / EU 36,https://www.vinted.it/items/6972592716-polo-gucci-talla-s?referrer=catalog,0,6972592716,On Sale,,https://images1.vinted.net/t/03_014e8_zCCpi5aUV1RQ27siqWo1yutA/310x430/1756546362.jpeg?s=c8ffcf824e20130839a8c6c94fa620cef0336624,1,1,
Maglia Gucci,37.45,Gucci,M / IT 42 / EU 38,https://www.vinted.it/items/6972435388-maglia-gucci?referrer=catalog,0,6972435388,On Sale,,https://images1.vinted.net/t/04_01353_1jdc7xXpCNYg2EvwxxvsWqbz/310x430/1756545274.jpeg?s=9c1e18d8b697e8c3a8fbecf921079b6624e40ee2,1,1,
Camicia floreale Gucci 100%cotone,104.65,Gucci,XS / IT 38 / EU 34,https://www.vinted.it/items/6972435878-camicia-floreale-gucci-100cotone?referrer=catalog,1,6972435878,On Sale,,https://images1.vinted.net/t/02_01942_gz9y4TpaBZk6f2r6Dhry4UCZ/310x430/1756545278.jpeg?s=011f585da6ff9f0e99e70a66e7cc8af05d736cd9,1,1,
Camisa Gucci Negra,63.7,Gucci,S / IT 40 / EU 36,https://www.vinted.it/items/6971595813-camisa-gucci-negra?referrer=catalog,3,6971595813,On Sale,,https://images1.vinted.net/t/04_00b47_RMSCwMvUpnVhQvFtjNZj44rA/310x430/1756536696.jpeg?s=86e3134738f9cdb883aaeda155dcbf145ba318b4,1,1,
Camisa Gucci,63.7,Gucci,S / IT 40 / EU 36,https://www.vinted.it/items/6971590819-camisa-gucci?referrer=catalog,4,6971590819,On Sale,,https://images1.vinted.net/t/02_0023b_f9oa4J1uWv9DbQYw6s23EtvC/310x430/1756536601.jpeg?s=31ab75d7053457b33460c361d378615afc818540,1,1,
TEE shirt Gucci xxl,38.5,Gucci,XXL / IT 48 / EU 44,https://www.vinted.it/items/6971258913-tee-shirt-gucci-xxl?referrer=catalog,4,6971258913,On Sale,,https://images1.vinted.net/t/04_00cdb_EBryc5pxfupbffJc1xyqF3Dc/310x430/1756508278.jpeg?s=8e3cbee929b5c4cadf0c066fd129799efc48d309,1,1,
Gucci T-shirt orso XS,63.7,Gucci,XS / IT 38 / EU 34,https://www.vinted.it/items/6971007300-gucci-t-shirt-orso-xs?referrer=catalog,2,6971007300,On Sale,,https://images1.vinted.net/t/03_009b3_U2widQFHnZfGQvDQFAzDzWav/310x430/1756501798.jpeg?s=80deedf54e274659b570a140da613fb8f9cbe392,1,1,
Gucci t shirt,105.7,Gucci,S / IT 40 / EU 36,https://www.vinted.it/items/6970520262-gucci-t-shirt?referrer=catalog,5,6970520262,On Sale,,https://images1.vinted.net/t/02_0139c_rbqoKtBUev592eH5EsudwMFj/310x430/1756495686.jpeg?s=dbb80befcf8fe159a6330aaa9048568c023b3055,1,1,
Chaleco Gucci,336.7,Gucci,M / IT 42 / EU 38,https://www.vinted.it/items/6969862943-chaleco-gucci?referrer=catalog,3,6969862943,On Sale,,https://images1.vinted.net/t/02_00188_A27NzHD48eqNscam1ZwYi2TN/310x430/1756489551.jpeg?s=78cb4dcdecccaadc7bfbb6d80b5fbfe5659a7ef8,1,1,
Maglia Gucci,21.7,Gucci,S / IT 40 / EU 36,https://www.vinted.it/items/6969544654-maglia-gucci?referrer=catalog,2,6969544654,On Sale,,https://images1.vinted.net/t/04_02247_otU4Br11CLuDEggSbyMz6r6B/310x430/1756487040.jpeg?s=751081d55b6ae00a1097b7fd5841240d45666d6c,1,1,
Camisa de algodón totalmente solo un uso está casi nueva italiana,95.2,Gucci,L / IT 44 / EU 40,https://www.vinted.it/items/6969502354-camisa-de-algodon-totalmente-solo-un-uso-esta-casi-nueva-italiana?referrer=catalog,1,6969502354,On Sale,,https://images1.vinted.net/t/04_01706_a4tUKbAaUc7ThTACLWbuLKU1/310x430/1756486724.jpeg?s=9b82793982f48c7066a3722e163cfd83244121d9,1,1,
Gucci T-Shirt Damen – Weiß – Größe M – Made in Italy,84.7,Gucci,M / IT 42 / EU 38,https://www.vinted.it/items/6969280184-gucci-t-shirt-damen-weiss-grosse-m-made-in-italy?referrer=catalog,0,6969280184,On Sale,,https://images1.vinted.net/t/04_023e1_qzrKGKUT5VpVniEdKWjc2duf/310x430/1756485126.jpeg?s=edde85f8b447c5ff590885a0875ce54f57da0f01,1,1,
Silk blouse Gucci,210.7,Gucci,M / IT 42 / EU 38,https://www.vinted.it/items/6969071545-silk-blouse-gucci?referrer=catalog,15,6969071545,On Sale,,https://images1.vinted.net/t/04_00e33_72f7KdEfMkeqkx8yUEJW7c2f/310x430/1756483679.jpeg?s=18981e1e67edfd621837e5d903e0a053896e846b,1,1,
Authentic Gucci Spring 1999 Tom Ford Vintage Runway ruffle blouse 100% silk long sleeve size 44,315.7,Gucci,M / IT 42 / EU 38,https://www.vinted.it/items/6968661438-authentic-gucci-spring-1999-tom-ford-vintage-runway-ruffle-blouse-100-silk-long-sleeve-size-44?referrer=catalog,10,6968661438,On Sale,,https://images1.vinted.net/t/04_02623_x6gvBRRLwnWihgrstUzzunpb/310x430/1756480896.jpeg?s=49d7aaab8e20a19bfeeb8a20dfa2a9f9346b715d,1,1,
Camicia Gucci,189.7,Gucci,S / IT 40 / EU 36,https://www.vinted.it/items/6968442975-camicia-gucci?referrer=catalog,10,6968442975,On Sale,,https://images1.vinted.net/t/02_0255a_TNHS45G72ypZTBSVUeBsWZDa/310x430/1756479436.jpeg?s=7a600755c5968f198b381548884592803d822495,1,1,
T shirt Gucci vintage,126.7,Gucci,S / IT 40 / EU 36,https://www.vinted.it/items/6968300637-t-shirt-gucci-vintage?referrer=catalog,2,6968300637,On Sale,,https://images1.vinted.net/t/01_01b76_1qe3wdaMgH8qn4MsoLtDSpYr/310x430/1756478495.jpeg?s=f39c5f4c28376cd39e71d252e871f85913857d01,1,1,
T-shirt Gucci rouge,105.7,Gucci,XS / IT 38 / EU 34,https://www.vinted.it/items/6967737306-t-shirt-gucci-rouge?referrer=catalog,5,6967737306,On Sale,,https://images1.vinted.net/t/02_0083b_wtbNZ96Tqqg8S29Ptq8QRAgg/310x430/1756474734.jpeg?s=e60dae2fca47d6ddfeb00a54264583569af19d93,1,1,
T-shirt Gucci,63.7,Gucci,M / IT 42 / EU 38,https://www.vinted.it/items/6967635753-t-shirt-gucci?referrer=catalog,3,6967635753,On Sale,,https://images1.vinted.net/t/02_01d31_RHS2F1V26D35pzsLvfw7drs8/310x430/1756474052.jpeg?s=b062ef9c373e1c6ba6c1d1c96c245470f4683e83,1,1,
T-Shirt,53.2,Gucci,S / IT 40 / EU 36,https://www.vinted.it/items/6967453844-t-shirt?referrer=catalog,7,6967453844,On Sale,,https://images1.vinted.net/t/04_01314_DKif7L3RxgUKHSb7e7QENzqH/310x430/1756472817.jpeg?s=b0ed184870dfb7544b8d635331b496bafbc4c28a,1,1,
T-shirt bleu gucci taille M,5.95,Gucci,M / IT 42 / EU 38,https://www.vinted.it/items/6966269487-t-shirt-bleu-gucci-taille-m?referrer=catalog,12,6966269487,On Sale,,https://images1.vinted.net/t/03_00ca7_TXeExUqUeZqTFxM5aHLqBENb/310x430/1756464307.jpeg?s=c7c8f0efb96c3152a22028ce65cad07169ee5bf2,1,1,
corsetto con inserti di materiale di una borsa Gucci,95.2,Gucci,Taglia unica,https://www.vinted.it/items/6965491670-corsetto-con-inserti-di-materiale-di-una-borsa-gucci?referrer=catalog,40,6965491670,On Sale,,https://images1.vinted.net/t/04_00407_b1SJtAbwpRByMuzpfixks9eA/310x430/1756540543.jpeg?s=05385c9b7156d4ba23f3dcc14cec64a5915f6240,1,1,
Gucci,42.7,Gucci,M / IT 42 / EU 38,https://www.vinted.it/items/6957316319-gucci?referrer=catalog,2,6957316319,On Sale,,https://images1.vinted.net/t/04_00cae_yFYPtrqQpGrSjX89dd9CgWmn/310x430/1756454922.jpeg?s=0058c7364caed8c5bbc5f9f5a6858faac4eaa10e,1,1,
Gucci t-shirt,84.7,Gucci,XL / IT 46 / EU 42,https://www.vinted.it/items/6965032857-gucci-t-shirt?referrer=catalog,0,6965032857,On Sale,,https://images1.vinted.net/t/04_00e9a_x92S55zNwde6RCKHKF8UwsAa/310x430/1756455651.jpeg?s=199a4da0feab086e744c5c0bb5526600445dd457,1,1,
Gucci T-Shirt,53.2,Gucci,S / IT 40 / EU 36,https://www.vinted.it/items/6964374463-gucci-t-shirt?referrer=catalog,1,6964374463,On Sale,,https://images1.vinted.net/t/02_00e4a_7Ui33wrqQxZzcVtEDgW6Tso5/310x430/1756419412.jpeg?s=0a443727d57a6fc3ef0a06f39f331d4586a2fb45,1,1,
Gucci t-shirt Damen Gr. L original luxury vintage,53.19,Gucci,L / IT 44 / EU 40,https://www.vinted.it/items/6964338544-gucci-t-shirt-damen-gr-l-original-luxury-vintage?referrer=catalog,1,6964338544,On Sale,,https://images1.vinted.net/t/01_015fc_TX41w2jeWoZS9Ydpqpw6BEyc/310x430/1756418434.jpeg?s=f914112522b68eff857daca9a3e817f06bed60eb,1,1,
