Title,Price,Brand,Size,Link,Likes,Dataid,MarketStatus,SearchDate,Upload_date,Images,SearchCount,Page,SearchName
Prada Paradoxe,37.44,Prada,0,https://www.vinted.it/items/8200090552-prada-paradoxe?referrer=catalog,1,8200090552,On Sale,,,https://images1.vinted.net/t/05_00e39_Eu8WRoMHj9v3E1YdE8Ca5Syz/310x430/1771362124.webp?s=fa16b8052def7b7784075b291f08f5d0ab6da449,1,1,Prada
Prada paradoxe intense,38.5,Prada,0,https://www.vinted.it/items/8200011918-prada-paradoxe-intense?referrer=catalog,1,8200011918,On Sale,,,https://images1.vinted.net/t/05_01ef2_LCrve5a2sbbFP5hSfeCbyyi8/310x430/1771361394.webp?s=0088cf35fa2d0767cfa8ccd47959f922abb82832,1,1,Prada
Set Beauty Prada – Mini Balm + Crema Mani + Beauty Case 🌸,51.1,Prada,0,https://www.vinted.it/items/8199925791-set-beauty-prada-mini-balm-crema-mani-beauty-case?referrer=catalog,0,8199925791,On Sale,,,https://images1.vinted.net/t/06_00cbc_8TSY6gh9PF99jXeq2iF8R6A2/310x430/1771360635.webp?s=fc07b8a10217224e2c35fcff83ae3a130a7acf0b,1,1,Prada
Stivali alti Prada bordeaux|40,158.2,Prada,40,https://www.vinted.it/items/8200095974-stivali-alti-prada-bordeaux40?referrer=catalog,0,8200095974,On Sale,,,https://images1.vinted.net/t/05_0077b_aRFGYTeTYEJUHxaQT7tjqY1p/310x430/1771362175.webp?s=b5822c8a15cc781d02adb3d5ae77ed5de80f6d8f,1,1,Prada
Prada sport bag,294.7,Prada,0,https://www.vinted.it/items/8199927030-prada-sport-bag?referrer=catalog,1,8199927030,On Sale,,,https://images1.vinted.net/t/01_0040c_9oEMV4RH6pCS9Fn25865PwgA/310x430/1771360646.webp?s=cf364520f51e114e40553b5a5d08e53bc726dbce,1,1,Prada
Prada Arquè Re-Nylon,945.7,Prada,0,https://www.vinted.it/items/8200108903-prada-arque-re-nylon?referrer=catalog,0,8200108903,On Sale,,,https://images1.vinted.net/t/05_01599_8GiUUdd3SXXgNg4Ew1T7JMHC/310x430/1771362298.webp?s=d67ab0acfb08338d5bf9ce88f79a652415fe5c7c,1,1,Prada
Prada Re-edition 2005,893.2,Prada,0,https://www.vinted.it/items/8200047747-prada-re-edition-2005?referrer=catalog,0,8200047747,On Sale,,,https://images1.vinted.net/t/05_0160d_YykF6p1iVhPFafMhpn3qsjUw/310x430/1771361723.webp?s=6ce0ce91dc9fb22dda81412287d957498935688c,1,1,Prada
Prada Mini,84.7,Prada,0,https://www.vinted.it/items/8199887096-prada-mini?referrer=catalog,0,8199887096,On Sale,,,https://images1.vinted.net/t/05_0093b_tjFQYzty6NaxNAGPwTo1M64P/310x430/1771360300.webp?s=aac8d1c3ff749e9175f5b8a4d2ddd04598706de5,1,1,Prada
Prada Cup blu,163.44,Prada,42,https://www.vinted.it/items/8199862405-prada-cup-blu?referrer=catalog,0,8199862405,On Sale,,,https://images1.vinted.net/t/05_01751_kTmm5WcDPmwzAzh7dGwFC8z5/310x430/1771360089.webp?s=f976954fb183ae88ff6381617088e43dd4328aa5,1,1,Prada
Prada,7.0,Prada,0,https://www.vinted.it/items/8199682824-prada?referrer=catalog,0,8199682824,On Sale,,,https://images1.vinted.net/t/05_0014c_wKpSFqBReTwafvninGTdSRaD/310x430/1771358618.webp?s=9d8cf037f1a929d40761b750e4ce1b1bab7c6463,1,1,Prada
Montature occhiali nuovissima,105.7,Prada,0,https://www.vinted.it/items/8199736844-montature-occhiali-nuovissima?referrer=catalog,3,8199736844,On Sale,,,https://images1.vinted.net/t/06_00793_cmraySbhYfbNyAgFJnzQ3NAW/310x430/1771359059.webp?s=8fea1f442c89e4237e0bf592e618c2fd10cf3239,1,1,Prada
Prada L'Homme 50 ml Bottle,16.45,Prada,0,https://www.vinted.it/items/8199620527-prada-lhomme-50-ml-bottle?referrer=catalog,0,8199620527,On Sale,,,https://images1.vinted.net/t/01_0262a_fJwgDTHC3ioJQ7dLnHiYSa1C/310x430/1771358124.webp?s=4636f871d36bf14eee9a4a8f79f466992a2d6342,1,1,Prada
Occhiali da sole Prada,95.2,Prada,0,https://www.vinted.it/items/8199708175-occhiali-da-sole-prada?referrer=catalog,1,8199708175,On Sale,,,https://images1.vinted.net/t/05_02154_6WNAyqcCWT1U14j2pmBwC6Wf/310x430/1771358824.webp?s=b8247002ed8eb2f0ceca075d49ce1b33534acd86,1,1,Prada
Paradigme Prada,5.95,Prada,0,https://www.vinted.it/items/8177118734-paradigme-prada?referrer=catalog,0,8177118734,On Sale,,,https://images1.vinted.net/t/01_020d9_FnPFpumf47ybnjtLJzLRQ9rW/310x430/1771148992.webp?s=07f3649a6469fa3efbd696e6aea65141b47dcdd8,1,1,Prada
Lunettes femme léopard Prada,31.15,Prada,0,https://www.vinted.it/items/8199936899-lunettes-femme-leopard-prada?referrer=catalog,7,8199936899,On Sale,,,https://images1.vinted.net/t/05_00b31_sEvHxyxmDpGkRyrk75v95mjW/310x430/1771360732.webp?s=e368e3c250f6a7b962ccb50b54ad417f8c7bc7ab,1,1,Prada
Prada chaussures prada cups shoes,158.19,Prada,42,https://www.vinted.it/items/8200117625-prada-chaussures-prada-cups-shoes?referrer=catalog,0,8200117625,On Sale,,,https://images1.vinted.net/t/01_00f37_aCpAamE9umAtvHgsHCtf1yda/310x430/1771362382.webp?s=35809df5213e9162f46bd6a198496d717ec1d27a,1,1,Prada
Gonna a ruota invernale Prada,105.7,Prada,M / IT 42 / EU 38,https://www.vinted.it/items/8199609896-gonna-a-ruota-invernale-prada?referrer=catalog,2,8199609896,On Sale,,,https://images1.vinted.net/t/06_00e5f_PqxYd9Ak4yVk1synyhbTYj1N/310x430/1771358039.webp?s=d76ab1e245076ff8288927616b465b898baeda63,1,1,Prada
Sapatilhas Prada,121.45,Prada,41,https://www.vinted.it/items/8200064383-sapatilhas-prada?referrer=catalog,0,8200064383,On Sale,,,https://images1.vinted.net/t/01_00bbe_xRjAfGqs1ifSU2t9M2Bsyw2R/310x430/1771361879.webp?s=f8affcdad76984a19b4eb9573c35908ceebe3794,1,1,Prada
Prada zaino,357.7,Prada,0,https://www.vinted.it/items/8199664596-prada-zaino?referrer=catalog,9,8199664596,On Sale,,,https://images1.vinted.net/t/05_01087_UTwAHMuCmzPCbdYUHZQAnRRb/310x430/1771358473.webp?s=3d6c1fdd7aa2d9f854b8c4b1ec7481a02070eaec,1,1,Prada
Portafoglio Prada – pelle nera,473.2,Prada,0,https://www.vinted.it/items/8199700003-portafoglio-prada-pelle-nera?referrer=catalog,1,8199700003,On Sale,,,https://images1.vinted.net/t/05_00b42_rFk1QjtufVg5CwUXBVGZc91J/310x430/1771358805.webp?s=973381edfcd0d631ad1674908c84d2cd80b49b87,1,1,Prada
Prada cups bordeuxrood,68.95,Prada,35,https://www.vinted.it/items/8199898169-prada-cups-bordeuxrood?referrer=catalog,4,8199898169,On Sale,,,https://images1.vinted.net/t/06_0149d_JW5WXC1wm4VcBeJN1cUAkpjH/310x430/1771360395.webp?s=07fb28751c292f92273e880b6c201a347eb9ba38,1,1,Prada
Boots Prada noir,515.2,Prada,37,https://www.vinted.it/items/8196161328-boots-prada-noir?referrer=catalog,0,8196161328,On Sale,,,https://images1.vinted.net/t/01_00143_rFu3RbCHPfZLpPFe2UGBoaQi/310x430/1771334887.webp?s=d2e7f531f30663c33c65ec0bae5433d49b50c6d9,1,1,Prada
Prada Sonnenbrille schwarz,58.35,Prada,0,https://www.vinted.it/items/8168368058-prada-sonnenbrille-schwarz?referrer=catalog,1,8168368058,On Sale,,,https://images1.vinted.net/t/06_02275_kormi9BfKBzfrVavJz9MAgDj/310x430/1771014948.webp?s=5425575b82d7e909b13619f16ed189c05ad30f67,1,1,Prada
Paradoxe nuevo mujer,44.8,Prada,0,https://www.vinted.it/items/8199936476-paradoxe-nuevo-mujer?referrer=catalog,1,8199936476,On Sale,,,https://images1.vinted.net/t/06_0251d_YMBg8DckBnFum4mCLkSLBeHG/310x430/1771360729.webp?s=d051dc060bfe9f4c56ead203ef42b32f3e71301a,1,1,Prada
parfum Prada Paradoxe  90 mL,37.45,Prada,0,https://www.vinted.it/items/8199953006-parfum-prada-paradoxe-90-ml?referrer=catalog,4,8199953006,On Sale,,,https://images1.vinted.net/t/05_01632_KgMSNuCB3vCKWUno1G3eEwT8/310x430/1771360870.webp?s=927083b175ae7f004eada1458c2cdeef1cc4ec8c,1,1,Prada
Colección de perfumes Prada Candy de 30ml,147.7,Prada,0,https://www.vinted.it/items/8200034704-coleccion-de-perfumes-prada-candy-de-30ml?referrer=catalog,0,8200034704,On Sale,,,https://images1.vinted.net/t/05_023d0_8XvtPqgZoorsuq26DcLpHGBS/310x430/1771361605.webp?s=4de7f62693d22eded2c1fcf8861021ba84aef3b3,1,1,Prada
Scatola portaocchiali Prada,9.1,Prada,0,https://www.vinted.it/items/8199439189-scatola-portaocchiali-prada?referrer=catalog,0,8199439189,On Sale,,,https://images1.vinted.net/t/04_01d94_6zXJhQybrm6Zz6pkcJtj4T64/310x430/1771356678.webp?s=125f21a13142d076f69b586d4b6e6e8e38e08a34,1,1,Prada
Prada Sneakers – Modèle iconique – État impeccable,158.19,Prada,44,https://www.vinted.it/items/8200036519-prada-sneakers-modele-iconique-etat-impeccable?referrer=catalog,0,8200036519,On Sale,,,https://images1.vinted.net/t/05_00383_wWbqPMLDYNdGdGcEHKAoGuFd/310x430/1771361622.webp?s=1e9cbc7dcbb03c8b14854d14d9e896a6064c0438,1,1,Prada
Portachiavi Prada,42.7,Prada,0,https://www.vinted.it/items/8199449224-portachiavi-prada?referrer=catalog,0,8199449224,On Sale,,,https://images1.vinted.net/t/06_024b5_1oXkL116THwNocs1187gUzRH/310x430/1771356758.webp?s=bba872da36ecb407937929d5b1f1ad259cb9329c,1,1,Prada
Minigonna di Prada,368.2,Prada,XS / IT 38 / EU 34,https://www.vinted.it/items/8199580955-minigonna-di-prada?referrer=catalog,1,8199580955,On Sale,,,https://images1.vinted.net/t/01_01a01_TD2KXCi7uWNJwmDJwr1uyHpS/310x430/1771357807.webp?s=3ffc8c4745fed3d758e12166cd84bf5822a18818,1,1,Prada
Profumo Prada virtual flower 90 ml,42.7,Prada,0,https://www.vinted.it/items/8199425489-profumo-prada-virtual-flower-90-ml?referrer=catalog,0,8199425489,On Sale,,,https://images1.vinted.net/t/06_00214_yKj5kWesgGKKoJW2EUN7n5gp/310x430/1771356569.webp?s=676feea53d9464c67b676c5d876cabfb6b09e8ab,1,1,Prada
Prada bucket hat,284.2,Prada,S,https://www.vinted.it/items/8200007101-prada-bucket-hat?referrer=catalog,0,8200007101,On Sale,,,https://images1.vinted.net/t/05_02548_MJ8853v1GErkitnTEPaaiyaD/310x430/1771361351.webp?s=38af425b60258faa659a2a227a8010f2815fe1b6,1,1,Prada
Coffret parfum Prada,53.2,Prada,0,https://www.vinted.it/items/8199841452-coffret-parfum-prada?referrer=catalog,2,8199841452,On Sale,,,https://images1.vinted.net/t/06_018fc_8HR3NbfukxTwYW1iiKYXRUby/310x430/1771359914.webp?s=aba59d5ab2de131828ff44ba0255264073f15204,1,1,Prada
Porta tessere Prada nuovo,158.2,Prada,0,https://www.vinted.it/items/8199114655-porta-tessere-prada-nuovo?referrer=catalog,0,8199114655,On Sale,,,https://images1.vinted.net/t/05_00811_tck6DswwsUao5LLcasy3hKJi/310x430/1771354145.webp?s=0399cf30633de818c8a1b695020f10880f20c684,1,1,Prada
Busta Prada,8.05,Prada,0,https://www.vinted.it/items/8199320749-busta-prada?referrer=catalog,0,8199320749,On Sale,,,https://images1.vinted.net/t/04_015cf_HbBHLPhbMtkLxSp4LRHPiUpQ/310x430/1771355753.webp?s=a827375a68635a715ae92adc311ef1d08c52e417,1,1,Prada
Perfume Prada,53.2,Prada,0,https://www.vinted.it/items/8199840689-perfume-prada?referrer=catalog,1,8199840689,On Sale,,,https://images1.vinted.net/t/06_00daa_CT3J7sM84AURfoTuxD2Kp2Dv/310x430/1771359907.webp?s=636e3045740c3e8a58b6b92492dba53d528a3ee2,1,1,Prada
Prada cup verte,63.7,Prada,43,https://www.vinted.it/items/8199726111-prada-cup-verte?referrer=catalog,15,8199726111,On Sale,,,https://images1.vinted.net/t/06_007ce_4NNfKPhWroUzDFPeFVcxKKjb/310x430/1771358972.webp?s=5cf142acd74ca0bb93483669f5807254ce7e290c,1,1,Prada
Óculos Prada,74.2,Prada,0,https://www.vinted.it/items/8199712021-oculos-prada?referrer=catalog,0,8199712021,On Sale,,,https://images1.vinted.net/t/05_01301_14Y8oi5J93itpgghJF674xAF/310x430/1771358857.webp?s=9ce95dd9f73d501e0d637bde2d49bac5118fdec1,1,1,Prada
Impermeabile con bomber Prada,735.7,Prada,M,https://www.vinted.it/items/8199490030-impermeabile-con-bomber-prada?referrer=catalog,0,8199490030,On Sale,,,https://images1.vinted.net/t/05_00f27_hzBwun6oMGhSaKc5KNJ657EQ/310x430/1771357080.webp?s=20dc885ca74475fb7e03d1145c0be6198b9aa118,1,1,Prada
Parfum prada paradoxe,53.2,Prada,0,https://www.vinted.it/items/8199688520-parfum-prada-paradoxe?referrer=catalog,2,8199688520,On Sale,,,https://images1.vinted.net/t/03_015f5_Dn3mozLNarLgJ8cB7Rp2HHnm/310x430/1771358665.webp?s=5e176515de52890e2d1503b9a2b3465500e5584c,1,1,Prada
Prada,63.7,Prada,0,https://www.vinted.it/items/8199797421-prada?referrer=catalog,0,8199797421,On Sale,,,https://images1.vinted.net/t/01_003f4_8tciP4j7rNWLMhJWSQpiS14D/310x430/1771359545.webp?s=19702e46cb7feda2ad2ddeef14899b5f342005d1,1,1,Prada
Parfum paradoxe 90ml,53.2,Prada,0,https://www.vinted.it/items/8199640864-parfum-paradoxe-90ml?referrer=catalog,2,8199640864,On Sale,,,https://images1.vinted.net/t/04_01c88_tKDe9jvjsVsgKm2ZhSSKJX41/310x430/1771358284.webp?s=dbfa8f60ba2f44cbbebe16d7cd1c1208c5e4ecba,1,1,Prada
Prada libro sfilate Prada sigillate,37.45,No brand,0,https://www.vinted.it/items/8199838967-prada-libro-sfilate-prada-sigillate?referrer=catalog,6,8199838967,On Sale,,,https://images1.vinted.net/t/01_00163_mthNt3a5bJ7deTAbpnFh8Xdy/310x430/1771359892.webp?s=081cfcc03c1cb8c6a1a67c44332d177359389fa1,1,1,Prada
Prada stupenda tote bag in rafia,55.3,Prada,0,https://www.vinted.it/items/8199144080-prada-stupenda-tote-bag-in-rafia?referrer=catalog,1,8199144080,On Sale,,,https://images1.vinted.net/t/05_00245_hssW5y5i5kKrMQ85aJ5apbB9/310x430/1771354375.webp?s=cf382d27e13dc419e9b405b81606c089b584370b,1,1,Prada
Perfume Prada Black Luna Rosa 100ml,51.1,Prada,0,https://www.vinted.it/items/8199603470-perfume-prada-black-luna-rosa-100ml?referrer=catalog,0,8199603470,On Sale,,,https://images1.vinted.net/t/05_02668_BDDW6p99cw75M4gE4fjioQAx/310x430/1771357986.webp?s=4a5884f03510e5cb5c16aaaeec36cb3896995ef3,1,1,Prada
Paire de chaussures prada cup,126.69,Prada,44,https://www.vinted.it/items/8198429531-paire-de-chaussures-prada-cup?referrer=catalog,0,8198429531,On Sale,,,https://images1.vinted.net/t/06_010ab_8fxgxydiq1SFjMTgxbYzNCvF/310x430/1771358859.webp?s=0bf52b9d1bd2454d07eb107cbdcab8ec0e6f77ed,1,1,Prada
Lunette prada,158.2,Prada,0,https://www.vinted.it/items/8199736850-lunette-prada?referrer=catalog,0,8199736850,On Sale,,,https://images1.vinted.net/t/05_014bc_pyEEQEt51vJaCase1WJD8H4J/310x430/1771359059.webp?s=35b5dc30cd00712d66b6aec1de55c7e3b16c7ad1,1,1,Prada
Prada Ocean Luna Rossa Le Parfum (hombre),47.95,Prada,0,https://www.vinted.it/items/8199561173-prada-ocean-luna-rossa-le-parfum-hombre?referrer=catalog,0,8199561173,On Sale,,,https://images1.vinted.net/t/06_02331_oi19YSrg8ebouL5fJS6adxgV/310x430/1771357646.webp?s=931ef994bf65d7d08c29e97053ee12e7083f8729,1,1,Prada
Perfume Prada Infusión de Vetiver 100ml,74.2,Prada,0,https://www.vinted.it/items/8199579059-perfume-prada-infusion-de-vetiver-100ml?referrer=catalog,0,8199579059,On Sale,,,https://images1.vinted.net/t/05_0077f_7gS7G39k2eg8c3K1r48sKVr2/310x430/1771357927.webp?s=b0f95daf0eadbcbaab969c3e92f799c863c89856,1,1,Prada
scarpe prada,126.7,Prada,44,https://www.vinted.it/items/8199237691-scarpe-prada?referrer=catalog,0,8199237691,On Sale,,,https://images1.vinted.net/t/05_01e00_XX94xZAXARgC1dFv2ZKVowRC/310x430/1771355103.webp?s=536052fc7d04a77345f1d813dabb5280655ea89d,1,1,Prada
Lunettes Prada,32.2,Prada,0,https://www.vinted.it/items/8199527363-lunettes-prada?referrer=catalog,7,8199527363,On Sale,,,https://images1.vinted.net/t/06_0198a_Phq4gEoSGbFkuiQPHK3pgdXL/310x430/1771357378.webp?s=e9298c903fe459b433bc39630abd56dbed515acb,1,1,Prada
Pantaloni eleganti Prada | uomo | taglia 46 | colore blu notte,58.45,Prada,IT 46 | W36,https://www.vinted.it/items/8199083788-pantaloni-eleganti-prada-uomo-taglia-46-colore-blu-notte?referrer=catalog,1,8199083788,On Sale,,,https://images1.vinted.net/t/06_023b3_N4FDqxFrzmhaGnUJeMTBfgdu/310x430/1771353908.webp?s=948cef7c31e6c9f37ec9beb878675756284e5ab3,1,1,Prada
Leggenda della moda Prada,11.2,No brand,0,https://www.vinted.it/items/8199593020-leggenda-della-moda-prada?referrer=catalog,6,8199593020,On Sale,,,https://images1.vinted.net/t/05_00c49_pSeLhfyyNG4HoQT8Y5qAR7Wf/310x430/1771357902.webp?s=aa3bc2010b644d7edd59e5cb380170886ed26898,1,1,Prada
Spille PRADA,16.45,Prada,0,https://www.vinted.it/items/8198819004-spille-prada?referrer=catalog,8,8198819004,On Sale,,,https://images1.vinted.net/t/05_01911_SwxLUY2W2tMXP1UpMphKieLs/310x430/1771351926.webp?s=abb99bafa6defb8cfc2a98df842f7277098be3de,1,1,Prada
Eau de parfum Prada Paradoxe,84.7,Prada,0,https://www.vinted.it/items/8199542900-eau-de-parfum-prada-paradoxe?referrer=catalog,0,8199542900,On Sale,,,https://images1.vinted.net/t/05_00df4_wsG9FsR7iHxVfWam1r3TkUaC/310x430/1771357502.webp?s=43fd131ba8cd46edd8cff29d3fe53993a4b438ad,1,1,Prada
Archival 00s Prada Sport Gore Tex Flared Biker Jacket Size 42 (ITA) M,188.65,Prada,M / IT 42 / EU 38,https://www.vinted.it/items/8199623861-archival-00s-prada-sport-gore-tex-flared-biker-jacket-size-42-ita-m?referrer=catalog,3,8199623861,On Sale,,,https://images1.vinted.net/t/05_00080_uq7uPHTtWhyP3JiMnfrgrGaU/310x430/1771358151.webp?s=eab88a931f8ee94a9f025da89fc2bf1ca099f32f,1,1,Prada
Prada,31.14,Prada,0,https://www.vinted.it/items/8199477954-prada?referrer=catalog,1,8199477954,On Sale,,,https://images1.vinted.net/t/05_00a23_DxaK5PivRbvE5t56FhT8bhit/310x430/1771356985.webp?s=0dd2447e32b334b746ed91b5bb42dacfa78b3702,1,1,Prada
Prada Women's Tailored Pants - Camel Chic (Y2K Vintage) (size 40),110.95,Prada,S / IT 40 / EU 36,https://www.vinted.it/items/8194618590-prada-womens-tailored-pants-camel-chic-y2k-vintage-size-40?referrer=catalog,1,8194618590,On Sale,,,https://images1.vinted.net/t/05_024c4_2zo1q5DFnbGCaYtFqHx2wcXK/310x430/1771324213.webp?s=9dadeb9068ad8965b82b4529fb512b7810e4badc,1,1,Prada
Prada Sonnenbrille PR 22 YS schwarz neu ungetragen,200.2,Prada,0,https://www.vinted.it/items/8199650420-prada-sonnenbrille-pr-22-ys-schwarz-neu-ungetragen?referrer=catalog,0,8199650420,On Sale,,,https://images1.vinted.net/t/01_01dc6_APTraWAHdnD4G2JpPMN6H6Yi/310x430/1771358359.webp?s=6c71bf6a0ffbd3d7cda02920167eefae04e76061,1,1,Prada
Prada paradoxe 90 ml,37.45,Prada,0,https://www.vinted.it/items/8198375622-prada-paradoxe-90-ml?referrer=catalog,7,8198375622,On Sale,,,https://images1.vinted.net/t/06_0083b_Kkjc8hdAcZuUiZBatm8Nfi2F/310x430/1771348814.webp?s=c1a87bfbeb7b9095c8f8ec58d83ec135321a3d7d,1,1,Prada
Prada cup bleu taille 42,121.45,Prada,42,https://www.vinted.it/items/8199585899-prada-cup-bleu-taille-42?referrer=catalog,4,8199585899,On Sale,,,https://images1.vinted.net/t/05_01b8f_tNWnjtnABK3f2wkYw5VN8Lnp/310x430/1771357846.webp?s=ef9c58a8479216927118d956565424781bf2dd4f,1,1,Prada
Colonia paradoxe Prada,50.58,Prada,0,https://www.vinted.it/items/8199404577-colonia-paradoxe-prada?referrer=catalog,0,8199404577,On Sale,,,https://images1.vinted.net/t/05_0014d_Mxxpay9tqL6SSJ4WnYbQ3a5K/310x430/1771356403.webp?s=d80b6fd0753d5d8252b0bf4ed279349400fc577a,1,1,Prada
Prada secchiello,407.05,Prada,0,https://www.vinted.it/items/8199104646-prada-secchiello?referrer=catalog,10,8199104646,On Sale,,,https://images1.vinted.net/t/06_01b5f_Y7nvtmQfeQBkFMFhndcnX6Kh/310x430/1771354069.webp?s=6969cbde217798a8533d39aa95b1152b0f326c06,1,1,Prada
Prada mules,210.7,Prada,37.5,https://www.vinted.it/items/8199062651-prada-mules?referrer=catalog,13,8199062651,On Sale,,,https://images1.vinted.net/t/06_01230_YyTRJqhQyTk44aEXHneTigKF/310x430/1771353749.webp?s=4d5e8b38c740ee79a8d48a465f8082c4e3777cc6,1,1,Prada
Prada Paradigme 100 ml neu,57.4,Prada,0,https://www.vinted.it/items/8199415482-prada-paradigme-100-ml-neu?referrer=catalog,1,8199415482,On Sale,,,https://images1.vinted.net/t/03_01c1e_nksTAzwJyFWqdvQTRen4wUQ6/310x430/1771356489.webp?s=122785d01e866854781ced1e51eeefb8dda28d20,1,1,Prada
Prada scarpe da ginnastica,210.7,Prada,38,https://www.vinted.it/items/8199050558-prada-scarpe-da-ginnastica?referrer=catalog,1,8199050558,On Sale,,,https://images1.vinted.net/t/01_0054a_dajyxZeZE1SGVLDFA9UQqqvb/310x430/1771353657.webp?s=25b75876e59e2dfa899743b3d38f55cb9606bb28,1,1,Prada
Paradoxe Prada Eau De Parfum 90 ml,49.0,Prada,0,https://www.vinted.it/items/8199372913-paradoxe-prada-eau-de-parfum-90-ml?referrer=catalog,3,8199372913,On Sale,,,https://images1.vinted.net/t/03_004eb_Kx8naS2EBLHTb8viysJDu2Vr/310x430/1771356155.webp?s=019ff49301cad096733177f410c0ae96980e8416,1,1,Prada
Prada paradoxe,37.45,Prada,0,https://www.vinted.it/items/8199327553-prada-paradoxe?referrer=catalog,1,8199327553,On Sale,,,https://images1.vinted.net/t/05_00371_NaiB7sdWbFcVirFWc8CNbqCY/310x430/1771355806.webp?s=1032ef5a57a0dcaabe0e1b71abd9991f87679ada,1,1,Prada
Écharpe Prada,26.95,Prada,0,https://www.vinted.it/items/8199301444-echarpe-prada?referrer=catalog,0,8199301444,On Sale,,,https://images1.vinted.net/t/01_00bc7_9doCPJCMVXCLpWY3ZAUpRxGG/310x430/1771355603.webp?s=3cd3bbe588abe52ae0865b82bd91bf2f8f1813c2,1,1,Prada
maglione prada,173.95,Prada,M,https://www.vinted.it/items/8198126022-maglione-prada?referrer=catalog,4,8198126022,On Sale,,,https://images1.vinted.net/t/03_01159_yiatF39hpJqPdXXVg8uQxhhi/310x430/1771347170.webp?s=99cc6a7fc411815c4b93674a6095165bab1be356,1,1,Prada
Prada cup,95.2,Prada,42,https://www.vinted.it/items/8199295202-prada-cup?referrer=catalog,3,8199295202,On Sale,,,https://images1.vinted.net/t/05_01139_irmtbLrsPCuva2Y3QqTQc7Wx/310x430/1771355554.webp?s=1d065c152043fa8b3c8574190cb7e9868a7da4db,1,1,Prada
Sandálias Prada,32.2,Prada,40,https://www.vinted.it/items/8199107620-sandalias-prada?referrer=catalog,43,8199107620,On Sale,,,https://images1.vinted.net/t/05_020b7_tc9iPSqCUEijCeaGorUVngLF/310x430/1771354092.webp?s=c9618d665c515cd5787ad4154a43aee1fc3b6684,1,1,Prada
Boite Prada,5.95,Prada,0,https://www.vinted.it/items/8199238325-boite-prada?referrer=catalog,0,8199238325,On Sale,,,https://images1.vinted.net/t/06_00a54_UtNmiDEdxbyRHBFcTc4Gxvsw/310x430/1771355108.webp?s=d42d263993a950806e5f4949dcb37139a99e1762,1,1,Prada
Quadro Prada,19.6,Vogue,0,https://www.vinted.it/items/8193927360-quadro-prada?referrer=catalog,44,8193927360,On Sale,,,https://images1.vinted.net/t/05_02461_6jtM7rWxqSh5nLEidZX4ZCLT/310x430/1771318254.webp?s=bba4bf420e2e15064bc1ee4c43acecc0d856eb07,1,1,Prada
Prada Gore-Tex Pro Jacket,557.2,Prada,S,https://www.vinted.it/items/8199395933-prada-gore-tex-pro-jacket?referrer=catalog,0,8199395933,On Sale,,,https://images1.vinted.net/t/01_00b18_ePB3Ro39f4UVXjC1emYtc967/310x430/1771356456.webp?s=dfe19cc5b11f97a869025ac8c46d69c99f140535,1,1,Prada
Libro sfilate,47.95,No brand,0,https://www.vinted.it/items/8197982909-libro-sfilate-prada?referrer=catalog,4,8197982909,On Sale,,,https://images1.vinted.net/t/06_00c25_YmCRC1fE3YZw8DKjcxvey9TY/310x430/1771346260.webp?s=9d96a807e5b2b90ce19c3733e15f65e0dd40db6b,1,1,Prada
Prada cup,89.95,Prada,38,https://www.vinted.it/items/8199155596-prada-cup?referrer=catalog,10,8199155596,On Sale,,,https://images1.vinted.net/t/05_00dad_jtZHKsWJvPD2UGHvAKAJpKB2/310x430/1771354464.webp?s=4a8f9835ee2aa045bb7b061fc6c8470612739d90,1,1,Prada
Mocassini Prada,709.45,Prada,39,https://www.vinted.it/items/8198990031-mocassini-prada?referrer=catalog,4,8198990031,On Sale,,,https://images1.vinted.net/t/06_021fb_Vnn5mqSxnY5auHBYWkvvNGKB/310x430/1771353199.webp?s=40508bcd1ad8a617b70ded880e234ec9eeff1a52,1,1,Prada
Prada cashmere sweater,814.45,Prada,M,https://www.vinted.it/items/8199435454-prada-cashmere-sweater?referrer=catalog,0,8199435454,On Sale,,,https://images1.vinted.net/t/05_01411_ZivC8zcohqhQMDCE3XXkZNdF/310x430/1771356648.webp?s=c5e883c21c0a0fb16eb176f96f4d18f6ca063150,1,1,Prada
Prada Dimensions,26.95,Prada,0,https://www.vinted.it/items/8199036472-prada-dimensions?referrer=catalog,3,8199036472,On Sale,,,https://images1.vinted.net/t/05_022fa_RXXKpopMoSiDyfR2Z18hu61e/310x430/1771353550.webp?s=06cdea7c90d3f843217e7f22590e08def2392fe7,1,1,Prada
Piumino Prada Milano con inserti Blu Navy,131.95,Prada,M / IT 42 / EU 38,https://www.vinted.it/items/8198788927-piumino-prada-milano-con-inserti-blu-navy?referrer=catalog,2,8198788927,On Sale,,,https://images1.vinted.net/t/06_00b86_s9U8cetG5FMuuYdYSNCgfnLQ/310x430/1771351702.webp?s=eb4eb824f993c05d1076fdf089b1b5ea4fad1295,1,1,Prada
Gilet re nylon Prada,1.2607,Prada,L,https://www.vinted.it/items/8198947364-gilet-re-nylon-prada?referrer=catalog,4,8198947364,On Sale,,,https://images1.vinted.net/t/04_0136e_8FhxWzNjKRfv7resu9o2Zpeo/310x430/1771352883.webp?s=7f20647649ef4d64ab2b02e4fad98fa7faa716b3,1,1,Prada
Prada paradoxe 90 ml,49.0,Prada,0,https://www.vinted.it/items/8198040639-prada-paradoxe-90-ml?referrer=catalog,2,8198040639,On Sale,,,https://images1.vinted.net/t/04_01835_fpVGtm2o79QwZuGgbd3UmqM2/310x430/1771346624.webp?s=58725aeebc208f0a34323c08f8af9f05214cf105,1,1,Prada
Basket prada,578.2,Prada,45,https://www.vinted.it/items/8199380916-basket-prada?referrer=catalog,0,8199380916,On Sale,,,https://images1.vinted.net/t/05_01186_NXK4RmhS7zRs4jV5fUduqnFL/310x430/1771356217.webp?s=965b7327d0c17bbe374f4aab7bcbf75b44e9f53c,1,1,Prada
Giacca puffer Prada,893.2,Prada,M,https://www.vinted.it/items/8198857308-giacca-puffer-prada?referrer=catalog,5,8198857308,On Sale,,,https://images1.vinted.net/t/05_0237c_nQrEMTYcApiySNGhYA9GkesZ/310x430/1771352210.webp?s=eb05b17edacae21d2eec782fd18446f424ffa869,1,1,Prada
Borsa donna,53.2,Prada,0,https://www.vinted.it/items/8198405402-borsa-donna?referrer=catalog,16,8198405402,On Sale,,,https://images1.vinted.net/t/05_01a77_TQN8btPQ3QTm4qUV2aBHsYkx/310x430/1771349013.webp?s=1fce58101a689bd7acc6b51bf77016cb7b1dc282,1,1,Prada
Veste Prada,452.2,Prada,M,https://www.vinted.it/items/8199328183-veste-prada?referrer=catalog,4,8199328183,On Sale,,,https://images1.vinted.net/t/05_01323_FRqkVgqZnrPd9JdYhfM3vuNP/310x430/1771355810.webp?s=59768708fba95a95b1858e6b3c517cb08566c8b7,1,1,Prada
Prada FW 2004 wool dress,210.7,Prada,M / IT 42 / EU 38,https://www.vinted.it/items/8199309791-prada-fw-2004-wool-dress?referrer=catalog,2,8199309791,On Sale,,,https://images1.vinted.net/t/04_025fe_Uyy54CXcg8YN3j97TAzRLrgK/310x430/1771355667.webp?s=f1094c21659f4d50a61e1e29bdf1c051afeee325,1,1,Prada
Candela Prada,29.05,Prada,0,https://www.vinted.it/items/8198413289-candela-prada?referrer=catalog,11,8198413289,On Sale,,,https://images1.vinted.net/t/05_01e28_TmdbrJJeqKJVgHJpKE9ckGRg/310x430/1771349065.webp?s=1d89c1c843a441d306ccb190f30b4725f865d075,1,1,Prada
Prada Linea Rossa PS 04WS-DG070A occhiale da sole,158.2,Prada,0,https://www.vinted.it/items/8197903752-prada-linea-rossa-ps-04ws-dg070a-occhiale-da-sole?referrer=catalog,19,8197903752,On Sale,,,https://images1.vinted.net/t/05_00d64_XYj42mSf5RSH5Fbnd17j2hst/310x430/1771345768.webp?s=d7dd58fe04d33e7737a593f66ff0f095dc924448,1,1,Prada
Prada Virtual flower parfüm,74.2,Prada,0,https://www.vinted.it/items/8199181648-prada-virtual-flower-parfum?referrer=catalog,0,8199181648,On Sale,,,https://images1.vinted.net/t/05_01be3_C48TgaxXR5G5DXgpHpN7XZKW/310x430/1771354664.webp?s=63a2ecf9c5e2905671a636596b6e70f08a8a55ae,1,1,Prada
Tuta prada,68.95,Footkorner,M,https://www.vinted.it/items/8199702385-tuta-prada?referrer=catalog,3,8199702385,On Sale,,,https://images1.vinted.net/t/05_0057e_3t1PPmQVViGMNBfubtvU9US7/310x430/1771358777.webp?s=e1937bf22a8d94943feacd17ec69c1833a7aa4e1,1,1,Prada
Lunette prada,53.2,Prada,0,https://www.vinted.it/items/8198940769-lunette-prada?referrer=catalog,10,8198940769,On Sale,,,https://images1.vinted.net/t/06_022fa_3pzoCUZsoPMqihCPJ7WgVmty/310x430/1771352833.webp?s=350b1b13f225acb36082f4fbff73d73e28af035b,1,1,Prada
Occhiali Prada originali,137.2,Prada,0,https://www.vinted.it/items/8198773237-occhiali-prada-originali-mai-indossati-e-in-perfette-condizioni-con-cartellino?referrer=catalog,0,8198773237,On Sale,,,https://images1.vinted.net/t/05_00c5e_RHfWNDbAinyR4DA55uAv12d4/310x430/1771351589.webp?s=e39a064a52326d979688285ab37a93ac0e765edc,1,1,Prada
Parfum prada,47.95,Prada,0,https://www.vinted.it/items/8197393048-parfum-prada?referrer=catalog,10,8197393048,On Sale,,,https://images1.vinted.net/t/05_0084f_URLNUdYNzs5gxdTkaXSqBCVV/310x430/1771342604.webp?s=3a31c377115da451aa7c31114657b6a6c1b4228d,1,1,Prada
Prada Parka doudoune,666.4,Prada,M / IT 42 / EU 38,https://www.vinted.it/items/8199161066-prada-parka-doudoune?referrer=catalog,0,8199161066,On Sale,,,https://images1.vinted.net/t/05_017c1_g2o6sej3ThyyJnXsY6gLLUQX/310x430/1771354506.webp?s=46ea43b9968c35bd69cc2408bd8871ab1f6f3d1b,1,1,Prada
Prada Paradoxe,37.44,Prada,0,https://www.vinted.it/items/8200090552-prada-paradoxe?referrer=catalog,1,8200090552,On Sale,,,https://images1.vinted.net/t/05_00e39_Eu8WRoMHj9v3E1YdE8Ca5Syz/310x430/1771362124.webp?s=fa16b8052def7b7784075b291f08f5d0ab6da449,1,1,Prada
Prada paradoxe intense,38.5,Prada,0,https://www.vinted.it/items/8200011918-prada-paradoxe-intense?referrer=catalog,1,8200011918,On Sale,,,https://images1.vinted.net/t/05_01ef2_LCrve5a2sbbFP5hSfeCbyyi8/310x430/1771361394.webp?s=0088cf35fa2d0767cfa8ccd47959f922abb82832,1,1,Prada
Set Beauty Prada – Mini Balm + Crema Mani + Beauty Case 🌸,51.1,Prada,0,https://www.vinted.it/items/8199925791-set-beauty-prada-mini-balm-crema-mani-beauty-case?referrer=catalog,0,8199925791,On Sale,,,https://images1.vinted.net/t/06_00cbc_8TSY6gh9PF99jXeq2iF8R6A2/310x430/1771360635.webp?s=fc07b8a10217224e2c35fcff83ae3a130a7acf0b,1,1,Prada
Stivali alti Prada bordeaux|40,158.2,Prada,40,https://www.vinted.it/items/8200095974-stivali-alti-prada-bordeaux40?referrer=catalog,1,8200095974,On Sale,,,https://images1.vinted.net/t/05_0077b_aRFGYTeTYEJUHxaQT7tjqY1p/310x430/1771362175.webp?s=b5822c8a15cc781d02adb3d5ae77ed5de80f6d8f,1,1,Prada
Prada sport bag,294.7,Prada,0,https://www.vinted.it/items/8199927030-prada-sport-bag?referrer=catalog,1,8199927030,On Sale,,,https://images1.vinted.net/t/01_0040c_9oEMV4RH6pCS9Fn25865PwgA/310x430/1771360646.webp?s=cf364520f51e114e40553b5a5d08e53bc726dbce,1,1,Prada
Prada Arquè Re-Nylon,918.0,Prada,0,https://www.vinted.it/items/8200108903-prada-arque-re-nylon?referrer=catalog,1,8200108903,On Sale,,,https://images1.vinted.net/t/05_01599_8GiUUdd3SXXgNg4Ew1T7JMHC/310x430/1771362298.webp?s=d67ab0acfb08338d5bf9ce88f79a652415fe5c7c,1,1,Prada
Prada Re-edition 2005,867.0,Prada,0,https://www.vinted.it/items/8200047747-prada-re-edition-2005?referrer=catalog,0,8200047747,On Sale,,,https://images1.vinted.net/t/05_0160d_YykF6p1iVhPFafMhpn3qsjUw/310x430/1771361723.webp?s=6ce0ce91dc9fb22dda81412287d957498935688c,1,1,Prada
Prada Mini,84.7,Prada,0,https://www.vinted.it/items/8199887096-prada-mini?referrer=catalog,0,8199887096,On Sale,,,https://images1.vinted.net/t/05_0093b_tjFQYzty6NaxNAGPwTo1M64P/310x430/1771360300.webp?s=aac8d1c3ff749e9175f5b8a4d2ddd04598706de5,1,1,Prada
Prada - Carbon Luna rossa 10ml EDT,13.83,Prada,0,https://www.vinted.it/items/8200132890-prada-carbon-luna-rossa-10ml-edt?referrer=catalog,0,8200132890,On Sale,,,https://images1.vinted.net/t/06_02203_VUVbUCgAD7fqFqxhFX6QMRUT/310x430/1771362532.webp?s=c2d3178e091a5a4e7c49100017fd113c2deee52f,1,1,Prada
Prada Cup blu,163.44,Prada,42,https://www.vinted.it/items/8199862405-prada-cup-blu?referrer=catalog,0,8199862405,On Sale,,,https://images1.vinted.net/t/05_01751_kTmm5WcDPmwzAzh7dGwFC8z5/310x430/1771360089.webp?s=f976954fb183ae88ff6381617088e43dd4328aa5,1,1,Prada
Prada,7.0,Prada,0,https://www.vinted.it/items/8199682824-prada?referrer=catalog,0,8199682824,On Sale,,,https://images1.vinted.net/t/05_0014c_wKpSFqBReTwafvninGTdSRaD/310x430/1771358618.webp?s=9d8cf037f1a929d40761b750e4ce1b1bab7c6463,1,1,Prada
Foulard Prada neuf,74.2,Prada,0,https://www.vinted.it/items/8200132356-foulard-prada-neuf?referrer=catalog,0,8200132356,On Sale,,,https://images1.vinted.net/t/05_0090f_g9n8unPsE4sWPkK6Qy314cEG/310x430/1771362527.webp?s=7081683c3bb512e859ee5b190918e6cbd89a99be,1,1,Prada
Montature occhiali nuovissima,105.7,Prada,0,https://www.vinted.it/items/8199736844-montature-occhiali-nuovissima?referrer=catalog,3,8199736844,On Sale,,,https://images1.vinted.net/t/06_00793_cmraySbhYfbNyAgFJnzQ3NAW/310x430/1771359059.webp?s=8fea1f442c89e4237e0bf592e618c2fd10cf3239,1,1,Prada
Prada L'Homme 50 ml Bottle,16.45,Prada,0,https://www.vinted.it/items/8199620527-prada-lhomme-50-ml-bottle?referrer=catalog,0,8199620527,On Sale,,,https://images1.vinted.net/t/01_0262a_fJwgDTHC3ioJQ7dLnHiYSa1C/310x430/1771358124.webp?s=4636f871d36bf14eee9a4a8f79f466992a2d6342,1,1,Prada
Occhiali da sole Prada,95.2,Prada,0,https://www.vinted.it/items/8199708175-occhiali-da-sole-prada?referrer=catalog,1,8199708175,On Sale,,,https://images1.vinted.net/t/05_02154_6WNAyqcCWT1U14j2pmBwC6Wf/310x430/1771358824.webp?s=b8247002ed8eb2f0ceca075d49ce1b33534acd86,1,1,Prada
Paradigme Prada,5.95,Prada,0,https://www.vinted.it/items/8177118734-paradigme-prada?referrer=catalog,0,8177118734,On Sale,,,https://images1.vinted.net/t/01_020d9_FnPFpumf47ybnjtLJzLRQ9rW/310x430/1771148992.webp?s=07f3649a6469fa3efbd696e6aea65141b47dcdd8,1,1,Prada
Lunettes femme léopard Prada,31.15,Prada,0,https://www.vinted.it/items/8199936899-lunettes-femme-leopard-prada?referrer=catalog,7,8199936899,On Sale,,,https://images1.vinted.net/t/05_00b31_sEvHxyxmDpGkRyrk75v95mjW/310x430/1771360732.webp?s=e368e3c250f6a7b962ccb50b54ad417f8c7bc7ab,1,1,Prada
Prada chaussures prada cups shoes,158.19,Prada,42,https://www.vinted.it/items/8200117625-prada-chaussures-prada-cups-shoes?referrer=catalog,0,8200117625,On Sale,,,https://images1.vinted.net/t/01_00f37_aCpAamE9umAtvHgsHCtf1yda/310x430/1771362382.webp?s=35809df5213e9162f46bd6a198496d717ec1d27a,1,1,Prada
Gonna a ruota invernale Prada,105.7,Prada,M / IT 42 / EU 38,https://www.vinted.it/items/8199609896-gonna-a-ruota-invernale-prada?referrer=catalog,2,8199609896,On Sale,,,https://images1.vinted.net/t/06_00e5f_PqxYd9Ak4yVk1synyhbTYj1N/310x430/1771358039.webp?s=d76ab1e245076ff8288927616b465b898baeda63,1,1,Prada
Sapatilhas Prada,121.45,Prada,41,https://www.vinted.it/items/8200064383-sapatilhas-prada?referrer=catalog,0,8200064383,On Sale,,,https://images1.vinted.net/t/01_00bbe_xRjAfGqs1ifSU2t9M2Bsyw2R/310x430/1771361879.webp?s=f8affcdad76984a19b4eb9573c35908ceebe3794,1,1,Prada
Prada zaino,357.7,Prada,0,https://www.vinted.it/items/8199664596-prada-zaino?referrer=catalog,10,8199664596,On Sale,,,https://images1.vinted.net/t/05_01087_UTwAHMuCmzPCbdYUHZQAnRRb/310x430/1771358473.webp?s=3d6c1fdd7aa2d9f854b8c4b1ec7481a02070eaec,1,1,Prada
Portafoglio Prada – pelle nera,473.2,Prada,0,https://www.vinted.it/items/8199700003-portafoglio-prada-pelle-nera?referrer=catalog,1,8199700003,On Sale,,,https://images1.vinted.net/t/05_00b42_rFk1QjtufVg5CwUXBVGZc91J/310x430/1771358805.webp?s=973381edfcd0d631ad1674908c84d2cd80b49b87,1,1,Prada
Prada cups bordeuxrood,68.95,Prada,35,https://www.vinted.it/items/8199898169-prada-cups-bordeuxrood?referrer=catalog,4,8199898169,On Sale,,,https://images1.vinted.net/t/06_0149d_JW5WXC1wm4VcBeJN1cUAkpjH/310x430/1771360395.webp?s=07fb28751c292f92273e880b6c201a347eb9ba38,1,1,Prada
Boots Prada noir,515.2,Prada,37,https://www.vinted.it/items/8196161328-boots-prada-noir?referrer=catalog,0,8196161328,On Sale,,,https://images1.vinted.net/t/01_00143_rFu3RbCHPfZLpPFe2UGBoaQi/310x430/1771334887.webp?s=d2e7f531f30663c33c65ec0bae5433d49b50c6d9,1,1,Prada
Prada Sonnenbrille schwarz,58.35,Prada,0,https://www.vinted.it/items/8168368058-prada-sonnenbrille-schwarz?referrer=catalog,1,8168368058,On Sale,,,https://images1.vinted.net/t/06_02275_kormi9BfKBzfrVavJz9MAgDj/310x430/1771014948.webp?s=5425575b82d7e909b13619f16ed189c05ad30f67,1,1,Prada
Paradoxe nuevo mujer,44.8,Prada,0,https://www.vinted.it/items/8199936476-paradoxe-nuevo-mujer?referrer=catalog,1,8199936476,On Sale,,,https://images1.vinted.net/t/06_0251d_YMBg8DckBnFum4mCLkSLBeHG/310x430/1771360729.webp?s=d051dc060bfe9f4c56ead203ef42b32f3e71301a,1,1,Prada
parfum Prada Paradoxe  90 mL,37.45,Prada,0,https://www.vinted.it/items/8199953006-parfum-prada-paradoxe-90-ml?referrer=catalog,4,8199953006,On Sale,,,https://images1.vinted.net/t/05_01632_KgMSNuCB3vCKWUno1G3eEwT8/310x430/1771360870.webp?s=927083b175ae7f004eada1458c2cdeef1cc4ec8c,1,1,Prada
Colección de perfumes Prada Candy de 30ml,147.7,Prada,0,https://www.vinted.it/items/8200034704-coleccion-de-perfumes-prada-candy-de-30ml?referrer=catalog,0,8200034704,On Sale,,,https://images1.vinted.net/t/05_023d0_8XvtPqgZoorsuq26DcLpHGBS/310x430/1771361605.webp?s=4de7f62693d22eded2c1fcf8861021ba84aef3b3,1,1,Prada
Scatola portaocchiali Prada,9.1,Prada,0,https://www.vinted.it/items/8199439189-scatola-portaocchiali-prada?referrer=catalog,0,8199439189,On Sale,,,https://images1.vinted.net/t/04_01d94_6zXJhQybrm6Zz6pkcJtj4T64/310x430/1771356678.webp?s=125f21a13142d076f69b586d4b6e6e8e38e08a34,1,1,Prada
Prada Sneakers – Modèle iconique – État impeccable,158.19,Prada,44,https://www.vinted.it/items/8200036519-prada-sneakers-modele-iconique-etat-impeccable?referrer=catalog,1,8200036519,On Sale,,,https://images1.vinted.net/t/05_00383_wWbqPMLDYNdGdGcEHKAoGuFd/310x430/1771361622.webp?s=1e9cbc7dcbb03c8b14854d14d9e896a6064c0438,1,1,Prada
Portachiavi Prada,42.7,Prada,0,https://www.vinted.it/items/8199449224-portachiavi-prada?referrer=catalog,0,8199449224,On Sale,,,https://images1.vinted.net/t/06_024b5_1oXkL116THwNocs1187gUzRH/310x430/1771356758.webp?s=bba872da36ecb407937929d5b1f1ad259cb9329c,1,1,Prada
Profumo Prada virtual flower 90 ml,42.7,Prada,0,https://www.vinted.it/items/8199425489-profumo-prada-virtual-flower-90-ml?referrer=catalog,0,8199425489,On Sale,,,https://images1.vinted.net/t/06_00214_yKj5kWesgGKKoJW2EUN7n5gp/310x430/1771356569.webp?s=676feea53d9464c67b676c5d876cabfb6b09e8ab,1,1,Prada
Minigonna di Prada,368.2,Prada,XS / IT 38 / EU 34,https://www.vinted.it/items/8199580955-minigonna-di-prada?referrer=catalog,1,8199580955,On Sale,,,https://images1.vinted.net/t/01_01a01_TD2KXCi7uWNJwmDJwr1uyHpS/310x430/1771357807.webp?s=3ffc8c4745fed3d758e12166cd84bf5822a18818,1,1,Prada
Prada bucket hat,284.2,Prada,S,https://www.vinted.it/items/8200007101-prada-bucket-hat?referrer=catalog,0,8200007101,On Sale,,,https://images1.vinted.net/t/05_02548_MJ8853v1GErkitnTEPaaiyaD/310x430/1771361351.webp?s=38af425b60258faa659a2a227a8010f2815fe1b6,1,1,Prada
Porta tessere Prada nuovo,158.2,Prada,0,https://www.vinted.it/items/8199114655-porta-tessere-prada-nuovo?referrer=catalog,0,8199114655,On Sale,,,https://images1.vinted.net/t/05_00811_tck6DswwsUao5LLcasy3hKJi/310x430/1771354145.webp?s=0399cf30633de818c8a1b695020f10880f20c684,1,1,Prada
Coffret parfum Prada,53.2,Prada,0,https://www.vinted.it/items/8199841452-coffret-parfum-prada?referrer=catalog,2,8199841452,On Sale,,,https://images1.vinted.net/t/06_018fc_8HR3NbfukxTwYW1iiKYXRUby/310x430/1771359914.webp?s=aba59d5ab2de131828ff44ba0255264073f15204,1,1,Prada
Busta Prada,8.05,Prada,0,https://www.vinted.it/items/8199320749-busta-prada?referrer=catalog,0,8199320749,On Sale,,,https://images1.vinted.net/t/04_015cf_HbBHLPhbMtkLxSp4LRHPiUpQ/310x430/1771355753.webp?s=a827375a68635a715ae92adc311ef1d08c52e417,1,1,Prada
Perfume Prada,53.2,Prada,0,https://www.vinted.it/items/8199840689-perfume-prada?referrer=catalog,1,8199840689,On Sale,,,https://images1.vinted.net/t/06_00daa_CT3J7sM84AURfoTuxD2Kp2Dv/310x430/1771359907.webp?s=636e3045740c3e8a58b6b92492dba53d528a3ee2,1,1,Prada
Prada cup verte,63.7,Prada,43,https://www.vinted.it/items/8199726111-prada-cup-verte?referrer=catalog,16,8199726111,On Sale,,,https://images1.vinted.net/t/06_007ce_4NNfKPhWroUzDFPeFVcxKKjb/310x430/1771358972.webp?s=5cf142acd74ca0bb93483669f5807254ce7e290c,1,1,Prada
Óculos Prada,74.2,Prada,0,https://www.vinted.it/items/8199712021-oculos-prada?referrer=catalog,0,8199712021,On Sale,,,https://images1.vinted.net/t/05_01301_14Y8oi5J93itpgghJF674xAF/310x430/1771358857.webp?s=9ce95dd9f73d501e0d637bde2d49bac5118fdec1,1,1,Prada
Impermeabile con bomber Prada,714.0,Prada,M,https://www.vinted.it/items/8199490030-impermeabile-con-bomber-prada?referrer=catalog,0,8199490030,On Sale,,,https://images1.vinted.net/t/05_00f27_hzBwun6oMGhSaKc5KNJ657EQ/310x430/1771357080.webp?s=20dc885ca74475fb7e03d1145c0be6198b9aa118,1,1,Prada
Parfum prada paradoxe,53.2,Prada,0,https://www.vinted.it/items/8199688520-parfum-prada-paradoxe?referrer=catalog,2,8199688520,On Sale,,,https://images1.vinted.net/t/03_015f5_Dn3mozLNarLgJ8cB7Rp2HHnm/310x430/1771358665.webp?s=5e176515de52890e2d1503b9a2b3465500e5584c,1,1,Prada
Prada libro sfilate Prada sigillate,37.45,No brand,0,https://www.vinted.it/items/8199838967-prada-libro-sfilate-prada-sigillate?referrer=catalog,6,8199838967,On Sale,,,https://images1.vinted.net/t/01_00163_mthNt3a5bJ7deTAbpnFh8Xdy/310x430/1771359892.webp?s=081cfcc03c1cb8c6a1a67c44332d177359389fa1,1,1,Prada
Prada,63.7,Prada,0,https://www.vinted.it/items/8199797421-prada?referrer=catalog,0,8199797421,On Sale,,,https://images1.vinted.net/t/01_003f4_8tciP4j7rNWLMhJWSQpiS14D/310x430/1771359545.webp?s=19702e46cb7feda2ad2ddeef14899b5f342005d1,1,1,Prada
Parfum paradoxe 90ml,53.2,Prada,0,https://www.vinted.it/items/8199640864-parfum-paradoxe-90ml?referrer=catalog,2,8199640864,On Sale,,,https://images1.vinted.net/t/04_01c88_tKDe9jvjsVsgKm2ZhSSKJX41/310x430/1771358284.webp?s=dbfa8f60ba2f44cbbebe16d7cd1c1208c5e4ecba,1,1,Prada
Prada stupenda tote bag in rafia,55.3,Prada,0,https://www.vinted.it/items/8199144080-prada-stupenda-tote-bag-in-rafia?referrer=catalog,1,8199144080,On Sale,,,https://images1.vinted.net/t/05_00245_hssW5y5i5kKrMQ85aJ5apbB9/310x430/1771354375.webp?s=cf382d27e13dc419e9b405b81606c089b584370b,1,1,Prada
Perfume Prada Black Luna Rosa 100ml,51.1,Prada,0,https://www.vinted.it/items/8199603470-perfume-prada-black-luna-rosa-100ml?referrer=catalog,0,8199603470,On Sale,,,https://images1.vinted.net/t/05_02668_BDDW6p99cw75M4gE4fjioQAx/310x430/1771357986.webp?s=4a5884f03510e5cb5c16aaaeec36cb3896995ef3,1,1,Prada
Paire de chaussures prada cup,126.69,Prada,44,https://www.vinted.it/items/8198429531-paire-de-chaussures-prada-cup?referrer=catalog,1,8198429531,On Sale,,,https://images1.vinted.net/t/06_010ab_8fxgxydiq1SFjMTgxbYzNCvF/310x430/1771358859.webp?s=0bf52b9d1bd2454d07eb107cbdcab8ec0e6f77ed,1,1,Prada
Lunette prada,158.2,Prada,0,https://www.vinted.it/items/8199736850-lunette-prada?referrer=catalog,0,8199736850,On Sale,,,https://images1.vinted.net/t/05_014bc_pyEEQEt51vJaCase1WJD8H4J/310x430/1771359059.webp?s=35b5dc30cd00712d66b6aec1de55c7e3b16c7ad1,1,1,Prada
Prada Ocean Luna Rossa Le Parfum (hombre),47.95,Prada,0,https://www.vinted.it/items/8199561173-prada-ocean-luna-rossa-le-parfum-hombre?referrer=catalog,0,8199561173,On Sale,,,https://images1.vinted.net/t/06_02331_oi19YSrg8ebouL5fJS6adxgV/310x430/1771357646.webp?s=931ef994bf65d7d08c29e97053ee12e7083f8729,1,1,Prada
Perfume Prada Infusión de Vetiver 100ml,74.2,Prada,0,https://www.vinted.it/items/8199579059-perfume-prada-infusion-de-vetiver-100ml?referrer=catalog,0,8199579059,On Sale,,,https://images1.vinted.net/t/05_0077f_7gS7G39k2eg8c3K1r48sKVr2/310x430/1771357927.webp?s=b0f95daf0eadbcbaab969c3e92f799c863c89856,1,1,Prada
scarpe prada,126.7,Prada,44,https://www.vinted.it/items/8199237691-scarpe-prada?referrer=catalog,0,8199237691,On Sale,,,https://images1.vinted.net/t/05_01e00_XX94xZAXARgC1dFv2ZKVowRC/310x430/1771355103.webp?s=536052fc7d04a77345f1d813dabb5280655ea89d,1,1,Prada
Lunettes Prada,32.2,Prada,0,https://www.vinted.it/items/8199527363-lunettes-prada?referrer=catalog,7,8199527363,On Sale,,,https://images1.vinted.net/t/06_0198a_Phq4gEoSGbFkuiQPHK3pgdXL/310x430/1771357378.webp?s=e9298c903fe459b433bc39630abd56dbed515acb,1,1,Prada
Spille PRADA,16.45,Prada,0,https://www.vinted.it/items/8198819004-spille-prada?referrer=catalog,8,8198819004,On Sale,,,https://images1.vinted.net/t/05_01911_SwxLUY2W2tMXP1UpMphKieLs/310x430/1771351926.webp?s=abb99bafa6defb8cfc2a98df842f7277098be3de,1,1,Prada
Pantaloni eleganti Prada | uomo | taglia 46 | colore blu notte,58.45,Prada,IT 46 | W36,https://www.vinted.it/items/8199083788-pantaloni-eleganti-prada-uomo-taglia-46-colore-blu-notte?referrer=catalog,1,8199083788,On Sale,,,https://images1.vinted.net/t/06_023b3_N4FDqxFrzmhaGnUJeMTBfgdu/310x430/1771353908.webp?s=948cef7c31e6c9f37ec9beb878675756284e5ab3,1,1,Prada
Leggenda della moda Prada,11.2,No brand,0,https://www.vinted.it/items/8199593020-leggenda-della-moda-prada?referrer=catalog,6,8199593020,On Sale,,,https://images1.vinted.net/t/05_00c49_pSeLhfyyNG4HoQT8Y5qAR7Wf/310x430/1771357902.webp?s=aa3bc2010b644d7edd59e5cb380170886ed26898,1,1,Prada
Eau de parfum Prada Paradoxe,84.7,Prada,0,https://www.vinted.it/items/8199542900-eau-de-parfum-prada-paradoxe?referrer=catalog,0,8199542900,On Sale,,,https://images1.vinted.net/t/05_00df4_wsG9FsR7iHxVfWam1r3TkUaC/310x430/1771357502.webp?s=43fd131ba8cd46edd8cff29d3fe53993a4b438ad,1,1,Prada
Archival 00s Prada Sport Gore Tex Flared Biker Jacket Size 42 (ITA) M,188.65,Prada,M / IT 42 / EU 38,https://www.vinted.it/items/8199623861-archival-00s-prada-sport-gore-tex-flared-biker-jacket-size-42-ita-m?referrer=catalog,3,8199623861,On Sale,,,https://images1.vinted.net/t/05_00080_uq7uPHTtWhyP3JiMnfrgrGaU/310x430/1771358151.webp?s=eab88a931f8ee94a9f025da89fc2bf1ca099f32f,1,1,Prada
Prada,31.14,Prada,0,https://www.vinted.it/items/8199477954-prada?referrer=catalog,1,8199477954,On Sale,,,https://images1.vinted.net/t/05_00a23_DxaK5PivRbvE5t56FhT8bhit/310x430/1771356985.webp?s=0dd2447e32b334b746ed91b5bb42dacfa78b3702,1,1,Prada
Prada paradoxe 90 ml,37.45,Prada,0,https://www.vinted.it/items/8198375622-prada-paradoxe-90-ml?referrer=catalog,7,8198375622,On Sale,,,https://images1.vinted.net/t/06_0083b_Kkjc8hdAcZuUiZBatm8Nfi2F/310x430/1771348814.webp?s=c1a87bfbeb7b9095c8f8ec58d83ec135321a3d7d,1,1,Prada
Prada Women's Tailored Pants - Camel Chic (Y2K Vintage) (size 40),110.95,Prada,S / IT 40 / EU 36,https://www.vinted.it/items/8194618590-prada-womens-tailored-pants-camel-chic-y2k-vintage-size-40?referrer=catalog,1,8194618590,On Sale,,,https://images1.vinted.net/t/05_024c4_2zo1q5DFnbGCaYtFqHx2wcXK/310x430/1771324213.webp?s=9dadeb9068ad8965b82b4529fb512b7810e4badc,1,1,Prada
Prada Sonnenbrille PR 22 YS schwarz neu ungetragen,200.2,Prada,0,https://www.vinted.it/items/8199650420-prada-sonnenbrille-pr-22-ys-schwarz-neu-ungetragen?referrer=catalog,0,8199650420,On Sale,,,https://images1.vinted.net/t/01_01dc6_APTraWAHdnD4G2JpPMN6H6Yi/310x430/1771358359.webp?s=6c71bf6a0ffbd3d7cda02920167eefae04e76061,1,1,Prada
Prada cup bleu taille 42,121.45,Prada,42,https://www.vinted.it/items/8199585899-prada-cup-bleu-taille-42?referrer=catalog,4,8199585899,On Sale,,,https://images1.vinted.net/t/05_01b8f_tNWnjtnABK3f2wkYw5VN8Lnp/310x430/1771357846.webp?s=ef9c58a8479216927118d956565424781bf2dd4f,1,1,Prada
Colonia paradoxe Prada,50.58,Prada,0,https://www.vinted.it/items/8199404577-colonia-paradoxe-prada?referrer=catalog,0,8199404577,On Sale,,,https://images1.vinted.net/t/05_0014d_Mxxpay9tqL6SSJ4WnYbQ3a5K/310x430/1771356403.webp?s=d80b6fd0753d5d8252b0bf4ed279349400fc577a,1,1,Prada
Prada secchiello,407.05,Prada,0,https://www.vinted.it/items/8199104646-prada-secchiello?referrer=catalog,10,8199104646,On Sale,,,https://images1.vinted.net/t/06_01b5f_Y7nvtmQfeQBkFMFhndcnX6Kh/310x430/1771354069.webp?s=6969cbde217798a8533d39aa95b1152b0f326c06,1,1,Prada
Prada mules,210.7,Prada,37.5,https://www.vinted.it/items/8199062651-prada-mules?referrer=catalog,13,8199062651,On Sale,,,https://images1.vinted.net/t/06_01230_YyTRJqhQyTk44aEXHneTigKF/310x430/1771353749.webp?s=4d5e8b38c740ee79a8d48a465f8082c4e3777cc6,1,1,Prada
Prada Paradigme 100 ml neu,57.4,Prada,0,https://www.vinted.it/items/8199415482-prada-paradigme-100-ml-neu?referrer=catalog,1,8199415482,On Sale,,,https://images1.vinted.net/t/03_01c1e_nksTAzwJyFWqdvQTRen4wUQ6/310x430/1771356489.webp?s=122785d01e866854781ced1e51eeefb8dda28d20,1,1,Prada
Prada scarpe da ginnastica,210.7,Prada,38,https://www.vinted.it/items/8199050558-prada-scarpe-da-ginnastica?referrer=catalog,1,8199050558,On Sale,,,https://images1.vinted.net/t/01_0054a_dajyxZeZE1SGVLDFA9UQqqvb/310x430/1771353657.webp?s=25b75876e59e2dfa899743b3d38f55cb9606bb28,1,1,Prada
Paradoxe Prada Eau De Parfum 90 ml,49.0,Prada,0,https://www.vinted.it/items/8199372913-paradoxe-prada-eau-de-parfum-90-ml?referrer=catalog,3,8199372913,On Sale,,,https://images1.vinted.net/t/03_004eb_Kx8naS2EBLHTb8viysJDu2Vr/310x430/1771356155.webp?s=019ff49301cad096733177f410c0ae96980e8416,1,1,Prada
Prada paradoxe,37.45,Prada,0,https://www.vinted.it/items/8199327553-prada-paradoxe?referrer=catalog,1,8199327553,On Sale,,,https://images1.vinted.net/t/05_00371_NaiB7sdWbFcVirFWc8CNbqCY/310x430/1771355806.webp?s=1032ef5a57a0dcaabe0e1b71abd9991f87679ada,1,1,Prada
Écharpe Prada,26.95,Prada,0,https://www.vinted.it/items/8199301444-echarpe-prada?referrer=catalog,0,8199301444,On Sale,,,https://images1.vinted.net/t/01_00bc7_9doCPJCMVXCLpWY3ZAUpRxGG/310x430/1771355603.webp?s=3cd3bbe588abe52ae0865b82bd91bf2f8f1813c2,1,1,Prada
maglione prada,173.95,Prada,M,https://www.vinted.it/items/8198126022-maglione-prada?referrer=catalog,4,8198126022,On Sale,,,https://images1.vinted.net/t/03_01159_yiatF39hpJqPdXXVg8uQxhhi/310x430/1771347170.webp?s=99cc6a7fc411815c4b93674a6095165bab1be356,1,1,Prada
Quadro Prada,19.6,Vogue,0,https://www.vinted.it/items/8193927360-quadro-prada?referrer=catalog,44,8193927360,On Sale,,,https://images1.vinted.net/t/05_02461_6jtM7rWxqSh5nLEidZX4ZCLT/310x430/1771318254.webp?s=bba4bf420e2e15064bc1ee4c43acecc0d856eb07,1,1,Prada
Prada cup,95.2,Prada,42,https://www.vinted.it/items/8199295202-prada-cup?referrer=catalog,3,8199295202,On Sale,,,https://images1.vinted.net/t/05_01139_irmtbLrsPCuva2Y3QqTQc7Wx/310x430/1771355554.webp?s=1d065c152043fa8b3c8574190cb7e9868a7da4db,1,1,Prada
Sandálias Prada,32.2,Prada,40,https://www.vinted.it/items/8199107620-sandalias-prada?referrer=catalog,44,8199107620,On Sale,,,https://images1.vinted.net/t/05_020b7_tc9iPSqCUEijCeaGorUVngLF/310x430/1771354092.webp?s=c9618d665c515cd5787ad4154a43aee1fc3b6684,1,1,Prada
Boite Prada,5.95,Prada,0,https://www.vinted.it/items/8199238325-boite-prada?referrer=catalog,0,8199238325,On Sale,,,https://images1.vinted.net/t/06_00a54_UtNmiDEdxbyRHBFcTc4Gxvsw/310x430/1771355108.webp?s=d42d263993a950806e5f4949dcb37139a99e1762,1,1,Prada
Libro sfilate,47.95,No brand,0,https://www.vinted.it/items/8197982909-libro-sfilate-prada?referrer=catalog,4,8197982909,On Sale,,,https://images1.vinted.net/t/06_00c25_YmCRC1fE3YZw8DKjcxvey9TY/310x430/1771346260.webp?s=9d96a807e5b2b90ce19c3733e15f65e0dd40db6b,1,1,Prada
Prada Gore-Tex Pro Jacket,540.6,Prada,S,https://www.vinted.it/items/8199395933-prada-gore-tex-pro-jacket?referrer=catalog,0,8199395933,On Sale,,,https://images1.vinted.net/t/01_00b18_ePB3Ro39f4UVXjC1emYtc967/310x430/1771356456.webp?s=dfe19cc5b11f97a869025ac8c46d69c99f140535,1,1,Prada
Prada cup,89.95,Prada,38,https://www.vinted.it/items/8199155596-prada-cup?referrer=catalog,10,8199155596,On Sale,,,https://images1.vinted.net/t/05_00dad_jtZHKsWJvPD2UGHvAKAJpKB2/310x430/1771354464.webp?s=4a8f9835ee2aa045bb7b061fc6c8470612739d90,1,1,Prada
Mocassini Prada,688.5,Prada,39,https://www.vinted.it/items/8198990031-mocassini-prada?referrer=catalog,4,8198990031,On Sale,,,https://images1.vinted.net/t/06_021fb_Vnn5mqSxnY5auHBYWkvvNGKB/310x430/1771353199.webp?s=40508bcd1ad8a617b70ded880e234ec9eeff1a52,1,1,Prada
Prada paradoxe 90 ml,49.0,Prada,0,https://www.vinted.it/items/8198040639-prada-paradoxe-90-ml?referrer=catalog,2,8198040639,On Sale,,,https://images1.vinted.net/t/04_01835_fpVGtm2o79QwZuGgbd3UmqM2/310x430/1771346624.webp?s=58725aeebc208f0a34323c08f8af9f05214cf105,1,1,Prada
Prada Dimensions,26.95,Prada,0,https://www.vinted.it/items/8199036472-prada-dimensions?referrer=catalog,3,8199036472,On Sale,,,https://images1.vinted.net/t/05_022fa_RXXKpopMoSiDyfR2Z18hu61e/310x430/1771353550.webp?s=06cdea7c90d3f843217e7f22590e08def2392fe7,1,1,Prada
Prada cashmere sweater,790.5,Prada,M,https://www.vinted.it/items/8199435454-prada-cashmere-sweater?referrer=catalog,0,8199435454,On Sale,,,https://images1.vinted.net/t/05_01411_ZivC8zcohqhQMDCE3XXkZNdF/310x430/1771356648.webp?s=c5e883c21c0a0fb16eb176f96f4d18f6ca063150,1,1,Prada
Piumino Prada Milano con inserti Blu Navy,131.95,Prada,M / IT 42 / EU 38,https://www.vinted.it/items/8198788927-piumino-prada-milano-con-inserti-blu-navy?referrer=catalog,2,8198788927,On Sale,,,https://images1.vinted.net/t/06_00b86_s9U8cetG5FMuuYdYSNCgfnLQ/310x430/1771351702.webp?s=eb4eb824f993c05d1076fdf089b1b5ea4fad1295,1,1,Prada
Gilet re nylon Prada,1.224,Prada,L,https://www.vinted.it/items/8198947364-gilet-re-nylon-prada?referrer=catalog,4,8198947364,On Sale,,,https://images1.vinted.net/t/04_0136e_8FhxWzNjKRfv7resu9o2Zpeo/310x430/1771352883.webp?s=7f20647649ef4d64ab2b02e4fad98fa7faa716b3,1,1,Prada
Prada Linea Rossa PS 04WS-DG070A occhiale da sole,158.2,Prada,0,https://www.vinted.it/items/8197903752-prada-linea-rossa-ps-04ws-dg070a-occhiale-da-sole?referrer=catalog,19,8197903752,On Sale,,,https://images1.vinted.net/t/05_00d64_XYj42mSf5RSH5Fbnd17j2hst/310x430/1771345768.webp?s=d7dd58fe04d33e7737a593f66ff0f095dc924448,1,1,Prada
Borsa donna,53.2,Prada,0,https://www.vinted.it/items/8198405402-borsa-donna?referrer=catalog,16,8198405402,On Sale,,,https://images1.vinted.net/t/05_01a77_TQN8btPQ3QTm4qUV2aBHsYkx/310x430/1771349013.webp?s=1fce58101a689bd7acc6b51bf77016cb7b1dc282,1,1,Prada
Basket prada,561.0,Prada,45,https://www.vinted.it/items/8199380916-basket-prada?referrer=catalog,0,8199380916,On Sale,,,https://images1.vinted.net/t/05_01186_NXK4RmhS7zRs4jV5fUduqnFL/310x430/1771356217.webp?s=965b7327d0c17bbe374f4aab7bcbf75b44e9f53c,1,1,Prada
Giacca puffer Prada,867.0,Prada,M,https://www.vinted.it/items/8198857308-giacca-puffer-prada?referrer=catalog,5,8198857308,On Sale,,,https://images1.vinted.net/t/05_0237c_nQrEMTYcApiySNGhYA9GkesZ/310x430/1771352210.webp?s=eb05b17edacae21d2eec782fd18446f424ffa869,1,1,Prada
Tuta prada,68.95,Footkorner,M,https://www.vinted.it/items/8199702385-tuta-prada?referrer=catalog,3,8199702385,On Sale,,,https://images1.vinted.net/t/05_0057e_3t1PPmQVViGMNBfubtvU9US7/310x430/1771358777.webp?s=e1937bf22a8d94943feacd17ec69c1833a7aa4e1,1,1,Prada
Veste Prada,452.2,Prada,M,https://www.vinted.it/items/8199328183-veste-prada?referrer=catalog,4,8199328183,On Sale,,,https://images1.vinted.net/t/05_01323_FRqkVgqZnrPd9JdYhfM3vuNP/310x430/1771355810.webp?s=59768708fba95a95b1858e6b3c517cb08566c8b7,1,1,Prada
Candela Prada,29.05,Prada,0,https://www.vinted.it/items/8198413289-candela-prada?referrer=catalog,11,8198413289,On Sale,,,https://images1.vinted.net/t/05_01e28_TmdbrJJeqKJVgHJpKE9ckGRg/310x430/1771349065.webp?s=1d89c1c843a441d306ccb190f30b4725f865d075,1,1,Prada
Prada FW 2004 wool dress,210.7,Prada,M / IT 42 / EU 38,https://www.vinted.it/items/8199309791-prada-fw-2004-wool-dress?referrer=catalog,2,8199309791,On Sale,,,https://images1.vinted.net/t/04_025fe_Uyy54CXcg8YN3j97TAzRLrgK/310x430/1771355667.webp?s=f1094c21659f4d50a61e1e29bdf1c051afeee325,1,1,Prada
Parfum prada,47.95,Prada,0,https://www.vinted.it/items/8197393048-parfum-prada?referrer=catalog,10,8197393048,On Sale,,,https://images1.vinted.net/t/05_0084f_URLNUdYNzs5gxdTkaXSqBCVV/310x430/1771342604.webp?s=3a31c377115da451aa7c31114657b6a6c1b4228d,1,1,Prada
Prada Virtual flower parfüm,74.2,Prada,0,https://www.vinted.it/items/8199181648-prada-virtual-flower-parfum?referrer=catalog,0,8199181648,On Sale,,,https://images1.vinted.net/t/05_01be3_C48TgaxXR5G5DXgpHpN7XZKW/310x430/1771354664.webp?s=63a2ecf9c5e2905671a636596b6e70f08a8a55ae,1,1,Prada
Annotazioni di sintassi generativa,32.2,No brand,0,https://www.vinted.it/items/8198389696-annotazioni-di-sintassi-generativa?referrer=catalog,1,8198389696,On Sale,,,https://images1.vinted.net/t/06_00e8e_kw53MvELAJNKkuqY61jNmKnQ/310x430/1771348908.webp?s=98a11f38b516abd7588b68c34d5a40148f279462,1,1,Prada
Prada,84.7,Paradoxe,0,https://www.vinted.it/items/8198978398-prada?referrer=catalog,0,8198978398,On Sale,,,https://images1.vinted.net/t/04_00891_PM9kbGaYMrZr5jRs2vXZHcZC/310x430/1771353112.webp?s=d82dd918779a584bca187e352a3067f9758baf38,1,2,Prada
Pantalón de Seda de Prada geométrico,210.7,Prada,XL / IT 46 / EU 42,https://www.vinted.it/items/8198941889-pantalon-de-seda-de-prada-geometrico?referrer=catalog,1,8198941889,On Sale,,,https://images1.vinted.net/t/03_0199c_LkeriKAeeovrcPFLdnAkYFTw/310x430/1771352841.webp?s=efa137dd01bc39a40fb6fa393f6cb69bcdf1ca8b,1,2,Prada
Prada Pullover,63.69,Prada,S,https://www.vinted.it/items/8198906325-prada-pullover?referrer=catalog,1,8198906325,On Sale,,,https://images1.vinted.net/t/01_01a3d_FqrsRD9Esxrhw5RRQSTVoREX/310x430/1771352574.webp?s=56e88b531dcb29dc26ab47a2a3f0ce4170ff767f,1,2,Prada
Prada Paradigme Duftprobe,11.2,Prada,0,https://www.vinted.it/items/8198904141-prada-paradigme-duftprobe?referrer=catalog,0,8198904141,On Sale,,,https://images1.vinted.net/t/05_018c0_PFWbGiSxZtYmewTtts9wvFeG/310x430/1771352557.webp?s=9974666f3116ef5a64c9e59ceb05a18ba1c4d407,1,2,Prada
Prada Derbie Shoes,263.2,Prada,46,https://www.vinted.it/items/8198849021-prada-derbie-shoes?referrer=catalog,3,8198849021,On Sale,,,https://images1.vinted.net/t/05_00925_uZU8m2CiZLgdqyg5XVVgNgpJ/310x430/1771352147.webp?s=8bc91649934521ee52dda111fd7ade8cef2f1c07,1,2,Prada
Prada Oval 26ZS,199.15,Prada,0,https://www.vinted.it/items/8198843226-prada-oval-26zs?referrer=catalog,0,8198843226,On Sale,,,https://images1.vinted.net/t/01_012fc_hseaLdpS4MvAhzCMtNQiJFbW/310x430/1771352103.webp?s=a763035a05d838a7b73b6f5ce729053b7787d1e2,1,2,Prada
Präda Cup 37,116.2,No brand,37,https://www.vinted.it/items/8198809927-prada-cup-37?referrer=catalog,6,8198809927,On Sale,,,https://images1.vinted.net/t/06_01790_rPNPJdMLYA6YQNPYDWBZSpGt/310x430/1771351859.webp?s=e58672402dd9cbda259b909e14dca9d7717ecccd,1,2,Prada
Seiden Säckchen Prada,16.45,Prada,0,https://www.vinted.it/items/8198799499-seiden-sackchen-prada?referrer=catalog,3,8198799499,On Sale,,,https://images1.vinted.net/t/05_00ba6_hAze9zeGuqsAjGvPRYY6UBn5/310x430/1771351780.webp?s=ee62daeccb9fbf08895bf456c57b6d1ce9b1f50f,1,2,Prada
Prada cup,97.3,Prada,38,https://www.vinted.it/items/8198795216-prada-cup?referrer=catalog,0,8198795216,On Sale,,,https://images1.vinted.net/t/05_021ab_9zBst2b15hR49dquLv2vEb5T/310x430/1771351749.webp?s=25fe670e714122e0b6379a96b29b2c2a70b4a98d,1,2,Prada
Occhiali Prada originali,137.2,Prada,0,https://www.vinted.it/items/8198773237-occhiali-prada-originali-mai-indossati-e-in-perfette-condizioni-con-cartellino?referrer=catalog,0,8198773237,On Sale,,,https://images1.vinted.net/t/05_00c5e_RHfWNDbAinyR4DA55uAv12d4/310x430/1771351589.webp?s=e39a064a52326d979688285ab37a93ac0e765edc,1,2,Prada
Prada Denim Bomber Jacket,473.2,Prada,S,https://www.vinted.it/items/8198753091-prada-denim-bomber-jacket?referrer=catalog,2,8198753091,On Sale,,,https://images1.vinted.net/t/05_01322_mydwayxTXiC97VEk7EfYnPnB/310x430/1771351441.webp?s=1dfd5fc883e198447f5289fdbc7ec557976979e5,1,2,Prada
Montura Prada,131.95,Prada,0,https://www.vinted.it/items/8198724033-montura-prada?referrer=catalog,0,8198724033,On Sale,,,https://images1.vinted.net/t/06_01b34_SX5GqTHnDsAdMVq9NyRrfRgQ/310x430/1771351227.webp?s=a36bdc42c4152b4a753246f486cd9c5e0786fc09,1,2,Prada
Parfum prada paradoxe,116.2,Prada,0,https://www.vinted.it/items/8198711636-parfum-prada-paradoxe?referrer=catalog,1,8198711636,On Sale,,,https://images1.vinted.net/t/06_00fd3_4U2uzPKsLXdqr5GtN4xAgdyW/310x430/1771351137.webp?s=fb5c34b75e2657e6d74fde371a105cb64af99c99,1,2,Prada
Lunettes de Soleil Prada Unisex Noir Neuf Mixte,74.2,Prada,0,https://www.vinted.it/items/8198710318-lunettes-de-soleil-prada-unisex-noir-neuf-mixte?referrer=catalog,5,8198710318,On Sale,,,https://images1.vinted.net/t/04_01627_c6VFt4AWYWo3KYZMmnCEPuFB/310x430/1771351128.webp?s=e130d351cb8176ba2cc0baff360376496abd04f9,1,2,Prada
Authentique Étui lunettes Prada certificat d’authenticité et chiffonette neuve sous blister.,11.2,Prada,0,https://www.vinted.it/items/8198597160-authentique-etui-lunettes-prada-certificat-dauthenticite-et-chiffonette-neuve-sous-blister?referrer=catalog,0,8198597160,On Sale,,,https://images1.vinted.net/t/05_0110c_4sD35sRxvvQyhE3H4hiYTKuG/310x430/1771350325.webp?s=5630b0bc54b012e838d3e7de6c83245d0e9bb33c,1,2,Prada
Prada Oval 26ZS,199.15,Prada,0,https://www.vinted.it/items/8198590177-prada-oval-26zs?referrer=catalog,1,8198590177,On Sale,,,https://images1.vinted.net/t/06_0252c_RfwxszhwynLX7N3g9ciPMhLd/310x430/1771350277.webp?s=35d73cbc06adfd11b383704e87ff0c571e329005,1,2,Prada
piumino panna Prada,126.7,Prada,L / IT 44 / EU 40,https://www.vinted.it/items/8198590487-piumino-panna-prada?referrer=catalog,0,8198590487,On Sale,,,https://images1.vinted.net/t/03_013a4_KsXJUDrxNXzar2Yw4ghj86JE/310x430/1771350279.webp?s=506afcaaa59abf6962abec387ef491867b8baa34,1,2,Prada
Prada Paradoxe,68.95,Prada,0,https://www.vinted.it/items/8198571411-prada-paradoxe?referrer=catalog,1,8198571411,On Sale,,,https://images1.vinted.net/t/05_0033a_93rbFadD83LfWxTy3TwvYqoz/310x430/1771350145.webp?s=8abfed9fe5e4e69a017a0a637f50bdf55a8a6bc5,1,2,Prada
Neue Prada Hose Gr.XS in Schwarz mit Racing Streifen.,368.2,Prada,XS / IT 38 / EU 34,https://www.vinted.it/items/8198567053-neue-prada-hose-grxs-in-schwarz-mit-racing-streifen?referrer=catalog,1,8198567053,On Sale,,,https://images1.vinted.net/t/06_015cf_o94fe7tt1R6KvYowQD5x5dTf/310x430/1771350114.webp?s=fdcb99199013a6c4bf908d8b963a2d3a0dbd9723,1,2,Prada
Bolsa org Prada,3.8,Prada,0,https://www.vinted.it/items/8198566789-bolsa-org-prada?referrer=catalog,0,8198566789,On Sale,,,https://images1.vinted.net/t/06_0223f_y8PDDpH4FtXxEmAdwcmKsjhn/310x430/1771350112.webp?s=daa4518f7a76ed46da3628bda7b0882e54d15434,1,2,Prada
Borsa prada crossbody,147.7,Pokémon,0,https://www.vinted.it/items/8198555235-borsa-prada-crossbody?referrer=catalog,6,8198555235,On Sale,,,https://images1.vinted.net/t/06_00747_MSdmbhe1qTGRfWtptwbnDjrA/310x430/1771350032.webp?s=45cc7782eca6cd2086a06555ddd90a52e8d524ae,1,2,Prada
Prada cups,179.2,Prada,47,https://www.vinted.it/items/8198545870-prada-cups?referrer=catalog,2,8198545870,On Sale,,,https://images1.vinted.net/t/05_01862_W2GGhy9RTh98JgEhUc1dPXcr/310x430/1771349967.webp?s=825a41eb6e6584d5063912c28c0bab8a740896b2,1,2,Prada
Agatha Ruiz De la Prada,16.45,No brand,0,https://www.vinted.it/items/8198518872-agatha-ruiz-de-la-prada?referrer=catalog,0,8198518872,On Sale,,,https://images1.vinted.net/t/06_01133_BxWXNJZC8M4zKveuL6EuFXnL/310x430/1771349780.webp?s=08b713c7b466debe3c1b682112f1ddfcb2355722,1,2,Prada
Portachiavi Prada Acciaio + Smalto Bordeaux – Nuovo con Scatola,126.69,Prada,0,https://www.vinted.it/items/8198513462-portachiavi-prada-acciaio-smalto-bordeaux-nuovo-con-scatola?referrer=catalog,0,8198513462,On Sale,,,https://images1.vinted.net/t/05_0221d_VqqMEyFrAzi1nmwLLfJ76yEG/310x430/1771349743.webp?s=138bc10360cc9a8d681e1547aae163da340f9120,1,2,Prada
Falda Prada Vintage 2006,315.7,Prada,XL / IT 46 / EU 42,https://www.vinted.it/items/8198501489-falda-prada-vintage-2006?referrer=catalog,4,8198501489,On Sale,,,https://images1.vinted.net/t/04_008ec_VgeH8tTNDiEXiPbi88VC3Lhv/310x430/1771349662.webp?s=94a43914fa9b3b2e709349dceeb8fae32fa0f52e,1,2,Prada
"Miniature de parfum Prada ""paradoxe"" édition eau de parfum 7ml",13.83,Prada,0,https://www.vinted.it/items/8198471895-miniature-de-parfum-prada-paradoxe-edition-eau-de-parfum-7ml?referrer=catalog,1,8198471895,On Sale,,,https://images1.vinted.net/t/05_00d99_NBa7V3iHAPxQakTHGwa3mA46/310x430/1771349459.webp?s=b2fe13660777f58595b3c45799e2914d1df6a28f,1,2,Prada
Rouge à lèvre Prada monochrome,37.45,Prada,0,https://www.vinted.it/items/8198468337-rouge-a-levre-prada-monochrome?referrer=catalog,0,8198468337,On Sale,,,https://images1.vinted.net/t/05_011b7_gZ9t8Jmy8gEesGopLTPJz2fd/310x430/1771349436.webp?s=21ad1ed008dad0642752200313d41423a6bef84d,1,2,Prada
Rouge à lèvre Prada monochrome,37.45,Prada,0,https://www.vinted.it/items/8198455373-rouge-a-levre-prada-monochrome?referrer=catalog,0,8198455373,On Sale,,,https://images1.vinted.net/t/06_02477_w5AkwviVjpJGWDkGMLbyKUiy/310x430/1771349347.webp?s=b1f6eeef3a73683e01365e8be23bea0d465baa8e,1,2,Prada
Prada,368.2,Prada,39,https://www.vinted.it/items/8198444857-prada?referrer=catalog,1,8198444857,On Sale,,,https://images1.vinted.net/t/01_01536_wiJ6DKoE84E2Mb4wFSNvKP85/310x430/1771349277.webp?s=021d5cfd3531f8b0a7a6289346c7fa13cd424e83,1,2,Prada
Palette fard à paupière Prada,62.65,Prada,0,https://www.vinted.it/items/8198442846-palette-fard-a-paupiere-prada?referrer=catalog,0,8198442846,On Sale,,,https://images1.vinted.net/t/04_0249e_vRsfZKZ44XUxMHwPZRBPiEd8/310x430/1771349264.webp?s=855c11d2212da602a778fe07c91dc537441165c5,1,2,Prada
Chaussures Homme Prada Noir,137.2,Noir,45,https://www.vinted.it/items/8198438517-chaussures-homme-prada-noir?referrer=catalog,1,8198438517,On Sale,,,https://images1.vinted.net/t/01_0046d_UscUEkpC47Ja86Tv5oGAUtt6/310x430/1771349235.webp?s=39991d5e858c8dbbb8e0de2563005ce83bb8ff85,1,2,Prada
Basket prada neuves,168.7,Prada,39,https://www.vinted.it/items/8198433777-basket-prada-neuves?referrer=catalog,1,8198433777,On Sale,,,https://images1.vinted.net/t/05_00add_rWp2NPdew364pGd6LqfXG7sy/310x430/1771349203.webp?s=2bb1577289dbb2c246cf798af4e0675af0fb5e5e,1,2,Prada
Paradigme,53.2,Prada,0,https://www.vinted.it/items/8198426822-paradigme?referrer=catalog,3,8198426822,On Sale,,,https://images1.vinted.net/t/06_00996_eu9uQ8c5ovYGaHVk3q4pSDhM/310x430/1771349156.webp?s=9e30d6b3b7a046e8ba5c91e7c9edb8c91a4b4a73,1,2,Prada
Prada Nylon Hemd,683.2,Prada,M,https://www.vinted.it/items/8198407721-prada-nylon-hemd?referrer=catalog,0,8198407721,On Sale,,,https://images1.vinted.net/t/06_02203_vYoFB1Y2NbDypVgM1FC7ixMG/310x430/1771349028.webp?s=8b86db365a4ac83629f5ed5fbea299a00639bade,1,2,Prada
Perfume Prada,89.95,Prada,0,https://www.vinted.it/items/8198400706-perfume-prada?referrer=catalog,0,8198400706,On Sale,,,https://images1.vinted.net/t/06_01f13_2STksJtn8tKGubnREMnp9PhP/310x430/1771348981.webp?s=418d5947af12c20715d8d1d898b525415797b884,1,2,Prada
Prada Paradoxe Radical Essence,74.2,Prada,0,https://www.vinted.it/items/8198397185-prada-paradoxe-radical-essence?referrer=catalog,2,8198397185,On Sale,,,https://images1.vinted.net/t/05_006f3_dnDtTWJugcBNrLHyGBfBd25j/310x430/1771348958.webp?s=7395c2877258e1304c7454bd1919736623f46b93,1,2,Prada
Prada paradox intense profumo,105.7,Prada,0,https://www.vinted.it/items/8198396216-prada-paradox-intense-profumo?referrer=catalog,0,8198396216,On Sale,,,https://images1.vinted.net/t/01_01a46_2qa75Ry2RTbmM1RTa32TEek4/310x430/1771348951.webp?s=a06fe8392150cda5c3dbe243a360f9b65fb9f67a,1,2,Prada
Jean femme Prada Regular fit taille 27 état neuf,473.2,Prada,M / IT 42 / EU 38,https://www.vinted.it/items/8198372328-jean-femme-prada-regular-fit-taille-27-etat-neuf?referrer=catalog,0,8198372328,On Sale,,,https://images1.vinted.net/t/05_00dc1_m5Ud1VceC9C7XBhvPFM8yBAC/310x430/1771348792.webp?s=1d89e0ba3701bf0b9df97e4d2c1d16fcf85db046,1,2,Prada
Prada Cups,137.19,Prada,44,https://www.vinted.it/items/8198225478-prada-cups?referrer=catalog,0,8198225478,On Sale,,,https://images1.vinted.net/t/06_011bc_1riEvcZQYhRwh92cQnN6Zva6/310x430/1771347817.webp?s=96ac70f6bfcab20619d3fb19c1ff84a18374bb70,1,2,Prada
Jacket taille 6 mois,7.0,Agatha Ruiz de la Prada,6-9 mesi / 68 cm,https://www.vinted.it/items/8198317270-jacket-taille-6-mois?referrer=catalog,0,8198317270,On Sale,,,https://images1.vinted.net/t/01_00dab_wA8Mz8YRs73LAYkrNJeFVKG9/310x430/1771348425.webp?s=92e0fb04672417b470d9bb00983d49d18dd290b9,1,2,Prada
Libro,84.7,No brand,0,https://www.vinted.it/items/8198312043-libro?referrer=catalog,0,8198312043,On Sale,,,https://images1.vinted.net/t/05_009ce_BZK77fD9wWJScp68wqn4YNJQ/310x430/1771348389.webp?s=972f70da00f2b07d59741176e524583b073380f1,1,2,Prada
Prada America’s cup,483.7,Prada,45,https://www.vinted.it/items/8198272249-prada-americas-cup?referrer=catalog,1,8198272249,On Sale,,,https://images1.vinted.net/t/06_010a9_c3yooxBHLdYs47NnmvmhnkRe/310x430/1771348182.webp?s=edad6244e99dcb5fd4a57209f770ee0a2cde46a5,1,2,Prada
Prada jacke,284.2,Prada,M,https://www.vinted.it/items/8198266924-prada-jacke?referrer=catalog,5,8198266924,On Sale,,,https://images1.vinted.net/t/04_01e04_CWL1ToynaeoHJSCmWoGzUBbb/310x430/1771348090.webp?s=c1672e25a886e2c0883a3ca2deebec6d6d91215e,1,2,Prada
Bolso de mano Prada,1.5757,Prada,0,https://www.vinted.it/items/8198198729-bolso-de-mano-prada?referrer=catalog,0,8198198729,On Sale,,,https://images1.vinted.net/t/05_0216a_reBstns2o19EsPc1KY5QwMwp/310x430/1771347641.webp?s=c88b8e07ebbf7d1d62e0b048ec4bdd0da6727f7f,1,2,Prada
Zapatillas flexibles,13.3,Agatha Ruiz de la Prada,19,https://www.vinted.it/items/8198255106-zapatillas-flexibles?referrer=catalog,0,8198255106,On Sale,,,https://images1.vinted.net/t/06_02692_2XfJMRTFmomtPsfexWGse5mG/310x430/1771348013.webp?s=2992a5af2848c96caa3445fedb48ad5bb3943f2d,1,2,Prada
Slim Jeans Herren Prada 33,58.45,Prada,M,https://www.vinted.it/items/8198233928-slim-jeans-herren-prada-33?referrer=catalog,27,8198233928,On Sale,,,https://images1.vinted.net/t/05_00719_BWEmGR8PVsH6JpVX66yyH8rJ/310x430/1771347871.webp?s=2edf9dd99bc52185c1ceeb3ba055877b4ad22167,1,2,Prada
Prada Cups - Dunkelblau - Neu,126.7,Prada,45,https://www.vinted.it/items/8198159286-prada-cups-dunkelblau-neu?referrer=catalog,1,8198159286,On Sale,,,https://images1.vinted.net/t/06_01118_tvG6bFcp9x2GwksSJkGY7U2b/310x430/1771347384.webp?s=adcc5a01b52532a2637ff4bda6d3bca62850c65a,1,2,Prada
Maravilloso bolso Prada Re-nylon rosa nuevo,998.2,Prada,0,https://www.vinted.it/items/8198177958-maravilloso-bolso-prada-re-nylon-rosa-nuevo?referrer=catalog,0,8198177958,On Sale,,,https://images1.vinted.net/t/05_01dc8_eU5ZfthsmpMY4DPAPVycQDoi/310x430/1771347506.webp?s=a729589d660306be73fa816f5f67e3775a3fbe55,1,2,Prada
Housse de couette neuve King size,13.3,Agatha Ruiz de la Prada,King size (220-240 cm x 220-260 cm),https://www.vinted.it/items/8198157338-housse-de-couette-neuve-king-size?referrer=catalog,7,8198157338,On Sale,,,https://images1.vinted.net/t/05_01874_Mne4mJ2tXURDEhC3pUAW5Gvj/310x430/1771347370.webp?s=6e33228ae94f93f401cc3f1db88a6f156c752992,1,2,Prada
Prada cup grise,231.7,Prada,38,https://www.vinted.it/items/8198137298-prada-cup-grise?referrer=catalog,1,8198137298,On Sale,,,https://images1.vinted.net/t/06_00569_Dpra9fWen69FkTCY8qoFHnFJ/310x430/1771347242.webp?s=01b1d84d98d5aa5622b7956ae37b4894cbecc385,1,2,Prada
Prada Cups,84.7,Prada,47,https://www.vinted.it/items/8198134314-prada-cups?referrer=catalog,8,8198134314,On Sale,,,https://images1.vinted.net/t/05_018d6_fdUxBjzmjHYGvL4LCJV2wakA/310x430/1771347222.webp?s=9f79a4f3936500a1edee239fc952c5906b9b6100,1,2,Prada
Neuer Prada Haarreif Haarband mit Pailletten Triangolo Logo Grün,483.7,Prada,Taglia unica,https://www.vinted.it/items/8198121223-neuer-prada-haarreif-haarband-mit-pailletten-triangolo-logo-grun?referrer=catalog,2,8198121223,On Sale,,,https://images1.vinted.net/t/06_014dc_hUPFSV7Fyi9gLX41B46EkUvA/310x430/1771347139.webp?s=05de916edb40766d45761a864324c3f8a112f63e,1,2,Prada
Prada cup bleu,147.7,Prada,44,https://www.vinted.it/items/8198114699-prada-cup-bleu?referrer=catalog,2,8198114699,On Sale,,,https://images1.vinted.net/t/03_01ef6_M2VNAUvBm8LXQcE6PChwez2w/310x430/1771347097.webp?s=8d149f89827a38f94eb47a21f7ee2282ffc3d2b3,1,2,Prada
Billetera Agatha Ruiz de la Prada fucsia,14.88,Agatha,0,https://www.vinted.it/items/8198109455-billetera-agatha-ruiz-de-la-prada-fucsia?referrer=catalog,3,8198109455,On Sale,,,https://images1.vinted.net/t/05_01c4e_LamXFDQesmv5FxgDg8bMNcc9/310x430/1771347063.webp?s=28b8a057ead3970532c9e8673a6bfaa55ee11ea0,1,2,Prada
Óculos da Prada,210.7,Prada,0,https://www.vinted.it/items/8198106272-oculos-da-prada?referrer=catalog,0,8198106272,On Sale,,,https://images1.vinted.net/t/01_00720_ppDrhSbvmmLR4N15tydK71fM/310x430/1771347043.webp?s=0a6d3f63498db52a0df113144e88aada53de898f,1,2,Prada
Neceser,3.85,Agatha Ruiz de la Prada,0,https://www.vinted.it/items/8198097112-neceser?referrer=catalog,3,8198097112,On Sale,,,https://images1.vinted.net/t/05_021e0_5Kn8fBCi1AJVn2wNSmhzq5xX/310x430/1771346984.webp?s=442122a873d38b1040044eeb1aed9c1221615363,1,2,Prada
Prada paradoxe parfum neuf de 90ml,47.95,Prada,0,https://www.vinted.it/items/8198091780-prada-paradoxe-parfum-neuf-de-90ml?referrer=catalog,18,8198091780,On Sale,,,https://images1.vinted.net/t/05_015ba_CGoWcJAmt1soZWXWdYu1DdNd/310x430/1771346949.webp?s=00a6c237c6a63055afe778798f24b86f4ea48eb3,1,2,Prada
Cappello pescatora Prada,368.2,Prada,M,https://www.vinted.it/items/8198066893-cappello-pescatora-prada?referrer=catalog,0,8198066893,On Sale,,,https://images1.vinted.net/t/02_022e4_ViLqVKrFuQTVer6uUQ57d6FP/310x430/1771346791.webp?s=306a59ed58bd5c382f71143a207db6d57dfd6af6,1,2,Prada
Specchietto Prada,53.2,Prada,0,https://www.vinted.it/items/8198066720-specchietto-prada?referrer=catalog,0,8198066720,On Sale,,,https://images1.vinted.net/t/01_01453_iy9mvtpmFawV2ehTvZqEEFwJ/310x430/1771346789.webp?s=f6dbdd3a81f2c9043412a6ffffa0da51576bbc12,1,2,Prada
Piumino Prada,126.7,Prada,L / IT 44 / EU 40,https://www.vinted.it/items/8198010291-piumino-prada?referrer=catalog,1,8198010291,On Sale,,,https://images1.vinted.net/t/05_021e6_mEpwAjot86d4cAq7XHAJ5SXu/310x430/1771346432.webp?s=a42992153cb01b42bf254ccfcfbecdd0d778495a,1,2,Prada
Prada schoenen,441.7,Prada,38,https://www.vinted.it/items/8198009695-prada-schoenen?referrer=catalog,0,8198009695,On Sale,,,https://images1.vinted.net/t/04_01dfa_jjGJKTeAtnjdVtnxhuYrsJaX/310x430/1771346429.webp?s=a3f09652452ad7edde66f39f91ac126485998ae9,1,2,Prada
Buch Catwalk Prada,42.7,No brand,0,https://www.vinted.it/items/8198005498-buch-catwalk-prada?referrer=catalog,2,8198005498,On Sale,,,https://images1.vinted.net/t/05_01883_sAiRGgu87wsJraxtMRRdVD8b/310x430/1771346403.webp?s=4ab76b678bb391d8302effdea605c45b5c6a6aa5,1,2,Prada
Ceinture Prada cuir marron  70 cm neuve,126.7,Prada,70 cm,https://www.vinted.it/items/8073382885-ceinture-prada-cuir-marron-70-cm-neuve?referrer=catalog,0,8073382885,On Sale,,,https://images1.vinted.net/t/06_0218b_pJ69mfQQQTfqdGphkQ1dh3JB/310x430/1769943609.webp?s=a09fbefe3a181e8f6c1b94377d9efafe0fd0e767,1,2,Prada
Cravatta Prada,93.1,Prada,0,https://www.vinted.it/items/8198004031-cravatta-prada?referrer=catalog,0,8198004031,On Sale,,,https://images1.vinted.net/t/06_005ae_V1ycNSHg1rrXifgMkLst9qpR/310x430/1771346394.webp?s=07a372e12590bad088e7e6773bb14ad6f50f7ac2,1,2,Prada
Prada espadrilles,210.7,Prada,36,https://www.vinted.it/items/8198002689-prada-espadrilles?referrer=catalog,2,8198002689,On Sale,,,https://images1.vinted.net/t/05_009f7_Ea746rJerpx5wy1THssHkKKi/310x430/1771346385.webp?s=36c0bc9fb9cfa11e73eae9e7c92613c623812823,1,2,Prada
Lunettes soleil Prada,231.7,Prada,0,https://www.vinted.it/items/8197973310-lunettes-soleil-prada?referrer=catalog,1,8197973310,On Sale,,,https://images1.vinted.net/t/06_01d0c_NChrhiVbA6hBRu5TeX8Yu7SV/310x430/1771346200.webp?s=65c70ccc2f1ad44870a15ddb67ceb91b47f60faf,1,2,Prada
occhiali prada,84.7,Prada,0,https://www.vinted.it/items/8197774223-occhiali-prada?referrer=catalog,12,8197774223,On Sale,,,https://images1.vinted.net/t/05_00b56_M9yoUScDBJfrNUqEbdQHDAFe/310x430/1771344961.webp?s=68f1b8905003ef3505c8658d37d9d2a3174eb284,1,2,Prada
Prada ocean Luna rossa,50.05,Prada,0,https://www.vinted.it/items/8197958087-prada-ocean-luna-rossa?referrer=catalog,0,8197958087,On Sale,,,https://images1.vinted.net/t/06_0050b_Mzb9tAD3n2s66oy2R9hWYq63/310x430/1771346105.webp?s=e611d21d9c1865cfcc612882830b62dc2d632abb,1,2,Prada
Abrigo Agatha Ruiz de la Prada Impermeable Talla 8 años. Manteau imperméable. Casaco impermeável,68.95,Agatha Ruiz de la Prada,8 anni / 128 cm,https://www.vinted.it/items/8197930438-abrigo-agatha-ruiz-de-la-prada-impermeable-talla-8-anos-manteau-impermeable-casaco-impermeavel?referrer=catalog,48,8197930438,On Sale,,,https://images1.vinted.net/t/06_00f60_9w6eJxRXFcJoBF4jh5ayDkzj/310x430/1771345934.webp?s=4fa6b755b8e4b7b39a108a52b209aa6b793aba1b,1,2,Prada
Short Swin Prada,158.2,Prada,L,https://www.vinted.it/items/8197848374-short-swin-prada?referrer=catalog,5,8197848374,On Sale,,,https://images1.vinted.net/t/01_01de7_K8yoaJU62zvVLhLjJot4GGmM/310x430/1771345422.webp?s=788f3c091ee1a60f6093742093e81aa7b48bb6ef,1,2,Prada
Prada Paradox Intense en Eau de Parfum 90Ml toujours neuf sous blister,62.65,Prada,0,https://www.vinted.it/items/8197881845-prada-paradox-intense-en-eau-de-parfum-90ml-toujours-neuf-sous-blister?referrer=catalog,2,8197881845,On Sale,,,https://images1.vinted.net/t/05_026e0_cEGaPDdTpPMAzigNML89Zikn/310x430/1771345630.webp?s=599f09d3fb489194c9bdfa89a96f6cda95703c4c,1,2,Prada
Paradoxe 30ml,53.2,Prada,0,https://www.vinted.it/items/8197877821-paradoxe-30ml?referrer=catalog,16,8197877821,On Sale,,,https://images1.vinted.net/t/05_025a1_gZ4QTCLAyS5MSHr7EvbY7Ffp/310x430/1771345607.webp?s=21d9cffefb5d56c11ad30e1afd7fdf195842b65f,1,2,Prada
Miniature prada neuve paradoxe,18.55,Prada,0,https://www.vinted.it/items/8197867164-miniature-prada-neuve-paradoxe?referrer=catalog,17,8197867164,On Sale,,,https://images1.vinted.net/t/03_013f1_4SFuFjF5E9W96mP2Z4E54da7/310x430/1771345540.webp?s=556f78a48faddcff9b829c56cebd4a855ea39014,1,2,Prada
Libro,10.15,No brand,0,https://www.vinted.it/items/8197866154-libro?referrer=catalog,0,8197866154,On Sale,,,https://images1.vinted.net/t/06_000f7_uP1MaWjTVWb3JhHhzq4gS5RR/310x430/1771345534.webp?s=76c6f9f5a6ccc88d43f1c7d6d99173237034ca56,1,2,Prada
Óculos de Sol Prada,53.2,Prada,0,https://www.vinted.it/items/8197862579-oculos-de-sol-prada?referrer=catalog,10,8197862579,On Sale,,,https://images1.vinted.net/t/01_01f14_kXd98jksC1GpaccZejiWwKLc/310x430/1771345512.webp?s=e9c0719d52652e015863bab6ea5993ff2f1f8c37,1,2,Prada
Lunettes de soleil Prada 19WS,126.7,Prada,0,https://www.vinted.it/items/8197850876-lunettes-de-soleil-prada-19ws?referrer=catalog,1,8197850876,On Sale,,,https://images1.vinted.net/t/05_00328_nq2cGuHgAqfU7crkX88SDrDa/310x430/1771345438.webp?s=5937166d3f3b9fc3159c1bbb3f85edd86ece16b4,1,2,Prada
Prada  paradoxe 90ml,41.65,Paradoxe,0,https://www.vinted.it/items/8197841385-prada-paradoxe-90ml?referrer=catalog,10,8197841385,On Sale,,,https://images1.vinted.net/t/06_00ad3_Aieu8QP2dubZjv8mxwK1j156/310x430/1771345378.webp?s=629ad19b30b626dee29b975425e0cad14e6da4f4,1,2,Prada
Borsa secchiello Prada,1.5232,Prada,0,https://www.vinted.it/items/8197805167-borsa-secchiello-prada?referrer=catalog,0,8197805167,On Sale,,,https://images1.vinted.net/t/05_00824_t1nhm9VEEAaj73RemumLTFwT/310x430/1771345155.webp?s=9d5aad12b493fbf52e2f107aa6d2c35fcd5fa753,1,2,Prada
Sacoche Prada,1.0507,Prada,0,https://www.vinted.it/items/8197802668-sacoche-prada?referrer=catalog,1,8197802668,On Sale,,,https://images1.vinted.net/t/06_00024_JFQ62fK5k45ZG1sFovKU7oCo/310x430/1771345139.webp?s=f631361ba57b642a6bfd2d18e77fee69938d2feb,1,2,Prada
Prada eau de parfum infusion d’ilang,84.7,Prada,0,https://www.vinted.it/items/8197797493-prada-eau-de-parfum-infusion-dilang?referrer=catalog,0,8197797493,On Sale,,,https://images1.vinted.net/t/01_011e3_zeRyiBjHcTCrfbsqhdwZXLTf/310x430/1771345107.webp?s=c3896743061e6c76e7e70dfb3ea9762b07b9e09d,1,2,Prada
Vestido Agatha Ruiz de la Prada 4Y,21.7,Agatha Ruiz de la Prada,4 anni / 104 cm,https://www.vinted.it/items/8197787602-vestido-agatha-ruiz-de-la-prada-4y?referrer=catalog,3,8197787602,On Sale,,,https://images1.vinted.net/t/01_01636_fWGLyB5W4c2G4pBgnWXd2Kfb/310x430/1771345045.webp?s=13cfd85db3a85c828b0b1d3b687b958d2f5516d9,1,2,Prada
Baskets Prada neuf,703.8,Prada,42,https://www.vinted.it/items/8197736181-baskets-prada-neuf?referrer=catalog,0,8197736181,On Sale,,,https://images1.vinted.net/t/06_00112_EBJUa6ZytkyUp8LWWaShMnxc/310x430/1771344725.webp?s=44aad01fa074874aaf68cf7a5332384cadafd49f,1,3,Prada
Pantaloni Prada,95.2,Prada,M,https://www.vinted.it/items/8197659779-pantaloni-prada?referrer=catalog,3,8197659779,On Sale,,,https://images1.vinted.net/t/04_0238d_jLaUxiXXoDDkTp5S5JtejNXu/310x430/1771344254.webp?s=f87d6f78d5621469f2d26da07d80af6cab5b8c6a,1,3,Prada
Prada black,47.95,Prada,0,https://www.vinted.it/items/8197727009-prada-black?referrer=catalog,0,8197727009,On Sale,,,https://images1.vinted.net/t/05_008b2_mL9w1wtJqVaKqms5uhtey9ye/310x430/1771344669.webp?s=347660d9aa2e73b8de6f1fbcca1c06cb724b29ba,1,3,Prada
Occhiali da sole donna,147.7,Prada,0,https://www.vinted.it/items/8197714704-occhiali-da-sole-donna?referrer=catalog,5,8197714704,On Sale,,,https://images1.vinted.net/t/06_01798_sqBjCaruBJUYFGjsGm3DXptj/310x430/1771344593.webp?s=e7f5d23ac9bad6d58b3f29e36ae8a3b2360b897f,1,3,Prada
Dolcevita Prada,158.2,Prada,L / IT 44 / EU 40,https://www.vinted.it/items/8197713785-dolcevita-prada?referrer=catalog,0,8197713785,On Sale,,,https://images1.vinted.net/t/01_011df_t2das7rX6dPHiwjFR4eUqThk/310x430/1771344587.webp?s=af92ffac5240f6aa9b53bff25f1aacc031927a91,1,3,Prada
Pantalone Prada,200.2,Prada,M / IT 42 / EU 38,https://www.vinted.it/items/8197688976-pantalone-prada?referrer=catalog,1,8197688976,On Sale,,,https://images1.vinted.net/t/06_0001b_XLrJm8vwGSXS7jJoPxGbVUb3/310x430/1771344435.webp?s=b9b4658c0a64bb1275200d7d4ae21358248caee2,1,3,Prada
Prada broek maat 33,315.7,Prada,L,https://www.vinted.it/items/8197685283-prada-broek-maat-33?referrer=catalog,2,8197685283,On Sale,,,https://images1.vinted.net/t/05_0084e_uuLcpgFjR9idk3d4kE23Yv6T/310x430/1771344413.webp?s=fbaea4bb934219004828391801abd8e44e886faf,1,3,Prada
Parfums prada,68.95,Prada,0,https://www.vinted.it/items/8197678475-parfums-prada?referrer=catalog,0,8197678475,On Sale,,,https://images1.vinted.net/t/06_00fe8_EFg4EwbkCZWZtTA2ZfpaHnMj/310x430/1771344370.webp?s=07f1a087224b6c86684263c7247906481e833c21,1,3,Prada
Prada broek maat 33,315.7,Prada,L,https://www.vinted.it/items/8197671824-prada-broek-maat-33?referrer=catalog,2,8197671824,On Sale,,,https://images1.vinted.net/t/05_01629_B8AdcvaF9ZZh99FXsupLkrns/310x430/1771344330.webp?s=4f1098cc627e2e5f8342adc78bf8b3bf08d14092,1,3,Prada
Prada sport,47.94,Prada,0,https://www.vinted.it/items/8197666698-prada-sport?referrer=catalog,0,8197666698,On Sale,,,https://images1.vinted.net/t/06_00283_hq1ZmfY7c7kN1BTQfosPCCaU/310x430/1771344298.webp?s=4103516a993e35d436ad6b4992ef6783fdb4ad94,1,3,Prada
Casquette Prada noir,200.19,Prada,M,https://www.vinted.it/items/8197656009-casquette-prada-noir?referrer=catalog,2,8197656009,On Sale,,,https://images1.vinted.net/t/05_00345_AsAMSWMTGkYqYidoi13rDjaH/310x430/1771344231.webp?s=d15c6dd18edd344c40bbf418229ece039a8e661c,1,3,Prada
Pantalone Prada,189.7,Prada,M / IT 42 / EU 38,https://www.vinted.it/items/8197654755-pantalone-prada?referrer=catalog,9,8197654755,On Sale,,,https://images1.vinted.net/t/06_00e4f_1tuPc9L29TKeNdvUtGCGyp2g/310x430/1771344223.webp?s=75651da909b15c0d8f3e90e3fd88209ffda6df31,1,3,Prada
Prada Shearling Quilted Shoulder Bag with Pouch,999.6,Prada,0,https://www.vinted.it/items/8197647594-prada-shearling-quilted-shoulder-bag-with-pouch?referrer=catalog,0,8197647594,On Sale,,,https://images1.vinted.net/t/05_00d46_xseH78zN4s5osR6hj4SFGFjM/310x430/1771344178.webp?s=be1eb24d06669a48650186cd7e5b23ca2f6bca67,1,3,Prada
Brume paradoxe,20.65,Prada,0,https://www.vinted.it/items/8197641095-brume-paradoxe?referrer=catalog,1,8197641095,On Sale,,,https://images1.vinted.net/t/04_0255f_ezirMHFi5deg4vBPNjVFAWRN/310x430/1771344137.webp?s=fcfbe4575d6f6f207f5bbb3b448168ba7c0e5fa8,1,3,Prada
Prada cups white,63.7,Prada,41,https://www.vinted.it/items/8197637008-prada-cups-white?referrer=catalog,36,8197637008,On Sale,,,https://images1.vinted.net/t/06_00f11_S9mb39vKpnnn6WzQy6UFD82W/310x430/1771344111.webp?s=c718a38bb77ff879ca88220618308fd489c0f78c,1,3,Prada
Girocollo a costine Prada,158.2,Prada,L / IT 44 / EU 40,https://www.vinted.it/items/8197625048-girocollo-a-costine-prada?referrer=catalog,0,8197625048,On Sale,,,https://images1.vinted.net/t/04_01765_bMNuvmuqacsNL6ZrgcCRYwb6/310x430/1771344037.webp?s=97b8326069f448ef56592444494059e581c3e757,1,3,Prada
PRADA Sonnenbrille,210.7,Prada,0,https://www.vinted.it/items/8197620620-prada-sonnenbrille?referrer=catalog,0,8197620620,On Sale,,,https://images1.vinted.net/t/01_002a2_uy48CnLYL9MQG7sNAg8HkA68/310x430/1771344009.webp?s=410809e362001018f1f554e99d5beb26b804cdc7,1,3,Prada
Original Prada Miniatur Düfte 7,53.2,Prada,0,https://www.vinted.it/items/8197583267-original-prada-miniatur-dufte-75ml?referrer=catalog,1,8197583267,On Sale,,,https://images1.vinted.net/t/03_00034_HMRuP5GtQFyb6uUiCGiRd4hZ/310x430/1771343781.webp?s=c70ecff746f755a1898ee0b8df459a1b3e8230f4,1,3,Prada
Casquette Prada blanche,200.19,Prada,M,https://www.vinted.it/items/8197574177-casquette-prada-blanche?referrer=catalog,0,8197574177,On Sale,,,https://images1.vinted.net/t/04_0127c_ygcCf88QrYZT32era1LoyW1H/310x430/1771343724.webp?s=ed912c7299460fd1abc7fcab08c82f3981afeca9,1,3,Prada
Lunettes de soleil Prada,210.7,Prada,0,https://www.vinted.it/items/8197569383-lunettes-de-soleil-prada?referrer=catalog,2,8197569383,On Sale,,,https://images1.vinted.net/t/05_02594_jK2aWx68HkLmUM3MRexhKGGq/310x430/1771343694.webp?s=50f349893c9a968106013e17c8279099e746887a,1,3,Prada
Prada 8ml * 4,21.7,Prada,0,https://www.vinted.it/items/8175431910-prada-8ml-4?referrer=catalog,8,8175431910,On Sale,,,https://images1.vinted.net/t/06_00fed_Y22mv7ewgxg2xoGXm13w2FEy/310x430/1771101223.webp?s=fc4e231dc68453439c7119de919f1318ce820e6b,1,3,Prada
Sandálias Prada,167.65,Prada,36,https://www.vinted.it/items/8197553600-sandalias-prada?referrer=catalog,5,8197553600,On Sale,,,https://images1.vinted.net/t/05_001ac_4B7sp9pzdSTyiuT88BKcaq4L/310x430/1771343597.webp?s=c27ddd0bbac58c84b4ff3e2a05817d2989b34571,1,3,Prada
Prada Milano Les Infusions D‘Iris,105.7,Prada,0,https://www.vinted.it/items/8197533909-prada-milano-les-infusions-diris?referrer=catalog,1,8197533909,On Sale,,,https://images1.vinted.net/t/01_010e6_8KgzKfSBxnacovV89cgeTjUc/310x430/1771343476.webp?s=257703d0b92f42be867a4e1ea4c59354c40cc0e2,1,3,Prada
Prada cups,95.2,Prada,42,https://www.vinted.it/items/8197329340-prada-cups?referrer=catalog,0,8197329340,On Sale,,,https://images1.vinted.net/t/01_0123d_3AmjpyJ4p9vwiT6uCY7NjG9v/310x430/1771342214.webp?s=e100132604e833ba6c7055cbd4c3ce8e5b69ccd3,1,3,Prada
Coffret de parfum Prada,116.2,Prada,0,https://www.vinted.it/items/8197491054-coffret-de-parfum-prada?referrer=catalog,0,8197491054,On Sale,,,https://images1.vinted.net/t/06_016d1_44qujtM78qDHu9ERmW5pnoqt/310x430/1771343211.webp?s=b34341136e5eeb58edd6a6efc75965847d83a6ce,1,3,Prada
Original PRADA Schmuckrolle / Schmucktasche – unbenutzt,210.7,Prada,0,https://www.vinted.it/items/8197485357-original-prada-schmuckrolle-schmucktasche-unbenutzt?referrer=catalog,1,8197485357,On Sale,,,https://images1.vinted.net/t/06_0252c_EAdJ7A3wHtGACh89XiJv7GjD/310x430/1771343175.webp?s=ebb3a4847245ae91d7d9a538bd93fc0302efa3c1,1,3,Prada
Prada tasche Gesteppte Tote Bag aus Re-Nylon,1.734,Prada,0,https://www.vinted.it/items/8197454791-prada-tasche-gesteppte-tote-bag-aus-re-nylon?referrer=catalog,0,8197454791,On Sale,,,https://images1.vinted.net/t/01_01f0f_fRWqPescxhBUmZo2ZDEjfKUf/310x430/1771342986.webp?s=53455e095fbf26e649f575a921d2b5d1c923d54f,1,3,Prada
Lunettes Prada,441.7,Prada,0,https://www.vinted.it/items/8197450655-lunettes-prada?referrer=catalog,0,8197450655,On Sale,,,https://images1.vinted.net/t/01_01ca4_Zi6REowuEvbtVo7R3vD1GfpX/310x430/1771342960.webp?s=0ae368d40567d1d418587e3203a1dee65ef76b20,1,3,Prada
Orecchini Prada coccodrillo,168.7,Prada,0,https://www.vinted.it/items/8197446284-orecchini-prada-coccodrillo?referrer=catalog,4,8197446284,On Sale,,,https://images1.vinted.net/t/01_02141_Asdg5GkxBDUGxzLU9vnKQ5CP/310x430/1771342933.webp?s=cbd9d3d3336f25c49a8fd5e67b16d8f071fcc742,1,3,Prada
Prada parfum,84.7,Prada,0,https://www.vinted.it/items/8197435658-prada-parfum?referrer=catalog,0,8197435658,On Sale,,,https://images1.vinted.net/t/05_026a9_qSbmiU58FQhPxFqMmfXfNwFj/310x430/1771342867.webp?s=d20932b50288fc91ed7d3e85b636b19fb9d802dc,1,3,Prada
Supendi mocassin in Camoscio modello Prada tg 42,37.44,No brand,42,https://www.vinted.it/items/8197429844-supendi-mocassin-in-camoscio-modello-prada-tg-42?referrer=catalog,6,8197429844,On Sale,,,https://images1.vinted.net/t/06_026c7_TuRJvVkxmAgweafPqJvUqDLc/310x430/1771342831.webp?s=5381fdc6953943cb5e6de4bc6d3d00c5df438c81,1,3,Prada
Sacoche Prada,420.7,Prada,0,https://www.vinted.it/items/8166281974-sacoche-prada?referrer=catalog,1,8166281974,On Sale,,,https://images1.vinted.net/t/06_010d3_tmabidk2dneviXsgSkqZFriU/310x430/1770997090.webp?s=59a0fe3e55143cae74d7e0e5ba1f739ebbfcadda,1,3,Prada
Prada cloudbust thunder,236.95,Prada,45,https://www.vinted.it/items/8197417015-prada-cloudbust-thunder?referrer=catalog,5,8197417015,On Sale,,,https://images1.vinted.net/t/04_018c4_1iV152oaVh3nr7hxww2K6U5j/310x430/1771342752.webp?s=96f22a2b8ab2f45849e464ef7e01311cff5bfd0b,1,3,Prada
Chaussure Prada cups noir taille 38,95.2,Prada,38,https://www.vinted.it/items/8197415687-chaussure-prada-cups-noir-taille-38?referrer=catalog,4,8197415687,On Sale,,,https://images1.vinted.net/t/01_003c4_MJLwPQUQyPbMFPt5aJCqMnng/310x430/1771342744.webp?s=e25d151aeb9cf37550cb5472fe9ce8b90dea9a08,1,3,Prada
Prada-Brille Línea Rossa,158.2,Prada,0,https://www.vinted.it/items/8197207190-prada-brille-linea-rossa?referrer=catalog,1,8197207190,On Sale,,,https://images1.vinted.net/t/06_01676_zs74mmjTgD94Lkn5qFQZZkDF/310x430/1771341460.webp?s=3ff6dc7f136d539869f9b62216dba6eb099acb4e,1,3,Prada
lot trousse et petit carnet Agatha Ruiz de La Prada,4.9,Agatha Ruiz de la Prada,0,https://www.vinted.it/items/8197361369-lot-trousse-et-petit-carnet-agatha-ruiz-de-la-prada?referrer=catalog,0,8197361369,On Sale,,,https://images1.vinted.net/t/06_0085e_NxqY7bex6QgHXyaFtDR3tdr9/310x430/1771342410.webp?s=6b79bdb656750665c8a95abdf45d300080d268f8,1,3,Prada
Prada Luna Rossa Ocean edp 100 ml,68.95,Prada,0,https://www.vinted.it/items/8197339557-prada-luna-rossa-ocean-edp-100-ml?referrer=catalog,1,8197339557,On Sale,,,https://images1.vinted.net/t/06_0219d_Ka4qJXJauwbAHTivwPiBrJE5/310x430/1771342277.webp?s=afa2dd833ce173980b441cbca5d67481985c6ff7,1,3,Prada
Jacquemus Le Bob Leather Bucket Hat Orange Our Legacy acne Prada Hermes,79.45,Jacquemus,Taglia unica,https://www.vinted.it/items/8166200453-jacquemus-le-bob-leather-bucket-hat-orange-our-legacy-acne-prada-hermes?referrer=catalog,0,8166200453,On Sale,,,https://images1.vinted.net/t/05_01069_7cpUvtBY4coDnzHjne4ZbZh5/310x430/1770996484.webp?s=46e2aea977cc7011cb004fd53e59b0d57cefabf3,1,3,Prada
Chaussure prada cup,540.6,Prada,41,https://www.vinted.it/items/8197318642-chaussure-prada-cup?referrer=catalog,0,8197318642,On Sale,,,https://images1.vinted.net/t/06_003fa_EUDqMtSM589W6xLkizzsdFuq/310x430/1771342148.webp?s=7a5d54a0e361fe498ee42ec4dd65644647747658,1,3,Prada
Parfum PRADA Milano,116.2,Prada,0,https://www.vinted.it/items/8197318097-parfum-prada-milano?referrer=catalog,0,8197318097,On Sale,,,https://images1.vinted.net/t/05_012ed_6zrx8eDu6havGkairbM8rv92/310x430/1771342145.webp?s=42a8e2bfee4583a52bf0cd1dbe68cc1462fcdc01,1,3,Prada
Maglietta originale Prada mai indossata,158.2,Prada,XL,https://www.vinted.it/items/8148394451-maglietta-originale-prada-mai-indossata?referrer=catalog,2,8148394451,On Sale,,,https://images1.vinted.net/t/06_01516_wt2qn1Cv7e22CZhyzdqGqcWn/310x430/1770756226.webp?s=34c6ab4059b119cb8f251baae201c48fed285bbd,1,3,Prada
Baume à lèvres rehausseur prada,23.8,Prada,0,https://www.vinted.it/items/8197262254-baume-a-levres-rehausseur-prada?referrer=catalog,1,8197262254,On Sale,,,https://images1.vinted.net/t/04_0127a_mFeELvYe2XDpCYn2FF9gFspo/310x430/1771341801.webp?s=74e9a0bf212c0beecf3b799277c977edb60b6895,1,3,Prada
Parfum prada neuf,63.7,Prada,0,https://www.vinted.it/items/8197259623-parfum-prada-neuf?referrer=catalog,0,8197259623,On Sale,,,https://images1.vinted.net/t/05_00d61_u8MwaZMxF89fdVjV1Xe2jAHB/310x430/1771341784.webp?s=2615291c54a69d424d8c66b8e3cfdbf9366a7733,1,3,Prada
Miniature de parfum Prada,16.45,Prada,0,https://www.vinted.it/items/8197250833-miniature-de-parfum-prada?referrer=catalog,0,8197250833,On Sale,,,https://images1.vinted.net/t/06_0067a_Y7kPCxmzGpcJb3bGvzP6hwdz/310x430/1771341730.webp?s=d6de745a62c4ddafad5bcf468d85d3a53d0bd940,1,3,Prada
Valigetta finta Prada nera,16.45,Vintage Dressing,0,https://www.vinted.it/items/8197241046-valigetta-finta-prada-nera?referrer=catalog,3,8197241046,On Sale,,,https://images1.vinted.net/t/01_023fb_vTynRrVceiw8zGRs53ayP2Yu/310x430/1771341669.webp?s=afb01ccdb3e6f2d8272188b6b8f895c65137ea9c,1,3,Prada
Profumo Prada,42.7,Prada,0,https://www.vinted.it/items/8197226516-profumo-prada?referrer=catalog,6,8197226516,On Sale,,,https://images1.vinted.net/t/01_011b2_djzGa7QGg2JaBGTksfMjsnqf/310x430/1771341580.webp?s=367798e330be31febc0bb9d03bf7507ef706593f,1,3,Prada
Prada-Brille Linea Rossa,158.2,Prada,0,https://www.vinted.it/items/8197223816-prada-brille-linea-rossa?referrer=catalog,1,8197223816,On Sale,,,https://images1.vinted.net/t/06_00385_1yN2bERBmbugrpBmSAL8cNaQ/310x430/1771341563.webp?s=a4b40f85c9da46666d4ff0efa2c463c05308c904,1,3,Prada
Prada Milano – Blazer Sartoriale Blu Navy Luxury - Nuovo senza Cartellino,341.95,Prada,S / IT 40 / EU 36,https://www.vinted.it/items/8197209834-prada-milano-blazer-sartoriale-blu-navy-luxury-nuovo-senza-cartellino?referrer=catalog,2,8197209834,On Sale,,,https://images1.vinted.net/t/06_00267_aabQBiGUCVczZLCW1ajUf377/310x430/1771341637.webp?s=71be421b08a8aae18a503de0fe42183106bf2f75,1,3,Prada
Mini taglia Prada Infusion de Vanille,21.7,Prada,0,https://www.vinted.it/items/7444769606-mini-taglia-prada-infusion-de-vanille?referrer=catalog,0,7444769606,On Sale,,,https://images1.vinted.net/t/04_01629_1nUsXuUrWiPjuxPE9DZ3db5C/310x430/1761855616.webp?s=2d372e882742083eed2bde4499acf50830e5ce85,1,3,Prada
Sunglasses iconic metal plaque Prada,446.95,Prada,0,https://www.vinted.it/items/8197182635-sunglasses-iconic-metal-plaque-prada?referrer=catalog,0,8197182635,On Sale,,,https://images1.vinted.net/t/05_00b15_PjRxi5CW3aX694Hw8nKTKEZq/310x430/1771341307.webp?s=825cff5962b41393edf5c24f8a29a18472c6d3ca,1,3,Prada
Prada Cups,110.95,Prada,45,https://www.vinted.it/items/8197175391-prada-cups?referrer=catalog,1,8197175391,On Sale,,,https://images1.vinted.net/t/06_01aa3_dLpqWZvH3HexgSi4sbGS2gu1/310x430/1771341263.webp?s=a09af1f407016455e1494a4c8edc2d7198d195c0,1,3,Prada
Prada cup kaki,147.7,Prada,46,https://www.vinted.it/items/8197140069-prada-cup-kaki?referrer=catalog,2,8197140069,On Sale,,,https://images1.vinted.net/t/04_0162a_Cgtr1YWxoHVvSbiBY88zbCrp/310x430/1771341043.webp?s=770b227c5fb294975a89f3f682a434c4fb6b6c14,1,3,Prada
Pelele Agatha Ruiz de la Prada,21.7,Agatha Ruiz de la Prada,1-3 mesi / 56 cm,https://www.vinted.it/items/8197133097-pelele-agatha-ruiz-de-la-prada-talla-1-m?referrer=catalog,8,8197133097,On Sale,,,https://images1.vinted.net/t/05_022fb_RNyF8tmJ32aqV1mEEtpg1TFu/310x430/1771341000.webp?s=04fe0ea3b3b629d5567f9b6c1824912aca73e41a,1,3,Prada
Prada paradoxe intense,74.2,Prada,0,https://www.vinted.it/items/8197133153-prada-paradoxe-intense?referrer=catalog,0,8197133153,On Sale,,,https://images1.vinted.net/t/05_00cb6_KyLJScGmyvMzKiJQK8XAtLRX/310x430/1771341000.webp?s=658f6f9d4afea1a7fd16d8d4b82c2c5445c52358,1,3,Prada
Bracciale Prada Miu Miu,210.7,Miu Miu,0,https://www.vinted.it/items/8197126504-bracciale-prada-miu-miu?referrer=catalog,0,8197126504,On Sale,,,https://images1.vinted.net/t/05_01900_iwE9fdZu6siYBGEJ2JHG7VLf/310x430/1771340960.webp?s=a2eb92721b02e1ed2e356ce337570f85ad0d38f8,1,3,Prada
Cappotto Cannella stile prada,26.95,Cannella,XL / IT 46 / EU 42,https://www.vinted.it/items/8197085559-cappotto-cannella-stile-prada?referrer=catalog,4,8197085559,On Sale,,,https://images1.vinted.net/t/06_02260_Top73T7HTTpRsNfKVqsXFJ9P/310x430/1771340705.webp?s=2e923635e9aa1b3d51b2c1734d38e967a61dc0d9,1,3,Prada
Prada Brille 🤍,210.7,Prada,0,https://www.vinted.it/items/8197083116-prada-brille?referrer=catalog,0,8197083116,On Sale,,,https://images1.vinted.net/t/05_024d2_D7hnfiHE2gxMSfaZF3KAfaMS/310x430/1771340690.webp?s=87ceff1c7803fd975ad8e98f282abef464749518,1,3,Prada
Basket Prada blanche,126.7,Prada,37,https://www.vinted.it/items/8197048991-basket-prada-blanche?referrer=catalog,5,8197048991,On Sale,,,https://images1.vinted.net/t/04_02239_F3cc3zzQgbMh5gT471z5wXhp/310x430/1771340476.webp?s=f4a22cef797829116b335d4f5f9fdb99b1d445ef,1,3,Prada
Lunettes de soleil Prada homme,63.7,Prada,0,https://www.vinted.it/items/8197025889-lunettes-de-soleil-prada-homme?referrer=catalog,2,8197025889,On Sale,,,https://images1.vinted.net/t/06_0073d_Rssdom9bkpnN8ApoRPVbYyDH/310x430/1771340332.webp?s=f3d4b020fa27cf47c13397975ab218d3b2a107cd,1,3,Prada
Prada flame wedge heels,663.0,Prada,37,https://www.vinted.it/items/8197002898-prada-flame-wedge-heels?referrer=catalog,28,8197002898,On Sale,,,https://images1.vinted.net/t/01_014a8_vimR9hJeptnyyZthTeDQw3R4/310x430/1771340190.webp?s=57a7a98d2b211fb6ed489f96b80eccecf561a285,1,3,Prada
Vestido Agatha Ruiz de la Padra,29.05,Agatha Ruiz de la Prada,4 anni / 104 cm,https://www.vinted.it/items/8196999275-vestido-agatha-ruiz-de-la-padra?referrer=catalog,0,8196999275,On Sale,,,https://images1.vinted.net/t/05_00337_YL4W2BvE8A2wgWe5n6WahxUo/310x430/1771340167.webp?s=d21d1e5750b1300fde84006954464dc910736dc2,1,3,Prada
Borsa Prada,68.95,Prada,0,https://www.vinted.it/items/8196971390-borsa-prada?referrer=catalog,3,8196971390,On Sale,,,https://images1.vinted.net/t/05_00556_ykGnohoCYtAargKRxFPsiZmb/310x430/1771339994.webp?s=2e5efdd26e2c6864980c05253dfb90d817e91961,1,3,Prada
Anfibi Prada,263.2,Prada,38,https://www.vinted.it/items/8196967194-anfibi-prada?referrer=catalog,18,8196967194,On Sale,,,https://images1.vinted.net/t/06_00b39_3pL1CBQ7HyE5rkWiW2hjgEqK/310x430/1771339969.webp?s=0e8158445b3d457ff14eaaaed4a5998040f84b54,1,3,Prada
Cubertería de 24 piezas,32.1,Agatha Ruiz de la Prada,0,https://www.vinted.it/items/8196960714-cuberteria-de-24-piezas?referrer=catalog,52,8196960714,On Sale,,,https://images1.vinted.net/t/03_022dd_sTyCryiPyVxxRrEgBWbD5r5j/310x430/1771339928.webp?s=4b2c297600a48871278f36e14ff5cdf7f047b0a4,1,3,Prada
Prada Crewneck Weiß,420.7,Prada,XXL,https://www.vinted.it/items/8196945290-prada-crewneck-weiss?referrer=catalog,3,8196945290,On Sale,,,https://images1.vinted.net/t/01_02214_GHXJwNXDxkpxaFAk6sCWm68F/310x430/1771339832.webp?s=090bcd1c0634db649424c8aee2c583d46b324827,1,3,Prada
Perfume Prada paradode,53.2,Prada,0,https://www.vinted.it/items/8196935599-perfume-prada-paradode?referrer=catalog,1,8196935599,On Sale,,,https://images1.vinted.net/t/06_01986_xHGbZ8EsFnWLtfM9DDdF8oAh/310x430/1771340742.webp?s=060d831ba03eab1772923d403170bddbc4f515f4,1,3,Prada
miniature de collection,10.15,Collection,0,https://www.vinted.it/items/8196934853-miniature-de-collection-prada-rose?referrer=catalog,0,8196934853,On Sale,,,https://images1.vinted.net/t/06_00bac_Bsf7BCRv8kokj37bzdqupeGW/310x430/1771339768.webp?s=3fa3c7c0c7fa151de7742b1a16cca64de9adde64,1,3,Prada
Perfume,32.2,Prada,0,https://www.vinted.it/items/8196930270-perfume?referrer=catalog,0,8196930270,On Sale,,,https://images1.vinted.net/t/05_00ec5_pGz6DKXZJPtKmncBitJH9Jhq/310x430/1771339739.webp?s=1aa1dad1faff27f9f59c70f57090d8a7a60f7dc5,1,3,Prada
Conjunto Àghata. Nuevo con etiquetas. Precioso.,26.95,Agatha Ruiz de la Prada,8 anni / 128 cm,https://www.vinted.it/items/8196928732-conjunto-aghata-nuevo-con-etiquetas-precioso?referrer=catalog,21,8196928732,On Sale,,,https://images1.vinted.net/t/06_01e57_q1xsx4veDDqmxuWr5Nc1cvwv/310x430/1771339730.webp?s=21acea09a666c1816373d103607d64cd8f948c9c,1,3,Prada
Óculos de Sol Prada,105.7,Prada,0,https://www.vinted.it/items/8196861165-oculos-de-sol-prada?referrer=catalog,0,8196861165,On Sale,,,https://images1.vinted.net/t/05_002e4_cRkxVVsViKEfwpVuSKeCAY8T/310x430/1771339313.webp?s=2b3812300e5292ff41e53d82caa217c62339e5c8,1,3,Prada
Prada cups rood,368.2,Prada,37,https://www.vinted.it/items/8196848814-prada-cups-rood?referrer=catalog,1,8196848814,On Sale,,,https://images1.vinted.net/t/05_021b5_xwpcXMxKAUb9JwtxKBdYcnFo/310x430/1771339369.webp?s=1bfb3114f81f2c50857a43aeddafa8e5862c86d8,1,3,Prada
Prada paradoxe  intense 90 ml,47.95,Prada,0,https://www.vinted.it/items/8196833570-prada-paradoxe-intense-90-ml?referrer=catalog,2,8196833570,On Sale,,,https://images1.vinted.net/t/04_00331_3SjYcZmGmTA21Hfu7DNWZGKU/310x430/1771339143.webp?s=7b9cd3b9518f40ac3358b2c659bc3d8b4ebccead,1,3,Prada
Prada Paradoxe Intense Miniatur,19.6,Prada,0,https://www.vinted.it/items/8196815814-prada-paradoxe-intense-miniatur?referrer=catalog,6,8196815814,On Sale,,,https://images1.vinted.net/t/01_00b3e_jBNb2LAS6KCbkT75Dca52FMr/310x430/1771339034.webp?s=1c69d66c8d322213bcfc24a068df71144cc0789e,1,3,Prada
Paradoxe Prada,74.2,Prada,0,https://www.vinted.it/items/8196806511-paradoxe-prada?referrer=catalog,1,8196806511,On Sale,,,https://images1.vinted.net/t/06_004b8_XL59cJinfmidQhm3ejR4r5c3/310x430/1771338976.webp?s=75f25137e71545c53378b2dafdb7cede341f6881,1,3,Prada
Portafoglio Prada vintage borgogna,189.7,Prada,0,https://www.vinted.it/items/8196803620-portafoglio-prada-vintage-borgogna?referrer=catalog,4,8196803620,On Sale,,,https://images1.vinted.net/t/01_0267e_i741yoxgGucCEWNoBwMxvtqo/310x430/1771338959.webp?s=b331438856db80f66f3ad1c5c0cd74de826503d1,1,3,Prada
Prada Paradox Eau de parfum estuche,74.2,Prada,0,https://www.vinted.it/items/8196776281-prada-paradox-eau-de-parfum-estuche?referrer=catalog,4,8196776281,On Sale,,,https://images1.vinted.net/t/06_0188a_MYAKwMqFfLNYj1mbvLYuj25c/310x430/1771338788.webp?s=61ff0a91744b97549fc9466c835723a9cfe4ec0a,1,3,Prada
Pantalón de vestir 🤎 PRADA,158.2,Prada,L / IT 44 / EU 40,https://www.vinted.it/items/8196747686-pantalon-de-vestir-prada?referrer=catalog,0,8196747686,On Sale,,,https://images1.vinted.net/t/05_002fc_5aoTZMv2YeJiHp5muh14qSNp/310x430/1771338608.webp?s=a97ee24af3eeae0b0281b2ed8ec81eeca1dd129e,1,3,Prada
Prada Schlüsselanhänger Original Bordeaux Gold Neu 100% Original Luxus,273.7,Prada,0,https://www.vinted.it/items/8196740757-prada-schlusselanhanger-original-bordeaux-gold-neu-100-original-luxus?referrer=catalog,0,8196740757,On Sale,,,https://images1.vinted.net/t/04_02487_LxgbbAEKcx9rfi1ndyYuVHuY/310x430/1771338564.webp?s=1fe3e9bec8b9b97aa49d9b80d57cc61fc89ceee5,1,3,Prada
Chaussures  Prada homme,158.2,Prada,43,https://www.vinted.it/items/8196729955-chaussures-prada-homme?referrer=catalog,7,8196729955,On Sale,,,https://images1.vinted.net/t/06_006f5_YG5QF2zK3VsttHJe48Wy9y4h/310x430/1771338498.webp?s=67db1ebf55fb3828a0e2176bde8f1c407c9ef4f6,1,3,Prada
Prada paradigme,53.2,Prada,0,https://www.vinted.it/items/8196729865-prada-paradigme?referrer=catalog,3,8196729865,On Sale,,,https://images1.vinted.net/t/01_01691_gsqa74eidjdxhH9ULsSG3RN5/310x430/1771338497.webp?s=9fe0f0a44643b8153211919c524750721f3e89f8,1,3,Prada
Prada Re-Nylon Shirt,969.0,Prada,M,https://www.vinted.it/items/8196728468-prada-re-nylon-shirt?referrer=catalog,1,8196728468,On Sale,,,https://images1.vinted.net/t/06_01c79_BUMVZVyjGNJHenDvTfctMkoj/310x430/1771338488.webp?s=41be266a034af9b055ab881ac3454f8f07b2a802,1,3,Prada
Prada Infusions Amande,84.7,Prada,0,https://www.vinted.it/items/8196727773-prada-infusions-amande?referrer=catalog,1,8196727773,On Sale,,,https://images1.vinted.net/t/06_00c23_z2AnvUfB82JkzZxHdsuWRfhm/310x430/1771338484.webp?s=fd7795933d529e7f7126e2192a6be4032189dff3,1,3,Prada
Occhiale da sole originale Prada maculati e lenti viola,168.7,Prada,0,https://www.vinted.it/items/8175398612-occhiale-da-sole-originale-prada-maculati-e-lenti-viola?referrer=catalog,2,8175398612,On Sale,,,https://images1.vinted.net/t/05_000d4_zbyuPKM19DGZxgkmQ2sSvcaL/310x430/1771100832.webp?s=b381f961a53f0c1a68694516bb3c7eb3ef9b67a3,1,3,Prada
Perfume prada mujer,53.2,Prada,0,https://www.vinted.it/items/8196699107-perfume-prada-mujer?referrer=catalog,0,8196699107,On Sale,,,https://images1.vinted.net/t/03_00afb_U2VrVuLymJzEFgQhMyJE3Wue/310x430/1771338305.webp?s=9a28b1238a763c1cce036181386de84431dc16cd,1,3,Prada
Allacciate Prada,210.7,Prada,40,https://www.vinted.it/items/8196690565-allacciate-prada?referrer=catalog,2,8196690565,On Sale,,,https://images1.vinted.net/t/05_01cb5_xSajir3pzU6v2D7TWNGnuPzw/310x430/1771338250.webp?s=e8b4a5e913d177172e4eaa2cba4d7d2ecc7b3b77,1,3,Prada
Prada Systeme Beige 8,510.0,Prada,42,https://www.vinted.it/items/8196682821-prada-systeme-beige-85?referrer=catalog,2,8196682821,On Sale,,,https://images1.vinted.net/t/06_00096_3GYeymdTVZzdAkWufU7KY87o/310x430/1771338201.webp?s=7cc4ddd20698466fa78e1f01a7d7be222ed5ef90,1,3,Prada
Prada perfum,53.2,Prada,0,https://www.vinted.it/items/8196673936-prada-perfum?referrer=catalog,0,8196673936,On Sale,,,https://images1.vinted.net/t/01_01333_73Sda5RCsgJ1JXLUA7ZHDyEE/310x430/1771338146.webp?s=056f9a03b6a48dac46e8b09c3f0fda01ce77bc3a,1,3,Prada
Chaussures Prada homme,158.2,Prada,43,https://www.vinted.it/items/8196654746-chaussures-prada-homme?referrer=catalog,6,8196654746,On Sale,,,https://images1.vinted.net/t/04_01ddf_5NFzUrpj3vYeL6KWwC5s3NUu/310x430/1771338025.webp?s=42c1636b1f1cdaaac9a14a51da5ee76dc996cb45,1,3,Prada
Prada Pantaloncini Corti | Neri | Taglia,42.6,Prada,XL / IT 46 / EU 42,https://www.vinted.it/items/8195605069-prada-pantaloncini-corti-neri-taglia?referrer=catalog,4,8195605069,On Sale,,,https://images1.vinted.net/t/05_0186a_BE6G3kXXEtfpJkFThocFBYCu/310x430/1771331175.webp?s=dbc3f00b4e7c6a6293bdeecb3ab636652422073b,1,3,Prada
Porte carte prada,168.7,Prada,0,https://www.vinted.it/items/8196653285-porte-carte-prada?referrer=catalog,0,8196653285,On Sale,,,https://images1.vinted.net/t/05_01a16_KcxuovcmuMLGkQJMCuknTM35/310x430/1771338016.webp?s=d8a96180f9da7fa71ab358ef2bc6029183a8bc57,1,3,Prada
Bottiglia profumo Prada,3.85,Prada,0,https://www.vinted.it/items/8196647532-bottiglia-profumo-prada?referrer=catalog,0,8196647532,On Sale,,,https://images1.vinted.net/t/06_021d1_YgE6cHLTsE5ESHpReHYhyvm3/310x430/1771337980.webp?s=04e1ca93bb1db8f7d54b7e1e17cee7104ce8a7f9,1,3,Prada
Prada Candy 50 ml Eau de Parfum,58.45,Prada,0,https://www.vinted.it/items/8196647395-prada-candy-50-ml-eau-de-parfum?referrer=catalog,1,8196647395,On Sale,,,https://images1.vinted.net/t/06_0096d_RwF7YkYQX1j4VpK3Pf4WahTa/310x430/1771337979.webp?s=2e21defe20feb2bc67ed28cd1665b7b443c3e3d5,1,3,Prada
PRADA Portefeuille Saffiano Noir – NEUF – Complet boîte & papiers,473.2,Prada,0,https://www.vinted.it/items/8196645069-prada-portefeuille-saffiano-noir-neuf-complet-boite-papiers?referrer=catalog,0,8196645069,On Sale,,,https://images1.vinted.net/t/04_013e2_LhqGNnLM75U5iwXYuAzi1uhr/310x430/1771337965.webp?s=ec2044ed3b514c850e6e64b1fafd90fa27f4ecd5,1,3,Prada
Caixa Prada preta,5.95,Prada,0,https://www.vinted.it/items/8196632268-caixa-prada-preta?referrer=catalog,0,8196632268,On Sale,,,https://images1.vinted.net/t/06_00328_19ccoU5kDEhr2EzGPdc9NcnM/310x430/1771337884.webp?s=9b8655f066b4d0087b1320cfa38a88d75d8b34b0,1,3,Prada
prada cup,105.7,Scarpa,43,https://www.vinted.it/items/8196618812-prada-cup?referrer=catalog,24,8196618812,On Sale,,,https://images1.vinted.net/t/05_0256a_Q1DtJtgLGTWd2p6LAtQwsmD7/310x430/1771337799.webp?s=afa41d119a31be0015461886a729725d11a0ea09,1,3,Prada
Scarpe Prada,210.7,Prada,38,https://www.vinted.it/items/8196610275-scarpe-prada?referrer=catalog,0,8196610275,On Sale,,,https://images1.vinted.net/t/06_00c38_MDJN67znDpSoySyEJha5t5ty/310x430/1771337745.webp?s=6d3261940985dcc02a3a7f0acce405a8585dd6ef,1,4,Prada
Prada cup Olive 🫒,473.2,Prada,42,https://www.vinted.it/items/8196607016-prada-cup-olive?referrer=catalog,0,8196607016,On Sale,,,https://images1.vinted.net/t/05_021a7_8kXUfQoKvpmV6oSWqLXbKUnm/310x430/1771337723.webp?s=29fbffa5d4c772d1648e78719938edb298d6ec7d,1,4,Prada
Sacca prada,37.45,Prada,0,https://www.vinted.it/items/8147616226-sacca-prada?referrer=catalog,5,8147616226,On Sale,,,https://images1.vinted.net/t/05_00e38_Rr2BYr9MKpwwnb6ryvNsywN7/310x430/1770750153.webp?s=d65603e375a6118328906728398bacf005735f6b,1,4,Prada
Gafas sol Prada polarizadas,105.7,Prada,0,https://www.vinted.it/items/8196532377-gafas-sol-prada-polarizadas?referrer=catalog,1,8196532377,On Sale,,,https://images1.vinted.net/t/05_0035f_ubtz6JcsrfLHdBY2a3bKz94z/310x430/1771337251.webp?s=b23c5fd6f6c58f6d2250d0205790e434b96b6dea,1,4,Prada
Cravate Prada noir,104.65,Prada,0,https://www.vinted.it/items/8196529576-cravate-prada-noir?referrer=catalog,3,8196529576,On Sale,,,https://images1.vinted.net/t/05_0045c_eSbQ5HLEECuf7Xours1g2ezN/310x430/1771337234.webp?s=4c1c3c70a41b1c540c608ab41f120f07ecc5ac67,1,4,Prada
Lenço de seda Prada,310.45,Prada,0,https://www.vinted.it/items/8196523246-lenco-de-seda-prada?referrer=catalog,0,8196523246,On Sale,,,https://images1.vinted.net/t/03_00b6c_DSw6BzKamJrTHC3McVsrMwaS/310x430/1771337193.webp?s=ddcd1dcd045d3e6361f3417451ca452dc6516d4a,1,4,Prada
Prada La Femme l'eau 100ml EdT,53.2,Prada,0,https://www.vinted.it/items/8196499754-prada-la-femme-leau-100ml-edt?referrer=catalog,1,8196499754,On Sale,,,https://images1.vinted.net/t/05_01111_t9cSduF9ECyD6KY5sekuDm2p/310x430/1771337043.webp?s=85ec9dd6fefaf48da10707863f26ba881ad42a59,1,4,Prada
Casquette prada noir achetée 520 en magasin,263.2,Prada,M,https://www.vinted.it/items/8196479290-casquette-prada-noir-achetee-520-en-magasin?referrer=catalog,0,8196479290,On Sale,,,https://images1.vinted.net/t/06_003a6_CgP3YggkAEBzeZ2ZR6jbPBde/310x430/1771336912.webp?s=347f396cc408494f48cde3c0a64fd2e70f28961d,1,4,Prada
BluRay Il Diavolo Veste Prada,29.05,No brand,0,https://www.vinted.it/items/8196459170-bluray-il-diavolo-veste-prada?referrer=catalog,0,8196459170,On Sale,,,https://images1.vinted.net/t/06_00d15_BBNG7Zt7PT43tKcKHxaqjFkb/310x430/1771336781.webp?s=b5bb38b42f9baaac7dc1a33bac2ce3fcabf51510,1,4,Prada
Prada cups grijs,263.2,Prada,46,https://www.vinted.it/items/8196406028-prada-cups-grijs?referrer=catalog,1,8196406028,On Sale,,,https://images1.vinted.net/t/04_02652_qXkJu4V76DgPPNJi4D9yMioN/310x430/1771336442.webp?s=700d62b3e5f057c6ed1ac95f4af3dfe39121f841,1,4,Prada
Lenço de seda Prada,310.45,Prada,0,https://www.vinted.it/items/8196404665-lenco-de-seda-prada?referrer=catalog,0,8196404665,On Sale,,,https://images1.vinted.net/t/05_008e7_SD5DXyikYJNqju9kcR43YNNs/310x430/1771336433.webp?s=00b9ca0f41d187ed987b815f24c20496ce070458,1,4,Prada
Prada sonnenbrille,51.56,Prada,0,https://www.vinted.it/items/8196400324-prada-sonnenbrille?referrer=catalog,5,8196400324,On Sale,,,https://images1.vinted.net/t/05_014c7_5fRXNDppAZUXWcpJcgJgFQ9e/310x430/1771336405.webp?s=edfc27229b4fc6935e15d50ca081bb014cdee13d,1,4,Prada
Prada Re-Nylon Puffer Jacke LR-HX026 XXL (fällt wie XL aus) Schwarz,473.2,Prada,XXL,https://www.vinted.it/items/8196390348-prada-re-nylon-puffer-jacke-lr-hx026-xxl-fallt-wie-xl-aus-schwarz?referrer=catalog,1,8196390348,On Sale,,,https://images1.vinted.net/t/06_00b69_9iMkiaxgaApxUGEakhS8k6R1/310x430/1771336341.webp?s=3cae67fd070315eef677df442af92d5f38a657a0,1,4,Prada
Prada Paradox Virtual flower,74.2,Prada,0,https://www.vinted.it/items/8196371237-prada-paradox-virtual-flower?referrer=catalog,0,8196371237,On Sale,,,https://images1.vinted.net/t/03_0248b_311QULncrgjvikxph1Vo4wWE/310x430/1771336220.webp?s=7a8d3d076890c76f3b695d9d7ee56153a5401829,1,4,Prada
Maglione blu,84.7,Prada,M / IT 42 / EU 38,https://www.vinted.it/items/8196347439-maglione-blu?referrer=catalog,9,8196347439,On Sale,,,https://images1.vinted.net/t/06_01ba9_GpYr4nABBF519R43k9G3e1Lf/310x430/1771336071.webp?s=2854a4cb40f826129c15bb5fab67c4548f791df0,1,4,Prada
Occhiali PRADA,84.7,Prada,0,https://www.vinted.it/items/8196268320-occhiali-prada?referrer=catalog,2,8196268320,On Sale,,,https://images1.vinted.net/t/01_01f61_CxrdwoAzNK2mLDomcBBbjTwn/310x430/1771335571.webp?s=57c32fe3161dc18c7a35e60cdafe13f9bb814672,1,4,Prada
Prada Luna Rossa Ocean EDT 150 ml – Brand New in Box,79.45,Prada,0,https://www.vinted.it/items/8196227297-prada-luna-rossa-ocean-edt-150-ml-brand-new-in-box?referrer=catalog,0,8196227297,On Sale,,,https://images1.vinted.net/t/05_00194_71P2RpYAXTapwLTTTFmmKjBP/310x430/1771335545.webp?s=10a794acdbbbc3fc3fe1ce18b68a9f6728c00c39,1,4,Prada
Gonna lunga,158.2,Prada,XS / IT 38 / EU 34,https://www.vinted.it/items/8196236540-gonna-lunga?referrer=catalog,3,8196236540,On Sale,,,https://images1.vinted.net/t/04_00b23_wJfF15m1stSaCiFfJPPWe77t/310x430/1771335369.webp?s=6407130f2469053980bddc5e920bc4055abd4f92,1,4,Prada
PRADA/ Infusión D'Iris Eau de Parfum 200ml,82.59,Prada,0,https://www.vinted.it/items/8196236212-prada-infusion-diris-eau-de-parfum-200ml?referrer=catalog,3,8196236212,On Sale,,,https://images1.vinted.net/t/05_00dba_3kjwSJNVfre8EcJmi8uTgt3u/310x430/1771335367.webp?s=905367ba478b7f4afa4bcca2ae9655af86a513bb,1,4,Prada
Superbe robe Prada,210.7,Prada,S / IT 40 / EU 36,https://www.vinted.it/items/8196233861-superbe-robe-prada?referrer=catalog,21,8196233861,On Sale,,,https://images1.vinted.net/t/05_0036e_q9oKbWyKxAmWs2DHpwrxzJXg/310x430/1771335352.webp?s=73a4192f73049141f9484f2da25a5f14f31ff705,1,4,Prada
Prada América's cup,137.2,Prada,42,https://www.vinted.it/items/8196229861-prada-americas-cup?referrer=catalog,5,8196229861,On Sale,,,https://images1.vinted.net/t/01_013ca_uYU1SYYyj6saCeJ2wt5adAmp/310x430/1771335326.webp?s=d1fa6c6f1b66a870a1824288eca8a8ae1e6cb49b,1,4,Prada
Vintage Prada kurz Mantel,126.7,Prada,S / IT 40 / EU 36,https://www.vinted.it/items/8196086393-vintage-prada-kurz-mantel?referrer=catalog,2,8196086393,On Sale,,,https://images1.vinted.net/t/05_01229_nXCHrv1ZRzFPv5ZEzHJYDzwH/310x430/1771334401.webp?s=a50b9647ba0a8842117a71956305b48b2f17701f,1,4,Prada
Prada cup vert,126.7,Prada,45,https://www.vinted.it/items/8196190255-prada-cup-vert?referrer=catalog,0,8196190255,On Sale,,,https://images1.vinted.net/t/04_00636_S3wfdB4piYZvvSWkV7sEQKEi/310x430/1771335069.webp?s=661f057cf55ffeb3d470c656ec5ab9870225947c,1,4,Prada
Prada Cups,125.65,Prada,44,https://www.vinted.it/items/8191230574-prada-cups?referrer=catalog,0,8191230574,On Sale,,,https://images1.vinted.net/t/01_00473_iCQCsu8yJrE4NBq4N4FDNc28/310x430/1771264858.webp?s=a22ec531afd27111bb8faec21c429f8793bca3f3,1,4,Prada
Ágatha ‘Love Love Love’ spray 50ml + Body lotion 100ml,9.1,Agatha Ruiz de la Prada,0,https://www.vinted.it/items/8196146964-agatha-love-love-love-spray-50ml-body-lotion-100ml?referrer=catalog,0,8196146964,On Sale,,,https://images1.vinted.net/t/05_00c97_MggJAAp5EktC9RFnzc5oqejW/310x430/1771334797.webp?s=6d13227b98dbb7ff8984223c78086ff3b328658d,1,4,Prada
Prada 42,158.2,Prada,42,https://www.vinted.it/items/8196126978-prada-42?referrer=catalog,0,8196126978,On Sale,,,https://images1.vinted.net/t/06_00938_wVnjpQpdDmUaqZj4E9caR2dG/310x430/1771334667.webp?s=52fb009556059782e539e615f0398b754635a8d0,1,4,Prada
Prada batteria LG + box,13.3,Prada,0,https://www.vinted.it/items/8196116729-prada-batteria-lg-box?referrer=catalog,0,8196116729,On Sale,,,https://images1.vinted.net/t/05_02077_Ay3M7riBCE1x6b4RAMhqsZch/310x430/1771334599.webp?s=db1e62457c5d7c62b585f4300726714548d2f99f,1,4,Prada
Pantalone Prada,58.45,Prada,L,https://www.vinted.it/items/8196094610-pantalone-prada?referrer=catalog,2,8196094610,On Sale,,,https://images1.vinted.net/t/03_008f7_A2CzfNZuQwppCHuEwPxBU4r2/310x430/1771348928.webp?s=959ced2bf9680c14c8c4d1d5d56f49ada4306391,1,4,Prada
Set Agatha Ruiz de la Prada,16.45,Agatha,0,https://www.vinted.it/items/8196089733-set-agatha-ruiz-de-la-prada?referrer=catalog,1,8196089733,On Sale,,,https://images1.vinted.net/t/06_0220f_vrKgUGc4jnyGx9GWgetgQQj9/310x430/1771334423.webp?s=1fa4fef4ee47463024d90df831b2b22955f91dc9,1,4,Prada
Portafoglio donna,95.2,Prada,0,https://www.vinted.it/items/8165101645-portafoglio-donna?referrer=catalog,1,8165101645,On Sale,,,https://images1.vinted.net/t/06_01efa_CXLXYcQUAbdt7gpz8kiUYbeK/310x430/1770988292.webp?s=ed5a787631531909865798c37de1f066d809a388,1,4,Prada
Prada cups neu herren blau,94.68,Prada,44,https://www.vinted.it/items/8196085042-prada-cups-neu-herren-blau?referrer=catalog,2,8196085042,On Sale,,,https://images1.vinted.net/t/05_011c8_euBvFj1oZMxkDhkKFKbRNzS9/310x430/1771334392.webp?s=788a1ceb40511b39843ef1947a08ab33da4ae9a4,1,4,Prada
Parfum paradoxe prada,147.7,Prada,0,https://www.vinted.it/items/8196055870-parfum-paradoxe-prada?referrer=catalog,0,8196055870,On Sale,,,https://images1.vinted.net/t/06_00331_XLLp2uQ6jMhnkuYR25vxFFtp/310x430/1771334201.webp?s=44830346092a13bc167a9c7de533dbe1deed37c9,1,4,Prada
Infusion d’Iris,74.2,Prada,0,https://www.vinted.it/items/8196052779-infusion-diris?referrer=catalog,1,8196052779,On Sale,,,https://images1.vinted.net/t/06_00224_JY2FoSwfPz4jPWZw6TxVLUNU/310x430/1771334180.webp?s=9983dbe5a7b50878a061247ed719d5e3a46e2502,1,4,Prada
Lunettes PRADA,158.2,Prada,0,https://www.vinted.it/items/8196043489-lunettes-prada?referrer=catalog,0,8196043489,On Sale,,,https://images1.vinted.net/t/01_01166_qHcdacQdta4j6T98uvA9YxLx/310x430/1771334118.webp?s=32064a68ab8244fabc572809ff70fd37ca127bd6,1,4,Prada
Prada Raincoat,210.7,Nouveau,L,https://www.vinted.it/items/8196038805-prada-raincoat?referrer=catalog,1,8196038805,On Sale,,,https://images1.vinted.net/t/06_0268d_zVmHq8PeiCLpmQmSdNwTxZzN/310x430/1771334087.webp?s=255bd59b087604f2ea647f4192697f97d263b51d,1,4,Prada
Paradigme - Prada,95.2,Prada,0,https://www.vinted.it/items/8195998738-paradigme-prada?referrer=catalog,0,8195998738,On Sale,,,https://images1.vinted.net/t/01_009bc_9LJe2J4VtzghC69vM5eas9Ly/310x430/1771333823.webp?s=51e1d669685899a7861e0d15bf87dc035d11c977,1,4,Prada
Piumino Prada,650.65,Prada,XS / IT 38 / EU 34,https://www.vinted.it/items/8195973641-piumino-prada?referrer=catalog,8,8195973641,On Sale,,,https://images1.vinted.net/t/03_02500_eJkq5wcTGXc3F2kXNiSXLr4t/310x430/1771333658.webp?s=900597f44107eff2a5fa4be960487510ef5a55a9,1,4,Prada
Prada gift fiore,26.95,Prada,0,https://www.vinted.it/items/8195951854-prada-gift-fiore?referrer=catalog,4,8195951854,On Sale,,,https://images1.vinted.net/t/05_02219_v5LJ1JjMoTa5bWHSxCmqwpaf/310x430/1771333512.webp?s=f6952f09d78887195079a4e68b35f538bcac926e,1,4,Prada
Scarpe Prada America's Cup,231.7,Prada,41,https://www.vinted.it/items/8195944373-scarpe-prada-americas-cup?referrer=catalog,4,8195944373,On Sale,,,https://images1.vinted.net/t/06_0208c_7cCSf3ZmqYCHosx9zqLEqaM7/310x430/1771333462.webp?s=f49e6b78a741789fdaed86330e746db8d0443231,1,4,Prada
Equivalente Prada paradox,11.2,No brand,0,https://www.vinted.it/items/8195926499-equivalente-prada-paradox?referrer=catalog,0,8195926499,On Sale,,,https://images1.vinted.net/t/01_00201_zKiGjkqpQVLF1ZLNvHaZzeak/310x430/1771333342.webp?s=e30482df3b167a3793d8f7a0be824b184c606c1b,1,4,Prada
Prada paradoxe radical essence 90ml,41.65,Prada,0,https://www.vinted.it/items/8195921117-prada-paradoxe-radical-essence-90ml?referrer=catalog,5,8195921117,On Sale,,,https://images1.vinted.net/t/05_01a86_NL9vqT4eQgC91GYc2ScC3JzT/310x430/1771333306.webp?s=0110e56fcda8d8bef6f7f7577e466add3e623822,1,4,Prada
Prada Paradoxe 7 ml,11.2,Prada,0,https://www.vinted.it/items/8195921036-prada-paradoxe-7-ml?referrer=catalog,9,8195921036,On Sale,,,https://images1.vinted.net/t/05_00236_vBs1btjubnGsh3RBSXMmgrLJ/310x430/1771333305.webp?s=67d27af5a365cf144633d19e52641a24232455a3,1,4,Prada
Prada Milano Gifts 2025 Kataloge Lookbook Box Sammlerstücke,157.15,No brand,0,https://www.vinted.it/items/8195616120-prada-milano-gifts-2025-kataloge-lookbook-box-sammlerstucke-neu?referrer=catalog,0,8195616120,On Sale,,,https://images1.vinted.net/t/05_01634_kTGcQ7T5awtubwWrT9J8yrZT/310x430/1771333235.webp?s=029c7a051294dd93911fd586a6f281069cf61194,1,4,Prada
Prada Milano Gifts 2024 Tablebook - Exklusives Sammlerstück,26.95,No brand,0,https://www.vinted.it/items/8195509918-prada-milano-gifts-2024-tablebook-exklusives-sammlerstuck-ovp?referrer=catalog,1,8195509918,On Sale,,,https://images1.vinted.net/t/05_015e4_wbwBUPuBwbqsprHVEbHYy5jV/310x430/1771333205.webp?s=aab8f064405673440ea3f0ac85947283d2bd2f29,1,4,Prada
Monture Lunettes de vue Prada Noire,210.7,Prada,0,https://www.vinted.it/items/8195881072-monture-lunettes-de-vue-prada-noire?referrer=catalog,0,8195881072,On Sale,,,https://images1.vinted.net/t/06_02153_6XYV16jLqXSwcXbEfRetrYDJ/310x430/1771333039.webp?s=d68e5ce94f2b1aacb2195da7c0dda3aa69667e84,1,4,Prada
Short Prada,84.7,Prada,L,https://www.vinted.it/items/8195808776-short-prada?referrer=catalog,11,8195808776,On Sale,,,https://images1.vinted.net/t/06_003ba_XciGTyamr6yMXPUAcQ6CYKMG/310x430/1771332556.webp?s=a5e6c8e9428173a69fda7e4c5687c33749428ff5,1,4,Prada
Prada Re-Nylon Shorts,525.7,Prada,M / IT 42 / EU 38,https://www.vinted.it/items/8195862207-prada-re-nylon-shorts?referrer=catalog,0,8195862207,On Sale,,,https://images1.vinted.net/t/05_019c3_vyuWQh8a89inWYgu5ApNefwx/310x430/1771332913.webp?s=fe81fef870f0bc0210c5d620a6a3193c8979e4da,1,4,Prada
Belle paire de baskets prada neuve,473.2,Prada,41,https://www.vinted.it/items/8195862047-belle-paire-de-baskets-prada-neuve?referrer=catalog,1,8195862047,On Sale,,,https://images1.vinted.net/t/06_01b7f_NoLBpzazA1RGsAcKzNrCuood/310x430/1771332912.webp?s=39de579542cec85018b77fb9331e2a784598df8b,1,4,Prada
Mini size profumo donna 7 ml Profumo miniatura  Da Collezione,12.25,Prada,0,https://www.vinted.it/items/8195856983-mini-size-profumo-donna-7-ml-profumo-miniatura-da-collezione?referrer=catalog,1,8195856983,On Sale,,,https://images1.vinted.net/t/06_0175a_P2sDbuSta7fMEXw5mdH5MqsZ/310x430/1771332879.webp?s=b5fff594cb613365ae0688cd1c2b7f34e5633a2a,1,4,Prada
Monture Lunettes de vue Prada Écailles,231.7,Prada,0,https://www.vinted.it/items/8195849254-monture-lunettes-de-vue-prada-ecailles?referrer=catalog,0,8195849254,On Sale,,,https://images1.vinted.net/t/01_0022b_pLLL5Xhr2u1gLUZ5tqi1iRCQ/310x430/1771332828.webp?s=08c95a23c1a74947ee79cdcd4e2b602af9d545e9,1,4,Prada
Ceinture noire en cuir PRADA,95.2,Prada,95 cm,https://www.vinted.it/items/8195780416-ceinture-noire-en-cuir-prada?referrer=catalog,36,8195780416,On Sale,,,https://images1.vinted.net/t/03_0131f_EEFKb6Qx6TLgz9vTa2SX7meu/310x430/1771332364.webp?s=bcfbddc25ea5821f2b30538176dfcfa205d42622,1,4,Prada
Prada Kosmetik Tasche,16.45,Prada,0,https://www.vinted.it/items/8195812733-prada-kosmetik-tasche?referrer=catalog,15,8195812733,On Sale,,,https://images1.vinted.net/t/03_015a9_F5EWYPJtJrrpZgyo63sE8erU/310x430/1771332582.webp?s=49023955c15a58cc7c7c5cc627f50d71d7ab78bb,1,4,Prada
Prada cup,116.2,Prada,43,https://www.vinted.it/items/8195794063-prada-cup?referrer=catalog,9,8195794063,On Sale,,,https://images1.vinted.net/t/05_026ab_uisTp7tuuau4BPt7ePqRszA4/310x430/1771332457.webp?s=1617cc698673d34577539c777bfbaf48e8288686,1,4,Prada
Box profumi Prada,58.45,No brand,0,https://www.vinted.it/items/8195780671-box-profumi-prada?referrer=catalog,0,8195780671,On Sale,,,https://images1.vinted.net/t/04_0209b_ezabiaZ9eBipARWeavKMhhE7/310x430/1771332366.webp?s=777b7b2f2b06be7dae9207b0825098e1aa878164,1,4,Prada
Prada paradoxe eau de parfum,47.95,Prada,0,https://www.vinted.it/items/8195773677-prada-paradoxe-eau-de-parfum?referrer=catalog,2,8195773677,On Sale,,,https://images1.vinted.net/t/05_002ac_qm5khwss9r9ukyou9gUquQyW/310x430/1771332319.webp?s=65348e83ffef8ffcbc24e40c6b4e4be7f616a29b,1,4,Prada
Agatha Ruiz de la Prada llavero Love / Agatha Ruiz de la Prada Keychain Love,9.1,Agatha Ruiz de la Prada,0,https://www.vinted.it/items/8195771241-agatha-ruiz-de-la-prada-llavero-love-agatha-ruiz-de-la-prada-keychain-love?referrer=catalog,1,8195771241,On Sale,,,https://images1.vinted.net/t/03_0243d_CPZAEp4qgH3HedjNrVLdKcrz/310x430/1771332302.webp?s=581c20f10ad4c1e8f9e9f1a6d62d484194dce92a,1,4,Prada
occhiali prada,273.7,Prada,0,https://www.vinted.it/items/8195759427-occhiali-prada?referrer=catalog,0,8195759427,On Sale,,,https://images1.vinted.net/t/05_01d4f_oBie7UFa8M2KjgicFKPJ7NU6/310x430/1771332225.webp?s=7eff22386430f669a4f5293215ccc6bb72b08c21,1,4,Prada
Sacoche prada,53.2,Tendance,0,https://www.vinted.it/items/8195733835-sacoche-prada?referrer=catalog,2,8195733835,On Sale,,,https://images1.vinted.net/t/06_02472_N6XH2ZhcC6njikFyNXxF5N1Y/310x430/1771332054.webp?s=0459ae589a333c92be8d552ead5ddb8507d3179d,1,4,Prada
Prada tote bag,788.2,Prada,0,https://www.vinted.it/items/8195730664-prada-tote-bag?referrer=catalog,0,8195730664,On Sale,,,https://images1.vinted.net/t/05_0227c_HQLv8m7T7JgLyTt5Qv7wuVjf/310x430/1771332034.webp?s=d54a432a8e6fa8e4e00598571c0b4fe5b37042db,1,4,Prada
Prada Paradoxe Radical Essence Eau de Parfum 90 ml,53.2,Prada,0,https://www.vinted.it/items/8195722698-prada-paradoxe-radical-essence-eau-de-parfum-90-ml?referrer=catalog,3,8195722698,On Sale,,,https://images1.vinted.net/t/05_01fcb_fCycEekyJLbkkN3gsm2fdm8m/310x430/1771331979.webp?s=624fe5bc9c8e6a5892420c84dbbcf82bf108aacf,1,4,Prada
Occhiali unisex,63.7,Prada,0,https://www.vinted.it/items/8195721921-occhiali-unisex?referrer=catalog,10,8195721921,On Sale,,,https://images1.vinted.net/t/06_019bf_fEPtPWiMG2479u78a5W9QJjp/310x430/1771331974.webp?s=2f0936b59312ba8db4f3fc52906c252fa39db698,1,4,Prada
Salopette bambina Agatha Ruiz de la Prada,21.7,Agatha Ruiz de la Prada,3 anni / 98 cm,https://www.vinted.it/items/8195721466-salopette-bambina-agatha-ruiz-de-la-prada?referrer=catalog,0,8195721466,On Sale,,,https://images1.vinted.net/t/01_006f8_ADTde4TqRGyCz1EQq4ftoX8E/310x430/1771331971.webp?s=745640b225486a401219066f76dc1d9a0e1e3c05,1,4,Prada
Prada Brillencase Neu,16.45,Prada,0,https://www.vinted.it/items/8195703016-prada-brillencase-neu?referrer=catalog,1,8195703016,On Sale,,,https://images1.vinted.net/t/05_021f6_87qxTi7w1BbNsbyXhwF6xixz/310x430/1771331848.webp?s=a6ecb2f64079db2e777b964c320943af8a2db227,1,4,Prada
prada cups,105.7,Prada,41,https://www.vinted.it/items/8195699999-prada-cups?referrer=catalog,3,8195699999,On Sale,,,https://images1.vinted.net/t/03_0119f_DFWnQsJC1AGMxm6TM1gMujBf/310x430/1771331828.webp?s=e3e2973f2d93f745577bbbca4dc853d1aba464eb,1,4,Prada
Prada Cups (neu),158.2,Prada,48,https://www.vinted.it/items/8195691977-prada-cups-neu?referrer=catalog,10,8195691977,On Sale,,,https://images1.vinted.net/t/06_009aa_K2yWNBrohtYKDnwx5btBcAAC/310x430/1771331774.webp?s=1f5a5066bcc58a528e6935802adb53593e29a7cd,1,4,Prada
Short de bain prada,84.7,Prada,S,https://www.vinted.it/items/8195626668-short-de-bain-prada?referrer=catalog,6,8195626668,On Sale,,,https://images1.vinted.net/t/03_006d3_sgLfSPXSC7xGwD4jziXRcphJ/310x430/1771331324.webp?s=010b039ecde8ec3864b9ffc439c6be9af8d3a789,1,4,Prada
Prada zonnebril dames nieuw,53.2,Prada,0,https://www.vinted.it/items/8195686953-prada-zonnebril-dames-nieuw?referrer=catalog,16,8195686953,On Sale,,,https://images1.vinted.net/t/04_01f14_kuCZSFjk2CcKLihqkakXKZrA/310x430/1771331739.webp?s=b4d159a2148ae17c44ebeb0153aade545d22ddf3,1,4,Prada
Lot de 5 paires de socquettes neuves Agatha Ruiz de la Prada 36/39,16.45,Agatha Ruiz de la Prada,37-39,https://www.vinted.it/items/8195679226-lot-de-5-paires-de-socquettes-neuves-agatha-ruiz-de-la-prada-3639?referrer=catalog,0,8195679226,On Sale,,,https://images1.vinted.net/t/05_01ce7_Db2qU6jRMuB6VUQTxssThVTE/310x430/1771331686.webp?s=489c088628da6d0c8fb0ae3fab3978a8b10a7256,1,4,Prada
Prada cups,168.7,Prada,47,https://www.vinted.it/items/8195646012-prada-cups?referrer=catalog,11,8195646012,On Sale,,,https://images1.vinted.net/t/05_02631_orw6MqWE8EkrMV447NmSfJzA/310x430/1771331457.webp?s=6b913a8163900f80921dfbc47d8a1b057e242900,1,4,Prada
Il diavolo veste Prada,5.95,No brand,0,https://www.vinted.it/items/8195607004-il-diavolo-veste-prada?referrer=catalog,0,8195607004,On Sale,,,https://images1.vinted.net/t/01_018a9_HNzb53yTaWrznd9PaPdhaAVm/310x430/1771331189.webp?s=2dbb4ec556557c953c84180e0a3cf045f36d1c3c,1,4,Prada
Prada Parfüm,58.45,Prada,0,https://www.vinted.it/items/8195577606-prada-parfum?referrer=catalog,1,8195577606,On Sale,,,https://images1.vinted.net/t/03_00d58_27VHeuydW1Ux5f88QaP7tkQT/310x430/1771330988.webp?s=59adcc255a3aae40be21f48bfbdb3f455cdfe0b1,1,4,Prada
Prada Luna Rossa Ocean 100ml,53.2,Prada,0,https://www.vinted.it/items/8195567118-prada-luna-rossa-ocean-100ml?referrer=catalog,0,8195567118,On Sale,,,https://images1.vinted.net/t/06_02139_o1c1Zctzo3cU8r6ZKKQ6mD6t/310x430/1771330914.webp?s=f7b6d0cca6dbcab696c0cd3d824d4779d3d9ab3b,1,4,Prada
Black phone case for iphone 15,16.45,Prada,0,https://www.vinted.it/items/8195566261-black-phone-case-for-iphone-15?referrer=catalog,0,8195566261,On Sale,,,https://images1.vinted.net/t/06_01fa5_MpVWP9NCJpTsMknxSkWFVhrD/310x430/1771330909.webp?s=409e14329338472d126b8f5ae741b1d018a4f6ba,1,4,Prada
Giubbotto,315.7,Prada,M,https://www.vinted.it/items/8195503082-giubbotto?referrer=catalog,2,8195503082,On Sale,,,https://images1.vinted.net/t/05_00cd2_x8vEuBeSfeN392P2wpPttcbF/310x430/1771330474.webp?s=b090860f1f996327fe6875af8783654da21f364b,1,4,Prada
Occhiali da Sole Prada PRA16S 16K731,263.2,Prada,0,https://www.vinted.it/items/8195561968-occhiali-da-sole-prada-pra16s-16k731?referrer=catalog,0,8195561968,On Sale,,,https://images1.vinted.net/t/06_02387_X4gTPFgShkJ8FRxESze6hnvt/310x430/1771346220.webp?s=aa86e1e73bf87c7f62126a2992f3ea12aad424a3,1,4,Prada
Original Prada Aktentasche aus Saffiano-Leder – ungetragen,3.3607,Prada,0,https://www.vinted.it/items/8195553468-original-prada-aktentasche-aus-saffiano-leder-ungetragen?referrer=catalog,0,8195553468,On Sale,,,https://images1.vinted.net/t/06_002eb_BoLBaEJ6Bmewb4EFrtRfSjBi/310x430/1771330821.webp?s=d869e54f1a9c9a8f1a930934a1977f54424cae14,1,4,Prada
Abrigo agatha Ruiz de la Prada,26.95,Agatha,9-12 mesi / 74 cm,https://www.vinted.it/items/8195525682-abrigo-agatha-ruiz-de-la-prada?referrer=catalog,0,8195525682,On Sale,,,https://images1.vinted.net/t/06_00518_RYqpngi1UpApFGQ4UtssCDdz/310x430/1771330630.webp?s=b10084f4d72e1ef33a58ed14ab4bcbd662538fb8,1,4,Prada
Prada parfüm 100ml,74.2,Prada,0,https://www.vinted.it/items/8195521961-prada-parfum-100ml?referrer=catalog,0,8195521961,On Sale,,,https://images1.vinted.net/t/06_01e0c_nXjxZ2LPK7HvefGGu1SaqRma/310x430/1771330604.webp?s=5dfc6d105f440a1d1b49b947494255b5743854dd,1,4,Prada
Occhiali da Sole Prada,210.7,Prada,0,https://www.vinted.it/items/8195518691-occhiali-da-sole-prada?referrer=catalog,1,8195518691,On Sale,,,https://images1.vinted.net/t/06_01770_w3ZSJ7VAE8E2kchVVUfGaCjz/310x430/1771330581.webp?s=6250b924c0e69c0cb2fd16347b64fe4f3ac18fe0,1,4,Prada
Vestitino Prada,63.7,Prada,4 anni / 104 cm,https://www.vinted.it/items/8195512116-vestitino-prada?referrer=catalog,22,8195512116,On Sale,,,https://images1.vinted.net/t/06_02092_Nqs4jvCF1se6j212UqUH6rgN/310x430/1771330536.webp?s=cbfcb88f458e700b7d49d4c6fad9e382fdba4d0d,1,4,Prada
Pack 4 perfumes Prada,74.2,Prada,0,https://www.vinted.it/items/8195510436-pack-4-perfumes-prada?referrer=catalog,1,8195510436,On Sale,,,https://images1.vinted.net/t/05_022ba_BL54L66n2ccEh4PtbtoyQfKX/310x430/1771330524.webp?s=fd8ce85a288f4b1da93c9121c38cb2649027d801,1,4,Prada
Sac parfum Prada - neuf,11.2,Prada,0,https://www.vinted.it/items/8195507129-sac-parfum-prada-neuf?referrer=catalog,0,8195507129,On Sale,,,https://images1.vinted.net/t/01_0214c_eZjTEMRzywdxJbc19WoQ33Km/310x430/1771330501.webp?s=295fcf60878e904e5c7852f042cc0657405e1302,1,4,Prada
Cravate noire haut de gamme,83.65,Prada,0,https://www.vinted.it/items/8195502516-cravate-noire-haut-de-gamme?referrer=catalog,56,8195502516,On Sale,,,https://images1.vinted.net/t/06_01345_Y3kUfwMLgGmvm8xJ5bbrKXzz/310x430/1771330470.webp?s=71a0e43fc55a8ab41be8a6731430ca71d2e54501,1,4,Prada
Prada Box,11.2,Prada,0,https://www.vinted.it/items/8195475592-prada-box?referrer=catalog,0,8195475592,On Sale,,,https://images1.vinted.net/t/01_01995_YxGuKTkVjo91o59aCFYYR5Ms/310x430/1771330284.webp?s=26e89e3c3bd9990b2e5ea9e0e71b482f29c713eb,1,4,Prada
Agatha Ruiz de la Prada - jurk - nieuw - maat 8,21.7,Agatha Ruiz de la Prada,8 anni / 128 cm,https://www.vinted.it/items/8195454259-agatha-ruiz-de-la-prada-jurk-nieuw-maat-8?referrer=catalog,3,8195454259,On Sale,,,https://images1.vinted.net/t/03_01bd0_EdzLmLTuSpPDf7m1rnhE6iiD/310x430/1771330135.webp?s=a6cdf225839fe59f778bcc1efd0a8f3a19c41ab6,1,4,Prada
Occhiali da sole PRADA,137.2,Prada,0,https://www.vinted.it/items/8195449685-occhiali-da-sole-prada?referrer=catalog,18,8195449685,On Sale,,,https://images1.vinted.net/t/05_0169a_CsRvRrnedWmz1xiM3FGHzibg/310x430/1771330103.webp?s=59b30559c0bf05d36398b869d394f83faa9f4bd3,1,4,Prada
Paradoxe Prada 30ml,53.2,Prada,0,https://www.vinted.it/items/8195449892-paradoxe-prada-30ml?referrer=catalog,0,8195449892,On Sale,,,https://images1.vinted.net/t/06_01a83_LYtDSLj5cxzsTrRm1AY9KGx8/310x430/1771330104.webp?s=c9e08c0c03004992a0741cefaf2673056ac7a697,1,4,Prada
Les Infusiones de Prada,44.8,Prada,0,https://www.vinted.it/items/8195428493-les-infusiones-de-prada?referrer=catalog,1,8195428493,On Sale,,,https://images1.vinted.net/t/04_0130f_fC5ohj8aHNaQawJ6iyUHehcZ/310x430/1771329954.webp?s=7c4e43c75598411d8ed9a29cc69bed402e7a5c3c,1,4,Prada
Prada paradoxe eau de parfum,47.95,Prada,0,https://www.vinted.it/items/8195422168-prada-paradoxe-eau-de-parfum?referrer=catalog,1,8195422168,On Sale,,,https://images1.vinted.net/t/06_01cba_otuJjua5bk8mj4FeH7WwzEGS/310x430/1771329910.webp?s=12043e872df16c5150d182aa6352512200607a00,1,4,Prada
Contenitore piatto Prada,315.7,Prada,0,https://www.vinted.it/items/8195259406-contenitore-piatto-prada?referrer=catalog,6,8195259406,On Sale,,,https://images1.vinted.net/t/05_01007_sFKnb6RAS7NvUUrvgNwoLqGn/310x430/1771328766.webp?s=690afe87ab8671efe4293baf9b276d1410924d5b,1,4,Prada
Prada beanie muts zwart heren maat L wol,311.5,Prada,L,https://www.vinted.it/items/8195376751-prada-beanie-muts-zwart-heren-maat-l-wol?referrer=catalog,3,8195376751,On Sale,,,https://images1.vinted.net/t/01_00c65_Uy9eoSiyLA8giDi1ZLBKWpGh/310x430/1771329593.webp?s=56df525a6cdb9c33e9b7e3f8d1ff7fbf51fa8ac4,1,4,Prada
Scarpe Prada,137.19,Prada,43,https://www.vinted.it/items/8195348605-scarpe-prada?referrer=catalog,3,8195348605,On Sale,,,https://images1.vinted.net/t/05_026d9_RhEaKsodKxSAubHmU4wHEyDY/310x430/1771329396.webp?s=d3cf6c4d77ddd8516fb7378b3490705f14f7d0d5,1,4,Prada
Lunettes de soleil Prada,158.2,Prada,0,https://www.vinted.it/items/8195327206-lunettes-de-soleil-prada?referrer=catalog,0,8195327206,On Sale,,,https://images1.vinted.net/t/05_0202c_r9q4BmLQnHJKRmk7FDS14auv/310x430/1771336790.webp?s=e271324ca3949b58257c39bcc8dd4b7da78684e0,1,4,Prada
Monture Prada VPRA07,95.2,Prada,0,https://www.vinted.it/items/8195321990-monture-prada-vpra07?referrer=catalog,2,8195321990,On Sale,,,https://images1.vinted.net/t/05_02327_xFgZMp9HkAJHmY5TztqJPAYp/310x430/1771329209.webp?s=243ea4bb0116ff693cca5ba7414ee41d7fc849d9,1,4,Prada
Cintura prada,68.95,Prada,90 cm,https://www.vinted.it/items/8164421883-cintura-prada?referrer=catalog,4,8164421883,On Sale,,,https://images1.vinted.net/t/03_00760_FCGmxbrPVjGFrMUgkAiRoHJN/310x430/1770982826.webp?s=10b8b0cfc0bebcc2e40e90de843813eaba708508,1,4,Prada
Brand new Prada sunglasses,83.65,Prada,0,https://www.vinted.it/items/8195264423-brand-new-prada-sunglasses?referrer=catalog,12,8195264423,On Sale,,,https://images1.vinted.net/t/05_001af_56rxZeZaCZZ93YBgEBrENBmT/310x430/1771328802.webp?s=c3b96ed1553e771f7b9757cbf13897beabf3c34a,1,5,Prada
Prada SS 1998 set,1.53,Prada,L / IT 44 / EU 40,https://www.vinted.it/items/8195247026-prada-ss-1998-set?referrer=catalog,5,8195247026,On Sale,,,https://images1.vinted.net/t/04_026b0_HdSHqK3WinuDBXQfXNDZex8A/310x430/1771328678.webp?s=299e5833e21cf01345e825de8e656a871c2460dd,1,5,Prada
Botas,368.2,Prada,36.5,https://www.vinted.it/items/8195237031-botas?referrer=catalog,1,8195237031,On Sale,,,https://images1.vinted.net/t/05_02262_TRtJLYVPVgjRYm82QypCYFZ5/310x430/1771328607.webp?s=f10b2355d3911aa31eb88d5faa18de962f125b53,1,5,Prada
Miniaturas varias Prada,34.3,Prada,0,https://www.vinted.it/items/8195202706-miniaturas-varias-prada?referrer=catalog,1,8195202706,On Sale,,,https://images1.vinted.net/t/06_00e3e_tRnW4E5fx5FzUVVg3tchytrZ/310x430/1771328364.webp?s=c00fed99e385f080532df4dd39a01a42f6583735,1,5,Prada
Borsello Prada donna,315.7,Prada,0,https://www.vinted.it/items/8195151684-borsello-prada-donna?referrer=catalog,1,8195151684,On Sale,,,https://images1.vinted.net/t/06_00026_RDnGJ6vTHntCyDtMf2gxLuTw/310x430/1771328001.webp?s=a4a42ea86f71a45dc532ea1204f6de9fc8098c95,1,5,Prada
Vestito Agatha Ruiz de la Prada baby 18 mesi,9.1,Agatha Ruiz de la Prada,12-18 mesi / 80 cm,https://www.vinted.it/items/8195149337-vestito-agatha-ruiz-de-la-prada-baby-18-mesi?referrer=catalog,6,8195149337,On Sale,,,https://images1.vinted.net/t/06_00433_tdZiJTa6dqjuQ2K1kLb9Qsw1/310x430/1771327984.webp?s=b847f40480c64ca296d8fcd3e8ad080dcdb67528,1,5,Prada
prada cups,100.45,Prada,44,https://www.vinted.it/items/8195077026-prada-cups?referrer=catalog,2,8195077026,On Sale,,,https://images1.vinted.net/t/06_011d8_SoQDx7uBGeXotyMsjZvNgncQ/310x430/1771327464.webp?s=438fbbefbad75521c0bb96add1cba425cc656480,1,5,Prada
Prasa virtual flower,40.6,Prada,0,https://www.vinted.it/items/8195075827-prasa-virtual-flower?referrer=catalog,3,8195075827,On Sale,,,https://images1.vinted.net/t/01_00f61_rcSCUhwSsWkfW3C9YcVX42ye/310x430/1771327456.webp?s=f7525b36bd75f0d54a3469e0d2b88ad5d2568220,1,5,Prada
Occhiali da sole Prada tartarugati,210.7,Prada,0,https://www.vinted.it/items/8195065029-occhiali-da-sole-prada-tartarugati?referrer=catalog,2,8195065029,On Sale,,,https://images1.vinted.net/t/05_0121d_j4CTA5hEfFjgnLSLSeqP936k/310x430/1771327378.webp?s=727fed7ed60c8d5bbbabf77d932288b0a0510823,1,5,Prada
Prada buch,26.95,No brand,0,https://www.vinted.it/items/8195055864-prada-buch?referrer=catalog,0,8195055864,On Sale,,,https://images1.vinted.net/t/06_0223e_5Q2MBxzAq8E9Xy45xJ9uumCU/310x430/1771327313.webp?s=34c0468feecee745b3a2d56ef82a6c4e4ec93565,1,5,Prada
Occhiali da sole Prada,84.7,Prada,0,https://www.vinted.it/items/8195050061-occhiali-da-sole-prada?referrer=catalog,7,8195050061,On Sale,,,https://images1.vinted.net/t/06_0189c_UtDzH78bThu6CAYA42QpL6zM/310x430/1771327271.webp?s=364967d8a10196a0b1e3ffc33401ac1acf673e9e,1,5,Prada
Cappello pescatore Prada,368.2,Prada,M,https://www.vinted.it/items/8195025318-cappello-pescatore-prada?referrer=catalog,0,8195025318,On Sale,,,https://images1.vinted.net/t/06_02078_uk9qr5ujku3Tf5BRq2oeeFkV/310x430/1771327096.webp?s=9d50400a0b6f1ed6bffea40408c81f01f6a604fb,1,5,Prada
Prada Infusion d’Ylang – 10 ml neu & unbenutzt,16.45,Prada,0,https://www.vinted.it/items/8195016712-prada-infusion-dylang-10-ml-neu-unbenutzt?referrer=catalog,5,8195016712,On Sale,,,https://images1.vinted.net/t/06_00ca9_oNX11RJedgKTAwGgbywLmaAy/310x430/1771327034.webp?s=376e821b9baaa1887d44b01330e40b259222848a,1,5,Prada
Parfum paradoxe prada,74.2,Prada,0,https://www.vinted.it/items/8195002360-parfum-paradoxe-prada?referrer=catalog,2,8195002360,On Sale,,,https://images1.vinted.net/t/06_01714_Ng8x48JcGw3wr652X4DFnagV/310x430/1771326932.webp?s=79c6f24625e28dfb82152e972b4762a52c798ea9,1,5,Prada
Stivaletti Prada camoscio,601.8,Prada,39,https://www.vinted.it/items/8194986118-stivaletti-prada-camoscio?referrer=catalog,8,8194986118,On Sale,,,https://images1.vinted.net/t/05_0074d_RD2tYEkzuuTf1VdBYnqS2vwu/310x430/1771326815.webp?s=68f79c445afc3daa133034a6e7c27924c6c71b48,1,5,Prada
Prada Paradoxe Eau De Parfum 90 ml,47.95,Prada,0,https://www.vinted.it/items/8194980424-prada-paradoxe-eau-de-parfum-90-ml?referrer=catalog,0,8194980424,On Sale,,,https://images1.vinted.net/t/06_01ac1_UVTjxFXMVXaWTvukuBZPpxkk/310x430/1771326775.webp?s=e8d1846891d9dbeae19e410cfecd7623fd16c623,1,5,Prada
Prada,152.95,Prada,41,https://www.vinted.it/items/8194937498-prada?referrer=catalog,0,8194937498,On Sale,,,https://images1.vinted.net/t/06_017f5_cDtGpKDbQG3BnmVJXTWsk6q4/310x430/1771326469.webp?s=2db80477e793ea50ff80f30db61968c8a0f363eb,1,5,Prada
Prada cup,3.06,Prada,43,https://www.vinted.it/items/8194936050-prada-cup?referrer=catalog,1,8194936050,On Sale,,,https://images1.vinted.net/t/01_0202b_SBhJsweqkykBdYnbNT6E9FQ6/310x430/1771326459.webp?s=53b42d622db5f893929fd6c1d935b1fcac7b9a52,1,5,Prada
Vide ! Prada,9.1,Prada,0,https://www.vinted.it/items/8194926243-vide-prada?referrer=catalog,3,8194926243,On Sale,,,https://images1.vinted.net/t/05_02146_eaa5ZffxuPABnDUB1ZJJL3pu/310x430/1771326389.webp?s=a13aa2ef48edb29f8653d109436209f3cc2fe6ee,1,5,Prada
Occhiali da sole Prada,95.2,Prada,0,https://www.vinted.it/items/8194905534-occhiali-da-sole-prada?referrer=catalog,4,8194905534,On Sale,,,https://images1.vinted.net/t/06_016d9_hKzMjkAaPZfcErPZDHXHzxkX/310x430/1771326244.webp?s=21c51dbeab81427f0fc6be1a7f81eb0cb720cce3,1,5,Prada
Basket prada cup,158.2,Prada,45,https://www.vinted.it/items/8194877374-basket-prada-cup?referrer=catalog,17,8194877374,On Sale,,,https://images1.vinted.net/t/05_004af_RmfhehufKUJH2bk4QqFEAFqt/310x430/1771326048.webp?s=7ada2ab6913e4a280a9dec00edecc7b2ce3fa04a,1,5,Prada
Berretto Beanie Prada Nero con Logo Triangolo | Lana a Coste,221.2,Prada,Taglia unica,https://www.vinted.it/items/8194748559-berretto-beanie-prada-nero-con-logo-triangolo-lana-a-coste?referrer=catalog,0,8194748559,On Sale,,,https://images1.vinted.net/t/06_02430_eZrqDpwmfNKzJQMzXgUNGJis/310x430/1771325139.webp?s=6c36971ece8266a2cd9efbd2f6bb0e6cc85e5d9e,1,5,Prada
Occhiali sole Prada modello maschile,179.2,Prada,0,https://www.vinted.it/items/8194798585-occhiali-sole-prada-modello-maschile?referrer=catalog,0,8194798585,On Sale,,,https://images1.vinted.net/t/06_00d11_LNsw5KNsC3GxbcckgmzSJ7eA/310x430/1771325493.webp?s=b3c962d84c8463bcdbc917e22b3b05de49deb766,1,5,Prada
Maglione a maniche corte in cashmere,158.2,Prada,M / IT 42 / EU 38,https://www.vinted.it/items/8194772806-maglione-a-maniche-corte-in-cashmere?referrer=catalog,50,8194772806,On Sale,,,https://images1.vinted.net/t/05_00538_5kDb46tfyjKwg6kkKDcQhfSG/310x430/1771325312.webp?s=9f65c1b3276448d590a953441a9d2e203c89e587,1,5,Prada
PRADA Cups Maat 40,105.65,Prada,40,https://www.vinted.it/items/8194769712-prada-cups-maat-40?referrer=catalog,5,8194769712,On Sale,,,https://images1.vinted.net/t/06_004e0_xcTZCGoYXw3VMnUwUX4fKmeA/310x430/1771325290.webp?s=18b210e3ce704f8b8a1442669a3225bb90d1b041,1,5,Prada
Pouch necessaire Prada,315.7,Prada,0,https://www.vinted.it/items/8194705720-pouch-necessaire-prada?referrer=catalog,1,8194705720,On Sale,,,https://images1.vinted.net/t/05_00625_vuQaVy8tvb63f7AmrGVC5ZrV/310x430/1771324832.webp?s=6dd69c1b2d36e443602ba8a5bb6db42e3e8e2775,1,5,Prada
Funda gafas Prada sin estrenar,21.69,Prada,0,https://www.vinted.it/items/8194758291-funda-gafas-prada-sin-estrenar?referrer=catalog,0,8194758291,On Sale,,,https://images1.vinted.net/t/06_022bb_wmvdDWqVoW3hMrA2qkz9XNp5/310x430/1771325209.webp?s=20ab370e02d5eaaa3167bd8042c84a2239ae330a,1,5,Prada
Prada Sonnebrille,168.7,Prada,0,https://www.vinted.it/items/8194754682-prada-sonnebrille?referrer=catalog,9,8194754682,On Sale,,,https://images1.vinted.net/t/06_01466_pAy6qEL8AKUKEkxWVMDD2CFx/310x430/1771325183.webp?s=7e0ea0c9e8454deee465bd956bf9480ca6dca96c,1,5,Prada
Prada Nylon Jacke Trainingsjacke Hoodie Tracksuit Pulli Pullover Shirt,305.2,Prada,XL,https://www.vinted.it/items/8194714800-prada-nylon-jacke-trainingsjacke-hoodie-tracksuit-pulli-pullover-shirt?referrer=catalog,1,8194714800,On Sale,,,https://images1.vinted.net/t/05_01834_9Sc2sJwt5jyhsJatgiGPHv39/310x430/1771324898.webp?s=ac9bd704d4999cfb6e4da2a69f2396744f46d478,1,5,Prada
Derbies en cuir homme Prada multicolores - vintage,158.2,Prada,41,https://www.vinted.it/items/8194677893-derbies-en-cuir-homme-prada-multicolores-vintage?referrer=catalog,14,8194677893,On Sale,,,https://images1.vinted.net/t/05_00111_YGi95o2oAV49jZtXdLQiGpJR/310x430/1771324635.webp?s=c06bad08e7419ee090af060fd84c7f899eac1f4b,1,5,Prada
Scarpe Prada décolleté,714.0,Prada,36.5,https://www.vinted.it/items/8194675323-scarpe-prada-decollete?referrer=catalog,1,8194675323,On Sale,,,https://images1.vinted.net/t/06_0094d_fEFxCDN3z6EQ8VnzccRgtwVq/310x430/1771324617.webp?s=69fc81e4e76f11d46a2e86e3e1ab73c769daef86,1,5,Prada
Débardeur Prada noir taille M,95.2,Prada,M / IT 42 / EU 38,https://www.vinted.it/items/8194669075-debardeur-prada-noir-taille-m?referrer=catalog,60,8194669075,On Sale,,,https://images1.vinted.net/t/06_02068_3AQfvNMuEYVqSKUjqfQpArkf/310x430/1771324571.webp?s=6abd4c05b073ef42e93be55cfa91dfab8da39abf,1,5,Prada
Porta gioielli da viaggio Prada nero,263.2,Prada,0,https://www.vinted.it/items/8194657559-porta-gioielli-da-viaggio-prada-nero?referrer=catalog,2,8194657559,On Sale,,,https://images1.vinted.net/t/05_025ca_BpPjywBS2QoNSRCKzPaWkfvN/310x430/1771324490.webp?s=8e5b46e4b2b69571b933d34f63645084f1e3965b,1,5,Prada
Prada cup noir taille 42,313.6,Prada,42,https://www.vinted.it/items/8194654506-prada-cup-noir-taille-42?referrer=catalog,0,8194654506,On Sale,,,https://images1.vinted.net/t/05_01c0e_ENnByVb9qm6GaxiaZQYBg1Ed/310x430/1771324468.webp?s=c188258f0080fd11e628175df3c578df064e1e3c,1,5,Prada
Bolso aghatha Ruiz de la prada,51.1,Agatha Ruiz de la Prada,0,https://www.vinted.it/items/8194640308-bolso-aghatha-ruiz-de-la-prada?referrer=catalog,3,8194640308,On Sale,,,https://images1.vinted.net/t/06_0005e_HiYYSQf8pbYr7QrNCBKfYu17/310x430/1771324366.webp?s=aae784cf22e7218c6ce4b335891234fbe09798cd,1,5,Prada
Mocassini Monolith neri di Prada numero 38.5,515.2,Prada,38.5,https://www.vinted.it/items/8194628731-mocassini-monolith-neri-di-prada-numero-385?referrer=catalog,5,8194628731,On Sale,,,https://images1.vinted.net/t/06_015aa_QU8B4S46a2s5NW4i8Yiv5q3y/310x430/1771324284.webp?s=d97929c07e3ca724ef2b1431daabce258f786267,1,5,Prada
Prada Cup neuve,137.2,Prada,38,https://www.vinted.it/items/8194615914-prada-cup-neuve-bleue-marine?referrer=catalog,4,8194615914,On Sale,,,https://images1.vinted.net/t/03_01310_Q8kHQA9fsRFPuU5xCVZiNEFV/310x430/1771324194.webp?s=8bfafc7f60aedef37b1ee67b06aadbb52c143975,1,5,Prada
Gafas Prada,236.95,Prada,0,https://www.vinted.it/items/8194594348-gafas-prada?referrer=catalog,0,8194594348,On Sale,,,https://images1.vinted.net/t/03_0050d_79rEU5QTdGmcw3jQmjqNHaof/310x430/1771324038.webp?s=e301967b533f7962d7af35fab52cf5f99722149b,1,5,Prada
Prada cup,315.7,Prada,43,https://www.vinted.it/items/8194588220-prada-cup?referrer=catalog,0,8194588220,On Sale,,,https://images1.vinted.net/t/05_00e3f_SEejtkdYTSqpr92F4hzvhtf8/310x430/1771323992.webp?s=1e2bfe5aaab5d936f418a78a215ecc79df4458d2,1,5,Prada
Pantalon Prada,74.2,Prada,IT 54 | W44,https://www.vinted.it/items/8194572675-pantalon-prada?referrer=catalog,0,8194572675,On Sale,,,https://images1.vinted.net/t/06_01c6f_A7FbKztqMbaiLuGeKR3RveCk/310x430/1771323879.webp?s=6e33a5e339c32d1dafc2a667e820322292354706,1,5,Prada
Portatrajes prada distintas medidas,11.2,Prada,0,https://www.vinted.it/items/8194560221-portatrajes-prada-distintas-medidas?referrer=catalog,3,8194560221,On Sale,,,https://images1.vinted.net/t/05_01dbc_TMbsAN3mVecYcUtM2ZsDizjG/310x430/1771323788.webp?s=acdb353a8a796b3c9ce45947381784210e642ebc,1,5,Prada
Libro,4.9,No brand,0,https://www.vinted.it/items/8194557908-libro?referrer=catalog,1,8194557908,On Sale,,,https://images1.vinted.net/t/06_001e9_NJhkV7Cn6ccoZSb7MZnZR7rV/310x430/1771323770.webp?s=917b3376a24d49d6743c17538a64a30f2b52fd84,1,5,Prada
Prada intense,63.7,Prada,0,https://www.vinted.it/items/8194551124-prada-intense?referrer=catalog,0,8194551124,On Sale,,,https://images1.vinted.net/t/06_00f52_tBweANk8U3bTJwfmUWxEhXJE/310x430/1771323720.webp?s=bddd1d9f7ada1de110146149aa577f8daa99baa3,1,5,Prada
Scarpe bimba Agatha Ruiz de la Prada,21.7,Agatha Ruiz de la Prada,24,https://www.vinted.it/items/8194546533-scarpe-bimba-agatha-ruiz-de-la-prada?referrer=catalog,2,8194546533,On Sale,,,https://images1.vinted.net/t/06_01a6e_hYVoYjKspjouhvrPyKBu1ZyV/310x430/1771323685.webp?s=ffa50edeafb3e76fee67880785efa702843e00d1,1,5,Prada
RARE Prada vintage bag Y2K Mesh Patent a Rete nera – borsa originale. Summer style,158.2,Prada,0,https://www.vinted.it/items/8160685151-rare-prada-vintage-bag-y2k-mesh-patent-a-rete-nera-borsa-originale-summer-style?referrer=catalog,11,8160685151,On Sale,,,https://images1.vinted.net/t/05_01889_v5upPypF5FgCc9fUFBW9t6zA/310x430/1771328015.webp?s=7854be48957b764dbc84bd39b11f5b97ae2ddc8c,1,5,Prada
Prada Herren Boxershorts 3er Set neu OVP schwarz rot blau Designer Unterwäsche Größe L,42.69,Prada,L,https://www.vinted.it/items/8194527400-prada-herren-boxershorts-3er-set-neu-ovp-schwarz-rot-blau-designer-unterwasche-grosse-l?referrer=catalog,0,8194527400,On Sale,,,https://images1.vinted.net/t/05_011f2_G9SDbqfTNPS61bjeYKAmz6AG/310x430/1771323543.webp?s=2e1b03bc8f272e8b91320f8a9bd814c3812e5c88,1,5,Prada
Pantalón Prada,58.45,Prada,IT 42 | W32,https://www.vinted.it/items/8194526626-pantalon-prada?referrer=catalog,5,8194526626,On Sale,,,https://images1.vinted.net/t/04_0075b_mgUkGjqoZi8ivrFT6PdsWqhk/310x430/1771323537.webp?s=7c418c5304ffb9ec87331e6f320fe449fca2ae34,1,5,Prada
Prada Paradoxe,15.4,Prada,0,https://www.vinted.it/items/8194523990-prada-paradoxe?referrer=catalog,0,8194523990,On Sale,,,https://images1.vinted.net/t/06_00ec3_DjYi7LhzJfS1Zmd9dbDxsQcD/310x430/1771323518.webp?s=d2dd9ffb794a4819e6766657761b7bc7bc5d99c4,1,5,Prada
Prada Herren Boxershorts 3er Set neu OVP schwarz rot blau Designer Unterwäsche Größe M,42.69,Prada,M,https://www.vinted.it/items/8194514257-prada-herren-boxershorts-3er-set-neu-ovp-schwarz-rot-blau-designer-unterwasche-grosse-m?referrer=catalog,2,8194514257,On Sale,,,https://images1.vinted.net/t/06_00068_bcTkYszABWaXVHSvm7WbSaT7/310x430/1771323446.webp?s=a1665b105acfc79336fd80a1eaf1225c042b70d6,1,5,Prada
Devil wears Prada- il diavolo veste Prada Funko,210.7,Funko,Taglia unica,https://www.vinted.it/items/8194508193-devil-wears-prada-il-diavolo-veste-prada-funko?referrer=catalog,1,8194508193,On Sale,,,https://images1.vinted.net/t/06_01c17_AhPdcsheomf3CN5sEQ8kykXf/310x430/1771323401.webp?s=5083d5c24e2311535f8baa42159ad29d1667b92a,1,5,Prada
Cappellino Prada Luna Rossa,53.1,Prada,L,https://www.vinted.it/items/8176763945-cappellino-prada-luna-rossa?referrer=catalog,4,8176763945,On Sale,,,https://images1.vinted.net/t/05_00ee2_4duUU6jkid7PrP52Ysgfd1k7/310x430/1771146467.webp?s=1640165f782cf6577b072b1907239e2bcfded608,1,5,Prada
Prada Sonnenbrille,231.7,Prada,0,https://www.vinted.it/items/8194471259-prada-sonnenbrille?referrer=catalog,0,8194471259,On Sale,,,https://images1.vinted.net/t/01_01e2d_FPFyniveJ83bRPXHZEUoY4jz/310x430/1771324919.webp?s=00437b9637b380aac20d61d9015b4c7fc02cfbba,1,5,Prada
Prada Shoes Baskets Red Rouge New Neuf Size 41,95.2,Jordan,41,https://www.vinted.it/items/7962854620-prada-shoes-baskets-red-rouge-new-neuf-size-41?referrer=catalog,2,7962854620,On Sale,,,https://images1.vinted.net/t/04_01e48_ywtmKuHu6SgeJ3JAdkeewH9q/310x430/1768654500.webp?s=a79a0fb7e59af65589b471902f7c4247b35f0f5e,1,5,Prada
Prada Luna Rossa Ocean Eau De Parfum  – 100ml,52.15,Prada,0,https://www.vinted.it/items/8194424552-prada-luna-rossa-ocean-eau-de-parfum-100ml?referrer=catalog,1,8194424552,On Sale,,,https://images1.vinted.net/t/06_022b8_qVJiLkYRagH5WibE235hJrk7/310x430/1771322762.webp?s=bc66a32e91e4a9b657be998e73ec929ebd7bc6a5,1,5,Prada
Prada Linea Rossa Vintage Bomber Nylon Jacket Bordeaux,399.7,Prada,M,https://www.vinted.it/items/8194416119-prada-linea-rossa-vintage-bomber-nylon-jacket-bordeaux?referrer=catalog,4,8194416119,On Sale,,,https://images1.vinted.net/t/05_01ca7_rQwChG3rvQmTwbHTfgEKTwhx/310x430/1771322696.webp?s=f400bc2e9f7bd8056199ce10208829c9af37cbbd,1,5,Prada
Prada Cap,32.2,Sonstiges,Taglia unica,https://www.vinted.it/items/8194390234-prada-cap?referrer=catalog,1,8194390234,On Sale,,,https://images1.vinted.net/t/03_008b2_eb8L6dxqWuMMPKyTuFtKQ482/310x430/1771322493.webp?s=149833d9fad91bf0e5566df321cbd47851d06733,1,5,Prada
Vintage PRADA Milano Baltic Blue Velvet Shoulder Bag Pouch Zip Top Made in Italy,510.0,Prada,0,https://www.vinted.it/items/8163667701-vintage-prada-milano-baltic-blue-velvet-shoulder-bag-pouch-zip-top-made-in-italy?referrer=catalog,0,8163667701,On Sale,,,https://images1.vinted.net/t/01_02357_HX79CwkFPZQ9GmWfE7p4cB2N/310x430/1771330476.webp?s=c4eba28c6b6d9e2b2cb2288fc09fcea6307d180e,1,5,Prada
Prada boots zwart 38,606.9,Prada,38.5,https://www.vinted.it/items/8194380555-prada-boots-zwart-385?referrer=catalog,0,8194380555,On Sale,,,https://images1.vinted.net/t/05_01a91_Dem1haGTFzYb1EXaoemjksfQ/310x430/1771322418.webp?s=32d258b5bea4b0d333cdc278281ca520788644b4,1,5,Prada
Prada thunder bianche,452.2,Prada,42,https://www.vinted.it/items/8194377940-prada-thunder-bianche?referrer=catalog,1,8194377940,On Sale,,,https://images1.vinted.net/t/06_0033b_4dB6FqJEHrfatRk5RsY4sSgo/310x430/1771322397.webp?s=9f45d656fc0ee6ec78e6e476d31b57dc906467c2,1,5,Prada
Cintura Prada,105.7,Prada,Taglia unica,https://www.vinted.it/items/8194358748-cintura-prada?referrer=catalog,1,8194358748,On Sale,,,https://images1.vinted.net/t/03_01e58_bA8pYaPe3o2iooA9GpPT9y1z/310x430/1771322246.webp?s=aed96abc680d35251982b8987ddb0e49eba45abb,1,5,Prada
End Game,13.3,No brand,0,https://www.vinted.it/items/8194353745-end-game?referrer=catalog,11,8194353745,On Sale,,,https://images1.vinted.net/t/04_001cb_w3HGxBtBNvWHeUGaFiCPrNF5/310x430/1771322207.webp?s=81b0d6cd93cc9cbed4ffc500decf3eef910ca912,1,5,Prada
Prada Damen Sonnenbrille SPR11V Catwalk 1AB-5S0 gr. 55mm Neu,167.65,Prada,0,https://www.vinted.it/items/8194348946-prada-damen-sonnenbrille-spr11v-catwalk-1ab-5s0-gr-55mm-neu?referrer=catalog,1,8194348946,On Sale,,,https://images1.vinted.net/t/06_01992_iQMbFVGhHQcpetBefzQF83tW/310x430/1771322169.webp?s=68add76ef58e6bfc2bf4b66089850d9c36acd028,1,5,Prada
Prada Cups,95.2,Prada,44,https://www.vinted.it/items/8194334439-prada-cups?referrer=catalog,3,8194334439,On Sale,,,https://images1.vinted.net/t/06_008ad_z5KPrTFuWBM3pxEJMtSh7nQa/310x430/1771322053.webp?s=e2f0c570ef0053c9bd9f13bad5f47daa39b1f6fb,1,5,Prada
"Boek ""de Duivel draagt Prada""",4.9,No brand,0,https://www.vinted.it/items/8194331700-boek-de-duivel-draagt-prada?referrer=catalog,0,8194331700,On Sale,,,https://images1.vinted.net/t/06_0268b_waZJN2A6iT4mmbq5orLz3tJX/310x430/1771322032.webp?s=6faf300729f86d4de6e815d020ab39568dd971d9,1,5,Prada
Original Prada Logo Plaque Loafers Black Schuhe neu! UVP: 930€,610.98,Prada,41,https://www.vinted.it/items/8194328761-original-prada-logo-plaque-loafers-black-schuhe-neu-uvp-930eu?referrer=catalog,4,8194328761,On Sale,,,https://images1.vinted.net/t/06_018fc_cFiwX368Jm93f2kkCKirLLU2/310x430/1771322008.webp?s=5fa1770f331bab8ea720a67af3b0e0bd5f42be5f,1,5,Prada
Pochette Prada Luna Rossa bleu marine,95.2,Prada,0,https://www.vinted.it/items/8194313124-pochette-prada-luna-rossa-bleu-marine?referrer=catalog,0,8194313124,On Sale,,,https://images1.vinted.net/t/06_00b04_1JoCfKdStBCfru45yfWMHBqC/310x430/1771321882.webp?s=f67c4f3276842d4e723809670e8b3c6ea61e52c4,1,5,Prada
Prada,51.1,Prada,0,https://www.vinted.it/items/8194307182-prada?referrer=catalog,0,8194307182,On Sale,,,https://images1.vinted.net/t/06_010b0_1ti6GYoB8jTKfQJsGvznK4yy/310x430/1771321833.webp?s=e864ebbedc11688a0396c17485839bf5aaa57367,1,5,Prada
2 Boîtiers lunettes Neufs Prada et Bulgari authentiques,4.9,Prada,0,https://www.vinted.it/items/8163597159-2-boitiers-lunettes-neufs-prada-et-bulgari-authentiques?referrer=catalog,0,8163597159,On Sale,,,https://images1.vinted.net/t/06_01276_KGxQ5MVttUpRGoLQc5UEDXEu/310x430/1770975898.webp?s=13d77e3eaa0395f9972cf085cb28743284e41853,1,5,Prada
Livre Vengeance en Prada,7.0,No brand,0,https://www.vinted.it/items/8194267749-livre-vengeance-en-prada?referrer=catalog,17,8194267749,On Sale,,,https://images1.vinted.net/t/05_02351_LNVcaa6R9aS2R2tvSHnaCTQr/310x430/1771321507.webp?s=291d7e9ac4faf4484511bdb9ca72014fddcc9e48,1,5,Prada
Occhiali da sole PRADA,189.7,Prada,0,https://www.vinted.it/items/8194251587-occhiali-da-sole-prada?referrer=catalog,2,8194251587,On Sale,,,https://images1.vinted.net/t/05_01b7a_j6YUPPUjwZt8APfjoT9zbkyf/310x430/1771321372.webp?s=7b3e3dfa09aad3e6461892fdff7cc16a14b561dd,1,5,Prada
Parfum voor meisjes,68.95,Prada,0,https://www.vinted.it/items/8194202610-parfum-voor-meisjes?referrer=catalog,0,8194202610,On Sale,,,https://images1.vinted.net/t/05_01d85_2d8CuXC3V2bxaER3dZw7anpm/310x430/1771320959.webp?s=5641f33ccaa6a8ea803398c69ed260408e99b582,1,5,Prada
Polo prada manches longues,84.7,Prada,XL,https://www.vinted.it/items/8194154618-polo-prada-manches-longues?referrer=catalog,13,8194154618,On Sale,,,https://images1.vinted.net/t/05_01a0c_pAdogBWJ2SuodYLAfozi1LFv/310x430/1771320537.webp?s=078e40e0c1eee170bd5af12ebe6deae3a119c13c,1,5,Prada
Lunettes de soleil Prada neuves,221.2,Prada,0,https://www.vinted.it/items/8194169068-lunettes-de-soleil-prada-neuves?referrer=catalog,2,8194169068,On Sale,,,https://images1.vinted.net/t/05_01f05_KsGioKQbnuimSyXc29mrAUWD/310x430/1771320665.webp?s=6af1e8de54e273e0c35d5d2f8bb66b9b77f89ddd,1,5,Prada
Cartera Agatha Ruiz de la Prada,21.7,Agatha,0,https://www.vinted.it/items/8194153537-cartera-agatha-ruiz-de-la-prada?referrer=catalog,0,8194153537,On Sale,,,https://images1.vinted.net/t/05_01754_NDWFrePgvP2myaeCLHrfweVC/310x430/1771320527.webp?s=f97b154102ce344090dc8b45da1a6ffe412a9824,1,5,Prada
Cravate noire Prada,103.6,Prada,0,https://www.vinted.it/items/8194066427-cravate-noire-prada?referrer=catalog,16,8194066427,On Sale,,,https://images1.vinted.net/t/06_01e0f_zccCZnVCUqnqvEwgQbGamUdf/310x430/1771319714.webp?s=88778cbdc56b9edd696b9f9f87a59e1d825df219,1,5,Prada
Pendientes Margarita de Agatha Ruiz de la Prada,17.49,Agatha Ruiz de la Prada,0,https://www.vinted.it/items/8194098207-pendientes-margarita-de-agatha-ruiz-de-la-prada?referrer=catalog,0,8194098207,On Sale,,,https://images1.vinted.net/t/06_02640_8LDZQ3bAJucXgxDRnXgLrVmW/310x430/1771320016.webp?s=a94b5d73c36c2648dcc835d0f845ab691c83c752,1,5,Prada
Prada Décolleté,367.15,Prada,38,https://www.vinted.it/items/8194071860-prada-decollete?referrer=catalog,2,8194071860,On Sale,,,https://images1.vinted.net/t/06_01d0f_xLiKsEumqPHz5h1vVXYCSE5F/310x430/1771319766.webp?s=c503b4ce51f26e499fcffa2cfd3cdc31bb7c4287,1,5,Prada
Profumo Prada Paradoxe,47.95,Prada,0,https://www.vinted.it/items/8194071369-profumo-prada-paradoxe?referrer=catalog,0,8194071369,On Sale,,,https://images1.vinted.net/t/01_005cd_vVajnfr2QK47j4Vo6Pbaqvwn/310x430/1771319762.webp?s=3297eeb18cf888f3b2f375e82610745d222daa53,1,5,Prada
Prada trench tag.40,1.0098,Prada,S / IT 40 / EU 36,https://www.vinted.it/items/8194068906-prada-trench-tag40?referrer=catalog,0,8194068906,On Sale,,,https://images1.vinted.net/t/04_012be_EajHTgVUKyx3Ucg9dERBjy9P/310x430/1771319738.webp?s=0e15303f5ae2647571d3b0b4eebd24c9f1dbd25b,1,5,Prada
Prada borsa,612.0,Prada,0,https://www.vinted.it/items/8193891330-prada-borsa?referrer=catalog,16,8193891330,On Sale,,,https://images1.vinted.net/t/03_00fc2_EyFjodLLqA6MRmpzzzaAHUsF/310x430/1771317828.webp?s=3dc932c1aa196380cf52a49a6c85efc78e4bd6be,1,5,Prada
Chaqueta,13.3,Agatha Ruiz de la Prada,S / IT 40 / EU 36,https://www.vinted.it/items/8194042716-chaqueta?referrer=catalog,34,8194042716,On Sale,,,https://images1.vinted.net/t/04_002aa_GYafetFkT5qLqqCwBqo4buAT/310x430/1771319484.webp?s=f063506fcb8da4980e52fa3996f35c8788fe77b4,1,5,Prada
Gruccia Prada  Milano Originale Grigio Luxury,8.05,Prada,0,https://www.vinted.it/items/8194024211-gruccia-prada-milano-originale-grigio-luxury?referrer=catalog,3,8194024211,On Sale,,,https://images1.vinted.net/t/03_01745_d8X5DxbBSqgoJTBz5hi6fsg3/310x430/1771319297.webp?s=d9388d4ab42c06d8c4fca9561079f3027890d441,1,5,Prada
Lunettes Prada en parfait état,75.25,Prada,0,https://www.vinted.it/items/8194023054-lunettes-prada-en-parfait-etat?referrer=catalog,3,8194023054,On Sale,,,https://images1.vinted.net/t/05_00844_YB1auypFNN19YFry7WH78Jt6/310x430/1771319285.webp?s=0b381ce684941aa71665cbae601ed293afa63223,1,5,Prada
Gafas de sol Prada,263.2,Prada,0,https://www.vinted.it/items/8194009505-gafas-de-sol-prada?referrer=catalog,0,8194009505,On Sale,,,https://images1.vinted.net/t/01_00940_dTKNDiszn9jyQiXDWJTcMSNH/310x430/1771319146.webp?s=514a36b94e19073782802ae9523d133b793e2fef,1,5,Prada
Coffret parfum Prada,74.2,Prada,0,https://www.vinted.it/items/8194005259-coffret-parfum-prada?referrer=catalog,1,8194005259,On Sale,,,https://images1.vinted.net/t/06_0040d_94wDSMAjiRbb75BSm7feD9zV/310x430/1771319103.webp?s=463e85039e1200b8bf7c54f3af429288b0b9d531,1,5,Prada
Porta occhiali Prada,21.7,Prada,0,https://www.vinted.it/items/8194004244-porta-occhiali-prada?referrer=catalog,1,8194004244,On Sale,,,https://images1.vinted.net/t/06_01d8c_XWSN4PmnRcG32xtKsWBXKYQA/310x430/1771319093.webp?s=7ad3dec4a47cb26d3eb8cd5939eada582d6bb22f,1,5,Prada
Conjunto Agatha Ruiz de Prada,21.7,Agatha Ruiz de la Prada,12 anni / 152 cm,https://www.vinted.it/items/8193985429-conjunto-agatha-ruiz-de-prada?referrer=catalog,0,8193985429,On Sale,,,https://images1.vinted.net/t/05_01ab3_HxNBRMboDeTupHSLifiRY2Hb/310x430/1771318894.webp?s=3fb1cc9f5783d01bb31ee5355ab1a464126b7ff8,1,5,Prada
Sac à bandoulière Prada,1.53,Prada,0,https://www.vinted.it/items/8118019622-sac-a-bandouliere-prada?referrer=catalog,0,8118019622,On Sale,,,https://images1.vinted.net/t/05_02054_d5g2LM5hrcP1UijV1GKhpuNd/310x430/1770459211.webp?s=d410ad907328715666c1609335058ba6d4738af7,1,5,Prada
Bolso aghatha Ruiz de la prada,51.1,Agatha Ruiz de la Prada,0,https://www.vinted.it/items/8193911794-bolso-aghatha-ruiz-de-la-prada?referrer=catalog,0,8193911794,On Sale,,,https://images1.vinted.net/t/01_00b8d_GDdTVTeMWhjfbF6rqLKdHwgq/310x430/1771318073.webp?s=96ccee759dd497ed5abe51f8637b842a00f963ec,1,5,Prada
Porta trucchi beauty case Prada,53.2,Prada,0,https://www.vinted.it/items/8143678752-porta-trucchi-beauty-case-prada?referrer=catalog,3,8143678752,On Sale,,,https://images1.vinted.net/t/01_00967_YEAHqY5pZ1Bvry2jktQKVtEY/310x430/1770722283.webp?s=083af455a2d1379d9728872081730c9468807960,1,5,Prada
Portachiavi Prada,63.7,Prada,0,https://www.vinted.it/items/8193903174-portachiavi-prada?referrer=catalog,27,8193903174,On Sale,,,https://images1.vinted.net/t/01_008c3_bRKV7dcX4Ywka9kYHcZtpYKg/310x430/1771317972.webp?s=a5c2d58bc7b8b16e17a3dea94bb810b13621a9ea,1,5,Prada
Prada Paradoxe Parfüm,47.95,Prada,0,https://www.vinted.it/items/8193900079-prada-paradoxe-parfum?referrer=catalog,6,8193900079,On Sale,,,https://images1.vinted.net/t/06_01c26_q9WfG5Dp7quEDmayYJMr2R8D/310x430/1771317935.webp?s=5270944db3b5d59ad2be7498f62341a571290f4d,1,5,Prada
Graue Prada Cups Größe 44 NEU,100.45,Prada,44,https://www.vinted.it/items/8193865176-graue-prada-cups-grosse-44-neu?referrer=catalog,4,8193865176,On Sale,,,https://images1.vinted.net/t/06_005c5_HigrEeZ7FP7XtTH6hqBo39wn/310x430/1771317507.webp?s=ea18a50d8284bbc59ec87cb50ce57800b73d2b4c,1,5,Prada
Prada Handytasche  nagelneu,21.7,Prada,0,https://www.vinted.it/items/8193827198-prada-handytasche-nagelneu?referrer=catalog,4,8193827198,On Sale,,,https://images1.vinted.net/t/06_0134b_eW4x4sQX2qkdNaHbd3cLDjsX/310x430/1771317017.webp?s=7ae2ccde29f9fa8edc4e7c781830f240d0bca416,1,5,Prada
Booklet Prada neuf collection ss 2015 collector,152.95,No brand,0,https://www.vinted.it/items/8193860426-booklet-prada-neuf-collection-ss-2015-collector?referrer=catalog,0,8193860426,On Sale,,,https://images1.vinted.net/t/06_000e5_xfTPLJoncPeuXTDAeaXDe8Jj/310x430/1771317447.webp?s=811c046ed3733fdf5e9056dbc3658df1532d08df,1,5,Prada
Scarpe Prada Uomo,473.2,Prada,43,https://www.vinted.it/items/8193836960-scarpe-prada-uomo?referrer=catalog,1,8193836960,On Sale,,,https://images1.vinted.net/t/05_00af7_UJRdJy8FTCRHbzfpR1C2SH3P/310x430/1771317143.webp?s=2fe3130dc8d702a0b9bdfcfe348df1eac2125c38,1,6,Prada
Miniatura Prada nuovo con cartellino,13.3,Prada,0,https://www.vinted.it/items/8193835572-miniatura-prada-nuovo-con-cartellino?referrer=catalog,5,8193835572,On Sale,,,https://images1.vinted.net/t/04_00f7b_mBeJvii4z2ZNF1YEzgox3Ltm/310x430/1771317125.webp?s=82692594253344459ebe74934545c903ec1c30ee,1,6,Prada
Eau de parfum prada paradigme,58.45,Prada,0,https://www.vinted.it/items/8193828947-eau-de-parfum-prada-paradigme?referrer=catalog,0,8193828947,On Sale,,,https://images1.vinted.net/t/06_0092d_5sG5Tsq4TScFKU5MY5sEuWno/310x430/1771317038.webp?s=53bda156779af656694862bfa242235b3fe78a8c,1,6,Prada
Tee-shirt femme le diable s'habille en prada X primark en S,16.45,Primark,S / IT 40 / EU 36,https://www.vinted.it/items/8193827915-tee-shirt-femme-le-diable-shabille-en-prada-x-primark-en-s?referrer=catalog,2,8193827915,On Sale,,,https://images1.vinted.net/t/05_02663_QDvtyZXFABVgDbsvSVShADLS/310x430/1771317026.webp?s=e6b0212b5112226a4046f56b39b0011258003058,1,6,Prada
Bomber / Doudoune PRADA,2.0482,Prada,L,https://www.vinted.it/items/8193819317-bomber-doudoune-prada?referrer=catalog,1,8193819317,On Sale,,,https://images1.vinted.net/t/03_02207_CzRdqdg7TZB1JQHqc3SePm3S/310x430/1771316915.webp?s=13fbc4a06941cbb0d726605a9a96dd4b6dd829ee,1,6,Prada
Bolso aghatha Ruiz de la prada,39.55,Agatha Ruiz de la Prada,0,https://www.vinted.it/items/8193807719-bolso-aghatha-ruiz-de-la-prada?referrer=catalog,1,8193807719,On Sale,,,https://images1.vinted.net/t/05_010da_PSj28pD3ZzydXZd1KK6M7K36/310x430/1771316760.webp?s=8c555765f5af1fcd9e68613d47fa877b01bea068,1,6,Prada
Bolso aghatha Ruiz de la prada,47.95,Agatha Ruiz de la Prada,0,https://www.vinted.it/items/8193796674-bolso-aghatha-ruiz-de-la-prada?referrer=catalog,1,8193796674,On Sale,,,https://images1.vinted.net/t/05_025fc_EWNTsQKBTy4YRd6cBDFVE5pj/310x430/1771316609.webp?s=1be3f57c97211501390a457a4fd218ffe65a55d4,1,6,Prada
Bolso aghatha Ruiz de la prada,58.45,Agatha Ruiz de la Prada,0,https://www.vinted.it/items/8193780272-bolso-aghatha-ruiz-de-la-prada?referrer=catalog,1,8193780272,On Sale,,,https://images1.vinted.net/t/01_018ef_fCUkYVsthK1SHDAAq4gmy8Sc/310x430/1771316379.webp?s=b207f46766b41b6b37192d743d13972685202c79,1,6,Prada
Prada Wollhose Anzughose black virgin wool pants,47.95,Prada,S / IT 40 / EU 36,https://www.vinted.it/items/8193006845-prada-wollhose-anzughose-black-virgin-wool-pants?referrer=catalog,12,8193006845,On Sale,,,https://images1.vinted.net/t/05_02655_hSwGyUF3mGwQRtk9yZLWpzrg/310x430/1771316223.webp?s=a10eba0d6d38a9c69210d9b8fd88a19656c7fb79,1,6,Prada
Bolso aghatha Ruiz de la prada,39.55,Agatha Ruiz de la Prada,0,https://www.vinted.it/items/8193760234-bolso-aghatha-ruiz-de-la-prada?referrer=catalog,0,8193760234,On Sale,,,https://images1.vinted.net/t/06_014cb_EJowgQQzRPZPfssVcKopmBRS/310x430/1771316085.webp?s=02a92c2adce1765c40d51eb51ae4ac61656f601c,1,6,Prada
Prada cup homme,473.2,Prada,44,https://www.vinted.it/items/8193737086-prada-cup-homme?referrer=catalog,10,8193737086,On Sale,,,https://images1.vinted.net/t/06_00a4a_bkdzJjpRU8wJVnrx2x5ActRa/310x430/1771315736.webp?s=d2c2d6a3eb50e31edcadeadefa4694d50e6d8c17,1,6,Prada
Sonnenbrille Polaroid,210.7,Prada,0,https://www.vinted.it/items/8193728232-sonnenbrille-polaroid?referrer=catalog,3,8193728232,On Sale,,,https://images1.vinted.net/t/06_00a86_4gYYKMVePN55ekA6iRrGmu7A/310x430/1771315593.webp?s=2ec746f710bad73da22facb452b28f0fa6fcfd45,1,6,Prada
Prada Herren Geldbeutel,189.7,Prada,0,https://www.vinted.it/items/8193718322-prada-herren-geldbeutel?referrer=catalog,2,8193718322,On Sale,,,https://images1.vinted.net/t/04_00014_m6f8K8SEzXnXB5UT9hruihGq/310x430/1771315432.webp?s=ad721a4783bf143254ff4eefcf891aca3dc3b40e,1,6,Prada
Lunettes Prada Havana Caramel,158.2,Prada,0,https://www.vinted.it/items/8193718077-lunettes-prada-havana-caramel?referrer=catalog,5,8193718077,On Sale,,,https://images1.vinted.net/t/05_01ec6_nxpXWSfrWXsopk6yvZUwaurg/310x430/1771315428.webp?s=8887a961c72b1c0e1f0f4d868a2db8aa6f587231,1,6,Prada
Pantalone Prada Pirelli nuovo,158.2,No brand,XL,https://www.vinted.it/items/8193694476-pantalone-prada-pirelli-nuovo?referrer=catalog,2,8193694476,On Sale,,,https://images1.vinted.net/t/03_00890_o6m5srsyJuQYyrqhPNyfzE16/310x430/1771315019.webp?s=e95f81589dd0e0e18d39a5caece4e6d9d6d177a3,1,6,Prada
PRADA Re-Edition Tasche,1.5232,Prada,0,https://www.vinted.it/items/8193679714-prada-re-edition-tasche?referrer=catalog,0,8193679714,On Sale,,,https://images1.vinted.net/t/06_00367_Xy6Q9SLzBxgkKEH7svwbsB7E/310x430/1771314751.webp?s=df060db1157b389e0eb3d0783de84812ad86ad6a,1,6,Prada
Mochila aghatha Ruiz de la prada,39.55,Agatha Ruiz de la Prada,0,https://www.vinted.it/items/8193678961-mochila-aghatha-ruiz-de-la-prada?referrer=catalog,1,8193678961,On Sale,,,https://images1.vinted.net/t/04_01cf8_WtShw8JXsQc85ebwexLC8HcY/310x430/1771314738.webp?s=8d7034b51e51461671cddda3bd117ce7bc641956,1,6,Prada
Prada America’s Cup,557.2,Prada,44,https://www.vinted.it/items/8193669994-prada-americas-cup?referrer=catalog,0,8193669994,On Sale,,,https://images1.vinted.net/t/01_02517_xSuiwRsMfswrJ1drbthDvEN2/310x430/1771314567.webp?s=c16dfdecfc2d6637e1419a276c3dcb9f90cd3716,1,6,Prada
Sabot Prada,509.95,Prada,37,https://www.vinted.it/items/8193655903-sabot-prada?referrer=catalog,14,8193655903,On Sale,,,https://images1.vinted.net/t/06_0191f_Ag7pKvW4TgbxxFZ7zR1s8PyB/310x430/1771314292.webp?s=12f6d7d13a78dfb87bb71a2099a241ff88680e00,1,6,Prada
Baskets Prada Milano Neuve Jamais porté Livraison 48h,158.2,Prada,44,https://www.vinted.it/items/8193651611-baskets-prada-milano-neuve-jamais-porte-livraison-48h?referrer=catalog,2,8193651611,On Sale,,,https://images1.vinted.net/t/06_01e7d_JipUC6uvVTh7816Ui2rsEEXU/310x430/1771314203.webp?s=dbe14aaf302256a23c0225e4787cc636ac4212e9,1,6,Prada
PRADA Milano manteau iconique en laine & soie – taille 46 – Made in Italy,651.7,Prada,XXXL / IT 50 / EU 46,https://www.vinted.it/items/8193650423-prada-milano-manteau-iconique-en-laine-soie-taille-46-made-in-italy?referrer=catalog,7,8193650423,On Sale,,,https://images1.vinted.net/t/06_020cb_8Q4FCmCaV7zW197two2E9WRs/310x430/1771314179.webp?s=123854605fb02cf2a921b71cd8e8b30a3ee3b40f,1,6,Prada
Paraguas agatha Ruiz de la Prada,16.45,Agatha,0,https://www.vinted.it/items/8193623008-paraguas-agatha-ruiz-de-la-prada?referrer=catalog,9,8193623008,On Sale,,,https://images1.vinted.net/t/05_00074_3ceLQgyK8FmKExi7duVJFRgb/310x430/1771313593.webp?s=676619fb0f4a7e7397ef537388de8b7536c8e6fe,1,6,Prada
Occhiali da Sole Prada,79.44,Prada,0,https://www.vinted.it/items/8193613881-occhiali-da-sole-prada?referrer=catalog,9,8193613881,On Sale,,,https://images1.vinted.net/t/05_01332_U45UeLRMpdYP4jaafS8DPE7h/310x430/1771313384.webp?s=1c04c428900c9a99f8b881933b68d6f98f662a40,1,6,Prada
Prada Fall 2010 Runway Silk Lace Print Skirt,179.2,Prada,L / IT 44 / EU 40,https://www.vinted.it/items/8193609629-prada-fall-2010-runway-silk-lace-print-skirt?referrer=catalog,5,8193609629,On Sale,,,https://images1.vinted.net/t/06_010d6_LaeWWMr8DkSybpw9Jgen23oL/310x430/1771313282.webp?s=ecb7f42025a849392a2b7b79919264c220cd4c79,1,6,Prada
Lanvin belt stretchy with buttons. 75-80 sm.,53.2,Prada,75 cm,https://www.vinted.it/items/8177857643-lanvin-belt-stretchy-with-buttons-75-80-sm?referrer=catalog,2,8177857643,On Sale,,,https://images1.vinted.net/t/04_0053f_pVPCEZqW1VQKduU4P5tAPdQN/310x430/1771152997.webp?s=0dd9408580a2171664b796646c8cbe3a8191ab83,1,6,Prada
Mochila aghatha Ruiz de la prada,58.45,Agatha Ruiz de la Prada,0,https://www.vinted.it/items/8193588305-mochila-aghatha-ruiz-de-la-prada?referrer=catalog,0,8193588305,On Sale,,,https://images1.vinted.net/t/05_00ec1_paxvv9shpv5bpnCi67BtWrf4/310x430/1771312741.webp?s=adbcaa58387c0523fdb21358c723fe09f75d05be,1,6,Prada
Prada Jeans,788.2,Prada,S / IT 40 / EU 36,https://www.vinted.it/items/8193585761-prada-jeans?referrer=catalog,1,8193585761,On Sale,,,https://images1.vinted.net/t/05_01e53_PRoueYZ2h7uGbGqC5DsmRovn/310x430/1771312674.webp?s=ff682abc48ea9da1fef0d0dbb89b96c39fad030a,1,6,Prada
Eau de Parfum Paradoxe,95.2,Prada,0,https://www.vinted.it/items/8193564260-eau-de-parfum-paradoxe?referrer=catalog,0,8193564260,On Sale,,,https://images1.vinted.net/t/06_016aa_XwUE31ouZRb19PdpQyQkqhac/310x430/1771312065.webp?s=a578b81ef3cdc1ca4b6204da0890a3fc5ad18015,1,6,Prada
Vestido Prada,551.95,Prada,L / IT 44 / EU 40,https://www.vinted.it/items/8193540878-vestido-prada?referrer=catalog,2,8193540878,On Sale,,,https://images1.vinted.net/t/06_01351_w1ZKRYk3hHWByd4YUJx1ctjE/310x430/1771311300.webp?s=3a613779c2bc8e0abf6e2608f9765cc2753e5124,1,6,Prada
Occhiale Prada,147.7,Prada,0,https://www.vinted.it/items/8193532775-occhiale-prada?referrer=catalog,3,8193532775,On Sale,,,https://images1.vinted.net/t/03_01c67_2SYay77vFNJhNJeVGmh2Uq9a/310x430/1771311008.webp?s=2cdf27b174a5ffe2b55b05b4b08242c68f802f47,1,6,Prada
Prada,95.2,Prada,0,https://www.vinted.it/items/8193520561-prada?referrer=catalog,5,8193520561,On Sale,,,https://images1.vinted.net/t/05_013b3_C7apYLZFBVpzQqP7Q7VwL4Q3/310x430/1771310565.webp?s=c5196786d423efc9f151221a46c30f5150ae512e,1,6,Prada
polo prada,42.7,Footkorner,M,https://www.vinted.it/items/8193483551-polo-prada?referrer=catalog,1,8193483551,On Sale,,,https://images1.vinted.net/t/06_0103e_8EAMTHGPH5cJxn16subC1YEJ/310x430/1771308790.webp?s=97a7c0eca16a94d2a4eb0e0e7b047774345c5160,1,6,Prada
Beaume à lèvre Prada U002 banana,38.5,Prada,0,https://www.vinted.it/items/8193456641-beaume-a-levre-prada-u002-banana?referrer=catalog,1,8193456641,On Sale,,,https://images1.vinted.net/t/04_01f55_WchF3YpCPk16eqoVuCWVYDQV/310x430/1771306844.webp?s=a220519571da67b8b7e64ce18a77e075f3d1a118,1,6,Prada
Eau de parfum 50ML Laxuria by Luxury - Luxury Collection - femme (paradoxe de prada),16.45,Luxury,0,https://www.vinted.it/items/8193440242-eau-de-parfum-50ml-laxuria-by-luxury-luxury-collection-femme-paradoxe-de-prada?referrer=catalog,0,8193440242,On Sale,,,https://images1.vinted.net/t/05_003a1_7bDWg9aPacdm9TDEndg2XpJ8/310x430/1771305015.webp?s=7c0f4af41ff8cd782d22f46309878239df4e25e3,1,6,Prada
Miroir de sac prada candy,24.85,Prada,0,https://www.vinted.it/items/8193416025-miroir-de-sac-prada-candy?referrer=catalog,3,8193416025,On Sale,,,https://images1.vinted.net/t/03_02274_CSTzmMJDwX2SEm5FBXCTkBH9/310x430/1771299552.webp?s=7180c1f7a10da07c46b75ffa482b85e01bfcdb9f,1,6,Prada
Pantalon de travail,32.2,Prada,XXL,https://www.vinted.it/items/8193066047-pantalon-de-travail?referrer=catalog,0,8193066047,On Sale,,,https://images1.vinted.net/t/05_00f50_SpA4Tqoi36TYyaqKHBM5vvdN/310x430/1771279928.webp?s=4420ae7056acddc604da52bb360250eff315da8a,1,6,Prada
Prada wide leg trousers,263.2,Prada,XL,https://www.vinted.it/items/8193004492-prada-wide-leg-trousers?referrer=catalog,20,8193004492,On Sale,,,https://images1.vinted.net/t/05_0224e_LX3MG1Y57gE6wrrcCTW8m6Lu/310x430/1771279046.webp?s=a6534736bb9c460ad6c2ab04597f036e0b6d19df,1,6,Prada
Prada Luna Rossa,473.2,Prada,M,https://www.vinted.it/items/8193389392-prada-luna-rossa?referrer=catalog,5,8193389392,On Sale,,,https://images1.vinted.net/t/06_003fe_wPCFZx3Jx3gnjKExY6PDHSdm/310x430/1771293321.webp?s=aac6d40c2b4e71ece3178ad4350bbdbced4fc65b,1,6,Prada
Parfum,63.7,Prada,0,https://www.vinted.it/items/8193385626-parfum?referrer=catalog,1,8193385626,On Sale,,,https://images1.vinted.net/t/06_0264a_u2EtafeUAiQ12aTRrkr9Yaqa/310x430/1771292650.webp?s=d790f42ac9bfb92e249555011ab252159d8f5c8e,1,6,Prada
Prada paradoxe intense,116.2,Prada,0,https://www.vinted.it/items/8193378146-prada-paradoxe-intense?referrer=catalog,2,8193378146,On Sale,,,https://images1.vinted.net/t/05_0151a_VjEKMuJGraNJovgHuMDu5evQ/310x430/1771291512.webp?s=ffd91136fa549ccb70b63fd9fdc02fcdd263f0bc,1,6,Prada
Prada cup,137.19,Prada,44,https://www.vinted.it/items/8193377697-prada-cup?referrer=catalog,1,8193377697,On Sale,,,https://images1.vinted.net/t/05_0150b_ukuUD9pMP5R8xZ4TzpP4V1Bq/310x430/1771291453.webp?s=87ca025110393013f0f45b7cda0313a6486bdf3c,1,6,Prada
Chaussure prada cup rouge,105.7,Prada,36,https://www.vinted.it/items/8193374794-chaussure-prada-cup-rouge?referrer=catalog,18,8193374794,On Sale,,,https://images1.vinted.net/t/06_01219_YeRwxbMU91qZR9wYyNujHR4K/310x430/1771291083.webp?s=9ce729aab576a6af23b3f231e2a0b9d113518f7a,1,6,Prada
Porta smartphone in Saffiano,578.2,Prada,0,https://www.vinted.it/items/8193367131-porta-smartphone-in-saffiano?referrer=catalog,0,8193367131,On Sale,,,https://images1.vinted.net/t/06_00a61_r35FW5ZCQ8AK3xUQyo97yyUY/310x430/1771290175.webp?s=7647cfcc9531e55a63d9712a138ec5069f2c456c,1,6,Prada
Pack libros Cristina Prada,13.3,No brand,0,https://www.vinted.it/items/8193365449-pack-libros-cristina-prada?referrer=catalog,18,8193365449,On Sale,,,https://images1.vinted.net/t/05_0000e_BegZDA8ofFqZ9N38KtqF85jd/310x430/1771289990.webp?s=2bff59523c0faf446a06d79c5b9a15f428d94361,1,6,Prada
Prada bag (original),1.0402,Prada,0,https://www.vinted.it/items/8193342861-prada-bag-original?referrer=catalog,0,8193342861,On Sale,,,https://images1.vinted.net/t/05_00acc_qizbgKu9wrAzuHdGXhpsaxYp/310x430/1771287982.webp?s=9d4b8d4b964854ee2cd7ec2f73f34dec93fbc7e1,1,6,Prada
Prada american cup’s,126.69,Prada,45,https://www.vinted.it/items/8193326477-prada-american-cups?referrer=catalog,3,8193326477,On Sale,,,https://images1.vinted.net/t/06_00081_61bnsTGEjVSGUnyRn1LPgNyp/310x430/1771286941.webp?s=61a467a21c73f82d692b5a45dd27766e6cb5e1f3,1,6,Prada
Occhiale Prada con lente viola maculati,163.45,Prada,0,https://www.vinted.it/items/8193324031-occhiale-prada-con-lente-viola-maculati?referrer=catalog,3,8193324031,On Sale,,,https://images1.vinted.net/t/04_023bf_ELScdykxhwpPhnCsMutRDvUZ/310x430/1771286799.webp?s=d8fd73088862fcbb7ddea2cfe2a01f4e3c680bd5,1,6,Prada
Casquette nylon prada,389.2,Prada,M,https://www.vinted.it/items/8193305751-casquette-nylon-prada?referrer=catalog,9,8193305751,On Sale,,,https://images1.vinted.net/t/06_024d5_oeYzJgUnd1WHy4UNAtHoaPER/310x430/1771285856.webp?s=523d82a55b4d1c967135e6a36a0304a5424bbfec,1,6,Prada
Chaussure,84.7,No brand,42,https://www.vinted.it/items/8193293023-chaussure?referrer=catalog,16,8193293023,On Sale,,,https://images1.vinted.net/t/06_00a77_ZHSk6W7aYNqe89xDFKdBYZiq/310x430/1771285285.webp?s=c3c28770e9694af7c762f7dfa1d35e162a67d0f6,1,6,Prada
Prada Cups Babyblau,84.7,Prada,45,https://www.vinted.it/items/8193288569-prada-cups-babyblau?referrer=catalog,12,8193288569,On Sale,,,https://images1.vinted.net/t/06_003b9_XnorEkwLt51TvjG6ok9zmBJw/310x430/1771285099.webp?s=8637b823a898f6390f8611a7527a0177da1dd1a7,1,6,Prada
Prada bel copriabiti originale elegante ripiegabile in robusto cotone,10.68,Prada,0,https://www.vinted.it/items/8193283218-prada-bel-copriabiti-originale-elegante-ripiegabile-in-robusto-cotone?referrer=catalog,4,8193283218,On Sale,,,https://images1.vinted.net/t/05_01a6f_mrBhs3Di2MZyvhT7Sz92zz4S/310x430/1771284884.webp?s=12108fa5379940f98390991a2cac1e0e2df4f84d,1,6,Prada
Óculos de sol Prada originais,158.2,Prada,0,https://www.vinted.it/items/8193280690-oculos-de-sol-prada-originais?referrer=catalog,0,8193280690,On Sale,,,https://images1.vinted.net/t/06_01565_wAw7Uaj6WrV8yrA84gb79y1T/310x430/1771284786.webp?s=6bd8a745dfdaa1b619140b63c13ea46910e9c5af,1,6,Prada
Casquette prada,210.7,Prada,M,https://www.vinted.it/items/8193278060-casquette-prada?referrer=catalog,0,8193278060,On Sale,,,https://images1.vinted.net/t/05_025dc_cZQMbUyWeWdTV9iYG6avAJP3/310x430/1771284683.webp?s=6306aa8511dd0e0489d1b06e87b4bf879cd508f9,1,6,Prada
Prada cup noir,210.7,Prada,42,https://www.vinted.it/items/8193242645-prada-cup-noir?referrer=catalog,6,8193242645,On Sale,,,https://images1.vinted.net/t/05_003dd_psw8PJ9Wsx3jYGmXT9ZsLbuK/310x430/1771283523.webp?s=1d184a2ea098dddb38a0c615b3066fbb06686a23,1,6,Prada
Robe Prada – noire – taille 44 (taille petit,210.7,Prada,M / IT 42 / EU 38,https://www.vinted.it/items/8183749258-robe-prada-noire-taille-44-taille-petit-correspond-plutot-a-un-m?referrer=catalog,9,8183749258,On Sale,,,https://images1.vinted.net/t/06_024fb_qB6bkAfnreTiz8yc2RQm4w8E/310x430/1771180734.webp?s=c69ea91b3b800fe8d5d99859464e90c6e93a32d4,1,6,Prada
scarpe uomo prada cup nuove taglia 43 mai usate,189.7,Uomo,43,https://www.vinted.it/items/8193228801-scarpe-uomo-prada-cup-nuove-taglia-43-mai-usate?referrer=catalog,0,8193228801,On Sale,,,https://images1.vinted.net/t/03_00b9f_zHWtZoc8hxLKFJSgwRBdX3m6/310x430/1771283131.webp?s=b55984b990b43c400952dc76d446c54ee1c748f7,1,6,Prada
Perfume agatha Ruiz de la Prada,15.93,Agatha Ruiz de la Prada,0,https://www.vinted.it/items/8193227838-perfume-agatha-ruiz-de-la-prada?referrer=catalog,1,8193227838,On Sale,,,https://images1.vinted.net/t/01_00975_ciFJYanon16b48smF8cN8GSA/310x430/1771283108.webp?s=769d55fc4b7c070e76e7cdd3b5079657c108255b,1,6,Prada
Prada Parfüm Paradoxe,70.0,Prada,0,https://www.vinted.it/items/8193200975-prada-parfum-paradoxe?referrer=catalog,1,8193200975,On Sale,,,https://images1.vinted.net/t/05_01f59_xdb1dpQpnfSX2zyfCxShcGFG/310x430/1771282442.webp?s=738ddea9c241148c8c5fe2aa1fabd5cdedacb360,1,6,Prada
Prada Sport America’s cup pantalone estivo cotone 52,53.2,Prada,XXL,https://www.vinted.it/items/8192347090-prada-sport-americas-cup-pantalone-estivo-cotone-52?referrer=catalog,1,8192347090,On Sale,,,https://images1.vinted.net/t/05_013a7_1SkNnwYzikctxkByS4jwMrXp/310x430/1771272805.webp?s=dcfefa83cd691feca862753b69e80f84c41abebe,1,6,Prada
Prada cup,210.7,Prada,42,https://www.vinted.it/items/8193187674-prada-cup?referrer=catalog,0,8193187674,On Sale,,,https://images1.vinted.net/t/04_002f5_kTKw1yoHfA5Jjj3z7pChUgmd/310x430/1771282139.webp?s=bcd29f1f9923c277954abc0b1f2c5e375c36164d,1,6,Prada
Cartera Agatha Ruiz de la Prada,47.95,Agatha Ruiz de la Prada,0,https://www.vinted.it/items/8193183383-cartera-agatha-ruiz-de-la-prada?referrer=catalog,1,8193183383,On Sale,,,https://images1.vinted.net/t/04_0138a_bHsTtFcfxCFxxacu9wQ1Uk7b/310x430/1771282046.webp?s=160b667668471c6024579fec0f556caf78a94287,1,6,Prada
Prada america's cup blanche et noir,189.7,Prada,43,https://www.vinted.it/items/8193182286-prada-americas-cup-blanche-et-noir?referrer=catalog,0,8193182286,On Sale,,,https://images1.vinted.net/t/05_012fb_wNsGVPqE2Yxx3NVRMZR4Bi3j/310x430/1771282023.webp?s=04de17414477cb8712ea8937e47b540b1a6b54d4,1,6,Prada
Cajas de gafas de sol PRADA,21.7,Prada,0,https://www.vinted.it/items/8193152602-cajas-de-gafas-de-sol-prada?referrer=catalog,1,8193152602,On Sale,,,https://images1.vinted.net/t/01_00195_7DgGr8Ahc5dQ3Z5x4u14958e/310x430/1771281407.webp?s=06d412b2c27e0d2f92ba6493d07605598074823c,1,6,Prada
occhiali prada,189.7,Prada,0,https://www.vinted.it/items/8193151887-occhiali-prada?referrer=catalog,2,8193151887,On Sale,,,https://images1.vinted.net/t/05_001b9_dY1RFwRSHMwDusjymdvDfKJ6/310x430/1771281393.webp?s=5678fb8b756a5c993c102fbf95440bfb8124551d,1,6,Prada
Prada Backpack Logo Jacquard,630.7,Prada,0,https://www.vinted.it/items/8162491608-prada-backpack-logo-jacquard?referrer=catalog,38,8162491608,On Sale,,,https://images1.vinted.net/t/01_00e73_37XcgJQwizauhsF28GhSCzQe/310x430/1770935023.webp?s=d276daec13085bbd749be4088a688eebad67d6e2,1,6,Prada
Prada Luna Rosa Ocean Le Parfum,74.2,Prada,0,https://www.vinted.it/items/8193129773-prada-luna-rosa-ocean-le-parfum?referrer=catalog,2,8193129773,On Sale,,,https://images1.vinted.net/t/06_00604_213s4GjzmR65bLRHEnRxT6nQ/310x430/1771280981.webp?s=49cf2cba4312f8f6d0725931b48fa4020ae72883,1,6,Prada
Gafas Prada,121.45,Prada,0,https://www.vinted.it/items/8193125302-gafas-prada?referrer=catalog,4,8193125302,On Sale,,,https://images1.vinted.net/t/05_025f8_rbLhT1aX6dw4KG4kkuHrP596/310x430/1771280899.webp?s=218ee743b15c3966cdc97c53f598f6527c765f7f,1,6,Prada
tasche mit logo (prada),26.95,Sonstiges,0,https://www.vinted.it/items/8193119516-tasche-mit-logo-prada?referrer=catalog,1,8193119516,On Sale,,,https://images1.vinted.net/t/01_0109e_j6oP6pcEMFMpZoUCi2n5A1Fy/310x430/1771280794.webp?s=be5060df0bc5f3c621e8d217be752435c9d77e9b,1,6,Prada
Prada american cup taille 44,252.7,Prada,44,https://www.vinted.it/items/8193115012-prada-american-cup-taille-44?referrer=catalog,3,8193115012,On Sale,,,https://images1.vinted.net/t/03_01b28_7HdkGzBZPKdA8bgvjuzuEyeJ/310x430/1771280715.webp?s=c18860ce008cee3179330f0a02dfe727d60724b8,1,6,Prada
Prada America’s Cup,399.7,Prada,42,https://www.vinted.it/items/8193096197-prada-americas-cup?referrer=catalog,11,8193096197,On Sale,,,https://images1.vinted.net/t/05_017f7_YkhHR3pBYmotia2WrZDy6UZ1/310x430/1771280402.webp?s=b8a1a70c35809eb5dd59d5c5a14a80a054a336f1,1,6,Prada
mini baume à lèvre Prada,11.2,Prada,0,https://www.vinted.it/items/8193088284-mini-baume-a-levre-prada?referrer=catalog,2,8193088284,On Sale,,,https://images1.vinted.net/t/03_004a1_2jBCDjLUnG1ANVtM5KvbHg6Z/310x430/1771280273.webp?s=54f605de0e3e06aaf77c9790d0a74437d7be0bed,1,6,Prada
Prada heels shoes,473.2,Prada,38.5,https://www.vinted.it/items/8193082703-prada-heels-shoes?referrer=catalog,0,8193082703,On Sale,,,https://images1.vinted.net/t/01_00a6d_cbKJYh5ftK2pWSUN1v2f5y8Q/310x430/1771280187.webp?s=382ed38d7f72a98311615a67c31e457e3f496e41,1,6,Prada
Prada Paradoxe 90 ml neu,51.1,Prada,0,https://www.vinted.it/items/8193072296-prada-paradoxe-90-ml-neu?referrer=catalog,3,8193072296,On Sale,,,https://images1.vinted.net/t/05_003a1_GSF1igVNkW3ZHx1uxKdtvqAu/310x430/1771280026.webp?s=2bb368bb6cd643bf1c3bc0630f374e1c3b8292cf,1,6,Prada
Prada Geldtasche,178.15,Prada,0,https://www.vinted.it/items/8193057804-prada-geldtasche?referrer=catalog,4,8193057804,On Sale,,,https://images1.vinted.net/t/06_0192c_WYxkoYSQeaY1wtV5absjgbRo/310x430/1771279802.webp?s=54014a8f12aa497d17f17595ddf5a90f7d52f553,1,6,Prada
Nuevo - Parada Paradoxe Eau de Parfum para Mujer,52.15,Prada,0,https://www.vinted.it/items/8193054589-nuevo-parada-paradoxe-eau-de-parfum-para-mujer?referrer=catalog,1,8193054589,On Sale,,,https://images1.vinted.net/t/04_01cdb_MRJATXEPqkfnxjCooDYqdXpd/310x430/1771279755.webp?s=d990fac7f1adc9f0c363c6220e463878621e53a8,1,6,Prada
Perfum prada paradoxe intense,47.95,Prada,0,https://www.vinted.it/items/8193052188-perfum-prada-paradoxe-intense?referrer=catalog,5,8193052188,On Sale,,,https://images1.vinted.net/t/04_007ff_XnKehAVJE76UWT18tbpMbHn8/310x430/1771279719.webp?s=715132fdf3d69bb9ad16254db60a9b0c3ba7a3e2,1,6,Prada
cappello blù,284.2,Prada,S,https://www.vinted.it/items/8193050241-cappello-blu?referrer=catalog,1,8193050241,On Sale,,,https://images1.vinted.net/t/06_00555_VbNkRStFyy5him7Xe1kDboKc/310x430/1771279690.webp?s=8b9ad5784cfc20d1ba93cdb2896e10c45b525513,1,6,Prada
Prada  tuta originale 100% in Velluto,388.15,Prada,XS,https://www.vinted.it/items/8193042696-prada-tuta-originale-100-in-velluto?referrer=catalog,1,8193042696,On Sale,,,https://images1.vinted.net/t/06_009ba_7p76QWGLPQjB8QgdGbTZ7XXy/310x430/1771279580.webp?s=55c3b30f84971848782d2a014d6edaef97953bd5,1,6,Prada
Prada Olfactories Parfum Miracle of the Rose Some Velvet Morning,25.9,Prada,0,https://www.vinted.it/items/8193035723-prada-olfactories-parfum-miracle-of-the-rose-some-velvet-morning?referrer=catalog,1,8193035723,On Sale,,,https://images1.vinted.net/t/06_00025_DKZgJqe9fD2QfQayqZdAXCf1/310x430/1771279483.webp?s=e30fa6ba0b1d271358ec7a69e5e64d63673e3000,1,6,Prada
Prada Bucket Hat // Fischerhut wattiert Prada Original Größe L,294.7,Prada,L,https://www.vinted.it/items/8193031625-prada-bucket-hat-fischerhut-wattiert-prada-original-grosse-l?referrer=catalog,1,8193031625,On Sale,,,https://images1.vinted.net/t/06_00f74_fbANMdgzgRmYrUZoqcYMYEvW/310x430/1771279425.webp?s=725e681d2bb0724b5a8c9405f6e98ea10fc8f0da,1,6,Prada
Ciondolo Prada borsetta in metallo dorato vintage fatto a mano,252.7,Prada,0,https://www.vinted.it/items/8193024285-ciondolo-prada-borsetta-in-metallo-dorato-vintage-fatto-a-mano?referrer=catalog,5,8193024285,On Sale,,,https://images1.vinted.net/t/05_024fe_3ZR8PzWFGh17Xh3Q2cegVeea/310x430/1771279321.webp?s=f5835f7392f5043ed47dc86537889f0cca5978f9,1,6,Prada
Profumo Paradoxe Prada Noir,95.2,Prada,0,https://www.vinted.it/items/8192981052-profumo-paradoxe-prada-noir?referrer=catalog,0,8192981052,On Sale,,,https://images1.vinted.net/t/06_015d1_m3Pag6rsUazKVa23SXpbsJHa/310x430/1771278742.webp?s=ee4741d44f9e9fe058d5172d79d396121bc1afbe,1,6,Prada
Custodia Prada Luna Rossa,13.3,Prada,0,https://www.vinted.it/items/8193015588-custodia-prada-luna-rossa?referrer=catalog,0,8193015588,On Sale,,,https://images1.vinted.net/t/06_023e1_hFB1YSEXjRDuxppqyN5SBNTk/310x430/1771279200.webp?s=d78b143a10f4f5c6da5e498dd0f8d21fba0594dc,1,6,Prada
Bolso aghatha Ruiz de la prada,51.1,Agatha Ruiz de la Prada,0,https://www.vinted.it/items/8193004430-bolso-aghatha-ruiz-de-la-prada?referrer=catalog,23,8193004430,On Sale,,,https://images1.vinted.net/t/06_0117b_bAH5AKwYkwSMpywgap5SvrYn/310x430/1771279046.webp?s=7e332ab4e244d86c96ded25022c3b16a3146e555,1,6,Prada
Portacarte Prada,189.7,Prada,0,https://www.vinted.it/items/8192999930-portacarte-prada?referrer=catalog,2,8192999930,On Sale,,,https://images1.vinted.net/t/05_00a34_NLcuyz3yDz3uEaz52SHyoTxt/310x430/1771278987.webp?s=8ef2b74d91e829860d87da698afa05ad99af0ddf,1,6,Prada
Prada luna rosa ocean EDT 100ml,95.2,Prada,0,https://www.vinted.it/items/8192979947-prada-luna-rosa-ocean-edt-100ml?referrer=catalog,0,8192979947,On Sale,,,https://images1.vinted.net/t/05_014a1_tct2BpAuvGKWx6HT1eSHNDLB/310x430/1771278729.webp?s=bb7423366d5ab9aafb09d6566395de208ab11448,1,6,Prada
Portafoglio Prada,473.2,Prada,0,https://www.vinted.it/items/8192957361-portafoglio-prada?referrer=catalog,3,8192957361,On Sale,,,https://images1.vinted.net/t/06_022de_RV5eBJSugkpMkbNXDgPsLcPE/310x430/1771278442.webp?s=6f341fe5f82ea4b7c50b7db97ffbd3b4bc98060e,1,6,Prada
Prada,95.2,Prada,0,https://www.vinted.it/items/8192942982-prada?referrer=catalog,0,8192942982,On Sale,,,https://images1.vinted.net/t/06_00324_uYPVaXPhfkbnuaJ9xRD5rdfQ/310x430/1771278266.webp?s=2adc2df99cd8a14bb32fe03af23f0b6d90d78948,1,6,Prada
prada re nylon mini bag pouch,189.7,Prada,0,https://www.vinted.it/items/8192935933-prada-re-nylon-mini-bag-pouch?referrer=catalog,21,8192935933,On Sale,,,https://images1.vinted.net/t/06_01761_RJUcuXGDrXaPzCNDFkt7dVqZ/310x430/1771278180.webp?s=774e304b4ecf7ca4eae147a566a7b79569cc44c0,1,6,Prada
PRADA Full Blue Sunglasses,500.49,Prada,0,https://www.vinted.it/items/8192933503-prada-full-blue-sunglasses?referrer=catalog,0,8192933503,On Sale,,,https://images1.vinted.net/t/01_00f70_K3FvCYLkKxu97GfswGNWHot8/310x430/1771278150.webp?s=194da2b370ba3cba25d3181433d23326bb322fbe,1,6,Prada
Prada Monolith,630.7,Prada,36,https://www.vinted.it/items/8192912767-prada-monolith?referrer=catalog,20,8192912767,On Sale,,,https://images1.vinted.net/t/01_01bc7_E1cZArGD6i6tvRMxskdtyDDh/310x430/1771277903.webp?s=dd8b9726cfa22d6ef986740559df551657785325,1,6,Prada
Parfum Prada paradoxe virtual flower 90mL,53.2,Prada,0,https://www.vinted.it/items/8192883403-parfum-prada-paradoxe-virtual-flower-90ml?referrer=catalog,8,8192883403,On Sale,,,https://images1.vinted.net/t/06_0211b_583gERtrWaSbdd39EbMSwqi5/310x430/1771277566.webp?s=c3af1f1aed619ddeeecd114af38b44153efdad0f,1,6,Prada
Perfume Prada Paradoxe eau de perfume 90ml,53.19,Prada,0,https://www.vinted.it/items/8192842091-perfume-prada-paradoxe-eau-de-perfume-90ml?referrer=catalog,1,8192842091,On Sale,,,https://images1.vinted.net/t/06_00955_ma8ZLvQKfyWXfvsxYEJAkirJ/310x430/1771277123.webp?s=221ef8837d57182ff78bf09c5b4f20c3f7b4c6fb,1,6,Prada
Portefeuille Prada,210.7,Prada,0,https://www.vinted.it/items/8192877855-portefeuille-prada?referrer=catalog,2,8192877855,On Sale,,,https://images1.vinted.net/t/04_0012f_A4zjhwu3Wb6X4BEsCLLmnwCN/310x430/1771277507.webp?s=8145d9a7612eb50beee8f2b147aa4f4fdb479034,1,6,Prada
Parfum miniature Prada paradoxe,13.3,Prada,0,https://www.vinted.it/items/8192056392-parfum-miniature-prada-paradoxe?referrer=catalog,7,8192056392,On Sale,,,https://images1.vinted.net/t/05_01519_x6s2n7QJ25oU6aJXQW9GuYcM/310x430/1771270629.webp?s=dc4ea3da949b1a1dd8e3bbbdd3679e47475d3402,1,7,Prada
Prada America's Cup,210.7,Prada,43,https://www.vinted.it/items/8190929892-prada-americas-cup?referrer=catalog,21,8190929892,On Sale,,,https://images1.vinted.net/t/06_002df_fSo7r55jpWdzinKLH8nYxkVB/310x430/1771262948.webp?s=eeeeb93fc3ec82d9bc0d771ad8e8d054e6bfbabf,1,7,Prada
Prada Paradoxe mini talla,13.3,Prada,0,https://www.vinted.it/items/8188677625-prada-paradoxe-mini-talla?referrer=catalog,7,8188677625,On Sale,,,https://images1.vinted.net/t/03_010a2_9iW3v5k1KtsqSD1eVnPTeHJj/310x430/1771249948.webp?s=769fc6c6b6a3cb1443afddb697b098ab34241c2f,1,7,Prada
Paradoxe prada 7ml,16.45,Prada,0,https://www.vinted.it/items/8191212055-paradoxe-prada-7ml?referrer=catalog,3,8191212055,On Sale,,,https://images1.vinted.net/t/06_01d6b_KYoDXU1fhKjNS2Yry4LUF7pY/310x430/1771264738.webp?s=ae5dcb3afa66febbab7cb9b3c0b210aea6d204db,1,7,Prada
Décolleté in pitone Prada,188.65,Prada,40,https://www.vinted.it/items/8192488784-decollete-in-pitone-prada?referrer=catalog,14,8192488784,On Sale,,,https://images1.vinted.net/t/05_01e6f_FbLfgASBJvHqaG8HSFKkQGek/310x430/1771273921.webp?s=c2234404f705d50516f150a316ea2c017da6eb1a,1,7,Prada
Prada 200ml body cream,42.7,Prada,0,https://www.vinted.it/items/8192676024-prada-200ml-body-cream?referrer=catalog,0,8192676024,On Sale,,,https://images1.vinted.net/t/06_01dd9_mMPSMefeWKphV1KW6dXuDPxC/310x430/1771275520.webp?s=20d9999d28935665d427ab689f462bd71eba7322,1,7,Prada
Prada infusión de cedre,72.1,Prada,0,https://www.vinted.it/items/8190852512-prada-infusion-de-cedre?referrer=catalog,3,8190852512,On Sale,,,https://images1.vinted.net/t/06_00d86_tRnMNzKKs2hVfMnHNMvwxZ96/310x430/1771262469.webp?s=acd4a1536ce1e9cbdb4141ea2eea8fc3acb6bd16,1,7,Prada
Prada scatola media,26.95,Prada,0,https://www.vinted.it/items/8192598069-prada-scatola-media?referrer=catalog,0,8192598069,On Sale,,,https://images1.vinted.net/t/06_026be_5z7ctd33SgNrUMm7oPeWkgPr/310x430/1771274837.webp?s=f1b8d9ef732674404216eb39efc9c2dbeb0c7fbc,1,7,Prada
Pantalone prada in lana gambia larga,84.7,Prada,XXS / IT 36 / EU 32,https://www.vinted.it/items/8192871187-pantalone-prada-in-lana-gambia-larga?referrer=catalog,1,8192871187,On Sale,,,https://images1.vinted.net/t/01_011e8_YzfRSCuW6iztDw4W5EWHj9UE/310x430/1771277434.webp?s=64feb9f9f16be3be181afa17008d0c64752431df,1,7,Prada
Prada Odette leather,1.0507,Prada,0,https://www.vinted.it/items/8192726998-prada-odette-leather?referrer=catalog,10,8192726998,On Sale,,,https://images1.vinted.net/t/01_020c6_UM2m2eUsSGVZWA5Pi7o8kVYo/310x430/1771275988.webp?s=7fc11dc73c4fb35895672225340f9d7e2cdb9c61,1,7,Prada
Borsa Prada,578.2,Prada,0,https://www.vinted.it/items/8191221703-borsa-prada?referrer=catalog,51,8191221703,On Sale,,,https://images1.vinted.net/t/06_00728_G6jmH5CFQwUaRaB3bWUFXa2h/310x430/1771264802.webp?s=5198baafe155655da0d33cdd7103d6b22ca6f9e5,1,7,Prada
Prada Virtual flower Miniatur,16.45,Prada,0,https://www.vinted.it/items/8192147896-prada-virtual-flower-miniatur?referrer=catalog,4,8192147896,On Sale,,,https://images1.vinted.net/t/05_00bec_oh4RU6XkP5tJ7ZGsp1gFcgJ5/310x430/1771271305.webp?s=51a11b81a1a594952919afbf656453eb021fc603,1,7,Prada
Decorazioni pendenti PRADA,16.45,Prada,0,https://www.vinted.it/items/8192265057-decorazioni-pendenti-prada?referrer=catalog,0,8192265057,On Sale,,,https://images1.vinted.net/t/05_0252e_VoorqABN7S8rvCS6mUexs85w/310x430/1771272179.webp?s=cb9c025f86589e10fa0bb9d35430a151d3a0748a,1,7,Prada
Cardigan Prada in lana,158.2,Prada,M,https://www.vinted.it/items/8161314285-cardigan-prada-in-lana?referrer=catalog,4,8161314285,On Sale,,,https://images1.vinted.net/t/01_01c62_tbdwQxybNixL8rEWMSh7T2dY/310x430/1770923629.webp?s=dd0c2aa6b070a882dfada60ff438e898270f5d27,1,7,Prada
Prada Cup,131.95,Prada,46,https://www.vinted.it/items/8187124203-prada-cup?referrer=catalog,16,8187124203,On Sale,,,https://images1.vinted.net/t/05_01e2b_3KWEZZUmQS76xRhwQAzno2if/310x430/1771239864.webp?s=39554174554058c9057792a58a3896dc89bd882d,1,7,Prada
Pantalone uomo,41.65,Prada,M,https://www.vinted.it/items/8191077514-pantalone-uomo?referrer=catalog,4,8191077514,On Sale,,,https://images1.vinted.net/t/05_020e3_CV8n1uMu1Ej4xP2vtpcfPCQW/310x430/1771263875.webp?s=240923a13948b778b4ac76cc19480c15c0b514aa,1,7,Prada
Occhiali da sole Prada PR 23YS 2AU06B,168.7,Prada,0,https://www.vinted.it/items/8192435730-occhiali-da-sole-prada-pr-23ys-2au06b?referrer=catalog,3,8192435730,On Sale,,,https://images1.vinted.net/t/06_00c1a_qa8RqST576jP5eozKsYFvLfA/310x430/1771273496.webp?s=b79f7eaa3cb65a0cf4cbeb80078c888d5aff2d7f,1,7,Prada
Magnifique paradigme,16.45,Prada,0,https://www.vinted.it/items/8192735481-magnifique-paradigme?referrer=catalog,2,8192735481,On Sale,,,https://images1.vinted.net/t/06_020b8_wN5725Pt9CN5eSmewxsP3PGU/310x430/1771276066.webp?s=c24d15e9f875a861b755da7056711746c070147c,1,7,Prada
Derby stringata Prada,314.65,Prada,39.5,https://www.vinted.it/items/8192508423-derby-stringata-prada?referrer=catalog,0,8192508423,On Sale,,,https://images1.vinted.net/t/06_0190f_ZoHwozNTERr25ojMNDBzHFDn/310x430/1771274085.webp?s=5d279d8ad578286819785fbf9cfa88861abdaf85,1,7,Prada
Busta Prada,5.95,Prada,0,https://www.vinted.it/items/8190689577-busta-prada?referrer=catalog,0,8190689577,On Sale,,,https://images1.vinted.net/t/05_0060b_hR1YKGTcuMcVcsXkeUqU8soB/310x430/1771261485.webp?s=5f8320e897d198bac17df810b2bb056fc439e7ef,1,7,Prada
Specchietto da borsetta con custodia Prada,26.95,Prada,0,https://www.vinted.it/items/8192302196-specchietto-da-borsetta-con-custodia-prada?referrer=catalog,0,8192302196,On Sale,,,https://images1.vinted.net/t/05_00001_arJ1xHNjxNDJKUhN5webL6XB/310x430/1771272463.webp?s=4169341de34dee717d33ec1a9ea5408584c35c40,1,7,Prada
Contenitore Prada,47.95,Prada,0,https://www.vinted.it/items/8191179428-contenitore-prada?referrer=catalog,0,8191179428,On Sale,,,https://images1.vinted.net/t/06_01e20_KAaqc12czrmdr73ySJthvGTt/310x430/1771264530.webp?s=3bc5d95e13c3bd0ac8d0adf1591c10151764c574,1,7,Prada
Occhiali da sole,158.2,Prada,0,https://www.vinted.it/items/8192843438-occhiali-da-sole?referrer=catalog,0,8192843438,On Sale,,,https://images1.vinted.net/t/06_019f0_cVrgykyCssoQ9umMxpQR2fGj/310x430/1771277138.webp?s=b0df0969174f157a80a28263e6bc311858e2bd0c,1,7,Prada
Margherita in Latta PRADA mfw 23 Daisy,47.95,Prada,0,https://www.vinted.it/items/8191741928-margherita-in-latta-prada-mfw-23-daisy?referrer=catalog,14,8191741928,On Sale,,,https://images1.vinted.net/t/05_026d3_htTsDpoA8rcrqCN6VRaPeefQ/310x430/1771268353.webp?s=d571b7b19cb51b2780b53b8d740d6ea4c7375785,1,7,Prada
Scatola Prada nuova,5.95,Prada,0,https://www.vinted.it/items/8186956034-scatola-prada-nuova?referrer=catalog,1,8186956034,On Sale,,,https://images1.vinted.net/t/05_01583_dAhUYD3iRB9dZnTSn8wWkNdR/310x430/1771238715.webp?s=1ca94db65ebece1ed0fbf84b428219d07a01cd9d,1,7,Prada
Prada paradoxe,55.3,Prada,0,https://www.vinted.it/items/8191436294-prada-paradoxe?referrer=catalog,3,8191436294,On Sale,,,https://images1.vinted.net/t/05_0009f_roKKXtVcQ1KArFD7vV4KQzVe/310x430/1771266223.webp?s=4298cf04d478293fbe64f01edb1ebdd6a074ceb2,1,7,Prada
Ballerine Prada,945.7,Prada,37.5,https://www.vinted.it/items/8192844011-ballerine-prada?referrer=catalog,3,8192844011,On Sale,,,https://images1.vinted.net/t/01_01504_dHDrhmnZFQrNxGNNEiQPSm6q/310x430/1771277144.webp?s=16d3da8c4aabe04ca0ec0d31c73b40fb9321b43f,1,7,Prada
Parfum Prada Carbon,42.7,Prada,0,https://www.vinted.it/items/8190905394-parfum-prada-carbon?referrer=catalog,2,8190905394,On Sale,,,https://images1.vinted.net/t/05_017e0_2NiScoWo1qPzkCRfuGDimq8k/310x430/1771262794.webp?s=3a4c139b980a694b8b6105e2a913d47ea8c517ed,1,7,Prada
Maglione Prada Lana Tg:L Dolcevita Beige,293.65,Prada,L,https://www.vinted.it/items/8192091671-maglione-prada-lana-tgl-dolcevita-beige?referrer=catalog,6,8192091671,On Sale,,,https://images1.vinted.net/t/06_00b70_nCdTjUkwafD6PGNvgtFCnSy3/310x430/1771270889.webp?s=31b14d04b7cee477d9765b3c06280e9cb0296299,1,7,Prada
Prada Men’s Shoe Box – Original Packaging – Excellent Condition,10.15,Prada,0,https://www.vinted.it/items/8192406127-prada-mens-shoe-box-original-packaging-excellent-condition?referrer=catalog,1,8192406127,On Sale,,,https://images1.vinted.net/t/04_00581_tUfYJNKXXT8SdgqbqconoqbW/310x430/1771273263.webp?s=ceec909525369095fa9e80b581e16482c7f0accc,1,7,Prada
Portabadge Porta Carte di Credito Prada in pelle Saffiano – Originale – Condizioni pari al nuovo,158.2,Prada,0,https://www.vinted.it/items/8192570953-portabadge-porta-carte-di-credito-prada-in-pelle-saffiano-originale-condizioni-pari-al-nuovo?referrer=catalog,4,8192570953,On Sale,,,https://images1.vinted.net/t/04_01f66_Ydt9oFjkrnnaLEucdCzrGfDc/310x430/1771274606.webp?s=670d551c446dfa0c1b2624b24a4063650a1c5837,1,7,Prada
Prada infusion de rose eau de parfum 100l,79.45,Prada,0,https://www.vinted.it/items/8187696348-prada-infusion-de-rose-eau-de-parfum-100l?referrer=catalog,4,8187696348,On Sale,,,https://images1.vinted.net/t/01_0059a_xrwLhXC8cKnDZvnqwNxQj5gU/310x430/1771243771.webp?s=711de453a3a591d2f63e08ddded18a1c341ac04a,1,7,Prada
Vendo Scarpe PRADA nere in vernice,53.2,Prada,38.5,https://www.vinted.it/items/8191457129-vendo-scarpe-prada-nere-in-vernice?referrer=catalog,1,8191457129,On Sale,,,https://images1.vinted.net/t/05_01026_JRrCp5NorDmRXGdxd2DvkHCs/310x430/1771266364.webp?s=273bea67cf9e56ea8270ac7a3a3976c81705b5c3,1,7,Prada
Prada Paradoxe,47.95,Prada,0,https://www.vinted.it/items/8192376600-prada-paradoxe?referrer=catalog,1,8192376600,On Sale,,,https://images1.vinted.net/t/06_000ea_3rfmJWeZuHT8cZjqDG8e8DoD/310x430/1771273034.webp?s=7177480ad3bbad48e48e820a5fca98b6f0949913,1,7,Prada
Prada Paradox intense 50ml,74.2,Prada,0,https://www.vinted.it/items/8192869476-prada-paradox-intense-50ml?referrer=catalog,0,8192869476,On Sale,,,https://images1.vinted.net/t/06_00187_KjGHzCVHyxEGoNfZwJDnQbY2/310x430/1771277415.webp?s=2b931faf8288eb5f72d0efc37be95895c5997530,1,7,Prada
Occhiali da sole unisex Prada,263.2,Prada,0,https://www.vinted.it/items/8192413185-occhiali-da-sole-unisex-prada?referrer=catalog,0,8192413185,On Sale,,,https://images1.vinted.net/t/05_025b4_ZcJNv6fUq2JKFDiP51Qxzxbg/310x430/1771273319.webp?s=a94d3a8413807da0fcc86f484687626df47bad42,1,7,Prada
Occhiali da sole Prada,263.2,Prada,0,https://www.vinted.it/items/8192429546-occhiali-da-sole-prada?referrer=catalog,1,8192429546,On Sale,,,https://images1.vinted.net/t/05_00b9c_4ZizTwgwLwPgzrtKe9Z52HEZ/310x430/1771273447.webp?s=ffc3ded7bc4567049d8a7f935a02beb90b64498a,1,7,Prada
Profumo Prada,47.95,Prada,0,https://www.vinted.it/items/8191324616-profumo-prada?referrer=catalog,0,8191324616,On Sale,,,https://images1.vinted.net/t/05_021ef_v2GjGq7uo5HVn34NGCAYZAMj/310x430/1771265478.webp?s=5480197cc40fd038ed1dd40bd81aef1e3d9c3603,1,7,Prada
Prada scarpe,230.65,Prada,41,https://www.vinted.it/items/8191518238-prada-scarpe?referrer=catalog,3,8191518238,On Sale,,,https://images1.vinted.net/t/06_020bd_5CVmcFqvuDDN5JxeWj8F1Svf/310x430/1771266783.webp?s=99cb7f39f416ba77083ac348e44d8e146d392115,1,7,Prada
Sacchetto Prada,5.95,Prada,0,https://www.vinted.it/items/8190671780-sacchetto-prada?referrer=catalog,0,8190671780,On Sale,,,https://images1.vinted.net/t/05_00169_YaHaKetsSaPpL9Q2ttDaMwMi/310x430/1771261379.webp?s=7edc2e3a99bef81d23eb5ccef0819093b9db36e2,1,7,Prada
Occhiali da sole Prada,179.2,Prada,0,https://www.vinted.it/items/8192249116-occhiali-da-sole-prada?referrer=catalog,0,8192249116,On Sale,,,https://images1.vinted.net/t/06_0076b_MwrKr3aEvKLwW2aVgurs4NFE/310x430/1771272057.webp?s=f5c1418493995105fdd156afec6935c8043f6f9c,1,7,Prada
Bomber smanicato Prada,242.2,Prada,M / IT 42 / EU 38,https://www.vinted.it/items/8191856923-bomber-smanicato-prada?referrer=catalog,4,8191856923,On Sale,,,https://images1.vinted.net/t/06_006d5_itS2f1atKkLWJeuyufsWzwxh/310x430/1771269183.webp?s=daeb3583c01548ca90ccf290d88e5841dfab4069,1,7,Prada
Prada cups zwart,105.7,Prada,42,https://www.vinted.it/items/8191215301-prada-cups-zwart?referrer=catalog,7,8191215301,On Sale,,,https://images1.vinted.net/t/06_008aa_YjxwG76xXYiHDZZPQ8tk6iSw/310x430/1771264760.webp?s=c998406110023276f630a4affee11600c7be41ab,1,7,Prada
T-shirt Prada,26.95,Prada,S / IT 40 / EU 36,https://www.vinted.it/items/8189427685-t-shirt-prada?referrer=catalog,5,8189427685,On Sale,,,https://images1.vinted.net/t/06_005db_wjKn5vReX5bzTyjQBaA69CQ6/310x430/1771254281.webp?s=bf7918120f2ef6eec74ace593efe65ee8f6a54a6,1,7,Prada
Bolso prada,11.2,Local,0,https://www.vinted.it/items/8190444103-bolso-prada?referrer=catalog,3,8190444103,On Sale,,,https://images1.vinted.net/t/01_01629_9uP3BW1UguypqzYGZei5sb32/310x430/1771260046.webp?s=cabcf9465f38113b56018c5482783c37205b927d,1,7,Prada
Miniature eau de Parfum  7ml Prada infusion d'iris,15.4,Prada,0,https://www.vinted.it/items/8166176308-miniature-eau-de-parfum-7ml-prada-infusion-diris?referrer=catalog,9,8166176308,On Sale,,,https://images1.vinted.net/t/06_020f8_FtiTGuY8J1sswaGF9X4n7yDW/310x430/1770996303.webp?s=3d6ec803d3b2b764db8032091edf70ffa0fdbd32,1,7,Prada
Mocassini con tacco alto Prada,100.45,Prada,37,https://www.vinted.it/items/8189757349-mocassini-con-tacco-alto-prada?referrer=catalog,27,8189757349,On Sale,,,https://images1.vinted.net/t/06_02090_eERKeLcjaDo5JZt4zxoU43GK/310x430/1771256139.webp?s=df35ccd2d2decfecd03bf07c225aa575c45f1af1,1,7,Prada
Prada Cups,116.2,Prada,42,https://www.vinted.it/items/8191964446-prada-cups?referrer=catalog,6,8191964446,On Sale,,,https://images1.vinted.net/t/06_00711_c4S1qGPbFQ8KZ5xspnMEskiC/310x430/1771269955.webp?s=804135389a32e54ac64e6d058c822384c29d1fce,1,7,Prada
Profumo Prada,58.45,Prada,0,https://www.vinted.it/items/8190630284-profumo-prada?referrer=catalog,0,8190630284,On Sale,,,https://images1.vinted.net/t/01_009cf_STUNa6K9fh64jPU916teNocq/310x430/1771261131.webp?s=bfeca2e9b6dbec105a7c1e963703b89c47e6e04b,1,7,Prada
Scarpe Prada 38,152.95,Prada,38,https://www.vinted.it/items/8191543817-scarpe-prada-38?referrer=catalog,1,8191543817,On Sale,,,https://images1.vinted.net/t/01_00912_pScJAPVtrv1X6JaZW1j9skcG/310x430/1771266959.webp?s=70ea172c69feca21bba55152f5862ac16bb45cf3,1,7,Prada
Prada infusión de vanille,58.45,Prada,0,https://www.vinted.it/items/8191184646-prada-infusion-de-vanille?referrer=catalog,2,8191184646,On Sale,,,https://images1.vinted.net/t/05_013d1_jzD2H4LL3DdbcbdwCkM9QeUx/310x430/1771264564.webp?s=b915e1c7494b44ce8b3e9a25918ccf2d6b3ffdaa,1,7,Prada
Chaussure prada,95.2,Prada,42,https://www.vinted.it/items/8192437902-chaussure-prada?referrer=catalog,4,8192437902,On Sale,,,https://images1.vinted.net/t/01_019b6_aRvbw7UwwNQR5TBtc5FoSEzg/310x430/1771273513.webp?s=f5797a4a1f3b212f3ecc8ffeee4784010713c153,1,7,Prada
Boîte Prada,11.2,Prada,0,https://www.vinted.it/items/8190171244-boite-prada?referrer=catalog,3,8190171244,On Sale,,,https://images1.vinted.net/t/06_01225_21wjxsmVs9j7TewYmgLC4qpE/310x430/1771258474.webp?s=f24f80db20e81bf6b73eff6258fca66549a20aea,1,7,Prada
Prada Cup bleu marine,116.2,Prada,43,https://www.vinted.it/items/8189178216-prada-cup-bleu-marine?referrer=catalog,32,8189178216,On Sale,,,https://images1.vinted.net/t/01_0068c_A7Ygz3mTiFGqEJCYuQoTurDi/310x430/1771253215.webp?s=b266daa393f92289f264ab847147c2c65d7611cd,1,7,Prada
Prada Belt,95.2,Prada,80 cm,https://www.vinted.it/items/8191490032-prada-belt?referrer=catalog,4,8191490032,On Sale,,,https://images1.vinted.net/t/06_009a8_MT2i1g9staDC8tSaxDNkgvQT/310x430/1771266588.webp?s=c12213c11509f245db1158e4284a7e623866f883,1,7,Prada
PRADA Vitello Rodeo 2WA003 moto,315.7,Prada,42,https://www.vinted.it/items/8191104372-prada-vitello-rodeo-2wa003-moto?referrer=catalog,8,8191104372,On Sale,,,https://images1.vinted.net/t/06_02654_SMBbj6JhSeLdxf2gZv3Vbzvq/310x430/1771264047.webp?s=30568a5b1ed7d391c3681eebe946694112621e4e,1,7,Prada
Prada paradoxe,68.95,Prada,0,https://www.vinted.it/items/8189667386-prada-paradoxe?referrer=catalog,0,8189667386,On Sale,,,https://images1.vinted.net/t/06_01e0f_kZtpmZnjwcDQcYeG9B3HCV9E/310x430/1771255633.webp?s=c9c7c674ad80fe9493483b443ac70b24e8d176c7,1,7,Prada
Prada ocean luna rossa,45.85,Prada,0,https://www.vinted.it/items/8192386219-prada-ocean-luna-rossa?referrer=catalog,0,8192386219,On Sale,,,https://images1.vinted.net/t/06_01be1_MURmRikvKugNw3R2vZ8rCRqY/310x430/1771273108.webp?s=f3e5df5d155b60bba82ff443ec53aca8d1717751,1,7,Prada
Lunette Prada neuf,105.7,Prada,0,https://www.vinted.it/items/8192760753-lunette-prada-neuf?referrer=catalog,0,8192760753,On Sale,,,https://images1.vinted.net/t/06_020c1_hodLKZai2Mppx1ajkhsJ8XeH/310x430/1771276305.webp?s=37127c115944bfb6bd4a2285c724179cb9b7dc1e,1,7,Prada
Stivali pelle vernice nera Prada linea rossa,452.2,Prada,39,https://www.vinted.it/items/8191818139-stivali-pelle-vernice-nera-prada-linea-rossa?referrer=catalog,3,8191818139,On Sale,,,https://images1.vinted.net/t/05_01a6d_9iFkAgEXWwUgdeDtYspMCjBW/310x430/1771268902.webp?s=cdc0dac6fd2ec424b7f3717b4d2af9fedac3319f,1,7,Prada
Borsa Prada,3.0982,Prada,0,https://www.vinted.it/items/8191952248-borsa-prada?referrer=catalog,2,8191952248,On Sale,,,https://images1.vinted.net/t/05_01705_QLN3RJuWbZJS8vxKxG1kDQ9i/310x430/1771269868.webp?s=3d59e64d0dbcdae20829380c61cf63217ece366c,1,7,Prada
Prada Paradoxe Intense - Eau de Parfum 💎,1.75,Prada,0,https://www.vinted.it/items/8177957425-prada-paradoxe-intense-eau-de-parfum?referrer=catalog,1,8177957425,On Sale,,,https://images1.vinted.net/t/06_00459_jCu1Br1KRX4xFqnnBG7MqnS9/310x430/1771153494.webp?s=57f09acfe159a9539837b6ba0dd666bfdbaab528,1,7,Prada
Lunette Prada Neuf,105.7,Prada,0,https://www.vinted.it/items/8192752145-lunette-prada-neuf?referrer=catalog,0,8192752145,On Sale,,,https://images1.vinted.net/t/06_000d9_WpYRhLGs6AW46Z4dBQ6MzTtM/310x430/1771276223.webp?s=29ba89c66ebaf3fd9572f22658c87ee8ce2c38da,1,7,Prada
Lunette Prada neuf,105.7,Prada,0,https://www.vinted.it/items/8192744129-lunette-prada-neuf?referrer=catalog,1,8192744129,On Sale,,,https://images1.vinted.net/t/01_01d84_DmJy75xESbWZKJpaBL67pGfN/310x430/1771276147.webp?s=1c3541289401cb7a0e5bd6761b007ce9f88216ca,1,7,Prada
Portafoglio Prada,210.7,Prada,0,https://www.vinted.it/items/8190638389-portafoglio-prada?referrer=catalog,4,8190638389,On Sale,,,https://images1.vinted.net/t/05_00710_fdj4ZHxiHPQvDCNvJkZc9WuZ/310x430/1771261180.webp?s=7b92e9b3c0cd23ac3be0905db98f6676baa643d5,1,7,Prada
Borsa Prada,2.8882,Prada,0,https://www.vinted.it/items/8191566614-borsa-prada?referrer=catalog,22,8191566614,On Sale,,,https://images1.vinted.net/t/01_01370_jLXXu7ccLVUB7q7MAuPVxVf6/310x430/1771267116.webp?s=ac003015e7fb2f33dc3d2c63c06a75857aae83c2,1,7,Prada
Prada cup,126.7,Prada,43,https://www.vinted.it/items/8192268742-prada-cup?referrer=catalog,4,8192268742,On Sale,,,https://images1.vinted.net/t/06_01955_7L1HXpKhPvw7NN6bAPD7nskS/310x430/1771272207.webp?s=a0f6850a892c1fa868432cdffe4659b2205fba93,1,7,Prada
NEU Prada Ballerina + Rechnung + Garantie,524.65,Prada,37.5,https://www.vinted.it/items/8192801291-neu-prada-ballerina-rechnung-garantie?referrer=catalog,4,8192801291,On Sale,,,https://images1.vinted.net/t/06_004ef_WtkNwMT6xn7Vg9uzz8CDamdz/310x430/1771276702.webp?s=0a0529dea1d3511f54db765592fe897842ab6798,1,8,Prada
Chaussure homme,473.2,Prada,44,https://www.vinted.it/items/8192760063-chaussure-homme?referrer=catalog,2,8192760063,On Sale,,,https://images1.vinted.net/t/04_002c2_xWJ24wAKLh2HU1kp5ynB1jaS/310x430/1771276298.webp?s=26bb3898c8a14605038f29bb398410e37a224eb8,1,8,Prada
Portacarte Prada,315.7,Prada,0,https://www.vinted.it/items/8191427113-portacarte-prada?referrer=catalog,2,8191427113,On Sale,,,https://images1.vinted.net/t/04_00bd4_iLA5R3KPv6WwgaeJULXytmyx/310x430/1771266161.webp?s=456737cef8e19c1c28a7fcebb0a9b45e6deabec1,1,8,Prada
Prada Oval 26ZS,199.15,Prada,0,https://www.vinted.it/items/8189709223-prada-oval-26zs?referrer=catalog,13,8189709223,On Sale,,,https://images1.vinted.net/t/03_0093b_mn1kJ9ZTqEnZ2xkm4YxGXBk2/310x430/1771255869.webp?s=0db24fbd24bb44f79beeefbebbe7bf9b901b9939,1,8,Prada
Camicetta in seta Prada😍,131.94,Prada,M / IT 42 / EU 38,https://www.vinted.it/items/8190340808-camicetta-in-seta-prada?referrer=catalog,9,8190340808,On Sale,,,https://images1.vinted.net/t/01_0244d_9jWc6ZAyj3eusr8vXwbWgc2i/310x430/1771259492.webp?s=261cc204f4cfa2bc91eee51effa2ed102960bc81,1,8,Prada
Parfum EdP Prada Infusion d'Iris 100 ml Flakon,82.36,Prada,0,https://www.vinted.it/items/8188717634-parfum-edp-prada-infusion-diris-100-ml-flakon?referrer=catalog,5,8188717634,On Sale,,,https://images1.vinted.net/t/05_0149f_3sT3v3oi24XbmdehoPe9RNQC/310x430/1771250186.webp?s=4302836e100915cb74b4e24f614f45a1a23b2dc0,1,8,Prada
prada infusion d'ylang,60.55,Prada,0,https://www.vinted.it/items/8190962802-prada-infusion-dylang?referrer=catalog,1,8190962802,On Sale,,,https://images1.vinted.net/t/05_0009b_BYqGiEuEvBUxUy2rmhjaooeK/310x430/1771263152.webp?s=198687aeea0227ad5f92fdd9d9738beb29dc8de4,1,8,Prada
Busta in tessuto PRADA,383.95,Prada,0,https://www.vinted.it/items/8189965065-busta-in-tessuto-prada?referrer=catalog,32,8189965065,On Sale,,,https://images1.vinted.net/t/06_00ef5_6VVvwgxCAxEZUbXNv9MqDFhr/310x430/1771257303.webp?s=2549c85219c6ece9491947847df892c21b053136,1,8,Prada
Prada Herren Damen Sonnenbrille SPR17W 12R-30B Transparent Neu,230.65,Prada,0,https://www.vinted.it/items/8192306618-prada-herren-damen-sonnenbrille-spr17w-12r-30b-transparent-neu?referrer=catalog,4,8192306618,On Sale,,,https://images1.vinted.net/t/06_02107_MZcmLEF4KFQAKTV8MQzcqPPB/310x430/1771272496.webp?s=748854de26d85cd14f8edce8dec467674bdaceab,1,8,Prada
Prada Paradoxe,84.7,Prada,0,https://www.vinted.it/items/8187504149-prada-paradoxe?referrer=catalog,0,8187504149,On Sale,,,https://images1.vinted.net/t/06_01af2_r2XjYKMDVXBYsjtYKUa9upTZ/310x430/1771242472.webp?s=71b557d2ee07f9bf70aa615174883dd7cca73199,1,8,Prada
Miniature prada Paradigisme Vert homme 7ml,11.2,Prada,0,https://www.vinted.it/items/8187784727-miniature-prada-paradigisme-vert-homme-7ml?referrer=catalog,8,8187784727,On Sale,,,https://images1.vinted.net/t/04_02295_TBBYfCJaANmgURDWT1TdCDPg/310x430/1771244363.webp?s=383fec8f2531c86c48b695becc391183c5bce52c,1,8,Prada
Giacca Prada,399.7,Prada,S,https://www.vinted.it/items/8189540708-giacca-prada?referrer=catalog,27,8189540708,On Sale,,,https://images1.vinted.net/t/05_026f1_V9YWo5SX772RxSx3jDvTs8cZ/310x430/1771254921.webp?s=19dd6f1c77ec314ab82765c3256c068e19802aff,1,8,Prada
Sneakers Prada,525.7,Prada,38.5,https://www.vinted.it/items/8191074453-sneakers-prada?referrer=catalog,1,8191074453,On Sale,,,https://images1.vinted.net/t/05_006b1_L5yqpWwp46xG3GX5EU2W5aJM/310x430/1771263855.webp?s=03b18e47bcc734a8a0e9496c41f82b64a4c6821e,1,8,Prada
Prada Paradoxe Radical Essence  Refill EDP 100ml,89.95,Prada,0,https://www.vinted.it/items/8192419736-prada-paradoxe-radical-essence-refill-edp-100ml?referrer=catalog,0,8192419736,On Sale,,,https://images1.vinted.net/t/05_01ae7_GJV7P7DuTiHKAcPFoiouW4oQ/310x430/1771273371.webp?s=8cd5655d43f11ff62edab29a7b0ef3bc53fe3630,1,8,Prada
Gonna prada sport anni 2000 condizioni eccellenti,94.15,Prada,L / IT 44 / EU 40,https://www.vinted.it/items/8190715506-gonna-prada-sport-anni-2000-condizioni-eccellenti?referrer=catalog,2,8190715506,On Sale,,,https://images1.vinted.net/t/06_00684_4q3Bdh4G5qESUiiRz9Vr1WF9/310x430/1771261640.webp?s=ef702864fcc0e370e8c77e78121b71d6b7fdd1ff,1,8,Prada
Cinturón hombre Prada Talla 38,41.65,Prada,95 cm,https://www.vinted.it/items/8190386474-cinturon-hombre-prada-talla-38?referrer=catalog,0,8190386474,On Sale,,,https://images1.vinted.net/t/06_0056c_JLYARyfsHcwVuK1tmxUgckNx/310x430/1771259710.webp?s=f8f64d1c77c3578e0eb0f89fb5378ae4d63cd1df,1,8,Prada
Prada coup noir et blanc,126.7,Prada,38,https://www.vinted.it/items/8191546151-prada-coup-noir-et-blanc?referrer=catalog,5,8191546151,On Sale,,,https://images1.vinted.net/t/05_014d2_KA7LnkpCUMWWdCWPRAwzHiTN/310x430/1771266975.webp?s=f0c6c83185ca1218ff3c5fc290b140af4a3ec7c3,1,8,Prada
Prada Sonnenbrille SPRA14 1AB-5S0 60mm. Schwarz Neu,247.45,Prada,0,https://www.vinted.it/items/8192515099-prada-sonnenbrille-spra14-1ab-5s0-60mm-schwarz-neu?referrer=catalog,0,8192515099,On Sale,,,https://images1.vinted.net/t/01_02437_kwuSJjZdSqoRZtJ6nF4qkBMN/310x430/1771313949.webp?s=e80a9813fd65d9755a3051407189c6450b250df9,1,8,Prada
Scarpe da donna,499.45,Prada,38.5,https://www.vinted.it/items/8190945716-scarpe-da-donna?referrer=catalog,1,8190945716,On Sale,,,https://images1.vinted.net/t/05_02351_bqujUUAZRRZ2HXLrKABC6Qyn/310x430/1771263045.webp?s=bf8d80ba579e8ed833dc1157fffbae8f26e28e8a,1,8,Prada
Parfum Prada Paradigme,84.7,Prada,0,https://www.vinted.it/items/8191729428-parfum-prada-paradigme?referrer=catalog,0,8191729428,On Sale,,,https://images1.vinted.net/t/05_0247a_b2BYvMkdeAgmpAD9qXhFxsYN/310x430/1771268263.webp?s=09942f7a81575b1fd078317f0a7daf2330d3ba51,1,8,Prada
Prada America’s Cup Suède,178.87,Prada,42,https://www.vinted.it/items/8190868723-prada-americas-cup-suede?referrer=catalog,9,8190868723,On Sale,,,https://images1.vinted.net/t/01_00a04_cmiYWJUCperwbNU3nNQoVqNL/310x430/1771262568.webp?s=cea44aa523d89baee7e4d948be99fa92686d2575,1,8,Prada
Lunette Prada,179.2,Prada,0,https://www.vinted.it/items/8191373432-lunette-prada?referrer=catalog,12,8191373432,On Sale,,,https://images1.vinted.net/t/01_0167c_W14tnjpE1TJW2a4XPtjyAUUn/310x430/1771265802.webp?s=48ea7267b0f878999479a3c016684135e1d18d59,1,8,Prada
Parfum Prada paradoxe 100ml,42.7,Prada,0,https://www.vinted.it/items/8190491658-parfum-prada-paradoxe-100ml?referrer=catalog,1,8190491658,On Sale,,,https://images1.vinted.net/t/05_01c90_6WjgDS2rQ4FMYmCQoi8mZMcw/310x430/1771260324.webp?s=1fb1b33fa544c5b76f2226ccc76a666eb14b0add,1,8,Prada
Piumino brand Mohito 32 xxs + cintura Prada,62.65,Prada,XXS / IT 36 / EU 32,https://www.vinted.it/items/8190605281-piumino-brand-mohito-32-xxs-cintura-prada?referrer=catalog,2,8190605281,On Sale,,,https://images1.vinted.net/t/03_00330_38EUrvf7Th28KixeJidZonHN/310x430/1771260984.webp?s=f154829d5c0a1381009d21192ff15375920439ac,1,8,Prada
Borsa Prada,105.7,Prada,0,https://www.vinted.it/items/8188680899-borsa-prada?referrer=catalog,26,8188680899,On Sale,,,https://images1.vinted.net/t/05_00996_wffQcAUyFKoVVAErqdz11sVw/310x430/1771249967.webp?s=be006bc6f46dc909375599dc52d23acbad0a2daa,1,8,Prada
Occhiali prada,205.45,Prada,0,https://www.vinted.it/items/8190835006-occhiali-prada?referrer=catalog,0,8190835006,On Sale,,,https://images1.vinted.net/t/03_02635_sy19T7pF5Msnxe881f5k3dtL/310x430/1771262360.webp?s=3fe9493aa80ae391bce722745e33a99923985457,1,8,Prada
Lunette Prada,179.2,Prada,0,https://www.vinted.it/items/8191725316-lunette-prada?referrer=catalog,2,8191725316,On Sale,,,https://images1.vinted.net/t/06_005fb_NPbnvi8BHYd7Cd7KHbfg3o3K/310x430/1771268235.webp?s=62f640901bdb38f1c97f882df5526adca7503987,1,8,Prada
Prada cups rood/wit 44,74.2,Prada,44,https://www.vinted.it/items/8191267020-prada-cups-roodwit-44?referrer=catalog,1,8191267020,On Sale,,,https://images1.vinted.net/t/05_01ffc_ysRb62pjZpkBaR3nyRJHEgTk/310x430/1771265096.webp?s=5815d68cb777b1ef3c12eea5906c97e6a396fda7,1,8,Prada
Occhiali Prada con portaocchiali,63.7,Prada,0,https://www.vinted.it/items/8190010454-occhiali-prada-con-portaocchiali?referrer=catalog,0,8190010454,On Sale,,,https://images1.vinted.net/t/06_002b3_UDggNUU3eoRrPktTohAiJWeJ/310x430/1771257558.webp?s=6e6fe9baf6e853b0cad62651c573a831a1b3ffc6,1,8,Prada
Prada Augmented Skin Crème 60ml,158.2,Prada,0,https://www.vinted.it/items/8192306183-prada-augmented-skin-creme-60ml?referrer=catalog,0,8192306183,On Sale,,,https://images1.vinted.net/t/01_0253d_1nUmhXKZZ4hFFjr6cSq2z17q/310x430/1771272493.webp?s=5a767502788f7381756327a707e6883b57af5a4b,1,8,Prada
Miniature Prada,16.45,Prada,0,https://www.vinted.it/items/8190129413-miniature-prada?referrer=catalog,3,8190129413,On Sale,,,https://images1.vinted.net/t/05_00e68_URawqPLureK16LX35ffV3mGL/310x430/1771258235.webp?s=91a759b8abd0b06f24ab0e746213998bc415ab75,1,8,Prada
Ballerine Monolith in pelle spazzolata,683.2,Prada,41,https://www.vinted.it/items/8190538973-ballerine-monolith-in-pelle-spazzolata?referrer=catalog,3,8190538973,On Sale,,,https://images1.vinted.net/t/05_01268_j3Zx5H9A8tFKqtLHzktuqYWm/310x430/1771260597.webp?s=8fbfb35761e8d82cd85400b7129e6658ae2edee9,1,8,Prada
Óculos Prada,126.7,Prada,0,https://www.vinted.it/items/8191595429-oculos-prada?referrer=catalog,1,8191595429,On Sale,,,https://images1.vinted.net/t/06_0124f_h8JFwNdHpdeTfJP4DLWSbmua/310x430/1771267318.webp?s=09170735fb95e24d16c924813f8abecc1ef13fde,1,8,Prada
Portachiavi Prada nero,142.45,Prada,0,https://www.vinted.it/items/8189222388-portachiavi-prada-nero?referrer=catalog,2,8189222388,On Sale,,,https://images1.vinted.net/t/01_02437_zzLgwPK8m7fGQgLtdudUBkWs/310x430/1771253115.webp?s=a70a063e52733a0c1a29df338b29542567857c7d,1,8,Prada
Pantalone Prada,609.7,Prada,L,https://www.vinted.it/items/8190573956-pantalone-prada?referrer=catalog,1,8190573956,On Sale,,,https://images1.vinted.net/t/01_0194c_xuPhaVyM2TDXLXZMEcUtN8fW/310x430/1771260801.webp?s=a9e57b8322296fa4766d39f08784616360e760d9,1,8,Prada
Doudoune prada,525.7,Prada,L,https://www.vinted.it/items/8191655930-doudoune-prada?referrer=catalog,4,8191655930,On Sale,,,https://images1.vinted.net/t/06_01989_ZJ8ZPTmYJTZeexLUoYzpYWcL/310x430/1771267741.webp?s=816d650a4961386d69fb463f6d7273d0d9aaa528,1,8,Prada
Prada,893.2,Prada,0,https://www.vinted.it/items/8190512003-prada?referrer=catalog,2,8190512003,On Sale,,,https://images1.vinted.net/t/06_0096d_vjKWm9wugxu9oPnCQ4VwH8wp/310x430/1771260442.webp?s=d46092a7752f34c6fd0affe4e637230703deaf10,1,8,Prada
Giftset Prada paradoxe!,121.45,Prada,0,https://www.vinted.it/items/8191617802-giftset-prada-paradoxe?referrer=catalog,0,8191617802,On Sale,,,https://images1.vinted.net/t/03_00a7d_7QDqUkEFxpqi84EaEfuqp9S9/310x430/1771267473.webp?s=96d82f994a17ebb8383b4620cf76571d874af2d9,1,8,Prada
Occhiali Prada,315.7,Prada,0,https://www.vinted.it/items/8189810711-occhiali-prada?referrer=catalog,4,8189810711,On Sale,,,https://images1.vinted.net/t/04_00698_XnN6vuEqyMu8sCWrT7jona9z/310x430/1771256439.webp?s=6ae4b72713c4459ff848b4cbdee9c98a40c9843e,1,8,Prada
Recharge baume à lèvres PRADA u002,11.2,Prada,0,https://www.vinted.it/items/8191213194-recharge-baume-a-levres-prada-u002?referrer=catalog,8,8191213194,On Sale,,,https://images1.vinted.net/t/06_01ef3_J2ijy1K2eoi7FvS27F6NccDQ/310x430/1771264746.webp?s=95194a435cecb9c6261852b7e00f0c294c52df95,1,8,Prada
Lunette Prada,179.2,Prada,0,https://www.vinted.it/items/8192126584-lunette-prada?referrer=catalog,0,8192126584,On Sale,,,https://images1.vinted.net/t/01_00102_tzUJgS2juaTQRi1Ni4hStfdy/310x430/1771271146.webp?s=9393a890fcebaf31ef0c46823ac048f63622dc13,1,8,Prada
Eau de parfum Prada Paradoxe,21.7,Prada,0,https://www.vinted.it/items/8187897021-eau-de-parfum-prada-paradoxe?referrer=catalog,4,8187897021,On Sale,,,https://images1.vinted.net/t/06_016df_i11fA5ePWy5NPBEN5nAMaqfK/310x430/1771245101.webp?s=582e9c1607816911bd60745a33fa98911b1f6eff,1,8,Prada
Parfum Paradoxe Prada Virtual Flower 90ml,79.45,Prada,0,https://www.vinted.it/items/8191856964-parfum-paradoxe-prada-virtual-flower-90ml?referrer=catalog,1,8191856964,On Sale,,,https://images1.vinted.net/t/06_00ce1_Vpjhkqw3pSzBgmPRKNdfMfoY/310x430/1771269183.webp?s=8086ee7006b355ddcf64e9bd3958e92997afdc03,1,8,Prada
Stivali Prada,305.2,Prada,38.5,https://www.vinted.it/items/8190679481-stivali-prada?referrer=catalog,0,8190679481,On Sale,,,https://images1.vinted.net/t/04_0247b_RYVsmZQV3A7ynSiEViknFziF/310x430/1771261424.webp?s=12948a754ebe5d6e90de034e31440cae2802ea47,1,8,Prada
Pantalon prada,368.2,Prada,XXL,https://www.vinted.it/items/8187279490-pantalon-prada?referrer=catalog,11,8187279490,On Sale,,,https://images1.vinted.net/t/01_004d4_NocAQsa7r4fKPDQdy3ftBche/310x430/1771240929.webp?s=21586609df4fde3d019221932a2a3f81bdffb627,1,8,Prada
Occhiali Prada,210.7,Prada,0,https://www.vinted.it/items/8189220305-occhiali-prada?referrer=catalog,1,8189220305,On Sale,,,https://images1.vinted.net/t/06_015e0_cuxYUgMNRK94qcZ5vY9RQUnA/310x430/1771253103.webp?s=c9f437d196fa37bc699b45f05b67753a139558da,1,8,Prada
Prada Cups,116.2,Prada,42,https://www.vinted.it/items/8191757371-prada-cups?referrer=catalog,1,8191757371,On Sale,,,https://images1.vinted.net/t/06_01dc4_dFphZBSfGoSxxdep8jNbn34k/310x430/1771268463.webp?s=7884b60ebc7fa2a88c938840754860107284aea7,1,8,Prada
Prada Kosmetiktasche,21.7,Prada,0,https://www.vinted.it/items/8191622953-prada-kosmetiktasche?referrer=catalog,6,8191622953,On Sale,,,https://images1.vinted.net/t/03_0166c_4vvByEGJArkAuTSwjCDi4Att/310x430/1771267509.webp?s=5b534a9212bfb25abf9b914fd16c88d0946338ba,1,8,Prada
Gafas Prada,47.95,Prada,0,https://www.vinted.it/items/8185553869-gafas-prada?referrer=catalog,17,8185553869,On Sale,,,https://images1.vinted.net/t/05_025ab_VKq91FcPpoA25GQHMhyw8gdz/310x430/1771199462.webp?s=9d22ead18b18855a60df7e52e43c8d2a6c55ebb0,1,8,Prada
Sandali décolleté Prada nuovi,620.2,Prada,38.5,https://www.vinted.it/items/8190387130-sandali-decollete-prada-nuovi?referrer=catalog,2,8190387130,On Sale,,,https://images1.vinted.net/t/06_00aea_E7Mw6Vrg1Pnje7NPr6aEQ6Mh/310x430/1771259714.webp?s=fbb6aea93ca54cb53f8eea5a065a27755a292342,1,8,Prada
Fond de teint Prada Reveal MC50,29.05,Prada,0,https://www.vinted.it/items/8190264033-fond-de-teint-prada-reveal-mc50?referrer=catalog,3,8190264033,On Sale,,,https://images1.vinted.net/t/01_00fea_XoZZswsQh6ES5RtHqyaVLH5o/310x430/1771259006.webp?s=b757f0fa3dc24239de2717ccf365602fcf0e95bc,1,8,Prada
Prada 1 packaging bag and 1 dust bag/Prada 1 sacchetto per imballaggio e 1 sacchetto antipolvere,15.4,Prada,0,https://www.vinted.it/items/8191312877-prada-1-packaging-bag-and-1-dust-bagprada-1-sacchetto-per-imballaggio-e-1-sacchetto-antipolvere?referrer=catalog,0,8191312877,On Sale,,,https://images1.vinted.net/t/06_026b1_SimcuAC4t69M5uemi77Y7dt8/310x430/1771265400.webp?s=eef1b22a98164ce17091687ce5d1f14cb2ddb154,1,8,Prada
Borsa piccola raso Prada,368.2,Prada,0,https://www.vinted.it/items/8189365931-borsa-piccola-raso-prada?referrer=catalog,31,8189365931,On Sale,,,https://images1.vinted.net/t/05_0246b_VBWoCi8TJhRBXsMJTmHvNZxF/310x430/1771253928.webp?s=23db28454959f9f4dff37f84bbed405657afdf1b,1,8,Prada
Giacca imbottita Prada nuova,252.7,Prada,XL / IT 46 / EU 42,https://www.vinted.it/items/8190052149-giacca-imbottita-prada-nuova?referrer=catalog,0,8190052149,On Sale,,,https://images1.vinted.net/t/06_00f29_rzxgejbC9DXGuyoSDzqYf7Gy/310x430/1771272783.webp?s=7734ebd0d7de7e811b7eb1e41e5a8e650d9ae3bf,1,8,Prada
Parfum prada paradox neufs,37.45,Prada,0,https://www.vinted.it/items/8191188847-parfum-prada-paradox-neufs?referrer=catalog,0,8191188847,On Sale,,,https://images1.vinted.net/t/05_02152_UGX5hm13wePhzw8a8WNbht6k/310x430/1771264591.webp?s=c2551be765acf71a0bf5fdcf17232fbbc0f28436,1,8,Prada
Gafas de sol de Prada.,32.2,Prada,0,https://www.vinted.it/items/8190062311-gafas-de-sol-de-prada?referrer=catalog,3,8190062311,On Sale,,,https://images1.vinted.net/t/06_00aef_AGsbYxVbSuZCCD151va9jf1f/310x430/1771257855.webp?s=8698bfa1f562a4f537b3355abeed1dcd2f6fedaa,1,8,Prada
Prada cup blue,84.7,Prada,38,https://www.vinted.it/items/8190915044-prada-cup-blue?referrer=catalog,4,8190915044,On Sale,,,https://images1.vinted.net/t/06_00584_7u7rquZpiSVQSEccMYD14EbZ/310x430/1771262854.webp?s=1e57b67617e41f0fed93c34480cb51f554e7ae1e,1,8,Prada
Prada cup rouge,126.7,Prada,38,https://www.vinted.it/items/8191504145-prada-cup-rouge?referrer=catalog,3,8191504145,On Sale,,,https://images1.vinted.net/t/05_023c9_1WMN819f9JH8oHrbuHukxsUc/310x430/1771266685.webp?s=6615b9408950aa193332da2c65f0918943e76d27,1,8,Prada
Parfum prada paradoxe,21.7,Prada,0,https://www.vinted.it/items/8184421450-parfum-prada-paradoxe?referrer=catalog,4,8184421450,On Sale,,,https://images1.vinted.net/t/06_001e2_e35e5dwnEZ64MwNNGK57ioRD/310x430/1771185228.webp?s=9ba2698920966e6a5a7d384b8950c213f9c3cdd5,1,8,Prada
Prada paradigme 100ml,68.95,Prada,0,https://www.vinted.it/items/8190858434-prada-paradigme-100ml?referrer=catalog,0,8190858434,On Sale,,,https://images1.vinted.net/t/01_01392_MqhizeejL4yqYcESrMTWP1Y1/310x430/1771262506.webp?s=5a0f4351adc3f015b7042197e4d0fbd8e69ac8e8,1,8,Prada
Bolsa Prada,1.75,Prada,0,https://www.vinted.it/items/8191352657-bolsa-prada?referrer=catalog,0,8191352657,On Sale,,,https://images1.vinted.net/t/06_012da_FCFty1bLLFtdCBLZomyXJFLJ/310x430/1771265663.webp?s=9ab97cd84f37974aec7fb992ff55569bc248f1cd,1,8,Prada
Prada zwembroek nieuw,210.7,Prada,M,https://www.vinted.it/items/8191736288-prada-zwembroek-nieuw?referrer=catalog,1,8191736288,On Sale,,,https://images1.vinted.net/t/05_01ffd_pXXs97e9gYZYgopd5D588UYh/310x430/1771268312.webp?s=ef03ebec786767add1c7814bd3c58413b2c1a9e0,1,8,Prada
Prada Loafers met plateauzool en triangel logo,420.7,Prada,38,https://www.vinted.it/items/8191285499-prada-loafers-met-plateauzool-en-triangel-logo?referrer=catalog,13,8191285499,On Sale,,,https://images1.vinted.net/t/05_02327_ZHNQ8V7ic8rHhFq6sgEoXx4D/310x430/1771265303.webp?s=e98843a9d7870ff1aef5aeffffa565388e1d667b,1,8,Prada
Prada paradoxe intense 90ml,110.95,Prada,0,https://www.vinted.it/items/8191288048-prada-paradoxe-intense-90ml?referrer=catalog,0,8191288048,On Sale,,,https://images1.vinted.net/t/06_012e5_gMY3cDoYKP6t3teLa1ZdBpKS/310x430/1771265235.webp?s=e11eae83b78e8c54e8131cb5167f8f7d8b5f5a11,1,8,Prada
Occhiali Vintage Prada,210.7,Prada,0,https://www.vinted.it/items/8189443133-occhiali-vintage-prada?referrer=catalog,1,8189443133,On Sale,,,https://images1.vinted.net/t/05_01a0e_EnRXHMqq6BxZG1LhhAxg7Bbj/310x430/1771254369.webp?s=8b6bce8c6dc24cf23faa6b9cd8c46145f71899f7,1,8,Prada
Prada,504.7,Prada,37,https://www.vinted.it/items/8189019249-prada?referrer=catalog,35,8189019249,On Sale,,,https://images1.vinted.net/t/05_004a7_nHb1riVVwhJK7wgSSVwSp1Qi/310x430/1771251951.webp?s=ccaeb5c120cddb03af230c1221abb46dbdd1e2cc,1,8,Prada
Prada cup noir,116.2,Prada,40,https://www.vinted.it/items/8187237371-prada-cup-noir?referrer=catalog,7,8187237371,On Sale,,,https://images1.vinted.net/t/03_02679_1p7Vfo8wD8u2pi5rU7EwpnCQ/310x430/1771240639.webp?s=960628512fea3daf1eddbfe1358c147b2a8c365c,1,8,Prada
Borsa Prada,578.2,Prada,0,https://www.vinted.it/items/8187737122-borsa-prada?referrer=catalog,14,8187737122,On Sale,,,https://images1.vinted.net/t/06_01745_bUnZm2KFGLWeydEjvpXb1agt/310x430/1771244046.webp?s=19cc807b457c4649ebf9c3dd04c5274173d84aee,1,8,Prada
Pochette Prada,37.45,Prada,0,https://www.vinted.it/items/8187257460-pochette-prada?referrer=catalog,9,8187257460,On Sale,,,https://images1.vinted.net/t/01_010ff_QLQBSmXhDAb8yLFB6J1UyS7r/310x430/1771240777.webp?s=a23575e6a79db9732ec04e2e77e5020ee2d6655b,1,8,Prada
Sandali flat Prada,368.2,Prada,40,https://www.vinted.it/items/8188793054-sandali-flat-prada?referrer=catalog,15,8188793054,On Sale,,,https://images1.vinted.net/t/01_00c34_wrCYH7KqkJC6eEgVQneatN8H/310x430/1771250636.webp?s=b8603a9e3f677126bac0fe83d1f43b222a3fb25f,1,8,Prada
Paire Prada Cup,210.7,Prada,44,https://www.vinted.it/items/8191578157-paire-prada-cup?referrer=catalog,0,8191578157,On Sale,,,https://images1.vinted.net/t/01_021ae_1o9pVANVF9dkn6hFbEZRQDts/310x430/1771267199.webp?s=84f1c462f8b0d95ecb436eaf6553a8ed9353ca57,1,8,Prada
Tacchi décolletté Prada,226.45,Prada,38,https://www.vinted.it/items/8189597957-tacchi-decollette-prada-38?referrer=catalog,0,8189597957,On Sale,,,https://images1.vinted.net/t/05_01279_uS3LrSP7spEY1kHiYmqYu3CM/310x430/1771255243.webp?s=d8157653580a57277157b8d1b7714cd72477e191,1,8,Prada
Parfum Prada Paradoxe XL,63.7,Prada,0,https://www.vinted.it/items/8181758711-parfum-prada-paradoxe-xl?referrer=catalog,3,8181758711,On Sale,,,https://images1.vinted.net/t/06_015a6_X64ZaApV7dFYRKRhTvndHAvL/310x430/1771170831.webp?s=0cc80dea6fffd1a8f9dce2b25fc0f0164dbecc6a,1,8,Prada
Occhiali Prada unisex,173.95,Prada,0,https://www.vinted.it/items/8186920704-occhiali-prada-unisex?referrer=catalog,5,8186920704,On Sale,,,https://images1.vinted.net/t/06_021a6_uyFCaZQ5uwEwNfxgPntYkbsB/310x430/1771238471.webp?s=a266fc5d3e93078bac68c452b71388d6d92323a9,1,8,Prada
Prada,473.2,Prada,38,https://www.vinted.it/items/8191447093-prada?referrer=catalog,0,8191447093,On Sale,,,https://images1.vinted.net/t/06_013c1_dhcQXMEJg6X1vk8n91sSHafN/310x430/1771266296.webp?s=47b0ace43214a8c1e49a8180276f40c6f9bfad6f,1,8,Prada
Prada,137.2,Prada,37,https://www.vinted.it/items/8185423847-prada?referrer=catalog,22,8185423847,On Sale,,,https://images1.vinted.net/t/06_019bf_4pXhMQytnvpuESX7rBp3q4Wh/310x430/1771195535.webp?s=288e2e034982d8942611a2f8d1bcf8009e49c03b,1,8,Prada
Prada paradoxe virtual flower,53.2,Prada,0,https://www.vinted.it/items/8187481278-prada-paradoxe-virtual-flower?referrer=catalog,2,8187481278,On Sale,,,https://images1.vinted.net/t/01_0186e_bRSNGrShW28S8DhJ2t5kBzmE/310x430/1771242316.webp?s=41a03eaaf2a508ae8afcb9a7b1657b6ecee52dcd,1,8,Prada
Portafoglio Prada,520.45,Prada,0,https://www.vinted.it/items/8189507696-portafoglio-prada?referrer=catalog,0,8189507696,On Sale,,,https://images1.vinted.net/t/06_011cc_nQRGkDcncbvvnm41KphwdEze/310x430/1771254734.webp?s=724a47130ca3b51b94e5fe289ce60628cfc9a22c,1,8,Prada
Top a fascia Prada logo triangolo metallico,399.7,Prada,S / IT 40 / EU 36,https://www.vinted.it/items/8188962826-top-a-fascia-prada-logo-triangolo-metallico?referrer=catalog,6,8188962826,On Sale,,,https://images1.vinted.net/t/06_025e6_oDMW435CquoXPr1FNdkNSsxM/310x430/1771251626.webp?s=4d80b76f8ec50f62dfbcc92a8cbbfb1f0861d0d2,1,8,Prada
Prada profumo,24.85,Prada,0,https://www.vinted.it/items/8185889539-prada-profumo?referrer=catalog,0,8185889539,On Sale,,,https://images1.vinted.net/t/06_012bc_Ddf6Hj7jm2TZ1kdqxXqTYjEA/310x430/1771228206.webp?s=d9aaa3867e5aa6b44c73114c79e8449ee878bb8e,1,8,Prada
Montatura PRADA,294.7,Prada,0,https://www.vinted.it/items/8189251482-montatura-prada?referrer=catalog,0,8189251482,On Sale,,,https://images1.vinted.net/t/06_01a1a_FuyWtmRjN4o3RDfzqSc7EsT2/310x430/1771253282.webp?s=c63768a3eadf67adcbb83326eacb19299255f7f5,1,8,Prada
Prada Re-Edition 2005 rosa,998.2,Prada,0,https://www.vinted.it/items/8189334699-prada-re-edition-2005-rosa?referrer=catalog,0,8189334699,On Sale,,,https://images1.vinted.net/t/01_011a3_zvkT8tbezH4zFtTiFWY1Mwq4/310x430/1771253752.webp?s=9abd6a91a9a12119295251b7870563e79e6ddf5f,1,8,Prada
Mokassin,95.2,Prada,39.5,https://www.vinted.it/items/8190909605-mokassin?referrer=catalog,2,8190909605,On Sale,,,https://images1.vinted.net/t/04_00e22_1U96rQ6dMYGtuJBYib7jbZNP/310x430/1771262820.webp?s=609bb4eb4c83bc39a95e3cc6d0b9b3501f727f8d,1,8,Prada
Parfum PRADA paradigme 50ml,58.45,Prada,0,https://www.vinted.it/items/8190625824-parfum-prada-paradigme-50ml?referrer=catalog,1,8190625824,On Sale,,,https://images1.vinted.net/t/05_00298_dAaDnWijpnbaTC25r9fnKMHh/310x430/1771261104.webp?s=068ad32895952dfe85d711fef53e7340ac8b6576,1,8,Prada
prada ballerina,263.2,Prada,38,https://www.vinted.it/items/8186964287-prada-ballerina?referrer=catalog,120,8186964287,On Sale,,,https://images1.vinted.net/t/06_00363_zVmovPEk3XqsKvkp79YG1Yok/310x430/1771238772.webp?s=b1b923f0b7bba00d7aceeeb043c28582d6d9250e,1,8,Prada
Gafas de sol Prada mujer,210.69,Prada,0,https://www.vinted.it/items/8191249319-gafas-de-sol-prada-mujer?referrer=catalog,0,8191249319,On Sale,,,https://images1.vinted.net/t/01_011e8_PyMhKq3Han8tphe8nWtA3n4X/310x430/1771264980.webp?s=07528b5c7eff01141314917b0c257412b8edf9b9,1,8,Prada
Portamonete Prada,210.7,Prada,0,https://www.vinted.it/items/8188594015-portamonete-prada?referrer=catalog,1,8188594015,On Sale,,,https://images1.vinted.net/t/06_00f92_v24PYZQmTXUMCBR2NjS3jq4U/310x430/1771249448.webp?s=2d7bed570dfca6ef3aa80452ad3d9404bd2f1c7e,1,8,Prada
Borraccia PRADA,95.2,Prada,0,https://www.vinted.it/items/8190495808-borraccia-prada?referrer=catalog,4,8190495808,On Sale,,,https://images1.vinted.net/t/06_0119e_2jF3fvubsKMcwRauXbooAQrm/310x430/1771260349.webp?s=27c09329e0e5e9cc4f15ea825987fd357d31684a,1,9,Prada
Prada Jacket Nylon Black,840.7,Prada,M / IT 42 / EU 38,https://www.vinted.it/items/8189993944-prada-jacket-nylon-black?referrer=catalog,1,8189993944,On Sale,,,https://images1.vinted.net/t/05_01298_ZZJK5ScTbbuzHxJKGLLX3oKY/310x430/1771257465.webp?s=af60f54e26dc99bf7613a76dc69a41686076b3e9,1,9,Prada
Beige crème Prada Milano muts nieuw,26.95,Prada milano,Taglia unica,https://www.vinted.it/items/8190480589-beige-creme-prada-milano-muts-nieuw?referrer=catalog,8,8190480589,On Sale,,,https://images1.vinted.net/t/06_01ea9_aC9UuM5Dzc5CD1KLEBYqUc13/310x430/1771260260.webp?s=04109626729cd5958968196f2a5ec2c3f64cac42,1,9,Prada
Prada Stoffbeutel schwarz klein,5.95,Prada,0,https://www.vinted.it/items/8190480240-prada-stoffbeutel-schwarz-klein?referrer=catalog,0,8190480240,On Sale,,,https://images1.vinted.net/t/06_01a90_LcvEmFoqexkzyhCVRSt9v4cN/310x430/1771260257.webp?s=835566f1c0de915c64520811fcd5f4b20994ca8d,1,9,Prada
Bijna ongebruikte Prada zonnebril!!,79.45,Prada,0,https://www.vinted.it/items/8190474189-bijna-ongebruikte-prada-zonnebril?referrer=catalog,8,8190474189,On Sale,,,https://images1.vinted.net/t/05_01552_21usK1Uu7rDbF2QfdcoDpVVA/310x430/1771260222.webp?s=335d5604adbd0cb3b5bf4665292aadd1e99ef56e,1,9,Prada
Bolso de mano,79.45,Agatha Ruiz de la Prada,0,https://www.vinted.it/items/8190426676-bolso-de-mano?referrer=catalog,1,8190426676,On Sale,,,https://images1.vinted.net/t/05_0087d_nEpzDiBXGzjdy71e6asULfU3/310x430/1771259944.webp?s=c163fd1fdc471be7452a830a97270a26f64ea57d,1,9,Prada
Baume a lèvres,21.7,Prada,0,https://www.vinted.it/items/8190406223-baume-a-levres?referrer=catalog,14,8190406223,On Sale,,,https://images1.vinted.net/t/05_01505_7ZccWwonWuuVGv3GewYEe7Kg/310x430/1771259824.webp?s=baabf3ed013d425cabab6e94a6b9c93e2f9a73cd,1,9,Prada
Prada Canvas Moleskin Workwear Trucker Jacket,788.2,Prada,M,https://www.vinted.it/items/8190400243-prada-canvas-moleskin-workwear-trucker-jacket?referrer=catalog,3,8190400243,On Sale,,,https://images1.vinted.net/t/05_02328_kteHv7aQrSiRrH9QPKshTdJg/310x430/1771259789.webp?s=d996654cd3c75bb5aa5a8c2d35c07ed47f31308d,1,9,Prada
Mocassin Prada,368.2,Prada,38,https://www.vinted.it/items/8190393656-mocassin-prada?referrer=catalog,10,8190393656,On Sale,,,https://images1.vinted.net/t/05_00bf9_W64AJESTRMGP7oDqvustTQhr/310x430/1771259751.webp?s=ac0248f95dd86ab3c470c27ba5b06c7604e93f7e,1,9,Prada
Prada Vintage Baby Tee crop top silver,221.2,Prada,XS / IT 38 / EU 34,https://www.vinted.it/items/8190359130-prada-vintage-baby-tee-crop-top-silver?referrer=catalog,1,8190359130,On Sale,,,https://images1.vinted.net/t/06_00137_gm9nNty6V8Smc6zj4u8qNBZa/310x430/1771346743.webp?s=f8c7a50a23b3d252b8cdb8c2ee7a516a3553e848,1,9,Prada
Prada Radical Essence,168.7,Prada,0,https://www.vinted.it/items/8190279562-prada-radical-essence?referrer=catalog,0,8190279562,On Sale,,,https://images1.vinted.net/t/05_010b4_zNiVgpajC21P84pQZncXZa9f/310x430/1771259524.webp?s=a73ab809ff7688dd1284f9de7428e5c7a95c1d01,1,9,Prada
Prada Cup,74.2,Sneakers,41,https://www.vinted.it/items/8190257797-prada-cup?referrer=catalog,2,8190257797,On Sale,,,https://images1.vinted.net/t/05_0261a_WdsEJPzBotXfjvvCFse4gLLs/310x430/1771258970.webp?s=880bd560ca5f0b4fe3c30fe443476dd626467d0b,1,9,Prada
Prada eau de parfum pour elle,40.6,Prada,0,https://www.vinted.it/items/8190151991-prada-eau-de-parfum-pour-elle?referrer=catalog,3,8190151991,On Sale,,,https://images1.vinted.net/t/06_01d2a_4mG9sv2fAc863PxJx7W6MTV4/310x430/1771258364.webp?s=3fe197bc12e2b4cdbc38672697ad6427b044b569,1,9,Prada
Agatha Ruiz de la Prada,11.2,Agatha Ruiz de la Prada,0,https://www.vinted.it/items/8190135805-agatha-ruiz-de-la-prada?referrer=catalog,2,8190135805,On Sale,,,https://images1.vinted.net/t/05_007c1_PppzUbpLtJt5gEZ9kjU45Ghi/310x430/1771258272.webp?s=15f18f1506e5833ad682e67bf68d2f819f1633da,1,9,Prada
Mini size Prada da 7ml,13.3,Prada,0,https://www.vinted.it/items/8190124273-mini-size-prada-da-7ml?referrer=catalog,17,8190124273,On Sale,,,https://images1.vinted.net/t/05_01f26_niUbWsuF9jThZHswJt3RkXzb/310x430/1771258207.webp?s=0c7a625e618514282db499496a3fdba7008db607,1,9,Prada
prada cup,158.2,Prada Cup,36,https://www.vinted.it/items/8190103471-prada-cup?referrer=catalog,12,8190103471,On Sale,,,https://images1.vinted.net/t/01_00653_gXqhZZKeqVjh3H29BkavBpDy/310x430/1771258088.webp?s=0f7ef9abb73672fd2813b9a1ea6c26e71392aa6d,1,9,Prada
Beauty Prada,42.7,Prada,0,https://www.vinted.it/items/8190100754-beauty-prada?referrer=catalog,1,8190100754,On Sale,,,https://images1.vinted.net/t/06_01767_mcwHqx6woUMHzxjAeyLJAwyc/310x430/1771258073.webp?s=e36ecd7229996156aa2a0415470fe8895698a7e7,1,9,Prada
prada cup,158.2,Prada Cup,38,https://www.vinted.it/items/8190087406-prada-cup?referrer=catalog,9,8190087406,On Sale,,,https://images1.vinted.net/t/04_00cd2_LCZUFKtDJ74TgxsdaowwzNUe/310x430/1771257998.webp?s=6794bd7c21ba863086b90ce572deabbfab2eccd7,1,9,Prada
Llavero osito Prada,210.7,Prada,0,https://www.vinted.it/items/8190085178-llavero-osito-prada?referrer=catalog,0,8190085178,On Sale,,,https://images1.vinted.net/t/04_00769_LFPMmjALFUX3DxYFdQhgbatT/310x430/1771257985.webp?s=74910eb57fd4372c7cf6cb1a6293ac3728fecd8a,1,9,Prada
Prada paradoxe intense,48.99,Prada,0,https://www.vinted.it/items/8190078147-prada-paradoxe-intense?referrer=catalog,6,8190078147,On Sale,,,https://images1.vinted.net/t/01_0125d_hEQbY6r4WYSMZXFEwito2qY4/310x430/1771257945.webp?s=4e6eb448d6be867bd2fa6abb24a7ee7aeeb318e1,1,9,Prada
Prada Cup,158.2,chaussures prada cup,38,https://www.vinted.it/items/8190073509-prada-cup?referrer=catalog,24,8190073509,On Sale,,,https://images1.vinted.net/t/06_00f05_iBmJLNzDwFNRk8jFjdtKRehf/310x430/1771257918.webp?s=42d0f42fb5d2f63b7da74d53be494e1850aac4f1,1,9,Prada
Prada clutch,473.2,Prada,0,https://www.vinted.it/items/8190067907-prada-clutch?referrer=catalog,7,8190067907,On Sale,,,https://images1.vinted.net/t/05_00e12_15KVaLpf2gcmhtSraWvm2DhQ/310x430/1771257887.webp?s=83bbf8d99a35ba178509391ac3dcd09571d9b78b,1,9,Prada
prada cup,158.2,Prada Cup,42,https://www.vinted.it/items/8190067126-prada-cup?referrer=catalog,3,8190067126,On Sale,,,https://images1.vinted.net/t/01_013e1_97oDaW2hXFM5NmuutHo2bBKA/310x430/1771257883.webp?s=bce36ac6b7002a8ebf41601337b9faee20574d74,1,9,Prada
prada cup,158.2,Prada Cup,42,https://www.vinted.it/items/8190049802-prada-cup?referrer=catalog,4,8190049802,On Sale,,,https://images1.vinted.net/t/01_0170b_3Ckxv4j5qL2YvJ1zUGphb7TC/310x430/1771257784.webp?s=25d10dc9940ee6535bb36b30a1b78553881547b6,1,9,Prada
Prada Montatura,89.95,Prada,0,https://www.vinted.it/items/8190023074-prada-montatura?referrer=catalog,41,8190023074,On Sale,,,https://images1.vinted.net/t/06_01cb7_w86j8cw9HPhPJggJWM36Uen9/310x430/1771257629.webp?s=bab3330386ebd25baaacf2264a28e7b42ece7410,1,9,Prada
Leugens&lattes Lauren Weisberger (devil wears prada),4.9,No brand,0,https://www.vinted.it/items/8190006438-leugenslattes-lauren-weisberger-devil-wears-prada?referrer=catalog,0,8190006438,On Sale,,,https://images1.vinted.net/t/03_025e9_D5xUL3osqK2xgqfmVGaETdWX/310x430/1771257535.webp?s=17e11ceb69db73642224a7113f03a2895fc9b97c,1,9,Prada
Prada paradoxe intense eau de for woman,41.65,Paradoxe,0,https://www.vinted.it/items/8190006576-prada-paradoxe-intense-eau-de-for-woman?referrer=catalog,2,8190006576,On Sale,,,https://images1.vinted.net/t/06_011a2_M3i3uEdxk5tP3ytyJeMoXb5w/310x430/1771257536.webp?s=00c710aa916285f909af6bf384c8c7aeb48813e9,1,9,Prada
Prada cups,116.2,Prada,46,https://www.vinted.it/items/8189897288-prada-cups?referrer=catalog,1,8189897288,On Sale,,,https://images1.vinted.net/t/05_00c57_xmNqTMQT74uj4gGrpFTwjzLB/310x430/1771256924.webp?s=8638238430b2020314cb5838dd92df55faf7d3c9,1,9,Prada
Gafas de sol Prada,105.7,Prada,0,https://www.vinted.it/items/8189955093-gafas-de-sol-prada?referrer=catalog,4,8189955093,On Sale,,,https://images1.vinted.net/t/06_00c63_XqEYGeKbagx2wUEDq994w3Ut/310x430/1771257247.webp?s=7b699bb78b6dc14c46301ab692645403e26db079,1,9,Prada
Prada Cup,158.2,chaussures prada cup,43,https://www.vinted.it/items/8189951249-prada-cup?referrer=catalog,3,8189951249,On Sale,,,https://images1.vinted.net/t/06_0265b_R1pQpvFoTfW5EBPdFuNTfF4T/310x430/1771257226.webp?s=c2da6c5e95dc217f75e8c4e3b054e086efb0014a,1,9,Prada
Prada Cup,158.2,chaussures prada cup,42,https://www.vinted.it/items/8189852847-prada-cup?referrer=catalog,1,8189852847,On Sale,,,https://images1.vinted.net/t/04_01935_jWWcE2M3PZue5xwuuWaU7KTk/310x430/1771256675.webp?s=571db54a747d2ceff65572a14f721381af162fc8,1,9,Prada
Prada pants,525.7,Prada,L,https://www.vinted.it/items/8189828112-prada-pants?referrer=catalog,3,8189828112,On Sale,,,https://images1.vinted.net/t/05_0162b_e8E6aNRSsLopBnoer4neYE3M/310x430/1771256537.webp?s=076bdc59dfe2484da541ebdda3ea37479a14a6dd,1,9,Prada
Prada pants,525.7,Prada,IT 44 | W34,https://www.vinted.it/items/8189814284-prada-pants?referrer=catalog,2,8189814284,On Sale,,,https://images1.vinted.net/t/06_0232c_bDwP2UWLJAxG1zfpxqK2oC5w/310x430/1771256459.webp?s=1ad42d386d71a31f1ccf544f32185e3e59004b5b,1,9,Prada
Pañales talla 6,5.95,Agatha Ruiz de la Prada,13–27 kg,https://www.vinted.it/items/8189791574-panales-talla-6?referrer=catalog,0,8189791574,On Sale,,,https://images1.vinted.net/t/05_01967_nHChgvhgWh6E9mhEoWtnvsUq/310x430/1771256331.webp?s=e169e0f254accc601801bc7996e53fb79fc7812a,1,9,Prada
Prada paradoxe,74.2,Prada,0,https://www.vinted.it/items/8189727902-prada-paradoxe?referrer=catalog,0,8189727902,On Sale,,,https://images1.vinted.net/t/03_01bd0_VRSzujKtzkB1sPag5Hao7bvG/310x430/1771255974.webp?s=ea9027ccc817954fc3fad3311b0f6bfe6d003664,1,9,Prada
Bougie Prada,95.2,Prada,0,https://www.vinted.it/items/8189751031-bougie-prada?referrer=catalog,2,8189751031,On Sale,,,https://images1.vinted.net/t/05_0226c_3xa4U6P6eRZvYNeF47DEUfxi/310x430/1771256103.webp?s=f4fe6d250924e54f642dccd274c81126dc2aef24,1,9,Prada
Agatha Ruiz de la Prada Turquoise Dress Size L,37.45,Agatha Ruiz de la Prada,L / IT 44 / EU 40,https://www.vinted.it/items/8189710942-agatha-ruiz-de-la-prada-turquoise-dress-size-l?referrer=catalog,0,8189710942,On Sale,,,https://images1.vinted.net/t/01_00ee6_9seRBsZJpJjCv9dqoXoRxbHj/310x430/1771360083.webp?s=77e5d2ffad877f7ef3a5a9bcf479134cef2d9452,1,9,Prada
Cintura PRADA nuova,158.2,Prada,Regolabile,https://www.vinted.it/items/8186630101-cintura-prada-nuova?referrer=catalog,2,8186630101,On Sale,,,https://images1.vinted.net/t/05_01086_Zpk11Vf4XnYzjrMnmJ7mMp36/310x430/1771236380.webp?s=206a365f5afa4c727e4eb6a55fa636e87e067746,1,9,Prada
Matt white marble zonnebril prada,231.7,Prada,0,https://www.vinted.it/items/8189626661-matt-white-marble-zonnebril-prada?referrer=catalog,0,8189626661,On Sale,,,https://images1.vinted.net/t/05_024ff_a2GpzTgC1HcAcB6BjW1KUC3f/310x430/1771255403.webp?s=3ecd48c9175bc0f48c8a8c1b0f3c0b4557ab7493,1,9,Prada
Perfume Prada paradigme,63.7,Prada,0,https://www.vinted.it/items/8189614194-perfume-prada-paradigme?referrer=catalog,1,8189614194,On Sale,,,https://images1.vinted.net/t/06_0261a_1J77GBofzegsrAEFUXqcB3WN/310x430/1771255334.webp?s=18dd8306fd182083bf1bcedd158732ed24d3d2ab,1,9,Prada
Prada Paradigme,61.6,Prada,0,https://www.vinted.it/items/8189603346-prada-paradigme?referrer=catalog,1,8189603346,On Sale,,,https://images1.vinted.net/t/06_01980_ZCpMAhfJG4bbC2xqLaeY8pJT/310x430/1771255272.webp?s=4a4d9bbbc3146ea55f15b9614255cdc1f7a34e57,1,9,Prada
Jean Prada noir homme,525.7,Prada,M,https://www.vinted.it/items/8189596108-jean-prada-noir-homme?referrer=catalog,0,8189596108,On Sale,,,https://images1.vinted.net/t/06_021f6_5yVPhig4nTKtLKaJAzhUWsD7/310x430/1771255233.webp?s=6ee2479db453561bc8c9839ac10dbbe53bff4081,1,9,Prada
Prada Cup,82.6,Prada,42,https://www.vinted.it/items/8189590740-prada-cup?referrer=catalog,2,8189590740,On Sale,,,https://images1.vinted.net/t/01_02673_oFphtF5k3fqRGzYYexN5F9Z3/310x430/1771353708.webp?s=cef8336761d76210b6f4f8f8aa4d509690d012fe,1,9,Prada
Occhiali da sole PRADA – Scatola e custodia,142.45,Prada,0,https://www.vinted.it/items/8189588952-occhiali-da-sole-prada-scatola-e-custodia?referrer=catalog,7,8189588952,On Sale,,,https://images1.vinted.net/t/06_01776_eUSJvi89k83Hd6KyYShygoeZ/310x430/1771255193.webp?s=5c76d282ba29710e4afd900ffaeaaac260819cd1,1,9,Prada
Prada American Cups schwarz weiß,116.2,Prada,43,https://www.vinted.it/items/8189586336-prada-american-cups-schwarz-weiss?referrer=catalog,11,8189586336,On Sale,,,https://images1.vinted.net/t/06_0227c_YsY8M1bTpmoyP7j1xj9jzjEK/310x430/1771255178.webp?s=6f9a10ee110f95dab88a50521e230bf87962d613,1,9,Prada
Prada,173.95,Prada,43,https://www.vinted.it/items/8189567725-prada?referrer=catalog,1,8189567725,On Sale,,,https://images1.vinted.net/t/01_01ca4_ZGU748gsrG1ohJ36bgX6HQPb/310x430/1771255073.webp?s=bcbce4d10261bf520cf3100c828c884d11024d25,1,9,Prada
Prada porte monnaie / porte carte couleur fushia bordeaux comme neuf sans boîte,368.2,Prada,0,https://www.vinted.it/items/8189544770-prada-porte-monnaie-porte-carte-couleur-fushia-bordeaux-comme-neuf-sans-boite?referrer=catalog,0,8189544770,On Sale,,,https://images1.vinted.net/t/06_0123b_mcaXNZL2iaZkyfmaf9JcH8P7/310x430/1771254944.webp?s=b1d54d67cb1c28bbdf372aad79b917c3d0a6e47d,1,9,Prada
Vintage Puma Ballet / Speedcat / Adidas / Samba / Spezial / Prada,74.2,Puma,38,https://www.vinted.it/items/8189523737-vintage-puma-ballet-speedcat-adidas-samba-spezial-prada?referrer=catalog,200,8189523737,On Sale,,,https://images1.vinted.net/t/06_00621_N7EoJ4KV6teBCgJ1V4nsDEHQ/310x430/1771254825.webp?s=2304f237f9bf654c4315108764b713e4610a8055,1,9,Prada
Prada Americas's Cup,436.45,Prada,43,https://www.vinted.it/items/8189490125-prada-americass-cup?referrer=catalog,1,8189490125,On Sale,,,https://images1.vinted.net/t/06_025ff_zpuScd7wEJt6rg84SHpYv87N/310x430/1771254634.webp?s=bc2f1c4cdd66db03c5c50c8bdfe8c9da74d6d261,1,9,Prada
Scarpa prada,84.7,Zara,44,https://www.vinted.it/items/8189446206-scarpa-prada?referrer=catalog,9,8189446206,On Sale,,,https://images1.vinted.net/t/05_014fa_aZN81hzwniFSTKctk3mRgcrZ/310x430/1771254386.webp?s=febfd2fc62f8a977851e64295bfffbd717c503ff,1,9,Prada
Lunettes de soleil Prada,121.45,Prada,0,https://www.vinted.it/items/8189430757-lunettes-de-soleil-prada?referrer=catalog,0,8189430757,On Sale,,,https://images1.vinted.net/t/06_0161b_uPeBo8L1cR7daimJWRejjJdD/310x430/1771254298.webp?s=4ff73115354d0ccf692cf2473f1a2593cb889ad3,1,9,Prada
Prada Cup’s Bleu marine,158.2,Bleu Marine,45,https://www.vinted.it/items/8189427136-prada-cups-bleu-marine?referrer=catalog,20,8189427136,On Sale,,,https://images1.vinted.net/t/06_01595_7TSUYsnRBUhU6NTukDENPZEc/310x430/1771254278.webp?s=32ed39d9275d3360c2f4d9bba506b1fc9a65e2c0,1,9,Prada
Étui Prada noir neuf,9.1,Prada,0,https://www.vinted.it/items/8189380845-etui-prada-noir-neuf?referrer=catalog,0,8189380845,On Sale,,,https://images1.vinted.net/t/05_01d2b_sm8hXUfFpoJjkJfztnrckgvP/310x430/1771254013.webp?s=4db492b765f54efe1a1a2d4bc58efed978d14bd3,1,9,Prada
Prada,137.2,Prada,0,https://www.vinted.it/items/8189379066-prada?referrer=catalog,2,8189379066,On Sale,,,https://images1.vinted.net/t/04_0070e_KzrQrBKcupRPp8pC79iuCn5i/310x430/1771254003.webp?s=f1460fb68d52a58d776dc4c06dc82a57a6503070,1,9,Prada
Mochila Portabebé de Agatha Ruiz de la Prada,21.7,Agatha Ruiz de la Prada,Da 0 mesi,https://www.vinted.it/items/8189333091-mochila-portabebe-de-agatha-ruiz-de-la-prada?referrer=catalog,0,8189333091,On Sale,,,https://images1.vinted.net/t/06_000d4_MwHs9xmnS1eYBV8UMTENCGmR/310x430/1771253743.webp?s=4c2fa1f6f196169ea884d30dcdd4ac185b20d7e9,1,9,Prada
"Camiseta Zara ""The Devil Wears Prada"" - Nueva con Etiquetas - Talla S",7.0,Zara,S,https://www.vinted.it/items/8189326377-camiseta-zara-the-devil-wears-prada-nueva-con-etiquetas-talla-s?referrer=catalog,11,8189326377,On Sale,,,https://images1.vinted.net/t/06_020a1_VNPULh1MLinjyJFyPsqGPDn4/310x430/1771253705.webp?s=37de68a51cee8a9c08b9f9def5b70841caa6c860,1,9,Prada
Parfum Prada Candy 30ml,46.9,Caramel,0,https://www.vinted.it/items/8189303832-parfum-prada-candy-30ml?referrer=catalog,5,8189303832,On Sale,,,https://images1.vinted.net/t/03_0247f_VYKpaaTDZgECx7dgTPng7XHE/310x430/1771253577.webp?s=0ff2a613111de7453020b8ea9ae3021a6072a6e6,1,9,Prada
Falda de niña,9.1,Agatha Ruiz de la Prada,4 anni / 104 cm,https://www.vinted.it/items/8189298839-falda-de-nina?referrer=catalog,9,8189298839,On Sale,,,https://images1.vinted.net/t/05_002f7_JoaitLivZgasVyudXxDVwhkr/310x430/1771253549.webp?s=512a773f0363cc0510fb75fd43af7cff7ce85975,1,9,Prada
Prada paradoxe,84.7,Paradoxe,0,https://www.vinted.it/items/8189288110-prada-paradoxe?referrer=catalog,0,8189288110,On Sale,,,https://images1.vinted.net/t/05_01bcd_AW6ZEgdToQ9ffGPuiGK5TrY1/310x430/1771253488.webp?s=97e03c4dfeb8c06f5256bb860d9c68c030598141,1,9,Prada
new Prada black leather shoulder bag men,1.4182,Prada,0,https://www.vinted.it/items/8189254536-new-prada-black-leather-shoulder-bag-men?referrer=catalog,5,8189254536,On Sale,,,https://images1.vinted.net/t/06_00403_iXqU4PxLBRjpT4ybb74uqDDP/310x430/1771253299.webp?s=2ba63f988a09ce098d45e278f048c52d7e15a006,1,9,Prada
Prada Sonnenbrille PR A14S,179.2,Prada,0,https://www.vinted.it/items/8189217269-prada-sonnenbrille-pr-a14s?referrer=catalog,2,8189217269,On Sale,,,https://images1.vinted.net/t/01_01664_gQNdcxJepMJPczV9nXRTDc3p/310x430/1771253189.webp?s=b8917f0e365e1fc096d1d1f44ce3f625361c9226,1,9,Prada
Veste Prada sans manche,110.95,No brand,L / IT 44 / EU 40,https://www.vinted.it/items/8189215505-veste-prada-sans-manche?referrer=catalog,0,8189215505,On Sale,,,https://images1.vinted.net/t/04_004ca_KdgUZFpsTxbLXjvyvgF2VPFR/310x430/1771253075.webp?s=763321c24853bb9733bf79eb2bc9b10e0cc98f62,1,9,Prada
Prada skirt,168.7,Prada,XXS / IT 36 / EU 32,https://www.vinted.it/items/8189187565-prada-skirt?referrer=catalog,104,8189187565,On Sale,,,https://images1.vinted.net/t/05_007cc_K36PWiGB65Zq7tPAzWxkqKRa/310x430/1771252916.webp?s=c1784926281b9058b7dae6a622433fc96a6d6a04,1,9,Prada
Malha e polo Prada,158.2,Prada,M,https://www.vinted.it/items/8189096254-malha-e-polo-prada?referrer=catalog,0,8189096254,On Sale,,,https://images1.vinted.net/t/06_01f13_aH5FFvXsgyZyseHAmhEQaGBW/310x430/1771252393.webp?s=78aa457d757b9908b8d82c47c72616a4a61a6cf5,1,9,Prada
Trousse de maquillage,16.45,Prada,0,https://www.vinted.it/items/8189173941-trousse-de-maquillage?referrer=catalog,1,8189173941,On Sale,,,https://images1.vinted.net/t/05_005af_FSbMrYJNEiUFTL2UyjjNXCAT/310x430/1771252838.webp?s=3b254f2a718c79366894bd3cc7938485656c1d57,1,9,Prada
Prada luna rossa ocean edt 100ml,40.6,Prada,0,https://www.vinted.it/items/8189150465-prada-luna-rossa-ocean-edt-100ml?referrer=catalog,1,8189150465,On Sale,,,https://images1.vinted.net/t/06_014a7_7uV6Ri7c1bLoQpZNJZC2edgC/310x430/1771252705.webp?s=0e7ab8504b912e14558ece63f32aff45f1d5d4cc,1,9,Prada
Stiftebox Agatha Ruiz de la Prada,2.8,Agatha Ruiz de la Prada,0,https://www.vinted.it/items/8189124552-stiftebox-agatha-ruiz-de-la-prada?referrer=catalog,0,8189124552,On Sale,,,https://images1.vinted.net/t/03_02299_9tS4iB71p7Yd7ZFNFh1M5ZxS/310x430/1771252556.webp?s=79de27c614cd5115c6906d00bd513cc441c7bfa8,1,9,Prada
Prada Derbies en cuir 44,189.7,Prada,44,https://www.vinted.it/items/8189130125-prada-derbies-en-cuir-44?referrer=catalog,4,8189130125,On Sale,,,https://images1.vinted.net/t/05_01730_DvawK5Ep8kA31gf6rBHXmeX6/310x430/1771252588.webp?s=f2c958bdd13a7d190f9dfa81d1e68568e8ec247e,1,9,Prada
Mocassino Chocolate Prada,609.7,Prada,37.5,https://www.vinted.it/items/8189096906-mocassino-chocolate-prada?referrer=catalog,1,8189096906,On Sale,,,https://images1.vinted.net/t/06_01e6a_aPJRiknEF6gCyGh3XQMSivnc/310x430/1771252396.webp?s=c5cdfde6e2ab6adf47e6c094ca44e906fb93842a,1,9,Prada
Prada Grand sac shopping + grande pochette + petite pochette tissu + cordon,18.55,Prada,0,https://www.vinted.it/items/8189046467-prada-grand-sac-shopping-grande-pochette-petite-pochette-tissu-cordon?referrer=catalog,3,8189046467,On Sale,,,https://images1.vinted.net/t/06_018f4_tChQmzXZLAzWwnftCtULFwmF/310x430/1771252107.webp?s=e1405bb15f75f0000ff7ded9287bd30782a96063,1,9,Prada
Prada Cup,126.7,Prada,43,https://www.vinted.it/items/8187101411-prada-cup?referrer=catalog,7,8187101411,On Sale,,,https://images1.vinted.net/t/01_01379_PnmboNRAx8rj2ZEGRG3iY4kP/310x430/1771239708.webp?s=2f51e19c3fd8711466fa5b5fdb8017e295aac1eb,1,10,Prada
Prada Paradoxe 30ml,25.9,Prada,0,https://www.vinted.it/items/8186563866-prada-paradoxe-30ml?referrer=catalog,2,8186563866,On Sale,,,https://images1.vinted.net/t/05_01bfc_xaXrPdR12GGj9ELq2BWhGTwK/310x430/1771235868.webp?s=bc5572ff7a3b6c1a48fbfd8e3d602051cd0c4be8,1,10,Prada
Caixa PRADA original,8.58,Prada,0,https://www.vinted.it/items/8186915191-caixa-prada-original?referrer=catalog,3,8186915191,On Sale,,,https://images1.vinted.net/t/05_0107c_apYLTuEL7do18ou1KMZYwFp8/310x430/1771238433.webp?s=a9b216678a66723183aa0acb6750b6f5b30b21af,1,10,Prada
Prada amber man,126.7,Prada,0,https://www.vinted.it/items/8187976142-prada-amber-man?referrer=catalog,0,8187976142,On Sale,,,https://images1.vinted.net/t/06_00fe7_ipEHgFzkhBUECp6j8MSTZoVy/310x430/1771245611.webp?s=6e765992fc80153a5d58175cf9511c8c4bedf5e0,1,10,Prada
Boites de rangement Prada,23.8,Prada,0,https://www.vinted.it/items/8185894858-boites-de-rangement-prada?referrer=catalog,12,8185894858,On Sale,,,https://images1.vinted.net/t/03_0160c_ihEYRpRbb6Xv5DHx6ceaFtjW/310x430/1771228315.webp?s=40da7a1680679319e66129910f052231afd18d22,1,10,Prada
Boite vide pour étui aux lunettes,5.95,Prada,0,https://www.vinted.it/items/8188051844-boite-vide-pour-etui-aux-lunettes?referrer=catalog,0,8188051844,On Sale,,,https://images1.vinted.net/t/05_00c4e_qmw98ZsWgpE3pR4M2o2NQicq/310x430/1771246094.webp?s=5d84a4545d5ca520f53cd0af345fecc32a932d1c,1,10,Prada
Cover Prada originale per iPhone 15 pro max – Nera con logo triangolare,263.2,Prada,0,https://www.vinted.it/items/8186825436-cover-prada-originale-per-iphone-15-pro-max-nera-con-logo-triangolare?referrer=catalog,0,8186825436,On Sale,,,https://images1.vinted.net/t/06_0062e_HgtFpDpw7cPLTzrEjjNyfQXC/310x430/1771237811.webp?s=a46bd28229d0d5099811c37adcf369c8baeeef90,1,10,Prada
Mini borsa Prada Re-Edition 2000 in Re-Nylon,663.0,Prada,0,https://www.vinted.it/items/8186855056-mini-borsa-prada-re-edition-2000-in-re-nylon?referrer=catalog,2,8186855056,On Sale,,,https://images1.vinted.net/t/06_026cb_BroNPWUrQcLCGNVhuVi9FW9W/310x430/1771238019.webp?s=f4b3c888fc170825669560328120e230e52c9ec5,1,10,Prada
Telo Mare PRADA Rosa in Spugna di Cotone - Made in Italy. Prezzo trattabile.,137.2,Prada,0,https://www.vinted.it/items/8186287828-telo-mare-prada-rosa-in-spugna-di-cotone-made-in-italy-prezzo-trattabile?referrer=catalog,1,8186287828,On Sale,,,https://images1.vinted.net/t/06_00149_zfMetEmGUZmvntwyaL4UmDbB/310x430/1771233485.webp?s=1e261ff4dc6052a447cc5a5f84e5ef8e85a2bfc6,1,10,Prada
Prada Ocean,53.19,Prada,0,https://www.vinted.it/items/8186742730-prada-ocean?referrer=catalog,0,8186742730,On Sale,,,https://images1.vinted.net/t/06_00a58_AS3yBwVZ5EtMyNVUZZN6QLyh/310x430/1771237223.webp?s=da853b4e24e3fd359e8f5a53bb97261a10515881,1,10,Prada
Occhiale Prada Maculato,105.7,Prada,0,https://www.vinted.it/items/8185940498-occhiale-prada-maculato?referrer=catalog,0,8185940498,On Sale,,,https://images1.vinted.net/t/05_00395_rfmdvHUryh9GXqHaXxvenEU3/310x430/1771229167.webp?s=37fdddcd5a7b8f5a4dc040a56d596661d86ad068,1,10,Prada
Schuhe im Prada-Stil,11.2,Nach,35,https://www.vinted.it/items/8192860420-schuhe-im-prada-stil?referrer=catalog,0,8192860420,On Sale,,,https://images1.vinted.net/t/03_00d11_tZQ8D711xg2oLRjRmKWdk6dP/310x430/1771277318.webp?s=cf25f304d397b5cb62df22e412b3f93ca5971032,1,10,Prada
Présentoir lunettes Prada,63.7,Prada,0,https://www.vinted.it/items/8187872273-presentoir-lunettes-prada?referrer=catalog,1,8187872273,On Sale,,,https://images1.vinted.net/t/06_0123a_Xkt6XyZiTARcerjrUAUMcYNP/310x430/1771244939.webp?s=e47548c9b65403a6f76eccf50614f78d8cc71c94,1,10,Prada
Prada Jacke,510.0,Prada,L,https://www.vinted.it/items/8188798210-prada-jacke?referrer=catalog,2,8188798210,On Sale,,,https://images1.vinted.net/t/05_00f2d_1zsCACiDq7eXejGUWLkTKzNA/310x430/1771250666.webp?s=8d3c9df3adff0085a90e470b3093a2a5fe617128,1,10,Prada
Prada python tas,586.5,Prada,0,https://www.vinted.it/items/8187667373-prada-python-tas?referrer=catalog,57,8187667373,On Sale,,,https://images1.vinted.net/t/05_01b36_Kn3hoxoF8dvKTWLMDcJGfL4B/310x430/1771243577.webp?s=6b3d240ee3c74d8cbd94cc0cfa5e6591756022c9,1,10,Prada
Prada heel loafer new,510.0,Prada,41,https://www.vinted.it/items/8188834789-prada-heel-loafer-new?referrer=catalog,2,8188834789,On Sale,,,https://images1.vinted.net/t/04_01bdb_sTAbEbcL7w9dh1STG1Y84UAX/310x430/1771250882.webp?s=d4b1fd652df74fc98473568befd3b4e4d420431b,1,10,Prada
Portachiavi Prada a forma di cuore,47.95,Prada,0,https://www.vinted.it/items/8181828148-portachiavi-prada-a-forma-di-cuore?referrer=catalog,1,8181828148,On Sale,,,https://images1.vinted.net/t/06_00b85_926k22pQAvafxK22EcaBdxAF/310x430/r3/1771171128.webp?s=199d809d92fe85fa954f9fcc753d5b24d9cfcf74,1,10,Prada
Robe tricot,126.7,Prada,M / IT 42 / EU 38,https://www.vinted.it/items/8188142486-robe-tricot?referrer=catalog,2,8188142486,On Sale,,,https://images1.vinted.net/t/05_02543_Cw5Xvz8NTTNR5f2NCGrtZVUa/310x430/1771246666.webp?s=682ab40bdf851298c50221a946316e3e4adc166e,1,10,Prada
Sac- Corbeille,13.3,Farcell-Prada L.,0,https://www.vinted.it/items/8187985603-sac-corbeille?referrer=catalog,4,8187985603,On Sale,,,https://images1.vinted.net/t/05_00e28_S3BEja54ePGWmgSrZsHrTD8r/310x430/1771245672.webp?s=3669ce0433d09ede90b3939b47edc8aa7e02e91f,1,10,Prada
Foulart Prada duomo Milano,315.7,Prada,0,https://www.vinted.it/items/8186192966-foulart-prada-duomo-milano?referrer=catalog,0,8186192966,On Sale,,,https://images1.vinted.net/t/06_01130_5wgC1gNUk5rU8gnnsdcReBMq/310x430/1771232513.webp?s=f0d0ef2427adcf7a29ea958d963408184a96934b,1,10,Prada
Prada cups verschiedene Farben,105.7,Prada,Altro,https://www.vinted.it/items/8187165939-prada-cups-verschiedene-farben?referrer=catalog,0,8187165939,On Sale,,,https://images1.vinted.net/t/05_023e9_V7Rjm6sQcF61GZpuxnrguXM9/310x430/1771240150.webp?s=30e82adfecb85fad5064b4065a913a1768598fe3,1,10,Prada
Maglia Prada blu scuro taglia 48,158.2,Prada,M,https://www.vinted.it/items/8182436359-maglia-prada-blu-scuro-taglia-48?referrer=catalog,0,8182436359,On Sale,,,https://images1.vinted.net/t/05_01730_asm2U4HzHajL92R5vSkrC34v/310x430/1771173793.webp?s=81eb5242cfd08a95a7d0f406d2d171044e59c470,1,10,Prada
Vestido polo Agatha Ruiz de la Prada,9.1,Agatha Ruiz de la Prada,1-3 mesi / 56 cm,https://www.vinted.it/items/8191621496-vestido-polo-agatha-ruiz-de-la-prada?referrer=catalog,3,8191621496,On Sale,,,https://images1.vinted.net/t/05_015d9_CgaxzGbuAMCrwzMcwStEiSax/310x430/1771267499.webp?s=332e757623e2b0a8ff40c08a665253363d87900b,1,10,Prada
Libro FP Recursos Humanos y Responsabilidad Social Corporativa – Edición actualizada,24.85,No brand,0,https://www.vinted.it/items/8190564518-libro-fp-recursos-humanos-y-responsabilidad-social-corporativa-edicion-actualizada?referrer=catalog,0,8190564518,On Sale,,,https://images1.vinted.net/t/05_025eb_kTLGoFjQJ55sH6fFNAjQLiE9/310x430/1771260746.webp?s=79bece0154e1373e71880f8793ea3d8a7a3ac0c3,1,10,Prada
Prada cup,89.95,Prada,43,https://www.vinted.it/items/8186323570-prada-cup?referrer=catalog,3,8186323570,On Sale,,,https://images1.vinted.net/t/05_01053_R39TQS5Lancxs7ejVde7uYJ7/310x430/1771233823.webp?s=e7c46e9fdd33af6fa7a342f333d43516b6621013,1,10,Prada
basket Prada noir,368.2,Prada,39,https://www.vinted.it/items/8188335299-basket-prada-noir?referrer=catalog,0,8188335299,On Sale,,,https://images1.vinted.net/t/03_017ad_idZcKHDdQ2GXoXDBoxv9jDfJ/310x430/1771247874.webp?s=e8f4148f0d722eca570e7fef01cdb4cbb560a7e2,1,10,Prada
Busta grande,10.15,Prada,0,https://www.vinted.it/items/8180179908-busta-grande-porta-scarpe-porta-oggetti-dust-bag-prada-50x45cm?referrer=catalog,1,8180179908,On Sale,,,https://images1.vinted.net/t/05_0061a_DNLTeXpzDUBXD65YULjbfCo4/310x430/1771164057.webp?s=dd1a33c79b4c82cd2e659ead439f0072cc406025,1,10,Prada
Prada Monolith Loafer Nere,420.7,Prada,40,https://www.vinted.it/items/8186149778-prada-monolith-loafer-nere?referrer=catalog,3,8186149778,On Sale,,,https://images1.vinted.net/t/06_017f8_AoTJTdNGqpVpHVheBik9kb32/310x430/1771232031.webp?s=00715e2b0f952d5aa0acbdd9fa4982ffa32ba8b0,1,10,Prada
Mini jupe jaune 10ans,5.95,Agatha Ruiz de la Prada,10 anni / 140 cm,https://www.vinted.it/items/8192808501-mini-jupe-jaune-10ans?referrer=catalog,0,8192808501,On Sale,,,https://images1.vinted.net/t/06_010b8_eJQhDVfR3x5mqPzq4jYAAQ12/310x430/1771276775.webp?s=2dd45168eb839f0fb72846b1338f267c02ce2061,1,10,Prada
Top Prada,105.7,Prada,S / IT 40 / EU 36,https://www.vinted.it/items/8181507847-top-prada?referrer=catalog,53,8181507847,On Sale,,,https://images1.vinted.net/t/06_02651_Jpb6s73kHqqxYJXc7gEHD89Q/310x430/1771169765.webp?s=e66f5861bfe3031505b8af94ed893eeb8bbeec00,1,10,Prada
Vestido bebe,21.7,Agatha Ruiz de la Prada,24-36 mesi / 92 cm,https://www.vinted.it/items/8192623322-vestido-bebe?referrer=catalog,0,8192623322,On Sale,,,https://images1.vinted.net/t/05_01cdb_wkRCV5mujWdFJqVQqRiMewS2/310x430/1771275056.webp?s=aa89cc9dee61c1a3e9ed0bf814ca497f9d0b4a8f,1,10,Prada
occhiali Prada,158.2,Prada,0,https://www.vinted.it/items/8182115996-occhiali-prada?referrer=catalog,0,8182115996,On Sale,,,https://images1.vinted.net/t/06_019db_RZDV3otsHFCWKfUZpGusmjBp/310x430/1771172369.webp?s=3a368995a08b77d880a02724232b73dd78df3d5e,1,10,Prada
Lunettes Prada,32.2,Prada,0,https://www.vinted.it/items/8186371708-lunettes-prada?referrer=catalog,1,8186371708,On Sale,,,https://images1.vinted.net/t/04_026ee_gPySeL1pLet12uzy71p3mp4q/310x430/1771234259.webp?s=60381c685737f024e863f7e30c1d33fafc0a8651,1,10,Prada
Mini jupe rose,5.95,Agatha Ruiz de la Prada,14 anni / 164 cm,https://www.vinted.it/items/8192818661-mini-jupe-rose?referrer=catalog,0,8192818661,On Sale,,,https://images1.vinted.net/t/05_02645_1WpYRv18cKm6YJxoYSTt2peS/310x430/1771276879.webp?s=37839c5e92688b9f8fc4683cf4e3614a5c00b3f5,1,10,Prada
Baskets Prada rouge et blanc,209.65,Prada,44,https://www.vinted.it/items/8187832395-baskets-prada-rouge-et-blanc?referrer=catalog,1,8187832395,On Sale,,,https://images1.vinted.net/t/06_01a0b_z2qR4oKapyK8dmUwCwXvkCeP/310x430/1771244677.webp?s=c3f84f272dffc226aae26aa17d3e8d002c316665,1,10,Prada
miniature prada,7.0,Prada,0,https://www.vinted.it/items/8181994139-miniature-prada-infusion-dhomme-eau-de-toilette-8-ml?referrer=catalog,1,8181994139,On Sale,,,https://images1.vinted.net/t/05_02694_agu18ffG7guvS7rt3zM9X9cg/310x430/1771171839.webp?s=515c5f87062eb664f9143f3b51833c70cf87a1f3,1,10,Prada
Prada Cups,105.7,Prada,43,https://www.vinted.it/items/8184623329-prada-cups?referrer=catalog,6,8184623329,On Sale,,,https://images1.vinted.net/t/03_013c6_41vCrnqRo1m8MEELQh4mm8aC/310x430/1771186701.webp?s=4d5ce1053c547a490a7a7d7f99e53a739a7f7c22,1,10,Prada
Gafas de Sol Prada,126.7,Prada,0,https://www.vinted.it/items/8187119652-gafas-de-sol-prada?referrer=catalog,0,8187119652,On Sale,,,https://images1.vinted.net/t/05_01d59_8Z9mpAWXJnYrMLnkysggBwKn/310x430/1771315489.webp?s=68f6f943baa702dcc64f4154aba6542d6bd223d4,1,10,Prada
Pantaloni Prada Uomo IT48 M – Nero Tecnico con Zip Frontale – Originali Made in Italy,210.7,Prada,M,https://www.vinted.it/items/8167572132-pantaloni-prada-uomo-it48-m-nero-tecnico-con-zip-frontale-originali-made-in-italy?referrer=catalog,3,8167572132,On Sale,,,https://images1.vinted.net/t/05_00bb8_Zm1WGDfbVy5YFUYiwUdLx1PS/310x430/1771007298.webp?s=2756f4de238fcd94810c7c20154adc0459cb6895,1,10,Prada
Prada Cup,131.95,Prada,42,https://www.vinted.it/items/8186879636-prada-cup?referrer=catalog,2,8186879636,On Sale,,,https://images1.vinted.net/t/06_00d46_oy517cngWZgDNuk9jJmpYKrS/310x430/1771238189.webp?s=58301147e63ecaadab062e19f41a4e505ec07ace,1,10,Prada
T shirt Prada M,116.2,Prada,M / IT 42 / EU 38,https://www.vinted.it/items/8187406420-t-shirt-prada-m?referrer=catalog,1,8187406420,On Sale,,,https://images1.vinted.net/t/06_01c90_UXMxKHf2QWUKxRm4Sjuf2BKv/310x430/1771241802.webp?s=bee7224a0d329afb72a185160d4424af6ec218f2,1,10,Prada
Scarpe tacco Prada,441.7,Prada,40,https://www.vinted.it/items/8186192136-scarpe-tacco-prada?referrer=catalog,1,8186192136,On Sale,,,https://images1.vinted.net/t/03_00858_Nh6w5iBdSRtz3qmMEs5LsMNC/310x430/1771232504.webp?s=0015237e38e1f6e64d062fc3d70b62b3a0411e14,1,10,Prada
Prada paradigme,84.7,Prada,0,https://www.vinted.it/items/8186340902-prada-paradigme?referrer=catalog,0,8186340902,On Sale,,,https://images1.vinted.net/t/03_0262e_jsUPvL7kfBfRPsGB4STN4jnC/310x430/1771233983.webp?s=5652c279bf98df81af8d466644f84018cc21ddd8,1,10,Prada
Authentique pantalon Prada,210.7,Prada,XL / IT 46 / EU 42,https://www.vinted.it/items/8186586521-authentique-pantalon-prada?referrer=catalog,8,8186586521,On Sale,,,https://images1.vinted.net/t/06_00b23_qD33zLCGUP2CnYnis1xfm24o/310x430/1771236043.webp?s=e59b1e85709b6b2acc36900f5496c92a4ed28669,1,10,Prada
Prada Pleated Skirt,410.2,Prada,S / IT 40 / EU 36,https://www.vinted.it/items/8185668490-prada-pleated-skirt?referrer=catalog,12,8185668490,On Sale,,,https://images1.vinted.net/t/05_01d89_vWcL4RMi24wtviPpi1djKQ13/310x430/1771216255.webp?s=567602d0984293bf0d5035855ee8fa3b6d72fe21,1,10,Prada
Lunettes prada neuf avec étiquette,158.2,Prada,0,https://www.vinted.it/items/8187521072-lunettes-prada-neuf-avec-etiquette?referrer=catalog,0,8187521072,On Sale,,,https://images1.vinted.net/t/05_00dc5_iZNHr9HQ2zQ4zx8DTyZFVsBf/310x430/1771242588.webp?s=9499f65f6b9c3d246cf10b72e8e0ca5923699cc1,1,10,Prada
Boite vide pour étui à lunette Prada avec sac en papier,7.53,Prada,0,https://www.vinted.it/items/8186540246-boite-vide-pour-etui-a-lunette-prada-avec-sac-en-papier?referrer=catalog,0,8186540246,On Sale,,,https://images1.vinted.net/t/04_0207f_zTdZrBPHVbSQitpfjiKU2if2/310x430/1771235683.webp?s=44ca5ada4ddf2ea27209af4a1136412e473b4877,1,10,Prada
Paradox PRADA intense+ gift,44.8,Prada,0,https://www.vinted.it/items/8185420968-paradox-prada-intense-gift?referrer=catalog,0,8185420968,On Sale,,,https://images1.vinted.net/t/06_01781_omWDqx2E31e9kGXiob2vxQz4/310x430/1771195606.webp?s=a9c3e27acf2a1317c23a185b771ae9132d8d2eb8,1,10,Prada
Prada cup blanc,116.2,Prada,40,https://www.vinted.it/items/8187215335-prada-cup-blanc?referrer=catalog,0,8187215335,On Sale,,,https://images1.vinted.net/t/06_01e68_L9YNEV5bw9MDW2tsfWEXsvno/310x430/1771240487.webp?s=9998aefd436a714f87925b963aca0f9a9ad76793,1,10,Prada
NEP Prada tas,42.7,Merkloos,0,https://www.vinted.it/items/8191858369-nep-prada-tas-nieuw-zonder-prijskaartje?referrer=catalog,1,8191858369,On Sale,,,https://images1.vinted.net/t/06_00143_3HAFFwH46TYuydbQx4pcJdz7/310x430/1771269193.webp?s=908e43331af8a88c656c4195a332c8782e55debc,1,10,Prada
Pulsera de charms Agatha Ruiz de la Prada,26.95,Agatha Ruiz de la Prada,0,https://www.vinted.it/items/8188375284-pulsera-de-charms-agatha-ruiz-de-la-prada?referrer=catalog,2,8188375284,On Sale,,,https://images1.vinted.net/t/04_01203_iy4AiaLvqtHutsonzhygPEV9/310x430/1771248118.webp?s=052c8a9df9626117693168e95785d6fbc9b2aa0d,1,10,Prada
Lunettes de Vue Prada Neuves avec étiquettes jamais portées,105.7,Prada,0,https://www.vinted.it/items/8187003919-lunettes-de-vue-prada-neuves-avec-etiquettes-jamais-portees?referrer=catalog,0,8187003919,On Sale,,,https://images1.vinted.net/t/06_001ec_KmpGftuzqaPunHDUvBJV7jGD/310x430/1771239043.webp?s=5a8657ea71db2aeff25e532ab9aafedcd425c2f5,1,10,Prada
Busta regalo PRADA con fiocco,5.95,Prada,0,https://www.vinted.it/items/8176987892-busta-regalo-prada-con-fiocco?referrer=catalog,0,8176987892,On Sale,,,https://images1.vinted.net/t/01_00776_m4DBhQLexKSdb6zhpjYVkq8Z/310x430/1771148142.webp?s=78a1377b769cd3ec2f65a7e33da9fdb71fb27456,1,10,Prada
Prada Sunglasses - Modello Rettangolare - Nuovo Full Set,84.69,Prada,0,https://www.vinted.it/items/8182115007-prada-sunglasses-modello-rettangolare-nuovo-full-set?referrer=catalog,2,8182115007,On Sale,,,https://images1.vinted.net/t/06_02346_iUkNxygUGD7zpoNWQ89AFAeq/310x430/1771172456.webp?s=6e8a547c65123822def58b50f6ca38120789b93e,1,10,Prada
Très beau sac Prada forme baguette modèle TELA Tweed,663.0,Prada,0,https://www.vinted.it/items/8187212750-tres-beau-sac-prada-forme-baguette-modele-tela-tweed?referrer=catalog,12,8187212750,On Sale,,,https://images1.vinted.net/t/06_013da_8gbfeUTUE63Zb12GgdyjrVrx/310x430/1771240469.webp?s=ad54decc07cddba4811fc07c31a175f2cdd87d62,1,10,Prada
Pendientes flor,7.0,Agatha Ruiz de la Prada,0,https://www.vinted.it/items/8191152779-pendientes-flor?referrer=catalog,1,8191152779,On Sale,,,https://images1.vinted.net/t/06_01fce_xW5UGcDrZAMffeEYYeZk2cDb/310x430/1771264358.webp?s=7cef863e58af56e07a4f01fb7c2b9e9b3049cf82,1,10,Prada
sandalo prada,158.2,Prada,42,https://www.vinted.it/items/8182379198-sandalo-prada?referrer=catalog,4,8182379198,On Sale,,,https://images1.vinted.net/t/04_00cef_Dw2uWjsxqbguMQuci25UvxWj/310x430/1771173535.webp?s=62eeea4b75480650e084151785835d22120d3f3e,1,10,Prada
Doudoune Prada,410.2,Prada,M / IT 42 / EU 38,https://www.vinted.it/items/8187103831-doudoune-prada?referrer=catalog,1,8187103831,On Sale,,,https://images1.vinted.net/t/06_01b36_r2dGm6wwPZ7gjduQwURN3huF/310x430/1771239725.webp?s=b5992ada5d6f41ff1e6812f7679fc27bc4b87602,1,10,Prada
prada cup,158.2,Prada,42,https://www.vinted.it/items/8185908853-prada-cup?referrer=catalog,4,8185908853,On Sale,,,https://images1.vinted.net/t/01_01dc1_gW4cJuHqEWsPiU2KvD3mpwmt/310x430/1771228611.webp?s=45a12b0d61bad4bcb061d516771485cdd1d41ba7,1,10,Prada
Prada Monolith in pelle nera,494.2,Prada,44,https://www.vinted.it/items/8183030356-prada-monolith-in-pelle-nera?referrer=catalog,25,8183030356,On Sale,,,https://images1.vinted.net/t/06_01892_Qn9DXGTcqjZBhk6Zs9eYgPZp/310x430/1771176656.webp?s=e032b65036a5a5dcc0f46a717ecd588d9d33110d,1,10,Prada
Sandales à talon en satin rose pâle Prada neuves taille 36 1/2,241.15,Prada,36.5,https://www.vinted.it/items/8187043110-sandales-a-talon-en-satin-rose-pale-prada-neuves-taille-36-12?referrer=catalog,2,8187043110,On Sale,,,https://images1.vinted.net/t/01_00ed0_ax9tLjoqvsqBFBmEUavYQ8ef/310x430/1771239310.webp?s=e4d23bc39f5acb206fcd47caa23a6a12052ae9f5,1,10,Prada
Vestido bebé niña,16.45,Agatha Ruiz de la Prada,24-36 mesi / 92 cm,https://www.vinted.it/items/8188928676-vestido-bebe-nina?referrer=catalog,7,8188928676,On Sale,,,https://images1.vinted.net/t/01_016dc_N18iHQisuK1KHzDw6rXGFfug/310x430/1771251430.webp?s=76f70e1152c733f89fdca82b162c5d81654c20e9,1,10,Prada
Pantalon Prada coupe droite,53.2,Prada,L,https://www.vinted.it/items/8183450723-pantalon-prada-coupe-droite?referrer=catalog,0,8183450723,On Sale,,,https://images1.vinted.net/t/03_01af9_fJrqLCJxSkJVuuFhEKoTHehR/310x430/1771178941.webp?s=f3b84319fa74a9cdf81a731de2336af709add2d9,1,10,Prada
Prada america’s cup,210.7,Prada,43,https://www.vinted.it/items/8182242261-prada-americas-cup?referrer=catalog,8,8182242261,On Sale,,,https://images1.vinted.net/t/05_01e5f_E4G3FLuzScDHEjLpiHRzFW1E/310x430/1771172924.webp?s=889331c347df545715c35b3ed8cae454f6d1b3e8,1,10,Prada
Lunette de soleil prada,116.2,Prada,0,https://www.vinted.it/items/8185781517-lunette-de-soleil-prada?referrer=catalog,1,8185781517,On Sale,,,https://images1.vinted.net/t/05_00b52_xqXXJuy8KVqA2BPX8Y2SGEnd/310x430/1771225379.webp?s=22383459988c9a609856933164d98f6def4547d3,1,10,Prada
Bañador bebé Agatha Ruiz de la Parada,16.45,Agatha Ruiz de la Prada,6-9 mesi / 68 cm,https://www.vinted.it/items/8191595791-banador-bebe-agatha-ruiz-de-la-parada?referrer=catalog,0,8191595791,On Sale,,,https://images1.vinted.net/t/05_0148e_kxoKtL2DNUN9iDdwtFk2Ewdi/310x430/1771267320.webp?s=4259297d6e56e34b100a4da6aab22699f6f63ffb,1,10,Prada
Santiags prada,419.65,Prada,37.5,https://www.vinted.it/items/8186820747-santiags-prada?referrer=catalog,2,8186820747,On Sale,,,https://images1.vinted.net/t/05_01059_fhWpSeaTJYfwLnHJREWLFjWY/310x430/1771237778.webp?s=b0fe428740c3940be442a6af113e25e0d809440e,1,10,Prada
Prada Beauty  Kosmetik  Tasche  neu,42.7,Prada,0,https://www.vinted.it/items/8181846820-prada-beauty-kosmetik-tasche-neu?referrer=catalog,1,8181846820,On Sale,,,https://images1.vinted.net/t/05_00cff_9DjApSuzs3XRqqvBFVrvHyLa/310x430/1771171207.webp?s=9663a65ffe7042d89b7a3895e36b0ca63ac14628,1,10,Prada
Prada Sneakers Bambino Baby Sport Knit Nere Taglia 30 con Scatola,116.2,Prada,30,https://www.vinted.it/items/8185070386-prada-sneakers-bambino-baby-sport-knit-nere-taglia-30-con-scatola?referrer=catalog,1,8185070386,On Sale,,,https://images1.vinted.net/t/05_01887_Sy1iN1RY3rJPxUVChPc7ZL3r/310x430/1771190564.webp?s=ee7d98b809e44cb27d6b551caa3489d51ed5d137,1,10,Prada
Prada borsa re edition 2000 in Re-Nylon nylon black nero,473.2,Prada,0,https://www.vinted.it/items/8153017721-prada-borsa-re-edition-2000-in-re-nylon-nylon-black-nero?referrer=catalog,87,8153017721,On Sale,,,https://images1.vinted.net/t/06_02183_UGstCAi8xo2Lh2JeSK9QATQZ/310x430/1770823766.webp?s=6240a575e15dbd72cbbe5efa84271a9f1b71d991,1,10,Prada
Prada Polo Langarm,231.7,Prada,M,https://www.vinted.it/items/8136296930-prada-polo-langarm?referrer=catalog,1,8136296930,On Sale,,,https://images1.vinted.net/t/06_025ca_tqjd1Y7777t55WebQBNqjqZH/310x430/1770634629.webp?s=249535333d5ae4e4c6bfcb8eb971c7c16b5fd3de,1,10,Prada
Manteau Prada Ni de Vin Re-Nylon,612.0,Prada,M,https://www.vinted.it/items/8178632528-manteau-prada-ni-de-vin-re-nylon?referrer=catalog,29,8178632528,On Sale,,,https://images1.vinted.net/t/01_0167f_arevjbnMx4vwrZS9XndV8PpR/310x430/1771156834.webp?s=ee82a3b7a4fda4e62c4a93f60d216353351f4f71,1,10,Prada
Piumino Prada Re-Nylon con pelliccia - NUOVO con etichetta,231.7,No brand,XL / IT 46 / EU 42,https://www.vinted.it/items/8187356845-piumino-prada-re-nylon-con-pelliccia-nuovo-con-etichetta?referrer=catalog,1,8187356845,On Sale,,,https://images1.vinted.net/t/04_0182b_K5d1eSf9cFhVcYFAonXeo5N9/310x430/1771241459.webp?s=86d73d1e23c2bc7b47b71b73dc903621e7c76eca,1,10,Prada
Occhiali Prada,158.2,Prada,0,https://www.vinted.it/items/8184897242-occhiali-prada?referrer=catalog,0,8184897242,On Sale,,,https://images1.vinted.net/t/05_00c1a_unEdKvbhhxWKSAoLcL3FZPqQ/310x430/1771188922.webp?s=33f8e389edb060137e95c252b1b078c90efd83af,1,10,Prada
occhiali da sole Prada,210.7,Prada,0,https://www.vinted.it/items/8185295914-occhiali-da-sole-prada?referrer=catalog,0,8185295914,On Sale,,,https://images1.vinted.net/t/05_01fe4_L1uUZcAaYkPPstfHWLPxPsJT/310x430/1771193284.webp?s=0823a4c086c1d28f1e2c84e68f8ef07765e748b7,1,10,Prada
Prada Cups (Creme,105.7,Prada,45,https://www.vinted.it/items/8184897003-prada-cups-cremeweis?referrer=catalog,3,8184897003,On Sale,,,https://images1.vinted.net/t/01_0266d_cLqSB3EYBwL46cGgSBkVtwbp/310x430/1771188919.webp?s=d21533952146e77ea3594a6d4c996913dbb411f5,1,10,Prada
Occhiali donna Prada,314.65,Prada,0,https://www.vinted.it/items/8184067371-occhiali-donna-prada?referrer=catalog,0,8184067371,On Sale,,,https://images1.vinted.net/t/05_01835_3Ry9sL91abfnT3tX3oNALdyh/310x430/1771182804.webp?s=70a3340922ce36d39158f08136333341b0273284,1,10,Prada
Borsetta Prada,441.7,Prada,0,https://www.vinted.it/items/8176829203-borsetta-prada?referrer=catalog,6,8176829203,On Sale,,,https://images1.vinted.net/t/06_022e3_PdG8ShenSgacjru1eM1DgUWF/310x430/1771146998.webp?s=9879b5c326145582f64789c51fc546cfe8a2bc5a,1,10,Prada
Occhiali Prada SPS02Q,315.7,Prada,0,https://www.vinted.it/items/8180158955-occhiali-prada-sps02q?referrer=catalog,0,8180158955,On Sale,,,https://images1.vinted.net/t/01_02326_LU9waoeKfAB7ewe5h8RMTdSN/310x430/1771163965.webp?s=f2ec13fd9404188e08203dbbe22b0c60954329ea,1,10,Prada
Gafas de sol aviador Prada,105.7,Prada,0,https://www.vinted.it/items/8185068184-gafas-de-sol-aviador-prada?referrer=catalog,0,8185068184,On Sale,,,https://images1.vinted.net/t/01_026f0_ZV59g5apJEDuFuBSZJcRqqTi/310x430/1771190542.webp?s=1fe62bad952f492a9d71b80b06ccffe46b02a85a,1,10,Prada
Pantaloni cotone Prada,263.2,Prada,XXS / IT 36 / EU 32,https://www.vinted.it/items/8183040931-pantaloni-cotone-prada?referrer=catalog,0,8183040931,On Sale,,,https://images1.vinted.net/t/06_026ff_GeEofCiU4QFAc8xQrckBjJo2/310x430/1771176710.webp?s=7ccae34800e3a25158b515f5825dc25f273894fb,1,10,Prada
Prada dust bag 100% cashmere,32.2,Prada,0,https://www.vinted.it/items/8179788688-prada-dust-bag-100-cashmere?referrer=catalog,0,8179788688,On Sale,,,https://images1.vinted.net/t/06_018ee_LUxvMJFzvwpfiZLbrh2MRxjM/310x430/1771162317.webp?s=819e0c03ca1f2ac5e093460e10b0088498289120,1,10,Prada
Gafas de sol Prada,142.4,Prada,0,https://www.vinted.it/items/8184230869-gafas-de-sol-prada?referrer=catalog,0,8184230869,On Sale,,,https://images1.vinted.net/t/05_01828_GfQx3neECSryfXgZdRoRgDLN/310x430/1771183908.webp?s=6b8ac005c350e0ab8947c771d90b09071b6d994e,1,10,Prada
Borsa Prada pelle,1.938,Prada,0,https://www.vinted.it/items/8182197296-borsa-prada-pelle?referrer=catalog,5,8182197296,On Sale,,,https://images1.vinted.net/t/05_00c31_mpjrC6CTJ3sLpjAy7b1RU9BD/310x430/1771172726.webp?s=d50123ea55e4fcd6ccaa5950ca69d3f4949fccf5,1,10,Prada
Stringate Prada,368.2,Prada,40,https://www.vinted.it/items/8178108538-stringate-prada?referrer=catalog,0,8178108538,On Sale,,,https://images1.vinted.net/t/01_01627_KxXLQVkxsZ6YigmKNXkGfZBe/310x430/1771154246.webp?s=112eb60a3bb4e0897cf1c4a1c5ea2817b756cd59,1,10,Prada
portefeullie of Clutch - Prada,231.7,Prada,0,https://www.vinted.it/items/8180796484-portefeullie-of-clutch-prada?referrer=catalog,2,8180796484,On Sale,,,https://images1.vinted.net/t/06_02623_3DaeRdUXD5XpTmxNmgQSTmTL/310x430/1771166734.webp?s=a51c123c506442acccc2318ea213a7cb40b0b3da,1,10,Prada
Portafoglio Prada,368.2,Prada,0,https://www.vinted.it/items/8180333211-portafoglio-prada?referrer=catalog,0,8180333211,On Sale,,,https://images1.vinted.net/t/05_00fff_4GvgXVNiEeE8GTC9mLNMkwRx/310x430/1771164731.webp?s=8b5f958882761d3eaf9d6840ffddcb89db611176,1,10,Prada
Sandale Prada neuve,622.2,Prada,39,https://www.vinted.it/items/8185281462-sandale-prada-neuve?referrer=catalog,2,8185281462,On Sale,,,https://images1.vinted.net/t/01_01ade_ZNTrVc6AgKpVkdbKpfxAmeXs/310x430/1771193073.webp?s=16d3876f2251e600e4e5de942f11363d9055a7b8,1,10,Prada
Falda Prada,79.45,Prada,L / IT 44 / EU 40,https://www.vinted.it/items/8177293393-falda-prada?referrer=catalog,1,8177293393,On Sale,,,https://images1.vinted.net/t/03_0022e_EPEFkJqXRm5JL8fxWQPCT53L/310x430/1771150033.webp?s=7b588f763e5f1a92e62ce9b42b5eef30cd1edacb,1,10,Prada
Prada Loafer,714.0,Prada,39,https://www.vinted.it/items/8184437779-prada-loafer-39?referrer=catalog,3,8184437779,On Sale,,,https://images1.vinted.net/t/01_015e7_UNtxUcyceijamEkoXLnqpavt/310x430/1771185342.webp?s=b76cf860f36c5c5e3105fdcf1fd97410e52edb94,1,10,Prada
Prada Schlappen,131.95,Prada,37,https://www.vinted.it/items/8185065241-prada-schlappen?referrer=catalog,0,8185065241,On Sale,,,https://images1.vinted.net/t/01_01b8f_Akp1pCJkA65scvByAiLS3N2i/310x430/1771190511.webp?s=c1ecd5376bffa1bc1abdbb2d7f37ce47e66ead42,1,10,Prada
Prada paradoxe radical essence,36.4,Prada,0,https://www.vinted.it/items/8200240340-prada-paradoxe-radical-essence?referrer=catalog,0,8200240340,On Sale,,,https://images1.vinted.net/t/03_017be_Yz9MDv8fEBJf8gkQScqLtX4r/310x430/1771363669.webp?s=95a65189c2443ab6916a45150d18b8b5583b5651,1,1,Prada
occhiali da sole prada,62.65,Prada,0,https://www.vinted.it/items/8200235397-occhiali-da-sole-prada?referrer=catalog,1,8200235397,On Sale,,,https://images1.vinted.net/t/05_01c27_wr68CM2pbEL6U9n3Kze7LQwd/310x430/1771363612.webp?s=9bfba29566ed773d38f1760cc47879eec23aaf23,1,1,Prada
Portachiavi Prada,74.2,Prada,0,https://www.vinted.it/items/8200225250-portachiavi-prada?referrer=catalog,0,8200225250,On Sale,,,https://images1.vinted.net/t/06_00e5a_MUzX2qBdHpUcJTUuwq8J8TjX/310x430/1771363499.webp?s=8d786c98cc7344b3d4b7ba4d0b0e2f5ebd708065,1,1,Prada
Prada paradoxe,37.45,Prada,0,https://www.vinted.it/items/8200169481-prada-paradoxe?referrer=catalog,0,8200169481,On Sale,,,https://images1.vinted.net/t/06_00078_h8eva77bXcqX4PMvjgBgXQPq/310x430/1771362902.webp?s=c88dfb2b64d98ae7d531fd65830861a67c8e9e8e,1,1,Prada
Prada occhiali,158.2,Prada,0,https://www.vinted.it/items/8200242321-prada-occhiali?referrer=catalog,0,8200242321,On Sale,,,https://images1.vinted.net/t/06_009a7_Mm8LMW9p7Fq91t1CmanprzeC/310x430/1771363692.webp?s=92e3db4229155366267f5cd081b1ade1e0fae1a2,1,1,Prada
Portachiavi/accessorio borsa prada,68.95,Prada,0,https://www.vinted.it/items/8200047490-portachiaviaccessorio-borsa-prada?referrer=catalog,1,8200047490,On Sale,,,https://images1.vinted.net/t/05_023c5_2WaTjSBTzNhfSnbWoHU7AWvy/310x430/1771361721.webp?s=5d501bfdfd328ef443d068d97c7df118d8c0cd58,1,1,Prada
Pochette Prada,368.2,Prada,0,https://www.vinted.it/items/8199982243-pochette-prada?referrer=catalog,4,8199982243,On Sale,,,https://images1.vinted.net/t/05_0060b_ciRvgQXrKJ8juwqiT38tnume/310x430/1771361129.webp?s=85209ea82566b38cb03c52b624a4c67ff9f79a38,1,1,Prada
Prada la femme miniature 8ml EDP,11.2,Prada,0,https://www.vinted.it/items/8200287500-prada-la-femme-miniature-8ml-edp?referrer=catalog,0,8200287500,On Sale,,,https://images1.vinted.net/t/05_0083e_RkPDywZf6wiDF1uvejGzVL8o/310x430/1771364217.webp?s=9fba4e4ed8be040fa35c40c0f069073cfad79938,1,1,Prada
Prada paradoxe Parfüm 50ml,58.45,Prada,0,https://www.vinted.it/items/8200285981-prada-paradoxe-parfum-50ml?referrer=catalog,0,8200285981,On Sale,,,https://images1.vinted.net/t/06_00111_33yCuhGFxt8i5q7RWY1E8Cbe/310x430/1771364199.webp?s=d0df2a798a2e4688515880bc8963173d5ab1ac74,1,1,Prada
Lunettes de soleil Prada,47.95,Prada,0,https://www.vinted.it/items/8200274100-lunettes-de-soleil-prada?referrer=catalog,2,8200274100,On Sale,,,https://images1.vinted.net/t/05_002bf_5Q7XBv1fSdYVCDMQoqxRak3g/310x430/1771364057.webp?s=525a6d67bed88a8d420d115fb7d583fc7e03d230,1,1,Prada
Prada paradoxe radical essence mini,13.3,Prada,0,https://www.vinted.it/items/8200232546-prada-paradoxe-radical-essence-mini?referrer=catalog,0,8200232546,On Sale,,,https://images1.vinted.net/t/05_00c7a_B5QmhhuT4h28g3A35rYiCkHW/310x430/1771363580.webp?s=aaa9d26362cf60707676fc465b5087fc26e597fb,1,1,Prada
Prada - Bundle of Perfumes,32.2,Prada,0,https://www.vinted.it/items/8200250559-prada-bundle-of-perfumes?referrer=catalog,0,8200250559,On Sale,,,https://images1.vinted.net/t/05_0060e_MNkQaSFkF3hjYpYpnwXovHda/310x430/1771363786.webp?s=926e32562c5a35c9b69c9e32a0c4a91a3f1df58a,1,1,Prada
Prada infusion d’ylang,58.45,Prada,0,https://www.vinted.it/items/8200217393-prada-infusion-dylang?referrer=catalog,0,8200217393,On Sale,,,https://images1.vinted.net/t/01_00280_TsmaLCx8iW32SiF4Wt8utXJL/310x430/1771363411.webp?s=c3de0efa88af69cab624674d9b89f031a740304d,1,1,Prada
Óculos de Sol Prada,53.2,Prada,0,https://www.vinted.it/items/8200228391-oculos-de-sol-prada?referrer=catalog,1,8200228391,On Sale,,,https://images1.vinted.net/t/06_00c26_zWoTkjbC6U4pXjVrAn5hPAuu/310x430/1771363533.webp?s=1f57985e5396fec5a280a5806826caf294cdf176,1,1,Prada
Prada infusion de vanille,58.45,Prada,0,https://www.vinted.it/items/8200202269-prada-infusion-de-vanille?referrer=catalog,0,8200202269,On Sale,,,https://images1.vinted.net/t/04_00490_Jpczp6HhHzcq94vuc4tkKVyu/310x430/1771363247.webp?s=8138bbc9860bf89d8f300b30454c17654f721ec4,1,1,Prada
2 recharges poudre lumineuse Prada teinte 03,37.45,Prada,0,https://www.vinted.it/items/8200190437-2-recharges-poudre-lumineuse-prada-teinte-03?referrer=catalog,0,8200190437,On Sale,,,https://images1.vinted.net/t/05_00fd8_u5USAKDBRZ1mznzv8n7SamPt/310x430/1771363123.webp?s=88dd1fb690ab0282fc81d08fbba8f51008d1556b,1,1,Prada
Prada Cups grey,95.2,Prada,42,https://www.vinted.it/items/8200215996-prada-cups-grey?referrer=catalog,1,8200215996,On Sale,,,https://images1.vinted.net/t/03_00c02_kaanWPb87cse1HQt7fZFPGwa/310x430/1771363397.webp?s=2dbaa6b1f4bba257ed2c2a627c9fed38a058cbf5,1,1,Prada
PRADA Paradoxe Radical Essence 30ml,44.8,Prada,0,https://www.vinted.it/items/8200150671-prada-paradoxe-radical-essence-30ml?referrer=catalog,0,8200150671,On Sale,,,https://images1.vinted.net/t/01_000cd_RsT1ZswhbTStyLXNVhsg1HZo/310x430/1771362713.webp?s=7497b2dffef64c05b5cbe2c0bbb424258fdf0a7d,1,1,Prada
Botas Prada Monolith Re-Nylon Piel Negras Talla 39Botas Prada Monolith Re-Nylon Piel Negras Talla 39,314.65,Prada,39,https://www.vinted.it/items/8200173665-botas-prada-monolith-re-nylon-piel-negras-talla-39botas-prada-monolith-re-nylon-piel-negras-talla-39?referrer=catalog,0,8200173665,On Sale,,,https://images1.vinted.net/t/06_01931_2XvR2n1NSn4qqHP8CVk3HZNK/310x430/1771362946.webp?s=f683682679a973a0cb800a01407ba8b5b519f330,1,1,Prada
Sunglasses Prada Vintage Y2K - Made in Italy,158.2,Prada,0,https://www.vinted.it/items/8200156847-sunglasses-prada-vintage-y2k-made-in-italy?referrer=catalog,0,8200156847,On Sale,,,https://images1.vinted.net/t/06_01976_fasDEPdShgUDUJsBTWnAg4Bo/310x430/1771362775.webp?s=e9b0b689c6432c17df6884a74262ae64c77e3b4d,1,1,Prada
Baskets Sneakers Prada America’s Cup Nevada Bike 7.5 43,368.2,Prada,43,https://www.vinted.it/items/8200157055-baskets-sneakers-prada-americas-cup-nevada-bike-75-43?referrer=catalog,1,8200157055,On Sale,,,https://images1.vinted.net/t/06_0166e_eJcNL14te2V65Vz1ZHR3DaRb/310x430/1771362777.webp?s=8211c918a299400dc77552718eca499e73ba95e2,1,1,Prada
Livre: Vengeance en Prada,2.8,No brand,0,https://www.vinted.it/items/8200155394-livre-vengeance-en-prada?referrer=catalog,0,8200155394,On Sale,,,https://images1.vinted.net/t/05_02697_CfXPYDy63KagB4dLEjTrQmBe/310x430/1771362760.webp?s=078b90c3d1d487509518bdce12186a6a0856499c,1,1,Prada
Prada cup,142.45,No brand,39,https://www.vinted.it/items/8199173966-prada-cup?referrer=catalog,1,8199173966,On Sale,,,https://images1.vinted.net/t/06_007b5_DiUxF7hvHmq4sn3zjhuxCEo9/310x430/1771354605.webp?s=f8146fd3abf555341fafb099eda23e6251c472c3,1,2,Prada
Sac Prada Cabas en cuir,1.25965,Prada,0,https://www.vinted.it/items/8199168183-sac-prada-cabas-en-cuir?referrer=catalog,6,8199168183,On Sale,,,https://images1.vinted.net/t/05_0187a_iefspXg9rChD1LpyMndMAoke/310x430/1771354562.webp?s=723bb67a581e020bfe440e4097f436da4d85c22d,1,2,Prada
Prada denim jacket,368.2,Prada,S / IT 40 / EU 36,https://www.vinted.it/items/8199164249-prada-denim-jacket?referrer=catalog,0,8199164249,On Sale,,,https://images1.vinted.net/t/03_0253e_eLTBUwtFqAMVvx79zxt3eLTW/310x430/1771354531.webp?s=f0c1c7dfcab47342cf3d78a455fcfa9f7ac8206e,1,2,Prada
Prada Parka doudoune,666.4,Prada,M / IT 42 / EU 38,https://www.vinted.it/items/8199161066-prada-parka-doudoune?referrer=catalog,0,8199161066,On Sale,,,https://images1.vinted.net/t/05_017c1_g2o6sej3ThyyJnXsY6gLLUQX/310x430/1771354506.webp?s=46ea43b9968c35bd69cc2408bd8871ab1f6f3d1b,1,2,Prada
Prada Pantoletten Sandalen,420.7,Prada,37,https://www.vinted.it/items/8199132709-prada-pantoletten-sandalen?referrer=catalog,0,8199132709,On Sale,,,https://images1.vinted.net/t/03_01972_27565AFfbkFiKP6rVKjtwhhH/310x430/1771354286.webp?s=1735e0fc0443cb131e5d9b2cad35c01e158e3a1c,1,2,Prada
Lunettes de soleil Prada,189.7,Prada,0,https://www.vinted.it/items/8199099036-lunettes-de-soleil-prada?referrer=catalog,0,8199099036,On Sale,,,https://images1.vinted.net/t/01_022ae_osLDteUr2bv3JkMqoGV7rGs1/310x430/1771354024.webp?s=0a148c80492106bd052037d2d4b6adfd315ddbcb,1,2,Prada
Sandali Prada,420.7,Prada,38,https://www.vinted.it/items/8196393756-sandali-prada?referrer=catalog,6,8196393756,On Sale,,,https://images1.vinted.net/t/06_00ad8_GSEFtmyCQb3FYEmRMZyuHQcV/310x430/1771336363.webp?s=77f3bbdb9ae67cbc5f7538aebfcc998d7900b5e8,1,4,Prada
Gafas Prada nuevas,158.2,Prada,0,https://www.vinted.it/items/8195270615-gafas-prada-nuevas?referrer=catalog,26,8195270615,On Sale,,,https://images1.vinted.net/t/04_001cf_d76sVnFASBNoPRDfP6P9E7tc/310x430/1771328845.webp?s=560b102582ce69163309b7ff1ba1e5eee919f84e,1,5,Prada
Prada-Schal,263.2,Prada,0,https://www.vinted.it/items/8195271373-prada-schal?referrer=catalog,0,8195271373,On Sale,,,https://images1.vinted.net/t/05_01b4c_cheJjaRae6Z56Gdo9XLNqPam/310x430/1771328850.webp?s=a62c0531ba7ad634f9b18d72ec4ad81be8a10d57,1,5,Prada
Prada Paradoxe intense,74.2,Prada,0,https://www.vinted.it/items/8192265371-prada-paradoxe-intense?referrer=catalog,5,8192265371,On Sale,,,https://images1.vinted.net/t/05_00187_v1bHhjjKcmLvCPJAajvJFMyB/310x430/1771272181.webp?s=5e00f6dde26feeb398f2603665651479ada0c299,1,7,Prada
Maglione Prada Nero M,105.7,Prada,M / IT 42 / EU 38,https://www.vinted.it/items/8192273287-maglione-prada-nero-m?referrer=catalog,2,8192273287,On Sale,,,https://images1.vinted.net/t/04_015e6_d6QbjAgfmiwBjUjz8PRTMacQ/310x430/1771272241.webp?s=30e772b19bc1768486a02588ea92e1550b9efe95,1,7,Prada
Matite Prada Luxury,16.45,Prada,0,https://www.vinted.it/items/8188937464-matite-prada-luxury?referrer=catalog,4,8188937464,On Sale,,,https://images1.vinted.net/t/06_00fad_7LU5DxPjRAbLxryHZefBz7wc/310x430/1771251481.webp?s=70054faddb1e8b16afab8dbea21da9c3da5467a9,1,7,Prada
Prada Paradigme 100 ml,55.3,Prada,0,https://www.vinted.it/items/8187905217-prada-paradigme-100-ml?referrer=catalog,2,8187905217,On Sale,,,https://images1.vinted.net/t/06_01604_hkXgiHDAxXZHxfq1ZHYjeQYT/310x430/1771245155.webp?s=6c3e6b9078a0d7238409cbcd60c9e98442702cca,1,7,Prada
Astuccio Prada Linea Rossa,11.2,Prada,0,https://www.vinted.it/items/8192575267-astuccio-prada-linea-rossa?referrer=catalog,1,8192575267,On Sale,,,https://images1.vinted.net/t/06_01cf5_LWHBk5kWXKPcWvRgRzkiGw7N/310x430/1771274643.webp?s=006f7c8fc739c7571d4f02ab06b8fce2401782d3,1,7,Prada
EDP Parfum Prada Tainted Love 100ml,116.2,Prada,0,https://www.vinted.it/items/8186674857-edp-parfum-prada-tainted-love-100ml?referrer=catalog,10,8186674857,On Sale,,,https://images1.vinted.net/t/04_012e3_h4obE2h1y2BS6eQ73GaJP1Pn/310x430/1771236720.webp?s=1ec87c642da06731fcd40ae5bf5c8627becf0a8b,1,7,Prada
Cintura elastica Prada,31.15,Prada,110 cm,https://www.vinted.it/items/8161693670-cintura-elastica-prada?referrer=catalog,1,8161693670,On Sale,,,https://images1.vinted.net/t/06_015e6_6zWBw1RZjqk8sfrbyf5yaySh/310x430/1770926525.webp?s=71b9b71b42c94e69f8b3e0712dcdb885b9b4893f,1,7,Prada
Profumo Prada,68.95,Prada,0,https://www.vinted.it/items/8190838167-profumo-prada?referrer=catalog,2,8190838167,On Sale,,,https://images1.vinted.net/t/04_01bea_J5QGqNw36i8tLTF19vCSbSSv/310x430/1771262380.webp?s=52a92373b54b2dce251a5579d59e5ace2758350c,1,7,Prada
Prada Infusion D'iris Eau de Parfum Unisex 100ml,79.45,Prada,0,https://www.vinted.it/items/8192398445-prada-infusion-diris-eau-de-parfum-unisex-100ml?referrer=catalog,3,8192398445,On Sale,,,https://images1.vinted.net/t/05_00e24_bfFWavij9T3SvTiZB2ATcpNw/310x430/1771273204.webp?s=5a9e220c03095840c956ed1930b9df3b9d98866e,1,7,Prada
Perfume Prada,51.1,Prada,0,https://www.vinted.it/items/8191005710-perfume-prada?referrer=catalog,1,8191005710,On Sale,,,https://images1.vinted.net/t/06_00eb3_Z8d8i4pmDzDKZW1VzPhANT1L/310x430/1771263422.webp?s=5fbf6b647c71a96a429c496558aea29f03897773,1,7,Prada
Perfume prada paradoxe,73.15,Prada,0,https://www.vinted.it/items/8187040374-perfume-prada-paradoxe?referrer=catalog,2,8187040374,On Sale,,,https://images1.vinted.net/t/04_0191a_VcgbdQpz7rjvfB6dW5XmdLtz/310x430/1771239292.webp?s=c7b81c2068e034021e9578ec679ae9abfe1ee77e,1,7,Prada
Prada Paradigme 100ml,58.45,Prada,0,https://www.vinted.it/items/8192153476-prada-paradigme-100ml?referrer=catalog,1,8192153476,On Sale,,,https://images1.vinted.net/t/04_01df1_6CXVkkUG8BzhvdfNxe7JMU8u/310x430/1771271346.webp?s=59023fb4bb595345f6f767ea9d380efa111ab867,1,7,Prada
Colgantes con gancho para cadena o pulseras.,8.05,Prada,0,https://www.vinted.it/items/8192019091-colgantes-con-gancho-para-cadena-o-pulseras?referrer=catalog,10,8192019091,On Sale,,,https://images1.vinted.net/t/06_01c5f_vqvGBBUcHHbfccwjJnZf7aZx/310x430/1771270355.webp?s=570531a4e6170887f35e68a471473abfbc016037,1,7,Prada
Lunette de soleil PRADA,84.7,Prada,0,https://www.vinted.it/items/8192684681-lunette-de-soleil-prada?referrer=catalog,4,8192684681,On Sale,,,https://images1.vinted.net/t/06_021ef_2fwUuavaCJ4SxzQjaTaADnho/310x430/1771275596.webp?s=e9c3cda238bf129746e95760f7d3db36650ed02c,1,7,Prada
Monedero agatha Ruiz,29.05,Agatha Ruiz de la Prada,0,https://www.vinted.it/items/8185685144-monedero-agatha-ruiz?referrer=catalog,33,8185685144,On Sale,,,https://images1.vinted.net/t/03_01e5a_WesTGJQHa3jNSqHaj58kJBHM/310x430/1771219375.webp?s=06f5539189270e0577b7ea928a19526a7b10b780,1,7,Prada
Mochila Prada,663.0,Prada,0,https://www.vinted.it/items/8191839583-mochila-prada?referrer=catalog,6,8191839583,On Sale,,,https://images1.vinted.net/t/05_01794_qye711XRod3383X4WupAPKXo/310x430/1771269057.webp?s=cdbc9dd1fa311dc9a68f57bfd81c92cd1058f577,1,8,Prada
Cartera billetera mujer Agatha Ruiz de la Prada fucsia,14.25,Agatha,0,https://www.vinted.it/items/8186786096-cartera-billetera-mujer-agatha-ruiz-de-la-prada-fucsia?referrer=catalog,56,8186786096,On Sale,,,https://images1.vinted.net/t/06_00550_WBhLYT5bZ8oAXAufzkNNLR3W/310x430/1771237535.webp?s=22ff310aa3c5948d1bf0fde97ad6b8c1cc0067de,1,8,Prada
NEU Prada Sneaker,610.98,Prada,37,https://www.vinted.it/items/8192836196-neu-prada-sneaker?referrer=catalog,1,8192836196,On Sale,,,https://images1.vinted.net/t/06_0214a_Qog1ruo7hy79Dpa43gZr82Ua/310x430/1771277060.webp?s=bdc9551b8ee8e6a2290a0518c7a147433ad797a5,1,8,Prada
Prada cup 46,147.7,Prada,46,https://www.vinted.it/items/8191403829-prada-cup-46?referrer=catalog,10,8191403829,On Sale,,,https://images1.vinted.net/t/06_00b39_w5GwmDtM9qZX2XWsNz3EDH1Q/310x430/1771266005.webp?s=2c9def932661724a3fc253adb8a7f707871cda14,1,8,Prada
Parfum,56.35,Prada,0,https://www.vinted.it/items/8186762140-parfum?referrer=catalog,2,8186762140,On Sale,,,https://images1.vinted.net/t/05_02365_GvwxNEFJby7tikZ1teJnJdGC/310x430/1771237363.webp?s=6ac836eae657bc49142b22231caf0dd250404987,1,8,Prada
Prada riem,84.7,Prada,100 cm,https://www.vinted.it/items/8190347780-prada-riem?referrer=catalog,1,8190347780,On Sale,,,https://images1.vinted.net/t/06_0123e_MTNQwqoASQZ6n4ugPv22MNqr/310x430/1771259486.webp?s=432fc194dd3b90a269af55496076aa1e488bdc72,1,8,Prada
Lunette femme de soleil prada,121.45,Prada,0,https://www.vinted.it/items/8191985802-lunette-femme-de-soleil-prada?referrer=catalog,0,8191985802,On Sale,,,https://images1.vinted.net/t/06_006c4_HPjoznVdevhRorDWS4sB4ois/310x430/1771270110.webp?s=61434b872ed8aa011a30bb0fa8f6a2aa74f12a39,1,8,Prada
Fazzoletto da taschino Prada,184.45,Prada,0,https://www.vinted.it/items/8188156663-fazzoletto-da-taschino-prada?referrer=catalog,5,8188156663,On Sale,,,https://images1.vinted.net/t/06_0058c_dQHGekRbsCzXpubpi69MsFCN/310x430/1771246756.webp?s=9a5e9f1de1885773c0a71cfd99425680aa0344d1,1,8,Prada
Prada Radical Essence profumo 90 ml,52.15,Prada,0,https://www.vinted.it/items/8182700210-prada-radical-essence-profumo-90-ml?referrer=catalog,14,8182700210,On Sale,,,https://images1.vinted.net/t/05_011e3_9VfUWa6sq1Sy9KSL1u5h8VDn/310x430/1771175023.webp?s=ac150f479cb4284649b29a8a8608a75d120822e7,1,8,Prada
Occhiali Prada,210.7,Prada,0,https://www.vinted.it/items/8186932914-occhiali-prada?referrer=catalog,32,8186932914,On Sale,,,https://images1.vinted.net/t/06_00e93_bGaHGMyGjzgGNEUBXLU42TfM/310x430/1771238555.webp?s=1197999898a359009a372aabccfba46a9a5e6edd,1,8,Prada
Prada Primer,30.1,Prada,0,https://www.vinted.it/items/8191536032-prada-primer?referrer=catalog,1,8191536032,On Sale,,,https://images1.vinted.net/t/04_011ca_wWvCJgoit1DQ4bRKBpnBdL5h/310x430/1771266905.webp?s=10e8f96f1664814b35ccc9053e544140f399ca70,1,8,Prada
Brille mit Sehstärke,105.7,Prada,0,https://www.vinted.it/items/8190286413-brille-mit-sehstarke?referrer=catalog,1,8190286413,On Sale,,,https://images1.vinted.net/t/05_00b67_4jnbkBJuwZyTcrbZyJ2DNVk4/310x430/1771259133.webp?s=7c0d0f671a9b2f11fe559ac4100c20c501335f78,1,8,Prada
Prada Paradoxe profumo donna 30 ml,53.2,Prada,0,https://www.vinted.it/items/8188316854-prada-paradoxe-profumo-donna-30-ml?referrer=catalog,0,8188316854,On Sale,,,https://images1.vinted.net/t/01_019a7_TpguW42jefzpxu3m12jtnnVx/310x430/1771247760.webp?s=fd7d5a78454b8b966e32e3f3e075b203ae26b234,1,8,Prada
prada rouge,105.7,Prada,41,https://www.vinted.it/items/8190834209-prada-rouge?referrer=catalog,6,8190834209,On Sale,,,https://images1.vinted.net/t/02_00468_drE4dQXPgo9qLEau8XHc6E6J/310x430/1771262355.webp?s=b7d60d32d0327e1974ca78da21dd531cd7d17e63,1,9,Prada
Ocean Luna Rossa Prada 150 ml,62.65,Prada,0,https://www.vinted.it/items/8190892400-ocean-luna-rossa-prada-150-ml?referrer=catalog,1,8190892400,On Sale,,,https://images1.vinted.net/t/04_01b53_UZo7no3Q49oj6KoVv94Xsqa1/310x430/1771262713.webp?s=33ad5a17d33291315aacccb423abf00bc469cc99,1,9,Prada
Lait pour le corps Prada NEUF,9.1,Prada,0,https://www.vinted.it/items/8186838864-lait-pour-le-corps-prada-neuf?referrer=catalog,11,8186838864,On Sale,,,https://images1.vinted.net/t/05_02231_BqE3NnFfxKauFmBNwQmKVeGT/310x430/1771237905.webp?s=aa0397af3a4c86ca128b42a5515779fda1b327e8,1,9,Prada
Damen Parfum,74.2,Prada,0,https://www.vinted.it/items/8178763790-damen-parfum?referrer=catalog,3,8178763790,On Sale,,,https://images1.vinted.net/t/05_0088d_P8arh7XA4AfLu8fw5zmGRWij/310x430/1771157482.webp?s=39e8e77ea6cbe2d09fb325d821f4c0d3938ce4a0,1,9,Prada
Borsa mod Prada,19.6,No brand,0,https://www.vinted.it/items/8188147533-borsa-mod-prada?referrer=catalog,0,8188147533,On Sale,,,https://images1.vinted.net/t/05_01236_zqvNbQJaHhBkCi2nUPvbWxxP/310x430/1771246698.webp?s=ac6bee649a68086cd82598d527e990f494333bda,1,9,Prada
"Portafoglio ""Prada"" donna",74.2,Prada,0,https://www.vinted.it/items/8158981697-portafoglio-prada-donna?referrer=catalog,2,8158981697,On Sale,,,https://images1.vinted.net/t/05_00060_dudg62ZrzQhq7rZfBYTE3j56/310x430/1770903809.webp?s=b69096b51db4826a891040db793443d6f01c638d,1,9,Prada
Prada grey knit,105.7,Prada,M,https://www.vinted.it/items/8181046958-prada-grey-knit?referrer=catalog,35,8181046958,On Sale,,,https://images1.vinted.net/t/05_0056c_BzUCWjvkmUMGgKwWRrEpavfD/310x430/1771167808.webp?s=0706d7976ca0e0d6af1611e35cc37035fa952998,1,9,Prada
Prada Cups,125.65,Prada,43,https://www.vinted.it/items/8190782429-prada-cups?referrer=catalog,3,8190782429,On Sale,,,https://images1.vinted.net/t/06_015e0_YAv6bfm8zEoHUF75PKZUBMHk/310x430/1771262041.webp?s=6401b09b408a8e9e62efcaa24ec3f5507299230f,1,9,Prada
Lunette Prada SPR16W,42.7,Prada,0,https://www.vinted.it/items/8184263050-lunette-prada-spr16w?referrer=catalog,62,8184263050,On Sale,,,https://images1.vinted.net/t/06_007a2_wY4WALqsaoEfC4ZEc5eDvAQE/310x430/1771184167.webp?s=b49ddf7a7a278bb2efb86d8fc15cbec50b2fa59e,1,9,Prada
Parfum prada,84.7,Prada,0,https://www.vinted.it/items/8188248859-parfum-prada?referrer=catalog,3,8188248859,On Sale,,,https://images1.vinted.net/t/04_012e1_Xr843TCB2SX2AsRSTPTg6ZBm/310x430/1771247336.webp?s=a81d88d8e924f7ee51b05256490c716f4d9844e3,1,9,Prada
Sacchetto per scarpe / borse,4.9,Prada,0,https://www.vinted.it/items/8186905126-sacchetto-per-scarpe-borse?referrer=catalog,3,8186905126,On Sale,,,https://images1.vinted.net/t/06_008f4_hkRpTC95nEN9JdYuv4pZbW2o/310x430/1771240001.webp?s=b5c378aa0198085461711aad240865c2fdedfedf,1,9,Prada
Sac prada authentique,116.2,Prada,0,https://www.vinted.it/items/8188503409-sac-prada-authentique?referrer=catalog,4,8188503409,On Sale,,,https://images1.vinted.net/t/06_0233e_WP7xcCNodk6hU2YGHBGKHfDb/310x430/1771248902.webp?s=c81832dbb9b9cef23ba6b2766be890a9b3dfb6a0,1,9,Prada
Portachiavi originale Prada,26.95,Prada,0,https://www.vinted.it/items/8186697397-portachiavi-originale-prada?referrer=catalog,0,8186697397,On Sale,,,https://images1.vinted.net/t/05_01228_6Dmh3hrsvYip66jm858Yk9MC/310x430/1771236970.webp?s=419dd52e8b08b03d9af561b7463437ab8a600ff2,1,9,Prada
Prada Cups,95.2,Prada,43,https://www.vinted.it/items/8187746748-prada-cups?referrer=catalog,7,8187746748,On Sale,,,https://images1.vinted.net/t/06_01bec_Z3pM46Nx5b1iQ73K6tZfnNyJ/310x430/1771244110.webp?s=5992d9ad38d0915669bff2e0036b5a45245b5af0,1,9,Prada
Tuta Prada,231.7,Prada,L,https://www.vinted.it/items/8180743246-tuta-prada?referrer=catalog,6,8180743246,On Sale,,,https://images1.vinted.net/t/06_01d1b_EX5iDnsh7xxNvd1jmA9jCPhf/310x430/1771166507.webp?s=6ba36f8303cc81193591b905350130a2bc82b314,1,9,Prada
Lunette Prada,263.2,Prada,0,https://www.vinted.it/items/8191294273-lunette-prada?referrer=catalog,0,8191294273,On Sale,,,https://images1.vinted.net/t/05_02372_f7zxfWvtYeqSYdMuGbAtKWFe/310x430/1771265277.webp?s=f7e43bbcffccbb318ec59ef34d39b351340c137b,1,9,Prada
Prada Stylo Roller,278.95,Prada,0,https://www.vinted.it/items/8188067380-prada-stylo-roller?referrer=catalog,0,8188067380,On Sale,,,https://images1.vinted.net/t/05_00f9a_2TdzjdBCiMojBoh1YLTSFYhz/310x430/1771246194.webp?s=0e5fd8ee1cdf7e9560add3463aa6394cb4113230,1,9,Prada
Prada Sneakers  messi 1 volta,158.2,Prada,37,https://www.vinted.it/items/8188578504-prada-sneakers-messi-1-volta?referrer=catalog,0,8188578504,On Sale,,,https://images1.vinted.net/t/04_017ae_4WCQeAKityyypEtDEzfMsjfw/310x430/1771249357.webp?s=f2ca59f143682d2c5eac7aba9ebcdf4af7fdba1d,1,9,Prada
Prada borsa tracolla,58.45,Prada,0,https://www.vinted.it/items/8186612868-prada-borsa-tracolla?referrer=catalog,3,8186612868,On Sale,,,https://images1.vinted.net/t/05_010fa_PGuvwY9B7vXrohDegJ8txk8Q/310x430/1771236248.webp?s=ef72513a11989af5ab483fb62dcaa719c8505c8e,1,9,Prada
Prada la femme,68.95,Prada,0,https://www.vinted.it/items/8188836207-prada-la-femme?referrer=catalog,1,8188836207,On Sale,,,https://images1.vinted.net/t/05_0139f_GkiCvb4hnCjWPVwk9LdU1RP4/310x430/1771250891.webp?s=861817d0694c0ae388ed5bb9a2f6ec579edf8e17,1,9,Prada
Prada Sneaker - 44,137.2,Footkorner,44,https://www.vinted.it/items/8192870124-prada-sneaker-44?referrer=catalog,3,8192870124,On Sale,,,https://images1.vinted.net/t/06_002c9_T1nyhiijYSaFad4awfpakVhc/310x430/1771277423.webp?s=eb37474decaffe6a1125a815a363e69a8fe32032,1,9,Prada
Sac à main bourse Prada,840.7,Prada,0,https://www.vinted.it/items/8190924502-sac-a-main-bourse-prada-avec-pochette-tissu-amovible?referrer=catalog,5,8190924502,On Sale,,,https://images1.vinted.net/t/05_012d5_5tH9EBguSxko7t9pqZueRfeA/310x430/1771262914.webp?s=05572c3d546fbe1ce7b46977a393f3dac54f0bd9,1,9,Prada
Prada Luna Rossa,58.45,Prada,0,https://www.vinted.it/items/8188511366-prada-luna-rossa?referrer=catalog,1,8188511366,On Sale,,,https://images1.vinted.net/t/06_0144d_6JYHFeTdjQ39UbBso2UHyaCS/310x430/1771248951.webp?s=385b80408bf191ca8ecff0767a8f157bc66b5b19,1,9,Prada
vestito longuette simil prada,53.2,No brand,M / IT 42 / EU 38,https://www.vinted.it/items/8188289877-vestito-longuette-simil-prada?referrer=catalog,1,8188289877,On Sale,,,https://images1.vinted.net/t/05_00602_D1h8eepkgCGWcMogYR2DSVnQ/310x430/1771247593.webp?s=132dbfa8a2e1b841fe499c656eb41a34e54593dd,1,9,Prada
Prada Stiefel Gr. 41 ! Neuwertig!,83.65,Prada,41,https://www.vinted.it/items/8188476098-prada-stiefel-gr-41-neuwertig?referrer=catalog,15,8188476098,On Sale,,,https://images1.vinted.net/t/06_006cd_r81nm6kiM6DiCV8WdEiKetsx/310x430/1771248735.webp?s=8be1ec6f12ecbde8c4760e9965d88fb316211251,1,9,Prada
occhiali da sole PRADA iconici,210.7,Prada,0,https://www.vinted.it/items/8187707823-occhiali-da-sole-prada-iconici?referrer=catalog,1,8187707823,On Sale,,,https://images1.vinted.net/t/01_0038a_CXVgyDVkfG9KD7UP3PNNBVQQ/310x430/1771243849.webp?s=a3ee4d825a9c80577408116169774544c21c2db8,1,9,Prada
Occhiali da sole donna Prada,104.65,Prada,0,https://www.vinted.it/items/8182442014-occhiali-da-sole-donna-prada?referrer=catalog,5,8182442014,On Sale,,,https://images1.vinted.net/t/05_01487_znAYkb6wcgSV7DiNNuTbcskh/310x430/1771173818.webp?s=127640c2d845abfaee2bb6ada3f23721fe6b0126,1,9,Prada
Bottiglietta da collezione,53.2,Prada,0,https://www.vinted.it/items/8177784588-bottiglietta-da-collezione?referrer=catalog,0,8177784588,On Sale,,,https://images1.vinted.net/t/05_020a9_4UYnXrefnXXddzyjzjqaJ5Tg/310x430/1771152629.webp?s=2952af3fa96fe94bc024565f285100bb45a95b12,1,9,Prada
Prada,788.2,Prada,0,https://www.vinted.it/items/8188516703-prada?referrer=catalog,1,8188516703,On Sale,,,https://images1.vinted.net/t/05_01fe8_YoGEmwzMQAsxCZvRZQXdYBjM/310x430/1771248984.webp?s=46b3bed66ac68d39466349d58472c5ff5b29da62,1,9,Prada
Prada Candy Florale 80 ml,38.5,Prada,0,https://www.vinted.it/items/8185029129-prada-candy-florale-80-ml?referrer=catalog,3,8185029129,On Sale,,,https://images1.vinted.net/t/06_01074_TPTgKSnsDsM3UyBVnRNUrEkW/310x430/1771190148.webp?s=75c2d91cc10a0011f482cfa970878cb8ea4ab4ed,1,9,Prada
Vintage Prada Riemchen Pumps High Heels Spitz Leder Schwarz Braun Gr. 40 40,205.45,Prada,40.5,https://www.vinted.it/items/8187556622-vintage-prada-riemchen-pumps-high-heels-spitz-leder-schwarz-braun-gr-40-405?referrer=catalog,30,8187556622,On Sale,,,https://images1.vinted.net/t/05_02134_kgdFP6iWqCnj5NrwrTMwPzEv/310x430/1771243422.webp?s=af84a8e80c4000c5dbdd972996a978ee8149a960,1,9,Prada
Prada infusión de rose,63.7,Prada,0,https://www.vinted.it/items/8188892198-prada-infusion-de-rose?referrer=catalog,0,8188892198,On Sale,,,https://images1.vinted.net/t/05_0076f_jHPyVAcy63N7GRT9ManssFeE/310x430/1771251219.webp?s=64ab92d84bcc07bba718f1ac8f627f6df0b4f74a,1,9,Prada
Mocassino prada,210.7,Prada,39,https://www.vinted.it/items/8184231761-mocassino-prada?referrer=catalog,26,8184231761,On Sale,,,https://images1.vinted.net/t/06_018de_z5yk78UCq8JbRFCN8BMbpGPr/310x430/1771183914.webp?s=8d345a1d21da0e91da4a84be9ce0b6fa5e04583c,1,9,Prada
Eau de parfum Prada Paradigme 30ml,74.2,Prada,0,https://www.vinted.it/items/8188595848-eau-de-parfum-prada-paradigme-30ml?referrer=catalog,0,8188595848,On Sale,,,https://images1.vinted.net/t/04_00de5_ovGFVYnsPnYfCUcYxWgbGjAx/310x430/1771249459.webp?s=92beb28ce4adbead4e6419a2760aae976df2e116,1,9,Prada
Sabot Prada. Sandalo tacco.,431.2,Prada,38,https://www.vinted.it/items/8187742096-sabot-prada-sandalo-tacco?referrer=catalog,9,8187742096,On Sale,,,https://images1.vinted.net/t/01_00fc6_3yPcMb3MtUpf9EXfQsi96x5p/310x430/1771244235.webp?s=3e1ce4c65394fd06b61c78205dc2804f64246411,1,9,Prada
piatto da collezione Prada x John Wesley “The Lair” 138/199,1.04545,Prada,0,https://www.vinted.it/items/8187753076-piatto-da-collezione-prada-x-john-wesley-the-lair-138199?referrer=catalog,3,8187753076,On Sale,,,https://images1.vinted.net/t/06_00850_rzmtKPyfD1Tb69FDY7CZawAQ/310x430/1771244474.webp?s=95426a654ecd7f1c7c1e4e34cc981014a8ebd763,1,9,Prada
Porta gioielli Prada vintage,116.2,Prada,0,https://www.vinted.it/items/8186622308-porta-gioielli-prada-vintage?referrer=catalog,0,8186622308,On Sale,,,https://images1.vinted.net/t/06_0264b_k7RpZA9jL2VExQM5uF64gSrW/310x430/1771236321.webp?s=1f675ea40c44c1f50296a2a9371498fe61a8e0da,1,9,Prada
Scarpe con tacco Prada beige / Beige Patent Leather,210.7,Prada,36,https://www.vinted.it/items/8180717213-scarpe-con-tacco-prada-beige-beige-patent-leather?referrer=catalog,106,8180717213,On Sale,,,https://images1.vinted.net/t/06_00fa4_NTcHaja1GJEBCBZZDcDQGAGW/310x430/1771166396.webp?s=251b796285ab255b04a1513dc5dff968096b32e5,1,9,Prada
Lunettes de soleil Prada,73.15,Prada,0,https://www.vinted.it/items/8187384866-lunettes-de-soleil-prada?referrer=catalog,2,8187384866,On Sale,,,https://images1.vinted.net/t/05_003c8_RtHefFDw5AVajUvQ7Rset3HH/310x430/1771241653.webp?s=5bf68e818808b6a9a6d492a0c563ab012db5a00b,1,9,Prada
Prada Brille Braun lila PR A05V NEU,158.2,Prada,0,https://www.vinted.it/items/8170342065-prada-brille-braun-lila-pr-a05v-neu?referrer=catalog,3,8170342065,On Sale,,,https://images1.vinted.net/t/04_01729_rqCxpmMqxjUouFf8yhZ4agxy/310x430/1771065014.webp?s=1e5735e29013f73814ad46a2526b75dae9d6f869,1,9,Prada
Prada Pouch,326.2,Prada,0,https://www.vinted.it/items/8187675927-prada-pouch?referrer=catalog,0,8187675927,On Sale,,,https://images1.vinted.net/t/05_01b63_ppWDesWHsik3qMqT4fvqUJ7C/310x430/1771243634.webp?s=fb188ad7dbe8df093df45c74e3688f9f221f4da1,1,9,Prada
Lunette prada femme,21.7,Prada,0,https://www.vinted.it/items/8187849745-lunette-prada-femme?referrer=catalog,3,8187849745,On Sale,,,https://images1.vinted.net/t/05_0268d_N45no2nPftWkzMQeJZbL8RE2/310x430/1771244791.webp?s=f77e897a6aedabe07fc9bef2daaaad87159ef4da,1,9,Prada
Prada Luna Rossa Carbon – Eau de Toilette 100 ml Neuf (scellé),95.2,Prada,0,https://www.vinted.it/items/8188746603-prada-luna-rossa-carbon-eau-de-toilette-100-ml-neuf-scelle?referrer=catalog,0,8188746603,On Sale,,,https://images1.vinted.net/t/05_00dde_kZ9CrSz4PJT13bGwarVqaGjy/310x430/1771250360.webp?s=e85365de54adc2f28509a514ce775fd95432ab1d,1,9,Prada
Little Book Of Prada,14.35,No brand,0,https://www.vinted.it/items/8188617098-little-book-of-prada?referrer=catalog,4,8188617098,On Sale,,,https://images1.vinted.net/t/04_01db3_cztTvAHbi3nhzSb7bwaZ3FFL/310x430/1771249586.webp?s=e34c91e8aab494f9bc951cca457ab073237a02a9,1,9,Prada
Prada Paradoxe Intense 90ml,53.2,Prada,0,https://www.vinted.it/items/8186721029-prada-paradoxe-intense-90ml?referrer=catalog,0,8186721029,On Sale,,,https://images1.vinted.net/t/06_00062_VD1DSk3jh2P77nLCDn8ZQj6k/310x430/1771237063.webp?s=1856591ce8dcde58653e35169d3c45ada074aa4c,1,9,Prada
Tacchi alti in pelle Prada taglia 37,74.2,Prada,37,https://www.vinted.it/items/8186269307-tacchi-alti-in-pelle-prada-taglia-37?referrer=catalog,2,8186269307,On Sale,,,https://images1.vinted.net/t/03_0073b_8WKvKDZEWdefGCq7sixQWzJt/310x430/1771233304.webp?s=ee120e7fe9aa30f5eebc340bf3722bd3bd1b10cd,1,9,Prada
Miniatura di profumo Prada,14.35,Prada,0,https://www.vinted.it/items/8189025497-miniatura-di-profumo-prada?referrer=catalog,6,8189025497,On Sale,,,https://images1.vinted.net/t/06_00dc9_P1zKjNiQJCwBrP75rcZgGjv7/310x430/1771251987.webp?s=e33b12736c38a2d6540add64158c33d75ccc16a6,1,10,Prada
Vestido bebé niña,11.2,Agatha Ruiz de la Prada,24-36 mesi / 92 cm,https://www.vinted.it/items/8189019325-vestido-bebe-nina?referrer=catalog,5,8189019325,On Sale,,,https://images1.vinted.net/t/06_00eae_ju8wx7RB1UozsGhcdbCRuc2i/310x430/1771251951.webp?s=36cfd5c2109574f242497a21063d7c835c06e58c,1,10,Prada
Prada luxe cadenas métal chrome neuf avec ses 2 clefs officiel,125.65,Prada,0,https://www.vinted.it/items/8188931702-prada-luxe-cadenas-metal-chrome-neuf-avec-ses-2-clefs-officiel?referrer=catalog,1,8188931702,On Sale,,,https://images1.vinted.net/t/06_00b89_yiWQrjLB7aucadxg5yeKwKmE/310x430/1771251508.webp?s=29c22c860fa803570023154260617754adcbaf47,1,10,Prada
Prada Candy Parfum Neu,40.6,Prada,0,https://www.vinted.it/items/8188890412-prada-candy-parfum-neu?referrer=catalog,15,8188890412,On Sale,,,https://images1.vinted.net/t/01_00bc9_hqTDgLHmfZwCysxaFbQCWDTU/310x430/1771251209.webp?s=6760bb246c82c38dd8c593646804de0ba0223f0a,1,10,Prada
Parfum prada paradoxe,95.2,Prada,0,https://www.vinted.it/items/8188849737-parfum-prada-paradoxe?referrer=catalog,0,8188849737,On Sale,,,https://images1.vinted.net/t/05_0124f_XWBe3GBsMBMKaajXqrvym1YN/310x430/1771250971.webp?s=937316fec7f2e55b13872375ca85fc490da13476,1,10,Prada
Prada leather boots bottes cuir noir,510.0,Prada,41,https://www.vinted.it/items/8188806372-prada-leather-boots-bottes-cuir-noir?referrer=catalog,0,8188806372,On Sale,,,https://images1.vinted.net/t/06_00ddc_ygj4yW8MkoRK5ybnTh5muL7v/310x430/1771250714.webp?s=c9b67ed1977640c0db943a89ffa9319f105edbfa,1,10,Prada
Parfum Prada Paradoxe,47.95,Prada,0,https://www.vinted.it/items/8188802865-parfum-prada-paradoxe?referrer=catalog,0,8188802865,On Sale,,,https://images1.vinted.net/t/06_019a9_RGegK5jJGVANj8ZMA8DpFzyT/310x430/1771250693.webp?s=a814c7032e8d4174e041213dcf31367d758312b4,1,10,Prada
Miniatura de Prada,11.2,Prada,0,https://www.vinted.it/items/8188775759-miniatura-de-prada?referrer=catalog,7,8188775759,On Sale,,,https://images1.vinted.net/t/05_00734_XTp28SbDdkHyFPr82oKYAtrH/310x430/1771250533.webp?s=7e472d910b958afaba1bffef074642603b677d01,1,10,Prada
Parfum EdP Prada Infusion de Fleur d'Oranger 100 ml Flakon,82.36,Prada,0,https://www.vinted.it/items/8188737763-parfum-edp-prada-infusion-de-fleur-doranger-100-ml-flakon?referrer=catalog,12,8188737763,On Sale,,,https://images1.vinted.net/t/05_017e2_8E4T6kwoacE9YZtmYxStLVVK/310x430/1771250307.webp?s=0d5d6b7908a652928ee013565c297c44c4a4230a,1,10,Prada
Der Teufel trägt Prada DVD,3.85,No brand,0,https://www.vinted.it/items/8188735596-der-teufel-tragt-prada-dvd?referrer=catalog,2,8188735596,On Sale,,,https://images1.vinted.net/t/06_00df6_3ExW5wZr4eVvPrgDk3QbxS6M/310x430/1771250294.webp?s=c51b260df80349fb014afa06835b8d2bc9194349,1,10,Prada
Buste firmate Louis Vuitton Prada,30.1,Louis Vuitton,0,https://www.vinted.it/items/8188729609-buste-firmate-louis-vuitton-prada?referrer=catalog,0,8188729609,On Sale,,,https://images1.vinted.net/t/05_00365_s2tQeeaDkvCyjF6c3n8dZDA6/310x430/1771250258.webp?s=b2876364b6fa281f75c01875b80bda68b904342c,1,10,Prada
Prada Jacke,58.45,Sonstiges,L,https://www.vinted.it/items/8188713877-prada-jacke?referrer=catalog,37,8188713877,On Sale,,,https://images1.vinted.net/t/06_01f5b_bPPcxawcoJa26SrgMZkr18tq/310x430/1771250164.webp?s=16415476b221b1e66c13e5d8798b70e92985d449,1,10,Prada
Para A51S,226.45,Prada,0,https://www.vinted.it/items/8188687492-para-a51s?referrer=catalog,2,8188687492,On Sale,,,https://images1.vinted.net/t/05_01a1e_auiUCuznpD1BYMyV9sw4dqvT/310x430/1771250006.webp?s=40a5e562a876d8b41659984a465058d9fde52b78,1,10,Prada
Doudoune veste PRADA,473.2,Prada,M,https://www.vinted.it/items/8188581577-doudoune-veste-prada?referrer=catalog,11,8188581577,On Sale,,,https://images1.vinted.net/t/06_00baf_Jeect1mMBpLtZMWhUQTM7ims/310x430/1771249375.webp?s=12b6a474cd51d7a1a8d4b1687c02bd27ad45551b,1,10,Prada
Crema de manos Triple Acción de Prada,17.45,Prada,0,https://www.vinted.it/items/8188520008-crema-de-manos-triple-accion-de-prada?referrer=catalog,5,8188520008,On Sale,,,https://images1.vinted.net/t/05_011c0_RTuDj1bV8QR5hekxqowobhYk/310x430/1771249004.webp?s=5e0a733c67d04ee635a9898be224a21a54ca11c3,1,10,Prada
Lunettes Prada (verres avec correction),95.2,Prada,0,https://www.vinted.it/items/8188462959-lunettes-prada-verres-avec-correction?referrer=catalog,1,8188462959,On Sale,,,https://images1.vinted.net/t/05_01a2a_hTZprQe1izn5GUCwsdmmhx5A/310x430/1771248654.webp?s=0360e3c64ce9a7499077f409b4cf7d91281e771f,1,10,Prada
vintage prada pufferjas,263.2,Prada,L / IT 44 / EU 40,https://www.vinted.it/items/8188454184-vintage-prada-pufferjas?referrer=catalog,1,8188454184,On Sale,,,https://images1.vinted.net/t/06_00f43_wRni3qYLeUj8Q9eD2dUA18Ad/310x430/1771248600.webp?s=acceeaae8b3886dbfbf3351eb5a11448f905652e,1,10,Prada
Prada shoes,168.7,Prada,43,https://www.vinted.it/items/8188433809-prada-shoes?referrer=catalog,3,8188433809,On Sale,,,https://images1.vinted.net/t/05_0204d_iKJdnnVeDpPkiGQitH5CSXb7/310x430/1771248475.webp?s=a61870b2a0c6548a6ab72e9972f2fa49706451bf,1,10,Prada
Lunette Prada Solaire,210.7,Prada,0,https://www.vinted.it/items/8188427207-lunette-prada-solaire?referrer=catalog,2,8188427207,On Sale,,,https://images1.vinted.net/t/06_02040_1DruehQfF9PLh4UF1Yfkhp6Q/310x430/1771248435.webp?s=5579b80d17d56ac7c5d842748e548f3c2048da8e,1,10,Prada
Prada paradoxe 90 ml,51.1,Prada,0,https://www.vinted.it/items/8188413466-prada-paradoxe-90-ml?referrer=catalog,3,8188413466,On Sale,,,https://images1.vinted.net/t/05_018a2_DKB1vGp3uyAqqdb51oNaXJWB/310x430/1771248351.webp?s=fd9a2a20c0585b352596b841fdfc420c17212666,1,10,Prada
Prada Wallet neu & unbenutzt ⭐ Komplettset + Zertifikat,514.15,Prada,0,https://www.vinted.it/items/8188367466-prada-wallet-neu-unbenutzt-komplettset-zertifikat?referrer=catalog,18,8188367466,On Sale,,,https://images1.vinted.net/t/06_00717_1syKv4c8Ue1gfwXt6fYaWbgr/310x430/1771248071.webp?s=c601a086d76a01fad6d91776b91f63683bf7b905,1,10,Prada
Abanico Agatha ruiz de la prada,9.1,Excellent,0,https://www.vinted.it/items/8188333503-abanico-agatha-ruiz-de-la-prada?referrer=catalog,2,8188333503,On Sale,,,https://images1.vinted.net/t/05_01acb_aK5tw5FskT8SXTHxqA4JMmnw/310x430/1771247863.webp?s=121e5c77df3ab956fd438f3eaf5a9b65704cb6db,1,10,Prada
Miniature eau de parfum 7ml Paradoxe Prada,15.4,Prada,0,https://www.vinted.it/items/8188329715-miniature-eau-de-parfum-7ml-paradoxe-prada?referrer=catalog,1,8188329715,On Sale,,,https://images1.vinted.net/t/05_02335_QfKTJhVqrJNryihPjbXi5bya/310x430/1771247839.webp?s=54bc1791f6a6910ad649c6e4b23d3a6a3bbd9019,1,10,Prada
Loghi Prada triangolari nero e bianco,47.95,Prada,0,https://www.vinted.it/items/8188313529-loghi-prada-triangolari-nero-e-bianco?referrer=catalog,11,8188313529,On Sale,,,https://images1.vinted.net/t/01_015b1_3LkTHLVNnr19QCq6dgPjUsq8/310x430/1771247740.webp?s=5d76fc7e5d51152b314a55c43f6cead9df77527c,1,10,Prada
Prada Taschenspiegel mit Etui,41.65,Prada,0,https://www.vinted.it/items/8188261845-prada-taschenspiegel-mit-etui?referrer=catalog,1,8188261845,On Sale,,,https://images1.vinted.net/t/06_026ef_F1LKLULA1ZpPsSRMZR1e9gyK/310x430/1771247418.webp?s=3682d8fb32c49a86fac85ee152d2815b6c2ca267,1,10,Prada
Prada,136.15,Prada,0,https://www.vinted.it/items/8158700362-prada?referrer=catalog,3,8158700362,On Sale,,,https://images1.vinted.net/t/06_00a14_GbcJskNvg6UtPapmwuAMRfSR/310x430/1770901771.webp?s=b515bd1e2fbffd89527ae52413b2f7215bd0e9be,1,10,Prada
Prada Paradigme 100 ml,53.2,Prada,0,https://www.vinted.it/items/8188151783-prada-paradigme-100-ml?referrer=catalog,13,8188151783,On Sale,,,https://images1.vinted.net/t/06_01d5e_nk3UReaPaVLUkL12oZV6ukdt/310x430/1771246725.webp?s=37071eee79a7dd575627f57457b2367e84bff645,1,10,Prada
Funda de pala de padel,11.2,Agatha Ruiz de la Prada,0,https://www.vinted.it/items/8188104492-funda-de-pala-de-padel-nueva-agatha-ruiz-de-la-prada?referrer=catalog,3,8188104492,On Sale,,,https://images1.vinted.net/t/04_02486_T9zkpGhcdbZHkHoBhbfzNRv8/310x430/1771246429.webp?s=db32e1251f3b5132088d4a1655475779554b42b4,1,10,Prada
Carteira pequena prada,341.95,Prada,0,https://www.vinted.it/items/8187805384-carteira-pequena-prada?referrer=catalog,1,8187805384,On Sale,,,https://images1.vinted.net/t/05_007a4_8zaRHoqNr7fR97DqyNnJXaiU/310x430/1771244499.webp?s=433ba91f799218eacf73f4daaa5111dc824e0537,1,10,Prada
Parfum prada Milano paradoxe,95.2,Prada,0,https://www.vinted.it/items/8188027784-parfum-prada-milano-paradoxe?referrer=catalog,0,8188027784,On Sale,,,https://images1.vinted.net/t/03_0102b_uJU5fiWfvTaMBYNpMEUNvmVY/310x430/1771245942.webp?s=f657df5d8728d1414c112df6c15e36c6285be2a7,1,10,Prada
Prada paradoxe profumo 90ml,49.0,Prada,0,https://www.vinted.it/items/8187947718-prada-paradoxe-profumo-90ml?referrer=catalog,4,8187947718,On Sale,,,https://images1.vinted.net/t/05_000bf_ibBxVWLHxHVpkCj4RB6vz17m/310x430/1771245478.webp?s=f06a1604a99bea5a662801a8ae980542791ac38a,1,10,Prada
Chaussures  PRADA,473.2,Prada,39,https://www.vinted.it/items/8187923961-chaussures-prada?referrer=catalog,0,8187923961,On Sale,,,https://images1.vinted.net/t/01_018e4_Gybz5TDfZYPrPtKj5qRQRexi/310x430/1771245276.webp?s=0ee93a6edf8593a9545db708f06c6b1e033a6af6,1,10,Prada
Prada t-shirt,47.95,Prada,S / IT 40 / EU 36,https://www.vinted.it/items/8187853561-prada-t-shirt?referrer=catalog,3,8187853561,On Sale,,,https://images1.vinted.net/t/05_00f92_RrBcQf1fb2v8EmLQjjPvw2rk/310x430/1771244817.webp?s=1f0c031e6364c6d45e1f7efca91cc9001e6fdd08,1,10,Prada
Parfum PRADA,68.95,Prada,0,https://www.vinted.it/items/8187846446-parfum-prada?referrer=catalog,0,8187846446,On Sale,,,https://images1.vinted.net/t/06_01572_L88dBQ8h7jNy2zU57FqciC4C/310x430/1771244769.webp?s=7b354a6168e471e8df139fcdd004d27d12525976,1,10,Prada
Manoletinas mujer agatha Ruiz,76.3,Agatha Ruiz de la Prada,39,https://www.vinted.it/items/8187720217-manoletinas-mujer-agatha-ruiz?referrer=catalog,40,8187720217,On Sale,,,https://images1.vinted.net/t/06_017fd_YWfZRp56LyXRCXyrKRrHnm5y/310x430/1771243932.webp?s=ca7ea992846cf303aad5cfb214f90e18b240b870,1,10,Prada
Magazine browning 2026,11.2,No brand,0,https://www.vinted.it/items/8187686942-magazine-browning-2026?referrer=catalog,0,8187686942,On Sale,,,https://images1.vinted.net/t/06_00819_hNmmijuDZZu5JkGeh7V1iDZP/310x430/1771243707.webp?s=b7d2430f6217cfc0bb02dcb0b582b89376d7c997,1,10,Prada
