Title,Price,Brand,Size,Link,Likes,Dataid,MarketStatus,SearchDate,Upload_date,Images,SearchCount,Page
Paradoxe prada,74.2,Paradoxe,0,https://www.vinted.it/items/8276594346-paradoxe-prada?referrer=catalog,0,8276594346,Sold,28/02/2026 05:53:28,,https://images1.vinted.net/t/06_01399_1K4JRE8RKwbujo38MfBXR85H/310x430/1772252477.webp?s=96c24783eef8437ed72aa4eee55a553b5b267f76,6,1
Prada American Cup,604.45,Prada,41,https://www.vinted.it/items/8276592550-prada-american-cup?referrer=catalog,1,8276592550,Sold,28/02/2026 05:53:28,,https://images1.vinted.net/t/06_01293_T8Ct7PFhu7MWZg2BS9QizFnx/310x430/1772252041.webp?s=a71832ed84be53005d54df56b539081bb294c39d,6,1
Prada paradoxe,42.7,Prada,0,https://www.vinted.it/items/8276587931-prada-paradoxe?referrer=catalog,0,8276587931,Sold,28/02/2026 05:53:28,,https://images1.vinted.net/t/05_01b73_Pta7cpJ5ps7fU614XgVWxHWH/310x430/1772250905.webp?s=688500c6338bbbea170c59ed81709cf43709200e,6,1
Vestitino bimba,16.45,Agatha Ruiz de la Prada,9-12 mesi / 74 cm,https://www.vinted.it/items/8276651992-vestitino-bimba?referrer=catalog,1,8276651992,Sold,28/02/2026 07:10:12,,https://images1.vinted.net/t/06_010b3_mmg2Yuqvus7pNLZbfrym1YMJ/310x430/1772258714.webp?s=a42f31a9a4e3da3a623fd71c6c9d36ecc5aac614,7,1
Prada candy,14.35,Prada,0,https://www.vinted.it/items/8276639962-prada-candy?referrer=catalog,0,8276639962,Sold,28/02/2026 07:10:12,,https://images1.vinted.net/t/06_00482_8BVgTz59axjCXydunjFrFMjh/310x430/1772257979.webp?s=58ed7628b507bcba1ea87054f1a9f5f83e5fb06c,7,1
Paradoxe Prada,41.13,Prada,0,https://www.vinted.it/items/8276637628-paradoxe-prada?referrer=catalog,1,8276637628,Sold,28/02/2026 07:10:12,,https://images1.vinted.net/t/01_023dc_VDpYy9rCHkY4h9AQJ6n9wLfm/310x430/1772257818.webp?s=c35edf738e864ab485f7a8fc14363685b3c0e0d5,7,1
Bolso aghatha Ruiz de la prada,51.1,Agatha Ruiz de la Prada,0,https://www.vinted.it/items/8276627682-bolso-aghatha-ruiz-de-la-prada?referrer=catalog,0,8276627682,Sold,28/02/2026 07:10:12,,https://images1.vinted.net/t/05_0251b_vMS8vevxQXgCogVzru4Y16Ls/310x430/1772257021.webp?s=2bffa10d83698d3d616ef69b0cd9fac130fe0a97,7,1
Prada ocean luna rossa,95.2,Prada,0,https://www.vinted.it/items/8276626897-prada-ocean-luna-rossa?referrer=catalog,0,8276626897,Sold,28/02/2026 07:10:12,,https://images1.vinted.net/t/05_01ea7_NRQcVPsUoDNp2mPTtUGZYXE6/310x430/1772256956.webp?s=39d78984cb39e2c5685976808831aebadc178124,7,1
Bolso aghatha Ruiz de la prada,51.1,Agatha Ruiz de la Prada,0,https://www.vinted.it/items/8276626077-bolso-aghatha-ruiz-de-la-prada?referrer=catalog,1,8276626077,Sold,28/02/2026 07:10:12,,https://images1.vinted.net/t/06_01940_RBzMLqFub9g4mTbaqvmhFP7Q/310x430/1772256879.webp?s=1d2ec37517765397cfdd39520ab54560032bb66a,7,1
Top Agatha Ruiz de la Prada 14,13.3,Agatha Ruiz de la Prada,14 anni / 164 cm,https://www.vinted.it/items/8276608408-top-agatha-ruiz-de-la-prada-14?referrer=catalog,0,8276608408,Sold,28/02/2026 07:10:12,,https://images1.vinted.net/t/04_026c2_AL9BvMrBtUr35cM1SbzqUJUe/310x430/1772254940.webp?s=c2c723f9e632b38a59d6776da3a049bac4d9ba2f,7,1
Porte-feuille pour homme Prada,16.45,Kiabi,0,https://www.vinted.it/items/8276795348-porte-feuille-pour-homme-prada?referrer=catalog,0,8276795348,Sold,28/02/2026 08:21:50,,https://images1.vinted.net/t/06_00a98_Ap4sfHb4zUTE4CN5FMVf62o2/310x430/1772263188.webp?s=0a5d06b5259ae1366ce019a0b99ab11f534ca50a,8,1
Prada Paradigme,63.7,Prada,0,https://www.vinted.it/items/8276783415-prada-paradigme?referrer=catalog,0,8276783415,Sold,28/02/2026 08:21:50,,https://images1.vinted.net/t/06_00c86_8MefmVxVtdthCLRj5WjQMSJT/310x430/1772262940.webp?s=f754c48b0ae41367853debc3e2a2d56daeed81b9,8,1
Braune Prada-Handtasche. NEU !,21.7,Art,0,https://www.vinted.it/items/8276769479-braune-prada-handtasche-neu?referrer=catalog,0,8276769479,Sold,28/02/2026 08:21:50,,https://images1.vinted.net/t/03_01a98_XnZzFPkJ7H8h5wbBhBm3UvqJ/310x430/1772262641.webp?s=e79d64efde98ca3f5e0603f63a847deadd7b5c1c,8,1
Parfum pour homme,21.7,Prada,0,https://www.vinted.it/items/8276743017-parfum-pour-homme-pradaeau-de-toilette?referrer=catalog,0,8276743017,Sold,28/02/2026 08:21:50,,https://images1.vinted.net/t/06_00a08_4JMzL8FNMNpd21EJR9TuKD9r/310x430/1772262002.webp?s=0fec63c8037655d2f41a9a1bd08cd7935a086f52,8,1
Prada Slingback NO offerte,410.2,Prada,37.5,https://www.vinted.it/items/8276731980-prada-slingback-no-offerte?referrer=catalog,2,8276731980,Sold,28/02/2026 08:21:50,,https://images1.vinted.net/t/03_01de1_4zRKscnE62J2wEnUqDKwBbyW/310x430/1772261719.webp?s=651ba49e88ddf92d564aa2ecc27b004150a6cba5,8,1
Scarpe prada,116.2,Prada,42,https://www.vinted.it/items/8276405938-scarpe-prada?referrer=catalog,0,8276405938,Sold,28/02/2026 08:21:50,,https://images1.vinted.net/t/05_006fd_CZyaNKvoVdmC6EgisqNb95bm/310x430/1772234443.webp?s=f11923c4457b4105649de99520a477cfddc07efc,8,1
Prada Slingback NO offerte,399.7,Prada,36.5,https://www.vinted.it/items/8276700302-prada-slingback-no-offerte?referrer=catalog,1,8276700302,Sold,28/02/2026 08:21:50,,https://images1.vinted.net/t/05_01b28_gGeMzLBpsZ3eX5i2dC6rWB32/310x430/1772260806.webp?s=ffb246010279b516796cb76edec1eefd8692580e,8,1
Blazer Prada principe di Galles,409.15,Prada,L / IT 44 / EU 40,https://www.vinted.it/items/8276695864-blazer-prada-principe-di-galles?referrer=catalog,4,8276695864,Sold,28/02/2026 08:21:50,,https://images1.vinted.net/t/06_01dc9_pHMnXKTUs9fS1EjSeosSHKwm/310x430/1772260660.webp?s=1fc0e4c18c20923afc1eccb3221dc1600a8f00e7,8,1
Vestitino bimba con coulotte,21.7,Agatha Ruiz de la Prada,6-9 mesi / 68 cm,https://www.vinted.it/items/8276693688-vestitino-bimba-con-coulotte?referrer=catalog,0,8276693688,Sold,28/02/2026 08:21:50,,https://images1.vinted.net/t/06_013d4_A4N8sDgveoDc1P5R4NaAvoeK/310x430/1772260583.webp?s=ba70ab78ddecba50aa4b17122c0853d4c4305e61,8,1
Parfum Prada Milano paradoxe intense,21.7,Prada,0,https://www.vinted.it/items/8276681984-parfum-prada-milano-paradoxe-intense?referrer=catalog,2,8276681984,Sold,28/02/2026 08:21:50,,https://images1.vinted.net/t/01_010f4_cs6fACiYnnm59rn3FsGAoPZr/310x430/1772260147.webp?s=fd2038be598210b60c08fef07dd6b77e91e219fe,8,1
Prada Re-Nylon Puffer Jack Zwart – Maat 48 – Topstaat,1.275,Prada,S,https://www.vinted.it/items/8276679368-prada-re-nylon-puffer-jack-zwart-maat-48-topstaat?referrer=catalog,0,8276679368,Sold,28/02/2026 08:21:50,,https://images1.vinted.net/t/05_01194_NRQssdvAG9EGMwXMsqoCjjWp/310x430/1772260399.webp?s=a7ef20c8945a9229004311d2614da17f4836826f,8,1
Vestitino bimba,16.45,Agatha Ruiz de la Prada,6-9 mesi / 68 cm,https://www.vinted.it/items/8276678992-vestitino-bimba?referrer=catalog,1,8276678992,Sold,28/02/2026 08:21:50,,https://images1.vinted.net/t/04_00966_oADYpqHESDvr8BZFhJPxzDGi/310x430/1772260023.webp?s=9a56a763bcf98779433d11f8d62abeb4c1bf596c,8,1
Marken Shirt Prada Weiß,47.95,Sonstiges,XL,https://www.vinted.it/items/8248546218-marken-shirt-prada-weiss?referrer=catalog,0,8248546218,Sold,28/02/2026 08:21:50,,https://images1.vinted.net/t/01_01cf7_qpKk5aLtJe3STAVS9jVYAbXf/310x430/1771913070.webp?s=3c777787ded9817d121fcd3a24b77ec1bdd3dbb4,8,1
EDP Prada Paradoxe Intense / Parfum femme,18.03,Prada,0,https://www.vinted.it/items/8276630876-edp-prada-paradoxe-intense-parfum-femme?referrer=catalog,2,8276630876,Sold,28/02/2026 08:21:50,,https://images1.vinted.net/t/05_01935_ez1DAT81N9XnP7f4FXixCBYi/310x430/1772257290.webp?s=d5a2f38ff4d70fab756f90d5c7e19379ad2b6979,8,1
Prada America's Cup,189.7,Prada,43,https://www.vinted.it/items/8284775393-prada-americas-cup?referrer=catalog,1,8284775393,Sold,01/03/2026 02:50:55,,https://images1.vinted.net/t/04_00281_yoiJ5TLDFNcCJSFPf7dnBPsY/310x430/1772328450.webp?s=8bfd34929476ffb8debbe7de3d1a6fd91745a042,6,1
Prada paradoxe virtual flower,53.2,Prada,0,https://www.vinted.it/items/8284764887-prada-paradoxe-virtual-flower?referrer=catalog,0,8284764887,Sold,01/03/2026 02:50:55,,https://images1.vinted.net/t/06_00295_CdRT8vSu5JyHcAPAYwuUYGDT/310x430/1772327332.webp?s=83f9a554ecbd7a41922a6efb59ae4f1be4df552b,6,1
Lunette de soleil prada,21.7,Prada,0,https://www.vinted.it/items/8284761914-lunette-de-soleil-prada?referrer=catalog,2,8284761914,Sold,01/03/2026 02:50:55,,https://images1.vinted.net/t/06_00431_kJ1sDru2QsyuNCp9aTZFUHi1/310x430/1772327058.webp?s=5c2fb961d502f5114256c03ee96ed3fe98bae45c,6,1
Prada Stiefeletten Boho,525.7,Prada,39.5,https://www.vinted.it/items/8284003075-prada-stiefeletten-boho?referrer=catalog,0,8284003075,Sold,01/03/2026 02:50:55,,https://images1.vinted.net/t/06_0111b_FYLaJnmJuUxDj95WzN5HGiLD/310x430/1772311368.webp?s=5bf7217c2272ce43ae619ba49b207033e801bea5,6,1
Vela prada infusión de vanille,31.15,Prada,0,https://www.vinted.it/items/8283923693-vela-prada-infusion-de-vanille?referrer=catalog,2,8283923693,Sold,01/03/2026 02:50:55,,https://images1.vinted.net/t/01_005ba_h3SSsuLvL1cfqUoUnCgSWkmo/310x430/1772310580.webp?s=4166490211996126b8a124a1bd303606ce18abf8,6,1
Prada Sunglasses PR23YS,142.45,Prada,0,https://www.vinted.it/items/8283916736-prada-sunglasses-pr23ys?referrer=catalog,3,8283916736,Sold,01/03/2026 02:50:55,,https://images1.vinted.net/t/03_00be4_KGWwNCFfWSYUVksJYcmeQsej/310x430/1772310513.webp?s=02a046398a33e39c1acaeea2abd83c3dba166e9d,6,1
Prada Milano Blazer Lana Vergine Made in Italy 48R Gessato Sartoriale,142.44,Prada,M,https://www.vinted.it/items/8283899513-prada-milano-blazer-lana-vergine-made-in-italy-48r-gessato-sartoriale?referrer=catalog,1,8283899513,Sold,01/03/2026 02:50:55,,https://images1.vinted.net/t/06_005a3_eua88kUBeG4hyL3dNVuFmYkt/310x430/1772310349.webp?s=80339bd6fc2fd5e03384ec489c5696adb208c7c9,6,1
Nueva fragancia de Prada,62.65,Prada,0,https://www.vinted.it/items/8283896970-nueva-fragancia-de-prada?referrer=catalog,0,8283896970,Sold,01/03/2026 02:50:55,,https://images1.vinted.net/t/06_0142c_WEc4HiL3fQxw7bnue91WE1uR/310x430/1772310325.webp?s=32bbbc4ab24e8ef2744b34519cc2a2ba78b7e639,6,1
Jupe Prada en laine vierge gris chiné – taille 38,315.7,Prada,M / IT 42 / EU 38,https://www.vinted.it/items/8283852022-jupe-prada-en-laine-vierge-gris-chine-taille-38?referrer=catalog,3,8283852022,Sold,01/03/2026 02:50:55,,https://images1.vinted.net/t/06_00cf5_SvZnQiRY3dRAdDQvsmQxjE3n/310x430/1772309899.webp?s=63e6b431baa46bd5fa437f984484ed7214dce516,6,1
Prada,58.45,Prada,S / IT 40 / EU 36,https://www.vinted.it/items/8283847505-prada?referrer=catalog,2,8283847505,Sold,01/03/2026 02:50:55,,https://images1.vinted.net/t/06_00836_j3bSLgV5roEEn58Crzmjo2NS/310x430/1772309857.webp?s=4ab0a7937e34960ea66d9415012020029d1c43e2,6,1
Prada porta fazzoletti o chiavi o altro,53.2,Prada,0,https://www.vinted.it/items/8283845571-prada-porta-fazzoletti-o-chiavi-o-altro?referrer=catalog,0,8283845571,Sold,01/03/2026 02:50:55,,https://images1.vinted.net/t/04_00b5b_QJ8xBRWza7cAAb7QekiW553s/310x430/1772309839.webp?s=6e729108d9f5aa1fd12733745b5fa38610332a81,6,1
Étiquette prada,21.7,Prada,0,https://www.vinted.it/items/8283820687-etiquette-prada?referrer=catalog,0,8283820687,Sold,01/03/2026 02:50:55,,https://images1.vinted.net/t/01_017cd_PEuDrFc9Pb5xTub4PxtDHXC8/310x430/1772309605.webp?s=a62bcc59d4aac3ac95f608e4fd24598bf8953c58,6,1
Mooi plateau prada sandaal,68.95,Prada,39.5,https://www.vinted.it/items/8283820287-mooi-plateau-prada-sandaal?referrer=catalog,18,8283820287,Sold,01/03/2026 02:50:55,,https://images1.vinted.net/t/01_00a06_pY7CjiYY41GHRLzV2WG1TptW/310x430/1772309601.webp?s=e05e8cb5938ddb0f45a945b129e7fde5e0bc9c40,6,1
Prada paradoxe radical essence,36.4,Prada,0,https://www.vinted.it/items/8283817299-prada-paradoxe-radical-essence?referrer=catalog,6,8283817299,Sold,01/03/2026 02:50:55,,https://images1.vinted.net/t/06_00c51_TptKAqAKHjv1m6bcbA1vb7zh/310x430/1772309575.webp?s=393841a5db7501a7c953438aacf4d0d9b49ccc5b,6,1
Prada t-Shirt💙,14.35,Sonstiges,M / IT 42 / EU 38,https://www.vinted.it/items/8283800847-prada-t-shirt?referrer=catalog,20,8283800847,Sold,01/03/2026 02:50:55,,https://images1.vinted.net/t/06_00e49_gS3aiRLwtRzUF8gBjZwMphmC/310x430/1772309424.webp?s=85ce010d1de52e96448dd817479c58b1ee3349db,6,1
Paradigme,50.58,Prada,0,https://www.vinted.it/items/8283796083-paradigme?referrer=catalog,4,8283796083,Sold,01/03/2026 02:50:55,,https://images1.vinted.net/t/05_01e38_kWzW9wkTaDu4AAwPkCd3tXTS/310x430/1772309379.webp?s=244c3259a19cff31b6afbe93b10db94ad5bdcc9a,6,1
Prada paradoxe,37.45,Prada,0,https://www.vinted.it/items/8283796102-prada-paradoxe?referrer=catalog,16,8283796102,Sold,01/03/2026 02:50:55,,https://images1.vinted.net/t/01_00857_3SVg9r1jUMUe1xKQVqazUv2N/310x430/1772309380.webp?s=f2c8ca1826be7b26da109ec7cf2f558f4ad92e8e,6,1
Prada Cups,74.2,Schuh,44,https://www.vinted.it/items/8283789302-prada-cups?referrer=catalog,1,8283789302,Sold,01/03/2026 02:50:55,,https://images1.vinted.net/t/04_011bd_Uet761LjMgrHhc3xNEFHUasa/310x430/1772309316.webp?s=c04f6fa9f80813262b73776004e51fd1ac0bd0df,6,1
Adidas x Prada,683.2,adidas,44,https://www.vinted.it/items/8283770164-adidas-x-prada?referrer=catalog,0,8283770164,Sold,01/03/2026 02:50:55,,https://images1.vinted.net/t/05_012d5_RGUk9mvfNzpZbQYSE4jctiGj/310x430/1772309139.webp?s=aad042264f3147717b617007da689440d461df18,6,1
Prada Paradoxe 90ml,68.95,Prada,0,https://www.vinted.it/items/8283734247-prada-paradoxe-90ml?referrer=catalog,0,8283734247,Sold,01/03/2026 02:50:55,,https://images1.vinted.net/t/06_00ec6_KU63pPkfL6rABqB2Xcv4Kejf/310x430/1772308806.webp?s=afa30cb09dca87fe2f1374e9abb0d94f0bac2699,6,1
Prada paradoxe intense 90ml,68.95,Prada,0,https://www.vinted.it/items/8283723249-prada-paradoxe-intense-90ml?referrer=catalog,3,8283723249,Sold,01/03/2026 02:50:55,,https://images1.vinted.net/t/05_00eac_V5itdryZyTVoPLCBcZiCX9Av/310x430/1772308707.webp?s=ff6d3ad300fcb9256939e5e51ab7b43d46fa5ace,6,1
Prada  candy 80 ml,47.95,Prada,0,https://www.vinted.it/items/8283708377-prada-candy-80-ml?referrer=catalog,0,8283708377,Sold,01/03/2026 02:50:55,,https://images1.vinted.net/t/01_0011f_pMNQs7xjUEdVkpawTSgRVpep/310x430/1772308573.webp?s=3809097cc730220176321a358fe0767192e81c6e,6,1
Prada bralette top,263.2,Prada,M / IT 42 / EU 38,https://www.vinted.it/items/8283694426-prada-bralette-top?referrer=catalog,21,8283694426,Sold,01/03/2026 02:50:55,,https://images1.vinted.net/t/05_01e49_9avEk1LUbkxuCaH4pCxBkCmT/310x430/1772308448.webp?s=8e71c36dbd37310e59cde085580f3858fd976dc0,6,1
Profumo Prada,42.7,Prada,0,https://www.vinted.it/items/8283687675-profumo-prada?referrer=catalog,1,8283687675,Sold,01/03/2026 02:50:55,,https://images1.vinted.net/t/06_00286_msS1D4FepKc64A9iLg4AqFdB/310x430/1772308389.webp?s=c1985cbaaae7fb67e178a1699b022ce721d6790c,6,1
Perfume prada Candy,58.45,Prada,0,https://www.vinted.it/items/8283658075-perfume-prada-candy?referrer=catalog,1,8283658075,Sold,01/03/2026 02:50:55,,https://images1.vinted.net/t/05_003d4_uPELrfQWH9LBb18fUFkAZAkr/310x430/1772308128.webp?s=d9fb9cac90134afbdbef7df6eeee604f3d3a7191,6,1
Baskets prada,263.2,Prada,42,https://www.vinted.it/items/8283658044-baskets-prada?referrer=catalog,0,8283658044,Sold,01/03/2026 02:50:55,,https://images1.vinted.net/t/06_0017c_m9fAUuT8RNPu6wtFhUKA2dx6/310x430/1772308128.webp?s=1876a0578dea60a6ab600a8ac2847c9126aea452,6,1
Prada Infusion d'amande 100ml,68.95,Prada,0,https://www.vinted.it/items/8283656730-prada-infusion-damande-100ml?referrer=catalog,0,8283656730,Sold,01/03/2026 02:50:55,,https://images1.vinted.net/t/06_001f3_9vrjSW8aTBXatzQ1SDy66L3b/310x430/1772308117.webp?s=e9f763b99321bbddf5d174f62ad34cc5c5bca1ac,6,1
Prada paradoxe intense,38.5,Prada,0,https://www.vinted.it/items/8283653013-prada-paradoxe-intense?referrer=catalog,6,8283653013,Sold,01/03/2026 02:50:55,,https://images1.vinted.net/t/06_00f1f_88Z46NaK3XNnoXhXjjUk7zXR/310x430/1772308084.webp?s=98bfbff1c7076623e1fe8baf98ea2fcb967b7ad2,6,1
Prada Vitello Daino Shopper,1.57465,Prada,0,https://www.vinted.it/items/8283644774-prada-vitello-daino-shopper?referrer=catalog,1,8283644774,Sold,01/03/2026 02:50:55,,https://images1.vinted.net/t/06_0129a_VZPyHaCjgDj3B4YTwb7T1Li9/310x430/1772308011.webp?s=146a9f7581bb433f564dd7b14fd811d19d6933b1,6,1
Prada Prax 1,315.7,Sonstiges,42,https://www.vinted.it/items/8283596060-prada-prax-1?referrer=catalog,0,8283596060,Sold,01/03/2026 02:50:55,,https://images1.vinted.net/t/01_011d0_8AwT9F4ok1eWXfxEF8BUfeba/310x430/1772307758.webp?s=873921e76d75f0754a53a4814c3bc71bf5a20e71,6,1
Libro: Forbidden love de Cristina Prada,16.45,No brand,0,https://www.vinted.it/items/8283605825-libro-forbidden-love-de-cristina-prada?referrer=catalog,2,8283605825,Sold,01/03/2026 02:51:20,,https://images1.vinted.net/t/01_00591_X9r2aKabfsQhiE3xueFPmxTu/310x430/1772307669.webp?s=4e126aaaed60eea8758d91a144c19a6fb3174b4c,6,2
Juego de cama de 90 (incluye edredón),31.15,Agatha Ruiz de la Prada,Singolo (135-150 cm x 200-220 cm),https://www.vinted.it/items/8270695671-juego-de-cama-de-90-incluye-edredon?referrer=catalog,5,8270695671,Sold,01/03/2026 02:51:20,,https://images1.vinted.net/t/04_01163_j38MX36fyNLXFFATWhMLL78U/310x430/1772186867.webp?s=a149507e2a2e5334988f638b032d2c4d979102da,6,2
Acesorio bolso Prada,210.7,Prada,0,https://www.vinted.it/items/8254349000-acesorio-bolso-prada?referrer=catalog,3,8254349000,Sold,01/03/2026 02:51:20,,https://images1.vinted.net/t/05_00d7c_MDCLESGgpfSiG76CHuUh5ska/310x430/1771961697.webp?s=70f17efa7679c4613fc666f6b34adaa7c21a8130,6,2
Perfume Infusión d'ylang Prada,61.6,Prada,0,https://www.vinted.it/items/8283585620-perfume-infusion-dylang-prada?referrer=catalog,0,8283585620,Sold,01/03/2026 02:51:20,,https://images1.vinted.net/t/01_01f43_6T68d7gd8sxEiYxnFeTMHCLG/310x430/1772309781.webp?s=756cac6ac6a9325f268aa9dfde1f234e6b4ab07d,6,2
Custodia telefono Prada,74.2,Prada,0,https://www.vinted.it/items/8283565015-custodia-telefono-prada?referrer=catalog,2,8283565015,Sold,01/03/2026 02:51:20,,https://images1.vinted.net/t/03_0143f_5APVxLXg9MpkyG41ThzryH4x/310x430/1772307314.webp?s=c424ae5019fa356a86e1d942649932454a4e54f4,6,2
Orginal Prada Miracle of the Rose,147.7,Prada,0,https://www.vinted.it/items/8283542231-orginal-prada-miracle-of-the-rose?referrer=catalog,3,8283542231,Sold,01/03/2026 02:51:20,,https://images1.vinted.net/t/06_00c3e_qZ27YW9Aomuz3C8qP6R4TVV3/310x430/1772307114.webp?s=b2a09058515bec95cb66faf27a5bf88049180a4c,6,2
Boné Agatha Ruiz de la Prada,5.95,Agatha Ruiz de la Prada,Taglia unica,https://www.vinted.it/items/8283474932-bone-agatha-ruiz-de-la-prada?referrer=catalog,6,8283474932,Sold,01/03/2026 02:51:20,,https://images1.vinted.net/t/06_013ef_UK3KesyUL5bHWe7piFCmnxB8/310x430/1772306523.webp?s=f5b06f9cca97fa601b922df537867c2f8f3ea387,6,2
Prada paradoxe intense parfum for woman,47.95,Paradoxe,0,https://www.vinted.it/items/8283466105-prada-paradoxe-intense-parfum-for-woman?referrer=catalog,3,8283466105,Sold,01/03/2026 02:51:20,,https://images1.vinted.net/t/03_0177d_3HQwMUMkrvqB1Uxpwojv4pZK/310x430/1772306448.webp?s=549c4338bc7f91fec3d29a876b8ff5c0570a909c,6,2
Pantalon Prada en nylon,68.95,Prada,M / IT 42 / EU 38,https://www.vinted.it/items/8283464498-pantalon-prada-en-nylon?referrer=catalog,13,8283464498,Sold,01/03/2026 02:51:20,,https://images1.vinted.net/t/05_019b9_FniUr6X8hvxYR25GKZ9Cbr1a/310x430/1772306434.webp?s=71b856e1b977729991037a295e247c8d4138448e,6,2
PRADA portamonete/portacarte,263.2,Prada,0,https://www.vinted.it/items/8283417870-prada-portamoneteportacarte?referrer=catalog,1,8283417870,Sold,01/03/2026 02:51:20,,https://images1.vinted.net/t/06_0244f_uwpf9s7eYuZYPbCNN7GHec71/310x430/1772306035.webp?s=559203211a6469479d2acc628c37127e3ca54f52,6,2
Parfums Prada Paradoxe,63.7,Prada,0,https://www.vinted.it/items/8283415545-parfums-prada-paradoxe?referrer=catalog,0,8283415545,Sold,01/03/2026 02:51:20,,https://images1.vinted.net/t/06_0166d_bQDAH16GSgkm1z8Q7L2ZCmbd/310x430/1772306015.webp?s=72ccadcda5d9a2436ede4c12e6fdbe8627e5c802,6,2
Parfum Prada,21.7,Prada,0,https://www.vinted.it/items/8283380745-parfum-prada?referrer=catalog,8,8283380745,Sold,01/03/2026 02:51:20,,https://images1.vinted.net/t/06_00829_bmsHaNugQCCM74uT4AFXMfjW/310x430/1772305721.webp?s=173531de4d107838fe0a1cf3d244d7fdfda6d208,6,2
Prada Sonnenbrillen Box,3.85,Prada,0,https://www.vinted.it/items/8283376397-prada-sonnenbrillen-box?referrer=catalog,0,8283376397,Sold,01/03/2026 02:51:20,,https://images1.vinted.net/t/06_01f30_q3VvPwkX5QBZk879ECFM4Awa/310x430/1772305684.webp?s=4b11107228a6594985d2494cced2194c7a0e520c,6,2
Lunettes de soleil Prada,189.7,Prada,0,https://www.vinted.it/items/8269901085-lunettes-de-soleil-prada?referrer=catalog,0,8269901085,Sold,01/03/2026 02:51:20,,https://images1.vinted.net/t/03_01748_9oAcSxpYQotgeX5UmwYKzv99/310x430/1772300101.webp?s=a77c0a425337611b46c6827c43d48c2717d8f1a8,6,2
Portachiavi Prada in pelle bordeaux,263.2,Prada,0,https://www.vinted.it/items/8278672275-portachiavi-prada-in-pelle-bordeaux?referrer=catalog,0,8278672275,Sold,01/03/2026 02:52:12,,https://images1.vinted.net/t/05_018bc_F27NE6aRKwcvnBGRk5ieYAvJ/310x430/1772278159.webp?s=3f8b13fb9d4b30c2f46332e18f565179e52afaf4,6,4
Sudadera blanca Prada,32.2,Local,S,https://www.vinted.it/items/8284810666-sudadera-blanca-prada?referrer=catalog,0,8284810666,Sold,01/03/2026 04:07:35,,https://images1.vinted.net/t/05_018db_C9DS8e5JZgCTse2ct9KgYC5A/310x430/1772334271.webp?s=3f9915b5d8ba9cba5a674baee4cf01621d79f13b,7,1
Prada paradoxe virtual flower,53.2,Prada,0,https://www.vinted.it/items/8284787249-prada-paradoxe-virtual-flower?referrer=catalog,3,8284787249,Sold,01/03/2026 04:07:35,,https://images1.vinted.net/t/05_008ef_KiF73MPSkFwpctLTvFu33rVU/310x430/1772329929.webp?s=a00a7dfb5c86b780fc4b280dac2042d3b2e81be2,7,1
Prada Dimensions eyeshadow Palette 07,58.45,Prada,0,https://www.vinted.it/items/8279784781-prada-dimensions-eyeshadow-palette-07?referrer=catalog,3,8279784781,Sold,01/03/2026 04:08:59,,https://images1.vinted.net/t/06_01e66_J3TMLYJoshxy5aAtvtAyNJhc/310x430/1772284578.webp?s=09f2b5807e1765885536d1b06c9aaac2cb7f37cc,7,4
Prada Luna Rossa Black EDP 100ml (BATCH 2020),68.95,Prada,0,https://www.vinted.it/items/8279766384-prada-luna-rossa-black-edp-100ml-batch-2020?referrer=catalog,3,8279766384,Sold,01/03/2026 04:08:59,,https://images1.vinted.net/t/06_00def_wTArQ5L6BaFK9R8ebvBL7UU2/310x430/1772284477.webp?s=569a4a9e0305f5b7094f01a700a5982c33afce51,7,4
Prada Paradoxe Intense 50ml Eau de Parfum,47.95,Prada,0,https://www.vinted.it/items/8279728048-prada-paradoxe-intense-50ml-eau-de-parfum?referrer=catalog,3,8279728048,Sold,01/03/2026 04:08:59,,https://images1.vinted.net/t/05_0200b_x8ymSxSY8toMD9F1opvrPmAx/310x430/1772284267.webp?s=edd0ef2e03306db5cfdd06543d2bb88939c10c5a,7,4
Banane Prada neuve,714.0,Prada,0,https://www.vinted.it/items/8279595240-banane-prada-neuve?referrer=catalog,0,8279595240,Sold,01/03/2026 04:08:59,,https://images1.vinted.net/t/06_0121c_jWFCSV7jywkHEytrkVV21cGk/310x430/1772283529.webp?s=eb9da146d6f8db4f08149e042615be470d9f5001,7,4
Chaussure Prada Cup noir et argent taille 45 EU,693.6,Prada,45,https://www.vinted.it/items/8279638455-chaussure-prada-cup-noir-et-argent-taille-45-eu?referrer=catalog,3,8279638455,Sold,01/03/2026 04:08:59,,https://images1.vinted.net/t/06_01c9c_y7SvVdmJLpURr2SA93jjG6sD/310x430/1772283769.webp?s=cb344c5f5fc7eb9b42cd8b45a1d1f504e92e7e8d,7,4
Chaussures prada,63.7,Nike,38,https://www.vinted.it/items/8279625332-chaussures-prada?referrer=catalog,43,8279625332,Sold,01/03/2026 04:08:59,,https://images1.vinted.net/t/01_021a0_TZNWcjZAv3tXktsqecSnqqTB/310x430/1772283697.webp?s=ba668147e4630a0d9347e9e2dbb6d4f803564481,7,4
Cintura Prada,263.2,Prada,100 cm,https://www.vinted.it/items/8279604603-cintura-prada?referrer=catalog,2,8279604603,Sold,01/03/2026 04:08:59,,https://images1.vinted.net/t/05_009ed_ZRgAhDkJnsuFDjm84bbS34z4/310x430/1772283581.webp?s=3d0821c79e4980c0330692b5114492e6de0f1823,7,4
Prada Card Holder,79.45,Prada,0,https://www.vinted.it/items/8279597143-prada-card-holder?referrer=catalog,3,8279597143,Sold,01/03/2026 04:08:59,,https://images1.vinted.net/t/06_0225d_NjEXfk4EWq6VwdPYwdKkcGev/310x430/1772283539.webp?s=9c75bfe5e2a47e19e1c506478ac52999beb305dd,7,4
borsetta stile PRADA,26.95,No brand,0,https://www.vinted.it/items/8279537792-borsetta-stile-prada?referrer=catalog,17,8279537792,Sold,01/03/2026 04:08:59,,https://images1.vinted.net/t/05_01525_EmPg9enXsc8Q3Gdqq7N5k6ps/310x430/1772283207.webp?s=b935ee8d62faeed4604e485b4ed0cf7e6e602bc7,7,4
Occhiali da sole,87.85,Prada,0,https://www.vinted.it/items/8276634083-occhiali-da-sole?referrer=catalog,1,8276634083,Sold,01/03/2026 04:08:59,,https://images1.vinted.net/t/06_0011b_V5duMrEg3QqGsoy2vFkw4qyN/310x430/1772257548.webp?s=a9baaefbbd86c0929cf0e74d0d7cd147f745b845,7,4
Prada Heels Suède Brown,310.45,Prada,36,https://www.vinted.it/items/8279496007-prada-heels-suede-brown?referrer=catalog,0,8279496007,Sold,01/03/2026 04:08:59,,https://images1.vinted.net/t/05_012d6_bywUTqbbEc5sUjUTXqv5XNea/310x430/1772282972.webp?s=9e1f3f675cff83fdfe56019f6d3759d29c33dd44,7,4
Lunette soleil Prada,263.2,Prada,0,https://www.vinted.it/items/8279469019-lunette-soleil-prada?referrer=catalog,0,8279469019,Sold,01/03/2026 04:08:59,,https://images1.vinted.net/t/03_009e7_3v3fzNQ9iRBkSxFz15VbLeSB/310x430/1772282818.webp?s=c60a1d571670b782a1e7f51ba16765a020109242,7,4
Prada pollover,42.7,Prada,XS / IT 38 / EU 34,https://www.vinted.it/items/8279464518-prada-pollover?referrer=catalog,0,8279464518,Sold,01/03/2026 04:08:59,,https://images1.vinted.net/t/01_0146d_9EwrebDAb6K2xysS1XsKBkCY/310x430/1772282792.webp?s=429cd51490141c8a2af6a5d928e27c71cc24dd03,7,4
Prada Gesichtspflege,76.3,Prada,0,https://www.vinted.it/items/8279430425-prada-gesichtspflege?referrer=catalog,0,8279430425,Sold,01/03/2026 04:08:59,,https://images1.vinted.net/t/04_023dd_8A7P23MnFAYc6wpDuD8hbw8i/310x430/1772282598.webp?s=ce6b7571edd90dc62de643a7a21819ddde7f12f9,7,4
Prada completo nuovo,315.7,Prada,M,https://www.vinted.it/items/8279401179-prada-completo-nuovo?referrer=catalog,8,8279401179,Sold,01/03/2026 04:08:59,,https://images1.vinted.net/t/06_00095_26YT9qbSW65n8Hx8hGPEpVgQ/310x430/1772282431.webp?s=6108acbd83637cc0ccb7f43a374ad0cbe9219c0d,7,4
Portapassaporto PRADA Nero (pelle Saffiano),263.2,Prada,0,https://www.vinted.it/items/8279400905-portapassaporto-prada-nero-pelle-saffiano?referrer=catalog,7,8279400905,Sold,01/03/2026 04:08:59,,https://images1.vinted.net/t/06_014b1_R5dW727mMynNBG9kC4agDBz4/310x430/1772301977.webp?s=b71fc43283e749827fcf4381233084e4cf92b7bd,7,4
Prada Sonnenbrille PR 20YS,263.2,Prada,0,https://www.vinted.it/items/8279391063-prada-sonnenbrille-pr-20ys?referrer=catalog,1,8279391063,Sold,01/03/2026 04:08:59,,https://images1.vinted.net/t/05_02309_PZtyggwEk1AkHiee48rqZTfi/310x430/1772282374.webp?s=8237cc49b19fef0b3e9403873dd224dcf1dd2859,7,4
Monedero Agatha Ruiz de la Prada corazón,8.58,Agatha,0,https://www.vinted.it/items/8279383036-monedero-agatha-ruiz-de-la-prada-corazon?referrer=catalog,39,8279383036,Sold,01/03/2026 04:08:59,,https://images1.vinted.net/t/01_00f9f_4MmguwwB6KkExgTpGNio6UPn/310x430/1772282328.webp?s=113f5503e5cdd4214a20908f3db3f9c67ea9ad83,7,4
Prada havana & pink sunglasses,84.7,Prada,0,https://www.vinted.it/items/8279374647-prada-havana-pink-sunglasses?referrer=catalog,9,8279374647,Sold,01/03/2026 04:08:59,,https://images1.vinted.net/t/06_00903_S8Tadj9h7StqA4rfDxFQYkPs/310x430/1772282279.webp?s=2a47715138c9929e0ccd003418f2bf5827e3398b,7,4
Guanti di Prada,42.7,Prada,7,https://www.vinted.it/items/8279338582-guanti-di-prada?referrer=catalog,2,8279338582,Sold,01/03/2026 04:08:59,,https://images1.vinted.net/t/01_00650_aU4b9sNMtapipdK5TpJNgXzF/310x430/1772282074.webp?s=0518df9a6d310e4860926385efb2d306a3cc8ea5,7,4
Sandales prada,1.02,Prada,38,https://www.vinted.it/items/8279319185-sandales-prada?referrer=catalog,0,8279319185,Sold,01/03/2026 04:08:59,,https://images1.vinted.net/t/06_01a2b_49u8RPZpMak7vARuYun2BC7H/310x430/1772281961.webp?s=798495c85cf7afb0e96ae0829ebcf694bc4c347e,7,4
Prada america”s cup maat 43,105.7,Prada,43,https://www.vinted.it/items/8279314291-prada-americas-cup-maat-43?referrer=catalog,6,8279314291,Sold,01/03/2026 04:08:59,,https://images1.vinted.net/t/05_011d3_KksNyj7cXuQMa6yQv3M5mAj8/310x430/1772281932.webp?s=7d78f44735883ce59b5bcdb6a83ae605295e9aa0,7,4
Prada Cups Schwarz,137.2,Prada,43,https://www.vinted.it/items/8279303582-prada-cups-schwarz?referrer=catalog,8,8279303582,Sold,01/03/2026 04:08:59,,https://images1.vinted.net/t/06_00b54_nBj89cXPYWWCDUxvhUz377xo/310x430/1772281869.webp?s=912a80ccb56726178c523be1adde3ca1e1471f1d,7,4
Portapassaporto PRADA Bordeaux (pelle Saffiano),263.2,Prada,0,https://www.vinted.it/items/8279302479-portapassaporto-prada-bordeaux-pelle-saffiano?referrer=catalog,3,8279302479,Sold,01/03/2026 04:08:59,,https://images1.vinted.net/t/01_006b4_jiLzrvdwMwdwALHundgVMhVx/310x430/1772281863.webp?s=5049f8a284b3a067801abf2a80a3b54c46b19cc6,7,4
Parfum paradoxe intense prada en 50 ml,84.7,Prada,0,https://www.vinted.it/items/8279291027-parfum-paradoxe-intense-prada-en-50-ml?referrer=catalog,0,8279291027,Sold,01/03/2026 04:08:59,,https://images1.vinted.net/t/05_0055f_qfZ6kpKHtGRgcFiU3jxubSQP/310x430/1772281796.webp?s=aa29d2826e5e6225f44d135b78431d8f18a37d69,7,4
Bolso aghatha Ruiz de la prada,39.55,Agatha Ruiz de la Prada,0,https://www.vinted.it/items/8279286487-bolso-aghatha-ruiz-de-la-prada?referrer=catalog,2,8279286487,Sold,01/03/2026 04:08:59,,https://images1.vinted.net/t/05_022c5_B4WkCPsrwYReMyFSCFuECSC4/310x430/1772281770.webp?s=279e67eca8ff1d9da5b9a28193c65860ac66ca2f,7,4
Libros,19.6,No brand,0,https://www.vinted.it/items/8279272731-libros?referrer=catalog,0,8279272731,Sold,01/03/2026 04:08:59,,https://images1.vinted.net/t/04_004bf_kwpj3GpbvQB4m5edXenni12w/310x430/1772281690.webp?s=7630ddc860daf7cf217e3cdfb50286c573432a93,7,4
Mochila aghatha Ruiz de la prada,39.55,Agatha Ruiz de la Prada,0,https://www.vinted.it/items/8279270102-mochila-aghatha-ruiz-de-la-prada?referrer=catalog,0,8279270102,Sold,01/03/2026 04:08:59,,https://images1.vinted.net/t/01_00e1d_xR6KtwBaM4Q4htJ9QtB6f1jf/310x430/1772281675.webp?s=92a3efa59d4fec33dbe996f2168e82f63f90bf52,7,4
Prada Sonnenbrille,158.2,Prada,0,https://www.vinted.it/items/8279256522-prada-sonnenbrille?referrer=catalog,2,8279256522,Sold,01/03/2026 04:08:59,,https://images1.vinted.net/t/06_00cef_zkch6wRxPdz2xoyoGtHrCvGF/310x430/1772281597.webp?s=7449ae696f7a7509f516e03f235a3310c7578261,7,4
Cravate noire pour homme Prada,94.15,Prada,0,https://www.vinted.it/items/8279243518-cravate-noire-pour-homme-prada?referrer=catalog,5,8279243518,Sold,01/03/2026 04:08:59,,https://images1.vinted.net/t/05_026b7_xaRdc6gLHdQwddCqi2QmQy31/310x430/1772281520.webp?s=8215d3cef7117f63a30ebc412defc78e599e7c8a,7,4
Bolso aghatha Ruiz de la prada,39.55,Agatha Ruiz de la Prada,0,https://www.vinted.it/items/8279238386-bolso-aghatha-ruiz-de-la-prada?referrer=catalog,2,8279238386,Sold,01/03/2026 04:08:59,,https://images1.vinted.net/t/06_01122_AWpC3maYWkFJopy2dzCTBxEw/310x430/1772281490.webp?s=3f4f271991e22c1c14440367b14a3d9bc0f1a3cc,7,4
Parfum prada Carbone homme 100 ml,74.2,Prada,0,https://www.vinted.it/items/8279238670-parfum-prada-carbone-homme-100-ml?referrer=catalog,2,8279238670,Sold,01/03/2026 04:08:59,,https://images1.vinted.net/t/05_00d17_Pot6aViVNZCsdRTwUxfZwiAr/310x430/1772281492.webp?s=7e0ec251d8a982c91a8a6e718dfd04a652f934d5,7,4
Robe neuve,21.7,Agatha Ruiz de la Prada,L / IT 44 / EU 40,https://www.vinted.it/items/8279234255-robe-neuve?referrer=catalog,3,8279234255,Sold,01/03/2026 04:08:59,,https://images1.vinted.net/t/04_00bd0_THuaDZk1cu4C4qSo17GnNWwc/310x430/1772281466.webp?s=ddcc3435cf158a32f18755c15221dd46abb905cf,7,4
Bolso aghatha Ruiz de la prada,58.45,Agatha Ruiz de la Prada,0,https://www.vinted.it/items/8279218499-bolso-aghatha-ruiz-de-la-prada?referrer=catalog,1,8279218499,Sold,01/03/2026 04:08:59,,https://images1.vinted.net/t/06_021db_2JLb8vQWfNtty9R2STGf5RAD/310x430/1772281376.webp?s=544b11a7c4ad06e717753f4883b0da3f18d6a695,7,4
Prada cup Cobalt Blue/Silver (44),105.7,Prada,44,https://www.vinted.it/items/8279219326-prada-cup-cobalt-bluesilver-44?referrer=catalog,1,8279219326,Sold,01/03/2026 04:08:59,,https://images1.vinted.net/t/05_0028d_dXs9m5QC7rGGEq4QQr7AHwSB/310x430/1772281380.webp?s=030d4cf40100e2acfc446adbaeacbd03a855174d,7,4
Mochila aghatha Ruiz de la prada,58.45,Agatha Ruiz de la Prada,0,https://www.vinted.it/items/8279175783-mochila-aghatha-ruiz-de-la-prada?referrer=catalog,1,8279175783,Sold,01/03/2026 04:08:59,,https://images1.vinted.net/t/06_0189f_HgNB48DhMzcSuJGzR1YMkbD4/310x430/1772281129.webp?s=3beeedf7ce6236ab74d1f94e06ab3891bd67f184,7,4
Prada jacke Comic 2017,189.7,Prada,M / IT 42 / EU 38,https://www.vinted.it/items/8279155574-prada-jacke-comic-2017?referrer=catalog,16,8279155574,Sold,01/03/2026 04:08:59,,https://images1.vinted.net/t/05_0087e_GijGnMcxkrDMbbvcDLtbTsoy/310x430/1772281012.webp?s=6511984cf9d9f75efab62d3b25292f8a2e0c3221,7,4
Rouge a lèvre PRADA,24.85,Prada,0,https://www.vinted.it/items/8279155108-rouge-a-levre-prada?referrer=catalog,13,8279155108,Sold,01/03/2026 04:08:59,,https://images1.vinted.net/t/01_0209d_JLTX4CkthDPKCAacgY7oW2AG/310x430/1772281009.webp?s=7fdf2c4f64e532d14a8b8173f6796a67c2855a63,7,4
Prada mega tolle Tasche,1.02,Prada,0,https://www.vinted.it/items/8279152669-prada-mega-tolle-tasche-neu?referrer=catalog,3,8279152669,Sold,01/03/2026 04:08:59,,https://images1.vinted.net/t/05_00123_PiwpStyLYGafnXZtckuvQPmb/310x430/1772280995.webp?s=8267e6293d4b04b2da9703341f95d36b03ca66d9,7,4
Veste Prada violette,341.95,Prada,XL,https://www.vinted.it/items/8279152518-veste-prada-violette?referrer=catalog,4,8279152518,Sold,01/03/2026 04:08:59,,https://images1.vinted.net/t/05_00945_PHYcwPZcWFDDDLikW2hvDMHB/310x430/1772280994.webp?s=425766e662743e311f3c5ea8ab6e7eaa6585af91,7,4
Lunette de soleil,126.7,Prada,0,https://www.vinted.it/items/8279140290-lunette-de-soleil?referrer=catalog,2,8279140290,Sold,01/03/2026 04:08:59,,https://images1.vinted.net/t/06_014b5_fmKRQ59MzpGdSHFTD1qyRzGC/310x430/1772280922.webp?s=931a4b86dfb80592b433695c56d4f4620c6f6bd6,7,4
Lunette linea rossa prada noir,32.2,Kiabi,0,https://www.vinted.it/items/8279137661-lunette-linea-rossa-prada-noir?referrer=catalog,11,8279137661,Sold,01/03/2026 04:08:59,,https://images1.vinted.net/t/05_01d53_JXmGNYTU1RN9ugLnmy9kYsos/310x430/1772280907.webp?s=3020f9161056ddab71ea2074ea3239924bd68c36,7,4
Bolso Prada,703.8,Prada,0,https://www.vinted.it/items/8279130351-bolso-prada?referrer=catalog,2,8279130351,Sold,01/03/2026 04:08:59,,https://images1.vinted.net/t/06_00471_gCLJfxfh9RnJ6DhuLe5ZBZsK/310x430/1772280865.webp?s=aca4ee29e51c1a9ad9317f772c8a3db5cbd2781d,7,4
Prada cups,105.7,Prada,44,https://www.vinted.it/items/8279064409-prada-cups?referrer=catalog,1,8279064409,Sold,01/03/2026 04:08:59,,https://images1.vinted.net/t/05_00a9d_C8PYAJEW4WL6tzruMmx694Hw/310x430/1772280478.webp?s=d9c9b13f835042f8b7039801397afaceb574df80,7,4
Pantalon Agatha Ruiz de la Prada T40,13.3,Agatha Ruiz de la Prada,L / IT 44 / EU 40,https://www.vinted.it/items/8279031036-pantalon-agatha-ruiz-de-la-prada-t40?referrer=catalog,4,8279031036,Sold,01/03/2026 04:08:59,,https://images1.vinted.net/t/01_006df_tU9AphqZniinJbC5Nz3NEGFu/310x430/1772295196.webp?s=c2c89fa0985ee0d704d9b8e075b149622d737dc2,7,4
Miniatura Prada Ocean Luna Rossa,13.3,Prada,0,https://www.vinted.it/items/8279030977-miniatura-prada-ocean-luna-rossa?referrer=catalog,5,8279030977,Sold,01/03/2026 04:08:59,,https://images1.vinted.net/t/06_01a2d_FkiKg1NKRmV3EKfVgM98DEBD/310x430/1772280283.webp?s=4bb3a8942c78e1710a9d4ced868c0981f5d88740,7,4
Paraguas plegable automático Agatha Ruiz de la Prada estrella,12.25,Agatha,0,https://www.vinted.it/items/8279024208-paraguas-plegable-automatico-agatha-ruiz-de-la-prada-estrella?referrer=catalog,1,8279024208,Sold,01/03/2026 04:08:59,,https://images1.vinted.net/t/06_00405_SoU2W3KrFLwAL5hE3iyB4QPP/310x430/1772280243.webp?s=187b5ef6a2ca2c03d8851785b81e93fc18ad8bab,7,4
Polacchine PRADA,116.2,Prada,42,https://www.vinted.it/items/8278999478-polacchine-prada?referrer=catalog,7,8278999478,Sold,01/03/2026 04:08:59,,https://images1.vinted.net/t/03_015e9_HAEoKXSJeUykKqNXXnHWGBAy/310x430/1772280098.webp?s=bdfc3eb66a85579373a75bff9e90be1fca54f396,7,4
Cartera billetera mujer labios fucsia Agatha Ruiz de la Prada,14.25,Agatha,0,https://www.vinted.it/items/8278968102-cartera-billetera-mujer-labios-fucsia-agatha-ruiz-de-la-prada?referrer=catalog,6,8278968102,Sold,01/03/2026 04:08:59,,https://images1.vinted.net/t/06_0255b_1F3K8PWcntnDSD9zQQTveqAS/310x430/1772279912.webp?s=08e148d7cc1db5b82350100fc204a90a8f8124ea,7,4
Prada edp Tainted Love Olfactories,147.7,Prada,0,https://www.vinted.it/items/8278950760-prada-edp-tainted-love-olfactories?referrer=catalog,1,8278950760,Sold,01/03/2026 04:08:59,,https://images1.vinted.net/t/05_012b3_MmBCVksLfDrpUWjvoC1eWDm8/310x430/1772279810.webp?s=8693cf24decd13bd158025961073839e356123f2,7,4
Marta,10.14,Agatha Ruiz de la Prada,0,https://www.vinted.it/items/8278931142-marta-ruiz-de-la-prada-llavero-colores-love-agatha-ruiz-de-la-prada-keychain-love?referrer=catalog,2,8278931142,Sold,01/03/2026 04:08:59,,https://images1.vinted.net/t/06_01f97_oJPwK2XRiEHaM8AH1sC6avbF/310x430/1772279693.webp?s=639a949c69ba0144cde9539cd72022706cc4d66c,7,4
Boite de lunettes prada,5.95,Prada,0,https://www.vinted.it/items/8278930352-boite-de-lunettes-prada?referrer=catalog,2,8278930352,Sold,01/03/2026 04:08:59,,https://images1.vinted.net/t/06_01112_HHE77FzsPafn9ybsXoBY3GAY/310x430/1772279689.webp?s=5c6b4fa997293767b0de098795efe20c1872e25a,7,4
Gioco Prada,263.2,Prada,0,https://www.vinted.it/items/8278885143-gioco-prada?referrer=catalog,0,8278885143,Sold,01/03/2026 04:08:59,,https://images1.vinted.net/t/01_015b1_XxxNZMQ4miAPfPuwsZ4TqRW2/310x430/1772279421.webp?s=cca030c3f6bc9ab97b75763b3b81c2ef6a43344e,7,4
Prada,116.2,Prada,41,https://www.vinted.it/items/8278879941-prada?referrer=catalog,9,8278879941,Sold,01/03/2026 04:08:59,,https://images1.vinted.net/t/04_01b38_fGFN7M3dWZWjR1pptukmYQeS/310x430/1772279390.webp?s=4eee6a84551b3b63724a06d1748ffa462c4dfc6d,7,4
Occhiali PRADA,168.7,Prada,0,https://www.vinted.it/items/8278874190-occhiali-prada?referrer=catalog,0,8278874190,Sold,01/03/2026 04:08:59,,https://images1.vinted.net/t/05_01615_E643tEe3wafYk5CVjUMyycw5/310x430/1772279356.webp?s=745491bf3f4e19714be3b59dc6f5cb1f9184b323,7,4
Prada paradoxe,42.7,Prada,0,https://www.vinted.it/items/8278389341-prada-paradoxe?referrer=catalog,1,8278389341,Sold,01/03/2026 04:08:59,,https://images1.vinted.net/t/05_014cb_W2sFQss69okfBMHeFWpndgqq/310x430/1772276505.webp?s=f8d6368475d2d36f61bd8e98839d2925b23aa680,7,4
Prada python leather ankle boots (lace ups),210.7,Prada,38,https://www.vinted.it/items/8278859943-prada-python-leather-ankle-boots-lace-ups?referrer=catalog,9,8278859943,Sold,01/03/2026 04:08:59,,https://images1.vinted.net/t/06_003d4_aKWQsRi324Bt85MiTWZ5bHfb/310x430/1772279272.webp?s=3067c339b7013c446c985d86b31930a16074711a,7,4
Prada Sunglasses PR C05S,266.88,Prada,0,https://www.vinted.it/items/8278830131-prada-sunglasses-pr-c05s?referrer=catalog,13,8278830131,Sold,01/03/2026 04:08:59,,https://images1.vinted.net/t/06_00b3b_YVp3CtAQvwSVqEyDDUjca25U/310x430/1772279096.webp?s=28840289bf2739bb39195d334f6b32ff6eaf55ad,7,4
1 pijama Rei Leão,11.2,Diversas,XL / IT 46 / EU 42,https://www.vinted.it/items/8278829502-1-pijama-rei-leao-1-camisa-de-noite-stitch-e-um-vestido-agatha-ruiz-de-la-prada?referrer=catalog,0,8278829502,Sold,01/03/2026 04:08:59,,https://images1.vinted.net/t/06_0169e_i2b6YLW98xE1oHdWQ4YW4Urb/310x430/1772279092.webp?s=8670016d9f67c52c5c941807005c8a16aa4f0299,7,4
Prada Sunglasses PR B06S,253.23,Prada,0,https://www.vinted.it/items/8278815930-prada-sunglasses-pr-b06s?referrer=catalog,9,8278815930,Sold,01/03/2026 04:08:59,,https://images1.vinted.net/t/04_00f5c_hdueh5xqozgiRpM2ji6f5F9Q/310x430/1772279012.webp?s=bdb542feb0105a7983ebfe81b002735e75ce4b47,7,4
Tote bag tissu prada,84.7,Prada,0,https://www.vinted.it/items/8278747626-tote-bag-tissu-prada?referrer=catalog,2,8278747626,Sold,01/03/2026 04:08:59,,https://images1.vinted.net/t/05_01da9_Z3FULiXiZ9mgMpdMa5oSkCkX/310x430/1772278605.webp?s=260ef1d90ecd8011426e4b329ad51a08a09f819a,7,4
Porta moedas laranja com fecho.,5.95,Agatha Ruiz de la Prada,0,https://www.vinted.it/items/8278746683-porta-moedas-laranja-com-fecho?referrer=catalog,0,8278746683,Sold,01/03/2026 04:08:59,,https://images1.vinted.net/t/06_0072d_uix1ZqZpRZ1GuRHSXEv5nmBK/310x430/1772278599.webp?s=8ce884725c9d727c0271577da0650b9a9c7248e8,7,4
Prada Cargo de nuit 100mL,278.95,Prada,0,https://www.vinted.it/items/8278745287-prada-cargo-de-nuit-100ml?referrer=catalog,5,8278745287,Sold,01/03/2026 04:08:59,,https://images1.vinted.net/t/01_01096_Vjk7qdg5UV5sXhd7s4ChU2QQ/310x430/1772278591.webp?s=bac802f9e5593f0e02b55ec5e7ef97581611ea33,7,4
Bailarina Prada.,420.7,Prada,36,https://www.vinted.it/items/8278740427-bailarina-prada?referrer=catalog,5,8278740427,Sold,01/03/2026 04:08:59,,https://images1.vinted.net/t/06_017a4_gm6nN4rWdqjSwYkwu9HdMkRu/310x430/1772278562.webp?s=8738d22d4bf7e573852cca85a0210813504fe243,7,4
Prada Brille Retro,63.7,Prada,0,https://www.vinted.it/items/8278720293-prada-brille-retro?referrer=catalog,27,8278720293,Sold,01/03/2026 04:08:59,,https://images1.vinted.net/t/06_01cf4_Zb7orBtXjTdUMvk8NzzASBfr/310x430/1772278443.webp?s=90793b70ac389df490b9dc0dd43244801195993c,7,4
Prada America’s Cup,189.7,Prada,43,https://www.vinted.it/items/8278702280-prada-americas-cup?referrer=catalog,2,8278702280,Sold,01/03/2026 04:08:59,,https://images1.vinted.net/t/04_01117_c9mn7BRb4fydEF73ywb8f7Fz/310x430/1772278336.webp?s=9116f62973b3c3fd324330de32cc655f703d381f,7,4
Lote Dolce & Gabanna y Prada Paradox,21.7,Prada,0,https://www.vinted.it/items/8278699455-lote-dolce-gabanna-y-prada-paradox?referrer=catalog,1,8278699455,Sold,01/03/2026 04:08:59,,https://images1.vinted.net/t/06_0183c_zBxENpfZsMDpVThoQGWiWm94/310x430/1772278319.webp?s=16f94c128963eef4faed69e4b37cd58cecff5d24,7,4
Miniature 7,11.2,Prada,0,https://www.vinted.it/items/8278685404-miniature-75ml-eau-de-parfum-prada-infusion-diris?referrer=catalog,5,8278685404,Sold,01/03/2026 04:08:59,,https://images1.vinted.net/t/03_014e3_fjvFDZvThs4EhjJDRwTVagpW/310x430/1772278236.webp?s=1c7d829d636b1fe5037f8801cef042084254b4d9,7,4
Paradoxe : Virtual Flower - Prada,42.7,Prada,0,https://www.vinted.it/items/8278610085-paradoxe-virtual-flower-prada?referrer=catalog,1,8278610085,Sold,01/03/2026 04:08:59,,https://images1.vinted.net/t/05_00f40_Qqh2psAvuWiuBVfJwetnPc9y/310x430/1772277794.webp?s=074a805803608873ecf9908268711438a9bb3caa,7,4
Eau de parfum Prada Candy 30 ml,56.35,Prada,0,https://www.vinted.it/items/8278606580-eau-de-parfum-prada-candy-30-ml?referrer=catalog,4,8278606580,Sold,01/03/2026 04:09:25,,https://images1.vinted.net/t/05_01ba7_ZnjiKy7xqcXgKEg4Sm7z3vxx/310x430/1772277774.webp?s=5d914a3c0b67fe90dffb2dce3101a62c71c50dbe,7,5
Cappello tweed Prada,510.0,Prada,M,https://www.vinted.it/items/8278594268-cappello-tweed-prada?referrer=catalog,3,8278594268,Sold,01/03/2026 04:09:25,,https://images1.vinted.net/t/05_0269c_JhocQLCxkCKCvY4wVUPtFZxf/310x430/1772277701.webp?s=a35458649fa9c846d4ab58c9b10df886bb90a009,7,5
Prada flowers soprammobile lattina e volantini,23.8,Prada,0,https://www.vinted.it/items/8278555925-prada-flowers-soprammobile-lattina-e-volantini?referrer=catalog,17,8278555925,Sold,01/03/2026 04:09:25,,https://images1.vinted.net/t/01_00dc3_jVHo8foRv7uCyveppk5A5gao/310x430/1772277477.webp?s=fc35e48d324c3fb3c25a7cecf7b6aea0b237fe2d,7,5
Robe Agatha Ruiz 10 ans,16.45,Agatha Ruiz de la Prada,10 anni / 140 cm,https://www.vinted.it/items/8278548986-robe-agatha-ruiz-10-ans?referrer=catalog,8,8278548986,Sold,01/03/2026 04:09:25,,https://images1.vinted.net/t/05_00dd9_WYG856LQXKe3szdYVqUuXPw5/310x430/1772277437.webp?s=5d9822dbc3241dadcb096d31704c8a3e56d6bdea,7,5
Robe Agatha Ruiz neuve,11.2,Agatha Ruiz de la Prada,10 anni / 140 cm,https://www.vinted.it/items/8274998435-robe-agatha-ruiz-neuve?referrer=catalog,8,8274998435,Sold,01/03/2026 04:09:25,,https://images1.vinted.net/t/01_00c67_mGcKsrAw1DxhfNqJqC4QGWAP/310x430/1772277373.webp?s=f5f77cc8a990b46224a23920bc336ed2d8432551,7,5
occhiali da sole prada,315.7,Prada,0,https://www.vinted.it/items/8278527151-occhiali-da-sole-prada?referrer=catalog,0,8278527151,Sold,01/03/2026 04:09:25,,https://images1.vinted.net/t/05_0061f_bGro9yHqA2MNm51WHsjCLymh/310x430/1772277308.webp?s=dcca6ec6318aef1cf122623796782540535b4a9b,7,5
Prada Charms/Anhänger,26.95,Prada,0,https://www.vinted.it/items/8278511386-prada-charmsanhanger?referrer=catalog,1,8278511386,Sold,01/03/2026 04:09:25,,https://images1.vinted.net/t/05_00d14_an57zVPEAjzSZaT4Hj1pWE2i/310x430/1772277215.webp?s=0d9bd869388948726567b9553ff9977ec22b7244,7,5
prada,137.2,Prada,42,https://www.vinted.it/items/8278498386-prada?referrer=catalog,10,8278498386,Sold,01/03/2026 04:09:25,,https://images1.vinted.net/t/01_00ec0_DZwBSNiuoxEMiMwvn8C5PKA3/310x430/1772277139.webp?s=2b2dfd5e2f5e4f60beab2ce2d86dd52f4279c6cb,7,5
Prada Beauty Notizbuch,26.95,Prada,0,https://www.vinted.it/items/8278493187-prada-beauty-notizbuch?referrer=catalog,0,8278493187,Sold,01/03/2026 04:09:25,,https://images1.vinted.net/t/04_0102f_kxkczgYBDBeoxAgTYfDJipqP/310x430/1772277110.webp?s=7e1dca6b66a6cede75dd4740a61437cfda5b90d1,7,5
Occhiale da sole Prada,221.2,Prada,0,https://www.vinted.it/items/8278437384-occhiale-da-sole-prada?referrer=catalog,0,8278437384,Sold,01/03/2026 04:09:25,,https://images1.vinted.net/t/01_0132f_LCErsqDQ5fFYUUvVf2jAe6Mv/310x430/1772276784.webp?s=153bb964a5f57b4774972243fc0568100dc90577,7,5
Mocassins Prada,473.2,Prada,42,https://www.vinted.it/items/8278402072-mocassins-prada?referrer=catalog,2,8278402072,Sold,01/03/2026 04:09:25,,https://images1.vinted.net/t/06_004dc_m4EtZjTSXLiPPAYHf3rh5EYC/310x430/1772276579.webp?s=b8d2b4d904e0ae4064215decafdd6319a9ebc16b,7,5
Prada vaso in latta collezione Fall Winter 23,59.4,Prada,0,https://www.vinted.it/items/8278319942-prada-vaso-in-latta-collezione-fall-winter-23?referrer=catalog,1,8278319942,Sold,01/03/2026 04:09:25,,https://images1.vinted.net/t/06_016b7_JS3AKapABckwsXZs4PgRRJwr/310x430/1772276095.webp?s=a27f21a82311e2a285eec435c9c9d05af8b15d26,7,5
Prada Sonnebrille,30.1,Prada,0,https://www.vinted.it/items/8278309345-prada-sonnebrille?referrer=catalog,38,8278309345,Sold,01/03/2026 04:09:25,,https://images1.vinted.net/t/06_014d7_jh2fJNnBQJnHv6YjU9TJxP7B/310x430/1772276034.webp?s=16bd45e6a5761c05642c558d6269241fa2e4eeb2,7,5
Vestido Agatha Ruiz de la Prada,13.3,Agatha,6 anni / 116 cm,https://www.vinted.it/items/8278276675-vestido-agatha-ruiz-de-la-prada?referrer=catalog,12,8278276675,Sold,01/03/2026 04:09:25,,https://images1.vinted.net/t/05_0069c_BXtyKv826N3CA67KyxHPj5FD/310x430/1772275841.webp?s=e5e6732cf04bb89285c4791f2c7b8ae05eba3c49,7,5
Prada cup bleu foncée ( dark blue ),121.45,Prada,38,https://www.vinted.it/items/8278229591-prada-cup-bleu-foncee-dark-blue?referrer=catalog,23,8278229591,Sold,01/03/2026 04:09:25,,https://images1.vinted.net/t/01_025bd_1E1bStG7EHnnVVSFoFDyaF5d/310x430/1772275565.webp?s=cef8493ce11d2a6f4e3a108a5eacfd3be67f2ec8,7,5
Profumo prada,84.7,Prada,0,https://www.vinted.it/items/8278219174-profumo-prada?referrer=catalog,1,8278219174,Sold,01/03/2026 04:09:25,,https://images1.vinted.net/t/05_01f79_37wDGJSoyNfwEH2fp695aiWt/310x430/1772275504.webp?s=eace413291fa3805e8e78fe0b22baaaebf24901a,7,5
Baume à lèvres fini givré PRADA,34.3,Prada,0,https://www.vinted.it/items/8278194147-baume-a-levres-fini-givre-prada?referrer=catalog,0,8278194147,Sold,01/03/2026 04:09:25,,https://images1.vinted.net/t/05_007d1_KMrX39NsDDQqWwCnEvLJ2YNa/310x430/1772275356.webp?s=e2fc2ec67aba8c4dd5879918f63c739d60961e37,7,5
Prada Cups schwarz,126.7,No brand,42,https://www.vinted.it/items/8278145345-prada-cups-schwarz?referrer=catalog,2,8278145345,Sold,01/03/2026 04:09:25,,https://images1.vinted.net/t/04_00249_BTLkKWz8BXiFEJLDjMZQqD2H/310x430/1772275068.webp?s=6bec2694a20dd74a6b03890275aac58cadc2de8b,7,5
Scarpa uomo Prada luna Rossa n42,79.45,Prada,42,https://www.vinted.it/items/8278136532-scarpa-uomo-prada-luna-rossa-n42?referrer=catalog,5,8278136532,Sold,01/03/2026 04:09:25,,https://images1.vinted.net/t/05_011b0_YZrjYBQxvG94V9co3Q2chrgZ/310x430/1772275016.webp?s=78540b4b984c265c0be08b74fbb69aa33417ee2d,7,5
Jupe Agatha Ruiz de la Prada cœurs rouge & bleu – taille 40,26.95,Agatha Ruiz de la Prada,L / IT 44 / EU 40,https://www.vinted.it/items/8278118810-jupe-agatha-ruiz-de-la-prada-coeurs-rouge-bleu-taille-40?referrer=catalog,66,8278118810,Sold,01/03/2026 04:09:25,,https://images1.vinted.net/t/06_019d0_o7iNs8LdKdLZ1VKjyYf3fERK/310x430/1772274911.webp?s=ded4997a0a304caa967eb11cf9d2070848be50a6,7,5
Prada paradoxe eau de parfum,45.85,Prada,0,https://www.vinted.it/items/8278114422-prada-paradoxe-eau-de-parfum?referrer=catalog,1,8278114422,Sold,01/03/2026 04:09:25,,https://images1.vinted.net/t/06_017f4_k4afBE4DDvGj9T3emxXQRnvn/310x430/1772274885.webp?s=da9e79ae3960e733a63f0ce11e9b382f599f8025,7,5
Prada Cups Olive Grün,126.7,No brand,43,https://www.vinted.it/items/8278112341-prada-cups-olive-grun?referrer=catalog,18,8278112341,Sold,01/03/2026 04:09:25,,https://images1.vinted.net/t/03_00894_6CQwm8UHpRR311ToVk9dgZ9H/310x430/1772274872.webp?s=f9717d5fe712806b57a80f7564ab02f536eb7088,7,5
Prada pumps,510.0,Prada,37.5,https://www.vinted.it/items/8278110847-prada-pumps?referrer=catalog,5,8278110847,Sold,01/03/2026 04:09:25,,https://images1.vinted.net/t/05_0041c_Qwm66jHhkDCdggqXs2CxyKQG/310x430/1772275268.webp?s=21b114fdfbab3de3f8721bcc2b9a73e5bf06b0a2,7,5
Prada Parfüm,63.7,Prada,0,https://www.vinted.it/items/8278106717-prada-parfum?referrer=catalog,1,8278106717,Sold,01/03/2026 04:09:25,,https://images1.vinted.net/t/01_00513_nexGC8rTVVtod55Xnm67KpCX/310x430/1772274839.webp?s=30b21611565127bb63185bfe17bf09c09d5435d3,7,5
Abrigo Agatha Ruiz de la Prada Impermeable Talla 8 años. Manteau imperméable. Casaco impermeável,68.95,Agatha Ruiz de la Prada,8 anni / 128 cm,https://www.vinted.it/items/8278059915-abrigo-agatha-ruiz-de-la-prada-impermeable-talla-8-anos-manteau-impermeable-casaco-impermeavel?referrer=catalog,46,8278059915,Sold,01/03/2026 04:09:25,,https://images1.vinted.net/t/06_02437_sBDpQ2kEvoMhDrpePm9fbrJC/310x430/1772274558.webp?s=e9a7797eefa38d4527448227353b67685bb12454,7,5
Prada Cups Navy Blau,126.7,No brand,42,https://www.vinted.it/items/8278021308-prada-cups-navy-blau?referrer=catalog,1,8278021308,Sold,01/03/2026 04:09:25,,https://images1.vinted.net/t/01_00256_EgZedU4jmjT8D45MQkKEAkXb/310x430/1772274326.webp?s=f001bb56a33ead0e51a0e0ddfc8fdd2c9a295ecd,7,5
Prada Prax blau schwarz,126.7,No brand,42,https://www.vinted.it/items/8277991840-prada-prax-blau-schwarz?referrer=catalog,1,8277991840,Sold,01/03/2026 04:09:25,,https://images1.vinted.net/t/06_01062_xAC5mvNbszw765veTJCYQMeQ/310x430/1772274146.webp?s=4a76f04dc3627483ad6586b10b3e95013932075c,7,5
Gafas de sol PRADA,231.7,Prada,0,https://www.vinted.it/items/8277991253-gafas-de-sol-prada?referrer=catalog,0,8277991253,Sold,01/03/2026 04:09:25,,https://images1.vinted.net/t/06_026ab_2WHyiGhjqg5vUG6hxMoJiMk9/310x430/1772283541.webp?s=96dc8a2c067be256724b1377219826bcf4fece09,7,5
Mini vestido Re-nylon Prada,1.53,Prada,L / IT 44 / EU 40,https://www.vinted.it/items/8277989618-mini-vestido-re-nylon-prada?referrer=catalog,0,8277989618,Sold,01/03/2026 04:09:25,,https://images1.vinted.net/t/05_02405_CAJA78qNfv8qKXgBVcgMp3c2/310x430/1772274133.webp?s=fa5df512cc45e1830a6e97f66ebc84c3bd8d0f1b,7,5
Occhiali Prada,84.7,Prada,0,https://www.vinted.it/items/8277864645-occhiali-prada?referrer=catalog,0,8277864645,Sold,01/03/2026 04:09:25,,https://images1.vinted.net/t/06_012cd_C4KeEfbAbBmJPBu1ESvAMPck/310x430/1772273357.webp?s=0bb68104789c9b3135a03f331a2d442b29622f06,7,5
Prada Re-Edition 2005 Re-Nylon Saffiano Leder Nylon Tasche Bag,805.8,Prada,0,https://www.vinted.it/items/8277958022-prada-re-edition-2005-re-nylon-saffiano-leder-nylon-tasche-bag?referrer=catalog,4,8277958022,Sold,01/03/2026 04:09:25,,https://images1.vinted.net/t/05_006ab_wGvb7HF2zv8SFj9J78BVp2RP/310x430/1772273938.webp?s=e6f9086259d700293a9d5a11db0c4714845f15bd,7,5
Sneakers Prada America's cup,305.2,Luna Rossa,40,https://www.vinted.it/items/8277957904-sneakers-prada-americas-cup?referrer=catalog,4,8277957904,Sold,01/03/2026 04:09:25,,https://images1.vinted.net/t/06_00998_L9a65EutyHNa42g63Z425BKj/310x430/1772273938.webp?s=06ce2c6059763725c1e3ce338ee85dc27af5032a,7,5
PRADA,431.2,Prada,0,https://www.vinted.it/items/8277956659-prada?referrer=catalog,2,8277956659,Sold,01/03/2026 04:09:25,,https://images1.vinted.net/t/01_007c1_w3a71BcPj8tM3kf1VrPZG1yg/310x430/1772273930.webp?s=5e2ffc300d40030d2ff12b558bf89d85928905bd,7,5
cover 12 pro max prada,11.2,Prada,0,https://www.vinted.it/items/8277904133-cover-12-pro-max-prada?referrer=catalog,5,8277904133,Sold,01/03/2026 04:09:25,,https://images1.vinted.net/t/05_0240c_EJaB5MpDNB6f1q3gTpwG6g2F/310x430/1772273605.webp?s=47448fcba842f64cd1dab57b1bdc47a8ef779fce,7,5
Prada Parfüm,24.85,Prada,0,https://www.vinted.it/items/8277894449-prada-parfum-paradox?referrer=catalog,13,8277894449,Sold,01/03/2026 04:09:25,,https://images1.vinted.net/t/05_014cf_Hx4ieZkXKKrqezqJT5JdWR9J/310x430/1772273545.webp?s=38eeb2b6ada0bec02f3d5631ecdd61fda1814213,7,5
Casquette noire Prada en nylon – Logo triangle – Très bon état,74.2,Kiabi,Taglia unica,https://www.vinted.it/items/8277868320-casquette-noire-prada-en-nylon-logo-triangle-tres-bon-etat?referrer=catalog,3,8277868320,Sold,01/03/2026 04:09:25,,https://images1.vinted.net/t/06_01d74_8jbmpoyuL4W5gWmVgo375oqu/310x430/1772273381.webp?s=46a51afceeab2719a4ef60cc0cd34710d4da0613,7,5
Prada Paradoxe EDP Recarregável,60.55,Prada,0,https://www.vinted.it/items/8277868480-prada-paradoxe-edp-recarregavel?referrer=catalog,0,8277868480,Sold,01/03/2026 04:09:25,,https://images1.vinted.net/t/06_00b57_HHzKoiWzHWi5kZgHL4QBvrAq/310x430/1772273382.webp?s=9a4bd7d95aec5710e1100458f13ec37764f3ee4b,7,5
Prada Sonnenbrille,126.7,Prada,0,https://www.vinted.it/items/8277840827-prada-sonnenbrille?referrer=catalog,2,8277840827,Sold,01/03/2026 04:09:25,,https://images1.vinted.net/t/05_01011_xYuaZAMt5zRX1MydA8bRkExx/310x430/1772273204.webp?s=737e60dbab29f425382e665ee438a0847413530e,7,5
Perfume,78.4,Prada,0,https://www.vinted.it/items/8277823196-perfume?referrer=catalog,0,8277823196,Sold,01/03/2026 04:09:25,,https://images1.vinted.net/t/06_0092e_z9Y1Prx1yRFkRjwMgxcJWEv9/310x430/1772273089.webp?s=a9be293c8394beeaa40d010c1cc02fe2fa33d6fc,7,5
Pull Prada taille M noir,410.2,Prada,M,https://www.vinted.it/items/8277742315-pull-prada-taille-m-noir?referrer=catalog,0,8277742315,Sold,01/03/2026 04:09:25,,https://images1.vinted.net/t/05_0040b_CeKC3g8e6V31Nubb9QpBkKmz/310x430/1772272557.webp?s=423e737d96215b01603e9d0ee91d222cc08e4ffa,7,5
Sac Prada Cabas en cuir Beige,1.17198,Prada,0,https://www.vinted.it/items/8277692078-sac-prada-cabas-en-cuir-beige?referrer=catalog,11,8277692078,Sold,01/03/2026 04:09:25,,https://images1.vinted.net/t/06_01198_tUc9b8L2Z7Zr4HyNKC1Hzxfp/310x430/1772272221.webp?s=5130a50c9c75ae3c5249133d379bfc2ca48206ce,7,5
Prada Cup,110.95,Prada,42,https://www.vinted.it/items/8277688911-prada-cup?referrer=catalog,52,8277688911,Sold,01/03/2026 04:09:25,,https://images1.vinted.net/t/05_009fe_D4m9osDrqbXTNUAbssMQ3kYT/310x430/1772272199.webp?s=613719efbebbba9bbdcd56d35d651273682b940b,7,5
Mules Prada 37,515.2,Prada,37,https://www.vinted.it/items/8277672436-mules-prada-37?referrer=catalog,23,8277672436,Sold,01/03/2026 04:09:25,,https://images1.vinted.net/t/05_000a1_5JuCizyCcFcThrtbPh3uTFGF/310x430/1772272089.webp?s=08b28fc2e62e85605110c3ede7680e836d29fb96,7,5
Scarpe  Prada Luna rossa,89.95,Prada,41,https://www.vinted.it/items/8277670356-scarpe-prada-luna-rossa?referrer=catalog,5,8277670356,Sold,01/03/2026 04:09:25,,https://images1.vinted.net/t/06_01964_YsHyyV7YZoKxjbmMawQkctAM/310x430/1772272075.webp?s=94f611db26d3ac72c4dbdc27dee8fac062508adf,7,5
Base de teint Prada,21.7,Prada,0,https://www.vinted.it/items/8277670448-base-de-teint-prada?referrer=catalog,4,8277670448,Sold,01/03/2026 04:09:25,,https://images1.vinted.net/t/06_00c38_mDvBUpbzkmirvHEQXW2xUa4v/310x430/1772272075.webp?s=af698cfbef134a2f66d9a9d69baa3d519eacdb66,7,5
jeans Prada,73.15,Prada,S / IT 40 / EU 36,https://www.vinted.it/items/8277669773-jeans-prada?referrer=catalog,2,8277669773,Sold,01/03/2026 04:09:25,,https://images1.vinted.net/t/06_0162d_195CsZ9LGpQmf3iWrQHm2H79/310x430/1772272071.webp?s=e049b54110e05c53047a8b5d18017a2ac2f1d98e,7,5
Vestido 👗 Niña Agatha Ruiz De La Prada Talla 10,13.3,Agatha Ruiz de la Prada,10 anni / 140 cm,https://www.vinted.it/items/8277661163-vestido-nina-agatha-ruiz-de-la-prada-talla-10?referrer=catalog,7,8277661163,Sold,01/03/2026 04:09:25,,https://images1.vinted.net/t/01_011fa_MJgNgC8LudY16ATNqWdMe5gg/310x430/1772272013.webp?s=12230cc3f4e5f7f3a9596406c6a6620adb86bd8c,7,5
Luna rossa océan Prada,79.45,Prada,0,https://www.vinted.it/items/8277648226-luna-rossa-ocean-prada?referrer=catalog,1,8277648226,Sold,01/03/2026 04:09:25,,https://images1.vinted.net/t/06_01a74_moSkAsanxz4wUAhnPL5KHKzH/310x430/1772271923.webp?s=d94fa702a67ba74c52a89ddeff85179a4b4894d0,7,5
Funda de cojín Agatha Ruiz de la Prada con Corazón,5.95,Agatha Ruiz de la Prada,0,https://www.vinted.it/items/8277647193-funda-de-cojin-agatha-ruiz-de-la-prada-con-corazon?referrer=catalog,0,8277647193,Sold,01/03/2026 04:09:25,,https://images1.vinted.net/t/04_00fd9_9qGZzGKTxLnmdrzw2sfyjNXs/310x430/1772271916.webp?s=772083853f0252085a562178c98697f63e2b0f37,7,5
Robe motif pied de poule Prada,368.2,Prada,S / IT 40 / EU 36,https://www.vinted.it/items/8277594451-robe-motif-pied-de-poule-prada?referrer=catalog,8,8277594451,Sold,01/03/2026 04:09:25,,https://images1.vinted.net/t/06_0139d_BQwe91ibAZ9P1sf8foQpaus8/310x430/1772271548.webp?s=9fcc8f9d801221b85c9c62fae668b532613a01ab,7,5
Monture prada noire lunettes,30.1,Prada,0,https://www.vinted.it/items/8277591506-monture-prada-noire-lunettes?referrer=catalog,1,8277591506,Sold,01/03/2026 04:09:25,,https://images1.vinted.net/t/04_0153b_FPoRTTJGaQN2cJ1WFkNiQPXx/310x430/1772271526.webp?s=a56692ded2008bb7459d751abeb6c323cf838a0b,7,5
Prada Milano – Edición de Colección (2009) con Funda,263.2,No brand,0,https://www.vinted.it/items/8277591614-prada-milano-edicion-de-coleccion-2009-con-funda?referrer=catalog,0,8277591614,Sold,01/03/2026 04:09:25,,https://images1.vinted.net/t/06_00c38_M7v7n5njDC9y2KaTtmHg9UCH/310x430/1772271527.webp?s=c255ceeb6b3106631251ef42c1a33fad015d86ce,7,5
Cartera Agatha Ruiz de la Prada,19.6,Agatha Ruiz de la Prada,0,https://www.vinted.it/items/8277590926-cartera-agatha-ruiz-de-la-prada-verde-nuevo?referrer=catalog,3,8277590926,Sold,01/03/2026 04:09:25,,https://images1.vinted.net/t/05_01e5d_yQTeSTSrU3PiW2944ULrTUKw/310x430/1772271522.webp?s=0c44459f66c3ffee6c8424064b9bdad1a0238876,7,5
Monture Prada noir lunettes,30.1,Prada,0,https://www.vinted.it/items/8277578665-monture-prada-noir-lunettes?referrer=catalog,0,8277578665,Sold,01/03/2026 04:09:25,,https://images1.vinted.net/t/03_0057c_tyEd1djdHy3BzPLo41Ujonwz/310x430/1772271435.webp?s=6a552af171bcf321338ecf2b1e8e799a1f96908a,7,5
Monedero Agatha Ruiz de la Prada Nuevo azul,16.45,Agatha Ruiz de la Prada,0,https://www.vinted.it/items/8277573804-monedero-agatha-ruiz-de-la-prada-nuevo-azul?referrer=catalog,4,8277573804,Sold,01/03/2026 04:09:25,,https://images1.vinted.net/t/06_0150c_FEJMeNvZgdf2w9iRcX7FszTn/310x430/1772271400.webp?s=2ecd5f78a31434f54dd4eaa13464f68e11bdbb0e,7,5
Prada paradoxe radical essence 90 ml,51.1,Prada,0,https://www.vinted.it/items/8277560387-prada-paradoxe-radical-essence-90-ml?referrer=catalog,8,8277560387,Sold,01/03/2026 04:09:25,,https://images1.vinted.net/t/05_0178f_aYjykjuMbJDS2QJN4gPL5W18/310x430/1772271303.webp?s=ae9134782dec304f8ca236f7a1a29d1adc19b0ed,7,5
NIEUW Mooie slippers Prada,126.7,Prada,39,https://www.vinted.it/items/8277544421-nieuw-mooie-slippers-prada?referrer=catalog,7,8277544421,Sold,01/03/2026 04:09:25,,https://images1.vinted.net/t/04_00c28_HP1zeoqsbux7KgdZisi8iFYV/310x430/1772271190.webp?s=2d2bb2610eb6302149eb28a93d3aba599a9b05b0,7,5
Prada beige,37.45,Prada,M / IT 42 / EU 38,https://www.vinted.it/items/8277535946-prada-beige?referrer=catalog,12,8277535946,Sold,01/03/2026 04:09:25,,https://images1.vinted.net/t/06_01d28_sdmpjEU59oqyoAZEmfwCLBsA/310x430/1772271130.webp?s=11053143ce64c9a9ede77d786c4d8e62eece21a8,7,5
Occhiali da sole Prada NUOVI,68.95,Prada,0,https://www.vinted.it/items/8277534415-occhiali-da-sole-prada-nuovi?referrer=catalog,9,8277534415,Sold,01/03/2026 04:09:25,,https://images1.vinted.net/t/06_01250_hnNGdjFu1ridD1D9yPfphQyx/310x430/1772271120.webp?s=f9290d40a621e86af26b5e530de0e272c4c4858f,7,5
Cintura Prada – Pelle Saffiano Verde – Nuova,263.2,Prada,100 cm,https://www.vinted.it/items/8277522966-cintura-prada-pelle-saffiano-verde-nuova?referrer=catalog,11,8277522966,Sold,01/03/2026 04:09:25,,https://images1.vinted.net/t/05_022ff_ZL1Mm3PKEyrneqMSrr3JswXR/310x430/1772271036.webp?s=d5885f37b19bf36aa1d1b4d20960aa6e6c1f92a5,7,5
Occhiali vista Prada,95.2,Prada,0,https://www.vinted.it/items/8277509417-occhiali-vista-prada?referrer=catalog,0,8277509417,Sold,01/03/2026 04:09:25,,https://images1.vinted.net/t/05_02539_ogo9xgCGRGHsaJAHjY9Y6rth/310x430/1772270937.webp?s=19da85386a606c01f7397b0eed7a33ee1b1f3237,7,5
Profumo,53.2,Prada,0,https://www.vinted.it/items/8277452716-profumo?referrer=catalog,1,8277452716,Sold,01/03/2026 04:09:25,,https://images1.vinted.net/t/03_01e16_bU6vfdwmyPsZQCnNEHZW7RvE/310x430/1772270516.webp?s=a116a4a7507067aec0bc3f3ad38c350b8ae4a430,7,5
Parfum,95.2,Prada,0,https://www.vinted.it/items/8277434532-parfum?referrer=catalog,0,8277434532,Sold,01/03/2026 04:09:25,,https://images1.vinted.net/t/05_026bc_bmsnnfzaCjUGtHmnPokaRgZQ/310x430/1772270374.webp?s=3225307bdfa5d3abaea4180e211d17fc442d5c62,7,5
Occhiali da sole Prada,79.45,Prada,0,https://www.vinted.it/items/8277431498-occhiali-da-sole-prada?referrer=catalog,4,8277431498,Sold,01/03/2026 04:09:25,,https://images1.vinted.net/t/03_02539_xkdTC1YDaZtdNSPE7dXSDf95/310x430/1772270351.webp?s=0d5e843bf8a644c53e2f9c74702cc4bd9a28a42f,7,5
Collapse Prada,510.0,Prada,37,https://www.vinted.it/items/8277383220-collapse-prada?referrer=catalog,0,8277383220,Sold,01/03/2026 04:09:25,,https://images1.vinted.net/t/05_01b39_xhXrCSCwdH5BW5PUtxF742Bm/310x430/1772269973.webp?s=441fe93369260b63dd9d5e9ea68be73e8c166972,7,5
Bolso agatha Ruiz nuevo,62.65,Agatha Ruiz de la Prada,0,https://www.vinted.it/items/8277376178-bolso-agatha-ruiz-nuevo?referrer=catalog,34,8277376178,Sold,01/03/2026 04:09:25,,https://images1.vinted.net/t/05_007f7_sB6gdgiQTXasFHi9knFaZjPW/310x430/1772269915.webp?s=a50f45b6aa4284f0ea72ee6275671dc635b1a1c3,7,5
Sneakers Prada donna,263.2,Prada,36.5,https://www.vinted.it/items/8277368609-sneakers-prada-donna?referrer=catalog,0,8277368609,Sold,01/03/2026 04:09:25,,https://images1.vinted.net/t/06_01cb0_5i88aBPhmbNjGod7LJTv8RdX/310x430/1772269855.webp?s=147fc2f6db2b9237736d0881cb59f91538e93017,7,5
Lunettes prada noires,221.2,Prada,0,https://www.vinted.it/items/8277365803-lunettes-prada-noires?referrer=catalog,1,8277365803,Sold,01/03/2026 04:09:25,,https://images1.vinted.net/t/06_0204b_EW9sPvBSDMCunfs5jaa86pH7/310x430/1772269831.webp?s=0eff903852f0f61c76bc5547a1b67c6b0a3af320,7,5
Eau de toilette Luna Rossa Prada,47.95,Prada,0,https://www.vinted.it/items/8277347184-eau-de-toilette-luna-rossa-prada?referrer=catalog,8,8277347184,Sold,01/03/2026 04:09:25,,https://images1.vinted.net/t/06_00061_1UfALgQQERAbsEPt7pn9uTvP/310x430/1772269679.webp?s=c847cba8cc7f75b0d9bd5b416f0ba4c1264df83b,7,5
Prada - America’s cup,305.2,Prada,43,https://www.vinted.it/items/8277320212-prada-americas-cup?referrer=catalog,6,8277320212,Sold,01/03/2026 04:09:25,,https://images1.vinted.net/t/01_00cd5_X1u7TeCsEbwhwXYDXpyZzjaM/310x430/1772269451.webp?s=8f74268f481519efc6ee083d2057abb3a81d7196,7,5
Miniature prada,16.45,Prada,0,https://www.vinted.it/items/8277306627-miniature-prada?referrer=catalog,1,8277306627,Sold,01/03/2026 04:09:25,,https://images1.vinted.net/t/05_0073c_A4NYscDQLpHb9CCP7ExUCA4h/310x430/1772269336.webp?s=273e46fd41dd6aab388e8fad6756b2082a7ca7ec,7,5
Bolso y monedero agatha Ruiz,94.15,Agatha Ruiz de la Prada,0,https://www.vinted.it/items/8277300765-bolso-y-monedero-agatha-ruiz?referrer=catalog,39,8277300765,Sold,01/03/2026 04:09:25,,https://images1.vinted.net/t/06_001c4_RdkDgKvVJhqh1FHgsMXSvgLM/310x430/1772269284.webp?s=06072977d36b7d18e4a9b62d7c795a4b9172475f,7,5
Sac bandoulière et porte monnaie Prada,1.0098,Prada,0,https://www.vinted.it/items/8277300294-sac-bandouliere-et-porte-monnaie-prada?referrer=catalog,3,8277300294,Sold,01/03/2026 04:09:25,,https://images1.vinted.net/t/01_0044f_LbjgYPFU3NE3P34Wnkyj4b3n/310x430/1772270737.webp?s=b739c3c17cd657204d1af10ed8793f5e5acb1676,7,5
Prada jeans,765.0,Prada,S / IT 40 / EU 36,https://www.vinted.it/items/8277281251-prada-jeans?referrer=catalog,0,8277281251,Sold,01/03/2026 04:09:25,,https://images1.vinted.net/t/05_00db1_VywzTHoDh5KvqAAqfW1fZvNF/310x430/1772269117.webp?s=76372fc34599192d8dac30faa9b869af6c7b9173,7,5
Prada Cups schwarz grau weiß,210.7,Prada,42,https://www.vinted.it/items/8277247969-prada-cups-schwarz-grau-weiss?referrer=catalog,1,8277247969,Sold,01/03/2026 04:09:25,,https://images1.vinted.net/t/05_010b3_tmnsruyS9xEzoTpXHLjdEUkR/310x430/1772281506.webp?s=4ff140fecdb8db6571a52846d7634cbb25e70a0b,7,5
Scatola da borsa o scarpe Prada azzurra,16.45,Prada,0,https://www.vinted.it/items/8277243834-scatola-da-borsa-o-scarpe-prada-azzurra?referrer=catalog,1,8277243834,Sold,01/03/2026 04:09:25,,https://images1.vinted.net/t/06_002cf_kwMCri4GQ8CArEAQtEXBNY4X/310x430/1772268788.webp?s=8e515ea85c7621aaf636e08fcba0301155a72e9c,7,5
Prada Maglione,73.15,Prada,L / IT 44 / EU 40,https://www.vinted.it/items/8277237149-prada-maglione?referrer=catalog,2,8277237149,Sold,01/03/2026 04:09:25,,https://images1.vinted.net/t/06_02527_V4yExpyw1j1acAy54WBqBYHj/310x430/1772268727.webp?s=9ce675cb5b1276c0ff57b721b39d228b4d27de1d,7,5
Bottoni vari firmati,8.05,Prada,0,https://www.vinted.it/items/8277190770-bottoni-vari-firmati?referrer=catalog,1,8277190770,Sold,01/03/2026 04:09:25,,https://images1.vinted.net/t/04_014f7_2vHChZWgck6ctR7JHEvhGp84/310x430/1772268298.webp?s=b9df2ff5677a47fbe916de4bfbde92bd079ae90d,7,5
Prada,74.2,Prada,0,https://www.vinted.it/items/8277173290-prada?referrer=catalog,5,8277173290,Sold,01/03/2026 04:09:25,,https://images1.vinted.net/t/06_0188e_YyCfQsp3rtbK8FfAcqHv6bbV/310x430/1772268134.webp?s=760faada03fef5feefd36e246c7d605271f2acbc,7,5
Bracciale Prada tg s,250.6,Prada,0,https://www.vinted.it/items/8277148668-bracciale-prada-tg-s?referrer=catalog,0,8277148668,Sold,01/03/2026 04:09:25,,https://images1.vinted.net/t/01_000da_pVn5n4ghvFkuCYDXtW3hqQnN/310x430/1772267896.webp?s=2c2d03dce07ccca34a62430f1b79c1e591c0f33e,7,5
Les Infusions de Prada,105.7,Prada,0,https://www.vinted.it/items/8277133691-les-infusions-de-prada?referrer=catalog,0,8277133691,Sold,01/03/2026 04:09:25,,https://images1.vinted.net/t/04_01f61_Gx9NzNqthYMvbz6JQTaujP97/310x430/1772267745.webp?s=05fdbd5ce8a22c94ebde95930fc3a90582ddc83a,7,5
Pradakartenhalter,26.95,Prada,0,https://www.vinted.it/items/8277122132-pradakartenhalter?referrer=catalog,2,8277122132,Sold,01/03/2026 04:09:25,,https://images1.vinted.net/t/06_02355_epDrY4H8bSPfrUJssQ44ttLX/310x430/1772267628.webp?s=7fbbe0dda755bb9f06936f4ca1dc8b9e29725454,7,5
Les infusions de Prada,105.7,Prada,0,https://www.vinted.it/items/8277116829-les-infusions-de-prada?referrer=catalog,1,8277116829,Sold,01/03/2026 04:09:25,,https://images1.vinted.net/t/05_017d3_N9v7Prj3kWAHu7YuEtHXbrQo/310x430/1772267573.webp?s=27ebadaa3decf0a7e6fe527d1d6ad2f6c2a7ccfa,7,5
Scarpe con i tacchi Prada 36,510.0,Prada,36.5,https://www.vinted.it/items/8277105393-scarpe-con-i-tacchi-prada-365?referrer=catalog,0,8277105393,Sold,01/03/2026 04:09:25,,https://images1.vinted.net/t/06_001d7_fEcKNWjQRmQzGtMiKxyBCkk4/310x430/1772267457.webp?s=0e043edb37f16028a7214fb95529f7a22cfe38ef,7,5
Sandalias de Agatha Ruiz de la Prada,20.65,Agatha Ruiz de la Prada,22,https://www.vinted.it/items/8277103936-sandalias-de-agatha-ruiz-de-la-prada?referrer=catalog,4,8277103936,Sold,01/03/2026 04:09:25,,https://images1.vinted.net/t/01_00cc2_oUpEJ6pXB2kAvGifbGvXzu4b/310x430/1772267441.webp?s=c222e8f8e4d3afd9f56aa61858444cc35a1dc187,7,5
Prada kartenhalter 1 ZU 1,19.6,Prada,0,https://www.vinted.it/items/8277076352-prada-kartenhalter-1-zu-1?referrer=catalog,24,8277076352,Sold,01/03/2026 04:09:25,,https://images1.vinted.net/t/06_02107_A6dnJCxp6UrWt4nPayUcZMd8/310x430/1772267152.webp?s=f262290c01ce5d6b0861137a7435d9e489ad1a9f,7,5
Les infusions de Prada,105.7,Prada,0,https://www.vinted.it/items/8277075107-les-infusions-de-prada?referrer=catalog,2,8277075107,Sold,01/03/2026 04:09:25,,https://images1.vinted.net/t/01_0076a_1GLzx3Lwi5iQXg5j1BHeb6f3/310x430/1772267139.webp?s=93467f41489774c6cbce4e1dd1319040a6aa764d,7,5
NEW Prada stiletto heels / sandals,263.2,Prada,39,https://www.vinted.it/items/8277053547-new-prada-stiletto-heels-sandals?referrer=catalog,4,8277053547,Sold,01/03/2026 04:09:25,,https://images1.vinted.net/t/05_01195_RzftZmYTAHCbwTTUBGdkJEia/310x430/1772266904.webp?s=925234a4550ebc50f680a5276b455073b0a10e8f,7,5
Prada Sonnenbrille Barock,236.95,Prada,0,https://www.vinted.it/items/8277062965-prada-sonnenbrille-barock?referrer=catalog,0,8277062965,Sold,01/03/2026 04:09:25,,https://images1.vinted.net/t/06_00106_HhjxojctnwRrYGvKydvSF6pA/310x430/1772267052.webp?s=8a836c756f8c3eb458afe9f55420e2bc36a61cc2,7,5
Prada Paradoxe,89.95,Prada,0,https://www.vinted.it/items/8277055991-prada-paradoxe?referrer=catalog,0,8277055991,Sold,01/03/2026 04:09:25,,https://images1.vinted.net/t/06_00a75_E2yPmGsgL46kSw7z9mKqQAGH/310x430/1772266931.webp?s=5b79da9caec3b5d5ac7a0dc5de6b765f5f3ddedf,7,5
Temas de Salud,9.1,No brand,0,https://www.vinted.it/items/8277028460-temas-de-salud?referrer=catalog,0,8277028460,Sold,01/03/2026 04:09:25,,https://images1.vinted.net/t/05_01844_5XQmC5ovfGQDAcMZbJApC2th/310x430/1772266620.webp?s=0ed6ab46f9b3a12f4add66e1439d58f7d68b9a8a,7,5
Lunettes de soleil prada neuves,210.7,Prada,0,https://www.vinted.it/items/8277003527-lunettes-de-soleil-prada-neuves?referrer=catalog,1,8277003527,Sold,01/03/2026 04:09:25,,https://images1.vinted.net/t/04_0184e_fpVqYYoGyXStWVSGvZ1EWqeo/310x430/1772266330.webp?s=e3f48490c70cb1bba9f189fd396db0b775498567,7,5
Prada intense,40.6,Prada,0,https://www.vinted.it/items/8277002464-prada-intense?referrer=catalog,2,8277002464,Sold,01/03/2026 04:09:25,,https://images1.vinted.net/t/05_019f2_prrEAy5QQyYjpaLGeNk7s4Qh/310x430/1772266318.webp?s=ac173c9d49b6d004bd78ab186423a81578636cf4,7,5
jeans prada a vita bassa,37.45,Prada,Taglia unica,https://www.vinted.it/items/8276993877-jeans-prada-a-vita-bassa?referrer=catalog,9,8276993877,Sold,01/03/2026 04:09:25,,https://images1.vinted.net/t/06_003ac_xiFWnXYUtM4R2U22Te3AJUwn/310x430/1772266213.webp?s=ad80bc4a2d27707cbf2e230393c18d6207eb37a2,7,5
Prada Studded Sneakers,263.2,Prada,46,https://www.vinted.it/items/8276983793-prada-studded-sneakers?referrer=catalog,59,8276983793,Sold,01/03/2026 04:09:25,,https://images1.vinted.net/t/05_0225b_SjVE8ZE4Yd54sqqMeB949JxC/310x430/1772266089.webp?s=d0c545a172a8a6db7b99878e99414c020a1bee78,7,5
Prada Sunglasses PR 02P NAK-0A7,105.7,Prada,0,https://www.vinted.it/items/8276979992-prada-sunglasses-pr-02p-nak-0a7?referrer=catalog,7,8276979992,Sold,01/03/2026 04:09:25,,https://images1.vinted.net/t/06_02473_EUuh3UuVr2DTuuzGg7YQJ8u7/310x430/1772266043.webp?s=e2cd0c1c06b910bf1138981def9d913f7f2818de,7,5
Profumo Prada Paradoxe 90ml,42.7,Prada,0,https://www.vinted.it/items/8276962388-profumo-prada-paradoxe-90ml?referrer=catalog,1,8276962388,Sold,01/03/2026 04:10:02,,https://images1.vinted.net/t/03_0230d_PSUsP9jAjcwa5wz1cbA6kDrv/310x430/1772265816.webp?s=41f76747beaeb981d346c1f2e7afd1ea320e6d7e,7,6
Prada Paradoxe Intense,43.75,Prada,0,https://www.vinted.it/items/8276957441-prada-paradoxe-intense?referrer=catalog,2,8276957441,Sold,01/03/2026 04:10:02,,https://images1.vinted.net/t/06_023b6_c5ibihetLYEZT1g9mBreCArR/310x430/1772265753.webp?s=e8fc7dfaceab036864550fd9c5414f4c7db80d03,7,6
Prada Sunglasses PR 28N 1AB-3M1,105.7,Prada,0,https://www.vinted.it/items/8276954925-prada-sunglasses-pr-28n-1ab-3m1?referrer=catalog,0,8276954925,Sold,01/03/2026 04:10:02,,https://images1.vinted.net/t/06_005ab_PuEsozZ6simKM5AipLPXvMZE/310x430/1772265720.webp?s=6de0998c240d610e6ebffc362a96640790b84089,7,6
Prada Black (Navy) Trousers – Men – Size 36 – Very Good Condition,263.2,Prada,IT 46 | W36,https://www.vinted.it/items/8276452423-prada-black-navy-trousers-men-size-36-very-good-condition?referrer=catalog,1,8276452423,Sold,01/03/2026 04:10:02,,https://images1.vinted.net/t/06_00f2f_gLK4fJpL8iEPay5dqPzVSfho/310x430/1772236133.webp?s=7342e7bd46cd97305c0d3be0209b78a0396c4897,7,6
Sudadera Agatha Ruiz de la Prada,7.0,Agatha Ruiz de la Prada,18-24 mesi / 86 cm,https://www.vinted.it/items/8276942152-sudadera-agatha-ruiz-de-la-prada?referrer=catalog,1,8276942152,Sold,01/03/2026 04:10:02,,https://images1.vinted.net/t/06_015ad_gfMjzCo7AdQsttLuJvXHFA5Z/310x430/1772265555.webp?s=97ab71c5b12a140062e46ec22ec8d172f799a542,7,6
Pantalon Prada Gabardine Nylon – Rosso – Taille 44 – Neuf avec étiquettes,399.7,Prada,IT 38 | W28,https://www.vinted.it/items/8276933247-pantalon-prada-gabardine-nylon-rosso-taille-44-neuf-avec-etiquettes?referrer=catalog,1,8276933247,Sold,01/03/2026 04:10:02,,https://images1.vinted.net/t/05_023e2_VJmUqAkxYjnpRQe3YKHzTzKy/310x430/1772265438.webp?s=3dc0017855b54b4bdb605ae300882a032cba8117,7,6
Ocean Luna Rossa Eau de Toilette 150ml - Prada,47.95,No brand,0,https://www.vinted.it/items/8276927088-ocean-luna-rossa-eau-de-toilette-150ml-prada?referrer=catalog,5,8276927088,Sold,01/03/2026 04:10:02,,https://images1.vinted.net/t/05_01ff7_NLeJ1zUDCyeD2oLrWPWy5cH4/310x430/1772265352.webp?s=ca20dbba3f2b62ea8136c753eed47a7acf922479,7,6
Prada mini tallas Eye Augmented,210.7,Prada,0,https://www.vinted.it/items/8276874181-prada-mini-tallas-eye-augmented?referrer=catalog,0,8276874181,Sold,01/03/2026 04:10:02,,https://images1.vinted.net/t/06_01ad9_Vii43xhBN1ZX4TbycoWAZhvV/310x430/1772314432.webp?s=29bfe6d749950495873ffccf1c62dace3c80b492,7,6
Ysl Gucci Lancome Prada Chanel Parfum Damen armani mugler Marc jacobs,26.95,No brand,0,https://www.vinted.it/items/8273943921-ysl-gucci-lancome-prada-chanel-parfum-damen-armani-mugler-marc-jacobs?referrer=catalog,1,8273943921,Sold,01/03/2026 04:10:02,,https://images1.vinted.net/t/06_026d4_7qtXBy7CX14ULozfJ4CjaSLj/310x430/1772209573.webp?s=5480a04530e12f4dece9ab96ea4ae06f942201a8,7,6
Funda pasaporte Agatha Ruiz de la Prada,2.75,Agatha,0,https://www.vinted.it/items/8276886484-funda-pasaporte-agatha-ruiz-de-la-prada?referrer=catalog,0,8276886484,Sold,01/03/2026 04:10:02,,https://images1.vinted.net/t/05_011fb_9Wuznux9JPzV9e1uKnHDzTRT/310x430/1772264761.webp?s=3be796a84e081992fbda8fba9df82dd4a1aa5256,7,6
Étui à lunettes Prada,16.45,Prada,0,https://www.vinted.it/items/8276873557-etui-a-lunettes-prada?referrer=catalog,0,8276873557,Sold,01/03/2026 04:10:02,,https://images1.vinted.net/t/06_01232_XoUV5BzksvmJn3F2vuE5t7xg/310x430/1772264567.webp?s=4f682adefb5d92b67b9de11384827aa3e3ab1f31,7,6
Paradoxe Eau De Perfum 90 ml,51.1,Prada,0,https://www.vinted.it/items/8276863517-paradoxe-eau-de-perfum-90-ml?referrer=catalog,20,8276863517,Sold,01/03/2026 04:10:02,,https://images1.vinted.net/t/04_000d7_eHKiwh25fgJbdT6KCUCPeJR1/310x430/1772264410.webp?s=8af326ef151cdb7532b171db62d02c30dba5b351,7,6
Astuccio Prada,5.95,No brand,0,https://www.vinted.it/items/8276861940-astuccio-prada?referrer=catalog,1,8276861940,Sold,01/03/2026 04:10:02,,https://images1.vinted.net/t/05_00902_6nkBuRSKLY8RavFZ9ZscGq3G/310x430/1772264384.webp?s=d218cd8abc30ff7f9d24f69085453e126bcdcaaa,7,6
Paradoxe Intense 90ml,51.1,Prada,0,https://www.vinted.it/items/8276850973-paradoxe-intense-90ml?referrer=catalog,12,8276850973,Sold,01/03/2026 04:10:02,,https://images1.vinted.net/t/06_0061f_xfuvo2MbMwMxDfBhF13141wV/310x430/1772264203.webp?s=c5484610dd295377c9130a05ec4557759dd34c94,7,6
Vintage 90s Prada Sport White Wrap Around Sunglasses,144.55,Prada,0,https://www.vinted.it/items/8276823380-vintage-90s-prada-sport-white-wrap-around-sunglasses?referrer=catalog,0,8276823380,Sold,01/03/2026 04:10:02,,https://images1.vinted.net/t/05_00f4f_zL6Mqzj2fM59ASKWkHnvm48b/310x430/1772263722.webp?s=181220c8d8be0d072883aa93b5796ef5e3b95f66,7,6
Portachiavi Prada,105.7,Prada,0,https://www.vinted.it/items/8275581365-portachiavi-prada?referrer=catalog,6,8275581365,Sold,01/03/2026 04:10:02,,https://images1.vinted.net/t/04_00e94_M9bM3LvMJdnQ9NxVb5NZSaKf/310x430/1772222938.webp?s=1590e4b1b7362867ef6c5e70b84e59f47ebf390e,7,6
Prada intense,40.6,Prada,0,https://www.vinted.it/items/8276287600-prada-intense?referrer=catalog,3,8276287600,Sold,01/03/2026 04:10:02,,https://images1.vinted.net/t/05_02467_YAUoq9p3Cu4wPzHvpJLdqYca/310x430/1772231548.webp?s=e9be1e4985f880d0cf761a4061868eb04d08e9be,7,6
Prada handcreme 50ml,37.45,Prada,0,https://www.vinted.it/items/8276284087-prada-handcreme-50ml?referrer=catalog,0,8276284087,Sold,01/03/2026 04:10:02,,https://images1.vinted.net/t/01_00e09_SPiu2krGPdrGbTfY2ooF8NkH/310x430/1772231478.webp?s=71ea1a695b3b4286de57ca2f31beab6adee3f5e6,7,6
Estuche Portatodo Agatha Ruiz de la Prada  Nuevo con Etiqueta - Colección Miquel Rius años 2000s,14.35,Agatha Ruiz de la Prada,0,https://www.vinted.it/items/8276274038-estuche-portatodo-agatha-ruiz-de-la-prada-nuevo-con-etiqueta-coleccion-miquel-rius-anos-2000s?referrer=catalog,7,8276274038,Sold,01/03/2026 04:10:02,,https://images1.vinted.net/t/05_002ba_6MUU7FWAH9jfx1MEzsyM4Ajn/310x430/1772231282.webp?s=6cde3b031e5d8f3d0d5c6637276101528a0f6947,7,6
Prada nieuw met prijskaartje,136.15,Prada,0,https://www.vinted.it/items/8276271652-prada-nieuw-met-prijskaartje?referrer=catalog,2,8276271652,Sold,01/03/2026 04:10:02,,https://images1.vinted.net/t/05_01406_LVjcg1LGk1Y1ZpAQtSnimufB/310x430/1772231235.webp?s=44c40688932a0d98fb9135c90c213fe47971e5c8,7,6
PRADA,84.7,Prada,0,https://www.vinted.it/items/8276266240-prada?referrer=catalog,3,8276266240,Sold,01/03/2026 04:10:02,,https://images1.vinted.net/t/05_00aeb_NcX1yYq1tGSshoRQH1XZAucD/310x430/1772231269.webp?s=a13626894daeebe1d9f9d985930c824e6fe36d2b,7,6
Smanicato Prada,561.0,Prada,S,https://www.vinted.it/items/8276257799-smanicato-prada?referrer=catalog,2,8276257799,Sold,01/03/2026 04:10:02,,https://images1.vinted.net/t/05_012e5_vgTpfikcNiaPMCpJdZSgoePB/310x430/1772230979.webp?s=2b3bbd6c14ffb90db711455be8f1064a0a202761,7,6
Foundation Prada Neu,36.4,Prada,0,https://www.vinted.it/items/8276254296-foundation-prada-neu?referrer=catalog,0,8276254296,Sold,01/03/2026 04:10:02,,https://images1.vinted.net/t/06_01eac_CfeaNJszpdiHJpfp4Gz98BKg/310x430/1772230916.webp?s=cc3267442a377171db41eff4d3be258ce8d3e79f,7,6
Prada Sandels,231.7,Prada,39,https://www.vinted.it/items/8276248723-prada-sandels?referrer=catalog,0,8276248723,Sold,01/03/2026 04:10:02,,https://images1.vinted.net/t/01_00a42_oTrakrJScfwZFnRiqY3aRqJY/310x430/1772230819.webp?s=70cbe09556080312d6ad6cb58e899dc956e69707,7,6
Conjunto de ágata Ruiz de la Prada de plata muy bonito para chica,22.75,Prada,Taglia unica,https://www.vinted.it/items/8276215831-conjunto-de-agata-ruiz-de-la-prada-de-plata-muy-bonito-para-chica?referrer=catalog,0,8276215831,Sold,01/03/2026 04:10:02,,https://images1.vinted.net/t/01_02319_2A7E8xykUHSmTX7hTdCRGc8p/310x430/1772230257.webp?s=c26d94e6ceaa346ba7b7a14d75e9e5bc63ae21d4,7,6
Prada cup,126.7,Prada,46,https://www.vinted.it/items/8276210946-prada-cup?referrer=catalog,19,8276210946,Sold,01/03/2026 04:10:02,,https://images1.vinted.net/t/05_00e40_oU5BJdF7ZjuVkTk2tCCvmkbe/310x430/1772230180.webp?s=72d2af64955f62af914f3e42245788eabcf7937c,7,6
prada cup rouge bordeaux,126.7,Prada,43,https://www.vinted.it/items/8276177142-prada-cup-rouge-bordeaux?referrer=catalog,2,8276177142,Sold,01/03/2026 04:10:02,,https://images1.vinted.net/t/06_00e56_W2b64HucEFUZdQ27TMkD2mHw/310x430/1772233933.webp?s=e212132dc014a974137c9de618557877b81d4cea,7,6
Prada Taschenspiegel,42.7,Prada,0,https://www.vinted.it/items/8276172861-prada-taschenspiegel?referrer=catalog,1,8276172861,Sold,01/03/2026 04:10:02,,https://images1.vinted.net/t/04_020d7_aRL8RNN5yqmT4YD4HsiFMwYa/310x430/1772229590.webp?s=dae3077ad658cc8ba8e9a34a76cff159f4a515f3,7,6
Lunettes de soleil Prada,105.7,Prada,0,https://www.vinted.it/items/8276087826-lunettes-de-soleil-prada?referrer=catalog,2,8276087826,Sold,01/03/2026 04:10:02,,https://images1.vinted.net/t/05_01e0f_m3fdzRn63NgQmX4EWwAeuHcR/310x430/1772228378.webp?s=aec4b88ef0a633d385049a69a4e3374f147dd128,7,6
Gafas de sol Prada,305.2,Prada,0,https://www.vinted.it/items/8276087026-gafas-de-sol-prada?referrer=catalog,2,8276087026,Sold,01/03/2026 04:10:02,,https://images1.vinted.net/t/05_023fe_w89fs7kJGfBZcoHWxPGazaUw/310x430/1772228368.webp?s=71d2ce1bbe0ed3e132c410a2848519189a71c387,7,6
Piumino Prada originale,420.7,Prada,L / IT 44 / EU 40,https://www.vinted.it/items/8276042392-piumino-prada-originale?referrer=catalog,0,8276042392,Sold,01/03/2026 04:10:02,,https://images1.vinted.net/t/04_016cc_JaTFSkQvRk1sUL3sY4cvrQVe/310x430/1772227784.webp?s=d8ba36ef7b69ab01ed3a690a02bc38a6730a0ff6,7,6
Jersey verde Prada hombre 48 lana,263.2,Prada,M,https://www.vinted.it/items/8247879002-jersey-verde-prada-hombre-48-lana?referrer=catalog,3,8247879002,Sold,01/03/2026 04:10:02,,https://images1.vinted.net/t/04_018aa_3JYSV74pL33wDr3W9wsLWB1k/310x430/1771881520.webp?s=8fdaac493309ca514562489cf99df178de417ca5,7,6
Gafas Prada,32.2,No brand,0,https://www.vinted.it/items/8275991014-gafas-prada?referrer=catalog,42,8275991014,Sold,01/03/2026 04:10:02,,https://images1.vinted.net/t/06_00761_8PwgbjYfRTqzFk1C1tAbr8VA/310x430/1772227146.webp?s=5aed329485b3ec009fd6f8b9a4b06f66cd6cf271,7,6
Boite a lunette prada neuf,9.1,Prada,0,https://www.vinted.it/items/8275946886-boite-a-lunette-prada-neuf?referrer=catalog,1,8275946886,Sold,01/03/2026 04:10:02,,https://images1.vinted.net/t/06_01a9f_JLeZbVei3EDu1FrA8DeaVGyR/310x430/1772226628.webp?s=744266b150f4ff12ca663f5dbd6f6a3961b89b15,7,6
Robe d'été 3 mois,4.9,Agatha Ruiz de la Prada,3-6 mesi / 62 cm,https://www.vinted.it/items/8275935805-robe-dete-3-mois?referrer=catalog,6,8275935805,Sold,01/03/2026 04:10:02,,https://images1.vinted.net/t/06_02638_vxERHqyUBGTp8Yit4RVsY85E/310x430/1772226503.webp?s=ab5427edfda66c43131c029d73ebf4ece9851b35,7,6
Prada Sunglasses,95.2,Prada,0,https://www.vinted.it/items/8275901270-prada-sunglasses?referrer=catalog,1,8275901270,Sold,01/03/2026 04:10:02,,https://images1.vinted.net/t/06_0237c_jDsbq4KPwaRjVviG1WrsUZqf/310x430/1772226129.webp?s=67f90b4bb6b7abb54338093ca3ec9d537a0eea1e,7,6
Agatha Ruiz de la Prada billetero/ cartera rosa / Agatha Ruiz de la Prada Wallet Pink,16.35,Agatha Ruiz de la Prada,0,https://www.vinted.it/items/8275885561-agatha-ruiz-de-la-prada-billetero-cartera-rosa-agatha-ruiz-de-la-prada-wallet-pink?referrer=catalog,12,8275885561,Sold,01/03/2026 04:10:02,,https://images1.vinted.net/t/01_015bb_acntg7fP7at3acPXQb46c8pd/310x430/1772225962.webp?s=d8afc8f0852a8459c2506d155ebf75985ca3d287,7,6
Prada brille,79.44,Prada,0,https://www.vinted.it/items/8275830938-prada-brille?referrer=catalog,4,8275830938,Sold,01/03/2026 04:10:02,,https://images1.vinted.net/t/05_021c3_2N3rh5QCqhmoJ3uSqJ1Kk5FA/310x430/1772225384.webp?s=58cffc9af9d01c5f8d7168829062ce6b8c07fe3b,7,6
Parfum 10ml l'homme de prada,8.05,Prada,0,https://www.vinted.it/items/8275850757-parfum-10ml-lhomme-de-prada?referrer=catalog,5,8275850757,Sold,01/03/2026 04:10:02,,https://images1.vinted.net/t/05_01362_mRvbwc6ukTx7yARvcqr4jVFL/310x430/1772225592.webp?s=712b0c5f54c509637059473dff3a469eadd2a5ba,7,6
Parfüm Prada Paradoxe Radical Essence,3.85,Prada,0,https://www.vinted.it/items/8275840846-parfum-prada-paradoxe-radical-essence?referrer=catalog,2,8275840846,Sold,01/03/2026 04:10:02,,https://images1.vinted.net/t/01_022fb_Dfu3foXoHGFQfbwJoCh4CjLu/310x430/1772225487.webp?s=2652c137f1d18e7fa60c4d288b58784fc970f610,7,6
Prada PR15YS Sonnenbrille,178.15,Prada,0,https://www.vinted.it/items/8275792992-prada-pr15ys-sonnenbrille?referrer=catalog,2,8275792992,Sold,01/03/2026 04:10:02,,https://images1.vinted.net/t/06_017db_3eWpUkWTxfHhRec8zknowj7n/310x430/1772226649.webp?s=ca1b8bf5d4de8c01e1f5e441acc211171173e74a,7,6
La femme prada intense 50 ml,53.2,Prada,0,https://www.vinted.it/items/8275778440-la-femme-prada-intense-50-ml?referrer=catalog,1,8275778440,Sold,01/03/2026 04:10:02,,https://images1.vinted.net/t/06_003cd_6LbgLUmvo2NdLt4Uof1Cnn86/310x430/1772224849.webp?s=5ef8c0b9b785772d9438a9d5dfcacde99db278e7,7,6
Basket prada America’s Cup taille 40,103.6,Prada,40,https://www.vinted.it/items/8275774633-basket-prada-americas-cup-taille-40?referrer=catalog,28,8275774633,Sold,01/03/2026 04:10:02,,https://images1.vinted.net/t/06_01686_W5vDzEeKqNN2C7pYhrnZCfFP/310x430/1772224810.webp?s=27dfa5c57c7e9f5f10365535088aeda555ba75bc,7,6
Piumino Prada Donna,510.0,Prada,L / IT 44 / EU 40,https://www.vinted.it/items/8275764584-piumino-prada-donna?referrer=catalog,0,8275764584,Sold,01/03/2026 04:10:02,,https://images1.vinted.net/t/05_0006b_LWvAzi4C9W8dbZLbQuaknipm/310x430/1772224707.webp?s=61662a7adb27983f4550c41cb35678e92eba7c66,7,6
Invito Sfilata PRADA Donna autunno/Inverno 2026 - originale Collezione,11.2,Prada,0,https://www.vinted.it/items/8275754203-invito-sfilata-prada-donna-autunnoinverno-2026-originale-collezione?referrer=catalog,2,8275754203,Sold,01/03/2026 04:10:02,,https://images1.vinted.net/t/06_01826_YpyUsAk6RLhRS4qxEn3WjHVW/310x430/1772224606.webp?s=169480016c28de94b4ceda0387e2002bcbf4b6d6,7,6
Mirlo blanco,7.0,No brand,0,https://www.vinted.it/items/8275731102-mirlo-blanco-cisne-negro-juan-manuel-de-prada?referrer=catalog,0,8275731102,Sold,01/03/2026 04:10:02,,https://images1.vinted.net/t/04_02243_LFRU2AG7Y4MdoyXESKRVtPyG/310x430/1772224375.webp?s=5279a94987eb821a714316c0e1081c0116b105e7,7,6
Baskets prada,158.2,Prada,41,https://www.vinted.it/items/8275722860-baskets-prada?referrer=catalog,4,8275722860,Sold,01/03/2026 04:10:02,,https://images1.vinted.net/t/05_01b7b_ppm8QgZKCif17tjXzFvPrrhr/310x430/1772224291.webp?s=ef4f9f7fe981846f1f1a1425c5f4a6dd06dba46f,7,6
Occhiali prada unisex nuovi,221.2,Prada,0,https://www.vinted.it/items/8275689239-occhiali-prada-unisex-nuovi?referrer=catalog,3,8275689239,Sold,01/03/2026 04:10:02,,https://images1.vinted.net/t/06_00428_LMj4YuLzAYkqtsFjwMhUsbVe/310x430/1772223959.webp?s=6f6a7ace4090d77863e75bea5af66f71a02733fb,7,6
Parfum miniatuur nieuw Prada Paradoxe,16.45,Prada,0,https://www.vinted.it/items/8275679678-parfum-miniatuur-nieuw-prada-paradoxe?referrer=catalog,22,8275679678,Sold,01/03/2026 04:10:02,,https://images1.vinted.net/t/03_01199_aotJR2JXdKc7hrn6BC3zZ13f/310x430/1772223865.webp?s=770084b1827f361aa5ce975ab0251702aac98b9f,7,6
Borsa Shopping Prada Beauty,32.2,Prada beauty,0,https://www.vinted.it/items/8275676399-borsa-shopping-prada-beauty?referrer=catalog,1,8275676399,Sold,01/03/2026 04:10:02,,https://images1.vinted.net/t/06_01a25_F6GC5RxUNeAyMFdfLnZcNgaN/310x430/1772223835.webp?s=e4f7524cfdc4f1b83f9f4c006f6195af93ea3836,7,6
Sacca porta oggetti Prada,6.27,Prada,0,https://www.vinted.it/items/8275666093-sacca-porta-oggetti-prada?referrer=catalog,1,8275666093,Sold,01/03/2026 04:10:02,,https://images1.vinted.net/t/05_021fd_UnUMxZCS4dfjQT2QKZ7ehro4/310x430/1772223735.webp?s=6ffc217a64888a38d67adf84a9e49504cf76da15,7,6
Polo luna rossa Prada,189.7,Luna Rossa,XXXL,https://www.vinted.it/items/8275654972-polo-luna-rossa-prada?referrer=catalog,3,8275654972,Sold,01/03/2026 04:10:02,,https://images1.vinted.net/t/04_01922_DMgZQvM7nXgpvdCdtqpoPUts/310x430/1772223630.webp?s=d6e9a508b7ea9a041a5b060ecde9cce111b682b6,7,6
Occhiali da sole Prada PR 15US Azure Blue con lenti Light Green - scatola originale,314.65,Prada,0,https://www.vinted.it/items/8275649600-occhiali-da-sole-prada-pr-15us-azure-blue-con-lenti-light-green-scatola-originale?referrer=catalog,0,8275649600,Sold,01/03/2026 04:10:02,,https://images1.vinted.net/t/04_01a05_jiufvPQit5BhoFjDWENnGBdQ/310x430/1772223579.webp?s=26249c99a5ec1fdda7954345c7b6931785d35afb,7,6
Gafas Prada,42.7,Prada,0,https://www.vinted.it/items/8275618391-gafas-prada?referrer=catalog,5,8275618391,Sold,01/03/2026 04:10:02,,https://images1.vinted.net/t/06_00907_gcQniSsLYpj2E1gpg8NiTJp6/310x430/1772223286.webp?s=d737bbb17d580aba32161448d170965ab5784f4c,7,6
Cravate Prada,68.95,Prada,0,https://www.vinted.it/items/8275222179-cravate-prada?referrer=catalog,6,8275222179,Sold,01/03/2026 04:10:02,,https://images1.vinted.net/t/03_001a1_FnTy4XYgKh5uXd283QvYWwmR/310x430/1772219675.webp?s=f0355703e00bb3d5f010dfa39dce8484d315a443,7,6
Prada Candy sugar pop,42.7,Prada,0,https://www.vinted.it/items/8275580735-prada-candy-sugar-pop?referrer=catalog,1,8275580735,Sold,01/03/2026 04:10:28,,https://images1.vinted.net/t/04_01259_8P8RBLcpABPEiKKAeA4epoMR/310x430/1772222932.webp?s=d71431b7abb297b7a045b46feccfbb1a9c621cba,7,7
PRADA Paradoxe,84.7,Prada,0,https://www.vinted.it/items/8275543508-prada-paradoxe?referrer=catalog,0,8275543508,Sold,01/03/2026 04:10:28,,https://images1.vinted.net/t/05_00498_R82U8aTrf8PTz76dUNgu3q6s/310x430/1772222586.webp?s=467db46d5bfc4a979b2808091db2ee30808c8454,7,7
PRADA Ribbon Suede Sneakers With Metallic Front. UK 4.5,158.2,Prada,37.5,https://www.vinted.it/items/8275533575-prada-ribbon-suede-sneakers-with-metallic-front-uk-45-eu-375?referrer=catalog,0,8275533575,Sold,01/03/2026 04:10:28,,https://images1.vinted.net/t/05_01942_Wq6LwMYfF2LeJVa6nExZBDAH/310x430/1772222494.webp?s=015f4fb5286fea919e415e7d2d76c62e31d36da1,7,7
Prada américans cup bleu marine,247.45,Prada,37,https://www.vinted.it/items/8275512092-prada-americans-cup-bleu-marine?referrer=catalog,24,8275512092,Sold,01/03/2026 04:10:28,,https://images1.vinted.net/t/04_00533_xcZN8o3dU4AvT9VacvFVrfri/310x430/1772222293.webp?s=2bdc2c804f942d0965972d891a5abcca6a5ca613,7,7
Pochette Prada,16.45,Prada,0,https://www.vinted.it/items/8275506289-pochette-prada?referrer=catalog,14,8275506289,Sold,01/03/2026 04:10:28,,https://images1.vinted.net/t/01_02686_XjNG7cSZJ3b53pJmGvfzRK8X/310x430/1772222239.webp?s=eb424cd805556167cf7da16bbce239a5b0a10b18,7,7
Sonnenbrille Prada,100.45,Prada,0,https://www.vinted.it/items/8275465525-sonnenbrille-prada?referrer=catalog,4,8275465525,Sold,01/03/2026 04:10:28,,https://images1.vinted.net/t/06_02423_XCuBy4okXnVNNGuPCF4rHK1F/310x430/1772221863.webp?s=5709791cd5245554d48c74873fa80a56f2194df3,7,7
Prada Thunder bianche,126.7,Prada,44,https://www.vinted.it/items/8275448900-prada-thunder-bianche?referrer=catalog,1,8275448900,Sold,01/03/2026 04:10:28,,https://images1.vinted.net/t/05_01c4c_vLNb7iPPGJZ1Wickgwn2kaV5/310x430/1772221713.webp?s=8a487c8763ca0da33260ff7d8d70f226963ea735,7,7
Prada rouge à lèvres monochrome,32.2,Prada,0,https://www.vinted.it/items/8275442436-prada-rouge-a-levres-monochrome?referrer=catalog,2,8275442436,Sold,01/03/2026 04:10:28,,https://images1.vinted.net/t/05_005bf_vc9qX2hgUVBbewBb3skvLs4s/310x430/1772221656.webp?s=e2bba16c7713845196a5928ad66090881e980a3a,7,7
Prada cardholder,105.7,Prada,Taglia unica,https://www.vinted.it/items/8275441757-prada-cardholder?referrer=catalog,11,8275441757,Sold,01/03/2026 04:10:28,,https://images1.vinted.net/t/01_014fe_pKnWzwqf4QGSfU2WSQwTTm5t/310x430/1772221650.webp?s=1d48c9df283aac15b5ca61fd1c5e64579b8d98b6,7,7
Profumo Prada,53.2,Prada,0,https://www.vinted.it/items/8275438883-profumo-prada?referrer=catalog,1,8275438883,Sold,01/03/2026 04:10:28,,https://images1.vinted.net/t/04_019cc_6GFj84KqhJYx7vEEeetLA1eP/310x430/1772221624.webp?s=1feba2c9b560bc2f6fce374395cd57f731422038,7,7
Prada jacket FW 2008,394.45,Prada,M / IT 42 / EU 38,https://www.vinted.it/items/8275435769-prada-jacket-fw-2008?referrer=catalog,0,8275435769,Sold,01/03/2026 04:10:28,,https://images1.vinted.net/t/05_000f8_iyvzg8F6Re8MypRNHnkqSE7e/310x430/1772221596.webp?s=2a013df953d557af2737fd15d6334be848b48c3b,7,7
Cardigan Prada,510.0,Prada,S / IT 40 / EU 36,https://www.vinted.it/items/8275382179-cardigan-prada?referrer=catalog,1,8275382179,Sold,01/03/2026 04:10:28,,https://images1.vinted.net/t/05_0084b_9r9yWeCmHZA7PPGuvkzHpBJY/310x430/1772221113.webp?s=a9edd590905bb680672a662b576e975691611a2a,7,7
Prada hoed helemaal nieuw,473.2,Prada,M,https://www.vinted.it/items/8275376886-prada-hoed-helemaal-nieuw?referrer=catalog,0,8275376886,Sold,01/03/2026 04:10:28,,https://images1.vinted.net/t/05_00984_9bksy2aZoS1sycftKVEY7EBb/310x430/1772221064.webp?s=44bc2bfad77d2d71007b5e3e7a45773b65adb409,7,7
Prada Adidas Superstar Gr 46 2/3,404.95,Prada,46,https://www.vinted.it/items/8275341860-prada-adidas-superstar-gr-46-23?referrer=catalog,2,8275341860,Sold,01/03/2026 04:10:28,,https://images1.vinted.net/t/05_01706_4oK2jhYj457bLUCQBvkiXSyi/310x430/1772220749.webp?s=33eda5615b5bf13d4d28e8f786d0dd57f7f7d0b3,7,7
Set makeup prada,105.7,Prada,0,https://www.vinted.it/items/8275308155-set-makeup-prada?referrer=catalog,3,8275308155,Sold,01/03/2026 04:10:28,,https://images1.vinted.net/t/04_00db7_sRMmmCLFNXyjHPmMNdLbwdwo/310x430/1772220442.webp?s=e3270bc0a3d9e1fcb96695f83a4c585ec92c4d85,7,7
Prada maglione Lana cashmere,663.0,Prada,XXL / IT 48 / EU 44,https://www.vinted.it/items/8275264860-prada-maglione-lana-cashmere?referrer=catalog,5,8275264860,Sold,01/03/2026 04:10:28,,https://images1.vinted.net/t/03_012a7_h44ACJSjNrHaaCYGU78r8TYD/310x430/1772220055.webp?s=4d8a36df3e6ce46cef88376506d070007d482f06,7,7
profumo prada,63.7,Prada,0,https://www.vinted.it/items/8268474778-profumo-prada?referrer=catalog,2,8268474778,Sold,01/03/2026 04:10:28,,https://images1.vinted.net/t/04_0227b_pXqTupDHn6Q6nnfUs7XrosLj/310x430/1772134557.webp?s=6f8aca2feda4b8493121f7b437887669f22cdce9,7,7
Conjunto niña marca agatha Ruiz de la Prada.,19.6,Agatha Ruiz de la Prada,18-24 mesi / 86 cm,https://www.vinted.it/items/8275254171-conjunto-nina-marca-agatha-ruiz-de-la-prada?referrer=catalog,14,8275254171,Sold,01/03/2026 04:10:28,,https://images1.vinted.net/t/04_023fc_UxR4zWS7kyy4Na9DXCbTWChw/310x430/1772219958.webp?s=547c13df5f587a70d21b0c1ef8133440dd16fb5f,7,7
Parfum PRADA Paradoxe Intense,53.2,Prada,0,https://www.vinted.it/items/8275244936-parfum-prada-paradoxe-intense?referrer=catalog,0,8275244936,Sold,01/03/2026 04:10:28,,https://images1.vinted.net/t/06_0094e_CpHDjCnav6JBmujA12bkKakc/310x430/1772219875.webp?s=75fb5c3b573c4d9ec0f6c95811832b7fbd0e5dbf,7,7
Parfum Paradigme Prada,105.7,Prada,0,https://www.vinted.it/items/8275213367-parfum-paradigme-prada?referrer=catalog,0,8275213367,Sold,01/03/2026 04:10:28,,https://images1.vinted.net/t/06_0122e_sXSpjnX6PmaXr6jy9r2aEK1t/310x430/1772219596.webp?s=c1304a2186783096c0467a65c41474df9468af2d,7,7
Le parfum prada ocean luna rossa,79.45,Prada,0,https://www.vinted.it/items/8275200134-le-parfum-prada-ocean-luna-rossa?referrer=catalog,0,8275200134,Sold,01/03/2026 04:10:28,,https://images1.vinted.net/t/06_006a1_pmBqKSuyRQgRVSTN9Fqw6mRf/310x430/1772219482.webp?s=005f7495154c85950641d3f20d4ee7dc6feb4eef,7,7
Nieuwe prada schoentjes,42.7,Prada,25,https://www.vinted.it/items/8275177165-nieuwe-prada-schoentjes?referrer=catalog,1,8275177165,Sold,01/03/2026 04:10:28,,https://images1.vinted.net/t/05_01c57_fBHZewQpt23tyYnCUU4eczcC/310x430/1772219278.webp?s=ad4cf410cf44927c47dd84639cc255767c071c1d,7,7
Parfum Paradoxe Radical Essence Prada,105.7,Prada,0,https://www.vinted.it/items/8275172671-parfum-paradoxe-radical-essence-prada?referrer=catalog,1,8275172671,Sold,01/03/2026 04:10:28,,https://images1.vinted.net/t/06_01b5c_TMBfdtJridQjfekV8zyHcJqu/310x430/1772219239.webp?s=109c66b1bb533e1194926e1e2667d3ad92ef6ce8,7,7
Gafas Prada,55.3,Prada,0,https://www.vinted.it/items/8275168622-gafas-prada?referrer=catalog,3,8275168622,Sold,01/03/2026 04:10:28,,https://images1.vinted.net/t/03_01a96_mSDStcNrH8eDnjLKa12gtENX/310x430/1772219205.webp?s=dca96358db8433a003c017f6b2b8c9ebb64a7430,7,7
Prada Paradoxe Eau de Parfum 90ml,55.3,Prada,0,https://www.vinted.it/items/8275102343-prada-paradoxe-eau-de-parfum-90ml?referrer=catalog,12,8275102343,Sold,01/03/2026 04:10:28,,https://images1.vinted.net/t/05_0164e_WDDpKomk4fVggEdkUbqn3nC9/310x430/1772218627.webp?s=a4db36fa61f897ebaa33d7b2980a8cc6a6b30592,7,7
Prada lines gliding eye pensil in 01 black,16.45,Prada,0,https://www.vinted.it/items/8275089578-prada-lines-gliding-eye-pensil-in-01-black?referrer=catalog,1,8275089578,Sold,01/03/2026 04:10:28,,https://images1.vinted.net/t/06_003e4_vpFCmzPTT6NVNsjkCu3NU1Sr/310x430/1772218514.webp?s=1df688b21973b86b09e5a6282afbc804067ea62c,7,7
travel accessories Prada,137.2,Prada,0,https://www.vinted.it/items/8246686813-travel-accessories-prada?referrer=catalog,26,8246686813,Sold,01/03/2026 04:10:28,,https://images1.vinted.net/t/01_019bd_E4QdJTwGydUnEca5XWWwkkHZ/310x430/1771872139.webp?s=5d742b3e82ee2c17f5cfa9fe66d0dd9e0c06ba37,7,7
Porta iPod vintage Prada,242.2,Prada,0,https://www.vinted.it/items/8275035416-porta-ipod-vintage-prada?referrer=catalog,0,8275035416,Sold,01/03/2026 04:10:28,,https://images1.vinted.net/t/05_02555_qFhLjuNLzyLxTUF3iMNkfgin/310x430/1772218047.webp?s=e5bded791fa972f516a4a6a4fc55ef03ceabeddd,7,7
Neue Stiefeletten PRADA,294.7,Prada,37,https://www.vinted.it/items/8275032609-neue-stiefeletten-prada?referrer=catalog,1,8275032609,Sold,01/03/2026 04:10:28,,https://images1.vinted.net/t/06_0026b_8U6YKLCaY495BxVLfRZ5Yc5D/310x430/1772218024.webp?s=603215105fe98f26ea5b527f0943b07095ac45ea,7,7
Gafas Prada con caja y funda. Todo original,168.7,Prada,0,https://www.vinted.it/items/8274974759-gafas-prada-con-caja-y-funda-todo-original?referrer=catalog,2,8274974759,Sold,01/03/2026 04:10:28,,https://images1.vinted.net/t/06_02144_vVj7xpVbirY2pGNvwj5HbExR/310x430/1772217529.webp?s=dbaacfbfebf2a3c8fce36e6151b441e8ff7a6560,7,7
Miniature prada,9.1,Prada,0,https://www.vinted.it/items/8274945926-miniature-prada?referrer=catalog,6,8274945926,Sold,01/03/2026 04:10:28,,https://images1.vinted.net/t/06_0034b_npHEwEhLmzFsm6wzgjJHE28r/310x430/1772217283.webp?s=7ef639baca0d04350c23b84b39877dc67e44136c,7,7
Occhiali da sole da uomo Prada nuovi,126.7,Prada,0,https://www.vinted.it/items/8274945318-occhiali-da-sole-da-uomo-prada-nuovi?referrer=catalog,1,8274945318,Sold,01/03/2026 04:10:28,,https://images1.vinted.net/t/01_00689_eccibowgHRDuNgakdcyuJP8h/310x430/1772217278.webp?s=135b0708bc2685ccc8102d6c92bc35d6d52b9d2d,7,7
Prada luna rossa Black 100ml eau de Parfum,63.6,Prada,0,https://www.vinted.it/items/8274943235-prada-luna-rossa-black-100ml-eau-de-parfum?referrer=catalog,9,8274943235,Sold,01/03/2026 04:10:28,,https://images1.vinted.net/t/05_004e1_i3CNNGzQQMyp6KSy7QssgjCU/310x430/1772217261.webp?s=198d40ea7f8d417293d4cd2cd629c1bfa0b8ab1e,7,7
neceser agatha ruiz de la prada,7.0,Agatha Ruiz de la Prada,0,https://www.vinted.it/items/8229485425-neceser-agatha-ruiz-de-la-prada?referrer=catalog,9,8229485425,Sold,01/03/2026 04:10:28,,https://images1.vinted.net/t/03_01628_47rieqyySNArfSt46LUaLEeF/310x430/1771701600.webp?s=5e3debae54f78d855d989e237fa3308dc6e79c05,7,7
Borsa mood Prada,11.2,No brand,0,https://www.vinted.it/items/8274928089-borsa-mood-prada?referrer=catalog,0,8274928089,Sold,01/03/2026 04:10:28,,https://images1.vinted.net/t/06_005aa_wPa93XVCDjQhHUXkJ9zJa4ks/310x430/1772217133.webp?s=c246b4d1aeb8b6baf73219fb123fd042153f2a67,7,7
Basket chaussette neuve prada,158.2,Prada,38.5,https://www.vinted.it/items/8274918338-basket-chaussette-neuve-prada?referrer=catalog,3,8274918338,Sold,01/03/2026 04:10:28,,https://images1.vinted.net/t/06_00426_HQmesKuAQuUXMtK8GsLvaQ2U/310x430/1772217053.webp?s=15e49a02abc4c371e601b7d75be2b9d296763e38,7,7
Vintage Prada blouse,51.63,Prada,XXXL / IT 50 / EU 46,https://www.vinted.it/items/8274908809-vintage-prada-blouse?referrer=catalog,11,8274908809,Sold,01/03/2026 04:10:28,,https://images1.vinted.net/t/04_012fe_Lk9vL89Z2y9kXTbMS93nPo2g/310x430/1772216971.webp?s=553aaffeffd3c02e4db0d34e14547b5290c50e53,7,7
Miniature parfum prada,9.1,Prada,0,https://www.vinted.it/items/8274902013-miniature-parfum-prada?referrer=catalog,5,8274902013,Sold,01/03/2026 04:10:28,,https://images1.vinted.net/t/06_02036_kpUCvoCAF69REummWUGDbqjc/310x430/1772216912.webp?s=d12d65157de0041adee9ed51afd8688bed60c7c4,7,7
Occhiale da sole Prada Oval,200.2,Prada,0,https://www.vinted.it/items/8274886572-occhiale-da-sole-prada-oval?referrer=catalog,4,8274886572,Sold,01/03/2026 04:10:28,,https://images1.vinted.net/t/06_0186d_TNW5Tr1NspbSQVvdc6LhpNAf/310x430/1772216780.webp?s=9b5271816abfbe959eac201f996a1d43df9391fb,7,7
profumo Prada paradoxe intense,84.7,Prada,0,https://www.vinted.it/items/8274884805-profumo-prada-paradoxe-intense?referrer=catalog,4,8274884805,Sold,01/03/2026 04:10:28,,https://images1.vinted.net/t/05_008eb_dvocC7WctnPGjdWE7Nxi6ZgY/310x430/1772216766.webp?s=0ded2e817659771545d20f6438afdf5c22b74365,7,7
miniature prada,8.05,Prada,0,https://www.vinted.it/items/8274849030-miniature-prada-infusion-diris-eau-de-parfum-8-ml?referrer=catalog,3,8274849030,Sold,01/03/2026 04:10:28,,https://images1.vinted.net/t/06_00276_s5UrBgiXSxZ5ACYAS3dmfwit/310x430/1772217419.webp?s=2cea296c4458cd138929011da7fd05f5b10de31a,7,7
Prada paradoxe virtual flower femme 50 ml,100.45,Prada,0,https://www.vinted.it/items/8274846341-prada-paradoxe-virtual-flower-femme-50-ml?referrer=catalog,1,8274846341,Sold,01/03/2026 04:10:28,,https://images1.vinted.net/t/05_002c3_RYPQNR1DJEW5KqHEPavrD5C9/310x430/1772216437.webp?s=a14a6cdaba5817a6c975cafad851dc4953ecee07,7,7
Fusciacca Prada Velluto e seta blu taglia L,58.45,Prada,Regolabile,https://www.vinted.it/items/8246443269-fusciacca-prada-velluto-e-seta-blu-taglia-l?referrer=catalog,15,8246443269,Sold,01/03/2026 04:10:28,,https://images1.vinted.net/t/05_019dc_jXHTLCEtnHmKb18ohPFWJcCK/310x430/1771870397.webp?s=42edf2648056bd9f928fd3017614bf8a2a17e689,7,7
Gonna Prada,315.7,Prada,M / IT 42 / EU 38,https://www.vinted.it/items/8274840309-gonna-prada?referrer=catalog,44,8274840309,Sold,01/03/2026 04:10:28,,https://images1.vinted.net/t/05_005ec_PB8AadjYa4EeQnB7jZrpvYdu/310x430/1772216387.webp?s=dd3051b689daf2b04f2898425d950d843d9c15c6,7,7
Parfum Prada paradoxe,84.7,Prada,0,https://www.vinted.it/items/8274821151-parfum-prada-paradoxe?referrer=catalog,1,8274821151,Sold,01/03/2026 04:10:28,,https://images1.vinted.net/t/06_02402_dpVKPbPB36ftVWJuRQXn3yFD/310x430/1772216226.webp?s=3d8aa75443dd88ffc398aa39beea07b96bfcc690,7,7
Neceser Prada,21.7,Prada,0,https://www.vinted.it/items/8219822228-neceser-prada?referrer=catalog,30,8219822228,Sold,01/03/2026 04:10:28,,https://images1.vinted.net/t/01_01410_pfdhMAmGzWAmYudZpcjh9nxZ/310x430/1771604051.webp?s=d4a6f5ed73b3c2235a92c09ce4e5edb61d12816d,7,7
Prada Sonnenbrille,105.7,Prada,0,https://www.vinted.it/items/8274787703-prada-sonnenbrille?referrer=catalog,2,8274787703,Sold,01/03/2026 04:10:28,,https://images1.vinted.net/t/04_0207c_GYeNrEMG41EbRDh1JLS9a22Q/310x430/1772215941.webp?s=e9cb6fe71a15cd1e2d42dd9299ffef47a6eea25b,7,7
Prada Paradoxe Radical Essence,95.2,Prada,0,https://www.vinted.it/items/8274764541-prada-paradoxe-radical-essence?referrer=catalog,0,8274764541,Sold,01/03/2026 04:10:28,,https://images1.vinted.net/t/03_0052e_KJCvwpAcSFcCf8LkwoNK4Kvq/310x430/1772215748.webp?s=b39c85c444c9a2d1d1d4cd253f8b1b6b715da85b,7,7
Basket prada,210.7,Prada,36,https://www.vinted.it/items/8274761477-basket-prada?referrer=catalog,0,8274761477,Sold,01/03/2026 04:10:28,,https://images1.vinted.net/t/01_01b82_k6JW2QeBs49qntbbq8YKzWND/310x430/1772215723.webp?s=a3a7dd4be91f9ee141c5d7be54af6909b49f542c,7,7
4 mini perfumes de Prada,53.2,Prada,0,https://www.vinted.it/items/8274749110-4-mini-perfumes-de-prada?referrer=catalog,0,8274749110,Sold,01/03/2026 04:10:28,,https://images1.vinted.net/t/05_0055a_SQPDL68ZGJ8rNVGAbwa83Ngh/310x430/1772215618.webp?s=40410870994b1d7ea47e956ab522e1ed407dbade,7,7
Prada Jacke,84.7,Private,M,https://www.vinted.it/items/8274743230-prada-jacke?referrer=catalog,1,8274743230,Sold,01/03/2026 04:10:28,,https://images1.vinted.net/t/06_007e5_MGm9yEVk3EHJ2mGcD3gcDJk4/310x430/1772215569.webp?s=0dc6856e69cd044b91b651dc0cb371f87862c048,7,7
Vestido niña ágata Ruiz de la Prada,11.2,Agatha Ruiz de la Prada,24-36 mesi / 92 cm,https://www.vinted.it/items/8274740466-vestido-nina-agata-ruiz-de-la-prada?referrer=catalog,2,8274740466,Sold,01/03/2026 04:10:28,,https://images1.vinted.net/t/03_01a62_MFtiVxx2Zw39hsQvS4Y9vZM7/310x430/1772215545.webp?s=2bdea4bb802ad5576a5d0941833c36f5857fc391,7,7
Prada- Ocean Luna Rossa Nuevo!!,48.99,Prada,0,https://www.vinted.it/items/8274734370-prada-ocean-luna-rossa-nuevo?referrer=catalog,2,8274734370,Sold,01/03/2026 04:10:28,,https://images1.vinted.net/t/03_0001d_yszSwUxH7qoHkmF6gcjQan4B/310x430/1772215495.webp?s=b0b702fbc1ed6588029886dae2a019ea4ed64b7b,7,7
Prada,58.45,Prada,0,https://www.vinted.it/items/8274717513-prada?referrer=catalog,11,8274717513,Sold,01/03/2026 04:10:28,,https://images1.vinted.net/t/05_023a4_1M8icpNSz2ZwEe2aGWDw8F11/310x430/1772215357.webp?s=7cb27348158922e04e9338cc439a5aa4b3f8b328,7,7
Libro fisica y química 3 eso NUEVO,5.95,No brand,0,https://www.vinted.it/items/8274708480-libro-fisica-y-quimica-3-eso-nuevo?referrer=catalog,0,8274708480,Sold,01/03/2026 04:10:28,,https://images1.vinted.net/t/05_0041f_uvmYZFJL1GjjSyThxrNPXgVi/310x430/1772215283.webp?s=a0db8a9447b970af64b3cb3de71a30464d0a3d78,7,7
Miniatura profumo Prada,3.33,Prada,0,https://www.vinted.it/items/8274668956-miniatura-profumo-prada?referrer=catalog,0,8274668956,Sold,01/03/2026 04:10:28,,https://images1.vinted.net/t/01_01bbc_F79CK2HVByoXYPzMLUuUwF9n/310x430/1772214966.webp?s=7befcca10258fc59f1611acef167722d005dbce4,7,7
Prada,58.45,Prada,0,https://www.vinted.it/items/8274680546-prada?referrer=catalog,8,8274680546,Sold,01/03/2026 04:10:28,,https://images1.vinted.net/t/06_01a4d_PcTfLkZovw9EQSTFAwHSFPPy/310x430/1772215059.webp?s=558336f0321019434e4ac3eee50076b9881f81f2,7,7
NUEVO Cojín grande de Agatha Ruiz de la Prada,17.49,Agatha Ruiz de la Prada,60 x 60 cm,https://www.vinted.it/items/8274666475-nuevo-cojin-grande-de-agatha-ruiz-de-la-prada?referrer=catalog,17,8274666475,Sold,01/03/2026 04:10:28,,https://images1.vinted.net/t/01_0261a_2jZqsp9e2VS8gabLKpZo4Pu6/310x430/1772214946.webp?s=93f5622c39cf317822c0ad921b44fbe8a2e5317f,7,7
Prada Cup Gomme Kaki - Taille 46 - Neuves,561.0,Prada,46,https://www.vinted.it/items/8274663369-prada-cup-gomme-kaki-taille-46-neuves?referrer=catalog,2,8274663369,Sold,01/03/2026 04:10:28,,https://images1.vinted.net/t/03_00963_SVbp7VgMXW2WKeChuxVkXAAE/310x430/1772214922.webp?s=5dc7c9d3e4633dac20adff58b93ccc01a619b7b7,7,7
Prada Cup Gomme Rouges - Taille 44 - Neuves,561.0,Prada,44,https://www.vinted.it/items/8274652739-prada-cup-gomme-rouges-taille-44-neuves?referrer=catalog,5,8274652739,Sold,01/03/2026 04:10:28,,https://images1.vinted.net/t/04_0212c_9mGLzcxWdSFJW84RkJQQz8Jt/310x430/1772214838.webp?s=c26c60ac035d2bc8fc416127aa1c849326d7e1d6,7,7
Perfume Prada Paradoxe,68.95,Prada,0,https://www.vinted.it/items/8274126461-perfume-prada-paradoxe?referrer=catalog,1,8274126461,Sold,01/03/2026 04:10:28,,https://images1.vinted.net/t/05_01808_psJD6Lj6EMWuDWeg1fTy7TFa/310x430/1772210869.webp?s=f1016dafde04e97265e2ed0a51813ff2ed44cca1,7,7
El diablo viste de Prada,5.95,No brand,0,https://www.vinted.it/items/8274610944-el-diablo-viste-de-prada?referrer=catalog,2,8274610944,Sold,01/03/2026 04:10:28,,https://images1.vinted.net/t/05_006e8_nHjMDES4BUyiwxdvjNS4CM2G/310x430/1772214501.webp?s=b0cb9a29210d8af073bd5dab4a3078d803e3d146,7,7
Occhiali Prada,53.2,Prada,0,https://www.vinted.it/items/8274594983-occhiali-prada?referrer=catalog,5,8274594983,Sold,01/03/2026 04:10:28,,https://images1.vinted.net/t/06_00c9a_NQaaD4EnyidKCe9P9tfRXxGx/310x430/1772214373.webp?s=5027f6ae56bc7fb6944c6de03b0c855f564fc369,7,7
Sneakers Prada 4E300,399.7,Prada,45,https://www.vinted.it/items/8273973450-sneakers-prada-4e300?referrer=catalog,1,8273973450,Sold,01/03/2026 04:10:28,,https://images1.vinted.net/t/06_01092_yjMniUx5JSZv3im5ZhN2SeYv/310x430/1772209782.webp?s=40829629cc146730f39c55e703f4c5915355c167,7,7
maglietta Prada,32.2,Footkorner,S,https://www.vinted.it/items/8274573926-maglietta-prada?referrer=catalog,19,8274573926,Sold,01/03/2026 04:10:28,,https://images1.vinted.net/t/06_0265d_RmrNur3Y2ShctSaqRnCooBvd/310x430/1772214205.webp?s=aaf52336ef0190aeca9e197486cb46b547c25c36,7,7
"DVD Film ""le diable s'habille en Prada"" encore sous célophane",3.85,No brand,0,https://www.vinted.it/items/8274527617-dvd-film-le-diable-shabille-en-prada-encore-sous-celophane?referrer=catalog,1,8274527617,Sold,01/03/2026 04:10:28,,https://images1.vinted.net/t/04_0151b_k2C2xfdRzmFkKn7jt6A8PXee/310x430/1772213844.webp?s=affbe478ee3499168a8fd966e75210f7a6612cd2,7,7
Prada paradox 30lm ricaricabile,63.7,Prada,0,https://www.vinted.it/items/8274523053-prada-paradox-30lm-ricaricabile?referrer=catalog,0,8274523053,Sold,01/03/2026 04:10:28,,https://images1.vinted.net/t/05_007c0_LgnM1dTbainiBXP1tgr5di6r/310x430/1772213810.webp?s=7619e0d13385cb2f50dac35091bbc5a66da7166a,7,7
Parfum Prada Paradoxe 30ML,79.45,Prada,0,https://www.vinted.it/items/8274510284-parfum-prada-paradoxe-30ml?referrer=catalog,1,8274510284,Sold,01/03/2026 04:10:28,,https://images1.vinted.net/t/06_02315_7gTQuMGPYsenk7kyKkbF4j2j/310x430/1772213711.webp?s=fce7f19fb5e0857e2dc348afce78026950b67238,7,7
Bolso ARP,26.95,Agatha Ruiz de la Prada,0,https://www.vinted.it/items/8274508512-bolso-arp?referrer=catalog,17,8274508512,Sold,01/03/2026 04:10:28,,https://images1.vinted.net/t/06_0070d_1ckwzVd7guNkavkea14htMLo/310x430/1772213698.webp?s=9aa66b66f3967930e7e18ef0839971dd8b852318,7,7
Casquette prada,294.7,Prada,M,https://www.vinted.it/items/8274502814-casquette-prada?referrer=catalog,5,8274502814,Sold,01/03/2026 04:10:28,,https://images1.vinted.net/t/06_02212_yyvNwR7M7buz3edfDecf444d/310x430/1772213653.webp?s=aa2d47986a80ef0e65042eaf4509a3d2da8f14a0,7,7
The devil wears prada,1.75,No brand,0,https://www.vinted.it/items/8274465365-the-devil-wears-prada?referrer=catalog,0,8274465365,Sold,01/03/2026 04:10:28,,https://images1.vinted.net/t/06_01a3a_HLcTDtjcnDYenbqUfYy4PhZu/310x430/1772213366.webp?s=abcdf4126c551902f2edc439c40b0ef8a68073e3,7,7
Parfum,58.45,Prada,0,https://www.vinted.it/items/8274435694-parfum?referrer=catalog,2,8274435694,Sold,01/03/2026 04:10:28,,https://images1.vinted.net/t/05_014c4_LiSoNch15Jovm7UtdToigmoy/310x430/1772213141.webp?s=82e1e171eedad9af4b3bf6bbeb4a472034e6615a,7,7
Prada Sonnenbrille,158.2,Prada,0,https://www.vinted.it/items/8274421880-prada-sonnenbrille?referrer=catalog,0,8274421880,Sold,01/03/2026 04:10:28,,https://images1.vinted.net/t/06_00bb7_YqvwjRRwPBnhQY4d8fHAmX2z/310x430/1772213036.webp?s=19fe46ec4555914ac8af07141014213f7ec2e455,7,7
Prada Re-Edition Mini elaborado en piel Saffiano rosa,918.0,Prada,0,https://www.vinted.it/items/8274414320-prada-re-edition-mini-elaborado-en-piel-saffiano-rosa?referrer=catalog,15,8274414320,Sold,01/03/2026 04:10:28,,https://images1.vinted.net/t/01_002a4_vAi8Q56g82iZ1Pg55fJvP5jZ/310x430/1772214444.webp?s=32971d88df0c5ab56d2e5610f2bd8cc718da5840,7,7
Prada paradoxe intense,48.99,Prada,0,https://www.vinted.it/items/8274387565-prada-paradoxe-intense?referrer=catalog,6,8274387565,Sold,01/03/2026 04:10:28,,https://images1.vinted.net/t/06_02061_vzgDdT2CHKW5ho918BeSEwu2/310x430/1772212777.webp?s=d01f6870664bc2f156846b27f195f0c3d38cb912,7,7
Zapatillas Prada America's Cup Verdes y Blancas - Nuevas Talla 43,242.2,Prada,43,https://www.vinted.it/items/8274384420-zapatillas-prada-americas-cup-verdes-y-blancas-nuevas-talla-43?referrer=catalog,0,8274384420,Sold,01/03/2026 04:10:28,,https://images1.vinted.net/t/06_01948_FSK2PvRgQxJnhjRjRkZPL6Z7/310x430/1772212754.webp?s=90f6a0bb48b56027aa5a1736ff9c38b63496e11c,7,7
Cargo de nuit,21.7,Prada,0,https://www.vinted.it/items/8274367240-cargo-de-nuit?referrer=catalog,1,8274367240,Sold,01/03/2026 04:10:28,,https://images1.vinted.net/t/06_023ed_Kpge6cQGpg6EAe2hR4oW1qgy/310x430/1772212626.webp?s=79548426194ba877273295e77ed182eec18a708c,7,7
Pantalone Prada,58.45,Prada,S / IT 40 / EU 36,https://www.vinted.it/items/8274353428-pantalone-prada?referrer=catalog,2,8274353428,Sold,01/03/2026 04:10:28,,https://images1.vinted.net/t/04_0157e_qjyoH98iaFUbvkSPEiNiMh39/310x430/r1/1772212525.webp?s=875a0a7840853e3f6f6a3c123bcb73478dfa7144,7,7
Prada Home - Scatola rotonda in ceramica porta oggetti,121.45,Prada,0,https://www.vinted.it/items/8270500335-prada-home-scatola-rotonda-in-ceramica-porta-oggetti?referrer=catalog,21,8270500335,Sold,01/03/2026 04:10:28,,https://images1.vinted.net/t/04_01557_mPW5ddmA5mnndRHSZHtbhCx3/310x430/1772184090.webp?s=29b9cbce7616eba0775ebe945e76b3c54c0690ca,7,7
Lunettes noires tendance Prada PR 19ZS 1AB5S0,284.2,Prada,0,https://www.vinted.it/items/8274337306-lunettes-noires-tendance-prada-pr-19zs-1ab5s0?referrer=catalog,0,8274337306,Sold,01/03/2026 04:10:28,,https://images1.vinted.net/t/06_00cbf_VwA2ssvJjmYJZ5hX1c8rgkXQ/310x430/1772212404.webp?s=5d741e89159291038d5be65ec511596873826a87,7,7
Prada bucket hat,29.05,No brand,M,https://www.vinted.it/items/8274322819-prada-bucket-hat?referrer=catalog,9,8274322819,Sold,01/03/2026 04:10:28,,https://images1.vinted.net/t/05_01f10_iLiTaYYewBGnVYtCyBGcwhKo/310x430/1772212300.webp?s=6974d2320aa8a0f287731a9bc31d3fff45572d86,7,7
Lunette prada marron spt17w,205.45,Prada,0,https://www.vinted.it/items/8274319796-lunette-prada-marron-spt17w?referrer=catalog,0,8274319796,Sold,01/03/2026 04:10:28,,https://images1.vinted.net/t/05_01712_4tc3284xfo31yuaRs8pB3Qzy/310x430/1772212277.webp?s=2c493a33cdf65c70afb5e700f41c1b46ea710e31,7,7
Prada - Balm Lip Frosting Care (Miniature 1,13.3,Prada,0,https://www.vinted.it/items/8274312768-prada-balm-lip-frosting-care-miniature-13-g?referrer=catalog,1,8274312768,Sold,01/03/2026 04:10:28,,https://images1.vinted.net/t/05_00451_7FcoVYLrr54ktyeKDzAArhMa/310x430/1772212224.webp?s=f7e9054d879dfec5b149a75faa18642e59a35777,7,7
Prada Sonnenbrille,263.2,Prada,0,https://www.vinted.it/items/8274278750-prada-sonnenbrille?referrer=catalog,4,8274278750,Sold,01/03/2026 04:10:28,,https://images1.vinted.net/t/05_013a4_m2rbUH6GFc1sqtKHawkpccCR/310x430/1772211973.webp?s=623b459d5dd060e9b0f1ef3cdb183c35fecedf60,7,7
Lunette mixte tendance prada noire Prada PR 17WS 1AB5S0,205.45,Prada,0,https://www.vinted.it/items/8274276142-lunette-mixte-tendance-prada-noire-prada-pr-17ws-1ab5s0?referrer=catalog,5,8274276142,Sold,01/03/2026 04:10:28,,https://images1.vinted.net/t/03_01601_hrUcSakT71AuycrczevBoY5A/310x430/1772211954.webp?s=dd947897e2bce28ee009838776366e05b8cf86c3,7,7
Prada shoes,410.2,Prada,41,https://www.vinted.it/items/8274232782-prada-shoes?referrer=catalog,8,8274232782,Sold,01/03/2026 04:10:28,,https://images1.vinted.net/t/05_02631_DG14r6hit6KeH1fWDURhAPV7/310x430/1772211638.webp?s=8897390a6ed1c86375de684e99bfa9277952698f,7,7
Prada zaino re edition re nylon,947.58,Prada,0,https://www.vinted.it/items/8274229514-prada-zaino-re-edition-re-nylon?referrer=catalog,5,8274229514,Sold,01/03/2026 04:10:28,,https://images1.vinted.net/t/06_019ab_6uajegxsm2h2JX36CeaWitit/310x430/1772211614.webp?s=a444b61aeac0b193281eaffe79844ed6f975d069,7,7
occhiali da sole,53.2,Prada,0,https://www.vinted.it/items/8274227011-occhiali-da-sole?referrer=catalog,0,8274227011,Sold,01/03/2026 04:10:28,,https://images1.vinted.net/t/06_01305_82CqZD7UNW18Xz621CvvofcM/310x430/1772211596.webp?s=5f63a8118766f30d9977ffcb4012422c70f773c8,7,7
Borsa Prada in rafia,1.275,Prada,0,https://www.vinted.it/items/8274207405-borsa-prada-in-rafia?referrer=catalog,3,8274207405,Sold,01/03/2026 04:10:28,,https://images1.vinted.net/t/05_009ef_MXdqwS6Rz9EBZXknZ91gAhLS/310x430/1772211454.webp?s=4cfde2f6b0c9ce206087845d884df3447830e299,7,7
basket,100.45,Prada,40.5,https://www.vinted.it/items/8274196977-basket-prada-neuf?referrer=catalog,0,8274196977,Sold,01/03/2026 04:10:28,,https://images1.vinted.net/t/05_00101_PCBaHZnTNLaPW8UEDNJGZgjM/310x430/1772211377.webp?s=39d6ede3a9ce168d8bd0c219cabc72f3ea8589e3,7,7
Casco jet Agata Ruiz de la Prada (LEM),42.7,L.E.M,0,https://www.vinted.it/items/8274170761-casco-jet-agata-ruiz-de-la-prada-lem?referrer=catalog,20,8274170761,Sold,01/03/2026 04:10:28,,https://images1.vinted.net/t/05_002b0_vp5tX6A2LECuGgTpuTmC3Jto/310x430/1772211186.webp?s=12be5b36a21ad8877bfbe5c49592f4695f586c7d,7,7
Prada paradoxe intense,40.6,Prada,0,https://www.vinted.it/items/8274165698-prada-paradoxe-intense?referrer=catalog,21,8274165698,Sold,01/03/2026 04:10:28,,https://images1.vinted.net/t/06_00613_249EBc6XaEq3tjp3gZfpuRpv/310x430/1772211150.webp?s=41e80113efe30096d604d3ab3b09923f800aa0b8,7,7
Sudadera Negra sin Capucha Prada,37.45,Prada,S / IT 40 / EU 36,https://www.vinted.it/items/8274149422-sudadera-negra-sin-capucha-prada?referrer=catalog,3,8274149422,Sold,01/03/2026 04:10:28,,https://images1.vinted.net/t/01_0039f_UMjNx3GP4axarZrc5vXP85sM/310x430/1772211033.webp?s=0c03234974184502e697aaad06d338948613446a,7,7
Nastro in seta Prada,158.2,Prada,0,https://www.vinted.it/items/8274104657-nastro-in-seta-prada?referrer=catalog,17,8274104657,Sold,01/03/2026 04:10:28,,https://images1.vinted.net/t/06_0134a_jDLGnkiUV6CT5VMqvdsfNgJc/310x430/1772210712.webp?s=3450302567ce57b13171b72075aeb1378549ae00,7,7
Prada Kosmetik Tasche,16.45,Prada,0,https://www.vinted.it/items/8271939113-prada-kosmetik-tasche?referrer=catalog,27,8271939113,Sold,01/03/2026 04:16:31,,https://images1.vinted.net/t/05_01bbd_QzUnitGnvrRxv44AJ1LyWYq7/310x430/1772195457.webp?s=b473d8ebdb5e3238d50cf631351629ab83ca0667,7,9
Prada paradoxe Body Lotion,20.65,Prada,0,https://www.vinted.it/items/8284826398-prada-paradoxe-body-lotion?referrer=catalog,0,8284826398,Sold,01/03/2026 05:24:39,,https://images1.vinted.net/t/06_0120f_q22Q64U1eDypM4seqdTtR4SM/310x430/1772338471.webp?s=1efd5e071affbb308f18715753d32c6fabad8270,8,1
Gafas Prada,21.7,No brand,0,https://www.vinted.it/items/8284816910-gafas-prada?referrer=catalog,0,8284816910,Sold,01/03/2026 05:24:39,,https://images1.vinted.net/t/05_00a49_7TYViqX3qEJ9tFdoZNxYQM6y/310x430/1772335863.webp?s=b4a58cf2b49d886fb4be14f1d57cae3474482708,8,1
Pantalon femme,126.7,Prada,L / IT 44 / EU 40,https://www.vinted.it/items/8284341608-pantalon-femme?referrer=catalog,1,8284341608,Sold,01/03/2026 05:24:39,,https://images1.vinted.net/t/06_013d9_Vsh9d1BFanTVu8v3vHPFZeHv/310x430/1772315245.webp?s=bc11fb53d3b094c9ef5e28b46f88d3d0f30f9868,8,1
Eau de parfum 90 ml Prada,84.7,Prada,0,https://www.vinted.it/items/8284332957-eau-de-parfum-90-ml-prada?referrer=catalog,1,8284332957,Sold,01/03/2026 05:24:39,,https://images1.vinted.net/t/05_003d9_hZbXbHUvDchHwTeZUs8Z2NAk/310x430/1772315128.webp?s=ed820a448e213b1712dc0471e2d775ff08e41b87,8,1
Mini falda Prada,147.7,Prada,XL / IT 46 / EU 42,https://www.vinted.it/items/8284321461-mini-falda-prada?referrer=catalog,3,8284321461,Sold,01/03/2026 05:24:39,,https://images1.vinted.net/t/05_0156a_YDEvRK6YnYCHtgpGSqRHRnnE/310x430/1772314977.webp?s=0eb8d358492b02615ec4b030aefd2a7489aae6ad,8,1
Prada,105.69,Prada,0,https://www.vinted.it/items/8284320896-prada?referrer=catalog,0,8284320896,Sold,01/03/2026 05:24:39,,https://images1.vinted.net/t/06_021ec_LKjwSTa9rJi2aSqRXEVQqQP6/310x430/1772314971.webp?s=d870eeb398fc52e13eac51b8eae63e028fbcf351,8,1
Perfume Candy Prada,47.95,Prada,0,https://www.vinted.it/items/8283286507-perfume-candy-prada?referrer=catalog,0,8283286507,Sold,01/03/2026 05:24:39,,https://images1.vinted.net/t/03_018a1_HYwMJ6rTdGgVUBiSATTugVFK/310x430/1772305327.webp?s=3fa125a432d710c0dfad49e690ab05d10b9de83b,8,1
Coppia portascarpe Prada,21.7,Prada,0,https://www.vinted.it/items/8284310908-coppia-portascarpe-prada?referrer=catalog,0,8284310908,Sold,01/03/2026 05:24:39,,https://images1.vinted.net/t/04_007bc_VefWN7EEJrLR6sZiSDfaoUcd/310x430/1772314841.webp?s=1f3e4f66e26a01134490d79d18383ea5787db29f,8,1
Prada Candy Gloss Eau de Toilette 30ml Neu,58.45,Prada,0,https://www.vinted.it/items/8284308442-prada-candy-gloss-eau-de-toilette-30ml-neu?referrer=catalog,0,8284308442,Sold,01/03/2026 05:24:39,,https://images1.vinted.net/t/06_017f0_Yh54gZ4d9cSR1W8MLLzzDosy/310x430/1772314809.webp?s=e3546a789c02375bb3c78a5e720daf3bbea03137,8,1
Prada jacket nylon blue,1.1557,Prada,S,https://www.vinted.it/items/8284280807-prada-jacket-nylon-blue?referrer=catalog,1,8284280807,Sold,01/03/2026 05:24:39,,https://images1.vinted.net/t/06_00d8e_SmbmW5iw5AcXjUKTroiJDqxq/310x430/1772314451.webp?s=15902ef486fbb1e42372493f390de5aed57e1531,8,1
Prada Psychedelic Track Jacket 2019,735.7,Prada,S,https://www.vinted.it/items/8284279862-prada-psychedelic-track-jacket-2019?referrer=catalog,0,8284279862,Sold,01/03/2026 05:24:39,,https://images1.vinted.net/t/03_00cc5_b3xaZbwNMvprQrpi64t9TJzD/310x430/1772314438.webp?s=bb65ffeaeaa1d1de7bfda368561a2ecdca0b90ae,8,1
Bolso,15.4,Agatha Ruiz de la Prada,0,https://www.vinted.it/items/8284274225-bolso?referrer=catalog,2,8284274225,Sold,01/03/2026 05:24:39,,https://images1.vinted.net/t/05_00ebc_fuHXwVe5tV1r8Cpq32bPkeJo/310x430/1772314367.webp?s=598a30f4cc1e168745b11a70bdae52ba5b8a226d,8,1
Prada espejo tamaño bolso con funda,58.45,Prada,0,https://www.vinted.it/items/8284264210-prada-espejo-tamano-bolso-con-funda?referrer=catalog,0,8284264210,Sold,01/03/2026 05:24:39,,https://images1.vinted.net/t/05_00072_xWJbgqioHZJQSxcyVcixC42r/310x430/1772314240.webp?s=b5eac79a76d5028ade01d1eb08a69bead3c0b838,8,1
Gafas Prada,84.7,Prada,0,https://www.vinted.it/items/8284256277-gafas-prada?referrer=catalog,5,8284256277,Sold,01/03/2026 05:24:39,,https://images1.vinted.net/t/06_014e8_ibnQMYp8aTnJs8kSTV11ehKE/310x430/1772314142.webp?s=b68bcaca6854536f0cf34d29b02302576206c31e,8,1
Prada Daunenjacke neu Gr. 10y/140-146,126.7,Prada,11 anni / 146 cm,https://www.vinted.it/items/8284248008-prada-daunenjacke-neu-gr-10y140-146?referrer=catalog,0,8284248008,Sold,01/03/2026 05:24:39,,https://images1.vinted.net/t/06_00c97_gz1Nny5BYKrrZbUvuqD8vF9U/310x430/1772314044.webp?s=6b090ff3cb336cc587396b4a5350abbdb674bf43,8,1
Prada Luna Rossa Ocean Parfum Mini,18.03,Prada,0,https://www.vinted.it/items/8284249753-prada-luna-rossa-ocean-parfum-mini?referrer=catalog,0,8284249753,Sold,01/03/2026 05:24:39,,https://images1.vinted.net/t/05_016cb_DCfTziw7HogGavb2seX2evvt/310x430/1772314064.webp?s=13d32dbf313d67156da5213ea9689dd197ac3927,8,1
Occhiali da sole prada,42.7,Prata,0,https://www.vinted.it/items/8284247448-occhiali-da-sole-prada?referrer=catalog,26,8284247448,Sold,01/03/2026 05:24:39,,https://images1.vinted.net/t/06_010bb_i7DtANdcx7sjAoadX7zqEnTQ/310x430/1772314037.webp?s=4ad40ed301d2ef3954770adab58b3ff621e07b7d,8,1
Prada Paradox,53.2,Prada,0,https://www.vinted.it/items/8284238601-prada-paradox?referrer=catalog,2,8284238601,Sold,01/03/2026 05:24:39,,https://images1.vinted.net/t/06_0047b_5HE2RB2EoZxCpMYNgq8bkcW6/310x430/1772313929.webp?s=22449cdbce7b0eb87046af33169bf2d119645058,8,1
Long coat Prada Milano,21.7,Milano,M / IT 42 / EU 38,https://www.vinted.it/items/8284230365-long-coat-prada-milano?referrer=catalog,6,8284230365,Sold,01/03/2026 05:24:39,,https://images1.vinted.net/t/04_015e3_wXkCybhpcYs3Lak4fW7mmezx/310x430/1772313831.webp?s=99243ff7fdd772334f31dc1e3f8486b80e4cb87b,8,1
Sunglasses Prada,104.65,Prada,0,https://www.vinted.it/items/8284227872-sunglasses-prada?referrer=catalog,2,8284227872,Sold,01/03/2026 05:24:39,,https://images1.vinted.net/t/05_012dd_YkE3zmZbw5Cz7kUwzEEu5tjk/310x430/1772313802.webp?s=c91eba747551b94cc0dcc289d64d45eae00591bf,8,1
Occhiali da sole Prada,158.2,Prada,0,https://www.vinted.it/items/8284207300-occhiali-da-sole-prada?referrer=catalog,0,8284207300,Sold,01/03/2026 05:24:39,,https://images1.vinted.net/t/05_006dd_YCowTuXTXdfst9GfE5UKvSRX/310x430/1772313558.webp?s=48a98bb581fc97671febf525a0c91cd870f0fa5a,8,1
Lunette prada,221.2,Prada,0,https://www.vinted.it/items/8284192421-lunette-prada?referrer=catalog,0,8284192421,Sold,01/03/2026 05:24:39,,https://images1.vinted.net/t/05_0155a_2G2gFrKwfwiNvajdoLv5JaRw/310x430/1772313385.webp?s=78d7a6f4851f7dc17738c7031e81b07e8f25ca5e,8,1
Porta carte Prada,263.2,Prada,0,https://www.vinted.it/items/8284191637-porta-carte-prada?referrer=catalog,0,8284191637,Sold,01/03/2026 05:24:39,,https://images1.vinted.net/t/01_00169_KUPdy1EVqCM4oXu1w3uBreEx/310x430/1772313376.webp?s=081d41f876b0ef9d04af9d7f2acdf8a77a6cc671,8,1
Pelletteria Prada,126.7,Prada,0,https://www.vinted.it/items/8284182169-pelletteria-prada?referrer=catalog,1,8284182169,Sold,01/03/2026 05:24:39,,https://images1.vinted.net/t/01_02465_JUgrW2UnVCqY8vqmYA2u4o7T/310x430/1772313266.webp?s=080c88a098764ec9ac738aa144de70aed65139a8,8,1
Prada cup top qualité 🥇 envoi express,147.7,Prada,46,https://www.vinted.it/items/8284179910-prada-cup-top-qualite-envoi-express?referrer=catalog,5,8284179910,Sold,01/03/2026 05:24:39,,https://images1.vinted.net/t/06_00a15_Ptjd1CCDmrR8wEYFCXM44wGA/310x430/1772313241.webp?s=4242b616c9a5852b6ff3bef6d65ff568a4f264c5,8,1
Prada cup top qualité 🥇 envoi express 2j,147.7,Prada,41,https://www.vinted.it/items/8284165469-prada-cup-top-qualite-envoi-express-2j?referrer=catalog,8,8284165469,Sold,01/03/2026 05:24:39,,https://images1.vinted.net/t/04_01d1e_eLcEdNa2nK9FjSsRwfoWniX1/310x430/1772313075.webp?s=3188130f652d5a95fbcabc967d4a3e17aad170ea,8,1
Prada cup top qualité 🥇envoi express2j,147.7,Prada,42,https://www.vinted.it/items/8284155866-prada-cup-top-qualite-envoi-express2j?referrer=catalog,3,8284155866,Sold,01/03/2026 05:24:39,,https://images1.vinted.net/t/05_0224b_GUrXSn21CvbQUviWvVnZJfJx/310x430/1772312968.webp?s=eb060757a32c2e9bbaa621bd373781261241620a,8,1
Prada cup gris anthracite,209.65,Prada,42,https://www.vinted.it/items/8284153104-prada-cup-gris-anthracite?referrer=catalog,1,8284153104,Sold,01/03/2026 05:24:39,,https://images1.vinted.net/t/01_0117b_3NEvqcYt423MvbJdnWMYtjZe/310x430/1772312937.webp?s=4b0159a5d37df9c713ce913804902dacce67529a,8,1
Lunette prada,74.2,Prada,0,https://www.vinted.it/items/8284117851-lunette-prada?referrer=catalog,1,8284117851,Sold,01/03/2026 05:24:39,,https://images1.vinted.net/t/06_01481_avE182zf4nKMKbUY1eGVG9Ab/310x430/1772312549.webp?s=d5cb3e12d5068181c24d9bb459f9aa0bf80ae5e8,8,1
Prada boots monolith Chelsea,105.7,Boots,38,https://www.vinted.it/items/8284107500-prada-boots-monolith-chelsea?referrer=catalog,19,8284107500,Sold,01/03/2026 05:24:39,,https://images1.vinted.net/t/01_00487_3LXVcMuKvCJapDb6bB5J48ms/310x430/1772312438.webp?s=41bb0367d25a2472dfe23b6544b6a7951be832ab,8,1
Prada Lunettes de soleil homme,368.2,Prada,0,https://www.vinted.it/items/8284065153-prada-lunettes-de-soleil-homme?referrer=catalog,0,8284065153,Sold,01/03/2026 05:24:39,,https://images1.vinted.net/t/04_00e99_AvXBudnxWfAp4J5nmUp5Cmms/310x430/1772311996.webp?s=65a128fed09f88ad90963a5b6f2088bc688532bf,8,1
Jean Prada  blanc lait,168.7,Prada,M / IT 42 / EU 38,https://www.vinted.it/items/8284061290-jean-prada-blanc-lait?referrer=catalog,0,8284061290,Sold,01/03/2026 05:24:39,,https://images1.vinted.net/t/06_0095c_t3wfLx9VHxAboSvJNcWpgrUr/310x430/1772311957.webp?s=61208532740feed53720402d52dd5268151129f5,8,1
Conjunto de vestido mais meia calça 9-12,7.0,Agatha Ruiz de la Prada,9-12 mesi / 74 cm,https://www.vinted.it/items/8284039574-conjunto-de-vestido-mais-meia-calca-9-12?referrer=catalog,2,8284039574,Sold,01/03/2026 05:24:39,,https://images1.vinted.net/t/01_01e74_W4sKeKHr8MMPQUSuWQbCJKXx/310x430/1772312050.webp?s=6151d6618603359c9b6178207b394b177d05ad4f,8,1
Lote talla 18 son nuevas,11.2,Agatha Ruiz de la Prada,18,https://www.vinted.it/items/8284044879-lote-talla-18-son-nuevas?referrer=catalog,2,8284044879,Sold,01/03/2026 05:24:39,,https://images1.vinted.net/t/01_012ac_MhfWvkCuN1i13Pf8LdBmGNVX/310x430/1772311787.webp?s=3b6a3817adad229e251e9baf4fdd15330bf57053,8,1
prada thunder,221.2,Prada,46,https://www.vinted.it/items/8281853557-prada-thunder?referrer=catalog,1,8281853557,Sold,01/03/2026 05:30:28,,https://images1.vinted.net/t/03_00cfe_AJ6TX3JLJ5UnDMVj2dZYuZvB/310x430/1772295566.webp?s=59242cfd128cdc32be60ae6da11edda29cd94e86,8,3
Parfum Prada,16.45,Prada,0,https://www.vinted.it/items/8281851094-parfum-prada?referrer=catalog,3,8281851094,Sold,01/03/2026 05:30:28,,https://images1.vinted.net/t/06_02113_T2fy52o6B3dbyquK2VF4N9aJ/310x430/1772295553.webp?s=e995bf345318122e8deab85a28a8dc290dbfbb3f,8,3
O diabo veste prada,8.05,No brand,0,https://www.vinted.it/items/8281850432-o-diabo-veste-prada?referrer=catalog,0,8281850432,Sold,01/03/2026 05:30:28,,https://images1.vinted.net/t/06_01909_hunK4wnGiBBjcozYvwS7QWwJ/310x430/1772295549.webp?s=2391a955f856e4d6197ccc880d301c63bfffadd5,8,3
Étui à  lunette rigide prada,16.45,Prada,0,https://www.vinted.it/items/8281819703-etui-a-lunette-rigide-prada?referrer=catalog,0,8281819703,Sold,01/03/2026 05:30:28,,https://images1.vinted.net/t/06_0236e_MABE9kiknRQCnMq1tEBSBRKA/310x430/1772295387.webp?s=cc8e1eef788f8cff2e804a8357bdac38f097c2a9,8,3
Prada Sonnenbrille,147.7,Prada,0,https://www.vinted.it/items/8281784811-prada-sonnenbrille?referrer=catalog,4,8281784811,Sold,01/03/2026 05:30:28,,https://images1.vinted.net/t/05_00855_BYusyD6S5NWAnNMFqspztyT8/310x430/1772295201.webp?s=7a17457ada220351f4d7d4756c8ccf4d58eb2bc3,8,3
Prada Paradoxe intense,53.2,Prada,0,https://www.vinted.it/items/8281763829-prada-paradoxe-intense?referrer=catalog,8,8281763829,Sold,01/03/2026 05:30:28,,https://images1.vinted.net/t/06_01508_qZsu3LoHFiVJ6gRw8LsPg89a/310x430/r1/1772295089.webp?s=48499d1d7731ae19894867b5571ce1f6ee1e8207,8,3
Giacca Prada,179.2,Prada,S / IT 40 / EU 36,https://www.vinted.it/items/8281740806-giacca-prada?referrer=catalog,2,8281740806,Sold,01/03/2026 05:30:28,,https://images1.vinted.net/t/06_01314_DqbhRYfW1DEY1Lkv2Egfm1no/310x430/1772294965.webp?s=1e0da096bbb6a92c6dc4f4fdbff771dd7fba75e2,8,3
Prada minibolso Re-Edition 2000,714.7,Prada,0,https://www.vinted.it/items/8281743268-prada-minibolso-re-edition-2000?referrer=catalog,6,8281743268,Sold,01/03/2026 05:30:28,,https://images1.vinted.net/t/06_02111_yjYVicZJziDdAgjQ3mmEMpfn/310x430/1772294978.webp?s=1b9fc6a1bbfa5978d6a13f9604ab63f3df84d398,8,3
Prada Sonnenbrille PS 04WS,158.2,Prada,0,https://www.vinted.it/items/8281720453-prada-sonnenbrille-ps-04ws?referrer=catalog,1,8281720453,Sold,01/03/2026 05:30:28,,https://images1.vinted.net/t/05_00472_a7B31xQFLeCcPo1Za2YQ3EfQ/310x430/1772294856.webp?s=3f1a507c28295ed53f6763b3007e5f8a84508519,8,3
Boîte repas PRADA – Neuve – Modèle Lunch Box,110.95,Prada,0,https://www.vinted.it/items/8281671406-boite-repas-prada-neuve-modele-lunch-box?referrer=catalog,0,8281671406,Sold,01/03/2026 05:30:28,,https://images1.vinted.net/t/06_0043a_xwEqGnsEkzJF7T7bPiwwSZiU/310x430/1772294596.webp?s=3e12f4f7f62e538a9a80680d7074a8f134d36558,8,3
PRADA Designer Kleid Schwarz  Zeitlos & Elegant,168.7,Prada,M / IT 42 / EU 38,https://www.vinted.it/items/8281602425-prada-designer-kleid-schwarz-zeitlos-elegant?referrer=catalog,0,8281602425,Sold,01/03/2026 05:30:28,,https://images1.vinted.net/t/01_00bfc_iBBrdYjxVrqwM18UfKHsoTr6/310x430/1772294235.webp?s=dd495472cd8f42226b378c18b3f9c799c0447ede,8,3
Vestido fucsia Agatha Ruiz de la Prada,34.3,Agatha Ruiz de la Prada,10 anni / 140 cm,https://www.vinted.it/items/8281581049-vestido-fucsia-agatha-ruiz-de-la-prada?referrer=catalog,0,8281581049,Sold,01/03/2026 05:30:28,,https://images1.vinted.net/t/06_008bc_k6ZamWBi6PvFR3DRcGs5YBmv/310x430/1772294124.webp?s=1cc43bfc3c7e10d2fc9c9d3ff66367679b117929,8,3
Zonnebril Prada.,53.2,Prada,0,https://www.vinted.it/items/8281577120-zonnebril-prada?referrer=catalog,2,8281577120,Sold,01/03/2026 05:30:28,,https://images1.vinted.net/t/05_01ac8_JTqEw1imQFy93xGriWJiuW2U/310x430/1772294103.webp?s=9091539d72e0546a21e46938c8bdc42293b7af69,8,3
Mug isotherme PRADA noir – Neuf,142.45,Prada,0,https://www.vinted.it/items/8281562334-mug-isotherme-prada-noir-neuf-avec-boite?referrer=catalog,0,8281562334,Sold,01/03/2026 05:30:28,,https://images1.vinted.net/t/03_015ac_d8qCVzj5NXK1QLW7VbZq9ujy/310x430/1772294026.webp?s=4f59b724f40321fd9feacc53303c27459c13d30b,8,3
Carteira Prada original,541.45,Prada,0,https://www.vinted.it/items/8281550783-carteira-prada-original?referrer=catalog,1,8281550783,Sold,01/03/2026 05:30:28,,https://images1.vinted.net/t/04_009e7_7nZ8Dv2pGD5cSjEgMPoXauQm/310x430/1772293966.webp?s=bd38063401a7468c212e379187db4b1fdde4448b,8,3
Ballerine Prada,189.7,Prada,37,https://www.vinted.it/items/8281517914-ballerine-prada?referrer=catalog,3,8281517914,Sold,01/03/2026 05:30:28,,https://images1.vinted.net/t/05_00c33_ujikpCX42uoa5DJjgae3Cix4/310x430/1772293798.webp?s=367e289a508e37cd51571aa6eaeb7bce77ec269e,8,3
Botte Prada chaussures Prada mocassin Prada bottines,646.45,Prada,36.5,https://www.vinted.it/items/8281497860-botte-prada-chaussures-prada-mocassin-prada-bottines?referrer=catalog,5,8281497860,Sold,01/03/2026 05:30:28,,https://images1.vinted.net/t/06_0017c_yRCmQutwG6pkiwcaaMVM7HU3/310x430/1772293693.webp?s=d2193527ee859e1da1bafe6b26d8a9e297c88842,8,3
Adidas / FZ5447 Prada x adidas A+P Luna Rossa 21 Cloud White Gr.40 2/3 (39,158.2,adidas,40.5,https://www.vinted.it/items/8281496273-adidas-fz5447-prada-x-adidas-ap-luna-rossa-21-cloud-white-gr40-23-395-40?referrer=catalog,1,8281496273,Sold,01/03/2026 05:30:28,,https://images1.vinted.net/t/03_01f73_JXtFJ8A18H6uQsgwgrzVN4CX/310x430/1772293685.webp?s=9742ac49eddc3139e102883ffbc24d00bc113539,8,3
Parfum Prada Paradoxe Radical Essence - Neuf,77.35,Prada,0,https://www.vinted.it/items/8281470671-parfum-prada-paradoxe-radical-essence-neuf?referrer=catalog,1,8281470671,Sold,01/03/2026 05:30:28,,https://images1.vinted.net/t/01_01f5b_A8Xzp3BpZvQdoYRLR5c41KbB/310x430/1772293554.webp?s=d3134749f89da673d49a2e578bd78f7346cfbf10,8,3
Prada Cups,126.7,Prada,41,https://www.vinted.it/items/8281435977-prada-cups?referrer=catalog,2,8281435977,Sold,01/03/2026 05:30:28,,https://images1.vinted.net/t/06_00156_DEoZeCRPtyAWBUrPm9FbpwQ5/310x430/1772293376.webp?s=32fdbac35ff44dcc7bebfe4f22a645cd7cd0e77a,8,3
Bandolera estilo Prada,21.7,Local,0,https://www.vinted.it/items/8281433947-bandolera-estilo-prada?referrer=catalog,0,8281433947,Sold,01/03/2026 05:30:28,,https://images1.vinted.net/t/06_023cb_SqD7ZbWGg9SK2x3GTTQotQw3/310x430/1772293365.webp?s=7b030ea1096e565ddcb138e622c267df026926f0,8,3
Prada,709.45,Prada,M,https://www.vinted.it/items/8281419219-prada?referrer=catalog,5,8281419219,Sold,01/03/2026 05:30:28,,https://images1.vinted.net/t/05_01233_bnXSHzbGi5uqPgh3xcq3cRVm/310x430/1772293290.webp?s=acc15d5b4c32034df98f1fb4adc87b9f664a5fb5,8,3
Prada cups,105.7,Prada,37,https://www.vinted.it/items/8281411480-prada-cups?referrer=catalog,22,8281411480,Sold,01/03/2026 05:30:28,,https://images1.vinted.net/t/04_0137e_yH8TV6jTPmZKSQL5djEvvpsZ/310x430/1772293250.webp?s=72e520903bc8f6bdd02567e8b77e750aef9e6002,8,3
Prada Augmented Skin  trattamento idratante viso,21.7,Prada,0,https://www.vinted.it/items/8281402347-prada-augmented-skin-trattamento-idratante-viso?referrer=catalog,0,8281402347,Sold,01/03/2026 05:30:28,,https://images1.vinted.net/t/01_016cb_WaA1w7s9t2LsiQZw4KewdkcS/310x430/1772293204.webp?s=f478241f1284bf770af1c3f67e7fb03d15b76c47,8,3
Chaussures Prada neuve à talon marron beige pointure 36,103.6,Prada,36.5,https://www.vinted.it/items/8281390506-chaussures-prada-neuve-a-talon-marron-beige-pointure-365?referrer=catalog,0,8281390506,Sold,01/03/2026 05:30:28,,https://images1.vinted.net/t/06_010ab_yJigg3zy92FoKCphtVxSusgC/310x430/1772293142.webp?s=be9d0b9db8b4a8bb74ffff99a04202b988ac4349,8,3
Body PRADA strass,158.2,Strass,S / IT 40 / EU 36,https://www.vinted.it/items/8281379486-body-prada-strass?referrer=catalog,0,8281379486,Sold,01/03/2026 05:30:28,,https://images1.vinted.net/t/06_017e8_wa3xnvQqPUXyfr9RcH5acUaz/310x430/1772293086.webp?s=90e106fffca18f2d27f3a81c96b935c8143814a6,8,3
Prada Paradigme,63.7,Prada,0,https://www.vinted.it/items/8281375288-prada-paradigme?referrer=catalog,3,8281375288,Sold,01/03/2026 05:30:28,,https://images1.vinted.net/t/05_006a3_4zLnJDzPKJGoHLNJJhBA8uHp/310x430/1772293064.webp?s=624ab22736d286e4be80747a172175aa4f5d2742,8,3
Bougie Prada nueve avec étiquette-Luxe,168.7,Prada,0,https://www.vinted.it/items/8281375114-bougie-prada-nueve-avec-etiquette-luxe?referrer=catalog,0,8281375114,Sold,01/03/2026 05:30:28,,https://images1.vinted.net/t/05_0096a_w1Ln2ayumR2L2bjkyKHiUvn8/310x430/1772293063.webp?s=91a6173132fc4acd2a4a1b54e26cad80f2df8a9c,8,3
Chaussure compensée neuve Prada velours pointure 36,121.45,Prada,36.5,https://www.vinted.it/items/8281366099-chaussure-compensee-neuve-prada-velours-pointure-365?referrer=catalog,1,8281366099,Sold,01/03/2026 05:30:28,,https://images1.vinted.net/t/05_0016c_ZkP5X4Eb3S75zgYrdQQYebMR/310x430/1772293016.webp?s=8c0b1244c6bfbf08b781619dd23e5d5136e18ba3,8,3
Lot De Mini Parfum Prada,63.7,Prada,0,https://www.vinted.it/items/8281355317-lot-de-mini-parfum-prada?referrer=catalog,4,8281355317,Sold,01/03/2026 05:30:28,,https://images1.vinted.net/t/05_018e1_6GesijRLHpVtKSR9QtGgRvsA/310x430/1772292962.webp?s=a2d8a8338b40635fdf2f58629869733cef00f380,8,3
Calcetines cortos Agatha Ruiz de la Prada,8.05,Agatha Ruiz de la Prada,M | 43–46,https://www.vinted.it/items/8253585314-calcetines-cortos-agatha-ruiz-de-la-prada?referrer=catalog,3,8253585314,Sold,01/03/2026 05:30:28,,https://images1.vinted.net/t/04_008ba_CeUhNdc4JhtGayihLKeRVq77/310x430/1771955869.webp?s=5272a75ef8e10d92f5a0dce0c7222f916c52fe84,8,3
Chaussure compensés neuve de marque Prada pointure 36,121.45,Prada,36,https://www.vinted.it/items/8281344499-chaussure-compenses-neuve-de-marque-prada-pointure-36?referrer=catalog,0,8281344499,Sold,01/03/2026 05:30:28,,https://images1.vinted.net/t/06_00a94_hcKaQDzeJ5jxZmBnWYorRMr1/310x430/1772292906.webp?s=bf107cee3c36a6ff446fc0b5f3bcd589aa346ed3,8,3
Occhiali 👓,95.2,Prada,0,https://www.vinted.it/items/8263763898-occhiali?referrer=catalog,0,8263763898,Sold,01/03/2026 05:31:20,,https://images1.vinted.net/t/05_01a79_75ACG9JoZEWjSDTrL1Jj3y54/310x430/1772099600.webp?s=cd99d3917bf14a920aec8c32a4171727a1a2cb7e,8,5
Borsa tote luna rossa,52.15,Luna rossa prada,0,https://www.vinted.it/items/8263653055-borsa-tote-luna-rossa?referrer=catalog,3,8263653055,Sold,01/03/2026 05:31:20,,https://images1.vinted.net/t/05_02170_d6Dfhctcqpb1VPnGudx61Y1X/310x430/1772098665.webp?s=c0b5de5118fdd765cf7c9f5d311a99dbeb33feb5,8,5
Tote bag edizione speciale Prada,58.45,Prada,0,https://www.vinted.it/items/8263586837-tote-bag-edizione-speciale-prada?referrer=catalog,5,8263586837,Sold,01/03/2026 05:31:20,,https://images1.vinted.net/t/06_01553_iq9Mm6ohUw18kEhVmFbLCFkY/310x430/1772098077.webp?s=f90f5ea40756ca87acdc657a70c09da286f3ec8e,8,5
Prada Paradoxe 90 ml,51.1,Prada,0,https://www.vinted.it/items/8263526586-prada-paradoxe-90-ml?referrer=catalog,0,8263526586,Sold,01/03/2026 05:31:20,,https://images1.vinted.net/t/06_010c8_S2Jw5Di5nadEjwkAhJNuohK9/310x430/1772097514.webp?s=0c027d7e4b0813009e839830ceb9a0f7692b58e0,8,5
Portafogli Prada,273.7,Prada,0,https://www.vinted.it/items/8263483427-portafogli-prada?referrer=catalog,0,8263483427,Sold,01/03/2026 05:31:20,,https://images1.vinted.net/t/06_013be_bi85Y3VqnmgkJQUyQKwBodtK/310x430/1772097098.webp?s=031a9894e981360c74805c85ef39f680db55b33f,8,5
Borsa a secchiello Prada in velluto Rosso,510.0,Prada,0,https://www.vinted.it/items/8263294389-borsa-a-secchiello-prada-in-velluto-rosso?referrer=catalog,15,8263294389,Sold,01/03/2026 05:31:20,,https://images1.vinted.net/t/06_0203b_xoc1MMNf91K4cYLYUNPZ15Su/310x430/1772095078.webp?s=fcb42d65ed2eaa7cdd5fe95a846929d7a1c72704,8,5
Prada occhiali da sole,247.45,Prada,0,https://www.vinted.it/items/8263287446-prada-occhiali-da-sole?referrer=catalog,1,8263287446,Sold,01/03/2026 05:31:20,,https://images1.vinted.net/t/06_00e89_bvUPavUFPoR57fRXSGMgwzAd/310x430/1772094996.webp?s=b23c0609b242c97a2815ac876cbec431c7d26cd6,8,5
Prada occhiali,63.7,Prada,0,https://www.vinted.it/items/8263166786-prada-occhiali?referrer=catalog,2,8263166786,Sold,01/03/2026 05:31:20,,https://images1.vinted.net/t/06_01c95_Cdu9aesH5tGoDkNRTGuNXk2e/310x430/1772093441.webp?s=3125ab191e23dc19708e7cf934b6cdfff6bc7187,8,5
Scarpa Prada donna,420.7,Prada,37,https://www.vinted.it/items/8263144948-scarpa-prada-donna?referrer=catalog,50,8263144948,Sold,01/03/2026 05:31:20,,https://images1.vinted.net/t/04_01ff7_n3KiNHZR9pe2LJofkttSPj6J/310x430/1772093124.webp?s=78606bbaba774830645cfc9fdd049f249e31d152,8,5
Occhiali Prada,63.7,Prada,0,https://www.vinted.it/items/8263107356-occhiali-prada?referrer=catalog,0,8263107356,Sold,01/03/2026 05:31:20,,https://images1.vinted.net/t/06_02576_iCyNyAXbAmMwtTVHPYRZaKs4/310x430/1772092536.webp?s=bb03af39c100add7e8b9570f8830b60fc08779fc,8,5
occhiali sole  PRADA 2025,189.7,Prada,0,https://www.vinted.it/items/8263098808-occhiali-sole-prada-2025?referrer=catalog,7,8263098808,Sold,01/03/2026 05:31:20,,https://images1.vinted.net/t/01_01851_rYKm4Avah6HWpVQThHJ6YtxG/310x430/1772092395.webp?s=c83eb47b22f7772bac834a6d601a9e55b4102aa2,8,5
Occhiale da vista Prada,142.45,Prada,0,https://www.vinted.it/items/8263042200-occhiale-da-vista-prada?referrer=catalog,13,8263042200,Sold,01/03/2026 05:31:20,,https://images1.vinted.net/t/05_0065e_jqps4hdYZwy5fRY1LF6iw8JF/310x430/1772091405.webp?s=55e6095ce6275f7c61371ef2743346ecfd759060,8,5
Giubbotto prada,612.0,Prada,M / IT 42 / EU 38,https://www.vinted.it/items/8263039658-giubbotto-prada?referrer=catalog,3,8263039658,Sold,01/03/2026 05:31:20,,https://images1.vinted.net/t/04_00dd9_pPwAyd4JYCh1SkoE3ZBF8fdJ/310x430/1772091356.webp?s=e3a14d11eba60b18667b421e39766e954a7e6cb6,8,5
Occhiale Prada,168.7,Prada,0,https://www.vinted.it/items/8263035087-occhiale-prada?referrer=catalog,3,8263035087,Sold,01/03/2026 05:31:20,,https://images1.vinted.net/t/06_01e7e_BGjHw2745byiqTsg7GPnUfPx/310x430/1772091271.webp?s=63c2c2bddb1b00b76f4f52edf4e5c2de55310040,8,5
Occhiali da sole Prada,147.7,Prada,0,https://www.vinted.it/items/8263017918-occhiali-da-sole-prada?referrer=catalog,7,8263017918,Sold,01/03/2026 05:31:20,,https://images1.vinted.net/t/06_00997_7aoDbwzym3SA6wAKzsRmV792/310x430/1772090933.webp?s=930cd66b5441dadbe019ed129c889fdfff51f93b,8,5
Profumo Prada,42.7,Prada,0,https://www.vinted.it/items/8262848678-profumo-prada?referrer=catalog,6,8262848678,Sold,01/03/2026 05:31:20,,https://images1.vinted.net/t/03_01105_3PmVFWNb87xKoshBYL77E9LW/310x430/1772085420.webp?s=3fb201ff3bba9d7e76d832c63461a34bdeb4f34a,8,5
Montatura occhiali,47.95,Prada,0,https://www.vinted.it/items/8259344862-montatura-occhiali?referrer=catalog,2,8259344862,Sold,01/03/2026 05:31:20,,https://images1.vinted.net/t/04_0110b_EMYt84ZZpYPbbiaigJW84vhF/310x430/1772032454.webp?s=743600653c661755f3a8d5cae5c8dd345a0601d9,8,5
Prada,1.836,Prada,0,https://www.vinted.it/items/8260005747-prada?referrer=catalog,2,8260005747,Sold,01/03/2026 05:31:20,,https://images1.vinted.net/t/05_00fd4_bJK7ZhfAyRgYSsJDaDvMsAxE/310x430/1772036951.webp?s=f5421c514036c5b41369a85d40b904fd96c87f63,8,5
Occhiale da sole Prada,100.45,Prada,0,https://www.vinted.it/items/8262646769-occhiale-da-sole-prada?referrer=catalog,54,8262646769,Sold,01/03/2026 05:31:20,,https://images1.vinted.net/t/05_01ec4_hPVRJFohxcqKPcZDFdFpEMoh/310x430/1772062184.webp?s=f71e1e0a5110f0ddb491b95d33180e79521826cf,8,5
Felpa Prada,74.2,Sempre,M,https://www.vinted.it/items/8261617513-felpa-prada?referrer=catalog,3,8261617513,Sold,01/03/2026 05:31:20,,https://images1.vinted.net/t/06_0154e_CJ3dBUG1aArDGw46BAf312YM/310x430/1772049069.webp?s=329a341cdf59b3d66fcb53b42088bc8b46013593,8,5
Borse Prada,918.0,Prada,0,https://www.vinted.it/items/8262621792-borse-prada?referrer=catalog,1,8262621792,Sold,01/03/2026 05:31:20,,https://images1.vinted.net/t/04_0021e_zsTwF7TrFPyHRYMdzoNNKua1/310x430/1772061300.webp?s=9754ebb2db3c1ddff18d1d52747ac46735132683,8,5
Scatola Prada,9.1,Prada,0,https://www.vinted.it/items/8262453697-scatola-prada?referrer=catalog,0,8262453697,Sold,01/03/2026 05:31:20,,https://images1.vinted.net/t/04_0127d_pf6iHTSxbmzYeGmYvBXz9YmH/310x430/1772057531.webp?s=78afa27bc430a2b3e6e12eb23d4ddc466304de78,8,5
Scarpe Prada,612.0,Prada,43,https://www.vinted.it/items/8262424907-scarpe-prada?referrer=catalog,3,8262424907,Sold,01/03/2026 05:31:20,,https://images1.vinted.net/t/05_0115f_yLEdUznLSRVo3BdxNzeeJ379/310x430/1772057082.webp?s=b1dc1d116886cf3601d140116ed147d6b02dfc9a,8,5
Coppia di calici Prada,315.7,Prada,0,https://www.vinted.it/items/8262382597-coppia-di-calici-prada?referrer=catalog,2,8262382597,Sold,01/03/2026 05:31:20,,https://images1.vinted.net/t/05_000b9_trvqR4EvBgyamHM8DvJj92Ux/310x430/1772056461.webp?s=937c8511e4245dd569a7572e28a2f0254c0e52fc,8,5
Spilla Prada,137.2,Prada,0,https://www.vinted.it/items/8262344621-spilla-prada-accessorio-per-capo-di-abbigliamento?referrer=catalog,9,8262344621,Sold,01/03/2026 05:31:20,,https://images1.vinted.net/t/06_01b2c_7F3aRnusemrfSxMbvVo669MU/310x430/1772055941.webp?s=34a9e42351ac70624787af93e11595d06be1172d,8,5
Portafoglio Prada,510.0,Prada,0,https://www.vinted.it/items/8262307068-portafoglio-prada?referrer=catalog,0,8262307068,Sold,01/03/2026 05:31:20,,https://images1.vinted.net/t/06_0108d_PmVR4RzzHch3BXFqXnWKEcze/310x430/1772055465.webp?s=13cdb889627532a18b13bb9c10afb0badf74b7b7,8,5
Occhiali da sole PRADA donna – come,315.7,Prada,0,https://www.vinted.it/items/8262295731-occhiali-da-sole-prada-donna-come?referrer=catalog,0,8262295731,Sold,01/03/2026 05:31:20,,https://images1.vinted.net/t/04_015cf_MHZs6qcSN94Z4QzM7tcjtJxj/310x430/1772055478.webp?s=56fdb554d98bc8e1cecebceed583534ec9e07a4b,8,5
Sabot Prada Saten,347.2,Prada,37.5,https://www.vinted.it/items/8262262845-sabot-prada-saten?referrer=catalog,87,8262262845,Sold,01/03/2026 05:31:20,,https://images1.vinted.net/t/06_01ed3_MkB9GchfzY8YEaJhVomLtwox/310x430/1772054936.webp?s=a30779eee1c459cabf8eb716b777622b8bdae6dd,8,5
Prada miniatura di profumo,14.35,Prada,0,https://www.vinted.it/items/8262231298-prada-miniatura-di-profumo?referrer=catalog,2,8262231298,Sold,01/03/2026 05:31:20,,https://images1.vinted.net/t/05_011e8_oUjngMAR24dQPCettz6VjKnV/310x430/1772054574.webp?s=523e0363d941863eaf8d47c71924409b9b2daf92,8,5
Profumo Prada 100ml,81.54,Prada,0,https://www.vinted.it/items/8262225869-profumo-prada-100ml?referrer=catalog,2,8262225869,Sold,01/03/2026 05:31:20,,https://images1.vinted.net/t/01_002a1_eqehUeoE8wDCyLJU5y6sYX9V/310x430/1772054514.webp?s=3607b19eabc15131f74c82c11038d18fbc1e65a9,8,5
Prada Milano Scarpa in camoscio e pelle,104.65,Prada,38,https://www.vinted.it/items/8262111925-prada-milano-scarpa-in-camoscio-e-pelle?referrer=catalog,1,8262111925,Sold,01/03/2026 05:31:20,,https://images1.vinted.net/t/05_01a41_vJSU2xaJjf2eLTDukH36V7hS/310x430/1772053345.webp?s=a6fdf4dcc4bd2dd20ebc54d47a9d48f308286fc5,8,5
Pochette Prada,368.2,Prada,0,https://www.vinted.it/items/8262107656-pochette-prada?referrer=catalog,8,8262107656,Sold,01/03/2026 05:31:20,,https://images1.vinted.net/t/06_00aa4_q2x5MoQZPYxheBHfnAGY8sju/310x430/1772053304.webp?s=0aa1f08170566533fcad66bdb5de54279ef3507d,8,5
Borsa Prada,561.0,Prada,0,https://www.vinted.it/items/8230068547-borsa-prada?referrer=catalog,1,8230068547,Sold,01/03/2026 05:31:20,,https://images1.vinted.net/t/06_009b6_qdRgLQgj2Qdca37LfrVNHodQ/310x430/1771706933.webp?s=962f53c29ceef6750ff2e4e3c0def3c2ed2154e2,8,5
borsello prada,74.2,Footkorner,0,https://www.vinted.it/items/8261996706-borsello-prada?referrer=catalog,16,8261996706,Sold,01/03/2026 05:31:20,,https://images1.vinted.net/t/05_01a91_1Bgp1Y5CttQDyoRY6Y8DvpQ7/310x430/1772052278.webp?s=25a2d4ee83843ba3292280237d7dff686b790948,8,5
felpa prada,23.8,Footkorner,XL,https://www.vinted.it/items/8261981268-felpa-prada?referrer=catalog,1,8261981268,Sold,01/03/2026 05:31:20,,https://images1.vinted.net/t/01_00ab6_BEsDEApqyDUmru1fsgK35Yy9/310x430/1772052142.webp?s=525c31eb553a903bc3f473088642e50f4dfd0c55,8,5
Prada pochette nylon nera,520.45,Prada,0,https://www.vinted.it/items/8261946505-prada-pochette-nylon-nera?referrer=catalog,2,8261946505,Sold,01/03/2026 05:31:20,,https://images1.vinted.net/t/05_00f09_R8BB9Pe8NtVfwZV4EuYbpHVB/310x430/1772051832.webp?s=1ccc06e66baf3417c35b526f30b1c6f9f0d9718d,8,5
Borsa Prada,816.0,Prada,0,https://www.vinted.it/items/8261819558-borsa-prada?referrer=catalog,45,8261819558,Sold,01/03/2026 05:31:20,,https://images1.vinted.net/t/06_0171f_G74T3PANXBuFxzZ6pLL4c1gW/310x430/1772050738.webp?s=b7edd73851f6a24ef6d19def7a70eec339a4fd90,8,5
Cinta per tracolla,74.2,Prada,Regolabile,https://www.vinted.it/items/8260370039-cinta-per-tracolla?referrer=catalog,1,8260370039,Sold,01/03/2026 05:31:20,,https://images1.vinted.net/t/04_023d5_6QXmLa3qRYvRYwBR5BDpGmbj/310x430/1772039442.webp?s=5433e18777aa18a1fd9abf683a25a426c71a5560,8,5
Prada custodia,18.55,Prada,0,https://www.vinted.it/items/8261700547-prada-custodia?referrer=catalog,2,8261700547,Sold,01/03/2026 05:31:20,,https://images1.vinted.net/t/01_01712_HZHs3CaiFXPAkzVHZyqVbF1W/310x430/1772049748.webp?s=0675aa45d927f3c530286199ea28f1a526781917,8,5
Occhiali da sole,74.2,Prada,0,https://www.vinted.it/items/8261664973-occhiali-da-sole?referrer=catalog,1,8261664973,Sold,01/03/2026 05:31:20,,https://images1.vinted.net/t/05_026de_xPgtCVL5ELxyY34YvdtTTtpa/310x430/1772049456.webp?s=226dbab2333b86aac5f488fce32b0c3e20ce988a,8,5
Sneaker Prada,368.2,Prada,37.5,https://www.vinted.it/items/8261615452-sneaker-prada?referrer=catalog,0,8261615452,Sold,01/03/2026 05:31:20,,https://images1.vinted.net/t/05_00edc_HnEKi1x2b7ZCEYQrw6mP5pRz/310x430/1772049052.webp?s=bc3cb1a767575c022b2a408d6ba508e9969b7a92,8,5
Set due scatole Prada per le scarpe. Vedi misure sotto!,15.4,Prada,0,https://www.vinted.it/items/8261608613-set-due-scatole-prada-per-le-scarpe-vedi-misure-sotto?referrer=catalog,2,8261608613,Sold,01/03/2026 05:31:20,,https://images1.vinted.net/t/01_01c4e_iZcW8ZKGcELHXnqmnrgcXE5k/310x430/1772048997.webp?s=d032f7e0b28bc6ff0081067d23da35c024132d6f,8,5
Prada Portafoglio,74.2,Prada,0,https://www.vinted.it/items/8260202292-prada-portafoglio?referrer=catalog,6,8260202292,Sold,01/03/2026 05:31:20,,https://images1.vinted.net/t/04_02083_3iX4w3eQcbfZeLziWfyxuytf/310x430/1772038284.webp?s=ee21ed0a310fd6da3dc13f3b7768ef50fda16411,8,5
Stivali Chelsea in pelle,867.0,Prada,42,https://www.vinted.it/items/8261490947-stivali-chelsea-in-pelle?referrer=catalog,3,8261490947,Sold,01/03/2026 05:31:20,,https://images1.vinted.net/t/04_0225a_M3ur2XtZLfxoMqU3N2n7eB68/310x430/1772048055.webp?s=c0227e954c8c64774a384b5b92e7e0c517a627bc,8,5
Occhiali da sole PRADA,95.2,Prada,0,https://www.vinted.it/items/8261478819-occhiali-da-sole-prada?referrer=catalog,2,8261478819,Sold,01/03/2026 05:31:20,,https://images1.vinted.net/t/01_021e5_GpT7bie3M2JKrcHgKbt9thwC/310x430/1772047958.webp?s=ef7153d51aa522005c83e46754baa02df60b0204,8,5
Occhiali sole donna Prada,95.2,Prada,0,https://www.vinted.it/items/8261443533-occhiali-sole-donna-prada?referrer=catalog,4,8261443533,Sold,01/03/2026 05:31:20,,https://images1.vinted.net/t/03_02047_Xaq1YDLQtWu7PeZweky5o73h/310x430/1772047678.webp?s=710db04fac7781b0a4cb04f231c4985bc0af8f97,8,5
Occhiali da sole Prada prima linea nero,105.7,Prada,0,https://www.vinted.it/items/8261432437-occhiali-da-sole-prada-prima-linea-nero?referrer=catalog,0,8261432437,Sold,01/03/2026 05:31:20,,https://images1.vinted.net/t/01_01101_4CSAiyBfEJ1zPMFwaWEApFNv/310x430/1772047588.webp?s=994844260f5f960b847090e2f50f2edfe155759a,8,5
Prada,13.3,Prada,0,https://www.vinted.it/items/8261399818-prada?referrer=catalog,5,8261399818,Sold,01/03/2026 05:31:20,,https://images1.vinted.net/t/01_00a39_PugvENF7X3bFHBER3GCXaUoT/310x430/1772047329.webp?s=08952b9f8003a323ac9963121930e669fecb04ac,8,5
cardigan prada,273.7,Prada,S,https://www.vinted.it/items/8261381432-cardigan-prada?referrer=catalog,0,8261381432,Sold,01/03/2026 05:31:20,,https://images1.vinted.net/t/06_00137_zBJbfWWi9kTQPxLGUcW7etim/310x430/1772047183.webp?s=bef80427b1236be47cf4bb646d3e2a6b6f00e7f2,8,5
Pantaloni Prada in pelle,368.2,Prada,M / IT 42 / EU 38,https://www.vinted.it/items/8261195187-pantaloni-prada-in-pelle?referrer=catalog,14,8261195187,Sold,01/03/2026 05:31:20,,https://images1.vinted.net/t/06_01480_YVtCQnBQueyvpFmCRXmiekmr/310x430/1772178184.webp?s=3aad7f22fa2ff773ffdfc7f0ca805a06f546c599,8,5
Giacca vintage donna Prada in lana vergine 100% Taglia 42,263.2,Prada,S / IT 40 / EU 36,https://www.vinted.it/items/8258021636-giacca-vintage-donna-prada-in-lana-vergine-100-taglia-42?referrer=catalog,3,8258021636,Sold,01/03/2026 05:31:20,,https://images1.vinted.net/t/04_018da_1EBdtkmHBToR7Lhr2Eev1xJr/310x430/1772023285.webp?s=4ceb68c70f296bc0036f28bc19f054bfe88135a3,8,5
Sabot Prada. Sandali.,315.7,Prada,38,https://www.vinted.it/items/8261088507-sabot-prada-sandali?referrer=catalog,5,8261088507,Sold,01/03/2026 05:31:20,,https://images1.vinted.net/t/01_0194e_f1k9pLMDMGyXz9k3kwAqxAby/310x430/1772044858.webp?s=f60b2e0e52a0b9cdbeb0a615edbdcc809c3e4e2d,8,5
Stivali alti neri stile Prada con taschino,41.65,Nero,38,https://www.vinted.it/items/8261087143-stivali-alti-neri-stile-prada-con-taschino?referrer=catalog,0,8261087143,Sold,01/03/2026 05:31:20,,https://images1.vinted.net/t/05_023d9_8gdTPk9BAzdacJewPhAwfoQ2/310x430/1772044848.webp?s=6b7bb58ac979d36aa93134da10423b238b34659d,8,5
Occhiali da sole prada,105.7,Prada,0,https://www.vinted.it/items/8261048139-occhiali-da-sole-prada?referrer=catalog,0,8261048139,Sold,01/03/2026 05:31:20,,https://images1.vinted.net/t/06_004ba_o4o4dfQFGh6baUu9iZ5YPLZy/310x430/1772044543.webp?s=74cd5a72ac0020e838c5bcfccd1b7b6006041114,8,5
Porta carte Prada-originale,56.88,Prada,0,https://www.vinted.it/items/8259541919-porta-carte-prada-originale?referrer=catalog,2,8259541919,Sold,01/03/2026 05:31:20,,https://images1.vinted.net/t/06_00c67_wUxA8ek4Su8uWN5JwSC1cBMt/310x430/1772033818.webp?s=1bc9acca39c280ffa60a8871f542e43e3d267e34,8,5
Libro sfilate Prada,42.7,No brand,0,https://www.vinted.it/items/8260933905-libro-sfilate-prada?referrer=catalog,27,8260933905,Sold,01/03/2026 05:31:20,,https://images1.vinted.net/t/05_01e50_nVHSFKtgoazXoRS7s3SbahX8/310x430/1772043651.webp?s=94d50ebdef99064738f75f0044ec7cc6ba970124,8,5
Scatola Prada con garanzia bracciale,32.2,Prada,0,https://www.vinted.it/items/8260908006-scatola-prada-con-garanzia-bracciale?referrer=catalog,0,8260908006,Sold,01/03/2026 05:31:20,,https://images1.vinted.net/t/04_024e2_JaNxe1b2QEJ6sxNwLPeSFL7V/310x430/1772043452.webp?s=901571a852ab67743a5237cacf2dc07aae95b905,8,5
Tazza termica Prada,47.95,Prada,0,https://www.vinted.it/items/8260770415-tazza-termica-prada?referrer=catalog,28,8260770415,Sold,01/03/2026 05:31:20,,https://images1.vinted.net/t/05_0139d_TEBkX3nzFG3DnjkXmHHhHzn2/310x430/1772042392.webp?s=5e6ab3c8023c51b282254121bcb4069f55c8a0fb,8,5
Gonna tg S Prada plissettata nylon nera lucida lunga chiusura laterale logo cintura,1.224,Prada,S / IT 40 / EU 36,https://www.vinted.it/items/8260709511-gonna-tg-s-prada-plissettata-nylon-nera-lucida-lunga-chiusura-laterale-logo-cintura?referrer=catalog,11,8260709511,Sold,01/03/2026 05:31:20,,https://images1.vinted.net/t/03_01ca6_Bn8iHkPc55coThh1ex1Nno7y/310x430/1772041925.webp?s=0967a0cb9d45cfcb4711e09f62a6e6d414258bfe,8,5
Abitino bimba,28.0,Agatha Ruiz de la Prada,3 anni / 98 cm,https://www.vinted.it/items/8260671747-abitino-bimba?referrer=catalog,8,8260671747,Sold,01/03/2026 05:31:20,,https://images1.vinted.net/t/05_01497_DE2eiGYqr52eGtBd6BH6bKDe/310x430/1772041638.webp?s=8d4119734a2054276875418e4624b28084662ecf,8,5
Vestitino bimba,28.0,agatha ruiz de la prada baby,4 anni / 104 cm,https://www.vinted.it/items/8260646144-vestitino-bimba?referrer=catalog,2,8260646144,Sold,01/03/2026 05:31:20,,https://images1.vinted.net/t/06_00590_9yYyrtBMfo9aAm1XswYqr1GU/310x430/1772041445.webp?s=5c08dd69c03150d5b746dcd67ca8e86426cc20f7,8,5
Vestitino bimba,26.95,Agatha Ruiz de la Prada,4 anni / 104 cm,https://www.vinted.it/items/8260633142-vestitino-bimba?referrer=catalog,3,8260633142,Sold,01/03/2026 05:31:20,,https://images1.vinted.net/t/05_01e4a_iJX7zY9e6ZQBuWKuGX3WMzJg/310x430/1772041348.webp?s=a6791091942826e9e7b307516ed9007480963a77,8,5
libri,179.2,Dior,0,https://www.vinted.it/items/8260528375-libri?referrer=catalog,0,8260528375,Sold,01/03/2026 05:31:20,,https://images1.vinted.net/t/06_01128_TYf4katurWmLKRdkM51gbtiA/310x430/1772040571.webp?s=965cd6b2f159b56c1ab51a841f97e0ec5485fa0d,8,5
Collana Prada,168.7,Prada,0,https://www.vinted.it/items/8260468081-collana-prada?referrer=catalog,2,8260468081,Sold,01/03/2026 05:31:20,,https://images1.vinted.net/t/01_00dec_zbdYBoZcPG1q1gDM9YuZ9ubb/310x430/1772040135.webp?s=90646381c1e844af096365134d249797c03d2eca,8,5
Fermaglio Prada,158.2,Prada,0,https://www.vinted.it/items/8260454412-fermaglio-prada?referrer=catalog,0,8260454412,Sold,01/03/2026 05:31:20,,https://images1.vinted.net/t/03_00a83_oB6YcSapbtQm5fS371eAJJi8/310x430/1772040038.webp?s=2498bf554ba1c38d44c1e1e2740d284cfc18e02b,8,5
Portafogli,273.7,Prada,0,https://www.vinted.it/items/8260445169-portafogli?referrer=catalog,1,8260445169,Sold,01/03/2026 05:31:20,,https://images1.vinted.net/t/05_0012b_2Ho7B3iWzVEMnPJ4fvgoeNT9/310x430/1772039971.webp?s=e7e74a42aa5682f34a58fb8ce9ab5212271df853,8,5
Fermaglio Prada,158.2,Prada,0,https://www.vinted.it/items/8260446061-fermaglio-prada?referrer=catalog,0,8260446061,Sold,01/03/2026 05:31:20,,https://images1.vinted.net/t/05_01b13_YBYXnxD28Wpjx9EPjKFmS3DH/310x430/1772039977.webp?s=0af220d0a558b086a66c2fda4bae648c3d300705,8,5
Fermaglio Prada,158.2,Prada,0,https://www.vinted.it/items/8260421043-fermaglio-prada?referrer=catalog,0,8260421043,Sold,01/03/2026 05:31:20,,https://images1.vinted.net/t/01_005e5_ii9wHhERAmV7RBR5T2YTBufj/310x430/1772039801.webp?s=e3dd72b89210fa493b51251950f58610bc6ac183,8,5
Occhiali donna,158.2,PRADA MILANO,0,https://www.vinted.it/items/8260417896-occhiali-donna?referrer=catalog,0,8260417896,Sold,01/03/2026 05:31:20,,https://images1.vinted.net/t/06_01903_EQ7ymTdRo69ZgKvfAFvUaFi7/310x430/1772039778.webp?s=b0c9607fa0cee0e5a615f48d54ee58b1cec05231,8,5
Fermaglio Prada,158.2,Prada,0,https://www.vinted.it/items/8260413474-fermaglio-prada?referrer=catalog,0,8260413474,Sold,01/03/2026 05:31:20,,https://images1.vinted.net/t/06_00781_AJr5LaWtKtkNt1ng2LGmc5yr/310x430/1772039747.webp?s=1147e4f1d568c0fec2cd720d53dd1a5ce0bde45f,8,5
Fermaglio Prada,158.2,Prada,0,https://www.vinted.it/items/8260403328-fermaglio-prada?referrer=catalog,0,8260403328,Sold,01/03/2026 05:31:20,,https://images1.vinted.net/t/06_0020a_rBw8XtAnGVHMfg7HpRg5JpYr/310x430/1772039676.webp?s=4442ea44d10f905ad50575389c43d8ed48138210,8,5
Prada gonna nera vita alta tg 46,105.7,Prada,XL / IT 46 / EU 42,https://www.vinted.it/items/8260322655-prada-gonna-nera-vita-alta-tg-46?referrer=catalog,1,8260322655,Sold,01/03/2026 05:31:20,,https://images1.vinted.net/t/04_01b63_zjHK6389492cKbxD8NM3NhGg/310x430/1772039110.webp?s=fe6896998c163b3b231455df829870c0e9e1f643,8,5
Stivale alla coscia Prada,473.2,Prada,35.5,https://www.vinted.it/items/8260297107-stivale-alla-coscia-prada?referrer=catalog,2,8260297107,Sold,01/03/2026 05:31:20,,https://images1.vinted.net/t/06_0008d_wRi8fMn8frztT9VX3fnRwtDQ/310x430/1772038933.webp?s=129e0124f1c2b349df16bf024edc5775c3741839,8,5
Cappotto limite edition Prada,999.6,Prada,M / IT 42 / EU 38,https://www.vinted.it/items/8260281538-cappotto-limite-edition-prada?referrer=catalog,9,8260281538,Sold,01/03/2026 05:31:20,,https://images1.vinted.net/t/05_01392_mA5e7fdh3mzi1kgyKgXTVymV/310x430/1772038827.webp?s=10bdbdf72a435d18f759545a806bfcca8eee2f2b,8,5
T-shirt Prada,315.7,Prada,M,https://www.vinted.it/items/8260237050-t-shirt-prada?referrer=catalog,5,8260237050,Sold,01/03/2026 05:31:20,,https://images1.vinted.net/t/01_00b95_6LCA7CWwwcMuT6GZpTEvhF5u/310x430/1772038522.webp?s=d37af73664f221533aafaebbe26a5cac9b21c307,8,5
Set completo t-shirt e pantaloncino Agata Ruitz de la Prada,12.25,Agatha Ruiz de la Prada,18-24 mesi / 86 cm,https://www.vinted.it/items/8259250490-set-completo-t-shirt-e-pantaloncino-agata-ruitz-de-la-prada?referrer=catalog,2,8259250490,Sold,01/03/2026 05:31:20,,https://images1.vinted.net/t/06_0206b_wRuxR7NVfkmFZbRWnxoYLc5D/310x430/1772031796.webp?s=2302fb95dd0277699d6839abeaa9dffd01cd59fa,8,5
Olfactories-Un Chantilly d’ Amour edp 100 ml,126.7,Prada,0,https://www.vinted.it/items/8259234317-olfactories-un-chantilly-d-amour-edp-100-ml?referrer=catalog,3,8259234317,Sold,01/03/2026 05:31:20,,https://images1.vinted.net/t/06_007e7_RQVAgHFHzCMh4H4m2aje98hi/310x430/1772053399.webp?s=7537b1fc73330246de05637dd9a86aa2931b71a5,8,5
Pantalone Prada nero; taglia 40ITA,76.3,Prada,S / IT 40 / EU 36,https://www.vinted.it/items/8259224342-pantalone-prada-nero-taglia-40ita?referrer=catalog,4,8259224342,Sold,01/03/2026 05:31:20,,https://images1.vinted.net/t/05_0142a_iXei8oPiDda3MnrmudYcyfrw/310x430/1772031615.webp?s=56364e24976a982d9b3164b631a51c68a9b3f65c,8,5
Gonna prada,189.7,Prada,M / IT 42 / EU 38,https://www.vinted.it/items/8259220058-gonna-prada?referrer=catalog,9,8259220058,Sold,01/03/2026 05:31:20,,https://images1.vinted.net/t/01_012d8_Hdgv3ujA4u4YhMAmwGr26cMW/310x430/1772031586.webp?s=edd33f000e2bbccd3ca64414e398f7d6654ff710,8,5
occhiali da sole Prada,189.7,Prada,0,https://www.vinted.it/items/8259197772-occhiali-da-sole-prada?referrer=catalog,1,8259197772,Sold,01/03/2026 05:31:20,,https://images1.vinted.net/t/06_009cc_1Bz7zrkMZmoysyqecTej2W2j/310x430/1772031432.webp?s=d1adfa658bbe8054c6a1b4a7a59d0bd741686dee,8,5
Prada taille 42,630.7,Prada,42,https://www.vinted.it/items/8276525973-prada-taille-42?referrer=catalog,3,8276525973,Sold,01/03/2026 05:31:46,,https://images1.vinted.net/t/05_02416_2pGiP34UhrQeGBUtuk5hXMpU/310x430/1772240623.webp?s=d0506ae4b24d526b15f4dfdd9e6e8a814369be81,8,6
Casquette Prada,273.7,Prada,XL,https://www.vinted.it/items/8276521413-casquette-prada?referrer=catalog,23,8276521413,Sold,01/03/2026 05:31:46,,https://images1.vinted.net/t/05_0195c_qNvsM1prdz3mpkXiYtWrXgAk/310x430/1772240210.webp?s=e6d90bd3d9d882a3524f24e7cc037d6dd670dc9f,8,6
Parfum prada,11.2,Prada,0,https://www.vinted.it/items/8276503440-parfum-prada?referrer=catalog,5,8276503440,Sold,01/03/2026 05:31:46,,https://images1.vinted.net/t/06_01f0a_TRStHeDBHGTZKMxAtUtivek1/310x430/1772238837.webp?s=3e55f7109e7427b5805edd915f694792433b5816,8,6
Casquette prada vert menthe,42.7,No brand,M,https://www.vinted.it/items/8276503296-casquette-prada-vert-menthe?referrer=catalog,1,8276503296,Sold,01/03/2026 05:31:46,,https://images1.vinted.net/t/06_00cd3_Z6kH6basketnowJdWH5RfxWS/310x430/1772238828.webp?s=f7f57ae1bda5b6b8e5bf1a2d28711a30447d1001,8,6
Chaussures prada,126.7,Prada,42,https://www.vinted.it/items/8276500487-chaussures-prada?referrer=catalog,11,8276500487,Sold,01/03/2026 05:31:46,,https://images1.vinted.net/t/06_0252d_Kw77iw94Nbc5zVeN9hHAcN8k/310x430/1772238643.webp?s=7b79aa19d3dcda2ccfa49baabe0c26f9049e1dc7,8,6
Lunette Prada,1.75,Prada,0,https://www.vinted.it/items/8276463122-lunette-prada?referrer=catalog,7,8276463122,Sold,01/03/2026 05:31:46,,https://images1.vinted.net/t/03_01ada_pLkdJno1UMwvP8BZcmGBnkjg/310x430/1772325303.webp?s=d366a4b5160eaa4a9dba03c06348ed9e39c8418b,8,6
Veste Prada Monochrome Noire Nylon - État Neuf,247.45,Prada,L,https://www.vinted.it/items/8272266397-veste-prada-monochrome-noire-nylon-etat-neuf?referrer=catalog,3,8272266397,Sold,01/03/2026 05:31:46,,https://images1.vinted.net/t/06_00a71_XYx3NbbpVTtqDoH89NPzUiDZ/310x430/1772197905.webp?s=85fadccffe8ee862dde5d86da08390e0c67a6cde,8,6
Veste Prada Bi-matière Nylon et Molleton Zippée,247.45,Prada,M,https://www.vinted.it/items/8272244841-veste-prada-bi-matiere-nylon-et-molleton-zippee?referrer=catalog,5,8272244841,Sold,01/03/2026 05:31:46,,https://images1.vinted.net/t/05_01bda_7KvCtCwmWN7hHvpyqfNN3Dqw/310x430/1772197747.webp?s=213b6bb930dd0d648c7cf4fd4c710492e8b99714,8,6
Livres lookbook Prada 2025 sous blister,42.7,Prada,0,https://www.vinted.it/items/8275587473-livres-lookbook-prada-2025-sous-blister?referrer=catalog,10,8275587473,Sold,01/03/2026 05:32:12,,https://images1.vinted.net/t/04_0036a_PUqsWpE2pxV8Hiv29rVgV1WW/310x430/1772222995.webp?s=33464f536710bc50a677eb4645a356dfa53a2b8a,8,7
Parfum Paradoxe Prada femme,68.95,Prada,0,https://www.vinted.it/items/8274088069-parfum-paradoxe-prada-femme?referrer=catalog,6,8274088069,Sold,01/03/2026 05:32:36,,https://images1.vinted.net/t/05_011d4_E9yCPbCBsPUUat5YcNhtmLcd/310x430/1772210643.webp?s=2f0bcc1ebaf868fdff757d0a0f81bd04c3e3b3e8,8,8
Prada paradigme,86.8,Prada,0,https://www.vinted.it/items/8274067549-prada-paradigme?referrer=catalog,0,8274067549,Sold,01/03/2026 05:32:36,,https://images1.vinted.net/t/05_0010f_FSb4sQTAUDLn36Vk4KMLAnvH/310x430/1772270116.webp?s=74b7de71906596ee708cc02939dbce34772eaea2,8,8
Prada Sonnenbrille PR 17WS 1AB5SO - Neu & ungetragen,168.7,Prada,0,https://www.vinted.it/items/8274063604-prada-sonnenbrille-pr-17ws-1ab5so-neu-ungetragen?referrer=catalog,10,8274063604,Sold,01/03/2026 05:32:36,,https://images1.vinted.net/t/05_006e9_z7uzFfqH473agYuwyy3LwxTq/310x430/1772210420.webp?s=1b40172af82ef143bcc18011d3a4b6822e9f8377,8,8
Prada paradoxe,40.6,Prada,0,https://www.vinted.it/items/8274063359-prada-paradoxe?referrer=catalog,6,8274063359,Sold,01/03/2026 05:32:36,,https://images1.vinted.net/t/06_02292_qQHdWdkHsoi42CuqSrVuutKs/310x430/1772210418.webp?s=71c7b863235e4f134e34fca1cbed9c21770e3da4,8,8
PRADA 24ZS Caramel Tortoise sunglasses,105.7,Prada,0,https://www.vinted.it/items/8274055745-prada-24zs-caramel-tortoise-sunglasses?referrer=catalog,2,8274055745,Sold,01/03/2026 05:32:36,,https://images1.vinted.net/t/06_02421_BTLRaH46zjX4yZZ85QYM9SUK/310x430/1772210363.webp?s=47280e4a7a4844c589372612556b59e685406790,8,8
Pochette prada,28.0,Prada,0,https://www.vinted.it/items/8274048039-pochette-prada?referrer=catalog,1,8274048039,Sold,01/03/2026 05:32:36,,https://images1.vinted.net/t/06_01cbb_xVkwqf2eqUXTAixMgNjmVcf6/310x430/1772210308.webp?s=297bc7bf47bb93843b6f3fcd674cdca0d0e17d26,8,8
Prada cup,126.7,Prada,44,https://www.vinted.it/items/8274040487-prada-cup?referrer=catalog,7,8274040487,Sold,01/03/2026 05:32:36,,https://images1.vinted.net/t/05_00998_TWyDEQJPYCoUaHL7rw7KjBXE/310x430/1772210254.webp?s=88a0c503132b14dbe8525e6393233f398501469b,8,8
Doudoune prada original,420.7,Prada,M,https://www.vinted.it/items/8274025645-doudoune-prada-original?referrer=catalog,34,8274025645,Sold,01/03/2026 05:32:36,,https://images1.vinted.net/t/03_0179b_TSvqi2USSSPyrvHrFXy8Bdro/310x430/1772210150.webp?s=d0d849ac011ca8c0447bce6a10b9ce83e75b49b7,8,8
Prada paradoxe,40.6,Prada,0,https://www.vinted.it/items/8274021694-prada-paradoxe?referrer=catalog,6,8274021694,Sold,01/03/2026 05:32:36,,https://images1.vinted.net/t/05_020fa_PNWREg4vqwUBMNJ5qKHR765i/310x430/1772210123.webp?s=9d8323530afe80c83c6a16d0ba867183ec34263f,8,8
Portachiavi Prada Saffiano Oro in pelle color bronzo,263.19,Prada,0,https://www.vinted.it/items/8274019257-portachiavi-prada-saffiano-oro-in-pelle-color-bronzo-nuovo-con-confezione?referrer=catalog,0,8274019257,Sold,01/03/2026 05:32:36,,https://images1.vinted.net/t/05_014e9_Mf4tJm824YQsPPTbLBDfFyyM/310x430/1772210106.webp?s=97395ecd0538701e236635508793706166b16edd,8,8
Prada cup top qualité neuve  🥇envoi express 2j,147.7,Prada,44,https://www.vinted.it/items/8274018681-prada-cup-top-qualite-neuve-envoi-express-2j?referrer=catalog,5,8274018681,Sold,01/03/2026 05:32:36,,https://images1.vinted.net/t/06_0021b_Z4J3e5hPFyVJsXQEUXXJ6G7v/310x430/1772210102.webp?s=d7a63c4360844c758297452bd082ab81d6dbe351,8,8
Prada Candy parfum,58.45,Prada,0,https://www.vinted.it/items/8274007471-prada-candy-parfum?referrer=catalog,2,8274007471,Sold,01/03/2026 05:32:36,,https://images1.vinted.net/t/06_014cf_DHjuzQd8RAxrsenL9AP7zfR3/310x430/1772210023.webp?s=6c1bcc5580cc4bc4f37b5bb26a6ff5f4a3183f82,8,8
Lot de 3 paires de socquettes neuves Agatha Ruiz de la Prada 36/39,10.15,Agatha Ruiz de la Prada,37-39,https://www.vinted.it/items/8273946289-lot-de-3-paires-de-socquettes-neuves-agatha-ruiz-de-la-prada-3639?referrer=catalog,0,8273946289,Sold,01/03/2026 05:32:36,,https://images1.vinted.net/t/05_009ba_Zs4GpiLMLCrhdu4hVjc4sDHM/310x430/1772209856.webp?s=ae527f99125a2c86df566afefac5c90d28b68894,8,8
Pantalon taille haute en Re-Nylon,714.0,Prada,XS / IT 38 / EU 34,https://www.vinted.it/items/8273984122-pantalon-taille-haute-en-re-nylon?referrer=catalog,1,8273984122,Sold,01/03/2026 05:32:36,,https://images1.vinted.net/t/04_007cb_S1Cg1tBkRaWSGuJKXhyMaXYz/310x430/1772209857.webp?s=2e23967d7070eb3d741802b69d44e5c97ac72abc,8,8
Basket Sneakers Prada Downtown,473.2,Prada,36.5,https://www.vinted.it/items/8273979905-basket-sneakers-prada-downtown?referrer=catalog,2,8273979905,Sold,01/03/2026 05:32:36,,https://images1.vinted.net/t/04_00f44_qUqD5yQBo62W1qpEsqpgkjau/310x430/1772209827.webp?s=b2bb68cc57fdadc52d10bb3a35e6f14ea9ebde13,8,8
Prada cup top qualité neuve🥇envoi express 2j,147.7,Prada,42,https://www.vinted.it/items/8273976119-prada-cup-top-qualite-neuveenvoi-express-2j?referrer=catalog,7,8273976119,Sold,01/03/2026 05:32:36,,https://images1.vinted.net/t/03_01520_3m2e8koeCf2uhX6RMo8LjZbp/310x430/1772209801.webp?s=f7bb4ed79273532712cd4e1ad2e2d95ec3404640,8,8
Kosmetiktasche,26.95,Prada,0,https://www.vinted.it/items/8273960684-kosmetiktasche?referrer=catalog,0,8273960684,Sold,01/03/2026 05:32:36,,https://images1.vinted.net/t/06_01681_fg1e8UcDrMYfnGX9C8t93VkN/310x430/1772209692.webp?s=e198f0b7113f2e4c677245d69147233bc6b6bed1,8,8
Prada Arqué small,1.836,Prada,0,https://www.vinted.it/items/8273947838-prada-arque-small?referrer=catalog,3,8273947838,Sold,01/03/2026 05:32:36,,https://images1.vinted.net/t/05_0020f_ua8NVQ6NdTV1HeDUa91dU6Rk/310x430/1772209602.webp?s=ccc31a24f1fb1d46d99c50af3dc3e5ebf9d7150e,8,8
DVD Il diavolo veste Prada,5.95,No brand,0,https://www.vinted.it/items/8273945646-dvd-il-diavolo-veste-prada?referrer=catalog,0,8273945646,Sold,01/03/2026 05:32:36,,https://images1.vinted.net/t/05_026f0_iQSF7e9MZEsC7L27a6QQ5mV5/310x430/1772209586.webp?s=df438bd1d743c375b809dabda280acfbdb1eb3ee,8,8
Pochette Prada,315.7,Prada,0,https://www.vinted.it/items/8273941219-pochette-prada?referrer=catalog,1,8273941219,Sold,01/03/2026 05:32:36,,https://images1.vinted.net/t/06_026fa_ffSN4PFJw7mdyKQemddxpuTX/310x430/1772209555.webp?s=8bf6a5d23b10c9b22634eee4252349c45035e53a,8,8
O diabo veste Prada,5.95,No brand,0,https://www.vinted.it/items/8273896537-o-diabo-veste-prada-lauren-weiberger?referrer=catalog,3,8273896537,Sold,01/03/2026 05:32:36,,https://images1.vinted.net/t/01_01bf6_dwP85acYkJieBmLTSyZTnSWH/310x430/1772209244.webp?s=766e4512c6fa734ed88088b8105e5109e29fb671,8,8
Pantaloni PRADA neri,74.2,Prada,S,https://www.vinted.it/items/8273884787-pantaloni-prada-neri?referrer=catalog,12,8273884787,Sold,01/03/2026 05:32:36,,https://images1.vinted.net/t/04_008db_25P2Sr5YznzXK5oGwy47NdMU/310x430/1772209162.webp?s=0ce086433c25260b78c4647036fa649b898aac57,8,8
Prada Hemd Korte Mouwen Zwart,612.0,Prada,M,https://www.vinted.it/items/8273858505-prada-hemd-korte-mouwen-zwart?referrer=catalog,1,8273858505,Sold,01/03/2026 05:32:36,,https://images1.vinted.net/t/06_00cde_C7JBYP97HkbZNsoPZELvv5BX/310x430/1772208979.webp?s=28288769dbeae4d91283472b2fda52acdfde9659,8,8
Prada x Raf Simons Re-Nylon Bomber Jacket,1.5759,Prada,L,https://www.vinted.it/items/8273856570-prada-x-raf-simons-re-nylon-bomber-jacket?referrer=catalog,2,8273856570,Sold,01/03/2026 05:32:36,,https://images1.vinted.net/t/06_023c2_j4MMJjxozjNKPhZqymTQPGjM/310x430/1772208966.webp?s=395ce387c4ab70a3b5d47b4f03d359c34ce93e1a,8,8
Lunette de soleil Prada,137.2,Prada,0,https://www.vinted.it/items/8273844089-lunette-de-soleil-prada?referrer=catalog,3,8273844089,Sold,01/03/2026 05:32:36,,https://images1.vinted.net/t/05_0102e_deBmY2aprT87jJdfdF5qx2Kg/310x430/1772208878.webp?s=46835d76d3857673cd9c807bc5e3771afd4cc6a6,8,8
Bikini mujer agatha ruiz de la prada nuevo,47.95,Agatha Ruiz de la Prada,M / IT 42 / EU 38,https://www.vinted.it/items/8273834815-bikini-mujer-agatha-ruiz-de-la-prada-nuevo?referrer=catalog,2,8273834815,Sold,01/03/2026 05:32:36,,https://images1.vinted.net/t/06_0100b_A7B4ywmvPAcsxP2WwBuxZMLa/310x430/1772208815.webp?s=1a5740163a151572ce3e1904e6d6cd6c3612179e,8,8
Prada Pradoxe virtual flower 50 ml eau de parfum,47.95,Prada,0,https://www.vinted.it/items/8273830229-prada-pradoxe-virtual-flower-50-ml-eau-de-parfum?referrer=catalog,2,8273830229,Sold,01/03/2026 05:32:36,,https://images1.vinted.net/t/05_00bb6_HLEC3RH8kkNtrgptkuR6UPrr/310x430/1772208783.webp?s=9c83c6c502bb9f42f9ace0c7b6548d575cea2926,8,8
Prada polo,95.2,Prada,M,https://www.vinted.it/items/8273802031-prada-polo?referrer=catalog,0,8273802031,Sold,01/03/2026 05:32:36,,https://images1.vinted.net/t/06_014d1_93ZyMM8twZgdSNExbgrup8mp/310x430/1772208589.webp?s=4e23f3501977aadd5000d04a6a7349b320c50f73,8,8
Prada paradigme,86.8,Prada,0,https://www.vinted.it/items/8273795249-prada-paradigme?referrer=catalog,1,8273795249,Sold,01/03/2026 05:32:36,,https://images1.vinted.net/t/05_02615_UAjHGKgo6CJah2W6g8BAHev1/310x430/1772208543.webp?s=d3eca63772b3a5f3a803ce711edfec21dc624e35,8,8
Agenda Prada settimanale 2026,37.45,Prada,0,https://www.vinted.it/items/8273794579-agenda-prada-settimanale-2026?referrer=catalog,2,8273794579,Sold,01/03/2026 05:32:36,,https://images1.vinted.net/t/06_0229d_XNwTr4tYrz7tVihdiuVCmDca/310x430/1772208538.webp?s=8c99dc431acfd8e43b7d85991c879c8b8b92c98c,8,8
Polo prada,11.2,Local,L,https://www.vinted.it/items/8273713169-polo-prada?referrer=catalog,0,8273713169,Sold,01/03/2026 05:32:36,,https://images1.vinted.net/t/01_01831_LFkHts7dTVCEDsazr45jCFSf/310x430/1772208335.webp?s=6f3c7f8e748ec5fcbb6161850870c8860d4b3054,8,8
Prada cup,168.7,Prada,38,https://www.vinted.it/items/8273736540-prada-cup?referrer=catalog,4,8273736540,Sold,01/03/2026 05:32:36,,https://images1.vinted.net/t/06_00279_o51o6dqPVruJeEMwvJ7wJFVK/310x430/1772208140.webp?s=5a1f9869f3365528d517f467bf8f443e113ca062,8,8
Prada 2026 spring sunglasses new,89.95,Prada,0,https://www.vinted.it/items/8273700239-prada-2026-spring-sunglasses-new?referrer=catalog,0,8273700239,Sold,01/03/2026 05:32:36,,https://images1.vinted.net/t/05_02294_QLhFngucdZ2Mw1i2RPvQe2cr/310x430/1772207887.webp?s=58063207f9b45e2530ade0e6aa5451718279699d,8,8
Lunette Prada modèle PR À 06S,252.7,Prada,0,https://www.vinted.it/items/8273672028-lunette-prada-modele-pr-a-06s?referrer=catalog,1,8273672028,Sold,01/03/2026 05:32:36,,https://images1.vinted.net/t/05_01bc2_EfKHwAPswJpXr27hAaCZUzqR/310x430/1772207695.webp?s=7000a2de5ba9b310cf8e0e29812dc734b20e2773,8,8
Occhiali Prada,104.65,Prada,0,https://www.vinted.it/items/8273658829-occhiali-prada?referrer=catalog,7,8273658829,Sold,01/03/2026 05:32:36,,https://images1.vinted.net/t/04_019ac_C6jwy2wgPCVEcjeGpKutpaqm/310x430/1772207604.webp?s=3deee12d97e5844232eb41cc48d7411ce9a7a521,8,8
Perfume Prada paradigms hombre 100 ml,58.45,Prada,0,https://www.vinted.it/items/8245095255-perfume-prada-paradigms-hombre-100-ml?referrer=catalog,0,8245095255,Sold,01/03/2026 05:32:36,,https://images1.vinted.net/t/04_01dec_XLH86pPLHSz8PRVsku5xh1vp/310x430/1771861685.webp?s=52ec44eb37dcf48ee6b95d045f651d182278200d,8,8
cabas prada neuf raffia,1.122,Prada,0,https://www.vinted.it/items/8273561928-cabas-prada-neuf-raffia?referrer=catalog,2,8273561928,Sold,01/03/2026 05:32:36,,https://images1.vinted.net/t/05_00015_QfPqgCe2mPdn2PxqwX7Husmy/310x430/1772206938.webp?s=b27a3f13095b32d6caaee6b4b52d274410f1f852,8,8
Escarpins Prada,284.2,Prada,39,https://www.vinted.it/items/8273556076-escarpins-prada?referrer=catalog,0,8273556076,Sold,01/03/2026 05:32:36,,https://images1.vinted.net/t/06_018b3_4CnzNhg8dQGtfUh2n7tmk1Ae/310x430/1772206898.webp?s=10c54552d84fb4e2c8bc5d8c3709f7345f2296f7,8,8
Prada pochette più detergente viso più crema,42.7,Prada,0,https://www.vinted.it/items/8273533928-prada-pochette-piu-detergente-viso-piu-crema?referrer=catalog,4,8273533928,Sold,01/03/2026 05:32:36,,https://images1.vinted.net/t/01_0066c_Eohw4u4oisPwgqqiXi4sraZt/310x430/1772206742.webp?s=1229d2149f5743e4f1f7d61f0c0d36a53be3f9e2,8,8
Paradoxe Parfum Intense de Prada Femme 90ml rechargeable | sous-blister ~ sac offert,62.65,Prada,0,https://www.vinted.it/items/8273480891-paradoxe-parfum-intense-de-prada-femme-90ml-rechargeable-sous-blister-sac-offert?referrer=catalog,20,8273480891,Sold,01/03/2026 05:32:36,,https://images1.vinted.net/t/01_012a2_NBT1TE7ugT1reVx882mqFdng/310x430/1772206370.webp?s=6a9700077bf9d3cc23882645589769fd5c0e01f8,8,8
Prada America’s Cup,714.0,Prada,40,https://www.vinted.it/items/8273525264-prada-americas-cup?referrer=catalog,2,8273525264,Sold,01/03/2026 05:32:36,,https://images1.vinted.net/t/06_00318_euqPV1TPLqPQeTtnjRSxULcr/310x430/1772206681.webp?s=ca483c74270a377bdff23351d4cddb63d633d5d2,8,8
Maglione Prada,263.2,Prada,XS / IT 38 / EU 34,https://www.vinted.it/items/8273520080-maglione-prada?referrer=catalog,3,8273520080,Sold,01/03/2026 05:32:36,,https://images1.vinted.net/t/05_0168f_i1wLrgsjqEviTGe5Ydj13boc/310x430/1772206646.webp?s=d797173906dad425bf0a93830d76fa04908ff673,8,8
Prada cups black,105.7,Prada,42,https://www.vinted.it/items/8273479988-prada-cups-black?referrer=catalog,18,8273479988,Sold,01/03/2026 05:32:36,,https://images1.vinted.net/t/01_01a1b_Aixby86y5M9jiVKYC7dcJhA1/310x430/1772206363.webp?s=d9d73e8b262279b2e1f09cd6c16d89f38cf3afd1,8,8
Boîtier à lunettes et chiffon de nettoyage Prada,10.15,Prada,0,https://www.vinted.it/items/8273499605-boitier-a-lunettes-et-chiffon-de-nettoyage-prada?referrer=catalog,4,8273499605,Sold,01/03/2026 05:32:36,,https://images1.vinted.net/t/06_019c7_3ndJ5eAXA1TpxVcoauSXdSYj/310x430/1772206501.webp?s=6f3f9d42c82c97e33176e404e273c55184cc0300,8,8
Manteau doudoune noir nylon prada,136.15,No brand,S,https://www.vinted.it/items/8273403402-manteau-doudoune-noir-nylon-prada-taille-s-neuf?referrer=catalog,7,8273403402,Sold,01/03/2026 05:32:36,,https://images1.vinted.net/t/06_01b57_T5REKMM5XprtQAUeB6SaUAW5/310x430/1772205830.webp?s=9d52d6df8d35aa97dca36cda5b40df0ac30bf030,8,8
Occhiali Prada,100.45,Prada,0,https://www.vinted.it/items/8273398986-occhiali-prada?referrer=catalog,2,8273398986,Sold,01/03/2026 05:32:36,,https://images1.vinted.net/t/06_0187a_2sXE46HpxYeRtVWspCzfPgfB/310x430/1772205799.webp?s=422e566c708377466ab8383e2e084bbc05708f18,8,8
Prada cup,142.45,Prada,43,https://www.vinted.it/items/8273338675-prada-cup?referrer=catalog,2,8273338675,Sold,01/03/2026 05:32:36,,https://images1.vinted.net/t/05_00860_RWmnfH9Yp1imBQqiFkZoK34j/310x430/1772205376.webp?s=d0b651c6b3606ae09fcaedbe4f69d075b45e7ec2,8,8
Aceitero y vinagrero,13.3,Agatha Ruiz de la Prada,0,https://www.vinted.it/items/8273316491-aceitero-y-vinagrero?referrer=catalog,25,8273316491,Sold,01/03/2026 05:32:36,,https://images1.vinted.net/t/05_016ec_Tp9n3KfrVGjaUV88GsuKN2yY/310x430/1772205221.webp?s=8af318eec785694537fdbf32901105a1a36c286d,8,8
Prada Paradoxe Neu 90ml,57.4,Prada,0,https://www.vinted.it/items/8273314353-prada-paradoxe-neu-90ml?referrer=catalog,8,8273314353,Sold,01/03/2026 05:32:36,,https://images1.vinted.net/t/06_003f7_YtvNb26hozqf876Ht3jLaKg2/310x430/1772205206.webp?s=377470b8835a6a611b4bff758df7ed78dc3d8449,8,8
Profumo Prada Luna Rossa,53.2,Luna Rossa,0,https://www.vinted.it/items/8272573549-profumo-prada-luna-rossa?referrer=catalog,1,8272573549,Sold,01/03/2026 05:32:36,,https://images1.vinted.net/t/05_00f35_4ef8MhiARKEt1siTJMRzcXAg/310x430/1772200088.webp?s=1222f3cb904d15b4f526b1eb32d9061afd30fa86,8,8
Jupe Prada satin - Neuve avec etiquette - T40 (IT),918.0,Prada,S / IT 40 / EU 36,https://www.vinted.it/items/8272571699-jupe-prada-satin-neuve-avec-etiquette-t40-it?referrer=catalog,128,8272571699,Sold,01/03/2026 05:32:36,,https://images1.vinted.net/t/06_00cab_FeAagKiz2JSCnCr3LzVvWttf/310x430/1772200075.webp?s=65aeb734db0197b90430dda5af5247bdac78eefd,8,8
Sunglasses prada,158.2,Prada,0,https://www.vinted.it/items/8272434546-sunglasses-prada?referrer=catalog,1,8272434546,Sold,01/03/2026 05:33:02,,https://images1.vinted.net/t/01_01c39_6SyeNvJQ4QsALK2qfgUDtSPP/310x430/1772199113.webp?s=bde8b5520543307baee18a0c582e600324edd6c3,8,9
Occhiali Prada trasparenti non graduati,126.7,Prada,0,https://www.vinted.it/items/8269594789-occhiali-prada-trasparenti-non-graduati?referrer=catalog,0,8269594789,Sold,01/03/2026 05:33:02,,https://images1.vinted.net/t/01_00200_8hcAsXjHJZxVma2s6YUEfNT9/310x430/1772149352.webp?s=2348ee92ff78d7e5deff7542234fa4f53d9379f2,8,9
Prada Paradoxe Virtual Flower – Eau de Parfum – 90 ml,74.2,Prada,0,https://www.vinted.it/items/8272530292-prada-paradoxe-virtual-flower-eau-de-parfum-90-ml?referrer=catalog,0,8272530292,Sold,01/03/2026 05:33:02,,https://images1.vinted.net/t/04_01731_ex3x66KqbV7bcB8VsS3ZksdU/310x430/1772199788.webp?s=9a5eb024e4e9da36969a7bc5231ab422da66a69c,8,9
Prada,11.2,Prada,0,https://www.vinted.it/items/8272498844-prada?referrer=catalog,0,8272498844,Sold,01/03/2026 05:33:02,,https://images1.vinted.net/t/06_00f4c_uGs28rKKrbFdC6swG3CuwxQq/310x430/1772199569.webp?s=4f6411d583267d7cd9e563969b4174fdebbc80d7,8,9
Prada Cups,158.2,Prada,45,https://www.vinted.it/items/8272483952-prada-cups?referrer=catalog,4,8272483952,Sold,01/03/2026 05:33:02,,https://images1.vinted.net/t/01_02259_aaK9kACSq3WXC9sBpMJWJhPD/310x430/1772199464.webp?s=e8bde3363e8db8f67fd5d4507240907290a61735,8,9
Set 2 scatole Prada,32.2,Prada,0,https://www.vinted.it/items/8272447782-set-2-scatole-prada?referrer=catalog,1,8272447782,Sold,01/03/2026 05:33:02,,https://images1.vinted.net/t/04_02087_JcBiqdPDd6QRHnH6VC3C7YFi/310x430/1772199209.webp?s=01e7ff5cdcdea0a79b1b4a86a3ba008acde0a1f8,8,9
Set 2 scatole Prada,21.7,Prada,0,https://www.vinted.it/items/8272420226-set-2-scatole-prada?referrer=catalog,3,8272420226,Sold,01/03/2026 05:33:02,,https://images1.vinted.net/t/06_022d3_1QfBpaZTkGKf4TuXr4yiboo6/310x430/1772199011.webp?s=688ce556b17689600a74f04cb8d910e1a7b06136,8,9
Prada,137.2,Prada,43,https://www.vinted.it/items/8272407522-prada?referrer=catalog,0,8272407522,Sold,01/03/2026 05:33:02,,https://images1.vinted.net/t/04_01c4c_yMUG9VCMFKmoE6NXWRXqbCw2/310x430/1772198921.webp?s=53bd70b39821b2af6bfae0c133640d60a497105f,8,9
Set 5 scatole Prada,74.2,Prada,0,https://www.vinted.it/items/8272396568-set-5-scatole-prada?referrer=catalog,4,8272396568,Sold,01/03/2026 05:33:02,,https://images1.vinted.net/t/06_00772_rgeNgeqT9qGbZ9mZsfyhkMmP/310x430/1772198844.webp?s=c329ff1174ead5ab3f4906e385f2e53ba8618f66,8,9
Pantalone Prada,84.7,Prada,IT 42 | W32,https://www.vinted.it/items/8272114047-pantalone-prada?referrer=catalog,0,8272114047,Sold,01/03/2026 05:33:02,,https://images1.vinted.net/t/01_0047c_8YkJMnehMNc9w7PVJhkJvxrV/310x430/r1/1772196796.webp?s=840b3d6ad898d6b4d667de108b57ce6dd923f896,8,9
Étuis Prada,16.45,Prada,0,https://www.vinted.it/items/8272364415-etuis-prada?referrer=catalog,3,8272364415,Sold,01/03/2026 05:33:02,,https://images1.vinted.net/t/01_01b63_ZxZ4hkCaYHtgiz7BEksu8SzH/310x430/1772198614.webp?s=a1c05907db6e91579e5826ad2f80a471cb8c73ff,8,9
T-shirt Prada,410.2,Prada,XXS / IT 36 / EU 32,https://www.vinted.it/items/8272360182-t-shirt-prada?referrer=catalog,1,8272360182,Sold,01/03/2026 05:33:02,,https://images1.vinted.net/t/04_014a8_3FGUk7jpRBL7nAMS1YVso9eq/310x430/1772198584.webp?s=5d4bdcb42890e47a6df3544e53f58b14e320d7bf,8,9
Prada batteria LG + box,13.3,Prada,0,https://www.vinted.it/items/8272357272-prada-batteria-lg-box?referrer=catalog,0,8272357272,Sold,01/03/2026 05:33:02,,https://images1.vinted.net/t/06_0017e_2UTJiNqNYLHHAdoR9hj4eBot/310x430/1772198563.webp?s=7c2dff3af9a38f66df362fafba51599de3d981b2,8,9
Scarpe Prada Cloudbust mai usate come nuove,126.7,Prada,45,https://www.vinted.it/items/8272354565-scarpe-prada-cloudbust-mai-usate-come-nuove?referrer=catalog,4,8272354565,Sold,01/03/2026 05:33:02,,https://images1.vinted.net/t/04_0255d_22BzFcWAye62fMSCXiu3iwxq/310x430/1772198544.webp?s=b0ee0fa369699e75942544c5950fa16216b7c9a5,8,9
Sonnenbrille von Prada,126.7,Prada,0,https://www.vinted.it/items/8272344893-sonnenbrille-von-prada?referrer=catalog,2,8272344893,Sold,01/03/2026 05:33:02,,https://images1.vinted.net/t/06_001ad_TZSqqy22BR5BixEcZCtP5kSK/310x430/1772198476.webp?s=80e4a5b5d004d81d211d4680b23fb2521bc30131,8,9
Vestito rosso bambina,7.0,Agatha Ruiz de la Prada,9-12 mesi / 74 cm,https://www.vinted.it/items/8272334123-vestito-rosso-bambina?referrer=catalog,0,8272334123,Sold,01/03/2026 05:33:02,,https://images1.vinted.net/t/06_0193d_cJWzKkwbQGdV1JxTF6aaD38z/310x430/1772198397.webp?s=1949933441bb0343937b34b857d801320b6fe483,8,9
Prada Jacket Plissé Vintage Puffer,158.2,Prada,M / IT 42 / EU 38,https://www.vinted.it/items/8272326183-prada-jacket-plisse-vintage-puffer?referrer=catalog,4,8272326183,Sold,01/03/2026 05:33:02,,https://images1.vinted.net/t/01_0149c_NjmLipAGrX5RiEw6MszqzDfp/310x430/1772198339.webp?s=867c0479190f25a714e22378748c67a38cea1dcb,8,9
Prada paradoxe 90 ml,51.1,Prada,0,https://www.vinted.it/items/8272317723-prada-paradoxe-90-ml?referrer=catalog,14,8272317723,Sold,01/03/2026 05:33:02,,https://images1.vinted.net/t/06_01d51_ZTqVkA2WxgADece2Dk9Ja1fU/310x430/1772198278.webp?s=b63b0ff84a9cf2ceba8ee30baa51211705727ea0,8,9
Occhiali da sole PRADA,231.7,Prada,0,https://www.vinted.it/items/8272301786-occhiali-da-sole-prada?referrer=catalog,0,8272301786,Sold,01/03/2026 05:33:02,,https://images1.vinted.net/t/06_0156a_hgwP2oa6otyiA6ZNTyJXL75q/310x430/1772198163.webp?s=472d1db269effbec68fb64292c28d5386a6a5969,8,9
Pochette Prada,1.4707,Prada,0,https://www.vinted.it/items/8272300072-pochette-prada?referrer=catalog,1,8272300072,Sold,01/03/2026 05:33:02,,https://images1.vinted.net/t/05_00ccd_s7QZ841hncpSzYYHQQnZqy9J/310x430/1772198150.webp?s=b7db45dba9426d6914b95c323d636df431975cc7,8,9
Prada Paradoxe Intense Eau De Parfum 90ml,42.69,Prada,0,https://www.vinted.it/items/8272290394-prada-paradoxe-intense-eau-de-parfum-90ml?referrer=catalog,3,8272290394,Sold,01/03/2026 05:33:02,,https://images1.vinted.net/t/05_0150a_Xap4MuBZ6ZvA8UkkQ8kJvyT5/310x430/1772198079.webp?s=0be835b8e8c6f051cc83fb775bf57c3ecec4c02b,8,9
Occhiali da sole Prada,126.7,Prada,0,https://www.vinted.it/items/8272289927-occhiali-da-sole-prada?referrer=catalog,10,8272289927,Sold,01/03/2026 05:33:02,,https://images1.vinted.net/t/06_00140_75ovYCGDTXs2q8aw5HYuKjj2/310x430/1772198075.webp?s=13d9475301fbc5ee8836e01498601c3f60c6b90a,8,9
Prada garment bag,11.2,Prada,0,https://www.vinted.it/items/8272289833-prada-garment-bag?referrer=catalog,0,8272289833,Sold,01/03/2026 05:33:02,,https://images1.vinted.net/t/05_000c8_nSQJ7itUriQKY8KyXgLGfDyp/310x430/1772198075.webp?s=c0d42c3164b713668c5848f3a31627e49a1c0c56,8,9
Vinagrera de cristal,4.9,Agatha Ruiz de la Prada,0,https://www.vinted.it/items/8272243035-vinagrera-de-cristal?referrer=catalog,2,8272243035,Sold,01/03/2026 05:33:02,,https://images1.vinted.net/t/06_019b6_PuRkQBprMfqQRoi38bMRvjew/310x430/1772197734.webp?s=c02d4bd998cd4e95fed9ffad394ac136971e46a6,8,9
Miniperfum Prada 7ml,11.1,Prada,0,https://www.vinted.it/items/8272235377-miniperfum-prada-7ml?referrer=catalog,4,8272235377,Sold,01/03/2026 05:33:02,,https://images1.vinted.net/t/05_0178d_r7BDwEhwcy4uuVBryaR4HF9o/310x430/1772197679.webp?s=a2441514ad5f655e8a3a157c768751a4753c2e28,8,9
Prada Beauty schmink tasche,16.45,Prada,0,https://www.vinted.it/items/8284850136-prada-beauty-schmink-tasche?referrer=catalog,0,8284850136,Sold,01/03/2026 06:41:10,,https://images1.vinted.net/t/05_005af_5yfEifkv7hQpLncjY9fCEhcB/310x430/1772343079.webp?s=9e46a3bfc076a1513fd7c3387a6ea5d221dcd228,9,1
Cappello Prada nylon difettato,126.7,Prada,L,https://www.vinted.it/items/8282755937-cappello-prada-nylon-difettato?referrer=catalog,3,8282755937,Sold,01/03/2026 06:41:10,,https://images1.vinted.net/t/05_01ab1_bLumPeMsBBgD75SAYtoFaUc7/310x430/1772300934.webp?s=7ca9aba4cda0258a8b131a24502cd7c71397a2f2,9,1
Prada kostuumschoenen,47.95,Prada,42,https://www.vinted.it/items/8284836224-prada-kostuumschoenen?referrer=catalog,0,8284836224,Sold,01/03/2026 06:41:10,,https://images1.vinted.net/t/03_00782_R9VrtEXFD6cZruGwKDsU1PDn/310x430/1772340808.webp?s=2236c026046872be1c1afb6806d705132e446824,9,1
Caneca O Diabo Veste Prada - Nova,9.1,No brand,0,https://www.vinted.it/items/8283349166-caneca-o-diabo-veste-prada-nova?referrer=catalog,0,8283349166,Sold,01/03/2026 06:41:42,,https://images1.vinted.net/t/01_00f91_iKvv8FeawahZypddVHy6HjDv/310x430/1772305452.webp?s=1d8d9c74b24e0b31e43cd0bc19461f73d73febf0,9,2
Occhiali da sole prada,42.7,Prada,0,https://www.vinted.it/items/8283333269-occhiali-da-sole-prada?referrer=catalog,18,8283333269,Sold,01/03/2026 06:41:42,,https://images1.vinted.net/t/06_00ee3_dTZxTnBabxsJaT9CqC7g3jYp/310x430/1772305315.webp?s=f3aa0a15568ce8c86b5805ab8ddb79761e54f801,9,2
Tuta Prada 100% originale,304.15,Prada,XS / IT 38 / EU 34,https://www.vinted.it/items/8283331771-tuta-prada-100-originale?referrer=catalog,0,8283331771,Sold,01/03/2026 06:41:42,,https://images1.vinted.net/t/05_02256_LAc814pky4J1XXTwUqRXADhi/310x430/1772305303.webp?s=da27fb025013abc24e1a1f2139027917a815266a,9,2
Bañador hombre Prada beige,315.7,Beige,L,https://www.vinted.it/items/8283328330-banador-hombre-prada-beige?referrer=catalog,0,8283328330,Sold,01/03/2026 06:41:42,,https://images1.vinted.net/t/06_00f04_2bwVFWem9GCNjnMRbavwtweM/310x430/1772305275.webp?s=38785e9f88c1ca38c3fdd180a4c8802fc8620e9f,9,2
Charms prada,21.7,Prada,0,https://www.vinted.it/items/8283319688-charms-prada?referrer=catalog,2,8283319688,Sold,01/03/2026 06:41:42,,https://images1.vinted.net/t/05_00e97_Zh3jz6RejfmrLtAMDmfNkmea/310x430/1772305202.webp?s=9ebdd911580f32e70c6d1a5c8fe92ea175691470,9,2
lunette prada,105.7,Prada,0,https://www.vinted.it/items/8283312285-lunette-prada?referrer=catalog,2,8283312285,Sold,01/03/2026 06:41:42,,https://images1.vinted.net/t/03_0207d_s7H98DLLQsmSiTsMCFc5k5we/310x430/1772305141.webp?s=a2d8192209e59b5c2da59463e954394d13185ad8,9,2
Verkaufe meine tolle Schuhe vom,83.65,Prada,40,https://www.vinted.it/items/8283297096-verkaufe-meine-tolle-schuhe-vom-prada?referrer=catalog,17,8283297096,Sold,01/03/2026 06:41:42,,https://images1.vinted.net/t/06_01c84_nCGbPbYkAt4roc3a7yb5SCWM/310x430/1772305013.webp?s=303b885d78dde64077f03c861145dc11d4a0e64b,9,2
Camiseta ajustada Prada Vintage,210.7,Prada,S / IT 40 / EU 36,https://www.vinted.it/items/8283292979-camiseta-ajustada-prada-vintage?referrer=catalog,2,8283292979,Sold,01/03/2026 06:41:42,,https://images1.vinted.net/t/01_0073a_3zKRuMfbhPv7T2HfZPrxXkS4/310x430/1772304978.webp?s=71a92c5d018eab3aae895d9c2296641a16ce9edd,9,2
Scatola regalo Prada,7.0,Prada,0,https://www.vinted.it/items/8283291312-scatola-regalo-prada?referrer=catalog,1,8283291312,Sold,01/03/2026 06:41:42,,https://images1.vinted.net/t/05_01856_ChjGwdWFjGx43mXHMWsdizdo/310x430/r3/1772304964.webp?s=cf17bffe5c3eefb949f605b6ce3223400da799db,9,2
Les infusions de PRADA,32.2,Prada,0,https://www.vinted.it/items/8283286367-les-infusions-de-prada?referrer=catalog,3,8283286367,Sold,01/03/2026 06:41:42,,https://images1.vinted.net/t/01_00366_h1Tdv3dMCQsWxvMbSeCC9ao7/310x430/1772304923.webp?s=23ed8209edee06689b773db9ece8c39670f69056,9,2
Prada L'home,7.0,Prada,0,https://www.vinted.it/items/8283275046-prada-lhome?referrer=catalog,4,8283275046,Sold,01/03/2026 06:41:42,,https://images1.vinted.net/t/04_02305_QcQEbTEdTcSVqwYZ9fv9YZD3/310x430/1772304828.webp?s=2d5518316a11f4aed42f8b21c440be83fb05aeee,9,2
Candy Sugar Pop de Prada,52.15,Prada,0,https://www.vinted.it/items/8283269565-candy-sugar-pop-de-prada?referrer=catalog,0,8283269565,Sold,01/03/2026 06:41:42,,https://images1.vinted.net/t/06_0209b_Bse6yHqdiHVY6r5QChRmH52y/310x430/1772304784.webp?s=0f49350c36a8e9f168fd32a4e276c14989d1bf6e,9,2
Parfum paradoxe,53.2,PRADA Paradoxe,0,https://www.vinted.it/items/8283246361-parfum-paradoxe?referrer=catalog,15,8283246361,Sold,01/03/2026 06:41:42,,https://images1.vinted.net/t/03_00489_NhbkDCjiKDimiUKXJiRHws2M/310x430/r3/1772304593.webp?s=f3eee4131926b2e409852175b7864ca6203a43b8,9,2
Livro “Prada”,11.2,No brand,0,https://www.vinted.it/items/8283238267-livro-prada?referrer=catalog,2,8283238267,Sold,01/03/2026 06:41:42,,https://images1.vinted.net/t/05_010a9_4suobuXCxFXWHWYDVnd9vrUT/310x430/1772304529.webp?s=b55aebf4da64a196f9188bf5c9a16f05d40ec001,9,2
Profumo,47.95,Prada,0,https://www.vinted.it/items/8283226166-profumo?referrer=catalog,1,8283226166,Sold,01/03/2026 06:41:42,,https://images1.vinted.net/t/01_01bf6_5akyPGgDZSLyWHhZ7dqvfc5T/310x430/1772304432.webp?s=51b70f46dd5806f27bd53f3b2b490d81915a5bbb,9,2
Prada cup,158.2,Prada,42,https://www.vinted.it/items/8283205817-prada-cup?referrer=catalog,3,8283205817,Sold,01/03/2026 06:41:42,,https://images1.vinted.net/t/01_0209e_FMcAnxukrDZGF5ttoCTEB9Qq/310x430/1772304270.webp?s=5b74e2f1a7390112a895894cf60405dbf69caf11,9,2
Occhiali Prada,89.95,Prada,0,https://www.vinted.it/items/8283181031-occhiali-prada?referrer=catalog,0,8283181031,Sold,01/03/2026 06:41:42,,https://images1.vinted.net/t/06_009ec_oRAhWEuSErYaC8ztoQzfKo5S/310x430/1772304071.webp?s=d813615fe7df38b2c36bb3d9d003adcb6046d912,9,2
Sciarpa cashmere Prada uomo,314.65,Prada,0,https://www.vinted.it/items/8283154472-sciarpa-cashmere-prada-uomo?referrer=catalog,1,8283154472,Sold,01/03/2026 06:41:42,,https://images1.vinted.net/t/05_01442_rxyHffmNjAU6zyKkJTvDSZbN/310x430/1772303862.webp?s=f72e03e66f7e3e7a81b6c68433ac6a87c4a1bd99,9,2
Prada paradoxe virtual flower 90ml,41.65,Prada,0,https://www.vinted.it/items/8283146589-prada-paradoxe-virtual-flower-90ml?referrer=catalog,10,8283146589,Sold,01/03/2026 06:41:42,,https://images1.vinted.net/t/05_01de1_2Zo7TttKpYU36S8txUR1htHi/310x430/1772303800.webp?s=121b4e6b83450de760c6caf90c1bd6d65963bb46,9,2
Parfum miniature pour collection,29.05,Prada,0,https://www.vinted.it/items/8283140893-parfum-miniature-pour-collection?referrer=catalog,6,8283140893,Sold,01/03/2026 06:41:42,,https://images1.vinted.net/t/01_01713_MVocYfTgSAGmy25ctjj8qkGZ/310x430/1772303755.webp?s=a54263ba53d8f1d5c0ab0b14ab1f7f04371f6e7f,9,2
Prada Paradoxe intense 30 Ml,26.95,Prada,0,https://www.vinted.it/items/8283140050-prada-paradoxe-intense-30-ml?referrer=catalog,4,8283140050,Sold,01/03/2026 06:41:42,,https://images1.vinted.net/t/06_00d26_smUCR5WJYWYm98xWJAjknJqB/310x430/1772303748.webp?s=a6d3f6ebcb80c9c9844edf20c70a715880c13e4b,9,2
Prada paradoxe Essence radical 90ml,41.65,Prada,0,https://www.vinted.it/items/8283138905-prada-paradoxe-essence-radical-90ml?referrer=catalog,6,8283138905,Sold,01/03/2026 06:41:42,,https://images1.vinted.net/t/01_01134_rYedGpwm9NX6BKiXKrPr3YZg/310x430/1772303739.webp?s=ec0fc3a10b9760c5e85d32bb3b07c9430bc4d47f,9,2
Prada paradoxe virtual flower 90 ml,47.95,Prada,0,https://www.vinted.it/items/8283135110-prada-paradoxe-virtual-flower-90-ml?referrer=catalog,4,8283135110,Sold,01/03/2026 06:41:42,,https://images1.vinted.net/t/06_0015a_HWu5nsRZ6NCZZw7gYcY7qVJC/310x430/1772303709.webp?s=8a7640a0e2bb450191ba264c7cf4a27228ed9c55,9,2
Prada paradoxe intense 90ml,41.65,Prada,0,https://www.vinted.it/items/8283131266-prada-paradoxe-intense-90ml?referrer=catalog,6,8283131266,Sold,01/03/2026 06:41:42,,https://images1.vinted.net/t/06_019b6_hs8BiNq7ej9tGv9YfqAvtJiu/310x430/1772303679.webp?s=a29b226aa38189cb580cfcd506eb5bc87800f7f8,9,2
Mocassino Prada,126.7,Prada,42,https://www.vinted.it/items/8283126091-mocassino-prada?referrer=catalog,3,8283126091,Sold,01/03/2026 06:41:42,,https://images1.vinted.net/t/05_00412_jwRcaxVV4sf1iu6yJAGvKCTG/310x430/1772303638.webp?s=6dd6f0fac8c2b6ee37cf2abee9ef1aa4c91a5837,9,2
Chaussure Prada,546.7,Prada,42,https://www.vinted.it/items/8283097530-chaussure-prada?referrer=catalog,2,8283097530,Sold,01/03/2026 06:41:42,,https://images1.vinted.net/t/06_00d30_qDPNM3StktU1rVXmV5968aiG/310x430/1772303416.webp?s=77ab6982edb13e7f31eb2395a1b44cfe7dfbde15,9,2
Car shoe for Prada,336.7,Prada,42,https://www.vinted.it/items/8283085505-car-shoe-for-prada?referrer=catalog,3,8283085505,Sold,01/03/2026 06:41:42,,https://images1.vinted.net/t/06_01e18_HWWyGgqL6PyT8JEb4B96DS7q/310x430/1772303324.webp?s=892d616983b7cf94f4a281ffeac62276870bae7d,9,2
PRADA brown heels  💖 size 37,102.55,Prada,37,https://www.vinted.it/items/8283073988-prada-brown-heels-size-37?referrer=catalog,0,8283073988,Sold,01/03/2026 06:41:42,,https://images1.vinted.net/t/01_01e85_JsqSZfzibvfuECz87DtuUPcM/310x430/1772303235.webp?s=3e387f2b097f82f19c2d40ae7e37b00d129a6de6,9,2
Cargo de nuit- PRADA- 100mL,294.7,Prada,0,https://www.vinted.it/items/8283071246-cargo-de-nuit-prada-100ml?referrer=catalog,3,8283071246,Sold,01/03/2026 06:41:42,,https://images1.vinted.net/t/05_015fd_2DxP4XCoeZ62hh5Nkw7SPBHT/310x430/1772303214.webp?s=14bb9868ed18e346be32173d0206547bce9ab4c4,9,2
Lunettes de soleil octogonales  PRADA neuves,210.7,Prada,0,https://www.vinted.it/items/8283045759-lunettes-de-soleil-octogonales-prada-neuves?referrer=catalog,0,8283045759,Sold,01/03/2026 06:41:42,,https://images1.vinted.net/t/05_01680_PDaHdy4ifhxccYrFfCazS8JL/310x430/1772303018.webp?s=a1de4dc894a2e4afc59a0ef13b6df32d7380b043,9,2
Vestido veraniego,21.7,Prada,S / IT 40 / EU 36,https://www.vinted.it/items/8283009983-vestido-veraniego?referrer=catalog,6,8283009983,Sold,01/03/2026 06:41:42,,https://images1.vinted.net/t/01_0160f_rkFdaUh2YbWCng5AJSqChAEX/310x430/1772302748.webp?s=93a29c616ac5b26f614332f23fc558e3e6074e0a,9,2
Profumo,47.95,Prada,0,https://www.vinted.it/items/8283010025-profumo?referrer=catalog,1,8283010025,Sold,01/03/2026 06:41:42,,https://images1.vinted.net/t/01_02049_bbzq3KxRWEz4RuPxeRFnj3En/310x430/1772302748.webp?s=4492ebf225aca826bd6e3baa822c58596b1f2e42,9,2
Infusion D'ylang 100 ml,47.95,Prada,0,https://www.vinted.it/items/8283005066-infusion-dylang-100-ml?referrer=catalog,1,8283005066,Sold,01/03/2026 06:41:42,,https://images1.vinted.net/t/05_004ef_DR9wz4mZTenjmrrLcGgtg4d4/310x430/1772302711.webp?s=a19ba2ff86262c7201cb43777be3d01f2c91d3a2,9,2
Parfum Candy - Prada 10ml,16.45,Prada,0,https://www.vinted.it/items/8283004392-parfum-candy-prada-10ml?referrer=catalog,0,8283004392,Sold,01/03/2026 06:41:42,,https://images1.vinted.net/t/01_00e5e_LMu2UtHoM1wzACeYjUGSa3Ge/310x430/1772302706.webp?s=e8dbb6a6a64c6589caea6b64e122f1f8c263ee1c,9,2
Prada les infusions de rose parfum for woman,52.15,Rose,0,https://www.vinted.it/items/8282990403-prada-les-infusions-de-rose-parfum-for-woman?referrer=catalog,2,8282990403,Sold,01/03/2026 06:41:42,,https://images1.vinted.net/t/06_00b62_MssGD8epPSP3JaFVKyqB54dg/310x430/1772302599.webp?s=586fc6e61b9e61d04758ff088407ec49b5284b3d,9,2
Montatura prada,47.95,Prada,0,https://www.vinted.it/items/8282961060-montatura-prada-nuova-senza-cartellino?referrer=catalog,5,8282961060,Sold,01/03/2026 06:41:42,,https://images1.vinted.net/t/04_00768_YNFB7N9N2pUAGBhBFuX8jHVH/310x430/1772302380.webp?s=956a44c0bb8b83b57d5fb40d2ae90a17dc016f9f,9,2
Prada cup,131.95,Prada,43,https://www.vinted.it/items/8282920816-prada-cup?referrer=catalog,11,8282920816,Sold,01/03/2026 06:41:42,,https://images1.vinted.net/t/06_01901_Dn3MR37zwkGqKSFqFiW2wJG3/310x430/1772302085.webp?s=f06c99f272d522a8e71d655f98b9cb917178941c,9,2
Original Prada Brillengestell NEU !,42.7,Prada,0,https://www.vinted.it/items/8282841134-original-prada-brillengestell-neu?referrer=catalog,3,8282841134,Sold,01/03/2026 06:41:42,,https://images1.vinted.net/t/01_0206a_wCUdshpHUcv9CNY3Lw3gpewR/310x430/1772301514.webp?s=720382ae1e56f9d48f57a42435ce23fbeff5e84a,9,2
Camicetta in seta Prada😍,79.35,Prada,M / IT 42 / EU 38,https://www.vinted.it/items/8282834866-camicetta-in-seta-prada?referrer=catalog,1,8282834866,Sold,01/03/2026 06:41:42,,https://images1.vinted.net/t/06_00985_n54afCdNopywYEg6Yguqy8rL/310x430/1772301473.webp?s=1025bb55abb8d50a98c8b1a8913f0bef7453faef,9,2
Monedero Agatha Ruiz de la Prada Labios,8.58,Agatha,0,https://www.vinted.it/items/8282827533-monedero-agatha-ruiz-de-la-prada-labios?referrer=catalog,4,8282827533,Sold,01/03/2026 06:41:42,,https://images1.vinted.net/t/04_00425_MQWZncfZKR4Wy8Cwfha3s4a1/310x430/1772301422.webp?s=76d19089225af9002fae86a4cd06336db689de3c,9,2
Cravate bleu marine haut de gamme Prada,78.4,Prada,0,https://www.vinted.it/items/8282797830-cravate-bleu-marine-haut-de-gamme-prada?referrer=catalog,16,8282797830,Sold,01/03/2026 06:41:42,,https://images1.vinted.net/t/06_0269c_6BuktQTCKBB7EMJS1xYx9Npb/310x430/1772301218.webp?s=8eff2cf093bff8af27fce8b1e454fd24977945af,9,2
Prada Nylon Bucket Hat,289.45,Prada,M,https://www.vinted.it/items/8282779255-prada-nylon-bucket-hat?referrer=catalog,3,8282779255,Sold,01/03/2026 06:41:42,,https://images1.vinted.net/t/05_00826_zupNhZiQfqBHavX9EWhtxEow/310x430/1772301093.webp?s=ed6abbee7a03eac95dc4d939738e08fae15475eb,9,2
Cravate prada bleu marine,63.7,Prada,0,https://www.vinted.it/items/8282738179-cravate-prada-bleu-marine?referrer=catalog,64,8282738179,Sold,01/03/2026 06:41:42,,https://images1.vinted.net/t/06_003c7_FpWH8dWbWGLFWDq9mmtgmVw2/310x430/1772300814.webp?s=2321376eb678078b59f76302c591c168bc15c1f7,9,2
Scarpe Prada Fucsia originali,200.2,Prada,37.5,https://www.vinted.it/items/8282688041-scarpe-prada-fucsia-originali?referrer=catalog,2,8282688041,Sold,01/03/2026 06:41:42,,https://images1.vinted.net/t/04_00680_i3RZaatVvrWTYdto51NNxAsY/310x430/1772300478.webp?s=6659d0e05cc7dc824f1622af7b5df141935e4e44,9,2
Prada PR 67XS zonnebril,158.2,Prada,0,https://www.vinted.it/items/8282677034-prada-pr-67xs-zonnebril?referrer=catalog,0,8282677034,Sold,01/03/2026 06:41:42,,https://images1.vinted.net/t/06_026ac_qbwUL13KSpnHRbMgmQzed9Hd/310x430/1772313201.webp?s=bb995b2921c3d4944afcc8c003e642c3ab0ee1c6,9,2
Prada Sonnenbrille,126.7,Prada,0,https://www.vinted.it/items/8282647176-prada-sonnenbrille?referrer=catalog,0,8282647176,Sold,01/03/2026 06:41:42,,https://images1.vinted.net/t/06_01769_oQzpWN9bkTpWkNiBKAfKiBPp/310x430/1772300206.webp?s=43cf8a9dbcc14575c5ff1ca322e85ff8d5091f20,9,2
Prada crema occhi e labbra,74.2,Prada,0,https://www.vinted.it/items/8282607931-prada-crema-occhi-e-labbra?referrer=catalog,0,8282607931,Sold,01/03/2026 06:41:42,,https://images1.vinted.net/t/05_0036a_ih4KGJjShdPxzFErNZegj6YN/310x430/1772299945.webp?s=db93fb5be03f6cb6427aa113a97be890b8c455be,9,2
Gafas Prada unisex,63.7,Prada,0,https://www.vinted.it/items/8282593686-gafas-prada-unisex?referrer=catalog,0,8282593686,Sold,01/03/2026 06:41:42,,https://images1.vinted.net/t/06_01e37_2mKgKgge14R9ZDRyzi5A9kqW/310x430/1772299853.webp?s=c2dbae86e5059f88c71a66330fa087892d08ad24,9,2
Prada paradigme 100 ml,52.15,Prada,0,https://www.vinted.it/items/8282562299-prada-paradigme-100-ml?referrer=catalog,8,8282562299,Sold,01/03/2026 06:41:42,,https://images1.vinted.net/t/01_00b91_dX4aYSruNNTnCYRu7zpN6h9H/310x430/1772299651.webp?s=bf5df207b3dee434b115b887b99fec4344f5906e,9,2
Sac Prada,945.7,Prada,0,https://www.vinted.it/items/8282555428-sac-prada?referrer=catalog,2,8282555428,Sold,01/03/2026 06:41:42,,https://images1.vinted.net/t/03_0245e_jhrTGWkQw1YW9eBUo6dixw8g/310x430/1772299607.webp?s=fbf78e29f53d980aa51d38b3ecbae08240f5491d,9,2
Conjunto agatha Ruiz,50.05,Agatha Ruiz de la Prada,6 anni / 116 cm,https://www.vinted.it/items/8282543829-conjunto-agatha-ruiz?referrer=catalog,47,8282543829,Sold,01/03/2026 06:41:42,,https://images1.vinted.net/t/05_024ba_qQAzeY4uBAL8McGk7Dw2Qdg4/310x430/1772299533.webp?s=bb049e0a8b2c303a86911b947332aa499424ff64,9,2
Prada paradoxe radical essence 90 ml,51.1,Prada,0,https://www.vinted.it/items/8282527388-prada-paradoxe-radical-essence-90-ml?referrer=catalog,0,8282527388,Sold,01/03/2026 06:41:42,,https://images1.vinted.net/t/03_01b1f_GNu1BG1WpQBQpXqyMHVf8WvV/310x430/1772299431.webp?s=fa769f957e5d988373986072bfc9909d26739aef,9,2
Quadro Prada Marfa,13.3,Quadro,0,https://www.vinted.it/items/8282509366-quadro-prada-marfa?referrer=catalog,10,8282509366,Sold,01/03/2026 06:41:42,,https://images1.vinted.net/t/05_02305_duBKeJYShiruNrs5pjHXA7Zx/310x430/1772299321.webp?s=c6b63ba63ae18f410cb015c4801a59ea9acff484,9,2
Prada Monochrome 077,25.9,Prada,0,https://www.vinted.it/items/8282474416-prada-monochrome-077?referrer=catalog,1,8282474416,Sold,01/03/2026 06:41:42,,https://images1.vinted.net/t/01_0230b_GJaKcN3imKwV3f6nCg11iZDQ/310x430/1772299108.webp?s=e65fbf8881fd6c11abd1b70be1ff637329623de7,9,2
Mochila pequeña de Re-nylon Prada Re edition 1978,1.2502,Prada,0,https://www.vinted.it/items/8282152790-mochila-pequena-de-re-nylon-prada-re-edition-1978?referrer=catalog,4,8282152790,Sold,01/03/2026 06:41:42,,https://images1.vinted.net/t/04_006c5_nzfh5GCs4FZ8PjMPXzDuNVKK/310x430/1772297219.webp?s=fca12f832ad656dc4cd78e5ebde96cbd92b1fec8,9,2
Prada cup,126.7,Prada,44,https://www.vinted.it/items/8282459845-prada-cup?referrer=catalog,2,8282459845,Sold,01/03/2026 06:41:42,,https://images1.vinted.net/t/04_0173f_JgQbZKTMgmaCDSbJmKq3FRzj/310x430/1772299020.webp?s=1d6f3ef77649cb1f50789c6c681c1bdd1ae14bcd,9,2
Portafoglio Prada,546.7,Prada,0,https://www.vinted.it/items/8282440021-portafoglio-prada?referrer=catalog,2,8282440021,Sold,01/03/2026 06:41:42,,https://images1.vinted.net/t/05_004fa_2rXM1J8JTJi5j5VozyDdx9Mb/310x430/1772298900.webp?s=edfbf6e4dd3abe85791fc96a4329a2a2b48264ad,9,2
Scarpe uomo con lacci bordeaux,525.7,Prada,44,https://www.vinted.it/items/8282423852-scarpe-uomo-con-lacci-bordeaux?referrer=catalog,3,8282423852,Sold,01/03/2026 06:41:42,,https://images1.vinted.net/t/04_01276_8ga8Qx3e4Gc6N6UiQrn8BHUC/310x430/1772298802.webp?s=83464d86d9633ef2f15ebe191d2a1733262de9ce,9,2
Sandali Prada,263.2,Prada,40,https://www.vinted.it/items/8282415996-sandali-prada?referrer=catalog,3,8282415996,Sold,01/03/2026 06:41:42,,https://images1.vinted.net/t/06_0134d_T8sMSd4fYErfM2p54vzRx9Rv/310x430/1772298755.webp?s=2c62ce323797fd42c05034b3ab7644cf156a6a4a,9,2
Lunettes de Soleil Prada,173.95,Prada,0,https://www.vinted.it/items/8282374073-lunettes-de-soleil-prada?referrer=catalog,4,8282374073,Sold,01/03/2026 06:41:42,,https://images1.vinted.net/t/03_01c85_EFNcTTxCGDKSQbaB7h1QGMeU/310x430/1772298503.webp?s=ced28b9bc9d6f4e81362a27b2802c7769c1a2e80,9,2
Chemise Prada,63.7,Prada,L / IT 44 / EU 40,https://www.vinted.it/items/8282352512-chemise-prada?referrer=catalog,15,8282352512,Sold,01/03/2026 06:41:42,,https://images1.vinted.net/t/06_018c2_3zYLxAJEuUUe1k1oXuN7YmUP/310x430/1772298374.webp?s=e0844f75cf51c174c2be2713cf13c4f184271fc5,9,2
Lunette polarisante prada,242.2,Prada,0,https://www.vinted.it/items/8282336643-lunette-polarisante-prada?referrer=catalog,0,8282336643,Sold,01/03/2026 06:41:42,,https://images1.vinted.net/t/06_026bb_GqqeQphKWnemt5iLdFARxsEC/310x430/1772298280.webp?s=5ce05d0ec4a9ac6dfa26e68db9593d7e383c1ea0,9,2
Prada Paradigme profumo 100 ml,52.15,Prada,0,https://www.vinted.it/items/8282306913-prada-paradigme-profumo-100-ml?referrer=catalog,1,8282306913,Sold,01/03/2026 06:41:42,,https://images1.vinted.net/t/06_00be9_sbnKNgsf1f74W4PifvvaSbZD/310x430/1772298106.webp?s=7cb4f48a9c87354e5150813f02a1e0af72de185d,9,2
Prada Pullover,58.45,Pullover,M,https://www.vinted.it/items/8282242808-prada-pullover?referrer=catalog,5,8282242808,Sold,01/03/2026 06:41:42,,https://images1.vinted.net/t/06_004cc_Yh3T2xhpb1a7KxdeXMVqTy1x/310x430/1772297731.webp?s=790ed85a78c128e59980dabf44e6a141f690cbb2,9,2
Prada Re Nylon Jacket,473.2,Prada,M,https://www.vinted.it/items/8282213029-prada-re-nylon-jacket?referrer=catalog,25,8282213029,Sold,01/03/2026 06:41:42,,https://images1.vinted.net/t/06_00efa_mHoGi1j2XnwPLwvrrBToERX6/310x430/1772297560.webp?s=5ddcf2a1b057e0989795fba153e24f50f36c0e12,9,2
Orecchini con pendenti neri e ambra con chiusura clip,84.7,Prada,0,https://www.vinted.it/items/8282212501-orecchini-con-pendenti-neri-e-ambra-con-chiusura-clip?referrer=catalog,0,8282212501,Sold,01/03/2026 06:41:42,,https://images1.vinted.net/t/04_018af_kPJVctWnQW2j3xoWQtKmCQnm/310x430/1772297557.webp?s=937c27365b823771164061a92a53810d9aea4d77,9,2
Dames parfum Prada Paradoxe 50ml,32.04,Prada,0,https://www.vinted.it/items/8282200641-dames-parfum-prada-paradoxe-50ml?referrer=catalog,2,8282200641,Sold,01/03/2026 06:41:42,,https://images1.vinted.net/t/03_01481_UZ1snja6wiKw6B7A6tKK8WNU/310x430/1772297488.webp?s=f87dcc91fb241b5c80021d1352151c68618a9447,9,2
Prada cups,158.2,Prada,43,https://www.vinted.it/items/8281709561-prada-cups?referrer=catalog,3,8281709561,Sold,01/03/2026 06:41:42,,https://images1.vinted.net/t/06_00057_GUtzvzEZRQ8t2o7Zg4TD7RgZ/310x430/1772294893.webp?s=25c155f1cd8a0335f7919c59c8149808a419f9b4,9,2
Bolso Agatha Ruiz de la Prada,52.15,Agatha Ruiz de la Prada,0,https://www.vinted.it/items/8282038348-bolso-agatha-ruiz-de-la-prada?referrer=catalog,0,8282038348,Sold,01/03/2026 06:41:42,,https://images1.vinted.net/t/06_009be_GJNjW1vwnXEYUE95PkyeaknR/310x430/1772296576.webp?s=370881a74975077dd0d23b1c41a945797be86b9a,9,2
Paradoxe Prada Radical Essence Parfum 90 ml,50.05,Prada,0,https://www.vinted.it/items/8282037416-paradoxe-prada-radical-essence-parfum-90-ml?referrer=catalog,2,8282037416,Sold,01/03/2026 06:41:42,,https://images1.vinted.net/t/06_0025c_AYrT4LZWEBuBvtsGy3fVe7b7/310x430/1772296571.webp?s=edd019b3af7afcbb56ec8c72ddbe9758582e45cc,9,2
Completo estivo elegante Prada,74.2,Prada,M,https://www.vinted.it/items/8282022411-completo-estivo-elegante-prada?referrer=catalog,27,8282022411,Sold,01/03/2026 06:41:42,,https://images1.vinted.net/t/03_003f0_MAChFbE35ndRTYTjvqzPtyDH/310x430/1772296487.webp?s=d8241ec7589e9f80bda5ce8987002b2e9a575ae1,9,2
Prada sneaker burgundy mt 41,436.45,Prada,41,https://www.vinted.it/items/8282015187-prada-sneaker-burgundy-mt-41?referrer=catalog,12,8282015187,Sold,01/03/2026 06:41:42,,https://images1.vinted.net/t/05_0182e_c7YEXSiwsJPVNVkmufPqtRF9/310x430/1772296447.webp?s=3b7d47733939d14b50b91dd51d92721d6b9e3931,9,2
Lunette Prada,410.2,Prada,0,https://www.vinted.it/items/8282012813-lunette-prada?referrer=catalog,1,8282012813,Sold,01/03/2026 06:41:42,,https://images1.vinted.net/t/05_01139_duqhhK7jJEpDdesdmvhpJ6t5/310x430/1772296433.webp?s=81e2f5cefe4f6904ffbf11615af36a599d843750,9,2
Lunettes de soleil unisexe,84.7,Prada,0,https://www.vinted.it/items/8281985720-lunettes-de-soleil-unisexe?referrer=catalog,1,8281985720,Sold,01/03/2026 06:41:42,,https://images1.vinted.net/t/06_00068_9VmXyqtNv3j7pNCxAKxBNxvc/310x430/1772296284.webp?s=fe54240e79ccf617b1c976f20147424556600daa,9,2
Camiseta Mujer Estilo Prada – Manga Corta Elegante [S],95.2,Local,S / IT 40 / EU 36,https://www.vinted.it/items/8281975687-camiseta-mujer-estilo-prada-manga-corta-elegante-s?referrer=catalog,20,8281975687,Sold,01/03/2026 06:41:42,,https://images1.vinted.net/t/05_00a63_6HdpWgbHu7Y8JMCX1Cxfouwm/310x430/1772296229.webp?s=01c1f4ee9780b220a4cc25db366cd3abda3f41e9,9,2
Prada paradigme eau de parfum 100 ml,53.2,Prada,0,https://www.vinted.it/items/8281926024-prada-paradigme-eau-de-parfum-100-ml?referrer=catalog,6,8281926024,Sold,01/03/2026 06:41:42,,https://images1.vinted.net/t/05_01a0d_DbWANToRYJBoNd2wwnH6FVQi/310x430/1772295959.webp?s=38fc5b9df407bb09ce694d370767d37cee02e792,9,2
Chaussure Prada America’s Cup couleur noir et blanc,116.19,Prada,41,https://www.vinted.it/items/8281873022-chaussure-prada-americas-cup-couleur-noir-et-blanc?referrer=catalog,23,8281873022,Sold,01/03/2026 06:41:42,,https://images1.vinted.net/t/06_01d15_JRbJ1Neyi2YsgSAvPEi1bKNB/310x430/1772295670.webp?s=2dacf411faa125929e2ddbac47022aadd3446423,9,2
crampons adidas x Prada,210.7,Prada,43,https://www.vinted.it/items/8281854937-crampons-adidas-x-prada?referrer=catalog,3,8281854937,Sold,01/03/2026 06:42:07,,https://images1.vinted.net/t/06_013d4_edPLDtFP7Ej9qwwqMfrBGu83/310x430/1772295573.webp?s=3dd0394d9948830528ebbdc23e4ff302dc0dd202,9,3
Dvd Le diable s'habille en Prada,1.75,No brand,0,https://www.vinted.it/items/8281343984-dvd-le-diable-shabille-en-prada?referrer=catalog,4,8281343984,Sold,01/03/2026 06:42:07,,https://images1.vinted.net/t/06_01c9e_F8XW9h7yVDY4TvKBvoWcczqd/310x430/1772292904.webp?s=ba9cf5329b215c75204ef4d23d8e2a49fae0148c,9,3
Cravatta Prada,37.45,Prada,0,https://www.vinted.it/items/8281328852-cravatta-prada?referrer=catalog,2,8281328852,Sold,01/03/2026 06:42:07,,https://images1.vinted.net/t/05_00016_7xHecs1SB5WCwVq7QVx1vSwg/310x430/1772292826.webp?s=e778af7878fe3a73337d3553f91deda347cbd00d,9,3
Superbe chaussure Prada neuve écru pointure 37,200.2,Prada,37,https://www.vinted.it/items/8281309089-superbe-chaussure-prada-neuve-ecru-pointure-37?referrer=catalog,7,8281309089,Sold,01/03/2026 06:42:07,,https://images1.vinted.net/t/04_00aad_ZnJt6QpKwsPwFuxtoTxNbppJ/310x430/1772292723.webp?s=ec94ce572ad3139f9a7769c16e8ce958335a4078,9,3
prada prz sunglasses,74.2,Prada,0,https://www.vinted.it/items/8281256167-prada-prz-sunglasses?referrer=catalog,2,8281256167,Sold,01/03/2026 06:42:07,,https://images1.vinted.net/t/06_017b9_RQGDTDBXUJs2YpkxPPPSDLZD/310x430/1772292450.webp?s=3eca5a8dc95dc3991058a990d00549eda163c781,9,3
Prada paradoxe,39.55,Prada,0,https://www.vinted.it/items/8281240807-prada-paradoxe?referrer=catalog,17,8281240807,Sold,01/03/2026 06:42:07,,https://images1.vinted.net/t/05_022f5_n5hubsYYFYQmC2JCqyCZgNEg/310x430/1772292371.webp?s=77e6c67438d9446ba431d2c4983d4fd1f1548232,9,3
Prada pet,210.7,Prada,Taglia unica,https://www.vinted.it/items/8281225770-prada-pet?referrer=catalog,1,8281225770,Sold,01/03/2026 06:42:07,,https://images1.vinted.net/t/05_0252e_2mV68M2FuEk2Q2PvN4LpMSG6/310x430/1772292293.webp?s=3ee2f73af23759708a4492ca6afa0af0c20eafd3,9,3
Pantalon cavalier coupe cigarette Prada Gris en laine vierge Made in Italy luxe Chic Business 34 XS,89.95,Prada,XS / IT 38 / EU 34,https://www.vinted.it/items/8278693674-pantalon-cavalier-coupe-cigarette-prada-gris-en-laine-vierge-made-in-italy-luxe-chic-business-34-xs?referrer=catalog,1,8278693674,Sold,01/03/2026 06:42:07,,https://images1.vinted.net/t/01_01a95_r3imhuhy1wZPa49H9YMPFGMD/310x430/1772278285.webp?s=800a1b5170ee46d5eae5206b1572545f1aa8975b,9,3
Lunette de soleil prada,116.2,Prada,0,https://www.vinted.it/items/8281216631-lunette-de-soleil-prada?referrer=catalog,3,8281216631,Sold,01/03/2026 06:42:07,,https://images1.vinted.net/t/05_02583_qmzaqMXfmUiPPoPcbPzxf4as/310x430/1772292246.webp?s=f619a7ff0daeb136ed230952055cc7c4af6612dd,9,3
Prada matte lipstick R28,18.55,Prada,0,https://www.vinted.it/items/8281204770-prada-matte-lipstick-r28?referrer=catalog,5,8281204770,Sold,01/03/2026 06:42:07,,https://images1.vinted.net/t/01_004d7_7aVnGWqV1kB7sxKQkqE7WPzb/310x430/1772292184.webp?s=3d0d6e1cd740039a0f4752c233659d2be306fe02,9,3
Occhiali unisex Prada,63.7,Prada,0,https://www.vinted.it/items/8281202219-occhiali-unisex-prada?referrer=catalog,19,8281202219,Sold,01/03/2026 06:42:07,,https://images1.vinted.net/t/06_0100d_jmThXWu7diXG5CNG3J3yBjMc/310x430/1772292170.webp?s=e34f3dbed3442891938a69264e0f61f198bd881a,9,3
Superbe sac Prada - neuf,273.7,Prada,0,https://www.vinted.it/items/8252140312-superbe-sac-prada-neuf?referrer=catalog,3,8252140312,Sold,01/03/2026 06:42:07,,https://images1.vinted.net/t/05_00b42_mFbnPCFsDCXmfTTbZFgufNsL/310x430/1771946074.webp?s=1dfbb9dc99a65bc808658b6b5c7959ee53f91f4f,9,3
Occhiali da Sole Prada PR A19S 1AB5S0 Neri – Nuovi con Box Completo,263.2,Prada,0,https://www.vinted.it/items/8281156951-occhiali-da-sole-prada-pr-a19s-1ab5s0-neri-nuovi-con-box-completo?referrer=catalog,4,8281156951,Sold,01/03/2026 06:42:07,,https://images1.vinted.net/t/05_01c6d_hqqbNXzy6zDR3mBCZgBhy3um/310x430/1772291934.webp?s=ca71fb4fc641e498fa9a89daecfdf179749d449d,9,3
Prada Bluse - Größe 42(IT) ungetragen schwarz,179.2,Prada,M / IT 42 / EU 38,https://www.vinted.it/items/8281121015-prada-bluse-grosse-42it-ungetragen-schwarz?referrer=catalog,9,8281121015,Sold,01/03/2026 06:42:07,,https://images1.vinted.net/t/05_013ad_3ENFKsX2WDmxi6mSMPqPToNC/310x430/1772291744.webp?s=cd28e85b0a26c9bba7948d0facce3ba7895cdb82,9,3
Perfume Prada Paradoxe Virtual Flower Regill 100 ml,63.7,Prada,0,https://www.vinted.it/items/8281045357-perfume-prada-paradoxe-virtual-flower-regill-100-ml?referrer=catalog,6,8281045357,Sold,01/03/2026 06:42:07,,https://images1.vinted.net/t/01_01fa6_UUU2K7xxw15Tb4NjusajJiLQ/310x430/1772291344.webp?s=4f6b9a9493ef91b19e8e899e207d4f670dec7c1b,9,3
Eau de parfum prada infusion vanille,63.7,Prada,0,https://www.vinted.it/items/8281017761-eau-de-parfum-prada-infusion-vanille?referrer=catalog,3,8281017761,Sold,01/03/2026 06:42:07,,https://images1.vinted.net/t/04_008ed_tU4iBSdCFqBcRT6qFad7gygc/310x430/1772291197.webp?s=45162ba27785a90bbe843371ce4e14642e72b831,9,3
Cover IPhone 17 Pro Max Prada,47.95,Prada,0,https://www.vinted.it/items/8280996086-cover-iphone-17-pro-max-prada?referrer=catalog,35,8280996086,Sold,01/03/2026 06:42:07,,https://images1.vinted.net/t/05_004b2_7A4ony5mKECBA777cSKHWtfX/310x430/1772291082.webp?s=3175c92f11d530c533480dcb64e6a05fc050920f,9,3
Maglietta nera,189.7,Prada,M,https://www.vinted.it/items/8278337050-maglietta-nera?referrer=catalog,2,8278337050,Sold,01/03/2026 06:42:07,,https://images1.vinted.net/t/05_01e05_Kng6Efi6hGWWqvxujKW95DCR/310x430/1772276195.webp?s=a1921279cf804968c5d09cd5dd61c6b8162d23f9,9,3
Prada Camicia,284.2,Prada,M,https://www.vinted.it/items/8280978236-prada-camicia?referrer=catalog,5,8280978236,Sold,01/03/2026 06:42:07,,https://images1.vinted.net/t/05_02269_6P6eqQ3zjwyi7T1iSwijT3DD/310x430/1772290987.webp?s=2b59a6c4a9af66b4ce5dfb8180cf68e4f2a86102,9,3
Schlüssel Anhänger Prada ocean,9.31,Ocean,0,https://www.vinted.it/items/8280971674-schlussel-anhanger-prada-ocean?referrer=catalog,0,8280971674,Sold,01/03/2026 06:42:07,,https://images1.vinted.net/t/03_01e59_gGXA6zixVBtfnkVT2MkZQtsW/310x430/1772290953.webp?s=a438dc286dee8dda9558693ba9033a4f65d9b316,9,3
Prada Keychain robot,231.7,Prada,0,https://www.vinted.it/items/8280952791-prada-keychain-robot?referrer=catalog,0,8280952791,Sold,01/03/2026 06:42:07,,https://images1.vinted.net/t/05_02568_Ww9NTTmYWFiSdrRGKFFsy1WD/310x430/1772290853.webp?s=6e54fd95c1815416076ea089997180256d41ea5d,9,3
Prada Sonnenbrille schwarz Herren (PS 06YS DG002G),126.7,Prada,0,https://www.vinted.it/items/8280947500-prada-sonnenbrille-schwarz-herren-ps-06ys-dg002g?referrer=catalog,0,8280947500,Sold,01/03/2026 06:42:07,,https://images1.vinted.net/t/06_0058e_zm4FrjUJLwiRdyAHHse6J2dY/310x430/1772290825.webp?s=4361ef58ab2fc605e4278ee127d18a2c8aba1ad6,9,3
Caquette prada,74.2,Prada,Taglia unica,https://www.vinted.it/items/8251925599-caquette-prada?referrer=catalog,1,8251925599,Sold,01/03/2026 06:42:07,,https://images1.vinted.net/t/04_00371_vNsfjwMsezyi1pgcSzHpTbsn/310x430/1771944646.webp?s=35a385502d458ab4b6d057df15e62fb0708e3a03,9,3
Prada,21.7,No brand,0,https://www.vinted.it/items/8280937228-prada?referrer=catalog,0,8280937228,Sold,01/03/2026 06:42:07,,https://images1.vinted.net/t/06_0112e_S5ZwF8vWD4nr4ptaRZftiVTM/310x430/1772309429.webp?s=61767e5ce662d7a27f9863c4c1fb7ec54c3202dc,9,3
T shirt Luna Rossa Prada Pirelli,95.2,Luna Rossa,M,https://www.vinted.it/items/8280931722-t-shirt-luna-rossa-prada-pirelli?referrer=catalog,2,8280931722,Sold,01/03/2026 06:42:07,,https://images1.vinted.net/t/04_021eb_jvnKnUXBArX5L3GRttNJpKE7/310x430/1772290741.webp?s=7eddc05ffb57b33fa4238b4eae9ac65ca7c5d500,9,3
Camisa branca Prada,525.7,Prada,M,https://www.vinted.it/items/8280921843-camisa-branca-prada?referrer=catalog,0,8280921843,Sold,01/03/2026 06:42:07,,https://images1.vinted.net/t/06_01bc6_nvzGv5msyp2QXrpARio1xYqV/310x430/1772290689.webp?s=17ab63acffa1ddefabddf7ac0688cb5b168738dc,9,3
Prada Sonnenbrille,142.45,Prada,0,https://www.vinted.it/items/8280913852-prada-sonnenbrille?referrer=catalog,19,8280913852,Sold,01/03/2026 06:42:07,,https://images1.vinted.net/t/05_001da_z9foh9uWDLdujNvoc9SkwtrQ/310x430/1772290646.webp?s=fd45b2cd435db6fadf7fa1341003eab4f798dbda,9,3
Prada,26.95,No brand,0,https://www.vinted.it/items/8280818435-prada?referrer=catalog,37,8280818435,Sold,01/03/2026 06:42:07,,https://images1.vinted.net/t/05_0197a_zUyhQmMdJSTkFP8uf6UQSeo4/310x430/1772290141.webp?s=e3b6f0f942e5f75dd568aef2e678c649ddcdc083,9,3
Housse de couette Agatha Ruiz de la prada,17.5,Agatha Ruiz de la Prada,Matrimoniale (155-190 cm x 200-220 cm),https://www.vinted.it/items/8280888766-housse-de-couette-agatha-ruiz-de-la-prada?referrer=catalog,25,8280888766,Sold,01/03/2026 06:42:07,,https://images1.vinted.net/t/04_007d3_pKtTfhW4UY2aPk1ZPjX5NAQg/310x430/1772290513.webp?s=ae373c86004bc595773c8dbd6647e075f96b345c,9,3
Prada cup bleu foncée ( dark blue ),126.7,Prada,45,https://www.vinted.it/items/8280850211-prada-cup-bleu-foncee-dark-blue?referrer=catalog,12,8280850211,Sold,01/03/2026 06:42:07,,https://images1.vinted.net/t/06_00f31_uPmy4J977FLZ8UEZZ2cQy53t/310x430/1772290308.webp?s=f36a787d04f7bc42020dc5cd545a07da9a12c0b5,9,3
Solo Scatola Prada,16.45,Prada,0,https://www.vinted.it/items/8279880362-solo-scatola-prada?referrer=catalog,3,8279880362,Sold,01/03/2026 06:42:07,,https://images1.vinted.net/t/06_01fff_WwvsUPeQg7p2gBuQxQVUJ7aK/310x430/1772285104.webp?s=42a009df9a0964e0a8b4b59d8f63860c8f2d2f87,9,3
Lunette de soleil Prada,158.2,Prada,0,https://www.vinted.it/items/8280844065-lunette-de-soleil-prada?referrer=catalog,0,8280844065,Sold,01/03/2026 06:42:07,,https://images1.vinted.net/t/06_01f66_wvUzyLqcqC1HuD1FJaaMUXkL/310x430/1772290275.webp?s=1fb51e8a468dc95967260e47380f710d32683232,9,3
borsa prada,105.7,Prada,0,https://www.vinted.it/items/8280814665-borsa-prada?referrer=catalog,46,8280814665,Sold,01/03/2026 06:42:07,,https://images1.vinted.net/t/01_00078_VMJsuKhh95zsL2QCYZ7AYEhp/310x430/1772290121.webp?s=364b3830e502d51200c51c1d3bef5e5790e3be2c,9,3
Prada,53.19,Prada,0,https://www.vinted.it/items/8280814281-prada?referrer=catalog,0,8280814281,Sold,01/03/2026 06:42:07,,https://images1.vinted.net/t/01_017ab_NRxZzJTRJj7fy3duKUa8xn98/310x430/1772290119.webp?s=d2f697d1c469daaf18f709efcbf4dea2386b9ccf,9,3
Polo uomo Luna Rossa Prada Pirelli,126.7,Luna Rossa,S,https://www.vinted.it/items/8280804478-polo-uomo-luna-rossa-prada-pirelli?referrer=catalog,8,8280804478,Sold,01/03/2026 06:42:07,,https://images1.vinted.net/t/05_00df4_jcJsJ4QsG32UgSKPBWPPeHeW/310x430/1772290067.webp?s=9b1bca2b03b5381c4e53cfbb9a4470e3af39d169,9,3
Portachiavi prada,47.95,Prada,0,https://www.vinted.it/items/8280741470-portachiavi-prada?referrer=catalog,8,8280741470,Sold,01/03/2026 06:42:07,,https://images1.vinted.net/t/05_01a16_c24DkbupTBbozKLMSDzcDDLL/310x430/1772289732.webp?s=c93922ec8efb0c452ebcdb14046ed0b52e3b5767,9,3
Felpa Prada Girocollo - Nero,63.69,Prada,L,https://www.vinted.it/items/8280726870-felpa-prada-girocollo-nero?referrer=catalog,1,8280726870,Sold,01/03/2026 06:42:07,,https://images1.vinted.net/t/06_00a2b_2ehkYioSkVyLfED6EnxKHW9A/310x430/1772289654.webp?s=5bb5d819361d7ab3444005f5067035eb10ac9e49,9,3
Prada Re-Nylon puffer jack met afneembare capuchon,1.6807,Prada,S,https://www.vinted.it/items/8280700268-prada-re-nylon-puffer-jack-met-afneembare-capuchon?referrer=catalog,3,8280700268,Sold,01/03/2026 06:42:07,,https://images1.vinted.net/t/05_000b5_28RwfUxcmvLc1JtYCqHuY7q3/310x430/1772289512.webp?s=65b86f01565000917c893a38c11d4f71c97beaf0,9,3
Prada Sonnenbrille - neu & ungetragen,168.7,Prada,0,https://www.vinted.it/items/8280691192-prada-sonnenbrille-neu-ungetragen?referrer=catalog,54,8280691192,Sold,01/03/2026 06:42:07,,https://images1.vinted.net/t/05_00429_2oVxPGAmq8BaTBCuYTirCMRp/310x430/1772289465.webp?s=2b7682f2ab590af6755a60674a0072d19d8cd3cb,9,3
Mocassino Prada,578.2,Prada,41,https://www.vinted.it/items/8280672350-mocassino-prada?referrer=catalog,0,8280672350,Sold,01/03/2026 06:42:07,,https://images1.vinted.net/t/01_007d6_58uRri835Y9DnywTChVc49Ky/310x430/1772289364.webp?s=567685928877625a906da1f27d902e8d61338df4,9,3
Cuffia di lana prada,63.7,Prada,Taglia unica,https://www.vinted.it/items/8194197722-cuffia-di-lana-prada?referrer=catalog,13,8194197722,Sold,01/03/2026 06:42:07,,https://images1.vinted.net/t/05_01bd9_AupVTnMG4U7eEAAE1TcAR9zj/310x430/1771320918.webp?s=a52cafd04476c4d8b212e876cae4c734cf8f95c4,9,3
Idée cadeau Prada,16.45,No brand,0,https://www.vinted.it/items/8280644151-idee-cadeau-prada?referrer=catalog,39,8280644151,Sold,01/03/2026 06:42:07,,https://images1.vinted.net/t/05_02030_LmgdBLxWgtgb92poBmRGxW9x/310x430/1772289212.webp?s=bb24fded5e25fe0a6b4fc2b19ea0ce3830020186,9,3
Prada zonnebril heren,79.45,Prada,0,https://www.vinted.it/items/8280641351-prada-zonnebril-heren?referrer=catalog,9,8280641351,Sold,01/03/2026 06:42:07,,https://images1.vinted.net/t/01_0208b_LTEAWPpBYQ2RhUzDZuxkGSQD/310x430/1772289198.webp?s=2c0375a35bcfce771fc2a5f7a94c5ba81d3698a9,9,3
Profumo Prada da uomo,42.7,Prada,0,https://www.vinted.it/items/8280640164-profumo-prada-da-uomo?referrer=catalog,0,8280640164,Sold,01/03/2026 06:42:07,,https://images1.vinted.net/t/06_022bf_L3pwanBF8nquzaMiq23x1hWF/310x430/1772289191.webp?s=5eb578d79efe6b018887f2ca4e24b91e73ac25e2,9,3
Scarpe sneakers Prada,420.7,Prada,40,https://www.vinted.it/items/8280634017-scarpe-sneakers-prada?referrer=catalog,0,8280634017,Sold,01/03/2026 06:42:07,,https://images1.vinted.net/t/05_00eb3_t51ntAe6VaWcZVEKDjcAWwqb/310x430/1772289158.webp?s=3ad48e4de154cd5ee0cda42d275381acc127d30e,9,3
Gafas de sol Prada unisex,74.2,Prada,0,https://www.vinted.it/items/8280616806-gafas-de-sol-prada-unisex?referrer=catalog,92,8280616806,Sold,01/03/2026 06:42:07,,https://images1.vinted.net/t/01_01544_AnFBsDDPnjvxJTY2X1ep5D1k/310x430/1772289067.webp?s=dd70470e7c17a0c5f213126a9412232900012f6c,9,3
Sac Prada,473.2,Prada,0,https://www.vinted.it/items/8251718677-sac-prada?referrer=catalog,9,8251718677,Sold,01/03/2026 06:42:07,,https://images1.vinted.net/t/03_00015_uZLp7YQD29mMQa31NwXrrYtT/310x430/1771943295.webp?s=216bb9ee5a492536d94aa45631ed692c58f7ad9e,9,3
Mealheiro porquinho Agatha Ruiz de La Prada,10.15,Agatha Ruiz de la Prada,0,https://www.vinted.it/items/8280597826-mealheiro-porquinho-agatha-ruiz-de-la-prada?referrer=catalog,2,8280597826,Sold,01/03/2026 06:42:07,,https://images1.vinted.net/t/05_020de_y3K8Qv3G8K2FRh4zLBB3uWhR/310x430/1772288966.webp?s=b84b328ca9571fe88bd4f8dc6c786238465dca32,9,3
Prada cup noir,116.2,Prada,43,https://www.vinted.it/items/8280585750-prada-cup-noir?referrer=catalog,1,8280585750,Sold,01/03/2026 06:42:07,,https://images1.vinted.net/t/03_01d36_pBRpdZAvsp88C5hjUo1e2xj9/310x430/1772290743.webp?s=86815a97401f18149f4d201b92cd6c96a0a954b9,9,3
Tênis Prada,368.2,Prada,41,https://www.vinted.it/items/8280571493-tenis-prada?referrer=catalog,0,8280571493,Sold,01/03/2026 06:42:07,,https://images1.vinted.net/t/01_008a7_R44LFaezQZ94Xy8yKZE1W1Lt/310x430/1772288826.webp?s=9969843a30b5c3f445b19ff3d2e955fdba6500d2,9,3
Prada Brille,105.7,Prada,0,https://www.vinted.it/items/8280565468-prada-brille?referrer=catalog,0,8280565468,Sold,01/03/2026 06:42:07,,https://images1.vinted.net/t/05_01ac4_GFcKLepfndddPob2AGPR8o8V/310x430/1772288795.webp?s=db51be7d80af2b6a0455b952ade8451870fe6303,9,3
Lait parfumé paradoxe,20.44,Prada,0,https://www.vinted.it/items/8280520414-lait-parfume-paradoxe?referrer=catalog,2,8280520414,Sold,01/03/2026 06:42:07,,https://images1.vinted.net/t/05_016d3_YJGvUgibkahuHacjXo7QDE7g/310x430/1772288555.webp?s=1d7d1e5b09fd67eafcc2f21e2c1f244b4abb8ce0,9,3
Bermuda 36 mesi nuovo,11.2,Agatha Ruiz de la Prada,3 anni / 98 cm,https://www.vinted.it/items/8280478839-bermuda-36-mesi-nuovo?referrer=catalog,16,8280478839,Sold,01/03/2026 06:42:07,,https://images1.vinted.net/t/06_00233_G85NJ7s3GGp7NjhCGUjoSiom/310x430/1772288332.webp?s=3f854d295ef1753d2e329fcffb18b4265977f879,9,3
Occhiali da sole Prada,131.95,Prada,0,https://www.vinted.it/items/8280435899-occhiali-da-sole-prada?referrer=catalog,88,8280435899,Sold,01/03/2026 06:42:07,,https://images1.vinted.net/t/01_000f9_qfUeyW69GK3BkNRfSNHLaUdb/310x430/1772288104.webp?s=a60c510bc51b29e60079afbce1ea2df04e7bf629,9,3
Parfums Prada Paradoxe Eau de - 90ML,47.95,Prada,0,https://www.vinted.it/items/8280394556-parfums-prada-paradoxe-eau-de-90ml?referrer=catalog,1,8280394556,Sold,01/03/2026 06:42:07,,https://images1.vinted.net/t/01_02017_2fDfneP1qKCTJDGvymUgxpfo/310x430/1772287883.webp?s=b5fd67bdb1b305bc7fdde103544bc6ef9265def7,9,3
PRADA Staubbeutel/Schuhbeutel,21.7,Prada,0,https://www.vinted.it/items/8280359871-prada-staubbeutelschuhbeutel-satin-2-stuck-nachtblau?referrer=catalog,0,8280359871,Sold,01/03/2026 06:42:07,,https://images1.vinted.net/t/05_025ed_PKvTGbiYe1QXCE936qyLAnQX/310x430/r3/1772287695.webp?s=97dc6bd8090d56acc3aece52a7f2af516302bccf,9,3
Prada bril nep,40.08,Prada,0,https://www.vinted.it/items/8280349931-prada-bril-nep?referrer=catalog,3,8280349931,Sold,01/03/2026 06:42:07,,https://images1.vinted.net/t/05_023b9_MihsNMiUYKGNuTXp3bpB4ggs/310x430/1772287643.webp?s=604d0dd401d5f52db65beef2f5a582863a3d1dcf,9,3
Prada Cups schwarz black,95.2,Prada,43,https://www.vinted.it/items/8280307072-prada-cups-schwarz-black?referrer=catalog,2,8280307072,Sold,01/03/2026 06:42:07,,https://images1.vinted.net/t/05_0193c_oASoXkEUgTYBUMtUUqk1pe4D/310x430/1772315759.webp?s=99f109376e468784110e81e9a192235eb29ee5f4,9,3
Brume paradoxe,20.55,Prada,0,https://www.vinted.it/items/8280296830-brume-paradoxe?referrer=catalog,26,8280296830,Sold,01/03/2026 06:42:07,,https://images1.vinted.net/t/01_016f4_m4B8DSn6QRqvcv6dD3dbaGPi/310x430/1772287358.webp?s=773181e268ac3f442fc9b960c07cc8d8f3ee6ba1,9,3
Borsa Prada,1.4182,Prada,0,https://www.vinted.it/items/8280255205-borsa-prada?referrer=catalog,17,8280255205,Sold,01/03/2026 06:42:07,,https://images1.vinted.net/t/06_017ac_diNVXQJbznxErB3cdSmzcoxS/310x430/1772287133.webp?s=f73be422ae856840979bb674b003086a062538bb,9,3
Borsa Prada,1.6282,Prada,0,https://www.vinted.it/items/8280251008-borsa-prada?referrer=catalog,0,8280251008,Sold,01/03/2026 06:42:07,,https://images1.vinted.net/t/05_023c6_KFMCgLJNccgn7KoM58t6gk4u/310x430/1772287111.webp?s=a1715564bdbb01b680f0185a2d9d8e9809f8cb10,9,3
Prada Cups 43,95.2,Prada,43,https://www.vinted.it/items/8280225257-prada-cups-43?referrer=catalog,2,8280225257,Sold,01/03/2026 06:42:07,,https://images1.vinted.net/t/05_01bdc_XnL6Aaqd3YJDFfPZYgwL1Lah/310x430/1772286973.webp?s=daa484c89c9dd7a7c08367e274cfd83f0b83a902,9,3
Prada paradoxe 90 ml,47.95,Prada,0,https://www.vinted.it/items/8280219958-prada-paradoxe-90-ml?referrer=catalog,1,8280219958,Sold,01/03/2026 06:42:07,,https://images1.vinted.net/t/06_014c0_LjQvdSdvTY9DPpkCZpUajz38/310x430/1772286945.webp?s=501e9866dd5d13f312109b12beedad3c316e44e9,9,3
Prada Cups,116.2,Prada,42,https://www.vinted.it/items/8280211484-prada-cups?referrer=catalog,2,8280211484,Sold,01/03/2026 06:42:07,,https://images1.vinted.net/t/05_00de8_H4LYdKXBV2Tc4daXQ8foy9DN/310x430/1772286899.webp?s=af62eba20d609a3f835efa87a6f553fe1a647344,9,3
parfum prada Paradoxe,95.2,Prada,0,https://www.vinted.it/items/8280191411-parfum-prada-paradoxe?referrer=catalog,0,8280191411,Sold,01/03/2026 06:42:32,,https://images1.vinted.net/t/05_00b94_L53oHjUvcFk1QpHJVkK319vE/310x430/1772286791.webp?s=9ea641b50e7413ebd54e221afb2d34bd4e9ab8b9,9,4
Lunette de soleil PRADA,221.2,Prada,0,https://www.vinted.it/items/8280183503-lunette-de-soleil-prada?referrer=catalog,0,8280183503,Sold,01/03/2026 06:42:32,,https://images1.vinted.net/t/05_020c8_yFNRnXgbwrobwLZne3RCB7K6/310x430/1772286748.webp?s=cd0aef4f8ccab37e023f5f5cc79078fee945e03d,9,4
Occhiali da sole PRADA Linea Rossa SPS 03X - NUOVI,126.7,Prada,0,https://www.vinted.it/items/8280128688-occhiali-da-sole-prada-linea-rossa-sps-03x-nuovi?referrer=catalog,29,8280128688,Sold,01/03/2026 06:42:32,,https://images1.vinted.net/t/05_00511_oTbfY51bbjSxpyYqqFSTwR78/310x430/1772286450.webp?s=7e15c23b05a13ea1d399406a1f523f4211009455,9,4
Gafas sol,210.7,Prada,0,https://www.vinted.it/items/8280127545-gafas-sol?referrer=catalog,0,8280127545,Sold,01/03/2026 06:42:32,,https://images1.vinted.net/t/06_02312_hskmfTDptT3iwEPPC4YqScoj/310x430/1772286444.webp?s=f2e968f5175870d018c512f7f68f99d0cd3bfbd9,9,4
Prada Cups 42,95.2,Prada,42,https://www.vinted.it/items/8280027537-prada-cups-42?referrer=catalog,35,8280027537,Sold,01/03/2026 06:42:32,,https://images1.vinted.net/t/06_001a5_CXarQ2xvJD3qCxWWz4v7hsja/310x430/1772285905.webp?s=e5b637664d4f26d736b95f8b121ad85141171fa4,9,4
Libro moda Prada,11.2,No brand,0,https://www.vinted.it/items/8280084268-libro-moda-prada?referrer=catalog,17,8280084268,Sold,01/03/2026 06:42:32,,https://images1.vinted.net/t/06_01ec6_tEFfXLBwpq23bc1PnGneVyLE/310x430/1772286210.webp?s=b0be51c79a530efdbfc479f5b16e08deca63137d,9,4
Gafas sol,210.7,Prada,0,https://www.vinted.it/items/8280076712-gafas-sol?referrer=catalog,0,8280076712,Sold,01/03/2026 06:42:32,,https://images1.vinted.net/t/05_01bc9_toRrJ7fDazyXe7s4sxb2eVF6/310x430/1772286169.webp?s=73fd3a8245098bbb7dd10c77158b9e6f1bd9ac17,9,4
Recharge Prada Paradoxe,100.45,Prada,0,https://www.vinted.it/items/8280072380-recharge-prada-paradoxe?referrer=catalog,1,8280072380,Sold,01/03/2026 06:42:32,,https://images1.vinted.net/t/05_021f8_NmKQvD6y1vDz6XPzanvsPi9W/310x430/1772286146.webp?s=62c335f28dd77075a2491a26e434f3f51bf3d63c,9,4
Parfum Prada  Candy,15.4,Prada,0,https://www.vinted.it/items/8280067568-parfum-prada-candy?referrer=catalog,0,8280067568,Sold,01/03/2026 06:42:32,,https://images1.vinted.net/t/06_00a18_2S7y8G4dctSSwJFwvJ4Bu3YX/310x430/1772286120.webp?s=a3e9465ce82ac531bb5f5e7d85f6f62aa46c4e55,9,4
Authentic Designer Perfumes – brand new 💕,66.85,Prada,0,https://www.vinted.it/items/8280061026-authentic-designer-perfumes-brand-new?referrer=catalog,0,8280061026,Sold,01/03/2026 06:42:32,,https://images1.vinted.net/t/06_012f9_rXFCipEnRsaLpccLizG85DWr/310x430/1772286085.webp?s=2253ee92895640b9da8173cf1e27954bba1d0488,9,4
Tarjetero Prada,189.7,Prada,0,https://www.vinted.it/items/8280046714-tarjetero-prada?referrer=catalog,2,8280046714,Sold,01/03/2026 06:42:32,,https://images1.vinted.net/t/06_01192_hPiCenNVMJzBm3R6wXmfSqUP/310x430/1772286008.webp?s=e64f44b2400125a16e9a851eb62a7de1f67f4d43,9,4
Gafas sol,210.7,Prada,0,https://www.vinted.it/items/8280034258-gafas-sol?referrer=catalog,0,8280034258,Sold,01/03/2026 06:42:32,,https://images1.vinted.net/t/05_014f3_fdb24d5hB5PLUJfPKGjcTXQ7/310x430/1772285941.webp?s=fcded9115b078540f5d02c3006606433ff624de9,9,4
Occhiali PRADA,210.7,Prada,0,https://www.vinted.it/items/8279869501-occhiali-prada?referrer=catalog,0,8279869501,Sold,01/03/2026 06:42:32,,https://images1.vinted.net/t/05_00a24_ryr3ube4UYE741aK2D3gBHmf/310x430/1772285044.webp?s=fdb421c09a5ac7fc52bf9d9abd622b8f604be444,9,4
Sneakers Prada originali – nere – condizioni eccellenti con scatola,158.2,Prada,45,https://www.vinted.it/items/8279994491-sneakers-prada-originali-nere-condizioni-eccellenti-con-scatola?referrer=catalog,0,8279994491,Sold,01/03/2026 06:42:32,,https://images1.vinted.net/t/06_0120f_DAkm5FxoZ7tqEHr9SXZgvGC2/310x430/1772285726.webp?s=3cac342cee2e7c9f5ec06dd6334ece2ad326ec18,9,4
Prada Brillenetui inkl Putztuch neu,14.35,Prada,0,https://www.vinted.it/items/8279959168-prada-brillenetui-inkl-putztuch-neu?referrer=catalog,3,8279959168,Sold,01/03/2026 06:42:32,,https://images1.vinted.net/t/05_021be_6SMfbbVcEpXuAhzGzJHNhMXp/310x430/1772285533.webp?s=041190e7b35e97e96dd07e534d2e0c6cfdd365f8,9,4
Prada ocean Luna Rossa,47.95,Prada,0,https://www.vinted.it/items/8279958783-prada-ocean-luna-rossa?referrer=catalog,2,8279958783,Sold,01/03/2026 06:42:32,,https://images1.vinted.net/t/01_01ead_4UESh4Kfnt9PDnw5cv9zwNSF/310x430/1772285531.webp?s=fb7b1e1ad7b1d7d49c47205a4486d42ce2e981a7,9,4
Prada Re-Nylon Bucket Hat Red,331.45,Prada,M,https://www.vinted.it/items/8279953796-prada-re-nylon-bucket-hat-red?referrer=catalog,1,8279953796,Sold,01/03/2026 06:42:32,,https://images1.vinted.net/t/02_01849_UvPBkJaEJox4DzonMYJmX86K/310x430/1772285505.webp?s=147e69172188700f8d756519ac473852d204ea94,9,4
Gafas sol,210.7,Prada,0,https://www.vinted.it/items/8279916709-gafas-sol?referrer=catalog,0,8279916709,Sold,01/03/2026 06:42:32,,https://images1.vinted.net/t/06_01c88_YwaA6e14duSsu6sX4oGc78zT/310x430/1772285302.webp?s=b591e28e28855f10de6d2e21a041bc16a6639097,9,4
Prada Bleistiftrock dunkelgrau mit Schlitz Gr. 36 (italienisch),210.7,Prada,S / IT 40 / EU 36,https://www.vinted.it/items/8279909264-prada-bleistiftrock-dunkelgrau-mit-schlitz-gr-36-italienisch?referrer=catalog,2,8279909264,Sold,01/03/2026 06:42:32,,https://images1.vinted.net/t/06_01be1_RKLxoDtCLvG7t9Jn92hSitZv/310x430/1772285262.webp?s=84e8ae167513dc4416cfbd255475f4fe4ce8fc32,9,4
Prada Luna Rossa Shirt,106.75,Luna Rossa,L,https://www.vinted.it/items/8279900710-prada-luna-rossa-shirt?referrer=catalog,1,8279900710,Sold,01/03/2026 06:42:32,,https://images1.vinted.net/t/06_0165d_1E2V9YUxy5nfQ8cPptZVheyc/310x430/1772285215.webp?s=e44dbd3d99f07ca876bcf05db0504678dab60b54,9,4
Prada Luna Rossa Shirt,106.75,Luna Rossa,M,https://www.vinted.it/items/8279893535-prada-luna-rossa-shirt?referrer=catalog,0,8279893535,Sold,01/03/2026 06:42:32,,https://images1.vinted.net/t/05_003f4_6T81FWAK2SQibh7jV7UERsjA/310x430/1772285176.webp?s=f163da3cbab16aecb3701edd1e29ccc8e9633517,9,4
Prada t-shirt,37.45,Prada,S,https://www.vinted.it/items/8279892361-prada-t-shirt?referrer=catalog,0,8279892361,Sold,01/03/2026 06:42:32,,https://images1.vinted.net/t/06_0266f_eLsHHnfh8RX39a9qW6N9sXwp/310x430/1772285169.webp?s=5b55b5887d327b125b3947b71744cc72f3bac445,9,4
Prada Luna Rossa Shirt,106.75,Luna Rossa,M,https://www.vinted.it/items/8279880328-prada-luna-rossa-shirt?referrer=catalog,2,8279880328,Sold,01/03/2026 06:42:32,,https://images1.vinted.net/t/04_01c10_G63U2pRbNSzEqGJLHXmQXmco/310x430/1772285103.webp?s=e4c19f65550b5d8ad61c2744ce404c124a59a9c1,9,4
Prada Sonnenbrille,305.2,Prada,0,https://www.vinted.it/items/8279873728-prada-sonnenbrille?referrer=catalog,11,8279873728,Sold,01/03/2026 06:42:32,,https://images1.vinted.net/t/05_006b3_MPrvi4x3wi1ktV7zUFmAF19H/310x430/1772285067.webp?s=4ab47708356c1811e3dad2604feca43064d3cad9,9,4
Prada Luna Rossa Shirt,106.75,Luna Rossa,M,https://www.vinted.it/items/8279865697-prada-luna-rossa-shirt?referrer=catalog,4,8279865697,Sold,01/03/2026 06:42:32,,https://images1.vinted.net/t/06_00a85_LB9bSSEUqP4W1rEvh3MNLTDt/310x430/1772285023.webp?s=3f65bc0ff8113389f90fa98b3a0ead021757276d,9,4
Cravatta Prada,116.2,Prada,0,https://www.vinted.it/items/8279864781-cravatta-prada?referrer=catalog,3,8279864781,Sold,01/03/2026 06:42:32,,https://images1.vinted.net/t/05_0239b_o9QmiCB6GNT7gNvtCM4fXJYG/310x430/1772285018.webp?s=151d69e2b0271d8752d687f183d04b7a245aaee0,9,4
Parfum Paradoxe Prada,105.7,Prada,0,https://www.vinted.it/items/8279660646-parfum-paradoxe-prada?referrer=catalog,0,8279660646,Sold,01/03/2026 06:42:32,,https://images1.vinted.net/t/06_0229b_rcZCoHV3MDBxmmAdS7s46Ku1/310x430/1772283893.webp?s=47bd9b3398c4a328d8ec726dbf95828592e31b42,9,4
prada gilet pour homme,473.2,Prada,L,https://www.vinted.it/items/8279826431-prada-gilet-pour-homme?referrer=catalog,10,8279826431,Sold,01/03/2026 06:42:32,,https://images1.vinted.net/t/04_00969_nWoA7bHXn9j6eCej9wSVarR4/310x430/1772284808.webp?s=df5b2d1ecaae04e1aed114b7813800755f4a0ee3,9,4
Prada cups hellblau,74.2,Prada,44,https://www.vinted.it/items/8279819935-prada-cups-hellblau?referrer=catalog,5,8279819935,Sold,01/03/2026 06:42:32,,https://images1.vinted.net/t/05_0238d_SAnznUpZwWwPpTnzWHE6sgz8/310x430/1772284772.webp?s=d2089d43a846a30cf93842a7cb36111aea4cfb96,9,4
Prada SPR 62S 1AB-0A7 occhiali da sole,131.95,Prada,0,https://www.vinted.it/items/8273915024-prada-spr-62s-1ab-0a7-occhiali-da-sole?referrer=catalog,3,8273915024,Sold,01/03/2026 06:44:27,,https://images1.vinted.net/t/06_01320_QY7f32Krt8UAgyGFgdpxSEWj/310x430/1772209372.webp?s=e821cc5a6cd57e7418b703ee14a45ca051f3a114,9,8
Maglione Prada,561.0,Prada,S / IT 40 / EU 36,https://www.vinted.it/items/8271357273-maglione-prada?referrer=catalog,4,8271357273,Sold,01/03/2026 06:44:53,,https://images1.vinted.net/t/04_00bcc_qne65uKd5VvAFEjr1pUfbUNk/310x430/1772190822.webp?s=69ce59e864a85a9edbe13c6f2ed1886f783bcf5b,9,9
Prada paradoxe Parfum,89.95,Prada,0,https://www.vinted.it/items/8271397346-prada-paradoxe-parfum?referrer=catalog,0,8271397346,Sold,01/03/2026 06:44:53,,https://images1.vinted.net/t/01_0050b_4DsBRUfPkXgbwHMVjc4Pm699/310x430/1772191129.webp?s=187328815c8c5442986561aba15d48997ca45942,9,9
Prada Beauty charms,26.95,Prada beauty,0,https://www.vinted.it/items/8271555051-prada-beauty-charms?referrer=catalog,1,8271555051,Sold,01/03/2026 06:44:53,,https://images1.vinted.net/t/05_0137f_x2xXDWgAiomHXcHGueDyzeW3/310x430/1772192356.webp?s=eefbe49e843f0c067dbb2419514cfbf2085bd67e,9,9
Pantaloncini Luna Rossa Prada Pirelli,189.7,Luna Rossa,XL,https://www.vinted.it/items/8271551562-pantaloncini-luna-rossa-prada-pirelli?referrer=catalog,21,8271551562,Sold,01/03/2026 06:44:53,,https://images1.vinted.net/t/05_00c4f_UJDTJAuQJZaa8LQS18NWsuhf/310x430/1772192329.webp?s=b3bdc54a977665a52699e0e563104c0a6f128fdd,9,9
T-shirt Luna Rossa Prada Pirelli,116.2,Luna Rossa,XL,https://www.vinted.it/items/8271526772-t-shirt-luna-rossa-prada-pirelli?referrer=catalog,24,8271526772,Sold,01/03/2026 06:44:53,,https://images1.vinted.net/t/03_00aea_p5ehykH8VyNSQjuWAHrpwAN1/310x430/1772192134.webp?s=706feef9df0a3c2fa7b3095fd52ce30c55d7c5f7,9,9
Libro nuovo Prada,13.3,No brand,0,https://www.vinted.it/items/8271509257-libro-nuovo-prada?referrer=catalog,20,8271509257,Sold,01/03/2026 06:44:53,,https://images1.vinted.net/t/05_026c6_qWmpTTtWg6WYRa6ayEP7zHMv/310x430/1772191998.webp?s=ebe6f077efba7656a460f9d62d8f9434e8d1a51b,9,9
Occhiali,189.7,Prada,0,https://www.vinted.it/items/8242531183-occhiali?referrer=catalog,0,8242531183,Sold,01/03/2026 06:44:53,,https://images1.vinted.net/t/06_01625_RZ11NWdCf2xnaGFKsgttzUVy/310x430/1771845975.webp?s=d39e4837753966f11e6c2287033664e31ab54b56,9,9
Prada zonnebril,47.95,Prada,0,https://www.vinted.it/items/8271485833-prada-zonnebril?referrer=catalog,5,8271485833,Sold,01/03/2026 06:44:53,,https://images1.vinted.net/t/05_01b76_jiM12vJRYMi5GeUVniWAh9TB/310x430/1772191814.webp?s=edec4b857cf656957994d19241a8919c5d10f88a,9,9
Gafas de sol Prada,137.2,Prada,0,https://www.vinted.it/items/8271478826-gafas-de-sol-prada?referrer=catalog,23,8271478826,Sold,01/03/2026 06:44:53,,https://images1.vinted.net/t/05_00333_3UoPRCGZcpgrenetJGGY7Wg2/310x430/1772191759.webp?s=6cc1c63346a70c752231eacd955f16234e34e5a6,9,9
PRADA Catwalk - Die Kollektionen,47.95,No brand,0,https://www.vinted.it/items/8271461255-prada-catwalk-die-kollektionen?referrer=catalog,0,8271461255,Sold,01/03/2026 06:44:53,,https://images1.vinted.net/t/05_019ea_DAzLexJxqQf1MZgaKvxigiyb/310x430/1772191623.webp?s=140e4641d5064c7426973297601f55ebeda7e454,9,9
Prada candy,53.2,Prada,0,https://www.vinted.it/items/8271461071-prada-candy?referrer=catalog,1,8271461071,Sold,01/03/2026 06:44:53,,https://images1.vinted.net/t/04_01f0f_EywTSCC9Aoj1XyZUbTJsDvix/310x430/1772191622.webp?s=55d26244d706294bd7ff5f55e6507233f5059025,9,9
Pendientes,9.1,Agatha Ruiz de la Prada,0,https://www.vinted.it/items/8271434716-pendientes?referrer=catalog,2,8271434716,Sold,01/03/2026 06:44:53,,https://images1.vinted.net/t/05_00907_RMAJPKxZd2RCSM5RkzxeUDnx/310x430/1772191417.webp?s=e373e06f6397ed9c3a007c32c0b68abbeb73687f,9,9
Prada Ocean Luna Rossa Le Parfum,63.7,Prada,0,https://www.vinted.it/items/8271424417-prada-ocean-luna-rossa-le-parfum?referrer=catalog,2,8271424417,Sold,01/03/2026 06:44:53,,https://images1.vinted.net/t/01_0185f_z7QgYuEzgdjF8Y1e7WPAnnQW/310x430/1772191336.webp?s=8e0923b5a99197bb7ea63babe3696cd1221458a6,9,9
Scarpe da collezione Prada,200.2,Prada,45,https://www.vinted.it/items/8271404098-scarpe-da-collezione-prada?referrer=catalog,40,8271404098,Sold,01/03/2026 06:44:53,,https://images1.vinted.net/t/06_009c0_pTbEWhvp2uPMQrhG95BYzmgD/310x430/1772191181.webp?s=08180b56674cf72d24a394c46021df8afd618e01,9,9
Gonna Midi Prada lana,105.7,Prada,Altro,https://www.vinted.it/items/8271383744-gonna-midi-prada-lana?referrer=catalog,11,8271383744,Sold,01/03/2026 06:44:53,,https://images1.vinted.net/t/04_02149_RL9NAVmkWUyHrmcemw4v6zCb/310x430/1772191026.webp?s=c4066a87c6a75cf34f819007e802726994c1c4a6,9,9
Mini Lippenstift Prada,9.1,Prada,0,https://www.vinted.it/items/8271370164-mini-lippenstift-prada?referrer=catalog,17,8271370164,Sold,01/03/2026 06:44:53,,https://images1.vinted.net/t/05_000c1_qEyVbBvV1W6CnuDbxg1VALjs/310x430/1772190922.webp?s=a2d60d9d81945713a848874eae65afc5a3b56da1,9,9
Prada Milano Anzug dunkelbraun Gr. 52R/XL/L Wolle formell klassisch Straight Leg NEU,524.65,Prada,L,https://www.vinted.it/items/8271188823-prada-milano-anzug-dunkelbraun-gr-52rxll-wolle-formell-klassisch-straight-leg-neu?referrer=catalog,2,8271188823,Sold,01/03/2026 06:44:53,,https://images1.vinted.net/t/01_01a73_TdCUukvUzZPR2FqAWJJdWyMZ/310x430/1772190885.webp?s=128257d0611ac2fe413bc99b94b38846d845ed70,9,9
Prada Milano Anzug dunkelblau Gr. 52R/XL/L Mohair Seide formell klassisch NEU,559.98,Prada,L,https://www.vinted.it/items/8271132141-prada-milano-anzug-dunkelblau-gr-52rxll-mohair-seide-formell-klassisch-neu?referrer=catalog,3,8271132141,Sold,01/03/2026 06:44:53,,https://images1.vinted.net/t/06_012f1_WMAdN1S7PSm2W7DLNNwEatpZ/310x430/1772190837.webp?s=f6b3cb86189c30540f8dad9c30098614b160017e,9,9
Lunette Prada polarisé neuve,147.7,Prada,0,https://www.vinted.it/items/8271342716-lunette-prada-polarise-neuve?referrer=catalog,10,8271342716,Sold,01/03/2026 06:44:53,,https://images1.vinted.net/t/05_01e01_LEaCbqaHkAt6aHoAmRYxstuQ/310x430/1772190710.webp?s=d964307a2b335b4d11476d398f78b4f41c259932,9,9
Scarpa / Stivaletto uomo - Prada,1.0402,Prada,43,https://www.vinted.it/items/8271257471-scarpa-stivaletto-uomo-prada?referrer=catalog,0,8271257471,Sold,01/03/2026 06:46:22,,https://images1.vinted.net/t/01_023c9_wR5euwragHt2w2jyCAQ5R2Vj/310x430/1772190063.webp?s=044695b47e35c74bb8361a9be4ba19b2caa7ed72,9,10
Basket Prada,368.2,Prada,41,https://www.vinted.it/items/8271219678-basket-prada-41-12?referrer=catalog,2,8271219678,Sold,01/03/2026 06:46:22,,https://images1.vinted.net/t/06_01fde_EG1hBWRWpquaRGGjRKYHf4cZ/310x430/1772189848.webp?s=b4011ff2069410821d02552964115d6b15f377ea,9,10
Parfum Prada paradigme,126.7,Prada,0,https://www.vinted.it/items/8271218885-parfum-prada-paradigme?referrer=catalog,0,8271218885,Sold,01/03/2026 06:46:22,,https://images1.vinted.net/t/05_01613_aQg9zQHQdbPiQ9C2w2edkggB/310x430/1772189778.webp?s=df926424441ef2a6b04b3835ee76ae72ba7e6543,9,10
Prada Black Heels – Size 37.5,210.7,Prada,37.5,https://www.vinted.it/items/8271203987-prada-black-heels-size-375?referrer=catalog,30,8271203987,Sold,01/03/2026 06:46:22,,https://images1.vinted.net/t/06_01688_tQu9meBnfiwPL3Gkex9mFq5a/310x430/1772189668.webp?s=dcd65ef6009790a39a619135b63a6d231992e429,9,10
Chanel,247.45,No brand,0,https://www.vinted.it/items/8271200597-chanel-dior-prada-vivienne-westwood-catwalk-books?referrer=catalog,6,8271200597,Sold,01/03/2026 06:46:22,,https://images1.vinted.net/t/01_023d5_MSWUMDxqUTksu5wktDcsNvay/310x430/1772189643.webp?s=8318d54fc215c27b584d58447aef06d6878fa5af,9,10
Abito Prada uomo,525.7,Prada,52,https://www.vinted.it/items/8271196317-abito-prada-uomo?referrer=catalog,0,8271196317,Sold,01/03/2026 06:46:22,,https://images1.vinted.net/t/04_0166f_LfDts7jh2ANV6BPB8eaPssQK/310x430/1772189611.webp?s=b16a0ae388de88421e18ea08a9848773fbaa038f,9,10
Prada schuhe,263.2,Prada,43,https://www.vinted.it/items/8271151197-prada-schuhe?referrer=catalog,2,8271151197,Sold,01/03/2026 06:46:22,,https://images1.vinted.net/t/05_00e78_j4xGwhWEzyFGoKmLX15fDbcc/310x430/1772189276.webp?s=137bcf786c9b3ae73f7b5533ae30d84ce0125f55,9,10
Paradoxe/Prada,37.45,Chogan,0,https://www.vinted.it/items/8271137855-paradoxeprada?referrer=catalog,0,8271137855,Sold,01/03/2026 06:46:22,,https://images1.vinted.net/t/05_00610_sqcYw9XnsaMkCmpRWfTcv49h/310x430/1772189178.webp?s=87d480328a3d710b55c12c615c789815738a5040,9,10
Occhiale Prada,105.7,Prada,0,https://www.vinted.it/items/8271136528-occhiale-prada?referrer=catalog,0,8271136528,Sold,01/03/2026 06:46:22,,https://images1.vinted.net/t/05_02649_aVVuWcj8FLMeZ7S4emXsVAN9/310x430/1772189168.webp?s=273d5c923122ada04d2a83b94fa749835ce5a371,9,10
Prada Cups dunkel blau,578.2,Prada,44,https://www.vinted.it/items/8271113713-prada-cups-dunkel-blau?referrer=catalog,0,8271113713,Sold,01/03/2026 06:46:22,,https://images1.vinted.net/t/06_01c70_1JPHAUXu9TqtKQWs7YCrpipt/310x430/1772188999.webp?s=419de0ef23e558e3ed43694660e047e00d2cd9e3,9,10
Basket Prada,368.2,Prada,46,https://www.vinted.it/items/8271068531-basket-prada-america-cup-46?referrer=catalog,4,8271068531,Sold,01/03/2026 06:46:22,,https://images1.vinted.net/t/05_00074_j9BsUSLKwWM6kuXJ7ZgQC8pE/310x430/1772188667.webp?s=af9ba0c7698227643ae1492ed78233f117d65a42,9,10
Bottes lacets Prada,105.7,Prada,38,https://www.vinted.it/items/8271047399-bottes-lacets-prada?referrer=catalog,0,8271047399,Sold,01/03/2026 06:46:22,,https://images1.vinted.net/t/06_0201d_VVtArTT4WXjoc4ewZrnJ3TMa/310x430/1772188510.webp?s=08add819e18419fb7662043f69c8153a610e890e,9,10
Chaussures à talons Prada,473.2,Prada,38.5,https://www.vinted.it/items/8271023245-chaussures-a-talons-prada?referrer=catalog,0,8271023245,Sold,01/03/2026 06:46:22,,https://images1.vinted.net/t/05_01a1c_GeDnsyjSXEzyxP9M1cb3zDe6/310x430/1772188329.webp?s=c7c9134eebb02866da895ef36df39c4521b87460,9,10
Occhiali Prada maculati,158.2,Prada,0,https://www.vinted.it/items/8270857081-occhiali-prada-maculati?referrer=catalog,2,8270857081,Sold,01/03/2026 06:46:22,,https://images1.vinted.net/t/01_00299_KNVjpi84QkH7XjUeRdfxcGKa/310x430/1772187064.webp?s=49a0412ca0ddb450674c0a1c7c229e4da1d2b4b0,9,10
Prada paradox virtual flower eau de parfum,21.7,Prada,0,https://www.vinted.it/items/8270968926-prada-paradox-virtual-flower-eau-de-parfum?referrer=catalog,17,8270968926,Sold,01/03/2026 06:46:22,,https://images1.vinted.net/t/01_00b28_PfeQzufBLnqoz9xAbuNbLq9E/310x430/1772187916.webp?s=2c0d9a1297b7b7db60b5f935a326db796e454e13,9,10
Prada Symbole Bag,893.2,Prada,0,https://www.vinted.it/items/8270940826-prada-symbole-bag?referrer=catalog,17,8270940826,Sold,01/03/2026 06:46:22,,https://images1.vinted.net/t/01_00391_BpXVraPY85hMVgHQQyoQ82md/310x430/1772187704.webp?s=20ea716e5e3f8286d1b3dcf597cf16cd4af1baad,9,10
Lunette de soleil PRADA,284.2,Prada,0,https://www.vinted.it/items/8270921296-lunette-de-soleil-prada?referrer=catalog,0,8270921296,Sold,01/03/2026 06:46:22,,https://images1.vinted.net/t/06_01228_FgRSUGT1j5MFZRct4kNi4uYm/310x430/1772187553.webp?s=b80c53bcbac6194a1663729dc27b0c7a47113502,9,10
Prada Tracolla,420.7,Prada,0,https://www.vinted.it/items/8270809727-prada-tracolla?referrer=catalog,1,8270809727,Sold,01/03/2026 06:46:22,,https://images1.vinted.net/t/05_00973_SZdqbbTxRD8mTBn8UEBsjzsg/310x430/1772186698.webp?s=b45f8b79249f1c84fbd1f277cf973c106a0ad587,9,10
Borsa shopper Prada,1.5757,Prada,0,https://www.vinted.it/items/8270901309-borsa-shopper-prada?referrer=catalog,1,8270901309,Sold,01/03/2026 06:46:22,,https://images1.vinted.net/t/03_01157_Ac7rerwhrerRvui4piJZfF2f/310x430/1772187403.webp?s=4877004d5f49999060008c222dc7cc636e4ee551,9,10
Derbies Prada T : 8.5 (42,441.7,Prada,42,https://www.vinted.it/items/8270823115-derbies-prada-t-85-425?referrer=catalog,0,8270823115,Sold,01/03/2026 06:46:22,,https://images1.vinted.net/t/06_00ad4_HUEHYg7gJjtfZk74jSGRcShH/310x430/1772210683.webp?s=550e28986e826ee0e22f9cbd87dcafe880e20e94,9,10
Libro el diablo viste de prada,3.85,No brand,0,https://www.vinted.it/items/8270808684-libro-el-diablo-viste-de-prada?referrer=catalog,2,8270808684,Sold,01/03/2026 06:46:22,,https://images1.vinted.net/t/05_020b3_KpzVNGx1vNZfD4i91sTusyM1/310x430/1772186689.webp?s=1b4d476f44ef37a6f4c67148dd7571d1020ba942,9,10
Libro La venganza viste de prada,2.8,No brand,0,https://www.vinted.it/items/8270799638-libro-la-venganza-viste-de-prada?referrer=catalog,2,8270799638,Sold,01/03/2026 06:46:22,,https://images1.vinted.net/t/01_0247e_kefALB6A64fLHjiffoYmcwm7/310x430/1772186619.webp?s=7e15ae2cd7589a9b66245ef90fb2b294252c5838,9,10
Eau de parfum 50 ml Prada Paradoxe,47.95,Prada,0,https://www.vinted.it/items/8270792223-eau-de-parfum-50-ml-prada-paradoxe?referrer=catalog,3,8270792223,Sold,01/03/2026 06:46:22,,https://images1.vinted.net/t/01_003b3_sdMgtgJo4ptZ9LZ1Eqja2mkv/310x430/1772186559.webp?s=b50aadb715b35360d022f3fde62cd12dd55091a3,9,10
Parfum Prada Paradoxe 50 ml neuf,68.95,Prada,0,https://www.vinted.it/items/8270752400-parfum-prada-paradoxe-50-ml-neuf?referrer=catalog,0,8270752400,Sold,01/03/2026 06:46:22,,https://images1.vinted.net/t/01_021a5_7UkApvAYKNkAVW8ctigbWtDV/310x430/1772186241.webp?s=d597d838f91629be50a60f0123fed4409bc9711d,9,10
Prada Sonnenbrille,179.2,Prada,0,https://www.vinted.it/items/8270750929-prada-sonnenbrille?referrer=catalog,1,8270750929,Sold,01/03/2026 06:46:22,,https://images1.vinted.net/t/06_005af_N4t9dceWRhwmKmHkd9MoaaLA/310x430/1772186229.webp?s=78078f415aa8ffc7e916c426d04fffe265cc51f1,9,10
PRada,40.6,De,0,https://www.vinted.it/items/8270742705-prada?referrer=catalog,0,8270742705,Sold,01/03/2026 06:46:22,,https://images1.vinted.net/t/05_01a9d_jaM2AFZ6jqgKFzAst9uCrfxe/310x430/1772186162.webp?s=141611930eb50f446f136e72e1312d16c9e6c3ee,9,10
Prada + DG shopping bag,3.85,Prada,0,https://www.vinted.it/items/8270739279-prada-dg-shopping-bag?referrer=catalog,1,8270739279,Sold,01/03/2026 06:46:22,,https://images1.vinted.net/t/05_01046_arewsqym9Br2hu33pHZYwdZf/310x430/1772186162.webp?s=3af42c15227bc6aee50a1444ec31de91f5aba228,9,10
Maglione Prada bianco a costine con zip - 100% cotone/ White Prada Ribbed Zip Sweater – 100% Cotton,68.95,Prada,Altro,https://www.vinted.it/items/8270348251-maglione-prada-bianco-a-costine-con-zip-100-cotone-white-prada-ribbed-zip-sweater-100-cotton?referrer=catalog,63,8270348251,Sold,01/03/2026 06:46:22,,https://images1.vinted.net/t/06_02537_BieDcyA1vREWAHDu9wGNvqrc/310x430/1772182603.webp?s=9eb7d184fc7621d7f68d6083fb2a9b8b54137d45,9,10
Tuta Prada 2 pezzi originale  100%,399.7,Prada,XS / IT 38 / EU 34,https://www.vinted.it/items/8270683237-tuta-prada-2-pezzi-originale-100?referrer=catalog,5,8270683237,Sold,01/03/2026 06:46:22,,https://images1.vinted.net/t/01_0065b_f2UQzPZJarYaGxvPHyqG9EDV/310x430/1772185674.webp?s=e3193de0c9d8b7c7ea12449421f6333796e7a27f,9,10
Prada - La femme Crema per il corpo,42.7,Prada,0,https://www.vinted.it/items/8270656312-prada-la-femme-crema-per-il-corpo?referrer=catalog,1,8270656312,Sold,01/03/2026 06:46:22,,https://images1.vinted.net/t/06_00a01_iVby1QWdGErd4h4vkV2kxRLL/310x430/1772185450.webp?s=863d9450c1396de2baa66545edcd5dbce99b081b,9,10
Original Prada Schuhe,399.7,Prada,37,https://www.vinted.it/items/8270654015-original-prada-schuhe-trend?referrer=catalog,43,8270654015,Sold,01/03/2026 06:46:22,,https://images1.vinted.net/t/01_01629_G8Fu3Kc8tt3VqrNjTjM7bJKB/310x430/1772185431.webp?s=e4822a02ca4bc178e3e302c20ca481403b121821,9,10
Lunettes,189.7,Prada,0,https://www.vinted.it/items/8270645295-lunettes-prada?referrer=catalog,0,8270645295,Sold,01/03/2026 06:46:22,,https://images1.vinted.net/t/04_000e2_okuyM9R4G45KoYypS3JQCPJw/310x430/1772185360.webp?s=585bdef0d3ba8e947c4d73bc38182c811585e831,9,10
Occhiali Prada unisex,168.7,Prada,0,https://www.vinted.it/items/8270596064-occhiali-prada-unisex?referrer=catalog,3,8270596064,Sold,01/03/2026 06:46:22,,https://images1.vinted.net/t/06_0123e_D9arSqkKoHNs3Edr2jnv9ehu/310x430/1772184938.webp?s=fc3d91095f6398cebc1bab4f2283324b0bf0140d,9,10
Prada défilé,200.2,Prada,0,https://www.vinted.it/items/8270589418-prada-defile?referrer=catalog,1,8270589418,Sold,01/03/2026 06:46:22,,https://images1.vinted.net/t/03_018e1_9gurw8xNNYnxdVwbPdQR5YQx/310x430/1772184881.webp?s=26082c5b80aee65058fa2eae646316a1f84804bd,9,10
PRADA Milano Grey Hoodie - Embossed Logo (Great Condition),21.7,Local,M,https://www.vinted.it/items/8270560483-prada-milano-grey-hoodie-embossed-logo-great-condition?referrer=catalog,0,8270560483,Sold,01/03/2026 06:46:22,,https://images1.vinted.net/t/01_02502_2EVZgjhDz89B45jgzNfKaZHK/310x430/1772184628.webp?s=46328af6516af3d2f2188fff31d440ff237d314a,9,10
Lunettes de soleil Prada,158.2,Prada,0,https://www.vinted.it/items/8270552695-lunettes-de-soleil-prada?referrer=catalog,2,8270552695,Sold,01/03/2026 06:46:22,,https://images1.vinted.net/t/06_01b7a_f16VKmkpqBSQiZmyzAgoa5UG/310x430/1772184559.webp?s=f44e96ff81b5aa30294d0e6bd966dfaf5bd774b1,9,10
Occhiali da sole Prada,158.2,Prada,0,https://www.vinted.it/items/8270540135-occhiali-da-sole-prada?referrer=catalog,2,8270540135,Sold,01/03/2026 06:46:22,,https://images1.vinted.net/t/05_00526_aY3H2usfgvVHA2ZMjjnZMC1V/310x430/1772184446.webp?s=c1ed869adef766d59a061a9e26e7d1f7ef55afa8,9,10
Toalla de playa!!,15.4,Agatha Ruiz de la Prada,0,https://www.vinted.it/items/8270508975-toalla-de-playa?referrer=catalog,0,8270508975,Sold,01/03/2026 06:46:22,,https://images1.vinted.net/t/05_012c8_xWyLgwFqm4qcU4wUozkey36p/310x430/1772184389.webp?s=783db3e14be3acff7ec4b324f544931ceb133928,9,10
Pantalon Prada t.40,158.2,Prada,L / IT 44 / EU 40,https://www.vinted.it/items/8270466792-pantalon-prada-t40?referrer=catalog,0,8270466792,Sold,01/03/2026 06:46:22,,https://images1.vinted.net/t/05_009f1_3tfXHhiqHq1DX5f3aMkFivKN/310x430/1772183778.webp?s=5934ab71f4919ab1ba8779a76ea9bd28966f0dd1,9,10
Prada Paradoxe Eau de Parfum – 7 ml,29.05,Prada,0,https://www.vinted.it/items/8270427401-prada-paradoxe-eau-de-parfum-7-ml?referrer=catalog,2,8270427401,Sold,01/03/2026 06:46:22,,https://images1.vinted.net/t/05_007a8_ZFmgnZiP8WdWG6ZmVXkwY2wt/310x430/1772183400.webp?s=d7eed471138ec7c2ce6b8ac6560b0d7874cd362d,9,10
montatura blu prada,95.2,Prada,0,https://www.vinted.it/items/8270386602-montatura-blu-prada?referrer=catalog,14,8270386602,Sold,01/03/2026 06:46:22,,https://images1.vinted.net/t/01_02144_P7AMz4qfrA5iW3cwpRRGXC4D/310x430/1772258636.webp?s=cc92a3e716ee5dfbf5687b5b4853026502ffcd56,9,10
Parfum prada 90 ml,44.8,Prada,0,https://www.vinted.it/items/8270327675-parfum-prada-90-ml?referrer=catalog,0,8270327675,Sold,01/03/2026 06:46:22,,https://images1.vinted.net/t/06_00403_Ec9ACzwmnzuicejTA68uNPhq/310x430/1772182391.webp?s=0fbac1e757fed1bc2b9a3f448a95ec2c564b5018,9,10
Prada Cups,84.7,Prada,44,https://www.vinted.it/items/8269835686-prada-cups?referrer=catalog,18,8269835686,Sold,01/03/2026 06:46:22,,https://images1.vinted.net/t/06_017d4_1iPPRiMPenmDTxfuaK81hAce/310x430/1772174258.webp?s=ab164a958fd6fc57805db84404c983f01ae3e300,9,10
Lot de 5 paires de socquettes neuves 36/39 Agatha Ruiz de la Prada,15.4,Agatha Ruiz de la Prada,37-39,https://www.vinted.it/items/8270305468-lot-de-5-paires-de-socquettes-neuves-3639-agatha-ruiz-de-la-prada?referrer=catalog,0,8270305468,Sold,01/03/2026 06:46:22,,https://images1.vinted.net/t/06_01a76_SxbPqk6gNtGUDdxuB6ELXSka/310x430/1772182156.webp?s=adfc29dd8b3778a10a6d9958c49dcc7549ce718c,9,10
Prada Paradoxe 50ml,68.95,Prada,0,https://www.vinted.it/items/8270304918-prada-paradoxe-50ml?referrer=catalog,1,8270304918,Sold,01/03/2026 06:46:22,,https://images1.vinted.net/t/05_01cd2_QdeYDnQE5zuFWo3icVpAwZj3/310x430/1772182150.webp?s=ff366fd7c09d82711a08a2b26f1393f1a3d9a52f,9,10
Prada Herren Sonnenbrille SPRA16 16K-731 neu mit Etui,230.65,Prada,0,https://www.vinted.it/items/8270273325-prada-herren-sonnenbrille-spra16-16k-731-neu-mit-etui?referrer=catalog,0,8270273325,Sold,01/03/2026 06:46:22,,https://images1.vinted.net/t/05_006e4_eZGUjMEbGTvas76q92yoRGTN/310x430/1772181806.webp?s=79261396ba80946ec83b4500be3054c3d069bafd,9,10
Prada sunglasses,184.45,Prada,0,https://www.vinted.it/items/8270231014-prada-sunglasses?referrer=catalog,5,8270231014,Sold,01/03/2026 06:46:22,,https://images1.vinted.net/t/06_00a7c_y4wBUX3oYNA1RAh9kFHrxDQ8/310x430/1772181320.webp?s=43571c9a3a0692d8fa608cd6e5a2447a613ec329,9,10
Fond de Teint Prada,5.95,Prada,0,https://www.vinted.it/items/8270262706-fond-de-teint-prada?referrer=catalog,2,8270262706,Sold,01/03/2026 06:46:22,,https://images1.vinted.net/t/04_022b0_o5kv2BjHYfBhKyr9yLrfC9Zf/310x430/1772181689.webp?s=ef52b7a5f98926b91c1cbc75593d92881ffb698a,9,10
Mocassino Prada donna,142.45,Prada,37,https://www.vinted.it/items/8270257873-mocassino-prada-donna?referrer=catalog,2,8270257873,Sold,01/03/2026 06:46:22,,https://images1.vinted.net/t/06_01354_a9EPjcJpxGTGtdXHZMqzhPp4/310x430/1772181634.webp?s=b5a59851eb65d30491add301edd082ccea0554da,9,10
espadrillas uomo Prada,263.2,Prada,42,https://www.vinted.it/items/8270236160-espadrillas-uomo-prada?referrer=catalog,13,8270236160,Sold,01/03/2026 06:46:22,,https://images1.vinted.net/t/05_01185_ph6zuDCSpHut8TpzBzyZTx4L/310x430/1772181382.webp?s=5dc0bdd126405cbff36c749c783421f7ee47c4fa,9,10
Occhiali da sole Prada symbole,299.95,Prada,0,https://www.vinted.it/items/8270192666-occhiali-da-sole-prada-symbole?referrer=catalog,0,8270192666,Sold,01/03/2026 06:46:22,,https://images1.vinted.net/t/06_00ab7_e8NtPD8RowdJDMAHGWmqCuTg/310x430/1772180861.webp?s=1c24d3502b649b0b95e7edcdd6574a0c0b58f311,9,10
Cardigan Prada,210.7,Prada,XS / IT 38 / EU 34,https://www.vinted.it/items/8270142351-cardigan-prada?referrer=catalog,1,8270142351,Sold,01/03/2026 06:46:22,,https://images1.vinted.net/t/05_00172_8jKNZy9APPnhjfDWM62aFKB1/310x430/1772180226.webp?s=85de015ae6b6db8594815e34433f0bdf2cf854f2,9,10
Prada cup,126.7,Prada,45,https://www.vinted.it/items/8270119474-prada-cup?referrer=catalog,2,8270119474,Sold,01/03/2026 06:46:22,,https://images1.vinted.net/t/06_01054_D1csj33Kf2ihxV7DpzKBZDYv/310x430/1772179913.webp?s=32d69bd73d2ee294dc879ffc36cea2a4c65d0336,9,10
parfum prada,47.95,Prada,0,https://www.vinted.it/items/8270083391-parfum-prada?referrer=catalog,1,8270083391,Sold,01/03/2026 06:46:22,,https://images1.vinted.net/t/04_001f5_ZqGxdzX7mTGkyJ9HLLdYNGaw/310x430/1772179402.webp?s=b9a5f042968c4f35876d45e5622d060a12d6b4eb,9,10
Prada Infusion de Vanille perfume mujer,50.05,Prada,0,https://www.vinted.it/items/8270075655-prada-infusion-de-vanille-perfume-mujer?referrer=catalog,11,8270075655,Sold,01/03/2026 06:46:22,,https://images1.vinted.net/t/01_02250_TJE57yvmj2ojCPo8epPBRVwk/310x430/1772179287.webp?s=f12652db1b29bda3ffd23b805b04361f96a056d8,9,10
Prada Crystal Cleo,2.1007,Prada,0,https://www.vinted.it/items/8270066460-prada-crystal-cleo?referrer=catalog,0,8270066460,Sold,01/03/2026 06:46:22,,https://images1.vinted.net/t/01_0018c_ejQbH8TxnQB4jwSwaiU7nf9d/310x430/1772179151.webp?s=7f59ab0256af68aa127649a3501d5cbc9c2eda20,9,10
Camisa de noite Agatha Ruiz de la Prada,7.0,Agatha Ruiz de la Prada,L / IT 44 / EU 40,https://www.vinted.it/items/8270065834-camisa-de-noite-agatha-ruiz-de-la-prada?referrer=catalog,1,8270065834,Sold,01/03/2026 06:46:22,,https://images1.vinted.net/t/01_02312_oYcXzQTeWWroSzKFXruuJ8F7/310x430/1772203189.webp?s=3d195dbd78ee85e43ca3a15e55839155eeb39b3b,9,10
Bolso aghatha Ruiz de la prada,39.55,Agatha Ruiz de la Prada,0,https://www.vinted.it/items/8270053851-bolso-aghatha-ruiz-de-la-prada?referrer=catalog,0,8270053851,Sold,01/03/2026 06:46:22,,https://images1.vinted.net/t/05_00bc2_AmQ5te5uFmcEjpXxKbmXWxjQ/310x430/1772178962.webp?s=d1e8684b2149acc4846a41c012c84ab04d6c2062,9,10
Bolso aghatha Ruiz de la prada,51.1,Agatha Ruiz de la Prada,0,https://www.vinted.it/items/8270047206-bolso-aghatha-ruiz-de-la-prada?referrer=catalog,12,8270047206,Sold,01/03/2026 06:46:22,,https://images1.vinted.net/t/06_024a8_rmmXYKupaHVEfk6CtyUpMX2n/310x430/1772178858.webp?s=f03884e2d4219ca8e96f2b409080e811aa85c5e2,9,10
Bolso aghatha Ruiz de la prada,40.6,Agatha Ruiz de la Prada,0,https://www.vinted.it/items/8270037282-bolso-aghatha-ruiz-de-la-prada?referrer=catalog,10,8270037282,Sold,01/03/2026 06:46:22,,https://images1.vinted.net/t/05_01692_1RMaDRmeGpsGE6rvtwiQzvK9/310x430/1772178706.webp?s=161045fb988514fb1e31f63a44bc53e4f09d46d5,9,10
Sábanas minicuna Ágata Ruiz de la Prada,7.0,Agatha Ruiz de la Prada,Lettino per neonati,https://www.vinted.it/items/8270022550-sabanas-minicuna-agata-ruiz-de-la-prada?referrer=catalog,26,8270022550,Sold,01/03/2026 06:46:22,,https://images1.vinted.net/t/05_00e88_1nLdqBaJkS1HnnRv4s6tp7Wy/310x430/1772178471.webp?s=7dcf10bfec43e90d823533a2ea2973b331761ca2,9,10
Profumo Prada paradoxe,37.45,Paradoxe,0,https://www.vinted.it/items/8270013897-profumo-prada-paradoxe?referrer=catalog,46,8270013897,Sold,01/03/2026 06:46:22,,https://images1.vinted.net/t/06_024d6_KES68XuWZY4G1BADVD3nSWMe/310x430/1772178332.webp?s=8cf947a71c6e4c56489d9b186295437f7dae013e,9,10
Occhiali da sole Prada,158.2,Prada,0,https://www.vinted.it/items/8270008815-occhiali-da-sole-prada?referrer=catalog,0,8270008815,Sold,01/03/2026 06:46:22,,https://images1.vinted.net/t/05_00746_qv62MxLHNdHHqpFTzNYdCzhH/310x430/1772178246.webp?s=b85bf2956023a916daa1f40c4558b7190e7f09ac,9,10
Prada Paradigme Homme eau de parfum 100ml.,84.7,Prada,0,https://www.vinted.it/items/8269992570-prada-paradigme-homme-eau-de-parfum-100ml?referrer=catalog,0,8269992570,Sold,01/03/2026 06:46:22,,https://images1.vinted.net/t/05_018a0_9C5dLdAQhfFW6rCR1SfhiiHr/310x430/1772177966.webp?s=f1ef185b4d612d0945b615e8bf02dfa11bead417,9,10
Prada Sonnenbrille,210.7,Prada,0,https://www.vinted.it/items/8269980525-prada-sonnenbrille?referrer=catalog,3,8269980525,Sold,01/03/2026 06:46:22,,https://images1.vinted.net/t/06_00b96_ZhZfbDSeQwfXYG3BreP5KPxc/310x430/1772177755.webp?s=4ee3bc8b6661c5e756930b6c2a13c011886cee8a,9,10
Prada L'Homme L'Eau 100 ml,61.6,Prada,0,https://www.vinted.it/items/8269978770-prada-lhomme-leau-100-ml?referrer=catalog,9,8269978770,Sold,01/03/2026 06:46:22,,https://images1.vinted.net/t/06_018a2_R1m7UBThu2PPkE5Vtmam9eCR/310x430/1772177721.webp?s=a17bfc5d0edd1de33ca7d7aeb9c685e03a7d40be,9,10
Prada Paradoxe,53.2,Prada,0,https://www.vinted.it/items/8269973014-prada-paradoxe?referrer=catalog,5,8269973014,Sold,01/03/2026 06:46:22,,https://images1.vinted.net/t/05_00766_AR1wN6vCbHwssw8SpvX3y15j/310x430/1772177613.webp?s=cb81ba140c7152ab4cf378cc86a699099de27711,9,10
De duivel draagt prada - Lauren Weisberger,2.26,No brand,0,https://www.vinted.it/items/8269971495-de-duivel-draagt-prada-lauren-weisberger-nieuw-roman-boek-chicklit?referrer=catalog,0,8269971495,Sold,01/03/2026 06:46:22,,https://images1.vinted.net/t/06_02302_BnZ6x6mDGu1g5jdZF2V1TbXt/310x430/1772177584.webp?s=ebf83c5d5582e450612264304edd916a8ad88a8a,9,10
Lunettes de soleil Prada,95.2,Prada,0,https://www.vinted.it/items/8269805647-lunettes-de-soleil-prada?referrer=catalog,9,8269805647,Sold,01/03/2026 06:46:22,,https://images1.vinted.net/t/06_0235e_TScHoZrjkE6JNbw5fmiYPaHH/310x430/1772173120.webp?s=45c0203340645ced15e388b08b20d2fdfd685ca2,9,10
Prada paradoxe,16.45,Prada,0,https://www.vinted.it/items/8269930433-prada-paradoxe?referrer=catalog,4,8269930433,Sold,01/03/2026 06:46:22,,https://images1.vinted.net/t/05_003bd_RxeR1BKuUfhDjVZ12oCRXxSx/310x430/1772176755.webp?s=e77255ea2f6cae8b781f4f0b842435970ce0c018,9,10
Flanella in cotone marchio prada,42.7,Prada,0,https://www.vinted.it/items/8269929781-flanella-in-cotone-marchio-prada?referrer=catalog,0,8269929781,Sold,01/03/2026 06:46:22,,https://images1.vinted.net/t/05_00915_DskN8yS39XawVvA4oHf5tVCv/310x430/1772176741.webp?s=20a23e43837108ffabc32549edaf671752273132,9,10
Boot Prada taille 43 italienne,189.7,Prada,43,https://www.vinted.it/items/8269912119-boot-prada-taille-43-italienne?referrer=catalog,1,8269912119,Sold,01/03/2026 06:46:22,,https://images1.vinted.net/t/06_01acd_P6NUAV4NAuTYFDG8VMdoWHsy/310x430/1772176346.webp?s=3680bcac66ad3f2dbbe60292c6b6bb89546244bd,9,10
Prada bonnie borsa,368.2,Made In Italy,0,https://www.vinted.it/items/8269910266-prada-bonnie-borsa?referrer=catalog,119,8269910266,Sold,01/03/2026 06:46:22,,https://images1.vinted.net/t/06_02160_93xuh4US1etH3z49nFw4ZE9E/310x430/1772176306.webp?s=2e44f6ba0e3c6c1f64010b511ab7ec0b51941217,9,10
Luna rossa ocean eau de toilette 9ml.,9.1,Prada,0,https://www.vinted.it/items/8269900041-luna-rossa-ocean-eau-de-toilette-9ml?referrer=catalog,7,8269900041,Sold,01/03/2026 06:46:22,,https://images1.vinted.net/t/06_0174f_sNG7NgaxWszSERa9qriTpwi7/310x430/1772176056.webp?s=f42c8df17ce53932c9c654f1a8430a025cc9d649,9,10
Bonnet Prada en laine côtelée avec logo brodé,210.7,Prada,L,https://www.vinted.it/items/8269846481-bonnet-prada-en-laine-cotelee-avec-logo-brode?referrer=catalog,0,8269846481,Sold,01/03/2026 06:46:22,,https://images1.vinted.net/t/06_00ec8_CJ3UftFmaDTbLRLm2mNBFcBD/310x430/1772174617.webp?s=e826d833b0714c64e69dd255eb26a2dd0a697d73,9,10
Parfum Prada Luna Rossa,95.2,Prada,0,https://www.vinted.it/items/8267487336-parfum-prada-luna-rossa?referrer=catalog,1,8267487336,Sold,01/03/2026 06:46:22,,https://images1.vinted.net/t/05_01c26_9p66RCTt36cHkcuRgXYgZAJZ/310x430/1772126659.webp?s=f2e123912dff199f9b6b52fcd43595925ca55ae9,9,10
Prada Milano Schuhe,126.7,Prada,41,https://www.vinted.it/items/8269838239-prada-milano-schuhe?referrer=catalog,1,8269838239,Sold,01/03/2026 06:46:22,,https://images1.vinted.net/t/05_022af_VyuijnVPpeSNTGrHhiFG636N/310x430/1772174345.webp?s=3426f694e5e6269ae605ea353f310d093e282905,9,10
Étuis cuir Prada,21.7,Prata,0,https://www.vinted.it/items/8269811775-etuis-cuir-prada?referrer=catalog,8,8269811775,Sold,01/03/2026 06:46:22,,https://images1.vinted.net/t/03_01513_w6vxkRM4QacowaTXNFw6cV7X/310x430/1772173370.webp?s=c119e1ce1ce553a9dc9f1b35efbc71a00eaaeae4,9,10
Prada Schuhe (Gr.42,105.7,Prada,42,https://www.vinted.it/items/8269807106-prada-schuhe-gr42-425-und-43?referrer=catalog,1,8269807106,Sold,01/03/2026 06:46:22,,https://images1.vinted.net/t/05_00e7f_MnbDS1kqWQVoje9mruUE57E4/310x430/1772173179.webp?s=3b6aab0c42e6ad577ed85bee4abe73e977ef5b71,9,10
Parfum Prada Paradoxe Intense,79.45,Prada,0,https://www.vinted.it/items/8269771020-parfum-prada-paradoxe-intense?referrer=catalog,0,8269771020,Sold,01/03/2026 06:46:22,,https://images1.vinted.net/t/01_016a3_fAN6b7Anem8VLtgqTcYmaLaP/310x430/1772171279.webp?s=ef7f1594a543af945743c3754b8db8d94f1770e7,9,10
Strickpullover Prada,47.95,Sonstiges,M / IT 42 / EU 38,https://www.vinted.it/items/8269745121-strickpullover-prada?referrer=catalog,6,8269745121,Sold,01/03/2026 06:46:22,,https://images1.vinted.net/t/06_0074a_8T9ueqCbu5t6SjpSsPLgReqL/310x430/1772169083.webp?s=507d94f9a099376af86b5b0294e7964bfb50a8c9,9,10
Prada Cup – Verte – Taille 42,100.45,H&M,42,https://www.vinted.it/items/8269727481-prada-cup-verte-taille-42?referrer=catalog,18,8269727481,Sold,01/03/2026 06:46:22,,https://images1.vinted.net/t/01_01a72_2aQK3hP51PqPVtjR5sRt8fhz/310x430/1772166391.webp?s=bae280e6724123145272ed1fd6dd2e799c129b3d,9,10
Eau de parfum La femme intense 100ml.,53.2,Prada,0,https://www.vinted.it/items/8269707745-eau-de-parfum-la-femme-intense-100ml?referrer=catalog,1,8269707745,Sold,01/03/2026 06:46:22,,https://images1.vinted.net/t/05_01cf5_JrnWH9Eoffrm3SG311dhKqE1/310x430/1772161506.webp?s=44492855532dc59cd7cb4140a169b625aab92ca0,9,10
Prada cups noir 46,137.2,Prada,46,https://www.vinted.it/items/8269701673-prada-cups-noir-46?referrer=catalog,7,8269701673,Sold,01/03/2026 06:46:22,,https://images1.vinted.net/t/04_013c2_37k4xLASmwHdAiCFi8AspHqX/310x430/1772160074.webp?s=500b41af993987aedc0163dbba11afe48a786509,9,10
Prada Paradoxe Profumo,58.45,Prada,0,https://www.vinted.it/items/8269678399-prada-paradoxe-profumo?referrer=catalog,2,8269678399,Sold,01/03/2026 06:46:22,,https://images1.vinted.net/t/01_01c3b_cvKgwANKtHxtQeyjTBiJ9zGE/310x430/1772155718.webp?s=ef54ca725786b7b73d123702785d6f4565099039,9,10
costume vintage prada uomo,37.45,Prada,L,https://www.vinted.it/items/8268608022-costume-vintage-prada-uomo?referrer=catalog,3,8268608022,Sold,01/03/2026 06:46:22,,https://images1.vinted.net/t/06_00c4c_oHRfL8kjNfhcxeJFiZRuTMjF/310x430/1772135661.webp?s=a429fd3f37fa172a5d5dd5675f41b54e42faa114,9,10
Prada cups,84.7,Parfait,41,https://www.vinted.it/items/8269660704-prada-cups?referrer=catalog,7,8269660704,Sold,01/03/2026 06:46:22,,https://images1.vinted.net/t/05_021c9_jpmELTGoa3hRNhMMDzppqtMn/310x430/1772153565.webp?s=dad664b76aaa0f01919091435b33008519503279,9,10
Prada,83.65,Prada,0,https://www.vinted.it/items/8269638015-prada?referrer=catalog,0,8269638015,Sold,01/03/2026 06:46:22,,https://images1.vinted.net/t/01_00891_zZEjgXgKhpxFPJv6DKRs6jCT/310x430/1772151710.webp?s=c143dfaf11426c56912f67408cf83bcb822dfbb6,9,10
tee-shirt * neuf * rose vert * agatha ruiz * 3 mois,3.01,Agatha Ruiz de la Prada,3-6 mesi / 62 cm,https://www.vinted.it/items/8269645512-tee-shirt-neuf-rose-vert-agatha-ruiz-3-mois?referrer=catalog,0,8269645512,Sold,01/03/2026 06:46:22,,https://images1.vinted.net/t/06_00a2c_pgQiZAkAy4yb1yLQeA6vDip2/310x430/1772152264.webp?s=0c709785a56b50bf6f9d3077eec656531b73957b,9,10
Prada taille 41 italienne ou 7 UK,625.45,Prada,41,https://www.vinted.it/items/8269641102-prada-taille-41-italienne-ou-7-uk?referrer=catalog,1,8269641102,Sold,01/03/2026 06:46:22,,https://images1.vinted.net/t/05_0194e_JamsAyzPwwRVzXdTvyUddjzw/310x430/1772228149.webp?s=e8c68aa172869775daf69fb8912f2c90fd2a2c71,9,10
Borsa Prada,1.0507,Prada,0,https://www.vinted.it/items/8269570973-borsa-prada?referrer=catalog,3,8269570973,Sold,01/03/2026 06:46:22,,https://images1.vinted.net/t/05_011a4_sJJQHMXYQKJtAQVWuxqLc3QL/310x430/1772279630.webp?s=03d0497f9f4db11837c9d8e5b3be03fabe5affc1,9,10
Prada Cup bleu marine - taille 43,105.69,Prada,43,https://www.vinted.it/items/8269536295-prada-cup-bleu-marine-taille-43?referrer=catalog,16,8269536295,Sold,01/03/2026 06:46:22,,https://images1.vinted.net/t/06_00c27_XRFiJDp3Gfea6ZV2uzMdP8H8/310x430/1772147260.webp?s=631960724854b7bf18454c3036d85fa8220b4b2f,9,10
Scarpe,158.2,Prada,43,https://www.vinted.it/items/8269530491-scarpe?referrer=catalog,3,8269530491,Sold,01/03/2026 06:46:22,,https://images1.vinted.net/t/01_0111b_Edbu2kWkwnoWmAawq4a6ikt6/310x430/1772147089.webp?s=6d7c1ac92a0da9c5a33db1fe6d109df2efc27643,9,10
Pyjama neuf Agatha Ruiz Prada imp coeurs T.9/12 M ou 6 mois,15.4,Agatha Ruiz de la Prada,9-12 mesi / 74 cm,https://www.vinted.it/items/8269526470-pyjama-neuf-agatha-ruiz-prada-imp-coeurs-t912-m-ou-6-mois?referrer=catalog,0,8269526470,Sold,01/03/2026 06:46:22,,https://images1.vinted.net/t/01_0250c_Rak3sb8iyL26kZJDPHp7obCG/310x430/1772146972.webp?s=e554050b8a82b880ba6e075759a3040769f5517f,9,10
Prada Re edition in Re-Nylon,1.1557,Prada,0,https://www.vinted.it/items/8269407651-prada-re-edition-in-re-nylon?referrer=catalog,2,8269407651,Sold,01/03/2026 06:46:22,,https://images1.vinted.net/t/01_012d7_JzGKJ9eiRsSxpW91txS5zFmu/310x430/1772144377.webp?s=65e0f50fe93ba86976249a06ca42db05d82c1e38,9,10
Prada housse de protection taille 35x  54,4.9,Prada,0,https://www.vinted.it/items/8269524033-prada-housse-de-protection-taille-35x-54?referrer=catalog,1,8269524033,Sold,01/03/2026 06:46:22,,https://images1.vinted.net/t/06_016ee_ua7g3xfyrGFm7jT9qQjDragX/310x430/1772146902.webp?s=e0b88730b2e3cee4f6e48b7eb0766fd2a5bbc39b,9,10
Prada Paradoxe Eau de Parfum 90ml,41.55,Prada,0,https://www.vinted.it/items/8283495853-prada-paradoxe-eau-de-parfum-90ml?referrer=catalog,0,8283495853,Sold,01/03/2026 07:57:40,,https://images1.vinted.net/t/01_011cf_TZP6mKbjniUBA5FXLAFUS4aa/310x430/1772306706.webp?s=a0ee5469ef3430b035391a2c5eb5ede0aba18f3b,10,1
Paragone Pradamano intense,51.1,Prada,0,https://www.vinted.it/items/8284935695-paragone-pradamano-intense?referrer=catalog,0,8284935695,Sold,01/03/2026 07:57:40,,https://images1.vinted.net/t/05_01931_BCDfHk44A7oxhwMPvkRReuXs/310x430/1772347934.webp?s=c49d49c7d44db3ca84ea18744ef5a1c3b2aa9125,10,1
Top crop kaki en maille Prada,73.15,Prada,S / IT 40 / EU 36,https://www.vinted.it/items/8284932908-top-crop-kaki-en-maille-prada?referrer=catalog,0,8284932908,Sold,01/03/2026 07:57:40,,https://images1.vinted.net/t/04_01b21_uYLa9b7AdkU4GZ6cQAoCMQ8X/310x430/1772347843.webp?s=500b8e476431eefd1a9366355820eb1214127eab,10,1
PARFUM,58.45,Prada,0,https://www.vinted.it/items/8284608195-parfum?referrer=catalog,0,8284608195,Sold,01/03/2026 07:57:40,,https://images1.vinted.net/t/05_007b8_FUpPZwLNpPiPyzpbvrTQ2qSa/310x430/1772320113.webp?s=f5c5555946555c01f75f9c205762cd555ddfcc33,10,1
Mini size Prada da 7 ml,13.3,Prada,0,https://www.vinted.it/items/8284905695-mini-size-prada-da-7-ml?referrer=catalog,0,8284905695,Sold,01/03/2026 07:57:40,,https://images1.vinted.net/t/06_003e0_TxHLGPv3sAPYJfszYfU5amKD/310x430/1772346900.webp?s=ac568d3ccaf21f8cf5b63beb2e1502f9cd234763,10,1
Doudounes Prada Milano,84.7,PRADA MILANO,M,https://www.vinted.it/items/8284903846-doudounes-prada-milano?referrer=catalog,0,8284903846,Sold,01/03/2026 07:57:40,,https://images1.vinted.net/t/04_01ddc_ktkyK3DEnVbVUkVANYszm9Tv/310x430/1772346817.webp?s=41d5c226b0a16c7a21d2ed999ea4f618082b995a,10,1
Prada Cups grau 42,209.65,Prada,42,https://www.vinted.it/items/8284545826-prada-cups-grau-42?referrer=catalog,0,8284545826,Sold,01/03/2026 07:57:40,,https://images1.vinted.net/t/06_00482_KWyAxX4USyxe5UtEnzA43dMR/310x430/1772318642.webp?s=9db8e1b00068e192f117af1771f6c35f149366ec,10,1
Profumo Prada,42.7,Prada,0,https://www.vinted.it/items/8255771921-profumo-prada?referrer=catalog,0,8255771921,Sold,01/03/2026 07:57:40,,https://images1.vinted.net/t/05_01eaf_22Aqbgvr7AcAfcyhjZEx5pWd/310x430/1772000970.webp?s=d2d00c5f8f5d66cbe40b3f9a75c3d66c89292549,10,1
Prada,26.95,Prada,0,https://www.vinted.it/items/8284888104-prada?referrer=catalog,0,8284888104,Sold,01/03/2026 07:57:40,,https://images1.vinted.net/t/04_0015c_racTQkTLzMSdbWcJuAr2Re1H/310x430/1772346065.webp?s=81bfa0005d3dd5a3fea050b1e1eada4e6b4c4778,10,1
Prada Paradoxe 90ml edp Neu,63.7,Prada,0,https://www.vinted.it/items/8284878103-prada-paradoxe-90ml-edp-neu?referrer=catalog,0,8284878103,Sold,01/03/2026 07:57:40,,https://images1.vinted.net/t/05_01c14_aqT3ZSuBn3T8x5uXYknxn21z/310x430/1772345491.webp?s=30b4987d645c91ef141d459dc61bc93875206db5,10,1
body Prada,126.7,UNICA,S / IT 40 / EU 36,https://www.vinted.it/items/8284864328-body-prada?referrer=catalog,1,8284864328,Sold,01/03/2026 07:57:40,,https://images1.vinted.net/t/05_00f10_aSVSAEHr3Kii79kbWUf2MhAv/310x430/1772344491.webp?s=7c8dec9d7e3ebfaf4ddd1f58935629b0369b2541,10,1
Paradigme Prada,44.8,Prada,0,https://www.vinted.it/items/8284601434-paradigme-prada?referrer=catalog,3,8284601434,Sold,01/03/2026 07:57:40,,https://images1.vinted.net/t/06_0039b_LdXXPe2v5bPQnWKf8MkvvQMx/310x430/1772319939.webp?s=36f715ef41fc880e3687a4fff1b3daf9132314e0,10,1
Cappotto Unisex Prada,420.7,Prada,L / IT 44 / EU 40,https://www.vinted.it/items/8284595960-cappotto-unisex-prada?referrer=catalog,4,8284595960,Sold,01/03/2026 07:57:40,,https://images1.vinted.net/t/05_00a39_RLYL6HSt8ZJTUd9q486VrCzB/310x430/1772319801.webp?s=9d58ac7684116ed8ee9a0647046303b5790c57cf,10,1
Bolso agatha ruiz de la prada verde charol original con colgante love,53.2,Agatha,0,https://www.vinted.it/items/8284589346-bolso-agatha-ruiz-de-la-prada-verde-charol-original-con-colgante-love?referrer=catalog,11,8284589346,Sold,01/03/2026 07:57:40,,https://images1.vinted.net/t/06_00cf3_2uoN1NE3mTviXNnM17NeGMC9/310x430/1772319637.webp?s=2c891ea376332e9c0a91d7251ab5f25d16401b3c,10,1
Gafas degradadas,53.2,Prada,0,https://www.vinted.it/items/8284586966-gafas-degradadas?referrer=catalog,2,8284586966,Sold,01/03/2026 07:57:40,,https://images1.vinted.net/t/06_008cd_ARZZ3xFBkt8wrnDcq4FUsj4d/310x430/1772319580.webp?s=26f7a1581f852a0ced028389767bc41683b28b74,10,1
Bolso prada,11.2,No brand,0,https://www.vinted.it/items/8284583713-bolso-prada?referrer=catalog,0,8284583713,Sold,01/03/2026 07:57:40,,https://images1.vinted.net/t/01_01629_9uP3BW1UguypqzYGZei5sb32/310x430/1772319500.webp?s=bae33afefcb18e345a1543a61403de4f6599f357,10,1
Gafas prada,53.2,Prada,0,https://www.vinted.it/items/8284581678-gafas-prada?referrer=catalog,4,8284581678,Sold,01/03/2026 07:57:40,,https://images1.vinted.net/t/06_017b4_yqEXrUKVh8LTtso8ifFpxUAW/310x430/1772319451.webp?s=4c98e9d5d32e41eb1962373acfc14a3591ae264e,10,1
Occhiali da sole Prada,53.2,Prada,0,https://www.vinted.it/items/8284567379-occhiali-da-sole-prada?referrer=catalog,1,8284567379,Sold,01/03/2026 07:57:40,,https://images1.vinted.net/t/06_01401_XHv1AJwYhnmWRxY7M7uZRnS1/310x430/1772319116.webp?s=9d4560c8f28b997d5e91e0e2d961de891b6b121c,10,1
Prada cup,116.2,Prada,42,https://www.vinted.it/items/8284567009-prada-cup?referrer=catalog,0,8284567009,Sold,01/03/2026 07:57:40,,https://images1.vinted.net/t/01_01ace_BLdGkBbdCe1pQEsRo3taqkGp/310x430/1772319108.webp?s=dcd854687331c387c31072fc2ff02cff0dd66022,10,1
Occhiali da sole Prada,53.2,Prada,0,https://www.vinted.it/items/8284565242-occhiali-da-sole-prada?referrer=catalog,8,8284565242,Sold,01/03/2026 07:57:40,,https://images1.vinted.net/t/01_00a38_oRxyskbykpQmJi4qeEVjXyBp/310x430/1772319069.webp?s=d1d81eb255eca1fd29f99928b884ce27b10c64b9,10,1
Prada cup,116.2,Prada,46,https://www.vinted.it/items/8284563305-prada-cup?referrer=catalog,2,8284563305,Sold,01/03/2026 07:57:40,,https://images1.vinted.net/t/05_025f1_YWLVXgByTY8w4TxkXpHfwPtp/310x430/1772319027.webp?s=eba87b9342a7bbf8ec80d42f305cc2828d9d9569,10,1
Prada cup grise,116.2,Prada,45,https://www.vinted.it/items/8284559251-prada-cup-grise?referrer=catalog,8,8284559251,Sold,01/03/2026 07:57:40,,https://images1.vinted.net/t/06_00571_iYkUGDxJ53pn4YnAD17ZyheB/310x430/1772318935.webp?s=7469fab6da869fbc9decac6cc52686e1806eadde,10,1
Prada cup noir,116.2,Prada,44,https://www.vinted.it/items/8284549743-prada-cup-noir?referrer=catalog,1,8284549743,Sold,01/03/2026 07:57:40,,https://images1.vinted.net/t/06_0063d_1ddbBqk6gU6RwThjKnWExnRM/310x430/1772318726.webp?s=1c6fa462b1d4bbbf956021fa4eb14aa9a3bfbdce,10,1
Sacoche Prada,32.2,No brand,0,https://www.vinted.it/items/8284547416-sacoche-prada?referrer=catalog,1,8284547416,Sold,01/03/2026 07:57:40,,https://images1.vinted.net/t/01_00d6f_VsNF9fk1k8ag1Yif2xP922QQ/310x430/1772318676.webp?s=5be3ba4bf27c4316a2270466a635b58b68668f0a,10,1
Prada Sonnenbrille,142.45,Prada,0,https://www.vinted.it/items/8284447602-prada-sonnenbrille?referrer=catalog,2,8284447602,Sold,01/03/2026 07:57:40,,https://images1.vinted.net/t/01_002a9_WPgLjuixkv11UoNZ7h9JgDCc/310x430/1772316824.webp?s=fd608da5b04c3f07dcc59845c22c334d16e43bcc,10,1
Prada America’s cup,510.0,Prada,46,https://www.vinted.it/items/8284437065-prada-americas-cup?referrer=catalog,1,8284437065,Sold,01/03/2026 07:57:40,,https://images1.vinted.net/t/06_015c6_XRiigKe7vwNnpCYtSSW8Dm69/310x430/1772316654.webp?s=38dd9ea1c69e42211044fe77da6aefdde040871a,10,1
Eau de parfum La Femme 100ml - Prada,89.95,Prada,0,https://www.vinted.it/items/8284424328-eau-de-parfum-la-femme-100ml-prada?referrer=catalog,0,8284424328,Sold,01/03/2026 07:57:40,,https://images1.vinted.net/t/05_00865_PXdssQ6ZTVyh7im6vzo1Gcah/310x430/1772316455.webp?s=c1f3c9e81ff30adda6373254896edbac223067fc,10,1
Portacarte,200.2,Prada,0,https://www.vinted.it/items/8284411211-portacarte?referrer=catalog,0,8284411211,Sold,01/03/2026 07:57:40,,https://images1.vinted.net/t/01_010e0_zkehooVm7bFPoZkSUjtdyhW9/310x430/1772316254.webp?s=b41d2a097d68a161bf369cf5b846c727545f63c6,10,1
Chemise en soie Prada,63.7,Prada,M / IT 42 / EU 38,https://www.vinted.it/items/8281867761-chemise-en-soie-prada?referrer=catalog,10,8281867761,Sold,01/03/2026 07:58:28,,https://images1.vinted.net/t/05_022c0_CGYbh6G7oGfgbpqrpae2tj6b/310x430/1772295642.webp?s=096db56581f09a717cee79eee71dee555f5e9d23,10,3
Prada cups,147.7,Prada,44,https://www.vinted.it/items/8276560648-prada-cups?referrer=catalog,3,8276560648,Sold,01/03/2026 08:04:37,,https://images1.vinted.net/t/01_003fc_fLqNYCumCgpvXETr6KANwv1R/310x430/1772245143.webp?s=3afb1b034dc57cdeedc4c11289ff9ac6ec2cbeea,10,6
Prada paradoxe,53.2,Prada,0,https://www.vinted.it/items/8276555435-prada-paradoxe?referrer=catalog,2,8276555435,Sold,01/03/2026 08:04:37,,https://images1.vinted.net/t/04_00a03_4ANgfZx4fXKvP1buawAqr6DT/310x430/1772244223.webp?s=490b2eb47aadce4e4a0a71bcf51fa0bf60a54cb7,10,6
Prada Paradoxe Eau de Parfum 90 ml – Nuovo,37.45,Prada,0,https://www.vinted.it/items/8276554365-prada-paradoxe-eau-de-parfum-90-ml-nuovo?referrer=catalog,2,8276554365,Sold,01/03/2026 08:04:37,,https://images1.vinted.net/t/06_01623_HR1JsJdgw5DpdMSUrz4jRqEZ/310x430/1772244063.webp?s=5a9e971e9ec95d6198be0089a4c6139ab549ff48,10,6
Prada Sonnenbrille,147.7,Prada,0,https://www.vinted.it/items/8276548604-prada-sonnenbrille?referrer=catalog,3,8276548604,Sold,01/03/2026 08:04:37,,https://images1.vinted.net/t/01_012a8_6tsR26HcVaTxtW8zu2rDwrtd/310x430/1772315827.webp?s=69d2082709d72b594978618d90ca0bb67e811998,10,6
Chaussure Prada,105.7,Prada,43,https://www.vinted.it/items/8276533428-chaussure-prada?referrer=catalog,0,8276533428,Sold,01/03/2026 08:04:37,,https://images1.vinted.net/t/06_0180f_rQ2UcMgvd5fqyBvkJPkFiCwh/310x430/1772241386.webp?s=9476bde427152dcdeab4dd25260e1ebb8b4f632b,10,6
Bougie Prada,21.7,Prada,0,https://www.vinted.it/items/8272945470-bougie-prada?referrer=catalog,20,8272945470,Sold,01/03/2026 08:05:27,,https://images1.vinted.net/t/06_01c0b_qwq5VbivSVvBufQGo1AJPWQY/310x430/1772202666.webp?s=f9eadfa5e5b2e174ac1808ae51563c59a6951e98,10,8
felpa prada,68.95,Footkorner,M,https://www.vinted.it/items/8272928334-felpa-prada?referrer=catalog,55,8272928334,Sold,01/03/2026 08:05:27,,https://images1.vinted.net/t/01_0027c_6NJFG1H5eoqsCYmSmUvNuEco/310x430/1772202548.webp?s=76876db4fc14c2533306148599371b0058612ac0,10,8
Prada,74.2,Prada,0,https://www.vinted.it/items/8272923308-prada?referrer=catalog,0,8272923308,Sold,01/03/2026 08:05:27,,https://images1.vinted.net/t/01_000df_wYaj1sErXXdqaGBXmXABonDo/310x430/1772202513.webp?s=b1932a6ed8a1058f4bc826bf5cb239d95ce9c864,10,8
Prada PR17WS Zonnebril,231.7,Prada,0,https://www.vinted.it/items/8272899420-prada-pr17ws-zonnebril?referrer=catalog,0,8272899420,Sold,01/03/2026 08:05:27,,https://images1.vinted.net/t/05_00288_xB2mAxJXRufBYCtxMh75nMvV/310x430/1772202348.webp?s=1ffc87bc684dd79a1c6543b91bea01ad830a4b82,10,8
Flacon vide Prada Paradoxe 50ml,9.1,Prada,0,https://www.vinted.it/items/8272897239-flacon-vide-prada-paradoxe-50ml?referrer=catalog,5,8272897239,Sold,01/03/2026 08:05:27,,https://images1.vinted.net/t/06_00688_pMBrxM3kFmGV414KH3JuFTra/310x430/1772202334.webp?s=ba759a8928c3eaa99a4df4acdebc3adfb4c56339,10,8
Felpa Prada,765.0,Prada,XL,https://www.vinted.it/items/8272848142-felpa-prada?referrer=catalog,2,8272848142,Sold,01/03/2026 08:05:27,,https://images1.vinted.net/t/01_004a2_xpYWLdVLyiup8XvyXBB9cNg4/310x430/1772201997.webp?s=401a691add92e47148c6f8f6fbf3cbf4651f8345,10,8
Paradoxe Prada,51.1,Prada,0,https://www.vinted.it/items/8272836761-paradoxe-prada?referrer=catalog,2,8272836761,Sold,01/03/2026 08:05:27,,https://images1.vinted.net/t/05_00fad_yxytnQApEjn613unR57SfaGb/310x430/1772201919.webp?s=24e544147dfad1f8e50a91f24eaec1f2e2b4dfce,10,8
Livro do Bebé- Agatha Ruiz de la Prada,14.35,Agatha,Neonati,https://www.vinted.it/items/8272803106-livro-do-bebe-agatha-ruiz-de-la-prada?referrer=catalog,0,8272803106,Sold,01/03/2026 08:05:27,,https://images1.vinted.net/t/05_0142e_Gt4VwAnJqLCxm2P6Ypi1VGmo/310x430/1772201687.webp?s=fa4294587a0f0f023f052eb883a862456eeee816,10,8
Prada paradoxe radical essence 90 ml,51.1,Prada,0,https://www.vinted.it/items/8272790625-prada-paradoxe-radical-essence-90-ml?referrer=catalog,6,8272790625,Sold,01/03/2026 08:05:27,,https://images1.vinted.net/t/04_00b2c_cKfVbqsCQpiRfcPNQNM5LuAb/310x430/1772201602.webp?s=0970f0d193bf7b9eb35c253cb59e22048d6c6011,10,8
Prada 4X30 Parfüm set,173.95,Prada,0,https://www.vinted.it/items/8272765425-prada-4x30-parfum-set?referrer=catalog,4,8272765425,Sold,01/03/2026 08:05:27,,https://images1.vinted.net/t/05_023f5_s8zRZuLRyrh6dQ3FBjtYcgDP/310x430/1772201428.webp?s=7bcb7a4a20e66408c490d309a9491137747079e4,10,8
PRADA Candy,105.7,Prada,0,https://www.vinted.it/items/8272755141-prada-candy?referrer=catalog,0,8272755141,Sold,01/03/2026 08:05:27,,https://images1.vinted.net/t/05_01d45_CHGze9vLSbK561YMvnwcHvWm/310x430/1772201799.webp?s=85f95fe75652bb6e838038f1949c6939de83831c,10,8
Sneakers Prada America's Cup neuves Taille 43,136.15,Prada,43,https://www.vinted.it/items/8272749314-sneakers-prada-americas-cup-neuves-taille-43?referrer=catalog,30,8272749314,Sold,01/03/2026 08:05:27,,https://images1.vinted.net/t/05_01e34_nqj6mDUC65rG4viQfk5seutJ/310x430/1772201315.webp?s=b3b39ddfa1d949c9e773dbe01ada013c5891f30f,10,8
Montatura Sole Prada,273.7,Prada,0,https://www.vinted.it/items/8272721828-montatura-sole-prada?referrer=catalog,1,8272721828,Sold,01/03/2026 08:05:27,,https://images1.vinted.net/t/03_0212f_59bFwryiik22Dmt2BXjQB6ci/310x430/1772201121.webp?s=625c4cfb59f44dff4850852d27498a86123f19de,10,8
Balenciaga Pullover L (No Gucci Prada),314.65,Balenciaga,L,https://www.vinted.it/items/8232493600-balenciaga-pullover-l-no-gucci-prada?referrer=catalog,0,8232493600,Sold,01/03/2026 08:05:27,,https://images1.vinted.net/t/06_01b3a_4rArYPTaAhVuf4pdXM3zXgth/310x430/1771756708.webp?s=f42805fd3f24504b33e0425709ed02c5a150789d,10,8
Montatura Sole Prada,273.7,Prada,0,https://www.vinted.it/items/8272706710-montatura-sole-prada?referrer=catalog,0,8272706710,Sold,01/03/2026 08:05:51,,https://images1.vinted.net/t/03_00804_GVjUPVr5ZtD8HNdLn4eyBuuL/310x430/1772201015.webp?s=904c0f6d3dde64b68395a7111881fbab7f7092bc,10,9
Prada Pumps Kittenheel schwarz Pailetten Logo wie 37,326.2,Prada,37,https://www.vinted.it/items/8272639146-prada-pumps-kittenheel-schwarz-pailetten-logo-wie-375?referrer=catalog,3,8272639146,Sold,01/03/2026 08:05:51,,https://images1.vinted.net/t/06_01cd6_jfjL6tPKtwCxov1Ao3LXN5gQ/310x430/1772200544.webp?s=70b6845cf87822ed6dad29bf2d3c2c96aaa58060,10,9
Montatura solo Prada,273.7,Prada,0,https://www.vinted.it/items/8272692703-montatura-solo-prada?referrer=catalog,0,8272692703,Sold,01/03/2026 08:05:51,,https://images1.vinted.net/t/05_025d1_WrKMLZLvzkpks7CXjMwk4fGM/310x430/1772200918.webp?s=5d83b632a387dd672c386d4f09fb0b26a02538a6,10,9
Prada cup,137.2,Prada,38,https://www.vinted.it/items/8272675700-prada-cup?referrer=catalog,47,8272675700,Sold,01/03/2026 08:05:51,,https://images1.vinted.net/t/05_0030f_MdUALY2qE4C1sFzfMtM5JV6s/310x430/1772200799.webp?s=7e4fcf8d828703e38adc9fded7194d999ca4079f,10,9
Prada Sonnenbrille klassisch elegant,167.65,Prada,0,https://www.vinted.it/items/8272662674-prada-sonnenbrille-klassisch-elegant?referrer=catalog,0,8272662674,Sold,01/03/2026 08:05:51,,https://images1.vinted.net/t/06_02649_Nuv1AjJJEKgXiubEZ28y5Rrg/310x430/1772200709.webp?s=a908de656d45d6c7e0da3329510b1e691e36a572,10,9
Prada cup,840.7,Prada,42,https://www.vinted.it/items/8272659031-prada-cup?referrer=catalog,2,8272659031,Sold,01/03/2026 08:05:51,,https://images1.vinted.net/t/01_00bd6_JHLGfMY3yUpTyA7tnnB5PZGY/310x430/1772200683.webp?s=17cdb59a7fc34645f17e759ae37c8439d46ff04c,10,9
Prada Guasha,21.7,Prada,0,https://www.vinted.it/items/8272602357-prada-guasha?referrer=catalog,2,8272602357,Sold,01/03/2026 08:05:51,,https://images1.vinted.net/t/05_025ff_qLzP5sgRnfyfq8rv6zvNTrNB/310x430/1772200289.webp?s=8c84c9558563720043dce2505f7514347d8c6a3f,10,9
Occhiali Prada,305.2,Prada,0,https://www.vinted.it/items/8271319797-occhiali-prada?referrer=catalog,0,8271319797,Sold,01/03/2026 08:06:16,,https://images1.vinted.net/t/04_01331_iJvc6BkWrNwzBX1x2knRSeJf/310x430/1772190535.webp?s=d877fb384a75e5d76ed15f913a54475056dbce46,10,10
Porta abiti Prada,19.6,Prada,0,https://www.vinted.it/items/8271318434-porta-abiti-prada?referrer=catalog,4,8271318434,Sold,01/03/2026 08:06:16,,https://images1.vinted.net/t/06_01e08_1KcbqWGQ2J5GSVg9H77L5Hes/310x430/1772190524.webp?s=33a9f42836d6104f8eac099012340a89ca064407,10,10
Prada Woman moccasin,525.7,Prada,40,https://www.vinted.it/items/8271315931-prada-woman-moccasin?referrer=catalog,2,8271315931,Sold,01/03/2026 08:06:16,,https://images1.vinted.net/t/05_01f19_GgoPaUJAthR4ZfMBw84ihV4S/310x430/1772190505.webp?s=a3451ba3d263d76da8ca3c9e16a7d0d9044b4b64,10,10
Maglia nera a V Prada con cerniere laterali,23.8,Prada,S / IT 40 / EU 36,https://www.vinted.it/items/8271287324-maglia-nera-a-v-prada-con-cerniere-laterali?referrer=catalog,26,8271287324,Sold,01/03/2026 08:06:16,,https://images1.vinted.net/t/01_00e67_LwSkh2uqRpSy8B6WHdchKW8Y/310x430/1772190288.webp?s=588cc04c1e974eb864e9587cf89845a09adfae29,10,10
Occhiali da sole prada,42.7,Prata,0,https://www.vinted.it/items/8285203596-occhiali-da-sole-prada?referrer=catalog,0,8285203596,Sold,01/03/2026 09:14:11,,https://images1.vinted.net/t/06_010bb_i7DtANdcx7sjAoadX7zqEnTQ/310x430/1772352662.webp?s=58858ec6d1710e57bd233186a0219d0bbe961382,11,1
Etichetta Prada Made in Italy,7.0,Prada,0,https://www.vinted.it/items/8285200200-etichetta-prada-made-in-italy?referrer=catalog,0,8285200200,Sold,01/03/2026 09:14:11,,https://images1.vinted.net/t/04_01235_QFDba24bkENMkTqLG7MJvr4i/310x430/1772352623.webp?s=c7e9422bef411c83db173d694a5d48f6d05f5242,11,1
Prada blush,42.7,Prada,0,https://www.vinted.it/items/8285191565-prada-blush?referrer=catalog,0,8285191565,Sold,01/03/2026 09:14:11,,https://images1.vinted.net/t/01_004f5_PtqMUXwagppaH95CpCJt8Tjv/310x430/1772352520.webp?s=8b044f08c4c71081f3ec671ace46777dbcf29ede,11,1
Prada Paradoxe Eau de Parfum 50 ml,84.7,Prada,0,https://www.vinted.it/items/8285188934-prada-paradoxe-eau-de-parfum-50-ml?referrer=catalog,0,8285188934,Sold,01/03/2026 09:14:11,,https://images1.vinted.net/t/06_0194e_p91APnZnEZCKxz2F5UsdRory/310x430/1772352489.webp?s=6c12060f53116c58cadd1f2cd93c8943f54b6967,11,1
Escarpin Pradal,84.7,Prada,38,https://www.vinted.it/items/8285152993-escarpin-pradal?referrer=catalog,0,8285152993,Sold,01/03/2026 09:14:11,,https://images1.vinted.net/t/05_01d41_U3qxgXXsrWieiyh7mcyJneDF/310x430/1772352047.webp?s=442f9e3463bfebd4d281ebc9a0e84b981941da97,11,1
Vestido fucsia Agatha Ruiz de La Prada,34.3,Agatha Ruiz de la Prada,10 anni / 140 cm,https://www.vinted.it/items/8285139437-vestido-fucsia-agatha-ruiz-de-la-prada?referrer=catalog,0,8285139437,Sold,01/03/2026 09:14:11,,https://images1.vinted.net/t/04_01855_Ltw3HEsjQHYakik3Y4QNySDC/310x430/1772351869.webp?s=d54dadbf21dc2303a1c9acb68caaf193467a654d,11,1
Bolso Prada Nylon,294.7,Prada,0,https://www.vinted.it/items/8285127353-bolso-prada-nylon?referrer=catalog,0,8285127353,Sold,01/03/2026 09:14:11,,https://images1.vinted.net/t/05_002e1_nh21Ni36qGqrJCJzR5hRJ2m4/310x430/1772351708.webp?s=859b43a2a1fb0b67a21a64c3e41892c678fe81a5,11,1
Prada cups neu mit box,147.7,Prada,45,https://www.vinted.it/items/8285118136-prada-cups-neu-mit-box?referrer=catalog,0,8285118136,Sold,01/03/2026 09:14:11,,https://images1.vinted.net/t/04_024e6_9Wpc82UaWm7KPNvfvCmDzrtu/310x430/1772351582.webp?s=84e3419cce34ef91de10f8509eb6026b7d450f0d,11,1
Stivali con tacco Prada marroni vera pelle,200.2,Prada,36.5,https://www.vinted.it/items/8285098529-stivali-con-tacco-prada-marroni-vera-pelle?referrer=catalog,0,8285098529,Sold,01/03/2026 09:14:11,,https://images1.vinted.net/t/06_01ab3_5EPKd1trpn9JPZha4rWuqbQy/310x430/1772351298.webp?s=6cf7183dab43fbf1dcaa6d8e7194d04be0304c19,11,1
Porta tessere carte Prada,168.7,Prada,0,https://www.vinted.it/items/8285098072-porta-tessere-carte-prada?referrer=catalog,0,8285098072,Sold,01/03/2026 09:14:11,,https://images1.vinted.net/t/06_00666_kPLJLuWLwe7MrrXp6bKQCQHo/310x430/1772351291.webp?s=dde4bf2a2421324fd884644f8cc7949023ca186f,11,1
Prada Paradoxe Eau de Parfum 90 ml,34.3,Prada,0,https://www.vinted.it/items/8285057113-prada-paradoxe-eau-de-parfum-90-ml?referrer=catalog,0,8285057113,Sold,01/03/2026 09:14:11,,https://images1.vinted.net/t/04_0111a_GxHHBNiXqTUPjwGU3YyuVSe6/310x430/1772350655.webp?s=9c62ba5b16c56ef8fd149ca12c23ef8c37f39930,11,1
Prada occhiali sole Fiamme Flames,305.2,Prada,0,https://www.vinted.it/items/8285053272-prada-occhiali-sole-fiamme-flames?referrer=catalog,0,8285053272,Sold,01/03/2026 09:14:11,,https://images1.vinted.net/t/06_00f61_jfw6W4483ShcRNgoGP5iXmto/310x430/1772350590.webp?s=5a802326f1ad27e1f1956867f880178fda91fade,11,1
Prada Luna Rossa Carbon Eau de Toilette – Herrenparfum,42.7,Prada,0,https://www.vinted.it/items/8285050619-prada-luna-rossa-carbon-eau-de-toilette-herrenparfum?referrer=catalog,0,8285050619,Sold,01/03/2026 09:14:11,,https://images1.vinted.net/t/06_0178a_2Vt4ojYmK6God1fDMkgsghH8/310x430/1772350544.webp?s=a8b2a99e5430b5751fd29524cde819fefd768aa2,11,1
Chaussures à talon Prada neuve écru pointure 37,200.2,Prada,37,https://www.vinted.it/items/8285036495-chaussures-a-talon-prada-neuve-ecru-pointure-37?referrer=catalog,0,8285036495,Sold,01/03/2026 09:14:11,,https://images1.vinted.net/t/05_01084_DCsn9MBvdyGrKdZzedNYCPNL/310x430/1772350294.webp?s=c4b2165f01612eb198d4af4ab2c4bbd5b8b7a423,11,1
Prada Paradoxe Eau de Parfum 90ml,39.45,Paradoxe,0,https://www.vinted.it/items/8283773284-prada-paradoxe-eau-de-parfum-90ml?referrer=catalog,1,8283773284,Sold,01/03/2026 09:14:11,,https://images1.vinted.net/t/05_00668_kxnMUQxw39yjRjkbDJoK6nfw/310x430/1772309168.webp?s=c719913b4a91e3cfd8a06e42c89c9373613583ad,11,1
Pochette da sera PRADA,362.95,Prada,0,https://www.vinted.it/items/8285022373-pochette-da-sera-prada?referrer=catalog,0,8285022373,Sold,01/03/2026 09:14:11,,https://images1.vinted.net/t/01_0269c_NRUTMfuimhMmDp5W1jN8Bwwx/310x430/1772350028.webp?s=7e851d0ecbf0ec789f967557076025b0e07e56a9,11,1
Vestido flores Agatha Ruiz de la Prada,30.1,Agatha Ruiz de la Prada,6 anni / 116 cm,https://www.vinted.it/items/8285019768-vestido-flores-agatha-ruiz-de-la-prada?referrer=catalog,0,8285019768,Sold,01/03/2026 09:14:11,,https://images1.vinted.net/t/01_00041_2pXoxehz7TBRcuE1ehUChJyb/310x430/1772349975.webp?s=5a3e67a20e6631c4301ecd1ccb0ab63b80fde96a,11,1
Bolso PRADA Vitello negro,693.6,Prada,0,https://www.vinted.it/items/8285015521-bolso-prada-vitello-negro?referrer=catalog,1,8285015521,Sold,01/03/2026 09:14:11,,https://images1.vinted.net/t/06_006b8_xoXAM5VVcGs468dbskn2SFw4/310x430/1772349894.webp?s=94ef701fff73fa4b4662672be369e562445d1d63,11,1
Agatha Ruiz de la Prada - pagliaccetto,19.6,Agatha,12-18 mesi / 80 cm,https://www.vinted.it/items/8285001978-agatha-ruiz-de-la-prada-pagliaccetto?referrer=catalog,0,8285001978,Sold,01/03/2026 09:14:11,,https://images1.vinted.net/t/01_019c1_ws5qziVoUrZPTzccbCWK4Skg/310x430/1772349621.webp?s=32a05c6cd8f54d9ded5f09be0a5c938a39cc2c79,11,1
Parfum Prada Paradoxe – Eau de Parfum – Neuf sous blister,53.2,Prada,0,https://www.vinted.it/items/8284738816-parfum-prada-paradoxe-eau-de-parfum-neuf-sous-blister?referrer=catalog,0,8284738816,Sold,01/03/2026 09:14:11,,https://images1.vinted.net/t/06_01985_Va2pgXmhzwhHBi6i4j7chbEo/310x430/1772325313.webp?s=f1597b62eba245d53dad438a3c568faa2b4ff9f2,11,1
Set of 11 Authentic Prada Paper Bags - Brand New & Unused,47.95,Prada,0,https://www.vinted.it/items/8260030514-set-of-11-authentic-prada-paper-bags-brand-new-unused?referrer=catalog,2,8260030514,Sold,01/03/2026 09:14:11,,https://images1.vinted.net/t/05_01f3f_5JnwzyEUtBMTopkLJnj7ZBkT/310x430/1772037118.webp?s=db98dd301471099939408d58c2bd43336dd7f5f1,11,1
L'eau ambrée Prada,105.7,Prada,0,https://www.vinted.it/items/8285726202-leau-ambree-prada?referrer=catalog,0,8285726202,Sold,01/03/2026 10:25:57,,https://images1.vinted.net/t/05_02242_Mx6ok5NRf98gHDJ8XBaqVfdb/310x430/1772357006.webp?s=bd672bb29bdeb853f6f6848f8d50f42432ac25d0,12,1
Prada suede low wedges 37,179.2,Prada,37,https://www.vinted.it/items/8285701047-prada-suede-low-wedges-37?referrer=catalog,0,8285701047,Sold,01/03/2026 10:25:57,,https://images1.vinted.net/t/05_0177e_n5BWt5hTJQRtKuZXi8yupYpE/310x430/1772356843.webp?s=ca78394d5bd839e549f7929722f40dddb4bb00c8,12,1
PRADA Kartenetui aus Saffiano-Leder,389.2,Prada,0,https://www.vinted.it/items/8285696336-prada-kartenetui-aus-saffiano-leder?referrer=catalog,0,8285696336,Sold,01/03/2026 10:25:57,,https://images1.vinted.net/t/03_00f1d_ZvfQkpBPWvC8tCd1pomWqYSm/310x430/1772356812.webp?s=6a9f52f18467deae868dcc8976324f36568fa13e,12,1
Profumo Prada,42.7,Prada,0,https://www.vinted.it/items/8285686465-profumo-prada?referrer=catalog,0,8285686465,Sold,01/03/2026 10:25:57,,https://images1.vinted.net/t/06_02549_HyzTiHH1yHsrNUc17nNnsz9a/310x430/1772356748.webp?s=3a56bb384a6a24e9b8c9f5f9cd91aadb1ad9b5ac,12,1
Cintura Prada con fiocco rosso,74.2,Prada,0,https://www.vinted.it/items/8285662358-cintura-prada-con-fiocco-rosso?referrer=catalog,0,8285662358,Sold,01/03/2026 10:25:57,,https://images1.vinted.net/t/06_00ecf_SekbeggS8aKgAS7oemVo8NGX/310x430/1772356585.webp?s=3f411bba754e7edc4f99daa801ed366c80ddeca1,12,1
Prada Black Luna Rossa 100ml edp,58.45,Prada,0,https://www.vinted.it/items/8285660591-prada-black-luna-rossa-100ml-edp?referrer=catalog,0,8285660591,Sold,01/03/2026 10:25:57,,https://images1.vinted.net/t/01_00332_SaoTLqjK4YHQZMR5owWibXib/310x430/1772356573.webp?s=3e02aa9dac01457fa20794398bf3388e77e27fa3,12,1
Veste authentique,263.2,Prada,M,https://www.vinted.it/items/8285601868-veste-authentique?referrer=catalog,1,8285601868,Sold,01/03/2026 10:25:57,,https://images1.vinted.net/t/06_00a53_NAmYnMHJP79auGqk3u4Pxkax/310x430/1772356171.webp?s=91f43a9196235d5126cfb4a41aaa8665a42d2faa,12,1
Perfume Prada Infusión de Figue,53.2,Prada,0,https://www.vinted.it/items/8285615742-perfume-prada-infusion-de-figue?referrer=catalog,0,8285615742,Sold,01/03/2026 10:25:57,,https://images1.vinted.net/t/05_0043c_4fTkczu5juXQdYpPtGdGFfCM/310x430/1772356267.webp?s=44e19aab8dd82fb35d85c86a12bc114232afc584,12,1
Lunette de soleil,104.65,Prada,0,https://www.vinted.it/items/8285590233-lunette-de-soleil?referrer=catalog,1,8285590233,Sold,01/03/2026 10:25:57,,https://images1.vinted.net/t/06_0228e_bkC4P6pH5Y4V2hLptw2KconM/310x430/1772356088.webp?s=1cd849c5c8f14e6b7ad671e150875d87eefbfee9,12,1
Abrigo agatha Ruiz,57.4,Agatha Ruiz de la Prada,5 anni / 110 cm,https://www.vinted.it/items/8285581464-abrigo-agatha-ruiz?referrer=catalog,1,8285581464,Sold,01/03/2026 10:25:57,,https://images1.vinted.net/t/05_01406_aD838VJKwViF7rtn9DkoHCY5/310x430/1772356025.webp?s=7c686fb7e40d2dcfc1af554008e1cae41d282812,12,1
Prada trousse à maquillage,37.45,Prada,0,https://www.vinted.it/items/8285573263-prada-trousse-a-maquillage?referrer=catalog,1,8285573263,Sold,01/03/2026 10:25:57,,https://images1.vinted.net/t/06_0137e_tN8dDFnq3EvbSqWnYPHvqgvm/310x430/1772355965.webp?s=e838425fdb97303427f0eee03dc4c9978a55feb1,12,1
Prada Original Vintage - Maglietta Femminile,126.7,Prada,S / IT 40 / EU 36,https://www.vinted.it/items/8285572454-prada-original-vintage-maglietta-femminile?referrer=catalog,0,8285572454,Sold,01/03/2026 10:25:57,,https://images1.vinted.net/t/06_021f7_nLWnGE6v4ihBEV4K1pJUXRsP/310x430/1772355958.webp?s=47d67ba2f936e41eadb351d06bcbcdf9367279ad,12,1
Bolso Agatha Ruiz de la Prada,30.1,Agatha Ruiz de la Prada,0,https://www.vinted.it/items/8285527711-bolso-agatha-ruiz-de-la-prada?referrer=catalog,1,8285527711,Sold,01/03/2026 10:25:57,,https://images1.vinted.net/t/05_00d56_j3U3pPkXMX3cGTPmsFqSj2sk/310x430/1772355631.webp?s=d261b13e056635b93a2af67afef1087724765576,12,1
Prada les infusion de Prada infusion de rhubarbe,79.45,Prada,0,https://www.vinted.it/items/8285495776-prada-les-infusion-de-prada-infusion-de-rhubarbe?referrer=catalog,0,8285495776,Sold,01/03/2026 10:25:57,,https://images1.vinted.net/t/05_013ee_EVN2hSV1rNwZUdBFj7kFocQe/310x430/1772355387.webp?s=ec7532ac3dc19b19b990183f0f838975861ccabe,12,1
Prada Nastro Clasp Sandal Men,620.2,Prada,43,https://www.vinted.it/items/8285481420-prada-nastro-clasp-sandal-men?referrer=catalog,0,8285481420,Sold,01/03/2026 10:25:57,,https://images1.vinted.net/t/05_01954_AgDeJ4YmWMD8sbSXRKGd4NXt/310x430/1772355275.webp?s=67a618f02a407370e372024073d1e23aa2ffe6f0,12,1
Parfum Prada Paradoxe 90 ml,95.2,Prada,0,https://www.vinted.it/items/8285475903-parfum-prada-paradoxe-90-ml?referrer=catalog,0,8285475903,Sold,01/03/2026 10:25:57,,https://images1.vinted.net/t/01_021dd_RtcoAbuP6hKreLHKmNnXA2ko/310x430/1772355232.webp?s=8e9d547eccb77cd11d469d13f0e3a73e1090f8f8,12,1
Cintura Prada,189.7,Prada,90 cm,https://www.vinted.it/items/8255208552-cintura-prada?referrer=catalog,0,8255208552,Sold,01/03/2026 10:25:57,,https://images1.vinted.net/t/06_024a5_p5grJ8ADZPr5MVgBzXVeJY1T/310x430/1771969444.webp?s=13060c9b86b2f831dfaaf2492d314841f5ff124e,12,1
Cintura Prada,189.7,Prada,90 cm,https://www.vinted.it/items/8254855863-cintura-prada?referrer=catalog,0,8254855863,Sold,01/03/2026 10:25:57,,https://images1.vinted.net/t/01_01ffa_9XsYqQ31H36aVqcsFZMKq4HE/310x430/1771965935.webp?s=8f91fefb53172b22bafc7c6eecdd1fd2cb16c263,12,1
Occhiali Prada,168.7,Prada,0,https://www.vinted.it/items/8285468223-occhiali-prada?referrer=catalog,0,8285468223,Sold,01/03/2026 10:25:57,,https://images1.vinted.net/t/05_00986_xMCeGhn2Hahuyh3yknvePNKi/310x430/1772355171.webp?s=2ed2b1d1b7e864dfab69f02c08e86db67ae94a24,12,1
Prada Candy 80ml,50.05,Prada,0,https://www.vinted.it/items/8285458750-prada-candy-80ml?referrer=catalog,0,8285458750,Sold,01/03/2026 10:25:57,,https://images1.vinted.net/t/05_02372_Hyu5D5Z6CGUWecYm6xRRs4Ff/310x430/1772355095.webp?s=cfa700be09af099c038a8822a5c6fa010f23016f,12,1
Bolso agatha ruiz de la prada verde charol original con colgante love,53.2,Agatha,0,https://www.vinted.it/items/8285432888-bolso-agatha-ruiz-de-la-prada-verde-charol-original-con-colgante-love?referrer=catalog,12,8285432888,Sold,01/03/2026 10:25:57,,https://images1.vinted.net/t/04_01b65_uUoAebNPnQs63QmMTCGB2BW2/310x430/1772354884.webp?s=802ec3411a12d20c45c530547f910fb32af06d43,12,1
Sandales Python Prada,200.2,Prada,35,https://www.vinted.it/items/8285431508-sandales-python-prada?referrer=catalog,1,8285431508,Sold,01/03/2026 10:25:57,,https://images1.vinted.net/t/01_00c30_4v27zQnaVw95rdYmwwVmmjLf/310x430/1772354874.webp?s=b5e7af79aadd960caa88978cdc6dd5d7a685bd11,12,1
Olfactories - Un Chant d’Amour - Prada ( Parfum ),221.2,Prada,0,https://www.vinted.it/items/8285426551-olfactories-un-chant-damour-prada-parfum?referrer=catalog,2,8285426551,Sold,01/03/2026 10:25:57,,https://images1.vinted.net/t/01_0225d_4YaqFo7NE8kqwVtL9AbqBD7v/310x430/1772354831.webp?s=6dc2b8d7f3bc8caea6a8ebf205244341a55afe65,12,1
Short de Bain Prada,231.7,Prada,M,https://www.vinted.it/items/8273330985-short-de-bain-prada?referrer=catalog,6,8273330985,Sold,01/03/2026 10:25:57,,https://images1.vinted.net/t/05_00803_eJZLQUVKUMkBaCi7s5EUvUSa/310x430/1772205322.webp?s=66f0170fd0fcb95fbd3135926520c098e983369d,12,1
PRADA Kosmetiktasche,105.7,Prada,0,https://www.vinted.it/items/8285290492-prada-kosmetiktasche?referrer=catalog,0,8285290492,Sold,01/03/2026 10:25:57,,https://images1.vinted.net/t/01_01784_q6WfmKodFEig55V6MDbQ2ATW/310x430/1772353594.webp?s=a9e1a4a178a0f03ea2ba68e7d3f26048de2d158a,12,1
Prada Beauty Charm Anhänger,23.8,Prada,0,https://www.vinted.it/items/8285319761-prada-beauty-charm-anhanger?referrer=catalog,0,8285319761,Sold,01/03/2026 10:25:57,,https://images1.vinted.net/t/04_0031e_aYxKR2jon5fvcgms54qhzKDn/310x430/1772353881.webp?s=9951d5a59851159a6b97cedb30a407d8effa3a31,12,1
Prada pantaloni in Lana con etichetta,100.45,Prada,L,https://www.vinted.it/items/8256095355-prada-pantaloni-in-lana-con-etichetta?referrer=catalog,0,8256095355,Sold,01/03/2026 10:25:57,,https://images1.vinted.net/t/05_0255d_vgiVgT4AtZudCdB4QzttxLfo/310x430/1772007633.webp?s=415503c9aa5024e8c6cbf52491d4d6147f72246c,12,1
Prada Ocean Pour Homme  EDP vapo 100 ml,84.7,Prada,0,https://www.vinted.it/items/8285288425-prada-ocean-pour-homme-edp-vapo-100-ml?referrer=catalog,0,8285288425,Sold,01/03/2026 10:25:57,,https://images1.vinted.net/t/01_008e4_3Cg2rZ8KoURRefukEjKBKP9v/310x430/1772353573.webp?s=61af2cf99c842517e500cdab3c874f06225e2b33,12,1
Anzugschutzhülle / Gesponsort Prada,26.95,Sonstiges,0,https://www.vinted.it/items/8285268987-anzugschutzhulle-gesponsort-prada?referrer=catalog,0,8285268987,Sold,01/03/2026 10:25:57,,https://images1.vinted.net/t/01_026ae_HJqumJG2UnwFnGfU8XxYa5cz/310x430/1772353374.webp?s=476b3e66a85023e2514c45e24575111fa2ae1aae,12,1
Braccialetto Prada,284.2,Prada,0,https://www.vinted.it/items/8285260824-braccialetto-prada?referrer=catalog,0,8285260824,Sold,01/03/2026 10:25:57,,https://images1.vinted.net/t/03_016ce_NmuVecyM8genieCteiPJ3eow/310x430/1772353289.webp?s=6634de6a2bbcb6deea0448d2bc84f13a50a201db,12,1
Sportbeutel / Gesponserter Beutel von Prada,19.6,Sonstiges,0,https://www.vinted.it/items/8285257900-sportbeutel-gesponserter-beutel-von-prada?referrer=catalog,0,8285257900,Sold,01/03/2026 10:25:57,,https://images1.vinted.net/t/05_01017_Cz6VJZcCgJ6b9KAS8seta45D/310x430/1772353259.webp?s=1164a3d638d6ba20be109fe473f79bb5d1484431,12,1
Casaco da Prada Milano,840.7,Prada,M,https://www.vinted.it/items/8285241352-casaco-da-prada-milano?referrer=catalog,0,8285241352,Sold,01/03/2026 10:25:57,,https://images1.vinted.net/t/06_00d29_tkRtGrQEqCu5beT28dHPyb9f/310x430/1772353082.webp?s=42dae91092a71305fa44a3f01ef92833c244b60f,12,1
RB.-bolso agatha ruiz de la prada como nuevo acolchado beige con interior multicolor súper top,53.1,Agatha,0,https://www.vinted.it/items/8285236718-rb-bolso-agatha-ruiz-de-la-prada-como-nuevo-acolchado-beige-con-interior-multicolor-super-top?referrer=catalog,12,8285236718,Sold,01/03/2026 10:25:57,,https://images1.vinted.net/t/05_01711_WoeHbbzgioSFfSf94BmxmAvz/310x430/1772353033.webp?s=26e3c4221faefe713ed15757a2e1c5141ab13093,12,1
Basket prada,263.2,Prada,41,https://www.vinted.it/items/8285235923-basket-prada?referrer=catalog,0,8285235923,Sold,01/03/2026 10:25:57,,https://images1.vinted.net/t/05_002b4_8JKAR1CfiMiK3qSpaMkEtRKv/310x430/1772353063.webp?s=ae584ef48c6436957d946529f25274112b6a4063,12,1
Prada Hemd,1.5757,Prada,XL,https://www.vinted.it/items/8285235375-prada-hemd?referrer=catalog,0,8285235375,Sold,01/03/2026 10:25:57,,https://images1.vinted.net/t/06_00271_o2R6EoAGua1smQxmUpvQBWBk/310x430/1772353018.webp?s=aafe072857049d520402676e9f7a898015ff2b1c,12,1
Prada Cups Black,210.7,Prada,44,https://www.vinted.it/items/8280296145-prada-cups-black?referrer=catalog,0,8280296145,Sold,01/03/2026 10:27:24,,https://images1.vinted.net/t/01_01c59_NqptP37NiyH5PV1HcwQAZUEr/310x430/1772287354.webp?s=510b7865df54e80ffda6614f1ace518ca7a72e9f,12,4
Prada paradoxe intense,47.95,Prada,0,https://www.vinted.it/items/8288037109-prada-paradoxe-intense?referrer=catalog,0,8288037109,On Sale,01/03/2026 13:39:13,,https://images1.vinted.net/t/04_0220d_XU34xxYgDxSP1nXTWKW81R9A/310x430/1772368535.webp?s=81c17399c33de875c58bb1f5714fd198a00c0cff,3,1
Astuccio Occhiali Originale Prada con panno - NUOVO,19.5,Prada,0,https://www.vinted.it/items/8288023609-astuccio-occhiali-originale-prada-con-panno-nuovo?referrer=catalog,0,8288023609,On Sale,01/03/2026 13:39:13,,https://images1.vinted.net/t/06_00b87_xeitSUXUU3bN35KdnnLgDbwA/310x430/1772368471.webp?s=a58364af731b9ce893192c2d548395e6b5042280,3,1
Profumo Prada,42.7,Prada,0,https://www.vinted.it/items/8288006637-profumo-prada?referrer=catalog,0,8288006637,On Sale,01/03/2026 13:39:13,,https://images1.vinted.net/t/06_00cb2_hcmCpGNDVtocX69hf4czPyYJ/310x430/1772368392.webp?s=3149f9eefccf81460f607287a69a6af614098f1d,3,1
Gafas de sol Agatha Ruiz de la Prada.,16.45,Agatha,0,https://www.vinted.it/items/8287970041-gafas-de-sol-agatha-ruiz-de-la-prada?referrer=catalog,0,8287970041,On Sale,01/03/2026 13:39:13,,https://images1.vinted.net/t/06_018ba_EvkdAmbCk9iQZVCGZD3DocEe/310x430/1772368215.webp?s=36fcc648006a9b0e6f4d7df9d45ca3f2d325a73a,3,1
Prada Tasche- unecht,16.45,Sonstiges,0,https://www.vinted.it/items/8287995856-prada-tasche-unecht?referrer=catalog,2,8287995856,Sold,01/03/2026 13:39:13,,https://images1.vinted.net/t/05_000c9_H1ZMeZ4XvgEcjo4C1YpaodJz/310x430/1772368340.webp?s=376cc8c76c4ccc59a1cc5e1e6ea9080e1bd04c56,3,1
Prada cup bleu foncée ( dark blue/ bleu marine),126.7,Prada,42,https://www.vinted.it/items/8287989238-prada-cup-bleu-foncee-dark-blue-bleu-marine?referrer=catalog,0,8287989238,On Sale,01/03/2026 13:39:13,,https://images1.vinted.net/t/06_00e4e_sRmahbDEK8W2cqKYbsCvHYk3/310x430/1772368308.webp?s=a834aab96d98268b18ee51394e20e160bdc7dc42,3,1
Prada bril,289.45,Prada,0,https://www.vinted.it/items/8287989406-prada-bril?referrer=catalog,0,8287989406,On Sale,01/03/2026 13:39:13,,https://images1.vinted.net/t/05_00a66_uxJp8dPDDw9DPfY6e1YBuWLb/310x430/1772368309.webp?s=1d3d0154978b197a93407955127cc9f8b0caa678,3,1
Prada Paradoxe Intense,26.95,Prada,0,https://www.vinted.it/items/8287988762-prada-paradoxe-intense?referrer=catalog,0,8287988762,On Sale,01/03/2026 13:39:13,,https://images1.vinted.net/t/06_002f6_q7dDuXQV7RLjCvD651dXGW32/310x430/1772368306.webp?s=784d22836d9dafa059af1b0ee941c2e4772e50fe,3,1
Prada - Luna Rossa Ocean,53.2,Prada,0,https://www.vinted.it/items/8287981451-prada-luna-rossa-ocean?referrer=catalog,0,8287981451,On Sale,01/03/2026 13:39:13,,https://images1.vinted.net/t/06_01c7e_3a8NSsbyGAdWWH8ZC7hfR8RR/310x430/1772368271.webp?s=be9ff89c0e3454dc1c187800c6bce1cfe6c14367,3,1
Pochette Prada nera in tessuto vela,194.95,Prada,0,https://www.vinted.it/items/8257875934-pochette-prada-nera-in-tessuto-vela?referrer=catalog,0,8257875934,On Sale,01/03/2026 13:39:13,,https://images1.vinted.net/t/06_004b6_z3rfiL2kQP9yYeM8MWRX5T2y/310x430/1772022236.webp?s=ea5eec64721d6c9111d89761531f9bdf09d23699,3,1
Prada Amber 80ml EDP,74.2,Prada,0,https://www.vinted.it/items/8283618845-prada-amber-80ml-edp?referrer=catalog,1,8283618845,On Sale,01/03/2026 13:39:13,,https://images1.vinted.net/t/01_008ab_97ydobdZHekceHgUZfrmM9HL/310x430/1772307783.webp?s=8f613654db60aa452fb46f3b771ee29f9b559bc5,3,1
Bruine design Prada zonnebril,110.95,Prada,0,https://www.vinted.it/items/8287951395-bruine-design-prada-zonnebril?referrer=catalog,0,8287951395,On Sale,01/03/2026 13:39:13,,https://images1.vinted.net/t/04_02256_bifRDdHJTtrGYq8UDHiTXrpQ/310x430/1772368127.webp?s=f893c9c473a3dc746ecb76de0dbbc130d06d90ee,3,1
Prada Bomber jacket,473.2,Prada,S,https://www.vinted.it/items/8287940180-prada-bomber-jacket?referrer=catalog,0,8287940180,On Sale,01/03/2026 13:39:13,,https://images1.vinted.net/t/05_0072d_87Bi1pYAmEZdoXPKAbV8QVJN/310x430/1772368073.webp?s=a6998323c33c52c6a3ad13f12908ee01f797c452,3,1
Borsa Soft Nappa Black Leather,1.5757,Prada,0,https://www.vinted.it/items/8287921319-borsa-soft-nappa-black-leather?referrer=catalog,0,8287921319,On Sale,01/03/2026 13:39:13,,https://images1.vinted.net/t/01_004af_srUkdNAwvtMivpHi3eGdXJwv/310x430/1772367984.webp?s=d72c75dbe2f159949bfe811d8a8e8dead6865121,3,1
New Prada Accesoires hanger,11.2,Prada,0,https://www.vinted.it/items/8287920190-new-prada-accesoires-hanger?referrer=catalog,0,8287920190,On Sale,01/03/2026 13:39:13,,https://images1.vinted.net/t/03_011dc_sBbsaHMDvbTMxaHDrUfsvrfy/310x430/1772367979.webp?s=0c352d21b7feac0ed0de1580ad9f890115e0ba08,3,1
Vestido talla 8 niña de ágata Ruiz de la Prada,19.6,Prada,8 anni / 128 cm,https://www.vinted.it/items/8287899485-vestido-talla-8-nina-de-agata-ruiz-de-la-prada?referrer=catalog,4,8287899485,On Sale,01/03/2026 13:39:13,,https://images1.vinted.net/t/04_00a14_ZBkgDsEkzKQ7BC5f2VFcJcAP/310x430/1772367880.webp?s=0702bd4dcb012b854566ba64e2528e3d906c8535,3,1
Casquette Prada,95.2,Casquette,M,https://www.vinted.it/items/8287889332-casquette-prada?referrer=catalog,2,8287889332,Sold,01/03/2026 13:39:13,,https://images1.vinted.net/t/03_022d5_uA2itHc7VFwDv54bZeB1Mb33/310x430/1772367832.webp?s=3af757f1dea7f98aae4d599b3085a7435bfba6e2,3,1
prada handbag,63.7,Prada,0,https://www.vinted.it/items/8283540177-prada-handbag?referrer=catalog,0,8283540177,On Sale,01/03/2026 13:39:13,,https://images1.vinted.net/t/06_0240d_Dkik4JLHH1cAg4xqVQgJGSMS/310x430/1772307096.webp?s=3dd27450462525c7d0bdc5c23f0568316dbcf537,3,1
Lunette Prada,105.7,Prada,0,https://www.vinted.it/items/8287867104-lunette-prada?referrer=catalog,0,8287867104,On Sale,01/03/2026 13:39:13,,https://images1.vinted.net/t/06_006e9_2N296iKgn59uBYhrTYyMMQTj/310x430/1772367725.webp?s=85a147fd93c9816d45c7dc1907936915d854b370,3,1
New Prada Paradoxe Parfum 90 ml Original,72.1,Prada,0,https://www.vinted.it/items/8287848279-new-prada-paradoxe-parfum-90-ml-original?referrer=catalog,0,8287848279,On Sale,01/03/2026 13:39:13,,https://images1.vinted.net/t/06_004d4_NkentAtJoePREYuDGThJY1sp/310x430/1772367634.webp?s=3ba6b6bc8e97523203bafc29338aed7ca89833f5,3,1
Prada cup,89.95,Prada,43,https://www.vinted.it/items/8287842201-prada-cup?referrer=catalog,0,8287842201,On Sale,01/03/2026 13:39:13,,https://images1.vinted.net/t/04_024d4_YG546RLez8jPrntMxUz3cQNe/310x430/1772367605.webp?s=2f481cd2b27c480bf7c79de4a6bb09e28f8989cc,3,1
Bolso PRADA Vitello negro,725.2,Prada,0,https://www.vinted.it/items/8287827399-bolso-prada-vitello-negro?referrer=catalog,0,8287827399,On Sale,01/03/2026 13:39:13,,https://images1.vinted.net/t/01_01a88_g23aGRmPqg6Vft6zGwrxEK1u/310x430/1772367532.webp?s=6413a8ac0bafef41bcab312404e75e0e1058e440,3,1
Recarga EAU de parfum Prada Paradoxe,74.2,Prada,0,https://www.vinted.it/items/8287825084-recarga-eau-de-parfum-prada-paradoxe?referrer=catalog,0,8287825084,On Sale,01/03/2026 13:39:13,,https://images1.vinted.net/t/06_02207_e7FYYYX2eVkVCfiqLbRKQx8Z/310x430/1772367521.webp?s=a4a43badbeb09791e60645f343d2b501c7a4ba76,3,1
Prada cup bleu foncée ( dark blue ),126.7,Prada,42,https://www.vinted.it/items/8287820910-prada-cup-bleu-foncee-dark-blue?referrer=catalog,1,8287820910,On Sale,01/03/2026 13:39:13,,https://images1.vinted.net/t/04_008c5_AMdX7DACnPArTKYdmeDazo1E/310x430/1772367501.webp?s=69f097c11e740ac05cd976e3da7ac2745f964ec8,3,1
Prada cup,210.7,Prada,43,https://www.vinted.it/items/8287789268-prada-cup?referrer=catalog,0,8287789268,On Sale,01/03/2026 13:39:13,,https://images1.vinted.net/t/06_00dff_RFZ49rw8SKHVbcfS9jRkNDh9/310x430/1772367346.webp?s=9e3e3bb35c8bb9c98936af11ac40ce51320b070c,3,1
Étui rigide à lunettes Prada,18.45,Prada,0,https://www.vinted.it/items/8287787546-etui-rigide-a-lunettes-prada?referrer=catalog,0,8287787546,On Sale,01/03/2026 13:39:13,,https://images1.vinted.net/t/05_0103f_oQzzoN6cJ8fNHEdJ7ngHdxzb/310x430/1772367338.webp?s=7ab71a8c7221180f40388fa4b3073d6288bee1d3,3,1
Libro Prada sfilate,47.95,No brand,0,https://www.vinted.it/items/8287771788-libro-prada-sfilate?referrer=catalog,1,8287771788,On Sale,01/03/2026 13:39:13,,https://images1.vinted.net/t/06_02304_QCez1arcUZa5yN4qqtzjKfeJ/310x430/1772367262.webp?s=c2b71cdb07059512838ba1cfd180ac604f37eb6b,3,1
Lunette Prada,137.2,Prada,0,https://www.vinted.it/items/8287757874-lunette-prada?referrer=catalog,0,8287757874,On Sale,01/03/2026 13:39:13,,https://images1.vinted.net/t/03_01ada_pLkdJno1UMwvP8BZcmGBnkjg/310x430/1772367195.webp?s=dd12e01874978d4a51071bd777091b5361704f11,3,1
Mochila Colegio,16.45,Agatha Ruiz de la Prada,0,https://www.vinted.it/items/8287732899-mochila-colegio?referrer=catalog,0,8287732899,On Sale,01/03/2026 13:39:13,,https://images1.vinted.net/t/06_00fbd_ftZdZwLAsNbFst68vk9zW8Wd/310x430/1772367076.webp?s=a0c140c5375c318eccc00534232d9236d87942ee,3,1
Prada Ballerine Satin Rosa Confetto 39 Nuove Con Scatola,598.15,Prada,39,https://www.vinted.it/items/8287726713-prada-ballerine-satin-rosa-confetto-39-nuove-con-scatola?referrer=catalog,0,8287726713,On Sale,01/03/2026 13:39:13,,https://images1.vinted.net/t/05_022c6_viq8D1QnXCg4UsUdaxR868vJ/310x430/1772367045.webp?s=f31ed4ab0b5d211c5efe4096b0e67501892de5de,3,1
Prada cups Gr 45,110.95,Prada,45,https://www.vinted.it/items/8257742839-prada-cups-gr-45?referrer=catalog,2,8257742839,On Sale,01/03/2026 13:39:13,,https://images1.vinted.net/t/05_011d2_E5HDKWwL7Fz46P6r3dGGtd3G/310x430/1772021252.webp?s=f93d8199237e6263d234e19c7f8ab3cc77bc6815,3,1
Prada sunglasses,116.2,Prada,0,https://www.vinted.it/items/8287716512-prada-sunglasses?referrer=catalog,0,8287716512,On Sale,01/03/2026 13:39:13,,https://images1.vinted.net/t/05_016c5_7cZWjyunaVsj1cYPJ6mkvP9F/310x430/1772366995.webp?s=c1c0ad5d3da281856b08daebf3ed1c329c435454,3,1
Lunettes prada,53.2,Prada,0,https://www.vinted.it/items/8287692210-lunettes-prada?referrer=catalog,1,8287692210,On Sale,01/03/2026 13:39:13,,https://images1.vinted.net/t/06_01365_rMqAtssofLCXkY9CbRcnJKpC/310x430/1772366879.webp?s=db6d56f42913ecf6e41b9b616610eeaabb9f1bef,3,1
Occhiali Prada,294.7,Prada,0,https://www.vinted.it/items/8287675892-occhiali-prada?referrer=catalog,0,8287675892,On Sale,01/03/2026 13:39:13,,https://images1.vinted.net/t/06_00c5d_HLv1EAzLy1e5zc9hwCPohVhy/310x430/1772366799.webp?s=45e8fa342bbafe14047161b3913286aacb650873,3,1
Prada jacket,410.2,Prada,M,https://www.vinted.it/items/8287660121-prada-jacket?referrer=catalog,0,8287660121,On Sale,01/03/2026 13:39:13,,https://images1.vinted.net/t/01_02478_tMze7wqW4qFE7mXEQH53bAbW/310x430/1772366723.webp?s=fa3535ff59efe5d02bba3ebe6cce2feb5846b8eb,3,1
Prada cup noire ( black ),126.7,Prada,42,https://www.vinted.it/items/8287650385-prada-cup-noire-black?referrer=catalog,1,8287650385,On Sale,01/03/2026 13:39:13,,https://images1.vinted.net/t/01_01779_rCmHdCLp2WcSUkitzkXFKK3P/310x430/1772366676.webp?s=477c2f99c190d9c7cbb5da020f99012239cb5e41,3,1
Prada rouge à lèvres monochrome R28 Mini,21.7,Prada,0,https://www.vinted.it/items/8287642572-prada-rouge-a-levres-monochrome-r28-mini?referrer=catalog,0,8287642572,On Sale,01/03/2026 13:39:13,,https://images1.vinted.net/t/05_022e1_3Fn6WGiYH4WS6Em6KojA7Usa/310x430/1772366638.webp?s=f17a480f8cf8f99f7bd861984abfb80b06004e17,3,1
Prada Cups schwarz Größe 44,74.2,Prada,44,https://www.vinted.it/items/8287632854-prada-cups-schwarz-grosse-44?referrer=catalog,2,8287632854,On Sale,01/03/2026 13:39:13,,https://images1.vinted.net/t/05_01352_tKL8kgT9KPJW5SXGKU6dwRxY/310x430/1772366593.webp?s=1a413643df509b0b586c3e3df58686dce022dcb5,3,1
Prada sandalen zwart leer met Vibram rubberen zool,388.15,Prada,38,https://www.vinted.it/items/8287627589-prada-sandalen-zwart-leer-met-vibram-rubberen-zool?referrer=catalog,0,8287627589,On Sale,01/03/2026 13:39:13,,https://images1.vinted.net/t/06_012c0_o2nNpnRN1mp1Rjo3opDLqTAy/310x430/1772366770.webp?s=69ef5b00abbe5e96a8a4f3a17b54cbdc6b307c4f,3,1
Prada Sandals,63.7,Prada,41,https://www.vinted.it/items/8287619257-prada-sandals?referrer=catalog,1,8287619257,On Sale,01/03/2026 13:39:13,,https://images1.vinted.net/t/06_007a6_UBFrPnr7fFHqPrBxsmkGB9Js/310x430/1772366527.webp?s=e6e598a3e1643531ff83b336a40eeefc91130868,3,1
RB.-bolso agatha ruiz de la prada como nuevo acolchado beige con interior multicolor súper top,53.1,Agatha,0,https://www.vinted.it/items/8287612671-rb-bolso-agatha-ruiz-de-la-prada-como-nuevo-acolchado-beige-con-interior-multicolor-super-top?referrer=catalog,11,8287612671,On Sale,01/03/2026 13:39:13,,https://images1.vinted.net/t/04_02449_cjbZu3tYiZDGojservsDGm2Z/310x430/1772366495.webp?s=1f8807703b321bd9addb5021da091f007c129cea,3,1
Sac Prada,47.95,Prada,0,https://www.vinted.it/items/8257650848-sac-prada?referrer=catalog,9,8257650848,On Sale,01/03/2026 13:39:13,,https://images1.vinted.net/t/05_010b7_T7AZi1KGMGXt2coVjPJH1mjd/310x430/1772020560.webp?s=c6ffacd6fc9705aafde76d6ee6c08add74f9165a,3,1
Lip balm Prada,37.45,Prada beauty,0,https://www.vinted.it/items/8287573891-lip-balm-prada?referrer=catalog,0,8287573891,On Sale,01/03/2026 13:39:13,,https://images1.vinted.net/t/05_02110_nefZY4TKWTAxXVZHjE2fyeN5/310x430/1772366308.webp?s=037f51e5a99449daeb44a76ac7e1aa813de9b633,3,1
Brille Prada,126.7,Prada,0,https://www.vinted.it/items/8287561002-brille-prada?referrer=catalog,0,8287561002,On Sale,01/03/2026 13:39:13,,https://images1.vinted.net/t/05_01284_KypebFADqUtnLmDKcS5EdwB9/310x430/1772366247.webp?s=1b25a7c79525e12c666345cbf78fa2f01e50d837,3,1
Zapatos Prada,110.95,Prada,42,https://www.vinted.it/items/8287541433-zapatos-prada?referrer=catalog,1,8287541433,On Sale,01/03/2026 13:39:13,,https://images1.vinted.net/t/06_006fe_RL5G7NLBjWA1RUAuLgX1NLax/310x430/1772366153.webp?s=794e4a588e1ad3fe58b7005ade5000431d5953f3,3,1
Prada sun glasses,173.95,Prada,0,https://www.vinted.it/items/8287536047-prada-sun-glasses?referrer=catalog,2,8287536047,On Sale,01/03/2026 13:39:13,,https://images1.vinted.net/t/06_018c2_QLV4AgiDatNuzm1mZuNE2osc/310x430/1772366127.webp?s=87f0f010a7b4e3de8a8015f4968185d940900d01,3,1
Solaire Prada,63.7,Prada,0,https://www.vinted.it/items/8287533164-solaire-prada?referrer=catalog,0,8287533164,On Sale,01/03/2026 13:39:13,,https://images1.vinted.net/t/05_015cf_vsF9hoZdGhX53esoos18hRBz/310x430/1772366113.webp?s=e53601abb984853fc476e7513747fa0c05283e12,3,1
Vestido ARP talla 102 cms,30.1,Agatha Ruiz de la Prada,4 anni / 104 cm,https://www.vinted.it/items/8287520690-vestido-arp-talla-102-cms?referrer=catalog,0,8287520690,On Sale,01/03/2026 13:39:13,,https://images1.vinted.net/t/05_01fd9_Ud1CvVSkDc5iTgaYj5r8n7b7/310x430/1772366053.webp?s=380d96851237871c5fd5b68565139175c461786a,3,1
Zapatos Prada,110.95,Prada,43,https://www.vinted.it/items/8287509244-zapatos-prada?referrer=catalog,0,8287509244,On Sale,01/03/2026 13:39:13,,https://images1.vinted.net/t/01_022d4_UCw2nMmBJvYmSz7ZpoWX7J7y/310x430/1772365998.webp?s=b1bfc541560a93dbd77d156c83d6833d96fc02c2,3,1
Prada Nylon Jacke Trainingsjacke Tracksuit Windbreaker Hoodie Pulli Shirt,305.2,Prada,XL,https://www.vinted.it/items/8287504365-prada-nylon-jacke-trainingsjacke-tracksuit-windbreaker-hoodie-pulli-shirt?referrer=catalog,0,8287504365,On Sale,01/03/2026 13:39:13,,https://images1.vinted.net/t/05_00be5_8toiEaoKGzEzfPS9oPxiMd6V/310x430/1772365975.webp?s=55d76b91aea64df8cb126e5b8fc27e3574f20128,3,1
Monture lunettes de vue Prada Écaille,158.2,Prada,0,https://www.vinted.it/items/8287482801-monture-lunettes-de-vue-prada-ecaille?referrer=catalog,1,8287482801,On Sale,01/03/2026 13:39:13,,https://images1.vinted.net/t/05_01d24_QUCAgJgdCibvRu2ZP3srCJ7c/310x430/1772365871.webp?s=958ccc179d497d329ad124feb4459746d0017c14,3,1
Occhiali da sole di Prada,74.2,Prada,0,https://www.vinted.it/items/8287480397-occhiali-da-sole-di-prada?referrer=catalog,0,8287480397,On Sale,01/03/2026 13:39:13,,https://images1.vinted.net/t/05_0103f_qHgTrJNbafGvYakDVxpJqjic/310x430/1772365859.webp?s=406ed586019202f53bae70300b31eb69fbdaaa06,3,1
Portafoglio Prada originale nuovo tessuto ecru e pelle marrone,314.65,Prada,0,https://www.vinted.it/items/8287479474-portafoglio-prada-originale-nuovo-tessuto-ecru-e-pelle-marrone?referrer=catalog,2,8287479474,On Sale,01/03/2026 13:39:13,,https://images1.vinted.net/t/06_0225c_LiFwMXtqEd38cDMd6FscMVXt/310x430/1772365855.webp?s=3e0d12bc9c135334ded6b27741d849c64c25e88c,3,1
Monture Lunettes de vue Prada Noire,158.2,Prada,0,https://www.vinted.it/items/8287466514-monture-lunettes-de-vue-prada-noire?referrer=catalog,0,8287466514,On Sale,01/03/2026 13:39:13,,https://images1.vinted.net/t/01_01174_kVkxTvfCnLqH9mJjiiqbZNsq/310x430/1772365793.webp?s=8b0bdbc6f520eb3d2b7779780e352ac63a0073bf,3,1
Bota  alta Prada Charol negra monolith,998.2,Prada,36.5,https://www.vinted.it/items/8287463947-bota-alta-prada-charol-negra-monolith?referrer=catalog,1,8287463947,On Sale,01/03/2026 13:39:13,,https://images1.vinted.net/t/05_01092_ctXsgS5thjNUpgVMb9pETDBs/310x430/1772365781.webp?s=a7be9b8fbaa620d364441ecf8a1999fd9a6af62d,3,1
Prada Sonnenbrille,105.7,Spex,0,https://www.vinted.it/items/8287455224-prada-sonnenbrille?referrer=catalog,0,8287455224,On Sale,01/03/2026 13:39:13,,https://images1.vinted.net/t/01_016ba_fLbMiv88t2XvJ3dwGbQKc8mP/310x430/1772365739.webp?s=54de6a15b17fde8591ca368c617a38bd27fa01a2,3,1
Prada Paradoxe hair mist,29.05,Paradoxe,0,https://www.vinted.it/items/8287447918-prada-paradoxe-hair-mist?referrer=catalog,0,8287447918,On Sale,01/03/2026 13:39:13,,https://images1.vinted.net/t/06_02028_L3c3eViy8nihF6m9p3sAsKjG/310x430/1772365704.webp?s=b8305f63fd1d2a1a85cc6f3d334fdc2ad95b2230,3,1
Prada cup noir ( black ),126.7,Prada,44,https://www.vinted.it/items/8287447243-prada-cup-noir-black?referrer=catalog,0,8287447243,On Sale,01/03/2026 13:39:13,,https://images1.vinted.net/t/05_012a4_MKzEmdqvHdo2raUK1rJh6G8H/310x430/1772365701.webp?s=a23288796527c29dfbf9f8295450bcd6cd1ba7eb,3,1
Jeans prada,21.7,Prada,S / IT 40 / EU 36,https://www.vinted.it/items/8287441231-jeans-prada?referrer=catalog,0,8287441231,On Sale,01/03/2026 13:39:13,,https://images1.vinted.net/t/06_016aa_QhRDsgH436yepc6CUCD7mxLA/310x430/1772365672.webp?s=c330c2496913428be586c1a79bd9295cab07a891,3,1
Robe noir et bleu,32.2,Prada,Taglia unica,https://www.vinted.it/items/8287432675-robe-noir-et-bleu?referrer=catalog,1,8287432675,On Sale,01/03/2026 13:39:13,,https://images1.vinted.net/t/06_004f8_U4C2ep6LuhmEFFymLKF8hAJi/310x430/1772365631.webp?s=132615cde9641b732758508f99e7894d17b9b130,3,1
Prada stropdas - tie – Nieuw in doos – 100% Zijde,105.7,Prada,0,https://www.vinted.it/items/8287428470-prada-stropdas-tie-nieuw-in-doos-100-zijde?referrer=catalog,0,8287428470,On Sale,01/03/2026 13:39:13,,https://images1.vinted.net/t/01_025d5_B47NSpui4uATKXk3TNnvMXoE/310x430/1772365611.webp?s=8187fb5453ea1573e1024531a61493bdc4ceafec,3,1
Manifesto pubblicitario originale - Prada America’s Cup,105.7,Prada,0,https://www.vinted.it/items/8287402630-manifesto-pubblicitario-originale-prada-americas-cup?referrer=catalog,1,8287402630,On Sale,01/03/2026 13:39:13,,https://images1.vinted.net/t/05_00741_vsKfJqU1ohP8Md3nS9qDyRWv/310x430/1772365487.webp?s=c00ce53cd4cf79a3c1ac6748e32d5fdce1795b97,3,1
Vestido con medias T 4 años,26.95,Agatha Ruiz de la Prada,4 anni / 104 cm,https://www.vinted.it/items/8287401176-vestido-con-medias-t-4-anos?referrer=catalog,1,8287401176,On Sale,01/03/2026 13:39:13,,https://images1.vinted.net/t/06_01b35_BfNd7FDJM4WrYZa53uLzmn9R/310x430/1772365480.webp?s=62a9c451bcb5ddf2f4522326b054b32929315e55,3,1
Eau de parfum Infusion de Rose en 100ml de Prada,74.2,Prada,0,https://www.vinted.it/items/8287381858-eau-de-parfum-infusion-de-rose-en-100ml-de-prada?referrer=catalog,1,8287381858,On Sale,01/03/2026 13:39:13,,https://images1.vinted.net/t/05_00c26_4QjLgKsugXWBFhaD1Vh2bmVA/310x430/1772365388.webp?s=230c16742d65fe50592c640df9cd0462f27f5dc1,3,1
Felpa Prada,54.25,ELEGANTE,S,https://www.vinted.it/items/8287370813-felpa-prada?referrer=catalog,0,8287370813,On Sale,01/03/2026 13:39:13,,https://images1.vinted.net/t/06_01a24_URPi2CrWKDKAiqmBePn7ozSS/310x430/1772365337.webp?s=6e98f90b92e8e5693b47fe80ca82e9421c283a24,3,1
Prada paradoxe 90ml,51.1,Prada,0,https://www.vinted.it/items/8287367917-prada-paradoxe-90ml?referrer=catalog,4,8287367917,Sold,01/03/2026 13:39:13,,https://images1.vinted.net/t/05_01e9a_mB89gFXwEuQqZugKgad3h7J9/310x430/1772365323.webp?s=71832b46231e29997492ca740dab4a9d57c996c1,3,1
Pendente Prada,51.1,Prada,0,https://www.vinted.it/items/8287368047-pendente-prada?referrer=catalog,0,8287368047,On Sale,01/03/2026 13:39:13,,https://images1.vinted.net/t/01_02213_FdFpFbXj7JT7Qf9QBTNGTMai/310x430/1772365324.webp?s=9914dc4a8cd053fdad46464223e6ffd7d8fbca0b,3,1
Eau de parfum Prada paradoxe,52.15,Prada,0,https://www.vinted.it/items/8287360961-eau-de-parfum-prada-paradoxe?referrer=catalog,0,8287360961,On Sale,01/03/2026 13:39:13,,https://images1.vinted.net/t/01_026b3_NhGMfS64D8fyXPF5VU3GV9Fv/310x430/1772365289.webp?s=61f2e2711e845b7a9fa99478ebb23fdb0bafb4b6,3,1
Prada sunglasses,283.15,Prada,0,https://www.vinted.it/items/8287358512-prada-sunglasses?referrer=catalog,1,8287358512,On Sale,01/03/2026 13:39:13,,https://images1.vinted.net/t/05_00f80_M3TW1BzkjTQUSDiMvCEoXi7F/310x430/1772365278.webp?s=4d34d0de8a32ab627f099342ac0b74c797b67049,3,1
Prada Paradoxe edp mini taglia,26.95,Prada,0,https://www.vinted.it/items/8287306805-prada-paradoxe-edp-mini-taglia?referrer=catalog,0,8287306805,On Sale,01/03/2026 13:39:13,,https://images1.vinted.net/t/06_020f2_bPALbNB3Qu1VZBVtgEg71iu6/310x430/1772365031.webp?s=a5af77e36f56618b73722801e899200557466bf3,3,1
schwarzes prada shirt,21.7,Prada,S / IT 40 / EU 36,https://www.vinted.it/items/8287305121-schwarzes-prada-shirt?referrer=catalog,1,8287305121,On Sale,01/03/2026 13:39:13,,https://images1.vinted.net/t/06_0227f_kW2TJCKk37kHhq2ngzpkWKzM/310x430/1772365023.webp?s=369687deaf2de8d93b39126a3c026f94b8adaae2,3,1
Paradoxe intense,58.45,Prada,0,https://www.vinted.it/items/8287292347-paradoxe-intense?referrer=catalog,1,8287292347,On Sale,01/03/2026 13:39:13,,https://images1.vinted.net/t/05_02250_Z9uE6mQt7Ao98iVat5BZqQiG/310x430/1772364963.webp?s=0281168c3c26860624e4a0d053966d437232b6bf,3,1
Prada lunettes de soleil,263.2,Prada,0,https://www.vinted.it/items/8287284232-prada-lunettes-de-soleil?referrer=catalog,1,8287284232,On Sale,01/03/2026 13:39:13,,https://images1.vinted.net/t/05_004e8_zFAjzdse9nv5DsqK4nfNGvKj/310x430/1772364925.webp?s=7a2d3d4b6e9a407e66a2c55b2dacbb467506f638,3,1
Prada Brique crossbodytas,840.7,Prada,0,https://www.vinted.it/items/8287184331-prada-brique-crossbodytas?referrer=catalog,1,8287184331,On Sale,01/03/2026 13:39:13,,https://images1.vinted.net/t/06_01551_BbN9x5o13paroGzWUVqQVVji/310x430/1772364450.webp?s=a30c11022dfdd6bb879a0c4d6b1a812acaeb0da5,3,1
Prada paradoxe,42.7,Paradoxe,0,https://www.vinted.it/items/8287261327-prada-paradoxe?referrer=catalog,0,8287261327,On Sale,01/03/2026 13:39:13,,https://images1.vinted.net/t/06_0054f_98nFZauqudEunhmK5c3Hh4jZ/310x430/1772364816.webp?s=26e20302c9b16842173111c02052eace4ba441ca,3,1
Bolso agatha ruiz de la prada verde charol original con colgante love,47.85,Agatha,0,https://www.vinted.it/items/8287249620-bolso-agatha-ruiz-de-la-prada-verde-charol-original-con-colgante-love?referrer=catalog,10,8287249620,On Sale,01/03/2026 13:39:13,,https://images1.vinted.net/t/04_01d87_aoXW8nboRbiAhigepgHWLMB7/310x430/1772364759.webp?s=95b18644b942f16018c4bb210173b8e6a25c4e88,3,1
Prada black& white sunglasses,241.15,Prada,0,https://www.vinted.it/items/8287253959-prada-black-white-sunglasses?referrer=catalog,0,8287253959,On Sale,01/03/2026 13:39:13,,https://images1.vinted.net/t/06_023af_yDwgq2tWzsMrYn3mGMyfAYiy/310x430/1772364780.webp?s=4b71d82d22f4a49c1d585c6c2be4a969b31bedbf,3,1
Gafas de sol Prada grises estilo rectangular – tendencia Y2K,89.95,Prada,0,https://www.vinted.it/items/8287218712-gafas-de-sol-prada-grises-estilo-rectangular-tendencia-y2k?referrer=catalog,1,8287218712,On Sale,01/03/2026 13:39:13,,https://images1.vinted.net/t/04_00418_QtY7dWqZmegVaHQoEHLRUCtn/310x430/1772364613.webp?s=b7d85e45e142a4fff74a9821f533601feb93f92e,3,1
étui à Lunettes Prada,21.7,Prada,0,https://www.vinted.it/items/8287207327-etui-a-lunettes-prada?referrer=catalog,0,8287207327,On Sale,01/03/2026 13:39:13,,https://images1.vinted.net/t/05_01df7_qGSguNKPHg547RJ3hoHsjJig/310x430/1772364559.webp?s=d4e90f8900464bd836fa949d5d9a67c9cb079e1a,3,1
Maglia maniche lunghe Prada,315.7,Prada,XS,https://www.vinted.it/items/8287198728-maglia-maniche-lunghe-prada?referrer=catalog,1,8287198728,On Sale,01/03/2026 13:39:13,,https://images1.vinted.net/t/05_0138b_uEpqQNtUKAWTRmaQ8dog95GR/310x430/1772364518.webp?s=cbf2456fa55022bc0bcb6703dd4722b078ba2ecd,3,1
Prada paradigme eau de parfum 100ml,55.3,Prada,0,https://www.vinted.it/items/8287191072-prada-paradigme-eau-de-parfum-100ml?referrer=catalog,0,8287191072,On Sale,01/03/2026 13:39:13,,https://images1.vinted.net/t/01_02442_2Vdoj78WJwWdnExJRD6mw94M/310x430/1772364482.webp?s=1e5d9f07c37b5155c998e78f92711f73ed72b0f5,3,1
Profumo Prada,12.25,Prada,0,https://www.vinted.it/items/8287185243-profumo-prada?referrer=catalog,2,8287185243,On Sale,01/03/2026 13:39:13,,https://images1.vinted.net/t/05_00ec7_wSBnrd4kjM8n7TDJSUi46H3g/310x430/1772364454.webp?s=90548d05242bd962487fdbfc9aa3b5c80536794d,3,1
Mocassini Prada,641.2,Prada,39,https://www.vinted.it/items/8287179852-mocassini-prada?referrer=catalog,6,8287179852,On Sale,01/03/2026 13:39:13,,https://images1.vinted.net/t/06_00ad5_FokXsAT4xwti9akYyRc9uTEC/310x430/1772364428.webp?s=ca903814f58e3783b236670f19b4bf393cb7fe3e,3,1
Prada Re-nylon,1.5757,Prada,0,https://www.vinted.it/items/8287131151-prada-re-nylon?referrer=catalog,0,8287131151,On Sale,01/03/2026 13:39:13,,https://images1.vinted.net/t/05_00c1c_WwXpXGUbs9fTFD6Mj4VWYyrq/310x430/1772364199.webp?s=e236f260a894c008190a9201c8a6ead55a75ddab,3,1
Infusion D'Iris Cofre Estuche Parfum,84.7,Prada,0,https://www.vinted.it/items/8287129398-infusion-diris-cofre-estuche-parfum?referrer=catalog,3,8287129398,On Sale,01/03/2026 13:39:13,,https://images1.vinted.net/t/05_020f0_PW3eNMMsawXdQvVGNYDCrhAn/310x430/1772364191.webp?s=fbc6856824045310ee05da90dab6027e425eeb91,3,1
Gafas de sol Prada Iconic Black & Grey – Diseño Italiano 49mm,189.7,Prada,0,https://www.vinted.it/items/8287112939-gafas-de-sol-prada-iconic-black-grey-diseno-italiano-49mm?referrer=catalog,1,8287112939,On Sale,01/03/2026 13:39:13,,https://images1.vinted.net/t/05_01a9d_5wztmiBAA1WkLqPZZbiyqKEV/310x430/1772364113.webp?s=0ae6d53e901e4a389d03a57db328fab45dc46ac7,3,1
Stivali Prada,158.2,Prada,36.5,https://www.vinted.it/items/8279519544-stivali-prada?referrer=catalog,4,8279519544,On Sale,01/03/2026 13:39:13,,https://images1.vinted.net/t/06_0254d_J9eVssXw26crHZ4Varvr5rjf/310x430/1772283105.webp?s=e8a5a567ddc03954046a25402ffb10747d44fed0,3,1
Cravatta PRADA,16.45,Prada,0,https://www.vinted.it/items/8287098256-cravatta-prada?referrer=catalog,2,8287098256,On Sale,01/03/2026 13:39:13,,https://images1.vinted.net/t/01_01bed_CQj5HAsLXUS2aUwd8fzqHSV5/310x430/1772364043.webp?s=9004507e7e825f95084f11e16781cb6eac477947,3,1
PRADA Paradoxe Eau de Parfum 50ml,100.45,Prada,0,https://www.vinted.it/items/8287088598-prada-paradoxe-eau-de-parfum-50ml?referrer=catalog,0,8287088598,Sold,01/03/2026 13:39:13,,https://images1.vinted.net/t/06_00c11_GpT6qoq3YgEcYnEbgYozigz3/310x430/1772363998.webp?s=c7ab2494026cd3c00ae273cb7653f5be23b409b2,3,1
Prada Stiefel,42.7,Prada,37,https://www.vinted.it/items/8287086665-prada-stiefel?referrer=catalog,1,8287086665,Sold,01/03/2026 13:39:13,,https://images1.vinted.net/t/06_022bc_q8Kc9eXN557jJ61qeNMzFefo/310x430/1772363988.webp?s=ea77270d10a4625dcecede78db0215d2f50278b9,3,1
Gafas de sol Prada,310.45,Prada,0,https://www.vinted.it/items/8287079711-gafas-de-sol-prada?referrer=catalog,0,8287079711,Sold,01/03/2026 13:39:13,,https://images1.vinted.net/t/03_02181_H82P8C1Ajp713Dm7TwKFvNCF/310x430/1772363955.webp?s=04018f4536ad6fb1e8a94b2ea09665df2b20d350,3,1
Doudoune en graphène noire Prada,788.2,Prada,XL,https://www.vinted.it/items/8287075517-doudoune-en-graphene-noire-prada?referrer=catalog,0,8287075517,Sold,01/03/2026 13:39:13,,https://images1.vinted.net/t/05_01c29_7yL3WNXjrhp7KyruRwGMzqYR/310x430/1772363935.webp?s=410c4c7d3b1a78ebd9abd0c51da732a7dae79766,3,1
Prada Men Brown Leather Sandals Size 9,200.2,Prada,43,https://www.vinted.it/items/8287063868-prada-men-brown-leather-sandals-size-95-it-435-de?referrer=catalog,1,8287063868,Sold,01/03/2026 13:39:13,,https://images1.vinted.net/t/05_0139d_7ZZ2K2NPSkPtsPtV4o45ivgZ/310x430/1772363879.webp?s=2ffcd537ccbfaa827d50d06d29577accc49ed278,3,1
Calcetines,9.1,Agatha Ruiz de la Prada,M | 39-42,https://www.vinted.it/items/8289083505-calcetines?referrer=catalog,0,8289083505,On Sale,01/03/2026 14:56:33,,https://images1.vinted.net/t/06_019bd_mTkczUzpoEeEY9iHX6N6mAa4/310x430/1772373302.webp?s=62a90c48f24b5bb2ba9d3e3be7c69037b937ebf3,4,1
EAU de parfum Prada Paradoxe,74.2,Prada,0,https://www.vinted.it/items/8287802022-eau-de-parfum-prada-paradoxe?referrer=catalog,0,8287802022,On Sale,01/03/2026 14:56:33,,https://images1.vinted.net/t/05_01526_iA2pemPZAyMpo1fcbgygGgug/310x430/1772367409.webp?s=9b2a1bb4151d297d29c018d5c88e4c4bac9285c2,4,1
Prada Paradoxe Virtual Flower 90ml,84.7,Prada,0,https://www.vinted.it/items/8289060565-prada-paradoxe-virtual-flower-90ml?referrer=catalog,0,8289060565,On Sale,01/03/2026 14:56:33,,https://images1.vinted.net/t/01_00fdc_N88aLNapnVu8bwNm5nGdUByY/310x430/1772373200.webp?s=ffb4bd5d4319f9886509b4aa48cad6ecc1a7e910,4,1
Conjunto Traje Prada,841.5,Prada,L,https://www.vinted.it/items/8252878649-conjunto-traje-prada?referrer=catalog,0,8252878649,On Sale,01/03/2026 14:56:33,,https://images1.vinted.net/t/05_02389_HuZQtMfqenGQTA1dUEgZy326/310x430/1771950982.webp?s=6dcc1f3240bf589d874139a1170dbf05b2aa70e6,4,1
Prada Paradoxe Eau de Parfum 90ml-Neuf,47.95,Prada,0,https://www.vinted.it/items/8289010980-prada-paradoxe-eau-de-parfum-90ml-neuf?referrer=catalog,1,8289010980,On Sale,01/03/2026 14:56:33,,https://images1.vinted.net/t/06_0264d_L9FKy6bR5hoKKueCM9Bq8uDb/310x430/1772372981.webp?s=f991bc07bbe626ba2052c0964c28a3cda4bc71bc,4,1
Prada Ocean Luna Rossa 100ml edp Neu,58.45,Prada,0,https://www.vinted.it/items/8288996767-prada-ocean-luna-rossa-100ml-edp-neu?referrer=catalog,0,8288996767,On Sale,01/03/2026 14:56:33,,https://images1.vinted.net/t/06_0042f_DtgFrZQbQNZyAwddhgtTYUPZ/310x430/1772372919.webp?s=084e64fa631f685021253a97a096665df65aaf2f,4,1
Prada cup noir,137.2,Fashion,43,https://www.vinted.it/items/8288994033-prada-cup-noir?referrer=catalog,0,8288994033,On Sale,01/03/2026 14:56:33,,https://images1.vinted.net/t/03_01fb7_foKTKfBgDJgnjxPs9Pb1KGP7/310x430/1772372907.webp?s=8b2b002154cf031e568643261dc8344028c18614,4,1
Prada Sonnenbrille PR 17WS,263.2,Prada,0,https://www.vinted.it/items/8288948151-prada-sonnenbrille-pr-17ws?referrer=catalog,0,8288948151,On Sale,01/03/2026 14:56:33,,https://images1.vinted.net/t/06_004e1_C7PF5iSfxF5GxECahiXyiqPS/310x430/1772372704.webp?s=ef96b0f426a5050fdffb7d636cb6968ec486002a,4,1
Occhiali Prada Baroque,158.2,Prada,0,https://www.vinted.it/items/8288944764-occhiali-prada-baroque?referrer=catalog,0,8288944764,On Sale,01/03/2026 14:56:33,,https://images1.vinted.net/t/01_01da9_LH5uNffjoL5smU3MJnBNe1De/310x430/1772372688.webp?s=5cdf9e9a5f1aef49b4dc80610e9025dbca301481,4,1
Prada Milano Dust Bag Originale Cotone 33x21,21.6,Prada,0,https://www.vinted.it/items/8288941702-prada-milano-dust-bag-originale-cotone-33x21?referrer=catalog,0,8288941702,On Sale,01/03/2026 14:56:33,,https://images1.vinted.net/t/05_00796_P9fjXJyVprKpUxPJ5cqBxUos/310x430/1772372675.webp?s=990ce9a359e94eb3474e9115c4cf5a96f3ad1d9e,4,1
T-Shirt mit Aufdruck „Prada“,11.2,Sonstiges,S,https://www.vinted.it/items/8288928464-t-shirt-mit-aufdruck-prada?referrer=catalog,2,8288928464,On Sale,01/03/2026 14:56:33,,https://images1.vinted.net/t/06_004a1_XZBbjnvc2nQc29fxe46G8XS4/310x430/1772372617.webp?s=6756108a0288ec317a2be06d9fa5b54ed7164b38,4,1
Occhiali Prada,74.2,Prada,0,https://www.vinted.it/items/8288923436-occhiali-prada?referrer=catalog,2,8288923436,On Sale,01/03/2026 14:56:33,,https://images1.vinted.net/t/05_008b3_GiHQMJ71KJi8KffoB5sfSZex/310x430/1772372595.webp?s=e081a8ea7b5cf5324b2415cca4acfed2e549edc9,4,1
Prada bermuda en nylon- Taille M,368.2,Prada,M,https://www.vinted.it/items/8288911349-prada-bermuda-en-nylon-taille-m?referrer=catalog,0,8288911349,On Sale,01/03/2026 14:56:33,,https://images1.vinted.net/t/06_02415_JvCGbSyawiRxaGuj9AdxYvoW/310x430/1772372542.webp?s=c3ff1057efd66de578e68e47949384bd6d6517be,4,1
doudoune prada,305.2,Prada,L,https://www.vinted.it/items/8288907316-doudoune-prada?referrer=catalog,1,8288907316,On Sale,01/03/2026 14:56:33,,https://images1.vinted.net/t/01_0023b_9sHffjenj1jG5Ws7HeoxnrJC/310x430/1772372524.webp?s=6a4fce23ea92633975a7bfea6456459a35521563,4,1
Prada Paradigme profumo 100 ml,52.15,Prada,0,https://www.vinted.it/items/8288905947-prada-paradigme-profumo-100-ml?referrer=catalog,0,8288905947,On Sale,01/03/2026 14:56:33,,https://images1.vinted.net/t/03_020e2_ySrNEGHtAzoDTD4ZCSTDgcNv/310x430/1772372518.webp?s=a08ed44cff4cd03cf2f8b116568e542cc798cc41,4,1
borsa mod Cleo,1.224,Prada,0,https://www.vinted.it/items/8288905707-borsa-mod-cleo?referrer=catalog,0,8288905707,On Sale,01/03/2026 14:56:33,,https://images1.vinted.net/t/05_01848_iLscXXwYTG7whF7mpmiRgzRJ/310x430/1772372517.webp?s=a799734286b6642820d78aedf122274a5a7bb5c1,4,1
Lunette de soleil prada,21.7,Prada,0,https://www.vinted.it/items/8288900300-lunette-de-soleil-prada?referrer=catalog,3,8288900300,On Sale,01/03/2026 14:56:33,,https://images1.vinted.net/t/04_00889_X6wVeuVEPVbbBzd45XgHKfiQ/310x430/1772372493.webp?s=19e7ecb02defb8681ce5efea1e884b9217b92c86,4,1
Prada Jas,79.45,Zara,S,https://www.vinted.it/items/8288895020-prada-jas?referrer=catalog,0,8288895020,On Sale,01/03/2026 14:56:33,,https://images1.vinted.net/t/05_0262b_H9wvL7vpTRZU8EcaEX7b5Av9/310x430/1772372470.webp?s=53df056bb3ae47256d32d5ff5f63a3b7ca323c27,4,1
Prada Galleria large,2.142,Prada,0,https://www.vinted.it/items/8288886625-prada-galleria-large?referrer=catalog,1,8288886625,On Sale,01/03/2026 14:56:33,,https://images1.vinted.net/t/05_016b5_MJjSgsUWgXZJgXUMdD8Nhc8S/310x430/1772372432.webp?s=f4bcaede5055090b23483a825427354cd3fd246a,4,1
Prada Notebook & Stift,21.7,Prada,0,https://www.vinted.it/items/8288887090-prada-notebook-stift?referrer=catalog,0,8288887090,On Sale,01/03/2026 14:56:33,,https://images1.vinted.net/t/06_00730_MpmkR6dmRH9nfzgDPqK5J2uQ/310x430/1772372434.webp?s=41070329b2c280c886075137f5a13d452a68ab22,4,1
Paradoxe Virtual Flower de Prada,58.45,Prada,0,https://www.vinted.it/items/8288882776-paradoxe-virtual-flower-de-prada?referrer=catalog,0,8288882776,On Sale,01/03/2026 14:56:33,,https://images1.vinted.net/t/05_01951_t6Eo7xfVeFy5WkUae2xQaprk/310x430/1772372415.webp?s=46fa994687510d9165d79b66df165ae339615958,4,1
Charm orso,105.7,Prada,0,https://www.vinted.it/items/8288865835-charm-orso?referrer=catalog,0,8288865835,On Sale,01/03/2026 14:56:33,,https://images1.vinted.net/t/05_00a9d_PRccnsJGFYoMeKVRtC2WRfyE/310x430/1772372339.webp?s=29059d1bdce3e64a04b9d9016c169a68b62e910a,4,1
Tutina ciniglia intera,5.95,Agatha Ruiz de la Prada,1-3 mesi / 56 cm,https://www.vinted.it/items/8288863175-tutina-ciniglia-intera?referrer=catalog,0,8288863175,On Sale,01/03/2026 14:56:33,,https://images1.vinted.net/t/01_008d5_6gv4YHMbnxs3fJnjLXpkZJsk/310x430/1772372327.webp?s=b60fa892a9f02f9cbf231a7515cc51d721183b07,4,1
Paradigme Prada eau de parfum,55.3,Prada,0,https://www.vinted.it/items/8288853384-paradigme-prada-eau-de-parfum?referrer=catalog,0,8288853384,On Sale,01/03/2026 14:56:33,,https://images1.vinted.net/t/04_02705_MwqvXJiYjPsVAgrYrSj33MnM/310x430/1772372283.webp?s=a3bc7173da3332b452cad3095bbf850bfcbd79c9,4,1
Prada chemise Nylon à manches courtes- Taille M,561.0,Prada,M,https://www.vinted.it/items/8288838387-prada-chemise-nylon-a-manches-courtes-taille-m?referrer=catalog,0,8288838387,On Sale,01/03/2026 14:56:33,,https://images1.vinted.net/t/05_01f2c_wmPCC66rXP1hJ4r5qz7LmAhH/310x430/1772372216.webp?s=cee2b19d0551dcaacc8db6a943a6e057b50238dc,4,1
Brille Prada,126.7,Prada,0,https://www.vinted.it/items/8288832761-brille-prada?referrer=catalog,0,8288832761,On Sale,01/03/2026 14:56:33,,https://images1.vinted.net/t/05_00dcf_2meBKvzExMZzMy9aZqcBtAp6/310x430/1772372190.webp?s=2e6abffe8b7c288df5b49f13ce9a656f48a2d424,4,1
Scarpa Prada,210.7,Prada,40,https://www.vinted.it/items/8288822866-scarpa-prada?referrer=catalog,0,8288822866,On Sale,01/03/2026 14:56:33,,https://images1.vinted.net/t/05_02243_CgyeUk5FGGQ8w6uSZFKK7uvX/310x430/1772372146.webp?s=f08b464542d8899083992bf8bd9f1c54dbee54f9,4,1
Prada Candy,32.2,Prada,0,https://www.vinted.it/items/8288822650-prada-candy?referrer=catalog,0,8288822650,On Sale,01/03/2026 14:56:33,,https://images1.vinted.net/t/06_00898_XhY5QLEhjaa14copXvyLcLfG/310x430/1772372145.webp?s=a557c17b014f0d300bea8f8245940fee884cfb0f,4,1
Shirt-dress Prada,89.95,Prada,S / IT 40 / EU 36,https://www.vinted.it/items/8288818472-shirt-dress-prada?referrer=catalog,1,8288818472,On Sale,01/03/2026 14:56:33,,https://images1.vinted.net/t/05_01289_4cciWGW7a43Yptsq3xgZkxjX/310x430/1772372126.webp?s=e4949cb40394c28ec6789f0ea69a695c1eef06b7,4,1
maglia cotone e pizzo Prada,116.2,Prada,XL / IT 46 / EU 42,https://www.vinted.it/items/8288814890-maglia-cotone-e-pizzo-prada?referrer=catalog,0,8288814890,On Sale,01/03/2026 14:56:33,,https://images1.vinted.net/t/01_0166e_kbd7T2t7uMbFWVMoJ17S3jUR/310x430/1772372110.webp?s=d87a602deaadded3363cb2cee419e4e155289702,4,1
Ich verkaufe diesen Prada Pulli,63.7,Sonstiges,S,https://www.vinted.it/items/8288804723-ich-verkaufe-diesen-prada-pulli?referrer=catalog,0,8288804723,On Sale,01/03/2026 14:56:33,,https://images1.vinted.net/t/01_00c2f_kA3RUc43CkrEew4jokgiRd95/310x430/1772372064.webp?s=cc73487511229cbc1a8395c5b5042b89691e56aa,4,1
Prada,9.1,No brand,0,https://www.vinted.it/items/8288786158-prada?referrer=catalog,1,8288786158,On Sale,01/03/2026 14:56:33,,https://images1.vinted.net/t/05_00421_j1KHA3uu1LUn4sxQzAd6v1oj/310x430/1772371981.webp?s=6084e3d49fff9938548208977780555e63906493,4,1
Jeans Agatha Ruiz de la Prada,21.7,Agatha Ruiz de la Prada,XS / IT 38 / EU 34,https://www.vinted.it/items/8288745035-jeans-agatha-ruiz-de-la-prada?referrer=catalog,0,8288745035,On Sale,01/03/2026 14:56:33,,https://images1.vinted.net/t/04_00650_SFHo4p5GSJZKbnWgLqhyyEjk/310x430/1772371797.webp?s=1f8f398e051924d153518e99ba7a0f20e8ceef3e,4,1
Prada edp virtual flower 30ml,52.15,Prada,0,https://www.vinted.it/items/8288745882-prada-edp-virtual-flower-30ml?referrer=catalog,0,8288745882,On Sale,01/03/2026 14:56:33,,https://images1.vinted.net/t/06_00f85_pVLQJGReQMdwiUBYzPusHzRU/310x430/1772371801.webp?s=3237d5e0bc1200761da709aebfb16e5c7d6d8a7e,4,1
Parfum prada,63.7,Prada,0,https://www.vinted.it/items/8288743553-parfum-prada?referrer=catalog,1,8288743553,On Sale,01/03/2026 14:56:33,,https://images1.vinted.net/t/05_00c5d_8U4Pk2NNre3Z9hkpmP1B2g3m/310x430/1772371791.webp?s=e4e44d2cfa895fceee694defd37c7b91a5141797,4,1
Prada cup noire,137.19,Prada,43,https://www.vinted.it/items/8288724890-prada-cup-noire?referrer=catalog,0,8288724890,On Sale,01/03/2026 14:56:33,,https://images1.vinted.net/t/05_0120f_3EoQK9DqGNLUZ5nbQcxRPkqg/310x430/1772371707.webp?s=3b3662f75c76f16451311aa6a2962e09304094e7,4,1
Prada cup bleu marine,137.19,Prada,43,https://www.vinted.it/items/8288713334-prada-cup-bleu-marine?referrer=catalog,0,8288713334,On Sale,01/03/2026 14:56:33,,https://images1.vinted.net/t/06_00f80_hAsiZkhVbafghywsW7EQXrrX/310x430/1772371654.webp?s=e5cfa9fca2abe8809ecea172cfbcc4906b64eb15,4,1
prada pochette,11.2,Prada,0,https://www.vinted.it/items/8288710526-prada-pochette?referrer=catalog,0,8288710526,On Sale,01/03/2026 14:56:33,,https://images1.vinted.net/t/05_00a3a_yx55JbYiiFfjHGkTRwygWdzS/310x430/1772371642.webp?s=2189dad3e5b4d0e499fa553725fe09a7471c9d9d,4,1
Prada Cleo Raffia handbag,1.428,Prada,0,https://www.vinted.it/items/8288700716-prada-cleo-raffia-handbag?referrer=catalog,0,8288700716,On Sale,01/03/2026 14:56:33,,https://images1.vinted.net/t/06_01097_2udxiV36t5gTb2rb33B9vPSK/310x430/1772371598.webp?s=bc96d36378bd412cef4bf9e444036cb2782038c0,4,1
Libros,18.55,No brand,0,https://www.vinted.it/items/8288695526-libros?referrer=catalog,0,8288695526,On Sale,01/03/2026 14:56:33,,https://images1.vinted.net/t/05_024da_1v3w6heNAVckBJTAiGHrwtam/310x430/1772371575.webp?s=fad16a051b5b870b0bf7373e57138675d337efc9,4,1
Prada paradoxe,50.05,Prada,0,https://www.vinted.it/items/8287044239-prada-paradoxe?referrer=catalog,0,8287044239,On Sale,01/03/2026 14:56:33,,https://images1.vinted.net/t/01_020e5_LAhUBAtwehamDM6CE8npFbsz/310x430/1772363786.webp?s=d23cdbfd699abeeea1fd9ef405bc092592e75427,4,1
Prada Luna Rossa Ocean Eau de Parfum,47.95,Prada,0,https://www.vinted.it/items/8288680243-prada-luna-rossa-ocean-eau-de-parfum?referrer=catalog,0,8288680243,On Sale,01/03/2026 14:56:33,,https://images1.vinted.net/t/05_00d4d_5McvmBdGkE5feCHtm9AgvxAN/310x430/1772371506.webp?s=3148d0f69cc4858420a22596515082319916b080,4,1
parfum prada,63.7,Prada,0,https://www.vinted.it/items/8288655448-parfum-prada?referrer=catalog,0,8288655448,On Sale,01/03/2026 14:56:33,,https://images1.vinted.net/t/05_00d19_79wHcJUW1vfQvVnkKGizRbbG/310x430/1772371394.webp?s=1e8ee234aba3503091b3654ea6ec17efc8b5586d,4,1
Original PRADA Brillenetui – Saffiano Leder – Schwarz/Rot – NEUwertig,26.95,Prada,0,https://www.vinted.it/items/8288654330-original-prada-brillenetui-saffiano-leder-schwarzrot-neuwertig?referrer=catalog,0,8288654330,On Sale,01/03/2026 14:56:33,,https://images1.vinted.net/t/01_00249_U8XuCNWtVWtJrysjWciAGmu1/310x430/1772371389.webp?s=64e8dab0bce569c7821095c214d5efef3dd5f18a,4,1
Mini parfum prada paradoxe eau de parfum,21.7,Prada,0,https://www.vinted.it/items/8288651645-mini-parfum-prada-paradoxe-eau-de-parfum?referrer=catalog,0,8288651645,On Sale,01/03/2026 14:56:33,,https://images1.vinted.net/t/05_00f75_Rv4pMZ54qCV1nJJgYknGYrWh/310x430/1772371377.webp?s=0d871d5b8ddffee381beee985f059f0f1476b31e,4,1
Trousse de maquillage Prada,37.45,Prada,0,https://www.vinted.it/items/8288637726-trousse-de-maquillage-prada?referrer=catalog,0,8288637726,On Sale,01/03/2026 14:56:33,,https://images1.vinted.net/t/06_025b3_Vrm2EeENBAPWe7CTtgCcryHa/310x430/1772371315.webp?s=3214235aff15e6e1883bf31d7747a9fa3ce619bd,4,1
Prada top,294.7,Prada,XXS / IT 36 / EU 32,https://www.vinted.it/items/8288635368-prada-top?referrer=catalog,9,8288635368,On Sale,01/03/2026 14:56:33,,https://images1.vinted.net/t/05_01eb2_WL9ryfJ6kuakvrNXJ4Pbt7NE/310x430/1772371324.webp?s=ef9962a572ee981487f939bf924269066a65d65c,4,1
Libros,16.45,No brand,0,https://www.vinted.it/items/8288631747-libros?referrer=catalog,0,8288631747,On Sale,01/03/2026 14:56:33,,https://images1.vinted.net/t/06_00b09_kQeFUKiYmqwnoE76DsNierKo/310x430/1772371288.webp?s=5bb9d79864be04f838cab0326b2aa031c101fbbb,4,1
Prada,189.7,Prada,0,https://www.vinted.it/items/8288610702-prada?referrer=catalog,0,8288610702,On Sale,01/03/2026 14:56:33,,https://images1.vinted.net/t/06_00bea_zNsb8u2tsjz1dwYdZBY4yTgx/310x430/1772371193.webp?s=21f7583418f6d9f44f6d9dd35d7d2306544771d4,4,1
Prada lotion,13.3,Prada,0,https://www.vinted.it/items/8288591696-prada-lotion?referrer=catalog,0,8288591696,On Sale,01/03/2026 14:56:33,,https://images1.vinted.net/t/05_01e6b_Eo1wgxZB3iQxn4uuVBCzBM42/310x430/1772371107.webp?s=6b7914756b4bfcc3691d7a450f58712c3e57c5f1,4,1
Prada Herren Schwarz Sonnenbrille,189.7,Prada,0,https://www.vinted.it/items/8288584668-prada-herren-schwarz-sonnenbrille?referrer=catalog,0,8288584668,On Sale,01/03/2026 14:56:33,,https://images1.vinted.net/t/06_02170_adWY9MwcKjiqfj7TqkJiyeXg/310x430/1772371076.webp?s=4b010851feb0d7b9f777d43cfabba4e097fadc1c,4,1
Prada paradoxe virtual flower 90ml,41.65,Prada,0,https://www.vinted.it/items/8288561933-prada-paradoxe-virtual-flower-90ml?referrer=catalog,0,8288561933,On Sale,01/03/2026 14:56:33,,https://images1.vinted.net/t/06_01560_wLUBnsNeStHctufQEJo2RXuL/310x430/1772370973.webp?s=5319a5b0a7ad172552144f1ed608f4387e43219a,4,1
Bailarinas Prada sin usar,89.95,Prada,37.5,https://www.vinted.it/items/8288487059-bailarinas-prada-sin-usar?referrer=catalog,6,8288487059,On Sale,01/03/2026 14:56:33,,https://images1.vinted.net/t/06_01744_YqLgiyBvQovzr25dzjy8mzBw/310x430/1772370631.webp?s=1af3e84bbe3f9ed34f71eb5358acf02575f38f16,4,1
Prada,347.2,Prada,M,https://www.vinted.it/items/8288470727-prada?referrer=catalog,3,8288470727,On Sale,01/03/2026 14:56:33,,https://images1.vinted.net/t/01_01aaa_ctCHmGaTw6AaGoEJVBxbsYzf/310x430/1772370556.webp?s=dbe34de0b7f6dac3b5580eaab2c14b37b421c7ee,4,1
Prada Monochrome Lippenstift P56 – Mini – Neu,9.1,Prada,0,https://www.vinted.it/items/8288463066-prada-monochrome-lippenstift-p56-mini-neu?referrer=catalog,1,8288463066,On Sale,01/03/2026 14:56:33,,https://images1.vinted.net/t/01_01770_A8QXngLUXHfAhkr8dsr7XHwv/310x430/1772370521.webp?s=d4e9de29a7b2d42d8abff765fe1cdb96269579cd,4,1
Polo Prada rose,368.2,Prada,M,https://www.vinted.it/items/8288463276-polo-prada-rose?referrer=catalog,0,8288463276,On Sale,01/03/2026 14:56:33,,https://images1.vinted.net/t/04_0164c_vUUFe5iERYQRc2DwtsYUyTd5/310x430/1772370522.webp?s=2d70bedb94bb929ecb78c39f7214bfbc348d717a,4,1
Prada candy eau de parfum,58.45,Prada,0,https://www.vinted.it/items/8288461249-prada-candy-eau-de-parfum?referrer=catalog,0,8288461249,On Sale,01/03/2026 14:56:33,,https://images1.vinted.net/t/01_00d3e_bC7QafLjCkdwzCnmUL4zLwVL/310x430/1772370513.webp?s=6c164570df7d8e68ecb35943a32b8e92dd99adf4,4,1
Prada Paradoxe Intense,47.95,Prada,0,https://www.vinted.it/items/8288447367-prada-paradoxe-intense?referrer=catalog,2,8288447367,On Sale,01/03/2026 14:56:33,,https://images1.vinted.net/t/06_02479_S4GmRip2EYnpUEjU9jyw8RoR/310x430/1772370448.webp?s=42199b5afa337bcee7aba4c9c1869386908bb8e1,4,1
Caixa de óculos prada mais paninho prada,58.45,Prada,0,https://www.vinted.it/items/8288437524-caixa-de-oculos-prada-mais-paninho-prada?referrer=catalog,0,8288437524,On Sale,01/03/2026 14:56:33,,https://images1.vinted.net/t/05_01938_7u3JQcPGSgrU9hB9iQDjq2XY/310x430/1772370403.webp?s=8345dc59804669947b7cca7e57e1b629c815f6dd,4,1
Prada Cups,42.7,Prada,42,https://www.vinted.it/items/8288362283-prada-cups?referrer=catalog,0,8288362283,On Sale,01/03/2026 14:56:33,,https://images1.vinted.net/t/05_001da_oE66GC2x5Pfdd8jPb1c1fn5S/310x430/1772370054.webp?s=ac02b96bb4bea7dc7491cbfc95146f5993fd42d6,4,1
Prada Stiefel,368.2,Prada,39,https://www.vinted.it/items/8288357112-prada-stiefel?referrer=catalog,0,8288357112,On Sale,01/03/2026 14:56:33,,https://images1.vinted.net/t/04_00f01_1q4V9PTyaUiffzC8izSCFW47/310x430/1772370030.webp?s=9e1852752830dab0cd1f0b330f112e4d45a73003,4,1
Prada Route large leather bag,632.4,Prada,0,https://www.vinted.it/items/8288354888-prada-route-large-leather-bag?referrer=catalog,1,8288354888,On Sale,01/03/2026 14:56:33,,https://images1.vinted.net/t/03_019ad_VCCGtYRubK1U7yBw7GefGBTo/310x430/1772371232.webp?s=18713e74ee4ba41225a7ccbafba6926cf564d578,4,1
Occhiali unisex,42.7,Prada,0,https://www.vinted.it/items/8288352411-occhiali-unisex?referrer=catalog,18,8288352411,On Sale,01/03/2026 14:56:33,,https://images1.vinted.net/t/01_016dc_Yig9Us3LaPzitoduWjSZ1J7H/310x430/1772370007.webp?s=d0739cb551ec27750010467f46e90a827e851058,4,1
Beauty Prada,58.45,Prada,0,https://www.vinted.it/items/8288341945-beauty-prada?referrer=catalog,3,8288341945,On Sale,01/03/2026 14:56:33,,https://images1.vinted.net/t/01_0083f_PQw2WSXHNpmWHk5nuNmeWxrb/310x430/1772371666.webp?s=7599714e4375a2ba947dde47e2c72b0de4eadeca,4,1
Prada only today,168.7,Prada,0,https://www.vinted.it/items/8288282478-prada-only-today?referrer=catalog,1,8288282478,On Sale,01/03/2026 14:56:33,,https://images1.vinted.net/t/04_0252f_wBAnw7DseRmffXChSDsbpau3/310x430/1772369682.webp?s=4acc9d5416a50d2c0b4712290ea8275009e55b71,4,1
Neceser Prada,37.45,Prada,0,https://www.vinted.it/items/8288264017-neceser-prada?referrer=catalog,0,8288264017,On Sale,01/03/2026 14:56:33,,https://images1.vinted.net/t/05_0105e_soFcXcAJmM9shdEgqcLfRSG4/310x430/1772369597.webp?s=089aec99ea6c2e15e02d21629666496c436280f8,4,1
Prada Sonnenbrillen,84.7,Prada,0,https://www.vinted.it/items/8288235437-prada-sonnenbrillen?referrer=catalog,0,8288235437,On Sale,01/03/2026 14:56:33,,https://images1.vinted.net/t/05_0047f_2xZUmCYgmba9aW1evVYF2UwQ/310x430/1772369464.webp?s=a5d3fbc5019f3b00579e9ee1f19542748484d09b,4,1
Lunettes Prada authentiques,158.2,Prada,0,https://www.vinted.it/items/8288233561-lunettes-prada-authentiques?referrer=catalog,0,8288233561,On Sale,01/03/2026 14:56:33,,https://images1.vinted.net/t/01_011f9_YPyTAWygKxG9eCsTQpNEJnhX/310x430/1772369455.webp?s=4aa97669ae50e7abd855b5b1813625dff69719d2,4,1
Prada Paradoxe intense,126.7,Prada,0,https://www.vinted.it/items/8288228155-prada-paradoxe-intense?referrer=catalog,0,8288228155,On Sale,01/03/2026 14:56:33,,https://images1.vinted.net/t/05_00060_MX8nNxuBGsVpRVbVr4eTypuE/310x430/1772369430.webp?s=913a3a971f837c8b39df6768d2f7ab96147d891e,4,1
Handyhülle,11.2,Prada,0,https://www.vinted.it/items/8288226142-handyhulle?referrer=catalog,2,8288226142,On Sale,01/03/2026 14:56:33,,https://images1.vinted.net/t/06_00a96_5BqaDVPDDLjqiPG6A3HPQGps/310x430/1772369421.webp?s=cb097667bff50d18a296a0815bc73df08c1bbe1d,4,1
Carre de soie Prada picturessue,399.7,Prada,0,https://www.vinted.it/items/8288193545-carre-de-soie-prada-picturessue?referrer=catalog,0,8288193545,On Sale,01/03/2026 14:56:33,,https://images1.vinted.net/t/06_0246f_iUdddGp4N5f7vXdPDpbiQmzs/310x430/1772369270.webp?s=c7f0d514003a92b14af22fb1e2fdf13a4e713009,4,1
Broche Prada,53.2,Prada,0,https://www.vinted.it/items/8288191185-broche-prada?referrer=catalog,0,8288191185,On Sale,01/03/2026 14:56:33,,https://images1.vinted.net/t/05_01d00_erytjqeu1W1icvrPYWM3ffAw/310x430/1772369259.webp?s=29d1f03c4d820212455e5dfff561850499208410,4,1
Prada milano Aufbewahrungsbox,21.7,Prada,0,https://www.vinted.it/items/8288180451-prada-milano-aufbewahrungsbox?referrer=catalog,0,8288180451,On Sale,01/03/2026 14:56:33,,https://images1.vinted.net/t/06_00476_VeAjpBFVMbwoE2mAWhL9iie9/310x430/1772372158.webp?s=4c23c502a4bef8e92b4c2f5b0cf25727dcd14c16,4,1
prada jas,63.7,Klein,S,https://www.vinted.it/items/8288143526-prada-jas?referrer=catalog,0,8288143526,On Sale,01/03/2026 14:56:33,,https://images1.vinted.net/t/05_01c85_QbE87fXPrTjdNJaGZyZnH8Ab/310x430/1772369035.webp?s=25a5abf425d6266a731fd46a4fb05a06d8fa063a,4,1
Paradoxe Prada Radical  Essence Parfum 90 ml,50.05,Prada,0,https://www.vinted.it/items/8288123816-paradoxe-prada-radical-essence-parfum-90-ml?referrer=catalog,1,8288123816,On Sale,01/03/2026 14:56:33,,https://images1.vinted.net/t/01_01679_wZzVpNNaVneoVKeXhLHbXV5C/310x430/1772368943.webp?s=e29532b1e851750003abc83240169f504f5d87f9,4,1
Prada - Primer Refine,28.0,Prada,0,https://www.vinted.it/items/8288107100-prada-primer-refine?referrer=catalog,1,8288107100,On Sale,01/03/2026 14:56:33,,https://images1.vinted.net/t/05_01f3c_LSW7GMYy5Tf5kW6oeEYdkNP5/310x430/1772368864.webp?s=1403c5364d14023b1494fd34ba9f019bfb079cb5,4,1
Lunettes Prada authentiques prix neuves : 310 €,210.7,Prada,0,https://www.vinted.it/items/8288091558-lunettes-prada-authentiques-prix-neuves-310-eu?referrer=catalog,0,8288091558,On Sale,01/03/2026 14:56:33,,https://images1.vinted.net/t/01_00b6c_LpRgqRSLADWpfPL9GWUaT4i3/310x430/1772368791.webp?s=9636d8f474617a1e29b33306026f1c1ea6af81cd,4,1
Prada Cups,137.2,Prada,48,https://www.vinted.it/items/8288083229-prada-cups?referrer=catalog,2,8288083229,On Sale,01/03/2026 14:56:33,,https://images1.vinted.net/t/05_010e4_xPSUg21CwttztnBvuCg87GdD/310x430/1772368751.webp?s=9475da92b0e0f8dc619dca462353ad1fe3f9c048,4,1
Portachiavi Prada,58.45,Prada,0,https://www.vinted.it/items/8286081414-portachiavi-prada?referrer=catalog,25,8286081414,On Sale,01/03/2026 14:57:30,,https://images1.vinted.net/t/05_016fc_YQ5jrWmdA84HLoDJgz1B7T7X/310x430/1772359087.webp?s=154157d91a7b19269033986d4d59df1d0690e2f3,4,3
Occhiali da sola Vanity - design ispirato Prada 2016,21.7,Vanity,0,https://www.vinted.it/items/8286071840-occhiali-da-sola-vanity-design-ispirato-prada-2016?referrer=catalog,0,8286071840,On Sale,01/03/2026 14:57:30,,https://images1.vinted.net/t/05_01676_2iJY4WnZKm5QMNfQZ3DmwcPk/310x430/1772359035.webp?s=5de3924c516cbc525d08fe1000e09c02667cf04a,4,3
Lunette Prada,53.2,Prada,0,https://www.vinted.it/items/8286049624-lunette-prada?referrer=catalog,1,8286049624,On Sale,01/03/2026 14:57:30,,https://images1.vinted.net/t/02_01801_9ES16VFqDqxxbEpKJsK6VZeY/310x430/1772358915.webp?s=6ddd5bbd8bc94dbf652ef9b0d8172cc50341f9b2,4,3
Prada Paradoxe eau de parfum 50ml,71.05,Prada,0,https://www.vinted.it/items/8285882019-prada-paradoxe-eau-de-parfum-50ml?referrer=catalog,2,8285882019,On Sale,01/03/2026 14:57:30,,https://images1.vinted.net/t/05_01578_NRqCAv6TenUmMBBXiLDBhNcG/310x430/1772357966.webp?s=a6b712fcf1aa0f2fc7beaf186b62496277a1ed08,4,3
PRADA Goggle glasses,179.2,Prada,0,https://www.vinted.it/items/8286013182-prada-goggle-glasses?referrer=catalog,1,8286013182,On Sale,01/03/2026 14:57:30,,https://images1.vinted.net/t/01_003f8_5TqJhKCQiFMnu2BPXWMSBuZu/310x430/1772358716.webp?s=27d7b645e58688dcaccfdebdc0a1d9b3988bf74b,4,3
Prada broek,53.2,Prada,XXL / IT 48 / EU 44,https://www.vinted.it/items/8285997254-prada-broek?referrer=catalog,0,8285997254,On Sale,01/03/2026 14:57:30,,https://images1.vinted.net/t/05_00e22_nrWHCni1AcWRpjoQqZQmnCBE/310x430/1772358628.webp?s=2e3792248c0833f127c67c16503ea476022951ca,4,3
Prada SPR 080,100.45,Prada,0,https://www.vinted.it/items/8285992778-prada-spr-080?referrer=catalog,0,8285992778,On Sale,01/03/2026 14:57:30,,https://images1.vinted.net/t/05_007f8_zqzsUj14MDt35wDX1setvFU6/310x430/1772358604.webp?s=bf0bb539412f221c3864fe87212e62be567cc6b9,4,3
Prada Paradoxe Virtual Flower 50ml,37.45,Prada,0,https://www.vinted.it/items/8256576988-prada-paradoxe-virtual-flower-50ml?referrer=catalog,2,8256576988,On Sale,01/03/2026 14:57:30,,https://images1.vinted.net/t/05_014a7_4NoANA6hhksaTbRtt9ujtcoA/310x430/1772012509.webp?s=2669f26024768772009ebcf3e521763ce7849152,4,3
Giubbotto in pelle PRADA,1.989,Prada,S,https://www.vinted.it/items/8285976890-giubbotto-in-pelle-prada?referrer=catalog,2,8285976890,On Sale,01/03/2026 14:57:30,,https://images1.vinted.net/t/05_02300_VcZVzM66yPi3ADmBvWz6GzN7/310x430/1772358515.webp?s=f1ed8ad8968cd96f7bc010b4a84d962a525e0620,4,3
Pantalone donna Prada,53.2,Prada,M / IT 42 / EU 38,https://www.vinted.it/items/8285976320-pantalone-donna-prada?referrer=catalog,0,8285976320,On Sale,01/03/2026 14:57:30,,https://images1.vinted.net/t/03_01867_nHnp1A3zG1pUuQbsmYjwXfVC/310x430/1772358512.webp?s=7b27a403b7631e1a8dcc276bcc4838f7e7bf79e3,4,3
Prada Cups,100.45,Prada,41,https://www.vinted.it/items/8285975377-prada-cups?referrer=catalog,6,8285975377,On Sale,01/03/2026 14:57:30,,https://images1.vinted.net/t/01_01db3_gnzS2F8JPYLBvq22vTFnidAu/310x430/1772358507.webp?s=8c25d3659e39d3f793c72998eb758dd476bc3fe6,4,3
Parfum Prada infusion d’iris neuf 100ml,79.45,Prada,0,https://www.vinted.it/items/8285964091-parfum-prada-infusion-diris-neuf-100ml?referrer=catalog,1,8285964091,On Sale,01/03/2026 14:57:30,,https://images1.vinted.net/t/06_009da_qVHMEKVZsWHeG4jB42mm5y2C/310x430/1772358443.webp?s=190b7262bdcf9d016b73973ecd8978b878e36996,4,3
Pantalon multicolor prada,210.7,Prada,5XL / IT 54 / EU 50,https://www.vinted.it/items/8285949718-pantalon-multicolor-prada?referrer=catalog,2,8285949718,On Sale,01/03/2026 14:57:30,,https://images1.vinted.net/t/06_00a01_RXyW6RJJos8cPUPcLu5P3528/310x430/1772358361.webp?s=53b00a0a7cd82b455106377eeb7b22a646bfef5f,4,3
Prada Ocean Luna Rossa,58.45,Prada,0,https://www.vinted.it/items/8285930077-prada-ocean-luna-rossa?referrer=catalog,0,8285930077,On Sale,01/03/2026 14:57:30,,https://images1.vinted.net/t/05_01b46_HCmVah2seqSk5RBK73yXq4jW/310x430/1772358249.webp?s=eb6eb98f8a4a64507dabf2fe3e8dcaa1df327d1d,4,3
Perfume Prada Paradoxe,68.95,Prada,0,https://www.vinted.it/items/8285929909-perfume-prada-paradoxe?referrer=catalog,0,8285929909,On Sale,01/03/2026 14:57:30,,https://images1.vinted.net/t/05_01448_fF2zsr7snidiKpeqsEqYqCAV/310x430/1772358248.webp?s=5e526f25565c30e7ee874ae71583cb1f5729f1c0,4,3
Prada base floutante et fixatrice 30 mL,28.0,Prada,0,https://www.vinted.it/items/8285900047-prada-base-floutante-et-fixatrice-30-ml?referrer=catalog,1,8285900047,On Sale,01/03/2026 14:57:30,,https://images1.vinted.net/t/01_023e4_c9PvwZZZB2yRdCkmqtoQfiVx/310x430/1772358072.webp?s=34212eb9dedba6c526a63c91cf547bf7962b851c,4,3
Prada Sunglasses,410.2,Prada,0,https://www.vinted.it/items/8285896790-prada-sunglasses?referrer=catalog,0,8285896790,On Sale,01/03/2026 14:57:30,,https://images1.vinted.net/t/05_02512_SZBm4QeMA1E6cEGdka9gu68w/310x430/1772358053.webp?s=ef8584a608ec85e5b35eee7c1777fb130282c8f4,4,3
Prada Infusion d'œillet,184.45,Prada,0,https://www.vinted.it/items/8285888547-prada-infusion-doeillet?referrer=catalog,0,8285888547,On Sale,01/03/2026 14:57:30,,https://images1.vinted.net/t/06_024a9_Rh4nEoBmYAb4Uv7GSfynmXQa/310x430/1772358005.webp?s=92f4de03c39122f25986d3aa8a78d58d89a7148c,4,3
Agatha Ruiz de la Prada billetero Rosa maquillaje / Agatha Ruiz de la Prada wallet pink nude,16.44,Agatha Ruiz de la Prada,0,https://www.vinted.it/items/8285845182-agatha-ruiz-de-la-prada-billetero-rosa-maquillaje-agatha-ruiz-de-la-prada-wallet-pink-nude?referrer=catalog,0,8285845182,On Sale,01/03/2026 14:57:30,,https://images1.vinted.net/t/05_00d82_yzwbhVABP5p52wwYP5atFa7z/310x430/1772357747.webp?s=f0d52517036d16803c1877ea9807587c5d9ecc9d,4,3
Mini perfume 7 ML,12.15,Prada,0,https://www.vinted.it/items/8285856951-mini-perfume-7-ml?referrer=catalog,2,8285856951,On Sale,01/03/2026 14:57:30,,https://images1.vinted.net/t/03_01efa_AB9WxZxWCyKjXy8ZKMDpsSZR/310x430/1772357817.webp?s=ecd4145d2a52e417f2f2db202ac05fb84ec5a186,4,3
Portafogli piccolo blu pelle saffiano Prada,314.65,Prada,0,https://www.vinted.it/items/8285820996-portafogli-piccolo-blu-pelle-saffiano-prada?referrer=catalog,1,8285820996,On Sale,01/03/2026 14:57:30,,https://images1.vinted.net/t/06_025c7_BdbBiUeweutWLiALX3EQdNu7/310x430/1772357602.webp?s=496d858b7339145fde5a587f333c6fa79b434e23,4,3
Prada Paradoxe Intense Eau De Parfum 90ml,47.94,Prada,0,https://www.vinted.it/items/8285815796-prada-paradoxe-intense-eau-de-parfum-90ml?referrer=catalog,2,8285815796,On Sale,01/03/2026 14:57:30,,https://images1.vinted.net/t/01_0054b_jRFHQBjiVo1iEpxsYxK1tmzM/310x430/1772357570.webp?s=a0e56b6a8a0d47c892c915f55b5f73c1bba3c776,4,3
Prada Comics print dress,612.0,Prada,L / IT 44 / EU 40,https://www.vinted.it/items/8285814534-prada-comics-print-dress?referrer=catalog,4,8285814534,On Sale,01/03/2026 14:57:30,,https://images1.vinted.net/t/06_00b49_fLNW6TXvQxhAsaLESfSRSkD8/310x430/1772357562.webp?s=3063f21243c227a041cb8b4b8b9e929620246521,4,3
Prada Cups - Dunkelblau - 43,104.65,Prada,43,https://www.vinted.it/items/8285813576-prada-cups-dunkelblau-43?referrer=catalog,2,8285813576,On Sale,01/03/2026 14:57:30,,https://images1.vinted.net/t/05_010c8_K7ANUQLFeDoLt3nSG3F2AUBR/310x430/1772361706.webp?s=b78ca6243bef05c9b5062fee7c3ff9a530a3f887,4,3
Lunette de soleil PRADA,74.2,Prada,0,https://www.vinted.it/items/8285802560-lunette-de-soleil-prada?referrer=catalog,2,8285802560,On Sale,01/03/2026 14:57:30,,https://images1.vinted.net/t/06_004c2_5jWDjNDrZgME6tWkWPDRTQZU/310x430/1772357489.webp?s=8093f148e731386707637516f9815ce7f7812657,4,3
Prada,816.0,Prada,0,https://www.vinted.it/items/8285800517-prada?referrer=catalog,3,8285800517,On Sale,01/03/2026 14:57:30,,https://images1.vinted.net/t/05_0267b_LRjFsWCHqWP4Wf1vQX3xf1eb/310x430/1772357477.webp?s=b0a89b26312f699a626ef73e502b4b54bc2b0c06,4,3
Parfum paradoxe,53.2,PRADA Paradoxe,0,https://www.vinted.it/items/8285786405-parfum-paradoxe?referrer=catalog,1,8285786405,On Sale,01/03/2026 14:57:30,,https://images1.vinted.net/t/05_0241b_8ayMddhsCmBThB14w5PLBeTy/310x430/r3/1772357389.webp?s=45897e146fcb566f5b0d486c899a745f96e3e180,4,3
Prada zonnebril nieuw,158.2,Prada,0,https://www.vinted.it/items/8285768237-prada-zonnebril-nieuw?referrer=catalog,0,8285768237,On Sale,01/03/2026 14:57:30,,https://images1.vinted.net/t/05_00810_G8cB9AR4a7qJoPPMs9qejtbr/310x430/1772357277.webp?s=185fe33457751630329c788a7184d20f50477404,4,3
Prada sandals,126.7,Prada,43,https://www.vinted.it/items/8284735018-prada-sandals?referrer=catalog,35,8284735018,On Sale,01/03/2026 14:57:56,,https://images1.vinted.net/t/05_0166f_5TsBWsSsP25Tr3qPPHMGXihY/310x430/1772325066.webp?s=15c71da7d36e817fbe1e938bb3fcd371f6259ddc,4,4
Prada cup,89.95,Prada,44,https://www.vinted.it/items/8284726438-prada-cup?referrer=catalog,25,8284726438,On Sale,01/03/2026 14:57:56,,https://images1.vinted.net/t/06_015a5_jCwFmN7dhvKaX1G1TGyUQHd3/310x430/1772324565.webp?s=c257a1f566ec11a84c670bd4eb7a51849ae7ae74,4,4
Prada Umhängetasche,58.35,Prada,0,https://www.vinted.it/items/8282795866-prada-umhangetasche?referrer=catalog,5,8282795866,On Sale,01/03/2026 14:57:56,,https://images1.vinted.net/t/03_00c90_4yWSqjLXWeAZV2ybsVtyQcD5/310x430/1772301205.webp?s=3f3ea1536334735b159caedd11ba1caa844e8246,4,4
Chaussure prada cups,126.7,Prada,44,https://www.vinted.it/items/8284679709-chaussure-prada-cups?referrer=catalog,14,8284679709,On Sale,01/03/2026 14:57:56,,https://images1.vinted.net/t/06_00979_h2pH9R4itaYkcyJf7z1QkQZv/310x430/1772322380.webp?s=0d9964012761dd7e5bfa723ec326a0f633eb36f2,4,4
Casquette prada,368.2,Prada,L,https://www.vinted.it/items/8284670228-casquette-prada?referrer=catalog,17,8284670228,On Sale,01/03/2026 14:57:56,,https://images1.vinted.net/t/04_01fa9_DZdq42aLi1LVki942hJbumAe/310x430/1772322026.webp?s=10b122e46150396e014efde00c88b9e6bacbba91,4,4
Prada Schnürschuhe,504.7,Prada,36,https://www.vinted.it/items/8284669272-prada-schnurschuhe?referrer=catalog,0,8284669272,On Sale,01/03/2026 14:57:56,,https://images1.vinted.net/t/06_02564_hiUEhw4wEgiHTPFbEC31YDzQ/310x430/1772321991.webp?s=b0c3ed9146dc557a14cee1457c23ccf3a678f8be,4,4
Prada paradoxe miniatura donna,9.1,Prada,0,https://www.vinted.it/items/8284669327-prada-paradoxe-miniatura-donna?referrer=catalog,9,8284669327,On Sale,01/03/2026 14:57:56,,https://images1.vinted.net/t/01_013e1_Rx4u2AzhZHS6hjtk6K2Wmoki/310x430/1772321993.webp?s=a63b8b2527314a3afe81a354ade88966f7afc1fb,4,4
Chaqueton Prada Mujer,61.6,Prada,L / IT 44 / EU 40,https://www.vinted.it/items/8284661543-chaqueton-prada-mujer?referrer=catalog,48,8284661543,On Sale,01/03/2026 14:57:56,,https://images1.vinted.net/t/04_01f32_uUziEm6adfPwpjJQLRH5d8Ms/310x430/1772321989.webp?s=e673dc4d78fca7adcb90c7002e3e808647c4948f,4,4
Prada Candy Florale 😍,15.39,Prada,0,https://www.vinted.it/items/8284664066-prada-candy-florale?referrer=catalog,0,8284664066,On Sale,01/03/2026 14:57:56,,https://images1.vinted.net/t/05_0270a_nsSLZya6EY3daR5JXWn2BLhp/310x430/1772321813.webp?s=33f43e00ada91bc0d5cbbb8bee7fdedeecdeb6b1,4,4
Baskets neuves taille 44,95.2,Prada,44,https://www.vinted.it/items/8284649553-baskets-neuves-taille-44?referrer=catalog,3,8284649553,On Sale,01/03/2026 14:57:56,,https://images1.vinted.net/t/05_003cf_HNuWLPykzn3byesAHjvACivz/310x430/1772321323.webp?s=41dcc9659f4a7b4985941bd612caa6116e8902cd,4,4
Prada infusion d’ Iris,129.85,Prada,0,https://www.vinted.it/items/8284649409-prada-infusion-d-iris?referrer=catalog,0,8284649409,On Sale,01/03/2026 14:57:56,,https://images1.vinted.net/t/04_01fa2_DBoYDKQbK5375srfsbYitHpY/310x430/1772321319.webp?s=97d5400d1e266272c31623f0f5d4d093af1afa74,4,4
Prada banana balm,63.7,Prada,0,https://www.vinted.it/items/8284643966-prada-banana-balm?referrer=catalog,1,8284643966,On Sale,01/03/2026 14:57:56,,https://images1.vinted.net/t/03_0000b_T8S4zCW6wkBpVVfPyMAKmxT8/310x430/1772321147.webp?s=f8657abd811e2c156abec53f0db7161336f86ba8,4,4
Prada Black Trousers – Men – Size 36– Very Good Condition,84.7,Prada,Taglia unica,https://www.vinted.it/items/8276305831-prada-black-trousers-men-size-36-very-good-condition?referrer=catalog,4,8276305831,On Sale,01/03/2026 15:00:23,,https://images1.vinted.net/t/05_015d7_WrVLHjexTF7zXRNf9sFQeL5z/310x430/1772231916.webp?s=469ac6efdfc10cbe074fb9435bd381ace98ae137,4,9
Prada robusto copriabiti  in tessuto impermeabile,11.2,Prada,0,https://www.vinted.it/items/8276432264-prada-robusto-copriabiti-in-tessuto-impermeabile?referrer=catalog,4,8276432264,On Sale,01/03/2026 15:00:23,,https://images1.vinted.net/t/05_02640_nSxiWmNoybfF5wW1mCmvyjPT/310x430/1772235322.webp?s=5f2fc9a0c06313b97fd8c3387be58701903cbd89,4,9
Gafas Prada,62.65,Prada,0,https://www.vinted.it/items/8276404122-gafas-prada?referrer=catalog,0,8276404122,On Sale,01/03/2026 15:00:23,,https://images1.vinted.net/t/04_00327_TGcafB6TUkChkGkBAbZnh48k/310x430/1772234385.webp?s=f6a71553457d52dedf631bf56dcdad6021953ac3,4,9
Casquette Prada neuve (authentique).,504.7,Prada,S,https://www.vinted.it/items/8276400779-casquette-prada-neuve-authentique?referrer=catalog,14,8276400779,On Sale,01/03/2026 15:00:23,,https://images1.vinted.net/t/05_012d1_2KtinGDebkgpj97gSM49zceQ/310x430/1772234279.webp?s=0648bdfd73689b3807f3060384b0a0682c849edf,4,9
Étui prada,21.7,Prada,0,https://www.vinted.it/items/8276398214-etui-prada?referrer=catalog,4,8276398214,On Sale,01/03/2026 15:00:23,,https://images1.vinted.net/t/06_01deb_8cG4UZ3N7JAWHPPHKYZynf1T/310x430/1772234203.webp?s=8105e0ff614d9b1fac0c87838b65b8306ed452b4,4,9
Lunettes de soleil Prada,116.2,Prada,0,https://www.vinted.it/items/8276387608-lunettes-de-soleil-prada?referrer=catalog,0,8276387608,On Sale,01/03/2026 15:00:23,,https://images1.vinted.net/t/04_0101d_9GC4w93MZ92aXnpcLkfFQKoM/310x430/1772233881.webp?s=aada3bfe3c5366f47a9cb5dbafd1a23ce1614bdc,4,9
Prada Cap,26.95,Sonstiges,Taglia unica,https://www.vinted.it/items/8276371497-prada-cap?referrer=catalog,13,8276371497,On Sale,01/03/2026 15:00:23,,https://images1.vinted.net/t/06_01dab_HTr6BPwjfibhqNJH76mhZcfB/310x430/1772233439.webp?s=6254cbba87ab37aafd9cf65b73124376f1a2c955,4,9
Set Completo Packaging Prada Eyewear - Originale,47.95,Prada,0,https://www.vinted.it/items/8276353672-set-completo-packaging-prada-eyewear-originale?referrer=catalog,0,8276353672,On Sale,01/03/2026 15:00:23,,https://images1.vinted.net/t/01_026c9_jQ7vLfH6TYoBkU9dGtqUoQ1f/310x430/1772232983.webp?s=795b661e5bd40575e49850283b11507b7b70ea31,4,9
Identificador de maletas de Prada,368.2,Prada,0,https://www.vinted.it/items/8276329945-identificador-de-maletas-de-prada?referrer=catalog,0,8276329945,On Sale,01/03/2026 15:00:23,,https://images1.vinted.net/t/06_0122c_QTzDAoaAiTtZJogvsrribJE8/310x430/1772232427.webp?s=125f30b5b7c425d8fa177ff9b50bca70c6d78981,4,9
Eau de parfum Prada Paradigme,84.7,Prada,0,https://www.vinted.it/items/8275024979-eau-de-parfum-prada-paradigme?referrer=catalog,0,8275024979,On Sale,01/03/2026 15:00:24,,https://images1.vinted.net/t/06_0126d_9q1ZRZjoXLeKcuURsUXqiogn/310x430/1772217959.webp?s=4df388eb962631e7ee53bfcce9a62e5514966546,4,9
Prada Re-Edition / Nylon Authentic,805.8,Prada,0,https://www.vinted.it/items/8274419082-prada-re-edition-nylon-authentic-new?referrer=catalog,1,8274419082,On Sale,01/03/2026 15:00:49,,https://images1.vinted.net/t/04_00130_UPXY8fqzeV1BAu7bXU9K3Aa1/310x430/1772213015.webp?s=5b9d1c95abaf2ed09a972cf694c3148cda62afd0,4,10
