Title,Price,Brand,Size,Link,Likes,Dataid,MarketStatus,SearchDate,Upload_date,Images,SearchCount,Page
Prada miniaturas colección exclusiva,74.2,Prada,0,https://www.vinted.it/items/8261747966-prada-miniaturas-coleccion-exclusiva?referrer=catalog,6,8261747966,Sold,27/02/2026 14:54:13,,https://images1.vinted.net/t/06_0060a_C5VtWy2pAMXLkKngt2ahMcMt/310x430/1772050137.webp?s=eed17179d096188851a4c56e9a370ee1fe447976,3,9
Cinta per tracolla,74.2,Prada,Regolabile,https://www.vinted.it/items/8260370039-cinta-per-tracolla?referrer=catalog,2,8260370039,Sold,27/02/2026 14:54:13,,https://images1.vinted.net/t/04_023d5_6QXmLa3qRYvRYwBR5BDpGmbj/310x430/1772039442.webp?s=5433e18777aa18a1fd9abf683a25a426c71a5560,3,9
Prada custodia,16.45,Prada,0,https://www.vinted.it/items/8261700547-prada-custodia?referrer=catalog,1,8261700547,Sold,27/02/2026 14:54:13,,https://images1.vinted.net/t/01_01712_HZHs3CaiFXPAkzVHZyqVbF1W/310x430/1772049748.webp?s=0675aa45d927f3c530286199ea28f1a526781917,3,9
Occhiali da sole,74.2,Prada,0,https://www.vinted.it/items/8261664973-occhiali-da-sole?referrer=catalog,2,8261664973,Sold,27/02/2026 14:54:13,,https://images1.vinted.net/t/05_026de_xPgtCVL5ELxyY34YvdtTTtpa/310x430/1772049456.webp?s=226dbab2333b86aac5f488fce32b0c3e20ce988a,3,9
Mascara de pestañas Prada,32.2,Prada,0,https://www.vinted.it/items/8261659365-mascara-de-pestanas-prada?referrer=catalog,5,8261659365,Sold,27/02/2026 14:54:13,,https://images1.vinted.net/t/05_026bb_oK6EzHpZchjoBsSwguR6zew6/310x430/1772049411.webp?s=62dde0bdf031e5c94bffafeb2e1f10265b4a0e8f,3,9
Sneaker Prada,368.2,Prada,37.5,https://www.vinted.it/items/8261615452-sneaker-prada?referrer=catalog,0,8261615452,Sold,27/02/2026 14:54:13,,https://images1.vinted.net/t/05_00edc_HnEKi1x2b7ZCEYQrw6mP5pRz/310x430/1772049052.webp?s=bc3cb1a767575c022b2a408d6ba508e9969b7a92,3,9
Set due scatole Prada per le scarpe. Vedi misure sotto!,15.4,Prada,0,https://www.vinted.it/items/8261608613-set-due-scatole-prada-per-le-scarpe-vedi-misure-sotto?referrer=catalog,2,8261608613,Sold,27/02/2026 14:54:13,,https://images1.vinted.net/t/01_01c4e_iZcW8ZKGcELHXnqmnrgcXE5k/310x430/1772048997.webp?s=d032f7e0b28bc6ff0081067d23da35c024132d6f,3,9
Mocassins prada,840.7,Prada,35,https://www.vinted.it/items/8261587750-mocassins-prada?referrer=catalog,1,8261587750,Sold,27/02/2026 14:54:13,,https://images1.vinted.net/t/05_000c4_EfFryDcih2UDiFvzjTJEx8J2/310x430/1772048828.webp?s=cf69cae71b9800804ec88d6f5b98899a2f9cd42b,3,9
Prada Portafoglio,74.2,Prada,0,https://www.vinted.it/items/8260202292-prada-portafoglio?referrer=catalog,6,8260202292,Sold,27/02/2026 14:54:13,,https://images1.vinted.net/t/04_02083_3iX4w3eQcbfZeLziWfyxuytf/310x430/1772038284.webp?s=ee21ed0a310fd6da3dc13f3b7768ef50fda16411,3,9
Prada loafers,267.4,Prada,39,https://www.vinted.it/items/8261519950-prada-loafers?referrer=catalog,21,8261519950,Sold,27/02/2026 14:54:13,,https://images1.vinted.net/t/01_00aaf_gE5QfARYWbwbPURBEXVsU7Tg/310x430/1772048289.webp?s=6463275e59e39c7550d640db4061c81e9b29a6c2,3,9
original prada bag,1.3132,Prada,0,https://www.vinted.it/items/8261552786-original-prada-bag?referrer=catalog,2,8261552786,Sold,27/02/2026 14:54:13,,https://images1.vinted.net/t/06_02589_TuvTexkJ19WejZprXLUPFM7j/310x430/1772048552.webp?s=cc4c0e97cdefeeddae22ed31fc488bcb3543e35c,3,9
Prada Beauty Charms,11.2,Prada,0,https://www.vinted.it/items/8261550199-prada-beauty-charms?referrer=catalog,5,8261550199,Sold,27/02/2026 14:54:13,,https://images1.vinted.net/t/06_00fc2_cZNneBakYaUeLejfqQwx869p/310x430/1772048556.webp?s=c7f36fa8318b45aa782a1cf9462c2448a31a437a,3,9
Lot de 3 boîtes Prada neuve,4.9,Prada,0,https://www.vinted.it/items/8261540164-lot-de-3-boites-prada-neuve?referrer=catalog,2,8261540164,Sold,27/02/2026 14:54:13,,https://images1.vinted.net/t/05_01d3d_8EdKoNGWeoVoXsrt2TY5Rw9u/310x430/1772048452.webp?s=6773ef4824fc3a34f8f0a376d769568c37425e9b,3,9
Prada Schuhe,294.7,Prada,36,https://www.vinted.it/items/8261516273-prada-schuhe?referrer=catalog,0,8261516273,Sold,27/02/2026 14:54:13,,https://images1.vinted.net/t/06_0188e_TMJnU25VrEQaZCvJK86z7ePb/310x430/1772048259.webp?s=c2f74a230f537f6b6ed513a0b351b528ef16690a,3,9
Profumo Prada,42.7,Prada,0,https://www.vinted.it/items/8261500000-profumo-prada?referrer=catalog,2,8261500000,Sold,27/02/2026 14:54:13,,https://images1.vinted.net/t/06_01ded_hTtKDwoG3PPMK2AZRmtxASNU/310x430/1772048128.webp?s=af70ea356ea01dba5032f450e05b3d04e6f8c26e,3,9
Prada Portemonnaie/clutch,247.45,Prada,0,https://www.vinted.it/items/8261498350-prada-portemonnaieclutch?referrer=catalog,32,8261498350,Sold,27/02/2026 14:54:13,,https://images1.vinted.net/t/05_009bd_M9zdPtZeQ6A7EuQiEduDiCZR/310x430/1772048114.webp?s=dff0bd39cdbbe429ea0f1ec75cd95b0a315aa362,3,9
Stivali Chelsea in pelle,893.2,Prada,42,https://www.vinted.it/items/8261490947-stivali-chelsea-in-pelle?referrer=catalog,3,8261490947,Sold,27/02/2026 14:54:13,,https://images1.vinted.net/t/04_0225a_M3ur2XtZLfxoMqU3N2n7eB68/310x430/1772048055.webp?s=c0227e954c8c64774a384b5b92e7e0c517a627bc,3,9
Bolso de mano,79.45,Agatha Ruiz de la Prada,0,https://www.vinted.it/items/8261483606-bolso-de-mano?referrer=catalog,2,8261483606,Sold,27/02/2026 14:54:13,,https://images1.vinted.net/t/05_01606_x33KP9i21YFzQsbe3UJcqShP/310x430/1772047996.webp?s=5329d7ae7dfae54c366fc0fdbac00fe46a1dd7a0,3,9
Occhiali da sole PRADA,95.2,Prada,0,https://www.vinted.it/items/8261478819-occhiali-da-sole-prada?referrer=catalog,2,8261478819,Sold,27/02/2026 14:54:13,,https://images1.vinted.net/t/01_021e5_GpT7bie3M2JKrcHgKbt9thwC/310x430/1772047958.webp?s=ef7153d51aa522005c83e46754baa02df60b0204,3,9
Parfüm,79.45,Prada,0,https://www.vinted.it/items/8261454268-parfum?referrer=catalog,1,8261454268,Sold,27/02/2026 14:54:13,,https://images1.vinted.net/t/05_019bd_7YUyLi5X1v3YFo5cZ3KZS2LD/310x430/1772047763.webp?s=1950766b25fa81ee748999837c491ecbf5d50abf,3,9
Occhiali sole donna Prada,95.2,Prada,0,https://www.vinted.it/items/8261443533-occhiali-sole-donna-prada?referrer=catalog,3,8261443533,Sold,27/02/2026 14:54:13,,https://images1.vinted.net/t/03_02047_Xaq1YDLQtWu7PeZweky5o73h/310x430/1772047678.webp?s=710db04fac7781b0a4cb04f231c4985bc0af8f97,3,9
Occhiali da sole Prada prima linea nero,105.7,Prada,0,https://www.vinted.it/items/8261432437-occhiali-da-sole-prada-prima-linea-nero?referrer=catalog,0,8261432437,Sold,27/02/2026 14:54:13,,https://images1.vinted.net/t/01_01101_4CSAiyBfEJ1zPMFwaWEApFNv/310x430/1772047588.webp?s=994844260f5f960b847090e2f50f2edfe155759a,3,9
Prada,13.3,Prada,0,https://www.vinted.it/items/8261399818-prada?referrer=catalog,3,8261399818,Sold,27/02/2026 14:54:14,,https://images1.vinted.net/t/01_00a39_PugvENF7X3bFHBER3GCXaUoT/310x430/1772047329.webp?s=08952b9f8003a323ac9963121930e669fecb04ac,3,9
Lot boutons Agatha de la Prada (cœurs),3.85,Agatha Ruiz de la Prada,0,https://www.vinted.it/items/8261385820-lot-boutons-agatha-de-la-prada-coeurs?referrer=catalog,6,8261385820,Sold,27/02/2026 14:54:14,,https://images1.vinted.net/t/06_019ad_RhU92aqGHHvgerQXft9mi7Da/310x430/1772047219.webp?s=15f9cd6b72778d11b28ddc2ad270458eb8f7d19e,3,9
cardigan prada,273.7,Prada,S,https://www.vinted.it/items/8261381432-cardigan-prada?referrer=catalog,0,8261381432,Sold,27/02/2026 14:54:14,,https://images1.vinted.net/t/06_00137_zBJbfWWi9kTQPxLGUcW7etim/310x430/1772047183.webp?s=bef80427b1236be47cf4bb646d3e2a6b6f00e7f2,3,9
Mini perfume 6.5 ML,26.95,Prada,0,https://www.vinted.it/items/8261372681-mini-perfume-65-ml?referrer=catalog,5,8261372681,Sold,27/02/2026 14:54:14,,https://images1.vinted.net/t/06_0002d_yjrgv7gtzU4qTT52dCHTDTJM/310x430/1772047113.webp?s=b47c0b8f0fa85c61f8c2d9835f5c0b9e3f55f032,3,9
Perfume prada candy,42.7,Prada,0,https://www.vinted.it/items/8261362328-perfume-prada-candy?referrer=catalog,0,8261362328,Sold,27/02/2026 14:54:14,,https://images1.vinted.net/t/06_00b86_B5i994QRjfCgwSqUgyG9wCr9/310x430/1772047031.webp?s=e5c182170d9cb112b5c8c02d1b802c07d4d40105,3,9
Prada Sonnenbrille,210.7,Prada,0,https://www.vinted.it/items/8261317050-prada-sonnenbrille?referrer=catalog,0,8261317050,Sold,27/02/2026 14:54:14,,https://images1.vinted.net/t/05_0104e_Nc5SZC71iRUFKsHSxvnLczd5/310x430/1772046667.webp?s=d17f6218b134c7dfe70369854b803562d2658e2c,3,9
Lot de 4 boîtes Prada neuve,5.95,Prada,0,https://www.vinted.it/items/8261299460-lot-de-4-boites-prada-neuve?referrer=catalog,1,8261299460,Sold,27/02/2026 14:54:14,,https://images1.vinted.net/t/05_0193d_2eK5U421fnSTA13DEf5T5es9/310x430/1772046528.webp?s=a953d21f311132f90af59010d8fbe923e91c1ed2,3,9
Prada trui l,105.7,No brand,L,https://www.vinted.it/items/8261296502-prada-trui-l?referrer=catalog,9,8261296502,Sold,27/02/2026 14:54:14,,https://images1.vinted.net/t/05_0047b_kzDCbtLhuSjb84cgogWtN8e6/310x430/1772046504.webp?s=760b2033057b7923f1d1bf6ce87bf6837a890239,3,9
chaussure blanc,420.7,Prada,39,https://www.vinted.it/items/8261286764-chaussure-blanc?referrer=catalog,6,8261286764,Sold,27/02/2026 14:54:14,,https://images1.vinted.net/t/06_00819_p77cXQGcu74q1iRETsKS6LSP/310x430/1772046426.webp?s=882d52a9d7376fb2da54d1bc1280c74cf1b83dc0,3,9
Prada Paradoxe Eau Parfum,79.45,Prada,0,https://www.vinted.it/items/8261146628-prada-paradoxe-eau-parfum?referrer=catalog,0,8261146628,Sold,27/02/2026 14:54:14,,https://images1.vinted.net/t/06_02021_3jKRTGL8rZ5HmSu7S1eYdVhQ/310x430/1772045312.webp?s=001d2e4dc564f1ec57e4bcb5ae8b80ba3efdfb1c,3,9
Pantaloni Prada in pelle,368.2,Prada,M / IT 42 / EU 38,https://www.vinted.it/items/8261195187-pantaloni-prada-in-pelle?referrer=catalog,4,8261195187,Sold,27/02/2026 14:54:14,,https://images1.vinted.net/t/06_01480_YVtCQnBQueyvpFmCRXmiekmr/310x430/1772178184.webp?s=3aad7f22fa2ff773ffdfc7f0ca805a06f546c599,3,9
Giacca vintage donna Prada in lana vergine 100% Taglia 42,263.2,Prada,S / IT 40 / EU 36,https://www.vinted.it/items/8258021636-giacca-vintage-donna-prada-in-lana-vergine-100-taglia-42?referrer=catalog,3,8258021636,Sold,27/02/2026 14:54:14,,https://images1.vinted.net/t/04_018da_1EBdtkmHBToR7Lhr2Eev1xJr/310x430/1772023285.webp?s=4ceb68c70f296bc0036f28bc19f054bfe88135a3,3,9
Gafas Prada PR 24XS en color marrón habana,184.45,Prada,0,https://www.vinted.it/items/8255198484-gafas-prada-pr-24xs-en-color-marron-habana?referrer=catalog,0,8255198484,Sold,27/02/2026 14:54:14,,https://images1.vinted.net/t/05_0255d_gwziphg8PXqL7ZoCEgQ5LdDC/310x430/1771969320.webp?s=72cc24e39f8e5806f3b4e57cfae909cf94f120c6,3,9
Sabot Prada. Sandali.,315.7,Prada,38,https://www.vinted.it/items/8261088507-sabot-prada-sandali?referrer=catalog,4,8261088507,Sold,27/02/2026 14:54:14,,https://images1.vinted.net/t/01_0194e_f1k9pLMDMGyXz9k3kwAqxAby/310x430/1772044858.webp?s=f60b2e0e52a0b9cdbeb0a615edbdcc809c3e4e2d,3,9
Stivali alti neri stile Prada con taschino,41.65,Nero,38,https://www.vinted.it/items/8261087143-stivali-alti-neri-stile-prada-con-taschino?referrer=catalog,0,8261087143,Sold,27/02/2026 14:54:14,,https://images1.vinted.net/t/05_023d9_8gdTPk9BAzdacJewPhAwfoQ2/310x430/1772044848.webp?s=6b7bb58ac979d36aa93134da10423b238b34659d,3,9
Camicetta in seta Prada😍,100.35,Prada,M / IT 42 / EU 38,https://www.vinted.it/items/8261083261-camicetta-in-seta-prada?referrer=catalog,2,8261083261,Sold,27/02/2026 14:54:14,,https://images1.vinted.net/t/06_00985_n54afCdNopywYEg6Yguqy8rL/310x430/1772044816.webp?s=ea5d8c356d4a153cbbe32e125019d810d9e0914d,3,9
Monture lunette de vue,37.45,Prada,0,https://www.vinted.it/items/8229154156-monture-lunette-de-vue?referrer=catalog,3,8229154156,Sold,27/02/2026 14:54:14,,https://images1.vinted.net/t/05_001d2_49iWbjNr7rYpgcDQmYsSjsuK/310x430/1772089370.webp?s=7b14186693943974cd8e79a5e48e458458405ad8,3,9
Prada Sonnenbrille Neues Model PR A24,163.45,Prada,0,https://www.vinted.it/items/8261072504-prada-sonnenbrille-neues-model-pr-a24?referrer=catalog,1,8261072504,Sold,27/02/2026 14:54:14,,https://images1.vinted.net/t/05_014f8_ijJZ6zSbGrEgtSN9XVKLA4Vy/310x430/1772044732.webp?s=48dda41813df6f27dfc36cf780659ed347556daf,3,9
Short Prada 100% cashmere,473.2,Prada,IT 52 | W42,https://www.vinted.it/items/8261060176-short-prada-100-cashmere?referrer=catalog,5,8261060176,Sold,27/02/2026 14:54:14,,https://images1.vinted.net/t/06_02335_dcL87vebUky4BkUg8wMMAdtS/310x430/1772044635.webp?s=26846eb0707289c8677d5bc570ef473ef1f95b1e,3,9
Occhiali da sole prada,137.2,Prada,0,https://www.vinted.it/items/8261048139-occhiali-da-sole-prada?referrer=catalog,0,8261048139,Sold,27/02/2026 14:54:14,,https://images1.vinted.net/t/06_004ba_o4o4dfQFGh6baUu9iZ5YPLZy/310x430/1772044543.webp?s=74cd5a72ac0020e838c5bcfccd1b7b6006041114,3,9
Prada,473.2,Prada,L,https://www.vinted.it/items/8261005008-prada?referrer=catalog,0,8261005008,Sold,27/02/2026 14:54:14,,https://images1.vinted.net/t/05_02442_eAEijqBcTChVHkVSuXBVbpWY/310x430/1772044206.webp?s=0ec6819688f336b97973c3dcbe2d612f7dd6655c,3,9
Porta carte Prada-originale,56.88,Prada,0,https://www.vinted.it/items/8259541919-porta-carte-prada-originale?referrer=catalog,2,8259541919,Sold,27/02/2026 14:54:14,,https://images1.vinted.net/t/06_00c67_wUxA8ek4Su8uWN5JwSC1cBMt/310x430/1772033818.webp?s=1bc9acca39c280ffa60a8871f542e43e3d267e34,3,9
Libro sfilate Prada,42.7,No brand,0,https://www.vinted.it/items/8260933905-libro-sfilate-prada?referrer=catalog,23,8260933905,Sold,27/02/2026 14:54:14,,https://images1.vinted.net/t/05_01e50_nVHSFKtgoazXoRS7s3SbahX8/310x430/1772043651.webp?s=94d50ebdef99064738f75f0044ec7cc6ba970124,3,9
Merceditas en talla 24,17.5,Agatha Ruiz de la Prada,24,https://www.vinted.it/items/8260927246-merceditas-en-talla-24?referrer=catalog,2,8260927246,Sold,27/02/2026 14:54:14,,https://images1.vinted.net/t/04_012d2_tTpBXSW2mDGUk5UrkoHrzDov/310x430/1772043599.webp?s=33b737448bb933746c5c739b13946f482c8526d8,3,9
Prada infusion santal chai,58.45,Prada,0,https://www.vinted.it/items/8260913797-prada-infusion-santal-chai?referrer=catalog,17,8260913797,Sold,27/02/2026 14:54:14,,https://images1.vinted.net/t/05_0062a_buTwFTFgpH3SKm493cssXvkg/310x430/1772043498.webp?s=fb30123b0691e5247777dc00d813f331fe9e39f4,3,9
Doudoune sans manche Prada,945.7,Prada,S,https://www.vinted.it/items/8260911336-doudoune-sans-manche-prada?referrer=catalog,1,8260911336,Sold,27/02/2026 14:54:14,,https://images1.vinted.net/t/06_0269a_hBi8e4Bi6xzodv9aUdTP3nNU/310x430/1772043478.webp?s=0a95081da86d30666cde62897e3613233d0869f3,3,9
Scatola Prada con garanzia bracciale,32.2,Prada,0,https://www.vinted.it/items/8260908006-scatola-prada-con-garanzia-bracciale?referrer=catalog,0,8260908006,Sold,27/02/2026 14:54:14,,https://images1.vinted.net/t/04_024e2_JaNxe1b2QEJ6sxNwLPeSFL7V/310x430/1772043452.webp?s=901571a852ab67743a5237cacf2dc07aae95b905,3,9
Prada Sonnenbrille,294.7,Prada,0,https://www.vinted.it/items/8260854958-prada-sonnenbrille?referrer=catalog,0,8260854958,Sold,27/02/2026 14:54:14,,https://images1.vinted.net/t/04_00bfc_e7kmVLuVxzGYrURow5o65Rke/310x430/1772043042.webp?s=12bad8f918b720d0369bec19ac6e6d5be33f4b3c,3,9
Bril origineel,84.7,Prada,0,https://www.vinted.it/items/8260806170-bril-origineel?referrer=catalog,3,8260806170,Sold,27/02/2026 14:54:14,,https://images1.vinted.net/t/05_013fb_ve3c37H33QjLpr47mgf5yFbv/310x430/1772042669.webp?s=31d881081ded7ca6b2da692a3c1b6546293b881b,3,9
Calça,53.2,Prada,S / IT 40 / EU 36,https://www.vinted.it/items/8260804134-calca?referrer=catalog,5,8260804134,Sold,27/02/2026 14:54:14,,https://images1.vinted.net/t/01_00653_nLX89Y9EWbBosCvDe99qLVWV/310x430/1772042652.webp?s=a003558479d5303c27c876dd5cf0896b54f0dfe0,3,9
Tazza termica Prada,47.95,Prada,0,https://www.vinted.it/items/8260770415-tazza-termica-prada?referrer=catalog,23,8260770415,Sold,27/02/2026 14:54:14,,https://images1.vinted.net/t/05_0139d_TEBkX3nzFG3DnjkXmHHhHzn2/310x430/1772042392.webp?s=5e6ab3c8023c51b282254121bcb4069f55c8a0fb,3,9
Perfume Prada paradigme,2.28,Prada,0,https://www.vinted.it/items/8260709948-perfume-prada-paradigme?referrer=catalog,0,8260709948,Sold,27/02/2026 14:54:14,,https://images1.vinted.net/t/04_00184_JH3vdnaEEHeMt8RtEHvBHfF6/310x430/1772041929.webp?s=d0d744cda235322eb10471154b1ee5abad73379c,3,9
Gonna tg S Prada plissettata nylon nera lucida lunga chiusura laterale logo cintura,1.2607,Prada,S / IT 40 / EU 36,https://www.vinted.it/items/8260709511-gonna-tg-s-prada-plissettata-nylon-nera-lucida-lunga-chiusura-laterale-logo-cintura?referrer=catalog,11,8260709511,Sold,27/02/2026 14:54:14,,https://images1.vinted.net/t/03_01ca6_Bn8iHkPc55coThh1ex1Nno7y/310x430/1772041925.webp?s=0967a0cb9d45cfcb4711e09f62a6e6d414258bfe,3,9
Abitino bimba,28.0,Agatha Ruiz de la Prada,3 anni / 98 cm,https://www.vinted.it/items/8260671747-abitino-bimba?referrer=catalog,8,8260671747,Sold,27/02/2026 14:54:14,,https://images1.vinted.net/t/05_01497_DE2eiGYqr52eGtBd6BH6bKDe/310x430/1772041638.webp?s=8d4119734a2054276875418e4624b28084662ecf,3,9
Vestitino bimba,28.0,agatha ruiz de la prada baby,4 anni / 104 cm,https://www.vinted.it/items/8260646144-vestitino-bimba?referrer=catalog,2,8260646144,Sold,27/02/2026 14:54:14,,https://images1.vinted.net/t/06_00590_9yYyrtBMfo9aAm1XswYqr1GU/310x430/1772041445.webp?s=5c08dd69c03150d5b746dcd67ca8e86426cc20f7,3,9
Vestitino bimba,26.95,Agatha Ruiz de la Prada,4 anni / 104 cm,https://www.vinted.it/items/8260633142-vestitino-bimba?referrer=catalog,3,8260633142,Sold,27/02/2026 14:54:14,,https://images1.vinted.net/t/05_01e4a_iJX7zY9e6ZQBuWKuGX3WMzJg/310x430/1772041348.webp?s=a6791091942826e9e7b307516ed9007480963a77,3,9
Survêtements Prada,137.2,Prada,L / IT 44 / EU 40,https://www.vinted.it/items/8260624442-survetements-prada?referrer=catalog,0,8260624442,Sold,27/02/2026 14:54:14,,https://images1.vinted.net/t/05_0260c_M7kp2YDpin79Tw5CUbq2w8bk/310x430/1772041285.webp?s=643f58017901cbb39630e313d9b69a1b83b3c13a,3,9
Prada cup,194.95,Prada,40,https://www.vinted.it/items/8260620851-prada-cup?referrer=catalog,5,8260620851,Sold,27/02/2026 14:54:14,,https://images1.vinted.net/t/05_02067_HyGxBM8kGBeijBMYE9netxSa/310x430/1772041260.webp?s=8b5eed7ef80723360e4340a3fabd178ec916e898,3,9
Prada Shirt polo,189.7,Prada,S / IT 40 / EU 36,https://www.vinted.it/items/8260617068-prada-shirt-polo?referrer=catalog,2,8260617068,Sold,27/02/2026 14:54:14,,https://images1.vinted.net/t/05_01629_UnULELNko4bBwtWMvpRXvYNq/310x430/1772041232.webp?s=42c3e383aa6b5b31595c0a968165a7d8889dc0ce,3,9
Prada Candy Eau de Parfüm 80 ML Neu,68.95,Prada,0,https://www.vinted.it/items/8260596015-prada-candy-eau-de-parfum-80-ml-neu?referrer=catalog,1,8260596015,Sold,27/02/2026 14:54:14,,https://images1.vinted.net/t/05_019b7_WeYZJYkeSPQkCp68cFjL9ei9/310x430/1772041074.webp?s=16f1a9c0973d40988d113b92a3c4b934af1cf695,3,9
Prada Cups,179.2,Prada,44,https://www.vinted.it/items/8260571433-prada-cups?referrer=catalog,3,8260571433,Sold,27/02/2026 14:54:14,,https://images1.vinted.net/t/05_016ea_b5pjkM6WQREpbE2ygAj5g8nu/310x430/1772040890.webp?s=ca62f221034d57cc1f82bea648fe7658617a1cca,3,9
Bolso bandolera Agatha Ruiz de la Prada,41.55,Agatha Ruiz de la Prada,0,https://www.vinted.it/items/8260550586-bolso-bandolera-agatha-ruiz-de-la-prada?referrer=catalog,2,8260550586,Sold,27/02/2026 14:54:14,,https://images1.vinted.net/t/04_01ade_9bc1t6w6omYXegDJGCDWWDHG/310x430/1772040735.webp?s=823757802b948638a2b66659df662c01e92f804a,3,9
Bolso bandolera Agatha Ruiz de la Prada,44.8,Agatha Ruiz de la Prada,0,https://www.vinted.it/items/8260532976-bolso-bandolera-agatha-ruiz-de-la-prada?referrer=catalog,14,8260532976,Sold,27/02/2026 14:54:14,,https://images1.vinted.net/t/06_00161_C7GyYSk6hoi92VQorMPvdc6z/310x430/1772040605.webp?s=83e39e684eb18b380ace6e70e51110c04a9a5901,3,9
libri,179.2,Dior,0,https://www.vinted.it/items/8260528375-libri?referrer=catalog,0,8260528375,Sold,27/02/2026 14:54:14,,https://images1.vinted.net/t/06_01128_TYf4katurWmLKRdkM51gbtiA/310x430/1772040571.webp?s=965cd6b2f159b56c1ab51a841f97e0ec5485fa0d,3,9
Prada Monochrome B02 – Rouge à lèvres rechargeable – Neuf,23.8,Prada,0,https://www.vinted.it/items/8260495472-prada-monochrome-b02-rouge-a-levres-rechargeable-neuf?referrer=catalog,3,8260495472,Sold,27/02/2026 14:54:14,,https://images1.vinted.net/t/05_00ffc_rcmrpcSf6krrc3QDfpY82ib5/310x430/1772040335.webp?s=f0d9cb6043f459740c81e4f5c8fa09d766220b51,3,9
NUEVA 24 cubertería de Agatha Ruiz de la Prada,29.05,Agatha Ruiz de la Prada,0,https://www.vinted.it/items/8260505112-nueva-24-cuberteria-de-agatha-ruiz-de-la-prada?referrer=catalog,11,8260505112,Sold,27/02/2026 14:54:14,,https://images1.vinted.net/t/06_01c65_xir93d63AZWHE3qWkVR8iGVi/310x430/1772040404.webp?s=e72dfe8995cdc34d71ac1c0704ff14c83cfbc1e6,3,9
Prada zonnebril - nieuw - SPR 73Z 5814 5AK-01T 140 3N,168.7,Prada,0,https://www.vinted.it/items/8260499538-prada-zonnebril-nieuw-spr-73z-5814-5ak-01t-140-3n?referrer=catalog,1,8260499538,Sold,27/02/2026 14:54:14,,https://images1.vinted.net/t/06_016f6_JTixN65W2gBFanHHzYuDseLW/310x430/1772040364.webp?s=cd7560ea1a100acb630c786e71b74ba423a1c387,3,9
Prada zonnebril - nieuw - SPR 65Z 5520 ZVN-09T 140 3N,168.7,Prada,0,https://www.vinted.it/items/8260478719-prada-zonnebril-nieuw-spr-65z-5520-zvn-09t-140-3n?referrer=catalog,15,8260478719,Sold,27/02/2026 14:54:14,,https://images1.vinted.net/t/05_01da2_F4BHthP8c4RH8AD3bWRZfY2Q/310x430/1772040213.webp?s=9c9586dd60acff934905501815bb895c61946b52,3,9
Sacoche Prada,1.2607,Prada,0,https://www.vinted.it/items/8260475181-sacoche-prada?referrer=catalog,3,8260475181,Sold,27/02/2026 14:54:14,,https://images1.vinted.net/t/04_02371_fioSkEBd2e7BWARtkbuA5zhQ/310x430/1772040187.webp?s=4886db393fdb336df3988185468ff7947fddc48d,3,9
Prada Papiertasche,3.85,Prada,0,https://www.vinted.it/items/8260472279-prada-papiertasche?referrer=catalog,0,8260472279,Sold,27/02/2026 14:54:14,,https://images1.vinted.net/t/06_017ed_jktecS4VKpQzSzL3xkbQdCEp/310x430/1772040166.webp?s=3ab1c5a63ca17589f5709cbcbaddf9ba56dd42a9,3,9
Collana Prada,168.7,Prada,0,https://www.vinted.it/items/8260468081-collana-prada?referrer=catalog,2,8260468081,Sold,27/02/2026 14:54:14,,https://images1.vinted.net/t/01_00dec_zbdYBoZcPG1q1gDM9YuZ9ubb/310x430/1772040135.webp?s=90646381c1e844af096365134d249797c03d2eca,3,9
Carteira de criança,3.85,Agatha Ruiz de la Prada,0,https://www.vinted.it/items/8260459575-carteira-de-crianca?referrer=catalog,6,8260459575,Sold,27/02/2026 14:54:14,,https://images1.vinted.net/t/06_014e4_LWdCxchXbN5SVGgdx2PjG1Dy/310x430/1772040075.webp?s=d6a65218cee6123b680adc6b8a42e94058ad838e,3,9
Fermaglio Prada,158.2,Prada,0,https://www.vinted.it/items/8260454412-fermaglio-prada?referrer=catalog,0,8260454412,Sold,27/02/2026 14:54:14,,https://images1.vinted.net/t/03_00a83_oB6YcSapbtQm5fS371eAJJi8/310x430/1772040038.webp?s=2498bf554ba1c38d44c1e1e2740d284cfc18e02b,3,9
Parfum Prada paradoxe,40.6,Prada,0,https://www.vinted.it/items/8260454459-parfum-prada-paradoxe?referrer=catalog,1,8260454459,Sold,27/02/2026 14:54:14,,https://images1.vinted.net/t/06_01604_GQcFC9SBV3gsW5djiBAsU2Wo/310x430/1772040039.webp?s=933e4953715b0ddc4e7229c240bd659d5f5932c3,3,9
Portafogli,273.7,Prada,0,https://www.vinted.it/items/8260445169-portafogli?referrer=catalog,1,8260445169,Sold,27/02/2026 14:54:14,,https://images1.vinted.net/t/05_0012b_2Ho7B3iWzVEMnPJ4fvgoeNT9/310x430/1772039971.webp?s=e7e74a42aa5682f34a58fb8ce9ab5212271df853,3,9
Póster El diablo viste de prada,17.5,Disney,0,https://www.vinted.it/items/8260446680-poster-el-diablo-viste-de-prada?referrer=catalog,0,8260446680,Sold,27/02/2026 14:54:14,,https://images1.vinted.net/t/01_018f4_RipFrR38QzH2s2Wx9wavPKDk/310x430/1772039982.webp?s=b23dc949484616299b220fb36520b32167f57ac4,3,9
Fermaglio Prada,158.2,Prada,0,https://www.vinted.it/items/8260446061-fermaglio-prada?referrer=catalog,0,8260446061,Sold,27/02/2026 14:54:14,,https://images1.vinted.net/t/05_01b13_YBYXnxD28Wpjx9EPjKFmS3DH/310x430/1772039977.webp?s=0af220d0a558b086a66c2fda4bae648c3d300705,3,9
"💙 Botas boots Azul ""Agatha Ruiz de la prada"". Nuevas. Talla 20.",56.3,Agatha Ruiz de la Prada,20,https://www.vinted.it/items/8260425373-botas-boots-azul-agatha-ruiz-de-la-prada-nuevas-talla-20?referrer=catalog,24,8260425373,Sold,27/02/2026 14:54:14,,https://images1.vinted.net/t/06_016d2_vCurj2YRVRd4So6vuNCbCUYq/310x430/1772039832.webp?s=2cfc08d0800fe53e43c91289ff88ae8f2ae67c3c,3,9
Fermaglio Prada,158.2,Prada,0,https://www.vinted.it/items/8260421043-fermaglio-prada?referrer=catalog,0,8260421043,Sold,27/02/2026 14:54:14,,https://images1.vinted.net/t/01_005e5_ii9wHhERAmV7RBR5T2YTBufj/310x430/1772039801.webp?s=e3dd72b89210fa493b51251950f58610bc6ac183,3,9
Occhiali donna,158.2,PRADA MILANO,0,https://www.vinted.it/items/8260417896-occhiali-donna?referrer=catalog,0,8260417896,Sold,27/02/2026 14:54:14,,https://images1.vinted.net/t/06_01903_EQ7ymTdRo69ZgKvfAFvUaFi7/310x430/1772039778.webp?s=b0c9607fa0cee0e5a615f48d54ee58b1cec05231,3,9
Fermaglio Prada,158.2,Prada,0,https://www.vinted.it/items/8260413474-fermaglio-prada?referrer=catalog,0,8260413474,Sold,27/02/2026 14:54:14,,https://images1.vinted.net/t/06_00781_AJr5LaWtKtkNt1ng2LGmc5yr/310x430/1772039747.webp?s=1147e4f1d568c0fec2cd720d53dd1a5ce0bde45f,3,9
Fermaglio Prada,158.2,Prada,0,https://www.vinted.it/items/8260403328-fermaglio-prada?referrer=catalog,0,8260403328,Sold,27/02/2026 14:54:14,,https://images1.vinted.net/t/06_0020a_rBw8XtAnGVHMfg7HpRg5JpYr/310x430/1772039676.webp?s=4442ea44d10f905ad50575389c43d8ed48138210,3,9
Cardigan Prada,74.2,Prada,S / IT 40 / EU 36,https://www.vinted.it/items/8260376777-cardigan-prada?referrer=catalog,25,8260376777,Sold,27/02/2026 14:54:14,,https://images1.vinted.net/t/05_0061b_m4QaMCsF3YJRC5g8GY9QcK5G/310x430/1772039490.webp?s=2ac548122367fec17efee1f2d81bc5941ecad403,3,9
Libro tapa dura,11.2,No brand,0,https://www.vinted.it/items/8260376202-libro-tapa-dura?referrer=catalog,0,8260376202,Sold,27/02/2026 14:54:14,,https://images1.vinted.net/t/06_0217b_CMuuPc1LeoQ3Kz8NUf36L2M2/310x430/1772039520.webp?s=68b0a578f9fc5c1c04eea9669b5aebb7e33ef33a,3,9
Pochette Agatha Ruiz de la Prada,5.95,Agatha Ruiz de la Prada,0,https://www.vinted.it/items/8260356161-pochette-agatha-ruiz-de-la-prada?referrer=catalog,3,8260356161,Sold,27/02/2026 14:54:14,,https://images1.vinted.net/t/05_024d0_BAeV9DfPfKhD2JMboa3PkV81/310x430/1772039345.webp?s=3f911a43beef00f644155c80038f7c030dadb831,3,9
Prada zonnebril,263.2,Prada,0,https://www.vinted.it/items/8260354324-prada-zonnebril?referrer=catalog,0,8260354324,Sold,27/02/2026 14:54:14,,https://images1.vinted.net/t/06_017ff_Rr2DJAxqkMFgjGTtkW9XXkbU/310x430/1772039333.webp?s=f8e621e901a97eadc11a381d5c7bc5d7fb196c80,3,9
Prada gonna nera vita alta tg 46,105.7,Prada,XL / IT 46 / EU 42,https://www.vinted.it/items/8260322655-prada-gonna-nera-vita-alta-tg-46?referrer=catalog,0,8260322655,Sold,27/02/2026 14:54:14,,https://images1.vinted.net/t/04_01b63_zjHK6389492cKbxD8NM3NhGg/310x430/1772039110.webp?s=fe6896998c163b3b231455df829870c0e9e1f643,3,9
"💙 Vestido + Leotardos ""Agatha Ruiz de la prada"". Talla 1-3 meses.",32.15,Agatha Ruiz de la Prada,1-3 mesi / 56 cm,https://www.vinted.it/items/8260304751-vestido-leotardos-agatha-ruiz-de-la-prada-talla-1-3-meses?referrer=catalog,23,8260304751,Sold,27/02/2026 14:54:14,,https://images1.vinted.net/t/01_02006_LMG36YXa7Fuj5mdcU18arZTc/310x430/1772038986.webp?s=e97a00b897a46ddecc265479c51410476776cf5e,3,9
Stivale alla coscia Prada,473.2,Prada,35.5,https://www.vinted.it/items/8260297107-stivale-alla-coscia-prada?referrer=catalog,2,8260297107,Sold,27/02/2026 14:54:14,,https://images1.vinted.net/t/06_0008d_wRi8fMn8frztT9VX3fnRwtDQ/310x430/1772038933.webp?s=129e0124f1c2b349df16bf024edc5775c3741839,3,9
Cappotto limite edition Prada,1.0297,Prada,M / IT 42 / EU 38,https://www.vinted.it/items/8260281538-cappotto-limite-edition-prada?referrer=catalog,9,8260281538,Sold,27/02/2026 14:54:14,,https://images1.vinted.net/t/05_01392_mA5e7fdh3mzi1kgyKgXTVymV/310x430/1772038827.webp?s=10bdbdf72a435d18f759545a806bfcca8eee2f2b,3,9
Prada Cravate bleu marine,81.55,Prada,0,https://www.vinted.it/items/8260262582-prada-cravate-bleu-marine?referrer=catalog,34,8260262582,Sold,27/02/2026 14:54:14,,https://images1.vinted.net/t/06_00ea7_BCEAtau2frex8dGFTP4Tg2bw/310x430/1772038697.webp?s=486b29db73a131a5e5ad6e9db2930f020b1ce68e,3,9
Miniature Prada Paradoxe eau de parfum,13.3,Prada,0,https://www.vinted.it/items/8260248667-miniature-prada-paradoxe-eau-de-parfum?referrer=catalog,10,8260248667,Sold,27/02/2026 14:54:14,,https://images1.vinted.net/t/05_01133_tx7RUu5uEdf1fW4S53B6AUQL/310x430/1772038603.webp?s=473fe736b15c36bb3a59717e7c9bf39ca5b6b6b6,3,9
T-shirt Prada,315.7,Prada,M,https://www.vinted.it/items/8260237050-t-shirt-prada?referrer=catalog,3,8260237050,Sold,27/02/2026 14:54:14,,https://images1.vinted.net/t/01_00b95_6LCA7CWwwcMuT6GZpTEvhF5u/310x430/1772038522.webp?s=d37af73664f221533aafaebbe26a5cac9b21c307,3,9
PRADA,74.2,Prada,0,https://www.vinted.it/items/8260219297-prada?referrer=catalog,0,8260219297,Sold,27/02/2026 14:54:14,,https://images1.vinted.net/t/05_015ed_jScxtQ2KFArjbw8XH1NNxFQk/310x430/1772038401.webp?s=4ba79bd90859da04451c4717ddfe1ba249e1877f,3,9
Prada intense,40.6,Prada,0,https://www.vinted.it/items/8277002464-prada-intense?referrer=catalog,1,8277002464,Sold,28/02/2026 19:55:10,,https://images1.vinted.net/t/05_019f2_prrEAy5QQyYjpaLGeNk7s4Qh/310x430/1772266318.webp?s=ac173c9d49b6d004bd78ab186423a81578636cf4,1,5
jeans prada a vita bassa,37.45,Prada,Taglia unica,https://www.vinted.it/items/8276993877-jeans-prada-a-vita-bassa?referrer=catalog,6,8276993877,Sold,28/02/2026 19:55:10,,https://images1.vinted.net/t/06_003ac_xiFWnXYUtM4R2U22Te3AJUwn/310x430/1772266213.webp?s=ad80bc4a2d27707cbf2e230393c18d6207eb37a2,1,5
Prada Studded Sneakers,263.2,Prada,46,https://www.vinted.it/items/8276983793-prada-studded-sneakers?referrer=catalog,53,8276983793,Sold,28/02/2026 19:55:10,,https://images1.vinted.net/t/05_0225b_SjVE8ZE4Yd54sqqMeB949JxC/310x430/1772266089.webp?s=d0c545a172a8a6db7b99878e99414c020a1bee78,1,5
Prada Sunglasses PR 02P NAK-0A7,105.7,Prada,0,https://www.vinted.it/items/8276979992-prada-sunglasses-pr-02p-nak-0a7?referrer=catalog,5,8276979992,Sold,28/02/2026 19:55:10,,https://images1.vinted.net/t/06_02473_EUuh3UuVr2DTuuzGg7YQJ8u7/310x430/1772266043.webp?s=e2cd0c1c06b910bf1138981def9d913f7f2818de,1,5
Profumo Prada Paradoxe 90ml,42.7,Prada,0,https://www.vinted.it/items/8276962388-profumo-prada-paradoxe-90ml?referrer=catalog,0,8276962388,Sold,28/02/2026 19:55:10,,https://images1.vinted.net/t/03_0230d_PSUsP9jAjcwa5wz1cbA6kDrv/310x430/1772265816.webp?s=41f76747beaeb981d346c1f2e7afd1ea320e6d7e,1,5
Prada Paradoxe Intense,43.75,Prada,0,https://www.vinted.it/items/8276957441-prada-paradoxe-intense?referrer=catalog,1,8276957441,Sold,28/02/2026 19:55:10,,https://images1.vinted.net/t/06_023b6_c5ibihetLYEZT1g9mBreCArR/310x430/1772265753.webp?s=e8fc7dfaceab036864550fd9c5414f4c7db80d03,1,5
Prada Sunglasses PR 28N 1AB-3M1,105.7,Prada,0,https://www.vinted.it/items/8276954925-prada-sunglasses-pr-28n-1ab-3m1?referrer=catalog,0,8276954925,Sold,28/02/2026 19:55:10,,https://images1.vinted.net/t/06_005ab_PuEsozZ6simKM5AipLPXvMZE/310x430/1772265720.webp?s=6de0998c240d610e6ebffc362a96640790b84089,1,5
Prada Black (Navy) Trousers – Men – Size 36 – Very Good Condition,263.2,Prada,IT 46 | W36,https://www.vinted.it/items/8276452423-prada-black-navy-trousers-men-size-36-very-good-condition?referrer=catalog,1,8276452423,Sold,28/02/2026 19:55:10,,https://images1.vinted.net/t/06_00f2f_gLK4fJpL8iEPay5dqPzVSfho/310x430/1772236133.webp?s=7342e7bd46cd97305c0d3be0209b78a0396c4897,1,5
Sudadera Agatha Ruiz de la Prada,7.0,Agatha Ruiz de la Prada,18-24 mesi / 86 cm,https://www.vinted.it/items/8276942152-sudadera-agatha-ruiz-de-la-prada?referrer=catalog,0,8276942152,Sold,28/02/2026 19:55:10,,https://images1.vinted.net/t/06_015ad_gfMjzCo7AdQsttLuJvXHFA5Z/310x430/1772265555.webp?s=97ab71c5b12a140062e46ec22ec8d172f799a542,1,5
Pantalon Prada Gabardine Nylon – Rosso – Taille 44 – Neuf avec étiquettes,399.7,Prada,IT 38 | W28,https://www.vinted.it/items/8276933247-pantalon-prada-gabardine-nylon-rosso-taille-44-neuf-avec-etiquettes?referrer=catalog,1,8276933247,Sold,28/02/2026 19:55:10,,https://images1.vinted.net/t/05_023e2_VJmUqAkxYjnpRQe3YKHzTzKy/310x430/1772265438.webp?s=3dc0017855b54b4bdb605ae300882a032cba8117,1,5
Ocean Luna Rossa Eau de Toilette 150ml - Prada,47.95,No brand,0,https://www.vinted.it/items/8276927088-ocean-luna-rossa-eau-de-toilette-150ml-prada?referrer=catalog,0,8276927088,Sold,28/02/2026 19:55:10,,https://images1.vinted.net/t/05_01ff7_NLeJ1zUDCyeD2oLrWPWy5cH4/310x430/1772265352.webp?s=ca20dbba3f2b62ea8136c753eed47a7acf922479,1,5
Prada mini tallas Eye Augmented,210.7,Prada,0,https://www.vinted.it/items/8276874181-prada-mini-tallas-eye-augmented?referrer=catalog,0,8276874181,Sold,28/02/2026 19:55:10,,https://images1.vinted.net/t/06_01c9a_bFu5MVBLYVUcEKgSzvtyi4uV/310x430/1772264576.webp?s=c02ff9bd08e4b450ab9a5d8cdf684c5aadbd85c0,1,5
Ysl Gucci Lancome Prada Chanel Parfum Damen armani mugler Marc jacobs,26.95,No brand,0,https://www.vinted.it/items/8273943921-ysl-gucci-lancome-prada-chanel-parfum-damen-armani-mugler-marc-jacobs?referrer=catalog,1,8273943921,Sold,28/02/2026 19:55:10,,https://images1.vinted.net/t/06_026d4_7qtXBy7CX14ULozfJ4CjaSLj/310x430/1772209573.webp?s=5480a04530e12f4dece9ab96ea4ae06f942201a8,1,5
Prada Radical Essence profumo 90 ml,52.15,Prada,0,https://www.vinted.it/items/8276913521-prada-radical-essence-profumo-90-ml?referrer=catalog,2,8276913521,Sold,28/02/2026 19:55:10,,https://images1.vinted.net/t/05_0133a_igDRjwFgP8JUwuNDbrbFJk8L/310x430/1772265160.webp?s=df8773a6b978f358d48f1e4fb5d58b027c25ccc9,1,5
Funda pasaporte Agatha Ruiz de la Prada,2.75,Agatha,0,https://www.vinted.it/items/8276886484-funda-pasaporte-agatha-ruiz-de-la-prada?referrer=catalog,0,8276886484,Sold,28/02/2026 19:55:10,,https://images1.vinted.net/t/05_011fb_9Wuznux9JPzV9e1uKnHDzTRT/310x430/1772264761.webp?s=3be796a84e081992fbda8fba9df82dd4a1aa5256,1,5
Étui à lunettes Prada,16.45,Prada,0,https://www.vinted.it/items/8276873557-etui-a-lunettes-prada?referrer=catalog,0,8276873557,Sold,28/02/2026 19:55:10,,https://images1.vinted.net/t/06_01232_XoUV5BzksvmJn3F2vuE5t7xg/310x430/1772264567.webp?s=4f682adefb5d92b67b9de11384827aa3e3ab1f31,1,5
Paradoxe Eau De Perfum 90 ml,51.1,Prada,0,https://www.vinted.it/items/8276863517-paradoxe-eau-de-perfum-90-ml?referrer=catalog,13,8276863517,Sold,28/02/2026 19:55:10,,https://images1.vinted.net/t/04_000d7_eHKiwh25fgJbdT6KCUCPeJR1/310x430/1772264410.webp?s=8af326ef151cdb7532b171db62d02c30dba5b351,1,5
Astuccio Prada,5.95,No brand,0,https://www.vinted.it/items/8276861940-astuccio-prada?referrer=catalog,1,8276861940,Sold,28/02/2026 19:55:10,,https://images1.vinted.net/t/05_00902_6nkBuRSKLY8RavFZ9ZscGq3G/310x430/1772264384.webp?s=d218cd8abc30ff7f9d24f69085453e126bcdcaaa,1,5
Paradoxe Intense 90ml,51.1,Prada,0,https://www.vinted.it/items/8276850973-paradoxe-intense-90ml?referrer=catalog,7,8276850973,Sold,28/02/2026 19:55:10,,https://images1.vinted.net/t/06_0061f_xfuvo2MbMwMxDfBhF13141wV/310x430/1772264203.webp?s=c5484610dd295377c9130a05ec4557759dd34c94,1,5
Vintage 90s Prada Sport White Wrap Around Sunglasses,144.55,Prada,0,https://www.vinted.it/items/8276823380-vintage-90s-prada-sport-white-wrap-around-sunglasses?referrer=catalog,0,8276823380,Sold,28/02/2026 19:55:10,,https://images1.vinted.net/t/05_00f4f_zL6Mqzj2fM59ASKWkHnvm48b/310x430/1772263722.webp?s=181220c8d8be0d072883aa93b5796ef5e3b95f66,1,5
Portachiavi Prada,105.7,Prada,0,https://www.vinted.it/items/8275581365-portachiavi-prada?referrer=catalog,5,8275581365,Sold,28/02/2026 19:55:10,,https://images1.vinted.net/t/04_00e94_M9bM3LvMJdnQ9NxVb5NZSaKf/310x430/1772222938.webp?s=1590e4b1b7362867ef6c5e70b84e59f47ebf390e,1,5
Prada Kosmetik Tasche,16.45,Prada,0,https://www.vinted.it/items/8271939113-prada-kosmetik-tasche?referrer=catalog,18,8271939113,Sold,27/02/2026 23:45:48,,https://images1.vinted.net/t/05_01bbd_QzUnitGnvrRxv44AJ1LyWYq7/310x430/1772195457.webp?s=b473d8ebdb5e3238d50cf631351629ab83ca0667,1,4
Cappello tweed Prada,525.7,Prada,M,https://www.vinted.it/items/8278594268-cappello-tweed-prada?referrer=catalog,3,8278594268,Sold,28/02/2026 19:54:46,,https://images1.vinted.net/t/05_0269c_JhocQLCxkCKCvY4wVUPtFZxf/310x430/1772277701.webp?s=a35458649fa9c846d4ab58c9b10df886bb90a009,1,4
Prada flowers soprammobile lattina e volantini,23.8,Prada,0,https://www.vinted.it/items/8278555925-prada-flowers-soprammobile-lattina-e-volantini?referrer=catalog,6,8278555925,Sold,28/02/2026 19:54:46,,https://images1.vinted.net/t/01_00dc3_jVHo8foRv7uCyveppk5A5gao/310x430/1772277477.webp?s=fc35e48d324c3fb3c25a7cecf7b6aea0b237fe2d,1,4
Robe Agatha Ruiz 10 ans,16.45,Agatha Ruiz de la Prada,10 anni / 140 cm,https://www.vinted.it/items/8278548986-robe-agatha-ruiz-10-ans?referrer=catalog,3,8278548986,Sold,28/02/2026 19:54:46,,https://images1.vinted.net/t/05_00dd9_WYG856LQXKe3szdYVqUuXPw5/310x430/1772277437.webp?s=5d9822dbc3241dadcb096d31704c8a3e56d6bdea,1,4
Robe Agatha Ruiz neuve,11.2,Agatha Ruiz de la Prada,10 anni / 140 cm,https://www.vinted.it/items/8274998435-robe-agatha-ruiz-neuve?referrer=catalog,4,8274998435,Sold,28/02/2026 19:54:46,,https://images1.vinted.net/t/01_00c67_mGcKsrAw1DxhfNqJqC4QGWAP/310x430/1772277373.webp?s=f5f77cc8a990b46224a23920bc336ed2d8432551,1,4
occhiali da sole prada,315.7,Prada,0,https://www.vinted.it/items/8278527151-occhiali-da-sole-prada?referrer=catalog,0,8278527151,Sold,28/02/2026 19:54:46,,https://images1.vinted.net/t/05_0061f_bGro9yHqA2MNm51WHsjCLymh/310x430/1772277308.webp?s=dcca6ec6318aef1cf122623796782540535b4a9b,1,4
Prada Charms/Anhänger,26.95,Prada,0,https://www.vinted.it/items/8278511386-prada-charmsanhanger?referrer=catalog,0,8278511386,Sold,28/02/2026 19:54:46,,https://images1.vinted.net/t/05_00d14_an57zVPEAjzSZaT4Hj1pWE2i/310x430/1772277215.webp?s=0d9bd869388948726567b9553ff9977ec22b7244,1,4
prada,137.2,Prada,42,https://www.vinted.it/items/8278498386-prada?referrer=catalog,6,8278498386,Sold,28/02/2026 19:54:46,,https://images1.vinted.net/t/01_00ec0_DZwBSNiuoxEMiMwvn8C5PKA3/310x430/1772277139.webp?s=2b2dfd5e2f5e4f60beab2ce2d86dd52f4279c6cb,1,4
Prada Beauty Notizbuch,26.95,Prada,0,https://www.vinted.it/items/8278493187-prada-beauty-notizbuch?referrer=catalog,0,8278493187,Sold,28/02/2026 19:54:46,,https://images1.vinted.net/t/04_0102f_kxkczgYBDBeoxAgTYfDJipqP/310x430/1772277110.webp?s=7e1dca6b66a6cede75dd4740a61437cfda5b90d1,1,4
Occhiale da sole Prada,221.2,Prada,0,https://www.vinted.it/items/8278437384-occhiale-da-sole-prada?referrer=catalog,0,8278437384,Sold,28/02/2026 19:54:46,,https://images1.vinted.net/t/01_0132f_LCErsqDQ5fFYUUvVf2jAe6Mv/310x430/1772276784.webp?s=153bb964a5f57b4774972243fc0568100dc90577,1,4
Mocassins Prada,473.2,Prada,42,https://www.vinted.it/items/8278402072-mocassins-prada?referrer=catalog,2,8278402072,Sold,28/02/2026 19:54:46,,https://images1.vinted.net/t/06_004dc_m4EtZjTSXLiPPAYHf3rh5EYC/310x430/1772276579.webp?s=b8d2b4d904e0ae4064215decafdd6319a9ebc16b,1,4
Prada vaso in latta collezione Fall Winter 23,59.4,Prada,0,https://www.vinted.it/items/8278319942-prada-vaso-in-latta-collezione-fall-winter-23?referrer=catalog,1,8278319942,Sold,28/02/2026 19:54:46,,https://images1.vinted.net/t/06_016b7_JS3AKapABckwsXZs4PgRRJwr/310x430/1772276095.webp?s=a27f21a82311e2a285eec435c9c9d05af8b15d26,1,4
Prada Sonnebrille,30.1,Prada,0,https://www.vinted.it/items/8278309345-prada-sonnebrille?referrer=catalog,32,8278309345,Sold,28/02/2026 19:54:46,,https://images1.vinted.net/t/06_014d7_jh2fJNnBQJnHv6YjU9TJxP7B/310x430/1772276034.webp?s=16bd45e6a5761c05642c558d6269241fa2e4eeb2,1,4
Vestido Agatha Ruiz de la Prada,13.3,Agatha,6 anni / 116 cm,https://www.vinted.it/items/8278276675-vestido-agatha-ruiz-de-la-prada?referrer=catalog,6,8278276675,Sold,28/02/2026 19:54:46,,https://images1.vinted.net/t/05_0069c_BXtyKv826N3CA67KyxHPj5FD/310x430/1772275841.webp?s=e5e6732cf04bb89285c4791f2c7b8ae05eba3c49,1,4
Prada cup bleu foncée ( dark blue ),121.45,Prada,38,https://www.vinted.it/items/8278229591-prada-cup-bleu-foncee-dark-blue?referrer=catalog,8,8278229591,Sold,28/02/2026 19:54:46,,https://images1.vinted.net/t/01_025bd_1E1bStG7EHnnVVSFoFDyaF5d/310x430/1772275565.webp?s=cef8493ce11d2a6f4e3a108a5eacfd3be67f2ec8,1,4
Profumo prada,84.7,Prada,0,https://www.vinted.it/items/8278219174-profumo-prada?referrer=catalog,1,8278219174,Sold,28/02/2026 19:54:46,,https://images1.vinted.net/t/05_01f79_37wDGJSoyNfwEH2fp695aiWt/310x430/1772275504.webp?s=eace413291fa3805e8e78fe0b22baaaebf24901a,1,4
Miniature de parfum Prada Candy,21.7,Prada,0,https://www.vinted.it/items/8278197357-miniature-de-parfum-prada-candy?referrer=catalog,2,8278197357,Sold,28/02/2026 19:54:46,,https://images1.vinted.net/t/05_015d5_rKX3p3xDkqaRm35yK7znQFRa/310x430/1772275375.webp?s=e5a4f7b74d2124b7354aab7543c350f5f89f963b,1,4
Baume à lèvres fini givré PRADA,34.3,Prada,0,https://www.vinted.it/items/8278194147-baume-a-levres-fini-givre-prada?referrer=catalog,0,8278194147,Sold,28/02/2026 19:54:46,,https://images1.vinted.net/t/05_007d1_KMrX39NsDDQqWwCnEvLJ2YNa/310x430/1772275356.webp?s=e2fc2ec67aba8c4dd5879918f63c739d60961e37,1,4
Prada Cups schwarz,126.7,No brand,42,https://www.vinted.it/items/8278145345-prada-cups-schwarz?referrer=catalog,1,8278145345,Sold,28/02/2026 19:54:46,,https://images1.vinted.net/t/04_00249_BTLkKWz8BXiFEJLDjMZQqD2H/310x430/1772275068.webp?s=6bec2694a20dd74a6b03890275aac58cadc2de8b,1,4
Scarpa uomo Prada luna Rossa n42,79.45,Prada,42,https://www.vinted.it/items/8278136532-scarpa-uomo-prada-luna-rossa-n42?referrer=catalog,4,8278136532,Sold,28/02/2026 19:54:46,,https://images1.vinted.net/t/05_011b0_YZrjYBQxvG94V9co3Q2chrgZ/310x430/1772275016.webp?s=78540b4b984c265c0be08b74fbb69aa33417ee2d,1,4
Jupe Agatha Ruiz de la Prada cœurs rouge & bleu – taille 40,26.95,Agatha Ruiz de la Prada,L / IT 44 / EU 40,https://www.vinted.it/items/8278118810-jupe-agatha-ruiz-de-la-prada-coeurs-rouge-bleu-taille-40?referrer=catalog,26,8278118810,Sold,28/02/2026 19:54:46,,https://images1.vinted.net/t/06_019d0_o7iNs8LdKdLZ1VKjyYf3fERK/310x430/1772274911.webp?s=ded4997a0a304caa967eb11cf9d2070848be50a6,1,4
Prada paradoxe eau de parfum,45.85,Prada,0,https://www.vinted.it/items/8278114422-prada-paradoxe-eau-de-parfum?referrer=catalog,2,8278114422,Sold,28/02/2026 19:54:46,,https://images1.vinted.net/t/06_017f4_k4afBE4DDvGj9T3emxXQRnvn/310x430/1772274885.webp?s=da9e79ae3960e733a63f0ce11e9b382f599f8025,1,4
Prada Cups Olive Grün,126.7,No brand,43,https://www.vinted.it/items/8278112341-prada-cups-olive-grun?referrer=catalog,9,8278112341,Sold,28/02/2026 19:54:46,,https://images1.vinted.net/t/03_00894_6CQwm8UHpRR311ToVk9dgZ9H/310x430/1772274872.webp?s=f9717d5fe712806b57a80f7564ab02f536eb7088,1,4
Prada pumps,525.7,Prada,37.5,https://www.vinted.it/items/8278110847-prada-pumps?referrer=catalog,5,8278110847,Sold,28/02/2026 19:54:46,,https://images1.vinted.net/t/05_0041c_Qwm66jHhkDCdggqXs2CxyKQG/310x430/1772275268.webp?s=21b114fdfbab3de3f8721bcc2b9a73e5bf06b0a2,1,4
Prada Parfüm,63.7,Prada,0,https://www.vinted.it/items/8278106717-prada-parfum?referrer=catalog,0,8278106717,Sold,28/02/2026 19:54:46,,https://images1.vinted.net/t/01_00513_nexGC8rTVVtod55Xnm67KpCX/310x430/1772274839.webp?s=30b21611565127bb63185bfe17bf09c09d5435d3,1,4
Abrigo Agatha Ruiz de la Prada Impermeable Talla 8 años. Manteau imperméable. Casaco impermeável,68.95,Agatha Ruiz de la Prada,8 anni / 128 cm,https://www.vinted.it/items/8278059915-abrigo-agatha-ruiz-de-la-prada-impermeable-talla-8-anos-manteau-impermeable-casaco-impermeavel?referrer=catalog,46,8278059915,Sold,28/02/2026 19:54:46,,https://images1.vinted.net/t/06_02437_sBDpQ2kEvoMhDrpePm9fbrJC/310x430/1772274558.webp?s=e9a7797eefa38d4527448227353b67685bb12454,1,4
Prada Cups Navy Blau,126.7,No brand,42,https://www.vinted.it/items/8278021308-prada-cups-navy-blau?referrer=catalog,1,8278021308,Sold,28/02/2026 19:54:46,,https://images1.vinted.net/t/01_00256_EgZedU4jmjT8D45MQkKEAkXb/310x430/1772274326.webp?s=f001bb56a33ead0e51a0e0ddfc8fdd2c9a295ecd,1,4
Prada Prax blau schwarz,126.7,No brand,42,https://www.vinted.it/items/8277991840-prada-prax-blau-schwarz?referrer=catalog,0,8277991840,Sold,28/02/2026 19:54:46,,https://images1.vinted.net/t/06_01062_xAC5mvNbszw765veTJCYQMeQ/310x430/1772274146.webp?s=4a76f04dc3627483ad6586b10b3e95013932075c,1,4
Gafas de sol PRADA,231.7,Prada,0,https://www.vinted.it/items/8277991253-gafas-de-sol-prada?referrer=catalog,0,8277991253,Sold,28/02/2026 19:54:46,,https://images1.vinted.net/t/06_026ab_2WHyiGhjqg5vUG6hxMoJiMk9/310x430/1772283541.webp?s=96dc8a2c067be256724b1377219826bcf4fece09,1,4
Mini vestido Re-nylon Prada,1.5757,Prada,L / IT 44 / EU 40,https://www.vinted.it/items/8277989618-mini-vestido-re-nylon-prada?referrer=catalog,0,8277989618,Sold,28/02/2026 19:54:46,,https://images1.vinted.net/t/05_02405_CAJA78qNfv8qKXgBVcgMp3c2/310x430/1772274133.webp?s=fa5df512cc45e1830a6e97f66ebc84c3bd8d0f1b,1,4
Prada paradoxe,37.45,Paradoxe,0,https://www.vinted.it/items/8277988354-prada-paradoxe?referrer=catalog,10,8277988354,Sold,28/02/2026 19:54:46,,https://images1.vinted.net/t/06_001f9_2yA6cQ4iGt8XKa2vqiEtyrNQ/310x430/1772274125.webp?s=7a48b7c4a61cee4948b1874733bbe35c7d91a3b6,1,4
Occhiali Prada,84.7,Prada,0,https://www.vinted.it/items/8277864645-occhiali-prada?referrer=catalog,0,8277864645,Sold,28/02/2026 19:54:46,,https://images1.vinted.net/t/06_012cd_C4KeEfbAbBmJPBu1ESvAMPck/310x430/1772273357.webp?s=0bb68104789c9b3135a03f331a2d442b29622f06,1,4
Prada Re-Edition 2005 Re-Nylon Saffiano Leder Nylon Tasche Bag,830.2,Prada,0,https://www.vinted.it/items/8277958022-prada-re-edition-2005-re-nylon-saffiano-leder-nylon-tasche-bag?referrer=catalog,4,8277958022,Sold,28/02/2026 19:54:46,,https://images1.vinted.net/t/05_006ab_wGvb7HF2zv8SFj9J78BVp2RP/310x430/1772273938.webp?s=e6f9086259d700293a9d5a11db0c4714845f15bd,1,4
Sneakers Prada America's cup,305.2,Luna Rossa,40,https://www.vinted.it/items/8277957904-sneakers-prada-americas-cup?referrer=catalog,3,8277957904,Sold,28/02/2026 19:54:46,,https://images1.vinted.net/t/06_00998_L9a65EutyHNa42g63Z425BKj/310x430/1772273938.webp?s=06ce2c6059763725c1e3ce338ee85dc27af5032a,1,4
PRADA,431.2,Prada,0,https://www.vinted.it/items/8277956659-prada?referrer=catalog,2,8277956659,Sold,28/02/2026 19:54:46,,https://images1.vinted.net/t/01_007c1_w3a71BcPj8tM3kf1VrPZG1yg/310x430/1772273930.webp?s=5e2ffc300d40030d2ff12b558bf89d85928905bd,1,4
PRADA Virtual Flower,37.45,Prada,0,https://www.vinted.it/items/8277946049-prada-virtual-flower?referrer=catalog,0,8277946049,Sold,28/02/2026 19:54:46,,https://images1.vinted.net/t/06_00559_7UEZQqJZAr6mPbmXCi7f8sLT/310x430/1772273864.webp?s=49bed14c57da23ae0628bfce96d31a99f0dde8f7,1,4
cover 12 pro max prada,11.2,Prada,0,https://www.vinted.it/items/8277904133-cover-12-pro-max-prada?referrer=catalog,3,8277904133,Sold,28/02/2026 19:54:46,,https://images1.vinted.net/t/05_0240c_EJaB5MpDNB6f1q3gTpwG6g2F/310x430/1772273605.webp?s=47448fcba842f64cd1dab57b1bdc47a8ef779fce,1,4
Prada Parfüm,24.85,Prada,0,https://www.vinted.it/items/8277894449-prada-parfum-paradox?referrer=catalog,6,8277894449,Sold,28/02/2026 19:54:46,,https://images1.vinted.net/t/05_014cf_Hx4ieZkXKKrqezqJT5JdWR9J/310x430/1772273545.webp?s=38eeb2b6ada0bec02f3d5631ecdd61fda1814213,1,4
Casquette noire Prada en nylon – Logo triangle – Très bon état,74.2,Kiabi,Taglia unica,https://www.vinted.it/items/8277868320-casquette-noire-prada-en-nylon-logo-triangle-tres-bon-etat?referrer=catalog,3,8277868320,Sold,28/02/2026 19:54:46,,https://images1.vinted.net/t/06_01d74_8jbmpoyuL4W5gWmVgo375oqu/310x430/1772273381.webp?s=46a51afceeab2719a4ef60cc0cd34710d4da0613,1,4
Prada Paradoxe EDP Recarregável,60.55,Prada,0,https://www.vinted.it/items/8277868480-prada-paradoxe-edp-recarregavel?referrer=catalog,0,8277868480,Sold,28/02/2026 19:54:46,,https://images1.vinted.net/t/06_00b57_HHzKoiWzHWi5kZgHL4QBvrAq/310x430/1772273382.webp?s=9a4bd7d95aec5710e1100458f13ec37764f3ee4b,1,4
Prada Sonnenbrille,126.7,Prada,0,https://www.vinted.it/items/8277840827-prada-sonnenbrille?referrer=catalog,1,8277840827,Sold,28/02/2026 19:54:46,,https://images1.vinted.net/t/05_01011_xYuaZAMt5zRX1MydA8bRkExx/310x430/1772273204.webp?s=737e60dbab29f425382e665ee438a0847413530e,1,4
Perfume,78.4,Prada,0,https://www.vinted.it/items/8277823196-perfume?referrer=catalog,0,8277823196,Sold,28/02/2026 19:54:46,,https://images1.vinted.net/t/06_0092e_z9Y1Prx1yRFkRjwMgxcJWEv9/310x430/1772273089.webp?s=a9be293c8394beeaa40d010c1cc02fe2fa33d6fc,1,4
Pull Prada taille M noir,410.2,Prada,M,https://www.vinted.it/items/8277742315-pull-prada-taille-m-noir?referrer=catalog,0,8277742315,Sold,28/02/2026 19:54:46,,https://images1.vinted.net/t/05_0040b_CeKC3g8e6V31Nubb9QpBkKmz/310x430/1772272557.webp?s=423e737d96215b01603e9d0ee91d222cc08e4ffa,1,4
Sac Prada Cabas en cuir Beige,1.20715,Prada,0,https://www.vinted.it/items/8277692078-sac-prada-cabas-en-cuir-beige?referrer=catalog,9,8277692078,Sold,28/02/2026 19:54:46,,https://images1.vinted.net/t/06_01198_tUc9b8L2Z7Zr4HyNKC1Hzxfp/310x430/1772272221.webp?s=5130a50c9c75ae3c5249133d379bfc2ca48206ce,1,4
Prada Cup,110.95,Prada,42,https://www.vinted.it/items/8277688911-prada-cup?referrer=catalog,23,8277688911,Sold,28/02/2026 19:54:46,,https://images1.vinted.net/t/05_009fe_D4m9osDrqbXTNUAbssMQ3kYT/310x430/1772272199.webp?s=613719efbebbba9bbdcd56d35d651273682b940b,1,4
Mules Prada 37,515.2,Prada,37,https://www.vinted.it/items/8277672436-mules-prada-37?referrer=catalog,22,8277672436,Sold,28/02/2026 19:54:46,,https://images1.vinted.net/t/05_000a1_5JuCizyCcFcThrtbPh3uTFGF/310x430/1772272089.webp?s=08b28fc2e62e85605110c3ede7680e836d29fb96,1,4
Scarpe  Prada Luna rossa,89.95,Prada,41,https://www.vinted.it/items/8277670356-scarpe-prada-luna-rossa?referrer=catalog,5,8277670356,Sold,28/02/2026 19:54:46,,https://images1.vinted.net/t/06_01964_YsHyyV7YZoKxjbmMawQkctAM/310x430/1772272075.webp?s=94f611db26d3ac72c4dbdc27dee8fac062508adf,1,4
Base de teint Prada,21.7,Prada,0,https://www.vinted.it/items/8277670448-base-de-teint-prada?referrer=catalog,3,8277670448,Sold,28/02/2026 19:54:46,,https://images1.vinted.net/t/06_00c38_mDvBUpbzkmirvHEQXW2xUa4v/310x430/1772272075.webp?s=af698cfbef134a2f66d9a9d69baa3d519eacdb66,1,4
jeans Prada,73.15,Prada,S / IT 40 / EU 36,https://www.vinted.it/items/8277669773-jeans-prada?referrer=catalog,1,8277669773,Sold,28/02/2026 19:54:46,,https://images1.vinted.net/t/06_0162d_195CsZ9LGpQmf3iWrQHm2H79/310x430/1772272071.webp?s=e049b54110e05c53047a8b5d18017a2ac2f1d98e,1,4
Vestido 👗 Niña Agatha Ruiz De La Prada Talla 10,13.3,Agatha Ruiz de la Prada,10 anni / 140 cm,https://www.vinted.it/items/8277661163-vestido-nina-agatha-ruiz-de-la-prada-talla-10?referrer=catalog,5,8277661163,Sold,28/02/2026 19:54:46,,https://images1.vinted.net/t/01_011fa_MJgNgC8LudY16ATNqWdMe5gg/310x430/1772272013.webp?s=12230cc3f4e5f7f3a9596406c6a6620adb86bd8c,1,4
Luna rossa océan Prada,79.45,Prada,0,https://www.vinted.it/items/8277648226-luna-rossa-ocean-prada?referrer=catalog,1,8277648226,Sold,28/02/2026 19:54:46,,https://images1.vinted.net/t/06_01a74_moSkAsanxz4wUAhnPL5KHKzH/310x430/1772271923.webp?s=d94fa702a67ba74c52a89ddeff85179a4b4894d0,1,4
Funda de cojín Agatha Ruiz de la Prada con Corazón,5.95,Agatha Ruiz de la Prada,0,https://www.vinted.it/items/8277647193-funda-de-cojin-agatha-ruiz-de-la-prada-con-corazon?referrer=catalog,0,8277647193,Sold,28/02/2026 19:54:46,,https://images1.vinted.net/t/04_00fd9_9qGZzGKTxLnmdrzw2sfyjNXs/310x430/1772271916.webp?s=772083853f0252085a562178c98697f63e2b0f37,1,4
Robe motif pied de poule Prada,368.2,Prada,S / IT 40 / EU 36,https://www.vinted.it/items/8277594451-robe-motif-pied-de-poule-prada?referrer=catalog,8,8277594451,Sold,28/02/2026 19:54:46,,https://images1.vinted.net/t/06_0139d_BQwe91ibAZ9P1sf8foQpaus8/310x430/1772271548.webp?s=9fcc8f9d801221b85c9c62fae668b532613a01ab,1,4
Monture prada noire lunettes,30.1,Prada,0,https://www.vinted.it/items/8277591506-monture-prada-noire-lunettes?referrer=catalog,0,8277591506,Sold,28/02/2026 19:54:46,,https://images1.vinted.net/t/04_0153b_FPoRTTJGaQN2cJ1WFkNiQPXx/310x430/1772271526.webp?s=a56692ded2008bb7459d751abeb6c323cf838a0b,1,4
Prada Milano – Edición de Colección (2009) con Funda,263.2,No brand,0,https://www.vinted.it/items/8277591614-prada-milano-edicion-de-coleccion-2009-con-funda?referrer=catalog,0,8277591614,Sold,28/02/2026 19:54:46,,https://images1.vinted.net/t/06_00c38_M7v7n5njDC9y2KaTtmHg9UCH/310x430/1772271527.webp?s=c255ceeb6b3106631251ef42c1a33fad015d86ce,1,4
Cartera Agatha Ruiz de la Prada,19.6,Agatha Ruiz de la Prada,0,https://www.vinted.it/items/8277590926-cartera-agatha-ruiz-de-la-prada-verde-nuevo?referrer=catalog,2,8277590926,Sold,28/02/2026 19:54:46,,https://images1.vinted.net/t/05_01e5d_yQTeSTSrU3PiW2944ULrTUKw/310x430/1772271522.webp?s=0c44459f66c3ffee6c8424064b9bdad1a0238876,1,4
Monture Prada noir lunettes,30.1,Prada,0,https://www.vinted.it/items/8277578665-monture-prada-noir-lunettes?referrer=catalog,0,8277578665,Sold,28/02/2026 19:54:46,,https://images1.vinted.net/t/03_0057c_tyEd1djdHy3BzPLo41Ujonwz/310x430/1772271435.webp?s=6a552af171bcf321338ecf2b1e8e799a1f96908a,1,4
Monedero Agatha Ruiz de la Prada Nuevo azul,16.45,Agatha Ruiz de la Prada,0,https://www.vinted.it/items/8277573804-monedero-agatha-ruiz-de-la-prada-nuevo-azul?referrer=catalog,1,8277573804,Sold,28/02/2026 19:54:46,,https://images1.vinted.net/t/06_0150c_FEJMeNvZgdf2w9iRcX7FszTn/310x430/1772271400.webp?s=2ecd5f78a31434f54dd4eaa13464f68e11bdbb0e,1,4
Prada paradoxe radical essence 90 ml,51.1,Prada,0,https://www.vinted.it/items/8277560387-prada-paradoxe-radical-essence-90-ml?referrer=catalog,6,8277560387,Sold,28/02/2026 19:54:46,,https://images1.vinted.net/t/05_0178f_aYjykjuMbJDS2QJN4gPL5W18/310x430/1772271303.webp?s=ae9134782dec304f8ca236f7a1a29d1adc19b0ed,1,4
NIEUW Mooie slippers Prada,126.7,Prada,39,https://www.vinted.it/items/8277544421-nieuw-mooie-slippers-prada?referrer=catalog,4,8277544421,Sold,28/02/2026 19:54:46,,https://images1.vinted.net/t/04_00c28_HP1zeoqsbux7KgdZisi8iFYV/310x430/1772271190.webp?s=2d2bb2610eb6302149eb28a93d3aba599a9b05b0,1,4
Prada beige,37.45,Prada,M / IT 42 / EU 38,https://www.vinted.it/items/8277535946-prada-beige?referrer=catalog,13,8277535946,Sold,28/02/2026 19:54:46,,https://images1.vinted.net/t/06_01d28_sdmpjEU59oqyoAZEmfwCLBsA/310x430/1772271130.webp?s=11053143ce64c9a9ede77d786c4d8e62eece21a8,1,4
Occhiali da sole Prada NUOVI,68.95,Prada,0,https://www.vinted.it/items/8277534415-occhiali-da-sole-prada-nuovi?referrer=catalog,6,8277534415,Sold,28/02/2026 19:54:46,,https://images1.vinted.net/t/06_01250_hnNGdjFu1ridD1D9yPfphQyx/310x430/1772271120.webp?s=f9290d40a621e86af26b5e530de0e272c4c4858f,1,4
Cintura Prada – Pelle Saffiano Verde – Nuova,263.2,Prada,100 cm,https://www.vinted.it/items/8277522966-cintura-prada-pelle-saffiano-verde-nuova?referrer=catalog,11,8277522966,Sold,28/02/2026 19:54:46,,https://images1.vinted.net/t/05_022ff_ZL1Mm3PKEyrneqMSrr3JswXR/310x430/1772271036.webp?s=d5885f37b19bf36aa1d1b4d20960aa6e6c1f92a5,1,4
Occhiali vista Prada,95.2,Prada,0,https://www.vinted.it/items/8277509417-occhiali-vista-prada?referrer=catalog,0,8277509417,Sold,28/02/2026 19:54:46,,https://images1.vinted.net/t/05_02539_ogo9xgCGRGHsaJAHjY9Y6rth/310x430/1772270937.webp?s=19da85386a606c01f7397b0eed7a33ee1b1f3237,1,4
Profumo,53.2,Prada,0,https://www.vinted.it/items/8277452716-profumo?referrer=catalog,1,8277452716,Sold,28/02/2026 19:54:46,,https://images1.vinted.net/t/03_01e16_bU6vfdwmyPsZQCnNEHZW7RvE/310x430/1772270516.webp?s=a116a4a7507067aec0bc3f3ad38c350b8ae4a430,1,4
Parfum,95.2,Prada,0,https://www.vinted.it/items/8277434532-parfum?referrer=catalog,0,8277434532,Sold,28/02/2026 19:54:46,,https://images1.vinted.net/t/05_026bc_bmsnnfzaCjUGtHmnPokaRgZQ/310x430/1772270374.webp?s=3225307bdfa5d3abaea4180e211d17fc442d5c62,1,4
Occhiali da sole Prada,79.45,Prada,0,https://www.vinted.it/items/8277431498-occhiali-da-sole-prada?referrer=catalog,2,8277431498,Sold,28/02/2026 19:54:46,,https://images1.vinted.net/t/03_02539_xkdTC1YDaZtdNSPE7dXSDf95/310x430/1772270351.webp?s=0d5e843bf8a644c53e2f9c74702cc4bd9a28a42f,1,4
Collapse Prada,525.7,Prada,37,https://www.vinted.it/items/8277383220-collapse-prada?referrer=catalog,0,8277383220,Sold,28/02/2026 19:54:46,,https://images1.vinted.net/t/05_01b39_xhXrCSCwdH5BW5PUtxF742Bm/310x430/1772269973.webp?s=441fe93369260b63dd9d5e9ea68be73e8c166972,1,4
Bolso agatha Ruiz nuevo,62.65,Agatha Ruiz de la Prada,0,https://www.vinted.it/items/8277376178-bolso-agatha-ruiz-nuevo?referrer=catalog,34,8277376178,Sold,28/02/2026 19:54:46,,https://images1.vinted.net/t/05_007f7_sB6gdgiQTXasFHi9knFaZjPW/310x430/1772269915.webp?s=a50f45b6aa4284f0ea72ee6275671dc635b1a1c3,1,4
Sneakers Prada donna,263.2,Prada,36.5,https://www.vinted.it/items/8277368609-sneakers-prada-donna?referrer=catalog,0,8277368609,Sold,28/02/2026 19:54:46,,https://images1.vinted.net/t/06_01cb0_5i88aBPhmbNjGod7LJTv8RdX/310x430/1772269855.webp?s=147fc2f6db2b9237736d0881cb59f91538e93017,1,4
Lunettes prada noires,221.2,Prada,0,https://www.vinted.it/items/8277365803-lunettes-prada-noires?referrer=catalog,1,8277365803,Sold,28/02/2026 19:54:46,,https://images1.vinted.net/t/06_0204b_EW9sPvBSDMCunfs5jaa86pH7/310x430/1772269831.webp?s=0eff903852f0f61c76bc5547a1b67c6b0a3af320,1,4
Eau de toilette Luna Rossa Prada,47.95,Prada,0,https://www.vinted.it/items/8277347184-eau-de-toilette-luna-rossa-prada?referrer=catalog,3,8277347184,Sold,28/02/2026 19:54:46,,https://images1.vinted.net/t/06_00061_1UfALgQQERAbsEPt7pn9uTvP/310x430/1772269679.webp?s=c847cba8cc7f75b0d9bd5b416f0ba4c1264df83b,1,4
Prada - America’s cup,305.2,Prada,43,https://www.vinted.it/items/8277320212-prada-americas-cup?referrer=catalog,3,8277320212,Sold,28/02/2026 19:54:46,,https://images1.vinted.net/t/01_00cd5_X1u7TeCsEbwhwXYDXpyZzjaM/310x430/1772269451.webp?s=8f74268f481519efc6ee083d2057abb3a81d7196,1,4
Miniature prada,16.45,Prada,0,https://www.vinted.it/items/8277306627-miniature-prada?referrer=catalog,1,8277306627,Sold,28/02/2026 19:54:46,,https://images1.vinted.net/t/05_0073c_A4NYscDQLpHb9CCP7ExUCA4h/310x430/1772269336.webp?s=273e46fd41dd6aab388e8fad6756b2082a7ca7ec,1,4
Bolso y monedero agatha Ruiz,94.15,Agatha Ruiz de la Prada,0,https://www.vinted.it/items/8277300765-bolso-y-monedero-agatha-ruiz?referrer=catalog,39,8277300765,Sold,28/02/2026 19:54:46,,https://images1.vinted.net/t/06_001c4_RdkDgKvVJhqh1FHgsMXSvgLM/310x430/1772269284.webp?s=06072977d36b7d18e4a9b62d7c795a4b9172475f,1,4
Sac bandoulière et porte monnaie Prada,1.0402,Prada,0,https://www.vinted.it/items/8277300294-sac-bandouliere-et-porte-monnaie-prada?referrer=catalog,1,8277300294,Sold,28/02/2026 19:54:46,,https://images1.vinted.net/t/01_0044f_LbjgYPFU3NE3P34Wnkyj4b3n/310x430/1772270737.webp?s=b739c3c17cd657204d1af10ed8793f5e5acb1676,1,4
Prada jeans,788.2,Prada,S / IT 40 / EU 36,https://www.vinted.it/items/8277281251-prada-jeans?referrer=catalog,0,8277281251,Sold,28/02/2026 19:54:46,,https://images1.vinted.net/t/05_00db1_VywzTHoDh5KvqAAqfW1fZvNF/310x430/1772269117.webp?s=76372fc34599192d8dac30faa9b869af6c7b9173,1,4
Perfume Prada Infusión de Figue,63.65,Prada,0,https://www.vinted.it/items/8277253518-perfume-prada-infusion-de-figue?referrer=catalog,0,8277253518,Sold,28/02/2026 19:54:46,,https://images1.vinted.net/t/01_001eb_GwshYU2yHXxdoMtA1PGu9i8f/310x430/1772268875.webp?s=f823f20a9b735fa5afb850cc5b10bbe73fe9e21d,1,4
Prada Cups schwarz grau weiß,210.7,Prada,42,https://www.vinted.it/items/8277247969-prada-cups-schwarz-grau-weiss?referrer=catalog,0,8277247969,Sold,28/02/2026 19:54:46,,https://images1.vinted.net/t/05_010b3_tmnsruyS9xEzoTpXHLjdEUkR/310x430/1772281506.webp?s=4ff140fecdb8db6571a52846d7634cbb25e70a0b,1,4
Scatola da borsa o scarpe Prada azzurra,16.45,Prada,0,https://www.vinted.it/items/8277243834-scatola-da-borsa-o-scarpe-prada-azzurra?referrer=catalog,1,8277243834,Sold,28/02/2026 19:54:46,,https://images1.vinted.net/t/06_002cf_kwMCri4GQ8CArEAQtEXBNY4X/310x430/1772268788.webp?s=8e515ea85c7621aaf636e08fcba0301155a72e9c,1,4
Prada Maglione,73.15,Prada,L / IT 44 / EU 40,https://www.vinted.it/items/8277237149-prada-maglione?referrer=catalog,2,8277237149,Sold,28/02/2026 19:54:46,,https://images1.vinted.net/t/06_02527_V4yExpyw1j1acAy54WBqBYHj/310x430/1772268727.webp?s=9ce675cb5b1276c0ff57b721b39d228b4d27de1d,1,4
Bottoni vari firmati,8.05,Prada,0,https://www.vinted.it/items/8277190770-bottoni-vari-firmati?referrer=catalog,1,8277190770,Sold,28/02/2026 19:54:46,,https://images1.vinted.net/t/04_014f7_2vHChZWgck6ctR7JHEvhGp84/310x430/1772268298.webp?s=b9df2ff5677a47fbe916de4bfbde92bd079ae90d,1,4
Prada,74.2,Prada,0,https://www.vinted.it/items/8277173290-prada?referrer=catalog,3,8277173290,Sold,28/02/2026 19:54:46,,https://images1.vinted.net/t/06_0188e_YyCfQsp3rtbK8FfAcqHv6bbV/310x430/1772268134.webp?s=760faada03fef5feefd36e246c7d605271f2acbc,1,4
Bracciale Prada tg s,250.6,Prada,0,https://www.vinted.it/items/8277148668-bracciale-prada-tg-s?referrer=catalog,0,8277148668,Sold,28/02/2026 19:54:46,,https://images1.vinted.net/t/01_000da_pVn5n4ghvFkuCYDXtW3hqQnN/310x430/1772267896.webp?s=2c2d03dce07ccca34a62430f1b79c1e591c0f33e,1,4
Les Infusions de Prada,105.7,Prada,0,https://www.vinted.it/items/8277133691-les-infusions-de-prada?referrer=catalog,0,8277133691,Sold,28/02/2026 19:54:46,,https://images1.vinted.net/t/04_01f61_Gx9NzNqthYMvbz6JQTaujP97/310x430/1772267745.webp?s=05fdbd5ce8a22c94ebde95930fc3a90582ddc83a,1,4
Pradakartenhalter,26.95,Prada,0,https://www.vinted.it/items/8277122132-pradakartenhalter?referrer=catalog,2,8277122132,Sold,28/02/2026 19:54:46,,https://images1.vinted.net/t/06_02355_epDrY4H8bSPfrUJssQ44ttLX/310x430/1772267628.webp?s=7fbbe0dda755bb9f06936f4ca1dc8b9e29725454,1,4
Les infusions de Prada,105.7,Prada,0,https://www.vinted.it/items/8277116829-les-infusions-de-prada?referrer=catalog,0,8277116829,Sold,28/02/2026 19:54:46,,https://images1.vinted.net/t/05_017d3_N9v7Prj3kWAHu7YuEtHXbrQo/310x430/1772267573.webp?s=27ebadaa3decf0a7e6fe527d1d6ad2f6c2a7ccfa,1,4
Scarpe con i tacchi Prada 36,525.7,Prada,36.5,https://www.vinted.it/items/8277105393-scarpe-con-i-tacchi-prada-365?referrer=catalog,0,8277105393,Sold,28/02/2026 19:54:46,,https://images1.vinted.net/t/06_001d7_fEcKNWjQRmQzGtMiKxyBCkk4/310x430/1772267457.webp?s=0e043edb37f16028a7214fb95529f7a22cfe38ef,1,4
Sandalias de Agatha Ruiz de la Prada,20.65,Agatha Ruiz de la Prada,22,https://www.vinted.it/items/8277103936-sandalias-de-agatha-ruiz-de-la-prada?referrer=catalog,5,8277103936,Sold,28/02/2026 19:54:46,,https://images1.vinted.net/t/01_00cc2_oUpEJ6pXB2kAvGifbGvXzu4b/310x430/1772267441.webp?s=c222e8f8e4d3afd9f56aa61858444cc35a1dc187,1,4
Prada kartenhalter 1 ZU 1,19.6,Prada,0,https://www.vinted.it/items/8277076352-prada-kartenhalter-1-zu-1?referrer=catalog,16,8277076352,Sold,28/02/2026 19:54:46,,https://images1.vinted.net/t/06_02107_A6dnJCxp6UrWt4nPayUcZMd8/310x430/1772267152.webp?s=f262290c01ce5d6b0861137a7435d9e489ad1a9f,1,4
Les infusions de Prada,105.7,Prada,0,https://www.vinted.it/items/8277075107-les-infusions-de-prada?referrer=catalog,2,8277075107,Sold,28/02/2026 19:54:46,,https://images1.vinted.net/t/01_0076a_1GLzx3Lwi5iQXg5j1BHeb6f3/310x430/1772267139.webp?s=93467f41489774c6cbce4e1dd1319040a6aa764d,1,4
NEW Prada stiletto heels / sandals,263.2,Prada,39,https://www.vinted.it/items/8277053547-new-prada-stiletto-heels-sandals?referrer=catalog,3,8277053547,Sold,28/02/2026 19:54:46,,https://images1.vinted.net/t/05_01195_RzftZmYTAHCbwTTUBGdkJEia/310x430/1772266904.webp?s=925234a4550ebc50f680a5276b455073b0a10e8f,1,4
Prada Sonnenbrille Barock,236.95,Prada,0,https://www.vinted.it/items/8277062965-prada-sonnenbrille-barock?referrer=catalog,0,8277062965,Sold,28/02/2026 19:54:46,,https://images1.vinted.net/t/06_00106_HhjxojctnwRrYGvKydvSF6pA/310x430/1772267052.webp?s=8a836c756f8c3eb458afe9f55420e2bc36a61cc2,1,4
Prada Paradoxe,89.95,Prada,0,https://www.vinted.it/items/8277055991-prada-paradoxe?referrer=catalog,0,8277055991,Sold,28/02/2026 19:54:46,,https://images1.vinted.net/t/06_00a75_E2yPmGsgL46kSw7z9mKqQAGH/310x430/1772266931.webp?s=5b79da9caec3b5d5ac7a0dc5de6b765f5f3ddedf,1,4
Temas de Salud,9.1,No brand,0,https://www.vinted.it/items/8277028460-temas-de-salud?referrer=catalog,0,8277028460,Sold,28/02/2026 19:54:46,,https://images1.vinted.net/t/05_01844_5XQmC5ovfGQDAcMZbJApC2th/310x430/1772266620.webp?s=0ed6ab46f9b3a12f4add66e1439d58f7d68b9a8a,1,4
Lunettes de soleil prada neuves,210.7,Prada,0,https://www.vinted.it/items/8277003527-lunettes-de-soleil-prada-neuves?referrer=catalog,1,8277003527,Sold,28/02/2026 19:54:46,,https://images1.vinted.net/t/04_0184e_fpVqYYoGyXStWVSGvZ1EWqeo/310x430/1772266330.webp?s=e3f48490c70cb1bba9f189fd396db0b775498567,1,4
Prada cup top qualité neuve 🥇 envoi express,147.7,Prada,46,https://www.vinted.it/items/8274039401-prada-cup-top-qualite-neuve-envoi-express?referrer=catalog,11,8274039401,Sold,27/02/2026 23:45:17,,https://images1.vinted.net/t/05_002a9_wdnvkYCDcjqPKjkidLwGbVJU/310x430/1772210247.webp?s=68f0a484944d810e487d7e6430a80ee0d383a966,1,3
Doudoune prada original,420.7,Prada,M,https://www.vinted.it/items/8274025645-doudoune-prada-original?referrer=catalog,17,8274025645,Sold,27/02/2026 23:45:17,,https://images1.vinted.net/t/03_0179b_TSvqi2USSSPyrvHrFXy8Bdro/310x430/1772210150.webp?s=d0d849ac011ca8c0447bce6a10b9ce83e75b49b7,1,3
Prada paradoxe,40.6,Prada,0,https://www.vinted.it/items/8274021694-prada-paradoxe?referrer=catalog,1,8274021694,Sold,27/02/2026 23:45:17,,https://images1.vinted.net/t/05_020fa_PNWREg4vqwUBMNJ5qKHR765i/310x430/1772210123.webp?s=9d8323530afe80c83c6a16d0ba867183ec34263f,1,3
Portachiavi Prada Saffiano Oro in pelle color bronzo,284.19,Prada,0,https://www.vinted.it/items/8274019257-portachiavi-prada-saffiano-oro-in-pelle-color-bronzo-nuovo-con-confezione?referrer=catalog,0,8274019257,Sold,27/02/2026 23:45:17,,https://images1.vinted.net/t/05_014e9_Mf4tJm824YQsPPTbLBDfFyyM/310x430/1772210106.webp?s=97395ecd0538701e236635508793706166b16edd,1,3
Prada cup top qualité neuve  🥇envoi express 2j,147.7,Prada,44,https://www.vinted.it/items/8274018681-prada-cup-top-qualite-neuve-envoi-express-2j?referrer=catalog,2,8274018681,Sold,27/02/2026 23:45:17,,https://images1.vinted.net/t/06_0021b_Z4J3e5hPFyVJsXQEUXXJ6G7v/310x430/1772210102.webp?s=d7a63c4360844c758297452bd082ab81d6dbe351,1,3
Prada Candy parfum,58.45,Prada,0,https://www.vinted.it/items/8274007471-prada-candy-parfum?referrer=catalog,0,8274007471,Sold,27/02/2026 23:45:17,,https://images1.vinted.net/t/06_014cf_DHjuzQd8RAxrsenL9AP7zfR3/310x430/1772210023.webp?s=6c1bcc5580cc4bc4f37b5bb26a6ff5f4a3183f82,1,3
Prada Paradoxe Eau de Parfum 7 ml,11.2,Prada,0,https://www.vinted.it/items/8274002693-prada-paradoxe-eau-de-parfum-7-ml?referrer=catalog,2,8274002693,Sold,27/02/2026 23:45:17,,https://images1.vinted.net/t/03_0177e_V6MWkx2kJYTkC2RUzxLsbfkJ/310x430/1772209989.webp?s=ccb984a6f13f5a2b6fec2dae79c5612b9e770a35,1,3
Jeans Prada bianchi a zampa,53.2,Prada,S / IT 40 / EU 36,https://www.vinted.it/items/8273901131-jeans-prada-bianchi-a-zampa?referrer=catalog,19,8273901131,Sold,27/02/2026 23:45:17,,https://images1.vinted.net/t/01_00b23_EYJwgrqrBkauQv4CjYU9QGgu/310x430/1772209277.webp?s=7cadfaa41dbbd78fdcf3632b19c173c4e2a36209,1,3
Prada cup top qualité neuve 🥇envoi express 2j,147.7,Prada,45,https://www.vinted.it/items/8274000805-prada-cup-top-qualite-neuve-envoi-express-2j?referrer=catalog,3,8274000805,Sold,27/02/2026 23:45:17,,https://images1.vinted.net/t/05_00ceb_QbzWxiQfaxfhzs6hhvVcExKf/310x430/1772209975.webp?s=3ed5a420bcd5870be89c40884d59d0801119320e,1,3
Lot de 3 paires de socquettes neuves Agatha Ruiz de la Prada 36/39,10.15,Agatha Ruiz de la Prada,37-39,https://www.vinted.it/items/8273946289-lot-de-3-paires-de-socquettes-neuves-agatha-ruiz-de-la-prada-3639?referrer=catalog,0,8273946289,Sold,27/02/2026 23:45:17,,https://images1.vinted.net/t/05_009ba_Zs4GpiLMLCrhdu4hVjc4sDHM/310x430/1772209856.webp?s=ae527f99125a2c86df566afefac5c90d28b68894,1,3
Pantalon taille haute en Re-Nylon,714.0,Prada,XS / IT 38 / EU 34,https://www.vinted.it/items/8273984122-pantalon-taille-haute-en-re-nylon?referrer=catalog,1,8273984122,Sold,27/02/2026 23:45:17,,https://images1.vinted.net/t/04_007cb_S1Cg1tBkRaWSGuJKXhyMaXYz/310x430/1772209857.webp?s=2e23967d7070eb3d741802b69d44e5c97ac72abc,1,3
Basket Sneakers Prada Downtown,473.2,Prada,36.5,https://www.vinted.it/items/8273979905-basket-sneakers-prada-downtown?referrer=catalog,1,8273979905,Sold,27/02/2026 23:45:17,,https://images1.vinted.net/t/04_00f44_qUqD5yQBo62W1qpEsqpgkjau/310x430/1772209827.webp?s=b2bb68cc57fdadc52d10bb3a35e6f14ea9ebde13,1,3
Prada cup top qualité neuve🥇envoi express 2j,147.7,Prada,42,https://www.vinted.it/items/8273976119-prada-cup-top-qualite-neuveenvoi-express-2j?referrer=catalog,1,8273976119,Sold,27/02/2026 23:45:17,,https://images1.vinted.net/t/03_01520_3m2e8koeCf2uhX6RMo8LjZbp/310x430/1772209801.webp?s=f7bb4ed79273532712cd4e1ad2e2d95ec3404640,1,3
Kosmetiktasche,26.95,Prada,0,https://www.vinted.it/items/8273960684-kosmetiktasche?referrer=catalog,0,8273960684,Sold,27/02/2026 23:45:17,,https://images1.vinted.net/t/06_01681_fg1e8UcDrMYfnGX9C8t93VkN/310x430/1772209692.webp?s=e198f0b7113f2e4c677245d69147233bc6b6bed1,1,3
Prada cup top qualité neuve🥇envoi express 2j,147.7,Prada,43,https://www.vinted.it/items/8273959662-prada-cup-top-qualite-neuveenvoi-express-2j?referrer=catalog,4,8273959662,Sold,27/02/2026 23:45:17,,https://images1.vinted.net/t/06_01d40_y88oDLSwM57CHeZbGva4XG6K/310x430/1772209684.webp?s=a3255fc48a917e926153615e91feab32df41c2d9,1,3
Prada cintura,58.45,Ottimo,90 cm,https://www.vinted.it/items/8273949322-prada-cintura?referrer=catalog,3,8273949322,Sold,27/02/2026 23:45:17,,https://images1.vinted.net/t/06_00fcb_zBR1HVkmyf3NxcAfz7ucgmtu/310x430/1772209612.webp?s=50af2ecd75dcdd3c04c86cf2d1a969008efc70d7,1,3
Prada Arqué small,1.836,Prada,0,https://www.vinted.it/items/8273947838-prada-arque-small?referrer=catalog,0,8273947838,Sold,27/02/2026 23:45:17,,https://images1.vinted.net/t/05_0020f_ua8NVQ6NdTV1HeDUa91dU6Rk/310x430/1772209602.webp?s=ccc31a24f1fb1d46d99c50af3dc3e5ebf9d7150e,1,3
DVD Il diavolo veste Prada,5.95,No brand,0,https://www.vinted.it/items/8273945646-dvd-il-diavolo-veste-prada?referrer=catalog,0,8273945646,Sold,27/02/2026 23:45:17,,https://images1.vinted.net/t/05_026f0_iQSF7e9MZEsC7L27a6QQ5mV5/310x430/1772209586.webp?s=df438bd1d743c375b809dabda280acfbdb1eb3ee,1,3
Pochette Prada,315.7,Prada,0,https://www.vinted.it/items/8273941219-pochette-prada?referrer=catalog,1,8273941219,Sold,27/02/2026 23:45:17,,https://images1.vinted.net/t/06_026fa_ffSN4PFJw7mdyKQemddxpuTX/310x430/1772209555.webp?s=8bf6a5d23b10c9b22634eee4252349c45035e53a,1,3
Prada SPR 62S 1AB-0A7 occhiali da sole,131.95,Prada,0,https://www.vinted.it/items/8273915024-prada-spr-62s-1ab-0a7-occhiali-da-sole?referrer=catalog,2,8273915024,Sold,27/02/2026 23:45:17,,https://images1.vinted.net/t/06_01320_QY7f32Krt8UAgyGFgdpxSEWj/310x430/1772209372.webp?s=e821cc5a6cd57e7418b703ee14a45ca051f3a114,1,3
O diabo veste Prada,5.95,No brand,0,https://www.vinted.it/items/8273896537-o-diabo-veste-prada-lauren-weiberger?referrer=catalog,2,8273896537,Sold,27/02/2026 23:45:17,,https://images1.vinted.net/t/01_01bf6_dwP85acYkJieBmLTSyZTnSWH/310x430/1772209244.webp?s=766e4512c6fa734ed88088b8105e5109e29fb671,1,3
Pantaloni PRADA neri,74.2,Prada,S,https://www.vinted.it/items/8273884787-pantaloni-prada-neri?referrer=catalog,10,8273884787,Sold,27/02/2026 23:45:17,,https://images1.vinted.net/t/04_008db_25P2Sr5YznzXK5oGwy47NdMU/310x430/1772209162.webp?s=0ce086433c25260b78c4647036fa649b898aac57,1,3
Prada America's Cup,210.7,Prada,43,https://www.vinted.it/items/8273879743-prada-americas-cup?referrer=catalog,2,8273879743,Sold,27/02/2026 23:45:17,,https://images1.vinted.net/t/04_00891_8kEmCukzLmHfeQobo32afa9J/310x430/1772209127.webp?s=9afd37f6bfaec1c8095aabde24a9ace8ac7a3c71,1,3
Prada Hemd Korte Mouwen Zwart,612.0,Prada,M,https://www.vinted.it/items/8273858505-prada-hemd-korte-mouwen-zwart?referrer=catalog,0,8273858505,Sold,27/02/2026 23:45:17,,https://images1.vinted.net/t/06_00cde_C7JBYP97HkbZNsoPZELvv5BX/310x430/1772208979.webp?s=28288769dbeae4d91283472b2fda52acdfde9659,1,3
Prada x Raf Simons Re-Nylon Bomber Jacket,1.5759,Prada,L,https://www.vinted.it/items/8273856570-prada-x-raf-simons-re-nylon-bomber-jacket?referrer=catalog,1,8273856570,Sold,27/02/2026 23:45:17,,https://images1.vinted.net/t/06_023c2_j4MMJjxozjNKPhZqymTQPGjM/310x430/1772208966.webp?s=395ce387c4ab70a3b5d47b4f03d359c34ce93e1a,1,3
Prada Luna Rossa Ocean Parfum Mini,19.55,Prada,0,https://www.vinted.it/items/8273852720-prada-luna-rossa-ocean-parfum-mini?referrer=catalog,1,8273852720,Sold,27/02/2026 23:45:17,,https://images1.vinted.net/t/03_01a6b_SMnL3xw8ViX7VUR7SXHJuH6k/310x430/1772208938.webp?s=ee02d3e1652bc7637c106202b34f05f3052e5478,1,3
Lunette de soleil Prada,158.2,Prada,0,https://www.vinted.it/items/8273844089-lunette-de-soleil-prada?referrer=catalog,2,8273844089,Sold,27/02/2026 23:45:17,,https://images1.vinted.net/t/05_0102e_deBmY2aprT87jJdfdF5qx2Kg/310x430/1772208878.webp?s=46835d76d3857673cd9c807bc5e3771afd4cc6a6,1,3
Bikini mujer agatha ruiz de la prada nuevo,47.95,Agatha Ruiz de la Prada,M / IT 42 / EU 38,https://www.vinted.it/items/8273834815-bikini-mujer-agatha-ruiz-de-la-prada-nuevo?referrer=catalog,1,8273834815,Sold,27/02/2026 23:45:17,,https://images1.vinted.net/t/06_0100b_A7B4ywmvPAcsxP2WwBuxZMLa/310x430/1772208815.webp?s=1a5740163a151572ce3e1904e6d6cd6c3612179e,1,3
Prada Pradoxe virtual flower 50 ml eau de parfum,47.95,Prada,0,https://www.vinted.it/items/8273830229-prada-pradoxe-virtual-flower-50-ml-eau-de-parfum?referrer=catalog,2,8273830229,Sold,27/02/2026 23:45:17,,https://images1.vinted.net/t/05_00bb6_HLEC3RH8kkNtrgptkuR6UPrr/310x430/1772208783.webp?s=9c83c6c502bb9f42f9ace0c7b6548d575cea2926,1,3
Prada polo,95.2,Prada,M,https://www.vinted.it/items/8273802031-prada-polo?referrer=catalog,0,8273802031,Sold,27/02/2026 23:45:17,,https://images1.vinted.net/t/06_014d1_93ZyMM8twZgdSNExbgrup8mp/310x430/1772208589.webp?s=4e23f3501977aadd5000d04a6a7349b320c50f73,1,3
Prada paradigme,86.8,Prada,0,https://www.vinted.it/items/8273795249-prada-paradigme?referrer=catalog,0,8273795249,Sold,27/02/2026 23:45:17,,https://images1.vinted.net/t/05_02615_UAjHGKgo6CJah2W6g8BAHev1/310x430/1772208543.webp?s=d3eca63772b3a5f3a803ce711edfec21dc624e35,1,3
Agenda Prada settimanale 2026,37.45,Prada,0,https://www.vinted.it/items/8273794579-agenda-prada-settimanale-2026?referrer=catalog,0,8273794579,Sold,27/02/2026 23:45:17,,https://images1.vinted.net/t/06_0229d_XNwTr4tYrz7tVihdiuVCmDca/310x430/1772208538.webp?s=8c99dc431acfd8e43b7d85991c879c8b8b92c98c,1,3
Polo prada,11.2,Local,L,https://www.vinted.it/items/8273713169-polo-prada?referrer=catalog,0,8273713169,Sold,27/02/2026 23:45:17,,https://images1.vinted.net/t/01_01831_LFkHts7dTVCEDsazr45jCFSf/310x430/1772208335.webp?s=6f3c7f8e748ec5fcbb6161850870c8860d4b3054,1,3
Prada cup,205.45,Prada,38,https://www.vinted.it/items/8273736540-prada-cup?referrer=catalog,0,8273736540,Sold,27/02/2026 23:45:17,,https://images1.vinted.net/t/06_00279_o51o6dqPVruJeEMwvJ7wJFVK/310x430/1772208140.webp?s=5a1f9869f3365528d517f467bf8f443e113ca062,1,3
Prada Sonnebrille,30.1,Prada,0,https://www.vinted.it/items/8273731530-prada-sonnebrille?referrer=catalog,38,8273731530,Sold,27/02/2026 23:45:17,,https://images1.vinted.net/t/06_014d7_jh2fJNnBQJnHv6YjU9TJxP7B/310x430/1772208105.webp?s=efe173905f071738aa8996ebe91ee5d92031013d,1,3
Prada 2026 spring sunglasses new,89.95,Prada,0,https://www.vinted.it/items/8273700239-prada-2026-spring-sunglasses-new?referrer=catalog,0,8273700239,Sold,27/02/2026 23:45:17,,https://images1.vinted.net/t/05_02294_QLhFngucdZ2Mw1i2RPvQe2cr/310x430/1772207887.webp?s=58063207f9b45e2530ade0e6aa5451718279699d,1,3
Prada paradoxe intense,40.6,Prada,0,https://www.vinted.it/items/8273680533-prada-paradoxe-intense?referrer=catalog,10,8273680533,Sold,27/02/2026 23:45:17,,https://images1.vinted.net/t/06_0261f_dCFJTxmJvBuZoFGva5jejgUz/310x430/1772207753.webp?s=b009d16374c82aacfa4b80e5fb1156d43db8e7e6,1,3
Lunette Prada modèle PR À 06S,252.7,Prada,0,https://www.vinted.it/items/8273672028-lunette-prada-modele-pr-a-06s?referrer=catalog,1,8273672028,Sold,27/02/2026 23:45:17,,https://images1.vinted.net/t/05_01bc2_EfKHwAPswJpXr27hAaCZUzqR/310x430/1772207695.webp?s=7000a2de5ba9b310cf8e0e29812dc734b20e2773,1,3
Occhiali Prada,104.65,Prada,0,https://www.vinted.it/items/8273658829-occhiali-prada?referrer=catalog,1,8273658829,Sold,27/02/2026 23:45:17,,https://images1.vinted.net/t/04_019ac_C6jwy2wgPCVEcjeGpKutpaqm/310x430/1772207604.webp?s=3deee12d97e5844232eb41cc48d7411ce9a7a521,1,3
Perfume Prada paradigms hombre 100 ml,58.45,Prada,0,https://www.vinted.it/items/8245095255-perfume-prada-paradigms-hombre-100-ml?referrer=catalog,0,8245095255,Sold,27/02/2026 23:45:17,,https://images1.vinted.net/t/04_01dec_XLH86pPLHSz8PRVsku5xh1vp/310x430/1771861685.webp?s=52ec44eb37dcf48ee6b95d045f651d182278200d,1,3
cabas prada neuf raffia,1.122,Prada,0,https://www.vinted.it/items/8273561928-cabas-prada-neuf-raffia?referrer=catalog,0,8273561928,Sold,27/02/2026 23:45:17,,https://images1.vinted.net/t/05_00015_QfPqgCe2mPdn2PxqwX7Husmy/310x430/1772206938.webp?s=b27a3f13095b32d6caaee6b4b52d274410f1f852,1,3
Escarpins Prada,284.2,Prada,39,https://www.vinted.it/items/8273556076-escarpins-prada?referrer=catalog,0,8273556076,Sold,27/02/2026 23:45:17,,https://images1.vinted.net/t/06_018b3_4CnzNhg8dQGtfUh2n7tmk1Ae/310x430/1772206898.webp?s=10c54552d84fb4e2c8bc5d8c3709f7345f2296f7,1,3
Prada pochette più detergente viso più crema,53.2,Prada,0,https://www.vinted.it/items/8273533928-prada-pochette-piu-detergente-viso-piu-crema?referrer=catalog,3,8273533928,Sold,27/02/2026 23:45:17,,https://images1.vinted.net/t/01_0066c_Eohw4u4oisPwgqqiXi4sraZt/310x430/1772206742.webp?s=1229d2149f5743e4f1f7d61f0c0d36a53be3f9e2,1,3
Paradoxe Parfum Intense de Prada Femme 90ml rechargeable | sous-blister ~ sac offert,62.65,Prada,0,https://www.vinted.it/items/8273480891-paradoxe-parfum-intense-de-prada-femme-90ml-rechargeable-sous-blister-sac-offert?referrer=catalog,8,8273480891,Sold,27/02/2026 23:45:17,,https://images1.vinted.net/t/01_012a2_NBT1TE7ugT1reVx882mqFdng/310x430/1772206370.webp?s=6a9700077bf9d3cc23882645589769fd5c0e01f8,1,3
Prada America’s Cup,714.0,Prada,40,https://www.vinted.it/items/8273525264-prada-americas-cup?referrer=catalog,2,8273525264,Sold,27/02/2026 23:45:17,,https://images1.vinted.net/t/06_00318_euqPV1TPLqPQeTtnjRSxULcr/310x430/1772206681.webp?s=ca483c74270a377bdff23351d4cddb63d633d5d2,1,3
Maglione Prada,263.2,Prada,XS / IT 38 / EU 34,https://www.vinted.it/items/8273520080-maglione-prada?referrer=catalog,2,8273520080,Sold,27/02/2026 23:45:17,,https://images1.vinted.net/t/05_0168f_i1wLrgsjqEviTGe5Ydj13boc/310x430/1772206646.webp?s=d797173906dad425bf0a93830d76fa04908ff673,1,3
Prada cups black,105.7,Prada,42,https://www.vinted.it/items/8273479988-prada-cups-black?referrer=catalog,6,8273479988,Sold,27/02/2026 23:45:17,,https://images1.vinted.net/t/01_01a1b_Aixby86y5M9jiVKYC7dcJhA1/310x430/1772206363.webp?s=d9d73e8b262279b2e1f09cd6c16d89f38cf3afd1,1,3
Boîtier à lunettes et chiffon de nettoyage Prada,10.15,Prada,0,https://www.vinted.it/items/8273499605-boitier-a-lunettes-et-chiffon-de-nettoyage-prada?referrer=catalog,2,8273499605,Sold,27/02/2026 23:45:17,,https://images1.vinted.net/t/06_019c7_3ndJ5eAXA1TpxVcoauSXdSYj/310x430/1772206501.webp?s=6f3f9d42c82c97e33176e404e273c55184cc0300,1,3
Occhiali sunglasses Prada SPRA05S,168.7,Prada,0,https://www.vinted.it/items/8273425009-occhiali-sunglasses-prada-spra05s?referrer=catalog,0,8273425009,Sold,27/02/2026 23:45:17,,https://images1.vinted.net/t/01_01f67_MuhdJiEZhbeBp34vG5qVUNJz/310x430/1772205981.webp?s=9d5bfcddaab2747baf4676e4681b3bdb051ed367,1,3
Manteau doudoune noir nylon prada,178.15,No brand,S,https://www.vinted.it/items/8273403402-manteau-doudoune-noir-nylon-prada-taille-s-neuf?referrer=catalog,0,8273403402,Sold,27/02/2026 23:45:17,,https://images1.vinted.net/t/06_01b57_T5REKMM5XprtQAUeB6SaUAW5/310x430/1772205830.webp?s=9d52d6df8d35aa97dca36cda5b40df0ac30bf030,1,3
Occhiali Prada,100.45,Prada,0,https://www.vinted.it/items/8273398986-occhiali-prada?referrer=catalog,2,8273398986,Sold,27/02/2026 23:45:17,,https://images1.vinted.net/t/06_0187a_2sXE46HpxYeRtVWspCzfPgfB/310x430/1772205799.webp?s=422e566c708377466ab8383e2e084bbc05708f18,1,3
Zapatos nuevos agatha ruiz de la prada,8.05,Agatha,20,https://www.vinted.it/items/8273342327-zapatos-nuevos-agatha-ruiz-de-la-prada?referrer=catalog,13,8273342327,Sold,27/02/2026 23:45:17,,https://images1.vinted.net/t/05_018c3_9CjFknxWaqTifZeaLLUd31mb/310x430/1772205401.webp?s=1392134a061470f742a86684d9edbb20f6bb57f5,1,3
Prada cup,142.45,Prada,43,https://www.vinted.it/items/8273338675-prada-cup?referrer=catalog,1,8273338675,Sold,27/02/2026 23:45:17,,https://images1.vinted.net/t/05_00860_RWmnfH9Yp1imBQqiFkZoK34j/310x430/1772205376.webp?s=d0b651c6b3606ae09fcaedbe4f69d075b45e7ec2,1,3
Aceitero y vinagrero,13.3,Agatha Ruiz de la Prada,0,https://www.vinted.it/items/8273316491-aceitero-y-vinagrero?referrer=catalog,4,8273316491,Sold,27/02/2026 23:45:17,,https://images1.vinted.net/t/05_016ec_Tp9n3KfrVGjaUV88GsuKN2yY/310x430/1772205221.webp?s=8af318eec785694537fdbf32901105a1a36c286d,1,3
Prada Paradoxe Neu 90ml,57.4,Prada,0,https://www.vinted.it/items/8273314353-prada-paradoxe-neu-90ml?referrer=catalog,4,8273314353,Sold,27/02/2026 23:45:17,,https://images1.vinted.net/t/06_003f7_YtvNb26hozqf876Ht3jLaKg2/310x430/1772205206.webp?s=377470b8835a6a611b4bff758df7ed78dc3d8449,1,3
Gafas sol,210.7,Prada,0,https://www.vinted.it/items/8280034258-gafas-sol?referrer=catalog,0,8280034258,Sold,28/02/2026 19:54:20,,https://images1.vinted.net/t/05_014f3_fdb24d5hB5PLUJfPKGjcTXQ7/310x430/1772285941.webp?s=fcded9115b078540f5d02c3006606433ff624de9,1,3
Occhiali PRADA,210.7,Prada,0,https://www.vinted.it/items/8279869501-occhiali-prada?referrer=catalog,0,8279869501,Sold,28/02/2026 19:54:20,,https://images1.vinted.net/t/05_00a24_ryr3ube4UYE741aK2D3gBHmf/310x430/1772285044.webp?s=fdb421c09a5ac7fc52bf9d9abd622b8f604be444,1,3
Camiseta estilo Prada Blanca con Logo Triangular Esmaltado - Talla M,68.95,Local,M,https://www.vinted.it/items/8279997485-camiseta-estilo-prada-blanca-con-logo-triangular-esmaltado-talla-m?referrer=catalog,4,8279997485,Sold,28/02/2026 19:54:20,,https://images1.vinted.net/t/06_0029a_uMZzoUBkkRpojR3PS37ZjwiV/310x430/1772285742.webp?s=8ef581b9b69c18b0d07a2e56c7ba1bd04077962e,1,3
Sneakers Prada originali – nere – condizioni eccellenti con scatola,158.2,Prada,45,https://www.vinted.it/items/8279994491-sneakers-prada-originali-nere-condizioni-eccellenti-con-scatola?referrer=catalog,0,8279994491,Sold,28/02/2026 19:54:20,,https://images1.vinted.net/t/06_0120f_DAkm5FxoZ7tqEHr9SXZgvGC2/310x430/1772285726.webp?s=3cac342cee2e7c9f5ec06dd6334ece2ad326ec18,1,3
Prada Brillenetui inkl Putztuch neu,14.35,Prada,0,https://www.vinted.it/items/8279959168-prada-brillenetui-inkl-putztuch-neu?referrer=catalog,3,8279959168,Sold,28/02/2026 19:54:20,,https://images1.vinted.net/t/05_021be_6SMfbbVcEpXuAhzGzJHNhMXp/310x430/1772285533.webp?s=041190e7b35e97e96dd07e534d2e0c6cfdd365f8,1,3
Prada ocean Luna Rossa,47.95,Prada,0,https://www.vinted.it/items/8279958783-prada-ocean-luna-rossa?referrer=catalog,1,8279958783,Sold,28/02/2026 19:54:20,,https://images1.vinted.net/t/01_01ead_4UESh4Kfnt9PDnw5cv9zwNSF/310x430/1772285531.webp?s=fb7b1e1ad7b1d7d49c47205a4486d42ce2e981a7,1,3
Prada Re-Nylon Bucket Hat Red,331.45,Prada,M,https://www.vinted.it/items/8279953796-prada-re-nylon-bucket-hat-red?referrer=catalog,1,8279953796,Sold,28/02/2026 19:54:20,,https://images1.vinted.net/t/02_01849_UvPBkJaEJox4DzonMYJmX86K/310x430/1772285505.webp?s=147e69172188700f8d756519ac473852d204ea94,1,3
Prada Paradoxe,37.45,Prada,0,https://www.vinted.it/items/8279954139-prada-paradoxe?referrer=catalog,22,8279954139,Sold,28/02/2026 19:54:20,,https://images1.vinted.net/t/06_0170f_7KZvcrSTUyBYRpRHq6UkH5qA/310x430/1772285506.webp?s=bc1bd99a6d572e8903d1f8d94cf02405ab89b488,1,3
Gafas sol,210.7,Prada,0,https://www.vinted.it/items/8279916709-gafas-sol?referrer=catalog,0,8279916709,Sold,28/02/2026 19:54:20,,https://images1.vinted.net/t/06_01c88_YwaA6e14duSsu6sX4oGc78zT/310x430/1772285302.webp?s=b591e28e28855f10de6d2e21a041bc16a6639097,1,3
Prada Bleistiftrock dunkelgrau mit Schlitz Gr. 36 (italienisch),210.7,Prada,S / IT 40 / EU 36,https://www.vinted.it/items/8279909264-prada-bleistiftrock-dunkelgrau-mit-schlitz-gr-36-italienisch?referrer=catalog,2,8279909264,Sold,28/02/2026 19:54:20,,https://images1.vinted.net/t/06_01be1_RKLxoDtCLvG7t9Jn92hSitZv/310x430/1772285262.webp?s=84e8ae167513dc4416cfbd255475f4fe4ce8fc32,1,3
Prada Luna Rossa Shirt,106.75,Luna Rossa,L,https://www.vinted.it/items/8279900710-prada-luna-rossa-shirt?referrer=catalog,1,8279900710,Sold,28/02/2026 19:54:20,,https://images1.vinted.net/t/06_0165d_1E2V9YUxy5nfQ8cPptZVheyc/310x430/1772285215.webp?s=e44dbd3d99f07ca876bcf05db0504678dab60b54,1,3
Prada Luna Rossa Shirt,106.75,Luna Rossa,M,https://www.vinted.it/items/8279893535-prada-luna-rossa-shirt?referrer=catalog,0,8279893535,Sold,28/02/2026 19:54:20,,https://images1.vinted.net/t/05_003f4_6T81FWAK2SQibh7jV7UERsjA/310x430/1772285176.webp?s=f163da3cbab16aecb3701edd1e29ccc8e9633517,1,3
Prada t-shirt,37.45,Prada,S,https://www.vinted.it/items/8279892361-prada-t-shirt?referrer=catalog,0,8279892361,Sold,28/02/2026 19:54:20,,https://images1.vinted.net/t/06_0266f_eLsHHnfh8RX39a9qW6N9sXwp/310x430/1772285169.webp?s=5b55b5887d327b125b3947b71744cc72f3bac445,1,3
Prada Luna Rossa Shirt,106.75,Luna Rossa,M,https://www.vinted.it/items/8279880328-prada-luna-rossa-shirt?referrer=catalog,1,8279880328,Sold,28/02/2026 19:54:20,,https://images1.vinted.net/t/04_01c10_G63U2pRbNSzEqGJLHXmQXmco/310x430/1772285103.webp?s=e4c19f65550b5d8ad61c2744ce404c124a59a9c1,1,3
Prada Sonnenbrille,305.2,Prada,0,https://www.vinted.it/items/8279873728-prada-sonnenbrille?referrer=catalog,2,8279873728,Sold,28/02/2026 19:54:20,,https://images1.vinted.net/t/05_006b3_MPrvi4x3wi1ktV7zUFmAF19H/310x430/1772285067.webp?s=4ab47708356c1811e3dad2604feca43064d3cad9,1,3
Prada Luna Rossa Shirt,106.75,Luna Rossa,M,https://www.vinted.it/items/8279865697-prada-luna-rossa-shirt?referrer=catalog,1,8279865697,Sold,28/02/2026 19:54:20,,https://images1.vinted.net/t/06_00a85_LB9bSSEUqP4W1rEvh3MNLTDt/310x430/1772285023.webp?s=3f65bc0ff8113389f90fa98b3a0ead021757276d,1,3
Cravatta Prada,116.2,Prada,0,https://www.vinted.it/items/8279864781-cravatta-prada?referrer=catalog,2,8279864781,Sold,28/02/2026 19:54:20,,https://images1.vinted.net/t/05_0239b_o9QmiCB6GNT7gNvtCM4fXJYG/310x430/1772285018.webp?s=151d69e2b0271d8752d687f183d04b7a245aaee0,1,3
Parfum Paradoxe Prada,105.7,Prada,0,https://www.vinted.it/items/8279660646-parfum-paradoxe-prada?referrer=catalog,0,8279660646,Sold,28/02/2026 19:54:20,,https://images1.vinted.net/t/06_0229b_rcZCoHV3MDBxmmAdS7s46Ku1/310x430/1772283893.webp?s=47bd9b3398c4a328d8ec726dbf95828592e31b42,1,3
prada gilet pour homme,473.2,Prada,L,https://www.vinted.it/items/8279826431-prada-gilet-pour-homme?referrer=catalog,7,8279826431,Sold,28/02/2026 19:54:20,,https://images1.vinted.net/t/04_00969_nWoA7bHXn9j6eCej9wSVarR4/310x430/1772284808.webp?s=df5b2d1ecaae04e1aed114b7813800755f4a0ee3,1,3
Prada cups hellblau,74.2,Prada,44,https://www.vinted.it/items/8279819935-prada-cups-hellblau?referrer=catalog,3,8279819935,Sold,28/02/2026 19:54:20,,https://images1.vinted.net/t/05_0238d_SAnznUpZwWwPpTnzWHE6sgz8/310x430/1772284772.webp?s=d2089d43a846a30cf93842a7cb36111aea4cfb96,1,3
Prada Dimensions eyeshadow Palette 07,58.45,Prada,0,https://www.vinted.it/items/8279784781-prada-dimensions-eyeshadow-palette-07?referrer=catalog,1,8279784781,Sold,28/02/2026 19:54:20,,https://images1.vinted.net/t/06_01e66_J3TMLYJoshxy5aAtvtAyNJhc/310x430/1772284578.webp?s=09f2b5807e1765885536d1b06c9aaac2cb7f37cc,1,3
Prada Luna Rossa Black EDP 100ml (BATCH 2020),68.95,Prada,0,https://www.vinted.it/items/8279766384-prada-luna-rossa-black-edp-100ml-batch-2020?referrer=catalog,2,8279766384,Sold,28/02/2026 19:54:20,,https://images1.vinted.net/t/06_00def_wTArQ5L6BaFK9R8ebvBL7UU2/310x430/1772284477.webp?s=569a4a9e0305f5b7094f01a700a5982c33afce51,1,3
Prada Paradoxe Intense 50ml Eau de Parfum,47.95,Prada,0,https://www.vinted.it/items/8279728048-prada-paradoxe-intense-50ml-eau-de-parfum?referrer=catalog,3,8279728048,Sold,28/02/2026 19:54:20,,https://images1.vinted.net/t/05_0200b_x8ymSxSY8toMD9F1opvrPmAx/310x430/1772284267.webp?s=edd0ef2e03306db5cfdd06543d2bb88939c10c5a,1,3
Banane Prada neuve,735.7,Prada,0,https://www.vinted.it/items/8279595240-banane-prada-neuve?referrer=catalog,0,8279595240,Sold,28/02/2026 19:54:20,,https://images1.vinted.net/t/06_0121c_jWFCSV7jywkHEytrkVV21cGk/310x430/1772283529.webp?s=eb9da146d6f8db4f08149e042615be470d9f5001,1,3
Chaussure Prada Cup noir et argent taille 45 EU,714.7,Prada,45,https://www.vinted.it/items/8279638455-chaussure-prada-cup-noir-et-argent-taille-45-eu?referrer=catalog,1,8279638455,Sold,28/02/2026 19:54:20,,https://images1.vinted.net/t/06_01c9c_y7SvVdmJLpURr2SA93jjG6sD/310x430/1772283769.webp?s=cb344c5f5fc7eb9b42cd8b45a1d1f504e92e7e8d,1,3
Chaussures prada,63.7,Nike,38,https://www.vinted.it/items/8279625332-chaussures-prada?referrer=catalog,28,8279625332,Sold,28/02/2026 19:54:20,,https://images1.vinted.net/t/01_021a0_TZNWcjZAv3tXktsqecSnqqTB/310x430/1772283697.webp?s=ba668147e4630a0d9347e9e2dbb6d4f803564481,1,3
Cintura Prada,263.2,Prada,100 cm,https://www.vinted.it/items/8279604603-cintura-prada?referrer=catalog,2,8279604603,Sold,28/02/2026 19:54:20,,https://images1.vinted.net/t/05_009ed_ZRgAhDkJnsuFDjm84bbS34z4/310x430/1772283581.webp?s=3d0821c79e4980c0330692b5114492e6de0f1823,1,3
Prada Card Holder,79.45,Prada,0,https://www.vinted.it/items/8279597143-prada-card-holder?referrer=catalog,3,8279597143,Sold,28/02/2026 19:54:20,,https://images1.vinted.net/t/06_0225d_NjEXfk4EWq6VwdPYwdKkcGev/310x430/1772283539.webp?s=9c75bfe5e2a47e19e1c506478ac52999beb305dd,1,3
borsetta stile PRADA,26.95,No brand,0,https://www.vinted.it/items/8279537792-borsetta-stile-prada?referrer=catalog,14,8279537792,Sold,28/02/2026 19:54:20,,https://images1.vinted.net/t/05_01525_EmPg9enXsc8Q3Gdqq7N5k6ps/310x430/1772283207.webp?s=b935ee8d62faeed4604e485b4ed0cf7e6e602bc7,1,3
Occhiali da sole,87.85,Prada,0,https://www.vinted.it/items/8276634083-occhiali-da-sole?referrer=catalog,0,8276634083,Sold,28/02/2026 19:54:20,,https://images1.vinted.net/t/06_0011b_V5duMrEg3QqGsoy2vFkw4qyN/310x430/1772257548.webp?s=a9baaefbbd86c0929cf0e74d0d7cd147f745b845,1,3
Profumo Prada,42.7,Prada,0,https://www.vinted.it/items/8250771952-profumo-prada?referrer=catalog,0,8250771952,Sold,28/02/2026 19:54:20,,https://images1.vinted.net/t/05_02124_UbGy41vJvpiWaLTS824ZSytc/310x430/1771936832.webp?s=7ec48d1589c9912b94cff4fae44ceac679813689,1,3
Prada Heels Suède Brown,310.45,Prada,36,https://www.vinted.it/items/8279496007-prada-heels-suede-brown?referrer=catalog,1,8279496007,Sold,28/02/2026 19:54:20,,https://images1.vinted.net/t/05_012d6_bywUTqbbEc5sUjUTXqv5XNea/310x430/1772282972.webp?s=9e1f3f675cff83fdfe56019f6d3759d29c33dd44,1,3
Lunette soleil Prada,263.2,Prada,0,https://www.vinted.it/items/8279469019-lunette-soleil-prada?referrer=catalog,0,8279469019,Sold,28/02/2026 19:54:20,,https://images1.vinted.net/t/03_009e7_3v3fzNQ9iRBkSxFz15VbLeSB/310x430/1772282818.webp?s=c60a1d571670b782a1e7f51ba16765a020109242,1,3
Prada pollover,42.7,Prada,XS / IT 38 / EU 34,https://www.vinted.it/items/8279464518-prada-pollover?referrer=catalog,0,8279464518,Sold,28/02/2026 19:54:20,,https://images1.vinted.net/t/01_0146d_9EwrebDAb6K2xysS1XsKBkCY/310x430/1772282792.webp?s=429cd51490141c8a2af6a5d928e27c71cc24dd03,1,3
Prada Gesichtspflege,76.3,Prada,0,https://www.vinted.it/items/8279430425-prada-gesichtspflege?referrer=catalog,0,8279430425,Sold,28/02/2026 19:54:20,,https://images1.vinted.net/t/04_023dd_8A7P23MnFAYc6wpDuD8hbw8i/310x430/1772282598.webp?s=ce6b7571edd90dc62de643a7a21819ddde7f12f9,1,3
Prada paradoxe intense,40.6,Prada,0,https://www.vinted.it/items/8279402689-prada-paradoxe-intense?referrer=catalog,10,8279402689,Sold,28/02/2026 19:54:20,,https://images1.vinted.net/t/05_02506_oFEB4GPKMH1cCS3YUnqePPhL/310x430/1772282440.webp?s=c0b0969c8d3f828a30e342da8a26c759bfad061c,1,3
Prada completo nuovo,315.7,Prada,M,https://www.vinted.it/items/8279401179-prada-completo-nuovo?referrer=catalog,8,8279401179,Sold,28/02/2026 19:54:20,,https://images1.vinted.net/t/06_00095_26YT9qbSW65n8Hx8hGPEpVgQ/310x430/1772282431.webp?s=6108acbd83637cc0ccb7f43a374ad0cbe9219c0d,1,3
Portapassaporto PRADA Nero (pelle Saffiano),263.2,Prada,0,https://www.vinted.it/items/8279400905-portapassaporto-prada-nero-pelle-saffiano?referrer=catalog,7,8279400905,Sold,28/02/2026 19:54:20,,https://images1.vinted.net/t/06_014b1_R5dW727mMynNBG9kC4agDBz4/310x430/1772301977.webp?s=b71fc43283e749827fcf4381233084e4cf92b7bd,1,3
Prada hairclip,26.95,Prada,0,https://www.vinted.it/items/8279394692-prada-hairclip?referrer=catalog,45,8279394692,Sold,28/02/2026 19:54:20,,https://images1.vinted.net/t/05_000a1_CVhkwqcdScYaGDMgWZhN5Af6/310x430/1772282394.webp?s=e5691cd14b6279d1c5a8e51c9b27dcb155234951,1,3
Prada Sonnenbrille PR 20YS,263.2,Prada,0,https://www.vinted.it/items/8279391063-prada-sonnenbrille-pr-20ys?referrer=catalog,0,8279391063,Sold,28/02/2026 19:54:20,,https://images1.vinted.net/t/05_02309_PZtyggwEk1AkHiee48rqZTfi/310x430/1772282374.webp?s=8237cc49b19fef0b3e9403873dd224dcf1dd2859,1,3
Monedero Agatha Ruiz de la Prada corazón,8.58,Agatha,0,https://www.vinted.it/items/8279383036-monedero-agatha-ruiz-de-la-prada-corazon?referrer=catalog,22,8279383036,Sold,28/02/2026 19:54:20,,https://images1.vinted.net/t/01_00f9f_4MmguwwB6KkExgTpGNio6UPn/310x430/1772282328.webp?s=113f5503e5cdd4214a20908f3db3f9c67ea9ad83,1,3
Prada havana & pink sunglasses,84.7,Prada,0,https://www.vinted.it/items/8279374647-prada-havana-pink-sunglasses?referrer=catalog,6,8279374647,Sold,28/02/2026 19:54:20,,https://images1.vinted.net/t/06_00903_S8Tadj9h7StqA4rfDxFQYkPs/310x430/1772282279.webp?s=2a47715138c9929e0ccd003418f2bf5827e3398b,1,3
Guanti di Prada,42.7,Prada,7,https://www.vinted.it/items/8279338582-guanti-di-prada?referrer=catalog,2,8279338582,Sold,28/02/2026 19:54:20,,https://images1.vinted.net/t/01_00650_aU4b9sNMtapipdK5TpJNgXzF/310x430/1772282074.webp?s=0518df9a6d310e4860926385efb2d306a3cc8ea5,1,3
Tee-shirts prada,16.45,Je ne sais quoi,M,https://www.vinted.it/items/8279327259-tee-shirts-prada?referrer=catalog,4,8279327259,Sold,28/02/2026 19:54:20,,https://images1.vinted.net/t/05_002ff_KZpXAkYkdBGsgXBjTEVHAQd2/310x430/1772282008.webp?s=fb95071681bb9b4c678353efa65e3d3882d11e26,1,3
Sandales prada,1.0507,Prada,38,https://www.vinted.it/items/8279319185-sandales-prada?referrer=catalog,0,8279319185,Sold,28/02/2026 19:54:20,,https://images1.vinted.net/t/06_01a2b_49u8RPZpMak7vARuYun2BC7H/310x430/1772281961.webp?s=798495c85cf7afb0e96ae0829ebcf694bc4c347e,1,3
Prada america”s cup maat 43,105.7,Prada,43,https://www.vinted.it/items/8279314291-prada-americas-cup-maat-43?referrer=catalog,3,8279314291,Sold,28/02/2026 19:54:20,,https://images1.vinted.net/t/05_011d3_KksNyj7cXuQMa6yQv3M5mAj8/310x430/1772281932.webp?s=7d78f44735883ce59b5bcdb6a83ae605295e9aa0,1,3
Prada Cups Schwarz,137.2,Prada,43,https://www.vinted.it/items/8279303582-prada-cups-schwarz?referrer=catalog,5,8279303582,Sold,28/02/2026 19:54:20,,https://images1.vinted.net/t/06_00b54_nBj89cXPYWWCDUxvhUz377xo/310x430/1772281869.webp?s=912a80ccb56726178c523be1adde3ca1e1471f1d,1,3
Portapassaporto PRADA Bordeaux (pelle Saffiano),263.2,Prada,0,https://www.vinted.it/items/8279302479-portapassaporto-prada-bordeaux-pelle-saffiano?referrer=catalog,3,8279302479,Sold,28/02/2026 19:54:20,,https://images1.vinted.net/t/01_006b4_jiLzrvdwMwdwALHundgVMhVx/310x430/1772281863.webp?s=5049f8a284b3a067801abf2a80a3b54c46b19cc6,1,3
Parfum paradoxe intense prada en 50 ml,84.7,Prada,0,https://www.vinted.it/items/8279291027-parfum-paradoxe-intense-prada-en-50-ml?referrer=catalog,0,8279291027,Sold,28/02/2026 19:54:20,,https://images1.vinted.net/t/05_0055f_qfZ6kpKHtGRgcFiU3jxubSQP/310x430/1772281796.webp?s=aa29d2826e5e6225f44d135b78431d8f18a37d69,1,3
Bolso aghatha Ruiz de la prada,39.55,Agatha Ruiz de la Prada,0,https://www.vinted.it/items/8279286487-bolso-aghatha-ruiz-de-la-prada?referrer=catalog,1,8279286487,Sold,28/02/2026 19:54:20,,https://images1.vinted.net/t/05_022c5_B4WkCPsrwYReMyFSCFuECSC4/310x430/1772281770.webp?s=279e67eca8ff1d9da5b9a28193c65860ac66ca2f,1,3
Libros,19.6,No brand,0,https://www.vinted.it/items/8279272731-libros?referrer=catalog,0,8279272731,Sold,28/02/2026 19:54:20,,https://images1.vinted.net/t/04_004bf_kwpj3GpbvQB4m5edXenni12w/310x430/1772281690.webp?s=7630ddc860daf7cf217e3cdfb50286c573432a93,1,3
Mochila aghatha Ruiz de la prada,39.55,Agatha Ruiz de la Prada,0,https://www.vinted.it/items/8279270102-mochila-aghatha-ruiz-de-la-prada?referrer=catalog,0,8279270102,Sold,28/02/2026 19:54:20,,https://images1.vinted.net/t/01_00e1d_xR6KtwBaM4Q4htJ9QtB6f1jf/310x430/1772281675.webp?s=92a3efa59d4fec33dbe996f2168e82f63f90bf52,1,3
Prada Sonnenbrille,158.2,Prada,0,https://www.vinted.it/items/8279256522-prada-sonnenbrille?referrer=catalog,2,8279256522,Sold,28/02/2026 19:54:20,,https://images1.vinted.net/t/06_00cef_zkch6wRxPdz2xoyoGtHrCvGF/310x430/1772281597.webp?s=7449ae696f7a7509f516e03f235a3310c7578261,1,3
Cravate noire pour homme Prada,94.15,Prada,0,https://www.vinted.it/items/8279243518-cravate-noire-pour-homme-prada?referrer=catalog,4,8279243518,Sold,28/02/2026 19:54:20,,https://images1.vinted.net/t/05_026b7_xaRdc6gLHdQwddCqi2QmQy31/310x430/1772281520.webp?s=8215d3cef7117f63a30ebc412defc78e599e7c8a,1,3
Bolso aghatha Ruiz de la prada,39.55,Agatha Ruiz de la Prada,0,https://www.vinted.it/items/8279238386-bolso-aghatha-ruiz-de-la-prada?referrer=catalog,1,8279238386,Sold,28/02/2026 19:54:20,,https://images1.vinted.net/t/06_01122_AWpC3maYWkFJopy2dzCTBxEw/310x430/1772281490.webp?s=3f4f271991e22c1c14440367b14a3d9bc0f1a3cc,1,3
Parfum prada Carbone homme 100 ml,74.2,Prada,0,https://www.vinted.it/items/8279238670-parfum-prada-carbone-homme-100-ml?referrer=catalog,0,8279238670,Sold,28/02/2026 19:54:20,,https://images1.vinted.net/t/05_00d17_Pot6aViVNZCsdRTwUxfZwiAr/310x430/1772281492.webp?s=7e0ec251d8a982c91a8a6e718dfd04a652f934d5,1,3
Robe neuve,21.7,Agatha Ruiz de la Prada,L / IT 44 / EU 40,https://www.vinted.it/items/8279234255-robe-neuve?referrer=catalog,2,8279234255,Sold,28/02/2026 19:54:20,,https://images1.vinted.net/t/04_00bd0_THuaDZk1cu4C4qSo17GnNWwc/310x430/1772281466.webp?s=ddcc3435cf158a32f18755c15221dd46abb905cf,1,3
Bolso aghatha Ruiz de la prada,58.45,Agatha Ruiz de la Prada,0,https://www.vinted.it/items/8279218499-bolso-aghatha-ruiz-de-la-prada?referrer=catalog,1,8279218499,Sold,28/02/2026 19:54:20,,https://images1.vinted.net/t/06_021db_2JLb8vQWfNtty9R2STGf5RAD/310x430/1772281376.webp?s=544b11a7c4ad06e717753f4883b0da3f18d6a695,1,3
Prada cup Cobalt Blue/Silver (44),105.7,Prada,44,https://www.vinted.it/items/8279219326-prada-cup-cobalt-bluesilver-44?referrer=catalog,0,8279219326,Sold,28/02/2026 19:54:20,,https://images1.vinted.net/t/05_0028d_dXs9m5QC7rGGEq4QQr7AHwSB/310x430/1772281380.webp?s=030d4cf40100e2acfc446adbaeacbd03a855174d,1,3
Mochila aghatha Ruiz de la prada,58.45,Agatha Ruiz de la Prada,0,https://www.vinted.it/items/8279175783-mochila-aghatha-ruiz-de-la-prada?referrer=catalog,0,8279175783,Sold,28/02/2026 19:54:20,,https://images1.vinted.net/t/06_0189f_HgNB48DhMzcSuJGzR1YMkbD4/310x430/1772281129.webp?s=3beeedf7ce6236ab74d1f94e06ab3891bd67f184,1,3
Prada jacke Comic 2017,189.7,Prada,M / IT 42 / EU 38,https://www.vinted.it/items/8279155574-prada-jacke-comic-2017?referrer=catalog,12,8279155574,Sold,28/02/2026 19:54:20,,https://images1.vinted.net/t/05_0087e_GijGnMcxkrDMbbvcDLtbTsoy/310x430/1772281012.webp?s=6511984cf9d9f75efab62d3b25292f8a2e0c3221,1,3
Rouge a lèvre PRADA,24.85,Prada,0,https://www.vinted.it/items/8279155108-rouge-a-levre-prada?referrer=catalog,7,8279155108,Sold,28/02/2026 19:54:20,,https://images1.vinted.net/t/01_0209d_JLTX4CkthDPKCAacgY7oW2AG/310x430/1772281009.webp?s=7fdf2c4f64e532d14a8b8173f6796a67c2855a63,1,3
Prada mega tolle Tasche,1.0507,Prada,0,https://www.vinted.it/items/8279152669-prada-mega-tolle-tasche-neu?referrer=catalog,3,8279152669,Sold,28/02/2026 19:54:20,,https://images1.vinted.net/t/05_00123_PiwpStyLYGafnXZtckuvQPmb/310x430/1772280995.webp?s=8267e6293d4b04b2da9703341f95d36b03ca66d9,1,3
Veste Prada violette,341.95,Prada,XL,https://www.vinted.it/items/8279152518-veste-prada-violette?referrer=catalog,0,8279152518,Sold,28/02/2026 19:54:20,,https://images1.vinted.net/t/05_00945_PHYcwPZcWFDDDLikW2hvDMHB/310x430/1772280994.webp?s=425766e662743e311f3c5ea8ab6e7eaa6585af91,1,3
Lunette de soleil,126.7,Prada,0,https://www.vinted.it/items/8279140290-lunette-de-soleil?referrer=catalog,2,8279140290,Sold,28/02/2026 19:54:20,,https://images1.vinted.net/t/06_014b5_fmKRQ59MzpGdSHFTD1qyRzGC/310x430/1772280922.webp?s=931a4b86dfb80592b433695c56d4f4620c6f6bd6,1,3
Lunette linea rossa prada noir,32.2,Kiabi,0,https://www.vinted.it/items/8279137661-lunette-linea-rossa-prada-noir?referrer=catalog,1,8279137661,Sold,28/02/2026 19:54:20,,https://images1.vinted.net/t/05_01d53_JXmGNYTU1RN9ugLnmy9kYsos/310x430/1772280907.webp?s=3020f9161056ddab71ea2074ea3239924bd68c36,1,3
Bolso Prada,725.2,Prada,0,https://www.vinted.it/items/8279130351-bolso-prada?referrer=catalog,2,8279130351,Sold,28/02/2026 19:54:20,,https://images1.vinted.net/t/06_00471_gCLJfxfh9RnJ6DhuLe5ZBZsK/310x430/1772280865.webp?s=aca4ee29e51c1a9ad9317f772c8a3db5cbd2781d,1,3
Neceser Prada,9.1,Prada,0,https://www.vinted.it/items/8279111212-neceser-prada?referrer=catalog,2,8279111212,Sold,28/02/2026 19:54:20,,https://images1.vinted.net/t/05_01368_nzn2fonxunTrwZK2KQDNmkm5/310x430/1772280752.webp?s=2f62cfcd657696e36e2ec51114cac739fb3b5310,1,3
Prada cups,105.7,Prada,44,https://www.vinted.it/items/8279064409-prada-cups?referrer=catalog,0,8279064409,Sold,28/02/2026 19:54:20,,https://images1.vinted.net/t/05_00a9d_C8PYAJEW4WL6tzruMmx694Hw/310x430/1772280478.webp?s=d9c9b13f835042f8b7039801397afaceb574df80,1,3
Pantalon Agatha Ruiz de la Prada T40,13.3,Agatha Ruiz de la Prada,L / IT 44 / EU 40,https://www.vinted.it/items/8279031036-pantalon-agatha-ruiz-de-la-prada-t40?referrer=catalog,2,8279031036,Sold,28/02/2026 19:54:20,,https://images1.vinted.net/t/01_006df_tU9AphqZniinJbC5Nz3NEGFu/310x430/1772295196.webp?s=c2c89fa0985ee0d704d9b8e075b149622d737dc2,1,3
Miniatura Prada Ocean Luna Rossa,13.3,Prada,0,https://www.vinted.it/items/8279030977-miniatura-prada-ocean-luna-rossa?referrer=catalog,4,8279030977,Sold,28/02/2026 19:54:20,,https://images1.vinted.net/t/06_01a2d_FkiKg1NKRmV3EKfVgM98DEBD/310x430/1772280283.webp?s=4bb3a8942c78e1710a9d4ced868c0981f5d88740,1,3
Paraguas plegable automático Agatha Ruiz de la Prada estrella,12.25,Agatha,0,https://www.vinted.it/items/8279024208-paraguas-plegable-automatico-agatha-ruiz-de-la-prada-estrella?referrer=catalog,1,8279024208,Sold,28/02/2026 19:54:20,,https://images1.vinted.net/t/06_00405_SoU2W3KrFLwAL5hE3iyB4QPP/310x430/1772280243.webp?s=187b5ef6a2ca2c03d8851785b81e93fc18ad8bab,1,3
Polacchine PRADA,116.2,Prada,42,https://www.vinted.it/items/8278999478-polacchine-prada?referrer=catalog,5,8278999478,Sold,28/02/2026 19:54:20,,https://images1.vinted.net/t/03_015e9_HAEoKXSJeUykKqNXXnHWGBAy/310x430/1772280098.webp?s=bdfc3eb66a85579373a75bff9e90be1fca54f396,1,3
Cartera billetera mujer labios fucsia Agatha Ruiz de la Prada,14.25,Agatha,0,https://www.vinted.it/items/8278968102-cartera-billetera-mujer-labios-fucsia-agatha-ruiz-de-la-prada?referrer=catalog,5,8278968102,Sold,28/02/2026 19:54:20,,https://images1.vinted.net/t/06_0255b_1F3K8PWcntnDSD9zQQTveqAS/310x430/1772279912.webp?s=08e148d7cc1db5b82350100fc204a90a8f8124ea,1,3
Prada edp Tainted Love Olfactories,147.7,Prada,0,https://www.vinted.it/items/8278950760-prada-edp-tainted-love-olfactories?referrer=catalog,1,8278950760,Sold,28/02/2026 19:54:20,,https://images1.vinted.net/t/05_012b3_MmBCVksLfDrpUWjvoC1eWDm8/310x430/1772279810.webp?s=8693cf24decd13bd158025961073839e356123f2,1,3
Marta,10.14,Agatha Ruiz de la Prada,0,https://www.vinted.it/items/8278931142-marta-ruiz-de-la-prada-llavero-colores-love-agatha-ruiz-de-la-prada-keychain-love?referrer=catalog,2,8278931142,Sold,28/02/2026 19:54:20,,https://images1.vinted.net/t/06_01f97_oJPwK2XRiEHaM8AH1sC6avbF/310x430/1772279693.webp?s=639a949c69ba0144cde9539cd72022706cc4d66c,1,3
Boite de lunettes prada,5.95,Prada,0,https://www.vinted.it/items/8278930352-boite-de-lunettes-prada?referrer=catalog,2,8278930352,Sold,28/02/2026 19:54:20,,https://images1.vinted.net/t/06_01112_HHE77FzsPafn9ybsXoBY3GAY/310x430/1772279689.webp?s=5c6b4fa997293767b0de098795efe20c1872e25a,1,3
Gioco Prada,263.2,Prada,0,https://www.vinted.it/items/8278885143-gioco-prada?referrer=catalog,0,8278885143,Sold,28/02/2026 19:54:20,,https://images1.vinted.net/t/01_015b1_XxxNZMQ4miAPfPuwsZ4TqRW2/310x430/1772279421.webp?s=cca030c3f6bc9ab97b75763b3b81c2ef6a43344e,1,3
Prada,116.2,Prada,41,https://www.vinted.it/items/8278879941-prada?referrer=catalog,4,8278879941,Sold,28/02/2026 19:54:20,,https://images1.vinted.net/t/04_01b38_fGFN7M3dWZWjR1pptukmYQeS/310x430/1772279390.webp?s=4eee6a84551b3b63724a06d1748ffa462c4dfc6d,1,3
Occhiali PRADA,168.7,Prada,0,https://www.vinted.it/items/8278874190-occhiali-prada?referrer=catalog,0,8278874190,Sold,28/02/2026 19:54:20,,https://images1.vinted.net/t/05_01615_E643tEe3wafYk5CVjUMyycw5/310x430/1772279356.webp?s=745491bf3f4e19714be3b59dc6f5cb1f9184b323,1,3
Prada paradoxe,42.7,Prada,0,https://www.vinted.it/items/8278389341-prada-paradoxe?referrer=catalog,0,8278389341,Sold,28/02/2026 19:54:20,,https://images1.vinted.net/t/05_014cb_W2sFQss69okfBMHeFWpndgqq/310x430/1772276505.webp?s=f8d6368475d2d36f61bd8e98839d2925b23aa680,1,3
Prada python leather ankle boots (lace ups),210.7,Prada,38,https://www.vinted.it/items/8278859943-prada-python-leather-ankle-boots-lace-ups?referrer=catalog,9,8278859943,Sold,28/02/2026 19:54:20,,https://images1.vinted.net/t/06_003d4_aKWQsRi324Bt85MiTWZ5bHfb/310x430/1772279272.webp?s=3067c339b7013c446c985d86b31930a16074711a,1,3
Prada Sunglasses PR C05S,266.88,Prada,0,https://www.vinted.it/items/8278830131-prada-sunglasses-pr-c05s?referrer=catalog,4,8278830131,Sold,28/02/2026 19:54:20,,https://images1.vinted.net/t/06_00b3b_YVp3CtAQvwSVqEyDDUjca25U/310x430/1772279096.webp?s=28840289bf2739bb39195d334f6b32ff6eaf55ad,1,3
1 pijama Rei Leão,11.2,Diversas,XL / IT 46 / EU 42,https://www.vinted.it/items/8278829502-1-pijama-rei-leao-1-camisa-de-noite-stitch-e-um-vestido-agatha-ruiz-de-la-prada?referrer=catalog,0,8278829502,Sold,28/02/2026 19:54:20,,https://images1.vinted.net/t/06_0169e_i2b6YLW98xE1oHdWQ4YW4Urb/310x430/1772279092.webp?s=8670016d9f67c52c5c941807005c8a16aa4f0299,1,3
Prada Sunglasses PR B06S,253.23,Prada,0,https://www.vinted.it/items/8278815930-prada-sunglasses-pr-b06s?referrer=catalog,4,8278815930,Sold,28/02/2026 19:54:20,,https://images1.vinted.net/t/04_00f5c_hdueh5xqozgiRpM2ji6f5F9Q/310x430/1772279012.webp?s=bdb542feb0105a7983ebfe81b002735e75ce4b47,1,3
Tote bag tissu prada,84.7,Prada,0,https://www.vinted.it/items/8278747626-tote-bag-tissu-prada?referrer=catalog,1,8278747626,Sold,28/02/2026 19:54:20,,https://images1.vinted.net/t/05_01da9_Z3FULiXiZ9mgMpdMa5oSkCkX/310x430/1772278605.webp?s=260ef1d90ecd8011426e4b329ad51a08a09f819a,1,3
Porta moedas laranja com fecho.,5.95,Agatha Ruiz de la Prada,0,https://www.vinted.it/items/8278746683-porta-moedas-laranja-com-fecho?referrer=catalog,0,8278746683,Sold,28/02/2026 19:54:20,,https://images1.vinted.net/t/06_0072d_uix1ZqZpRZ1GuRHSXEv5nmBK/310x430/1772278599.webp?s=8ce884725c9d727c0271577da0650b9a9c7248e8,1,3
Prada Cargo de nuit 100mL,278.95,Prada,0,https://www.vinted.it/items/8278745287-prada-cargo-de-nuit-100ml?referrer=catalog,2,8278745287,Sold,28/02/2026 19:54:20,,https://images1.vinted.net/t/01_01096_Vjk7qdg5UV5sXhd7s4ChU2QQ/310x430/1772278591.webp?s=bac802f9e5593f0e02b55ec5e7ef97581611ea33,1,3
Bailarina Prada.,420.7,Prada,36,https://www.vinted.it/items/8278740427-bailarina-prada?referrer=catalog,2,8278740427,Sold,28/02/2026 19:54:20,,https://images1.vinted.net/t/06_017a4_gm6nN4rWdqjSwYkwu9HdMkRu/310x430/1772278562.webp?s=8738d22d4bf7e573852cca85a0210813504fe243,1,3
Prada Brille Retro,63.7,Prada,0,https://www.vinted.it/items/8278720293-prada-brille-retro?referrer=catalog,20,8278720293,Sold,28/02/2026 19:54:20,,https://images1.vinted.net/t/06_01cf4_Zb7orBtXjTdUMvk8NzzASBfr/310x430/1772278443.webp?s=90793b70ac389df490b9dc0dd43244801195993c,1,3
Prada America’s Cup,189.7,Prada,43,https://www.vinted.it/items/8278702280-prada-americas-cup?referrer=catalog,1,8278702280,Sold,28/02/2026 19:54:20,,https://images1.vinted.net/t/04_01117_c9mn7BRb4fydEF73ywb8f7Fz/310x430/1772278336.webp?s=9116f62973b3c3fd324330de32cc655f703d381f,1,3
Lote Dolce & Gabanna y Prada Paradox,21.7,Prada,0,https://www.vinted.it/items/8278699455-lote-dolce-gabanna-y-prada-paradox?referrer=catalog,1,8278699455,Sold,28/02/2026 19:54:20,,https://images1.vinted.net/t/06_0183c_zBxENpfZsMDpVThoQGWiWm94/310x430/1772278319.webp?s=16f94c128963eef4faed69e4b37cd58cecff5d24,1,3
Miniature 7,11.2,Prada,0,https://www.vinted.it/items/8278685404-miniature-75ml-eau-de-parfum-prada-infusion-diris?referrer=catalog,5,8278685404,Sold,28/02/2026 19:54:20,,https://images1.vinted.net/t/03_014e3_fjvFDZvThs4EhjJDRwTVagpW/310x430/1772278236.webp?s=1c7d829d636b1fe5037f8801cef042084254b4d9,1,3
Paradoxe : Virtual Flower - Prada,42.7,Prada,0,https://www.vinted.it/items/8278610085-paradoxe-virtual-flower-prada?referrer=catalog,1,8278610085,Sold,28/02/2026 19:54:20,,https://images1.vinted.net/t/05_00f40_Qqh2psAvuWiuBVfJwetnPc9y/310x430/1772277794.webp?s=074a805803608873ecf9908268711438a9bb3caa,1,3
Eau de parfum Prada Candy 30 ml,56.35,Prada,0,https://www.vinted.it/items/8278606580-eau-de-parfum-prada-candy-30-ml?referrer=catalog,3,8278606580,Sold,28/02/2026 19:54:20,,https://images1.vinted.net/t/05_01ba7_ZnjiKy7xqcXgKEg4Sm7z3vxx/310x430/1772277774.webp?s=5d914a3c0b67fe90dffb2dce3101a62c71c50dbe,1,3
Gafas Prada con caja y funda. Todo original,168.7,Prada,0,https://www.vinted.it/items/8274974759-gafas-prada-con-caja-y-funda-todo-original?referrer=catalog,2,8274974759,Sold,27/02/2026 23:44:51,,https://images1.vinted.net/t/06_02144_vVj7xpVbirY2pGNvwj5HbExR/310x430/1772217529.webp?s=dbaacfbfebf2a3c8fce36e6151b441e8ff7a6560,1,2
Occhiali da sole Prada,100.45,Tutto,0,https://www.vinted.it/items/8274957267-occhiali-da-sole-prada?referrer=catalog,0,8274957267,Sold,27/02/2026 23:44:51,,https://images1.vinted.net/t/06_00629_7syifmFbtLaQotg2VQPjBJKW/310x430/1772217381.webp?s=83fb732f33b3161a6e00b2222a3ff5af019678f1,1,2
Occhiali Prada,210.7,Prada,0,https://www.vinted.it/items/8274952790-occhiali-prada?referrer=catalog,6,8274952790,Sold,27/02/2026 23:44:52,,https://images1.vinted.net/t/01_00ca2_M7iAWdpBGTcWS7eCJrnsQXXb/310x430/1772217342.webp?s=9874ac1e4c9674c9b8b17720c5cca34d75cd695c,1,2
Miniature prada,9.1,Prada,0,https://www.vinted.it/items/8274945926-miniature-prada?referrer=catalog,1,8274945926,Sold,27/02/2026 23:44:52,,https://images1.vinted.net/t/06_0034b_npHEwEhLmzFsm6wzgjJHE28r/310x430/1772217283.webp?s=7ef639baca0d04350c23b84b39877dc67e44136c,1,2
Occhiali da sole da uomo Prada nuovi,126.7,Prada,0,https://www.vinted.it/items/8274945318-occhiali-da-sole-da-uomo-prada-nuovi?referrer=catalog,1,8274945318,Sold,27/02/2026 23:44:52,,https://images1.vinted.net/t/01_00689_eccibowgHRDuNgakdcyuJP8h/310x430/1772217278.webp?s=135b0708bc2685ccc8102d6c92bc35d6d52b9d2d,1,2
Prada luna rossa Black 100ml eau de Parfum,63.6,Prada,0,https://www.vinted.it/items/8274943235-prada-luna-rossa-black-100ml-eau-de-parfum?referrer=catalog,5,8274943235,Sold,27/02/2026 23:44:52,,https://images1.vinted.net/t/05_004e1_i3CNNGzQQMyp6KSy7QssgjCU/310x430/1772217261.webp?s=198d40ea7f8d417293d4cd2cd629c1bfa0b8ab1e,1,2
Prada infusion de rose,58.45,Prada,0,https://www.vinted.it/items/8274943270-prada-infusion-de-rose?referrer=catalog,2,8274943270,Sold,27/02/2026 23:44:52,,https://images1.vinted.net/t/03_003ce_DqbDCh7G73YkG8XryWcnSoBP/310x430/1772217261.webp?s=1b79978b819440bef788b5b9ee6cfa6e9fdc247e,1,2
Prada infusion d’iris,68.95,Prada,0,https://www.vinted.it/items/8274935263-prada-infusion-diris?referrer=catalog,5,8274935263,Sold,27/02/2026 23:44:52,,https://images1.vinted.net/t/05_01735_BdSKywLReakEcHhhXo1JLWVn/310x430/1772217195.webp?s=cb195b5b81d3a64e1397806e8c076316f3bf9bfc,1,2
neceser agatha ruiz de la prada,7.0,Agatha Ruiz de la Prada,0,https://www.vinted.it/items/8229485425-neceser-agatha-ruiz-de-la-prada?referrer=catalog,2,8229485425,Sold,27/02/2026 23:44:52,,https://images1.vinted.net/t/03_01628_47rieqyySNArfSt46LUaLEeF/310x430/1771701600.webp?s=5e3debae54f78d855d989e237fa3308dc6e79c05,1,2
Borsa mood Prada,11.2,No brand,0,https://www.vinted.it/items/8274928089-borsa-mood-prada?referrer=catalog,0,8274928089,Sold,27/02/2026 23:44:52,,https://images1.vinted.net/t/06_005aa_wPa93XVCDjQhHUXkJ9zJa4ks/310x430/1772217133.webp?s=c246b4d1aeb8b6baf73219fb123fd042153f2a67,1,2
Basket chaussette neuve prada,158.2,Prada,38.5,https://www.vinted.it/items/8274918338-basket-chaussette-neuve-prada?referrer=catalog,3,8274918338,Sold,27/02/2026 23:44:52,,https://images1.vinted.net/t/06_00426_HQmesKuAQuUXMtK8GsLvaQ2U/310x430/1772217053.webp?s=15e49a02abc4c371e601b7d75be2b9d296763e38,1,2
Vintage Prada blouse,53.2,Prada,XXXL / IT 50 / EU 46,https://www.vinted.it/items/8274908809-vintage-prada-blouse?referrer=catalog,3,8274908809,Sold,27/02/2026 23:44:52,,https://images1.vinted.net/t/04_012fe_Lk9vL89Z2y9kXTbMS93nPo2g/310x430/1772216971.webp?s=553aaffeffd3c02e4db0d34e14547b5290c50e53,1,2
Miniature parfum prada,9.1,Prada,0,https://www.vinted.it/items/8274902013-miniature-parfum-prada?referrer=catalog,2,8274902013,Sold,27/02/2026 23:44:52,,https://images1.vinted.net/t/06_02036_kpUCvoCAF69REummWUGDbqjc/310x430/1772216912.webp?s=d12d65157de0041adee9ed51afd8688bed60c7c4,1,2
Occhiale da sole Prada Oval,200.2,Prada,0,https://www.vinted.it/items/8274886572-occhiale-da-sole-prada-oval?referrer=catalog,2,8274886572,Sold,27/02/2026 23:44:52,,https://images1.vinted.net/t/06_0186d_TNW5Tr1NspbSQVvdc6LhpNAf/310x430/1772216780.webp?s=9b5271816abfbe959eac201f996a1d43df9391fb,1,2
profumo Prada paradoxe intense,84.7,Prada,0,https://www.vinted.it/items/8274884805-profumo-prada-paradoxe-intense?referrer=catalog,1,8274884805,Sold,27/02/2026 23:44:52,,https://images1.vinted.net/t/05_008eb_dvocC7WctnPGjdWE7Nxi6ZgY/310x430/1772216766.webp?s=0ded2e817659771545d20f6438afdf5c22b74365,1,2
Prada kitten heels,84.7,Prada,39,https://www.vinted.it/items/8274858405-prada-kitten-heels?referrer=catalog,21,8274858405,Sold,27/02/2026 23:44:52,,https://images1.vinted.net/t/05_017a0_YCYbQ6LX3wB6MMpP1xaCdZmK/310x430/1772216541.webp?s=e8db6d68f235881ae34a4ab813b24bd08aa37d72,1,2
Prada paradoxe radical essence 50 ml femme,121.45,Prada,0,https://www.vinted.it/items/8274854551-prada-paradoxe-radical-essence-50-ml-femme?referrer=catalog,1,8274854551,Sold,27/02/2026 23:44:52,,https://images1.vinted.net/t/05_003c1_cLFpSnKhxrhiV2zEjb4dMojn/310x430/1772216508.webp?s=cf4ac36802502508bdf0b2a8382cb4eb6722e21b,1,2
miniature prada,8.05,Prada,0,https://www.vinted.it/items/8274849030-miniature-prada-infusion-diris-eau-de-parfum-8-ml?referrer=catalog,1,8274849030,Sold,27/02/2026 23:44:52,,https://images1.vinted.net/t/06_00276_s5UrBgiXSxZ5ACYAS3dmfwit/310x430/1772217419.webp?s=2cea296c4458cd138929011da7fd05f5b10de31a,1,2
Prada paradoxe virtual flower femme 50 ml,100.45,Prada,0,https://www.vinted.it/items/8274846341-prada-paradoxe-virtual-flower-femme-50-ml?referrer=catalog,1,8274846341,Sold,27/02/2026 23:44:52,,https://images1.vinted.net/t/05_002c3_RYPQNR1DJEW5KqHEPavrD5C9/310x430/1772216437.webp?s=a14a6cdaba5817a6c975cafad851dc4953ecee07,1,2
Fusciacca Prada Velluto e seta blu taglia L,58.45,Prada,Regolabile,https://www.vinted.it/items/8246443269-fusciacca-prada-velluto-e-seta-blu-taglia-l?referrer=catalog,4,8246443269,Sold,27/02/2026 23:44:52,,https://images1.vinted.net/t/05_019dc_jXHTLCEtnHmKb18ohPFWJcCK/310x430/1771870397.webp?s=42edf2648056bd9f928fd3017614bf8a2a17e689,1,2
Gonna Prada,315.7,Prada,M / IT 42 / EU 38,https://www.vinted.it/items/8274840309-gonna-prada?referrer=catalog,17,8274840309,Sold,27/02/2026 23:44:52,,https://images1.vinted.net/t/05_005ec_PB8AadjYa4EeQnB7jZrpvYdu/310x430/1772216387.webp?s=dd3051b689daf2b04f2898425d950d843d9c15c6,1,2
Parfum Prada paradoxe,84.7,Prada,0,https://www.vinted.it/items/8274821151-parfum-prada-paradoxe?referrer=catalog,1,8274821151,Sold,27/02/2026 23:44:52,,https://images1.vinted.net/t/06_02402_dpVKPbPB36ftVWJuRQXn3yFD/310x430/1772216226.webp?s=3d8aa75443dd88ffc398aa39beea07b96bfcc690,1,2
Neceser Prada,21.7,Prada,0,https://www.vinted.it/items/8219822228-neceser-prada?referrer=catalog,8,8219822228,Sold,27/02/2026 23:44:52,,https://images1.vinted.net/t/01_01410_pfdhMAmGzWAmYudZpcjh9nxZ/310x430/1771604051.webp?s=d4a6f5ed73b3c2235a92c09ce4e5edb61d12816d,1,2
Prada Sonnenbrille,105.7,Prada,0,https://www.vinted.it/items/8274787703-prada-sonnenbrille?referrer=catalog,2,8274787703,Sold,27/02/2026 23:44:52,,https://images1.vinted.net/t/04_0207c_GYeNrEMG41EbRDh1JLS9a22Q/310x430/1772215941.webp?s=e9cb6fe71a15cd1e2d42dd9299ffef47a6eea25b,1,2
Prada Paradoxe Radical Essence,95.2,Prada,0,https://www.vinted.it/items/8274764541-prada-paradoxe-radical-essence?referrer=catalog,0,8274764541,Sold,27/02/2026 23:44:52,,https://images1.vinted.net/t/03_0052e_KJCvwpAcSFcCf8LkwoNK4Kvq/310x430/1772215748.webp?s=b39c85c444c9a2d1d1d4cd253f8b1b6b715da85b,1,2
Basket prada,210.7,Prada,36,https://www.vinted.it/items/8274761477-basket-prada?referrer=catalog,0,8274761477,Sold,27/02/2026 23:44:52,,https://images1.vinted.net/t/01_01b82_k6JW2QeBs49qntbbq8YKzWND/310x430/1772215723.webp?s=a3a7dd4be91f9ee141c5d7be54af6909b49f542c,1,2
4 mini perfumes de Prada,53.2,Prada,0,https://www.vinted.it/items/8274749110-4-mini-perfumes-de-prada?referrer=catalog,0,8274749110,Sold,27/02/2026 23:44:52,,https://images1.vinted.net/t/05_0055a_SQPDL68ZGJ8rNVGAbwa83Ngh/310x430/1772215618.webp?s=40410870994b1d7ea47e956ab522e1ed407dbade,1,2
Prada Jacke,84.7,Private,M,https://www.vinted.it/items/8274743230-prada-jacke?referrer=catalog,0,8274743230,Sold,27/02/2026 23:44:52,,https://images1.vinted.net/t/06_007e5_MGm9yEVk3EHJ2mGcD3gcDJk4/310x430/1772215569.webp?s=0dc6856e69cd044b91b651dc0cb371f87862c048,1,2
Vestido niña ágata Ruiz de la Prada,11.2,Agatha Ruiz de la Prada,24-36 mesi / 92 cm,https://www.vinted.it/items/8274740466-vestido-nina-agata-ruiz-de-la-prada?referrer=catalog,0,8274740466,Sold,27/02/2026 23:44:52,,https://images1.vinted.net/t/03_01a62_MFtiVxx2Zw39hsQvS4Y9vZM7/310x430/1772215545.webp?s=2bdea4bb802ad5576a5d0941833c36f5857fc391,1,2
Prada- Ocean Luna Rossa Nuevo!!,48.99,Prada,0,https://www.vinted.it/items/8274734370-prada-ocean-luna-rossa-nuevo?referrer=catalog,1,8274734370,Sold,27/02/2026 23:44:52,,https://images1.vinted.net/t/03_0001d_yszSwUxH7qoHkmF6gcjQan4B/310x430/1772215495.webp?s=b0b702fbc1ed6588029886dae2a019ea4ed64b7b,1,2
Prada,58.45,Prada,0,https://www.vinted.it/items/8274717513-prada?referrer=catalog,1,8274717513,Sold,27/02/2026 23:44:52,,https://images1.vinted.net/t/05_023a4_1M8icpNSz2ZwEe2aGWDw8F11/310x430/1772215357.webp?s=7cb27348158922e04e9338cc439a5aa4b3f8b328,1,2
Libro fisica y química 3 eso NUEVO,5.95,No brand,0,https://www.vinted.it/items/8274708480-libro-fisica-y-quimica-3-eso-nuevo?referrer=catalog,0,8274708480,Sold,27/02/2026 23:44:52,,https://images1.vinted.net/t/05_0041f_uvmYZFJL1GjjSyThxrNPXgVi/310x430/1772215283.webp?s=a0db8a9447b970af64b3cb3de71a30464d0a3d78,1,2
Prada Re-Nylon Bucket Hat Red,331.45,Prada,M,https://www.vinted.it/items/8274702474-prada-re-nylon-bucket-hat-red?referrer=catalog,0,8274702474,Sold,27/02/2026 23:44:52,,https://images1.vinted.net/t/02_01849_UvPBkJaEJox4DzonMYJmX86K/310x430/1772215236.webp?s=7e5b53c3286b45c5566506630614bb406b2160a5,1,2
Miniatura profumo Prada,3.33,Prada,0,https://www.vinted.it/items/8274668956-miniatura-profumo-prada?referrer=catalog,0,8274668956,Sold,27/02/2026 23:44:52,,https://images1.vinted.net/t/01_01bbc_F79CK2HVByoXYPzMLUuUwF9n/310x430/1772214966.webp?s=7befcca10258fc59f1611acef167722d005dbce4,1,2
Prada,58.45,Prada,0,https://www.vinted.it/items/8274680546-prada?referrer=catalog,0,8274680546,Sold,27/02/2026 23:44:52,,https://images1.vinted.net/t/06_01a4d_PcTfLkZovw9EQSTFAwHSFPPy/310x430/1772215059.webp?s=558336f0321019434e4ac3eee50076b9881f81f2,1,2
NUEVO Cojín grande de Agatha Ruiz de la Prada,17.49,Agatha Ruiz de la Prada,60 x 60 cm,https://www.vinted.it/items/8274666475-nuevo-cojin-grande-de-agatha-ruiz-de-la-prada?referrer=catalog,9,8274666475,Sold,27/02/2026 23:44:52,,https://images1.vinted.net/t/01_0261a_2jZqsp9e2VS8gabLKpZo4Pu6/310x430/1772214946.webp?s=93f5622c39cf317822c0ad921b44fbe8a2e5317f,1,2
Prada Cup Gomme Kaki - Taille 46 - Neuves,578.2,Prada,46,https://www.vinted.it/items/8274663369-prada-cup-gomme-kaki-taille-46-neuves?referrer=catalog,0,8274663369,Sold,27/02/2026 23:44:52,,https://images1.vinted.net/t/03_00963_SVbp7VgMXW2WKeChuxVkXAAE/310x430/1772214922.webp?s=5dc7c9d3e4633dac20adff58b93ccc01a619b7b7,1,2
Prada Cup Gomme Rouges - Taille 44 - Neuves,578.2,Prada,44,https://www.vinted.it/items/8274652739-prada-cup-gomme-rouges-taille-44-neuves?referrer=catalog,1,8274652739,Sold,27/02/2026 23:44:52,,https://images1.vinted.net/t/04_0212c_9mGLzcxWdSFJW84RkJQQz8Jt/310x430/1772214838.webp?s=c26c60ac035d2bc8fc416127aa1c849326d7e1d6,1,2
Casquette Prada,441.7,Prada,XL,https://www.vinted.it/items/8274577656-casquette-prada?referrer=catalog,1,8274577656,Sold,27/02/2026 23:44:52,,https://images1.vinted.net/t/05_003ff_sFUTZ4M7JMJtvBzh278442dP/310x430/1772214235.webp?s=2fd7d16bbd8859078b4e36f40d5c4d9a793ab715,1,2
Perfume Prada Paradoxe,68.95,Prada,0,https://www.vinted.it/items/8274126461-perfume-prada-paradoxe?referrer=catalog,1,8274126461,Sold,27/02/2026 23:44:52,,https://images1.vinted.net/t/05_01808_psJD6Lj6EMWuDWeg1fTy7TFa/310x430/1772210869.webp?s=f1016dafde04e97265e2ed0a51813ff2ed44cca1,1,2
El diablo viste de Prada,5.95,No brand,0,https://www.vinted.it/items/8274610944-el-diablo-viste-de-prada?referrer=catalog,2,8274610944,Sold,27/02/2026 23:44:52,,https://images1.vinted.net/t/05_006e8_nHjMDES4BUyiwxdvjNS4CM2G/310x430/1772214501.webp?s=b0cb9a29210d8af073bd5dab4a3078d803e3d146,1,2
Occhiali Prada,53.2,Prada,0,https://www.vinted.it/items/8274594983-occhiali-prada?referrer=catalog,0,8274594983,Sold,27/02/2026 23:44:52,,https://images1.vinted.net/t/06_00c9a_NQaaD4EnyidKCe9P9tfRXxGx/310x430/1772214373.webp?s=5027f6ae56bc7fb6944c6de03b0c855f564fc369,1,2
Sneakers Prada 4E300,368.2,Prada,45,https://www.vinted.it/items/8273973450-sneakers-prada-4e300?referrer=catalog,0,8273973450,Sold,27/02/2026 23:44:52,,https://images1.vinted.net/t/06_01092_yjMniUx5JSZv3im5ZhN2SeYv/310x430/1772209782.webp?s=40829629cc146730f39c55e703f4c5915355c167,1,2
Prada Paradoxe Intense Eau De Parfum 90 ml,43.75,Prada,0,https://www.vinted.it/items/8274575038-prada-paradoxe-intense-eau-de-parfum-90-ml?referrer=catalog,8,8274575038,Sold,27/02/2026 23:44:52,,https://images1.vinted.net/t/04_006a1_5r8Y8MRV2D8LJ68jnd3odRCH/310x430/1772214214.webp?s=225de7f47a01575baaab1603e14845d893c7973c,1,2
maglietta Prada,32.2,Footkorner,S,https://www.vinted.it/items/8274573926-maglietta-prada?referrer=catalog,4,8274573926,Sold,27/02/2026 23:44:52,,https://images1.vinted.net/t/06_0265d_RmrNur3Y2ShctSaqRnCooBvd/310x430/1772214205.webp?s=aaf52336ef0190aeca9e197486cb46b547c25c36,1,2
Prada Fall 2010 Runway Silk Lace Print Skirt,84.7,Prada,L / IT 44 / EU 40,https://www.vinted.it/items/8274567946-prada-fall-2010-runway-silk-lace-print-skirt?referrer=catalog,17,8274567946,Sold,27/02/2026 23:44:52,,https://images1.vinted.net/t/06_005ea_KK2goS3TSFf7CDWbSK7QwPeV/310x430/1772214159.webp?s=ccbec782dc8b711aa543fdc9078b18fa66cad87b,1,2
"DVD Film ""le diable s'habille en Prada"" encore sous célophane",3.85,No brand,0,https://www.vinted.it/items/8274527617-dvd-film-le-diable-shabille-en-prada-encore-sous-celophane?referrer=catalog,0,8274527617,Sold,27/02/2026 23:44:52,,https://images1.vinted.net/t/04_0151b_k2C2xfdRzmFkKn7jt6A8PXee/310x430/1772213844.webp?s=affbe478ee3499168a8fd966e75210f7a6612cd2,1,2
Prada paradox 30lm ricaricabile,63.7,Prada,0,https://www.vinted.it/items/8274523053-prada-paradox-30lm-ricaricabile?referrer=catalog,0,8274523053,Sold,27/02/2026 23:44:52,,https://images1.vinted.net/t/05_007c0_LgnM1dTbainiBXP1tgr5di6r/310x430/1772213810.webp?s=7619e0d13385cb2f50dac35091bbc5a66da7166a,1,2
Parfum Prada Paradoxe 30ML,79.45,Prada,0,https://www.vinted.it/items/8274510284-parfum-prada-paradoxe-30ml?referrer=catalog,0,8274510284,Sold,27/02/2026 23:44:52,,https://images1.vinted.net/t/06_02315_7gTQuMGPYsenk7kyKkbF4j2j/310x430/1772213711.webp?s=fce7f19fb5e0857e2dc348afce78026950b67238,1,2
Bolso ARP,26.95,Agatha Ruiz de la Prada,0,https://www.vinted.it/items/8274508512-bolso-arp?referrer=catalog,14,8274508512,Sold,27/02/2026 23:44:52,,https://images1.vinted.net/t/06_0070d_1ckwzVd7guNkavkea14htMLo/310x430/1772213698.webp?s=9aa66b66f3967930e7e18ef0839971dd8b852318,1,2
Casquette prada,294.7,Prada,M,https://www.vinted.it/items/8274502814-casquette-prada?referrer=catalog,3,8274502814,Sold,27/02/2026 23:44:52,,https://images1.vinted.net/t/06_02212_yyvNwR7M7buz3edfDecf444d/310x430/1772213653.webp?s=aa2d47986a80ef0e65042eaf4509a3d2da8f14a0,1,2
Prada Paradigme,51.1,Prada,0,https://www.vinted.it/items/8274500652-prada-paradigme?referrer=catalog,0,8274500652,Sold,27/02/2026 23:44:52,,https://images1.vinted.net/t/06_01ac8_NbcUjrBSbhveW2yZwCHaCYgN/310x430/1772213637.webp?s=39d4cc0631441bdc602ba1778a8743a0fb31cbbb,1,2
The devil wears prada,1.75,No brand,0,https://www.vinted.it/items/8274465365-the-devil-wears-prada?referrer=catalog,0,8274465365,Sold,27/02/2026 23:44:52,,https://images1.vinted.net/t/06_01a3a_HLcTDtjcnDYenbqUfYy4PhZu/310x430/1772213366.webp?s=abcdf4126c551902f2edc439c40b0ef8a68073e3,1,2
Prada paradoxe,53.2,Prada,0,https://www.vinted.it/items/8274438553-prada-paradoxe?referrer=catalog,2,8274438553,Sold,27/02/2026 23:44:52,,https://images1.vinted.net/t/05_01655_5eQbYSk3HHTNQEJibMQCdGzB/310x430/1772213163.webp?s=774e23ca30da7128b838228e20b88dd8cc7ece41,1,2
Parfum,58.45,Prada,0,https://www.vinted.it/items/8274435694-parfum?referrer=catalog,1,8274435694,Sold,27/02/2026 23:44:52,,https://images1.vinted.net/t/05_014c4_LiSoNch15Jovm7UtdToigmoy/310x430/1772213141.webp?s=82e1e171eedad9af4b3bf6bbeb4a472034e6615a,1,2
Prada Sonnenbrille,158.2,Prada,0,https://www.vinted.it/items/8274421880-prada-sonnenbrille?referrer=catalog,0,8274421880,Sold,27/02/2026 23:44:52,,https://images1.vinted.net/t/06_00bb7_YqvwjRRwPBnhQY4d8fHAmX2z/310x430/1772213036.webp?s=19fe46ec4555914ac8af07141014213f7ec2e455,1,2
Prada Re-Edition Mini elaborado en piel Saffiano rosa,945.7,Prada,0,https://www.vinted.it/items/8274414320-prada-re-edition-mini-elaborado-en-piel-saffiano-rosa?referrer=catalog,4,8274414320,Sold,27/02/2026 23:44:52,,https://images1.vinted.net/t/01_002a4_vAi8Q56g82iZ1Pg55fJvP5jZ/310x430/1772214444.webp?s=32971d88df0c5ab56d2e5610f2bd8cc718da5840,1,2
Prada Americas cup,137.19,Prada,49,https://www.vinted.it/items/8274407331-prada-americas-cup?referrer=catalog,30,8274407331,Sold,27/02/2026 23:44:52,,https://images1.vinted.net/t/04_01b4a_Z3Uw6WavV8efZcXULg42vnZ5/310x430/1772212926.webp?s=6dd21c63d22b800f0e7a495c81d73635795eb575,1,2
Prada paradoxe intense,48.99,Prada,0,https://www.vinted.it/items/8274387565-prada-paradoxe-intense?referrer=catalog,0,8274387565,Sold,27/02/2026 23:44:52,,https://images1.vinted.net/t/06_02061_vzgDdT2CHKW5ho918BeSEwu2/310x430/1772212777.webp?s=d01f6870664bc2f156846b27f195f0c3d38cb912,1,2
Zapatillas Prada America's Cup Verdes y Blancas - Nuevas Talla 43,242.2,Prada,43,https://www.vinted.it/items/8274384420-zapatillas-prada-americas-cup-verdes-y-blancas-nuevas-talla-43?referrer=catalog,0,8274384420,Sold,27/02/2026 23:44:52,,https://images1.vinted.net/t/06_01948_FSK2PvRgQxJnhjRjRkZPL6Z7/310x430/1772212754.webp?s=90f6a0bb48b56027aa5a1736ff9c38b63496e11c,1,2
Cargo de nuit,21.7,Prada,0,https://www.vinted.it/items/8274367240-cargo-de-nuit?referrer=catalog,0,8274367240,Sold,27/02/2026 23:44:52,,https://images1.vinted.net/t/06_023ed_Kpge6cQGpg6EAe2hR4oW1qgy/310x430/1772212626.webp?s=79548426194ba877273295e77ed182eec18a708c,1,2
Chaussures Prada neuves pointure 36,103.6,Prada,36.5,https://www.vinted.it/items/8274357448-chaussures-prada-neuves-pointure-365-marron-et-beige?referrer=catalog,1,8274357448,Sold,27/02/2026 23:44:52,,https://images1.vinted.net/t/05_01666_hbXZYefpF2aHQYTMcx1s6QWR/310x430/1772212555.webp?s=dd3d2dbd53bf74689a32a71fec9eb5a90089e6b1,1,2
Pantalone Prada,63.7,Prada,S / IT 40 / EU 36,https://www.vinted.it/items/8274353428-pantalone-prada?referrer=catalog,2,8274353428,Sold,27/02/2026 23:44:52,,https://images1.vinted.net/t/04_0157e_qjyoH98iaFUbvkSPEiNiMh39/310x430/r1/1772212525.webp?s=875a0a7840853e3f6f6a3c123bcb73478dfa7144,1,2
Prada Home - Scatola rotonda in ceramica porta oggetti,121.45,Prada,0,https://www.vinted.it/items/8270500335-prada-home-scatola-rotonda-in-ceramica-porta-oggetti?referrer=catalog,8,8270500335,Sold,27/02/2026 23:44:52,,https://images1.vinted.net/t/04_01557_mPW5ddmA5mnndRHSZHtbhCx3/310x430/1772184090.webp?s=29b9cbce7616eba0775ebe945e76b3c54c0690ca,1,2
Lunettes noires tendance Prada PR 19ZS 1AB5S0,284.2,Prada,0,https://www.vinted.it/items/8274337306-lunettes-noires-tendance-prada-pr-19zs-1ab5s0?referrer=catalog,0,8274337306,Sold,27/02/2026 23:44:52,,https://images1.vinted.net/t/06_00cbf_VwA2ssvJjmYJZ5hX1c8rgkXQ/310x430/1772212404.webp?s=5d741e89159291038d5be65ec511596873826a87,1,2
Prada bucket hat,32.2,No brand,M,https://www.vinted.it/items/8274322819-prada-bucket-hat?referrer=catalog,4,8274322819,Sold,27/02/2026 23:44:52,,https://images1.vinted.net/t/05_01f10_iLiTaYYewBGnVYtCyBGcwhKo/310x430/1772212300.webp?s=6974d2320aa8a0f287731a9bc31d3fff45572d86,1,2
Lunette prada marron spt17w,231.7,Prada,0,https://www.vinted.it/items/8274319796-lunette-prada-marron-spt17w?referrer=catalog,0,8274319796,Sold,27/02/2026 23:44:52,,https://images1.vinted.net/t/05_01712_4tc3284xfo31yuaRs8pB3Qzy/310x430/1772212277.webp?s=2c493a33cdf65c70afb5e700f41c1b46ea710e31,1,2
Prada - Balm Lip Frosting Care (Miniature 1,13.3,Prada,0,https://www.vinted.it/items/8274312768-prada-balm-lip-frosting-care-miniature-13-g?referrer=catalog,2,8274312768,Sold,27/02/2026 23:44:52,,https://images1.vinted.net/t/05_00451_7FcoVYLrr54ktyeKDzAArhMa/310x430/1772212224.webp?s=f7e9054d879dfec5b149a75faa18642e59a35777,1,2
Chaussure compensé prada neuve pointure 36,121.45,Prada,36,https://www.vinted.it/items/8274304772-chaussure-compense-prada-neuve-pointure-36?referrer=catalog,3,8274304772,Sold,27/02/2026 23:44:52,,https://images1.vinted.net/t/03_013d1_crKExKW3uWMyur6vkT6JBHD5/310x430/1772212165.webp?s=48ee04b19235f6e1c96d491eb4c1fea0c8ef001a,1,2
Prada Sonnenbrille,263.2,Prada,0,https://www.vinted.it/items/8274278750-prada-sonnenbrille?referrer=catalog,3,8274278750,Sold,27/02/2026 23:44:52,,https://images1.vinted.net/t/05_013a4_m2rbUH6GFc1sqtKHawkpccCR/310x430/1772211973.webp?s=623b459d5dd060e9b0f1ef3cdb183c35fecedf60,1,2
Lunette mixte tendance prada noire Prada PR 17WS 1AB5S0,231.7,Prada,0,https://www.vinted.it/items/8274276142-lunette-mixte-tendance-prada-noire-prada-pr-17ws-1ab5s0?referrer=catalog,2,8274276142,Sold,27/02/2026 23:44:52,,https://images1.vinted.net/t/03_01601_hrUcSakT71AuycrczevBoY5A/310x430/1772211954.webp?s=dd947897e2bce28ee009838776366e05b8cf86c3,1,2
Chaussure à talon neuve Prada ecru pointure 37,200.2,Prada,37,https://www.vinted.it/items/8274256833-chaussure-a-talon-neuve-prada-ecru-pointure-37?referrer=catalog,2,8274256833,Sold,27/02/2026 23:44:52,,https://images1.vinted.net/t/04_0265a_sWMm9JXC7vghqzvmaN1MyQDg/310x430/1772211812.webp?s=c88c0443deb6c3696ed4c26037bd70e82d27ea1c,1,2
Prada shoes,410.2,Prada,41,https://www.vinted.it/items/8274232782-prada-shoes?referrer=catalog,5,8274232782,Sold,27/02/2026 23:44:52,,https://images1.vinted.net/t/05_02631_DG14r6hit6KeH1fWDURhAPV7/310x430/1772211638.webp?s=8897390a6ed1c86375de684e99bfa9277952698f,1,2
Prada zaino re edition re nylon,976.15,Prada,0,https://www.vinted.it/items/8274229514-prada-zaino-re-edition-re-nylon?referrer=catalog,2,8274229514,Sold,27/02/2026 23:44:52,,https://images1.vinted.net/t/06_019ab_6uajegxsm2h2JX36CeaWitit/310x430/1772211614.webp?s=a444b61aeac0b193281eaffe79844ed6f975d069,1,2
occhiali da sole,53.2,Prada,0,https://www.vinted.it/items/8274227011-occhiali-da-sole?referrer=catalog,0,8274227011,Sold,27/02/2026 23:44:52,,https://images1.vinted.net/t/06_01305_82CqZD7UNW18Xz621CvvofcM/310x430/1772211596.webp?s=5f63a8118766f30d9977ffcb4012422c70f773c8,1,2
Chaussures compensée névé Prada velours pointure 36,121.45,Prada,36.5,https://www.vinted.it/items/8274224841-chaussures-compensee-neve-prada-velours-pointure-365?referrer=catalog,0,8274224841,Sold,27/02/2026 23:44:52,,https://images1.vinted.net/t/05_005a3_USxdiNgmWNJEpiS95NeNCQJs/310x430/1772211581.webp?s=4c96e950c3ebc0564edf992411d373c6c71a0a6f,1,2
Borsa Prada in rafia,1.3132,Prada,0,https://www.vinted.it/items/8274207405-borsa-prada-in-rafia?referrer=catalog,3,8274207405,Sold,27/02/2026 23:44:52,,https://images1.vinted.net/t/05_009ef_MXdqwS6Rz9EBZXknZ91gAhLS/310x430/1772211454.webp?s=4cfde2f6b0c9ce206087845d884df3447830e299,1,2
Prada paradigme 100 ml,52.15,Prada,0,https://www.vinted.it/items/8274206024-prada-paradigme-100-ml?referrer=catalog,2,8274206024,Sold,27/02/2026 23:44:52,,https://images1.vinted.net/t/01_02313_r9cgJEpYH2LdKwWArURc3BPk/310x430/1772211444.webp?s=53cd07809ddb9b4f40b76946d793a579a2f40e78,1,2
Prada paradoxe intense,40.6,Prada,0,https://www.vinted.it/items/8274205827-prada-paradoxe-intense?referrer=catalog,2,8274205827,Sold,27/02/2026 23:44:52,,https://images1.vinted.net/t/05_006d5_4Qs5nW2i4Jo4BYqXTLRTxPMU/310x430/1772211442.webp?s=c1eef4842838996dd9f542c3869adc578f92fb95,1,2
Prada paradoxe Parfum 30 ml,30.1,Prada,0,https://www.vinted.it/items/8274204519-prada-paradoxe-parfum-30-ml?referrer=catalog,22,8274204519,Sold,27/02/2026 23:44:52,,https://images1.vinted.net/t/06_020c2_mmSiA1yQaWnvJHQXdyMqY9Qy/310x430/1772211432.webp?s=e6a1c46687761a37d97f157819a741b284f0c93d,1,2
basket,100.45,Prada,40.5,https://www.vinted.it/items/8274196977-basket-prada-neuf?referrer=catalog,0,8274196977,Sold,27/02/2026 23:44:52,,https://images1.vinted.net/t/05_00101_PCBaHZnTNLaPW8UEDNJGZgjM/310x430/1772211377.webp?s=39d6ede3a9ce168d8bd0c219cabc72f3ea8589e3,1,2
Paradigme,44.8,Prada,0,https://www.vinted.it/items/8274173162-paradigme?referrer=catalog,0,8274173162,Sold,27/02/2026 23:44:52,,https://images1.vinted.net/t/06_01e9f_fre9kAtRs9gRY93gJ5ji8PGK/310x430/1772211203.webp?s=b2e4372aea0b38efd7c7ad4b7aaf3596bb7717a6,1,2
Casco jet Agata Ruiz de la Prada (LEM),42.7,L.E.M,0,https://www.vinted.it/items/8274170761-casco-jet-agata-ruiz-de-la-prada-lem?referrer=catalog,9,8274170761,Sold,27/02/2026 23:44:52,,https://images1.vinted.net/t/05_002b0_vp5tX6A2LECuGgTpuTmC3Jto/310x430/1772211186.webp?s=12be5b36a21ad8877bfbe5c49592f4695f586c7d,1,2
Prada paradoxe intense,40.6,Prada,0,https://www.vinted.it/items/8274165698-prada-paradoxe-intense?referrer=catalog,1,8274165698,Sold,27/02/2026 23:44:52,,https://images1.vinted.net/t/06_00613_249EBc6XaEq3tjp3gZfpuRpv/310x430/1772211150.webp?s=41e80113efe30096d604d3ab3b09923f800aa0b8,1,2
Sudadera Negra sin Capucha Prada,42.7,Prada,S / IT 40 / EU 36,https://www.vinted.it/items/8274149422-sudadera-negra-sin-capucha-prada?referrer=catalog,2,8274149422,Sold,27/02/2026 23:44:52,,https://images1.vinted.net/t/01_0039f_UMjNx3GP4axarZrc5vXP85sM/310x430/1772211033.webp?s=0c03234974184502e697aaad06d338948613446a,1,2
Prada paradoxe intense,40.6,Prada,0,https://www.vinted.it/items/8274125415-prada-paradoxe-intense?referrer=catalog,2,8274125415,Sold,27/02/2026 23:44:52,,https://images1.vinted.net/t/06_01c44_uHKL1doNHR2Zv7jmSUYpFprU/310x430/1772210862.webp?s=41d08270fc222ca83943bdc76418f827ee00c2f9,1,2
Nastro in seta Prada,158.2,Prada,0,https://www.vinted.it/items/8274104657-nastro-in-seta-prada?referrer=catalog,10,8274104657,Sold,27/02/2026 23:44:52,,https://images1.vinted.net/t/06_0134a_jDLGnkiUV6CT5VMqvdsfNgJc/310x430/1772210712.webp?s=3450302567ce57b13171b72075aeb1378549ae00,1,2
Parfum Paradoxe Prada femme,68.95,Prada,0,https://www.vinted.it/items/8274088069-parfum-paradoxe-prada-femme?referrer=catalog,3,8274088069,Sold,27/02/2026 23:44:52,,https://images1.vinted.net/t/05_011d4_E9yCPbCBsPUUat5YcNhtmLcd/310x430/1772210643.webp?s=2f0bcc1ebaf868fdff757d0a0f81bd04c3e3b3e8,1,2
Prada paradigme,86.8,Prada,0,https://www.vinted.it/items/8274067549-prada-paradigme?referrer=catalog,0,8274067549,Sold,27/02/2026 23:44:52,,https://images1.vinted.net/t/05_00fd2_YQtRTZLbkPd9rN92YjgCEfrF/310x430/1772210448.webp?s=1c4b5b81910e3c1d817cedce05ba8c06d83b2f16,1,2
Prada Sonnenbrille PR 17WS 1AB5SO - Neu & ungetragen,173.95,Prada,0,https://www.vinted.it/items/8274063604-prada-sonnenbrille-pr-17ws-1ab5so-neu-ungetragen?referrer=catalog,1,8274063604,Sold,27/02/2026 23:44:52,,https://images1.vinted.net/t/05_006e9_z7uzFfqH473agYuwyy3LwxTq/310x430/1772210420.webp?s=1b40172af82ef143bcc18011d3a4b6822e9f8377,1,2
Prada paradoxe,40.6,Prada,0,https://www.vinted.it/items/8274063359-prada-paradoxe?referrer=catalog,3,8274063359,Sold,27/02/2026 23:44:52,,https://images1.vinted.net/t/06_02292_qQHdWdkHsoi42CuqSrVuutKs/310x430/1772210418.webp?s=71c7b863235e4f134e34fca1cbed9c21770e3da4,1,2
PRADA 24ZS Caramel Tortoise sunglasses,105.7,Prada,0,https://www.vinted.it/items/8274055745-prada-24zs-caramel-tortoise-sunglasses?referrer=catalog,1,8274055745,Sold,27/02/2026 23:44:52,,https://images1.vinted.net/t/06_02421_BTLRaH46zjX4yZZ85QYM9SUK/310x430/1772210363.webp?s=47280e4a7a4844c589372612556b59e685406790,1,2
Prada Cups,89.95,Prada,43,https://www.vinted.it/items/8274050950-prada-cups?referrer=catalog,1,8274050950,Sold,27/02/2026 23:44:52,,https://images1.vinted.net/t/05_02570_E7D5zxHCtg2SqUeCu7ffLPZB/310x430/1772210329.webp?s=53c1aca16362144adac91731567c9d72f23cab13,1,2
Pochette prada,28.0,Prada,0,https://www.vinted.it/items/8274048039-pochette-prada?referrer=catalog,1,8274048039,Sold,27/02/2026 23:44:52,,https://images1.vinted.net/t/06_01cbb_xVkwqf2eqUXTAixMgNjmVcf6/310x430/1772210308.webp?s=297bc7bf47bb93843b6f3fcd674cdca0d0e17d26,1,2
Perfume Infusión d'ylang Prada,61.6,Prada,0,https://www.vinted.it/items/8274042071-perfume-infusion-dylang-prada?referrer=catalog,2,8274042071,Sold,27/02/2026 23:44:52,,https://images1.vinted.net/t/01_01a7c_cwB2YRQtKvgtHmBHVmdFiVwt/310x430/1772210266.webp?s=d1f941f9891fda60ec177e7d752778f8a4b452b2,1,2
Prada cup,126.7,Prada,44,https://www.vinted.it/items/8274040487-prada-cup?referrer=catalog,3,8274040487,Sold,27/02/2026 23:44:52,,https://images1.vinted.net/t/05_00998_TWyDEQJPYCoUaHL7rw7KjBXE/310x430/1772210254.webp?s=88a0c503132b14dbe8525e6393233f398501469b,1,2
Adidas / FZ5447 Prada x adidas A+P Luna Rossa 21 Cloud White Gr.40 2/3 (39,158.2,adidas,40.5,https://www.vinted.it/items/8281496273-adidas-fz5447-prada-x-adidas-ap-luna-rossa-21-cloud-white-gr40-23-395-40?referrer=catalog,1,8281496273,Sold,28/02/2026 19:53:49,,https://images1.vinted.net/t/03_01f73_JXtFJ8A18H6uQsgwgrzVN4CX/310x430/1772293685.webp?s=9742ac49eddc3139e102883ffbc24d00bc113539,1,2
Parfum Prada Paradoxe Radical Essence - Neuf,99.4,Prada,0,https://www.vinted.it/items/8281470671-parfum-prada-paradoxe-radical-essence-neuf?referrer=catalog,0,8281470671,Sold,28/02/2026 19:53:49,,https://images1.vinted.net/t/01_01f5b_A8Xzp3BpZvQdoYRLR5c41KbB/310x430/1772293554.webp?s=d3134749f89da673d49a2e578bd78f7346cfbf10,1,2
Prada Cups,126.7,Prada,41,https://www.vinted.it/items/8281435977-prada-cups?referrer=catalog,0,8281435977,Sold,28/02/2026 19:53:49,,https://images1.vinted.net/t/06_00156_DEoZeCRPtyAWBUrPm9FbpwQ5/310x430/1772293376.webp?s=32fdbac35ff44dcc7bebfe4f22a645cd7cd0e77a,1,2
Bandolera estilo Prada,21.7,Local,0,https://www.vinted.it/items/8281433947-bandolera-estilo-prada?referrer=catalog,0,8281433947,Sold,28/02/2026 19:53:49,,https://images1.vinted.net/t/06_023cb_SqD7ZbWGg9SK2x3GTTQotQw3/310x430/1772293365.webp?s=7b030ea1096e565ddcb138e622c267df026926f0,1,2
Prada,714.0,Prada,M,https://www.vinted.it/items/8281419219-prada?referrer=catalog,5,8281419219,Sold,28/02/2026 19:53:49,,https://images1.vinted.net/t/05_01233_bnXSHzbGi5uqPgh3xcq3cRVm/310x430/1772293290.webp?s=acc15d5b4c32034df98f1fb4adc87b9f664a5fb5,1,2
Prada cups,105.7,Prada,37,https://www.vinted.it/items/8281411480-prada-cups?referrer=catalog,6,8281411480,Sold,28/02/2026 19:53:49,,https://images1.vinted.net/t/04_0137e_yH8TV6jTPmZKSQL5djEvvpsZ/310x430/1772293250.webp?s=72e520903bc8f6bdd02567e8b77e750aef9e6002,1,2
Prada Augmented Skin  trattamento idratante viso,21.7,Prada,0,https://www.vinted.it/items/8281402347-prada-augmented-skin-trattamento-idratante-viso?referrer=catalog,0,8281402347,Sold,28/02/2026 19:53:49,,https://images1.vinted.net/t/01_016cb_WaA1w7s9t2LsiQZw4KewdkcS/310x430/1772293204.webp?s=f478241f1284bf770af1c3f67e7fb03d15b76c47,1,2
Chaussures Prada neuve à talon marron beige pointure 36,103.6,Prada,36.5,https://www.vinted.it/items/8281390506-chaussures-prada-neuve-a-talon-marron-beige-pointure-365?referrer=catalog,0,8281390506,Sold,28/02/2026 19:53:49,,https://images1.vinted.net/t/06_010ab_yJigg3zy92FoKCphtVxSusgC/310x430/1772293142.webp?s=be9d0b9db8b4a8bb74ffff99a04202b988ac4349,1,2
RB.-bolso agatha ruiz de la prada como nuevo acolchado beige con interior multicolor súper top,53.1,Agatha,0,https://www.vinted.it/items/8281386227-rb-bolso-agatha-ruiz-de-la-prada-como-nuevo-acolchado-beige-con-interior-multicolor-super-top?referrer=catalog,16,8281386227,Sold,28/02/2026 19:53:49,,https://images1.vinted.net/t/05_0127a_nD9mdMT2VuCoBD97RAkxVP4h/310x430/1772293120.webp?s=47904c4d2dd646781922ebd8fd136b8cbd982a0c,1,2
Body PRADA strass,158.2,Strass,S / IT 40 / EU 36,https://www.vinted.it/items/8281379486-body-prada-strass?referrer=catalog,0,8281379486,Sold,28/02/2026 19:53:49,,https://images1.vinted.net/t/06_017e8_wa3xnvQqPUXyfr9RcH5acUaz/310x430/1772293086.webp?s=90e106fffca18f2d27f3a81c96b935c8143814a6,1,2
Prada Paradigme,63.7,Prada,0,https://www.vinted.it/items/8281375288-prada-paradigme?referrer=catalog,1,8281375288,Sold,28/02/2026 19:53:49,,https://images1.vinted.net/t/05_006a3_4zLnJDzPKJGoHLNJJhBA8uHp/310x430/1772293064.webp?s=624ab22736d286e4be80747a172175aa4f5d2742,1,2
Bougie Prada nueve avec étiquette-Luxe,168.7,Prada,0,https://www.vinted.it/items/8281375114-bougie-prada-nueve-avec-etiquette-luxe?referrer=catalog,0,8281375114,Sold,28/02/2026 19:53:49,,https://images1.vinted.net/t/05_0096a_w1Ln2ayumR2L2bjkyKHiUvn8/310x430/1772293063.webp?s=91a6173132fc4acd2a4a1b54e26cad80f2df8a9c,1,2
Chaussure compensée neuve Prada velours pointure 36,121.45,Prada,36.5,https://www.vinted.it/items/8281366099-chaussure-compensee-neuve-prada-velours-pointure-365?referrer=catalog,0,8281366099,Sold,28/02/2026 19:53:49,,https://images1.vinted.net/t/05_0016c_ZkP5X4Eb3S75zgYrdQQYebMR/310x430/1772293016.webp?s=8c0b1244c6bfbf08b781619dd23e5d5136e18ba3,1,2
Paradigme,44.8,Prada,0,https://www.vinted.it/items/8281358550-paradigme?referrer=catalog,2,8281358550,Sold,28/02/2026 19:53:49,,https://images1.vinted.net/t/06_01e9f_fre9kAtRs9gRY93gJ5ji8PGK/310x430/1772292979.webp?s=2748323c9618c24d8170db97dd630e909b33e7df,1,2
Lot De Mini Parfum Prada,63.7,Prada,0,https://www.vinted.it/items/8281355317-lot-de-mini-parfum-prada?referrer=catalog,3,8281355317,Sold,28/02/2026 19:53:49,,https://images1.vinted.net/t/05_018e1_6GesijRLHpVtKSR9QtGgRvsA/310x430/1772292962.webp?s=a2d8a8338b40635fdf2f58629869733cef00f380,1,2
Calcetines cortos Agatha Ruiz de la Prada,8.05,Agatha Ruiz de la Prada,M | 43–46,https://www.vinted.it/items/8253585314-calcetines-cortos-agatha-ruiz-de-la-prada?referrer=catalog,1,8253585314,Sold,28/02/2026 19:53:49,,https://images1.vinted.net/t/04_008ba_CeUhNdc4JhtGayihLKeRVq77/310x430/1771955869.webp?s=5272a75ef8e10d92f5a0dce0c7222f916c52fe84,1,2
Chaussure compensés neuve de marque Prada pointure 36,121.45,Prada,36,https://www.vinted.it/items/8281344499-chaussure-compenses-neuve-de-marque-prada-pointure-36?referrer=catalog,0,8281344499,Sold,28/02/2026 19:53:49,,https://images1.vinted.net/t/06_00a94_hcKaQDzeJ5jxZmBnWYorRMr1/310x430/1772292906.webp?s=bf107cee3c36a6ff446fc0b5f3bcd589aa346ed3,1,2
Dvd Le diable s'habille en Prada,1.75,No brand,0,https://www.vinted.it/items/8281343984-dvd-le-diable-shabille-en-prada?referrer=catalog,1,8281343984,Sold,28/02/2026 19:53:49,,https://images1.vinted.net/t/06_01c9e_F8XW9h7yVDY4TvKBvoWcczqd/310x430/1772292904.webp?s=ba9cf5329b215c75204ef4d23d8e2a49fae0148c,1,2
Sacoche Prada,21.7,No brand,0,https://www.vinted.it/items/8281329156-sacoche-prada?referrer=catalog,4,8281329156,Sold,28/02/2026 19:53:49,,https://images1.vinted.net/t/05_0146f_YpTZ5yuuzz5vpgSw7o4p4gqR/310x430/1772292827.webp?s=1188fa05faa8150b2383d104d982947f2898fc70,1,2
Cravatta Prada,37.45,Prada,0,https://www.vinted.it/items/8281328852-cravatta-prada?referrer=catalog,2,8281328852,Sold,28/02/2026 19:53:49,,https://images1.vinted.net/t/05_00016_7xHecs1SB5WCwVq7QVx1vSwg/310x430/1772292826.webp?s=e778af7878fe3a73337d3553f91deda347cbd00d,1,2
Superbe chaussure Prada neuve écru pointure 37,200.2,Prada,37,https://www.vinted.it/items/8281309089-superbe-chaussure-prada-neuve-ecru-pointure-37?referrer=catalog,3,8281309089,Sold,28/02/2026 19:53:49,,https://images1.vinted.net/t/04_00aad_ZnJt6QpKwsPwFuxtoTxNbppJ/310x430/1772292723.webp?s=ec94ce572ad3139f9a7769c16e8ce958335a4078,1,2
prada prz sunglasses,74.2,Prada,0,https://www.vinted.it/items/8281256167-prada-prz-sunglasses?referrer=catalog,1,8281256167,Sold,28/02/2026 19:53:49,,https://images1.vinted.net/t/06_017b9_RQGDTDBXUJs2YpkxPPPSDLZD/310x430/1772292450.webp?s=3eca5a8dc95dc3991058a990d00549eda163c781,1,2
Prada paradoxe,39.55,Prada,0,https://www.vinted.it/items/8281240807-prada-paradoxe?referrer=catalog,2,8281240807,Sold,28/02/2026 19:53:49,,https://images1.vinted.net/t/05_022f5_n5hubsYYFYQmC2JCqyCZgNEg/310x430/1772292371.webp?s=77e6c67438d9446ba431d2c4983d4fd1f1548232,1,2
Prada pet,210.7,Prada,Taglia unica,https://www.vinted.it/items/8281225770-prada-pet?referrer=catalog,2,8281225770,Sold,28/02/2026 19:53:49,,https://images1.vinted.net/t/05_0252e_2mV68M2FuEk2Q2PvN4LpMSG6/310x430/1772292293.webp?s=3ee2f73af23759708a4492ca6afa0af0c20eafd3,1,2
Pantalon cavalier coupe cigarette Prada Gris en laine vierge Made in Italy luxe Chic Business 34 XS,89.95,Prada,XS / IT 38 / EU 34,https://www.vinted.it/items/8278693674-pantalon-cavalier-coupe-cigarette-prada-gris-en-laine-vierge-made-in-italy-luxe-chic-business-34-xs?referrer=catalog,1,8278693674,Sold,28/02/2026 19:53:49,,https://images1.vinted.net/t/01_01a95_r3imhuhy1wZPa49H9YMPFGMD/310x430/1772278285.webp?s=800a1b5170ee46d5eae5206b1572545f1aa8975b,1,2
Lunette de soleil prada,116.2,Prada,0,https://www.vinted.it/items/8281216631-lunette-de-soleil-prada?referrer=catalog,0,8281216631,Sold,28/02/2026 19:53:49,,https://images1.vinted.net/t/05_02583_qmzaqMXfmUiPPoPcbPzxf4as/310x430/1772292246.webp?s=f619a7ff0daeb136ed230952055cc7c4af6612dd,1,2
Prada matte lipstick R28,18.55,Prada,0,https://www.vinted.it/items/8281204770-prada-matte-lipstick-r28?referrer=catalog,5,8281204770,Sold,28/02/2026 19:53:49,,https://images1.vinted.net/t/01_004d7_7aVnGWqV1kB7sxKQkqE7WPzb/310x430/1772292184.webp?s=3d0d6e1cd740039a0f4752c233659d2be306fe02,1,2
Occhiali unisex Prada,63.7,Prada,0,https://www.vinted.it/items/8281202219-occhiali-unisex-prada?referrer=catalog,5,8281202219,Sold,28/02/2026 19:53:49,,https://images1.vinted.net/t/06_0100d_jmThXWu7diXG5CNG3J3yBjMc/310x430/1772292170.webp?s=e34f3dbed3442891938a69264e0f61f198bd881a,1,2
Superbe sac Prada - neuf,273.7,Prada,0,https://www.vinted.it/items/8252140312-superbe-sac-prada-neuf?referrer=catalog,1,8252140312,Sold,28/02/2026 19:53:49,,https://images1.vinted.net/t/05_00b42_mFbnPCFsDCXmfTTbZFgufNsL/310x430/1771946074.webp?s=1dfbb9dc99a65bc808658b6b5c7959ee53f91f4f,1,2
Occhiali da Sole Prada PR A19S 1AB5S0 Neri – Nuovi con Box Completo,263.2,Prada,0,https://www.vinted.it/items/8281156951-occhiali-da-sole-prada-pr-a19s-1ab5s0-neri-nuovi-con-box-completo?referrer=catalog,1,8281156951,Sold,28/02/2026 19:53:49,,https://images1.vinted.net/t/05_01c6d_hqqbNXzy6zDR3mBCZgBhy3um/310x430/1772291934.webp?s=ca71fb4fc641e498fa9a89daecfdf179749d449d,1,2
Prada Bluse - Größe 42(IT) ungetragen schwarz,179.2,Prada,M / IT 42 / EU 38,https://www.vinted.it/items/8281121015-prada-bluse-grosse-42it-ungetragen-schwarz?referrer=catalog,4,8281121015,Sold,28/02/2026 19:53:49,,https://images1.vinted.net/t/05_013ad_3ENFKsX2WDmxi6mSMPqPToNC/310x430/1772291744.webp?s=cd28e85b0a26c9bba7948d0facce3ba7895cdb82,1,2
Prada teenslippers maat 46,104.65,Prada,46,https://www.vinted.it/items/8281094715-prada-teenslippers-maat-46?referrer=catalog,1,8281094715,Sold,28/02/2026 19:53:49,,https://images1.vinted.net/t/04_00d00_GF361AJq8wyR3T31vrs5uDpM/310x430/1772291605.webp?s=a838e8ac56e87894db8115d46a098d53ef92ac68,1,2
Perfume Prada Paradoxe Virtual Flower Regill 100 ml,63.7,Prada,0,https://www.vinted.it/items/8281045357-perfume-prada-paradoxe-virtual-flower-regill-100-ml?referrer=catalog,4,8281045357,Sold,28/02/2026 19:53:49,,https://images1.vinted.net/t/01_01fa6_UUU2K7xxw15Tb4NjusajJiLQ/310x430/1772291344.webp?s=4f6b9a9493ef91b19e8e899e207d4f670dec7c1b,1,2
Eau de parfum prada infusion vanille,63.7,Prada,0,https://www.vinted.it/items/8281017761-eau-de-parfum-prada-infusion-vanille?referrer=catalog,3,8281017761,Sold,28/02/2026 19:53:49,,https://images1.vinted.net/t/04_008ed_tU4iBSdCFqBcRT6qFad7gygc/310x430/1772291197.webp?s=45162ba27785a90bbe843371ce4e14642e72b831,1,2
Cover IPhone 17 Pro Max Prada,47.95,Prada,0,https://www.vinted.it/items/8280996086-cover-iphone-17-pro-max-prada?referrer=catalog,20,8280996086,Sold,28/02/2026 19:53:49,,https://images1.vinted.net/t/05_004b2_7A4ony5mKECBA777cSKHWtfX/310x430/1772291082.webp?s=3175c92f11d530c533480dcb64e6a05fc050920f,1,2
Maglietta nera,189.7,Prada,M,https://www.vinted.it/items/8278337050-maglietta-nera?referrer=catalog,1,8278337050,Sold,28/02/2026 19:53:49,,https://images1.vinted.net/t/05_01e05_Kng6Efi6hGWWqvxujKW95DCR/310x430/1772276195.webp?s=a1921279cf804968c5d09cd5dd61c6b8162d23f9,1,2
Prada Camicia,284.2,Prada,M,https://www.vinted.it/items/8280978236-prada-camicia?referrer=catalog,2,8280978236,Sold,28/02/2026 19:53:49,,https://images1.vinted.net/t/05_02269_6P6eqQ3zjwyi7T1iSwijT3DD/310x430/1772290987.webp?s=2b59a6c4a9af66b4ce5dfb8180cf68e4f2a86102,1,2
Schlüssel Anhänger Prada ocean,9.31,Ocean,0,https://www.vinted.it/items/8280971674-schlussel-anhanger-prada-ocean?referrer=catalog,0,8280971674,Sold,28/02/2026 19:53:49,,https://images1.vinted.net/t/03_01e59_gGXA6zixVBtfnkVT2MkZQtsW/310x430/1772290953.webp?s=a438dc286dee8dda9558693ba9033a4f65d9b316,1,2
Prada Keychain robot,231.7,Prada,0,https://www.vinted.it/items/8280952791-prada-keychain-robot?referrer=catalog,0,8280952791,Sold,28/02/2026 19:53:49,,https://images1.vinted.net/t/05_02568_Ww9NTTmYWFiSdrRGKFFsy1WD/310x430/1772290853.webp?s=6e54fd95c1815416076ea089997180256d41ea5d,1,2
Prada Sonnenbrille schwarz Herren (PS 06YS DG002G),189.7,Prada,0,https://www.vinted.it/items/8280947500-prada-sonnenbrille-schwarz-herren-ps-06ys-dg002g?referrer=catalog,0,8280947500,Sold,28/02/2026 19:53:49,,https://images1.vinted.net/t/06_0058e_zm4FrjUJLwiRdyAHHse6J2dY/310x430/1772290825.webp?s=4361ef58ab2fc605e4278ee127d18a2c8aba1ad6,1,2
Caquette prada,74.2,Prada,Taglia unica,https://www.vinted.it/items/8251925599-caquette-prada?referrer=catalog,1,8251925599,Sold,28/02/2026 19:53:49,,https://images1.vinted.net/t/04_00371_vNsfjwMsezyi1pgcSzHpTbsn/310x430/1771944646.webp?s=35a385502d458ab4b6d057df15e62fb0708e3a03,1,2
Prada,21.7,No brand,0,https://www.vinted.it/items/8280937228-prada?referrer=catalog,0,8280937228,Sold,28/02/2026 19:53:49,,https://images1.vinted.net/t/04_00d7f_VX1nay6qVgbiq34aXpG8dsRi/310x430/1772290770.webp?s=6e882cb78ae388363acb15dec5ad2b79e4e322e5,1,2
T shirt Luna Rossa Prada Pirelli,95.2,Luna Rossa,M,https://www.vinted.it/items/8280931722-t-shirt-luna-rossa-prada-pirelli?referrer=catalog,1,8280931722,Sold,28/02/2026 19:53:49,,https://images1.vinted.net/t/04_021eb_jvnKnUXBArX5L3GRttNJpKE7/310x430/1772290741.webp?s=7eddc05ffb57b33fa4238b4eae9ac65ca7c5d500,1,2
Camisa branca Prada,510.0,Prada,M,https://www.vinted.it/items/8280921843-camisa-branca-prada?referrer=catalog,0,8280921843,Sold,28/02/2026 19:53:49,,https://images1.vinted.net/t/06_01bc6_nvzGv5msyp2QXrpARio1xYqV/310x430/1772290689.webp?s=17ab63acffa1ddefabddf7ac0688cb5b168738dc,1,2
Prada Sonnenbrille,142.45,Prada,0,https://www.vinted.it/items/8280913852-prada-sonnenbrille?referrer=catalog,9,8280913852,Sold,28/02/2026 19:53:49,,https://images1.vinted.net/t/05_001da_z9foh9uWDLdujNvoc9SkwtrQ/310x430/1772290646.webp?s=fd45b2cd435db6fadf7fa1341003eab4f798dbda,1,2
Prada,21.7,No brand,0,https://www.vinted.it/items/8280818435-prada?referrer=catalog,22,8280818435,Sold,28/02/2026 19:53:49,,https://images1.vinted.net/t/05_0197a_zUyhQmMdJSTkFP8uf6UQSeo4/310x430/1772290141.webp?s=e3b6f0f942e5f75dd568aef2e678c649ddcdc083,1,2
Housse de couette Agatha Ruiz de la prada,17.5,Agatha Ruiz de la Prada,Matrimoniale (155-190 cm x 200-220 cm),https://www.vinted.it/items/8280888766-housse-de-couette-agatha-ruiz-de-la-prada?referrer=catalog,16,8280888766,Sold,28/02/2026 19:53:49,,https://images1.vinted.net/t/04_007d3_pKtTfhW4UY2aPk1ZPjX5NAQg/310x430/1772290513.webp?s=ae373c86004bc595773c8dbd6647e075f96b345c,1,2
Prada cup bleu foncée ( dark blue ),126.7,Prada,45,https://www.vinted.it/items/8280850211-prada-cup-bleu-foncee-dark-blue?referrer=catalog,6,8280850211,Sold,28/02/2026 19:53:49,,https://images1.vinted.net/t/06_00f31_uPmy4J977FLZ8UEZZ2cQy53t/310x430/1772290308.webp?s=f36a787d04f7bc42020dc5cd545a07da9a12c0b5,1,2
Solo Scatola Prada,16.45,Prada,0,https://www.vinted.it/items/8279880362-solo-scatola-prada?referrer=catalog,3,8279880362,Sold,28/02/2026 19:53:49,,https://images1.vinted.net/t/06_01fff_WwvsUPeQg7p2gBuQxQVUJ7aK/310x430/1772285104.webp?s=42a009df9a0964e0a8b4b59d8f63860c8f2d2f87,1,2
Lunette de soleil Prada,158.2,Prada,0,https://www.vinted.it/items/8280844065-lunette-de-soleil-prada?referrer=catalog,0,8280844065,Sold,28/02/2026 19:53:49,,https://images1.vinted.net/t/06_01f66_wvUzyLqcqC1HuD1FJaaMUXkL/310x430/1772290275.webp?s=1fb51e8a468dc95967260e47380f710d32683232,1,2
borsa prada,105.7,Prada,0,https://www.vinted.it/items/8280814665-borsa-prada?referrer=catalog,27,8280814665,Sold,28/02/2026 19:53:49,,https://images1.vinted.net/t/01_00078_VMJsuKhh95zsL2QCYZ7AYEhp/310x430/1772290121.webp?s=364b3830e502d51200c51c1d3bef5e5790e3be2c,1,2
Prada,53.19,Prada,0,https://www.vinted.it/items/8280814281-prada?referrer=catalog,0,8280814281,Sold,28/02/2026 19:53:49,,https://images1.vinted.net/t/01_017ab_NRxZzJTRJj7fy3duKUa8xn98/310x430/1772290119.webp?s=d2f697d1c469daaf18f709efcbf4dea2386b9ccf,1,2
Polo uomo Luna Rossa Prada Pirelli,126.7,Luna Rossa,S,https://www.vinted.it/items/8280804478-polo-uomo-luna-rossa-prada-pirelli?referrer=catalog,4,8280804478,Sold,28/02/2026 19:53:49,,https://images1.vinted.net/t/05_00df4_jcJsJ4QsG32UgSKPBWPPeHeW/310x430/1772290067.webp?s=9b1bca2b03b5381c4e53cfbb9a4470e3af39d169,1,2
Portachiavi prada,47.95,Prada,0,https://www.vinted.it/items/8280741470-portachiavi-prada?referrer=catalog,4,8280741470,Sold,28/02/2026 19:53:49,,https://images1.vinted.net/t/05_01a16_c24DkbupTBbozKLMSDzcDDLL/310x430/1772289732.webp?s=c93922ec8efb0c452ebcdb14046ed0b52e3b5767,1,2
Felpa Prada Girocollo - Nero,63.69,Prada,L,https://www.vinted.it/items/8280726870-felpa-prada-girocollo-nero?referrer=catalog,1,8280726870,Sold,28/02/2026 19:53:49,,https://images1.vinted.net/t/06_00a2b_2ehkYioSkVyLfED6EnxKHW9A/310x430/1772289654.webp?s=5bb5d819361d7ab3444005f5067035eb10ac9e49,1,2
Prada Re-Nylon puffer jack met afneembare capuchon,1.632,Prada,S,https://www.vinted.it/items/8280700268-prada-re-nylon-puffer-jack-met-afneembare-capuchon?referrer=catalog,1,8280700268,Sold,28/02/2026 19:53:49,,https://images1.vinted.net/t/05_000b5_28RwfUxcmvLc1JtYCqHuY7q3/310x430/1772289512.webp?s=65b86f01565000917c893a38c11d4f71c97beaf0,1,2
Prada Sonnenbrille - neu & ungetragen,168.7,Prada,0,https://www.vinted.it/items/8280691192-prada-sonnenbrille-neu-ungetragen?referrer=catalog,41,8280691192,Sold,28/02/2026 19:53:49,,https://images1.vinted.net/t/05_00429_2oVxPGAmq8BaTBCuYTirCMRp/310x430/1772289465.webp?s=2b7682f2ab590af6755a60674a0072d19d8cd3cb,1,2
Mocassino Prada,561.0,Prada,41,https://www.vinted.it/items/8280672350-mocassino-prada?referrer=catalog,0,8280672350,Sold,28/02/2026 19:53:49,,https://images1.vinted.net/t/01_007d6_58uRri835Y9DnywTChVc49Ky/310x430/1772289364.webp?s=567685928877625a906da1f27d902e8d61338df4,1,2
Cuffia di lana prada,63.7,Prada,Taglia unica,https://www.vinted.it/items/8194197722-cuffia-di-lana-prada?referrer=catalog,6,8194197722,Sold,28/02/2026 19:53:49,,https://images1.vinted.net/t/05_01bd9_AupVTnMG4U7eEAAE1TcAR9zj/310x430/1771320918.webp?s=a52cafd04476c4d8b212e876cae4c734cf8f95c4,1,2
Idée cadeau Prada,16.45,No brand,0,https://www.vinted.it/items/8280644151-idee-cadeau-prada?referrer=catalog,25,8280644151,Sold,28/02/2026 19:53:49,,https://images1.vinted.net/t/05_02030_LmgdBLxWgtgb92poBmRGxW9x/310x430/1772289212.webp?s=bb24fded5e25fe0a6b4fc2b19ea0ce3830020186,1,2
Prada zonnebril heren,79.45,Prada,0,https://www.vinted.it/items/8280641351-prada-zonnebril-heren?referrer=catalog,3,8280641351,Sold,28/02/2026 19:53:49,,https://images1.vinted.net/t/01_0208b_LTEAWPpBYQ2RhUzDZuxkGSQD/310x430/1772289198.webp?s=2c0375a35bcfce771fc2a5f7a94c5ba81d3698a9,1,2
Profumo Prada da uomo,42.7,Prada,0,https://www.vinted.it/items/8280640164-profumo-prada-da-uomo?referrer=catalog,0,8280640164,Sold,28/02/2026 19:53:49,,https://images1.vinted.net/t/06_022bf_L3pwanBF8nquzaMiq23x1hWF/310x430/1772289191.webp?s=5eb578d79efe6b018887f2ca4e24b91e73ac25e2,1,2
Scarpe sneakers Prada,420.7,Prada,40,https://www.vinted.it/items/8280634017-scarpe-sneakers-prada?referrer=catalog,0,8280634017,Sold,28/02/2026 19:53:49,,https://images1.vinted.net/t/05_00eb3_t51ntAe6VaWcZVEKDjcAWwqb/310x430/1772289158.webp?s=3ad48e4de154cd5ee0cda42d275381acc127d30e,1,2
Gafas de sol Prada unisex,74.2,Prada,0,https://www.vinted.it/items/8280616806-gafas-de-sol-prada-unisex?referrer=catalog,60,8280616806,Sold,28/02/2026 19:53:49,,https://images1.vinted.net/t/01_01544_AnFBsDDPnjvxJTY2X1ep5D1k/310x430/1772289067.webp?s=dd70470e7c17a0c5f213126a9412232900012f6c,1,2
Sac Prada,473.2,Prada,0,https://www.vinted.it/items/8251718677-sac-prada?referrer=catalog,4,8251718677,Sold,28/02/2026 19:53:49,,https://images1.vinted.net/t/03_00015_uZLp7YQD29mMQa31NwXrrYtT/310x430/1771943295.webp?s=216bb9ee5a492536d94aa45631ed692c58f7ad9e,1,2
Mealheiro porquinho Agatha Ruiz de La Prada,10.15,Agatha Ruiz de la Prada,0,https://www.vinted.it/items/8280597826-mealheiro-porquinho-agatha-ruiz-de-la-prada?referrer=catalog,1,8280597826,Sold,28/02/2026 19:53:49,,https://images1.vinted.net/t/05_020de_y3K8Qv3G8K2FRh4zLBB3uWhR/310x430/1772288966.webp?s=b84b328ca9571fe88bd4f8dc6c786238465dca32,1,2
Prada cup noir,210.69,Prada,43,https://www.vinted.it/items/8280585750-prada-cup-noir?referrer=catalog,0,8280585750,Sold,28/02/2026 19:53:49,,https://images1.vinted.net/t/03_01d36_pBRpdZAvsp88C5hjUo1e2xj9/310x430/1772290743.webp?s=86815a97401f18149f4d201b92cd6c96a0a954b9,1,2
Tênis Prada,368.2,Prada,41,https://www.vinted.it/items/8280571493-tenis-prada?referrer=catalog,0,8280571493,Sold,28/02/2026 19:53:49,,https://images1.vinted.net/t/01_008a7_R44LFaezQZ94Xy8yKZE1W1Lt/310x430/1772288826.webp?s=9969843a30b5c3f445b19ff3d2e955fdba6500d2,1,2
Prada Brille,105.7,Prada,0,https://www.vinted.it/items/8280565468-prada-brille?referrer=catalog,0,8280565468,Sold,28/02/2026 19:53:49,,https://images1.vinted.net/t/05_01ac4_GFcKLepfndddPob2AGPR8o8V/310x430/1772288795.webp?s=db51be7d80af2b6a0455b952ade8451870fe6303,1,2
prada cups blu e bianche,79.45,Prada,40,https://www.vinted.it/items/8280525417-prada-cups-blu-e-bianche?referrer=catalog,29,8280525417,Sold,28/02/2026 19:53:49,,https://images1.vinted.net/t/06_019a2_tTcByQQ4bZiW7LyWNrfRQGzD/310x430/1772288582.webp?s=6a4ac7c04c90b2c25c112ca1ea92c6797c4a4b1a,1,2
Lait parfumé paradoxe,20.44,Prada,0,https://www.vinted.it/items/8280520414-lait-parfume-paradoxe?referrer=catalog,1,8280520414,Sold,28/02/2026 19:53:49,,https://images1.vinted.net/t/05_016d3_YJGvUgibkahuHacjXo7QDE7g/310x430/1772288555.webp?s=1d7d1e5b09fd67eafcc2f21e2c1f244b4abb8ce0,1,2
Bermuda 36 mesi nuovo,11.2,Agatha Ruiz de la Prada,3 anni / 98 cm,https://www.vinted.it/items/8280478839-bermuda-36-mesi-nuovo?referrer=catalog,9,8280478839,Sold,28/02/2026 19:53:49,,https://images1.vinted.net/t/06_00233_G85NJ7s3GGp7NjhCGUjoSiom/310x430/1772288332.webp?s=3f854d295ef1753d2e329fcffb18b4265977f879,1,2
Occhiali da sole Prada,131.95,Prada,0,https://www.vinted.it/items/8280435899-occhiali-da-sole-prada?referrer=catalog,58,8280435899,Sold,28/02/2026 19:53:49,,https://images1.vinted.net/t/01_000f9_qfUeyW69GK3BkNRfSNHLaUdb/310x430/1772288104.webp?s=a60c510bc51b29e60079afbce1ea2df04e7bf629,1,2
Parfums Prada Paradoxe Eau de - 90ML,47.95,Prada,0,https://www.vinted.it/items/8280394556-parfums-prada-paradoxe-eau-de-90ml?referrer=catalog,1,8280394556,Sold,28/02/2026 19:53:49,,https://images1.vinted.net/t/01_02017_2fDfneP1qKCTJDGvymUgxpfo/310x430/1772287883.webp?s=b5fd67bdb1b305bc7fdde103544bc6ef9265def7,1,2
PRADA Staubbeutel/Schuhbeutel,21.7,Prada,0,https://www.vinted.it/items/8280359871-prada-staubbeutelschuhbeutel-satin-2-stuck-nachtblau?referrer=catalog,0,8280359871,Sold,28/02/2026 19:53:49,,https://images1.vinted.net/t/05_025ed_PKvTGbiYe1QXCE936qyLAnQX/310x430/r3/1772287695.webp?s=97dc6bd8090d56acc3aece52a7f2af516302bccf,1,2
Prada bril nep,40.08,Prada,0,https://www.vinted.it/items/8280349931-prada-bril-nep?referrer=catalog,2,8280349931,Sold,28/02/2026 19:53:49,,https://images1.vinted.net/t/05_023b9_MihsNMiUYKGNuTXp3bpB4ggs/310x430/1772287643.webp?s=604d0dd401d5f52db65beef2f5a582863a3d1dcf,1,2
Prada Cups schwarz black,95.2,Prada,43,https://www.vinted.it/items/8280307072-prada-cups-schwarz-black?referrer=catalog,0,8280307072,Sold,28/02/2026 19:53:49,,https://images1.vinted.net/t/05_0126d_YUGqWBpm8ePdi4yq2FXhd8GQ/310x430/1772287413.webp?s=abc45fcc83a3976b7b4582f20eb12e8177d5a5ef,1,2
Brume paradoxe,20.55,Prada,0,https://www.vinted.it/items/8280296830-brume-paradoxe?referrer=catalog,10,8280296830,Sold,28/02/2026 19:53:49,,https://images1.vinted.net/t/01_016f4_m4B8DSn6QRqvcv6dD3dbaGPi/310x430/1772287358.webp?s=773181e268ac3f442fc9b960c07cc8d8f3ee6ba1,1,2
Borsa Prada,1.377,Prada,0,https://www.vinted.it/items/8280255205-borsa-prada?referrer=catalog,14,8280255205,Sold,28/02/2026 19:53:49,,https://images1.vinted.net/t/06_017ac_diNVXQJbznxErB3cdSmzcoxS/310x430/1772287133.webp?s=f73be422ae856840979bb674b003086a062538bb,1,2
Borsa Prada,1.581,Prada,0,https://www.vinted.it/items/8280251008-borsa-prada?referrer=catalog,0,8280251008,Sold,28/02/2026 19:53:49,,https://images1.vinted.net/t/05_023c6_KFMCgLJNccgn7KoM58t6gk4u/310x430/1772287111.webp?s=a1715564bdbb01b680f0185a2d9d8e9809f8cb10,1,2
Pantalon pour femme,126.7,Prada,L / IT 44 / EU 40,https://www.vinted.it/items/8280227271-pantalon-pour-femme?referrer=catalog,1,8280227271,Sold,28/02/2026 19:53:49,,https://images1.vinted.net/t/06_016e5_z8AhB8NM3HEba3rNEC9neYHh/310x430/1772286983.webp?s=b95e589c5b8bf763dfe9a9007c654394f690eb3a,1,2
Prada Cups 43,95.2,Prada,43,https://www.vinted.it/items/8280225257-prada-cups-43?referrer=catalog,1,8280225257,Sold,28/02/2026 19:53:49,,https://images1.vinted.net/t/05_01bdc_XnL6Aaqd3YJDFfPZYgwL1Lah/310x430/1772286973.webp?s=daa484c89c9dd7a7c08367e274cfd83f0b83a902,1,2
Prada paradoxe 90 ml,47.95,Prada,0,https://www.vinted.it/items/8280219958-prada-paradoxe-90-ml?referrer=catalog,0,8280219958,Sold,28/02/2026 19:53:49,,https://images1.vinted.net/t/06_014c0_LjQvdSdvTY9DPpkCZpUajz38/310x430/1772286945.webp?s=501e9866dd5d13f312109b12beedad3c316e44e9,1,2
Prada Cups,116.2,Prada,42,https://www.vinted.it/items/8280211484-prada-cups?referrer=catalog,0,8280211484,Sold,28/02/2026 19:53:49,,https://images1.vinted.net/t/05_00de8_H4LYdKXBV2Tc4daXQ8foy9DN/310x430/1772286899.webp?s=af62eba20d609a3f835efa87a6f553fe1a647344,1,2
parfum prada Paradoxe,95.2,Prada,0,https://www.vinted.it/items/8280191411-parfum-prada-paradoxe?referrer=catalog,0,8280191411,Sold,28/02/2026 19:53:49,,https://images1.vinted.net/t/05_00b94_L53oHjUvcFk1QpHJVkK319vE/310x430/1772286791.webp?s=9ea641b50e7413ebd54e221afb2d34bd4e9ab8b9,1,2
Lunette de soleil PRADA,221.2,Prada,0,https://www.vinted.it/items/8280183503-lunette-de-soleil-prada?referrer=catalog,0,8280183503,Sold,28/02/2026 19:53:49,,https://images1.vinted.net/t/05_020c8_yFNRnXgbwrobwLZne3RCB7K6/310x430/1772286748.webp?s=cd0aef4f8ccab37e023f5f5cc79078fee945e03d,1,2
Prada Amber 80ml EDP,74.2,Prada,0,https://www.vinted.it/items/8280153692-prada-amber-80ml-edp?referrer=catalog,1,8280153692,Sold,28/02/2026 19:53:49,,https://images1.vinted.net/t/06_01421_pzAdDPC9gW74KaKrQ2VNGX8K/310x430/1772286586.webp?s=94b676d60bc539a6e95b79a4d23b433b51c90e7d,1,2
Occhiali da sole PRADA Linea Rossa SPS 03X - NUOVI,126.7,Prada,0,https://www.vinted.it/items/8280128688-occhiali-da-sole-prada-linea-rossa-sps-03x-nuovi?referrer=catalog,5,8280128688,Sold,28/02/2026 19:53:49,,https://images1.vinted.net/t/05_00511_oTbfY51bbjSxpyYqqFSTwR78/310x430/1772286450.webp?s=7e15c23b05a13ea1d399406a1f523f4211009455,1,2
Gafas sol,210.7,Prada,0,https://www.vinted.it/items/8280127545-gafas-sol?referrer=catalog,0,8280127545,Sold,28/02/2026 19:53:49,,https://images1.vinted.net/t/06_02312_hskmfTDptT3iwEPPC4YqScoj/310x430/1772286444.webp?s=f2e968f5175870d018c512f7f68f99d0cd3bfbd9,1,2
Prada Cups 42,95.2,Prada,42,https://www.vinted.it/items/8280027537-prada-cups-42?referrer=catalog,21,8280027537,Sold,28/02/2026 19:53:49,,https://images1.vinted.net/t/06_001a5_CXarQ2xvJD3qCxWWz4v7hsja/310x430/1772285905.webp?s=e5b637664d4f26d736b95f8b121ad85141171fa4,1,2
Libro moda Prada,11.2,No brand,0,https://www.vinted.it/items/8280084268-libro-moda-prada?referrer=catalog,12,8280084268,Sold,28/02/2026 19:53:49,,https://images1.vinted.net/t/06_01ec6_tEFfXLBwpq23bc1PnGneVyLE/310x430/1772286210.webp?s=b0be51c79a530efdbfc479f5b16e08deca63137d,1,2
Gafas sol,210.7,Prada,0,https://www.vinted.it/items/8280076712-gafas-sol?referrer=catalog,0,8280076712,Sold,28/02/2026 19:53:49,,https://images1.vinted.net/t/05_01bc9_toRrJ7fDazyXe7s4sxb2eVF6/310x430/1772286169.webp?s=73fd3a8245098bbb7dd10c77158b9e6f1bd9ac17,1,2
Recharge Prada Paradoxe,100.45,Prada,0,https://www.vinted.it/items/8280072380-recharge-prada-paradoxe?referrer=catalog,0,8280072380,Sold,28/02/2026 19:53:49,,https://images1.vinted.net/t/05_021f8_NmKQvD6y1vDz6XPzanvsPi9W/310x430/1772286146.webp?s=62c335f28dd77075a2491a26e434f3f51bf3d63c,1,2
Parfum Prada  Candy,15.4,Prada,0,https://www.vinted.it/items/8280067568-parfum-prada-candy?referrer=catalog,0,8280067568,Sold,28/02/2026 19:53:49,,https://images1.vinted.net/t/06_00a18_2S7y8G4dctSSwJFwvJ4Bu3YX/310x430/1772286120.webp?s=a3e9465ce82ac531bb5f5e7d85f6f62aa46c4e55,1,2
Authentic Designer Perfumes – brand new 💕,66.85,Prada,0,https://www.vinted.it/items/8280061026-authentic-designer-perfumes-brand-new?referrer=catalog,0,8280061026,Sold,28/02/2026 19:53:49,,https://images1.vinted.net/t/06_012f9_rXFCipEnRsaLpccLizG85DWr/310x430/1772286085.webp?s=2253ee92895640b9da8173cf1e27954bba1d0488,1,2
Tarjetero Prada,189.7,Prada,0,https://www.vinted.it/items/8280046714-tarjetero-prada?referrer=catalog,2,8280046714,Sold,28/02/2026 19:53:49,,https://images1.vinted.net/t/06_01192_hPiCenNVMJzBm3R6wXmfSqUP/310x430/1772286008.webp?s=e64f44b2400125a16e9a851eb62a7de1f67f4d43,1,2
Prada intense,40.6,Prada,0,https://www.vinted.it/items/8276287600-prada-intense?referrer=catalog,1,8276287600,Sold,27/02/2026 23:44:26,,https://images1.vinted.net/t/05_02467_YAUoq9p3Cu4wPzHvpJLdqYca/310x430/1772231548.webp?s=e9be1e4985f880d0cf761a4061868eb04d08e9be,1,1
Jeans Prada da uomo – Verde acqua – Taglia 50 – Nuovo con cartellino,63.7,Prada,L,https://www.vinted.it/items/8276287413-jeans-prada-da-uomo-verde-acqua-taglia-50-nuovo-con-cartellino?referrer=catalog,3,8276287413,Sold,27/02/2026 23:44:26,,https://images1.vinted.net/t/05_00750_PDabgkmZ6VznnPZ498zPy8Gf/310x430/1772231544.webp?s=40d67356dccedfb945402cb2c6564f9f53206eef,1,1
Prada handcreme 50ml,37.45,Prada,0,https://www.vinted.it/items/8276284087-prada-handcreme-50ml?referrer=catalog,0,8276284087,Sold,27/02/2026 23:44:26,,https://images1.vinted.net/t/01_00e09_SPiu2krGPdrGbTfY2ooF8NkH/310x430/1772231478.webp?s=71ea1a695b3b4286de57ca2f31beab6adee3f5e6,1,1
Estuche Portatodo Agatha Ruiz de la Prada  Nuevo con Etiqueta - Colección Miquel Rius años 2000s,14.35,Agatha Ruiz de la Prada,0,https://www.vinted.it/items/8276274038-estuche-portatodo-agatha-ruiz-de-la-prada-nuevo-con-etiqueta-coleccion-miquel-rius-anos-2000s?referrer=catalog,0,8276274038,Sold,27/02/2026 23:44:26,,https://images1.vinted.net/t/05_002ba_6MUU7FWAH9jfx1MEzsyM4Ajn/310x430/1772231282.webp?s=6cde3b031e5d8f3d0d5c6637276101528a0f6947,1,1
Prada nieuw met prijskaartje,136.15,Prada,0,https://www.vinted.it/items/8276271652-prada-nieuw-met-prijskaartje?referrer=catalog,0,8276271652,Sold,27/02/2026 23:44:26,,https://images1.vinted.net/t/05_01406_LVjcg1LGk1Y1ZpAQtSnimufB/310x430/1772231235.webp?s=44c40688932a0d98fb9135c90c213fe47971e5c8,1,1
PRADA,84.7,Prada,0,https://www.vinted.it/items/8276266240-prada?referrer=catalog,0,8276266240,Sold,27/02/2026 23:44:26,,https://images1.vinted.net/t/05_00aeb_NcX1yYq1tGSshoRQH1XZAucD/310x430/1772231269.webp?s=a13626894daeebe1d9f9d985930c824e6fe36d2b,1,1
Lunette de soleil prada,21.7,Prada,0,https://www.vinted.it/items/8276266147-lunette-de-soleil-prada?referrer=catalog,2,8276266147,Sold,27/02/2026 23:44:26,,https://images1.vinted.net/t/05_026c7_CE6HknYUW8TLRexbghMHcmAQ/310x430/1772231131.webp?s=89cc9ccc18cf16e5b723fa19aadcc07e827c3569,1,1
Smanicato Prada,578.2,Prada,S,https://www.vinted.it/items/8276257799-smanicato-prada?referrer=catalog,0,8276257799,Sold,27/02/2026 23:44:26,,https://images1.vinted.net/t/05_012e5_vgTpfikcNiaPMCpJdZSgoePB/310x430/1772230979.webp?s=2b3bbd6c14ffb90db711455be8f1064a0a202761,1,1
Foundation Prada Neu,36.4,Prada,0,https://www.vinted.it/items/8276254296-foundation-prada-neu?referrer=catalog,0,8276254296,Sold,27/02/2026 23:44:26,,https://images1.vinted.net/t/06_01eac_CfeaNJszpdiHJpfp4Gz98BKg/310x430/1772230916.webp?s=cc3267442a377171db41eff4d3be258ce8d3e79f,1,1
Prada Sandels,231.7,Prada,39,https://www.vinted.it/items/8276248723-prada-sandels?referrer=catalog,0,8276248723,Sold,27/02/2026 23:44:26,,https://images1.vinted.net/t/01_00a42_oTrakrJScfwZFnRiqY3aRqJY/310x430/1772230819.webp?s=70cbe09556080312d6ad6cb58e899dc956e69707,1,1
Eau de parfum,53.2,Prada,0,https://www.vinted.it/items/8276247342-eau-de-parfum-paradoxe-prada-vaporisateur-rechargeable-90-ml-neuf?referrer=catalog,0,8276247342,Sold,27/02/2026 23:44:26,,https://images1.vinted.net/t/01_00d9b_nKPKqfNXi4AWRu4BSf4ZHAPz/310x430/1772230794.webp?s=1a29ed280a3711157e986df9ad81674fe70741d9,1,1
Prada Paradoxe eau de parfum 90ml,36.4,Prada,0,https://www.vinted.it/items/8276223999-prada-paradoxe-eau-de-parfum-90ml?referrer=catalog,1,8276223999,Sold,27/02/2026 23:44:26,,https://images1.vinted.net/t/06_0032f_DRsiybGXAqakgsLuQCHD1ccr/310x430/1772230395.webp?s=3972925cfad074dcdbf10f3abcd83abc75ab8980,1,1
Conjunto de ágata Ruiz de la Prada de plata muy bonito para chica,22.75,Prada,Taglia unica,https://www.vinted.it/items/8276215831-conjunto-de-agata-ruiz-de-la-prada-de-plata-muy-bonito-para-chica?referrer=catalog,0,8276215831,Sold,27/02/2026 23:44:26,,https://images1.vinted.net/t/01_02319_2A7E8xykUHSmTX7hTdCRGc8p/310x430/1772230257.webp?s=c26d94e6ceaa346ba7b7a14d75e9e5bc63ae21d4,1,1
Prada cup,126.7,Prada,46,https://www.vinted.it/items/8276210946-prada-cup?referrer=catalog,0,8276210946,Sold,27/02/2026 23:44:26,,https://images1.vinted.net/t/05_00e40_oU5BJdF7ZjuVkTk2tCCvmkbe/310x430/1772230180.webp?s=72d2af64955f62af914f3e42245788eabcf7937c,1,1
Damen Parfum,63.7,Prada,0,https://www.vinted.it/items/8276196546-damen-parfum?referrer=catalog,2,8276196546,Sold,27/02/2026 23:44:26,,https://images1.vinted.net/t/01_0138b_2GVWwLudEehGDX2FwyBn4zgu/310x430/1772229952.webp?s=63b4045dc6abc814528277740d74df4f604a4514,1,1
Sac PRADA,74.2,Prada,0,https://www.vinted.it/items/8248154071-sac-prada?referrer=catalog,0,8248154071,Sold,27/02/2026 23:44:26,,https://images1.vinted.net/t/04_000a7_eVSoaB9drn3ji9KWsfXRENqL/310x430/1771884947.webp?s=6b22952b053aefb07aa6095acaa586687b772893,1,1
Parfum Prada Paradoxe,47.95,No brand,0,https://www.vinted.it/items/8276186419-parfum-prada-paradoxe?referrer=catalog,0,8276186419,Sold,27/02/2026 23:44:26,,https://images1.vinted.net/t/05_01e25_Rde6XaAsvNjsFyk7PWcdBkML/310x430/1772229798.webp?s=6b82eaa2d76a5092aba73f6f2a0cd2b8cce02f49,1,1
prada cup rouge bordeaux,126.7,Prada,43,https://www.vinted.it/items/8276177142-prada-cup-rouge-bordeaux?referrer=catalog,0,8276177142,Sold,27/02/2026 23:44:26,,https://images1.vinted.net/t/05_02598_R9nmCNbdh2qkX66aW5bNgzWF/310x430/1772229655.webp?s=c70b18354d4d226df8464ff0edb987b74aaabf21,1,1
Prada portemonnee,21.69,Prada,0,https://www.vinted.it/items/8248050367-prada-portemonnee?referrer=catalog,0,8248050367,Sold,27/02/2026 23:44:26,,https://images1.vinted.net/t/05_00c37_Ww1KgzR7ayVVS1aacDP4fQKC/310x430/1771883468.webp?s=e5d18c547d9d7d22372c748851c013e28aed62fd,1,1
Prada Taschenspiegel,42.7,Prada,0,https://www.vinted.it/items/8276172861-prada-taschenspiegel?referrer=catalog,0,8276172861,Sold,27/02/2026 23:44:26,,https://images1.vinted.net/t/04_020d7_aRL8RNN5yqmT4YD4HsiFMwYa/310x430/1772229590.webp?s=dae3077ad658cc8ba8e9a34a76cff159f4a515f3,1,1
Prada Weste,39.55,Prada,M,https://www.vinted.it/items/8276114848-prada-weste?referrer=catalog,2,8276114848,Sold,27/02/2026 23:44:26,,https://images1.vinted.net/t/05_00a5c_QJvQzG31zE3ewiqm4KYe3xFA/310x430/1772228750.webp?s=740b0719449172fc9d2d87e72089b04fe00c5702,1,1
Prada paradoxe parfum 90ml,53.2,Prada,0,https://www.vinted.it/items/8276107524-prada-paradoxe-parfum-90ml?referrer=catalog,0,8276107524,Sold,27/02/2026 23:44:26,,https://images1.vinted.net/t/05_00477_oQpnYo2UCdC82UiRKbm5t7W6/310x430/1772228646.webp?s=7d5aad4209ff8bb5268e3509dbff0966e759c0bb,1,1
Prada infusion de fleur d' Oranger for woman,52.15,Fleur,0,https://www.vinted.it/items/8276093577-prada-infusion-de-fleur-d-oranger-for-woman?referrer=catalog,1,8276093577,Sold,27/02/2026 23:44:26,,https://images1.vinted.net/t/05_016e0_P7tUvNYeygjHVCEntssngaqh/310x430/1772228455.webp?s=9e47aeaf76f8afa431a7bb52d887a4818183d36b,1,1
Lunettes de soleil Prada,105.7,Prada,0,https://www.vinted.it/items/8276087826-lunettes-de-soleil-prada?referrer=catalog,2,8276087826,Sold,27/02/2026 23:44:26,,https://images1.vinted.net/t/05_01e0f_m3fdzRn63NgQmX4EWwAeuHcR/310x430/1772228378.webp?s=aec4b88ef0a633d385049a69a4e3374f147dd128,1,1
Gafas de sol Prada,305.2,Prada,0,https://www.vinted.it/items/8276087026-gafas-de-sol-prada?referrer=catalog,2,8276087026,Sold,27/02/2026 23:44:26,,https://images1.vinted.net/t/05_023fe_w89fs7kJGfBZcoHWxPGazaUw/310x430/1772228368.webp?s=71d2ce1bbe0ed3e132c410a2848519189a71c387,1,1
Piumino Prada originale,420.7,Prada,L / IT 44 / EU 40,https://www.vinted.it/items/8276042392-piumino-prada-originale?referrer=catalog,0,8276042392,Sold,27/02/2026 23:44:26,,https://images1.vinted.net/t/04_016cc_JaTFSkQvRk1sUL3sY4cvrQVe/310x430/1772227784.webp?s=d8ba36ef7b69ab01ed3a690a02bc38a6730a0ff6,1,1
Prada paradoxe,37.45,Paradoxe,0,https://www.vinted.it/items/8276038933-prada-paradoxe?referrer=catalog,0,8276038933,Sold,27/02/2026 23:44:26,,https://images1.vinted.net/t/01_007fd_rwnGU5J6xUBm9Y6wJ3LNUaSJ/310x430/1772227740.webp?s=2d2604dfbb64f062b132ffd69ca8bd3a54d0915b,1,1
Jersey verde Prada hombre 48 lana,263.2,Prada,M,https://www.vinted.it/items/8247879002-jersey-verde-prada-hombre-48-lana?referrer=catalog,1,8247879002,Sold,27/02/2026 23:44:26,,https://images1.vinted.net/t/04_018aa_3JYSV74pL33wDr3W9wsLWB1k/310x430/1771881520.webp?s=8fdaac493309ca514562489cf99df178de417ca5,1,1
Gafas Prada,32.2,No brand,0,https://www.vinted.it/items/8275991014-gafas-prada?referrer=catalog,3,8275991014,Sold,27/02/2026 23:44:26,,https://images1.vinted.net/t/06_00761_8PwgbjYfRTqzFk1C1tAbr8VA/310x430/1772227146.webp?s=5aed329485b3ec009fd6f8b9a4b06f66cd6cf271,1,1
Prada Paradoxe Intense,32.2,Prada,0,https://www.vinted.it/items/8273190377-prada-paradoxe-intense?referrer=catalog,4,8273190377,Sold,27/02/2026 23:44:26,,https://images1.vinted.net/t/05_0257f_AzLhHTeVuyfb4bSpwuv7kc9A/310x430/1772204343.webp?s=f21ebc59d3cc05fd1fbae084836f033415c56918,1,1
Boite a lunette prada neuf,9.1,Prada,0,https://www.vinted.it/items/8275946886-boite-a-lunette-prada-neuf?referrer=catalog,1,8275946886,Sold,27/02/2026 23:44:26,,https://images1.vinted.net/t/06_01a9f_JLeZbVei3EDu1FrA8DeaVGyR/310x430/1772226628.webp?s=744266b150f4ff12ca663f5dbd6f6a3961b89b15,1,1
Robe d'été 3 mois,4.9,Agatha Ruiz de la Prada,3-6 mesi / 62 cm,https://www.vinted.it/items/8275935805-robe-dete-3-mois?referrer=catalog,0,8275935805,Sold,27/02/2026 23:44:26,,https://images1.vinted.net/t/06_02638_vxERHqyUBGTp8Yit4RVsY85E/310x430/1772226503.webp?s=ab5427edfda66c43131c029d73ebf4ece9851b35,1,1
Prada Sunglasses,95.2,Prada,0,https://www.vinted.it/items/8275901270-prada-sunglasses?referrer=catalog,1,8275901270,Sold,27/02/2026 23:44:26,,https://images1.vinted.net/t/06_0237c_jDsbq4KPwaRjVviG1WrsUZqf/310x430/1772226129.webp?s=67f90b4bb6b7abb54338093ca3ec9d537a0eea1e,1,1
Profumo donna,37.45,Prada,0,https://www.vinted.it/items/8275900949-profumo-donna?referrer=catalog,5,8275900949,Sold,27/02/2026 23:44:26,,https://images1.vinted.net/t/06_02411_sEK76n1wZjs2E718f4n1JAP1/310x430/1772226125.webp?s=12e44c27678bc0e65ac1336bdb3e9a490aef96de,1,1
Agatha Ruiz de la Prada billetero/ cartera rosa / Agatha Ruiz de la Prada Wallet Pink,16.35,Agatha Ruiz de la Prada,0,https://www.vinted.it/items/8275885561-agatha-ruiz-de-la-prada-billetero-cartera-rosa-agatha-ruiz-de-la-prada-wallet-pink?referrer=catalog,9,8275885561,Sold,27/02/2026 23:44:26,,https://images1.vinted.net/t/01_015bb_acntg7fP7at3acPXQb46c8pd/310x430/1772225962.webp?s=d8afc8f0852a8459c2506d155ebf75985ca3d287,1,1
Prada brille,79.44,Prada,0,https://www.vinted.it/items/8275830938-prada-brille?referrer=catalog,1,8275830938,Sold,27/02/2026 23:44:26,,https://images1.vinted.net/t/05_021c3_2N3rh5QCqhmoJ3uSqJ1Kk5FA/310x430/1772225384.webp?s=58cffc9af9d01c5f8d7168829062ce6b8c07fe3b,1,1
Parfum 10ml l'homme de prada,8.05,Prada,0,https://www.vinted.it/items/8275850757-parfum-10ml-lhomme-de-prada?referrer=catalog,1,8275850757,Sold,27/02/2026 23:44:26,,https://images1.vinted.net/t/05_01362_mRvbwc6ukTx7yARvcqr4jVFL/310x430/1772225592.webp?s=712b0c5f54c509637059473dff3a469eadd2a5ba,1,1
Parfüm Prada Paradoxe Radical Essence,3.85,Prada,0,https://www.vinted.it/items/8275840846-parfum-prada-paradoxe-radical-essence?referrer=catalog,0,8275840846,Sold,27/02/2026 23:44:26,,https://images1.vinted.net/t/01_022fb_Dfu3foXoHGFQfbwJoCh4CjLu/310x430/1772225487.webp?s=2652c137f1d18e7fa60c4d288b58784fc970f610,1,1
Pantalone Prada Donna,95.2,Prada,XS / IT 38 / EU 34,https://www.vinted.it/items/8275822262-pantalone-prada-donna?referrer=catalog,15,8275822262,Sold,27/02/2026 23:44:26,,https://images1.vinted.net/t/05_00bb3_mhyvpMGeiibqZqufNyBAgTkp/310x430/1772225293.webp?s=38382d268cfa0ee147a5792d6191a7c25479d16e,1,1
Prada,26.95,Prada,0,https://www.vinted.it/items/8275813177-prada?referrer=catalog,0,8275813177,Sold,27/02/2026 23:44:26,,https://images1.vinted.net/t/01_0155b_RP4rU9c4EB9t8f29PNzmCEvY/310x430/1772225202.webp?s=b32f1416799dd95d0e49ad8f2d198f562d1e1fc7,1,1
Prada PR15YS Sonnenbrille,178.15,Prada,0,https://www.vinted.it/items/8275792992-prada-pr15ys-sonnenbrille?referrer=catalog,0,8275792992,Sold,27/02/2026 23:44:26,,https://images1.vinted.net/t/06_017db_3eWpUkWTxfHhRec8zknowj7n/310x430/1772226649.webp?s=ca1b8bf5d4de8c01e1f5e441acc211171173e74a,1,1
La femme prada intense 50 ml,53.2,Prada,0,https://www.vinted.it/items/8275778440-la-femme-prada-intense-50-ml?referrer=catalog,0,8275778440,Sold,27/02/2026 23:44:26,,https://images1.vinted.net/t/06_003cd_6LbgLUmvo2NdLt4Uof1Cnn86/310x430/1772224849.webp?s=5ef8c0b9b785772d9438a9d5dfcacde99db278e7,1,1
Basket prada America’s Cup taille 40,103.6,Prada,40,https://www.vinted.it/items/8275774633-basket-prada-americas-cup-taille-40?referrer=catalog,5,8275774633,Sold,27/02/2026 23:44:26,,https://images1.vinted.net/t/06_01686_W5vDzEeKqNN2C7pYhrnZCfFP/310x430/1772224810.webp?s=27dfa5c57c7e9f5f10365535088aeda555ba75bc,1,1
Piumino Prada Donna,525.7,Prada,L / IT 44 / EU 40,https://www.vinted.it/items/8275764584-piumino-prada-donna?referrer=catalog,0,8275764584,Sold,27/02/2026 23:44:26,,https://images1.vinted.net/t/05_0006b_LWvAzi4C9W8dbZLbQuaknipm/310x430/1772224707.webp?s=61662a7adb27983f4550c41cb35678e92eba7c66,1,1
Invito Sfilata PRADA Donna autunno/Inverno 2026 - originale Collezione,11.2,Prada,0,https://www.vinted.it/items/8275754203-invito-sfilata-prada-donna-autunnoinverno-2026-originale-collezione?referrer=catalog,1,8275754203,Sold,27/02/2026 23:44:26,,https://images1.vinted.net/t/06_01826_YpyUsAk6RLhRS4qxEn3WjHVW/310x430/1772224606.webp?s=169480016c28de94b4ceda0387e2002bcbf4b6d6,1,1
Mirlo blanco,7.0,No brand,0,https://www.vinted.it/items/8275731102-mirlo-blanco-cisne-negro-juan-manuel-de-prada?referrer=catalog,0,8275731102,Sold,27/02/2026 23:44:26,,https://images1.vinted.net/t/04_02243_LFRU2AG7Y4MdoyXESKRVtPyG/310x430/1772224375.webp?s=5279a94987eb821a714316c0e1081c0116b105e7,1,1
Baskets prada,158.2,Prada,41,https://www.vinted.it/items/8275722860-baskets-prada?referrer=catalog,1,8275722860,Sold,27/02/2026 23:44:26,,https://images1.vinted.net/t/05_01b7b_ppm8QgZKCif17tjXzFvPrrhr/310x430/1772224291.webp?s=ef4f9f7fe981846f1f1a1425c5f4a6dd06dba46f,1,1
Occhiali prada unisex nuovi,221.2,Prada,0,https://www.vinted.it/items/8275689239-occhiali-prada-unisex-nuovi?referrer=catalog,0,8275689239,Sold,27/02/2026 23:44:26,,https://images1.vinted.net/t/06_00428_LMj4YuLzAYkqtsFjwMhUsbVe/310x430/1772223959.webp?s=6f6a7ace4090d77863e75bea5af66f71a02733fb,1,1
Prada Cups black,105.7,Schuh,47,https://www.vinted.it/items/8275684305-prada-cups-black?referrer=catalog,5,8275684305,Sold,27/02/2026 23:44:26,,https://images1.vinted.net/t/04_00bea_sgecz5xRcU5beLn6PXkNXEkh/310x430/1772223910.webp?s=692d7aacdf9a9b1b2d641354a5e9c527f99d9858,1,1
Parfum miniatuur nieuw Prada Paradoxe,16.45,Prada,0,https://www.vinted.it/items/8275679678-parfum-miniatuur-nieuw-prada-paradoxe?referrer=catalog,3,8275679678,Sold,27/02/2026 23:44:26,,https://images1.vinted.net/t/03_01199_aotJR2JXdKc7hrn6BC3zZ13f/310x430/1772223865.webp?s=770084b1827f361aa5ce975ab0251702aac98b9f,1,1
Borsa Shopping Prada Beauty,32.2,Prada beauty,0,https://www.vinted.it/items/8275676399-borsa-shopping-prada-beauty?referrer=catalog,0,8275676399,Sold,27/02/2026 23:44:26,,https://images1.vinted.net/t/06_01a25_F6GC5RxUNeAyMFdfLnZcNgaN/310x430/1772223835.webp?s=e4f7524cfdc4f1b83f9f4c006f6195af93ea3836,1,1
Sacca porta oggetti Prada,6.27,Prada,0,https://www.vinted.it/items/8275666093-sacca-porta-oggetti-prada?referrer=catalog,1,8275666093,Sold,27/02/2026 23:44:26,,https://images1.vinted.net/t/05_021fd_UnUMxZCS4dfjQT2QKZ7ehro4/310x430/1772223735.webp?s=6ffc217a64888a38d67adf84a9e49504cf76da15,1,1
Polo luna rossa Prada,189.7,Luna Rossa,XXXL,https://www.vinted.it/items/8275654972-polo-luna-rossa-prada?referrer=catalog,0,8275654972,Sold,27/02/2026 23:44:26,,https://images1.vinted.net/t/04_01922_DMgZQvM7nXgpvdCdtqpoPUts/310x430/1772223630.webp?s=d6e9a508b7ea9a041a5b060ecde9cce111b682b6,1,1
Occhiali da sole Prada PR 15US Azure Blue con lenti Light Green - scatola originale,314.65,Prada,0,https://www.vinted.it/items/8275649600-occhiali-da-sole-prada-pr-15us-azure-blue-con-lenti-light-green-scatola-originale?referrer=catalog,0,8275649600,Sold,27/02/2026 23:44:26,,https://images1.vinted.net/t/04_01a05_jiufvPQit5BhoFjDWENnGBdQ/310x430/1772223579.webp?s=26249c99a5ec1fdda7954345c7b6931785d35afb,1,1
Gafas Prada,42.7,Prada,0,https://www.vinted.it/items/8275618391-gafas-prada?referrer=catalog,1,8275618391,Sold,27/02/2026 23:44:26,,https://images1.vinted.net/t/06_00907_gcQniSsLYpj2E1gpg8NiTJp6/310x430/1772223286.webp?s=d737bbb17d580aba32161448d170965ab5784f4c,1,1
Cravate Prada,68.95,Prada,0,https://www.vinted.it/items/8275222179-cravate-prada?referrer=catalog,3,8275222179,Sold,27/02/2026 23:44:26,,https://images1.vinted.net/t/03_001a1_FnTy4XYgKh5uXd283QvYWwmR/310x430/1772219675.webp?s=f0355703e00bb3d5f010dfa39dce8484d315a443,1,1
Livres lookbook Prada 2025 sous blister,42.7,Prada,0,https://www.vinted.it/items/8275587473-livres-lookbook-prada-2025-sous-blister?referrer=catalog,0,8275587473,Sold,27/02/2026 23:44:26,,https://images1.vinted.net/t/04_0036a_PUqsWpE2pxV8Hiv29rVgV1WW/310x430/1772222995.webp?s=33464f536710bc50a677eb4645a356dfa53a2b8a,1,1
Abrigo Agatha Ruiz de la Prada Impermeable Talla 8 años. Manteau imperméable. Casaco impermeável,68.95,Agatha Ruiz de la Prada,8 anni / 128 cm,https://www.vinted.it/items/8275584074-abrigo-agatha-ruiz-de-la-prada-impermeable-talla-8-anos-manteau-impermeable-casaco-impermeavel?referrer=catalog,45,8275584074,Sold,27/02/2026 23:44:26,,https://images1.vinted.net/t/06_012ec_3SGtpeQRx2cZchLrqCgvzuM4/310x430/1772222963.webp?s=73611b1798619ec369759939e4f84e7a1194f839,1,1
Prada Candy sugar pop,47.95,Prada,0,https://www.vinted.it/items/8275580735-prada-candy-sugar-pop?referrer=catalog,0,8275580735,Sold,27/02/2026 23:44:26,,https://images1.vinted.net/t/04_01259_8P8RBLcpABPEiKKAeA4epoMR/310x430/1772222932.webp?s=d71431b7abb297b7a045b46feccfbb1a9c621cba,1,1
PRADA Paradoxe,84.7,Prada,0,https://www.vinted.it/items/8275543508-prada-paradoxe?referrer=catalog,0,8275543508,Sold,27/02/2026 23:44:26,,https://images1.vinted.net/t/05_00498_R82U8aTrf8PTz76dUNgu3q6s/310x430/1772222586.webp?s=467db46d5bfc4a979b2808091db2ee30808c8454,1,1
PRADA Ribbon Suede Sneakers With Metallic Front. UK 4.5,158.2,Prada,37.5,https://www.vinted.it/items/8275533575-prada-ribbon-suede-sneakers-with-metallic-front-uk-45-eu-375?referrer=catalog,0,8275533575,Sold,27/02/2026 23:44:26,,https://images1.vinted.net/t/05_01942_Wq6LwMYfF2LeJVa6nExZBDAH/310x430/1772222494.webp?s=015f4fb5286fea919e415e7d2d76c62e31d36da1,1,1
Prada américans cup bleu marine,247.45,Prada,37,https://www.vinted.it/items/8275512092-prada-americans-cup-bleu-marine?referrer=catalog,2,8275512092,Sold,27/02/2026 23:44:26,,https://images1.vinted.net/t/04_00533_xcZN8o3dU4AvT9VacvFVrfri/310x430/1772222293.webp?s=2bdc2c804f942d0965972d891a5abcca6a5ca613,1,1
Pochette Prada,11.2,Prada,0,https://www.vinted.it/items/8275506289-pochette-prada?referrer=catalog,4,8275506289,Sold,27/02/2026 23:44:26,,https://images1.vinted.net/t/01_02686_XjNG7cSZJ3b53pJmGvfzRK8X/310x430/1772222239.webp?s=eb424cd805556167cf7da16bbce239a5b0a10b18,1,1
Sonnenbrille Prada,100.45,Prada,0,https://www.vinted.it/items/8275465525-sonnenbrille-prada?referrer=catalog,2,8275465525,Sold,27/02/2026 23:44:26,,https://images1.vinted.net/t/06_02423_XCuBy4okXnVNNGuPCF4rHK1F/310x430/1772221863.webp?s=5709791cd5245554d48c74873fa80a56f2194df3,1,1
Prada da sole occhiali,84.7,Prada,0,https://www.vinted.it/items/8275449356-prada-da-sole-occhiali?referrer=catalog,11,8275449356,Sold,27/02/2026 23:44:26,,https://images1.vinted.net/t/06_003da_9Dfaqerm2DjVpyWZMDkKcYRv/310x430/1772221717.webp?s=5e44f53d487019381389452925c8b69eefb5a1ac,1,1
Prada Thunder bianche,126.7,Prada,44,https://www.vinted.it/items/8275448900-prada-thunder-bianche?referrer=catalog,1,8275448900,Sold,27/02/2026 23:44:26,,https://images1.vinted.net/t/05_01c4c_vLNb7iPPGJZ1Wickgwn2kaV5/310x430/1772221713.webp?s=8a487c8763ca0da33260ff7d8d70f226963ea735,1,1
Prada rouge à lèvres monochrome,32.2,Prada,0,https://www.vinted.it/items/8275442436-prada-rouge-a-levres-monochrome?referrer=catalog,1,8275442436,Sold,27/02/2026 23:44:26,,https://images1.vinted.net/t/05_005bf_vc9qX2hgUVBbewBb3skvLs4s/310x430/1772221656.webp?s=e2bba16c7713845196a5928ad66090881e980a3a,1,1
Prada cardholder,105.7,Prada,Taglia unica,https://www.vinted.it/items/8275441757-prada-cardholder?referrer=catalog,6,8275441757,Sold,27/02/2026 23:44:26,,https://images1.vinted.net/t/01_014fe_pKnWzwqf4QGSfU2WSQwTTm5t/310x430/1772221650.webp?s=1d48c9df283aac15b5ca61fd1c5e64579b8d98b6,1,1
Profumo Prada,53.2,Prada,0,https://www.vinted.it/items/8275438883-profumo-prada?referrer=catalog,1,8275438883,Sold,27/02/2026 23:44:26,,https://images1.vinted.net/t/04_019cc_6GFj84KqhJYx7vEEeetLA1eP/310x430/1772221624.webp?s=1feba2c9b560bc2f6fce374395cd57f731422038,1,1
Prada jacket FW 2008,394.45,Prada,M / IT 42 / EU 38,https://www.vinted.it/items/8275435769-prada-jacket-fw-2008?referrer=catalog,0,8275435769,Sold,27/02/2026 23:44:26,,https://images1.vinted.net/t/05_000f8_iyvzg8F6Re8MypRNHnkqSE7e/310x430/1772221596.webp?s=2a013df953d557af2737fd15d6334be848b48c3b,1,1
Prada Luna Rossa Black,54.25,Prada,0,https://www.vinted.it/items/8275425549-prada-luna-rossa-black?referrer=catalog,1,8275425549,Sold,27/02/2026 23:44:26,,https://images1.vinted.net/t/05_004f7_nyxPxWWgk9wZRQSc6F8LSkTX/310x430/1772221507.webp?s=3d87a9650207c52c0a2d55131d04322ea1430e64,1,1
Cardigan Prada,525.7,Prada,S / IT 40 / EU 36,https://www.vinted.it/items/8275382179-cardigan-prada?referrer=catalog,1,8275382179,Sold,27/02/2026 23:44:26,,https://images1.vinted.net/t/05_0084b_9r9yWeCmHZA7PPGuvkzHpBJY/310x430/1772221113.webp?s=a9edd590905bb680672a662b576e975691611a2a,1,1
Prada hoed helemaal nieuw,473.2,Prada,M,https://www.vinted.it/items/8275376886-prada-hoed-helemaal-nieuw?referrer=catalog,0,8275376886,Sold,27/02/2026 23:44:26,,https://images1.vinted.net/t/05_00984_9bksy2aZoS1sycftKVEY7EBb/310x430/1772221064.webp?s=44bc2bfad77d2d71007b5e3e7a45773b65adb409,1,1
Prada Adidas Superstar Gr 46 2/3,415.45,Prada,46,https://www.vinted.it/items/8275341860-prada-adidas-superstar-gr-46-23?referrer=catalog,2,8275341860,Sold,27/02/2026 23:44:26,,https://images1.vinted.net/t/05_01706_4oK2jhYj457bLUCQBvkiXSyi/310x430/1772220749.webp?s=33eda5615b5bf13d4d28e8f786d0dd57f7f7d0b3,1,1
Prada Paradigme,68.95,Prada,0,https://www.vinted.it/items/8275332802-prada-paradigme?referrer=catalog,0,8275332802,On Sale,27/02/2026 23:44:26,,https://images1.vinted.net/t/05_006a3_4zLnJDzPKJGoHLNJJhBA8uHp/310x430/1772220665.webp?s=de8f32b28a9cf17c29199a876ae2f3798db91014,1,1
Set makeup prada,105.7,Prada,0,https://www.vinted.it/items/8275308155-set-makeup-prada?referrer=catalog,1,8275308155,Sold,27/02/2026 23:44:26,,https://images1.vinted.net/t/04_00db7_sRMmmCLFNXyjHPmMNdLbwdwo/310x430/1772220442.webp?s=e3270bc0a3d9e1fcb96695f83a4c585ec92c4d85,1,1
Prada maglione Lana cashmere,683.2,Prada,XXL / IT 48 / EU 44,https://www.vinted.it/items/8275264860-prada-maglione-lana-cashmere?referrer=catalog,2,8275264860,Sold,27/02/2026 23:44:26,,https://images1.vinted.net/t/03_012a7_h44ACJSjNrHaaCYGU78r8TYD/310x430/1772220055.webp?s=4d8a36df3e6ce46cef88376506d070007d482f06,1,1
Parfum Paradoxe Prada,26.95,Prada,0,https://www.vinted.it/items/8275256877-parfum-paradoxe-prada?referrer=catalog,8,8275256877,Sold,27/02/2026 23:44:26,,https://images1.vinted.net/t/05_01c49_HgK8VT4oGbNf3irCBGB1GrbB/310x430/1772219982.webp?s=d2938dd3fe3d07a0c6e666d91833c77ab276bb11,1,1
profumo prada,63.7,Prada,0,https://www.vinted.it/items/8268474778-profumo-prada?referrer=catalog,0,8268474778,Sold,27/02/2026 23:44:26,,https://images1.vinted.net/t/04_0227b_pXqTupDHn6Q6nnfUs7XrosLj/310x430/1772134557.webp?s=6f8aca2feda4b8493121f7b437887669f22cdce9,1,1
Conjunto niña marca agatha Ruiz de la Prada.,19.6,Agatha Ruiz de la Prada,18-24 mesi / 86 cm,https://www.vinted.it/items/8275254171-conjunto-nina-marca-agatha-ruiz-de-la-prada?referrer=catalog,5,8275254171,Sold,27/02/2026 23:44:26,,https://images1.vinted.net/t/04_023fc_UxR4zWS7kyy4Na9DXCbTWChw/310x430/1772219958.webp?s=547c13df5f587a70d21b0c1ef8133440dd16fb5f,1,1
Parfum PRADA Paradoxe Intense,53.2,Prada,0,https://www.vinted.it/items/8275244936-parfum-prada-paradoxe-intense?referrer=catalog,0,8275244936,Sold,27/02/2026 23:44:26,,https://images1.vinted.net/t/06_0094e_CpHDjCnav6JBmujA12bkKakc/310x430/1772219875.webp?s=75fb5c3b573c4d9ec0f6c95811832b7fbd0e5dbf,1,1
Parfum Paradigme Prada,105.7,Prada,0,https://www.vinted.it/items/8275213367-parfum-paradigme-prada?referrer=catalog,0,8275213367,Sold,27/02/2026 23:44:26,,https://images1.vinted.net/t/06_0122e_sXSpjnX6PmaXr6jy9r2aEK1t/310x430/1772219596.webp?s=c1304a2186783096c0467a65c41474df9468af2d,1,1
Le parfum prada ocean luna rossa,79.45,Prada,0,https://www.vinted.it/items/8275200134-le-parfum-prada-ocean-luna-rossa?referrer=catalog,0,8275200134,Sold,27/02/2026 23:44:26,,https://images1.vinted.net/t/06_006a1_pmBqKSuyRQgRVSTN9Fqw6mRf/310x430/1772219482.webp?s=005f7495154c85950641d3f20d4ee7dc6feb4eef,1,1
Prada Cups Größe 44!,79.45,Prada,44,https://www.vinted.it/items/8275188391-prada-cups-grosse-44?referrer=catalog,9,8275188391,Sold,27/02/2026 23:44:26,,https://images1.vinted.net/t/04_00ece_KXMQNYKjW3j3q27xyAwyxECM/310x430/1772219378.webp?s=c3df9966742a7571862430dee9a96c08f49d9693,1,1
Nieuwe prada schoentjes,42.7,Prada,25,https://www.vinted.it/items/8275177165-nieuwe-prada-schoentjes?referrer=catalog,1,8275177165,Sold,27/02/2026 23:44:26,,https://images1.vinted.net/t/05_01c57_fBHZewQpt23tyYnCUU4eczcC/310x430/1772219278.webp?s=ad4cf410cf44927c47dd84639cc255767c071c1d,1,1
Parfum Paradoxe Radical Essence Prada,105.7,Prada,0,https://www.vinted.it/items/8275172671-parfum-paradoxe-radical-essence-prada?referrer=catalog,0,8275172671,Sold,27/02/2026 23:44:26,,https://images1.vinted.net/t/06_01b5c_TMBfdtJridQjfekV8zyHcJqu/310x430/1772219239.webp?s=109c66b1bb533e1194926e1e2667d3ad92ef6ce8,1,1
Gafas Prada,55.3,Prada,0,https://www.vinted.it/items/8275168622-gafas-prada?referrer=catalog,2,8275168622,Sold,27/02/2026 23:44:26,,https://images1.vinted.net/t/03_01a96_mSDStcNrH8eDnjLKa12gtENX/310x430/1772219205.webp?s=dca96358db8433a003c017f6b2b8c9ebb64a7430,1,1
Occhiali Prada,53.2,Prada,0,https://www.vinted.it/items/8275134815-occhiali-prada?referrer=catalog,3,8275134815,Sold,27/02/2026 23:44:26,,https://images1.vinted.net/t/06_00b1a_NkS5PpCmGa4a1PUdgf6MZu4T/310x430/1772218908.webp?s=2cf0fafec093abad2d9a7817ddcba70ad63392f5,1,1
Prada paradigme 100 ml,52.15,Prada,0,https://www.vinted.it/items/8275130509-prada-paradigme-100-ml?referrer=catalog,2,8275130509,Sold,27/02/2026 23:44:26,,https://images1.vinted.net/t/05_01870_6ptiDKhjSCpMCCAvwVd813Vj/310x430/1772218871.webp?s=84f04cb4048f7d2e9abdb6207c02e62269610d79,1,1
Prada Paradoxe Eau de Parfum 90ml,55.3,Prada,0,https://www.vinted.it/items/8275102343-prada-paradoxe-eau-de-parfum-90ml?referrer=catalog,5,8275102343,Sold,27/02/2026 23:44:26,,https://images1.vinted.net/t/05_0164e_WDDpKomk4fVggEdkUbqn3nC9/310x430/1772218627.webp?s=a4db36fa61f897ebaa33d7b2980a8cc6a6b30592,1,1
Prada lines gliding eye pensil in 01 black,16.45,Prada,0,https://www.vinted.it/items/8275089578-prada-lines-gliding-eye-pensil-in-01-black?referrer=catalog,0,8275089578,Sold,27/02/2026 23:44:26,,https://images1.vinted.net/t/06_003e4_vpFCmzPTT6NVNsjkCu3NU1Sr/310x430/1772218514.webp?s=1df688b21973b86b09e5a6282afbc804067ea62c,1,1
travel accessories Prada,137.2,Prada,0,https://www.vinted.it/items/8246686813-travel-accessories-prada?referrer=catalog,7,8246686813,Sold,27/02/2026 23:44:26,,https://images1.vinted.net/t/01_019bd_E4QdJTwGydUnEca5XWWwkkHZ/310x430/1771872139.webp?s=5d742b3e82ee2c17f5cfa9fe66d0dd9e0c06ba37,1,1
Profumo donna Prada Candy,44.8,Prada,0,https://www.vinted.it/items/8275040389-profumo-donna-prada-candy?referrer=catalog,0,8275040389,Sold,27/02/2026 23:44:26,,https://images1.vinted.net/t/05_0099f_Y1vJEhuAWvEZxPFmbABry1Qp/310x430/1772218089.webp?s=7063af7f167453fe005ffd2248ba6fbbce274b02,1,1
Porta iPod vintage Prada,242.2,Prada,0,https://www.vinted.it/items/8275035416-porta-ipod-vintage-prada?referrer=catalog,0,8275035416,Sold,27/02/2026 23:44:26,,https://images1.vinted.net/t/05_02555_qFhLjuNLzyLxTUF3iMNkfgin/310x430/1772218047.webp?s=e5bded791fa972f516a4a6a4fc55ef03ceabeddd,1,1
Bolso agatha ruiz de la prada verde charol original con colgante love,53.2,Agatha,0,https://www.vinted.it/items/8275032502-bolso-agatha-ruiz-de-la-prada-verde-charol-original-con-colgante-love?referrer=catalog,14,8275032502,Sold,27/02/2026 23:44:26,,https://images1.vinted.net/t/06_00cdc_fqW4TfFamEPg31ivVsZPrA5Y/310x430/1772218023.webp?s=d305a233506cc8ebee5c862dc6cd5cad0f8f29b9,1,1
Neue Stiefeletten PRADA,294.7,Prada,37,https://www.vinted.it/items/8275032609-neue-stiefeletten-prada?referrer=catalog,0,8275032609,Sold,27/02/2026 23:44:26,,https://images1.vinted.net/t/06_0026b_8U6YKLCaY495BxVLfRZ5Yc5D/310x430/1772218024.webp?s=603215105fe98f26ea5b527f0943b07095ac45ea,1,1
Parfum paradoxe,53.2,PRADA Paradoxe,0,https://www.vinted.it/items/8283246361-parfum-paradoxe?referrer=catalog,1,8283246361,Sold,28/02/2026 19:53:24,,https://images1.vinted.net/t/03_00489_NhbkDCjiKDimiUKXJiRHws2M/310x430/r3/1772304593.webp?s=f3eee4131926b2e409852175b7864ca6203a43b8,1,1
Livro “Prada”,11.2,No brand,0,https://www.vinted.it/items/8283238267-livro-prada?referrer=catalog,0,8283238267,Sold,28/02/2026 19:53:24,,https://images1.vinted.net/t/05_010a9_4suobuXCxFXWHWYDVnd9vrUT/310x430/1772304529.webp?s=b55aebf4da64a196f9188bf5c9a16f05d40ec001,1,1
Profumo,47.95,Prada,0,https://www.vinted.it/items/8283226166-profumo?referrer=catalog,1,8283226166,Sold,28/02/2026 19:53:24,,https://images1.vinted.net/t/01_01bf6_5akyPGgDZSLyWHhZ7dqvfc5T/310x430/1772304432.webp?s=51b70f46dd5806f27bd53f3b2b490d81915a5bbb,1,1
Lunettes de soleil prada,147.7,Prada,0,https://www.vinted.it/items/8283196900-lunettes-de-soleil-prada?referrer=catalog,0,8283196900,Sold,28/02/2026 19:53:24,,https://images1.vinted.net/t/01_020ab_xGbGmRJKzYADpqY4K2yj7bRJ/310x430/1772304431.webp?s=676844e8694f2f572954d325a64ebe008f31b9a1,1,1
Prada cup,158.2,Prada,42,https://www.vinted.it/items/8283205817-prada-cup?referrer=catalog,0,8283205817,Sold,28/02/2026 19:53:24,,https://images1.vinted.net/t/01_0209e_FMcAnxukrDZGF5ttoCTEB9Qq/310x430/1772304270.webp?s=5b74e2f1a7390112a895894cf60405dbf69caf11,1,1
Occhiali Prada,89.95,Prada,0,https://www.vinted.it/items/8283181031-occhiali-prada?referrer=catalog,0,8283181031,Sold,28/02/2026 19:53:24,,https://images1.vinted.net/t/06_009ec_oRAhWEuSErYaC8ztoQzfKo5S/310x430/1772304071.webp?s=d813615fe7df38b2c36bb3d9d003adcb6046d912,1,1
Prada Sun,105.7,Prada,0,https://www.vinted.it/items/8283160981-prada-sun?referrer=catalog,0,8283160981,Sold,28/02/2026 19:53:24,,https://images1.vinted.net/t/06_013fe_joUVfqaidbUzYXb326xycPLG/310x430/1772303914.webp?s=86fe5d54acd91f65a1d9aa25dcbed60d903c3c24,1,1
Sciarpa cashmere Prada uomo,336.7,Prada,0,https://www.vinted.it/items/8283154472-sciarpa-cashmere-prada-uomo?referrer=catalog,0,8283154472,Sold,28/02/2026 19:53:24,,https://images1.vinted.net/t/05_01442_rxyHffmNjAU6zyKkJTvDSZbN/310x430/1772303862.webp?s=f72e03e66f7e3e7a81b6c68433ac6a87c4a1bd99,1,1
Prada paradoxe virtual flower 90ml,41.65,Prada,0,https://www.vinted.it/items/8283146589-prada-paradoxe-virtual-flower-90ml?referrer=catalog,0,8283146589,Sold,28/02/2026 19:53:24,,https://images1.vinted.net/t/05_01de1_2Zo7TttKpYU36S8txUR1htHi/310x430/1772303800.webp?s=121b4e6b83450de760c6caf90c1bd6d65963bb46,1,1
Parfum miniature pour collection,29.05,Prada,0,https://www.vinted.it/items/8283140893-parfum-miniature-pour-collection?referrer=catalog,1,8283140893,Sold,28/02/2026 19:53:24,,https://images1.vinted.net/t/01_01713_MVocYfTgSAGmy25ctjj8qkGZ/310x430/1772303755.webp?s=a54263ba53d8f1d5c0ab0b14ab1f7f04371f6e7f,1,1
Prada Paradoxe intense 30 Ml,26.95,Prada,0,https://www.vinted.it/items/8283140050-prada-paradoxe-intense-30-ml?referrer=catalog,0,8283140050,Sold,28/02/2026 19:53:24,,https://images1.vinted.net/t/06_00d26_smUCR5WJYWYm98xWJAjknJqB/310x430/1772303748.webp?s=a6d3f6ebcb80c9c9844edf20c70a715880c13e4b,1,1
Prada paradoxe Essence radical 90ml,41.65,Prada,0,https://www.vinted.it/items/8283138905-prada-paradoxe-essence-radical-90ml?referrer=catalog,0,8283138905,Sold,28/02/2026 19:53:24,,https://images1.vinted.net/t/01_01134_rYedGpwm9NX6BKiXKrPr3YZg/310x430/1772303739.webp?s=ec0fc3a10b9760c5e85d32bb3b07c9430bc4d47f,1,1
Prada paradoxe virtual flower 90 ml,47.95,Prada,0,https://www.vinted.it/items/8283135110-prada-paradoxe-virtual-flower-90-ml?referrer=catalog,0,8283135110,Sold,28/02/2026 19:53:24,,https://images1.vinted.net/t/06_0015a_HWu5nsRZ6NCZZw7gYcY7qVJC/310x430/1772303709.webp?s=8a7640a0e2bb450191ba264c7cf4a27228ed9c55,1,1
Prada paradoxe intense 90ml,41.65,Prada,0,https://www.vinted.it/items/8283131266-prada-paradoxe-intense-90ml?referrer=catalog,0,8283131266,Sold,28/02/2026 19:53:24,,https://images1.vinted.net/t/06_019b6_hs8BiNq7ej9tGv9YfqAvtJiu/310x430/1772303679.webp?s=a29b226aa38189cb580cfcd506eb5bc87800f7f8,1,1
Mocassino Prada,210.7,Prada,42,https://www.vinted.it/items/8283126091-mocassino-prada?referrer=catalog,0,8283126091,Sold,28/02/2026 19:53:24,,https://images1.vinted.net/t/05_00412_jwRcaxVV4sf1iu6yJAGvKCTG/310x430/1772303638.webp?s=6dd6f0fac8c2b6ee37cf2abee9ef1aa4c91a5837,1,1
Portachiavi cuore Prada,105.7,Prada,0,https://www.vinted.it/items/8283119390-portachiavi-cuore-prada?referrer=catalog,0,8283119390,Sold,28/02/2026 19:53:24,,https://images1.vinted.net/t/05_01141_Y1U2KhbH7Ar6RVKYPR3pEjoH/310x430/1772303585.webp?s=939100508e7555b769ea097a9b12b80b80e85e4b,1,1
Chaussure Prada,652.8,Prada,42,https://www.vinted.it/items/8283097530-chaussure-prada?referrer=catalog,0,8283097530,Sold,28/02/2026 19:53:24,,https://images1.vinted.net/t/06_00d30_qDPNM3StktU1rVXmV5968aiG/310x430/1772303416.webp?s=77ab6982edb13e7f31eb2395a1b44cfe7dfbde15,1,1
Car shoe for Prada,336.7,Prada,42,https://www.vinted.it/items/8283085505-car-shoe-for-prada?referrer=catalog,1,8283085505,Sold,28/02/2026 19:53:24,,https://images1.vinted.net/t/06_01e18_HWWyGgqL6PyT8JEb4B96DS7q/310x430/1772303324.webp?s=892d616983b7cf94f4a281ffeac62276870bae7d,1,1
PRADA brown heels  💖 size 37,102.55,Prada,37,https://www.vinted.it/items/8283073988-prada-brown-heels-size-37?referrer=catalog,0,8283073988,Sold,28/02/2026 19:53:24,,https://images1.vinted.net/t/01_01e85_JsqSZfzibvfuECz87DtuUPcM/310x430/1772303235.webp?s=3e387f2b097f82f19c2d40ae7e37b00d129a6de6,1,1
Cargo de nuit- PRADA- 100mL,294.7,Prada,0,https://www.vinted.it/items/8283071246-cargo-de-nuit-prada-100ml?referrer=catalog,1,8283071246,Sold,28/02/2026 19:53:24,,https://images1.vinted.net/t/05_015fd_2DxP4XCoeZ62hh5Nkw7SPBHT/310x430/1772303214.webp?s=14bb9868ed18e346be32173d0206547bce9ab4c4,1,1
Lunettes de soleil octogonales  PRADA neuves,210.7,Prada,0,https://www.vinted.it/items/8283045759-lunettes-de-soleil-octogonales-prada-neuves?referrer=catalog,0,8283045759,Sold,28/02/2026 19:53:24,,https://images1.vinted.net/t/05_01680_PDaHdy4ifhxccYrFfCazS8JL/310x430/1772303018.webp?s=a1de4dc894a2e4afc59a0ef13b6df32d7380b043,1,1
Vestido veraniego,21.7,Prada,S / IT 40 / EU 36,https://www.vinted.it/items/8283009983-vestido-veraniego?referrer=catalog,1,8283009983,Sold,28/02/2026 19:53:24,,https://images1.vinted.net/t/01_0160f_rkFdaUh2YbWCng5AJSqChAEX/310x430/1772302748.webp?s=93a29c616ac5b26f614332f23fc558e3e6074e0a,1,1
Profumo,47.95,Prada,0,https://www.vinted.it/items/8283010025-profumo?referrer=catalog,0,8283010025,Sold,28/02/2026 19:53:24,,https://images1.vinted.net/t/01_02049_bbzq3KxRWEz4RuPxeRFnj3En/310x430/1772302748.webp?s=4492ebf225aca826bd6e3baa822c58596b1f2e42,1,1
Infusion D'ylang 100 ml,47.95,Prada,0,https://www.vinted.it/items/8283005066-infusion-dylang-100-ml?referrer=catalog,0,8283005066,Sold,28/02/2026 19:53:24,,https://images1.vinted.net/t/05_004ef_DR9wz4mZTenjmrrLcGgtg4d4/310x430/1772302711.webp?s=a19ba2ff86262c7201cb43777be3d01f2c91d3a2,1,1
Parfum Candy - Prada 10ml,16.45,Prada,0,https://www.vinted.it/items/8283004392-parfum-candy-prada-10ml?referrer=catalog,0,8283004392,Sold,28/02/2026 19:53:24,,https://images1.vinted.net/t/01_00e5e_LMu2UtHoM1wzACeYjUGSa3Ge/310x430/1772302706.webp?s=e8dbb6a6a64c6589caea6b64e122f1f8c263ee1c,1,1
Prada les infusions de rose parfum for woman,52.15,Rose,0,https://www.vinted.it/items/8282990403-prada-les-infusions-de-rose-parfum-for-woman?referrer=catalog,0,8282990403,Sold,28/02/2026 19:53:24,,https://images1.vinted.net/t/06_00b62_MssGD8epPSP3JaFVKyqB54dg/310x430/1772302599.webp?s=586fc6e61b9e61d04758ff088407ec49b5284b3d,1,1
Lunette de soleil prada,21.7,Prada,0,https://www.vinted.it/items/8283002225-lunette-de-soleil-prada?referrer=catalog,5,8283002225,Sold,28/02/2026 19:53:24,,https://images1.vinted.net/t/05_0171b_iy7ubhAfmYCRLhAh2kgYtpgi/310x430/1772302689.webp?s=3e86efa1daaa7d1ff7046c53bd46ea89149aa4ba,1,1
Montatura prada,47.95,Prada,0,https://www.vinted.it/items/8282961060-montatura-prada-nuova-senza-cartellino?referrer=catalog,1,8282961060,Sold,28/02/2026 19:53:24,,https://images1.vinted.net/t/04_00768_YNFB7N9N2pUAGBhBFuX8jHVH/310x430/1772302380.webp?s=956a44c0bb8b83b57d5fb40d2ae90a17dc016f9f,1,1
Prada cup,131.95,Prada,43,https://www.vinted.it/items/8282920816-prada-cup?referrer=catalog,0,8282920816,Sold,28/02/2026 19:53:24,,https://images1.vinted.net/t/06_01901_Dn3MR37zwkGqKSFqFiW2wJG3/310x430/1772302085.webp?s=f06c99f272d522a8e71d655f98b9cb917178941c,1,1
Original Prada Brillengestell NEU !,42.7,Prada,0,https://www.vinted.it/items/8282841134-original-prada-brillengestell-neu?referrer=catalog,1,8282841134,Sold,28/02/2026 19:53:24,,https://images1.vinted.net/t/01_0206a_wCUdshpHUcv9CNY3Lw3gpewR/310x430/1772301514.webp?s=720382ae1e56f9d48f57a42435ce23fbeff5e84a,1,1
Camicetta in seta Prada😍,79.35,Prada,M / IT 42 / EU 38,https://www.vinted.it/items/8282834866-camicetta-in-seta-prada?referrer=catalog,1,8282834866,Sold,28/02/2026 19:53:24,,https://images1.vinted.net/t/06_00985_n54afCdNopywYEg6Yguqy8rL/310x430/1772301473.webp?s=1025bb55abb8d50a98c8b1a8913f0bef7453faef,1,1
Monedero Agatha Ruiz de la Prada Labios,8.58,Agatha,0,https://www.vinted.it/items/8282827533-monedero-agatha-ruiz-de-la-prada-labios?referrer=catalog,0,8282827533,Sold,28/02/2026 19:53:24,,https://images1.vinted.net/t/04_00425_MQWZncfZKR4Wy8Cwfha3s4a1/310x430/1772301422.webp?s=76d19089225af9002fae86a4cd06336db689de3c,1,1
Cravate bleu marine haut de gamme Prada,78.4,Prada,0,https://www.vinted.it/items/8282797830-cravate-bleu-marine-haut-de-gamme-prada?referrer=catalog,2,8282797830,Sold,28/02/2026 19:53:24,,https://images1.vinted.net/t/06_0269c_6BuktQTCKBB7EMJS1xYx9Npb/310x430/1772301218.webp?s=8eff2cf093bff8af27fce8b1e454fd24977945af,1,1
Prada Nylon Bucket Hat,289.45,Prada,M,https://www.vinted.it/items/8282779255-prada-nylon-bucket-hat?referrer=catalog,3,8282779255,Sold,28/02/2026 19:53:24,,https://images1.vinted.net/t/05_00826_zupNhZiQfqBHavX9EWhtxEow/310x430/1772301093.webp?s=ed6abbee7a03eac95dc4d939738e08fae15475eb,1,1
Prada les infusions de prada infusion d’ylang,47.95,Prada,0,https://www.vinted.it/items/8282767044-prada-les-infusions-de-prada-infusion-dylang?referrer=catalog,1,8282767044,Sold,28/02/2026 19:53:24,,https://images1.vinted.net/t/05_01178_FXyjmcvFRNBDLKUqXGiYVeBW/310x430/1772301011.webp?s=ff59f7d92bdce0d606dd7deadb6c6dfc7c6146c3,1,1
Cravate prada bleu marine,63.7,Prada,0,https://www.vinted.it/items/8282738179-cravate-prada-bleu-marine?referrer=catalog,8,8282738179,Sold,28/02/2026 19:53:24,,https://images1.vinted.net/t/06_003c7_FpWH8dWbWGLFWDq9mmtgmVw2/310x430/1772300814.webp?s=2321376eb678078b59f76302c591c168bc15c1f7,1,1
Scarpe Prada Fucsia originali,200.2,Prada,37.5,https://www.vinted.it/items/8282688041-scarpe-prada-fucsia-originali?referrer=catalog,0,8282688041,Sold,28/02/2026 19:53:24,,https://images1.vinted.net/t/04_00680_i3RZaatVvrWTYdto51NNxAsY/310x430/1772300478.webp?s=6659d0e05cc7dc824f1622af7b5df141935e4e44,1,1
Prada PR 67XS zonnebril,158.2,Prada,0,https://www.vinted.it/items/8282677034-prada-pr-67xs-zonnebril?referrer=catalog,0,8282677034,Sold,28/02/2026 19:53:24,,https://images1.vinted.net/t/01_026ba_4eFEGMMpBZe1vKJFpyzeRQ9E/310x430/1772300405.webp?s=408268aa1e4d43b701f7221ca5aa8f4b634a6bfb,1,1
Prada Sonnenbrille,126.7,Prada,0,https://www.vinted.it/items/8282647176-prada-sonnenbrille?referrer=catalog,0,8282647176,Sold,28/02/2026 19:53:24,,https://images1.vinted.net/t/06_01769_oQzpWN9bkTpWkNiBKAfKiBPp/310x430/1772300206.webp?s=43cf8a9dbcc14575c5ff1ca322e85ff8d5091f20,1,1
Prada crema occhi e labbra,74.2,Prada,0,https://www.vinted.it/items/8282607931-prada-crema-occhi-e-labbra?referrer=catalog,0,8282607931,Sold,28/02/2026 19:53:24,,https://images1.vinted.net/t/05_0036a_ih4KGJjShdPxzFErNZegj6YN/310x430/1772299945.webp?s=db93fb5be03f6cb6427aa113a97be890b8c455be,1,1
Prada figue infusion,26.95,Prada,0,https://www.vinted.it/items/8282596277-prada-figue-infusion?referrer=catalog,9,8282596277,Sold,28/02/2026 19:53:24,,https://images1.vinted.net/t/06_01007_wKvJdHuk7Cr8Vh1ZnE54QaN7/310x430/1772299869.webp?s=8b1510711222b1b97570b41240ae36efe346f385,1,1
Gafas Prada unisex,63.7,Prada,0,https://www.vinted.it/items/8282593686-gafas-prada-unisex?referrer=catalog,0,8282593686,Sold,28/02/2026 19:53:24,,https://images1.vinted.net/t/06_01e37_2mKgKgge14R9ZDRyzi5A9kqW/310x430/1772299853.webp?s=c2dbae86e5059f88c71a66330fa087892d08ad24,1,1
Prada paradigme 100 ml,52.15,Prada,0,https://www.vinted.it/items/8282562299-prada-paradigme-100-ml?referrer=catalog,1,8282562299,Sold,28/02/2026 19:53:24,,https://images1.vinted.net/t/01_00b91_dX4aYSruNNTnCYRu7zpN6h9H/310x430/1772299651.webp?s=bf5df207b3dee434b115b887b99fec4344f5906e,1,1
Sac Prada,918.0,Prada,0,https://www.vinted.it/items/8282555428-sac-prada?referrer=catalog,2,8282555428,Sold,28/02/2026 19:53:24,,https://images1.vinted.net/t/03_0245e_jhrTGWkQw1YW9eBUo6dixw8g/310x430/1772299607.webp?s=fbf78e29f53d980aa51d38b3ecbae08240f5491d,1,1
Conjunto agatha Ruiz,50.05,Agatha Ruiz de la Prada,6 anni / 116 cm,https://www.vinted.it/items/8282543829-conjunto-agatha-ruiz?referrer=catalog,43,8282543829,Sold,28/02/2026 19:53:24,,https://images1.vinted.net/t/05_024ba_qQAzeY4uBAL8McGk7Dw2Qdg4/310x430/1772299533.webp?s=bb049e0a8b2c303a86911b947332aa499424ff64,1,1
Prada paradoxe radical essence 90 ml,51.1,Prada,0,https://www.vinted.it/items/8282527388-prada-paradoxe-radical-essence-90-ml?referrer=catalog,0,8282527388,Sold,28/02/2026 19:53:24,,https://images1.vinted.net/t/03_01b1f_GNu1BG1WpQBQpXqyMHVf8WvV/310x430/1772299431.webp?s=fa769f957e5d988373986072bfc9909d26739aef,1,1
Quadro Prada Marfa,13.3,Quadro,0,https://www.vinted.it/items/8282509366-quadro-prada-marfa?referrer=catalog,6,8282509366,Sold,28/02/2026 19:53:24,,https://images1.vinted.net/t/05_02305_duBKeJYShiruNrs5pjHXA7Zx/310x430/1772299321.webp?s=c6b63ba63ae18f410cb015c4801a59ea9acff484,1,1
Prada Monochrome 077,25.9,Prada,0,https://www.vinted.it/items/8282474416-prada-monochrome-077?referrer=catalog,0,8282474416,Sold,28/02/2026 19:53:24,,https://images1.vinted.net/t/01_0230b_GJaKcN3imKwV3f6nCg11iZDQ/310x430/1772299108.webp?s=e65fbf8881fd6c11abd1b70be1ff637329623de7,1,1
Mochila pequeña de Re-nylon Prada Re edition 1978,1.2138,Prada,0,https://www.vinted.it/items/8282152790-mochila-pequena-de-re-nylon-prada-re-edition-1978?referrer=catalog,4,8282152790,Sold,28/02/2026 19:53:24,,https://images1.vinted.net/t/04_006c5_nzfh5GCs4FZ8PjMPXzDuNVKK/310x430/1772297219.webp?s=fca12f832ad656dc4cd78e5ebde96cbd92b1fec8,1,1
Prada cup,126.7,Prada,44,https://www.vinted.it/items/8282459845-prada-cup?referrer=catalog,0,8282459845,Sold,28/02/2026 19:53:24,,https://images1.vinted.net/t/04_0173f_JgQbZKTMgmaCDSbJmKq3FRzj/310x430/1772299020.webp?s=1d6f3ef77649cb1f50789c6c681c1bdd1ae14bcd,1,1
Portafoglio Prada,530.4,Prada,0,https://www.vinted.it/items/8282440021-portafoglio-prada?referrer=catalog,0,8282440021,Sold,28/02/2026 19:53:24,,https://images1.vinted.net/t/05_004fa_2rXM1J8JTJi5j5VozyDdx9Mb/310x430/1772298900.webp?s=edfbf6e4dd3abe85791fc96a4329a2a2b48264ad,1,1
Scarpe uomo con lacci bordeaux,510.0,Prada,44,https://www.vinted.it/items/8282423852-scarpe-uomo-con-lacci-bordeaux?referrer=catalog,2,8282423852,Sold,28/02/2026 19:53:24,,https://images1.vinted.net/t/04_01276_8ga8Qx3e4Gc6N6UiQrn8BHUC/310x430/1772298802.webp?s=83464d86d9633ef2f15ebe191d2a1733262de9ce,1,1
Sandali Prada,263.2,Prada,40,https://www.vinted.it/items/8282415996-sandali-prada?referrer=catalog,1,8282415996,Sold,28/02/2026 19:53:24,,https://images1.vinted.net/t/06_0134d_T8sMSd4fYErfM2p54vzRx9Rv/310x430/1772298755.webp?s=2c62ce323797fd42c05034b3ab7644cf156a6a4a,1,1
Lunettes de Soleil Prada,173.95,Prada,0,https://www.vinted.it/items/8282374073-lunettes-de-soleil-prada?referrer=catalog,1,8282374073,Sold,28/02/2026 19:53:24,,https://images1.vinted.net/t/03_01c85_EFNcTTxCGDKSQbaB7h1QGMeU/310x430/1772298503.webp?s=ced28b9bc9d6f4e81362a27b2802c7769c1a2e80,1,1
Chemise Prada,63.7,Prada,L / IT 44 / EU 40,https://www.vinted.it/items/8282352512-chemise-prada?referrer=catalog,4,8282352512,Sold,28/02/2026 19:53:24,,https://images1.vinted.net/t/06_018c2_3zYLxAJEuUUe1k1oXuN7YmUP/310x430/1772298374.webp?s=e0844f75cf51c174c2be2713cf13c4f184271fc5,1,1
Lunette polarisante prada,242.2,Prada,0,https://www.vinted.it/items/8282336643-lunette-polarisante-prada?referrer=catalog,0,8282336643,Sold,28/02/2026 19:53:24,,https://images1.vinted.net/t/06_026bb_GqqeQphKWnemt5iLdFARxsEC/310x430/1772298280.webp?s=5ce05d0ec4a9ac6dfa26e68db9593d7e383c1ea0,1,1
Prada Paradigme profumo 100 ml,52.15,Prada,0,https://www.vinted.it/items/8282306913-prada-paradigme-profumo-100-ml?referrer=catalog,0,8282306913,Sold,28/02/2026 19:53:24,,https://images1.vinted.net/t/06_00be9_sbnKNgsf1f74W4PifvvaSbZD/310x430/1772298106.webp?s=7cb4f48a9c87354e5150813f02a1e0af72de185d,1,1
Prada Pullover,58.45,Pullover,M,https://www.vinted.it/items/8282242808-prada-pullover?referrer=catalog,1,8282242808,Sold,28/02/2026 19:53:24,,https://images1.vinted.net/t/06_004cc_Yh3T2xhpb1a7KxdeXMVqTy1x/310x430/1772297731.webp?s=790ed85a78c128e59980dabf44e6a141f690cbb2,1,1
Prada Re Nylon Jacket,473.2,Prada,M,https://www.vinted.it/items/8282213029-prada-re-nylon-jacket?referrer=catalog,6,8282213029,Sold,28/02/2026 19:53:24,,https://images1.vinted.net/t/06_00efa_mHoGi1j2XnwPLwvrrBToERX6/310x430/1772297560.webp?s=5ddcf2a1b057e0989795fba153e24f50f36c0e12,1,1
Orecchini con pendenti neri e ambra con chiusura clip,84.7,Prada,0,https://www.vinted.it/items/8282212501-orecchini-con-pendenti-neri-e-ambra-con-chiusura-clip?referrer=catalog,0,8282212501,Sold,28/02/2026 19:53:24,,https://images1.vinted.net/t/04_018af_kPJVctWnQW2j3xoWQtKmCQnm/310x430/1772297557.webp?s=937c27365b823771164061a92a53810d9aea4d77,1,1
Dames parfum Prada Paradoxe 50ml,32.04,Prada,0,https://www.vinted.it/items/8282200641-dames-parfum-prada-paradoxe-50ml?referrer=catalog,1,8282200641,Sold,28/02/2026 19:53:24,,https://images1.vinted.net/t/03_01481_UZ1snja6wiKw6B7A6tKK8WNU/310x430/1772297488.webp?s=f87dcc91fb241b5c80021d1352151c68618a9447,1,1
Prada Paradigme Eau de Parfum 100ml – Nuovo Sigillato,53.2,Prada,0,https://www.vinted.it/items/8282107387-prada-paradigme-eau-de-parfum-100ml-nuovo-sigillato?referrer=catalog,3,8282107387,Sold,28/02/2026 19:53:24,,https://images1.vinted.net/t/06_01d01_WR5aQVHYJHu9jQBZZhRRN8vp/310x430/1772296962.webp?s=32296461d463695038f70ac706407648d7cba902,1,1
Prada cups,158.2,Prada,43,https://www.vinted.it/items/8281709561-prada-cups?referrer=catalog,1,8281709561,Sold,28/02/2026 19:53:24,,https://images1.vinted.net/t/06_00057_GUtzvzEZRQ8t2o7Zg4TD7RgZ/310x430/1772294893.webp?s=25c155f1cd8a0335f7919c59c8149808a419f9b4,1,1
Bolso Agatha Ruiz de la Prada,52.15,Agatha Ruiz de la Prada,0,https://www.vinted.it/items/8282038348-bolso-agatha-ruiz-de-la-prada?referrer=catalog,0,8282038348,Sold,28/02/2026 19:53:24,,https://images1.vinted.net/t/06_009be_GJNjW1vwnXEYUE95PkyeaknR/310x430/1772296576.webp?s=370881a74975077dd0d23b1c41a945797be86b9a,1,1
Paradoxe Prada Radical Essence Parfum 90 ml,50.05,Prada,0,https://www.vinted.it/items/8282037416-paradoxe-prada-radical-essence-parfum-90-ml?referrer=catalog,1,8282037416,Sold,28/02/2026 19:53:24,,https://images1.vinted.net/t/06_0025c_AYrT4LZWEBuBvtsGy3fVe7b7/310x430/1772296571.webp?s=edd019b3af7afcbb56ec8c72ddbe9758582e45cc,1,1
Completo estivo elegante Prada,74.2,Prada,M,https://www.vinted.it/items/8282022411-completo-estivo-elegante-prada?referrer=catalog,5,8282022411,Sold,28/02/2026 19:53:24,,https://images1.vinted.net/t/03_003f0_MAChFbE35ndRTYTjvqzPtyDH/310x430/1772296487.webp?s=d8241ec7589e9f80bda5ce8987002b2e9a575ae1,1,1
Prada sneaker burgundy mt 41,436.45,Prada,41,https://www.vinted.it/items/8282015187-prada-sneaker-burgundy-mt-41?referrer=catalog,2,8282015187,Sold,28/02/2026 19:53:24,,https://images1.vinted.net/t/05_0182e_c7YEXSiwsJPVNVkmufPqtRF9/310x430/1772296447.webp?s=3b7d47733939d14b50b91dd51d92721d6b9e3931,1,1
Lunette Prada,410.2,Prada,0,https://www.vinted.it/items/8282012813-lunette-prada?referrer=catalog,1,8282012813,Sold,28/02/2026 19:53:24,,https://images1.vinted.net/t/05_01139_duqhhK7jJEpDdesdmvhpJ6t5/310x430/1772296433.webp?s=81e2f5cefe4f6904ffbf11615af36a599d843750,1,1
Lunettes de soleil unisexe,84.7,Prada,0,https://www.vinted.it/items/8281985720-lunettes-de-soleil-unisexe?referrer=catalog,0,8281985720,Sold,28/02/2026 19:53:24,,https://images1.vinted.net/t/06_00068_9VmXyqtNv3j7pNCxAKxBNxvc/310x430/1772296284.webp?s=fe54240e79ccf617b1c976f20147424556600daa,1,1
Camiseta Mujer Estilo Prada – Manga Corta Elegante [S],95.2,Local,S / IT 40 / EU 36,https://www.vinted.it/items/8281975687-camiseta-mujer-estilo-prada-manga-corta-elegante-s?referrer=catalog,1,8281975687,Sold,28/02/2026 19:53:24,,https://images1.vinted.net/t/05_00a63_6HdpWgbHu7Y8JMCX1Cxfouwm/310x430/1772296229.webp?s=01c1f4ee9780b220a4cc25db366cd3abda3f41e9,1,1
Prada paradigme eau de parfum 100 ml,53.2,Prada,0,https://www.vinted.it/items/8281926024-prada-paradigme-eau-de-parfum-100-ml?referrer=catalog,0,8281926024,Sold,28/02/2026 19:53:24,,https://images1.vinted.net/t/05_01a0d_DbWANToRYJBoNd2wwnH6FVQi/310x430/1772295959.webp?s=38fc5b9df407bb09ce694d370767d37cee02e792,1,1
High Heels,100.45,Agatha Ruiz de la Prada,40,https://www.vinted.it/items/8281914141-high-heels?referrer=catalog,2,8281914141,Sold,28/02/2026 19:53:24,,https://images1.vinted.net/t/05_01c36_y7iz8YJf5S5M7qPyzQ6p4HyB/310x430/1772295894.webp?s=cb81c29c9e529847ac57e8fdf58dbc4cdd9acf9f,1,1
Chaussure Prada America’s Cup couleur noir et blanc,116.19,Prada,41,https://www.vinted.it/items/8281873022-chaussure-prada-americas-cup-couleur-noir-et-blanc?referrer=catalog,5,8281873022,Sold,28/02/2026 19:53:24,,https://images1.vinted.net/t/06_01d15_JRbJ1Neyi2YsgSAvPEi1bKNB/310x430/1772295670.webp?s=2dacf411faa125929e2ddbac47022aadd3446423,1,1
Chemise en soie Prada,63.7,Prada,M / IT 42 / EU 38,https://www.vinted.it/items/8281867761-chemise-en-soie-prada?referrer=catalog,6,8281867761,Sold,28/02/2026 19:53:24,,https://images1.vinted.net/t/05_022c0_CGYbh6G7oGfgbpqrpae2tj6b/310x430/1772295642.webp?s=096db56581f09a717cee79eee71dee555f5e9d23,1,1
Prada Paradoxe Eau de Parfum 90 ml (nuevo con caja),34.3,Prada,0,https://www.vinted.it/items/8252641156-prada-paradoxe-eau-de-parfum-90-ml-nuevo-con-caja?referrer=catalog,2,8252641156,Sold,28/02/2026 19:53:24,,https://images1.vinted.net/t/06_01871_ckFadhnTjYLTkSi7ZykyT7WD/310x430/1771949409.webp?s=f545e993e9b75073a453f4505bf1b4cd3a3afb0a,1,1
crampons adidas x Prada,210.7,Prada,43,https://www.vinted.it/items/8281854937-crampons-adidas-x-prada?referrer=catalog,2,8281854937,Sold,28/02/2026 19:53:24,,https://images1.vinted.net/t/06_013d4_edPLDtFP7Ej9qwwqMfrBGu83/310x430/1772295573.webp?s=3dd0394d9948830528ebbdc23e4ff302dc0dd202,1,1
prada thunder,221.2,Prada,46,https://www.vinted.it/items/8281853557-prada-thunder?referrer=catalog,1,8281853557,Sold,28/02/2026 19:53:24,,https://images1.vinted.net/t/03_00cfe_AJ6TX3JLJ5UnDMVj2dZYuZvB/310x430/1772295566.webp?s=59242cfd128cdc32be60ae6da11edda29cd94e86,1,1
Parfum Prada,16.45,Prada,0,https://www.vinted.it/items/8281851094-parfum-prada?referrer=catalog,1,8281851094,Sold,28/02/2026 19:53:24,,https://images1.vinted.net/t/06_02113_T2fy52o6B3dbyquK2VF4N9aJ/310x430/1772295553.webp?s=e995bf345318122e8deab85a28a8dc290dbfbb3f,1,1
O diabo veste prada,8.05,No brand,0,https://www.vinted.it/items/8281850432-o-diabo-veste-prada?referrer=catalog,0,8281850432,Sold,28/02/2026 19:53:24,,https://images1.vinted.net/t/06_01909_hunK4wnGiBBjcozYvwS7QWwJ/310x430/1772295549.webp?s=2391a955f856e4d6197ccc880d301c63bfffadd5,1,1
Occhiali da sole Prada,1.75,Prada,0,https://www.vinted.it/items/8281827442-occhiali-da-sole-prada?referrer=catalog,3,8281827442,Sold,28/02/2026 19:53:24,,https://images1.vinted.net/t/06_01401_XHv1AJwYhnmWRxY7M7uZRnS1/310x430/1772295428.webp?s=c6e4a865cb919eab9605d18e32a50f65aa229cb9,1,1
Étui à  lunette rigide prada,16.45,Prada,0,https://www.vinted.it/items/8281819703-etui-a-lunette-rigide-prada?referrer=catalog,0,8281819703,Sold,28/02/2026 19:53:24,,https://images1.vinted.net/t/06_0236e_MABE9kiknRQCnMq1tEBSBRKA/310x430/1772295387.webp?s=cc8e1eef788f8cff2e804a8357bdac38f097c2a9,1,1
Prada Sonnenbrille,147.7,Prada,0,https://www.vinted.it/items/8281784811-prada-sonnenbrille?referrer=catalog,3,8281784811,Sold,28/02/2026 19:53:24,,https://images1.vinted.net/t/05_00855_BYusyD6S5NWAnNMFqspztyT8/310x430/1772295201.webp?s=7a17457ada220351f4d7d4756c8ccf4d58eb2bc3,1,1
Bolso agatha ruiz de la prada verde charol original con colgante love,53.2,Agatha,0,https://www.vinted.it/items/8281780933-bolso-agatha-ruiz-de-la-prada-verde-charol-original-con-colgante-love?referrer=catalog,12,8281780933,Sold,28/02/2026 19:53:24,,https://images1.vinted.net/t/01_003ef_iauCU1SomQBwfpNjefu2qK2T/310x430/1772295181.webp?s=d62f6637028dd991f55d1ac58600e85e6c2ee735,1,1
Prada Paradoxe intense,53.2,Prada,0,https://www.vinted.it/items/8281763829-prada-paradoxe-intense?referrer=catalog,3,8281763829,Sold,28/02/2026 19:53:24,,https://images1.vinted.net/t/06_01508_qZsu3LoHFiVJ6gRw8LsPg89a/310x430/r1/1772295089.webp?s=48499d1d7731ae19894867b5571ce1f6ee1e8207,1,1
Giacca Prada,179.2,Prada,S / IT 40 / EU 36,https://www.vinted.it/items/8281740806-giacca-prada?referrer=catalog,2,8281740806,Sold,28/02/2026 19:53:24,,https://images1.vinted.net/t/06_01314_DqbhRYfW1DEY1Lkv2Egfm1no/310x430/1772294965.webp?s=1e0da096bbb6a92c6dc4f4fdbff771dd7fba75e2,1,1
Prada minibolso Re-Edition 2000,693.6,Prada,0,https://www.vinted.it/items/8281743268-prada-minibolso-re-edition-2000?referrer=catalog,3,8281743268,Sold,28/02/2026 19:53:24,,https://images1.vinted.net/t/06_02111_yjYVicZJziDdAgjQ3mmEMpfn/310x430/1772294978.webp?s=1b9fc6a1bbfa5978d6a13f9604ab63f3df84d398,1,1
Prada Sonnenbrille PS 04WS,158.2,Prada,0,https://www.vinted.it/items/8281720453-prada-sonnenbrille-ps-04ws?referrer=catalog,1,8281720453,Sold,28/02/2026 19:53:24,,https://images1.vinted.net/t/05_00472_a7B31xQFLeCcPo1Za2YQ3EfQ/310x430/1772294856.webp?s=3f1a507c28295ed53f6763b3007e5f8a84508519,1,1
Boîte repas PRADA – Neuve – Modèle Lunch Box,110.95,Prada,0,https://www.vinted.it/items/8281671406-boite-repas-prada-neuve-modele-lunch-box?referrer=catalog,0,8281671406,Sold,28/02/2026 19:53:24,,https://images1.vinted.net/t/06_0043a_xwEqGnsEkzJF7T7bPiwwSZiU/310x430/1772294596.webp?s=3e12f4f7f62e538a9a80680d7074a8f134d36558,1,1
PRADA Designer Kleid Schwarz  Zeitlos & Elegant,168.7,Prada,M / IT 42 / EU 38,https://www.vinted.it/items/8281602425-prada-designer-kleid-schwarz-zeitlos-elegant?referrer=catalog,0,8281602425,Sold,28/02/2026 19:53:24,,https://images1.vinted.net/t/01_00bfc_iBBrdYjxVrqwM18UfKHsoTr6/310x430/1772294235.webp?s=dd495472cd8f42226b378c18b3f9c799c0447ede,1,1
Prada cup,110.95,Prada,43,https://www.vinted.it/items/8281596403-prada-cup?referrer=catalog,3,8281596403,Sold,28/02/2026 19:53:24,,https://images1.vinted.net/t/01_00567_bBAQccq1aixS6Msjic6hpYX8/310x430/1772294204.webp?s=f87157c14bdac86a3b6b9fcad9bc0bbfb4862e77,1,1
Vestido fucsia Agatha Ruiz de la Prada,34.3,Agatha Ruiz de la Prada,10 anni / 140 cm,https://www.vinted.it/items/8281581049-vestido-fucsia-agatha-ruiz-de-la-prada?referrer=catalog,0,8281581049,Sold,28/02/2026 19:53:24,,https://images1.vinted.net/t/06_008bc_k6ZamWBi6PvFR3DRcGs5YBmv/310x430/1772294124.webp?s=1cc43bfc3c7e10d2fc9c9d3ff66367679b117929,1,1
Zonnebril Prada.,53.2,Prada,0,https://www.vinted.it/items/8281577120-zonnebril-prada?referrer=catalog,2,8281577120,Sold,28/02/2026 19:53:24,,https://images1.vinted.net/t/05_01ac8_JTqEw1imQFy93xGriWJiuW2U/310x430/1772294103.webp?s=9091539d72e0546a21e46938c8bdc42293b7af69,1,1
Mug isotherme PRADA noir – Neuf,142.45,Prada,0,https://www.vinted.it/items/8281562334-mug-isotherme-prada-noir-neuf-avec-boite?referrer=catalog,0,8281562334,Sold,28/02/2026 19:53:24,,https://images1.vinted.net/t/03_015ac_d8qCVzj5NXK1QLW7VbZq9ujy/310x430/1772294026.webp?s=4f59b724f40321fd9feacc53303c27459c13d30b,1,1
Carteira Prada original,525.3,Prada,0,https://www.vinted.it/items/8281550783-carteira-prada-original?referrer=catalog,0,8281550783,Sold,28/02/2026 19:53:24,,https://images1.vinted.net/t/04_009e7_7nZ8Dv2pGD5cSjEgMPoXauQm/310x430/1772293966.webp?s=bd38063401a7468c212e379187db4b1fdde4448b,1,1
Ballerine Prada,189.7,Prada,37,https://www.vinted.it/items/8281517914-ballerine-prada?referrer=catalog,3,8281517914,Sold,28/02/2026 19:53:24,,https://images1.vinted.net/t/05_00c33_ujikpCX42uoa5DJjgae3Cix4/310x430/1772293798.webp?s=367e289a508e37cd51571aa6eaeb7bce77ec269e,1,1
Botte Prada chaussures Prada mocassin Prada bottines,627.3,Prada,36.5,https://www.vinted.it/items/8281497860-botte-prada-chaussures-prada-mocassin-prada-bottines?referrer=catalog,3,8281497860,Sold,28/02/2026 19:53:24,,https://images1.vinted.net/t/06_0017c_yRCmQutwG6pkiwcaaMVM7HU3/310x430/1772293693.webp?s=d2193527ee859e1da1bafe6b26d8a9e297c88842,1,1
🟢 2 (due) paia di Pantaloni del marchio di lusso Prada,399.7,Prada,IT 46 | W36,https://www.vinted.it/items/8283356266-2-due-paia-di-pantaloni-del-marchio-di-lusso-prada?referrer=catalog,0,8283356266,Sold,28/02/2026 20:09:14,,https://images1.vinted.net/t/05_02116_TbBabNDRR1CCs3jv1LprqpBz/310x430/1772305512.webp?s=47d148c88be25bae2d4a29ac31025c49c02e74d2,1,1
Caneca O Diabo Veste Prada - Nova,9.1,No brand,0,https://www.vinted.it/items/8283349166-caneca-o-diabo-veste-prada-nova?referrer=catalog,0,8283349166,Sold,28/02/2026 20:09:14,,https://images1.vinted.net/t/01_00f91_iKvv8FeawahZypddVHy6HjDv/310x430/1772305452.webp?s=1d8d9c74b24e0b31e43cd0bc19461f73d73febf0,1,1
Prada Borsa Tessuto + Saffian,420.7,Prada,0,https://www.vinted.it/items/8281989025-prada-borsa-tessuto-saffian?referrer=catalog,2,8281989025,Sold,28/02/2026 20:09:14,,https://images1.vinted.net/t/05_01e74_pHa6kcf4qWkvBNeXtALJXgFT/310x430/1772296302.webp?s=b6212153e5a7422f4978a6eca7a2fa61da1add3f,1,1
Occhiali da sole prada,42.7,Prada,0,https://www.vinted.it/items/8283333269-occhiali-da-sole-prada?referrer=catalog,0,8283333269,Sold,28/02/2026 20:09:14,,https://images1.vinted.net/t/06_00ee3_dTZxTnBabxsJaT9CqC7g3jYp/310x430/1772305315.webp?s=f3aa0a15568ce8c86b5805ab8ddb79761e54f801,1,1
Tuta Prada 100% originale,304.15,Prada,XS / IT 38 / EU 34,https://www.vinted.it/items/8283331771-tuta-prada-100-originale?referrer=catalog,0,8283331771,Sold,28/02/2026 20:09:14,,https://images1.vinted.net/t/05_02256_LAc814pky4J1XXTwUqRXADhi/310x430/1772305303.webp?s=da27fb025013abc24e1a1f2139027917a815266a,1,1
Bañador hombre Prada beige,315.7,Beige,L,https://www.vinted.it/items/8283328330-banador-hombre-prada-beige?referrer=catalog,0,8283328330,Sold,28/02/2026 20:09:14,,https://images1.vinted.net/t/06_00f04_2bwVFWem9GCNjnMRbavwtweM/310x430/1772305275.webp?s=38785e9f88c1ca38c3fdd180a4c8802fc8620e9f,1,1
Charms prada,21.7,Prada,0,https://www.vinted.it/items/8283319688-charms-prada?referrer=catalog,0,8283319688,Sold,28/02/2026 20:09:14,,https://images1.vinted.net/t/05_00e97_Zh3jz6RejfmrLtAMDmfNkmea/310x430/1772305202.webp?s=9ebdd911580f32e70c6d1a5c8fe92ea175691470,1,1
lunette prada,105.7,Prada,0,https://www.vinted.it/items/8283312285-lunette-prada?referrer=catalog,0,8283312285,Sold,28/02/2026 20:09:14,,https://images1.vinted.net/t/03_0207d_s7H98DLLQsmSiTsMCFc5k5we/310x430/1772305141.webp?s=a2d8192209e59b5c2da59463e954394d13185ad8,1,1
Occhiali da sole prada,47.95,Prada,0,https://www.vinted.it/items/8283307125-occhiali-da-sole-prada?referrer=catalog,1,8283307125,Sold,28/02/2026 20:09:14,,https://images1.vinted.net/t/05_012e5_cqVy3nDcofXKJVsUbY8GXVne/310x430/1772305097.webp?s=472dba822457bee774cd5a6b69f42127be741f6a,1,1
Verkaufe meine tolle Schuhe vom,89.95,Prada,40,https://www.vinted.it/items/8283297096-verkaufe-meine-tolle-schuhe-vom-prada?referrer=catalog,0,8283297096,Sold,28/02/2026 20:09:14,,https://images1.vinted.net/t/06_01c84_nCGbPbYkAt4roc3a7yb5SCWM/310x430/1772305013.webp?s=303b885d78dde64077f03c861145dc11d4a0e64b,1,1
Camiseta ajustada Prada Vintage,210.7,Prada,S / IT 40 / EU 36,https://www.vinted.it/items/8283292979-camiseta-ajustada-prada-vintage?referrer=catalog,0,8283292979,Sold,28/02/2026 20:09:14,,https://images1.vinted.net/t/01_0073a_3zKRuMfbhPv7T2HfZPrxXkS4/310x430/1772304978.webp?s=71a92c5d018eab3aae895d9c2296641a16ce9edd,1,1
Scatola regalo Prada,7.0,Prada,0,https://www.vinted.it/items/8283291312-scatola-regalo-prada?referrer=catalog,0,8283291312,Sold,28/02/2026 20:09:14,,https://images1.vinted.net/t/05_01856_ChjGwdWFjGx43mXHMWsdizdo/310x430/r3/1772304964.webp?s=cf17bffe5c3eefb949f605b6ce3223400da799db,1,1
Les infusions de PRADA,32.2,Prada,0,https://www.vinted.it/items/8283286367-les-infusions-de-prada?referrer=catalog,0,8283286367,Sold,28/02/2026 20:09:14,,https://images1.vinted.net/t/01_00366_h1Tdv3dMCQsWxvMbSeCC9ao7/310x430/1772304923.webp?s=23ed8209edee06689b773db9ece8c39670f69056,1,1
Prada L'home,7.0,Prada,0,https://www.vinted.it/items/8283275046-prada-lhome?referrer=catalog,1,8283275046,Sold,28/02/2026 20:09:14,,https://images1.vinted.net/t/04_02305_QcQEbTEdTcSVqwYZ9fv9YZD3/310x430/1772304828.webp?s=2d5518316a11f4aed42f8b21c440be83fb05aeee,1,1
Candy Sugar Pop de Prada,52.15,Prada,0,https://www.vinted.it/items/8283269565-candy-sugar-pop-de-prada?referrer=catalog,0,8283269565,Sold,28/02/2026 20:09:14,,https://images1.vinted.net/t/06_0209b_Bse6yHqdiHVY6r5QChRmH52y/310x430/1772304784.webp?s=0f49350c36a8e9f168fd32a4e276c14989d1bf6e,1,1
Boné Agatha Ruiz de la Prada,6.48,Agatha Ruiz de la Prada,Taglia unica,https://www.vinted.it/items/8283474932-bone-agatha-ruiz-de-la-prada?referrer=catalog,0,8283474932,Sold,28/02/2026 20:26:22,,https://images1.vinted.net/t/06_013ef_UK3KesyUL5bHWe7piFCmnxB8/310x430/1772306523.webp?s=f5b06f9cca97fa601b922df537867c2f8f3ea387,1,1
Prada paradoxe intense parfum for woman,47.95,Paradoxe,0,https://www.vinted.it/items/8283466105-prada-paradoxe-intense-parfum-for-woman?referrer=catalog,0,8283466105,Sold,28/02/2026 20:26:22,,https://images1.vinted.net/t/03_0177d_3HQwMUMkrvqB1Uxpwojv4pZK/310x430/1772306448.webp?s=549c4338bc7f91fec3d29a876b8ff5c0570a909c,1,1
Pantalon Prada en nylon,68.95,Prada,M / IT 42 / EU 38,https://www.vinted.it/items/8283464498-pantalon-prada-en-nylon?referrer=catalog,2,8283464498,Sold,28/02/2026 20:26:22,,https://images1.vinted.net/t/05_019b9_FniUr6X8hvxYR25GKZ9Cbr1a/310x430/1772306434.webp?s=71b856e1b977729991037a295e247c8d4138448e,1,1
Zapatillas deportivas  Prada,79.45,Local,37,https://www.vinted.it/items/8283448116-zapatillas-deportivas-prada?referrer=catalog,0,8283448116,Sold,28/02/2026 20:26:22,,https://images1.vinted.net/t/06_01a08_Vo7c9dFKjRwmS1igeyRyiW4U/310x430/1772306291.webp?s=f3c45387e9dac77e707ac4a34f066217ce07bec9,1,1
Pulsera,7.0,Agatha Ruiz de la Prada,0,https://www.vinted.it/items/8283424673-pulsera?referrer=catalog,1,8283424673,Sold,28/02/2026 20:26:22,,https://images1.vinted.net/t/04_023c7_FA8ubtEptxkea3FVKd3bCfEE/310x430/1772306090.webp?s=3b9dca946f0c86af948bcb657cb48bea691536db,1,1
PRADA portamonete/portacarte,263.2,Prada,0,https://www.vinted.it/items/8283417870-prada-portamoneteportacarte?referrer=catalog,0,8283417870,Sold,28/02/2026 20:26:22,,https://images1.vinted.net/t/06_0244f_uwpf9s7eYuZYPbCNN7GHec71/310x430/1772306035.webp?s=559203211a6469479d2acc628c37127e3ca54f52,1,1
Parfums Prada Paradoxe,63.7,Prada,0,https://www.vinted.it/items/8283415545-parfums-prada-paradoxe?referrer=catalog,0,8283415545,Sold,28/02/2026 20:26:22,,https://images1.vinted.net/t/06_0166d_bQDAH16GSgkm1z8Q7L2ZCmbd/310x430/1772306015.webp?s=72ccadcda5d9a2436ede4c12e6fdbe8627e5c802,1,1
Perfume Prada Paradigme Eau de Parfum,42.7,Prada,0,https://www.vinted.it/items/8283401726-perfume-prada-paradigme-eau-de-parfum?referrer=catalog,1,8283401726,Sold,28/02/2026 20:26:22,,https://images1.vinted.net/t/01_00265_LWYhwxPrmggbTkNvsVpgEAtp/310x430/1772305898.webp?s=bbce8ad92ee9a821aec1ce6c98f9f350ebd0d2ae,1,1
Parfum Prada,21.7,Prada,0,https://www.vinted.it/items/8283380745-parfum-prada?referrer=catalog,0,8283380745,Sold,28/02/2026 20:26:22,,https://images1.vinted.net/t/06_00829_bmsHaNugQCCM74uT4AFXMfjW/310x430/1772305721.webp?s=173531de4d107838fe0a1cf3d244d7fdfda6d208,1,1
Prada Sonnenbrillen Box,3.85,Prada,0,https://www.vinted.it/items/8283376397-prada-sonnenbrillen-box?referrer=catalog,0,8283376397,Sold,28/02/2026 20:26:22,,https://images1.vinted.net/t/06_01f30_q3VvPwkX5QBZk879ECFM4Awa/310x430/1772305684.webp?s=4b11107228a6594985d2494cced2194c7a0e520c,1,1
Prada Kosmetik Tasche,16.45,Prada,0,https://www.vinted.it/items/8271939113-prada-kosmetik-tasche?referrer=catalog,22,8271939113,Sold,28/02/2026 20:35:23,,https://images1.vinted.net/t/05_01bbd_QzUnitGnvrRxv44AJ1LyWYq7/310x430/1772195457.webp?s=b473d8ebdb5e3238d50cf631351629ab83ca0667,1,8
"DVD Film ""le diable s'habille en Prada"" encore sous célophane",3.85,No brand,0,https://www.vinted.it/items/8274527617-dvd-film-le-diable-shabille-en-prada-encore-sous-celophane?referrer=catalog,1,8274527617,Sold,28/02/2026 20:34:58,,https://images1.vinted.net/t/04_0151b_k2C2xfdRzmFkKn7jt6A8PXee/310x430/1772213844.webp?s=affbe478ee3499168a8fd966e75210f7a6612cd2,1,7
Prada paradox 30lm ricaricabile,63.7,Prada,0,https://www.vinted.it/items/8274523053-prada-paradox-30lm-ricaricabile?referrer=catalog,0,8274523053,Sold,28/02/2026 20:34:58,,https://images1.vinted.net/t/05_007c0_LgnM1dTbainiBXP1tgr5di6r/310x430/1772213810.webp?s=7619e0d13385cb2f50dac35091bbc5a66da7166a,1,7
Parfum Prada Paradoxe 30ML,79.45,Prada,0,https://www.vinted.it/items/8274510284-parfum-prada-paradoxe-30ml?referrer=catalog,0,8274510284,Sold,28/02/2026 20:34:58,,https://images1.vinted.net/t/06_02315_7gTQuMGPYsenk7kyKkbF4j2j/310x430/1772213711.webp?s=fce7f19fb5e0857e2dc348afce78026950b67238,1,7
Bolso ARP,26.95,Agatha Ruiz de la Prada,0,https://www.vinted.it/items/8274508512-bolso-arp?referrer=catalog,17,8274508512,Sold,28/02/2026 20:34:58,,https://images1.vinted.net/t/06_0070d_1ckwzVd7guNkavkea14htMLo/310x430/1772213698.webp?s=9aa66b66f3967930e7e18ef0839971dd8b852318,1,7
Casquette prada,294.7,Prada,M,https://www.vinted.it/items/8274502814-casquette-prada?referrer=catalog,4,8274502814,Sold,28/02/2026 20:34:58,,https://images1.vinted.net/t/06_02212_yyvNwR7M7buz3edfDecf444d/310x430/1772213653.webp?s=aa2d47986a80ef0e65042eaf4509a3d2da8f14a0,1,7
The devil wears prada,1.75,No brand,0,https://www.vinted.it/items/8274465365-the-devil-wears-prada?referrer=catalog,0,8274465365,Sold,28/02/2026 20:34:58,,https://images1.vinted.net/t/06_01a3a_HLcTDtjcnDYenbqUfYy4PhZu/310x430/1772213366.webp?s=abcdf4126c551902f2edc439c40b0ef8a68073e3,1,7
Parfum,58.45,Prada,0,https://www.vinted.it/items/8274435694-parfum?referrer=catalog,1,8274435694,Sold,28/02/2026 20:34:58,,https://images1.vinted.net/t/05_014c4_LiSoNch15Jovm7UtdToigmoy/310x430/1772213141.webp?s=82e1e171eedad9af4b3bf6bbeb4a472034e6615a,1,7
Prada Sonnenbrille,158.2,Prada,0,https://www.vinted.it/items/8274421880-prada-sonnenbrille?referrer=catalog,0,8274421880,Sold,28/02/2026 20:34:58,,https://images1.vinted.net/t/06_00bb7_YqvwjRRwPBnhQY4d8fHAmX2z/310x430/1772213036.webp?s=19fe46ec4555914ac8af07141014213f7ec2e455,1,7
Prada Re-Edition Mini elaborado en piel Saffiano rosa,945.7,Prada,0,https://www.vinted.it/items/8274414320-prada-re-edition-mini-elaborado-en-piel-saffiano-rosa?referrer=catalog,13,8274414320,Sold,28/02/2026 20:34:58,,https://images1.vinted.net/t/01_002a4_vAi8Q56g82iZ1Pg55fJvP5jZ/310x430/1772214444.webp?s=32971d88df0c5ab56d2e5610f2bd8cc718da5840,1,7
Prada paradoxe intense,48.99,Prada,0,https://www.vinted.it/items/8274387565-prada-paradoxe-intense?referrer=catalog,2,8274387565,Sold,28/02/2026 20:34:58,,https://images1.vinted.net/t/06_02061_vzgDdT2CHKW5ho918BeSEwu2/310x430/1772212777.webp?s=d01f6870664bc2f156846b27f195f0c3d38cb912,1,7
Zapatillas Prada America's Cup Verdes y Blancas - Nuevas Talla 43,242.2,Prada,43,https://www.vinted.it/items/8274384420-zapatillas-prada-americas-cup-verdes-y-blancas-nuevas-talla-43?referrer=catalog,0,8274384420,Sold,28/02/2026 20:34:58,,https://images1.vinted.net/t/06_01948_FSK2PvRgQxJnhjRjRkZPL6Z7/310x430/1772212754.webp?s=90f6a0bb48b56027aa5a1736ff9c38b63496e11c,1,7
Cargo de nuit,21.7,Prada,0,https://www.vinted.it/items/8274367240-cargo-de-nuit?referrer=catalog,1,8274367240,Sold,28/02/2026 20:34:58,,https://images1.vinted.net/t/06_023ed_Kpge6cQGpg6EAe2hR4oW1qgy/310x430/1772212626.webp?s=79548426194ba877273295e77ed182eec18a708c,1,7
Pantalone Prada,58.45,Prada,S / IT 40 / EU 36,https://www.vinted.it/items/8274353428-pantalone-prada?referrer=catalog,2,8274353428,Sold,28/02/2026 20:34:58,,https://images1.vinted.net/t/04_0157e_qjyoH98iaFUbvkSPEiNiMh39/310x430/r1/1772212525.webp?s=875a0a7840853e3f6f6a3c123bcb73478dfa7144,1,7
Prada Home - Scatola rotonda in ceramica porta oggetti,121.45,Prada,0,https://www.vinted.it/items/8270500335-prada-home-scatola-rotonda-in-ceramica-porta-oggetti?referrer=catalog,21,8270500335,Sold,28/02/2026 20:34:58,,https://images1.vinted.net/t/04_01557_mPW5ddmA5mnndRHSZHtbhCx3/310x430/1772184090.webp?s=29b9cbce7616eba0775ebe945e76b3c54c0690ca,1,7
Lunettes noires tendance Prada PR 19ZS 1AB5S0,284.2,Prada,0,https://www.vinted.it/items/8274337306-lunettes-noires-tendance-prada-pr-19zs-1ab5s0?referrer=catalog,0,8274337306,Sold,28/02/2026 20:34:58,,https://images1.vinted.net/t/06_00cbf_VwA2ssvJjmYJZ5hX1c8rgkXQ/310x430/1772212404.webp?s=5d741e89159291038d5be65ec511596873826a87,1,7
Prada bucket hat,29.05,No brand,M,https://www.vinted.it/items/8274322819-prada-bucket-hat?referrer=catalog,8,8274322819,Sold,28/02/2026 20:34:58,,https://images1.vinted.net/t/05_01f10_iLiTaYYewBGnVYtCyBGcwhKo/310x430/1772212300.webp?s=6974d2320aa8a0f287731a9bc31d3fff45572d86,1,7
Lunette prada marron spt17w,205.45,Prada,0,https://www.vinted.it/items/8274319796-lunette-prada-marron-spt17w?referrer=catalog,0,8274319796,Sold,28/02/2026 20:34:58,,https://images1.vinted.net/t/05_01712_4tc3284xfo31yuaRs8pB3Qzy/310x430/1772212277.webp?s=2c493a33cdf65c70afb5e700f41c1b46ea710e31,1,7
Prada - Balm Lip Frosting Care (Miniature 1,13.3,Prada,0,https://www.vinted.it/items/8274312768-prada-balm-lip-frosting-care-miniature-13-g?referrer=catalog,1,8274312768,Sold,28/02/2026 20:34:58,,https://images1.vinted.net/t/05_00451_7FcoVYLrr54ktyeKDzAArhMa/310x430/1772212224.webp?s=f7e9054d879dfec5b149a75faa18642e59a35777,1,7
Prada Sonnenbrille,263.2,Prada,0,https://www.vinted.it/items/8274278750-prada-sonnenbrille?referrer=catalog,4,8274278750,Sold,28/02/2026 20:34:58,,https://images1.vinted.net/t/05_013a4_m2rbUH6GFc1sqtKHawkpccCR/310x430/1772211973.webp?s=623b459d5dd060e9b0f1ef3cdb183c35fecedf60,1,7
Lunette mixte tendance prada noire Prada PR 17WS 1AB5S0,205.45,Prada,0,https://www.vinted.it/items/8274276142-lunette-mixte-tendance-prada-noire-prada-pr-17ws-1ab5s0?referrer=catalog,4,8274276142,Sold,28/02/2026 20:34:58,,https://images1.vinted.net/t/03_01601_hrUcSakT71AuycrczevBoY5A/310x430/1772211954.webp?s=dd947897e2bce28ee009838776366e05b8cf86c3,1,7
Prada shoes,410.2,Prada,41,https://www.vinted.it/items/8274232782-prada-shoes?referrer=catalog,7,8274232782,Sold,28/02/2026 20:34:58,,https://images1.vinted.net/t/05_02631_DG14r6hit6KeH1fWDURhAPV7/310x430/1772211638.webp?s=8897390a6ed1c86375de684e99bfa9277952698f,1,7
Prada zaino re edition re nylon,976.15,Prada,0,https://www.vinted.it/items/8274229514-prada-zaino-re-edition-re-nylon?referrer=catalog,5,8274229514,Sold,28/02/2026 20:34:58,,https://images1.vinted.net/t/06_019ab_6uajegxsm2h2JX36CeaWitit/310x430/1772211614.webp?s=a444b61aeac0b193281eaffe79844ed6f975d069,1,7
occhiali da sole,53.2,Prada,0,https://www.vinted.it/items/8274227011-occhiali-da-sole?referrer=catalog,0,8274227011,Sold,28/02/2026 20:34:58,,https://images1.vinted.net/t/06_01305_82CqZD7UNW18Xz621CvvofcM/310x430/1772211596.webp?s=5f63a8118766f30d9977ffcb4012422c70f773c8,1,7
Borsa Prada in rafia,1.3132,Prada,0,https://www.vinted.it/items/8274207405-borsa-prada-in-rafia?referrer=catalog,3,8274207405,Sold,28/02/2026 20:34:58,,https://images1.vinted.net/t/05_009ef_MXdqwS6Rz9EBZXknZ91gAhLS/310x430/1772211454.webp?s=4cfde2f6b0c9ce206087845d884df3447830e299,1,7
basket,100.45,Prada,40.5,https://www.vinted.it/items/8274196977-basket-prada-neuf?referrer=catalog,0,8274196977,Sold,28/02/2026 20:34:58,,https://images1.vinted.net/t/05_00101_PCBaHZnTNLaPW8UEDNJGZgjM/310x430/1772211377.webp?s=39d6ede3a9ce168d8bd0c219cabc72f3ea8589e3,1,7
Casco jet Agata Ruiz de la Prada (LEM),42.7,L.E.M,0,https://www.vinted.it/items/8274170761-casco-jet-agata-ruiz-de-la-prada-lem?referrer=catalog,16,8274170761,Sold,28/02/2026 20:34:58,,https://images1.vinted.net/t/05_002b0_vp5tX6A2LECuGgTpuTmC3Jto/310x430/1772211186.webp?s=12be5b36a21ad8877bfbe5c49592f4695f586c7d,1,7
Prada paradoxe intense,40.6,Prada,0,https://www.vinted.it/items/8274165698-prada-paradoxe-intense?referrer=catalog,12,8274165698,Sold,28/02/2026 20:34:58,,https://images1.vinted.net/t/06_00613_249EBc6XaEq3tjp3gZfpuRpv/310x430/1772211150.webp?s=41e80113efe30096d604d3ab3b09923f800aa0b8,1,7
Sudadera Negra sin Capucha Prada,37.45,Prada,S / IT 40 / EU 36,https://www.vinted.it/items/8274149422-sudadera-negra-sin-capucha-prada?referrer=catalog,3,8274149422,Sold,28/02/2026 20:34:58,,https://images1.vinted.net/t/01_0039f_UMjNx3GP4axarZrc5vXP85sM/310x430/1772211033.webp?s=0c03234974184502e697aaad06d338948613446a,1,7
Nastro in seta Prada,158.2,Prada,0,https://www.vinted.it/items/8274104657-nastro-in-seta-prada?referrer=catalog,14,8274104657,Sold,28/02/2026 20:34:58,,https://images1.vinted.net/t/06_0134a_jDLGnkiUV6CT5VMqvdsfNgJc/310x430/1772210712.webp?s=3450302567ce57b13171b72075aeb1378549ae00,1,7
Parfum Paradoxe Prada femme,68.95,Prada,0,https://www.vinted.it/items/8274088069-parfum-paradoxe-prada-femme?referrer=catalog,4,8274088069,Sold,28/02/2026 20:34:58,,https://images1.vinted.net/t/05_011d4_E9yCPbCBsPUUat5YcNhtmLcd/310x430/1772210643.webp?s=2f0bcc1ebaf868fdff757d0a0f81bd04c3e3b3e8,1,7
Prada paradigme,86.8,Prada,0,https://www.vinted.it/items/8274067549-prada-paradigme?referrer=catalog,0,8274067549,Sold,28/02/2026 20:34:58,,https://images1.vinted.net/t/05_0010f_FSb4sQTAUDLn36Vk4KMLAnvH/310x430/1772270116.webp?s=74b7de71906596ee708cc02939dbce34772eaea2,1,7
Prada Sonnenbrille PR 17WS 1AB5SO - Neu & ungetragen,168.7,Prada,0,https://www.vinted.it/items/8274063604-prada-sonnenbrille-pr-17ws-1ab5so-neu-ungetragen?referrer=catalog,7,8274063604,Sold,28/02/2026 20:34:58,,https://images1.vinted.net/t/05_006e9_z7uzFfqH473agYuwyy3LwxTq/310x430/1772210420.webp?s=1b40172af82ef143bcc18011d3a4b6822e9f8377,1,7
Prada paradoxe,40.6,Prada,0,https://www.vinted.it/items/8274063359-prada-paradoxe?referrer=catalog,6,8274063359,Sold,28/02/2026 20:34:58,,https://images1.vinted.net/t/06_02292_qQHdWdkHsoi42CuqSrVuutKs/310x430/1772210418.webp?s=71c7b863235e4f134e34fca1cbed9c21770e3da4,1,7
PRADA 24ZS Caramel Tortoise sunglasses,105.7,Prada,0,https://www.vinted.it/items/8274055745-prada-24zs-caramel-tortoise-sunglasses?referrer=catalog,2,8274055745,Sold,28/02/2026 20:34:58,,https://images1.vinted.net/t/06_02421_BTLRaH46zjX4yZZ85QYM9SUK/310x430/1772210363.webp?s=47280e4a7a4844c589372612556b59e685406790,1,7
Prada Cups,89.95,Prada,43,https://www.vinted.it/items/8274050950-prada-cups?referrer=catalog,1,8274050950,Sold,28/02/2026 20:34:58,,https://images1.vinted.net/t/05_02570_E7D5zxHCtg2SqUeCu7ffLPZB/310x430/1772210329.webp?s=53c1aca16362144adac91731567c9d72f23cab13,1,7
Pochette prada,28.0,Prada,0,https://www.vinted.it/items/8274048039-pochette-prada?referrer=catalog,1,8274048039,Sold,28/02/2026 20:34:58,,https://images1.vinted.net/t/06_01cbb_xVkwqf2eqUXTAixMgNjmVcf6/310x430/1772210308.webp?s=297bc7bf47bb93843b6f3fcd674cdca0d0e17d26,1,7
Perfume Infusión d'ylang Prada,61.6,Prada,0,https://www.vinted.it/items/8274042071-perfume-infusion-dylang-prada?referrer=catalog,3,8274042071,Sold,28/02/2026 20:34:58,,https://images1.vinted.net/t/01_01a7c_cwB2YRQtKvgtHmBHVmdFiVwt/310x430/1772210266.webp?s=d1f941f9891fda60ec177e7d752778f8a4b452b2,1,7
Prada cup,126.7,Prada,44,https://www.vinted.it/items/8274040487-prada-cup?referrer=catalog,6,8274040487,Sold,28/02/2026 20:34:58,,https://images1.vinted.net/t/05_00998_TWyDEQJPYCoUaHL7rw7KjBXE/310x430/1772210254.webp?s=88a0c503132b14dbe8525e6393233f398501469b,1,7
Doudoune prada original,420.7,Prada,M,https://www.vinted.it/items/8274025645-doudoune-prada-original?referrer=catalog,31,8274025645,Sold,28/02/2026 20:34:58,,https://images1.vinted.net/t/03_0179b_TSvqi2USSSPyrvHrFXy8Bdro/310x430/1772210150.webp?s=d0d849ac011ca8c0447bce6a10b9ce83e75b49b7,1,7
Prada paradoxe,40.6,Prada,0,https://www.vinted.it/items/8274021694-prada-paradoxe?referrer=catalog,5,8274021694,Sold,28/02/2026 20:34:58,,https://images1.vinted.net/t/05_020fa_PNWREg4vqwUBMNJ5qKHR765i/310x430/1772210123.webp?s=9d8323530afe80c83c6a16d0ba867183ec34263f,1,7
Portachiavi Prada Saffiano Oro in pelle color bronzo,263.19,Prada,0,https://www.vinted.it/items/8274019257-portachiavi-prada-saffiano-oro-in-pelle-color-bronzo-nuovo-con-confezione?referrer=catalog,0,8274019257,Sold,28/02/2026 20:34:58,,https://images1.vinted.net/t/05_014e9_Mf4tJm824YQsPPTbLBDfFyyM/310x430/1772210106.webp?s=97395ecd0538701e236635508793706166b16edd,1,7
Prada cup top qualité neuve  🥇envoi express 2j,147.7,Prada,44,https://www.vinted.it/items/8274018681-prada-cup-top-qualite-neuve-envoi-express-2j?referrer=catalog,4,8274018681,Sold,28/02/2026 20:34:58,,https://images1.vinted.net/t/06_0021b_Z4J3e5hPFyVJsXQEUXXJ6G7v/310x430/1772210102.webp?s=d7a63c4360844c758297452bd082ab81d6dbe351,1,7
Prada Candy parfum,58.45,Prada,0,https://www.vinted.it/items/8274007471-prada-candy-parfum?referrer=catalog,1,8274007471,Sold,28/02/2026 20:34:58,,https://images1.vinted.net/t/06_014cf_DHjuzQd8RAxrsenL9AP7zfR3/310x430/1772210023.webp?s=6c1bcc5580cc4bc4f37b5bb26a6ff5f4a3183f82,1,7
Lot de 3 paires de socquettes neuves Agatha Ruiz de la Prada 36/39,10.15,Agatha Ruiz de la Prada,37-39,https://www.vinted.it/items/8273946289-lot-de-3-paires-de-socquettes-neuves-agatha-ruiz-de-la-prada-3639?referrer=catalog,0,8273946289,Sold,28/02/2026 20:34:58,,https://images1.vinted.net/t/05_009ba_Zs4GpiLMLCrhdu4hVjc4sDHM/310x430/1772209856.webp?s=ae527f99125a2c86df566afefac5c90d28b68894,1,7
Pantalon taille haute en Re-Nylon,735.7,Prada,XS / IT 38 / EU 34,https://www.vinted.it/items/8273984122-pantalon-taille-haute-en-re-nylon?referrer=catalog,1,8273984122,Sold,28/02/2026 20:34:58,,https://images1.vinted.net/t/04_007cb_S1Cg1tBkRaWSGuJKXhyMaXYz/310x430/1772209857.webp?s=2e23967d7070eb3d741802b69d44e5c97ac72abc,1,7
Basket Sneakers Prada Downtown,473.2,Prada,36.5,https://www.vinted.it/items/8273979905-basket-sneakers-prada-downtown?referrer=catalog,2,8273979905,Sold,28/02/2026 20:34:58,,https://images1.vinted.net/t/04_00f44_qUqD5yQBo62W1qpEsqpgkjau/310x430/1772209827.webp?s=b2bb68cc57fdadc52d10bb3a35e6f14ea9ebde13,1,7
Prada cup top qualité neuve🥇envoi express 2j,147.7,Prada,42,https://www.vinted.it/items/8273976119-prada-cup-top-qualite-neuveenvoi-express-2j?referrer=catalog,3,8273976119,Sold,28/02/2026 20:34:58,,https://images1.vinted.net/t/03_01520_3m2e8koeCf2uhX6RMo8LjZbp/310x430/1772209801.webp?s=f7bb4ed79273532712cd4e1ad2e2d95ec3404640,1,7
Kosmetiktasche,26.95,Prada,0,https://www.vinted.it/items/8273960684-kosmetiktasche?referrer=catalog,0,8273960684,Sold,28/02/2026 20:34:58,,https://images1.vinted.net/t/06_01681_fg1e8UcDrMYfnGX9C8t93VkN/310x430/1772209692.webp?s=e198f0b7113f2e4c677245d69147233bc6b6bed1,1,7
Prada Arqué small,1.8907,Prada,0,https://www.vinted.it/items/8273947838-prada-arque-small?referrer=catalog,3,8273947838,Sold,28/02/2026 20:34:58,,https://images1.vinted.net/t/05_0020f_ua8NVQ6NdTV1HeDUa91dU6Rk/310x430/1772209602.webp?s=ccc31a24f1fb1d46d99c50af3dc3e5ebf9d7150e,1,7
DVD Il diavolo veste Prada,5.95,No brand,0,https://www.vinted.it/items/8273945646-dvd-il-diavolo-veste-prada?referrer=catalog,0,8273945646,Sold,28/02/2026 20:34:58,,https://images1.vinted.net/t/05_026f0_iQSF7e9MZEsC7L27a6QQ5mV5/310x430/1772209586.webp?s=df438bd1d743c375b809dabda280acfbdb1eb3ee,1,7
Pochette Prada,315.7,Prada,0,https://www.vinted.it/items/8273941219-pochette-prada?referrer=catalog,1,8273941219,Sold,28/02/2026 20:34:58,,https://images1.vinted.net/t/06_026fa_ffSN4PFJw7mdyKQemddxpuTX/310x430/1772209555.webp?s=8bf6a5d23b10c9b22634eee4252349c45035e53a,1,7
Prada SPR 62S 1AB-0A7 occhiali da sole,131.95,Prada,0,https://www.vinted.it/items/8273915024-prada-spr-62s-1ab-0a7-occhiali-da-sole?referrer=catalog,3,8273915024,Sold,28/02/2026 20:34:58,,https://images1.vinted.net/t/06_01320_QY7f32Krt8UAgyGFgdpxSEWj/310x430/1772209372.webp?s=e821cc5a6cd57e7418b703ee14a45ca051f3a114,1,7
O diabo veste Prada,5.95,No brand,0,https://www.vinted.it/items/8273896537-o-diabo-veste-prada-lauren-weiberger?referrer=catalog,3,8273896537,Sold,28/02/2026 20:34:58,,https://images1.vinted.net/t/01_01bf6_dwP85acYkJieBmLTSyZTnSWH/310x430/1772209244.webp?s=766e4512c6fa734ed88088b8105e5109e29fb671,1,7
Pantaloni PRADA neri,74.2,Prada,S,https://www.vinted.it/items/8273884787-pantaloni-prada-neri?referrer=catalog,12,8273884787,Sold,28/02/2026 20:34:58,,https://images1.vinted.net/t/04_008db_25P2Sr5YznzXK5oGwy47NdMU/310x430/1772209162.webp?s=0ce086433c25260b78c4647036fa649b898aac57,1,7
Prada America's Cup,210.7,Prada,43,https://www.vinted.it/items/8273879743-prada-americas-cup?referrer=catalog,3,8273879743,Sold,28/02/2026 20:34:58,,https://images1.vinted.net/t/04_00891_8kEmCukzLmHfeQobo32afa9J/310x430/1772209127.webp?s=9afd37f6bfaec1c8095aabde24a9ace8ac7a3c71,1,7
Prada Hemd Korte Mouwen Zwart,630.7,Prada,M,https://www.vinted.it/items/8273858505-prada-hemd-korte-mouwen-zwart?referrer=catalog,1,8273858505,Sold,28/02/2026 20:34:58,,https://images1.vinted.net/t/06_00cde_C7JBYP97HkbZNsoPZELvv5BX/310x430/1772208979.webp?s=28288769dbeae4d91283472b2fda52acdfde9659,1,7
Prada x Raf Simons Re-Nylon Bomber Jacket,1.62295,Prada,L,https://www.vinted.it/items/8273856570-prada-x-raf-simons-re-nylon-bomber-jacket?referrer=catalog,1,8273856570,Sold,28/02/2026 20:34:58,,https://images1.vinted.net/t/06_023c2_j4MMJjxozjNKPhZqymTQPGjM/310x430/1772208966.webp?s=395ce387c4ab70a3b5d47b4f03d359c34ce93e1a,1,7
Prada Luna Rossa Ocean Parfum Mini,18.5,Prada,0,https://www.vinted.it/items/8273852720-prada-luna-rossa-ocean-parfum-mini?referrer=catalog,4,8273852720,Sold,28/02/2026 20:34:58,,https://images1.vinted.net/t/03_01a6b_SMnL3xw8ViX7VUR7SXHJuH6k/310x430/1772208938.webp?s=ee02d3e1652bc7637c106202b34f05f3052e5478,1,7
Lunette de soleil Prada,137.2,Prada,0,https://www.vinted.it/items/8273844089-lunette-de-soleil-prada?referrer=catalog,3,8273844089,Sold,28/02/2026 20:34:58,,https://images1.vinted.net/t/05_0102e_deBmY2aprT87jJdfdF5qx2Kg/310x430/1772208878.webp?s=46835d76d3857673cd9c807bc5e3771afd4cc6a6,1,7
Bikini mujer agatha ruiz de la prada nuevo,47.95,Agatha Ruiz de la Prada,M / IT 42 / EU 38,https://www.vinted.it/items/8273834815-bikini-mujer-agatha-ruiz-de-la-prada-nuevo?referrer=catalog,2,8273834815,Sold,28/02/2026 20:34:58,,https://images1.vinted.net/t/06_0100b_A7B4ywmvPAcsxP2WwBuxZMLa/310x430/1772208815.webp?s=1a5740163a151572ce3e1904e6d6cd6c3612179e,1,7
Prada Pradoxe virtual flower 50 ml eau de parfum,47.95,Prada,0,https://www.vinted.it/items/8273830229-prada-pradoxe-virtual-flower-50-ml-eau-de-parfum?referrer=catalog,2,8273830229,Sold,28/02/2026 20:34:58,,https://images1.vinted.net/t/05_00bb6_HLEC3RH8kkNtrgptkuR6UPrr/310x430/1772208783.webp?s=9c83c6c502bb9f42f9ace0c7b6548d575cea2926,1,7
Prada polo,95.2,Prada,M,https://www.vinted.it/items/8273802031-prada-polo?referrer=catalog,0,8273802031,Sold,28/02/2026 20:34:58,,https://images1.vinted.net/t/06_014d1_93ZyMM8twZgdSNExbgrup8mp/310x430/1772208589.webp?s=4e23f3501977aadd5000d04a6a7349b320c50f73,1,7
Prada paradigme,86.8,Prada,0,https://www.vinted.it/items/8273795249-prada-paradigme?referrer=catalog,1,8273795249,Sold,28/02/2026 20:34:59,,https://images1.vinted.net/t/05_02615_UAjHGKgo6CJah2W6g8BAHev1/310x430/1772208543.webp?s=d3eca63772b3a5f3a803ce711edfec21dc624e35,1,7
Agenda Prada settimanale 2026,37.45,Prada,0,https://www.vinted.it/items/8273794579-agenda-prada-settimanale-2026?referrer=catalog,2,8273794579,Sold,28/02/2026 20:34:59,,https://images1.vinted.net/t/06_0229d_XNwTr4tYrz7tVihdiuVCmDca/310x430/1772208538.webp?s=8c99dc431acfd8e43b7d85991c879c8b8b92c98c,1,7
Polo prada,11.2,Local,L,https://www.vinted.it/items/8273713169-polo-prada?referrer=catalog,0,8273713169,Sold,28/02/2026 20:34:59,,https://images1.vinted.net/t/01_01831_LFkHts7dTVCEDsazr45jCFSf/310x430/1772208335.webp?s=6f3c7f8e748ec5fcbb6161850870c8860d4b3054,1,7
Prada cup,168.7,Prada,38,https://www.vinted.it/items/8273736540-prada-cup?referrer=catalog,3,8273736540,Sold,28/02/2026 20:34:59,,https://images1.vinted.net/t/06_00279_o51o6dqPVruJeEMwvJ7wJFVK/310x430/1772208140.webp?s=5a1f9869f3365528d517f467bf8f443e113ca062,1,7
Prada 2026 spring sunglasses new,89.95,Prada,0,https://www.vinted.it/items/8273700239-prada-2026-spring-sunglasses-new?referrer=catalog,0,8273700239,Sold,28/02/2026 20:34:59,,https://images1.vinted.net/t/05_02294_QLhFngucdZ2Mw1i2RPvQe2cr/310x430/1772207887.webp?s=58063207f9b45e2530ade0e6aa5451718279699d,1,7
Lunette Prada modèle PR À 06S,252.7,Prada,0,https://www.vinted.it/items/8273672028-lunette-prada-modele-pr-a-06s?referrer=catalog,1,8273672028,Sold,28/02/2026 20:34:59,,https://images1.vinted.net/t/05_01bc2_EfKHwAPswJpXr27hAaCZUzqR/310x430/1772207695.webp?s=7000a2de5ba9b310cf8e0e29812dc734b20e2773,1,7
Occhiali Prada,104.65,Prada,0,https://www.vinted.it/items/8273658829-occhiali-prada?referrer=catalog,6,8273658829,Sold,28/02/2026 20:34:59,,https://images1.vinted.net/t/04_019ac_C6jwy2wgPCVEcjeGpKutpaqm/310x430/1772207604.webp?s=3deee12d97e5844232eb41cc48d7411ce9a7a521,1,7
Perfume Prada paradigms hombre 100 ml,58.45,Prada,0,https://www.vinted.it/items/8245095255-perfume-prada-paradigms-hombre-100-ml?referrer=catalog,0,8245095255,Sold,28/02/2026 20:34:59,,https://images1.vinted.net/t/04_01dec_XLH86pPLHSz8PRVsku5xh1vp/310x430/1771861685.webp?s=52ec44eb37dcf48ee6b95d045f651d182278200d,1,7
cabas prada neuf raffia,1.1557,Prada,0,https://www.vinted.it/items/8273561928-cabas-prada-neuf-raffia?referrer=catalog,1,8273561928,Sold,28/02/2026 20:34:59,,https://images1.vinted.net/t/05_00015_QfPqgCe2mPdn2PxqwX7Husmy/310x430/1772206938.webp?s=b27a3f13095b32d6caaee6b4b52d274410f1f852,1,7
Escarpins Prada,284.2,Prada,39,https://www.vinted.it/items/8273556076-escarpins-prada?referrer=catalog,0,8273556076,Sold,28/02/2026 20:34:59,,https://images1.vinted.net/t/06_018b3_4CnzNhg8dQGtfUh2n7tmk1Ae/310x430/1772206898.webp?s=10c54552d84fb4e2c8bc5d8c3709f7345f2296f7,1,7
Prada pochette più detergente viso più crema,42.7,Prada,0,https://www.vinted.it/items/8273533928-prada-pochette-piu-detergente-viso-piu-crema?referrer=catalog,3,8273533928,Sold,28/02/2026 20:34:59,,https://images1.vinted.net/t/01_0066c_Eohw4u4oisPwgqqiXi4sraZt/310x430/1772206742.webp?s=1229d2149f5743e4f1f7d61f0c0d36a53be3f9e2,1,7
Paradoxe Parfum Intense de Prada Femme 90ml rechargeable | sous-blister ~ sac offert,62.65,Prada,0,https://www.vinted.it/items/8273480891-paradoxe-parfum-intense-de-prada-femme-90ml-rechargeable-sous-blister-sac-offert?referrer=catalog,13,8273480891,Sold,28/02/2026 20:34:59,,https://images1.vinted.net/t/01_012a2_NBT1TE7ugT1reVx882mqFdng/310x430/1772206370.webp?s=6a9700077bf9d3cc23882645589769fd5c0e01f8,1,7
Prada America’s Cup,735.7,Prada,40,https://www.vinted.it/items/8273525264-prada-americas-cup?referrer=catalog,2,8273525264,Sold,28/02/2026 20:34:59,,https://images1.vinted.net/t/06_00318_euqPV1TPLqPQeTtnjRSxULcr/310x430/1772206681.webp?s=ca483c74270a377bdff23351d4cddb63d633d5d2,1,7
Maglione Prada,263.2,Prada,XS / IT 38 / EU 34,https://www.vinted.it/items/8273520080-maglione-prada?referrer=catalog,3,8273520080,Sold,28/02/2026 20:34:59,,https://images1.vinted.net/t/05_0168f_i1wLrgsjqEviTGe5Ydj13boc/310x430/1772206646.webp?s=d797173906dad425bf0a93830d76fa04908ff673,1,7
Prada cups black,105.7,Prada,42,https://www.vinted.it/items/8273479988-prada-cups-black?referrer=catalog,16,8273479988,Sold,28/02/2026 20:34:59,,https://images1.vinted.net/t/01_01a1b_Aixby86y5M9jiVKYC7dcJhA1/310x430/1772206363.webp?s=d9d73e8b262279b2e1f09cd6c16d89f38cf3afd1,1,7
Boîtier à lunettes et chiffon de nettoyage Prada,10.15,Prada,0,https://www.vinted.it/items/8273499605-boitier-a-lunettes-et-chiffon-de-nettoyage-prada?referrer=catalog,4,8273499605,Sold,28/02/2026 20:34:59,,https://images1.vinted.net/t/06_019c7_3ndJ5eAXA1TpxVcoauSXdSYj/310x430/1772206501.webp?s=6f3f9d42c82c97e33176e404e273c55184cc0300,1,7
Manteau doudoune noir nylon prada,136.15,No brand,S,https://www.vinted.it/items/8273403402-manteau-doudoune-noir-nylon-prada-taille-s-neuf?referrer=catalog,7,8273403402,Sold,28/02/2026 20:34:59,,https://images1.vinted.net/t/06_01b57_T5REKMM5XprtQAUeB6SaUAW5/310x430/1772205830.webp?s=9d52d6df8d35aa97dca36cda5b40df0ac30bf030,1,7
Occhiali Prada,100.45,Prada,0,https://www.vinted.it/items/8273398986-occhiali-prada?referrer=catalog,2,8273398986,Sold,28/02/2026 20:34:59,,https://images1.vinted.net/t/06_0187a_2sXE46HpxYeRtVWspCzfPgfB/310x430/1772205799.webp?s=422e566c708377466ab8383e2e084bbc05708f18,1,7
Prada cup,142.45,Prada,43,https://www.vinted.it/items/8273338675-prada-cup?referrer=catalog,2,8273338675,Sold,28/02/2026 20:34:59,,https://images1.vinted.net/t/05_00860_RWmnfH9Yp1imBQqiFkZoK34j/310x430/1772205376.webp?s=d0b651c6b3606ae09fcaedbe4f69d075b45e7ec2,1,7
Aceitero y vinagrero,13.3,Agatha Ruiz de la Prada,0,https://www.vinted.it/items/8273316491-aceitero-y-vinagrero?referrer=catalog,20,8273316491,Sold,28/02/2026 20:34:59,,https://images1.vinted.net/t/05_016ec_Tp9n3KfrVGjaUV88GsuKN2yY/310x430/1772205221.webp?s=8af318eec785694537fdbf32901105a1a36c286d,1,7
Prada Paradoxe Neu 90ml,57.4,Prada,0,https://www.vinted.it/items/8273314353-prada-paradoxe-neu-90ml?referrer=catalog,9,8273314353,Sold,28/02/2026 20:34:59,,https://images1.vinted.net/t/06_003f7_YtvNb26hozqf876Ht3jLaKg2/310x430/1772205206.webp?s=377470b8835a6a611b4bff758df7ed78dc3d8449,1,7
Jersey verde Prada hombre 48 lana,263.2,Prada,M,https://www.vinted.it/items/8247879002-jersey-verde-prada-hombre-48-lana?referrer=catalog,3,8247879002,Sold,28/02/2026 20:34:25,,https://images1.vinted.net/t/04_018aa_3JYSV74pL33wDr3W9wsLWB1k/310x430/1771881520.webp?s=8fdaac493309ca514562489cf99df178de417ca5,1,6
Gafas Prada,32.2,No brand,0,https://www.vinted.it/items/8275991014-gafas-prada?referrer=catalog,31,8275991014,Sold,28/02/2026 20:34:25,,https://images1.vinted.net/t/06_00761_8PwgbjYfRTqzFk1C1tAbr8VA/310x430/1772227146.webp?s=5aed329485b3ec009fd6f8b9a4b06f66cd6cf271,1,6
Boite a lunette prada neuf,9.1,Prada,0,https://www.vinted.it/items/8275946886-boite-a-lunette-prada-neuf?referrer=catalog,1,8275946886,Sold,28/02/2026 20:34:25,,https://images1.vinted.net/t/06_01a9f_JLeZbVei3EDu1FrA8DeaVGyR/310x430/1772226628.webp?s=744266b150f4ff12ca663f5dbd6f6a3961b89b15,1,6
Robe d'été 3 mois,4.9,Agatha Ruiz de la Prada,3-6 mesi / 62 cm,https://www.vinted.it/items/8275935805-robe-dete-3-mois?referrer=catalog,5,8275935805,Sold,28/02/2026 20:34:25,,https://images1.vinted.net/t/06_02638_vxERHqyUBGTp8Yit4RVsY85E/310x430/1772226503.webp?s=ab5427edfda66c43131c029d73ebf4ece9851b35,1,6
Prada Sunglasses,95.2,Prada,0,https://www.vinted.it/items/8275901270-prada-sunglasses?referrer=catalog,1,8275901270,Sold,28/02/2026 20:34:25,,https://images1.vinted.net/t/06_0237c_jDsbq4KPwaRjVviG1WrsUZqf/310x430/1772226129.webp?s=67f90b4bb6b7abb54338093ca3ec9d537a0eea1e,1,6
Agatha Ruiz de la Prada billetero/ cartera rosa / Agatha Ruiz de la Prada Wallet Pink,16.35,Agatha Ruiz de la Prada,0,https://www.vinted.it/items/8275885561-agatha-ruiz-de-la-prada-billetero-cartera-rosa-agatha-ruiz-de-la-prada-wallet-pink?referrer=catalog,12,8275885561,Sold,28/02/2026 20:34:25,,https://images1.vinted.net/t/01_015bb_acntg7fP7at3acPXQb46c8pd/310x430/1772225962.webp?s=d8afc8f0852a8459c2506d155ebf75985ca3d287,1,6
Prada brille,79.44,Prada,0,https://www.vinted.it/items/8275830938-prada-brille?referrer=catalog,4,8275830938,Sold,28/02/2026 20:34:25,,https://images1.vinted.net/t/05_021c3_2N3rh5QCqhmoJ3uSqJ1Kk5FA/310x430/1772225384.webp?s=58cffc9af9d01c5f8d7168829062ce6b8c07fe3b,1,6
Parfum 10ml l'homme de prada,8.05,Prada,0,https://www.vinted.it/items/8275850757-parfum-10ml-lhomme-de-prada?referrer=catalog,3,8275850757,Sold,28/02/2026 20:34:25,,https://images1.vinted.net/t/05_01362_mRvbwc6ukTx7yARvcqr4jVFL/310x430/1772225592.webp?s=712b0c5f54c509637059473dff3a469eadd2a5ba,1,6
Parfüm Prada Paradoxe Radical Essence,3.85,Prada,0,https://www.vinted.it/items/8275840846-parfum-prada-paradoxe-radical-essence?referrer=catalog,1,8275840846,Sold,28/02/2026 20:34:25,,https://images1.vinted.net/t/01_022fb_Dfu3foXoHGFQfbwJoCh4CjLu/310x430/1772225487.webp?s=2652c137f1d18e7fa60c4d288b58784fc970f610,1,6
Prada,26.95,Prada,0,https://www.vinted.it/items/8275813177-prada?referrer=catalog,5,8275813177,Sold,28/02/2026 20:34:25,,https://images1.vinted.net/t/01_0155b_RP4rU9c4EB9t8f29PNzmCEvY/310x430/1772225202.webp?s=b32f1416799dd95d0e49ad8f2d198f562d1e1fc7,1,6
Prada PR15YS Sonnenbrille,178.15,Prada,0,https://www.vinted.it/items/8275792992-prada-pr15ys-sonnenbrille?referrer=catalog,2,8275792992,Sold,28/02/2026 20:34:25,,https://images1.vinted.net/t/06_017db_3eWpUkWTxfHhRec8zknowj7n/310x430/1772226649.webp?s=ca1b8bf5d4de8c01e1f5e441acc211171173e74a,1,6
La femme prada intense 50 ml,53.2,Prada,0,https://www.vinted.it/items/8275778440-la-femme-prada-intense-50-ml?referrer=catalog,1,8275778440,Sold,28/02/2026 20:34:25,,https://images1.vinted.net/t/06_003cd_6LbgLUmvo2NdLt4Uof1Cnn86/310x430/1772224849.webp?s=5ef8c0b9b785772d9438a9d5dfcacde99db278e7,1,6
Basket prada America’s Cup taille 40,103.6,Prada,40,https://www.vinted.it/items/8275774633-basket-prada-americas-cup-taille-40?referrer=catalog,22,8275774633,Sold,28/02/2026 20:34:25,,https://images1.vinted.net/t/06_01686_W5vDzEeKqNN2C7pYhrnZCfFP/310x430/1772224810.webp?s=27dfa5c57c7e9f5f10365535088aeda555ba75bc,1,6
Piumino Prada Donna,510.0,Prada,L / IT 44 / EU 40,https://www.vinted.it/items/8275764584-piumino-prada-donna?referrer=catalog,0,8275764584,Sold,28/02/2026 20:34:25,,https://images1.vinted.net/t/05_0006b_LWvAzi4C9W8dbZLbQuaknipm/310x430/1772224707.webp?s=61662a7adb27983f4550c41cb35678e92eba7c66,1,6
Invito Sfilata PRADA Donna autunno/Inverno 2026 - originale Collezione,11.2,Prada,0,https://www.vinted.it/items/8275754203-invito-sfilata-prada-donna-autunnoinverno-2026-originale-collezione?referrer=catalog,2,8275754203,Sold,28/02/2026 20:34:25,,https://images1.vinted.net/t/06_01826_YpyUsAk6RLhRS4qxEn3WjHVW/310x430/1772224606.webp?s=169480016c28de94b4ceda0387e2002bcbf4b6d6,1,6
Mirlo blanco,7.0,No brand,0,https://www.vinted.it/items/8275731102-mirlo-blanco-cisne-negro-juan-manuel-de-prada?referrer=catalog,0,8275731102,Sold,28/02/2026 20:34:25,,https://images1.vinted.net/t/04_02243_LFRU2AG7Y4MdoyXESKRVtPyG/310x430/1772224375.webp?s=5279a94987eb821a714316c0e1081c0116b105e7,1,6
Baskets prada,158.2,Prada,41,https://www.vinted.it/items/8275722860-baskets-prada?referrer=catalog,4,8275722860,Sold,28/02/2026 20:34:25,,https://images1.vinted.net/t/05_01b7b_ppm8QgZKCif17tjXzFvPrrhr/310x430/1772224291.webp?s=ef4f9f7fe981846f1f1a1425c5f4a6dd06dba46f,1,6
Occhiali prada unisex nuovi,221.2,Prada,0,https://www.vinted.it/items/8275689239-occhiali-prada-unisex-nuovi?referrer=catalog,1,8275689239,Sold,28/02/2026 20:34:25,,https://images1.vinted.net/t/06_00428_LMj4YuLzAYkqtsFjwMhUsbVe/310x430/1772223959.webp?s=6f6a7ace4090d77863e75bea5af66f71a02733fb,1,6
Parfum miniatuur nieuw Prada Paradoxe,16.45,Prada,0,https://www.vinted.it/items/8275679678-parfum-miniatuur-nieuw-prada-paradoxe?referrer=catalog,13,8275679678,Sold,28/02/2026 20:34:25,,https://images1.vinted.net/t/03_01199_aotJR2JXdKc7hrn6BC3zZ13f/310x430/1772223865.webp?s=770084b1827f361aa5ce975ab0251702aac98b9f,1,6
Borsa Shopping Prada Beauty,32.2,Prada beauty,0,https://www.vinted.it/items/8275676399-borsa-shopping-prada-beauty?referrer=catalog,0,8275676399,Sold,28/02/2026 20:34:25,,https://images1.vinted.net/t/06_01a25_F6GC5RxUNeAyMFdfLnZcNgaN/310x430/1772223835.webp?s=e4f7524cfdc4f1b83f9f4c006f6195af93ea3836,1,6
Sacca porta oggetti Prada,6.27,Prada,0,https://www.vinted.it/items/8275666093-sacca-porta-oggetti-prada?referrer=catalog,1,8275666093,Sold,28/02/2026 20:34:25,,https://images1.vinted.net/t/05_021fd_UnUMxZCS4dfjQT2QKZ7ehro4/310x430/1772223735.webp?s=6ffc217a64888a38d67adf84a9e49504cf76da15,1,6
Polo luna rossa Prada,189.7,Luna Rossa,XXXL,https://www.vinted.it/items/8275654972-polo-luna-rossa-prada?referrer=catalog,2,8275654972,Sold,28/02/2026 20:34:25,,https://images1.vinted.net/t/04_01922_DMgZQvM7nXgpvdCdtqpoPUts/310x430/1772223630.webp?s=d6e9a508b7ea9a041a5b060ecde9cce111b682b6,1,6
Occhiali da sole Prada PR 15US Azure Blue con lenti Light Green - scatola originale,314.65,Prada,0,https://www.vinted.it/items/8275649600-occhiali-da-sole-prada-pr-15us-azure-blue-con-lenti-light-green-scatola-originale?referrer=catalog,0,8275649600,Sold,28/02/2026 20:34:25,,https://images1.vinted.net/t/04_01a05_jiufvPQit5BhoFjDWENnGBdQ/310x430/1772223579.webp?s=26249c99a5ec1fdda7954345c7b6931785d35afb,1,6
Gafas Prada,42.7,Prada,0,https://www.vinted.it/items/8275618391-gafas-prada?referrer=catalog,5,8275618391,Sold,28/02/2026 20:34:25,,https://images1.vinted.net/t/06_00907_gcQniSsLYpj2E1gpg8NiTJp6/310x430/1772223286.webp?s=d737bbb17d580aba32161448d170965ab5784f4c,1,6
Cravate Prada,68.95,Prada,0,https://www.vinted.it/items/8275222179-cravate-prada?referrer=catalog,4,8275222179,Sold,28/02/2026 20:34:25,,https://images1.vinted.net/t/03_001a1_FnTy4XYgKh5uXd283QvYWwmR/310x430/1772219675.webp?s=f0355703e00bb3d5f010dfa39dce8484d315a443,1,6
Livres lookbook Prada 2025 sous blister,42.7,Prada,0,https://www.vinted.it/items/8275587473-livres-lookbook-prada-2025-sous-blister?referrer=catalog,6,8275587473,Sold,28/02/2026 20:34:25,,https://images1.vinted.net/t/04_0036a_PUqsWpE2pxV8Hiv29rVgV1WW/310x430/1772222995.webp?s=33464f536710bc50a677eb4645a356dfa53a2b8a,1,6
Prada Candy sugar pop,42.7,Prada,0,https://www.vinted.it/items/8275580735-prada-candy-sugar-pop?referrer=catalog,1,8275580735,Sold,28/02/2026 20:34:25,,https://images1.vinted.net/t/04_01259_8P8RBLcpABPEiKKAeA4epoMR/310x430/1772222932.webp?s=d71431b7abb297b7a045b46feccfbb1a9c621cba,1,6
PRADA Paradoxe,84.7,Prada,0,https://www.vinted.it/items/8275543508-prada-paradoxe?referrer=catalog,0,8275543508,Sold,28/02/2026 20:34:25,,https://images1.vinted.net/t/05_00498_R82U8aTrf8PTz76dUNgu3q6s/310x430/1772222586.webp?s=467db46d5bfc4a979b2808091db2ee30808c8454,1,6
PRADA Ribbon Suede Sneakers With Metallic Front. UK 4.5,158.2,Prada,37.5,https://www.vinted.it/items/8275533575-prada-ribbon-suede-sneakers-with-metallic-front-uk-45-eu-375?referrer=catalog,0,8275533575,Sold,28/02/2026 20:34:25,,https://images1.vinted.net/t/05_01942_Wq6LwMYfF2LeJVa6nExZBDAH/310x430/1772222494.webp?s=015f4fb5286fea919e415e7d2d76c62e31d36da1,1,6
Prada américans cup bleu marine,247.45,Prada,37,https://www.vinted.it/items/8275512092-prada-americans-cup-bleu-marine?referrer=catalog,21,8275512092,Sold,28/02/2026 20:34:25,,https://images1.vinted.net/t/04_00533_xcZN8o3dU4AvT9VacvFVrfri/310x430/1772222293.webp?s=2bdc2c804f942d0965972d891a5abcca6a5ca613,1,6
Pochette Prada,16.45,Prada,0,https://www.vinted.it/items/8275506289-pochette-prada?referrer=catalog,14,8275506289,Sold,28/02/2026 20:34:25,,https://images1.vinted.net/t/01_02686_XjNG7cSZJ3b53pJmGvfzRK8X/310x430/1772222239.webp?s=eb424cd805556167cf7da16bbce239a5b0a10b18,1,6
Sonnenbrille Prada,100.45,Prada,0,https://www.vinted.it/items/8275465525-sonnenbrille-prada?referrer=catalog,4,8275465525,Sold,28/02/2026 20:34:25,,https://images1.vinted.net/t/06_02423_XCuBy4okXnVNNGuPCF4rHK1F/310x430/1772221863.webp?s=5709791cd5245554d48c74873fa80a56f2194df3,1,6
Prada Thunder bianche,126.7,Prada,44,https://www.vinted.it/items/8275448900-prada-thunder-bianche?referrer=catalog,1,8275448900,Sold,28/02/2026 20:34:25,,https://images1.vinted.net/t/05_01c4c_vLNb7iPPGJZ1Wickgwn2kaV5/310x430/1772221713.webp?s=8a487c8763ca0da33260ff7d8d70f226963ea735,1,6
Prada rouge à lèvres monochrome,32.2,Prada,0,https://www.vinted.it/items/8275442436-prada-rouge-a-levres-monochrome?referrer=catalog,1,8275442436,Sold,28/02/2026 20:34:25,,https://images1.vinted.net/t/05_005bf_vc9qX2hgUVBbewBb3skvLs4s/310x430/1772221656.webp?s=e2bba16c7713845196a5928ad66090881e980a3a,1,6
Prada cardholder,105.7,Prada,Taglia unica,https://www.vinted.it/items/8275441757-prada-cardholder?referrer=catalog,11,8275441757,Sold,28/02/2026 20:34:25,,https://images1.vinted.net/t/01_014fe_pKnWzwqf4QGSfU2WSQwTTm5t/310x430/1772221650.webp?s=1d48c9df283aac15b5ca61fd1c5e64579b8d98b6,1,6
Profumo Prada,53.2,Prada,0,https://www.vinted.it/items/8275438883-profumo-prada?referrer=catalog,1,8275438883,Sold,28/02/2026 20:34:25,,https://images1.vinted.net/t/04_019cc_6GFj84KqhJYx7vEEeetLA1eP/310x430/1772221624.webp?s=1feba2c9b560bc2f6fce374395cd57f731422038,1,6
Prada jacket FW 2008,394.45,Prada,M / IT 42 / EU 38,https://www.vinted.it/items/8275435769-prada-jacket-fw-2008?referrer=catalog,0,8275435769,Sold,28/02/2026 20:34:25,,https://images1.vinted.net/t/05_000f8_iyvzg8F6Re8MypRNHnkqSE7e/310x430/1772221596.webp?s=2a013df953d557af2737fd15d6334be848b48c3b,1,6
Cardigan Prada,510.0,Prada,S / IT 40 / EU 36,https://www.vinted.it/items/8275382179-cardigan-prada?referrer=catalog,1,8275382179,Sold,28/02/2026 20:34:25,,https://images1.vinted.net/t/05_0084b_9r9yWeCmHZA7PPGuvkzHpBJY/310x430/1772221113.webp?s=a9edd590905bb680672a662b576e975691611a2a,1,6
Prada hoed helemaal nieuw,473.2,Prada,M,https://www.vinted.it/items/8275376886-prada-hoed-helemaal-nieuw?referrer=catalog,0,8275376886,Sold,28/02/2026 20:34:25,,https://images1.vinted.net/t/05_00984_9bksy2aZoS1sycftKVEY7EBb/310x430/1772221064.webp?s=44bc2bfad77d2d71007b5e3e7a45773b65adb409,1,6
Prada Adidas Superstar Gr 46 2/3,404.95,Prada,46,https://www.vinted.it/items/8275341860-prada-adidas-superstar-gr-46-23?referrer=catalog,2,8275341860,Sold,28/02/2026 20:34:25,,https://images1.vinted.net/t/05_01706_4oK2jhYj457bLUCQBvkiXSyi/310x430/1772220749.webp?s=33eda5615b5bf13d4d28e8f786d0dd57f7f7d0b3,1,6
Set makeup prada,105.7,Prada,0,https://www.vinted.it/items/8275308155-set-makeup-prada?referrer=catalog,3,8275308155,Sold,28/02/2026 20:34:25,,https://images1.vinted.net/t/04_00db7_sRMmmCLFNXyjHPmMNdLbwdwo/310x430/1772220442.webp?s=e3270bc0a3d9e1fcb96695f83a4c585ec92c4d85,1,6
Prada maglione Lana cashmere,663.0,Prada,XXL / IT 48 / EU 44,https://www.vinted.it/items/8275264860-prada-maglione-lana-cashmere?referrer=catalog,5,8275264860,Sold,28/02/2026 20:34:25,,https://images1.vinted.net/t/03_012a7_h44ACJSjNrHaaCYGU78r8TYD/310x430/1772220055.webp?s=4d8a36df3e6ce46cef88376506d070007d482f06,1,6
profumo prada,63.7,Prada,0,https://www.vinted.it/items/8268474778-profumo-prada?referrer=catalog,2,8268474778,Sold,28/02/2026 20:34:25,,https://images1.vinted.net/t/04_0227b_pXqTupDHn6Q6nnfUs7XrosLj/310x430/1772134557.webp?s=6f8aca2feda4b8493121f7b437887669f22cdce9,1,6
Conjunto niña marca agatha Ruiz de la Prada.,19.6,Agatha Ruiz de la Prada,18-24 mesi / 86 cm,https://www.vinted.it/items/8275254171-conjunto-nina-marca-agatha-ruiz-de-la-prada?referrer=catalog,13,8275254171,Sold,28/02/2026 20:34:25,,https://images1.vinted.net/t/04_023fc_UxR4zWS7kyy4Na9DXCbTWChw/310x430/1772219958.webp?s=547c13df5f587a70d21b0c1ef8133440dd16fb5f,1,6
Parfum PRADA Paradoxe Intense,53.2,Prada,0,https://www.vinted.it/items/8275244936-parfum-prada-paradoxe-intense?referrer=catalog,0,8275244936,Sold,28/02/2026 20:34:25,,https://images1.vinted.net/t/06_0094e_CpHDjCnav6JBmujA12bkKakc/310x430/1772219875.webp?s=75fb5c3b573c4d9ec0f6c95811832b7fbd0e5dbf,1,6
Parfum Paradigme Prada,105.7,Prada,0,https://www.vinted.it/items/8275213367-parfum-paradigme-prada?referrer=catalog,0,8275213367,Sold,28/02/2026 20:34:25,,https://images1.vinted.net/t/06_0122e_sXSpjnX6PmaXr6jy9r2aEK1t/310x430/1772219596.webp?s=c1304a2186783096c0467a65c41474df9468af2d,1,6
Le parfum prada ocean luna rossa,79.45,Prada,0,https://www.vinted.it/items/8275200134-le-parfum-prada-ocean-luna-rossa?referrer=catalog,0,8275200134,Sold,28/02/2026 20:34:25,,https://images1.vinted.net/t/06_006a1_pmBqKSuyRQgRVSTN9Fqw6mRf/310x430/1772219482.webp?s=005f7495154c85950641d3f20d4ee7dc6feb4eef,1,6
Nieuwe prada schoentjes,42.7,Prada,25,https://www.vinted.it/items/8275177165-nieuwe-prada-schoentjes?referrer=catalog,1,8275177165,Sold,28/02/2026 20:34:25,,https://images1.vinted.net/t/05_01c57_fBHZewQpt23tyYnCUU4eczcC/310x430/1772219278.webp?s=ad4cf410cf44927c47dd84639cc255767c071c1d,1,6
Parfum Paradoxe Radical Essence Prada,105.7,Prada,0,https://www.vinted.it/items/8275172671-parfum-paradoxe-radical-essence-prada?referrer=catalog,1,8275172671,Sold,28/02/2026 20:34:25,,https://images1.vinted.net/t/06_01b5c_TMBfdtJridQjfekV8zyHcJqu/310x430/1772219239.webp?s=109c66b1bb533e1194926e1e2667d3ad92ef6ce8,1,6
Gafas Prada,55.3,Prada,0,https://www.vinted.it/items/8275168622-gafas-prada?referrer=catalog,3,8275168622,Sold,28/02/2026 20:34:25,,https://images1.vinted.net/t/03_01a96_mSDStcNrH8eDnjLKa12gtENX/310x430/1772219205.webp?s=dca96358db8433a003c017f6b2b8c9ebb64a7430,1,6
Prada Paradoxe Eau de Parfum 90ml,55.3,Prada,0,https://www.vinted.it/items/8275102343-prada-paradoxe-eau-de-parfum-90ml?referrer=catalog,9,8275102343,Sold,28/02/2026 20:34:25,,https://images1.vinted.net/t/05_0164e_WDDpKomk4fVggEdkUbqn3nC9/310x430/1772218627.webp?s=a4db36fa61f897ebaa33d7b2980a8cc6a6b30592,1,6
Prada lines gliding eye pensil in 01 black,16.45,Prada,0,https://www.vinted.it/items/8275089578-prada-lines-gliding-eye-pensil-in-01-black?referrer=catalog,1,8275089578,Sold,28/02/2026 20:34:25,,https://images1.vinted.net/t/06_003e4_vpFCmzPTT6NVNsjkCu3NU1Sr/310x430/1772218514.webp?s=1df688b21973b86b09e5a6282afbc804067ea62c,1,6
travel accessories Prada,137.2,Prada,0,https://www.vinted.it/items/8246686813-travel-accessories-prada?referrer=catalog,26,8246686813,Sold,28/02/2026 20:34:25,,https://images1.vinted.net/t/01_019bd_E4QdJTwGydUnEca5XWWwkkHZ/310x430/1771872139.webp?s=5d742b3e82ee2c17f5cfa9fe66d0dd9e0c06ba37,1,6
Porta iPod vintage Prada,242.2,Prada,0,https://www.vinted.it/items/8275035416-porta-ipod-vintage-prada?referrer=catalog,0,8275035416,Sold,28/02/2026 20:34:25,,https://images1.vinted.net/t/05_02555_qFhLjuNLzyLxTUF3iMNkfgin/310x430/1772218047.webp?s=e5bded791fa972f516a4a6a4fc55ef03ceabeddd,1,6
Neue Stiefeletten PRADA,294.7,Prada,37,https://www.vinted.it/items/8275032609-neue-stiefeletten-prada?referrer=catalog,1,8275032609,Sold,28/02/2026 20:34:25,,https://images1.vinted.net/t/06_0026b_8U6YKLCaY495BxVLfRZ5Yc5D/310x430/1772218024.webp?s=603215105fe98f26ea5b527f0943b07095ac45ea,1,6
Gafas Prada con caja y funda. Todo original,168.7,Prada,0,https://www.vinted.it/items/8274974759-gafas-prada-con-caja-y-funda-todo-original?referrer=catalog,2,8274974759,Sold,28/02/2026 20:34:25,,https://images1.vinted.net/t/06_02144_vVj7xpVbirY2pGNvwj5HbExR/310x430/1772217529.webp?s=dbaacfbfebf2a3c8fce36e6151b441e8ff7a6560,1,6
Occhiali Prada,210.7,Prada,0,https://www.vinted.it/items/8274952790-occhiali-prada?referrer=catalog,12,8274952790,Sold,28/02/2026 20:34:25,,https://images1.vinted.net/t/01_00ca2_M7iAWdpBGTcWS7eCJrnsQXXb/310x430/1772217342.webp?s=9874ac1e4c9674c9b8b17720c5cca34d75cd695c,1,6
Miniature prada,9.1,Prada,0,https://www.vinted.it/items/8274945926-miniature-prada?referrer=catalog,6,8274945926,Sold,28/02/2026 20:34:25,,https://images1.vinted.net/t/06_0034b_npHEwEhLmzFsm6wzgjJHE28r/310x430/1772217283.webp?s=7ef639baca0d04350c23b84b39877dc67e44136c,1,6
Occhiali da sole da uomo Prada nuovi,126.7,Prada,0,https://www.vinted.it/items/8274945318-occhiali-da-sole-da-uomo-prada-nuovi?referrer=catalog,1,8274945318,Sold,28/02/2026 20:34:25,,https://images1.vinted.net/t/01_00689_eccibowgHRDuNgakdcyuJP8h/310x430/1772217278.webp?s=135b0708bc2685ccc8102d6c92bc35d6d52b9d2d,1,6
Prada luna rossa Black 100ml eau de Parfum,63.6,Prada,0,https://www.vinted.it/items/8274943235-prada-luna-rossa-black-100ml-eau-de-parfum?referrer=catalog,7,8274943235,Sold,28/02/2026 20:34:25,,https://images1.vinted.net/t/05_004e1_i3CNNGzQQMyp6KSy7QssgjCU/310x430/1772217261.webp?s=198d40ea7f8d417293d4cd2cd629c1bfa0b8ab1e,1,6
Prada infusion de rose,58.45,Prada,0,https://www.vinted.it/items/8274943270-prada-infusion-de-rose?referrer=catalog,5,8274943270,Sold,28/02/2026 20:34:25,,https://images1.vinted.net/t/03_003ce_DqbDCh7G73YkG8XryWcnSoBP/310x430/1772217261.webp?s=1b79978b819440bef788b5b9ee6cfa6e9fdc247e,1,6
neceser agatha ruiz de la prada,7.0,Agatha Ruiz de la Prada,0,https://www.vinted.it/items/8229485425-neceser-agatha-ruiz-de-la-prada?referrer=catalog,6,8229485425,Sold,28/02/2026 20:34:25,,https://images1.vinted.net/t/03_01628_47rieqyySNArfSt46LUaLEeF/310x430/1771701600.webp?s=5e3debae54f78d855d989e237fa3308dc6e79c05,1,6
Borsa mood Prada,11.2,No brand,0,https://www.vinted.it/items/8274928089-borsa-mood-prada?referrer=catalog,0,8274928089,Sold,28/02/2026 20:34:25,,https://images1.vinted.net/t/06_005aa_wPa93XVCDjQhHUXkJ9zJa4ks/310x430/1772217133.webp?s=c246b4d1aeb8b6baf73219fb123fd042153f2a67,1,6
Basket chaussette neuve prada,158.2,Prada,38.5,https://www.vinted.it/items/8274918338-basket-chaussette-neuve-prada?referrer=catalog,3,8274918338,Sold,28/02/2026 20:34:25,,https://images1.vinted.net/t/06_00426_HQmesKuAQuUXMtK8GsLvaQ2U/310x430/1772217053.webp?s=15e49a02abc4c371e601b7d75be2b9d296763e38,1,6
Vintage Prada blouse,51.63,Prada,XXXL / IT 50 / EU 46,https://www.vinted.it/items/8274908809-vintage-prada-blouse?referrer=catalog,8,8274908809,Sold,28/02/2026 20:34:25,,https://images1.vinted.net/t/04_012fe_Lk9vL89Z2y9kXTbMS93nPo2g/310x430/1772216971.webp?s=553aaffeffd3c02e4db0d34e14547b5290c50e53,1,6
Miniature parfum prada,9.1,Prada,0,https://www.vinted.it/items/8274902013-miniature-parfum-prada?referrer=catalog,4,8274902013,Sold,28/02/2026 20:34:25,,https://images1.vinted.net/t/06_02036_kpUCvoCAF69REummWUGDbqjc/310x430/1772216912.webp?s=d12d65157de0041adee9ed51afd8688bed60c7c4,1,6
Occhiale da sole Prada Oval,200.2,Prada,0,https://www.vinted.it/items/8274886572-occhiale-da-sole-prada-oval?referrer=catalog,4,8274886572,Sold,28/02/2026 20:34:25,,https://images1.vinted.net/t/06_0186d_TNW5Tr1NspbSQVvdc6LhpNAf/310x430/1772216780.webp?s=9b5271816abfbe959eac201f996a1d43df9391fb,1,6
profumo Prada paradoxe intense,84.7,Prada,0,https://www.vinted.it/items/8274884805-profumo-prada-paradoxe-intense?referrer=catalog,4,8274884805,Sold,28/02/2026 20:34:25,,https://images1.vinted.net/t/05_008eb_dvocC7WctnPGjdWE7Nxi6ZgY/310x430/1772216766.webp?s=0ded2e817659771545d20f6438afdf5c22b74365,1,6
miniature prada,8.05,Prada,0,https://www.vinted.it/items/8274849030-miniature-prada-infusion-diris-eau-de-parfum-8-ml?referrer=catalog,3,8274849030,Sold,28/02/2026 20:34:25,,https://images1.vinted.net/t/06_00276_s5UrBgiXSxZ5ACYAS3dmfwit/310x430/1772217419.webp?s=2cea296c4458cd138929011da7fd05f5b10de31a,1,6
Prada paradoxe virtual flower femme 50 ml,100.45,Prada,0,https://www.vinted.it/items/8274846341-prada-paradoxe-virtual-flower-femme-50-ml?referrer=catalog,1,8274846341,Sold,28/02/2026 20:34:25,,https://images1.vinted.net/t/05_002c3_RYPQNR1DJEW5KqHEPavrD5C9/310x430/1772216437.webp?s=a14a6cdaba5817a6c975cafad851dc4953ecee07,1,6
Fusciacca Prada Velluto e seta blu taglia L,58.45,Prada,Regolabile,https://www.vinted.it/items/8246443269-fusciacca-prada-velluto-e-seta-blu-taglia-l?referrer=catalog,13,8246443269,Sold,28/02/2026 20:34:25,,https://images1.vinted.net/t/05_019dc_jXHTLCEtnHmKb18ohPFWJcCK/310x430/1771870397.webp?s=42edf2648056bd9f928fd3017614bf8a2a17e689,1,6
Gonna Prada,315.7,Prada,M / IT 42 / EU 38,https://www.vinted.it/items/8274840309-gonna-prada?referrer=catalog,43,8274840309,Sold,28/02/2026 20:34:25,,https://images1.vinted.net/t/05_005ec_PB8AadjYa4EeQnB7jZrpvYdu/310x430/1772216387.webp?s=dd3051b689daf2b04f2898425d950d843d9c15c6,1,6
Parfum Prada paradoxe,84.7,Prada,0,https://www.vinted.it/items/8274821151-parfum-prada-paradoxe?referrer=catalog,1,8274821151,Sold,28/02/2026 20:34:25,,https://images1.vinted.net/t/06_02402_dpVKPbPB36ftVWJuRQXn3yFD/310x430/1772216226.webp?s=3d8aa75443dd88ffc398aa39beea07b96bfcc690,1,6
Neceser Prada,21.7,Prada,0,https://www.vinted.it/items/8219822228-neceser-prada?referrer=catalog,27,8219822228,Sold,28/02/2026 20:34:25,,https://images1.vinted.net/t/01_01410_pfdhMAmGzWAmYudZpcjh9nxZ/310x430/1771604051.webp?s=d4a6f5ed73b3c2235a92c09ce4e5edb61d12816d,1,6
Prada Sonnenbrille,105.7,Prada,0,https://www.vinted.it/items/8274787703-prada-sonnenbrille?referrer=catalog,2,8274787703,Sold,28/02/2026 20:34:25,,https://images1.vinted.net/t/04_0207c_GYeNrEMG41EbRDh1JLS9a22Q/310x430/1772215941.webp?s=e9cb6fe71a15cd1e2d42dd9299ffef47a6eea25b,1,6
Prada Paradoxe Radical Essence,95.2,Prada,0,https://www.vinted.it/items/8274764541-prada-paradoxe-radical-essence?referrer=catalog,0,8274764541,Sold,28/02/2026 20:34:25,,https://images1.vinted.net/t/03_0052e_KJCvwpAcSFcCf8LkwoNK4Kvq/310x430/1772215748.webp?s=b39c85c444c9a2d1d1d4cd253f8b1b6b715da85b,1,6
Basket prada,210.7,Prada,36,https://www.vinted.it/items/8274761477-basket-prada?referrer=catalog,0,8274761477,Sold,28/02/2026 20:34:25,,https://images1.vinted.net/t/01_01b82_k6JW2QeBs49qntbbq8YKzWND/310x430/1772215723.webp?s=a3a7dd4be91f9ee141c5d7be54af6909b49f542c,1,6
4 mini perfumes de Prada,53.2,Prada,0,https://www.vinted.it/items/8274749110-4-mini-perfumes-de-prada?referrer=catalog,0,8274749110,Sold,28/02/2026 20:34:25,,https://images1.vinted.net/t/05_0055a_SQPDL68ZGJ8rNVGAbwa83Ngh/310x430/1772215618.webp?s=40410870994b1d7ea47e956ab522e1ed407dbade,1,6
Prada Jacke,84.7,Private,M,https://www.vinted.it/items/8274743230-prada-jacke?referrer=catalog,0,8274743230,Sold,28/02/2026 20:34:25,,https://images1.vinted.net/t/06_007e5_MGm9yEVk3EHJ2mGcD3gcDJk4/310x430/1772215569.webp?s=0dc6856e69cd044b91b651dc0cb371f87862c048,1,6
Vestido niña ágata Ruiz de la Prada,11.2,Agatha Ruiz de la Prada,24-36 mesi / 92 cm,https://www.vinted.it/items/8274740466-vestido-nina-agata-ruiz-de-la-prada?referrer=catalog,2,8274740466,Sold,28/02/2026 20:34:25,,https://images1.vinted.net/t/03_01a62_MFtiVxx2Zw39hsQvS4Y9vZM7/310x430/1772215545.webp?s=2bdea4bb802ad5576a5d0941833c36f5857fc391,1,6
Prada- Ocean Luna Rossa Nuevo!!,48.99,Prada,0,https://www.vinted.it/items/8274734370-prada-ocean-luna-rossa-nuevo?referrer=catalog,1,8274734370,Sold,28/02/2026 20:34:25,,https://images1.vinted.net/t/03_0001d_yszSwUxH7qoHkmF6gcjQan4B/310x430/1772215495.webp?s=b0b702fbc1ed6588029886dae2a019ea4ed64b7b,1,6
Prada,58.45,Prada,0,https://www.vinted.it/items/8274717513-prada?referrer=catalog,10,8274717513,Sold,28/02/2026 20:34:25,,https://images1.vinted.net/t/05_023a4_1M8icpNSz2ZwEe2aGWDw8F11/310x430/1772215357.webp?s=7cb27348158922e04e9338cc439a5aa4b3f8b328,1,6
Libro fisica y química 3 eso NUEVO,5.95,No brand,0,https://www.vinted.it/items/8274708480-libro-fisica-y-quimica-3-eso-nuevo?referrer=catalog,0,8274708480,Sold,28/02/2026 20:34:25,,https://images1.vinted.net/t/05_0041f_uvmYZFJL1GjjSyThxrNPXgVi/310x430/1772215283.webp?s=a0db8a9447b970af64b3cb3de71a30464d0a3d78,1,6
Miniatura profumo Prada,3.33,Prada,0,https://www.vinted.it/items/8274668956-miniatura-profumo-prada?referrer=catalog,0,8274668956,Sold,28/02/2026 20:34:25,,https://images1.vinted.net/t/01_01bbc_F79CK2HVByoXYPzMLUuUwF9n/310x430/1772214966.webp?s=7befcca10258fc59f1611acef167722d005dbce4,1,6
Prada,58.45,Prada,0,https://www.vinted.it/items/8274680546-prada?referrer=catalog,4,8274680546,Sold,28/02/2026 20:34:25,,https://images1.vinted.net/t/06_01a4d_PcTfLkZovw9EQSTFAwHSFPPy/310x430/1772215059.webp?s=558336f0321019434e4ac3eee50076b9881f81f2,1,6
NUEVO Cojín grande de Agatha Ruiz de la Prada,17.49,Agatha Ruiz de la Prada,60 x 60 cm,https://www.vinted.it/items/8274666475-nuevo-cojin-grande-de-agatha-ruiz-de-la-prada?referrer=catalog,15,8274666475,Sold,28/02/2026 20:34:25,,https://images1.vinted.net/t/01_0261a_2jZqsp9e2VS8gabLKpZo4Pu6/310x430/1772214946.webp?s=93f5622c39cf317822c0ad921b44fbe8a2e5317f,1,6
Prada Cup Gomme Kaki - Taille 46 - Neuves,561.0,Prada,46,https://www.vinted.it/items/8274663369-prada-cup-gomme-kaki-taille-46-neuves?referrer=catalog,2,8274663369,Sold,28/02/2026 20:34:25,,https://images1.vinted.net/t/03_00963_SVbp7VgMXW2WKeChuxVkXAAE/310x430/1772214922.webp?s=5dc7c9d3e4633dac20adff58b93ccc01a619b7b7,1,6
Prada Cup Gomme Rouges - Taille 44 - Neuves,561.0,Prada,44,https://www.vinted.it/items/8274652739-prada-cup-gomme-rouges-taille-44-neuves?referrer=catalog,4,8274652739,Sold,28/02/2026 20:34:25,,https://images1.vinted.net/t/04_0212c_9mGLzcxWdSFJW84RkJQQz8Jt/310x430/1772214838.webp?s=c26c60ac035d2bc8fc416127aa1c849326d7e1d6,1,6
Perfume Prada Paradoxe,68.95,Prada,0,https://www.vinted.it/items/8274126461-perfume-prada-paradoxe?referrer=catalog,1,8274126461,Sold,28/02/2026 20:34:25,,https://images1.vinted.net/t/05_01808_psJD6Lj6EMWuDWeg1fTy7TFa/310x430/1772210869.webp?s=f1016dafde04e97265e2ed0a51813ff2ed44cca1,1,6
El diablo viste de Prada,5.95,No brand,0,https://www.vinted.it/items/8274610944-el-diablo-viste-de-prada?referrer=catalog,2,8274610944,Sold,28/02/2026 20:34:25,,https://images1.vinted.net/t/05_006e8_nHjMDES4BUyiwxdvjNS4CM2G/310x430/1772214501.webp?s=b0cb9a29210d8af073bd5dab4a3078d803e3d146,1,6
Occhiali Prada,53.2,Prada,0,https://www.vinted.it/items/8274594983-occhiali-prada?referrer=catalog,2,8274594983,Sold,28/02/2026 20:34:25,,https://images1.vinted.net/t/06_00c9a_NQaaD4EnyidKCe9P9tfRXxGx/310x430/1772214373.webp?s=5027f6ae56bc7fb6944c6de03b0c855f564fc369,1,6
Sneakers Prada 4E300,399.7,Prada,45,https://www.vinted.it/items/8273973450-sneakers-prada-4e300?referrer=catalog,0,8273973450,Sold,28/02/2026 20:34:25,,https://images1.vinted.net/t/06_01092_yjMniUx5JSZv3im5ZhN2SeYv/310x430/1772209782.webp?s=40829629cc146730f39c55e703f4c5915355c167,1,6
maglietta Prada,32.2,Footkorner,S,https://www.vinted.it/items/8274573926-maglietta-prada?referrer=catalog,17,8274573926,Sold,28/02/2026 20:34:25,,https://images1.vinted.net/t/06_0265d_RmrNur3Y2ShctSaqRnCooBvd/310x430/1772214205.webp?s=aaf52336ef0190aeca9e197486cb46b547c25c36,1,6
Perfume Prada Infusión de Figue,63.65,Prada,0,https://www.vinted.it/items/8277253518-perfume-prada-infusion-de-figue?referrer=catalog,0,8277253518,Sold,28/02/2026 20:33:58,,https://images1.vinted.net/t/01_001eb_GwshYU2yHXxdoMtA1PGu9i8f/310x430/1772268875.webp?s=f823f20a9b735fa5afb850cc5b10bbe73fe9e21d,1,5
Prada Cups schwarz grau weiß,210.7,Prada,42,https://www.vinted.it/items/8277247969-prada-cups-schwarz-grau-weiss?referrer=catalog,0,8277247969,Sold,28/02/2026 20:33:58,,https://images1.vinted.net/t/05_010b3_tmnsruyS9xEzoTpXHLjdEUkR/310x430/1772281506.webp?s=4ff140fecdb8db6571a52846d7634cbb25e70a0b,1,5
Scatola da borsa o scarpe Prada azzurra,16.45,Prada,0,https://www.vinted.it/items/8277243834-scatola-da-borsa-o-scarpe-prada-azzurra?referrer=catalog,1,8277243834,Sold,28/02/2026 20:33:58,,https://images1.vinted.net/t/06_002cf_kwMCri4GQ8CArEAQtEXBNY4X/310x430/1772268788.webp?s=8e515ea85c7621aaf636e08fcba0301155a72e9c,1,5
Prada Maglione,73.15,Prada,L / IT 44 / EU 40,https://www.vinted.it/items/8277237149-prada-maglione?referrer=catalog,2,8277237149,Sold,28/02/2026 20:33:58,,https://images1.vinted.net/t/06_02527_V4yExpyw1j1acAy54WBqBYHj/310x430/1772268727.webp?s=9ce675cb5b1276c0ff57b721b39d228b4d27de1d,1,5
Bottoni vari firmati,8.05,Prada,0,https://www.vinted.it/items/8277190770-bottoni-vari-firmati?referrer=catalog,1,8277190770,Sold,28/02/2026 20:33:58,,https://images1.vinted.net/t/04_014f7_2vHChZWgck6ctR7JHEvhGp84/310x430/1772268298.webp?s=b9df2ff5677a47fbe916de4bfbde92bd079ae90d,1,5
Prada,74.2,Prada,0,https://www.vinted.it/items/8277173290-prada?referrer=catalog,3,8277173290,Sold,28/02/2026 20:33:58,,https://images1.vinted.net/t/06_0188e_YyCfQsp3rtbK8FfAcqHv6bbV/310x430/1772268134.webp?s=760faada03fef5feefd36e246c7d605271f2acbc,1,5
Bracciale Prada tg s,250.6,Prada,0,https://www.vinted.it/items/8277148668-bracciale-prada-tg-s?referrer=catalog,0,8277148668,Sold,28/02/2026 20:33:58,,https://images1.vinted.net/t/01_000da_pVn5n4ghvFkuCYDXtW3hqQnN/310x430/1772267896.webp?s=2c2d03dce07ccca34a62430f1b79c1e591c0f33e,1,5
Les Infusions de Prada,105.7,Prada,0,https://www.vinted.it/items/8277133691-les-infusions-de-prada?referrer=catalog,0,8277133691,Sold,28/02/2026 20:33:58,,https://images1.vinted.net/t/04_01f61_Gx9NzNqthYMvbz6JQTaujP97/310x430/1772267745.webp?s=05fdbd5ce8a22c94ebde95930fc3a90582ddc83a,1,5
Pradakartenhalter,26.95,Prada,0,https://www.vinted.it/items/8277122132-pradakartenhalter?referrer=catalog,2,8277122132,Sold,28/02/2026 20:33:58,,https://images1.vinted.net/t/06_02355_epDrY4H8bSPfrUJssQ44ttLX/310x430/1772267628.webp?s=7fbbe0dda755bb9f06936f4ca1dc8b9e29725454,1,5
Les infusions de Prada,105.7,Prada,0,https://www.vinted.it/items/8277116829-les-infusions-de-prada?referrer=catalog,0,8277116829,Sold,28/02/2026 20:33:58,,https://images1.vinted.net/t/05_017d3_N9v7Prj3kWAHu7YuEtHXbrQo/310x430/1772267573.webp?s=27ebadaa3decf0a7e6fe527d1d6ad2f6c2a7ccfa,1,5
Scarpe con i tacchi Prada 36,525.7,Prada,36.5,https://www.vinted.it/items/8277105393-scarpe-con-i-tacchi-prada-365?referrer=catalog,0,8277105393,Sold,28/02/2026 20:33:58,,https://images1.vinted.net/t/06_001d7_fEcKNWjQRmQzGtMiKxyBCkk4/310x430/1772267457.webp?s=0e043edb37f16028a7214fb95529f7a22cfe38ef,1,5
Sandalias de Agatha Ruiz de la Prada,20.65,Agatha Ruiz de la Prada,22,https://www.vinted.it/items/8277103936-sandalias-de-agatha-ruiz-de-la-prada?referrer=catalog,4,8277103936,Sold,28/02/2026 20:33:58,,https://images1.vinted.net/t/01_00cc2_oUpEJ6pXB2kAvGifbGvXzu4b/310x430/1772267441.webp?s=c222e8f8e4d3afd9f56aa61858444cc35a1dc187,1,5
Prada kartenhalter 1 ZU 1,19.6,Prada,0,https://www.vinted.it/items/8277076352-prada-kartenhalter-1-zu-1?referrer=catalog,18,8277076352,Sold,28/02/2026 20:33:58,,https://images1.vinted.net/t/06_02107_A6dnJCxp6UrWt4nPayUcZMd8/310x430/1772267152.webp?s=f262290c01ce5d6b0861137a7435d9e489ad1a9f,1,5
Les infusions de Prada,105.7,Prada,0,https://www.vinted.it/items/8277075107-les-infusions-de-prada?referrer=catalog,1,8277075107,Sold,28/02/2026 20:33:58,,https://images1.vinted.net/t/01_0076a_1GLzx3Lwi5iQXg5j1BHeb6f3/310x430/1772267139.webp?s=93467f41489774c6cbce4e1dd1319040a6aa764d,1,5
NEW Prada stiletto heels / sandals,263.2,Prada,39,https://www.vinted.it/items/8277053547-new-prada-stiletto-heels-sandals?referrer=catalog,3,8277053547,Sold,28/02/2026 20:33:58,,https://images1.vinted.net/t/05_01195_RzftZmYTAHCbwTTUBGdkJEia/310x430/1772266904.webp?s=925234a4550ebc50f680a5276b455073b0a10e8f,1,5
Prada Sonnenbrille Barock,236.95,Prada,0,https://www.vinted.it/items/8277062965-prada-sonnenbrille-barock?referrer=catalog,0,8277062965,Sold,28/02/2026 20:33:58,,https://images1.vinted.net/t/06_00106_HhjxojctnwRrYGvKydvSF6pA/310x430/1772267052.webp?s=8a836c756f8c3eb458afe9f55420e2bc36a61cc2,1,5
Prada Paradoxe,89.95,Prada,0,https://www.vinted.it/items/8277055991-prada-paradoxe?referrer=catalog,0,8277055991,Sold,28/02/2026 20:33:58,,https://images1.vinted.net/t/06_00a75_E2yPmGsgL46kSw7z9mKqQAGH/310x430/1772266931.webp?s=5b79da9caec3b5d5ac7a0dc5de6b765f5f3ddedf,1,5
Temas de Salud,9.1,No brand,0,https://www.vinted.it/items/8277028460-temas-de-salud?referrer=catalog,0,8277028460,Sold,28/02/2026 20:33:58,,https://images1.vinted.net/t/05_01844_5XQmC5ovfGQDAcMZbJApC2th/310x430/1772266620.webp?s=0ed6ab46f9b3a12f4add66e1439d58f7d68b9a8a,1,5
Lunettes de soleil prada neuves,210.7,Prada,0,https://www.vinted.it/items/8277003527-lunettes-de-soleil-prada-neuves?referrer=catalog,1,8277003527,Sold,28/02/2026 20:33:58,,https://images1.vinted.net/t/04_0184e_fpVqYYoGyXStWVSGvZ1EWqeo/310x430/1772266330.webp?s=e3f48490c70cb1bba9f189fd396db0b775498567,1,5
Prada intense,40.6,Prada,0,https://www.vinted.it/items/8277002464-prada-intense?referrer=catalog,1,8277002464,Sold,28/02/2026 20:33:58,,https://images1.vinted.net/t/05_019f2_prrEAy5QQyYjpaLGeNk7s4Qh/310x430/1772266318.webp?s=ac173c9d49b6d004bd78ab186423a81578636cf4,1,5
jeans prada a vita bassa,37.45,Prada,Taglia unica,https://www.vinted.it/items/8276993877-jeans-prada-a-vita-bassa?referrer=catalog,6,8276993877,Sold,28/02/2026 20:33:58,,https://images1.vinted.net/t/06_003ac_xiFWnXYUtM4R2U22Te3AJUwn/310x430/1772266213.webp?s=ad80bc4a2d27707cbf2e230393c18d6207eb37a2,1,5
Prada Studded Sneakers,263.2,Prada,46,https://www.vinted.it/items/8276983793-prada-studded-sneakers?referrer=catalog,53,8276983793,Sold,28/02/2026 20:33:58,,https://images1.vinted.net/t/05_0225b_SjVE8ZE4Yd54sqqMeB949JxC/310x430/1772266089.webp?s=d0c545a172a8a6db7b99878e99414c020a1bee78,1,5
Prada Sunglasses PR 02P NAK-0A7,105.7,Prada,0,https://www.vinted.it/items/8276979992-prada-sunglasses-pr-02p-nak-0a7?referrer=catalog,5,8276979992,Sold,28/02/2026 20:33:58,,https://images1.vinted.net/t/06_02473_EUuh3UuVr2DTuuzGg7YQJ8u7/310x430/1772266043.webp?s=e2cd0c1c06b910bf1138981def9d913f7f2818de,1,5
Profumo Prada Paradoxe 90ml,42.7,Prada,0,https://www.vinted.it/items/8276962388-profumo-prada-paradoxe-90ml?referrer=catalog,0,8276962388,Sold,28/02/2026 20:33:58,,https://images1.vinted.net/t/03_0230d_PSUsP9jAjcwa5wz1cbA6kDrv/310x430/1772265816.webp?s=41f76747beaeb981d346c1f2e7afd1ea320e6d7e,1,5
Prada Paradoxe Intense,43.75,Prada,0,https://www.vinted.it/items/8276957441-prada-paradoxe-intense?referrer=catalog,2,8276957441,Sold,28/02/2026 20:33:58,,https://images1.vinted.net/t/06_023b6_c5ibihetLYEZT1g9mBreCArR/310x430/1772265753.webp?s=e8fc7dfaceab036864550fd9c5414f4c7db80d03,1,5
Prada Sunglasses PR 28N 1AB-3M1,105.7,Prada,0,https://www.vinted.it/items/8276954925-prada-sunglasses-pr-28n-1ab-3m1?referrer=catalog,0,8276954925,Sold,28/02/2026 20:33:58,,https://images1.vinted.net/t/06_005ab_PuEsozZ6simKM5AipLPXvMZE/310x430/1772265720.webp?s=6de0998c240d610e6ebffc362a96640790b84089,1,5
Prada Black (Navy) Trousers – Men – Size 36 – Very Good Condition,263.2,Prada,IT 46 | W36,https://www.vinted.it/items/8276452423-prada-black-navy-trousers-men-size-36-very-good-condition?referrer=catalog,1,8276452423,Sold,28/02/2026 20:33:58,,https://images1.vinted.net/t/06_00f2f_gLK4fJpL8iEPay5dqPzVSfho/310x430/1772236133.webp?s=7342e7bd46cd97305c0d3be0209b78a0396c4897,1,5
Sudadera Agatha Ruiz de la Prada,7.0,Agatha Ruiz de la Prada,18-24 mesi / 86 cm,https://www.vinted.it/items/8276942152-sudadera-agatha-ruiz-de-la-prada?referrer=catalog,0,8276942152,Sold,28/02/2026 20:33:58,,https://images1.vinted.net/t/06_015ad_gfMjzCo7AdQsttLuJvXHFA5Z/310x430/1772265555.webp?s=97ab71c5b12a140062e46ec22ec8d172f799a542,1,5
Pantalon Prada Gabardine Nylon – Rosso – Taille 44 – Neuf avec étiquettes,399.7,Prada,IT 38 | W28,https://www.vinted.it/items/8276933247-pantalon-prada-gabardine-nylon-rosso-taille-44-neuf-avec-etiquettes?referrer=catalog,1,8276933247,Sold,28/02/2026 20:33:58,,https://images1.vinted.net/t/05_023e2_VJmUqAkxYjnpRQe3YKHzTzKy/310x430/1772265438.webp?s=3dc0017855b54b4bdb605ae300882a032cba8117,1,5
Ocean Luna Rossa Eau de Toilette 150ml - Prada,47.95,No brand,0,https://www.vinted.it/items/8276927088-ocean-luna-rossa-eau-de-toilette-150ml-prada?referrer=catalog,0,8276927088,Sold,28/02/2026 20:33:58,,https://images1.vinted.net/t/05_01ff7_NLeJ1zUDCyeD2oLrWPWy5cH4/310x430/1772265352.webp?s=ca20dbba3f2b62ea8136c753eed47a7acf922479,1,5
Prada mini tallas Eye Augmented,210.7,Prada,0,https://www.vinted.it/items/8276874181-prada-mini-tallas-eye-augmented?referrer=catalog,0,8276874181,Sold,28/02/2026 20:33:58,,https://images1.vinted.net/t/06_01c9a_bFu5MVBLYVUcEKgSzvtyi4uV/310x430/1772264576.webp?s=c02ff9bd08e4b450ab9a5d8cdf684c5aadbd85c0,1,5
Ysl Gucci Lancome Prada Chanel Parfum Damen armani mugler Marc jacobs,26.95,No brand,0,https://www.vinted.it/items/8273943921-ysl-gucci-lancome-prada-chanel-parfum-damen-armani-mugler-marc-jacobs?referrer=catalog,1,8273943921,Sold,28/02/2026 20:33:58,,https://images1.vinted.net/t/06_026d4_7qtXBy7CX14ULozfJ4CjaSLj/310x430/1772209573.webp?s=5480a04530e12f4dece9ab96ea4ae06f942201a8,1,5
Prada Radical Essence profumo 90 ml,52.15,Prada,0,https://www.vinted.it/items/8276913521-prada-radical-essence-profumo-90-ml?referrer=catalog,2,8276913521,Sold,28/02/2026 20:33:58,,https://images1.vinted.net/t/05_0133a_igDRjwFgP8JUwuNDbrbFJk8L/310x430/1772265160.webp?s=df8773a6b978f358d48f1e4fb5d58b027c25ccc9,1,5
Funda pasaporte Agatha Ruiz de la Prada,2.75,Agatha,0,https://www.vinted.it/items/8276886484-funda-pasaporte-agatha-ruiz-de-la-prada?referrer=catalog,0,8276886484,Sold,28/02/2026 20:33:58,,https://images1.vinted.net/t/05_011fb_9Wuznux9JPzV9e1uKnHDzTRT/310x430/1772264761.webp?s=3be796a84e081992fbda8fba9df82dd4a1aa5256,1,5
Étui à lunettes Prada,16.45,Prada,0,https://www.vinted.it/items/8276873557-etui-a-lunettes-prada?referrer=catalog,0,8276873557,Sold,28/02/2026 20:33:58,,https://images1.vinted.net/t/06_01232_XoUV5BzksvmJn3F2vuE5t7xg/310x430/1772264567.webp?s=4f682adefb5d92b67b9de11384827aa3e3ab1f31,1,5
Paradoxe Eau De Perfum 90 ml,51.1,Prada,0,https://www.vinted.it/items/8276863517-paradoxe-eau-de-perfum-90-ml?referrer=catalog,16,8276863517,Sold,28/02/2026 20:33:58,,https://images1.vinted.net/t/04_000d7_eHKiwh25fgJbdT6KCUCPeJR1/310x430/1772264410.webp?s=8af326ef151cdb7532b171db62d02c30dba5b351,1,5
Astuccio Prada,5.95,No brand,0,https://www.vinted.it/items/8276861940-astuccio-prada?referrer=catalog,1,8276861940,Sold,28/02/2026 20:33:58,,https://images1.vinted.net/t/05_00902_6nkBuRSKLY8RavFZ9ZscGq3G/310x430/1772264384.webp?s=d218cd8abc30ff7f9d24f69085453e126bcdcaaa,1,5
Paradoxe Intense 90ml,51.1,Prada,0,https://www.vinted.it/items/8276850973-paradoxe-intense-90ml?referrer=catalog,7,8276850973,Sold,28/02/2026 20:33:58,,https://images1.vinted.net/t/06_0061f_xfuvo2MbMwMxDfBhF13141wV/310x430/1772264203.webp?s=c5484610dd295377c9130a05ec4557759dd34c94,1,5
Vintage 90s Prada Sport White Wrap Around Sunglasses,144.55,Prada,0,https://www.vinted.it/items/8276823380-vintage-90s-prada-sport-white-wrap-around-sunglasses?referrer=catalog,0,8276823380,Sold,28/02/2026 20:33:58,,https://images1.vinted.net/t/05_00f4f_zL6Mqzj2fM59ASKWkHnvm48b/310x430/1772263722.webp?s=181220c8d8be0d072883aa93b5796ef5e3b95f66,1,5
Portachiavi Prada,105.7,Prada,0,https://www.vinted.it/items/8275581365-portachiavi-prada?referrer=catalog,5,8275581365,Sold,28/02/2026 20:33:58,,https://images1.vinted.net/t/04_00e94_M9bM3LvMJdnQ9NxVb5NZSaKf/310x430/1772222938.webp?s=1590e4b1b7362867ef6c5e70b84e59f47ebf390e,1,5
Prada intense,40.6,Prada,0,https://www.vinted.it/items/8276287600-prada-intense?referrer=catalog,2,8276287600,Sold,28/02/2026 20:33:58,,https://images1.vinted.net/t/05_02467_YAUoq9p3Cu4wPzHvpJLdqYca/310x430/1772231548.webp?s=e9be1e4985f880d0cf761a4061868eb04d08e9be,1,5
Prada handcreme 50ml,37.45,Prada,0,https://www.vinted.it/items/8276284087-prada-handcreme-50ml?referrer=catalog,0,8276284087,Sold,28/02/2026 20:33:58,,https://images1.vinted.net/t/01_00e09_SPiu2krGPdrGbTfY2ooF8NkH/310x430/1772231478.webp?s=71ea1a695b3b4286de57ca2f31beab6adee3f5e6,1,5
Estuche Portatodo Agatha Ruiz de la Prada  Nuevo con Etiqueta - Colección Miquel Rius años 2000s,14.35,Agatha Ruiz de la Prada,0,https://www.vinted.it/items/8276274038-estuche-portatodo-agatha-ruiz-de-la-prada-nuevo-con-etiqueta-coleccion-miquel-rius-anos-2000s?referrer=catalog,7,8276274038,Sold,28/02/2026 20:33:58,,https://images1.vinted.net/t/05_002ba_6MUU7FWAH9jfx1MEzsyM4Ajn/310x430/1772231282.webp?s=6cde3b031e5d8f3d0d5c6637276101528a0f6947,1,5
Prada nieuw met prijskaartje,136.15,Prada,0,https://www.vinted.it/items/8276271652-prada-nieuw-met-prijskaartje?referrer=catalog,1,8276271652,Sold,28/02/2026 20:33:58,,https://images1.vinted.net/t/05_01406_LVjcg1LGk1Y1ZpAQtSnimufB/310x430/1772231235.webp?s=44c40688932a0d98fb9135c90c213fe47971e5c8,1,5
PRADA,84.7,Prada,0,https://www.vinted.it/items/8276266240-prada?referrer=catalog,2,8276266240,Sold,28/02/2026 20:33:58,,https://images1.vinted.net/t/05_00aeb_NcX1yYq1tGSshoRQH1XZAucD/310x430/1772231269.webp?s=a13626894daeebe1d9f9d985930c824e6fe36d2b,1,5
Smanicato Prada,578.2,Prada,S,https://www.vinted.it/items/8276257799-smanicato-prada?referrer=catalog,2,8276257799,Sold,28/02/2026 20:33:58,,https://images1.vinted.net/t/05_012e5_vgTpfikcNiaPMCpJdZSgoePB/310x430/1772230979.webp?s=2b3bbd6c14ffb90db711455be8f1064a0a202761,1,5
Foundation Prada Neu,36.4,Prada,0,https://www.vinted.it/items/8276254296-foundation-prada-neu?referrer=catalog,0,8276254296,Sold,28/02/2026 20:33:58,,https://images1.vinted.net/t/06_01eac_CfeaNJszpdiHJpfp4Gz98BKg/310x430/1772230916.webp?s=cc3267442a377171db41eff4d3be258ce8d3e79f,1,5
Prada Sandels,231.7,Prada,39,https://www.vinted.it/items/8276248723-prada-sandels?referrer=catalog,0,8276248723,Sold,28/02/2026 20:33:58,,https://images1.vinted.net/t/01_00a42_oTrakrJScfwZFnRiqY3aRqJY/310x430/1772230819.webp?s=70cbe09556080312d6ad6cb58e899dc956e69707,1,5
Conjunto de ágata Ruiz de la Prada de plata muy bonito para chica,22.75,Prada,Taglia unica,https://www.vinted.it/items/8276215831-conjunto-de-agata-ruiz-de-la-prada-de-plata-muy-bonito-para-chica?referrer=catalog,0,8276215831,Sold,28/02/2026 20:33:58,,https://images1.vinted.net/t/01_02319_2A7E8xykUHSmTX7hTdCRGc8p/310x430/1772230257.webp?s=c26d94e6ceaa346ba7b7a14d75e9e5bc63ae21d4,1,5
Prada cup,126.7,Prada,46,https://www.vinted.it/items/8276210946-prada-cup?referrer=catalog,16,8276210946,Sold,28/02/2026 20:33:58,,https://images1.vinted.net/t/05_00e40_oU5BJdF7ZjuVkTk2tCCvmkbe/310x430/1772230180.webp?s=72d2af64955f62af914f3e42245788eabcf7937c,1,5
prada cup rouge bordeaux,126.7,Prada,43,https://www.vinted.it/items/8276177142-prada-cup-rouge-bordeaux?referrer=catalog,1,8276177142,Sold,28/02/2026 20:33:58,,https://images1.vinted.net/t/06_00e56_W2b64HucEFUZdQ27TMkD2mHw/310x430/1772233933.webp?s=e212132dc014a974137c9de618557877b81d4cea,1,5
Prada Taschenspiegel,42.7,Prada,0,https://www.vinted.it/items/8276172861-prada-taschenspiegel?referrer=catalog,1,8276172861,Sold,28/02/2026 20:33:58,,https://images1.vinted.net/t/04_020d7_aRL8RNN5yqmT4YD4HsiFMwYa/310x430/1772229590.webp?s=dae3077ad658cc8ba8e9a34a76cff159f4a515f3,1,5
Prada paradoxe parfum 90ml,53.2,Prada,0,https://www.vinted.it/items/8276107524-prada-paradoxe-parfum-90ml?referrer=catalog,0,8276107524,Sold,28/02/2026 20:33:58,,https://images1.vinted.net/t/05_00477_oQpnYo2UCdC82UiRKbm5t7W6/310x430/1772228646.webp?s=7d5aad4209ff8bb5268e3509dbff0966e759c0bb,1,5
Lunettes de soleil Prada,105.7,Prada,0,https://www.vinted.it/items/8276087826-lunettes-de-soleil-prada?referrer=catalog,2,8276087826,Sold,28/02/2026 20:33:58,,https://images1.vinted.net/t/05_01e0f_m3fdzRn63NgQmX4EWwAeuHcR/310x430/1772228378.webp?s=aec4b88ef0a633d385049a69a4e3374f147dd128,1,5
Gafas de sol Prada,305.2,Prada,0,https://www.vinted.it/items/8276087026-gafas-de-sol-prada?referrer=catalog,2,8276087026,Sold,28/02/2026 20:33:58,,https://images1.vinted.net/t/05_023fe_w89fs7kJGfBZcoHWxPGazaUw/310x430/1772228368.webp?s=71d2ce1bbe0ed3e132c410a2848519189a71c387,1,5
Marta,10.14,Agatha Ruiz de la Prada,0,https://www.vinted.it/items/8278931142-marta-ruiz-de-la-prada-llavero-colores-love-agatha-ruiz-de-la-prada-keychain-love?referrer=catalog,2,8278931142,Sold,28/02/2026 20:33:34,,https://images1.vinted.net/t/06_01f97_oJPwK2XRiEHaM8AH1sC6avbF/310x430/1772279693.webp?s=639a949c69ba0144cde9539cd72022706cc4d66c,1,4
Boite de lunettes prada,5.95,Prada,0,https://www.vinted.it/items/8278930352-boite-de-lunettes-prada?referrer=catalog,2,8278930352,Sold,28/02/2026 20:33:34,,https://images1.vinted.net/t/06_01112_HHE77FzsPafn9ybsXoBY3GAY/310x430/1772279689.webp?s=5c6b4fa997293767b0de098795efe20c1872e25a,1,4
Gioco Prada,263.2,Prada,0,https://www.vinted.it/items/8278885143-gioco-prada?referrer=catalog,0,8278885143,Sold,28/02/2026 20:33:34,,https://images1.vinted.net/t/01_015b1_XxxNZMQ4miAPfPuwsZ4TqRW2/310x430/1772279421.webp?s=cca030c3f6bc9ab97b75763b3b81c2ef6a43344e,1,4
Prada,116.2,Prada,41,https://www.vinted.it/items/8278879941-prada?referrer=catalog,5,8278879941,Sold,28/02/2026 20:33:34,,https://images1.vinted.net/t/04_01b38_fGFN7M3dWZWjR1pptukmYQeS/310x430/1772279390.webp?s=4eee6a84551b3b63724a06d1748ffa462c4dfc6d,1,4
Occhiali PRADA,168.7,Prada,0,https://www.vinted.it/items/8278874190-occhiali-prada?referrer=catalog,0,8278874190,Sold,28/02/2026 20:33:34,,https://images1.vinted.net/t/05_01615_E643tEe3wafYk5CVjUMyycw5/310x430/1772279356.webp?s=745491bf3f4e19714be3b59dc6f5cb1f9184b323,1,4
Prada paradoxe,42.7,Prada,0,https://www.vinted.it/items/8278389341-prada-paradoxe?referrer=catalog,0,8278389341,Sold,28/02/2026 20:33:34,,https://images1.vinted.net/t/05_014cb_W2sFQss69okfBMHeFWpndgqq/310x430/1772276505.webp?s=f8d6368475d2d36f61bd8e98839d2925b23aa680,1,4
Prada python leather ankle boots (lace ups),210.7,Prada,38,https://www.vinted.it/items/8278859943-prada-python-leather-ankle-boots-lace-ups?referrer=catalog,9,8278859943,Sold,28/02/2026 20:33:34,,https://images1.vinted.net/t/06_003d4_aKWQsRi324Bt85MiTWZ5bHfb/310x430/1772279272.webp?s=3067c339b7013c446c985d86b31930a16074711a,1,4
Prada Sunglasses PR C05S,266.88,Prada,0,https://www.vinted.it/items/8278830131-prada-sunglasses-pr-c05s?referrer=catalog,4,8278830131,Sold,28/02/2026 20:33:34,,https://images1.vinted.net/t/06_00b3b_YVp3CtAQvwSVqEyDDUjca25U/310x430/1772279096.webp?s=28840289bf2739bb39195d334f6b32ff6eaf55ad,1,4
1 pijama Rei Leão,11.2,Diversas,XL / IT 46 / EU 42,https://www.vinted.it/items/8278829502-1-pijama-rei-leao-1-camisa-de-noite-stitch-e-um-vestido-agatha-ruiz-de-la-prada?referrer=catalog,0,8278829502,Sold,28/02/2026 20:33:34,,https://images1.vinted.net/t/06_0169e_i2b6YLW98xE1oHdWQ4YW4Urb/310x430/1772279092.webp?s=8670016d9f67c52c5c941807005c8a16aa4f0299,1,4
Prada Sunglasses PR B06S,253.23,Prada,0,https://www.vinted.it/items/8278815930-prada-sunglasses-pr-b06s?referrer=catalog,6,8278815930,Sold,28/02/2026 20:33:34,,https://images1.vinted.net/t/04_00f5c_hdueh5xqozgiRpM2ji6f5F9Q/310x430/1772279012.webp?s=bdb542feb0105a7983ebfe81b002735e75ce4b47,1,4
Tote bag tissu prada,84.7,Prada,0,https://www.vinted.it/items/8278747626-tote-bag-tissu-prada?referrer=catalog,1,8278747626,Sold,28/02/2026 20:33:34,,https://images1.vinted.net/t/05_01da9_Z3FULiXiZ9mgMpdMa5oSkCkX/310x430/1772278605.webp?s=260ef1d90ecd8011426e4b329ad51a08a09f819a,1,4
Porta moedas laranja com fecho.,5.95,Agatha Ruiz de la Prada,0,https://www.vinted.it/items/8278746683-porta-moedas-laranja-com-fecho?referrer=catalog,0,8278746683,Sold,28/02/2026 20:33:34,,https://images1.vinted.net/t/06_0072d_uix1ZqZpRZ1GuRHSXEv5nmBK/310x430/1772278599.webp?s=8ce884725c9d727c0271577da0650b9a9c7248e8,1,4
Prada Cargo de nuit 100mL,278.95,Prada,0,https://www.vinted.it/items/8278745287-prada-cargo-de-nuit-100ml?referrer=catalog,2,8278745287,Sold,28/02/2026 20:33:34,,https://images1.vinted.net/t/01_01096_Vjk7qdg5UV5sXhd7s4ChU2QQ/310x430/1772278591.webp?s=bac802f9e5593f0e02b55ec5e7ef97581611ea33,1,4
Bailarina Prada.,420.7,Prada,36,https://www.vinted.it/items/8278740427-bailarina-prada?referrer=catalog,3,8278740427,Sold,28/02/2026 20:33:34,,https://images1.vinted.net/t/06_017a4_gm6nN4rWdqjSwYkwu9HdMkRu/310x430/1772278562.webp?s=8738d22d4bf7e573852cca85a0210813504fe243,1,4
Prada Brille Retro,63.7,Prada,0,https://www.vinted.it/items/8278720293-prada-brille-retro?referrer=catalog,20,8278720293,Sold,28/02/2026 20:33:34,,https://images1.vinted.net/t/06_01cf4_Zb7orBtXjTdUMvk8NzzASBfr/310x430/1772278443.webp?s=90793b70ac389df490b9dc0dd43244801195993c,1,4
Prada America’s Cup,189.7,Prada,43,https://www.vinted.it/items/8278702280-prada-americas-cup?referrer=catalog,1,8278702280,Sold,28/02/2026 20:33:34,,https://images1.vinted.net/t/04_01117_c9mn7BRb4fydEF73ywb8f7Fz/310x430/1772278336.webp?s=9116f62973b3c3fd324330de32cc655f703d381f,1,4
Lote Dolce & Gabanna y Prada Paradox,21.7,Prada,0,https://www.vinted.it/items/8278699455-lote-dolce-gabanna-y-prada-paradox?referrer=catalog,1,8278699455,Sold,28/02/2026 20:33:34,,https://images1.vinted.net/t/06_0183c_zBxENpfZsMDpVThoQGWiWm94/310x430/1772278319.webp?s=16f94c128963eef4faed69e4b37cd58cecff5d24,1,4
Miniature 7,11.2,Prada,0,https://www.vinted.it/items/8278685404-miniature-75ml-eau-de-parfum-prada-infusion-diris?referrer=catalog,5,8278685404,Sold,28/02/2026 20:33:34,,https://images1.vinted.net/t/03_014e3_fjvFDZvThs4EhjJDRwTVagpW/310x430/1772278236.webp?s=1c7d829d636b1fe5037f8801cef042084254b4d9,1,4
Paradoxe : Virtual Flower - Prada,42.7,Prada,0,https://www.vinted.it/items/8278610085-paradoxe-virtual-flower-prada?referrer=catalog,1,8278610085,Sold,28/02/2026 20:33:34,,https://images1.vinted.net/t/05_00f40_Qqh2psAvuWiuBVfJwetnPc9y/310x430/1772277794.webp?s=074a805803608873ecf9908268711438a9bb3caa,1,4
Eau de parfum Prada Candy 30 ml,56.35,Prada,0,https://www.vinted.it/items/8278606580-eau-de-parfum-prada-candy-30-ml?referrer=catalog,3,8278606580,Sold,28/02/2026 20:33:34,,https://images1.vinted.net/t/05_01ba7_ZnjiKy7xqcXgKEg4Sm7z3vxx/310x430/1772277774.webp?s=5d914a3c0b67fe90dffb2dce3101a62c71c50dbe,1,4
Cappello tweed Prada,525.7,Prada,M,https://www.vinted.it/items/8278594268-cappello-tweed-prada?referrer=catalog,3,8278594268,Sold,28/02/2026 20:33:34,,https://images1.vinted.net/t/05_0269c_JhocQLCxkCKCvY4wVUPtFZxf/310x430/1772277701.webp?s=a35458649fa9c846d4ab58c9b10df886bb90a009,1,4
Prada flowers soprammobile lattina e volantini,23.8,Prada,0,https://www.vinted.it/items/8278555925-prada-flowers-soprammobile-lattina-e-volantini?referrer=catalog,10,8278555925,Sold,28/02/2026 20:33:34,,https://images1.vinted.net/t/01_00dc3_jVHo8foRv7uCyveppk5A5gao/310x430/1772277477.webp?s=fc35e48d324c3fb3c25a7cecf7b6aea0b237fe2d,1,4
Robe Agatha Ruiz 10 ans,16.45,Agatha Ruiz de la Prada,10 anni / 140 cm,https://www.vinted.it/items/8278548986-robe-agatha-ruiz-10-ans?referrer=catalog,3,8278548986,Sold,28/02/2026 20:33:34,,https://images1.vinted.net/t/05_00dd9_WYG856LQXKe3szdYVqUuXPw5/310x430/1772277437.webp?s=5d9822dbc3241dadcb096d31704c8a3e56d6bdea,1,4
Robe Agatha Ruiz neuve,11.2,Agatha Ruiz de la Prada,10 anni / 140 cm,https://www.vinted.it/items/8274998435-robe-agatha-ruiz-neuve?referrer=catalog,5,8274998435,Sold,28/02/2026 20:33:34,,https://images1.vinted.net/t/01_00c67_mGcKsrAw1DxhfNqJqC4QGWAP/310x430/1772277373.webp?s=f5f77cc8a990b46224a23920bc336ed2d8432551,1,4
occhiali da sole prada,315.7,Prada,0,https://www.vinted.it/items/8278527151-occhiali-da-sole-prada?referrer=catalog,0,8278527151,Sold,28/02/2026 20:33:34,,https://images1.vinted.net/t/05_0061f_bGro9yHqA2MNm51WHsjCLymh/310x430/1772277308.webp?s=dcca6ec6318aef1cf122623796782540535b4a9b,1,4
Prada Charms/Anhänger,26.95,Prada,0,https://www.vinted.it/items/8278511386-prada-charmsanhanger?referrer=catalog,0,8278511386,Sold,28/02/2026 20:33:34,,https://images1.vinted.net/t/05_00d14_an57zVPEAjzSZaT4Hj1pWE2i/310x430/1772277215.webp?s=0d9bd869388948726567b9553ff9977ec22b7244,1,4
prada,137.2,Prada,42,https://www.vinted.it/items/8278498386-prada?referrer=catalog,6,8278498386,Sold,28/02/2026 20:33:34,,https://images1.vinted.net/t/01_00ec0_DZwBSNiuoxEMiMwvn8C5PKA3/310x430/1772277139.webp?s=2b2dfd5e2f5e4f60beab2ce2d86dd52f4279c6cb,1,4
Prada Beauty Notizbuch,26.95,Prada,0,https://www.vinted.it/items/8278493187-prada-beauty-notizbuch?referrer=catalog,0,8278493187,Sold,28/02/2026 20:33:34,,https://images1.vinted.net/t/04_0102f_kxkczgYBDBeoxAgTYfDJipqP/310x430/1772277110.webp?s=7e1dca6b66a6cede75dd4740a61437cfda5b90d1,1,4
Occhiale da sole Prada,221.2,Prada,0,https://www.vinted.it/items/8278437384-occhiale-da-sole-prada?referrer=catalog,0,8278437384,Sold,28/02/2026 20:33:34,,https://images1.vinted.net/t/01_0132f_LCErsqDQ5fFYUUvVf2jAe6Mv/310x430/1772276784.webp?s=153bb964a5f57b4774972243fc0568100dc90577,1,4
Mocassins Prada,473.2,Prada,42,https://www.vinted.it/items/8278402072-mocassins-prada?referrer=catalog,2,8278402072,Sold,28/02/2026 20:33:34,,https://images1.vinted.net/t/06_004dc_m4EtZjTSXLiPPAYHf3rh5EYC/310x430/1772276579.webp?s=b8d2b4d904e0ae4064215decafdd6319a9ebc16b,1,4
Prada vaso in latta collezione Fall Winter 23,59.4,Prada,0,https://www.vinted.it/items/8278319942-prada-vaso-in-latta-collezione-fall-winter-23?referrer=catalog,1,8278319942,Sold,28/02/2026 20:33:34,,https://images1.vinted.net/t/06_016b7_JS3AKapABckwsXZs4PgRRJwr/310x430/1772276095.webp?s=a27f21a82311e2a285eec435c9c9d05af8b15d26,1,4
Prada Sonnebrille,30.1,Prada,0,https://www.vinted.it/items/8278309345-prada-sonnebrille?referrer=catalog,33,8278309345,Sold,28/02/2026 20:33:34,,https://images1.vinted.net/t/06_014d7_jh2fJNnBQJnHv6YjU9TJxP7B/310x430/1772276034.webp?s=16bd45e6a5761c05642c558d6269241fa2e4eeb2,1,4
Vestido Agatha Ruiz de la Prada,13.3,Agatha,6 anni / 116 cm,https://www.vinted.it/items/8278276675-vestido-agatha-ruiz-de-la-prada?referrer=catalog,6,8278276675,Sold,28/02/2026 20:33:34,,https://images1.vinted.net/t/05_0069c_BXtyKv826N3CA67KyxHPj5FD/310x430/1772275841.webp?s=e5e6732cf04bb89285c4791f2c7b8ae05eba3c49,1,4
Prada cup bleu foncée ( dark blue ),121.45,Prada,38,https://www.vinted.it/items/8278229591-prada-cup-bleu-foncee-dark-blue?referrer=catalog,8,8278229591,Sold,28/02/2026 20:33:34,,https://images1.vinted.net/t/01_025bd_1E1bStG7EHnnVVSFoFDyaF5d/310x430/1772275565.webp?s=cef8493ce11d2a6f4e3a108a5eacfd3be67f2ec8,1,4
Profumo prada,84.7,Prada,0,https://www.vinted.it/items/8278219174-profumo-prada?referrer=catalog,1,8278219174,Sold,28/02/2026 20:33:34,,https://images1.vinted.net/t/05_01f79_37wDGJSoyNfwEH2fp695aiWt/310x430/1772275504.webp?s=eace413291fa3805e8e78fe0b22baaaebf24901a,1,4
Miniature de parfum Prada Candy,21.7,Prada,0,https://www.vinted.it/items/8278197357-miniature-de-parfum-prada-candy?referrer=catalog,2,8278197357,Sold,28/02/2026 20:33:34,,https://images1.vinted.net/t/05_015d5_rKX3p3xDkqaRm35yK7znQFRa/310x430/1772275375.webp?s=e5a4f7b74d2124b7354aab7543c350f5f89f963b,1,4
Baume à lèvres fini givré PRADA,34.3,Prada,0,https://www.vinted.it/items/8278194147-baume-a-levres-fini-givre-prada?referrer=catalog,0,8278194147,Sold,28/02/2026 20:33:34,,https://images1.vinted.net/t/05_007d1_KMrX39NsDDQqWwCnEvLJ2YNa/310x430/1772275356.webp?s=e2fc2ec67aba8c4dd5879918f63c739d60961e37,1,4
Prada Cups schwarz,126.7,No brand,42,https://www.vinted.it/items/8278145345-prada-cups-schwarz?referrer=catalog,1,8278145345,Sold,28/02/2026 20:33:34,,https://images1.vinted.net/t/04_00249_BTLkKWz8BXiFEJLDjMZQqD2H/310x430/1772275068.webp?s=6bec2694a20dd74a6b03890275aac58cadc2de8b,1,4
Scarpa uomo Prada luna Rossa n42,79.45,Prada,42,https://www.vinted.it/items/8278136532-scarpa-uomo-prada-luna-rossa-n42?referrer=catalog,4,8278136532,Sold,28/02/2026 20:33:34,,https://images1.vinted.net/t/05_011b0_YZrjYBQxvG94V9co3Q2chrgZ/310x430/1772275016.webp?s=78540b4b984c265c0be08b74fbb69aa33417ee2d,1,4
Jupe Agatha Ruiz de la Prada cœurs rouge & bleu – taille 40,26.95,Agatha Ruiz de la Prada,L / IT 44 / EU 40,https://www.vinted.it/items/8278118810-jupe-agatha-ruiz-de-la-prada-coeurs-rouge-bleu-taille-40?referrer=catalog,30,8278118810,Sold,28/02/2026 20:33:34,,https://images1.vinted.net/t/06_019d0_o7iNs8LdKdLZ1VKjyYf3fERK/310x430/1772274911.webp?s=ded4997a0a304caa967eb11cf9d2070848be50a6,1,4
Prada paradoxe eau de parfum,45.85,Prada,0,https://www.vinted.it/items/8278114422-prada-paradoxe-eau-de-parfum?referrer=catalog,2,8278114422,Sold,28/02/2026 20:33:34,,https://images1.vinted.net/t/06_017f4_k4afBE4DDvGj9T3emxXQRnvn/310x430/1772274885.webp?s=da9e79ae3960e733a63f0ce11e9b382f599f8025,1,4
Prada Cups Olive Grün,126.7,No brand,43,https://www.vinted.it/items/8278112341-prada-cups-olive-grun?referrer=catalog,9,8278112341,Sold,28/02/2026 20:33:34,,https://images1.vinted.net/t/03_00894_6CQwm8UHpRR311ToVk9dgZ9H/310x430/1772274872.webp?s=f9717d5fe712806b57a80f7564ab02f536eb7088,1,4
Prada pumps,525.7,Prada,37.5,https://www.vinted.it/items/8278110847-prada-pumps?referrer=catalog,5,8278110847,Sold,28/02/2026 20:33:34,,https://images1.vinted.net/t/05_0041c_Qwm66jHhkDCdggqXs2CxyKQG/310x430/1772275268.webp?s=21b114fdfbab3de3f8721bcc2b9a73e5bf06b0a2,1,4
Prada Parfüm,63.7,Prada,0,https://www.vinted.it/items/8278106717-prada-parfum?referrer=catalog,0,8278106717,Sold,28/02/2026 20:33:34,,https://images1.vinted.net/t/01_00513_nexGC8rTVVtod55Xnm67KpCX/310x430/1772274839.webp?s=30b21611565127bb63185bfe17bf09c09d5435d3,1,4
Abrigo Agatha Ruiz de la Prada Impermeable Talla 8 años. Manteau imperméable. Casaco impermeável,68.95,Agatha Ruiz de la Prada,8 anni / 128 cm,https://www.vinted.it/items/8278059915-abrigo-agatha-ruiz-de-la-prada-impermeable-talla-8-anos-manteau-impermeable-casaco-impermeavel?referrer=catalog,46,8278059915,Sold,28/02/2026 20:33:34,,https://images1.vinted.net/t/06_02437_sBDpQ2kEvoMhDrpePm9fbrJC/310x430/1772274558.webp?s=e9a7797eefa38d4527448227353b67685bb12454,1,4
Prada Cups Navy Blau,126.7,No brand,42,https://www.vinted.it/items/8278021308-prada-cups-navy-blau?referrer=catalog,1,8278021308,Sold,28/02/2026 20:33:34,,https://images1.vinted.net/t/01_00256_EgZedU4jmjT8D45MQkKEAkXb/310x430/1772274326.webp?s=f001bb56a33ead0e51a0e0ddfc8fdd2c9a295ecd,1,4
Prada Prax blau schwarz,126.7,No brand,42,https://www.vinted.it/items/8277991840-prada-prax-blau-schwarz?referrer=catalog,0,8277991840,Sold,28/02/2026 20:33:34,,https://images1.vinted.net/t/06_01062_xAC5mvNbszw765veTJCYQMeQ/310x430/1772274146.webp?s=4a76f04dc3627483ad6586b10b3e95013932075c,1,4
Gafas de sol PRADA,231.7,Prada,0,https://www.vinted.it/items/8277991253-gafas-de-sol-prada?referrer=catalog,0,8277991253,Sold,28/02/2026 20:33:34,,https://images1.vinted.net/t/06_026ab_2WHyiGhjqg5vUG6hxMoJiMk9/310x430/1772283541.webp?s=96dc8a2c067be256724b1377219826bcf4fece09,1,4
Mini vestido Re-nylon Prada,1.5757,Prada,L / IT 44 / EU 40,https://www.vinted.it/items/8277989618-mini-vestido-re-nylon-prada?referrer=catalog,0,8277989618,Sold,28/02/2026 20:33:34,,https://images1.vinted.net/t/05_02405_CAJA78qNfv8qKXgBVcgMp3c2/310x430/1772274133.webp?s=fa5df512cc45e1830a6e97f66ebc84c3bd8d0f1b,1,4
Prada paradoxe,37.45,Paradoxe,0,https://www.vinted.it/items/8277988354-prada-paradoxe?referrer=catalog,11,8277988354,Sold,28/02/2026 20:33:34,,https://images1.vinted.net/t/06_001f9_2yA6cQ4iGt8XKa2vqiEtyrNQ/310x430/1772274125.webp?s=7a48b7c4a61cee4948b1874733bbe35c7d91a3b6,1,4
Occhiali Prada,84.7,Prada,0,https://www.vinted.it/items/8277864645-occhiali-prada?referrer=catalog,0,8277864645,Sold,28/02/2026 20:33:34,,https://images1.vinted.net/t/06_012cd_C4KeEfbAbBmJPBu1ESvAMPck/310x430/1772273357.webp?s=0bb68104789c9b3135a03f331a2d442b29622f06,1,4
Prada Re-Edition 2005 Re-Nylon Saffiano Leder Nylon Tasche Bag,830.2,Prada,0,https://www.vinted.it/items/8277958022-prada-re-edition-2005-re-nylon-saffiano-leder-nylon-tasche-bag?referrer=catalog,4,8277958022,Sold,28/02/2026 20:33:34,,https://images1.vinted.net/t/05_006ab_wGvb7HF2zv8SFj9J78BVp2RP/310x430/1772273938.webp?s=e6f9086259d700293a9d5a11db0c4714845f15bd,1,4
Sneakers Prada America's cup,305.2,Luna Rossa,40,https://www.vinted.it/items/8277957904-sneakers-prada-americas-cup?referrer=catalog,3,8277957904,Sold,28/02/2026 20:33:34,,https://images1.vinted.net/t/06_00998_L9a65EutyHNa42g63Z425BKj/310x430/1772273938.webp?s=06ce2c6059763725c1e3ce338ee85dc27af5032a,1,4
PRADA,431.2,Prada,0,https://www.vinted.it/items/8277956659-prada?referrer=catalog,2,8277956659,Sold,28/02/2026 20:33:34,,https://images1.vinted.net/t/01_007c1_w3a71BcPj8tM3kf1VrPZG1yg/310x430/1772273930.webp?s=5e2ffc300d40030d2ff12b558bf89d85928905bd,1,4
PRADA Virtual Flower,37.45,Prada,0,https://www.vinted.it/items/8277946049-prada-virtual-flower?referrer=catalog,0,8277946049,Sold,28/02/2026 20:33:34,,https://images1.vinted.net/t/06_00559_7UEZQqJZAr6mPbmXCi7f8sLT/310x430/1772273864.webp?s=49bed14c57da23ae0628bfce96d31a99f0dde8f7,1,4
cover 12 pro max prada,11.2,Prada,0,https://www.vinted.it/items/8277904133-cover-12-pro-max-prada?referrer=catalog,3,8277904133,Sold,28/02/2026 20:33:34,,https://images1.vinted.net/t/05_0240c_EJaB5MpDNB6f1q3gTpwG6g2F/310x430/1772273605.webp?s=47448fcba842f64cd1dab57b1bdc47a8ef779fce,1,4
Prada Parfüm,24.85,Prada,0,https://www.vinted.it/items/8277894449-prada-parfum-paradox?referrer=catalog,7,8277894449,Sold,28/02/2026 20:33:34,,https://images1.vinted.net/t/05_014cf_Hx4ieZkXKKrqezqJT5JdWR9J/310x430/1772273545.webp?s=38eeb2b6ada0bec02f3d5631ecdd61fda1814213,1,4
Casquette noire Prada en nylon – Logo triangle – Très bon état,74.2,Kiabi,Taglia unica,https://www.vinted.it/items/8277868320-casquette-noire-prada-en-nylon-logo-triangle-tres-bon-etat?referrer=catalog,3,8277868320,Sold,28/02/2026 20:33:34,,https://images1.vinted.net/t/06_01d74_8jbmpoyuL4W5gWmVgo375oqu/310x430/1772273381.webp?s=46a51afceeab2719a4ef60cc0cd34710d4da0613,1,4
Prada Paradoxe EDP Recarregável,60.55,Prada,0,https://www.vinted.it/items/8277868480-prada-paradoxe-edp-recarregavel?referrer=catalog,0,8277868480,Sold,28/02/2026 20:33:34,,https://images1.vinted.net/t/06_00b57_HHzKoiWzHWi5kZgHL4QBvrAq/310x430/1772273382.webp?s=9a4bd7d95aec5710e1100458f13ec37764f3ee4b,1,4
Prada Sonnenbrille,126.7,Prada,0,https://www.vinted.it/items/8277840827-prada-sonnenbrille?referrer=catalog,1,8277840827,Sold,28/02/2026 20:33:34,,https://images1.vinted.net/t/05_01011_xYuaZAMt5zRX1MydA8bRkExx/310x430/1772273204.webp?s=737e60dbab29f425382e665ee438a0847413530e,1,4
Perfume,78.4,Prada,0,https://www.vinted.it/items/8277823196-perfume?referrer=catalog,0,8277823196,Sold,28/02/2026 20:33:34,,https://images1.vinted.net/t/06_0092e_z9Y1Prx1yRFkRjwMgxcJWEv9/310x430/1772273089.webp?s=a9be293c8394beeaa40d010c1cc02fe2fa33d6fc,1,4
Pull Prada taille M noir,410.2,Prada,M,https://www.vinted.it/items/8277742315-pull-prada-taille-m-noir?referrer=catalog,0,8277742315,Sold,28/02/2026 20:33:34,,https://images1.vinted.net/t/05_0040b_CeKC3g8e6V31Nubb9QpBkKmz/310x430/1772272557.webp?s=423e737d96215b01603e9d0ee91d222cc08e4ffa,1,4
Sac Prada Cabas en cuir Beige,1.20715,Prada,0,https://www.vinted.it/items/8277692078-sac-prada-cabas-en-cuir-beige?referrer=catalog,10,8277692078,Sold,28/02/2026 20:33:34,,https://images1.vinted.net/t/06_01198_tUc9b8L2Z7Zr4HyNKC1Hzxfp/310x430/1772272221.webp?s=5130a50c9c75ae3c5249133d379bfc2ca48206ce,1,4
Prada Cup,110.95,Prada,42,https://www.vinted.it/items/8277688911-prada-cup?referrer=catalog,26,8277688911,Sold,28/02/2026 20:33:34,,https://images1.vinted.net/t/05_009fe_D4m9osDrqbXTNUAbssMQ3kYT/310x430/1772272199.webp?s=613719efbebbba9bbdcd56d35d651273682b940b,1,4
Mules Prada 37,515.2,Prada,37,https://www.vinted.it/items/8277672436-mules-prada-37?referrer=catalog,22,8277672436,Sold,28/02/2026 20:33:34,,https://images1.vinted.net/t/05_000a1_5JuCizyCcFcThrtbPh3uTFGF/310x430/1772272089.webp?s=08b28fc2e62e85605110c3ede7680e836d29fb96,1,4
Scarpe  Prada Luna rossa,89.95,Prada,41,https://www.vinted.it/items/8277670356-scarpe-prada-luna-rossa?referrer=catalog,5,8277670356,Sold,28/02/2026 20:33:34,,https://images1.vinted.net/t/06_01964_YsHyyV7YZoKxjbmMawQkctAM/310x430/1772272075.webp?s=94f611db26d3ac72c4dbdc27dee8fac062508adf,1,4
Base de teint Prada,21.7,Prada,0,https://www.vinted.it/items/8277670448-base-de-teint-prada?referrer=catalog,3,8277670448,Sold,28/02/2026 20:33:34,,https://images1.vinted.net/t/06_00c38_mDvBUpbzkmirvHEQXW2xUa4v/310x430/1772272075.webp?s=af698cfbef134a2f66d9a9d69baa3d519eacdb66,1,4
jeans Prada,73.15,Prada,S / IT 40 / EU 36,https://www.vinted.it/items/8277669773-jeans-prada?referrer=catalog,1,8277669773,Sold,28/02/2026 20:33:34,,https://images1.vinted.net/t/06_0162d_195CsZ9LGpQmf3iWrQHm2H79/310x430/1772272071.webp?s=e049b54110e05c53047a8b5d18017a2ac2f1d98e,1,4
Vestido 👗 Niña Agatha Ruiz De La Prada Talla 10,13.3,Agatha Ruiz de la Prada,10 anni / 140 cm,https://www.vinted.it/items/8277661163-vestido-nina-agatha-ruiz-de-la-prada-talla-10?referrer=catalog,5,8277661163,Sold,28/02/2026 20:33:34,,https://images1.vinted.net/t/01_011fa_MJgNgC8LudY16ATNqWdMe5gg/310x430/1772272013.webp?s=12230cc3f4e5f7f3a9596406c6a6620adb86bd8c,1,4
Luna rossa océan Prada,79.45,Prada,0,https://www.vinted.it/items/8277648226-luna-rossa-ocean-prada?referrer=catalog,1,8277648226,Sold,28/02/2026 20:33:34,,https://images1.vinted.net/t/06_01a74_moSkAsanxz4wUAhnPL5KHKzH/310x430/1772271923.webp?s=d94fa702a67ba74c52a89ddeff85179a4b4894d0,1,4
Funda de cojín Agatha Ruiz de la Prada con Corazón,5.95,Agatha Ruiz de la Prada,0,https://www.vinted.it/items/8277647193-funda-de-cojin-agatha-ruiz-de-la-prada-con-corazon?referrer=catalog,0,8277647193,Sold,28/02/2026 20:33:34,,https://images1.vinted.net/t/04_00fd9_9qGZzGKTxLnmdrzw2sfyjNXs/310x430/1772271916.webp?s=772083853f0252085a562178c98697f63e2b0f37,1,4
Robe motif pied de poule Prada,368.2,Prada,S / IT 40 / EU 36,https://www.vinted.it/items/8277594451-robe-motif-pied-de-poule-prada?referrer=catalog,8,8277594451,Sold,28/02/2026 20:33:34,,https://images1.vinted.net/t/06_0139d_BQwe91ibAZ9P1sf8foQpaus8/310x430/1772271548.webp?s=9fcc8f9d801221b85c9c62fae668b532613a01ab,1,4
Monture prada noire lunettes,30.1,Prada,0,https://www.vinted.it/items/8277591506-monture-prada-noire-lunettes?referrer=catalog,0,8277591506,Sold,28/02/2026 20:33:34,,https://images1.vinted.net/t/04_0153b_FPoRTTJGaQN2cJ1WFkNiQPXx/310x430/1772271526.webp?s=a56692ded2008bb7459d751abeb6c323cf838a0b,1,4
Prada Milano – Edición de Colección (2009) con Funda,263.2,No brand,0,https://www.vinted.it/items/8277591614-prada-milano-edicion-de-coleccion-2009-con-funda?referrer=catalog,0,8277591614,Sold,28/02/2026 20:33:34,,https://images1.vinted.net/t/06_00c38_M7v7n5njDC9y2KaTtmHg9UCH/310x430/1772271527.webp?s=c255ceeb6b3106631251ef42c1a33fad015d86ce,1,4
Cartera Agatha Ruiz de la Prada,19.6,Agatha Ruiz de la Prada,0,https://www.vinted.it/items/8277590926-cartera-agatha-ruiz-de-la-prada-verde-nuevo?referrer=catalog,2,8277590926,Sold,28/02/2026 20:33:34,,https://images1.vinted.net/t/05_01e5d_yQTeSTSrU3PiW2944ULrTUKw/310x430/1772271522.webp?s=0c44459f66c3ffee6c8424064b9bdad1a0238876,1,4
Monture Prada noir lunettes,30.1,Prada,0,https://www.vinted.it/items/8277578665-monture-prada-noir-lunettes?referrer=catalog,0,8277578665,Sold,28/02/2026 20:33:34,,https://images1.vinted.net/t/03_0057c_tyEd1djdHy3BzPLo41Ujonwz/310x430/1772271435.webp?s=6a552af171bcf321338ecf2b1e8e799a1f96908a,1,4
Monedero Agatha Ruiz de la Prada Nuevo azul,16.45,Agatha Ruiz de la Prada,0,https://www.vinted.it/items/8277573804-monedero-agatha-ruiz-de-la-prada-nuevo-azul?referrer=catalog,1,8277573804,Sold,28/02/2026 20:33:34,,https://images1.vinted.net/t/06_0150c_FEJMeNvZgdf2w9iRcX7FszTn/310x430/1772271400.webp?s=2ecd5f78a31434f54dd4eaa13464f68e11bdbb0e,1,4
Prada paradoxe radical essence 90 ml,51.1,Prada,0,https://www.vinted.it/items/8277560387-prada-paradoxe-radical-essence-90-ml?referrer=catalog,6,8277560387,Sold,28/02/2026 20:33:34,,https://images1.vinted.net/t/05_0178f_aYjykjuMbJDS2QJN4gPL5W18/310x430/1772271303.webp?s=ae9134782dec304f8ca236f7a1a29d1adc19b0ed,1,4
NIEUW Mooie slippers Prada,126.7,Prada,39,https://www.vinted.it/items/8277544421-nieuw-mooie-slippers-prada?referrer=catalog,4,8277544421,Sold,28/02/2026 20:33:34,,https://images1.vinted.net/t/04_00c28_HP1zeoqsbux7KgdZisi8iFYV/310x430/1772271190.webp?s=2d2bb2610eb6302149eb28a93d3aba599a9b05b0,1,4
Prada beige,37.45,Prada,M / IT 42 / EU 38,https://www.vinted.it/items/8277535946-prada-beige?referrer=catalog,12,8277535946,Sold,28/02/2026 20:33:34,,https://images1.vinted.net/t/06_01d28_sdmpjEU59oqyoAZEmfwCLBsA/310x430/1772271130.webp?s=11053143ce64c9a9ede77d786c4d8e62eece21a8,1,4
Occhiali da sole Prada NUOVI,68.95,Prada,0,https://www.vinted.it/items/8277534415-occhiali-da-sole-prada-nuovi?referrer=catalog,6,8277534415,Sold,28/02/2026 20:33:34,,https://images1.vinted.net/t/06_01250_hnNGdjFu1ridD1D9yPfphQyx/310x430/1772271120.webp?s=f9290d40a621e86af26b5e530de0e272c4c4858f,1,4
Cintura Prada – Pelle Saffiano Verde – Nuova,263.2,Prada,100 cm,https://www.vinted.it/items/8277522966-cintura-prada-pelle-saffiano-verde-nuova?referrer=catalog,11,8277522966,Sold,28/02/2026 20:33:34,,https://images1.vinted.net/t/05_022ff_ZL1Mm3PKEyrneqMSrr3JswXR/310x430/1772271036.webp?s=d5885f37b19bf36aa1d1b4d20960aa6e6c1f92a5,1,4
Occhiali vista Prada,95.2,Prada,0,https://www.vinted.it/items/8277509417-occhiali-vista-prada?referrer=catalog,0,8277509417,Sold,28/02/2026 20:33:34,,https://images1.vinted.net/t/05_02539_ogo9xgCGRGHsaJAHjY9Y6rth/310x430/1772270937.webp?s=19da85386a606c01f7397b0eed7a33ee1b1f3237,1,4
Profumo,53.2,Prada,0,https://www.vinted.it/items/8277452716-profumo?referrer=catalog,1,8277452716,Sold,28/02/2026 20:33:34,,https://images1.vinted.net/t/03_01e16_bU6vfdwmyPsZQCnNEHZW7RvE/310x430/1772270516.webp?s=a116a4a7507067aec0bc3f3ad38c350b8ae4a430,1,4
Parfum,95.2,Prada,0,https://www.vinted.it/items/8277434532-parfum?referrer=catalog,0,8277434532,Sold,28/02/2026 20:33:34,,https://images1.vinted.net/t/05_026bc_bmsnnfzaCjUGtHmnPokaRgZQ/310x430/1772270374.webp?s=3225307bdfa5d3abaea4180e211d17fc442d5c62,1,4
Occhiali da sole Prada,79.45,Prada,0,https://www.vinted.it/items/8277431498-occhiali-da-sole-prada?referrer=catalog,2,8277431498,Sold,28/02/2026 20:33:34,,https://images1.vinted.net/t/03_02539_xkdTC1YDaZtdNSPE7dXSDf95/310x430/1772270351.webp?s=0d5e843bf8a644c53e2f9c74702cc4bd9a28a42f,1,4
Collapse Prada,525.7,Prada,37,https://www.vinted.it/items/8277383220-collapse-prada?referrer=catalog,0,8277383220,Sold,28/02/2026 20:33:34,,https://images1.vinted.net/t/05_01b39_xhXrCSCwdH5BW5PUtxF742Bm/310x430/1772269973.webp?s=441fe93369260b63dd9d5e9ea68be73e8c166972,1,4
Bolso agatha Ruiz nuevo,62.65,Agatha Ruiz de la Prada,0,https://www.vinted.it/items/8277376178-bolso-agatha-ruiz-nuevo?referrer=catalog,34,8277376178,Sold,28/02/2026 20:33:34,,https://images1.vinted.net/t/05_007f7_sB6gdgiQTXasFHi9knFaZjPW/310x430/1772269915.webp?s=a50f45b6aa4284f0ea72ee6275671dc635b1a1c3,1,4
Sneakers Prada donna,263.2,Prada,36.5,https://www.vinted.it/items/8277368609-sneakers-prada-donna?referrer=catalog,0,8277368609,Sold,28/02/2026 20:33:34,,https://images1.vinted.net/t/06_01cb0_5i88aBPhmbNjGod7LJTv8RdX/310x430/1772269855.webp?s=147fc2f6db2b9237736d0881cb59f91538e93017,1,4
Lunettes prada noires,221.2,Prada,0,https://www.vinted.it/items/8277365803-lunettes-prada-noires?referrer=catalog,1,8277365803,Sold,28/02/2026 20:33:34,,https://images1.vinted.net/t/06_0204b_EW9sPvBSDMCunfs5jaa86pH7/310x430/1772269831.webp?s=0eff903852f0f61c76bc5547a1b67c6b0a3af320,1,4
Eau de toilette Luna Rossa Prada,47.95,Prada,0,https://www.vinted.it/items/8277347184-eau-de-toilette-luna-rossa-prada?referrer=catalog,3,8277347184,Sold,28/02/2026 20:33:34,,https://images1.vinted.net/t/06_00061_1UfALgQQERAbsEPt7pn9uTvP/310x430/1772269679.webp?s=c847cba8cc7f75b0d9bd5b416f0ba4c1264df83b,1,4
Prada - America’s cup,305.2,Prada,43,https://www.vinted.it/items/8277320212-prada-americas-cup?referrer=catalog,3,8277320212,Sold,28/02/2026 20:33:34,,https://images1.vinted.net/t/01_00cd5_X1u7TeCsEbwhwXYDXpyZzjaM/310x430/1772269451.webp?s=8f74268f481519efc6ee083d2057abb3a81d7196,1,4
Miniature prada,16.45,Prada,0,https://www.vinted.it/items/8277306627-miniature-prada?referrer=catalog,1,8277306627,Sold,28/02/2026 20:33:34,,https://images1.vinted.net/t/05_0073c_A4NYscDQLpHb9CCP7ExUCA4h/310x430/1772269336.webp?s=273e46fd41dd6aab388e8fad6756b2082a7ca7ec,1,4
Bolso y monedero agatha Ruiz,94.15,Agatha Ruiz de la Prada,0,https://www.vinted.it/items/8277300765-bolso-y-monedero-agatha-ruiz?referrer=catalog,39,8277300765,Sold,28/02/2026 20:33:34,,https://images1.vinted.net/t/06_001c4_RdkDgKvVJhqh1FHgsMXSvgLM/310x430/1772269284.webp?s=06072977d36b7d18e4a9b62d7c795a4b9172475f,1,4
Sac bandoulière et porte monnaie Prada,1.0402,Prada,0,https://www.vinted.it/items/8277300294-sac-bandouliere-et-porte-monnaie-prada?referrer=catalog,3,8277300294,Sold,28/02/2026 20:33:34,,https://images1.vinted.net/t/01_0044f_LbjgYPFU3NE3P34Wnkyj4b3n/310x430/1772270737.webp?s=b739c3c17cd657204d1af10ed8793f5e5acb1676,1,4
Prada jeans,788.2,Prada,S / IT 40 / EU 36,https://www.vinted.it/items/8277281251-prada-jeans?referrer=catalog,0,8277281251,Sold,28/02/2026 20:33:34,,https://images1.vinted.net/t/05_00db1_VywzTHoDh5KvqAAqfW1fZvNF/310x430/1772269117.webp?s=76372fc34599192d8dac30faa9b869af6c7b9173,1,4
Prada bril nep,40.08,Prada,0,https://www.vinted.it/items/8280349931-prada-bril-nep?referrer=catalog,2,8280349931,Sold,28/02/2026 20:33:09,,https://images1.vinted.net/t/05_023b9_MihsNMiUYKGNuTXp3bpB4ggs/310x430/1772287643.webp?s=604d0dd401d5f52db65beef2f5a582863a3d1dcf,1,3
Prada Cups schwarz black,95.2,Prada,43,https://www.vinted.it/items/8280307072-prada-cups-schwarz-black?referrer=catalog,0,8280307072,Sold,28/02/2026 20:33:09,,https://images1.vinted.net/t/05_0126d_YUGqWBpm8ePdi4yq2FXhd8GQ/310x430/1772287413.webp?s=abc45fcc83a3976b7b4582f20eb12e8177d5a5ef,1,3
Brume paradoxe,20.55,Prada,0,https://www.vinted.it/items/8280296830-brume-paradoxe?referrer=catalog,11,8280296830,Sold,28/02/2026 20:33:09,,https://images1.vinted.net/t/01_016f4_m4B8DSn6QRqvcv6dD3dbaGPi/310x430/1772287358.webp?s=773181e268ac3f442fc9b960c07cc8d8f3ee6ba1,1,3
Borsa Prada,1.377,Prada,0,https://www.vinted.it/items/8280255205-borsa-prada?referrer=catalog,15,8280255205,Sold,28/02/2026 20:33:09,,https://images1.vinted.net/t/06_017ac_diNVXQJbznxErB3cdSmzcoxS/310x430/1772287133.webp?s=f73be422ae856840979bb674b003086a062538bb,1,3
Borsa Prada,1.581,Prada,0,https://www.vinted.it/items/8280251008-borsa-prada?referrer=catalog,0,8280251008,Sold,28/02/2026 20:33:09,,https://images1.vinted.net/t/05_023c6_KFMCgLJNccgn7KoM58t6gk4u/310x430/1772287111.webp?s=a1715564bdbb01b680f0185a2d9d8e9809f8cb10,1,3
Pantalon pour femme,126.7,Prada,L / IT 44 / EU 40,https://www.vinted.it/items/8280227271-pantalon-pour-femme?referrer=catalog,1,8280227271,Sold,28/02/2026 20:33:09,,https://images1.vinted.net/t/06_016e5_z8AhB8NM3HEba3rNEC9neYHh/310x430/1772286983.webp?s=b95e589c5b8bf763dfe9a9007c654394f690eb3a,1,3
Prada Cups 43,95.2,Prada,43,https://www.vinted.it/items/8280225257-prada-cups-43?referrer=catalog,1,8280225257,Sold,28/02/2026 20:33:09,,https://images1.vinted.net/t/05_01bdc_XnL6Aaqd3YJDFfPZYgwL1Lah/310x430/1772286973.webp?s=daa484c89c9dd7a7c08367e274cfd83f0b83a902,1,3
Prada paradoxe 90 ml,47.95,Prada,0,https://www.vinted.it/items/8280219958-prada-paradoxe-90-ml?referrer=catalog,0,8280219958,Sold,28/02/2026 20:33:09,,https://images1.vinted.net/t/06_014c0_LjQvdSdvTY9DPpkCZpUajz38/310x430/1772286945.webp?s=501e9866dd5d13f312109b12beedad3c316e44e9,1,3
Prada Cups,116.2,Prada,42,https://www.vinted.it/items/8280211484-prada-cups?referrer=catalog,0,8280211484,Sold,28/02/2026 20:33:09,,https://images1.vinted.net/t/05_00de8_H4LYdKXBV2Tc4daXQ8foy9DN/310x430/1772286899.webp?s=af62eba20d609a3f835efa87a6f553fe1a647344,1,3
parfum prada Paradoxe,95.2,Prada,0,https://www.vinted.it/items/8280191411-parfum-prada-paradoxe?referrer=catalog,0,8280191411,Sold,28/02/2026 20:33:09,,https://images1.vinted.net/t/05_00b94_L53oHjUvcFk1QpHJVkK319vE/310x430/1772286791.webp?s=9ea641b50e7413ebd54e221afb2d34bd4e9ab8b9,1,3
Lunette de soleil PRADA,221.2,Prada,0,https://www.vinted.it/items/8280183503-lunette-de-soleil-prada?referrer=catalog,0,8280183503,Sold,28/02/2026 20:33:09,,https://images1.vinted.net/t/05_020c8_yFNRnXgbwrobwLZne3RCB7K6/310x430/1772286748.webp?s=cd0aef4f8ccab37e023f5f5cc79078fee945e03d,1,3
Prada Amber 80ml EDP,74.2,Prada,0,https://www.vinted.it/items/8280153692-prada-amber-80ml-edp?referrer=catalog,1,8280153692,Sold,28/02/2026 20:33:09,,https://images1.vinted.net/t/06_01421_pzAdDPC9gW74KaKrQ2VNGX8K/310x430/1772286586.webp?s=94b676d60bc539a6e95b79a4d23b433b51c90e7d,1,3
Occhiali da sole PRADA Linea Rossa SPS 03X - NUOVI,126.7,Prada,0,https://www.vinted.it/items/8280128688-occhiali-da-sole-prada-linea-rossa-sps-03x-nuovi?referrer=catalog,9,8280128688,Sold,28/02/2026 20:33:09,,https://images1.vinted.net/t/05_00511_oTbfY51bbjSxpyYqqFSTwR78/310x430/1772286450.webp?s=7e15c23b05a13ea1d399406a1f523f4211009455,1,3
Gafas sol,210.7,Prada,0,https://www.vinted.it/items/8280127545-gafas-sol?referrer=catalog,0,8280127545,Sold,28/02/2026 20:33:09,,https://images1.vinted.net/t/06_02312_hskmfTDptT3iwEPPC4YqScoj/310x430/1772286444.webp?s=f2e968f5175870d018c512f7f68f99d0cd3bfbd9,1,3
Prada Cups 42,95.2,Prada,42,https://www.vinted.it/items/8280027537-prada-cups-42?referrer=catalog,22,8280027537,Sold,28/02/2026 20:33:09,,https://images1.vinted.net/t/06_001a5_CXarQ2xvJD3qCxWWz4v7hsja/310x430/1772285905.webp?s=e5b637664d4f26d736b95f8b121ad85141171fa4,1,3
Libro moda Prada,11.2,No brand,0,https://www.vinted.it/items/8280084268-libro-moda-prada?referrer=catalog,13,8280084268,Sold,28/02/2026 20:33:09,,https://images1.vinted.net/t/06_01ec6_tEFfXLBwpq23bc1PnGneVyLE/310x430/1772286210.webp?s=b0be51c79a530efdbfc479f5b16e08deca63137d,1,3
Gafas sol,210.7,Prada,0,https://www.vinted.it/items/8280076712-gafas-sol?referrer=catalog,0,8280076712,Sold,28/02/2026 20:33:09,,https://images1.vinted.net/t/05_01bc9_toRrJ7fDazyXe7s4sxb2eVF6/310x430/1772286169.webp?s=73fd3a8245098bbb7dd10c77158b9e6f1bd9ac17,1,3
Recharge Prada Paradoxe,100.45,Prada,0,https://www.vinted.it/items/8280072380-recharge-prada-paradoxe?referrer=catalog,0,8280072380,Sold,28/02/2026 20:33:09,,https://images1.vinted.net/t/05_021f8_NmKQvD6y1vDz6XPzanvsPi9W/310x430/1772286146.webp?s=62c335f28dd77075a2491a26e434f3f51bf3d63c,1,3
Parfum Prada  Candy,15.4,Prada,0,https://www.vinted.it/items/8280067568-parfum-prada-candy?referrer=catalog,0,8280067568,Sold,28/02/2026 20:33:09,,https://images1.vinted.net/t/06_00a18_2S7y8G4dctSSwJFwvJ4Bu3YX/310x430/1772286120.webp?s=a3e9465ce82ac531bb5f5e7d85f6f62aa46c4e55,1,3
Authentic Designer Perfumes – brand new 💕,66.85,Prada,0,https://www.vinted.it/items/8280061026-authentic-designer-perfumes-brand-new?referrer=catalog,0,8280061026,Sold,28/02/2026 20:33:09,,https://images1.vinted.net/t/06_012f9_rXFCipEnRsaLpccLizG85DWr/310x430/1772286085.webp?s=2253ee92895640b9da8173cf1e27954bba1d0488,1,3
Tarjetero Prada,189.7,Prada,0,https://www.vinted.it/items/8280046714-tarjetero-prada?referrer=catalog,2,8280046714,Sold,28/02/2026 20:33:09,,https://images1.vinted.net/t/06_01192_hPiCenNVMJzBm3R6wXmfSqUP/310x430/1772286008.webp?s=e64f44b2400125a16e9a851eb62a7de1f67f4d43,1,3
Gafas sol,210.7,Prada,0,https://www.vinted.it/items/8280034258-gafas-sol?referrer=catalog,0,8280034258,Sold,28/02/2026 20:33:09,,https://images1.vinted.net/t/05_014f3_fdb24d5hB5PLUJfPKGjcTXQ7/310x430/1772285941.webp?s=fcded9115b078540f5d02c3006606433ff624de9,1,3
Occhiali PRADA,210.7,Prada,0,https://www.vinted.it/items/8279869501-occhiali-prada?referrer=catalog,0,8279869501,Sold,28/02/2026 20:33:09,,https://images1.vinted.net/t/05_00a24_ryr3ube4UYE741aK2D3gBHmf/310x430/1772285044.webp?s=fdb421c09a5ac7fc52bf9d9abd622b8f604be444,1,3
Camiseta estilo Prada Blanca con Logo Triangular Esmaltado - Talla M,68.95,Local,M,https://www.vinted.it/items/8279997485-camiseta-estilo-prada-blanca-con-logo-triangular-esmaltado-talla-m?referrer=catalog,5,8279997485,Sold,28/02/2026 20:33:09,,https://images1.vinted.net/t/06_0029a_uMZzoUBkkRpojR3PS37ZjwiV/310x430/1772285742.webp?s=8ef581b9b69c18b0d07a2e56c7ba1bd04077962e,1,3
Sneakers Prada originali – nere – condizioni eccellenti con scatola,158.2,Prada,45,https://www.vinted.it/items/8279994491-sneakers-prada-originali-nere-condizioni-eccellenti-con-scatola?referrer=catalog,0,8279994491,Sold,28/02/2026 20:33:09,,https://images1.vinted.net/t/06_0120f_DAkm5FxoZ7tqEHr9SXZgvGC2/310x430/1772285726.webp?s=3cac342cee2e7c9f5ec06dd6334ece2ad326ec18,1,3
Prada Brillenetui inkl Putztuch neu,14.35,Prada,0,https://www.vinted.it/items/8279959168-prada-brillenetui-inkl-putztuch-neu?referrer=catalog,3,8279959168,Sold,28/02/2026 20:33:09,,https://images1.vinted.net/t/05_021be_6SMfbbVcEpXuAhzGzJHNhMXp/310x430/1772285533.webp?s=041190e7b35e97e96dd07e534d2e0c6cfdd365f8,1,3
Prada ocean Luna Rossa,47.95,Prada,0,https://www.vinted.it/items/8279958783-prada-ocean-luna-rossa?referrer=catalog,1,8279958783,Sold,28/02/2026 20:33:09,,https://images1.vinted.net/t/01_01ead_4UESh4Kfnt9PDnw5cv9zwNSF/310x430/1772285531.webp?s=fb7b1e1ad7b1d7d49c47205a4486d42ce2e981a7,1,3
Prada Re-Nylon Bucket Hat Red,331.45,Prada,M,https://www.vinted.it/items/8279953796-prada-re-nylon-bucket-hat-red?referrer=catalog,1,8279953796,Sold,28/02/2026 20:33:09,,https://images1.vinted.net/t/02_01849_UvPBkJaEJox4DzonMYJmX86K/310x430/1772285505.webp?s=147e69172188700f8d756519ac473852d204ea94,1,3
Prada Paradoxe,37.45,Prada,0,https://www.vinted.it/items/8279954139-prada-paradoxe?referrer=catalog,24,8279954139,Sold,28/02/2026 20:33:09,,https://images1.vinted.net/t/06_0170f_7KZvcrSTUyBYRpRHq6UkH5qA/310x430/1772285506.webp?s=bc1bd99a6d572e8903d1f8d94cf02405ab89b488,1,3
Gafas sol,210.7,Prada,0,https://www.vinted.it/items/8279916709-gafas-sol?referrer=catalog,0,8279916709,Sold,28/02/2026 20:33:09,,https://images1.vinted.net/t/06_01c88_YwaA6e14duSsu6sX4oGc78zT/310x430/1772285302.webp?s=b591e28e28855f10de6d2e21a041bc16a6639097,1,3
Prada Bleistiftrock dunkelgrau mit Schlitz Gr. 36 (italienisch),210.7,Prada,S / IT 40 / EU 36,https://www.vinted.it/items/8279909264-prada-bleistiftrock-dunkelgrau-mit-schlitz-gr-36-italienisch?referrer=catalog,2,8279909264,Sold,28/02/2026 20:33:09,,https://images1.vinted.net/t/06_01be1_RKLxoDtCLvG7t9Jn92hSitZv/310x430/1772285262.webp?s=84e8ae167513dc4416cfbd255475f4fe4ce8fc32,1,3
Prada Luna Rossa Shirt,106.75,Luna Rossa,L,https://www.vinted.it/items/8279900710-prada-luna-rossa-shirt?referrer=catalog,1,8279900710,Sold,28/02/2026 20:33:09,,https://images1.vinted.net/t/06_0165d_1E2V9YUxy5nfQ8cPptZVheyc/310x430/1772285215.webp?s=e44dbd3d99f07ca876bcf05db0504678dab60b54,1,3
Prada Luna Rossa Shirt,106.75,Luna Rossa,M,https://www.vinted.it/items/8279893535-prada-luna-rossa-shirt?referrer=catalog,0,8279893535,Sold,28/02/2026 20:33:09,,https://images1.vinted.net/t/05_003f4_6T81FWAK2SQibh7jV7UERsjA/310x430/1772285176.webp?s=f163da3cbab16aecb3701edd1e29ccc8e9633517,1,3
Prada t-shirt,37.45,Prada,S,https://www.vinted.it/items/8279892361-prada-t-shirt?referrer=catalog,0,8279892361,Sold,28/02/2026 20:33:09,,https://images1.vinted.net/t/06_0266f_eLsHHnfh8RX39a9qW6N9sXwp/310x430/1772285169.webp?s=5b55b5887d327b125b3947b71744cc72f3bac445,1,3
Prada Luna Rossa Shirt,106.75,Luna Rossa,M,https://www.vinted.it/items/8279880328-prada-luna-rossa-shirt?referrer=catalog,1,8279880328,Sold,28/02/2026 20:33:09,,https://images1.vinted.net/t/04_01c10_G63U2pRbNSzEqGJLHXmQXmco/310x430/1772285103.webp?s=e4c19f65550b5d8ad61c2744ce404c124a59a9c1,1,3
Prada Sonnenbrille,305.2,Prada,0,https://www.vinted.it/items/8279873728-prada-sonnenbrille?referrer=catalog,4,8279873728,Sold,28/02/2026 20:33:09,,https://images1.vinted.net/t/05_006b3_MPrvi4x3wi1ktV7zUFmAF19H/310x430/1772285067.webp?s=4ab47708356c1811e3dad2604feca43064d3cad9,1,3
Prada Luna Rossa Shirt,106.75,Luna Rossa,M,https://www.vinted.it/items/8279865697-prada-luna-rossa-shirt?referrer=catalog,1,8279865697,Sold,28/02/2026 20:33:09,,https://images1.vinted.net/t/06_00a85_LB9bSSEUqP4W1rEvh3MNLTDt/310x430/1772285023.webp?s=3f65bc0ff8113389f90fa98b3a0ead021757276d,1,3
Cravatta Prada,116.2,Prada,0,https://www.vinted.it/items/8279864781-cravatta-prada?referrer=catalog,2,8279864781,Sold,28/02/2026 20:33:09,,https://images1.vinted.net/t/05_0239b_o9QmiCB6GNT7gNvtCM4fXJYG/310x430/1772285018.webp?s=151d69e2b0271d8752d687f183d04b7a245aaee0,1,3
Parfum Paradoxe Prada,105.7,Prada,0,https://www.vinted.it/items/8279660646-parfum-paradoxe-prada?referrer=catalog,0,8279660646,Sold,28/02/2026 20:33:09,,https://images1.vinted.net/t/06_0229b_rcZCoHV3MDBxmmAdS7s46Ku1/310x430/1772283893.webp?s=47bd9b3398c4a328d8ec726dbf95828592e31b42,1,3
prada gilet pour homme,473.2,Prada,L,https://www.vinted.it/items/8279826431-prada-gilet-pour-homme?referrer=catalog,6,8279826431,Sold,28/02/2026 20:33:09,,https://images1.vinted.net/t/04_00969_nWoA7bHXn9j6eCej9wSVarR4/310x430/1772284808.webp?s=df5b2d1ecaae04e1aed114b7813800755f4a0ee3,1,3
Prada cups hellblau,74.2,Prada,44,https://www.vinted.it/items/8279819935-prada-cups-hellblau?referrer=catalog,3,8279819935,Sold,28/02/2026 20:33:09,,https://images1.vinted.net/t/05_0238d_SAnznUpZwWwPpTnzWHE6sgz8/310x430/1772284772.webp?s=d2089d43a846a30cf93842a7cb36111aea4cfb96,1,3
Prada Dimensions eyeshadow Palette 07,58.45,Prada,0,https://www.vinted.it/items/8279784781-prada-dimensions-eyeshadow-palette-07?referrer=catalog,1,8279784781,Sold,28/02/2026 20:33:09,,https://images1.vinted.net/t/06_01e66_J3TMLYJoshxy5aAtvtAyNJhc/310x430/1772284578.webp?s=09f2b5807e1765885536d1b06c9aaac2cb7f37cc,1,3
Prada Luna Rossa Black EDP 100ml (BATCH 2020),68.95,Prada,0,https://www.vinted.it/items/8279766384-prada-luna-rossa-black-edp-100ml-batch-2020?referrer=catalog,2,8279766384,Sold,28/02/2026 20:33:09,,https://images1.vinted.net/t/06_00def_wTArQ5L6BaFK9R8ebvBL7UU2/310x430/1772284477.webp?s=569a4a9e0305f5b7094f01a700a5982c33afce51,1,3
Prada Paradoxe Intense 50ml Eau de Parfum,47.95,Prada,0,https://www.vinted.it/items/8279728048-prada-paradoxe-intense-50ml-eau-de-parfum?referrer=catalog,3,8279728048,Sold,28/02/2026 20:33:09,,https://images1.vinted.net/t/05_0200b_x8ymSxSY8toMD9F1opvrPmAx/310x430/1772284267.webp?s=edd0ef2e03306db5cfdd06543d2bb88939c10c5a,1,3
Banane Prada neuve,714.0,Prada,0,https://www.vinted.it/items/8279595240-banane-prada-neuve?referrer=catalog,0,8279595240,Sold,28/02/2026 20:33:09,,https://images1.vinted.net/t/06_0121c_jWFCSV7jywkHEytrkVV21cGk/310x430/1772283529.webp?s=eb9da146d6f8db4f08149e042615be470d9f5001,1,3
Chaussure Prada Cup noir et argent taille 45 EU,693.6,Prada,45,https://www.vinted.it/items/8279638455-chaussure-prada-cup-noir-et-argent-taille-45-eu?referrer=catalog,1,8279638455,Sold,28/02/2026 20:33:09,,https://images1.vinted.net/t/06_01c9c_y7SvVdmJLpURr2SA93jjG6sD/310x430/1772283769.webp?s=cb344c5f5fc7eb9b42cd8b45a1d1f504e92e7e8d,1,3
Chaussures prada,63.7,Nike,38,https://www.vinted.it/items/8279625332-chaussures-prada?referrer=catalog,31,8279625332,Sold,28/02/2026 20:33:09,,https://images1.vinted.net/t/01_021a0_TZNWcjZAv3tXktsqecSnqqTB/310x430/1772283697.webp?s=ba668147e4630a0d9347e9e2dbb6d4f803564481,1,3
Cintura Prada,263.2,Prada,100 cm,https://www.vinted.it/items/8279604603-cintura-prada?referrer=catalog,2,8279604603,Sold,28/02/2026 20:33:09,,https://images1.vinted.net/t/05_009ed_ZRgAhDkJnsuFDjm84bbS34z4/310x430/1772283581.webp?s=3d0821c79e4980c0330692b5114492e6de0f1823,1,3
Prada Card Holder,79.45,Prada,0,https://www.vinted.it/items/8279597143-prada-card-holder?referrer=catalog,3,8279597143,Sold,28/02/2026 20:33:09,,https://images1.vinted.net/t/06_0225d_NjEXfk4EWq6VwdPYwdKkcGev/310x430/1772283539.webp?s=9c75bfe5e2a47e19e1c506478ac52999beb305dd,1,3
borsetta stile PRADA,26.95,No brand,0,https://www.vinted.it/items/8279537792-borsetta-stile-prada?referrer=catalog,14,8279537792,Sold,28/02/2026 20:33:09,,https://images1.vinted.net/t/05_01525_EmPg9enXsc8Q3Gdqq7N5k6ps/310x430/1772283207.webp?s=b935ee8d62faeed4604e485b4ed0cf7e6e602bc7,1,3
Occhiali da sole,87.85,Prada,0,https://www.vinted.it/items/8276634083-occhiali-da-sole?referrer=catalog,0,8276634083,Sold,28/02/2026 20:33:09,,https://images1.vinted.net/t/06_0011b_V5duMrEg3QqGsoy2vFkw4qyN/310x430/1772257548.webp?s=a9baaefbbd86c0929cf0e74d0d7cd147f745b845,1,3
Profumo Prada,42.7,Prada,0,https://www.vinted.it/items/8250771952-profumo-prada?referrer=catalog,0,8250771952,Sold,28/02/2026 20:33:09,,https://images1.vinted.net/t/05_02124_UbGy41vJvpiWaLTS824ZSytc/310x430/1771936832.webp?s=7ec48d1589c9912b94cff4fae44ceac679813689,1,3
Prada Heels Suède Brown,310.45,Prada,36,https://www.vinted.it/items/8279496007-prada-heels-suede-brown?referrer=catalog,1,8279496007,Sold,28/02/2026 20:33:09,,https://images1.vinted.net/t/05_012d6_bywUTqbbEc5sUjUTXqv5XNea/310x430/1772282972.webp?s=9e1f3f675cff83fdfe56019f6d3759d29c33dd44,1,3
Lunette soleil Prada,263.2,Prada,0,https://www.vinted.it/items/8279469019-lunette-soleil-prada?referrer=catalog,0,8279469019,Sold,28/02/2026 20:33:09,,https://images1.vinted.net/t/03_009e7_3v3fzNQ9iRBkSxFz15VbLeSB/310x430/1772282818.webp?s=c60a1d571670b782a1e7f51ba16765a020109242,1,3
Prada pollover,42.7,Prada,XS / IT 38 / EU 34,https://www.vinted.it/items/8279464518-prada-pollover?referrer=catalog,0,8279464518,Sold,28/02/2026 20:33:09,,https://images1.vinted.net/t/01_0146d_9EwrebDAb6K2xysS1XsKBkCY/310x430/1772282792.webp?s=429cd51490141c8a2af6a5d928e27c71cc24dd03,1,3
Prada Gesichtspflege,76.3,Prada,0,https://www.vinted.it/items/8279430425-prada-gesichtspflege?referrer=catalog,0,8279430425,Sold,28/02/2026 20:33:09,,https://images1.vinted.net/t/04_023dd_8A7P23MnFAYc6wpDuD8hbw8i/310x430/1772282598.webp?s=ce6b7571edd90dc62de643a7a21819ddde7f12f9,1,3
Prada paradoxe intense,40.6,Prada,0,https://www.vinted.it/items/8279402689-prada-paradoxe-intense?referrer=catalog,12,8279402689,Sold,28/02/2026 20:33:09,,https://images1.vinted.net/t/05_02506_oFEB4GPKMH1cCS3YUnqePPhL/310x430/1772282440.webp?s=c0b0969c8d3f828a30e342da8a26c759bfad061c,1,3
Prada completo nuovo,315.7,Prada,M,https://www.vinted.it/items/8279401179-prada-completo-nuovo?referrer=catalog,8,8279401179,Sold,28/02/2026 20:33:09,,https://images1.vinted.net/t/06_00095_26YT9qbSW65n8Hx8hGPEpVgQ/310x430/1772282431.webp?s=6108acbd83637cc0ccb7f43a374ad0cbe9219c0d,1,3
Portapassaporto PRADA Nero (pelle Saffiano),263.2,Prada,0,https://www.vinted.it/items/8279400905-portapassaporto-prada-nero-pelle-saffiano?referrer=catalog,7,8279400905,Sold,28/02/2026 20:33:09,,https://images1.vinted.net/t/06_014b1_R5dW727mMynNBG9kC4agDBz4/310x430/1772301977.webp?s=b71fc43283e749827fcf4381233084e4cf92b7bd,1,3
Prada Sonnenbrille PR 20YS,263.2,Prada,0,https://www.vinted.it/items/8279391063-prada-sonnenbrille-pr-20ys?referrer=catalog,0,8279391063,Sold,28/02/2026 20:33:09,,https://images1.vinted.net/t/05_02309_PZtyggwEk1AkHiee48rqZTfi/310x430/1772282374.webp?s=8237cc49b19fef0b3e9403873dd224dcf1dd2859,1,3
Monedero Agatha Ruiz de la Prada corazón,8.58,Agatha,0,https://www.vinted.it/items/8279383036-monedero-agatha-ruiz-de-la-prada-corazon?referrer=catalog,24,8279383036,Sold,28/02/2026 20:33:09,,https://images1.vinted.net/t/01_00f9f_4MmguwwB6KkExgTpGNio6UPn/310x430/1772282328.webp?s=113f5503e5cdd4214a20908f3db3f9c67ea9ad83,1,3
Prada havana & pink sunglasses,84.7,Prada,0,https://www.vinted.it/items/8279374647-prada-havana-pink-sunglasses?referrer=catalog,6,8279374647,Sold,28/02/2026 20:33:09,,https://images1.vinted.net/t/06_00903_S8Tadj9h7StqA4rfDxFQYkPs/310x430/1772282279.webp?s=2a47715138c9929e0ccd003418f2bf5827e3398b,1,3
Guanti di Prada,42.7,Prada,7,https://www.vinted.it/items/8279338582-guanti-di-prada?referrer=catalog,2,8279338582,Sold,28/02/2026 20:33:09,,https://images1.vinted.net/t/01_00650_aU4b9sNMtapipdK5TpJNgXzF/310x430/1772282074.webp?s=0518df9a6d310e4860926385efb2d306a3cc8ea5,1,3
Tee-shirts prada,16.45,Je ne sais quoi,M,https://www.vinted.it/items/8279327259-tee-shirts-prada?referrer=catalog,4,8279327259,Sold,28/02/2026 20:33:09,,https://images1.vinted.net/t/05_002ff_KZpXAkYkdBGsgXBjTEVHAQd2/310x430/1772282008.webp?s=fb95071681bb9b4c678353efa65e3d3882d11e26,1,3
Sandales prada,1.02,Prada,38,https://www.vinted.it/items/8279319185-sandales-prada?referrer=catalog,0,8279319185,Sold,28/02/2026 20:33:09,,https://images1.vinted.net/t/06_01a2b_49u8RPZpMak7vARuYun2BC7H/310x430/1772281961.webp?s=798495c85cf7afb0e96ae0829ebcf694bc4c347e,1,3
Prada america”s cup maat 43,105.7,Prada,43,https://www.vinted.it/items/8279314291-prada-americas-cup-maat-43?referrer=catalog,2,8279314291,Sold,28/02/2026 20:33:09,,https://images1.vinted.net/t/05_011d3_KksNyj7cXuQMa6yQv3M5mAj8/310x430/1772281932.webp?s=7d78f44735883ce59b5bcdb6a83ae605295e9aa0,1,3
Prada Cups Schwarz,137.2,Prada,43,https://www.vinted.it/items/8279303582-prada-cups-schwarz?referrer=catalog,5,8279303582,Sold,28/02/2026 20:33:09,,https://images1.vinted.net/t/06_00b54_nBj89cXPYWWCDUxvhUz377xo/310x430/1772281869.webp?s=912a80ccb56726178c523be1adde3ca1e1471f1d,1,3
Portapassaporto PRADA Bordeaux (pelle Saffiano),263.2,Prada,0,https://www.vinted.it/items/8279302479-portapassaporto-prada-bordeaux-pelle-saffiano?referrer=catalog,3,8279302479,Sold,28/02/2026 20:33:09,,https://images1.vinted.net/t/01_006b4_jiLzrvdwMwdwALHundgVMhVx/310x430/1772281863.webp?s=5049f8a284b3a067801abf2a80a3b54c46b19cc6,1,3
Parfum paradoxe intense prada en 50 ml,84.7,Prada,0,https://www.vinted.it/items/8279291027-parfum-paradoxe-intense-prada-en-50-ml?referrer=catalog,0,8279291027,Sold,28/02/2026 20:33:09,,https://images1.vinted.net/t/05_0055f_qfZ6kpKHtGRgcFiU3jxubSQP/310x430/1772281796.webp?s=aa29d2826e5e6225f44d135b78431d8f18a37d69,1,3
Bolso aghatha Ruiz de la prada,39.55,Agatha Ruiz de la Prada,0,https://www.vinted.it/items/8279286487-bolso-aghatha-ruiz-de-la-prada?referrer=catalog,1,8279286487,Sold,28/02/2026 20:33:09,,https://images1.vinted.net/t/05_022c5_B4WkCPsrwYReMyFSCFuECSC4/310x430/1772281770.webp?s=279e67eca8ff1d9da5b9a28193c65860ac66ca2f,1,3
Libros,19.6,No brand,0,https://www.vinted.it/items/8279272731-libros?referrer=catalog,0,8279272731,Sold,28/02/2026 20:33:09,,https://images1.vinted.net/t/04_004bf_kwpj3GpbvQB4m5edXenni12w/310x430/1772281690.webp?s=7630ddc860daf7cf217e3cdfb50286c573432a93,1,3
Mochila aghatha Ruiz de la prada,39.55,Agatha Ruiz de la Prada,0,https://www.vinted.it/items/8279270102-mochila-aghatha-ruiz-de-la-prada?referrer=catalog,0,8279270102,Sold,28/02/2026 20:33:09,,https://images1.vinted.net/t/01_00e1d_xR6KtwBaM4Q4htJ9QtB6f1jf/310x430/1772281675.webp?s=92a3efa59d4fec33dbe996f2168e82f63f90bf52,1,3
Prada Sonnenbrille,158.2,Prada,0,https://www.vinted.it/items/8279256522-prada-sonnenbrille?referrer=catalog,2,8279256522,Sold,28/02/2026 20:33:09,,https://images1.vinted.net/t/06_00cef_zkch6wRxPdz2xoyoGtHrCvGF/310x430/1772281597.webp?s=7449ae696f7a7509f516e03f235a3310c7578261,1,3
Cravate noire pour homme Prada,94.15,Prada,0,https://www.vinted.it/items/8279243518-cravate-noire-pour-homme-prada?referrer=catalog,4,8279243518,Sold,28/02/2026 20:33:09,,https://images1.vinted.net/t/05_026b7_xaRdc6gLHdQwddCqi2QmQy31/310x430/1772281520.webp?s=8215d3cef7117f63a30ebc412defc78e599e7c8a,1,3
Bolso aghatha Ruiz de la prada,39.55,Agatha Ruiz de la Prada,0,https://www.vinted.it/items/8279238386-bolso-aghatha-ruiz-de-la-prada?referrer=catalog,1,8279238386,Sold,28/02/2026 20:33:09,,https://images1.vinted.net/t/06_01122_AWpC3maYWkFJopy2dzCTBxEw/310x430/1772281490.webp?s=3f4f271991e22c1c14440367b14a3d9bc0f1a3cc,1,3
Parfum prada Carbone homme 100 ml,74.2,Prada,0,https://www.vinted.it/items/8279238670-parfum-prada-carbone-homme-100-ml?referrer=catalog,0,8279238670,Sold,28/02/2026 20:33:09,,https://images1.vinted.net/t/05_00d17_Pot6aViVNZCsdRTwUxfZwiAr/310x430/1772281492.webp?s=7e0ec251d8a982c91a8a6e718dfd04a652f934d5,1,3
Robe neuve,21.7,Agatha Ruiz de la Prada,L / IT 44 / EU 40,https://www.vinted.it/items/8279234255-robe-neuve?referrer=catalog,2,8279234255,Sold,28/02/2026 20:33:09,,https://images1.vinted.net/t/04_00bd0_THuaDZk1cu4C4qSo17GnNWwc/310x430/1772281466.webp?s=ddcc3435cf158a32f18755c15221dd46abb905cf,1,3
Bolso aghatha Ruiz de la prada,58.45,Agatha Ruiz de la Prada,0,https://www.vinted.it/items/8279218499-bolso-aghatha-ruiz-de-la-prada?referrer=catalog,1,8279218499,Sold,28/02/2026 20:33:09,,https://images1.vinted.net/t/06_021db_2JLb8vQWfNtty9R2STGf5RAD/310x430/1772281376.webp?s=544b11a7c4ad06e717753f4883b0da3f18d6a695,1,3
Prada cup Cobalt Blue/Silver (44),105.7,Prada,44,https://www.vinted.it/items/8279219326-prada-cup-cobalt-bluesilver-44?referrer=catalog,0,8279219326,Sold,28/02/2026 20:33:09,,https://images1.vinted.net/t/05_0028d_dXs9m5QC7rGGEq4QQr7AHwSB/310x430/1772281380.webp?s=030d4cf40100e2acfc446adbaeacbd03a855174d,1,3
Mochila aghatha Ruiz de la prada,58.45,Agatha Ruiz de la Prada,0,https://www.vinted.it/items/8279175783-mochila-aghatha-ruiz-de-la-prada?referrer=catalog,0,8279175783,Sold,28/02/2026 20:33:09,,https://images1.vinted.net/t/06_0189f_HgNB48DhMzcSuJGzR1YMkbD4/310x430/1772281129.webp?s=3beeedf7ce6236ab74d1f94e06ab3891bd67f184,1,3
Prada jacke Comic 2017,189.7,Prada,M / IT 42 / EU 38,https://www.vinted.it/items/8279155574-prada-jacke-comic-2017?referrer=catalog,13,8279155574,Sold,28/02/2026 20:33:09,,https://images1.vinted.net/t/05_0087e_GijGnMcxkrDMbbvcDLtbTsoy/310x430/1772281012.webp?s=6511984cf9d9f75efab62d3b25292f8a2e0c3221,1,3
Rouge a lèvre PRADA,24.85,Prada,0,https://www.vinted.it/items/8279155108-rouge-a-levre-prada?referrer=catalog,8,8279155108,Sold,28/02/2026 20:33:09,,https://images1.vinted.net/t/01_0209d_JLTX4CkthDPKCAacgY7oW2AG/310x430/1772281009.webp?s=7fdf2c4f64e532d14a8b8173f6796a67c2855a63,1,3
Prada mega tolle Tasche,1.02,Prada,0,https://www.vinted.it/items/8279152669-prada-mega-tolle-tasche-neu?referrer=catalog,3,8279152669,Sold,28/02/2026 20:33:09,,https://images1.vinted.net/t/05_00123_PiwpStyLYGafnXZtckuvQPmb/310x430/1772280995.webp?s=8267e6293d4b04b2da9703341f95d36b03ca66d9,1,3
Veste Prada violette,341.95,Prada,XL,https://www.vinted.it/items/8279152518-veste-prada-violette?referrer=catalog,0,8279152518,Sold,28/02/2026 20:33:09,,https://images1.vinted.net/t/05_00945_PHYcwPZcWFDDDLikW2hvDMHB/310x430/1772280994.webp?s=425766e662743e311f3c5ea8ab6e7eaa6585af91,1,3
Lunette de soleil,126.7,Prada,0,https://www.vinted.it/items/8279140290-lunette-de-soleil?referrer=catalog,2,8279140290,Sold,28/02/2026 20:33:09,,https://images1.vinted.net/t/06_014b5_fmKRQ59MzpGdSHFTD1qyRzGC/310x430/1772280922.webp?s=931a4b86dfb80592b433695c56d4f4620c6f6bd6,1,3
Lunette linea rossa prada noir,32.2,Kiabi,0,https://www.vinted.it/items/8279137661-lunette-linea-rossa-prada-noir?referrer=catalog,1,8279137661,Sold,28/02/2026 20:33:09,,https://images1.vinted.net/t/05_01d53_JXmGNYTU1RN9ugLnmy9kYsos/310x430/1772280907.webp?s=3020f9161056ddab71ea2074ea3239924bd68c36,1,3
Bolso Prada,703.8,Prada,0,https://www.vinted.it/items/8279130351-bolso-prada?referrer=catalog,2,8279130351,Sold,28/02/2026 20:33:09,,https://images1.vinted.net/t/06_00471_gCLJfxfh9RnJ6DhuLe5ZBZsK/310x430/1772280865.webp?s=aca4ee29e51c1a9ad9317f772c8a3db5cbd2781d,1,3
Neceser Prada,9.1,Prada,0,https://www.vinted.it/items/8279111212-neceser-prada?referrer=catalog,2,8279111212,Sold,28/02/2026 20:33:09,,https://images1.vinted.net/t/05_01368_nzn2fonxunTrwZK2KQDNmkm5/310x430/1772280752.webp?s=2f62cfcd657696e36e2ec51114cac739fb3b5310,1,3
Prada cups,105.7,Prada,44,https://www.vinted.it/items/8279064409-prada-cups?referrer=catalog,0,8279064409,Sold,28/02/2026 20:33:09,,https://images1.vinted.net/t/05_00a9d_C8PYAJEW4WL6tzruMmx694Hw/310x430/1772280478.webp?s=d9c9b13f835042f8b7039801397afaceb574df80,1,3
Pantalon Agatha Ruiz de la Prada T40,13.3,Agatha Ruiz de la Prada,L / IT 44 / EU 40,https://www.vinted.it/items/8279031036-pantalon-agatha-ruiz-de-la-prada-t40?referrer=catalog,2,8279031036,Sold,28/02/2026 20:33:09,,https://images1.vinted.net/t/01_006df_tU9AphqZniinJbC5Nz3NEGFu/310x430/1772295196.webp?s=c2c89fa0985ee0d704d9b8e075b149622d737dc2,1,3
Miniatura Prada Ocean Luna Rossa,13.3,Prada,0,https://www.vinted.it/items/8279030977-miniatura-prada-ocean-luna-rossa?referrer=catalog,4,8279030977,Sold,28/02/2026 20:33:09,,https://images1.vinted.net/t/06_01a2d_FkiKg1NKRmV3EKfVgM98DEBD/310x430/1772280283.webp?s=4bb3a8942c78e1710a9d4ced868c0981f5d88740,1,3
Paraguas plegable automático Agatha Ruiz de la Prada estrella,12.25,Agatha,0,https://www.vinted.it/items/8279024208-paraguas-plegable-automatico-agatha-ruiz-de-la-prada-estrella?referrer=catalog,1,8279024208,Sold,28/02/2026 20:33:09,,https://images1.vinted.net/t/06_00405_SoU2W3KrFLwAL5hE3iyB4QPP/310x430/1772280243.webp?s=187b5ef6a2ca2c03d8851785b81e93fc18ad8bab,1,3
Polacchine PRADA,116.2,Prada,42,https://www.vinted.it/items/8278999478-polacchine-prada?referrer=catalog,5,8278999478,Sold,28/02/2026 20:33:09,,https://images1.vinted.net/t/03_015e9_HAEoKXSJeUykKqNXXnHWGBAy/310x430/1772280098.webp?s=bdfc3eb66a85579373a75bff9e90be1fca54f396,1,3
Cartera billetera mujer labios fucsia Agatha Ruiz de la Prada,14.25,Agatha,0,https://www.vinted.it/items/8278968102-cartera-billetera-mujer-labios-fucsia-agatha-ruiz-de-la-prada?referrer=catalog,5,8278968102,Sold,28/02/2026 20:33:09,,https://images1.vinted.net/t/06_0255b_1F3K8PWcntnDSD9zQQTveqAS/310x430/1772279912.webp?s=08e148d7cc1db5b82350100fc204a90a8f8124ea,1,3
Prada edp Tainted Love Olfactories,147.7,Prada,0,https://www.vinted.it/items/8278950760-prada-edp-tainted-love-olfactories?referrer=catalog,1,8278950760,Sold,28/02/2026 20:33:09,,https://images1.vinted.net/t/05_012b3_MmBCVksLfDrpUWjvoC1eWDm8/310x430/1772279810.webp?s=8693cf24decd13bd158025961073839e356123f2,1,3
crampons adidas x Prada,210.7,Prada,43,https://www.vinted.it/items/8281854937-crampons-adidas-x-prada?referrer=catalog,2,8281854937,Sold,28/02/2026 20:32:42,,https://images1.vinted.net/t/06_013d4_edPLDtFP7Ej9qwwqMfrBGu83/310x430/1772295573.webp?s=3dd0394d9948830528ebbdc23e4ff302dc0dd202,1,2
prada thunder,221.2,Prada,46,https://www.vinted.it/items/8281853557-prada-thunder?referrer=catalog,1,8281853557,Sold,28/02/2026 20:32:42,,https://images1.vinted.net/t/03_00cfe_AJ6TX3JLJ5UnDMVj2dZYuZvB/310x430/1772295566.webp?s=59242cfd128cdc32be60ae6da11edda29cd94e86,1,2
Parfum Prada,16.45,Prada,0,https://www.vinted.it/items/8281851094-parfum-prada?referrer=catalog,1,8281851094,Sold,28/02/2026 20:32:42,,https://images1.vinted.net/t/06_02113_T2fy52o6B3dbyquK2VF4N9aJ/310x430/1772295553.webp?s=e995bf345318122e8deab85a28a8dc290dbfbb3f,1,2
O diabo veste prada,8.05,No brand,0,https://www.vinted.it/items/8281850432-o-diabo-veste-prada?referrer=catalog,0,8281850432,Sold,28/02/2026 20:32:42,,https://images1.vinted.net/t/06_01909_hunK4wnGiBBjcozYvwS7QWwJ/310x430/1772295549.webp?s=2391a955f856e4d6197ccc880d301c63bfffadd5,1,2
Occhiali da sole Prada,1.75,Prada,0,https://www.vinted.it/items/8281827442-occhiali-da-sole-prada?referrer=catalog,5,8281827442,Sold,28/02/2026 20:32:42,,https://images1.vinted.net/t/06_01401_XHv1AJwYhnmWRxY7M7uZRnS1/310x430/1772295428.webp?s=c6e4a865cb919eab9605d18e32a50f65aa229cb9,1,2
Étui à  lunette rigide prada,16.45,Prada,0,https://www.vinted.it/items/8281819703-etui-a-lunette-rigide-prada?referrer=catalog,0,8281819703,Sold,28/02/2026 20:32:42,,https://images1.vinted.net/t/06_0236e_MABE9kiknRQCnMq1tEBSBRKA/310x430/1772295387.webp?s=cc8e1eef788f8cff2e804a8357bdac38f097c2a9,1,2
Prada Sonnenbrille,147.7,Prada,0,https://www.vinted.it/items/8281784811-prada-sonnenbrille?referrer=catalog,3,8281784811,Sold,28/02/2026 20:32:42,,https://images1.vinted.net/t/05_00855_BYusyD6S5NWAnNMFqspztyT8/310x430/1772295201.webp?s=7a17457ada220351f4d7d4756c8ccf4d58eb2bc3,1,2
Bolso agatha ruiz de la prada verde charol original con colgante love,53.2,Agatha,0,https://www.vinted.it/items/8281780933-bolso-agatha-ruiz-de-la-prada-verde-charol-original-con-colgante-love?referrer=catalog,12,8281780933,Sold,28/02/2026 20:32:42,,https://images1.vinted.net/t/01_003ef_iauCU1SomQBwfpNjefu2qK2T/310x430/1772295181.webp?s=d62f6637028dd991f55d1ac58600e85e6c2ee735,1,2
Prada Paradoxe intense,53.2,Prada,0,https://www.vinted.it/items/8281763829-prada-paradoxe-intense?referrer=catalog,3,8281763829,Sold,28/02/2026 20:32:42,,https://images1.vinted.net/t/06_01508_qZsu3LoHFiVJ6gRw8LsPg89a/310x430/r1/1772295089.webp?s=48499d1d7731ae19894867b5571ce1f6ee1e8207,1,2
Giacca Prada,179.2,Prada,S / IT 40 / EU 36,https://www.vinted.it/items/8281740806-giacca-prada?referrer=catalog,2,8281740806,Sold,28/02/2026 20:32:42,,https://images1.vinted.net/t/06_01314_DqbhRYfW1DEY1Lkv2Egfm1no/310x430/1772294965.webp?s=1e0da096bbb6a92c6dc4f4fdbff771dd7fba75e2,1,2
Prada minibolso Re-Edition 2000,714.7,Prada,0,https://www.vinted.it/items/8281743268-prada-minibolso-re-edition-2000?referrer=catalog,5,8281743268,Sold,28/02/2026 20:32:42,,https://images1.vinted.net/t/06_02111_yjYVicZJziDdAgjQ3mmEMpfn/310x430/1772294978.webp?s=1b9fc6a1bbfa5978d6a13f9604ab63f3df84d398,1,2
Prada Sonnenbrille PS 04WS,158.2,Prada,0,https://www.vinted.it/items/8281720453-prada-sonnenbrille-ps-04ws?referrer=catalog,1,8281720453,Sold,28/02/2026 20:32:42,,https://images1.vinted.net/t/05_00472_a7B31xQFLeCcPo1Za2YQ3EfQ/310x430/1772294856.webp?s=3f1a507c28295ed53f6763b3007e5f8a84508519,1,2
Boîte repas PRADA – Neuve – Modèle Lunch Box,110.95,Prada,0,https://www.vinted.it/items/8281671406-boite-repas-prada-neuve-modele-lunch-box?referrer=catalog,0,8281671406,Sold,28/02/2026 20:32:42,,https://images1.vinted.net/t/06_0043a_xwEqGnsEkzJF7T7bPiwwSZiU/310x430/1772294596.webp?s=3e12f4f7f62e538a9a80680d7074a8f134d36558,1,2
PRADA Designer Kleid Schwarz  Zeitlos & Elegant,168.7,Prada,M / IT 42 / EU 38,https://www.vinted.it/items/8281602425-prada-designer-kleid-schwarz-zeitlos-elegant?referrer=catalog,0,8281602425,Sold,28/02/2026 20:32:42,,https://images1.vinted.net/t/01_00bfc_iBBrdYjxVrqwM18UfKHsoTr6/310x430/1772294235.webp?s=dd495472cd8f42226b378c18b3f9c799c0447ede,1,2
Prada cup,110.95,Prada,43,https://www.vinted.it/items/8281596403-prada-cup?referrer=catalog,4,8281596403,Sold,28/02/2026 20:32:42,,https://images1.vinted.net/t/01_00567_bBAQccq1aixS6Msjic6hpYX8/310x430/1772294204.webp?s=f87157c14bdac86a3b6b9fcad9bc0bbfb4862e77,1,2
Vestido fucsia Agatha Ruiz de la Prada,34.3,Agatha Ruiz de la Prada,10 anni / 140 cm,https://www.vinted.it/items/8281581049-vestido-fucsia-agatha-ruiz-de-la-prada?referrer=catalog,0,8281581049,Sold,28/02/2026 20:32:42,,https://images1.vinted.net/t/06_008bc_k6ZamWBi6PvFR3DRcGs5YBmv/310x430/1772294124.webp?s=1cc43bfc3c7e10d2fc9c9d3ff66367679b117929,1,2
Zonnebril Prada.,53.2,Prada,0,https://www.vinted.it/items/8281577120-zonnebril-prada?referrer=catalog,2,8281577120,Sold,28/02/2026 20:32:42,,https://images1.vinted.net/t/05_01ac8_JTqEw1imQFy93xGriWJiuW2U/310x430/1772294103.webp?s=9091539d72e0546a21e46938c8bdc42293b7af69,1,2
Mug isotherme PRADA noir – Neuf,142.45,Prada,0,https://www.vinted.it/items/8281562334-mug-isotherme-prada-noir-neuf-avec-boite?referrer=catalog,0,8281562334,Sold,28/02/2026 20:32:42,,https://images1.vinted.net/t/03_015ac_d8qCVzj5NXK1QLW7VbZq9ujy/310x430/1772294026.webp?s=4f59b724f40321fd9feacc53303c27459c13d30b,1,2
Carteira Prada original,541.45,Prada,0,https://www.vinted.it/items/8281550783-carteira-prada-original?referrer=catalog,0,8281550783,Sold,28/02/2026 20:32:42,,https://images1.vinted.net/t/04_009e7_7nZ8Dv2pGD5cSjEgMPoXauQm/310x430/1772293966.webp?s=bd38063401a7468c212e379187db4b1fdde4448b,1,2
Ballerine Prada,189.7,Prada,37,https://www.vinted.it/items/8281517914-ballerine-prada?referrer=catalog,3,8281517914,Sold,28/02/2026 20:32:42,,https://images1.vinted.net/t/05_00c33_ujikpCX42uoa5DJjgae3Cix4/310x430/1772293798.webp?s=367e289a508e37cd51571aa6eaeb7bce77ec269e,1,2
Botte Prada chaussures Prada mocassin Prada bottines,646.45,Prada,36.5,https://www.vinted.it/items/8281497860-botte-prada-chaussures-prada-mocassin-prada-bottines?referrer=catalog,4,8281497860,Sold,28/02/2026 20:32:42,,https://images1.vinted.net/t/06_0017c_yRCmQutwG6pkiwcaaMVM7HU3/310x430/1772293693.webp?s=d2193527ee859e1da1bafe6b26d8a9e297c88842,1,2
Adidas / FZ5447 Prada x adidas A+P Luna Rossa 21 Cloud White Gr.40 2/3 (39,158.2,adidas,40.5,https://www.vinted.it/items/8281496273-adidas-fz5447-prada-x-adidas-ap-luna-rossa-21-cloud-white-gr40-23-395-40?referrer=catalog,1,8281496273,Sold,28/02/2026 20:32:42,,https://images1.vinted.net/t/03_01f73_JXtFJ8A18H6uQsgwgrzVN4CX/310x430/1772293685.webp?s=9742ac49eddc3139e102883ffbc24d00bc113539,1,2
Parfum Prada Paradoxe Radical Essence - Neuf,99.4,Prada,0,https://www.vinted.it/items/8281470671-parfum-prada-paradoxe-radical-essence-neuf?referrer=catalog,0,8281470671,Sold,28/02/2026 20:32:42,,https://images1.vinted.net/t/01_01f5b_A8Xzp3BpZvQdoYRLR5c41KbB/310x430/1772293554.webp?s=d3134749f89da673d49a2e578bd78f7346cfbf10,1,2
Prada Cups,126.7,Prada,41,https://www.vinted.it/items/8281435977-prada-cups?referrer=catalog,0,8281435977,Sold,28/02/2026 20:32:42,,https://images1.vinted.net/t/06_00156_DEoZeCRPtyAWBUrPm9FbpwQ5/310x430/1772293376.webp?s=32fdbac35ff44dcc7bebfe4f22a645cd7cd0e77a,1,2
Bandolera estilo Prada,21.7,Local,0,https://www.vinted.it/items/8281433947-bandolera-estilo-prada?referrer=catalog,0,8281433947,Sold,28/02/2026 20:32:42,,https://images1.vinted.net/t/06_023cb_SqD7ZbWGg9SK2x3GTTQotQw3/310x430/1772293365.webp?s=7b030ea1096e565ddcb138e622c267df026926f0,1,2
Prada,735.7,Prada,M,https://www.vinted.it/items/8281419219-prada?referrer=catalog,5,8281419219,Sold,28/02/2026 20:32:42,,https://images1.vinted.net/t/05_01233_bnXSHzbGi5uqPgh3xcq3cRVm/310x430/1772293290.webp?s=acc15d5b4c32034df98f1fb4adc87b9f664a5fb5,1,2
Prada cups,105.7,Prada,37,https://www.vinted.it/items/8281411480-prada-cups?referrer=catalog,6,8281411480,Sold,28/02/2026 20:32:42,,https://images1.vinted.net/t/04_0137e_yH8TV6jTPmZKSQL5djEvvpsZ/310x430/1772293250.webp?s=72e520903bc8f6bdd02567e8b77e750aef9e6002,1,2
Prada Augmented Skin  trattamento idratante viso,21.7,Prada,0,https://www.vinted.it/items/8281402347-prada-augmented-skin-trattamento-idratante-viso?referrer=catalog,0,8281402347,Sold,28/02/2026 20:32:42,,https://images1.vinted.net/t/01_016cb_WaA1w7s9t2LsiQZw4KewdkcS/310x430/1772293204.webp?s=f478241f1284bf770af1c3f67e7fb03d15b76c47,1,2
Chaussures Prada neuve à talon marron beige pointure 36,103.6,Prada,36.5,https://www.vinted.it/items/8281390506-chaussures-prada-neuve-a-talon-marron-beige-pointure-365?referrer=catalog,0,8281390506,Sold,28/02/2026 20:32:42,,https://images1.vinted.net/t/06_010ab_yJigg3zy92FoKCphtVxSusgC/310x430/1772293142.webp?s=be9d0b9db8b4a8bb74ffff99a04202b988ac4349,1,2
RB.-bolso agatha ruiz de la prada como nuevo acolchado beige con interior multicolor súper top,53.1,Agatha,0,https://www.vinted.it/items/8281386227-rb-bolso-agatha-ruiz-de-la-prada-como-nuevo-acolchado-beige-con-interior-multicolor-super-top?referrer=catalog,16,8281386227,Sold,28/02/2026 20:32:42,,https://images1.vinted.net/t/05_0127a_nD9mdMT2VuCoBD97RAkxVP4h/310x430/1772293120.webp?s=47904c4d2dd646781922ebd8fd136b8cbd982a0c,1,2
Body PRADA strass,158.2,Strass,S / IT 40 / EU 36,https://www.vinted.it/items/8281379486-body-prada-strass?referrer=catalog,0,8281379486,Sold,28/02/2026 20:32:42,,https://images1.vinted.net/t/06_017e8_wa3xnvQqPUXyfr9RcH5acUaz/310x430/1772293086.webp?s=90e106fffca18f2d27f3a81c96b935c8143814a6,1,2
Prada Paradigme,63.7,Prada,0,https://www.vinted.it/items/8281375288-prada-paradigme?referrer=catalog,1,8281375288,Sold,28/02/2026 20:32:42,,https://images1.vinted.net/t/05_006a3_4zLnJDzPKJGoHLNJJhBA8uHp/310x430/1772293064.webp?s=624ab22736d286e4be80747a172175aa4f5d2742,1,2
Bougie Prada nueve avec étiquette-Luxe,168.7,Prada,0,https://www.vinted.it/items/8281375114-bougie-prada-nueve-avec-etiquette-luxe?referrer=catalog,0,8281375114,Sold,28/02/2026 20:32:42,,https://images1.vinted.net/t/05_0096a_w1Ln2ayumR2L2bjkyKHiUvn8/310x430/1772293063.webp?s=91a6173132fc4acd2a4a1b54e26cad80f2df8a9c,1,2
Chaussure compensée neuve Prada velours pointure 36,121.45,Prada,36.5,https://www.vinted.it/items/8281366099-chaussure-compensee-neuve-prada-velours-pointure-365?referrer=catalog,0,8281366099,Sold,28/02/2026 20:32:42,,https://images1.vinted.net/t/05_0016c_ZkP5X4Eb3S75zgYrdQQYebMR/310x430/1772293016.webp?s=8c0b1244c6bfbf08b781619dd23e5d5136e18ba3,1,2
Paradigme,44.8,Prada,0,https://www.vinted.it/items/8281358550-paradigme?referrer=catalog,3,8281358550,Sold,28/02/2026 20:32:42,,https://images1.vinted.net/t/06_01e9f_fre9kAtRs9gRY93gJ5ji8PGK/310x430/1772292979.webp?s=2748323c9618c24d8170db97dd630e909b33e7df,1,2
Lot De Mini Parfum Prada,63.7,Prada,0,https://www.vinted.it/items/8281355317-lot-de-mini-parfum-prada?referrer=catalog,3,8281355317,Sold,28/02/2026 20:32:42,,https://images1.vinted.net/t/05_018e1_6GesijRLHpVtKSR9QtGgRvsA/310x430/1772292962.webp?s=a2d8a8338b40635fdf2f58629869733cef00f380,1,2
Calcetines cortos Agatha Ruiz de la Prada,8.05,Agatha Ruiz de la Prada,M | 43–46,https://www.vinted.it/items/8253585314-calcetines-cortos-agatha-ruiz-de-la-prada?referrer=catalog,1,8253585314,Sold,28/02/2026 20:32:42,,https://images1.vinted.net/t/04_008ba_CeUhNdc4JhtGayihLKeRVq77/310x430/1771955869.webp?s=5272a75ef8e10d92f5a0dce0c7222f916c52fe84,1,2
Chaussure compensés neuve de marque Prada pointure 36,121.45,Prada,36,https://www.vinted.it/items/8281344499-chaussure-compenses-neuve-de-marque-prada-pointure-36?referrer=catalog,0,8281344499,Sold,28/02/2026 20:32:42,,https://images1.vinted.net/t/06_00a94_hcKaQDzeJ5jxZmBnWYorRMr1/310x430/1772292906.webp?s=bf107cee3c36a6ff446fc0b5f3bcd589aa346ed3,1,2
Dvd Le diable s'habille en Prada,1.75,No brand,0,https://www.vinted.it/items/8281343984-dvd-le-diable-shabille-en-prada?referrer=catalog,1,8281343984,Sold,28/02/2026 20:32:42,,https://images1.vinted.net/t/06_01c9e_F8XW9h7yVDY4TvKBvoWcczqd/310x430/1772292904.webp?s=ba9cf5329b215c75204ef4d23d8e2a49fae0148c,1,2
Sacoche Prada,21.7,No brand,0,https://www.vinted.it/items/8281329156-sacoche-prada?referrer=catalog,4,8281329156,Sold,28/02/2026 20:32:42,,https://images1.vinted.net/t/05_0146f_YpTZ5yuuzz5vpgSw7o4p4gqR/310x430/1772292827.webp?s=1188fa05faa8150b2383d104d982947f2898fc70,1,2
Cravatta Prada,37.45,Prada,0,https://www.vinted.it/items/8281328852-cravatta-prada?referrer=catalog,2,8281328852,Sold,28/02/2026 20:32:42,,https://images1.vinted.net/t/05_00016_7xHecs1SB5WCwVq7QVx1vSwg/310x430/1772292826.webp?s=e778af7878fe3a73337d3553f91deda347cbd00d,1,2
Superbe chaussure Prada neuve écru pointure 37,200.2,Prada,37,https://www.vinted.it/items/8281309089-superbe-chaussure-prada-neuve-ecru-pointure-37?referrer=catalog,3,8281309089,Sold,28/02/2026 20:32:42,,https://images1.vinted.net/t/04_00aad_ZnJt6QpKwsPwFuxtoTxNbppJ/310x430/1772292723.webp?s=ec94ce572ad3139f9a7769c16e8ce958335a4078,1,2
prada prz sunglasses,74.2,Prada,0,https://www.vinted.it/items/8281256167-prada-prz-sunglasses?referrer=catalog,1,8281256167,Sold,28/02/2026 20:32:42,,https://images1.vinted.net/t/06_017b9_RQGDTDBXUJs2YpkxPPPSDLZD/310x430/1772292450.webp?s=3eca5a8dc95dc3991058a990d00549eda163c781,1,2
Prada paradoxe,39.55,Prada,0,https://www.vinted.it/items/8281240807-prada-paradoxe?referrer=catalog,2,8281240807,Sold,28/02/2026 20:32:42,,https://images1.vinted.net/t/05_022f5_n5hubsYYFYQmC2JCqyCZgNEg/310x430/1772292371.webp?s=77e6c67438d9446ba431d2c4983d4fd1f1548232,1,2
Prada pet,210.7,Prada,Taglia unica,https://www.vinted.it/items/8281225770-prada-pet?referrer=catalog,2,8281225770,Sold,28/02/2026 20:32:42,,https://images1.vinted.net/t/05_0252e_2mV68M2FuEk2Q2PvN4LpMSG6/310x430/1772292293.webp?s=3ee2f73af23759708a4492ca6afa0af0c20eafd3,1,2
Pantalon cavalier coupe cigarette Prada Gris en laine vierge Made in Italy luxe Chic Business 34 XS,89.95,Prada,XS / IT 38 / EU 34,https://www.vinted.it/items/8278693674-pantalon-cavalier-coupe-cigarette-prada-gris-en-laine-vierge-made-in-italy-luxe-chic-business-34-xs?referrer=catalog,1,8278693674,Sold,28/02/2026 20:32:42,,https://images1.vinted.net/t/01_01a95_r3imhuhy1wZPa49H9YMPFGMD/310x430/1772278285.webp?s=800a1b5170ee46d5eae5206b1572545f1aa8975b,1,2
Lunette de soleil prada,116.2,Prada,0,https://www.vinted.it/items/8281216631-lunette-de-soleil-prada?referrer=catalog,0,8281216631,Sold,28/02/2026 20:32:42,,https://images1.vinted.net/t/05_02583_qmzaqMXfmUiPPoPcbPzxf4as/310x430/1772292246.webp?s=f619a7ff0daeb136ed230952055cc7c4af6612dd,1,2
Prada matte lipstick R28,18.55,Prada,0,https://www.vinted.it/items/8281204770-prada-matte-lipstick-r28?referrer=catalog,5,8281204770,Sold,28/02/2026 20:32:42,,https://images1.vinted.net/t/01_004d7_7aVnGWqV1kB7sxKQkqE7WPzb/310x430/1772292184.webp?s=3d0d6e1cd740039a0f4752c233659d2be306fe02,1,2
Occhiali unisex Prada,63.7,Prada,0,https://www.vinted.it/items/8281202219-occhiali-unisex-prada?referrer=catalog,5,8281202219,Sold,28/02/2026 20:32:42,,https://images1.vinted.net/t/06_0100d_jmThXWu7diXG5CNG3J3yBjMc/310x430/1772292170.webp?s=e34f3dbed3442891938a69264e0f61f198bd881a,1,2
Superbe sac Prada - neuf,273.7,Prada,0,https://www.vinted.it/items/8252140312-superbe-sac-prada-neuf?referrer=catalog,1,8252140312,Sold,28/02/2026 20:32:42,,https://images1.vinted.net/t/05_00b42_mFbnPCFsDCXmfTTbZFgufNsL/310x430/1771946074.webp?s=1dfbb9dc99a65bc808658b6b5c7959ee53f91f4f,1,2
Occhiali da Sole Prada PR A19S 1AB5S0 Neri – Nuovi con Box Completo,263.2,Prada,0,https://www.vinted.it/items/8281156951-occhiali-da-sole-prada-pr-a19s-1ab5s0-neri-nuovi-con-box-completo?referrer=catalog,1,8281156951,Sold,28/02/2026 20:32:42,,https://images1.vinted.net/t/05_01c6d_hqqbNXzy6zDR3mBCZgBhy3um/310x430/1772291934.webp?s=ca71fb4fc641e498fa9a89daecfdf179749d449d,1,2
Prada Bluse - Größe 42(IT) ungetragen schwarz,179.2,Prada,M / IT 42 / EU 38,https://www.vinted.it/items/8281121015-prada-bluse-grosse-42it-ungetragen-schwarz?referrer=catalog,4,8281121015,Sold,28/02/2026 20:32:42,,https://images1.vinted.net/t/05_013ad_3ENFKsX2WDmxi6mSMPqPToNC/310x430/1772291744.webp?s=cd28e85b0a26c9bba7948d0facce3ba7895cdb82,1,2
Prada teenslippers maat 46,104.65,Prada,46,https://www.vinted.it/items/8281094715-prada-teenslippers-maat-46?referrer=catalog,1,8281094715,Sold,28/02/2026 20:32:42,,https://images1.vinted.net/t/04_00d00_GF361AJq8wyR3T31vrs5uDpM/310x430/1772291605.webp?s=a838e8ac56e87894db8115d46a098d53ef92ac68,1,2
Perfume Prada Paradoxe Virtual Flower Regill 100 ml,63.7,Prada,0,https://www.vinted.it/items/8281045357-perfume-prada-paradoxe-virtual-flower-regill-100-ml?referrer=catalog,4,8281045357,Sold,28/02/2026 20:32:43,,https://images1.vinted.net/t/01_01fa6_UUU2K7xxw15Tb4NjusajJiLQ/310x430/1772291344.webp?s=4f6b9a9493ef91b19e8e899e207d4f670dec7c1b,1,2
Eau de parfum prada infusion vanille,63.7,Prada,0,https://www.vinted.it/items/8281017761-eau-de-parfum-prada-infusion-vanille?referrer=catalog,2,8281017761,Sold,28/02/2026 20:32:43,,https://images1.vinted.net/t/04_008ed_tU4iBSdCFqBcRT6qFad7gygc/310x430/1772291197.webp?s=45162ba27785a90bbe843371ce4e14642e72b831,1,2
Cover IPhone 17 Pro Max Prada,47.95,Prada,0,https://www.vinted.it/items/8280996086-cover-iphone-17-pro-max-prada?referrer=catalog,23,8280996086,Sold,28/02/2026 20:32:43,,https://images1.vinted.net/t/05_004b2_7A4ony5mKECBA777cSKHWtfX/310x430/1772291082.webp?s=3175c92f11d530c533480dcb64e6a05fc050920f,1,2
Maglietta nera,189.7,Prada,M,https://www.vinted.it/items/8278337050-maglietta-nera?referrer=catalog,1,8278337050,Sold,28/02/2026 20:32:43,,https://images1.vinted.net/t/05_01e05_Kng6Efi6hGWWqvxujKW95DCR/310x430/1772276195.webp?s=a1921279cf804968c5d09cd5dd61c6b8162d23f9,1,2
Prada Camicia,284.2,Prada,M,https://www.vinted.it/items/8280978236-prada-camicia?referrer=catalog,3,8280978236,Sold,28/02/2026 20:32:43,,https://images1.vinted.net/t/05_02269_6P6eqQ3zjwyi7T1iSwijT3DD/310x430/1772290987.webp?s=2b59a6c4a9af66b4ce5dfb8180cf68e4f2a86102,1,2
Schlüssel Anhänger Prada ocean,9.31,Ocean,0,https://www.vinted.it/items/8280971674-schlussel-anhanger-prada-ocean?referrer=catalog,0,8280971674,Sold,28/02/2026 20:32:43,,https://images1.vinted.net/t/03_01e59_gGXA6zixVBtfnkVT2MkZQtsW/310x430/1772290953.webp?s=a438dc286dee8dda9558693ba9033a4f65d9b316,1,2
Prada Keychain robot,231.7,Prada,0,https://www.vinted.it/items/8280952791-prada-keychain-robot?referrer=catalog,0,8280952791,Sold,28/02/2026 20:32:43,,https://images1.vinted.net/t/05_02568_Ww9NTTmYWFiSdrRGKFFsy1WD/310x430/1772290853.webp?s=6e54fd95c1815416076ea089997180256d41ea5d,1,2
Prada Sonnenbrille schwarz Herren (PS 06YS DG002G),189.7,Prada,0,https://www.vinted.it/items/8280947500-prada-sonnenbrille-schwarz-herren-ps-06ys-dg002g?referrer=catalog,0,8280947500,Sold,28/02/2026 20:32:43,,https://images1.vinted.net/t/06_0058e_zm4FrjUJLwiRdyAHHse6J2dY/310x430/1772290825.webp?s=4361ef58ab2fc605e4278ee127d18a2c8aba1ad6,1,2
Caquette prada,74.2,Prada,Taglia unica,https://www.vinted.it/items/8251925599-caquette-prada?referrer=catalog,1,8251925599,Sold,28/02/2026 20:32:43,,https://images1.vinted.net/t/04_00371_vNsfjwMsezyi1pgcSzHpTbsn/310x430/1771944646.webp?s=35a385502d458ab4b6d057df15e62fb0708e3a03,1,2
Prada,21.7,No brand,0,https://www.vinted.it/items/8280937228-prada?referrer=catalog,0,8280937228,Sold,28/02/2026 20:32:43,,https://images1.vinted.net/t/04_00d7f_VX1nay6qVgbiq34aXpG8dsRi/310x430/1772290770.webp?s=6e882cb78ae388363acb15dec5ad2b79e4e322e5,1,2
T shirt Luna Rossa Prada Pirelli,95.2,Luna Rossa,M,https://www.vinted.it/items/8280931722-t-shirt-luna-rossa-prada-pirelli?referrer=catalog,1,8280931722,Sold,28/02/2026 20:32:43,,https://images1.vinted.net/t/04_021eb_jvnKnUXBArX5L3GRttNJpKE7/310x430/1772290741.webp?s=7eddc05ffb57b33fa4238b4eae9ac65ca7c5d500,1,2
Camisa branca Prada,525.7,Prada,M,https://www.vinted.it/items/8280921843-camisa-branca-prada?referrer=catalog,0,8280921843,Sold,28/02/2026 20:32:43,,https://images1.vinted.net/t/06_01bc6_nvzGv5msyp2QXrpARio1xYqV/310x430/1772290689.webp?s=17ab63acffa1ddefabddf7ac0688cb5b168738dc,1,2
Prada Sonnenbrille,142.45,Prada,0,https://www.vinted.it/items/8280913852-prada-sonnenbrille?referrer=catalog,10,8280913852,Sold,28/02/2026 20:32:43,,https://images1.vinted.net/t/05_001da_z9foh9uWDLdujNvoc9SkwtrQ/310x430/1772290646.webp?s=fd45b2cd435db6fadf7fa1341003eab4f798dbda,1,2
Prada,21.7,No brand,0,https://www.vinted.it/items/8280818435-prada?referrer=catalog,23,8280818435,Sold,28/02/2026 20:32:43,,https://images1.vinted.net/t/05_0197a_zUyhQmMdJSTkFP8uf6UQSeo4/310x430/1772290141.webp?s=e3b6f0f942e5f75dd568aef2e678c649ddcdc083,1,2
Housse de couette Agatha Ruiz de la prada,17.5,Agatha Ruiz de la Prada,Matrimoniale (155-190 cm x 200-220 cm),https://www.vinted.it/items/8280888766-housse-de-couette-agatha-ruiz-de-la-prada?referrer=catalog,17,8280888766,Sold,28/02/2026 20:32:43,,https://images1.vinted.net/t/04_007d3_pKtTfhW4UY2aPk1ZPjX5NAQg/310x430/1772290513.webp?s=ae373c86004bc595773c8dbd6647e075f96b345c,1,2
Prada cup bleu foncée ( dark blue ),126.7,Prada,45,https://www.vinted.it/items/8280850211-prada-cup-bleu-foncee-dark-blue?referrer=catalog,6,8280850211,Sold,28/02/2026 20:32:43,,https://images1.vinted.net/t/06_00f31_uPmy4J977FLZ8UEZZ2cQy53t/310x430/1772290308.webp?s=f36a787d04f7bc42020dc5cd545a07da9a12c0b5,1,2
Solo Scatola Prada,16.45,Prada,0,https://www.vinted.it/items/8279880362-solo-scatola-prada?referrer=catalog,3,8279880362,Sold,28/02/2026 20:32:43,,https://images1.vinted.net/t/06_01fff_WwvsUPeQg7p2gBuQxQVUJ7aK/310x430/1772285104.webp?s=42a009df9a0964e0a8b4b59d8f63860c8f2d2f87,1,2
Lunette de soleil Prada,158.2,Prada,0,https://www.vinted.it/items/8280844065-lunette-de-soleil-prada?referrer=catalog,0,8280844065,Sold,28/02/2026 20:32:43,,https://images1.vinted.net/t/06_01f66_wvUzyLqcqC1HuD1FJaaMUXkL/310x430/1772290275.webp?s=1fb51e8a468dc95967260e47380f710d32683232,1,2
borsa prada,105.7,Prada,0,https://www.vinted.it/items/8280814665-borsa-prada?referrer=catalog,30,8280814665,Sold,28/02/2026 20:32:43,,https://images1.vinted.net/t/01_00078_VMJsuKhh95zsL2QCYZ7AYEhp/310x430/1772290121.webp?s=364b3830e502d51200c51c1d3bef5e5790e3be2c,1,2
Prada,53.19,Prada,0,https://www.vinted.it/items/8280814281-prada?referrer=catalog,0,8280814281,Sold,28/02/2026 20:32:43,,https://images1.vinted.net/t/01_017ab_NRxZzJTRJj7fy3duKUa8xn98/310x430/1772290119.webp?s=d2f697d1c469daaf18f709efcbf4dea2386b9ccf,1,2
Polo uomo Luna Rossa Prada Pirelli,126.7,Luna Rossa,S,https://www.vinted.it/items/8280804478-polo-uomo-luna-rossa-prada-pirelli?referrer=catalog,4,8280804478,Sold,28/02/2026 20:32:43,,https://images1.vinted.net/t/05_00df4_jcJsJ4QsG32UgSKPBWPPeHeW/310x430/1772290067.webp?s=9b1bca2b03b5381c4e53cfbb9a4470e3af39d169,1,2
Portachiavi prada,47.95,Prada,0,https://www.vinted.it/items/8280741470-portachiavi-prada?referrer=catalog,5,8280741470,Sold,28/02/2026 20:32:43,,https://images1.vinted.net/t/05_01a16_c24DkbupTBbozKLMSDzcDDLL/310x430/1772289732.webp?s=c93922ec8efb0c452ebcdb14046ed0b52e3b5767,1,2
Felpa Prada Girocollo - Nero,63.69,Prada,L,https://www.vinted.it/items/8280726870-felpa-prada-girocollo-nero?referrer=catalog,1,8280726870,Sold,28/02/2026 20:32:43,,https://images1.vinted.net/t/06_00a2b_2ehkYioSkVyLfED6EnxKHW9A/310x430/1772289654.webp?s=5bb5d819361d7ab3444005f5067035eb10ac9e49,1,2
Prada Re-Nylon puffer jack met afneembare capuchon,1.6807,Prada,S,https://www.vinted.it/items/8280700268-prada-re-nylon-puffer-jack-met-afneembare-capuchon?referrer=catalog,1,8280700268,Sold,28/02/2026 20:32:43,,https://images1.vinted.net/t/05_000b5_28RwfUxcmvLc1JtYCqHuY7q3/310x430/1772289512.webp?s=65b86f01565000917c893a38c11d4f71c97beaf0,1,2
Prada Sonnenbrille - neu & ungetragen,168.7,Prada,0,https://www.vinted.it/items/8280691192-prada-sonnenbrille-neu-ungetragen?referrer=catalog,45,8280691192,Sold,28/02/2026 20:32:43,,https://images1.vinted.net/t/05_00429_2oVxPGAmq8BaTBCuYTirCMRp/310x430/1772289465.webp?s=2b7682f2ab590af6755a60674a0072d19d8cd3cb,1,2
Mocassino Prada,578.2,Prada,41,https://www.vinted.it/items/8280672350-mocassino-prada?referrer=catalog,0,8280672350,Sold,28/02/2026 20:32:43,,https://images1.vinted.net/t/01_007d6_58uRri835Y9DnywTChVc49Ky/310x430/1772289364.webp?s=567685928877625a906da1f27d902e8d61338df4,1,2
Cuffia di lana prada,63.7,Prada,Taglia unica,https://www.vinted.it/items/8194197722-cuffia-di-lana-prada?referrer=catalog,7,8194197722,Sold,28/02/2026 20:32:43,,https://images1.vinted.net/t/05_01bd9_AupVTnMG4U7eEAAE1TcAR9zj/310x430/1771320918.webp?s=a52cafd04476c4d8b212e876cae4c734cf8f95c4,1,2
Idée cadeau Prada,16.45,No brand,0,https://www.vinted.it/items/8280644151-idee-cadeau-prada?referrer=catalog,30,8280644151,Sold,28/02/2026 20:32:43,,https://images1.vinted.net/t/05_02030_LmgdBLxWgtgb92poBmRGxW9x/310x430/1772289212.webp?s=bb24fded5e25fe0a6b4fc2b19ea0ce3830020186,1,2
Prada zonnebril heren,79.45,Prada,0,https://www.vinted.it/items/8280641351-prada-zonnebril-heren?referrer=catalog,3,8280641351,Sold,28/02/2026 20:32:43,,https://images1.vinted.net/t/01_0208b_LTEAWPpBYQ2RhUzDZuxkGSQD/310x430/1772289198.webp?s=2c0375a35bcfce771fc2a5f7a94c5ba81d3698a9,1,2
Profumo Prada da uomo,42.7,Prada,0,https://www.vinted.it/items/8280640164-profumo-prada-da-uomo?referrer=catalog,0,8280640164,Sold,28/02/2026 20:32:43,,https://images1.vinted.net/t/06_022bf_L3pwanBF8nquzaMiq23x1hWF/310x430/1772289191.webp?s=5eb578d79efe6b018887f2ca4e24b91e73ac25e2,1,2
Scarpe sneakers Prada,420.7,Prada,40,https://www.vinted.it/items/8280634017-scarpe-sneakers-prada?referrer=catalog,0,8280634017,Sold,28/02/2026 20:32:43,,https://images1.vinted.net/t/05_00eb3_t51ntAe6VaWcZVEKDjcAWwqb/310x430/1772289158.webp?s=3ad48e4de154cd5ee0cda42d275381acc127d30e,1,2
Gafas de sol Prada unisex,74.2,Prada,0,https://www.vinted.it/items/8280616806-gafas-de-sol-prada-unisex?referrer=catalog,65,8280616806,Sold,28/02/2026 20:32:43,,https://images1.vinted.net/t/01_01544_AnFBsDDPnjvxJTY2X1ep5D1k/310x430/1772289067.webp?s=dd70470e7c17a0c5f213126a9412232900012f6c,1,2
Sac Prada,473.2,Prada,0,https://www.vinted.it/items/8251718677-sac-prada?referrer=catalog,4,8251718677,Sold,28/02/2026 20:32:43,,https://images1.vinted.net/t/03_00015_uZLp7YQD29mMQa31NwXrrYtT/310x430/1771943295.webp?s=216bb9ee5a492536d94aa45631ed692c58f7ad9e,1,2
Mealheiro porquinho Agatha Ruiz de La Prada,10.15,Agatha Ruiz de la Prada,0,https://www.vinted.it/items/8280597826-mealheiro-porquinho-agatha-ruiz-de-la-prada?referrer=catalog,1,8280597826,Sold,28/02/2026 20:32:43,,https://images1.vinted.net/t/05_020de_y3K8Qv3G8K2FRh4zLBB3uWhR/310x430/1772288966.webp?s=b84b328ca9571fe88bd4f8dc6c786238465dca32,1,2
Prada cup noir,210.69,Prada,43,https://www.vinted.it/items/8280585750-prada-cup-noir?referrer=catalog,0,8280585750,Sold,28/02/2026 20:32:43,,https://images1.vinted.net/t/03_01d36_pBRpdZAvsp88C5hjUo1e2xj9/310x430/1772290743.webp?s=86815a97401f18149f4d201b92cd6c96a0a954b9,1,2
Tênis Prada,368.2,Prada,41,https://www.vinted.it/items/8280571493-tenis-prada?referrer=catalog,0,8280571493,Sold,28/02/2026 20:32:43,,https://images1.vinted.net/t/01_008a7_R44LFaezQZ94Xy8yKZE1W1Lt/310x430/1772288826.webp?s=9969843a30b5c3f445b19ff3d2e955fdba6500d2,1,2
Prada Brille,105.7,Prada,0,https://www.vinted.it/items/8280565468-prada-brille?referrer=catalog,0,8280565468,Sold,28/02/2026 20:32:43,,https://images1.vinted.net/t/05_01ac4_GFcKLepfndddPob2AGPR8o8V/310x430/1772288795.webp?s=db51be7d80af2b6a0455b952ade8451870fe6303,1,2
prada cups blu e bianche,79.45,Prada,40,https://www.vinted.it/items/8280525417-prada-cups-blu-e-bianche?referrer=catalog,33,8280525417,Sold,28/02/2026 20:32:43,,https://images1.vinted.net/t/06_019a2_tTcByQQ4bZiW7LyWNrfRQGzD/310x430/1772288582.webp?s=6a4ac7c04c90b2c25c112ca1ea92c6797c4a4b1a,1,2
Lait parfumé paradoxe,20.44,Prada,0,https://www.vinted.it/items/8280520414-lait-parfume-paradoxe?referrer=catalog,1,8280520414,Sold,28/02/2026 20:32:43,,https://images1.vinted.net/t/05_016d3_YJGvUgibkahuHacjXo7QDE7g/310x430/1772288555.webp?s=1d7d1e5b09fd67eafcc2f21e2c1f244b4abb8ce0,1,2
Bermuda 36 mesi nuovo,11.2,Agatha Ruiz de la Prada,3 anni / 98 cm,https://www.vinted.it/items/8280478839-bermuda-36-mesi-nuovo?referrer=catalog,11,8280478839,Sold,28/02/2026 20:32:43,,https://images1.vinted.net/t/06_00233_G85NJ7s3GGp7NjhCGUjoSiom/310x430/1772288332.webp?s=3f854d295ef1753d2e329fcffb18b4265977f879,1,2
Occhiali da sole Prada,131.95,Prada,0,https://www.vinted.it/items/8280435899-occhiali-da-sole-prada?referrer=catalog,61,8280435899,Sold,28/02/2026 20:32:43,,https://images1.vinted.net/t/01_000f9_qfUeyW69GK3BkNRfSNHLaUdb/310x430/1772288104.webp?s=a60c510bc51b29e60079afbce1ea2df04e7bf629,1,2
Parfums Prada Paradoxe Eau de - 90ML,47.95,Prada,0,https://www.vinted.it/items/8280394556-parfums-prada-paradoxe-eau-de-90ml?referrer=catalog,1,8280394556,Sold,28/02/2026 20:32:43,,https://images1.vinted.net/t/01_02017_2fDfneP1qKCTJDGvymUgxpfo/310x430/1772287883.webp?s=b5fd67bdb1b305bc7fdde103544bc6ef9265def7,1,2
PRADA Staubbeutel/Schuhbeutel,21.7,Prada,0,https://www.vinted.it/items/8280359871-prada-staubbeutelschuhbeutel-satin-2-stuck-nachtblau?referrer=catalog,0,8280359871,Sold,28/02/2026 20:32:43,,https://images1.vinted.net/t/05_025ed_PKvTGbiYe1QXCE936qyLAnQX/310x430/r3/1772287695.webp?s=97dc6bd8090d56acc3aece52a7f2af516302bccf,1,2
Caneca O Diabo Veste Prada - Nova,9.1,No brand,0,https://www.vinted.it/items/8283349166-caneca-o-diabo-veste-prada-nova?referrer=catalog,0,8283349166,On Sale,28/02/2026 20:32:19,,https://images1.vinted.net/t/01_00f91_iKvv8FeawahZypddVHy6HjDv/310x430/1772305452.webp?s=1d8d9c74b24e0b31e43cd0bc19461f73d73febf0,1,1
Prada Borsa Tessuto + Saffian,420.7,Prada,0,https://www.vinted.it/items/8281989025-prada-borsa-tessuto-saffian?referrer=catalog,5,8281989025,On Sale,28/02/2026 20:32:19,,https://images1.vinted.net/t/05_01e74_pHa6kcf4qWkvBNeXtALJXgFT/310x430/1772296302.webp?s=b6212153e5a7422f4978a6eca7a2fa61da1add3f,1,1
Occhiali da sole prada,42.7,Prada,0,https://www.vinted.it/items/8283333269-occhiali-da-sole-prada?referrer=catalog,1,8283333269,On Sale,28/02/2026 20:32:19,,https://images1.vinted.net/t/06_00ee3_dTZxTnBabxsJaT9CqC7g3jYp/310x430/1772305315.webp?s=f3aa0a15568ce8c86b5805ab8ddb79761e54f801,1,1
Tuta Prada 100% originale,304.15,Prada,XS / IT 38 / EU 34,https://www.vinted.it/items/8283331771-tuta-prada-100-originale?referrer=catalog,0,8283331771,On Sale,28/02/2026 20:32:19,,https://images1.vinted.net/t/05_02256_LAc814pky4J1XXTwUqRXADhi/310x430/1772305303.webp?s=da27fb025013abc24e1a1f2139027917a815266a,1,1
Bañador hombre Prada beige,315.7,Beige,L,https://www.vinted.it/items/8283328330-banador-hombre-prada-beige?referrer=catalog,0,8283328330,On Sale,28/02/2026 20:32:19,,https://images1.vinted.net/t/06_00f04_2bwVFWem9GCNjnMRbavwtweM/310x430/1772305275.webp?s=38785e9f88c1ca38c3fdd180a4c8802fc8620e9f,1,1
Charms prada,21.7,Prada,0,https://www.vinted.it/items/8283319688-charms-prada?referrer=catalog,0,8283319688,On Sale,28/02/2026 20:32:19,,https://images1.vinted.net/t/05_00e97_Zh3jz6RejfmrLtAMDmfNkmea/310x430/1772305202.webp?s=9ebdd911580f32e70c6d1a5c8fe92ea175691470,1,1
lunette prada,105.7,Prada,0,https://www.vinted.it/items/8283312285-lunette-prada?referrer=catalog,0,8283312285,On Sale,28/02/2026 20:32:19,,https://images1.vinted.net/t/03_0207d_s7H98DLLQsmSiTsMCFc5k5we/310x430/1772305141.webp?s=a2d8192209e59b5c2da59463e954394d13185ad8,1,1
Occhiali da sole prada,47.95,Prata,0,https://www.vinted.it/items/8283307125-occhiali-da-sole-prada?referrer=catalog,5,8283307125,On Sale,28/02/2026 20:32:19,,https://images1.vinted.net/t/05_012e5_cqVy3nDcofXKJVsUbY8GXVne/310x430/1772305097.webp?s=472dba822457bee774cd5a6b69f42127be741f6a,1,1
Verkaufe meine tolle Schuhe vom,89.95,Prada,40,https://www.vinted.it/items/8283297096-verkaufe-meine-tolle-schuhe-vom-prada?referrer=catalog,1,8283297096,On Sale,28/02/2026 20:32:19,,https://images1.vinted.net/t/06_01c84_nCGbPbYkAt4roc3a7yb5SCWM/310x430/1772305013.webp?s=303b885d78dde64077f03c861145dc11d4a0e64b,1,1
Camiseta ajustada Prada Vintage,210.7,Prada,S / IT 40 / EU 36,https://www.vinted.it/items/8283292979-camiseta-ajustada-prada-vintage?referrer=catalog,2,8283292979,Sold,28/02/2026 20:32:19,,https://images1.vinted.net/t/01_0073a_3zKRuMfbhPv7T2HfZPrxXkS4/310x430/1772304978.webp?s=71a92c5d018eab3aae895d9c2296641a16ce9edd,1,1
Scatola regalo Prada,7.0,Prada,0,https://www.vinted.it/items/8283291312-scatola-regalo-prada?referrer=catalog,1,8283291312,Sold,28/02/2026 20:32:19,,https://images1.vinted.net/t/05_01856_ChjGwdWFjGx43mXHMWsdizdo/310x430/r3/1772304964.webp?s=cf17bffe5c3eefb949f605b6ce3223400da799db,1,1
Les infusions de PRADA,32.2,Prada,0,https://www.vinted.it/items/8283286367-les-infusions-de-prada?referrer=catalog,0,8283286367,Sold,28/02/2026 20:32:19,,https://images1.vinted.net/t/01_00366_h1Tdv3dMCQsWxvMbSeCC9ao7/310x430/1772304923.webp?s=23ed8209edee06689b773db9ece8c39670f69056,1,1
Prada L'home,7.0,Prada,0,https://www.vinted.it/items/8283275046-prada-lhome?referrer=catalog,2,8283275046,Sold,28/02/2026 20:32:19,,https://images1.vinted.net/t/04_02305_QcQEbTEdTcSVqwYZ9fv9YZD3/310x430/1772304828.webp?s=2d5518316a11f4aed42f8b21c440be83fb05aeee,1,1
Candy Sugar Pop de Prada,52.15,Prada,0,https://www.vinted.it/items/8283269565-candy-sugar-pop-de-prada?referrer=catalog,0,8283269565,Sold,28/02/2026 20:32:19,,https://images1.vinted.net/t/06_0209b_Bse6yHqdiHVY6r5QChRmH52y/310x430/1772304784.webp?s=0f49350c36a8e9f168fd32a4e276c14989d1bf6e,1,1
Parfum paradoxe,53.2,PRADA Paradoxe,0,https://www.vinted.it/items/8283246361-parfum-paradoxe?referrer=catalog,2,8283246361,Sold,28/02/2026 20:32:19,,https://images1.vinted.net/t/03_00489_NhbkDCjiKDimiUKXJiRHws2M/310x430/r3/1772304593.webp?s=f3eee4131926b2e409852175b7864ca6203a43b8,1,1
Livro “Prada”,11.2,No brand,0,https://www.vinted.it/items/8283238267-livro-prada?referrer=catalog,0,8283238267,Sold,28/02/2026 20:32:19,,https://images1.vinted.net/t/05_010a9_4suobuXCxFXWHWYDVnd9vrUT/310x430/1772304529.webp?s=b55aebf4da64a196f9188bf5c9a16f05d40ec001,1,1
Profumo,47.95,Prada,0,https://www.vinted.it/items/8283226166-profumo?referrer=catalog,1,8283226166,Sold,28/02/2026 20:32:19,,https://images1.vinted.net/t/01_01bf6_5akyPGgDZSLyWHhZ7dqvfc5T/310x430/1772304432.webp?s=51b70f46dd5806f27bd53f3b2b490d81915a5bbb,1,1
Lunettes de soleil prada,147.7,Prada,0,https://www.vinted.it/items/8283196900-lunettes-de-soleil-prada?referrer=catalog,0,8283196900,Sold,28/02/2026 20:32:19,,https://images1.vinted.net/t/01_020ab_xGbGmRJKzYADpqY4K2yj7bRJ/310x430/1772304431.webp?s=676844e8694f2f572954d325a64ebe008f31b9a1,1,1
Prada cup,158.2,Prada,42,https://www.vinted.it/items/8283205817-prada-cup?referrer=catalog,2,8283205817,Sold,28/02/2026 20:32:19,,https://images1.vinted.net/t/01_0209e_FMcAnxukrDZGF5ttoCTEB9Qq/310x430/1772304270.webp?s=5b74e2f1a7390112a895894cf60405dbf69caf11,1,1
Occhiali Prada,89.95,Prada,0,https://www.vinted.it/items/8283181031-occhiali-prada?referrer=catalog,0,8283181031,Sold,28/02/2026 20:32:19,,https://images1.vinted.net/t/06_009ec_oRAhWEuSErYaC8ztoQzfKo5S/310x430/1772304071.webp?s=d813615fe7df38b2c36bb3d9d003adcb6046d912,1,1
Prada Sun,105.7,Prada,0,https://www.vinted.it/items/8283160981-prada-sun?referrer=catalog,0,8283160981,Sold,28/02/2026 20:32:19,,https://images1.vinted.net/t/06_013fe_joUVfqaidbUzYXb326xycPLG/310x430/1772303914.webp?s=86fe5d54acd91f65a1d9aa25dcbed60d903c3c24,1,1
Sciarpa cashmere Prada uomo,336.7,Prada,0,https://www.vinted.it/items/8283154472-sciarpa-cashmere-prada-uomo?referrer=catalog,0,8283154472,Sold,28/02/2026 20:32:19,,https://images1.vinted.net/t/05_01442_rxyHffmNjAU6zyKkJTvDSZbN/310x430/1772303862.webp?s=f72e03e66f7e3e7a81b6c68433ac6a87c4a1bd99,1,1
Prada paradoxe virtual flower 90ml,41.65,Prada,0,https://www.vinted.it/items/8283146589-prada-paradoxe-virtual-flower-90ml?referrer=catalog,1,8283146589,Sold,28/02/2026 20:32:19,,https://images1.vinted.net/t/05_01de1_2Zo7TttKpYU36S8txUR1htHi/310x430/1772303800.webp?s=121b4e6b83450de760c6caf90c1bd6d65963bb46,1,1
Parfum miniature pour collection,29.05,Prada,0,https://www.vinted.it/items/8283140893-parfum-miniature-pour-collection?referrer=catalog,1,8283140893,Sold,28/02/2026 20:32:19,,https://images1.vinted.net/t/01_01713_MVocYfTgSAGmy25ctjj8qkGZ/310x430/1772303755.webp?s=a54263ba53d8f1d5c0ab0b14ab1f7f04371f6e7f,1,1
Prada Paradoxe intense 30 Ml,26.95,Prada,0,https://www.vinted.it/items/8283140050-prada-paradoxe-intense-30-ml?referrer=catalog,2,8283140050,Sold,28/02/2026 20:32:19,,https://images1.vinted.net/t/06_00d26_smUCR5WJYWYm98xWJAjknJqB/310x430/1772303748.webp?s=a6d3f6ebcb80c9c9844edf20c70a715880c13e4b,1,1
Prada paradoxe Essence radical 90ml,41.65,Prada,0,https://www.vinted.it/items/8283138905-prada-paradoxe-essence-radical-90ml?referrer=catalog,1,8283138905,Sold,28/02/2026 20:32:19,,https://images1.vinted.net/t/01_01134_rYedGpwm9NX6BKiXKrPr3YZg/310x430/1772303739.webp?s=ec0fc3a10b9760c5e85d32bb3b07c9430bc4d47f,1,1
Prada paradoxe virtual flower 90 ml,47.95,Prada,0,https://www.vinted.it/items/8283135110-prada-paradoxe-virtual-flower-90-ml?referrer=catalog,0,8283135110,Sold,28/02/2026 20:32:19,,https://images1.vinted.net/t/06_0015a_HWu5nsRZ6NCZZw7gYcY7qVJC/310x430/1772303709.webp?s=8a7640a0e2bb450191ba264c7cf4a27228ed9c55,1,1
Prada paradoxe intense 90ml,41.65,Prada,0,https://www.vinted.it/items/8283131266-prada-paradoxe-intense-90ml?referrer=catalog,0,8283131266,Sold,28/02/2026 20:32:19,,https://images1.vinted.net/t/06_019b6_hs8BiNq7ej9tGv9YfqAvtJiu/310x430/1772303679.webp?s=a29b226aa38189cb580cfcd506eb5bc87800f7f8,1,1
Mocassino Prada,210.7,Prada,42,https://www.vinted.it/items/8283126091-mocassino-prada?referrer=catalog,0,8283126091,Sold,28/02/2026 20:32:19,,https://images1.vinted.net/t/05_00412_jwRcaxVV4sf1iu6yJAGvKCTG/310x430/1772303638.webp?s=6dd6f0fac8c2b6ee37cf2abee9ef1aa4c91a5837,1,1
Portachiavi cuore Prada,105.7,Prada,0,https://www.vinted.it/items/8283119390-portachiavi-cuore-prada?referrer=catalog,0,8283119390,Sold,28/02/2026 20:32:19,,https://images1.vinted.net/t/05_01141_Y1U2KhbH7Ar6RVKYPR3pEjoH/310x430/1772303585.webp?s=939100508e7555b769ea097a9b12b80b80e85e4b,1,1
Chaussure Prada,652.8,Prada,42,https://www.vinted.it/items/8283097530-chaussure-prada?referrer=catalog,1,8283097530,Sold,28/02/2026 20:32:19,,https://images1.vinted.net/t/06_00d30_qDPNM3StktU1rVXmV5968aiG/310x430/1772303416.webp?s=77ab6982edb13e7f31eb2395a1b44cfe7dfbde15,1,1
Car shoe for Prada,336.7,Prada,42,https://www.vinted.it/items/8283085505-car-shoe-for-prada?referrer=catalog,1,8283085505,Sold,28/02/2026 20:32:19,,https://images1.vinted.net/t/06_01e18_HWWyGgqL6PyT8JEb4B96DS7q/310x430/1772303324.webp?s=892d616983b7cf94f4a281ffeac62276870bae7d,1,1
PRADA brown heels  💖 size 37,102.55,Prada,37,https://www.vinted.it/items/8283073988-prada-brown-heels-size-37?referrer=catalog,0,8283073988,Sold,28/02/2026 20:32:19,,https://images1.vinted.net/t/01_01e85_JsqSZfzibvfuECz87DtuUPcM/310x430/1772303235.webp?s=3e387f2b097f82f19c2d40ae7e37b00d129a6de6,1,1
Cargo de nuit- PRADA- 100mL,294.7,Prada,0,https://www.vinted.it/items/8283071246-cargo-de-nuit-prada-100ml?referrer=catalog,1,8283071246,Sold,28/02/2026 20:32:19,,https://images1.vinted.net/t/05_015fd_2DxP4XCoeZ62hh5Nkw7SPBHT/310x430/1772303214.webp?s=14bb9868ed18e346be32173d0206547bce9ab4c4,1,1
Lunettes de soleil octogonales  PRADA neuves,210.7,Prada,0,https://www.vinted.it/items/8283045759-lunettes-de-soleil-octogonales-prada-neuves?referrer=catalog,0,8283045759,Sold,28/02/2026 20:32:19,,https://images1.vinted.net/t/05_01680_PDaHdy4ifhxccYrFfCazS8JL/310x430/1772303018.webp?s=a1de4dc894a2e4afc59a0ef13b6df32d7380b043,1,1
Vestido veraniego,21.7,Prada,S / IT 40 / EU 36,https://www.vinted.it/items/8283009983-vestido-veraniego?referrer=catalog,1,8283009983,Sold,28/02/2026 20:32:19,,https://images1.vinted.net/t/01_0160f_rkFdaUh2YbWCng5AJSqChAEX/310x430/1772302748.webp?s=93a29c616ac5b26f614332f23fc558e3e6074e0a,1,1
Profumo,47.95,Prada,0,https://www.vinted.it/items/8283010025-profumo?referrer=catalog,0,8283010025,Sold,28/02/2026 20:32:19,,https://images1.vinted.net/t/01_02049_bbzq3KxRWEz4RuPxeRFnj3En/310x430/1772302748.webp?s=4492ebf225aca826bd6e3baa822c58596b1f2e42,1,1
Infusion D'ylang 100 ml,47.95,Prada,0,https://www.vinted.it/items/8283005066-infusion-dylang-100-ml?referrer=catalog,0,8283005066,Sold,28/02/2026 20:32:19,,https://images1.vinted.net/t/05_004ef_DR9wz4mZTenjmrrLcGgtg4d4/310x430/1772302711.webp?s=a19ba2ff86262c7201cb43777be3d01f2c91d3a2,1,1
Parfum Candy - Prada 10ml,16.45,Prada,0,https://www.vinted.it/items/8283004392-parfum-candy-prada-10ml?referrer=catalog,0,8283004392,Sold,28/02/2026 20:32:19,,https://images1.vinted.net/t/01_00e5e_LMu2UtHoM1wzACeYjUGSa3Ge/310x430/1772302706.webp?s=e8dbb6a6a64c6589caea6b64e122f1f8c263ee1c,1,1
Prada les infusions de rose parfum for woman,52.15,Rose,0,https://www.vinted.it/items/8282990403-prada-les-infusions-de-rose-parfum-for-woman?referrer=catalog,0,8282990403,Sold,28/02/2026 20:32:19,,https://images1.vinted.net/t/06_00b62_MssGD8epPSP3JaFVKyqB54dg/310x430/1772302599.webp?s=586fc6e61b9e61d04758ff088407ec49b5284b3d,1,1
Lunette de soleil prada,21.7,Prada,0,https://www.vinted.it/items/8283002225-lunette-de-soleil-prada?referrer=catalog,12,8283002225,Sold,28/02/2026 20:32:19,,https://images1.vinted.net/t/05_0171b_iy7ubhAfmYCRLhAh2kgYtpgi/310x430/1772302689.webp?s=3e86efa1daaa7d1ff7046c53bd46ea89149aa4ba,1,1
Montatura prada,47.95,Prada,0,https://www.vinted.it/items/8282961060-montatura-prada-nuova-senza-cartellino?referrer=catalog,4,8282961060,Sold,28/02/2026 20:32:19,,https://images1.vinted.net/t/04_00768_YNFB7N9N2pUAGBhBFuX8jHVH/310x430/1772302380.webp?s=956a44c0bb8b83b57d5fb40d2ae90a17dc016f9f,1,1
Prada cup,131.95,Prada,43,https://www.vinted.it/items/8282920816-prada-cup?referrer=catalog,3,8282920816,Sold,28/02/2026 20:32:19,,https://images1.vinted.net/t/06_01901_Dn3MR37zwkGqKSFqFiW2wJG3/310x430/1772302085.webp?s=f06c99f272d522a8e71d655f98b9cb917178941c,1,1
Original Prada Brillengestell NEU !,42.7,Prada,0,https://www.vinted.it/items/8282841134-original-prada-brillengestell-neu?referrer=catalog,1,8282841134,Sold,28/02/2026 20:32:19,,https://images1.vinted.net/t/01_0206a_wCUdshpHUcv9CNY3Lw3gpewR/310x430/1772301514.webp?s=720382ae1e56f9d48f57a42435ce23fbeff5e84a,1,1
Camicetta in seta Prada😍,79.35,Prada,M / IT 42 / EU 38,https://www.vinted.it/items/8282834866-camicetta-in-seta-prada?referrer=catalog,1,8282834866,Sold,28/02/2026 20:32:19,,https://images1.vinted.net/t/06_00985_n54afCdNopywYEg6Yguqy8rL/310x430/1772301473.webp?s=1025bb55abb8d50a98c8b1a8913f0bef7453faef,1,1
Monedero Agatha Ruiz de la Prada Labios,8.58,Agatha,0,https://www.vinted.it/items/8282827533-monedero-agatha-ruiz-de-la-prada-labios?referrer=catalog,1,8282827533,Sold,28/02/2026 20:32:19,,https://images1.vinted.net/t/04_00425_MQWZncfZKR4Wy8Cwfha3s4a1/310x430/1772301422.webp?s=76d19089225af9002fae86a4cd06336db689de3c,1,1
Cravate bleu marine haut de gamme Prada,78.4,Prada,0,https://www.vinted.it/items/8282797830-cravate-bleu-marine-haut-de-gamme-prada?referrer=catalog,5,8282797830,Sold,28/02/2026 20:32:19,,https://images1.vinted.net/t/06_0269c_6BuktQTCKBB7EMJS1xYx9Npb/310x430/1772301218.webp?s=8eff2cf093bff8af27fce8b1e454fd24977945af,1,1
Prada Nylon Bucket Hat,289.45,Prada,M,https://www.vinted.it/items/8282779255-prada-nylon-bucket-hat?referrer=catalog,3,8282779255,Sold,28/02/2026 20:32:19,,https://images1.vinted.net/t/05_00826_zupNhZiQfqBHavX9EWhtxEow/310x430/1772301093.webp?s=ed6abbee7a03eac95dc4d939738e08fae15475eb,1,1
Prada les infusions de prada infusion d’ylang,47.95,Prada,0,https://www.vinted.it/items/8282767044-prada-les-infusions-de-prada-infusion-dylang?referrer=catalog,1,8282767044,Sold,28/02/2026 20:32:19,,https://images1.vinted.net/t/05_01178_FXyjmcvFRNBDLKUqXGiYVeBW/310x430/1772301011.webp?s=ff59f7d92bdce0d606dd7deadb6c6dfc7c6146c3,1,1
Cravate prada bleu marine,63.7,Prada,0,https://www.vinted.it/items/8282738179-cravate-prada-bleu-marine?referrer=catalog,11,8282738179,Sold,28/02/2026 20:32:19,,https://images1.vinted.net/t/06_003c7_FpWH8dWbWGLFWDq9mmtgmVw2/310x430/1772300814.webp?s=2321376eb678078b59f76302c591c168bc15c1f7,1,1
Scarpe Prada Fucsia originali,200.2,Prada,37.5,https://www.vinted.it/items/8282688041-scarpe-prada-fucsia-originali?referrer=catalog,0,8282688041,Sold,28/02/2026 20:32:19,,https://images1.vinted.net/t/04_00680_i3RZaatVvrWTYdto51NNxAsY/310x430/1772300478.webp?s=6659d0e05cc7dc824f1622af7b5df141935e4e44,1,1
Prada PR 67XS zonnebril,158.2,Prada,0,https://www.vinted.it/items/8282677034-prada-pr-67xs-zonnebril?referrer=catalog,0,8282677034,Sold,28/02/2026 20:32:19,,https://images1.vinted.net/t/01_026ba_4eFEGMMpBZe1vKJFpyzeRQ9E/310x430/1772300405.webp?s=408268aa1e4d43b701f7221ca5aa8f4b634a6bfb,1,1
Prada Sonnenbrille,126.7,Prada,0,https://www.vinted.it/items/8282647176-prada-sonnenbrille?referrer=catalog,0,8282647176,Sold,28/02/2026 20:32:19,,https://images1.vinted.net/t/06_01769_oQzpWN9bkTpWkNiBKAfKiBPp/310x430/1772300206.webp?s=43cf8a9dbcc14575c5ff1ca322e85ff8d5091f20,1,1
Prada crema occhi e labbra,74.2,Prada,0,https://www.vinted.it/items/8282607931-prada-crema-occhi-e-labbra?referrer=catalog,0,8282607931,Sold,28/02/2026 20:32:19,,https://images1.vinted.net/t/05_0036a_ih4KGJjShdPxzFErNZegj6YN/310x430/1772299945.webp?s=db93fb5be03f6cb6427aa113a97be890b8c455be,1,1
Prada figue infusion,26.95,Prada,0,https://www.vinted.it/items/8282596277-prada-figue-infusion?referrer=catalog,12,8282596277,Sold,28/02/2026 20:32:19,,https://images1.vinted.net/t/06_01007_wKvJdHuk7Cr8Vh1ZnE54QaN7/310x430/1772299869.webp?s=8b1510711222b1b97570b41240ae36efe346f385,1,1
Gafas Prada unisex,63.7,Prada,0,https://www.vinted.it/items/8282593686-gafas-prada-unisex?referrer=catalog,0,8282593686,Sold,28/02/2026 20:32:19,,https://images1.vinted.net/t/06_01e37_2mKgKgge14R9ZDRyzi5A9kqW/310x430/1772299853.webp?s=c2dbae86e5059f88c71a66330fa087892d08ad24,1,1
Prada paradigme 100 ml,52.15,Prada,0,https://www.vinted.it/items/8282562299-prada-paradigme-100-ml?referrer=catalog,2,8282562299,Sold,28/02/2026 20:32:19,,https://images1.vinted.net/t/01_00b91_dX4aYSruNNTnCYRu7zpN6h9H/310x430/1772299651.webp?s=bf5df207b3dee434b115b887b99fec4344f5906e,1,1
Sac Prada,918.0,Prada,0,https://www.vinted.it/items/8282555428-sac-prada?referrer=catalog,2,8282555428,Sold,28/02/2026 20:32:19,,https://images1.vinted.net/t/03_0245e_jhrTGWkQw1YW9eBUo6dixw8g/310x430/1772299607.webp?s=fbf78e29f53d980aa51d38b3ecbae08240f5491d,1,1
Conjunto agatha Ruiz,50.05,Agatha Ruiz de la Prada,6 anni / 116 cm,https://www.vinted.it/items/8282543829-conjunto-agatha-ruiz?referrer=catalog,46,8282543829,Sold,28/02/2026 20:32:19,,https://images1.vinted.net/t/05_024ba_qQAzeY4uBAL8McGk7Dw2Qdg4/310x430/1772299533.webp?s=bb049e0a8b2c303a86911b947332aa499424ff64,1,1
Prada paradoxe radical essence 90 ml,51.1,Prada,0,https://www.vinted.it/items/8282527388-prada-paradoxe-radical-essence-90-ml?referrer=catalog,0,8282527388,Sold,28/02/2026 20:32:19,,https://images1.vinted.net/t/03_01b1f_GNu1BG1WpQBQpXqyMHVf8WvV/310x430/1772299431.webp?s=fa769f957e5d988373986072bfc9909d26739aef,1,1
Quadro Prada Marfa,13.3,Quadro,0,https://www.vinted.it/items/8282509366-quadro-prada-marfa?referrer=catalog,7,8282509366,Sold,28/02/2026 20:32:19,,https://images1.vinted.net/t/05_02305_duBKeJYShiruNrs5pjHXA7Zx/310x430/1772299321.webp?s=c6b63ba63ae18f410cb015c4801a59ea9acff484,1,1
Prada Monochrome 077,25.9,Prada,0,https://www.vinted.it/items/8282474416-prada-monochrome-077?referrer=catalog,1,8282474416,Sold,28/02/2026 20:32:19,,https://images1.vinted.net/t/01_0230b_GJaKcN3imKwV3f6nCg11iZDQ/310x430/1772299108.webp?s=e65fbf8881fd6c11abd1b70be1ff637329623de7,1,1
Mochila pequeña de Re-nylon Prada Re edition 1978,1.2138,Prada,0,https://www.vinted.it/items/8282152790-mochila-pequena-de-re-nylon-prada-re-edition-1978?referrer=catalog,4,8282152790,Sold,28/02/2026 20:32:19,,https://images1.vinted.net/t/04_006c5_nzfh5GCs4FZ8PjMPXzDuNVKK/310x430/1772297219.webp?s=fca12f832ad656dc4cd78e5ebde96cbd92b1fec8,1,1
Prada cup,126.7,Prada,44,https://www.vinted.it/items/8282459845-prada-cup?referrer=catalog,0,8282459845,Sold,28/02/2026 20:32:19,,https://images1.vinted.net/t/04_0173f_JgQbZKTMgmaCDSbJmKq3FRzj/310x430/1772299020.webp?s=1d6f3ef77649cb1f50789c6c681c1bdd1ae14bcd,1,1
Portafoglio Prada,530.4,Prada,0,https://www.vinted.it/items/8282440021-portafoglio-prada?referrer=catalog,1,8282440021,Sold,28/02/2026 20:32:19,,https://images1.vinted.net/t/05_004fa_2rXM1J8JTJi5j5VozyDdx9Mb/310x430/1772298900.webp?s=edfbf6e4dd3abe85791fc96a4329a2a2b48264ad,1,1
Scarpe uomo con lacci bordeaux,510.0,Prada,44,https://www.vinted.it/items/8282423852-scarpe-uomo-con-lacci-bordeaux?referrer=catalog,2,8282423852,Sold,28/02/2026 20:32:19,,https://images1.vinted.net/t/04_01276_8ga8Qx3e4Gc6N6UiQrn8BHUC/310x430/1772298802.webp?s=83464d86d9633ef2f15ebe191d2a1733262de9ce,1,1
Sandali Prada,263.2,Prada,40,https://www.vinted.it/items/8282415996-sandali-prada?referrer=catalog,1,8282415996,Sold,28/02/2026 20:32:19,,https://images1.vinted.net/t/06_0134d_T8sMSd4fYErfM2p54vzRx9Rv/310x430/1772298755.webp?s=2c62ce323797fd42c05034b3ab7644cf156a6a4a,1,1
Lunettes de Soleil Prada,173.95,Prada,0,https://www.vinted.it/items/8282374073-lunettes-de-soleil-prada?referrer=catalog,1,8282374073,Sold,28/02/2026 20:32:19,,https://images1.vinted.net/t/03_01c85_EFNcTTxCGDKSQbaB7h1QGMeU/310x430/1772298503.webp?s=ced28b9bc9d6f4e81362a27b2802c7769c1a2e80,1,1
Chemise Prada,63.7,Prada,L / IT 44 / EU 40,https://www.vinted.it/items/8282352512-chemise-prada?referrer=catalog,4,8282352512,Sold,28/02/2026 20:32:19,,https://images1.vinted.net/t/06_018c2_3zYLxAJEuUUe1k1oXuN7YmUP/310x430/1772298374.webp?s=e0844f75cf51c174c2be2713cf13c4f184271fc5,1,1
Lunette polarisante prada,242.2,Prada,0,https://www.vinted.it/items/8282336643-lunette-polarisante-prada?referrer=catalog,0,8282336643,Sold,28/02/2026 20:32:19,,https://images1.vinted.net/t/06_026bb_GqqeQphKWnemt5iLdFARxsEC/310x430/1772298280.webp?s=5ce05d0ec4a9ac6dfa26e68db9593d7e383c1ea0,1,1
Prada Paradigme profumo 100 ml,52.15,Prada,0,https://www.vinted.it/items/8282306913-prada-paradigme-profumo-100-ml?referrer=catalog,1,8282306913,Sold,28/02/2026 20:32:19,,https://images1.vinted.net/t/06_00be9_sbnKNgsf1f74W4PifvvaSbZD/310x430/1772298106.webp?s=7cb4f48a9c87354e5150813f02a1e0af72de185d,1,1
Prada Pullover,58.45,Pullover,M,https://www.vinted.it/items/8282242808-prada-pullover?referrer=catalog,1,8282242808,Sold,28/02/2026 20:32:19,,https://images1.vinted.net/t/06_004cc_Yh3T2xhpb1a7KxdeXMVqTy1x/310x430/1772297731.webp?s=790ed85a78c128e59980dabf44e6a141f690cbb2,1,1
Prada Re Nylon Jacket,473.2,Prada,M,https://www.vinted.it/items/8282213029-prada-re-nylon-jacket?referrer=catalog,8,8282213029,Sold,28/02/2026 20:32:19,,https://images1.vinted.net/t/06_00efa_mHoGi1j2XnwPLwvrrBToERX6/310x430/1772297560.webp?s=5ddcf2a1b057e0989795fba153e24f50f36c0e12,1,1
Orecchini con pendenti neri e ambra con chiusura clip,84.7,Prada,0,https://www.vinted.it/items/8282212501-orecchini-con-pendenti-neri-e-ambra-con-chiusura-clip?referrer=catalog,0,8282212501,Sold,28/02/2026 20:32:19,,https://images1.vinted.net/t/04_018af_kPJVctWnQW2j3xoWQtKmCQnm/310x430/1772297557.webp?s=937c27365b823771164061a92a53810d9aea4d77,1,1
Prada cups,158.2,Prada,43,https://www.vinted.it/items/8281709561-prada-cups?referrer=catalog,1,8281709561,Sold,28/02/2026 20:32:19,,https://images1.vinted.net/t/06_00057_GUtzvzEZRQ8t2o7Zg4TD7RgZ/310x430/1772294893.webp?s=25c155f1cd8a0335f7919c59c8149808a419f9b4,1,1
Bolso Agatha Ruiz de la Prada,52.15,Agatha Ruiz de la Prada,0,https://www.vinted.it/items/8282038348-bolso-agatha-ruiz-de-la-prada?referrer=catalog,0,8282038348,Sold,28/02/2026 20:32:19,,https://images1.vinted.net/t/06_009be_GJNjW1vwnXEYUE95PkyeaknR/310x430/1772296576.webp?s=370881a74975077dd0d23b1c41a945797be86b9a,1,1
Paradoxe Prada Radical Essence Parfum 90 ml,50.05,Prada,0,https://www.vinted.it/items/8282037416-paradoxe-prada-radical-essence-parfum-90-ml?referrer=catalog,1,8282037416,Sold,28/02/2026 20:32:19,,https://images1.vinted.net/t/06_0025c_AYrT4LZWEBuBvtsGy3fVe7b7/310x430/1772296571.webp?s=edd019b3af7afcbb56ec8c72ddbe9758582e45cc,1,1
Completo estivo elegante Prada,74.2,Prada,M,https://www.vinted.it/items/8282022411-completo-estivo-elegante-prada?referrer=catalog,7,8282022411,Sold,28/02/2026 20:32:19,,https://images1.vinted.net/t/03_003f0_MAChFbE35ndRTYTjvqzPtyDH/310x430/1772296487.webp?s=d8241ec7589e9f80bda5ce8987002b2e9a575ae1,1,1
Prada sneaker burgundy mt 41,436.45,Prada,41,https://www.vinted.it/items/8282015187-prada-sneaker-burgundy-mt-41?referrer=catalog,2,8282015187,Sold,28/02/2026 20:32:19,,https://images1.vinted.net/t/05_0182e_c7YEXSiwsJPVNVkmufPqtRF9/310x430/1772296447.webp?s=3b7d47733939d14b50b91dd51d92721d6b9e3931,1,1
Lunette Prada,410.2,Prada,0,https://www.vinted.it/items/8282012813-lunette-prada?referrer=catalog,1,8282012813,Sold,28/02/2026 20:32:19,,https://images1.vinted.net/t/05_01139_duqhhK7jJEpDdesdmvhpJ6t5/310x430/1772296433.webp?s=81e2f5cefe4f6904ffbf11615af36a599d843750,1,1
Lunettes de soleil unisexe,84.7,Prada,0,https://www.vinted.it/items/8281985720-lunettes-de-soleil-unisexe?referrer=catalog,0,8281985720,Sold,28/02/2026 20:32:19,,https://images1.vinted.net/t/06_00068_9VmXyqtNv3j7pNCxAKxBNxvc/310x430/1772296284.webp?s=fe54240e79ccf617b1c976f20147424556600daa,1,1
Camiseta Mujer Estilo Prada – Manga Corta Elegante [S],95.2,Local,S / IT 40 / EU 36,https://www.vinted.it/items/8281975687-camiseta-mujer-estilo-prada-manga-corta-elegante-s?referrer=catalog,4,8281975687,Sold,28/02/2026 20:32:19,,https://images1.vinted.net/t/05_00a63_6HdpWgbHu7Y8JMCX1Cxfouwm/310x430/1772296229.webp?s=01c1f4ee9780b220a4cc25db366cd3abda3f41e9,1,1
Prada paradigme eau de parfum 100 ml,53.2,Prada,0,https://www.vinted.it/items/8281926024-prada-paradigme-eau-de-parfum-100-ml?referrer=catalog,2,8281926024,Sold,28/02/2026 20:32:19,,https://images1.vinted.net/t/05_01a0d_DbWANToRYJBoNd2wwnH6FVQi/310x430/1772295959.webp?s=38fc5b9df407bb09ce694d370767d37cee02e792,1,1
Chaussure Prada America’s Cup couleur noir et blanc,116.19,Prada,41,https://www.vinted.it/items/8281873022-chaussure-prada-americas-cup-couleur-noir-et-blanc?referrer=catalog,6,8281873022,Sold,28/02/2026 20:32:19,,https://images1.vinted.net/t/06_01d15_JRbJ1Neyi2YsgSAvPEi1bKNB/310x430/1772295670.webp?s=2dacf411faa125929e2ddbac47022aadd3446423,1,1
Chemise en soie Prada,63.7,Prada,M / IT 42 / EU 38,https://www.vinted.it/items/8281867761-chemise-en-soie-prada?referrer=catalog,7,8281867761,Sold,28/02/2026 20:32:19,,https://images1.vinted.net/t/05_022c0_CGYbh6G7oGfgbpqrpae2tj6b/310x430/1772295642.webp?s=096db56581f09a717cee79eee71dee555f5e9d23,1,1
Prada Paradoxe Eau de Parfum 90 ml (nuevo con caja),34.3,Prada,0,https://www.vinted.it/items/8252641156-prada-paradoxe-eau-de-parfum-90-ml-nuevo-con-caja?referrer=catalog,3,8252641156,Sold,28/02/2026 20:32:19,,https://images1.vinted.net/t/06_01871_ckFadhnTjYLTkSi7ZykyT7WD/310x430/1771949409.webp?s=f545e993e9b75073a453f4505bf1b4cd3a3afb0a,1,1
borsa prada,294.7,Prada,0,https://www.vinted.it/items/8273726726-borsa-prada?referrer=catalog,0,8273726726,Sold,28/02/2026 00:58:49,,https://images1.vinted.net/t/06_01765_ndfTKgZs1X9oAk1XixcJcSHa/310x430/1772208072.webp?s=a0fd8f36b05bda6a4be9d5252149acbbd3d10214,2,6
Portachiavi Prada in pelle bordeaux,263.2,Prada,0,https://www.vinted.it/items/8278672275-portachiavi-prada-in-pelle-bordeaux?referrer=catalog,0,8278672275,Sold,28/02/2026 21:45:23,,https://images1.vinted.net/t/05_018bc_F27NE6aRKwcvnBGRk5ieYAvJ/310x430/1772278159.webp?s=3f8b13fb9d4b30c2f46332e18f565179e52afaf4,2,4
Eau de parfum Prada Paradigme,105.7,Prada,0,https://www.vinted.it/items/8275024979-eau-de-parfum-prada-paradigme?referrer=catalog,0,8275024979,Sold,28/02/2026 00:57:09,,https://images1.vinted.net/t/06_0126d_9q1ZRZjoXLeKcuURsUXqiogn/310x430/1772217959.webp?s=4df388eb962631e7ee53bfcce9a62e5514966546,2,2
Prada Crossbody Bag – Schwarz – Neu – 100% authentisch,805.8,Prada,0,https://www.vinted.it/items/8274419082-prada-crossbody-bag-schwarz-neu-100-authentisch?referrer=catalog,0,8274419082,Sold,28/02/2026 00:57:09,,https://images1.vinted.net/t/04_00130_UPXY8fqzeV1BAu7bXU9K3Aa1/310x430/1772213015.webp?s=5b9d1c95abaf2ed09a972cf694c3148cda62afd0,2,2
Lunettes de soleil Prada,189.7,Prada,0,https://www.vinted.it/items/8269901085-lunettes-de-soleil-prada?referrer=catalog,0,8269901085,Sold,28/02/2026 21:44:28,,https://images1.vinted.net/t/03_01748_9oAcSxpYQotgeX5UmwYKzv99/310x430/1772300101.webp?s=a77c0a425337611b46c6827c43d48c2717d8f1a8,2,2
Prada Black Trousers – Men – Size 36– Very Good Condition,84.7,Prada,Taglia unica,https://www.vinted.it/items/8276305831-prada-black-trousers-men-size-36-very-good-condition?referrer=catalog,1,8276305831,Sold,28/02/2026 00:56:44,,https://images1.vinted.net/t/05_015d7_WrVLHjexTF7zXRNf9sFQeL5z/310x430/1772231916.webp?s=469ac6efdfc10cbe074fb9435bd381ace98ae137,2,1
Prada robusto copriabiti  in tessuto impermeabile,11.2,Prada,0,https://www.vinted.it/items/8276432264-prada-robusto-copriabiti-in-tessuto-impermeabile?referrer=catalog,0,8276432264,Sold,28/02/2026 00:56:44,,https://images1.vinted.net/t/05_02640_nSxiWmNoybfF5wW1mCmvyjPT/310x430/1772235322.webp?s=5f2fc9a0c06313b97fd8c3387be58701903cbd89,2,1
Este bolso pequeño preciosísimo de nuevo está disponible,11.2,Prada,0,https://www.vinted.it/items/8276414389-este-bolso-pequeno-preciosisimo-de-nuevo-esta-disponible?referrer=catalog,5,8276414389,Sold,28/02/2026 00:56:44,,https://images1.vinted.net/t/04_01781_anTwU8RcJL9UYjJ3cTwJFCz2/310x430/1772234716.webp?s=1f8b9d7c708c003ef6732444341c9f4a93621426,2,1
Prada cups,84.7,Prada,42,https://www.vinted.it/items/8276408562-prada-cups?referrer=catalog,0,8276408562,Sold,28/02/2026 00:56:44,,https://images1.vinted.net/t/04_01c94_oZRcNmhhPnruUYcJ7X9f7oqu/310x430/1772234525.webp?s=a88abe7913b600710951dc443d41b5867bbc5ff7,2,1
Gafas Prada,74.2,Prada,0,https://www.vinted.it/items/8276404122-gafas-prada?referrer=catalog,0,8276404122,Sold,28/02/2026 00:56:44,,https://images1.vinted.net/t/04_00327_TGcafB6TUkChkGkBAbZnh48k/310x430/1772234385.webp?s=f6a71553457d52dedf631bf56dcdad6021953ac3,2,1
Casquette Prada neuve (authentique).,504.7,Prada,S,https://www.vinted.it/items/8276400779-casquette-prada-neuve-authentique?referrer=catalog,0,8276400779,Sold,28/02/2026 00:56:44,,https://images1.vinted.net/t/05_012d1_2KtinGDebkgpj97gSM49zceQ/310x430/1772234279.webp?s=0648bdfd73689b3807f3060384b0a0682c849edf,2,1
Étui prada,21.7,Prada,0,https://www.vinted.it/items/8276398214-etui-prada?referrer=catalog,0,8276398214,Sold,28/02/2026 00:56:44,,https://images1.vinted.net/t/06_01deb_8cG4UZ3N7JAWHPPHKYZynf1T/310x430/1772234203.webp?s=8105e0ff614d9b1fac0c87838b65b8306ed452b4,2,1
Lunette de soleil prada,21.7,Prada,0,https://www.vinted.it/items/8276388825-lunette-de-soleil-prada?referrer=catalog,0,8276388825,Sold,28/02/2026 00:56:44,,https://images1.vinted.net/t/06_0246b_ydBxWzW41SRCraxbBgVm2oLy/310x430/1772233916.webp?s=69d874935e32477d9fd85abdad3b7fa62a2b400e,2,1
Lunettes de soleil Prada,116.2,Prada,0,https://www.vinted.it/items/8276387608-lunettes-de-soleil-prada?referrer=catalog,0,8276387608,Sold,28/02/2026 00:56:44,,https://images1.vinted.net/t/04_0101d_9GC4w93MZ92aXnpcLkfFQKoM/310x430/1772233881.webp?s=aada3bfe3c5366f47a9cb5dbafd1a23ce1614bdc,2,1
Prada Cap,26.95,Sonstiges,Taglia unica,https://www.vinted.it/items/8276371497-prada-cap?referrer=catalog,1,8276371497,Sold,28/02/2026 00:56:44,,https://images1.vinted.net/t/06_01dab_HTr6BPwjfibhqNJH76mhZcfB/310x430/1772233439.webp?s=6254cbba87ab37aafd9cf65b73124376f1a2c955,2,1
Set Completo Packaging Prada Eyewear - Originale,47.95,Prada,0,https://www.vinted.it/items/8276353672-set-completo-packaging-prada-eyewear-originale?referrer=catalog,0,8276353672,Sold,28/02/2026 00:56:44,,https://images1.vinted.net/t/01_026c9_jQ7vLfH6TYoBkU9dGtqUoQ1f/310x430/1772232983.webp?s=795b661e5bd40575e49850283b11507b7b70ea31,2,1
Prada,84.7,Prada,0,https://www.vinted.it/items/8276333044-prada?referrer=catalog,0,8276333044,On Sale,28/02/2026 00:56:44,,https://images1.vinted.net/t/05_0065f_qgZNnrVkYmJjESjQMk3RbDgn/310x430/1772232498.webp?s=2496f901f6a8241154f5fc2f94c32737030b245c,2,1
Prada paradoxe blush parfum for woman,41.65,Paradoxe,0,https://www.vinted.it/items/8276326262-prada-paradoxe-blush-parfum-for-woman?referrer=catalog,1,8276326262,Sold,28/02/2026 00:56:44,,https://images1.vinted.net/t/04_01322_cMQUYkPZ3uYoms7DBSb1Co4k/310x430/1772232443.webp?s=eabe673a8212dc5a0d710c934db5b332fffa5172,2,1
Identificador de maletas de Prada,368.2,Prada,0,https://www.vinted.it/items/8276329945-identificador-de-maletas-de-prada?referrer=catalog,0,8276329945,Sold,28/02/2026 00:56:44,,https://images1.vinted.net/t/06_0122c_QTzDAoaAiTtZJogvsrribJE8/310x430/1772232427.webp?s=125f30b5b7c425d8fa177ff9b50bca70c6d78981,2,1
Prada Stiefeletten Boho,525.7,Prada,39.5,https://www.vinted.it/items/8284003075-prada-stiefeletten-boho?referrer=catalog,0,8284003075,Sold,28/02/2026 21:44:03,,https://images1.vinted.net/t/06_0111b_FYLaJnmJuUxDj95WzN5HGiLD/310x430/1772311368.webp?s=5bf7217c2272ce43ae619ba49b207033e801bea5,2,1
Vela prada infusión de vanille,31.15,Prada,0,https://www.vinted.it/items/8283923693-vela-prada-infusion-de-vanille?referrer=catalog,0,8283923693,Sold,28/02/2026 21:44:03,,https://images1.vinted.net/t/01_005ba_h3SSsuLvL1cfqUoUnCgSWkmo/310x430/1772310580.webp?s=4166490211996126b8a124a1bd303606ce18abf8,2,1
Prada Sunglasses PR23YS,142.45,Prada,0,https://www.vinted.it/items/8283916736-prada-sunglasses-pr23ys?referrer=catalog,0,8283916736,Sold,28/02/2026 21:44:03,,https://images1.vinted.net/t/03_00be4_KGWwNCFfWSYUVksJYcmeQsej/310x430/1772310513.webp?s=02a046398a33e39c1acaeea2abd83c3dba166e9d,2,1
Prada Milano Blazer Lana Vergine Made in Italy 48R Gessato Sartoriale,142.44,Prada,M,https://www.vinted.it/items/8283899513-prada-milano-blazer-lana-vergine-made-in-italy-48r-gessato-sartoriale?referrer=catalog,1,8283899513,Sold,28/02/2026 21:44:03,,https://images1.vinted.net/t/06_005a3_eua88kUBeG4hyL3dNVuFmYkt/310x430/1772310349.webp?s=80339bd6fc2fd5e03384ec489c5696adb208c7c9,2,1
Nueva fragancia de Prada,62.65,Prada,0,https://www.vinted.it/items/8283896970-nueva-fragancia-de-prada?referrer=catalog,0,8283896970,Sold,28/02/2026 21:44:03,,https://images1.vinted.net/t/06_0142c_WEc4HiL3fQxw7bnue91WE1uR/310x430/1772310325.webp?s=32bbbc4ab24e8ef2744b34519cc2a2ba78b7e639,2,1
Occhiali da sole Prada,1.75,Prada,0,https://www.vinted.it/items/8283869973-occhiali-da-sole-prada?referrer=catalog,2,8283869973,On Sale,28/02/2026 21:44:03,,https://images1.vinted.net/t/06_01401_XHv1AJwYhnmWRxY7M7uZRnS1/310x430/1772310066.webp?s=6fc2dd8e25c303067d326478e05cf7d31e2c9245,2,1
Lunette de soleil prada,21.7,Prada,0,https://www.vinted.it/items/8283863844-lunette-de-soleil-prada?referrer=catalog,11,8283863844,On Sale,28/02/2026 21:44:03,,https://images1.vinted.net/t/01_00962_LmoWLRikLrVyou8dMEjdX93m/310x430/1772310011.webp?s=bda9c516989a3c5a28b9a76f6fe41c1c76b0924b,2,1
Jupe Prada en laine vierge gris chiné – taille 38,315.7,Prada,M / IT 42 / EU 38,https://www.vinted.it/items/8283852022-jupe-prada-en-laine-vierge-gris-chine-taille-38?referrer=catalog,1,8283852022,Sold,28/02/2026 21:44:03,,https://images1.vinted.net/t/06_00cf5_SvZnQiRY3dRAdDQvsmQxjE3n/310x430/1772309899.webp?s=63e6b431baa46bd5fa437f984484ed7214dce516,2,1
Prada,58.45,Prada,S / IT 40 / EU 36,https://www.vinted.it/items/8283847505-prada?referrer=catalog,1,8283847505,Sold,28/02/2026 21:44:03,,https://images1.vinted.net/t/06_00836_j3bSLgV5roEEn58Crzmjo2NS/310x430/1772309857.webp?s=4ab0a7937e34960ea66d9415012020029d1c43e2,2,1
Prada porta fazzoletti o chiavi o altro,53.2,Prada,0,https://www.vinted.it/items/8283845571-prada-porta-fazzoletti-o-chiavi-o-altro?referrer=catalog,0,8283845571,Sold,28/02/2026 21:44:03,,https://images1.vinted.net/t/04_00b5b_QJ8xBRWza7cAAb7QekiW553s/310x430/1772309839.webp?s=6e729108d9f5aa1fd12733745b5fa38610332a81,2,1
Étiquette prada,21.7,Prada,0,https://www.vinted.it/items/8283820687-etiquette-prada?referrer=catalog,0,8283820687,Sold,28/02/2026 21:44:03,,https://images1.vinted.net/t/01_017cd_PEuDrFc9Pb5xTub4PxtDHXC8/310x430/1772309605.webp?s=a62bcc59d4aac3ac95f608e4fd24598bf8953c58,2,1
Mooi plateau prada sandaal,68.95,Prada,39.5,https://www.vinted.it/items/8283820287-mooi-plateau-prada-sandaal?referrer=catalog,6,8283820287,Sold,28/02/2026 21:44:03,,https://images1.vinted.net/t/01_00a06_pY7CjiYY41GHRLzV2WG1TptW/310x430/1772309601.webp?s=e05e8cb5938ddb0f45a945b129e7fde5e0bc9c40,2,1
Prada paradoxe radical essence,36.4,Prada,0,https://www.vinted.it/items/8283817299-prada-paradoxe-radical-essence?referrer=catalog,2,8283817299,Sold,28/02/2026 21:44:03,,https://images1.vinted.net/t/06_00c51_TptKAqAKHjv1m6bcbA1vb7zh/310x430/1772309575.webp?s=393841a5db7501a7c953438aacf4d0d9b49ccc5b,2,1
Prada t-Shirt💙,14.35,Sonstiges,M / IT 42 / EU 38,https://www.vinted.it/items/8283800847-prada-t-shirt?referrer=catalog,0,8283800847,Sold,28/02/2026 21:44:03,,https://images1.vinted.net/t/06_00e49_gS3aiRLwtRzUF8gBjZwMphmC/310x430/1772309424.webp?s=85ce010d1de52e96448dd817479c58b1ee3349db,2,1
Paradigme,50.58,Prada,0,https://www.vinted.it/items/8283796083-paradigme?referrer=catalog,0,8283796083,Sold,28/02/2026 21:44:03,,https://images1.vinted.net/t/05_01e38_kWzW9wkTaDu4AAwPkCd3tXTS/310x430/1772309379.webp?s=244c3259a19cff31b6afbe93b10db94ad5bdcc9a,2,1
Prada paradoxe,37.45,Prada,0,https://www.vinted.it/items/8283796102-prada-paradoxe?referrer=catalog,4,8283796102,Sold,28/02/2026 21:44:03,,https://images1.vinted.net/t/01_00857_3SVg9r1jUMUe1xKQVqazUv2N/310x430/1772309380.webp?s=f2c8ca1826be7b26da109ec7cf2f558f4ad92e8e,2,1
Prada Cups,74.2,Schuh,44,https://www.vinted.it/items/8283789302-prada-cups?referrer=catalog,0,8283789302,Sold,28/02/2026 21:44:03,,https://images1.vinted.net/t/04_011bd_Uet761LjMgrHhc3xNEFHUasa/310x430/1772309316.webp?s=c04f6fa9f80813262b73776004e51fd1ac0bd0df,2,1
Adidas x Prada,683.2,adidas,44,https://www.vinted.it/items/8283770164-adidas-x-prada?referrer=catalog,0,8283770164,Sold,28/02/2026 21:44:03,,https://images1.vinted.net/t/05_012d5_RGUk9mvfNzpZbQYSE4jctiGj/310x430/1772309139.webp?s=aad042264f3147717b617007da689440d461df18,2,1
Prada Paradoxe 90ml,68.95,Prada,0,https://www.vinted.it/items/8283734247-prada-paradoxe-90ml?referrer=catalog,0,8283734247,Sold,28/02/2026 21:44:03,,https://images1.vinted.net/t/06_00ec6_KU63pPkfL6rABqB2Xcv4Kejf/310x430/1772308806.webp?s=afa30cb09dca87fe2f1374e9abb0d94f0bac2699,2,1
Prada paradoxe intense 90ml,68.95,Prada,0,https://www.vinted.it/items/8283723249-prada-paradoxe-intense-90ml?referrer=catalog,1,8283723249,Sold,28/02/2026 21:44:03,,https://images1.vinted.net/t/05_00eac_V5itdryZyTVoPLCBcZiCX9Av/310x430/1772308707.webp?s=ff6d3ad300fcb9256939e5e51ab7b43d46fa5ace,2,1
Prada  candy 80 ml,47.95,Prada,0,https://www.vinted.it/items/8283708377-prada-candy-80-ml?referrer=catalog,0,8283708377,Sold,28/02/2026 21:44:03,,https://images1.vinted.net/t/01_0011f_pMNQs7xjUEdVkpawTSgRVpep/310x430/1772308573.webp?s=3809097cc730220176321a358fe0767192e81c6e,2,1
Prada bralette top,263.2,Prada,M / IT 42 / EU 38,https://www.vinted.it/items/8283694426-prada-bralette-top?referrer=catalog,3,8283694426,Sold,28/02/2026 21:44:03,,https://images1.vinted.net/t/05_01e49_9avEk1LUbkxuCaH4pCxBkCmT/310x430/1772308448.webp?s=8e71c36dbd37310e59cde085580f3858fd976dc0,2,1
Profumo Prada,42.7,Prada,0,https://www.vinted.it/items/8283687675-profumo-prada?referrer=catalog,0,8283687675,Sold,28/02/2026 21:44:03,,https://images1.vinted.net/t/06_00286_msS1D4FepKc64A9iLg4AqFdB/310x430/1772308389.webp?s=c1985cbaaae7fb67e178a1699b022ce721d6790c,2,1
Perfume prada Candy,58.45,Prada,0,https://www.vinted.it/items/8283658075-perfume-prada-candy?referrer=catalog,0,8283658075,Sold,28/02/2026 21:44:03,,https://images1.vinted.net/t/05_003d4_uPELrfQWH9LBb18fUFkAZAkr/310x430/1772308128.webp?s=d9fb9cac90134afbdbef7df6eeee604f3d3a7191,2,1
Baskets prada,263.2,Prada,42,https://www.vinted.it/items/8283658044-baskets-prada?referrer=catalog,0,8283658044,Sold,28/02/2026 21:44:03,,https://images1.vinted.net/t/06_0017c_m9fAUuT8RNPu6wtFhUKA2dx6/310x430/1772308128.webp?s=1876a0578dea60a6ab600a8ac2847c9126aea452,2,1
Prada Infusion d'amande 100ml,74.2,Prada,0,https://www.vinted.it/items/8283656730-prada-infusion-damande-100ml?referrer=catalog,0,8283656730,Sold,28/02/2026 21:44:03,,https://images1.vinted.net/t/06_001f3_9vrjSW8aTBXatzQ1SDy66L3b/310x430/1772308117.webp?s=e9f763b99321bbddf5d174f62ad34cc5c5bca1ac,2,1
Prada paradoxe intense,38.5,Prada,0,https://www.vinted.it/items/8283653013-prada-paradoxe-intense?referrer=catalog,1,8283653013,Sold,28/02/2026 21:44:03,,https://images1.vinted.net/t/06_00f1f_88Z46NaK3XNnoXhXjjUk7zXR/310x430/1772308084.webp?s=98bfbff1c7076623e1fe8baf98ea2fcb967b7ad2,2,1
Prada Vitello Daino Shopper,1.57465,Prada,0,https://www.vinted.it/items/8283644774-prada-vitello-daino-shopper?referrer=catalog,1,8283644774,Sold,28/02/2026 21:44:03,,https://images1.vinted.net/t/06_0129a_VZPyHaCjgDj3B4YTwb7T1Li9/310x430/1772308011.webp?s=146a9f7581bb433f564dd7b14fd811d19d6933b1,2,1
Tracolla Prada,629.65,Prada,0,https://www.vinted.it/items/8283608027-tracolla-prada?referrer=catalog,4,8283608027,Sold,28/02/2026 21:44:03,,https://images1.vinted.net/t/06_00779_xFnHyqUKNrzydYteiBHW1h3q/310x430/1772307689.webp?s=ee8d6eef5e65d4c3fcbe90db2683ca7b1c49fe66,2,1
Prada Prax 1,315.7,Sonstiges,42,https://www.vinted.it/items/8283596060-prada-prax-1?referrer=catalog,0,8283596060,Sold,28/02/2026 21:44:03,,https://images1.vinted.net/t/01_011d0_8AwT9F4ok1eWXfxEF8BUfeba/310x430/1772307758.webp?s=873921e76d75f0754a53a4814c3bc71bf5a20e71,2,1
Libro: Forbidden love de Cristina Prada,16.45,No brand,0,https://www.vinted.it/items/8283605825-libro-forbidden-love-de-cristina-prada?referrer=catalog,2,8283605825,Sold,28/02/2026 21:44:03,,https://images1.vinted.net/t/01_00591_X9r2aKabfsQhiE3xueFPmxTu/310x430/1772307669.webp?s=4e126aaaed60eea8758d91a144c19a6fb3174b4c,2,1
Juego de cama de 90 (incluye edredón),31.15,Agatha Ruiz de la Prada,Singolo (135-150 cm x 200-220 cm),https://www.vinted.it/items/8270695671-juego-de-cama-de-90-incluye-edredon?referrer=catalog,3,8270695671,Sold,28/02/2026 21:44:03,,https://images1.vinted.net/t/04_01163_j38MX36fyNLXFFATWhMLL78U/310x430/1772186867.webp?s=a149507e2a2e5334988f638b032d2c4d979102da,2,1
Acesorio bolso Prada,210.7,Prada,0,https://www.vinted.it/items/8254349000-acesorio-bolso-prada?referrer=catalog,1,8254349000,Sold,28/02/2026 21:44:03,,https://images1.vinted.net/t/05_00d7c_MDCLESGgpfSiG76CHuUh5ska/310x430/1771961697.webp?s=70f17efa7679c4613fc666f6b34adaa7c21a8130,2,1
Perfume Infusión d'ylang Prada,61.6,Prada,0,https://www.vinted.it/items/8283585620-perfume-infusion-dylang-prada?referrer=catalog,0,8283585620,Sold,28/02/2026 21:44:03,,https://images1.vinted.net/t/01_01f43_6T68d7gd8sxEiYxnFeTMHCLG/310x430/1772309781.webp?s=756cac6ac6a9325f268aa9dfde1f234e6b4ab07d,2,1
Custodia telefono Prada,74.2,Prada,0,https://www.vinted.it/items/8283565015-custodia-telefono-prada?referrer=catalog,2,8283565015,Sold,28/02/2026 21:44:03,,https://images1.vinted.net/t/03_0143f_5APVxLXg9MpkyG41ThzryH4x/310x430/1772307314.webp?s=c424ae5019fa356a86e1d942649932454a4e54f4,2,1
Orginal Prada Miracle of the Rose,147.7,Prada,0,https://www.vinted.it/items/8283542231-orginal-prada-miracle-of-the-rose?referrer=catalog,3,8283542231,Sold,28/02/2026 21:44:03,,https://images1.vinted.net/t/06_00c3e_qZ27YW9Aomuz3C8qP6R4TVV3/310x430/1772307114.webp?s=b2a09058515bec95cb66faf27a5bf88049180a4c,2,1
Boné Agatha Ruiz de la Prada,5.95,Agatha Ruiz de la Prada,Taglia unica,https://www.vinted.it/items/8283474932-bone-agatha-ruiz-de-la-prada?referrer=catalog,2,8283474932,Sold,28/02/2026 21:44:03,,https://images1.vinted.net/t/06_013ef_UK3KesyUL5bHWe7piFCmnxB8/310x430/1772306523.webp?s=f5b06f9cca97fa601b922df537867c2f8f3ea387,2,1
Prada paradoxe intense parfum for woman,47.95,Paradoxe,0,https://www.vinted.it/items/8283466105-prada-paradoxe-intense-parfum-for-woman?referrer=catalog,0,8283466105,Sold,28/02/2026 21:44:03,,https://images1.vinted.net/t/03_0177d_3HQwMUMkrvqB1Uxpwojv4pZK/310x430/1772306448.webp?s=549c4338bc7f91fec3d29a876b8ff5c0570a909c,2,1
Pantalon Prada en nylon,68.95,Prada,M / IT 42 / EU 38,https://www.vinted.it/items/8283464498-pantalon-prada-en-nylon?referrer=catalog,7,8283464498,Sold,28/02/2026 21:44:03,,https://images1.vinted.net/t/05_019b9_FniUr6X8hvxYR25GKZ9Cbr1a/310x430/1772306434.webp?s=71b856e1b977729991037a295e247c8d4138448e,2,1
Zapatillas deportivas  Prada,79.45,Local,37,https://www.vinted.it/items/8283448116-zapatillas-deportivas-prada?referrer=catalog,1,8283448116,Sold,28/02/2026 21:44:03,,https://images1.vinted.net/t/06_01a08_Vo7c9dFKjRwmS1igeyRyiW4U/310x430/1772306291.webp?s=f3c45387e9dac77e707ac4a34f066217ce07bec9,2,1
Pulsera,7.0,Agatha Ruiz de la Prada,0,https://www.vinted.it/items/8283424673-pulsera?referrer=catalog,1,8283424673,On Sale,28/02/2026 21:44:03,,https://images1.vinted.net/t/04_023c7_FA8ubtEptxkea3FVKd3bCfEE/310x430/1772306090.webp?s=3b9dca946f0c86af948bcb657cb48bea691536db,2,1
PRADA portamonete/portacarte,263.2,Prada,0,https://www.vinted.it/items/8283417870-prada-portamoneteportacarte?referrer=catalog,1,8283417870,Sold,28/02/2026 21:44:03,,https://images1.vinted.net/t/06_0244f_uwpf9s7eYuZYPbCNN7GHec71/310x430/1772306035.webp?s=559203211a6469479d2acc628c37127e3ca54f52,2,1
Parfums Prada Paradoxe,63.7,Prada,0,https://www.vinted.it/items/8283415545-parfums-prada-paradoxe?referrer=catalog,0,8283415545,Sold,28/02/2026 21:44:03,,https://images1.vinted.net/t/06_0166d_bQDAH16GSgkm1z8Q7L2ZCmbd/310x430/1772306015.webp?s=72ccadcda5d9a2436ede4c12e6fdbe8627e5c802,2,1
Perfume Prada Paradigme Eau de Parfum,42.7,Prada,0,https://www.vinted.it/items/8283401726-perfume-prada-paradigme-eau-de-parfum?referrer=catalog,3,8283401726,On Sale,28/02/2026 21:44:03,,https://images1.vinted.net/t/01_00265_LWYhwxPrmggbTkNvsVpgEAtp/310x430/1772305898.webp?s=bbce8ad92ee9a821aec1ce6c98f9f350ebd0d2ae,2,1
Parfum Prada,21.7,Prada,0,https://www.vinted.it/items/8283380745-parfum-prada?referrer=catalog,3,8283380745,Sold,28/02/2026 21:44:03,,https://images1.vinted.net/t/06_00829_bmsHaNugQCCM74uT4AFXMfjW/310x430/1772305721.webp?s=173531de4d107838fe0a1cf3d244d7fdfda6d208,2,1
Prada Sonnenbrillen Box,3.85,Prada,0,https://www.vinted.it/items/8283376397-prada-sonnenbrillen-box?referrer=catalog,0,8283376397,Sold,28/02/2026 21:44:03,,https://images1.vinted.net/t/06_01f30_q3VvPwkX5QBZk879ECFM4Awa/310x430/1772305684.webp?s=4b11107228a6594985d2494cced2194c7a0e520c,2,1
Prada Kosmetik Tasche,16.45,Prada,0,https://www.vinted.it/items/8271939113-prada-kosmetik-tasche?referrer=catalog,25,8271939113,Sold,28/02/2026 23:09:09,,https://images1.vinted.net/t/05_01bbd_QzUnitGnvrRxv44AJ1LyWYq7/310x430/1772195457.webp?s=b473d8ebdb5e3238d50cf631351629ab83ca0667,3,9
Borsa a secchiello Prada in velluto Rosso,525.7,Prada,0,https://www.vinted.it/items/8263294389-borsa-a-secchiello-prada-in-velluto-rosso?referrer=catalog,9,8263294389,Sold,27/02/2026 14:53:45,,https://images1.vinted.net/t/06_0203b_xoc1MMNf91K4cYLYUNPZ15Su/310x430/1772095078.webp?s=fcb42d65ed2eaa7cdd5fe95a846929d7a1c72704,3,8
Prada occhiali da sole,247.45,Prada,0,https://www.vinted.it/items/8263287446-prada-occhiali-da-sole?referrer=catalog,1,8263287446,Sold,27/02/2026 14:53:45,,https://images1.vinted.net/t/06_00e89_bvUPavUFPoR57fRXSGMgwzAd/310x430/1772094996.webp?s=b23c0609b242c97a2815ac876cbec431c7d26cd6,3,8
Prada Sonnenbrille cateye,226.45,Prada,0,https://www.vinted.it/items/8263283269-prada-sonnenbrille-cateye?referrer=catalog,0,8263283269,Sold,27/02/2026 14:53:45,,https://images1.vinted.net/t/06_01ec5_ePc3qnF5XJD82bHLfw9kmyxp/310x430/1772094946.webp?s=a78e6b92868516ab965d85ff5ccf5d468892d826,3,8
Occhiali da sole Prada,89.95,Prada,0,https://www.vinted.it/items/8263257915-occhiali-da-sole-prada?referrer=catalog,10,8263257915,Sold,27/02/2026 14:53:45,,https://images1.vinted.net/t/06_01dd5_ojFkvFHEkbnbX5S7pUP16wft/310x430/1772094637.webp?s=21dacb73eba9a6dd777624c1e167e5797bbb7f99,3,8
Bandshirt - The Devil Wears Prada - Black Knight,29.05,Gildan,S,https://www.vinted.it/items/8263234666-bandshirt-the-devil-wears-prada-black-knight?referrer=catalog,0,8263234666,Sold,27/02/2026 14:53:45,,https://images1.vinted.net/t/01_00de4_KrcWKT2QhVWCf6y1HdP42wKX/310x430/1772094341.webp?s=5594968eae6882c0c8c8a48755b60ffb26f3a9d5,3,8
Prada croped jas blazer zwart maat s,152.95,Prada,S / IT 40 / EU 36,https://www.vinted.it/items/8263220403-prada-croped-jas-blazer-zwart-maat-s?referrer=catalog,84,8263220403,Sold,27/02/2026 14:53:45,,https://images1.vinted.net/t/01_00dc7_BS4YwayacokSXqL825gFP6GS/310x430/1772094158.webp?s=35408163a7a8281a270e1c96555c820b7a49b112,3,8
Prada Beauty - pouch,6.21,Prada,0,https://www.vinted.it/items/8263198877-prada-beauty-pouch?referrer=catalog,4,8263198877,Sold,27/02/2026 14:53:45,,https://images1.vinted.net/t/06_01f98_yBR7Q7rz8yJscdP2EWCZzMcK/310x430/1772093878.webp?s=c1ba2d63105a7b81e49d7620623cb01db21bc186,3,8
Perfume EDP  Prada Paradoxe Intense miniatura / Parfum femme,18.03,Prada,0,https://www.vinted.it/items/8263146434-perfume-edp-prada-paradoxe-intense-miniatura-parfum-femme?referrer=catalog,28,8263146434,Sold,27/02/2026 14:53:45,,https://images1.vinted.net/t/06_00157_EunvMaQR4c1tNr8iYwA7FZyP/310x430/1772093147.webp?s=ee778daad99603c947e2e43df83112a40fa24ba3,3,8
Prada occhiali,63.7,Prada,0,https://www.vinted.it/items/8263166786-prada-occhiali?referrer=catalog,2,8263166786,Sold,27/02/2026 14:53:45,,https://images1.vinted.net/t/06_01c95_Cdu9aesH5tGoDkNRTGuNXk2e/310x430/1772093441.webp?s=3125ab191e23dc19708e7cf934b6cdfff6bc7187,3,8
Prada Brille,242.2,Prada,0,https://www.vinted.it/items/8263153006-prada-brille?referrer=catalog,1,8263153006,Sold,27/02/2026 14:53:45,,https://images1.vinted.net/t/05_02400_TuzHrpHnH3qj6GAy1rBrWTGz/310x430/1772093243.webp?s=45ea71f96b9e2c8106ef8cd8df21a606a4677d19,3,8
Scarpa Prada donna,420.7,Prada,37,https://www.vinted.it/items/8263144948-scarpa-prada-donna?referrer=catalog,44,8263144948,Sold,27/02/2026 14:53:45,,https://images1.vinted.net/t/04_01ff7_n3KiNHZR9pe2LJofkttSPj6J/310x430/1772093124.webp?s=78606bbaba774830645cfc9fdd049f249e31d152,3,8
Occhiali Prada,63.7,Prada,0,https://www.vinted.it/items/8263107356-occhiali-prada?referrer=catalog,0,8263107356,Sold,27/02/2026 14:53:45,,https://images1.vinted.net/t/06_02576_iCyNyAXbAmMwtTVHPYRZaKs4/310x430/1772092536.webp?s=bb03af39c100add7e8b9570f8830b60fc08779fc,3,8
occhiali sole  PRADA 2025,189.7,Prada,0,https://www.vinted.it/items/8263098808-occhiali-sole-prada-2025?referrer=catalog,6,8263098808,Sold,27/02/2026 14:53:45,,https://images1.vinted.net/t/01_01851_rYKm4Avah6HWpVQThHJ6YtxG/310x430/1772092395.webp?s=c83eb47b22f7772bac834a6d601a9e55b4102aa2,3,8
Prada windbreaker Neu mit Etikett,205.45,Sonstiges,XL,https://www.vinted.it/items/8263089784-prada-windbreaker-neu-mit-etikett?referrer=catalog,1,8263089784,Sold,27/02/2026 14:53:45,,https://images1.vinted.net/t/03_000c7_o8DfJajh1joXqLdKdZKTpFcS/310x430/1772092246.webp?s=8dfe2ad124d43bda3b05202fb18b0b6174684c17,3,8
Prada Beauty Spiegel • Limited Edition,37.45,Prada,0,https://www.vinted.it/items/8263082783-prada-beauty-spiegel-limited-edition?referrer=catalog,3,8263082783,Sold,27/02/2026 14:53:45,,https://images1.vinted.net/t/03_01268_hw6wzgZxqkU5n5PwEf7pkF8L/310x430/1772092126.webp?s=0269c30b1f06c99a48e8359466c6abf8d500ab18,3,8
Parfum Prada Paradoxe,44.8,Prada,0,https://www.vinted.it/items/8263077582-parfum-prada-paradoxe?referrer=catalog,7,8263077582,Sold,27/02/2026 14:53:45,,https://images1.vinted.net/t/05_01d39_vEoN49iBCWFgjGQGrvLmqMra/310x430/1772092037.webp?s=2ca0df2f75450209bd391711df1bc6e81ea1431a,3,8
Occhiale da vista Prada,142.45,Prada,0,https://www.vinted.it/items/8263042200-occhiale-da-vista-prada?referrer=catalog,10,8263042200,Sold,27/02/2026 14:53:45,,https://images1.vinted.net/t/05_0065e_jqps4hdYZwy5fRY1LF6iw8JF/310x430/1772091405.webp?s=55e6095ce6275f7c61371ef2743346ecfd759060,3,8
Giubbotto prada,630.7,Prada,M / IT 42 / EU 38,https://www.vinted.it/items/8263039658-giubbotto-prada?referrer=catalog,3,8263039658,Sold,27/02/2026 14:53:45,,https://images1.vinted.net/t/04_00dd9_pPwAyd4JYCh1SkoE3ZBF8fdJ/310x430/1772091356.webp?s=e3a14d11eba60b18667b421e39766e954a7e6cb6,3,8
Occhiale Prada,168.7,Prada,0,https://www.vinted.it/items/8263035087-occhiale-prada?referrer=catalog,3,8263035087,Sold,27/02/2026 14:53:45,,https://images1.vinted.net/t/06_01e7e_BGjHw2745byiqTsg7GPnUfPx/310x430/1772091271.webp?s=63c2c2bddb1b00b76f4f52edf4e5c2de55310040,3,8
Occhiali da sole Prada,147.7,Prada,0,https://www.vinted.it/items/8263017918-occhiali-da-sole-prada?referrer=catalog,3,8263017918,Sold,27/02/2026 14:53:45,,https://images1.vinted.net/t/06_00997_7aoDbwzym3SA6wAKzsRmV792/310x430/1772090933.webp?s=930cd66b5441dadbe019ed129c889fdfff51f93b,3,8
PRADA Milano – Chemise noire Made in Italy – Taille 41 – Neuve,273.7,Prada,L,https://www.vinted.it/items/8262946548-prada-milano-chemise-noire-made-in-italy-taille-41-neuve?referrer=catalog,1,8262946548,Sold,27/02/2026 14:53:45,,https://images1.vinted.net/t/04_02634_FVRpnV96HLNQcs99YJymJrjT/310x430/1772089263.webp?s=773cebcdecf1c833e705a1409699ded7fd0f5121,3,8
Original Gläser für Prada Sonnenbrille PR 08OS 2AU6S1,32.2,Prada,0,https://www.vinted.it/items/8262936527-original-glaser-fur-prada-sonnenbrille-pr-08os-2au6s1?referrer=catalog,1,8262936527,Sold,27/02/2026 14:53:45,,https://images1.vinted.net/t/06_02501_NzLmSCttFFdgGUhyqLeNe5SU/310x430/1772088982.webp?s=c226100c890993007d810a60c41385de879472f7,3,8
Original Gläser für Prada Sonnenbrille PR 04ZS 2AU6E1,32.2,Prada,0,https://www.vinted.it/items/8262927965-original-glaser-fur-prada-sonnenbrille-pr-04zs-2au6e1?referrer=catalog,0,8262927965,Sold,27/02/2026 14:53:45,,https://images1.vinted.net/t/06_00a32_uSoizWmfUv9qWzTcZiSvpP5a/310x430/1772088737.webp?s=af828c4b8e9bf71261debc503b2893b49f052108,3,8
Scarpe Prada,315.7,Prada,42,https://www.vinted.it/items/8262907052-scarpe-prada?referrer=catalog,0,8262907052,Sold,27/02/2026 14:53:45,,https://images1.vinted.net/t/05_02577_fUEFCFtAm6Bvuathqc7LS3fu/310x430/1772088062.webp?s=896a68dfbb4e48d46f24fb3e1c524da9ac5bf27c,3,8
Bolso de mano,79.45,Agatha Ruiz de la Prada,0,https://www.vinted.it/items/8262889887-bolso-de-mano?referrer=catalog,2,8262889887,Sold,27/02/2026 14:53:45,,https://images1.vinted.net/t/04_0268d_bK1sHsrkFBmVuPSncxo4XKBF/310x430/1772087427.webp?s=b93a77064e534fd44cfb34423c69f1014d9cb685,3,8
Prada Sonnenbrille für Herren,251.65,Prada,0,https://www.vinted.it/items/8262861635-prada-sonnenbrille-fur-herren?referrer=catalog,1,8262861635,Sold,27/02/2026 14:53:45,,https://images1.vinted.net/t/01_02195_uyZEBfABAJGhdGHyJ1FigyCe/310x430/1772086156.webp?s=8bb47cd0df262b6d7262d63e9d6895805ab65767,3,8
Prada ballerina’s,158.2,Prada,40,https://www.vinted.it/items/8262860002-prada-ballerinas?referrer=catalog,87,8262860002,Sold,27/02/2026 14:53:45,,https://images1.vinted.net/t/06_00221_P3XPshU6pHU9VYAejY8VFNSP/310x430/1772086073.webp?s=8655b196f42e738b62d2a05353ba1066f522e5b8,3,8
Profumo Prada,42.7,Prada,0,https://www.vinted.it/items/8262848678-profumo-prada?referrer=catalog,3,8262848678,Sold,27/02/2026 14:53:45,,https://images1.vinted.net/t/03_01105_3PmVFWNb87xKoshBYL77E9LW/310x430/1772085420.webp?s=3fb201ff3bba9d7e76d832c63461a34bdeb4f34a,3,8
Prada pumps,116.2,Prada,39,https://www.vinted.it/items/8262839791-prada-pumps?referrer=catalog,15,8262839791,Sold,27/02/2026 14:53:45,,https://images1.vinted.net/t/06_0191f_H2rBz2LZK6ykxFKGmaA6afTv/310x430/1772084870.webp?s=7f96ebad421cfb4bbc9765623356c1a77d23ce9f,3,8
Montatura occhiali,47.95,Prada,0,https://www.vinted.it/items/8259344862-montatura-occhiali?referrer=catalog,3,8259344862,Sold,27/02/2026 14:53:45,,https://images1.vinted.net/t/04_0110b_EMYt84ZZpYPbbiaigJW84vhF/310x430/1772032454.webp?s=743600653c661755f3a8d5cae5c8dd345a0601d9,3,8
Prada,1.8907,Prada,0,https://www.vinted.it/items/8260005747-prada?referrer=catalog,1,8260005747,Sold,27/02/2026 14:53:45,,https://images1.vinted.net/t/05_00fd4_bJK7ZhfAyRgYSsJDaDvMsAxE/310x430/1772036951.webp?s=f5421c514036c5b41369a85d40b904fd96c87f63,3,8
Prada cup gomme neuf taille 42,578.2,Prada,42,https://www.vinted.it/items/8262786472-prada-cup-gomme-neuf-taille-42?referrer=catalog,3,8262786472,Sold,27/02/2026 14:53:45,,https://images1.vinted.net/t/05_01659_rURPwbq4V2PvE46PCbxwSUEm/310x430/1772077524.webp?s=e035411c1ff3d1ce150754899201c29780f7bb32,3,8
Prada cups dunkelblau,126.7,Parada,44,https://www.vinted.it/items/8262783537-prada-cups-dunkelblau?referrer=catalog,3,8262783537,Sold,27/02/2026 14:53:45,,https://images1.vinted.net/t/05_00b1c_F6mqsQkFMcPX99tc6cdkY5cj/310x430/1772076714.webp?s=6df22bd47b98727a5fc531106dde4cb287cdc166,3,8
Occhiali da sole Prada Symbole,100.45,Prada,0,https://www.vinted.it/items/8262770448-occhiali-da-sole-prada-symbole?referrer=catalog,57,8262770448,Sold,27/02/2026 14:53:45,,https://images1.vinted.net/t/06_0016a_ce2KpVjuWWu19VQh7dacziav/310x430/1772073536.webp?s=1265abd23b55ca8c80209527ac5528a11f1a783e,3,8
Portafoglio/pochette Prada,152.95,Prada,0,https://www.vinted.it/items/8228131106-portafogliopochette-prada?referrer=catalog,89,8228131106,Sold,27/02/2026 14:53:45,,https://images1.vinted.net/t/05_004c2_ga4WiidHcbL9kDJNsGYQKZ8h/310x430/1771693520.webp?s=afcbec243aa34f388fae4a9ae027fe0a687c5ff5,3,8
Gafas de sol 😎 vintage Prada,63.7,Prada,0,https://www.vinted.it/items/8262662185-gafas-de-sol-vintage-prada?referrer=catalog,0,8262662185,Sold,27/02/2026 14:53:45,,https://images1.vinted.net/t/01_010b6_geMUWK1knVqsCe6kTezBXWLP/310x430/1772062831.webp?s=d2e94c1e837bf301f6a7c3e66e2d36e6e081e506,3,8
Gafas de sol 😎 luxottica vintage,105.7,Prada,0,https://www.vinted.it/items/8262657660-gafas-de-sol-luxottica-vintage?referrer=catalog,0,8262657660,Sold,27/02/2026 14:53:45,,https://images1.vinted.net/t/01_02569_KZtHqMHsaWYRD3UrBXCXQRTY/310x430/1772062632.webp?s=0788a5c38f5a2d755e5c54ce81a458dffdea437b,3,8
Occhiale da sole Prada,100.45,Prada,0,https://www.vinted.it/items/8262646769-occhiale-da-sole-prada?referrer=catalog,28,8262646769,Sold,27/02/2026 14:53:45,,https://images1.vinted.net/t/05_01ec4_hPVRJFohxcqKPcZDFdFpEMoh/310x430/1772062184.webp?s=f71e1e0a5110f0ddb491b95d33180e79521826cf,3,8
Felpa Prada,74.2,Sempre,M,https://www.vinted.it/items/8261617513-felpa-prada?referrer=catalog,4,8261617513,Sold,27/02/2026 14:53:45,,https://images1.vinted.net/t/06_0154e_CJ3dBUG1aArDGw46BAf312YM/310x430/1772049069.webp?s=329a341cdf59b3d66fcb53b42088bc8b46013593,3,8
prada america’s cup,473.2,Prada,41,https://www.vinted.it/items/8262632454-prada-americas-cup?referrer=catalog,7,8262632454,Sold,27/02/2026 14:53:45,,https://images1.vinted.net/t/05_00de0_4AVcx7XkSUtGmtcJRF6gWBNR/310x430/1772061659.webp?s=b683e7fc3c80955dcc233d6a365229699f408b16,3,8
Gafas Prada 0PR 17WSF,326.2,Prada,0,https://www.vinted.it/items/8262632431-gafas-prada-0pr-17wsf?referrer=catalog,0,8262632431,Sold,27/02/2026 14:53:45,,https://images1.vinted.net/t/06_00be4_2L7zN2iwMsbbSECK11rm4Qpt/310x430/1772061658.webp?s=d2cfc2d8afdb6e81e7797ea0022519c0b9aebdeb,3,8
Borse Prada,945.7,Prada,0,https://www.vinted.it/items/8262621792-borse-prada?referrer=catalog,1,8262621792,Sold,27/02/2026 14:53:45,,https://images1.vinted.net/t/04_0021e_zsTwF7TrFPyHRYMdzoNNKua1/310x430/1772061300.webp?s=9754ebb2db3c1ddff18d1d52747ac46735132683,3,8
Prada Beauty Notizbuch – Schwarz – Neu & unbenutzt,30.1,Prada,0,https://www.vinted.it/items/8262618818-prada-beauty-notizbuch-schwarz-neu-unbenutzt?referrer=catalog,4,8262618818,Sold,27/02/2026 14:53:45,,https://images1.vinted.net/t/01_0024e_Qnae6wyy47hXQK8XEJfaf2bW/310x430/1772061200.webp?s=0bc9ed3cd808e9150b7a10485d0ba7b0f5e5da35,3,8
Prada Kulturtasche,21.7,Prada,0,https://www.vinted.it/items/8262616840-prada-kulturtasche?referrer=catalog,18,8262616840,Sold,27/02/2026 14:53:45,,https://images1.vinted.net/t/01_01e8e_PCCZNjgCAr3CkLGmQnPm15us/310x430/1772061137.webp?s=2117b91f1c30b0aa88641803524ac611fed233aa,3,8
Occchiale Prada 2026,209.65,Prada,0,https://www.vinted.it/items/8262609716-occchiale-prada-2026?referrer=catalog,1,8262609716,Sold,27/02/2026 14:53:45,,https://images1.vinted.net/t/01_02604_nLV5CdjKnEmyjMRCMXQkmZP8/310x430/1772060911.webp?s=e37dcd645a0207e44e8b224ef3c3dc793b470510,3,8
Parfum prada pardox,95.2,Prada,0,https://www.vinted.it/items/8262594791-parfum-prada-pardox?referrer=catalog,0,8262594791,Sold,27/02/2026 14:53:45,,https://images1.vinted.net/t/06_00204_SbYxCP3HrHkJekQNaUK9WAA3/310x430/1772060474.webp?s=ea811b5fd94dc32f6c9a9861af58adeae21efd6e,3,8
Porte feuille Prada,294.7,Prada,0,https://www.vinted.it/items/8262587595-porte-feuille-prada?referrer=catalog,8,8262587595,Sold,27/02/2026 14:53:45,,https://images1.vinted.net/t/01_0168c_7wndmrDcdgrAHQkAQV138W6v/310x430/1772060282.webp?s=36510be1b653a7ecca75997bd4a896ff963e831c,3,8
Prada kartenhalter 1 ZU 1,16.45,Prada,0,https://www.vinted.it/items/8262572123-prada-kartenhalter-1-zu-1?referrer=catalog,18,8262572123,Sold,27/02/2026 14:53:45,,https://images1.vinted.net/t/04_00c85_4cr2x8oymg8ChNKxLw3fGiLz/310x430/1772059886.webp?s=11cb5512c7674a55f2b5e44e65ddb9846aec2f20,3,8
Perfume Prada,42.7,Prada,0,https://www.vinted.it/items/8262564442-perfume-prada?referrer=catalog,4,8262564442,Sold,27/02/2026 14:53:45,,https://images1.vinted.net/t/03_00666_J5hwuWoKK5wDmPT8CdSkRWkz/310x430/1772188670.webp?s=244d8f9cb6ede31fe5917969f2608324b9f7f953,3,8
Livre prada collector bleu ciel,8.05,No brand,0,https://www.vinted.it/items/8262556891-livre-prada-collector-bleu-ciel?referrer=catalog,9,8262556891,Sold,27/02/2026 14:53:45,,https://images1.vinted.net/t/05_01353_jJqnqMRxi62kv7UZyYTimzzo/310x430/1772059524.webp?s=00901e0f1ffcf27a1bc9548257d995eabb8e6ce2,3,8
Sweat Prada,305.2,Prada,L,https://www.vinted.it/items/8262555037-sweat-prada?referrer=catalog,5,8262555037,Sold,27/02/2026 14:53:45,,https://images1.vinted.net/t/01_00794_Dq2J66KTmLrW2D3VdnwxfzPM/310x430/1772059482.webp?s=f96fc6ed636baedc3db9516fee765561addb512c,3,8
Bouteille Prada Virtual Flower,11.2,Prada,0,https://www.vinted.it/items/8262537858-bouteille-prada-virtual-flower?referrer=catalog,2,8262537858,Sold,27/02/2026 14:53:45,,https://images1.vinted.net/t/05_010e1_bD9r313MHe6iyztiNQXYKtUN/310x430/1772059096.webp?s=3fc3d47e2e5e1c2b99b42940862bd736b1f3ebe9,3,8
Bouteille Prada intense,11.2,Prada,0,https://www.vinted.it/items/8262532563-bouteille-prada-intense?referrer=catalog,6,8262532563,Sold,27/02/2026 14:53:45,,https://images1.vinted.net/t/04_01b60_Q2zbyPCL2k4TDJMCd1RVaNVf/310x430/1772058981.webp?s=edbd6149435472bd0dc397f1dd775292696e1065,3,8
Prada Sonnenbrille,142.45,Prada,0,https://www.vinted.it/items/8262504726-prada-sonnenbrille?referrer=catalog,0,8262504726,Sold,27/02/2026 14:53:45,,https://images1.vinted.net/t/01_012fc_QkJsPaoMpspiQPxJZWsEC2gB/310x430/1772058425.webp?s=a35ca800cafdccfc2bc0f6d4762ac1273201d74f,3,8
Scatola Prada,9.1,Prada,0,https://www.vinted.it/items/8262453697-scatola-prada?referrer=catalog,0,8262453697,Sold,27/02/2026 14:53:45,,https://images1.vinted.net/t/04_0127d_pf6iHTSxbmzYeGmYvBXz9YmH/310x430/1772057531.webp?s=78afa27bc430a2b3e6e12eb23d4ddc466304de78,3,8
Scarpe Prada,630.7,Prada,43,https://www.vinted.it/items/8262424907-scarpe-prada?referrer=catalog,3,8262424907,Sold,27/02/2026 14:53:45,,https://images1.vinted.net/t/05_0115f_yLEdUznLSRVo3BdxNzeeJ379/310x430/1772057082.webp?s=b1dc1d116886cf3601d140116ed147d6b02dfc9a,3,8
Lunettes Prada,84.7,Prada,0,https://www.vinted.it/items/8262421007-lunettes-prada?referrer=catalog,32,8262421007,Sold,27/02/2026 14:53:45,,https://images1.vinted.net/t/06_00f7e_pWmMyDNCbLQBc9XaSNM8aQrm/310x430/1772057022.webp?s=552ab6c9b5b7ed2170fbdf95154471d93cced61c,3,8
Prada Cups,630.7,Prada,44,https://www.vinted.it/items/8262393446-prada-cups?referrer=catalog,2,8262393446,Sold,27/02/2026 14:53:45,,https://images1.vinted.net/t/06_022d0_kh1FFSDrX3o9zr2PH28wcJYe/310x430/1772056617.webp?s=b11bce4806912f9cac77a768954cef007f943f51,3,8
Prada,126.7,Prada,41,https://www.vinted.it/items/8262386788-prada?referrer=catalog,28,8262386788,Sold,27/02/2026 14:53:45,,https://images1.vinted.net/t/01_00370_Byuy8nuWJsL4DSdDdHh6ZudS/310x430/1772056520.webp?s=c5be576ffe7a99f48948f51c736300c1d189e26f,3,8
Coppia di calici Prada,315.7,Prada,0,https://www.vinted.it/items/8262382597-coppia-di-calici-prada?referrer=catalog,2,8262382597,Sold,27/02/2026 14:53:45,,https://images1.vinted.net/t/05_000b9_trvqR4EvBgyamHM8DvJj92Ux/310x430/1772056461.webp?s=937c8511e4245dd569a7572e28a2f0254c0e52fc,3,8
Prada Paradoxe Intense 90ml - NUEVO,42.7,Prada,0,https://www.vinted.it/items/8262380861-prada-paradoxe-intense-90ml-nuevo?referrer=catalog,8,8262380861,Sold,27/02/2026 14:53:45,,https://images1.vinted.net/t/04_0070d_yMV15bD3HJJjXBknLKzTbgLn/310x430/1772056436.webp?s=c0767737e312966ab5b2401396937ce419cfd390,3,8
Gafa de sol PRADA,157.15,Prada,0,https://www.vinted.it/items/8262380341-gafa-de-sol-prada?referrer=catalog,8,8262380341,Sold,27/02/2026 14:53:45,,https://images1.vinted.net/t/06_0058b_cKSobn37dZqP95wrcZgGfjBY/310x430/1772056428.webp?s=1246c3d10f9ce53f0689c2a2e7ab1066868a5a63,3,8
Spilla Prada,210.7,Prada,0,https://www.vinted.it/items/8262344621-spilla-prada-accessorio-per-capo-di-abbigliamento?referrer=catalog,8,8262344621,Sold,27/02/2026 14:53:45,,https://images1.vinted.net/t/06_01b2c_7F3aRnusemrfSxMbvVo669MU/310x430/1772055941.webp?s=34a9e42351ac70624787af93e11595d06be1172d,3,8
Portafoglio Prada,525.7,Prada,0,https://www.vinted.it/items/8262307068-portafoglio-prada?referrer=catalog,0,8262307068,Sold,27/02/2026 14:53:45,,https://images1.vinted.net/t/06_0108d_PmVR4RzzHch3BXFqXnWKEcze/310x430/1772055465.webp?s=13cdb889627532a18b13bb9c10afb0badf74b7b7,3,8
Occhiali da sole PRADA donna – come,315.7,Prada,0,https://www.vinted.it/items/8262295731-occhiali-da-sole-prada-donna-come?referrer=catalog,0,8262295731,Sold,27/02/2026 14:53:45,,https://images1.vinted.net/t/04_015cf_MHZs6qcSN94Z4QzM7tcjtJxj/310x430/1772055478.webp?s=56fdb554d98bc8e1cecebceed583534ec9e07a4b,3,8
Recharge baume à lèvre,11.2,Prada,0,https://www.vinted.it/items/8262281933-recharge-baume-a-levre?referrer=catalog,5,8262281933,Sold,27/02/2026 14:53:45,,https://images1.vinted.net/t/01_00415_c6vSF93nimVJeaRcrNaWYbFE/310x430/1772055158.webp?s=f6017c1a4e36efab112520d7586b170831749e22,3,8
Sabot Prada Saten,347.2,Prada,37.5,https://www.vinted.it/items/8262262845-sabot-prada-saten?referrer=catalog,76,8262262845,Sold,27/02/2026 14:53:45,,https://images1.vinted.net/t/06_01ed3_MkB9GchfzY8YEaJhVomLtwox/310x430/1772054936.webp?s=a30779eee1c459cabf8eb716b777622b8bdae6dd,3,8
Prada miniatura di profumo,14.35,Prada,0,https://www.vinted.it/items/8262231298-prada-miniatura-di-profumo?referrer=catalog,0,8262231298,Sold,27/02/2026 14:53:45,,https://images1.vinted.net/t/05_011e8_oUjngMAR24dQPCettz6VjKnV/310x430/1772054574.webp?s=523e0363d941863eaf8d47c71924409b9b2daf92,3,8
Profumo Prada 100ml,81.54,Prada,0,https://www.vinted.it/items/8262225869-profumo-prada-100ml?referrer=catalog,2,8262225869,Sold,27/02/2026 14:53:45,,https://images1.vinted.net/t/01_002a1_eqehUeoE8wDCyLJU5y6sYX9V/310x430/1772054514.webp?s=3607b19eabc15131f74c82c11038d18fbc1e65a9,3,8
Sac a main Prada re-edition 2005,945.7,Prada,0,https://www.vinted.it/items/8262198340-sac-a-main-prada-re-edition-2005?referrer=catalog,1,8262198340,Sold,27/02/2026 14:53:45,,https://images1.vinted.net/t/04_023c1_LsJdc3kKWKKQfpQfarrXJxFa/310x430/1772054215.webp?s=f56e218c3b666c946e187048134d484f37ad2d8b,3,8
Perfume Prada Milano La Femme,68.95,Prada,0,https://www.vinted.it/items/8262189145-perfume-prada-milano-la-femme?referrer=catalog,2,8262189145,Sold,27/02/2026 14:53:45,,https://images1.vinted.net/t/03_02371_gpmPU5L2GximutcdZkoQpnhE/310x430/1772054116.webp?s=dc1d038d820dc204ef7c9e021e42897de7460e71,3,8
Pendientes plata esmaltado Agatha Ruiz de la Prada,16.45,Agatha Ruiz de la Prada,0,https://www.vinted.it/items/8262187977-pendientes-plata-esmaltado-agatha-ruiz-de-la-prada?referrer=catalog,1,8262187977,Sold,27/02/2026 14:53:45,,https://images1.vinted.net/t/01_0174c_RTrAceE7nwk3KNuESTTJeLhS/310x430/1772054103.webp?s=bdb00c7ea0589f3e58be4d00bc11c10b5ae7f3de,3,8
Basket,194.95,Prada,41,https://www.vinted.it/items/8262181785-basket?referrer=catalog,1,8262181785,Sold,27/02/2026 14:53:45,,https://images1.vinted.net/t/05_01f94_6bssAuDWrQovxbKMqSnzeYnP/310x430/1772054040.webp?s=c635d98f2d5f3de2c040bffb5c1cb84fec52bf0d,3,8
Prada bomber nero iconico con logo triangolo – 52 – originale,520.45,Prada,XL,https://www.vinted.it/items/8262165322-prada-bomber-nero-iconico-con-logo-triangolo-52-originale?referrer=catalog,0,8262165322,Sold,27/02/2026 14:53:45,,https://images1.vinted.net/t/06_0049b_vdJTKDhQ65E9yLpD7RZMcaLS/310x430/1772053870.webp?s=696ea3114fe94f32a02cde4ddcef00b637d5344a,3,8
Conjunto bufanda y gorro agatha Ruiz,35.35,Agatha Ruiz de la Prada,8-12 anni,https://www.vinted.it/items/8262164417-conjunto-bufanda-y-gorro-agatha-ruiz?referrer=catalog,58,8262164417,Sold,27/02/2026 14:53:45,,https://images1.vinted.net/t/06_003c1_iZrvdGKQyW42EK7uL4L9Ahm5/310x430/1772053861.webp?s=d4cac559fbb7ce4e5f75416e8a17133d5544d471,3,8
Perfume Prada,63.7,Prada,0,https://www.vinted.it/items/8262156335-perfume-prada?referrer=catalog,2,8262156335,Sold,27/02/2026 14:53:45,,https://images1.vinted.net/t/06_0055d_Zt1Kn1CBLfbQv2Ze2NJ4tY71/310x430/1772053779.webp?s=9f47f45c12a753cecb8a9debb9b8c28a6fc204e0,3,8
Parfum Paradox Intense Prada,84.7,Prada,0,https://www.vinted.it/items/8262146501-parfum-paradox-intense-prada?referrer=catalog,0,8262146501,Sold,27/02/2026 14:53:45,,https://images1.vinted.net/t/05_01041_fCQvQVi2h2J36T5ef188ioNT/310x430/1772053682.webp?s=090b14671ba581a189217d1cdb968659ab9a6197,3,8
Paire de prada,420.7,Prada,41,https://www.vinted.it/items/8262134097-paire-de-prada?referrer=catalog,5,8262134097,Sold,27/02/2026 14:53:45,,https://images1.vinted.net/t/05_01f6d_CyEgAAGAN7nmjcU7GuwC9gQy/310x430/1772053560.webp?s=010a79eed7b865a7b5d242fd07f19e8f024387a5,3,8
Prada Milano Scarpa in camoscio e pelle,104.65,Prada,38,https://www.vinted.it/items/8262111925-prada-milano-scarpa-in-camoscio-e-pelle?referrer=catalog,1,8262111925,Sold,27/02/2026 14:53:45,,https://images1.vinted.net/t/05_01a41_vJSU2xaJjf2eLTDukH36V7hS/310x430/1772053345.webp?s=a6fdf4dcc4bd2dd20ebc54d47a9d48f308286fc5,3,8
Pochette Prada,368.2,Prada,0,https://www.vinted.it/items/8262107656-pochette-prada?referrer=catalog,6,8262107656,Sold,27/02/2026 14:53:45,,https://images1.vinted.net/t/06_00aa4_q2x5MoQZPYxheBHfnAGY8sju/310x430/1772053304.webp?s=0aa1f08170566533fcad66bdb5de54279ef3507d,3,8
Rouge à lèvres Prada Monochrome neuf,30.1,Prada,0,https://www.vinted.it/items/8262094124-rouge-a-levres-prada-monochrome-neuf?referrer=catalog,1,8262094124,Sold,27/02/2026 14:53:45,,https://images1.vinted.net/t/05_00a99_YWQ86DeR9mpmrkcZtea1scTM/310x430/1772053176.webp?s=e22618dc757a5ac8fa93257ab279cc3046d33ff6,3,8
Prada cup,452.2,Prada,43,https://www.vinted.it/items/8262079959-prada-cup?referrer=catalog,5,8262079959,Sold,27/02/2026 14:53:45,,https://images1.vinted.net/t/05_02366_UdoDp5g1mwitxBUxXnyKqmkq/310x430/1772053042.webp?s=740f0455b2e0b6fd8e910d019887274293d7a44e,3,8
Prada Intense eau de parfum 90 ml,95.2,Prada,0,https://www.vinted.it/items/8262065615-prada-intense-eau-de-parfum-90-ml?referrer=catalog,1,8262065615,Sold,27/02/2026 14:53:45,,https://images1.vinted.net/t/05_0061a_nPRK7A78xvjHaoU4jMA451Md/310x430/1772052907.webp?s=91a4638d6a1dcacc6b6cea4f6d331e7bca6b8695,3,8
Lunettes de soleil Prada Línea Rossa,221.2,Prada,0,https://www.vinted.it/items/8262053596-lunettes-de-soleil-prada-linea-rossa?referrer=catalog,36,8262053596,Sold,27/02/2026 14:53:45,,https://images1.vinted.net/t/06_0196c_mghntKNPaQVRgnxapWnqwkd8/310x430/1772052797.webp?s=01c1b163553357557e6f197bfa804b68ce3f4694,3,8
Borsa Prada,578.2,Prada,0,https://www.vinted.it/items/8230068547-borsa-prada?referrer=catalog,1,8230068547,Sold,27/02/2026 14:53:45,,https://images1.vinted.net/t/06_009b6_qdRgLQgj2Qdca37LfrVNHodQ/310x430/1771706933.webp?s=962f53c29ceef6750ff2e4e3c0def3c2ed2154e2,3,8
Bonnet PRADA,39.55,No brand,Taglia unica,https://www.vinted.it/items/8262030817-bonnet-prada?referrer=catalog,11,8262030817,Sold,27/02/2026 14:53:45,,https://images1.vinted.net/t/03_01d7f_g9i7xeoA8V9F4HLi7u85LDfE/310x430/1772052587.webp?s=18bdca313c2967782edb692bfd34931fe1262f18,3,8
borsello prada,74.2,Footkorner,0,https://www.vinted.it/items/8261996706-borsello-prada?referrer=catalog,12,8261996706,Sold,27/02/2026 14:53:45,,https://images1.vinted.net/t/05_01a91_1Bgp1Y5CttQDyoRY6Y8DvpQ7/310x430/1772052278.webp?s=25a2d4ee83843ba3292280237d7dff686b790948,3,8
felpa prada,23.8,Footkorner,XL,https://www.vinted.it/items/8261981268-felpa-prada?referrer=catalog,1,8261981268,Sold,27/02/2026 14:53:45,,https://images1.vinted.net/t/01_00ab6_BEsDEApqyDUmru1fsgK35Yy9/310x430/1772052142.webp?s=525c31eb553a903bc3f473088642e50f4dfd0c55,3,8
Prada pochette nylon nera,520.45,Prada,0,https://www.vinted.it/items/8261946505-prada-pochette-nylon-nera?referrer=catalog,1,8261946505,Sold,27/02/2026 14:53:45,,https://images1.vinted.net/t/05_00f09_R8BB9Pe8NtVfwZV4EuYbpHVB/310x430/1772051832.webp?s=1ccc06e66baf3417c35b526f30b1c6f9f0d9718d,3,8
Prada cups,420.69,prada cups,42,https://www.vinted.it/items/8261922739-prada-cups?referrer=catalog,1,8261922739,Sold,27/02/2026 14:53:45,,https://images1.vinted.net/t/01_00a5f_4iDsHxy3E1fCnAxCs8F6fucj/310x430/1772051624.webp?s=7594611cc816b21ecb160daf22b14513eeb1f8d3,3,8
Borsa Prada,840.7,Prada,0,https://www.vinted.it/items/8261819558-borsa-prada?referrer=catalog,38,8261819558,Sold,27/02/2026 14:53:45,,https://images1.vinted.net/t/06_0171f_G74T3PANXBuFxzZ6pLL4c1gW/310x430/1772050738.webp?s=b7edd73851f6a24ef6d19def7a70eec339a4fd90,3,8
Prada S PR65z taille 55,179.2,Prada,0,https://www.vinted.it/items/8261819250-prada-s-pr65z-taille-55?referrer=catalog,59,8261819250,Sold,27/02/2026 14:53:45,,https://images1.vinted.net/t/06_01eac_eC1GraiygXxsm6C9AQmnwmzy/310x430/1772050735.webp?s=bb322436ca9c31102209e4308a444f91610da2d0,3,8
Prada Re-Nylon,840.7,Prada,0,https://www.vinted.it/items/8261780281-prada-re-nylon?referrer=catalog,2,8261780281,Sold,27/02/2026 14:53:45,,https://images1.vinted.net/t/06_00a3d_6czvWBdzbwmrKLpezQ9YAUVw/310x430/1772050406.webp?s=bc6f169f54063ea471b81f1a63d1f4f743130b2b,3,8
Libros,16.45,No brand,0,https://www.vinted.it/items/8261773065-libros?referrer=catalog,0,8261773065,Sold,27/02/2026 14:53:45,,https://images1.vinted.net/t/05_01d08_LCgQaZAsa7magWr7jmFhNX5D/310x430/1772050346.webp?s=21060ba40a2d858e07a8c5b7927cf0c1701d5283,3,8
Vengeance en Prada,3.85,No brand,0,https://www.vinted.it/items/8261767378-vengeance-en-prada?referrer=catalog,0,8261767378,Sold,27/02/2026 14:53:45,,https://images1.vinted.net/t/06_026d1_vociKMDn5MHW8QQcTeXiF4GM/310x430/1772050298.webp?s=67a8862447a01b74b6c72af54c27545a77f8bc9a,3,8
Prada cups,74.2,Prada,42,https://www.vinted.it/items/8261754776-prada-cups?referrer=catalog,104,8261754776,Sold,27/02/2026 14:53:45,,https://images1.vinted.net/t/01_01404_7ZPtZtAisUc1KFabyRFoy8KZ/310x430/1772050194.webp?s=79c4ac1292bc87ff991923528060b791f4736734,3,8
Pochette Prada,315.7,Prada,0,https://www.vinted.it/items/8273941219-pochette-prada?referrer=catalog,1,8273941219,Sold,28/02/2026 23:08:43,,https://images1.vinted.net/t/06_026fa_ffSN4PFJw7mdyKQemddxpuTX/310x430/1772209555.webp?s=8bf6a5d23b10c9b22634eee4252349c45035e53a,3,8
Prada SPR 62S 1AB-0A7 occhiali da sole,131.95,Prada,0,https://www.vinted.it/items/8273915024-prada-spr-62s-1ab-0a7-occhiali-da-sole?referrer=catalog,3,8273915024,Sold,28/02/2026 23:08:43,,https://images1.vinted.net/t/06_01320_QY7f32Krt8UAgyGFgdpxSEWj/310x430/1772209372.webp?s=e821cc5a6cd57e7418b703ee14a45ca051f3a114,3,8
O diabo veste Prada,5.95,No brand,0,https://www.vinted.it/items/8273896537-o-diabo-veste-prada-lauren-weiberger?referrer=catalog,3,8273896537,Sold,28/02/2026 23:08:43,,https://images1.vinted.net/t/01_01bf6_dwP85acYkJieBmLTSyZTnSWH/310x430/1772209244.webp?s=766e4512c6fa734ed88088b8105e5109e29fb671,3,8
Pantaloni PRADA neri,74.2,Prada,S,https://www.vinted.it/items/8273884787-pantaloni-prada-neri?referrer=catalog,12,8273884787,Sold,28/02/2026 23:08:43,,https://images1.vinted.net/t/04_008db_25P2Sr5YznzXK5oGwy47NdMU/310x430/1772209162.webp?s=0ce086433c25260b78c4647036fa649b898aac57,3,8
Prada Hemd Korte Mouwen Zwart,630.7,Prada,M,https://www.vinted.it/items/8273858505-prada-hemd-korte-mouwen-zwart?referrer=catalog,1,8273858505,Sold,28/02/2026 23:08:43,,https://images1.vinted.net/t/06_00cde_C7JBYP97HkbZNsoPZELvv5BX/310x430/1772208979.webp?s=28288769dbeae4d91283472b2fda52acdfde9659,3,8
Prada x Raf Simons Re-Nylon Bomber Jacket,1.62295,Prada,L,https://www.vinted.it/items/8273856570-prada-x-raf-simons-re-nylon-bomber-jacket?referrer=catalog,2,8273856570,Sold,28/02/2026 23:08:43,,https://images1.vinted.net/t/06_023c2_j4MMJjxozjNKPhZqymTQPGjM/310x430/1772208966.webp?s=395ce387c4ab70a3b5d47b4f03d359c34ce93e1a,3,8
Lunette de soleil Prada,137.2,Prada,0,https://www.vinted.it/items/8273844089-lunette-de-soleil-prada?referrer=catalog,3,8273844089,Sold,28/02/2026 23:08:43,,https://images1.vinted.net/t/05_0102e_deBmY2aprT87jJdfdF5qx2Kg/310x430/1772208878.webp?s=46835d76d3857673cd9c807bc5e3771afd4cc6a6,3,8
Bikini mujer agatha ruiz de la prada nuevo,47.95,Agatha Ruiz de la Prada,M / IT 42 / EU 38,https://www.vinted.it/items/8273834815-bikini-mujer-agatha-ruiz-de-la-prada-nuevo?referrer=catalog,2,8273834815,Sold,28/02/2026 23:08:43,,https://images1.vinted.net/t/06_0100b_A7B4ywmvPAcsxP2WwBuxZMLa/310x430/1772208815.webp?s=1a5740163a151572ce3e1904e6d6cd6c3612179e,3,8
Prada Pradoxe virtual flower 50 ml eau de parfum,47.95,Prada,0,https://www.vinted.it/items/8273830229-prada-pradoxe-virtual-flower-50-ml-eau-de-parfum?referrer=catalog,2,8273830229,Sold,28/02/2026 23:08:43,,https://images1.vinted.net/t/05_00bb6_HLEC3RH8kkNtrgptkuR6UPrr/310x430/1772208783.webp?s=9c83c6c502bb9f42f9ace0c7b6548d575cea2926,3,8
Prada polo,95.2,Prada,M,https://www.vinted.it/items/8273802031-prada-polo?referrer=catalog,0,8273802031,Sold,28/02/2026 23:08:43,,https://images1.vinted.net/t/06_014d1_93ZyMM8twZgdSNExbgrup8mp/310x430/1772208589.webp?s=4e23f3501977aadd5000d04a6a7349b320c50f73,3,8
Prada paradigme,86.8,Prada,0,https://www.vinted.it/items/8273795249-prada-paradigme?referrer=catalog,1,8273795249,Sold,28/02/2026 23:08:43,,https://images1.vinted.net/t/05_02615_UAjHGKgo6CJah2W6g8BAHev1/310x430/1772208543.webp?s=d3eca63772b3a5f3a803ce711edfec21dc624e35,3,8
Agenda Prada settimanale 2026,37.45,Prada,0,https://www.vinted.it/items/8273794579-agenda-prada-settimanale-2026?referrer=catalog,2,8273794579,Sold,28/02/2026 23:08:43,,https://images1.vinted.net/t/06_0229d_XNwTr4tYrz7tVihdiuVCmDca/310x430/1772208538.webp?s=8c99dc431acfd8e43b7d85991c879c8b8b92c98c,3,8
Polo prada,11.2,Local,L,https://www.vinted.it/items/8273713169-polo-prada?referrer=catalog,0,8273713169,Sold,28/02/2026 23:08:43,,https://images1.vinted.net/t/01_01831_LFkHts7dTVCEDsazr45jCFSf/310x430/1772208335.webp?s=6f3c7f8e748ec5fcbb6161850870c8860d4b3054,3,8
Prada cup,168.7,Prada,38,https://www.vinted.it/items/8273736540-prada-cup?referrer=catalog,3,8273736540,Sold,28/02/2026 23:08:43,,https://images1.vinted.net/t/06_00279_o51o6dqPVruJeEMwvJ7wJFVK/310x430/1772208140.webp?s=5a1f9869f3365528d517f467bf8f443e113ca062,3,8
Prada 2026 spring sunglasses new,89.95,Prada,0,https://www.vinted.it/items/8273700239-prada-2026-spring-sunglasses-new?referrer=catalog,0,8273700239,Sold,28/02/2026 23:08:43,,https://images1.vinted.net/t/05_02294_QLhFngucdZ2Mw1i2RPvQe2cr/310x430/1772207887.webp?s=58063207f9b45e2530ade0e6aa5451718279699d,3,8
Lunette Prada modèle PR À 06S,252.7,Prada,0,https://www.vinted.it/items/8273672028-lunette-prada-modele-pr-a-06s?referrer=catalog,1,8273672028,Sold,28/02/2026 23:08:43,,https://images1.vinted.net/t/05_01bc2_EfKHwAPswJpXr27hAaCZUzqR/310x430/1772207695.webp?s=7000a2de5ba9b310cf8e0e29812dc734b20e2773,3,8
Occhiali Prada,104.65,Prada,0,https://www.vinted.it/items/8273658829-occhiali-prada?referrer=catalog,6,8273658829,Sold,28/02/2026 23:08:43,,https://images1.vinted.net/t/04_019ac_C6jwy2wgPCVEcjeGpKutpaqm/310x430/1772207604.webp?s=3deee12d97e5844232eb41cc48d7411ce9a7a521,3,8
Perfume Prada paradigms hombre 100 ml,58.45,Prada,0,https://www.vinted.it/items/8245095255-perfume-prada-paradigms-hombre-100-ml?referrer=catalog,0,8245095255,Sold,28/02/2026 23:08:43,,https://images1.vinted.net/t/04_01dec_XLH86pPLHSz8PRVsku5xh1vp/310x430/1771861685.webp?s=52ec44eb37dcf48ee6b95d045f651d182278200d,3,8
cabas prada neuf raffia,1.1557,Prada,0,https://www.vinted.it/items/8273561928-cabas-prada-neuf-raffia?referrer=catalog,1,8273561928,Sold,28/02/2026 23:08:43,,https://images1.vinted.net/t/05_00015_QfPqgCe2mPdn2PxqwX7Husmy/310x430/1772206938.webp?s=b27a3f13095b32d6caaee6b4b52d274410f1f852,3,8
Escarpins Prada,284.2,Prada,39,https://www.vinted.it/items/8273556076-escarpins-prada?referrer=catalog,0,8273556076,Sold,28/02/2026 23:08:43,,https://images1.vinted.net/t/06_018b3_4CnzNhg8dQGtfUh2n7tmk1Ae/310x430/1772206898.webp?s=10c54552d84fb4e2c8bc5d8c3709f7345f2296f7,3,8
Prada pochette più detergente viso più crema,42.7,Prada,0,https://www.vinted.it/items/8273533928-prada-pochette-piu-detergente-viso-piu-crema?referrer=catalog,4,8273533928,Sold,28/02/2026 23:08:43,,https://images1.vinted.net/t/01_0066c_Eohw4u4oisPwgqqiXi4sraZt/310x430/1772206742.webp?s=1229d2149f5743e4f1f7d61f0c0d36a53be3f9e2,3,8
Paradoxe Parfum Intense de Prada Femme 90ml rechargeable | sous-blister ~ sac offert,62.65,Prada,0,https://www.vinted.it/items/8273480891-paradoxe-parfum-intense-de-prada-femme-90ml-rechargeable-sous-blister-sac-offert?referrer=catalog,16,8273480891,Sold,28/02/2026 23:08:43,,https://images1.vinted.net/t/01_012a2_NBT1TE7ugT1reVx882mqFdng/310x430/1772206370.webp?s=6a9700077bf9d3cc23882645589769fd5c0e01f8,3,8
Prada America’s Cup,735.7,Prada,40,https://www.vinted.it/items/8273525264-prada-americas-cup?referrer=catalog,2,8273525264,Sold,28/02/2026 23:08:43,,https://images1.vinted.net/t/06_00318_euqPV1TPLqPQeTtnjRSxULcr/310x430/1772206681.webp?s=ca483c74270a377bdff23351d4cddb63d633d5d2,3,8
Maglione Prada,263.2,Prada,XS / IT 38 / EU 34,https://www.vinted.it/items/8273520080-maglione-prada?referrer=catalog,3,8273520080,Sold,28/02/2026 23:08:43,,https://images1.vinted.net/t/05_0168f_i1wLrgsjqEviTGe5Ydj13boc/310x430/1772206646.webp?s=d797173906dad425bf0a93830d76fa04908ff673,3,8
Prada cups black,105.7,Prada,42,https://www.vinted.it/items/8273479988-prada-cups-black?referrer=catalog,15,8273479988,Sold,28/02/2026 23:08:43,,https://images1.vinted.net/t/01_01a1b_Aixby86y5M9jiVKYC7dcJhA1/310x430/1772206363.webp?s=d9d73e8b262279b2e1f09cd6c16d89f38cf3afd1,3,8
Boîtier à lunettes et chiffon de nettoyage Prada,10.15,Prada,0,https://www.vinted.it/items/8273499605-boitier-a-lunettes-et-chiffon-de-nettoyage-prada?referrer=catalog,4,8273499605,Sold,28/02/2026 23:08:43,,https://images1.vinted.net/t/06_019c7_3ndJ5eAXA1TpxVcoauSXdSYj/310x430/1772206501.webp?s=6f3f9d42c82c97e33176e404e273c55184cc0300,3,8
Manteau doudoune noir nylon prada,136.15,No brand,S,https://www.vinted.it/items/8273403402-manteau-doudoune-noir-nylon-prada-taille-s-neuf?referrer=catalog,7,8273403402,Sold,28/02/2026 23:08:43,,https://images1.vinted.net/t/06_01b57_T5REKMM5XprtQAUeB6SaUAW5/310x430/1772205830.webp?s=9d52d6df8d35aa97dca36cda5b40df0ac30bf030,3,8
Occhiali Prada,100.45,Prada,0,https://www.vinted.it/items/8273398986-occhiali-prada?referrer=catalog,2,8273398986,Sold,28/02/2026 23:08:43,,https://images1.vinted.net/t/06_0187a_2sXE46HpxYeRtVWspCzfPgfB/310x430/1772205799.webp?s=422e566c708377466ab8383e2e084bbc05708f18,3,8
Prada cup,142.45,Prada,43,https://www.vinted.it/items/8273338675-prada-cup?referrer=catalog,2,8273338675,Sold,28/02/2026 23:08:43,,https://images1.vinted.net/t/05_00860_RWmnfH9Yp1imBQqiFkZoK34j/310x430/1772205376.webp?s=d0b651c6b3606ae09fcaedbe4f69d075b45e7ec2,3,8
Aceitero y vinagrero,13.3,Agatha Ruiz de la Prada,0,https://www.vinted.it/items/8273316491-aceitero-y-vinagrero?referrer=catalog,23,8273316491,Sold,28/02/2026 23:08:43,,https://images1.vinted.net/t/05_016ec_Tp9n3KfrVGjaUV88GsuKN2yY/310x430/1772205221.webp?s=8af318eec785694537fdbf32901105a1a36c286d,3,8
Prada Paradoxe Neu 90ml,57.4,Prada,0,https://www.vinted.it/items/8273314353-prada-paradoxe-neu-90ml?referrer=catalog,9,8273314353,Sold,28/02/2026 23:08:43,,https://images1.vinted.net/t/06_003f7_YtvNb26hozqf876Ht3jLaKg2/310x430/1772205206.webp?s=377470b8835a6a611b4bff758df7ed78dc3d8449,3,8
Beauty PRADA,58.45,Prada,0,https://www.vinted.it/items/8264686488-beauty-prada?referrer=catalog,0,8264686488,Sold,27/02/2026 14:53:16,,https://images1.vinted.net/t/06_017d8_8Db1h1VFCaKYKkqoRssWbD4B/310x430/1772106645.webp?s=3e9290f6e725374721f4624eecc43c81ebcae7e6,3,7
Perfume de mulher,89.95,Prada,0,https://www.vinted.it/items/8264680994-perfume-de-mulher?referrer=catalog,0,8264680994,Sold,27/02/2026 14:53:16,,https://images1.vinted.net/t/06_01a54_WwoWwMyhWeYJrQuHCnGFQAZe/310x430/1772106603.webp?s=6e38fd5c6d4dc6f1dddc38f5d8190dc3c934aeb3,3,7
Polo Prada,89.95,Prada,S / IT 40 / EU 36,https://www.vinted.it/items/8264657235-polo-prada?referrer=catalog,0,8264657235,Sold,27/02/2026 14:53:16,,https://images1.vinted.net/t/03_012d5_n4XnxKXoHzuozAwLn5F9odXu/310x430/1772106420.webp?s=dd8aaa37e49c553a797aedbe13669e8a619b08af,3,7
Pradas cup,137.2,Prada’s,45,https://www.vinted.it/items/8264643025-pradas-cup?referrer=catalog,0,8264643025,Sold,27/02/2026 14:53:16,,https://images1.vinted.net/t/05_01972_kJAjmdEnkYoD3sSytM25FgkE/310x430/1772106311.webp?s=19d8b25613d1467ced786e01b6844be4dc38de62,3,7
occhiali prada PR 02ZS U430A9,189.7,Prada,0,https://www.vinted.it/items/8264642244-occhiali-prada-pr-02zs-u430a9?referrer=catalog,2,8264642244,Sold,27/02/2026 14:53:16,,https://images1.vinted.net/t/06_01363_by4aPj2MnWbM9CJ5KGLLtkTG/310x430/1772106305.webp?s=9da13ab11cfb36bdc1455e110fcab0f05028fd53,3,7
Gafas de sol Prada,74.2,Prada,0,https://www.vinted.it/items/8264640144-gafas-de-sol-prada?referrer=catalog,1,8264640144,Sold,27/02/2026 14:53:16,,https://images1.vinted.net/t/01_01edf_Js1HdqEbWf58b6tk1ANTySux/310x430/1772106289.webp?s=d5d5d7afe1c6070ef1f2fa9ece684d39a1397919,3,7
Rouge à lèvre nude rosé Prada,26.95,Prada,0,https://www.vinted.it/items/8264630237-rouge-a-levre-nude-rose-prada?referrer=catalog,10,8264630237,Sold,27/02/2026 14:53:16,,https://images1.vinted.net/t/06_00cce_ytyyuUpYC2FET7s7577z5Xoj/310x430/1772106215.webp?s=b2be5a8119aa223a3aaeac677411480facd8cd2c,3,7
Borsa blu nylon “Prada”,368.2,Prada,0,https://www.vinted.it/items/8264628563-borsa-blu-nylon-prada?referrer=catalog,0,8264628563,Sold,27/02/2026 14:53:16,,https://images1.vinted.net/t/04_0188a_nBZ8Na5tStnfELaSVL4VWiNu/310x430/1772106202.webp?s=c39fef63f69d894ef5c6eaa4d3aa44c363a2c0ac,3,7
Basket Prada,420.7,Prada,38,https://www.vinted.it/items/8264617392-basket-prada?referrer=catalog,3,8264617392,Sold,27/02/2026 14:53:16,,https://images1.vinted.net/t/01_024d9_Tzo6TCWQE5ojJyGZN3ZKTy2o/310x430/1772106115.webp?s=5fad16b69e1bb4c9a3f9375476d54bd9a8ea4e64,3,7
Mocassins,420.7,Prada,43,https://www.vinted.it/items/8264594849-mocassins-prada?referrer=catalog,6,8264594849,Sold,27/02/2026 14:53:16,,https://images1.vinted.net/t/06_00365_tMAef9JmdDhQac4pJk7ZpBbm/310x430/1772105943.webp?s=cade9ce9f4b11be7a824b585f54aef30459df5d6,3,7
Prada cup noir vernis,88.9,Prada,41,https://www.vinted.it/items/8264556573-prada-cup-noir-vernis?referrer=catalog,102,8264556573,Sold,27/02/2026 14:53:16,,https://images1.vinted.net/t/06_00696_YFDSXPKkszX1EsqjcBYiX1s6/310x430/1772105654.webp?s=64459df6dc2ef682f068393426ceb4b1dc2f8e4f,3,7
Occhiali da sole Prada,126.7,Prada,0,https://www.vinted.it/items/8264530267-occhiali-da-sole-prada?referrer=catalog,0,8264530267,Sold,27/02/2026 14:53:16,,https://images1.vinted.net/t/01_00e1d_cx2ZPecbNudD91xDYRYskgV8/310x430/1772105452.webp?s=20163cd815c9cce2a5eb44fec353d6bcd1164d5c,3,7
Prada rose PR17WS,368.2,Prada,0,https://www.vinted.it/items/8264506756-prada-rose-pr17ws?referrer=catalog,0,8264506756,Sold,27/02/2026 14:53:16,,https://images1.vinted.net/t/06_020b2_ryQZKgC3wgTrFLJHxGhDAV1U/310x430/1772105273.webp?s=5131661006980ca2e30dcdfd874cac4c22059771,3,7
Sneakers Prada Milano rialzate,310.45,Prada,37,https://www.vinted.it/items/8264493047-sneakers-prada-milano-rialzate?referrer=catalog,0,8264493047,Sold,27/02/2026 14:53:16,,https://images1.vinted.net/t/06_0076d_HZ1HipqmNyq8WPxGM77zNxkY/310x430/1772105168.webp?s=bd01f8ed012e858be4f9778240a114314e32c65b,3,7
Parfum Paradoxe Prada radical essence 50ml neuf,68.95,Prada,0,https://www.vinted.it/items/8264485144-parfum-paradoxe-prada-radical-essence-50ml-neuf?referrer=catalog,3,8264485144,Sold,27/02/2026 14:53:16,,https://images1.vinted.net/t/05_00275_wDi4k7BxC6iVEUwZG9qCmL2J/310x430/1772105107.webp?s=c57950a49ab4f1d8d50588bb846d3e5cb4d2f9fb,3,7
Slipper Prada  schwarz,221.2,Prada,46,https://www.vinted.it/items/8264479909-slipper-prada-schwarz-grosse-12?referrer=catalog,2,8264479909,Sold,27/02/2026 14:53:16,,https://images1.vinted.net/t/05_01017_pFakLXVuNmUZLxGkQsUNooex/310x430/1772105068.webp?s=37aa7bab34c9317428fabf8afeb8504d7dff5438,3,7
Occhiali Prada,179.2,Prada,0,https://www.vinted.it/items/8264470478-occhiali-prada?referrer=catalog,2,8264470478,Sold,27/02/2026 14:53:16,,https://images1.vinted.net/t/04_002f5_P73MrVdaNW6qfa7DjEtPFypN/310x430/1772104996.webp?s=0e6b92e26e664ba10bd85b14c9c26e95b33eeaf8,3,7
Prada by Raf Simons Winter Handschuhe OVP Lammleder Kaschmir FW21 Debut Kollektion Grail,394.45,Prada,6,https://www.vinted.it/items/8264425801-prada-by-raf-simons-winter-handschuhe-ovp-lammleder-kaschmir-fw21-debut-kollektion-grail?referrer=catalog,3,8264425801,Sold,27/02/2026 14:53:16,,https://images1.vinted.net/t/06_002ec_JJeFcs5VucgmN8FpwV8jzDcu/310x430/1772104771.webp?s=096b7b470f150d11daa20b7f730952f5867afcd4,3,7
Falda Prada,510.0,Prada,S / IT 40 / EU 36,https://www.vinted.it/items/8264422652-falda-prada?referrer=catalog,18,8264422652,Sold,27/02/2026 14:53:16,,https://images1.vinted.net/t/06_013b2_rPXkUP7ydRDdMJ9DeewMFMZg/310x430/1772104637.webp?s=4abe7a125ef40a1148b82804f3cc9d9101e0d888,3,7
Blazer Prada Uomo Lana Leggera Blu Scuro,210.7,Prada,50,https://www.vinted.it/items/8264404793-blazer-prada-uomo-lana-leggera-blu-scuro?referrer=catalog,5,8264404793,Sold,27/02/2026 14:53:16,,https://images1.vinted.net/t/06_013bb_syrLBnnKg9Fh1siidg3bsnvi/310x430/1772104502.webp?s=3abdbe0dc844168e37a6deca5c3953d23d92e9fd,3,7
Rode handtas in PRADA-stijl,74.2,No brand,0,https://www.vinted.it/items/8264392591-rode-handtas-in-prada-stijl?referrer=catalog,2,8264392591,Sold,27/02/2026 14:53:16,,https://images1.vinted.net/t/05_022b5_KpkqkT65SRupnqWAs2hsiiLC/310x430/1772104408.webp?s=56c353511179aaa3198d83bc498f4409a94287ec,3,7
Prada portafoglio,336.7,Prada,0,https://www.vinted.it/items/8264384290-prada-portafoglio?referrer=catalog,6,8264384290,Sold,27/02/2026 14:53:16,,https://images1.vinted.net/t/05_01d35_FPPqCLfuajS1jzYNp7uhbF9d/310x430/1772110284.webp?s=4cb5e31b7642af25142e8c11f68e888ec6d99890,3,7
Monedero Agatha Ruiz de la Prada,8.58,Agatha,0,https://www.vinted.it/items/8264339552-monedero-agatha-ruiz-de-la-prada?referrer=catalog,6,8264339552,Sold,27/02/2026 14:53:16,,https://images1.vinted.net/t/05_0029d_3aMr4poLbMzHLeSzEXxMVpzx/310x430/1772104008.webp?s=26e9924b1362b8ecaf15cea88cf08a6eed66627c,3,7
Prada Pliseerock,294.7,Prada,XS / IT 38 / EU 34,https://www.vinted.it/items/8264327750-prada-pliseerock?referrer=catalog,3,8264327750,Sold,27/02/2026 14:53:16,,https://images1.vinted.net/t/06_022f8_Nkncwb73db58g7iNMZPjV9E2/310x430/1772103921.webp?s=c710d0f7fa8e1ea20106d3852e2a9b00b4286f4e,3,7
Occhiali Prada,158.2,Prada,0,https://www.vinted.it/items/8264313116-occhiali-prada?referrer=catalog,0,8264313116,Sold,27/02/2026 14:53:16,,https://images1.vinted.net/t/04_00ea2_c83v3dyLmUP4oKqWm6Vr3gAt/310x430/1772103811.webp?s=f85d3b19f4e7ce4e29616c750f2f6b6264c24430,3,7
Prada refine base de teint 30ml,32.2,Prada,0,https://www.vinted.it/items/8264304785-prada-refine-base-de-teint-30ml?referrer=catalog,4,8264304785,Sold,27/02/2026 14:53:16,,https://images1.vinted.net/t/06_002e0_RwuFe9JesLfEwTWzybBMpuxv/310x430/1772103750.webp?s=05fa53dbd5609c51c31e54753f6eb05d22edc040,3,7
Prada puffer Jacket Xl,1.173,Prada,XL,https://www.vinted.it/items/8264285603-prada-puffer-jacket-xl?referrer=catalog,0,8264285603,Sold,27/02/2026 14:53:16,,https://images1.vinted.net/t/06_00373_CQqcPnYKMZf5JBGoSZ6JXDx1/310x430/1772103606.webp?s=348e4c174ba5c691f9a9f0d10a5d9d1fb9de9963,3,7
Lunettes de soleil Prada,179.2,Prada,0,https://www.vinted.it/items/8264276738-lunettes-de-soleil-prada?referrer=catalog,2,8264276738,Sold,27/02/2026 14:53:16,,https://images1.vinted.net/t/05_01315_vNjP3FXR23pa8yXTQTCiQaEg/310x430/1772103539.webp?s=10611ffc9bb2115cd641ef051ddad46ebc00f52e,3,7
Beaume à lèvre,32.2,Prada,0,https://www.vinted.it/items/8264262986-beaume-a-levre?referrer=catalog,0,8264262986,Sold,27/02/2026 14:53:16,,https://images1.vinted.net/t/06_01708_mUFtCEzUfiBNh5dgNGvdpz81/310x430/1772103436.webp?s=8d044cda16e826f6761fb904b10595e29799bffc,3,7
Prada Sonnenbrille PR 26ZS - 16K08Z - 55,210.7,Prada,0,https://www.vinted.it/items/8264259328-prada-sonnenbrille-pr-26zs-16k08z-55?referrer=catalog,0,8264259328,Sold,27/02/2026 14:53:16,,https://images1.vinted.net/t/05_00ec8_nChBGeH49jXkvFHWvbnUM2Po/310x430/1772103410.webp?s=3996c86427e2ef6cae414ff0b9ccabb1c678aa6d,3,7
Cartera billetera mujer Agatha Ruiz de la Prada corazón,14.25,Agatha,0,https://www.vinted.it/items/8264240669-cartera-billetera-mujer-agatha-ruiz-de-la-prada-corazon?referrer=catalog,25,8264240669,Sold,27/02/2026 14:53:16,,https://images1.vinted.net/t/06_016c7_D82kvKHPMKgC6mddCHDEwUU1/310x430/1772103272.webp?s=78e0b0c6bb9b0ecfd05699a3faa71f420c671c35,3,7
Mocassins prada,179.2,Prada,38,https://www.vinted.it/items/8264237185-mocassins-prada?referrer=catalog,48,8264237185,Sold,27/02/2026 14:53:16,,https://images1.vinted.net/t/06_01d77_ra8MR1ZsN8d8yGEcGYFK4Uaj/310x430/1772103246.webp?s=46f8bc0d1046127123ddbe6d5d1368ec01538502,3,7
Gafas prada,200.2,Prada,0,https://www.vinted.it/items/8264219516-gafas-prada?referrer=catalog,3,8264219516,Sold,27/02/2026 14:53:16,,https://images1.vinted.net/t/01_02662_ztZms2oRw4jrfX1fhHqmRZnV/310x430/1772103113.webp?s=ae9726ea592b83588b09bf858929f7c7126cad3a,3,7
Prada. Tacones Mary Jane de charol,147.7,Prada,39,https://www.vinted.it/items/8264099760-prada-tacones-mary-jane-de-charol?referrer=catalog,87,8264099760,Sold,27/02/2026 14:53:16,,https://images1.vinted.net/t/04_000ff_T187e2YfRT1coUNyQFYcdvnk/310x430/1772102221.webp?s=0839c7a2020d1c89086f3c462d184910a851cd71,3,7
Mocassins Prada,612.0,Prada,40.5,https://www.vinted.it/items/8264198474-mocassins-prada?referrer=catalog,23,8264198474,Sold,27/02/2026 14:53:16,,https://images1.vinted.net/t/05_0226c_M78pKst6dkXfwZM3UeRGnBeD/310x430/1772102956.webp?s=be90385e5ef66126305479a6d1e8d38251db88b6,3,7
Prada Candy Sugar Pop 50ml,32.2,Prada,0,https://www.vinted.it/items/8264197814-prada-candy-sugar-pop-50ml?referrer=catalog,2,8264197814,Sold,27/02/2026 14:53:16,,https://images1.vinted.net/t/06_00128_HJKaDPhXSBSfE6rvnVHi6Wyi/310x430/1772102951.webp?s=ea9fd6b5886505c9855032f6ffc4260e0b7ac345,3,7
Prada Bluse,263.2,Prada,XS / IT 38 / EU 34,https://www.vinted.it/items/8264171400-prada-bluse?referrer=catalog,2,8264171400,Sold,27/02/2026 14:53:16,,https://images1.vinted.net/t/03_014a7_9ZDokZm7SDEkvuB8f5mQ5T66/310x430/1772102755.webp?s=9c96ea4c562803893d6eed13dfbb1c9fc5cf73ca,3,7
Occhiali PRADA Golden rose,189.7,Prada,0,https://www.vinted.it/items/8264168248-occhiali-prada-golden-rose?referrer=catalog,1,8264168248,Sold,27/02/2026 14:53:16,,https://images1.vinted.net/t/05_00ee6_ttH958XfCotfFQGtwdbgMvBQ/310x430/1772102732.webp?s=bf596132e80bdb244b08ac0a769a44322363d46f,3,7
Prada Paradoxe 100mL,64.75,Prada,0,https://www.vinted.it/items/8264159766-prada-paradoxe-100ml?referrer=catalog,0,8264159766,Sold,27/02/2026 14:53:16,,https://images1.vinted.net/t/01_022ff_J9X2GDVBpZBJNCoyTFvW4xnp/310x430/1772102668.webp?s=b1bd53bc63d3ee7783fcb6393a159a32fd3b2428,3,7
Prada zonnebril,194.95,Prada,0,https://www.vinted.it/items/8263959895-prada-zonnebril?referrer=catalog,0,8263959895,Sold,27/02/2026 14:53:16,,https://images1.vinted.net/t/01_010c4_tSJgGuiVBQhBmifTB2kYYTRZ/310x430/1772102553.webp?s=539ab93379daf73c1785cbc8f6e0243e55648855,3,7
Prada Fame EDP 80ml,63.7,Prada,0,https://www.vinted.it/items/8264067708-prada-fame-edp-80ml?referrer=catalog,0,8264067708,Sold,27/02/2026 14:53:16,,https://images1.vinted.net/t/05_0093d_tZQhgN6TjGwV8K5vbPZ4Dj7J/310x430/1772101983.webp?s=c46b01993b503a0611e7bcfb92afb1579cec436a,3,7
Occhiali da Sole Prada SPR 51S – Lenti Specchiate,67.9,Prada,0,https://www.vinted.it/items/8264132950-occhiali-da-sole-prada-spr-51s-lenti-specchiate?referrer=catalog,1,8264132950,Sold,27/02/2026 14:53:16,,https://images1.vinted.net/t/05_002ad_xs8xVbhHg5hthwt3rcWcixg6/310x430/1772102468.webp?s=1ca0dcb52edfe05d37205808c801a41eddac154a,3,7
Prada occhiale da sola donna,53.2,Prada,0,https://www.vinted.it/items/8232459878-prada-occhiale-da-sola-donna?referrer=catalog,7,8232459878,Sold,27/02/2026 14:53:16,,https://images1.vinted.net/t/05_01fc8_JTiEwvYqi5gRUU6FYfVybeug/310x430/1771756547.webp?s=17536150651b40fc7cda38ffc4fd1b3c5e44e473,3,7
Occhiali Prada,68.95,Prada,0,https://www.vinted.it/items/8264119156-occhiali-prada?referrer=catalog,0,8264119156,Sold,27/02/2026 14:53:16,,https://images1.vinted.net/t/01_021f7_cywVCTYCh7YhhXWRqNJgF4f5/310x430/1772102366.webp?s=7e7f0c7e86e57428edd1ec960f0349e4f85f74a5,3,7
Parfum prada,53.2,Prada,0,https://www.vinted.it/items/8264117632-parfum-prada?referrer=catalog,0,8264117632,Sold,27/02/2026 14:53:16,,https://images1.vinted.net/t/06_018f4_g7jBAKUqbyDS8gxQng1Yzdj1/310x430/1772102354.webp?s=b8167e565995c76b72f08dc89e4a2f3f1319fe4c,3,7
Basket Prada,612.0,Prada,42.5,https://www.vinted.it/items/8264085137-basket-prada?referrer=catalog,1,8264085137,Sold,27/02/2026 14:53:16,,https://images1.vinted.net/t/05_004b6_1EqwNvbubjwFQnUmV7T81SRF/310x430/1772102113.webp?s=a4cd0528b5f6cdb61451db0f0ccc584b5f1d53ca,3,7
Pantalone Prada,105.7,Prada,S,https://www.vinted.it/items/8263970617-pantalone-prada?referrer=catalog,17,8263970617,Sold,27/02/2026 14:53:16,,https://images1.vinted.net/t/01_00eac_yMqVWwTXMjgWZDor8GxomtTh/310x430/1772101240.webp?s=093ead62caf74f7d0001958b5d3a332e2f0a7487,3,7
Prada Thunder Sneakers originali nere – chunky luxury – tg. 42,420.7,Prada,42,https://www.vinted.it/items/8264076955-prada-thunder-sneakers-originali-nere-chunky-luxury-tg-42?referrer=catalog,0,8264076955,Sold,27/02/2026 14:53:16,,https://images1.vinted.net/t/06_007d3_1uSvvXU3Hwmiiqp9GUf7Aqmb/310x430/1772102051.webp?s=783519603babe0e9feb6001fc441ec202b0bbc1d,3,7
Livre Prada défilés,47.95,No brand,0,https://www.vinted.it/items/8264066993-livre-prada-defiles?referrer=catalog,7,8264066993,Sold,27/02/2026 14:53:16,,https://images1.vinted.net/t/03_00d44_hTxNHuKBNv8TTDazRYRnw8db/310x430/1772101977.webp?s=f290c55049badc2ec2e08daafaad78821265661c,3,7
Prada Cravate bleu marine,76.3,Prada,0,https://www.vinted.it/items/8264013250-prada-cravate-bleu-marine?referrer=catalog,16,8264013250,Sold,27/02/2026 14:53:16,,https://images1.vinted.net/t/06_00b8a_EMTqEm5kXVPFNw5x7quR5qeb/310x430/1772101568.webp?s=63c9bff76bb584b01e2a413215a522abec0a53f8,3,7
Rouge à lèvres banana yellow,26.95,Prada,0,https://www.vinted.it/items/8264050653-rouge-a-levres-banana-yellow?referrer=catalog,1,8264050653,Sold,27/02/2026 14:53:16,,https://images1.vinted.net/t/06_019b0_cbPV9stAmvq1uJUFkhF4caJE/310x430/1772101853.webp?s=fa8f674339ef922a3156bc1bd55afc4db9c61438,3,7
Prada Crochet Mini Shoulder Bag with Pouch Beige,612.0,Prada,0,https://www.vinted.it/items/8232352341-prada-crochet-mini-shoulder-bag-with-pouch-beige?referrer=catalog,21,8232352341,Sold,27/02/2026 14:53:16,,https://images1.vinted.net/t/05_0148b_YebSVVDtFJECQxf3RsZ7LAKR/310x430/1771756022.webp?s=27cf9e27049342d4c9b64a6cbd96791bf5f8fa75,3,7
Parka Bimba 18 mesi,21.7,Agatha Ruiz de la Prada,18-24 mesi / 86 cm,https://www.vinted.it/items/8264048025-parka-bimba-18-mesi?referrer=catalog,2,8264048025,Sold,27/02/2026 14:53:16,,https://images1.vinted.net/t/06_001f0_cgEdkBd2ACXNn174KwvtajJD/310x430/1772101833.webp?s=900f05c83c70c1db98df267ed568228dbfaf6474,3,7
Prada cup black,158.2,Prada,44,https://www.vinted.it/items/8264041000-prada-cup-black?referrer=catalog,6,8264041000,Sold,27/02/2026 14:53:16,,https://images1.vinted.net/t/05_0261b_L2XgMWfZT9B5znToHahCCdbp/310x430/1772101779.webp?s=484492d90ee91224aa61d7a653d3751241a192e8,3,7
Prada Paradoxe Intense  90ml,100.45,Prada,0,https://www.vinted.it/items/8264032024-prada-paradoxe-intense-90ml?referrer=catalog,2,8264032024,Sold,27/02/2026 14:53:16,,https://images1.vinted.net/t/05_01693_GVNC86iLjgBjy76gZ9WZcCeC/310x430/1772101711.webp?s=de0b735b2c653cda5ff4fd77fb47fcd686676dbd,3,7
Prada Leather flats,315.7,Prada,41,https://www.vinted.it/items/8171722376-prada-leather-flats?referrer=catalog,3,8171722376,Sold,27/02/2026 14:53:16,,https://images1.vinted.net/t/06_00439_9k83dSiVE5GJGB7fJqXrCRV2/310x430/1771074228.webp?s=d52137b5e89be76d3d22b2ee76ff73c0a56a9b8d,3,7
Prada Paradoxe 90ml,100.45,Prada,0,https://www.vinted.it/items/8264025441-prada-paradoxe-90ml?referrer=catalog,0,8264025441,Sold,27/02/2026 14:53:16,,https://images1.vinted.net/t/06_0126c_9gztYA3kpGnWnTTpoUS6WL8h/310x430/1772101662.webp?s=a119e7b6bd13d494e92a62364c96612cd7da5408,3,7
PRADA Paradoxe Eau de Parume 90Ml,116.2,Prada,0,https://www.vinted.it/items/8264022531-prada-paradoxe-eau-de-parume-90ml?referrer=catalog,0,8264022531,Sold,27/02/2026 14:53:16,,https://images1.vinted.net/t/03_02182_hhgpu9Hbqax83LinWU29tifE/310x430/1772101639.webp?s=da19892e81204e1af9266458e2a800336e399e73,3,7
PRADA escarpins slingback cuir verni,663.0,Prada,38,https://www.vinted.it/items/8263973585-prada-escarpins-slingback-cuir-verni?referrer=catalog,39,8263973585,Sold,27/02/2026 14:53:16,,https://images1.vinted.net/t/05_017fa_h3QyvyfZFPbhqTwt4sGWUp7M/310x430/1772101263.webp?s=0707f142bb358a07bb7dd5ec67137750b096a812,3,7
Borsa Prada Re-Edition 2002,612.0,Prada,0,https://www.vinted.it/items/8263919618-borsa-prada-re-edition-2002?referrer=catalog,14,8263919618,Sold,27/02/2026 14:53:16,,https://images1.vinted.net/t/06_01c95_RKzgMjJUdD1vTdDw1F1JHFy3/310x430/1772100847.webp?s=5c39b39ee513c3492ae9dadb88ffe24ca29585c1,3,7
Lot de 2 miniatures Prada 8 ml,21.7,Prada,0,https://www.vinted.it/items/8263957265-lot-de-2-miniatures-prada-8-ml?referrer=catalog,2,8263957265,Sold,27/02/2026 14:53:16,,https://images1.vinted.net/t/01_00659_MnF1VgKU4ZpuEDchaNAfWtPf/310x430/1772101138.webp?s=7443c417d155a6138bccab1fb576ce4c226e2ef1,3,7
Baskets Prada – Neuves – Taille 44-45 – Bleu / Blanc,601.8,Prada,44,https://www.vinted.it/items/8263941469-baskets-prada-neuves-taille-44-45-bleu-blanc?referrer=catalog,0,8263941469,Sold,27/02/2026 14:53:16,,https://images1.vinted.net/t/05_00d1b_8HzdfgTsZtow5vfUSMUwYsj4/310x430/1772101016.webp?s=1c27aa677a1c382a77d558ea4c27eb5f0c3dfe94,3,7
Prada Oval 26ZS,199.15,Prada,0,https://www.vinted.it/items/8263932868-prada-oval-26zs?referrer=catalog,11,8263932868,Sold,27/02/2026 14:53:16,,https://images1.vinted.net/t/06_014a1_wbEiKQqH4CCKfJ6DTAWewMB9/310x430/1772100951.webp?s=1d07c0d2a644d54b7843b62ce2c1499edd01890f,3,7
Borsa Prada Galleria originale,2.499,Prada,0,https://www.vinted.it/items/8263926949-borsa-prada-galleria-originale?referrer=catalog,1,8263926949,Sold,27/02/2026 14:53:16,,https://images1.vinted.net/t/05_02423_hhEoTfvez6BjtHJF2hhNFxAn/310x430/1772100904.webp?s=ef00e7f3a55027062437a3089294dbe6c00cd3df,3,7
Prada Occhiale da vista,315.7,Prada,0,https://www.vinted.it/items/8263915335-prada-occhiale-da-vista?referrer=catalog,1,8263915335,Sold,27/02/2026 14:53:16,,https://images1.vinted.net/t/04_01d09_znm4qYxGYZ8FHSgVhku1vfKb/310x430/1772100813.webp?s=45e59d679a6eef626244335b1acdd17c0284d8d7,3,7
prada cap,231.7,Prada,S,https://www.vinted.it/items/8263845610-prada-cap?referrer=catalog,2,8263845610,Sold,27/02/2026 14:53:16,,https://images1.vinted.net/t/05_01f87_DJ8t4TKv9hf9L96rJsMuSD4q/310x430/1772100262.webp?s=7d0fb3919086d0029a9ec0909e3c8b3aee9e66d4,3,7
Sandali 🔺Prada🔺N.36 infradito con placche gioiello metalli e nero,77.88,Prada,36,https://www.vinted.it/items/8263886898-sandali-pradan36-infradito-con-placche-gioiello-metalli-e-nero-tacco-basso?referrer=catalog,20,8263886898,Sold,27/02/2026 14:53:16,,https://images1.vinted.net/t/01_00931_TRG59L6VR4TPjyAQPBG5zUQg/310x430/1772100662.webp?s=81a89cb3cfab9aadbc468049060fb51288c44879,3,7
Traje Prada,263.2,Prada,S,https://www.vinted.it/items/8263882636-traje-prada?referrer=catalog,1,8263882636,Sold,27/02/2026 14:53:16,,https://images1.vinted.net/t/01_007c8_E3dgdcUmY6fsHWLvNysZNuJM/310x430/1772100557.webp?s=ac1a0b9fa1ab66e11f66a96bab374924e469bbcc,3,7
occhiali da sole prada,126.7,Prada,0,https://www.vinted.it/items/8263871926-occhiali-da-sole-prada?referrer=catalog,0,8263871926,Sold,27/02/2026 14:53:16,,https://images1.vinted.net/t/01_01179_F9rWnehG2KUpSaTUdzikkRDT/310x430/1772100472.webp?s=d5afc49d533f530775b7e933c186ad0b567c838f,3,7
Gonna Prada,105.7,Prada,XS / IT 38 / EU 34,https://www.vinted.it/items/8263854148-gonna-prada?referrer=catalog,12,8263854148,Sold,27/02/2026 14:53:16,,https://images1.vinted.net/t/05_00c29_HeoRs5NM8C6YNXCSGxidyqQg/310x430/1772100331.webp?s=2b68374558479d3c403d712c009ee536cc7b8fff,3,7
PRADA Cup,420.7,Prada,38,https://www.vinted.it/items/8263820355-prada-cup?referrer=catalog,3,8263820355,Sold,27/02/2026 14:53:16,,https://images1.vinted.net/t/05_00206_SQ4hW4iyRCmu44s2W5UTUs5E/310x430/1772100058.webp?s=b533988bbe7c04d470418c559172c0af0b56274d,3,7
Giacca a vento Prada tgS,714.0,Prada,S,https://www.vinted.it/items/8263819589-giacca-a-vento-prada-tgs?referrer=catalog,1,8263819589,Sold,27/02/2026 14:53:16,,https://images1.vinted.net/t/05_016dc_iwsF4gvvKdCC8WhhqGXkgjaz/310x430/1772100052.webp?s=e9e182a5a23f9a37eea95f3d7c33e0550dffbaad,3,7
Sneak Schuhe,158.2,Prada,39,https://www.vinted.it/items/8263800901-sneak-schuhe?referrer=catalog,4,8263800901,Sold,27/02/2026 14:53:16,,https://images1.vinted.net/t/06_00d2e_7b14VipKeEnEb6Fzcj1cCA72/310x430/1772099902.webp?s=e8584654db79c6cf484488d5628d8f3e65b701a4,3,7
Borsa Prada,441.7,Prada,0,https://www.vinted.it/items/8263326266-borsa-prada?referrer=catalog,2,8263326266,Sold,27/02/2026 14:53:16,,https://images1.vinted.net/t/04_003b9_zospL5KvpMi7Y4zD7HLKq2uH/310x430/1772095448.webp?s=e3fd3933c03ef20cf3d71c51986d1f3ed7b86ea1,3,7
Sac à main Prada,1.632,Prada,0,https://www.vinted.it/items/8263768066-sac-a-main-prada?referrer=catalog,1,8263768066,Sold,27/02/2026 14:53:16,,https://images1.vinted.net/t/05_02414_d5CiE8ew3mAiXbJazwQnfsSe/310x430/1772099634.webp?s=8bccccf6ac449edaa7a778ecca40bc556fcfc538,3,7
Occhiali 👓,95.2,Prada,0,https://www.vinted.it/items/8263763898-occhiali?referrer=catalog,0,8263763898,Sold,27/02/2026 14:53:16,,https://images1.vinted.net/t/05_01a79_75ACG9JoZEWjSDTrL1Jj3y54/310x430/1772099600.webp?s=cd99d3917bf14a920aec8c32a4171727a1a2cb7e,3,7
Trousse le diable s habillé en prada,15.4,Primark,0,https://www.vinted.it/items/8263761374-trousse-le-diable-s-habille-en-prada?referrer=catalog,5,8263761374,Sold,27/02/2026 14:53:16,,https://images1.vinted.net/t/06_001f0_445bciFVqLLUR1d4mdHZGDkG/310x430/1772099580.webp?s=0a774da9e50836a4c4f51e63451c429afae27f86,3,7
Prada mini wallet NEU,315.7,Prada,0,https://www.vinted.it/items/8263718123-prada-mini-wallet-neu?referrer=catalog,2,8263718123,Sold,27/02/2026 14:53:16,,https://images1.vinted.net/t/01_011d2_1mhPytrZthwSj1XUvs4GyPTf/310x430/1772099222.webp?s=42afc8ebe3a87126d2c92708fdd207f0a71cfc12,3,7
Borsa tote luna rossa,52.15,Luna rossa prada,0,https://www.vinted.it/items/8263653055-borsa-tote-luna-rossa?referrer=catalog,1,8263653055,Sold,27/02/2026 14:53:16,,https://images1.vinted.net/t/05_02170_d6Dfhctcqpb1VPnGudx61Y1X/310x430/1772098665.webp?s=c0b5de5118fdd765cf7c9f5d311a99dbeb33feb5,3,7
Prada Luna Rosss-Parfüm Eau de Toilette,63.7,Prada,0,https://www.vinted.it/items/8263642610-prada-luna-rosss-parfum-eau-de-toilette?referrer=catalog,1,8263642610,Sold,27/02/2026 14:53:16,,https://images1.vinted.net/t/04_0086b_zQ5qD8p19SJHju9ZXR8mxXDh/310x430/1772098575.webp?s=2910aa6f0cc9fb1a5738a82ed5169f16ed2c6509,3,7
Prada Sonnenbrille,74.2,Prada,0,https://www.vinted.it/items/8263634700-prada-sonnenbrille?referrer=catalog,2,8263634700,Sold,27/02/2026 14:53:16,,https://images1.vinted.net/t/06_008a5_m73hmjRuX4kRTQF2SNSjGAnw/310x430/1772098507.webp?s=70d99d80ef32d7189675e12501074d512b8ad255,3,7
Coffret prada,95.2,Prada,0,https://www.vinted.it/items/8263625829-coffret-prada?referrer=catalog,0,8263625829,Sold,27/02/2026 14:53:16,,https://images1.vinted.net/t/06_00f8a_6oNso2TuAiN7rMT1i4mNWsLD/310x430/1772098428.webp?s=75aa5a875a3d3ae3e4208ddf193c0551ef57f213,3,7
Tote bag edizione speciale Prada,58.45,Prada,0,https://www.vinted.it/items/8263586837-tote-bag-edizione-speciale-prada?referrer=catalog,5,8263586837,Sold,27/02/2026 14:53:16,,https://images1.vinted.net/t/06_01553_iq9Mm6ohUw18kEhVmFbLCFkY/310x430/1772098077.webp?s=f90f5ea40756ca87acdc657a70c09da286f3ec8e,3,7
Beauty Beutel Prada,7.0,Prada,0,https://www.vinted.it/items/8263570054-beauty-beutel-prada?referrer=catalog,2,8263570054,Sold,27/02/2026 14:53:16,,https://images1.vinted.net/t/01_00827_PqwUyMY9KfeXEpSzvRz4Udat/310x430/1772097923.webp?s=76f8e80dd108294753d375d5ee770a4522481346,3,7
Prada Paradoxe 90 ml virtuale flower,50.05,Prada,0,https://www.vinted.it/items/8263549789-prada-paradoxe-90-ml-virtuale-flower?referrer=catalog,6,8263549789,Sold,27/02/2026 14:53:16,,https://images1.vinted.net/t/04_02668_oVnVq6fcPAUTNmJAHqtcFt1c/310x430/1772097732.webp?s=4f3fd505de696bce1e26465f3808ee9bab3aabd8,3,7
Prada Paradoxe 90 ml,51.1,Prada,0,https://www.vinted.it/items/8263526586-prada-paradoxe-90-ml?referrer=catalog,0,8263526586,Sold,27/02/2026 14:53:16,,https://images1.vinted.net/t/06_010c8_S2Jw5Di5nadEjwkAhJNuohK9/310x430/1772097514.webp?s=0c027d7e4b0813009e839830ceb9a0f7692b58e0,3,7
Miniature Prada Candy 6.5ml,9.1,Prada,0,https://www.vinted.it/items/8263495627-miniature-prada-candy-65ml?referrer=catalog,7,8263495627,Sold,27/02/2026 14:53:16,,https://images1.vinted.net/t/01_026aa_5V1pjrU8TiweEVZ9wSiiTetK/310x430/1772097217.webp?s=6b68444e66fc0120c934d26b138b43365ef4dce2,3,7
Portafogli Prada,273.7,Prada,0,https://www.vinted.it/items/8263483427-portafogli-prada?referrer=catalog,0,8263483427,Sold,27/02/2026 14:53:16,,https://images1.vinted.net/t/06_013be_bi85Y3VqnmgkJQUyQKwBodtK/310x430/1772097098.webp?s=031a9894e981360c74805c85ef39f680db55b33f,3,7
Originales Prada Brillen Tuch,21.7,Prada,0,https://www.vinted.it/items/8263482956-originales-prada-brillen-tuch?referrer=catalog,0,8263482956,Sold,27/02/2026 14:53:16,,https://images1.vinted.net/t/03_019e9_wAyGVrjizMXDqz4JwQXG5a7s/310x430/1772097092.webp?s=abd3fedb154fb386038ced72a562ad16dec08f8d,3,7
Paradoxe Prada intense,40.6,Prada,0,https://www.vinted.it/items/8263417851-paradoxe-prada-intense?referrer=catalog,15,8263417851,Sold,27/02/2026 14:53:16,,https://images1.vinted.net/t/05_01dfc_tJ3Lgsdu7buzvuNEYFgabcDF/310x430/1772096437.webp?s=d73d2a2f08b4f7b5baca8b1b002d21ecbc67057c,3,7
Prada loafers,278.95,Prada,38,https://www.vinted.it/items/8262966835-prada-loafers?referrer=catalog,24,8262966835,Sold,27/02/2026 14:53:16,,https://images1.vinted.net/t/04_011e4_ihGA4eb1hWhhokUPNbFiHZt4/310x430/1772089793.webp?s=4fdd09217526e1041b0b93df44178db984dfb71e,3,7
Vestido agatha ruiz de la prada,20.65,Agatha,3 anni / 98 cm,https://www.vinted.it/items/8263366128-vestido-agatha-ruiz-de-la-prada?referrer=catalog,2,8263366128,Sold,27/02/2026 14:53:16,,https://images1.vinted.net/t/01_023ac_CB4pSCWbUei9cRoXh4yphQE8/310x430/1772095890.webp?s=8a3dc2417a3edb7e42f848c767e53713e645bf67,3,7
Prada veterschoen,210.7,Prada,41,https://www.vinted.it/items/8263309549-prada-veterschoen?referrer=catalog,1,8263309549,Sold,27/02/2026 14:53:16,,https://images1.vinted.net/t/05_013c7_dQ5qKAHYh4LhoM8YEV3Hmybu/310x430/1772095259.webp?s=b995f2e207a20afd0ba68c47bedf2aaf458d9705,3,7
Slingback pumps,368.2,Prada,38,https://www.vinted.it/items/8267350287-slingback-pumps?referrer=catalog,69,8267350287,Sold,27/02/2026 14:53:16,,https://images1.vinted.net/t/03_002a6_sj2a1BtQ9xfZVrHCd1d7eQs6/310x430/1772125655.webp?s=fa1823ea9deca2dfe81d8b6e2012f2ce8d4f0f2f,3,7
Prada Maglia Tech Rubber,315.7,Prada,40,https://www.vinted.it/items/8263298557-prada-maglia-tech-rubber?referrer=catalog,3,8263298557,Sold,27/02/2026 14:53:16,,https://images1.vinted.net/t/04_00f0f_8SYz33QWZCdvjTcKinuiS6tY/310x430/1772095129.webp?s=aa752ad213abd11bceac0a5e8a4f2927053c8269,3,7
Le parfum prada ocean luna rossa,79.45,Prada,0,https://www.vinted.it/items/8275200134-le-parfum-prada-ocean-luna-rossa?referrer=catalog,0,8275200134,Sold,28/02/2026 23:08:19,,https://images1.vinted.net/t/06_006a1_pmBqKSuyRQgRVSTN9Fqw6mRf/310x430/1772219482.webp?s=005f7495154c85950641d3f20d4ee7dc6feb4eef,3,7
Nieuwe prada schoentjes,42.7,Prada,25,https://www.vinted.it/items/8275177165-nieuwe-prada-schoentjes?referrer=catalog,1,8275177165,Sold,28/02/2026 23:08:19,,https://images1.vinted.net/t/05_01c57_fBHZewQpt23tyYnCUU4eczcC/310x430/1772219278.webp?s=ad4cf410cf44927c47dd84639cc255767c071c1d,3,7
Parfum Paradoxe Radical Essence Prada,105.7,Prada,0,https://www.vinted.it/items/8275172671-parfum-paradoxe-radical-essence-prada?referrer=catalog,1,8275172671,Sold,28/02/2026 23:08:19,,https://images1.vinted.net/t/06_01b5c_TMBfdtJridQjfekV8zyHcJqu/310x430/1772219239.webp?s=109c66b1bb533e1194926e1e2667d3ad92ef6ce8,3,7
Gafas Prada,55.3,Prada,0,https://www.vinted.it/items/8275168622-gafas-prada?referrer=catalog,3,8275168622,Sold,28/02/2026 23:08:19,,https://images1.vinted.net/t/03_01a96_mSDStcNrH8eDnjLKa12gtENX/310x430/1772219205.webp?s=dca96358db8433a003c017f6b2b8c9ebb64a7430,3,7
Prada Paradoxe Eau de Parfum 90ml,55.3,Prada,0,https://www.vinted.it/items/8275102343-prada-paradoxe-eau-de-parfum-90ml?referrer=catalog,12,8275102343,Sold,28/02/2026 23:08:19,,https://images1.vinted.net/t/05_0164e_WDDpKomk4fVggEdkUbqn3nC9/310x430/1772218627.webp?s=a4db36fa61f897ebaa33d7b2980a8cc6a6b30592,3,7
Prada lines gliding eye pensil in 01 black,16.45,Prada,0,https://www.vinted.it/items/8275089578-prada-lines-gliding-eye-pensil-in-01-black?referrer=catalog,1,8275089578,Sold,28/02/2026 23:08:19,,https://images1.vinted.net/t/06_003e4_vpFCmzPTT6NVNsjkCu3NU1Sr/310x430/1772218514.webp?s=1df688b21973b86b09e5a6282afbc804067ea62c,3,7
travel accessories Prada,137.2,Prada,0,https://www.vinted.it/items/8246686813-travel-accessories-prada?referrer=catalog,26,8246686813,Sold,28/02/2026 23:08:19,,https://images1.vinted.net/t/01_019bd_E4QdJTwGydUnEca5XWWwkkHZ/310x430/1771872139.webp?s=5d742b3e82ee2c17f5cfa9fe66d0dd9e0c06ba37,3,7
Porta iPod vintage Prada,242.2,Prada,0,https://www.vinted.it/items/8275035416-porta-ipod-vintage-prada?referrer=catalog,0,8275035416,Sold,28/02/2026 23:08:19,,https://images1.vinted.net/t/05_02555_qFhLjuNLzyLxTUF3iMNkfgin/310x430/1772218047.webp?s=e5bded791fa972f516a4a6a4fc55ef03ceabeddd,3,7
Neue Stiefeletten PRADA,294.7,Prada,37,https://www.vinted.it/items/8275032609-neue-stiefeletten-prada?referrer=catalog,1,8275032609,Sold,28/02/2026 23:08:19,,https://images1.vinted.net/t/06_0026b_8U6YKLCaY495BxVLfRZ5Yc5D/310x430/1772218024.webp?s=603215105fe98f26ea5b527f0943b07095ac45ea,3,7
Gafas Prada con caja y funda. Todo original,168.7,Prada,0,https://www.vinted.it/items/8274974759-gafas-prada-con-caja-y-funda-todo-original?referrer=catalog,2,8274974759,Sold,28/02/2026 23:08:19,,https://images1.vinted.net/t/06_02144_vVj7xpVbirY2pGNvwj5HbExR/310x430/1772217529.webp?s=dbaacfbfebf2a3c8fce36e6151b441e8ff7a6560,3,7
Miniature prada,9.1,Prada,0,https://www.vinted.it/items/8274945926-miniature-prada?referrer=catalog,6,8274945926,Sold,28/02/2026 23:08:19,,https://images1.vinted.net/t/06_0034b_npHEwEhLmzFsm6wzgjJHE28r/310x430/1772217283.webp?s=7ef639baca0d04350c23b84b39877dc67e44136c,3,7
Occhiali da sole da uomo Prada nuovi,126.7,Prada,0,https://www.vinted.it/items/8274945318-occhiali-da-sole-da-uomo-prada-nuovi?referrer=catalog,1,8274945318,Sold,28/02/2026 23:08:19,,https://images1.vinted.net/t/01_00689_eccibowgHRDuNgakdcyuJP8h/310x430/1772217278.webp?s=135b0708bc2685ccc8102d6c92bc35d6d52b9d2d,3,7
Prada luna rossa Black 100ml eau de Parfum,63.6,Prada,0,https://www.vinted.it/items/8274943235-prada-luna-rossa-black-100ml-eau-de-parfum?referrer=catalog,7,8274943235,Sold,28/02/2026 23:08:19,,https://images1.vinted.net/t/05_004e1_i3CNNGzQQMyp6KSy7QssgjCU/310x430/1772217261.webp?s=198d40ea7f8d417293d4cd2cd629c1bfa0b8ab1e,3,7
Prada infusion de rose,58.45,Prada,0,https://www.vinted.it/items/8274943270-prada-infusion-de-rose?referrer=catalog,6,8274943270,Sold,28/02/2026 23:08:19,,https://images1.vinted.net/t/03_003ce_DqbDCh7G73YkG8XryWcnSoBP/310x430/1772217261.webp?s=1b79978b819440bef788b5b9ee6cfa6e9fdc247e,3,7
neceser agatha ruiz de la prada,7.0,Agatha Ruiz de la Prada,0,https://www.vinted.it/items/8229485425-neceser-agatha-ruiz-de-la-prada?referrer=catalog,7,8229485425,Sold,28/02/2026 23:08:19,,https://images1.vinted.net/t/03_01628_47rieqyySNArfSt46LUaLEeF/310x430/1771701600.webp?s=5e3debae54f78d855d989e237fa3308dc6e79c05,3,7
Borsa mood Prada,11.2,No brand,0,https://www.vinted.it/items/8274928089-borsa-mood-prada?referrer=catalog,0,8274928089,Sold,28/02/2026 23:08:19,,https://images1.vinted.net/t/06_005aa_wPa93XVCDjQhHUXkJ9zJa4ks/310x430/1772217133.webp?s=c246b4d1aeb8b6baf73219fb123fd042153f2a67,3,7
Basket chaussette neuve prada,158.2,Prada,38.5,https://www.vinted.it/items/8274918338-basket-chaussette-neuve-prada?referrer=catalog,3,8274918338,Sold,28/02/2026 23:08:19,,https://images1.vinted.net/t/06_00426_HQmesKuAQuUXMtK8GsLvaQ2U/310x430/1772217053.webp?s=15e49a02abc4c371e601b7d75be2b9d296763e38,3,7
Vintage Prada blouse,51.63,Prada,XXXL / IT 50 / EU 46,https://www.vinted.it/items/8274908809-vintage-prada-blouse?referrer=catalog,10,8274908809,Sold,28/02/2026 23:08:19,,https://images1.vinted.net/t/04_012fe_Lk9vL89Z2y9kXTbMS93nPo2g/310x430/1772216971.webp?s=553aaffeffd3c02e4db0d34e14547b5290c50e53,3,7
Miniature parfum prada,9.1,Prada,0,https://www.vinted.it/items/8274902013-miniature-parfum-prada?referrer=catalog,4,8274902013,Sold,28/02/2026 23:08:19,,https://images1.vinted.net/t/06_02036_kpUCvoCAF69REummWUGDbqjc/310x430/1772216912.webp?s=d12d65157de0041adee9ed51afd8688bed60c7c4,3,7
Occhiale da sole Prada Oval,200.2,Prada,0,https://www.vinted.it/items/8274886572-occhiale-da-sole-prada-oval?referrer=catalog,4,8274886572,Sold,28/02/2026 23:08:19,,https://images1.vinted.net/t/06_0186d_TNW5Tr1NspbSQVvdc6LhpNAf/310x430/1772216780.webp?s=9b5271816abfbe959eac201f996a1d43df9391fb,3,7
profumo Prada paradoxe intense,84.7,Prada,0,https://www.vinted.it/items/8274884805-profumo-prada-paradoxe-intense?referrer=catalog,4,8274884805,Sold,28/02/2026 23:08:19,,https://images1.vinted.net/t/05_008eb_dvocC7WctnPGjdWE7Nxi6ZgY/310x430/1772216766.webp?s=0ded2e817659771545d20f6438afdf5c22b74365,3,7
miniature prada,8.05,Prada,0,https://www.vinted.it/items/8274849030-miniature-prada-infusion-diris-eau-de-parfum-8-ml?referrer=catalog,3,8274849030,Sold,28/02/2026 23:08:19,,https://images1.vinted.net/t/06_00276_s5UrBgiXSxZ5ACYAS3dmfwit/310x430/1772217419.webp?s=2cea296c4458cd138929011da7fd05f5b10de31a,3,7
Prada paradoxe virtual flower femme 50 ml,100.45,Prada,0,https://www.vinted.it/items/8274846341-prada-paradoxe-virtual-flower-femme-50-ml?referrer=catalog,1,8274846341,Sold,28/02/2026 23:08:19,,https://images1.vinted.net/t/05_002c3_RYPQNR1DJEW5KqHEPavrD5C9/310x430/1772216437.webp?s=a14a6cdaba5817a6c975cafad851dc4953ecee07,3,7
Fusciacca Prada Velluto e seta blu taglia L,58.45,Prada,Regolabile,https://www.vinted.it/items/8246443269-fusciacca-prada-velluto-e-seta-blu-taglia-l?referrer=catalog,14,8246443269,Sold,28/02/2026 23:08:19,,https://images1.vinted.net/t/05_019dc_jXHTLCEtnHmKb18ohPFWJcCK/310x430/1771870397.webp?s=42edf2648056bd9f928fd3017614bf8a2a17e689,3,7
Gonna Prada,315.7,Prada,M / IT 42 / EU 38,https://www.vinted.it/items/8274840309-gonna-prada?referrer=catalog,43,8274840309,Sold,28/02/2026 23:08:19,,https://images1.vinted.net/t/05_005ec_PB8AadjYa4EeQnB7jZrpvYdu/310x430/1772216387.webp?s=dd3051b689daf2b04f2898425d950d843d9c15c6,3,7
Parfum Prada paradoxe,84.7,Prada,0,https://www.vinted.it/items/8274821151-parfum-prada-paradoxe?referrer=catalog,1,8274821151,Sold,28/02/2026 23:08:19,,https://images1.vinted.net/t/06_02402_dpVKPbPB36ftVWJuRQXn3yFD/310x430/1772216226.webp?s=3d8aa75443dd88ffc398aa39beea07b96bfcc690,3,7
Neceser Prada,21.7,Prada,0,https://www.vinted.it/items/8219822228-neceser-prada?referrer=catalog,29,8219822228,Sold,28/02/2026 23:08:19,,https://images1.vinted.net/t/01_01410_pfdhMAmGzWAmYudZpcjh9nxZ/310x430/1771604051.webp?s=d4a6f5ed73b3c2235a92c09ce4e5edb61d12816d,3,7
Prada Sonnenbrille,105.7,Prada,0,https://www.vinted.it/items/8274787703-prada-sonnenbrille?referrer=catalog,2,8274787703,Sold,28/02/2026 23:08:19,,https://images1.vinted.net/t/04_0207c_GYeNrEMG41EbRDh1JLS9a22Q/310x430/1772215941.webp?s=e9cb6fe71a15cd1e2d42dd9299ffef47a6eea25b,3,7
Prada Paradoxe Radical Essence,95.2,Prada,0,https://www.vinted.it/items/8274764541-prada-paradoxe-radical-essence?referrer=catalog,0,8274764541,Sold,28/02/2026 23:08:19,,https://images1.vinted.net/t/03_0052e_KJCvwpAcSFcCf8LkwoNK4Kvq/310x430/1772215748.webp?s=b39c85c444c9a2d1d1d4cd253f8b1b6b715da85b,3,7
Basket prada,210.7,Prada,36,https://www.vinted.it/items/8274761477-basket-prada?referrer=catalog,0,8274761477,Sold,28/02/2026 23:08:19,,https://images1.vinted.net/t/01_01b82_k6JW2QeBs49qntbbq8YKzWND/310x430/1772215723.webp?s=a3a7dd4be91f9ee141c5d7be54af6909b49f542c,3,7
4 mini perfumes de Prada,53.2,Prada,0,https://www.vinted.it/items/8274749110-4-mini-perfumes-de-prada?referrer=catalog,0,8274749110,Sold,28/02/2026 23:08:19,,https://images1.vinted.net/t/05_0055a_SQPDL68ZGJ8rNVGAbwa83Ngh/310x430/1772215618.webp?s=40410870994b1d7ea47e956ab522e1ed407dbade,3,7
Prada Jacke,84.7,Private,M,https://www.vinted.it/items/8274743230-prada-jacke?referrer=catalog,0,8274743230,Sold,28/02/2026 23:08:19,,https://images1.vinted.net/t/06_007e5_MGm9yEVk3EHJ2mGcD3gcDJk4/310x430/1772215569.webp?s=0dc6856e69cd044b91b651dc0cb371f87862c048,3,7
Vestido niña ágata Ruiz de la Prada,11.2,Agatha Ruiz de la Prada,24-36 mesi / 92 cm,https://www.vinted.it/items/8274740466-vestido-nina-agata-ruiz-de-la-prada?referrer=catalog,2,8274740466,Sold,28/02/2026 23:08:19,,https://images1.vinted.net/t/03_01a62_MFtiVxx2Zw39hsQvS4Y9vZM7/310x430/1772215545.webp?s=2bdea4bb802ad5576a5d0941833c36f5857fc391,3,7
Prada- Ocean Luna Rossa Nuevo!!,48.99,Prada,0,https://www.vinted.it/items/8274734370-prada-ocean-luna-rossa-nuevo?referrer=catalog,1,8274734370,Sold,28/02/2026 23:08:19,,https://images1.vinted.net/t/03_0001d_yszSwUxH7qoHkmF6gcjQan4B/310x430/1772215495.webp?s=b0b702fbc1ed6588029886dae2a019ea4ed64b7b,3,7
Prada,58.45,Prada,0,https://www.vinted.it/items/8274717513-prada?referrer=catalog,10,8274717513,Sold,28/02/2026 23:08:19,,https://images1.vinted.net/t/05_023a4_1M8icpNSz2ZwEe2aGWDw8F11/310x430/1772215357.webp?s=7cb27348158922e04e9338cc439a5aa4b3f8b328,3,7
Libro fisica y química 3 eso NUEVO,5.95,No brand,0,https://www.vinted.it/items/8274708480-libro-fisica-y-quimica-3-eso-nuevo?referrer=catalog,0,8274708480,Sold,28/02/2026 23:08:19,,https://images1.vinted.net/t/05_0041f_uvmYZFJL1GjjSyThxrNPXgVi/310x430/1772215283.webp?s=a0db8a9447b970af64b3cb3de71a30464d0a3d78,3,7
Miniatura profumo Prada,3.33,Prada,0,https://www.vinted.it/items/8274668956-miniatura-profumo-prada?referrer=catalog,0,8274668956,Sold,28/02/2026 23:08:19,,https://images1.vinted.net/t/01_01bbc_F79CK2HVByoXYPzMLUuUwF9n/310x430/1772214966.webp?s=7befcca10258fc59f1611acef167722d005dbce4,3,7
Prada,58.45,Prada,0,https://www.vinted.it/items/8274680546-prada?referrer=catalog,5,8274680546,Sold,28/02/2026 23:08:19,,https://images1.vinted.net/t/06_01a4d_PcTfLkZovw9EQSTFAwHSFPPy/310x430/1772215059.webp?s=558336f0321019434e4ac3eee50076b9881f81f2,3,7
NUEVO Cojín grande de Agatha Ruiz de la Prada,17.49,Agatha Ruiz de la Prada,60 x 60 cm,https://www.vinted.it/items/8274666475-nuevo-cojin-grande-de-agatha-ruiz-de-la-prada?referrer=catalog,15,8274666475,Sold,28/02/2026 23:08:19,,https://images1.vinted.net/t/01_0261a_2jZqsp9e2VS8gabLKpZo4Pu6/310x430/1772214946.webp?s=93f5622c39cf317822c0ad921b44fbe8a2e5317f,3,7
Prada Cup Gomme Kaki - Taille 46 - Neuves,561.0,Prada,46,https://www.vinted.it/items/8274663369-prada-cup-gomme-kaki-taille-46-neuves?referrer=catalog,2,8274663369,Sold,28/02/2026 23:08:19,,https://images1.vinted.net/t/03_00963_SVbp7VgMXW2WKeChuxVkXAAE/310x430/1772214922.webp?s=5dc7c9d3e4633dac20adff58b93ccc01a619b7b7,3,7
Prada Cup Gomme Rouges - Taille 44 - Neuves,561.0,Prada,44,https://www.vinted.it/items/8274652739-prada-cup-gomme-rouges-taille-44-neuves?referrer=catalog,4,8274652739,Sold,28/02/2026 23:08:19,,https://images1.vinted.net/t/04_0212c_9mGLzcxWdSFJW84RkJQQz8Jt/310x430/1772214838.webp?s=c26c60ac035d2bc8fc416127aa1c849326d7e1d6,3,7
Perfume Prada Paradoxe,68.95,Prada,0,https://www.vinted.it/items/8274126461-perfume-prada-paradoxe?referrer=catalog,1,8274126461,Sold,28/02/2026 23:08:19,,https://images1.vinted.net/t/05_01808_psJD6Lj6EMWuDWeg1fTy7TFa/310x430/1772210869.webp?s=f1016dafde04e97265e2ed0a51813ff2ed44cca1,3,7
El diablo viste de Prada,5.95,No brand,0,https://www.vinted.it/items/8274610944-el-diablo-viste-de-prada?referrer=catalog,2,8274610944,Sold,28/02/2026 23:08:19,,https://images1.vinted.net/t/05_006e8_nHjMDES4BUyiwxdvjNS4CM2G/310x430/1772214501.webp?s=b0cb9a29210d8af073bd5dab4a3078d803e3d146,3,7
Occhiali Prada,53.2,Prada,0,https://www.vinted.it/items/8274594983-occhiali-prada?referrer=catalog,2,8274594983,Sold,28/02/2026 23:08:19,,https://images1.vinted.net/t/06_00c9a_NQaaD4EnyidKCe9P9tfRXxGx/310x430/1772214373.webp?s=5027f6ae56bc7fb6944c6de03b0c855f564fc369,3,7
Sneakers Prada 4E300,399.7,Prada,45,https://www.vinted.it/items/8273973450-sneakers-prada-4e300?referrer=catalog,0,8273973450,Sold,28/02/2026 23:08:19,,https://images1.vinted.net/t/06_01092_yjMniUx5JSZv3im5ZhN2SeYv/310x430/1772209782.webp?s=40829629cc146730f39c55e703f4c5915355c167,3,7
maglietta Prada,32.2,Footkorner,S,https://www.vinted.it/items/8274573926-maglietta-prada?referrer=catalog,18,8274573926,Sold,28/02/2026 23:08:19,,https://images1.vinted.net/t/06_0265d_RmrNur3Y2ShctSaqRnCooBvd/310x430/1772214205.webp?s=aaf52336ef0190aeca9e197486cb46b547c25c36,3,7
"DVD Film ""le diable s'habille en Prada"" encore sous célophane",3.85,No brand,0,https://www.vinted.it/items/8274527617-dvd-film-le-diable-shabille-en-prada-encore-sous-celophane?referrer=catalog,1,8274527617,Sold,28/02/2026 23:08:19,,https://images1.vinted.net/t/04_0151b_k2C2xfdRzmFkKn7jt6A8PXee/310x430/1772213844.webp?s=affbe478ee3499168a8fd966e75210f7a6612cd2,3,7
Prada paradox 30lm ricaricabile,63.7,Prada,0,https://www.vinted.it/items/8274523053-prada-paradox-30lm-ricaricabile?referrer=catalog,0,8274523053,Sold,28/02/2026 23:08:19,,https://images1.vinted.net/t/05_007c0_LgnM1dTbainiBXP1tgr5di6r/310x430/1772213810.webp?s=7619e0d13385cb2f50dac35091bbc5a66da7166a,3,7
Parfum Prada Paradoxe 30ML,79.45,Prada,0,https://www.vinted.it/items/8274510284-parfum-prada-paradoxe-30ml?referrer=catalog,1,8274510284,Sold,28/02/2026 23:08:19,,https://images1.vinted.net/t/06_02315_7gTQuMGPYsenk7kyKkbF4j2j/310x430/1772213711.webp?s=fce7f19fb5e0857e2dc348afce78026950b67238,3,7
Bolso ARP,26.95,Agatha Ruiz de la Prada,0,https://www.vinted.it/items/8274508512-bolso-arp?referrer=catalog,17,8274508512,Sold,28/02/2026 23:08:19,,https://images1.vinted.net/t/06_0070d_1ckwzVd7guNkavkea14htMLo/310x430/1772213698.webp?s=9aa66b66f3967930e7e18ef0839971dd8b852318,3,7
Casquette prada,294.7,Prada,M,https://www.vinted.it/items/8274502814-casquette-prada?referrer=catalog,5,8274502814,Sold,28/02/2026 23:08:19,,https://images1.vinted.net/t/06_02212_yyvNwR7M7buz3edfDecf444d/310x430/1772213653.webp?s=aa2d47986a80ef0e65042eaf4509a3d2da8f14a0,3,7
The devil wears prada,1.75,No brand,0,https://www.vinted.it/items/8274465365-the-devil-wears-prada?referrer=catalog,0,8274465365,Sold,28/02/2026 23:08:19,,https://images1.vinted.net/t/06_01a3a_HLcTDtjcnDYenbqUfYy4PhZu/310x430/1772213366.webp?s=abcdf4126c551902f2edc439c40b0ef8a68073e3,3,7
Parfum,58.45,Prada,0,https://www.vinted.it/items/8274435694-parfum?referrer=catalog,1,8274435694,Sold,28/02/2026 23:08:19,,https://images1.vinted.net/t/05_014c4_LiSoNch15Jovm7UtdToigmoy/310x430/1772213141.webp?s=82e1e171eedad9af4b3bf6bbeb4a472034e6615a,3,7
Prada Sonnenbrille,158.2,Prada,0,https://www.vinted.it/items/8274421880-prada-sonnenbrille?referrer=catalog,0,8274421880,Sold,28/02/2026 23:08:19,,https://images1.vinted.net/t/06_00bb7_YqvwjRRwPBnhQY4d8fHAmX2z/310x430/1772213036.webp?s=19fe46ec4555914ac8af07141014213f7ec2e455,3,7
Prada Re-Edition Mini elaborado en piel Saffiano rosa,918.0,Prada,0,https://www.vinted.it/items/8274414320-prada-re-edition-mini-elaborado-en-piel-saffiano-rosa?referrer=catalog,14,8274414320,Sold,28/02/2026 23:08:19,,https://images1.vinted.net/t/01_002a4_vAi8Q56g82iZ1Pg55fJvP5jZ/310x430/1772214444.webp?s=32971d88df0c5ab56d2e5610f2bd8cc718da5840,3,7
Prada paradoxe intense,48.99,Prada,0,https://www.vinted.it/items/8274387565-prada-paradoxe-intense?referrer=catalog,3,8274387565,Sold,28/02/2026 23:08:19,,https://images1.vinted.net/t/06_02061_vzgDdT2CHKW5ho918BeSEwu2/310x430/1772212777.webp?s=d01f6870664bc2f156846b27f195f0c3d38cb912,3,7
Zapatillas Prada America's Cup Verdes y Blancas - Nuevas Talla 43,242.2,Prada,43,https://www.vinted.it/items/8274384420-zapatillas-prada-americas-cup-verdes-y-blancas-nuevas-talla-43?referrer=catalog,0,8274384420,Sold,28/02/2026 23:08:19,,https://images1.vinted.net/t/06_01948_FSK2PvRgQxJnhjRjRkZPL6Z7/310x430/1772212754.webp?s=90f6a0bb48b56027aa5a1736ff9c38b63496e11c,3,7
Cargo de nuit,21.7,Prada,0,https://www.vinted.it/items/8274367240-cargo-de-nuit?referrer=catalog,1,8274367240,Sold,28/02/2026 23:08:19,,https://images1.vinted.net/t/06_023ed_Kpge6cQGpg6EAe2hR4oW1qgy/310x430/1772212626.webp?s=79548426194ba877273295e77ed182eec18a708c,3,7
Pantalone Prada,58.45,Prada,S / IT 40 / EU 36,https://www.vinted.it/items/8274353428-pantalone-prada?referrer=catalog,2,8274353428,Sold,28/02/2026 23:08:19,,https://images1.vinted.net/t/04_0157e_qjyoH98iaFUbvkSPEiNiMh39/310x430/r1/1772212525.webp?s=875a0a7840853e3f6f6a3c123bcb73478dfa7144,3,7
Prada Home - Scatola rotonda in ceramica porta oggetti,121.45,Prada,0,https://www.vinted.it/items/8270500335-prada-home-scatola-rotonda-in-ceramica-porta-oggetti?referrer=catalog,21,8270500335,Sold,28/02/2026 23:08:19,,https://images1.vinted.net/t/04_01557_mPW5ddmA5mnndRHSZHtbhCx3/310x430/1772184090.webp?s=29b9cbce7616eba0775ebe945e76b3c54c0690ca,3,7
Lunettes noires tendance Prada PR 19ZS 1AB5S0,284.2,Prada,0,https://www.vinted.it/items/8274337306-lunettes-noires-tendance-prada-pr-19zs-1ab5s0?referrer=catalog,0,8274337306,Sold,28/02/2026 23:08:19,,https://images1.vinted.net/t/06_00cbf_VwA2ssvJjmYJZ5hX1c8rgkXQ/310x430/1772212404.webp?s=5d741e89159291038d5be65ec511596873826a87,3,7
Prada bucket hat,29.05,No brand,M,https://www.vinted.it/items/8274322819-prada-bucket-hat?referrer=catalog,9,8274322819,Sold,28/02/2026 23:08:19,,https://images1.vinted.net/t/05_01f10_iLiTaYYewBGnVYtCyBGcwhKo/310x430/1772212300.webp?s=6974d2320aa8a0f287731a9bc31d3fff45572d86,3,7
Lunette prada marron spt17w,205.45,Prada,0,https://www.vinted.it/items/8274319796-lunette-prada-marron-spt17w?referrer=catalog,0,8274319796,Sold,28/02/2026 23:08:19,,https://images1.vinted.net/t/05_01712_4tc3284xfo31yuaRs8pB3Qzy/310x430/1772212277.webp?s=2c493a33cdf65c70afb5e700f41c1b46ea710e31,3,7
Prada - Balm Lip Frosting Care (Miniature 1,13.3,Prada,0,https://www.vinted.it/items/8274312768-prada-balm-lip-frosting-care-miniature-13-g?referrer=catalog,1,8274312768,Sold,28/02/2026 23:08:19,,https://images1.vinted.net/t/05_00451_7FcoVYLrr54ktyeKDzAArhMa/310x430/1772212224.webp?s=f7e9054d879dfec5b149a75faa18642e59a35777,3,7
Prada Sonnenbrille,263.2,Prada,0,https://www.vinted.it/items/8274278750-prada-sonnenbrille?referrer=catalog,4,8274278750,Sold,28/02/2026 23:08:19,,https://images1.vinted.net/t/05_013a4_m2rbUH6GFc1sqtKHawkpccCR/310x430/1772211973.webp?s=623b459d5dd060e9b0f1ef3cdb183c35fecedf60,3,7
Lunette mixte tendance prada noire Prada PR 17WS 1AB5S0,205.45,Prada,0,https://www.vinted.it/items/8274276142-lunette-mixte-tendance-prada-noire-prada-pr-17ws-1ab5s0?referrer=catalog,5,8274276142,Sold,28/02/2026 23:08:19,,https://images1.vinted.net/t/03_01601_hrUcSakT71AuycrczevBoY5A/310x430/1772211954.webp?s=dd947897e2bce28ee009838776366e05b8cf86c3,3,7
Prada shoes,410.2,Prada,41,https://www.vinted.it/items/8274232782-prada-shoes?referrer=catalog,8,8274232782,Sold,28/02/2026 23:08:19,,https://images1.vinted.net/t/05_02631_DG14r6hit6KeH1fWDURhAPV7/310x430/1772211638.webp?s=8897390a6ed1c86375de684e99bfa9277952698f,3,7
Prada zaino re edition re nylon,947.58,Prada,0,https://www.vinted.it/items/8274229514-prada-zaino-re-edition-re-nylon?referrer=catalog,5,8274229514,Sold,28/02/2026 23:08:19,,https://images1.vinted.net/t/06_019ab_6uajegxsm2h2JX36CeaWitit/310x430/1772211614.webp?s=a444b61aeac0b193281eaffe79844ed6f975d069,3,7
occhiali da sole,53.2,Prada,0,https://www.vinted.it/items/8274227011-occhiali-da-sole?referrer=catalog,0,8274227011,Sold,28/02/2026 23:08:19,,https://images1.vinted.net/t/06_01305_82CqZD7UNW18Xz621CvvofcM/310x430/1772211596.webp?s=5f63a8118766f30d9977ffcb4012422c70f773c8,3,7
Borsa Prada in rafia,1.275,Prada,0,https://www.vinted.it/items/8274207405-borsa-prada-in-rafia?referrer=catalog,3,8274207405,Sold,28/02/2026 23:08:19,,https://images1.vinted.net/t/05_009ef_MXdqwS6Rz9EBZXknZ91gAhLS/310x430/1772211454.webp?s=4cfde2f6b0c9ce206087845d884df3447830e299,3,7
basket,100.45,Prada,40.5,https://www.vinted.it/items/8274196977-basket-prada-neuf?referrer=catalog,0,8274196977,Sold,28/02/2026 23:08:19,,https://images1.vinted.net/t/05_00101_PCBaHZnTNLaPW8UEDNJGZgjM/310x430/1772211377.webp?s=39d6ede3a9ce168d8bd0c219cabc72f3ea8589e3,3,7
Casco jet Agata Ruiz de la Prada (LEM),42.7,L.E.M,0,https://www.vinted.it/items/8274170761-casco-jet-agata-ruiz-de-la-prada-lem?referrer=catalog,20,8274170761,Sold,28/02/2026 23:08:19,,https://images1.vinted.net/t/05_002b0_vp5tX6A2LECuGgTpuTmC3Jto/310x430/1772211186.webp?s=12be5b36a21ad8877bfbe5c49592f4695f586c7d,3,7
Prada paradoxe intense,40.6,Prada,0,https://www.vinted.it/items/8274165698-prada-paradoxe-intense?referrer=catalog,16,8274165698,Sold,28/02/2026 23:08:19,,https://images1.vinted.net/t/06_00613_249EBc6XaEq3tjp3gZfpuRpv/310x430/1772211150.webp?s=41e80113efe30096d604d3ab3b09923f800aa0b8,3,7
Sudadera Negra sin Capucha Prada,37.45,Prada,S / IT 40 / EU 36,https://www.vinted.it/items/8274149422-sudadera-negra-sin-capucha-prada?referrer=catalog,3,8274149422,Sold,28/02/2026 23:08:19,,https://images1.vinted.net/t/01_0039f_UMjNx3GP4axarZrc5vXP85sM/310x430/1772211033.webp?s=0c03234974184502e697aaad06d338948613446a,3,7
Nastro in seta Prada,158.2,Prada,0,https://www.vinted.it/items/8274104657-nastro-in-seta-prada?referrer=catalog,15,8274104657,Sold,28/02/2026 23:08:19,,https://images1.vinted.net/t/06_0134a_jDLGnkiUV6CT5VMqvdsfNgJc/310x430/1772210712.webp?s=3450302567ce57b13171b72075aeb1378549ae00,3,7
Parfum Paradoxe Prada femme,68.95,Prada,0,https://www.vinted.it/items/8274088069-parfum-paradoxe-prada-femme?referrer=catalog,5,8274088069,Sold,28/02/2026 23:08:19,,https://images1.vinted.net/t/05_011d4_E9yCPbCBsPUUat5YcNhtmLcd/310x430/1772210643.webp?s=2f0bcc1ebaf868fdff757d0a0f81bd04c3e3b3e8,3,7
Prada paradigme,86.8,Prada,0,https://www.vinted.it/items/8274067549-prada-paradigme?referrer=catalog,0,8274067549,Sold,28/02/2026 23:08:19,,https://images1.vinted.net/t/05_0010f_FSb4sQTAUDLn36Vk4KMLAnvH/310x430/1772270116.webp?s=74b7de71906596ee708cc02939dbce34772eaea2,3,7
Prada Sonnenbrille PR 17WS 1AB5SO - Neu & ungetragen,168.7,Prada,0,https://www.vinted.it/items/8274063604-prada-sonnenbrille-pr-17ws-1ab5so-neu-ungetragen?referrer=catalog,9,8274063604,Sold,28/02/2026 23:08:19,,https://images1.vinted.net/t/05_006e9_z7uzFfqH473agYuwyy3LwxTq/310x430/1772210420.webp?s=1b40172af82ef143bcc18011d3a4b6822e9f8377,3,7
Prada paradoxe,40.6,Prada,0,https://www.vinted.it/items/8274063359-prada-paradoxe?referrer=catalog,6,8274063359,Sold,28/02/2026 23:08:19,,https://images1.vinted.net/t/06_02292_qQHdWdkHsoi42CuqSrVuutKs/310x430/1772210418.webp?s=71c7b863235e4f134e34fca1cbed9c21770e3da4,3,7
PRADA 24ZS Caramel Tortoise sunglasses,105.7,Prada,0,https://www.vinted.it/items/8274055745-prada-24zs-caramel-tortoise-sunglasses?referrer=catalog,2,8274055745,Sold,28/02/2026 23:08:19,,https://images1.vinted.net/t/06_02421_BTLRaH46zjX4yZZ85QYM9SUK/310x430/1772210363.webp?s=47280e4a7a4844c589372612556b59e685406790,3,7
Pochette prada,28.0,Prada,0,https://www.vinted.it/items/8274048039-pochette-prada?referrer=catalog,1,8274048039,Sold,28/02/2026 23:08:19,,https://images1.vinted.net/t/06_01cbb_xVkwqf2eqUXTAixMgNjmVcf6/310x430/1772210308.webp?s=297bc7bf47bb93843b6f3fcd674cdca0d0e17d26,3,7
Prada cup,126.7,Prada,44,https://www.vinted.it/items/8274040487-prada-cup?referrer=catalog,7,8274040487,Sold,28/02/2026 23:08:19,,https://images1.vinted.net/t/05_00998_TWyDEQJPYCoUaHL7rw7KjBXE/310x430/1772210254.webp?s=88a0c503132b14dbe8525e6393233f398501469b,3,7
Doudoune prada original,420.7,Prada,M,https://www.vinted.it/items/8274025645-doudoune-prada-original?referrer=catalog,33,8274025645,Sold,28/02/2026 23:08:19,,https://images1.vinted.net/t/03_0179b_TSvqi2USSSPyrvHrFXy8Bdro/310x430/1772210150.webp?s=d0d849ac011ca8c0447bce6a10b9ce83e75b49b7,3,7
Prada paradoxe,40.6,Prada,0,https://www.vinted.it/items/8274021694-prada-paradoxe?referrer=catalog,5,8274021694,Sold,28/02/2026 23:08:19,,https://images1.vinted.net/t/05_020fa_PNWREg4vqwUBMNJ5qKHR765i/310x430/1772210123.webp?s=9d8323530afe80c83c6a16d0ba867183ec34263f,3,7
Portachiavi Prada Saffiano Oro in pelle color bronzo,263.19,Prada,0,https://www.vinted.it/items/8274019257-portachiavi-prada-saffiano-oro-in-pelle-color-bronzo-nuovo-con-confezione?referrer=catalog,0,8274019257,Sold,28/02/2026 23:08:19,,https://images1.vinted.net/t/05_014e9_Mf4tJm824YQsPPTbLBDfFyyM/310x430/1772210106.webp?s=97395ecd0538701e236635508793706166b16edd,3,7
Prada cup top qualité neuve  🥇envoi express 2j,147.7,Prada,44,https://www.vinted.it/items/8274018681-prada-cup-top-qualite-neuve-envoi-express-2j?referrer=catalog,5,8274018681,Sold,28/02/2026 23:08:19,,https://images1.vinted.net/t/06_0021b_Z4J3e5hPFyVJsXQEUXXJ6G7v/310x430/1772210102.webp?s=d7a63c4360844c758297452bd082ab81d6dbe351,3,7
Prada Candy parfum,58.45,Prada,0,https://www.vinted.it/items/8274007471-prada-candy-parfum?referrer=catalog,2,8274007471,Sold,28/02/2026 23:08:19,,https://images1.vinted.net/t/06_014cf_DHjuzQd8RAxrsenL9AP7zfR3/310x430/1772210023.webp?s=6c1bcc5580cc4bc4f37b5bb26a6ff5f4a3183f82,3,7
Lot de 3 paires de socquettes neuves Agatha Ruiz de la Prada 36/39,10.15,Agatha Ruiz de la Prada,37-39,https://www.vinted.it/items/8273946289-lot-de-3-paires-de-socquettes-neuves-agatha-ruiz-de-la-prada-3639?referrer=catalog,0,8273946289,Sold,28/02/2026 23:08:19,,https://images1.vinted.net/t/05_009ba_Zs4GpiLMLCrhdu4hVjc4sDHM/310x430/1772209856.webp?s=ae527f99125a2c86df566afefac5c90d28b68894,3,7
Pantalon taille haute en Re-Nylon,714.0,Prada,XS / IT 38 / EU 34,https://www.vinted.it/items/8273984122-pantalon-taille-haute-en-re-nylon?referrer=catalog,1,8273984122,Sold,28/02/2026 23:08:19,,https://images1.vinted.net/t/04_007cb_S1Cg1tBkRaWSGuJKXhyMaXYz/310x430/1772209857.webp?s=2e23967d7070eb3d741802b69d44e5c97ac72abc,3,7
Basket Sneakers Prada Downtown,473.2,Prada,36.5,https://www.vinted.it/items/8273979905-basket-sneakers-prada-downtown?referrer=catalog,2,8273979905,Sold,28/02/2026 23:08:19,,https://images1.vinted.net/t/04_00f44_qUqD5yQBo62W1qpEsqpgkjau/310x430/1772209827.webp?s=b2bb68cc57fdadc52d10bb3a35e6f14ea9ebde13,3,7
Prada cup top qualité neuve🥇envoi express 2j,147.7,Prada,42,https://www.vinted.it/items/8273976119-prada-cup-top-qualite-neuveenvoi-express-2j?referrer=catalog,5,8273976119,Sold,28/02/2026 23:08:19,,https://images1.vinted.net/t/03_01520_3m2e8koeCf2uhX6RMo8LjZbp/310x430/1772209801.webp?s=f7bb4ed79273532712cd4e1ad2e2d95ec3404640,3,7
Kosmetiktasche,26.95,Prada,0,https://www.vinted.it/items/8273960684-kosmetiktasche?referrer=catalog,0,8273960684,Sold,28/02/2026 23:08:19,,https://images1.vinted.net/t/06_01681_fg1e8UcDrMYfnGX9C8t93VkN/310x430/1772209692.webp?s=e198f0b7113f2e4c677245d69147233bc6b6bed1,3,7
Prada Arqué small,1.836,Prada,0,https://www.vinted.it/items/8273947838-prada-arque-small?referrer=catalog,3,8273947838,Sold,28/02/2026 23:08:19,,https://images1.vinted.net/t/05_0020f_ua8NVQ6NdTV1HeDUa91dU6Rk/310x430/1772209602.webp?s=ccc31a24f1fb1d46d99c50af3dc3e5ebf9d7150e,3,7
DVD Il diavolo veste Prada,5.95,No brand,0,https://www.vinted.it/items/8273945646-dvd-il-diavolo-veste-prada?referrer=catalog,0,8273945646,Sold,28/02/2026 23:08:19,,https://images1.vinted.net/t/05_026f0_iQSF7e9MZEsC7L27a6QQ5mV5/310x430/1772209586.webp?s=df438bd1d743c375b809dabda280acfbdb1eb3ee,3,7
Prada CO5S,289.45,Prada,0,https://www.vinted.it/items/8266132470-prada-co5s?referrer=catalog,6,8266132470,Sold,27/02/2026 14:52:50,,https://images1.vinted.net/t/05_00d2c_tjBrLwraceKcmCeQFNFYmUTU/310x430/1772117085.webp?s=ec0f8c124fcf85a225ef2b5a368340ceda6f8502,3,6
Prada paradigme perfume,116.2,Prada,0,https://www.vinted.it/items/8266126423-prada-paradigme-perfume?referrer=catalog,10,8266126423,Sold,27/02/2026 14:52:50,,https://images1.vinted.net/t/06_011b6_T6Vzh8GdWo4i1PdTeKoGWbdx/310x430/1772117043.webp?s=b901b2513cd761ae28012e824c773f18b563a76c,3,6
Babygrow 1-3 meses,16.45,Agatha Ruiz de la Prada,3-6 mesi / 62 cm,https://www.vinted.it/items/8266120042-babygrow-1-3-meses?referrer=catalog,2,8266120042,Sold,27/02/2026 14:52:50,,https://images1.vinted.net/t/05_0228d_6SUonyDaDvonTaCt9vTpZ1vK/310x430/1772116999.webp?s=c1cc0b251a1ee9e4da4737c5312dd408e53484da,3,6
Lotto mini profumi uomo – Prada,11.2,Dior,0,https://www.vinted.it/items/8266018408-lotto-mini-profumi-uomo-prada-dior-boss?referrer=catalog,0,8266018408,Sold,27/02/2026 14:52:50,,https://images1.vinted.net/t/05_00cb6_BjgCeNFzKvNzab6MNgH1Dau1/310x430/1772116296.webp?s=cc19f87895492c78040055562ee81014d1a16ea9,3,6
Prada,53.19,Prada,0,https://www.vinted.it/items/8266067037-prada?referrer=catalog,2,8266067037,Sold,27/02/2026 14:52:50,,https://images1.vinted.net/t/06_01938_ppwqo5qKaRJKmfrg8tzqhjxy/310x430/1772116632.webp?s=79ba348282688045643635c961bbb3bedae14f1c,3,6
Paradigme Prada eau de parfum,56.35,Prada,0,https://www.vinted.it/items/8266060311-paradigme-prada-eau-de-parfum?referrer=catalog,2,8266060311,Sold,27/02/2026 14:52:50,,https://images1.vinted.net/t/01_02470_kCibdFp5oDHLYscnmVZ317tp/310x430/1772116587.webp?s=05e62d4bcd746249f1794e86d721b8543011f5b6,3,6
Prada Infusion Vanille+De Figue,89.95,Prada,0,https://www.vinted.it/items/8266039733-prada-infusion-vanillede-figue?referrer=catalog,1,8266039733,Sold,27/02/2026 14:52:50,,https://images1.vinted.net/t/06_00316_X5zUqVtEKWEbAKm8mkQM8Qjq/310x430/1772116443.webp?s=8aeb62c13858786bdf7e8a3c1a3ac0c514d42c87,3,6
Scarpe Prada,158.2,Prada,39,https://www.vinted.it/items/8266031649-scarpe-prada?referrer=catalog,100,8266031649,Sold,27/02/2026 14:52:50,,https://images1.vinted.net/t/06_00b00_Zu2G7eypWbMtyHea8usYUVPb/310x430/1772116387.webp?s=0cb7c6377b6dc209c13239a3807a4868e0cf5179,3,6
Óculos armação Prada com estojo,42.7,Prada,0,https://www.vinted.it/items/8265920360-oculos-armacao-prada-com-estojo?referrer=catalog,3,8265920360,Sold,27/02/2026 14:52:50,,https://images1.vinted.net/t/01_01b96_QLV3xFd7MCm2RBW3uft41vtD/310x430/1772115615.webp?s=6a78b3bd83579e5142ebc3324858ff6fdd9b11bd,3,6
Bolso Agatha Ruiz de la Prada granate nuevo,35.35,Agatha Ruiz de la Prada,0,https://www.vinted.it/items/8265986811-bolso-agatha-ruiz-de-la-prada-granate-nuevo?referrer=catalog,18,8265986811,Sold,27/02/2026 14:52:50,,https://images1.vinted.net/t/06_0033a_KQo1d4WGaN1kxdQtqtFosei9/310x430/1772116078.webp?s=8a00c5c2ac160086456ff493960c283297022f8a,3,6
Borraccia Prada,63.7,Prada,0,https://www.vinted.it/items/8265984760-borraccia-prada?referrer=catalog,11,8265984760,Sold,27/02/2026 14:52:50,,https://images1.vinted.net/t/01_003e3_QH4wtkut16ckmHWPRuFcUrsa/310x430/1772116064.webp?s=4c474eea27fa2edc43faf7b46be5283d324b18a6,3,6
Prada Eyewear,105.7,Prada,0,https://www.vinted.it/items/8265967118-prada-eyewear?referrer=catalog,2,8265967118,Sold,27/02/2026 14:52:50,,https://images1.vinted.net/t/05_02072_GqpB7N8krhARWPJDDEZbAZ6F/310x430/1772116069.webp?s=69cd886abcbadfe941fd5cf889b15be7247f5357,3,6
Namaak prada tas,5.95,No brand,0,https://www.vinted.it/items/8265955139-namaak-prada-tas?referrer=catalog,15,8265955139,Sold,27/02/2026 14:52:50,,https://images1.vinted.net/t/04_011a3_17nUpRdxJ1MBeHSseXstmDuE/310x430/1772115856.webp?s=210035089babcd6638189d876516c5dd61830794,3,6
Mocassini stile Prada con i tacchi,26.95,marsida,40,https://www.vinted.it/items/8265944911-mocassini-stile-prada-con-i-tacchi?referrer=catalog,0,8265944911,Sold,27/02/2026 14:52:50,,https://images1.vinted.net/t/05_00406_D52hyZmNWsdE6Pu1svk4thxa/310x430/1772115785.webp?s=376a2ce3891f6f9614191c8290bc66c2711305a4,3,6
Polacchino nuovo Prada,315.7,Prada,43,https://www.vinted.it/items/8265904020-polacchino-nuovo-prada?referrer=catalog,0,8265904020,Sold,27/02/2026 14:52:50,,https://images1.vinted.net/t/05_01928_YgmFruJbaRv3DUCUizkv4zeR/310x430/1772115500.webp?s=88ae6ec5c981928d4a908577fb26d79a3e467f50,3,6
Paradigme Prada,55.3,Prada,0,https://www.vinted.it/items/8265895115-paradigme-prada?referrer=catalog,3,8265895115,Sold,27/02/2026 14:52:50,,https://images1.vinted.net/t/06_01969_6k3GJZL4NM44DphYWE16zk78/310x430/1772115439.webp?s=52d4082e9a675327f77679bba7ae9c9cc3d332d9,3,6
Pantalon Prada,210.7,Prada,S / IT 40 / EU 36,https://www.vinted.it/items/8265890461-pantalon-prada?referrer=catalog,2,8265890461,Sold,27/02/2026 14:52:50,,https://images1.vinted.net/t/06_00cba_Zy5Qs29xeLmqdFApZWhNWR1j/310x430/1772115407.webp?s=483c2437e7a95931d091119512551acf83d82d12,3,6
Autocollant le diable s'habille en prada,3.85,Stickers,0,https://www.vinted.it/items/8265869036-autocollant-le-diable-shabille-en-prada?referrer=catalog,0,8265869036,Sold,27/02/2026 14:52:50,,https://images1.vinted.net/t/06_01c49_TtwffLL9X6Swku3uanJkX1qh/310x430/1772115260.webp?s=214c8d92107ee074c464eb7ccbf51bfaf4ea656a,3,6
parfum prada,53.2,Sephora,0,https://www.vinted.it/items/8265853680-parfum-prada?referrer=catalog,1,8265853680,Sold,27/02/2026 14:52:50,,https://images1.vinted.net/t/06_01be4_ueQsS3gKbuoUatYKpEmHDPUF/310x430/1772115154.webp?s=ee796f2ef8094ec251863660bc846e4139729147,3,6
Rouge à lèvres Prada soft matte neuf,39.55,Prada,0,https://www.vinted.it/items/8265829125-rouge-a-levres-prada-soft-matte-neuf?referrer=catalog,0,8265829125,Sold,27/02/2026 14:52:50,,https://images1.vinted.net/t/05_00574_v9jhwE8NX3BZJuj1TtDxxKXy/310x430/1772114984.webp?s=19bf91ede7ea640641adee2d1ad7b89353debd5b,3,6
Abito Agatha Ruiz,11.2,Agatha Ruiz de la Prada,4 anni / 104 cm,https://www.vinted.it/items/8265805718-abito-agatha-ruiz?referrer=catalog,1,8265805718,Sold,27/02/2026 14:52:50,,https://images1.vinted.net/t/04_0213a_gi6WHy5Umpts82nGdgc4A5Z5/310x430/1772114820.webp?s=fcf2e3b19b2865995a6bd8fa8d5b11009a4798fc,3,6
Mini perfume 7 ML,12.15,Prada,0,https://www.vinted.it/items/8259169079-mini-perfume-7-ml?referrer=catalog,4,8259169079,Sold,27/02/2026 14:52:50,,https://images1.vinted.net/t/06_004e4_Qitb3hrhBjhbgzuQ84TnfsQZ/310x430/1772031234.webp?s=884154acdc1514096bbf60544dd17bc7f6e99acc,3,6
Occhiali da sole Prada,40.6,Prada,0,https://www.vinted.it/items/8265766877-occhiali-da-sole-prada?referrer=catalog,5,8265766877,Sold,27/02/2026 14:52:50,,https://images1.vinted.net/t/05_01734_8SakG9yKZBWXMeQTLmJZnt2M/310x430/1772114549.webp?s=b43da6a1c0e0699765fa25515bd872c9225f0438,3,6
Prada zonnebril,179.2,Prada,0,https://www.vinted.it/items/8265745289-prada-zonnebril?referrer=catalog,3,8265745289,Sold,27/02/2026 14:52:50,,https://images1.vinted.net/t/03_01c3d_PELMhpSuak6WtQiJRNAhuFX2/310x430/1772114397.webp?s=15fb41e4de015e6caabadc7eaa5489424110bcb0,3,6
Prada Cup,158.2,Prada,43,https://www.vinted.it/items/8265735754-prada-cup?referrer=catalog,0,8265735754,Sold,27/02/2026 14:52:50,,https://images1.vinted.net/t/01_003a7_ZGJiYW4NpnBTrDswktk3wHGX/310x430/1772114329.webp?s=3838c10e3a961971dcd74f8d12dfc2f0c2b2854a,3,6
Prada lot housse 103×64×8 + cadeau 🎁 cintre,13.3,Prada,0,https://www.vinted.it/items/8265726146-prada-lot-housse-103x64x8-cadeau-cintre?referrer=catalog,2,8265726146,Sold,27/02/2026 14:52:50,,https://images1.vinted.net/t/04_005ba_hEhGTJYfq3c4wXa4gKwdqeAb/310x430/1772114262.webp?s=1d2760c374d03ee2bd3805d352069f1fa1d4a40a,3,6
Bolso Agatha Ruiz de la Prada Dorado nuevo,26.95,Agatha Ruiz de la Prada,0,https://www.vinted.it/items/8265706622-bolso-agatha-ruiz-de-la-prada-dorado-nuevo?referrer=catalog,4,8265706622,Sold,27/02/2026 14:52:50,,https://images1.vinted.net/t/05_00e23_XjiM2RCUbGpWuEocwWLTdToo/310x430/1772114124.webp?s=9125d6d3ad725056147ca0128739afa23bba2dec,3,6
Polacchino scamosciato Prada,315.7,Prada,43,https://www.vinted.it/items/8265675493-polacchino-scamosciato-prada?referrer=catalog,0,8265675493,Sold,27/02/2026 14:52:50,,https://images1.vinted.net/t/05_00604_2xZyCj4DDFqyxbstp3czmPkf/310x430/1772113905.webp?s=4f0c35c713174880b0a720ba4522ed85e28edd2f,3,6
Zonnebril,79.45,Prada,0,https://www.vinted.it/items/8265650633-zonnebril?referrer=catalog,2,8265650633,Sold,27/02/2026 14:52:50,,https://images1.vinted.net/t/06_01f5c_Rf5Xy66EKR9UV7LfKVUUXAxm/310x430/1772113730.webp?s=9e2e07562b7a8e4fcf3ccb82d4e2dacd327468a9,3,6
Miniature neuve de collection Prada Milano 8ml,5.95,Prada,0,https://www.vinted.it/items/8265644476-miniature-neuve-de-collection-prada-milano-8ml?referrer=catalog,6,8265644476,Sold,27/02/2026 14:52:50,,https://images1.vinted.net/t/06_025df_qsQKtqxFqsqLpcBJgkdkWEUD/310x430/1772113687.webp?s=e7659818660d0db4725f5b2a0367fef6f9b2d6b1,3,6
Dustbag Prada,5.95,Prada,0,https://www.vinted.it/items/8265615620-dustbag-prada?referrer=catalog,0,8265615620,Sold,27/02/2026 14:52:50,,https://images1.vinted.net/t/05_01e29_FtLyB3wUpa8yj7jbkjNfJDfF/310x430/1772113793.webp?s=724f52c3d2707cd4817c89c657ea46c9d9a912c4,3,6
Prada Sport Luna Rossa 100ml,84.7,Prada,0,https://www.vinted.it/items/8265610845-prada-sport-luna-rossa-100ml?referrer=catalog,2,8265610845,Sold,27/02/2026 14:52:50,,https://images1.vinted.net/t/04_01112_evqPei8iJNKxNU2uL63q6uod/310x430/1772113449.webp?s=d8e4d151756ddd2179d239416cfbbe0aa22c0b81,3,6
Prada glasses new with tag,158.2,Prada,0,https://www.vinted.it/items/8265547021-prada-glasses-new-with-tag-box-and-holder?referrer=catalog,2,8265547021,Sold,27/02/2026 14:52:50,,https://images1.vinted.net/t/05_01dc3_wdpE8PtaFCVAAyWbcNRNHejo/310x430/1772112994.webp?s=1b24c4dfa939503b9798688cce274b6c243b2cc8,3,6
Prada paradox,53.2,Prada,0,https://www.vinted.it/items/8265596663-prada-paradox?referrer=catalog,0,8265596663,Sold,27/02/2026 14:52:50,,https://images1.vinted.net/t/01_011b7_EL3wHjtfRan8tESRoR6zKkxv/310x430/1772113348.webp?s=02b9053b33fba8aad0c8beeb0a8d1ed47c4c40d6,3,6
Prada cup,116.2,Prada,43,https://www.vinted.it/items/8265579854-prada-cup?referrer=catalog,3,8265579854,Sold,27/02/2026 14:52:50,,https://images1.vinted.net/t/05_01e1d_RcFPT65FMHxLbPJJ2gxCCEQe/310x430/1772113228.webp?s=8ec9a27370afa0ef256592466857fb4a72c6ee7b,3,6
Pochette Prada Crystal,893.2,Prada,0,https://www.vinted.it/items/8265575925-pochette-prada-crystal?referrer=catalog,1,8265575925,Sold,27/02/2026 14:52:50,,https://images1.vinted.net/t/05_01d59_56DxJ3F69GJx9VBQQiq5Cipt/310x430/1772113200.webp?s=bbdf7c7dd59eb37136120e60a35d0bb40ba37beb,3,6
Prada t-shirt cachemire,263.2,Prada,M / IT 42 / EU 38,https://www.vinted.it/items/8265573724-prada-t-shirt-cachemire?referrer=catalog,30,8265573724,Sold,27/02/2026 14:52:50,,https://images1.vinted.net/t/01_01e0f_EaHupHcXeoQgnEiQW2tWzUKW/310x430/1772113185.webp?s=4ed525db571240e915055003258d31e009f68d80,3,6
Prada cups grey,158.2,Prada,45,https://www.vinted.it/items/8265571436-prada-cups-grey?referrer=catalog,7,8265571436,Sold,27/02/2026 14:52:50,,https://images1.vinted.net/t/04_00f0c_9scq3qpQXM8paPRFJG4k7vzY/310x430/1772113169.webp?s=fbf627e01044911927ae666be8bf5dd48f7b1b49,3,6
Prada Milano Jacke,74.2,Prada,XL,https://www.vinted.it/items/8265490449-prada-milano-jacke?referrer=catalog,10,8265490449,Sold,27/02/2026 14:52:50,,https://images1.vinted.net/t/01_00b5e_UVZ6JLwBQbHPHWUfBQXK6MMa/310x430/1772112586.webp?s=418660389c703a7af4b464083382fc954e46f7cd,3,6
Giubbino Prada Re-Nylon beige,284.19,Prada,XL,https://www.vinted.it/items/8265554626-giubbino-prada-re-nylon-beige?referrer=catalog,3,8265554626,Sold,27/02/2026 14:52:50,,https://images1.vinted.net/t/01_0146a_kei4zinzyPde3eJnEZfewDSh/310x430/1772113049.webp?s=b180c8571f72b1f46055663812fed4c33ecaa5bc,3,6
Prada Cups blau,126.7,Prada,42,https://www.vinted.it/items/8265548153-prada-cups-blau?referrer=catalog,62,8265548153,Sold,27/02/2026 14:52:50,,https://images1.vinted.net/t/05_01d55_UtDxDp6GaVPgvnxvAv5Dadjw/310x430/1772113002.webp?s=adb2d22fdddee77e8a37a9afafb8e89f0dc9d032,3,6
Paradigme,53.2,Prada,0,https://www.vinted.it/items/8265450078-paradigme?referrer=catalog,0,8265450078,Sold,27/02/2026 14:52:50,,https://images1.vinted.net/t/01_02485_mLrYorziQDGhNtwnWuKmH3hY/310x430/1772112296.webp?s=6655a1aa57ca4cdfaea42b88217327d7cf856cd2,3,6
Custodia esterna occhiali prada,4.9,Prada,0,https://www.vinted.it/items/8265545858-custodia-esterna-occhiali-prada?referrer=catalog,1,8265545858,Sold,27/02/2026 14:52:50,,https://images1.vinted.net/t/04_01531_pPGGgwEnBnMUuKzFkU2GURnv/310x430/1772112985.webp?s=ef14512c4f9b6cc48d4165184ebf9135da289a54,3,6
Stivaletti Prada originali,651.7,Prada,38,https://www.vinted.it/items/8265522141-stivaletti-prada-originali?referrer=catalog,7,8265522141,Sold,27/02/2026 14:52:50,,https://images1.vinted.net/t/05_018a9_6dWvgzc8VXx5T5WeFQgWun7a/310x430/1772112814.webp?s=e6489ba068a75f44a8c0acd39b748b5227daad8c,3,6
Prada Denim Shirt 16 1/2 42 bleached,105.7,Prada,42 cm,https://www.vinted.it/items/8207458454-prada-denim-shirt-16-12-42-bleached?referrer=catalog,2,8207458454,Sold,27/02/2026 14:52:50,,https://images1.vinted.net/t/05_000d5_bhgDixksXK2SZT6UuHJXbQvj/310x430/1771448136.webp?s=650d2e20f59a92750626f4a27505d1ee77023202,3,6
Agatha Ruiz de la Prada cubertería de acero inoxidable,53.2,Agatha Ruiz de la Prada,0,https://www.vinted.it/items/8265498384-agatha-ruiz-de-la-prada-cuberteria-de-acero-inoxidable?referrer=catalog,1,8265498384,Sold,27/02/2026 14:52:50,,https://images1.vinted.net/t/05_022d1_CJELRz1HBZsB7QBzyM1mXTZS/310x430/1772112643.webp?s=4f937c3c0eb4ae9f23dd45403b096bb39c0e8fe1,3,6
Borsa Prada originale con certificato,1.7857,Prada,0,https://www.vinted.it/items/8265477976-borsa-prada-originale-con-certificato?referrer=catalog,7,8265477976,Sold,27/02/2026 14:52:50,,https://images1.vinted.net/t/06_0166f_3PxnpurqgVCzuvigK6hMpmuw/310x430/1772112496.webp?s=dd7a824985052d84f4cf914c2c966328f3071fbb,3,6
Perfume baby agatha Ruiz de la Prada,18.55,Agatha Ruiz de la Prada,0,https://www.vinted.it/items/8265463443-perfume-baby-agatha-ruiz-de-la-prada?referrer=catalog,1,8265463443,Sold,27/02/2026 14:52:50,,https://images1.vinted.net/t/06_0171b_ykoMzLK3Ke4JrZou3P4oiY3e/310x430/1772112391.webp?s=9f17a2142e9c4a6500251c44a9b4ecda04421e10,3,6
Prada cup,126.7,Prada,44,https://www.vinted.it/items/8265456683-prada-cup?referrer=catalog,4,8265456683,Sold,27/02/2026 14:52:50,,https://images1.vinted.net/t/01_02633_xgLinbn5kZeqnm8kRZpAGcYo/310x430/1772112342.webp?s=80415faad34b6c5d42028c4f29d7ede091b7c1dd,3,6
Parfum prada,11.2,Prada,0,https://www.vinted.it/items/8265422305-parfum-prada?referrer=catalog,6,8265422305,Sold,27/02/2026 14:52:50,,https://images1.vinted.net/t/05_01ec5_Q4kWvHyi6CAjgJg1yutkrbTg/310x430/1772112095.webp?s=58d583de3e582abdea17939c15798b3055a71266,3,6
Prada paradigme eau de parfum,56.35,Prada,0,https://www.vinted.it/items/8265416624-prada-paradigme-eau-de-parfum?referrer=catalog,3,8265416624,Sold,27/02/2026 14:52:50,,https://images1.vinted.net/t/03_01080_3dXbNfdkDdUFAfcVRzppSt9M/310x430/1772112054.webp?s=a724d4c6fb0c6e39481ba1c381006a0be831c521,3,6
Scarponcino Prada 37,231.7,Prada,37,https://www.vinted.it/items/8265387810-scarponcino-prada-37?referrer=catalog,3,8265387810,Sold,27/02/2026 14:52:50,,https://images1.vinted.net/t/06_00dd6_j6xF9XiWEVzHgyj2nvPj9Ahz/310x430/1772111843.webp?s=0a67c24cb68efe866151d1731c69ed8f2ac63265,3,6
Portafogli Prada saffiano metal,578.2,Prada,0,https://www.vinted.it/items/8265379963-portafogli-prada-saffiano-metal?referrer=catalog,0,8265379963,Sold,27/02/2026 14:52:50,,https://images1.vinted.net/t/05_01bac_XGW2oW7LJyCuMckVDDor7hu2/310x430/1772111786.webp?s=fe9462f49d873aa5cfdca2e1b5eea9cb8194dac7,3,6
Prada portachiavi e AirPods,168.7,Prada,0,https://www.vinted.it/items/8265372198-prada-portachiavi-e-airpods?referrer=catalog,7,8265372198,Sold,27/02/2026 14:52:50,,https://images1.vinted.net/t/06_00c38_tFmtXF8pn4wcRzwBAu4SDkZP/310x430/1772111730.webp?s=16e79b3665e4727a8b7a070ec187518aaf14cfa1,3,6
Prada stropdas,26.95,geen merk,0,https://www.vinted.it/items/8265346139-prada-stropdas?referrer=catalog,9,8265346139,Sold,27/02/2026 14:52:50,,https://images1.vinted.net/t/06_01bbb_Gx6VDH1JKbeYwUEGANt4j4rk/310x430/1772111542.webp?s=283c9b52b63eaf731b0a59ff42ceabf3e6470942,3,6
Boite vide Prada en cuir bleu,16.45,Prada,0,https://www.vinted.it/items/8265323208-boite-vide-prada-en-cuir-bleu?referrer=catalog,2,8265323208,Sold,27/02/2026 14:52:50,,https://images1.vinted.net/t/01_013b0_D434eZoiUe9DkcLad8URseJg/310x430/1772111372.webp?s=75444b6fb6eaa599b1d185f2c48a7da4cdc8b422,3,6
Profumo Paradoxe Prada,62.65,Prada,0,https://www.vinted.it/items/8265317653-profumo-paradoxe-prada?referrer=catalog,1,8265317653,Sold,27/02/2026 14:52:50,,https://images1.vinted.net/t/05_0080d_1ZgVeXcdJfonUYWU9TVxDsLH/310x430/1772111332.webp?s=cf0eb4811c138b026a8e9f0f1425d37bab740460,3,6
Sandalo plateau in raso nero Prada,630.7,Prada,38.5,https://www.vinted.it/items/8190415159-sandalo-plateau-in-raso-nero-prada?referrer=catalog,2,8190415159,Sold,27/02/2026 14:52:50,,https://images1.vinted.net/t/05_00463_G9SJrpecU1jAtCx59yE7b7ZY/310x430/1772111202.webp?s=ecc743b07a00667d27930836c601bac9e6c0f87c,3,6
Prada Americas's Cup neuve,515.2,Prada,42,https://www.vinted.it/items/8265296402-prada-americass-cup-neuve?referrer=catalog,7,8265296402,Sold,27/02/2026 14:52:50,,https://images1.vinted.net/t/01_0207b_9ShCRMF6zaGYhYH9aMFuupg1/310x430/1772111176.webp?s=3a5d2e9fb5d67e4755488d809251dbf873a1613b,3,6
Prada Paradoxe,68.95,Prada,0,https://www.vinted.it/items/8265262623-prada-paradoxe?referrer=catalog,0,8265262623,Sold,27/02/2026 14:52:50,,https://images1.vinted.net/t/06_0099d_o86MSDZJn1Z8aZU37tqPLeHb/310x430/1772110926.webp?s=aeee8431efb11b36d4c1926c43a23555106fa0f4,3,6
Pantalon en cuir marron Prada taille 44 IT (40 FR) neuf,209.65,Prada,L / IT 44 / EU 40,https://www.vinted.it/items/8265243282-pantalon-en-cuir-marron-prada-taille-44-it-40-fr-neuf?referrer=catalog,0,8265243282,Sold,27/02/2026 14:52:50,,https://images1.vinted.net/t/01_01ea4_F6hjtsEs9BEjFVmi4ynVg83b/310x430/1772110785.webp?s=c7f2017069de1f5d2664c1eabedad071f0ea7cff,3,6
Maglione pullover girocollo beige uomo tg.XXL Prada,210.7,Prada,XXL,https://www.vinted.it/items/8234677219-maglione-pullover-girocollo-beige-uomo-tgxxl-prada?referrer=catalog,3,8234677219,Sold,27/02/2026 14:52:50,,https://images1.vinted.net/t/05_00070_Jo5F2dZmV8NjdPsgoLdoz1Bm/310x430/1771766695.webp?s=98dee9e737da1a5c11a5e92a77f18a82ad3794fe,3,6
Prada Paradigme eau de parfum 100ml,84.7,Prada,0,https://www.vinted.it/items/8265215881-prada-paradigme-eau-de-parfum-100ml?referrer=catalog,1,8265215881,Sold,27/02/2026 14:52:50,,https://images1.vinted.net/t/06_002d0_UVq4MXrWcSe7VK8ATxiwV69c/310x430/1772110584.webp?s=b501afdb0d7fb84d4dbac84197e54c8e24bc184b,3,6
Prada leather bag clip,158.2,Prada,0,https://www.vinted.it/items/8265176886-prada-leather-bag-clip?referrer=catalog,0,8265176886,Sold,27/02/2026 14:52:50,,https://images1.vinted.net/t/06_022d2_2EecSX9Vif41Kq465YkcBLkz/310x430/1772110338.webp?s=f09a42bb85f1236c9b2a14747e5afba71c13d773,3,6
Pantalon Prada,221.2,Prada,S / IT 40 / EU 36,https://www.vinted.it/items/8265173018-pantalon-prada?referrer=catalog,14,8265173018,Sold,27/02/2026 14:52:50,,https://images1.vinted.net/t/06_01ef6_fo6VrjmcAVLWixVbAsAviEa1/310x430/1772110271.webp?s=1bde7a2ac28a244d357d39a86e9f60667a94a43b,3,6
Prada paradoxe 90ml,68.95,Prada,0,https://www.vinted.it/items/8265163357-prada-paradoxe-90ml?referrer=catalog,7,8265163357,Sold,27/02/2026 14:52:50,,https://images1.vinted.net/t/01_01522_oYSogxRe6yoBoyoAtwhDefVc/310x430/1772110200.webp?s=53f88aa6c79274006587ff8ec4aadd24997122ea,3,6
Vendo conjunto niña rojo ágata Ruiz de la Prada,10.15,Agatha Ruiz de la Prada,18-24 mesi / 86 cm,https://www.vinted.it/items/8265162438-vendo-conjunto-nina-rojo-agata-ruiz-de-la-prada?referrer=catalog,4,8265162438,Sold,27/02/2026 14:52:50,,https://images1.vinted.net/t/01_007d2_brqPpYBxaGxYXgK5FQSWMhjz/310x430/1772110193.webp?s=07efc6953317c7010106cfc804b18a61b34e2e98,3,6
Veste courte noir Prada,893.2,Prada,M / IT 42 / EU 38,https://www.vinted.it/items/8265158127-veste-courte-noir-prada?referrer=catalog,1,8265158127,Sold,27/02/2026 14:52:50,,https://images1.vinted.net/t/05_002d1_Np48vp17bEiKL7jYTYzUSTv1/310x430/1772110162.webp?s=57eec16949c8f70e94f206717d7e5b8085a4976b,3,6
Prada America‘s Cup Sneakers Gr. 42,420.7,Prada,42,https://www.vinted.it/items/8265155698-prada-americas-cup-sneakers-gr-42?referrer=catalog,1,8265155698,Sold,27/02/2026 14:52:50,,https://images1.vinted.net/t/05_0080f_KHKPqBisR6omRVj14wGJmDKe/310x430/1772110144.webp?s=67a1dcbb316bb4dd1befcd0d5946fe287a2ab192,3,6
Lindíssimas Sandalias,26.95,Agatha Ruiz de la Prada,26,https://www.vinted.it/items/8265151478-lindissimas-sandalias?referrer=catalog,13,8265151478,Sold,27/02/2026 14:52:50,,https://images1.vinted.net/t/06_01347_sJMFYFg7feQs8C5HeDBZPXtM/310x430/1772110113.webp?s=97d1f18a31d778656e224d474b2057c1d493d05a,3,6
Zonnenbril Prada,158.2,Prada,0,https://www.vinted.it/items/8265124479-zonnenbril-prada?referrer=catalog,23,8265124479,Sold,27/02/2026 14:52:50,,https://images1.vinted.net/t/06_0252d_KWzUrTuyuByRWXNwRdsNrw3p/310x430/1772109915.webp?s=82b225a0f55dba6a6e56c31ea5f60618ffdafaf8,3,6
NUEVO Cojín grande de Agatha Ruiz de la Prada,17.49,Agatha Ruiz de la Prada,60 x 60 cm,https://www.vinted.it/items/8265111254-nuevo-cojin-grande-de-agatha-ruiz-de-la-prada?referrer=catalog,2,8265111254,Sold,27/02/2026 14:52:50,,https://images1.vinted.net/t/05_01f81_N921nDSddPhEmfe2G5AQhP5B/310x430/1772109819.webp?s=b0523aaa87698d818d5d2d63b6ebb5fcd39e3bf7,3,6
Prada Paradoxe Eau de Parfum - 50ml Gift Set,79.45,Prada,0,https://www.vinted.it/items/8265106993-prada-paradoxe-eau-de-parfum-50ml-gift-set?referrer=catalog,12,8265106993,Sold,27/02/2026 14:52:50,,https://images1.vinted.net/t/06_00e65_XxuLCLYhxhvubQ8UqQGivoC2/310x430/1772109788.webp?s=6de8b09a3bfc184523a3ef7e48b4c081e9bf0cdf,3,6
Paradaoxe Prada eau de parfum vaporisateur rechargeable e90ml 3Floz-neuf jamais utilisé pour femme,49.53,Prada,0,https://www.vinted.it/items/8265091460-paradaoxe-prada-eau-de-parfum-vaporisateur-rechargeable-e90ml-3floz-neuf-jamais-utilise-pour-femme?referrer=catalog,1,8265091460,Sold,27/02/2026 14:52:50,,https://images1.vinted.net/t/03_00159_ioCqtgHQbsSWgXnEHh2U6Ga6/310x430/1772109673.webp?s=c5aea5a461018f698260b7862e60cf0470961ecc,3,6
Portafoglio in Saffiano Prada,420.7,Prada,0,https://www.vinted.it/items/8265067941-portafoglio-in-saffiano-prada?referrer=catalog,3,8265067941,Sold,27/02/2026 14:52:50,,https://images1.vinted.net/t/01_0076e_BxJ9UUxfEKgYiD1UhqjztGtr/310x430/1772109500.webp?s=b345f2f2ab6febf9d552aa8349c87aa486cf2583,3,6
Gonna midi Prada,257.95,Prada,L / IT 44 / EU 40,https://www.vinted.it/items/8265066679-gonna-midi-prada?referrer=catalog,9,8265066679,Sold,27/02/2026 14:52:50,,https://images1.vinted.net/t/05_010a6_VovyneMWzaRLnp9aA9uG2ae7/310x430/1772109491.webp?s=c17287e207be8091428db0aa4083f747f95f7dfd,3,6
Prada intense,53.2,Prada,0,https://www.vinted.it/items/8265064541-prada-intense?referrer=catalog,0,8265064541,Sold,27/02/2026 14:52:50,,https://images1.vinted.net/t/04_0177a_56L3uB5W8zvwzJ58HwCHFAHJ/310x430/1772109476.webp?s=b5633a8c8a46d80d647f010c5a1686dabf92862c,3,6
L’Interdit Givenchy Eau de parfum 80ml 2,51.1,Prada,0,https://www.vinted.it/items/8265037667-linterdit-givenchy-eau-de-parfum-80ml-26floz-neuf-sous-blister?referrer=catalog,4,8265037667,Sold,27/02/2026 14:52:50,,https://images1.vinted.net/t/06_019df_wGEguCuMdBLoiy2NDbFVCSCZ/310x430/1772109278.webp?s=6b0bfefda83ddfa675a2058fffa3339871984982,3,6
Prada intense parfum,58.45,Prada,0,https://www.vinted.it/items/8265035235-prada-intense-parfum?referrer=catalog,3,8265035235,Sold,27/02/2026 14:52:50,,https://images1.vinted.net/t/05_0096b_c5s65tRGaivnoRmSDHhtYTAi/310x430/1772109259.webp?s=e5f88fda5ef335ba983d99de9c1a246ae25bfedb,3,6
Prada,74.2,Prada,0,https://www.vinted.it/items/8265024367-prada-paradoxe-eau-de-parfum-50ml?referrer=catalog,0,8265024367,Sold,27/02/2026 14:52:50,,https://images1.vinted.net/t/06_00d11_T8hY919sKXSfG62TcdHpmW7H/310x430/1772109179.webp?s=149c821f1c069cadbb34eb3fdcf49313b8348ce9,3,6
Prada - Portamonete in Saffiano Donna,368.2,Prada,0,https://www.vinted.it/items/8262724983-prada-portamonete-in-saffiano-donna?referrer=catalog,3,8262724983,Sold,27/02/2026 14:52:50,,https://images1.vinted.net/t/06_002da_pXNsro2AWhyuaCoDUjcGSpia/310x430/1772066795.webp?s=24d2578b50a57a65c9180c8e68ce9055289494f6,3,6
Prada Damen Sonnenbrille,84.7,Prada,0,https://www.vinted.it/items/8264946934-prada-damen-sonnenbrille?referrer=catalog,1,8264946934,Sold,27/02/2026 14:52:50,,https://images1.vinted.net/t/06_0034c_MNLZ7oRsC6bKnEBR9o2djjJa/310x430/1772108601.webp?s=9a012baf9d5a643a0fe21bca271adb99f893b2df,3,6
Occhiali da sole,116.2,Prada,0,https://www.vinted.it/items/8264855214-occhiali-da-sole?referrer=catalog,137,8264855214,Sold,27/02/2026 14:52:50,,https://images1.vinted.net/t/06_00acf_aSYc2W3D1UqW2hGTYTGuFJ7c/310x430/1772107921.webp?s=e8fcf7d9738dbc8838eaf33f1d09160219ce9784,3,6
Giacca antivento uomo Prada,210.7,Prada,L,https://www.vinted.it/items/8264733221-giacca-antivento-uomo-prada?referrer=catalog,4,8264733221,Sold,27/02/2026 14:52:50,,https://images1.vinted.net/t/06_007c8_oYsDcG7CvQMyRJffRSHQTv2S/310x430/1772136303.webp?s=454292d2248e6a783d11078468c9b5ee265d3602,3,6
3 borse originali Prada nuova,1.2607,Prada,0,https://www.vinted.it/items/8264782424-3-borse-originali-prada-nuova?referrer=catalog,9,8264782424,Sold,27/02/2026 14:52:50,,https://images1.vinted.net/t/03_022c2_53Gp5nWsZX1DeHBoGpqyERVo/310x430/1772107373.webp?s=b2534d74713fd7f22643a291684705b6a76e8e98,3,6
Prada occhiali da sole,104.65,Prada,0,https://www.vinted.it/items/8264777527-prada-occhiali-da-sole?referrer=catalog,0,8264777527,Sold,27/02/2026 14:52:50,,https://images1.vinted.net/t/01_01a39_UNPUAmGJrUrzFzb8c9Dfo4y5/310x430/1772107336.webp?s=6915ed43bcc87f0eb4fdfa5a5adc9b4e8ac9d571,3,6
casque neuf ruiz de la prada,6.48,Prada,0,https://www.vinted.it/items/8264776685-casque-neuf-ruiz-de-la-prada?referrer=catalog,0,8264776685,Sold,27/02/2026 14:52:50,,https://images1.vinted.net/t/06_00ee8_aZgThuUCTtGZCxR6qXu5QbwK/310x430/1772107330.webp?s=ec9fd4f3cf318afb315474bf7c085464a026d1f5,3,6
Ballerine Prada,189.7,Prada,37,https://www.vinted.it/items/8264767225-ballerine-prada?referrer=catalog,4,8264767225,Sold,27/02/2026 14:52:50,,https://images1.vinted.net/t/06_00d6e_hjUeAv2zZGrfAbsNbxvfVWRz/310x430/1772107257.webp?s=55de4896cca61929331cb1e87f86ea597fc2e24c,3,6
Prada Ocean Luna Rosso,39.55,Prada,0,https://www.vinted.it/items/8264767868-prada-ocean-luna-rosso?referrer=catalog,8,8264767868,Sold,27/02/2026 14:52:50,,https://images1.vinted.net/t/04_021fc_p9dqwvG8xn6hrp97mtG63r3J/310x430/1772107262.webp?s=16d30613dcd36f965ae11bc820cf7d26a359df68,3,6
Gafas de sol Prada,116.2,Prada,0,https://www.vinted.it/items/8264761660-gafas-de-sol-prada?referrer=catalog,6,8264761660,Sold,27/02/2026 14:52:50,,https://images1.vinted.net/t/05_00386_jPB2NSpQqcrte7kxqpE1VMxY/310x430/1772107214.webp?s=fccfa41c5dc917b904ac7b0d58d4c94dd625768e,3,6
Prada shoes Slip On,210.7,Prada,40.5,https://www.vinted.it/items/8264758553-prada-shoes-slip-on?referrer=catalog,0,8264758553,Sold,27/02/2026 14:52:50,,https://images1.vinted.net/t/01_00428_LU1t6sfx4hpcdKXYa3uqCzRi/310x430/1772107191.webp?s=890f156508c1f4fe11a6dd9d628cb10d47e1dc49,3,6
cd neuf emballé the devil wears prada,4.9,No brand,0,https://www.vinted.it/items/8264734731-cd-neuf-emballe-the-devil-wears-prada?referrer=catalog,0,8264734731,Sold,27/02/2026 14:52:50,,https://images1.vinted.net/t/05_02358_6RRG9rN5XJagtHs6PzUA3FvN/310x430/1772107013.webp?s=6e3c64d23e180cb012a3c0522471ef737d51d20e,3,6
Ensemble bonnet,683.2,Prada,XS,https://www.vinted.it/items/8264733123-ensemble-bonnet-echarpe-et-gants-prada?referrer=catalog,1,8264733123,Sold,27/02/2026 14:52:50,,https://images1.vinted.net/t/05_00852_XChVLWHXvSAQ2HK5vYXsVdjP/310x430/1772107002.webp?s=d23e1728e95d4c89a35cf9aa18aa9ce1cb1ba2c3,3,6
Prada zonnebril,336.7,Prada,0,https://www.vinted.it/items/8264718999-prada-zonnebril?referrer=catalog,0,8264718999,Sold,27/02/2026 14:52:50,,https://images1.vinted.net/t/05_00f94_oKqJiULJAwYDU1nFDF5CZyAg/310x430/1772106895.webp?s=4d10a8a48e4a671c4eb48e8c66e56326b429f550,3,6
lunette de soleil Prada,158.2,Prada,0,https://www.vinted.it/items/8264699506-lunette-de-soleil-prada?referrer=catalog,3,8264699506,Sold,27/02/2026 14:52:50,,https://images1.vinted.net/t/06_02546_HvJxNXBqx8r3kLjiWUcE4jAV/310x430/1772106746.webp?s=e2077aa01c595f763b7ee23821d04e729b780d85,3,6
Prada intense,40.6,Prada,0,https://www.vinted.it/items/8276287600-prada-intense?referrer=catalog,3,8276287600,Sold,28/02/2026 23:07:57,,https://images1.vinted.net/t/05_02467_YAUoq9p3Cu4wPzHvpJLdqYca/310x430/1772231548.webp?s=e9be1e4985f880d0cf761a4061868eb04d08e9be,3,6
Prada handcreme 50ml,37.45,Prada,0,https://www.vinted.it/items/8276284087-prada-handcreme-50ml?referrer=catalog,0,8276284087,Sold,28/02/2026 23:07:57,,https://images1.vinted.net/t/01_00e09_SPiu2krGPdrGbTfY2ooF8NkH/310x430/1772231478.webp?s=71ea1a695b3b4286de57ca2f31beab6adee3f5e6,3,6
Estuche Portatodo Agatha Ruiz de la Prada  Nuevo con Etiqueta - Colección Miquel Rius años 2000s,14.35,Agatha Ruiz de la Prada,0,https://www.vinted.it/items/8276274038-estuche-portatodo-agatha-ruiz-de-la-prada-nuevo-con-etiqueta-coleccion-miquel-rius-anos-2000s?referrer=catalog,7,8276274038,Sold,28/02/2026 23:07:57,,https://images1.vinted.net/t/05_002ba_6MUU7FWAH9jfx1MEzsyM4Ajn/310x430/1772231282.webp?s=6cde3b031e5d8f3d0d5c6637276101528a0f6947,3,6
Prada nieuw met prijskaartje,136.15,Prada,0,https://www.vinted.it/items/8276271652-prada-nieuw-met-prijskaartje?referrer=catalog,1,8276271652,Sold,28/02/2026 23:07:57,,https://images1.vinted.net/t/05_01406_LVjcg1LGk1Y1ZpAQtSnimufB/310x430/1772231235.webp?s=44c40688932a0d98fb9135c90c213fe47971e5c8,3,6
PRADA,84.7,Prada,0,https://www.vinted.it/items/8276266240-prada?referrer=catalog,3,8276266240,Sold,28/02/2026 23:07:57,,https://images1.vinted.net/t/05_00aeb_NcX1yYq1tGSshoRQH1XZAucD/310x430/1772231269.webp?s=a13626894daeebe1d9f9d985930c824e6fe36d2b,3,6
Smanicato Prada,561.0,Prada,S,https://www.vinted.it/items/8276257799-smanicato-prada?referrer=catalog,2,8276257799,Sold,28/02/2026 23:07:57,,https://images1.vinted.net/t/05_012e5_vgTpfikcNiaPMCpJdZSgoePB/310x430/1772230979.webp?s=2b3bbd6c14ffb90db711455be8f1064a0a202761,3,6
Foundation Prada Neu,36.4,Prada,0,https://www.vinted.it/items/8276254296-foundation-prada-neu?referrer=catalog,0,8276254296,Sold,28/02/2026 23:07:57,,https://images1.vinted.net/t/06_01eac_CfeaNJszpdiHJpfp4Gz98BKg/310x430/1772230916.webp?s=cc3267442a377171db41eff4d3be258ce8d3e79f,3,6
Prada Sandels,231.7,Prada,39,https://www.vinted.it/items/8276248723-prada-sandels?referrer=catalog,0,8276248723,Sold,28/02/2026 23:07:57,,https://images1.vinted.net/t/01_00a42_oTrakrJScfwZFnRiqY3aRqJY/310x430/1772230819.webp?s=70cbe09556080312d6ad6cb58e899dc956e69707,3,6
Conjunto de ágata Ruiz de la Prada de plata muy bonito para chica,22.75,Prada,Taglia unica,https://www.vinted.it/items/8276215831-conjunto-de-agata-ruiz-de-la-prada-de-plata-muy-bonito-para-chica?referrer=catalog,0,8276215831,Sold,28/02/2026 23:07:57,,https://images1.vinted.net/t/01_02319_2A7E8xykUHSmTX7hTdCRGc8p/310x430/1772230257.webp?s=c26d94e6ceaa346ba7b7a14d75e9e5bc63ae21d4,3,6
Prada cup,126.7,Prada,46,https://www.vinted.it/items/8276210946-prada-cup?referrer=catalog,17,8276210946,Sold,28/02/2026 23:07:57,,https://images1.vinted.net/t/05_00e40_oU5BJdF7ZjuVkTk2tCCvmkbe/310x430/1772230180.webp?s=72d2af64955f62af914f3e42245788eabcf7937c,3,6
prada cup rouge bordeaux,126.7,Prada,43,https://www.vinted.it/items/8276177142-prada-cup-rouge-bordeaux?referrer=catalog,1,8276177142,Sold,28/02/2026 23:07:57,,https://images1.vinted.net/t/06_00e56_W2b64HucEFUZdQ27TMkD2mHw/310x430/1772233933.webp?s=e212132dc014a974137c9de618557877b81d4cea,3,6
Prada Taschenspiegel,42.7,Prada,0,https://www.vinted.it/items/8276172861-prada-taschenspiegel?referrer=catalog,1,8276172861,Sold,28/02/2026 23:07:57,,https://images1.vinted.net/t/04_020d7_aRL8RNN5yqmT4YD4HsiFMwYa/310x430/1772229590.webp?s=dae3077ad658cc8ba8e9a34a76cff159f4a515f3,3,6
Prada paradoxe parfum 90ml,53.2,Prada,0,https://www.vinted.it/items/8276107524-prada-paradoxe-parfum-90ml?referrer=catalog,0,8276107524,Sold,28/02/2026 23:07:57,,https://images1.vinted.net/t/05_00477_oQpnYo2UCdC82UiRKbm5t7W6/310x430/1772228646.webp?s=7d5aad4209ff8bb5268e3509dbff0966e759c0bb,3,6
Lunettes de soleil Prada,105.7,Prada,0,https://www.vinted.it/items/8276087826-lunettes-de-soleil-prada?referrer=catalog,2,8276087826,Sold,28/02/2026 23:07:57,,https://images1.vinted.net/t/05_01e0f_m3fdzRn63NgQmX4EWwAeuHcR/310x430/1772228378.webp?s=aec4b88ef0a633d385049a69a4e3374f147dd128,3,6
Gafas de sol Prada,305.2,Prada,0,https://www.vinted.it/items/8276087026-gafas-de-sol-prada?referrer=catalog,2,8276087026,Sold,28/02/2026 23:07:57,,https://images1.vinted.net/t/05_023fe_w89fs7kJGfBZcoHWxPGazaUw/310x430/1772228368.webp?s=71d2ce1bbe0ed3e132c410a2848519189a71c387,3,6
Piumino Prada originale,420.7,Prada,L / IT 44 / EU 40,https://www.vinted.it/items/8276042392-piumino-prada-originale?referrer=catalog,0,8276042392,Sold,28/02/2026 23:07:57,,https://images1.vinted.net/t/04_016cc_JaTFSkQvRk1sUL3sY4cvrQVe/310x430/1772227784.webp?s=d8ba36ef7b69ab01ed3a690a02bc38a6730a0ff6,3,6
Jersey verde Prada hombre 48 lana,263.2,Prada,M,https://www.vinted.it/items/8247879002-jersey-verde-prada-hombre-48-lana?referrer=catalog,3,8247879002,Sold,28/02/2026 23:07:57,,https://images1.vinted.net/t/04_018aa_3JYSV74pL33wDr3W9wsLWB1k/310x430/1771881520.webp?s=8fdaac493309ca514562489cf99df178de417ca5,3,6
Gafas Prada,32.2,No brand,0,https://www.vinted.it/items/8275991014-gafas-prada?referrer=catalog,34,8275991014,Sold,28/02/2026 23:07:57,,https://images1.vinted.net/t/06_00761_8PwgbjYfRTqzFk1C1tAbr8VA/310x430/1772227146.webp?s=5aed329485b3ec009fd6f8b9a4b06f66cd6cf271,3,6
Boite a lunette prada neuf,9.1,Prada,0,https://www.vinted.it/items/8275946886-boite-a-lunette-prada-neuf?referrer=catalog,1,8275946886,Sold,28/02/2026 23:07:57,,https://images1.vinted.net/t/06_01a9f_JLeZbVei3EDu1FrA8DeaVGyR/310x430/1772226628.webp?s=744266b150f4ff12ca663f5dbd6f6a3961b89b15,3,6
Robe d'été 3 mois,4.9,Agatha Ruiz de la Prada,3-6 mesi / 62 cm,https://www.vinted.it/items/8275935805-robe-dete-3-mois?referrer=catalog,5,8275935805,Sold,28/02/2026 23:07:57,,https://images1.vinted.net/t/06_02638_vxERHqyUBGTp8Yit4RVsY85E/310x430/1772226503.webp?s=ab5427edfda66c43131c029d73ebf4ece9851b35,3,6
Prada Sunglasses,95.2,Prada,0,https://www.vinted.it/items/8275901270-prada-sunglasses?referrer=catalog,1,8275901270,Sold,28/02/2026 23:07:57,,https://images1.vinted.net/t/06_0237c_jDsbq4KPwaRjVviG1WrsUZqf/310x430/1772226129.webp?s=67f90b4bb6b7abb54338093ca3ec9d537a0eea1e,3,6
Agatha Ruiz de la Prada billetero/ cartera rosa / Agatha Ruiz de la Prada Wallet Pink,16.35,Agatha Ruiz de la Prada,0,https://www.vinted.it/items/8275885561-agatha-ruiz-de-la-prada-billetero-cartera-rosa-agatha-ruiz-de-la-prada-wallet-pink?referrer=catalog,12,8275885561,Sold,28/02/2026 23:07:57,,https://images1.vinted.net/t/01_015bb_acntg7fP7at3acPXQb46c8pd/310x430/1772225962.webp?s=d8afc8f0852a8459c2506d155ebf75985ca3d287,3,6
Prada brille,79.44,Prada,0,https://www.vinted.it/items/8275830938-prada-brille?referrer=catalog,4,8275830938,Sold,28/02/2026 23:07:57,,https://images1.vinted.net/t/05_021c3_2N3rh5QCqhmoJ3uSqJ1Kk5FA/310x430/1772225384.webp?s=58cffc9af9d01c5f8d7168829062ce6b8c07fe3b,3,6
Parfum 10ml l'homme de prada,8.05,Prada,0,https://www.vinted.it/items/8275850757-parfum-10ml-lhomme-de-prada?referrer=catalog,3,8275850757,Sold,28/02/2026 23:07:57,,https://images1.vinted.net/t/05_01362_mRvbwc6ukTx7yARvcqr4jVFL/310x430/1772225592.webp?s=712b0c5f54c509637059473dff3a469eadd2a5ba,3,6
Parfüm Prada Paradoxe Radical Essence,3.85,Prada,0,https://www.vinted.it/items/8275840846-parfum-prada-paradoxe-radical-essence?referrer=catalog,2,8275840846,Sold,28/02/2026 23:07:57,,https://images1.vinted.net/t/01_022fb_Dfu3foXoHGFQfbwJoCh4CjLu/310x430/1772225487.webp?s=2652c137f1d18e7fa60c4d288b58784fc970f610,3,6
Prada PR15YS Sonnenbrille,178.15,Prada,0,https://www.vinted.it/items/8275792992-prada-pr15ys-sonnenbrille?referrer=catalog,2,8275792992,Sold,28/02/2026 23:07:57,,https://images1.vinted.net/t/06_017db_3eWpUkWTxfHhRec8zknowj7n/310x430/1772226649.webp?s=ca1b8bf5d4de8c01e1f5e441acc211171173e74a,3,6
La femme prada intense 50 ml,53.2,Prada,0,https://www.vinted.it/items/8275778440-la-femme-prada-intense-50-ml?referrer=catalog,1,8275778440,Sold,28/02/2026 23:07:57,,https://images1.vinted.net/t/06_003cd_6LbgLUmvo2NdLt4Uof1Cnn86/310x430/1772224849.webp?s=5ef8c0b9b785772d9438a9d5dfcacde99db278e7,3,6
Basket prada America’s Cup taille 40,103.6,Prada,40,https://www.vinted.it/items/8275774633-basket-prada-americas-cup-taille-40?referrer=catalog,26,8275774633,Sold,28/02/2026 23:07:57,,https://images1.vinted.net/t/06_01686_W5vDzEeKqNN2C7pYhrnZCfFP/310x430/1772224810.webp?s=27dfa5c57c7e9f5f10365535088aeda555ba75bc,3,6
Piumino Prada Donna,510.0,Prada,L / IT 44 / EU 40,https://www.vinted.it/items/8275764584-piumino-prada-donna?referrer=catalog,0,8275764584,Sold,28/02/2026 23:07:57,,https://images1.vinted.net/t/05_0006b_LWvAzi4C9W8dbZLbQuaknipm/310x430/1772224707.webp?s=61662a7adb27983f4550c41cb35678e92eba7c66,3,6
Invito Sfilata PRADA Donna autunno/Inverno 2026 - originale Collezione,11.2,Prada,0,https://www.vinted.it/items/8275754203-invito-sfilata-prada-donna-autunnoinverno-2026-originale-collezione?referrer=catalog,2,8275754203,Sold,28/02/2026 23:07:57,,https://images1.vinted.net/t/06_01826_YpyUsAk6RLhRS4qxEn3WjHVW/310x430/1772224606.webp?s=169480016c28de94b4ceda0387e2002bcbf4b6d6,3,6
Mirlo blanco,7.0,No brand,0,https://www.vinted.it/items/8275731102-mirlo-blanco-cisne-negro-juan-manuel-de-prada?referrer=catalog,0,8275731102,Sold,28/02/2026 23:07:57,,https://images1.vinted.net/t/04_02243_LFRU2AG7Y4MdoyXESKRVtPyG/310x430/1772224375.webp?s=5279a94987eb821a714316c0e1081c0116b105e7,3,6
Baskets prada,158.2,Prada,41,https://www.vinted.it/items/8275722860-baskets-prada?referrer=catalog,4,8275722860,Sold,28/02/2026 23:07:57,,https://images1.vinted.net/t/05_01b7b_ppm8QgZKCif17tjXzFvPrrhr/310x430/1772224291.webp?s=ef4f9f7fe981846f1f1a1425c5f4a6dd06dba46f,3,6
Occhiali prada unisex nuovi,221.2,Prada,0,https://www.vinted.it/items/8275689239-occhiali-prada-unisex-nuovi?referrer=catalog,2,8275689239,Sold,28/02/2026 23:07:57,,https://images1.vinted.net/t/06_00428_LMj4YuLzAYkqtsFjwMhUsbVe/310x430/1772223959.webp?s=6f6a7ace4090d77863e75bea5af66f71a02733fb,3,6
Parfum miniatuur nieuw Prada Paradoxe,16.45,Prada,0,https://www.vinted.it/items/8275679678-parfum-miniatuur-nieuw-prada-paradoxe?referrer=catalog,15,8275679678,Sold,28/02/2026 23:07:57,,https://images1.vinted.net/t/03_01199_aotJR2JXdKc7hrn6BC3zZ13f/310x430/1772223865.webp?s=770084b1827f361aa5ce975ab0251702aac98b9f,3,6
Borsa Shopping Prada Beauty,32.2,Prada beauty,0,https://www.vinted.it/items/8275676399-borsa-shopping-prada-beauty?referrer=catalog,0,8275676399,Sold,28/02/2026 23:07:57,,https://images1.vinted.net/t/06_01a25_F6GC5RxUNeAyMFdfLnZcNgaN/310x430/1772223835.webp?s=e4f7524cfdc4f1b83f9f4c006f6195af93ea3836,3,6
Sacca porta oggetti Prada,6.27,Prada,0,https://www.vinted.it/items/8275666093-sacca-porta-oggetti-prada?referrer=catalog,1,8275666093,Sold,28/02/2026 23:07:57,,https://images1.vinted.net/t/05_021fd_UnUMxZCS4dfjQT2QKZ7ehro4/310x430/1772223735.webp?s=6ffc217a64888a38d67adf84a9e49504cf76da15,3,6
Polo luna rossa Prada,189.7,Luna Rossa,XXXL,https://www.vinted.it/items/8275654972-polo-luna-rossa-prada?referrer=catalog,3,8275654972,Sold,28/02/2026 23:07:57,,https://images1.vinted.net/t/04_01922_DMgZQvM7nXgpvdCdtqpoPUts/310x430/1772223630.webp?s=d6e9a508b7ea9a041a5b060ecde9cce111b682b6,3,6
Occhiali da sole Prada PR 15US Azure Blue con lenti Light Green - scatola originale,314.65,Prada,0,https://www.vinted.it/items/8275649600-occhiali-da-sole-prada-pr-15us-azure-blue-con-lenti-light-green-scatola-originale?referrer=catalog,0,8275649600,Sold,28/02/2026 23:07:57,,https://images1.vinted.net/t/04_01a05_jiufvPQit5BhoFjDWENnGBdQ/310x430/1772223579.webp?s=26249c99a5ec1fdda7954345c7b6931785d35afb,3,6
Gafas Prada,42.7,Prada,0,https://www.vinted.it/items/8275618391-gafas-prada?referrer=catalog,5,8275618391,Sold,28/02/2026 23:07:57,,https://images1.vinted.net/t/06_00907_gcQniSsLYpj2E1gpg8NiTJp6/310x430/1772223286.webp?s=d737bbb17d580aba32161448d170965ab5784f4c,3,6
Cravate Prada,68.95,Prada,0,https://www.vinted.it/items/8275222179-cravate-prada?referrer=catalog,4,8275222179,Sold,28/02/2026 23:07:57,,https://images1.vinted.net/t/03_001a1_FnTy4XYgKh5uXd283QvYWwmR/310x430/1772219675.webp?s=f0355703e00bb3d5f010dfa39dce8484d315a443,3,6
Livres lookbook Prada 2025 sous blister,42.7,Prada,0,https://www.vinted.it/items/8275587473-livres-lookbook-prada-2025-sous-blister?referrer=catalog,8,8275587473,Sold,28/02/2026 23:07:57,,https://images1.vinted.net/t/04_0036a_PUqsWpE2pxV8Hiv29rVgV1WW/310x430/1772222995.webp?s=33464f536710bc50a677eb4645a356dfa53a2b8a,3,6
Prada Candy sugar pop,42.7,Prada,0,https://www.vinted.it/items/8275580735-prada-candy-sugar-pop?referrer=catalog,1,8275580735,Sold,28/02/2026 23:07:57,,https://images1.vinted.net/t/04_01259_8P8RBLcpABPEiKKAeA4epoMR/310x430/1772222932.webp?s=d71431b7abb297b7a045b46feccfbb1a9c621cba,3,6
PRADA Paradoxe,84.7,Prada,0,https://www.vinted.it/items/8275543508-prada-paradoxe?referrer=catalog,0,8275543508,Sold,28/02/2026 23:07:57,,https://images1.vinted.net/t/05_00498_R82U8aTrf8PTz76dUNgu3q6s/310x430/1772222586.webp?s=467db46d5bfc4a979b2808091db2ee30808c8454,3,6
PRADA Ribbon Suede Sneakers With Metallic Front. UK 4.5,158.2,Prada,37.5,https://www.vinted.it/items/8275533575-prada-ribbon-suede-sneakers-with-metallic-front-uk-45-eu-375?referrer=catalog,0,8275533575,Sold,28/02/2026 23:07:57,,https://images1.vinted.net/t/05_01942_Wq6LwMYfF2LeJVa6nExZBDAH/310x430/1772222494.webp?s=015f4fb5286fea919e415e7d2d76c62e31d36da1,3,6
Prada américans cup bleu marine,247.45,Prada,37,https://www.vinted.it/items/8275512092-prada-americans-cup-bleu-marine?referrer=catalog,22,8275512092,Sold,28/02/2026 23:07:57,,https://images1.vinted.net/t/04_00533_xcZN8o3dU4AvT9VacvFVrfri/310x430/1772222293.webp?s=2bdc2c804f942d0965972d891a5abcca6a5ca613,3,6
Pochette Prada,16.45,Prada,0,https://www.vinted.it/items/8275506289-pochette-prada?referrer=catalog,15,8275506289,Sold,28/02/2026 23:07:57,,https://images1.vinted.net/t/01_02686_XjNG7cSZJ3b53pJmGvfzRK8X/310x430/1772222239.webp?s=eb424cd805556167cf7da16bbce239a5b0a10b18,3,6
Sonnenbrille Prada,100.45,Prada,0,https://www.vinted.it/items/8275465525-sonnenbrille-prada?referrer=catalog,4,8275465525,Sold,28/02/2026 23:07:57,,https://images1.vinted.net/t/06_02423_XCuBy4okXnVNNGuPCF4rHK1F/310x430/1772221863.webp?s=5709791cd5245554d48c74873fa80a56f2194df3,3,6
Prada Thunder bianche,126.7,Prada,44,https://www.vinted.it/items/8275448900-prada-thunder-bianche?referrer=catalog,1,8275448900,Sold,28/02/2026 23:07:57,,https://images1.vinted.net/t/05_01c4c_vLNb7iPPGJZ1Wickgwn2kaV5/310x430/1772221713.webp?s=8a487c8763ca0da33260ff7d8d70f226963ea735,3,6
Prada rouge à lèvres monochrome,32.2,Prada,0,https://www.vinted.it/items/8275442436-prada-rouge-a-levres-monochrome?referrer=catalog,2,8275442436,Sold,28/02/2026 23:07:57,,https://images1.vinted.net/t/05_005bf_vc9qX2hgUVBbewBb3skvLs4s/310x430/1772221656.webp?s=e2bba16c7713845196a5928ad66090881e980a3a,3,6
Prada cardholder,105.7,Prada,Taglia unica,https://www.vinted.it/items/8275441757-prada-cardholder?referrer=catalog,11,8275441757,Sold,28/02/2026 23:07:57,,https://images1.vinted.net/t/01_014fe_pKnWzwqf4QGSfU2WSQwTTm5t/310x430/1772221650.webp?s=1d48c9df283aac15b5ca61fd1c5e64579b8d98b6,3,6
Profumo Prada,53.2,Prada,0,https://www.vinted.it/items/8275438883-profumo-prada?referrer=catalog,1,8275438883,Sold,28/02/2026 23:07:57,,https://images1.vinted.net/t/04_019cc_6GFj84KqhJYx7vEEeetLA1eP/310x430/1772221624.webp?s=1feba2c9b560bc2f6fce374395cd57f731422038,3,6
Prada jacket FW 2008,394.45,Prada,M / IT 42 / EU 38,https://www.vinted.it/items/8275435769-prada-jacket-fw-2008?referrer=catalog,0,8275435769,Sold,28/02/2026 23:07:57,,https://images1.vinted.net/t/05_000f8_iyvzg8F6Re8MypRNHnkqSE7e/310x430/1772221596.webp?s=2a013df953d557af2737fd15d6334be848b48c3b,3,6
Cardigan Prada,510.0,Prada,S / IT 40 / EU 36,https://www.vinted.it/items/8275382179-cardigan-prada?referrer=catalog,1,8275382179,Sold,28/02/2026 23:07:57,,https://images1.vinted.net/t/05_0084b_9r9yWeCmHZA7PPGuvkzHpBJY/310x430/1772221113.webp?s=a9edd590905bb680672a662b576e975691611a2a,3,6
Prada hoed helemaal nieuw,473.2,Prada,M,https://www.vinted.it/items/8275376886-prada-hoed-helemaal-nieuw?referrer=catalog,0,8275376886,Sold,28/02/2026 23:07:57,,https://images1.vinted.net/t/05_00984_9bksy2aZoS1sycftKVEY7EBb/310x430/1772221064.webp?s=44bc2bfad77d2d71007b5e3e7a45773b65adb409,3,6
Prada Adidas Superstar Gr 46 2/3,404.95,Prada,46,https://www.vinted.it/items/8275341860-prada-adidas-superstar-gr-46-23?referrer=catalog,2,8275341860,Sold,28/02/2026 23:07:57,,https://images1.vinted.net/t/05_01706_4oK2jhYj457bLUCQBvkiXSyi/310x430/1772220749.webp?s=33eda5615b5bf13d4d28e8f786d0dd57f7f7d0b3,3,6
Set makeup prada,105.7,Prada,0,https://www.vinted.it/items/8275308155-set-makeup-prada?referrer=catalog,3,8275308155,Sold,28/02/2026 23:07:57,,https://images1.vinted.net/t/04_00db7_sRMmmCLFNXyjHPmMNdLbwdwo/310x430/1772220442.webp?s=e3270bc0a3d9e1fcb96695f83a4c585ec92c4d85,3,6
Prada maglione Lana cashmere,663.0,Prada,XXL / IT 48 / EU 44,https://www.vinted.it/items/8275264860-prada-maglione-lana-cashmere?referrer=catalog,5,8275264860,Sold,28/02/2026 23:07:57,,https://images1.vinted.net/t/03_012a7_h44ACJSjNrHaaCYGU78r8TYD/310x430/1772220055.webp?s=4d8a36df3e6ce46cef88376506d070007d482f06,3,6
profumo prada,63.7,Prada,0,https://www.vinted.it/items/8268474778-profumo-prada?referrer=catalog,2,8268474778,Sold,28/02/2026 23:07:57,,https://images1.vinted.net/t/04_0227b_pXqTupDHn6Q6nnfUs7XrosLj/310x430/1772134557.webp?s=6f8aca2feda4b8493121f7b437887669f22cdce9,3,6
Conjunto niña marca agatha Ruiz de la Prada.,19.6,Agatha Ruiz de la Prada,18-24 mesi / 86 cm,https://www.vinted.it/items/8275254171-conjunto-nina-marca-agatha-ruiz-de-la-prada?referrer=catalog,14,8275254171,Sold,28/02/2026 23:07:57,,https://images1.vinted.net/t/04_023fc_UxR4zWS7kyy4Na9DXCbTWChw/310x430/1772219958.webp?s=547c13df5f587a70d21b0c1ef8133440dd16fb5f,3,6
Parfum PRADA Paradoxe Intense,53.2,Prada,0,https://www.vinted.it/items/8275244936-parfum-prada-paradoxe-intense?referrer=catalog,0,8275244936,Sold,28/02/2026 23:07:57,,https://images1.vinted.net/t/06_0094e_CpHDjCnav6JBmujA12bkKakc/310x430/1772219875.webp?s=75fb5c3b573c4d9ec0f6c95811832b7fbd0e5dbf,3,6
Parfum Paradigme Prada,105.7,Prada,0,https://www.vinted.it/items/8275213367-parfum-paradigme-prada?referrer=catalog,0,8275213367,Sold,28/02/2026 23:07:57,,https://images1.vinted.net/t/06_0122e_sXSpjnX6PmaXr6jy9r2aEK1t/310x430/1772219596.webp?s=c1304a2186783096c0467a65c41474df9468af2d,3,6
Cardigan Prada,210.7,Prada,XL,https://www.vinted.it/items/8238407630-cardigan-prada?referrer=catalog,4,8238407630,Sold,27/02/2026 14:52:25,,https://images1.vinted.net/t/01_01370_RPdVP9aZo5BFvCrPcAii2gnW/310x430/1771782719.webp?s=397ce1e60da52c65fb03789ab3b88e4dc3038795,3,5
#Vestido manga larga Agatha Ruiz de la Prada,14.35,Agatha,6 anni / 116 cm,https://www.vinted.it/items/8267762653-vestido-manga-larga-agatha-ruiz-de-la-prada?referrer=catalog,1,8267762653,Sold,27/02/2026 14:52:25,,https://images1.vinted.net/t/01_01233_M9Ha3P8NuWZu6S11FqTge3NJ/310x430/1772128769.webp?s=097d08bb62010cea82a7a3d80ff77eb2ad318659,3,5
Parfum Prada paradoxe neuf 90 mL,126.7,Prada,0,https://www.vinted.it/items/8267762022-parfum-prada-paradoxe-neuf-90-ml?referrer=catalog,0,8267762022,Sold,27/02/2026 14:52:25,,https://images1.vinted.net/t/04_0062f_6mPzG1UAsjUZJJ29VdDCcxdn/310x430/1772128764.webp?s=749f5471de23f6d5b7a6f5c204644f4967f3b17b,3,5
prada cups,137.2,Prada,43,https://www.vinted.it/items/8267761388-prada-cups?referrer=catalog,4,8267761388,Sold,27/02/2026 14:52:25,,https://images1.vinted.net/t/06_0111c_z1b7FFLnm2DQPhHQ1cGzZPUH/310x430/1772128759.webp?s=6208447a9f6d89277ce5850210ab616844a710e9,3,5
Livre prada,9.1,No brand,0,https://www.vinted.it/items/8267716419-livre-prada?referrer=catalog,8,8267716419,Sold,27/02/2026 14:52:25,,https://images1.vinted.net/t/01_01e13_frzFLrw5PouEeJe7XWSHtxTG/310x430/1772128407.webp?s=830fcceeef041f4b2510ad69cd9240c50ec06300,3,5
Prada Cup Sneaker Schwarz Lack – Gr. 44,101.19,Prada,44,https://www.vinted.it/items/8267703296-prada-cup-sneaker-schwarz-lack-gr-44?referrer=catalog,1,8267703296,Sold,27/02/2026 14:52:25,,https://images1.vinted.net/t/05_025ce_gPykBCugkyba1G5cmidcevzK/310x430/1772128302.webp?s=7c3b45f79f91ebee131fb5603474111d620ab0c1,3,5
Guanti lunghi Prada in pelle e nylon neri con logo triangolo taglia 7½,368.2,Prada,7,https://www.vinted.it/items/8267699973-guanti-lunghi-prada-in-pelle-e-nylon-neri-con-logo-triangolo-taglia-712?referrer=catalog,11,8267699973,Sold,27/02/2026 14:52:25,,https://images1.vinted.net/t/06_01c34_V7nLP8TxsEP9QryT4KUs4sfM/310x430/1772128276.webp?s=a97d8d742f50c0ff0ca08682b3db50a5ba572d73,3,5
Zonnebril Prada,210.7,Prada,0,https://www.vinted.it/items/8267684200-zonnebril-prada?referrer=catalog,1,8267684200,Sold,27/02/2026 14:52:25,,https://images1.vinted.net/t/05_00d51_uyqkqiKVT63UZxnfSyQqmmv6/310x430/1772128150.webp?s=0657d0673526fe730cdc5fe5c41705bdc084d4e0,3,5
Prada Chocolate Loafer Gr.44,210.69,Prada,44,https://www.vinted.it/items/8267649826-prada-chocolate-loafer-gr44?referrer=catalog,1,8267649826,Sold,27/02/2026 14:52:25,,https://images1.vinted.net/t/05_00d80_zaEGhF4tJF9w3Etrzrk44dgM/310x430/1772127883.webp?s=b0df3717cdddc9cbcd9a09b01938fcfd791c7e2d,3,5
Occhiali da sole Prada,158.2,Prada,0,https://www.vinted.it/items/8267639585-occhiali-da-sole-prada?referrer=catalog,3,8267639585,Sold,27/02/2026 14:52:25,,https://images1.vinted.net/t/01_02554_fd5MTeCfJwihKs4oKJ1ns8EQ/310x430/1772127803.webp?s=fa794c5a5018d8860b291fd2790b520d7ee8f7e2,3,5
Prada Paradoxe,63.7,Paradoxe,0,https://www.vinted.it/items/8267598403-prada-paradoxe?referrer=catalog,0,8267598403,Sold,27/02/2026 14:52:25,,https://images1.vinted.net/t/01_00915_bnxYdFuHXbXaRbCedqeY6gWu/310x430/1772127489.webp?s=963e37f1644faf1927227341b571d07c2b33ddaf,3,5
Profumo L'Homme Prada eau de toilette,74.2,Prada,0,https://www.vinted.it/items/8267505997-profumo-lhomme-prada-eau-de-toilette?referrer=catalog,7,8267505997,Sold,27/02/2026 14:52:25,,https://images1.vinted.net/t/05_01d21_ip7x6SEy9F3TKfd756WgEHgd/310x430/1772126796.webp?s=a9db2ab55559bda265864b281359efcc7b6c3977,3,5
Tee shirt PRADA,420.7,Prada,XL,https://www.vinted.it/items/8267497248-tee-shirt-prada?referrer=catalog,2,8267497248,Sold,27/02/2026 14:52:25,,https://images1.vinted.net/t/05_01e15_P3BADauoWdZJdLq9XUao5LJd/310x430/1772126733.webp?s=3658f6f3e1964509bd7cd6e2d4a7cf6424c2d575,3,5
Gafas de Sol Prada,315.7,Prada,0,https://www.vinted.it/items/8267492654-gafas-de-sol-prada?referrer=catalog,0,8267492654,Sold,27/02/2026 14:52:25,,https://images1.vinted.net/t/06_01fff_ScxESbmygcur8qB3UpKboiT6/310x430/1772126698.webp?s=f8955084923342325e86a149941bd3316d2fc404,3,5
Falda agatha Ruiz de la Prada,7.0,Agatha Ruiz de la Prada,24-36 mesi / 92 cm,https://www.vinted.it/items/8267438671-falda-agatha-ruiz-de-la-prada?referrer=catalog,0,8267438671,Sold,27/02/2026 14:52:25,,https://images1.vinted.net/t/05_021fe_TTMQq3emmN383w325Svn2iU4/310x430/1772126297.webp?s=6a62591a0e5b326671b6e6dfdd26bf44987b134f,3,5
Borsa in rafia,84.7,Prada,0,https://www.vinted.it/items/8267408588-borsa-in-rafia?referrer=catalog,145,8267408588,Sold,27/02/2026 14:52:25,,https://images1.vinted.net/t/01_018a3_gE8dbEXxGj2N28xjZRVRNKA7/310x430/1772126076.webp?s=5637adb5a6bce16f9892bfe08e1f76139d5fe355,3,5
Lunettes de soleil prada,89.95,Prada,0,https://www.vinted.it/items/8267407021-lunettes-de-soleil-prada?referrer=catalog,0,8267407021,Sold,27/02/2026 14:52:25,,https://images1.vinted.net/t/06_024c6_XgNjufpqXmX7WjenaBKbNpDU/310x430/1772173433.webp?s=b9016fd8fc3be2565b40c180dbc4b514cd5e0819,3,5
Prada paradoxe,63.7,Prada,0,https://www.vinted.it/items/8267404815-prada-paradoxe?referrer=catalog,1,8267404815,Sold,27/02/2026 14:52:25,,https://images1.vinted.net/t/05_02211_jV5kcB3R6JTGSzmcAdk2MhgP/310x430/1772126048.webp?s=b2777ac35b5c02b8d15d6545a4d3eaf3abae4dae,3,5
Prada cup blanche,137.2,Prada,43,https://www.vinted.it/items/8267404378-prada-cup-blanche?referrer=catalog,15,8267404378,Sold,27/02/2026 14:52:25,,https://images1.vinted.net/t/05_023d7_gAaWoFHCrC9cJAUfuqyKGK9H/310x430/1772126045.webp?s=ff7eea47c35f98fdd36f4eed18c818c8fa384e7a,3,5
Prada cup bleu et blanche,158.2,Prada,43,https://www.vinted.it/items/8267394615-prada-cup-bleu-et-blanche?referrer=catalog,1,8267394615,Sold,27/02/2026 14:52:25,,https://images1.vinted.net/t/05_02659_TDH3PWawB5ZbaNeYauEtosQq/310x430/1772125974.webp?s=ccb0d3ab9e9141735544c9ea3f724e9afe0cf76b,3,5
Prada cup,315.7,Prada,41,https://www.vinted.it/items/8267381712-prada-cup?referrer=catalog,0,8267381712,Sold,27/02/2026 14:52:25,,https://images1.vinted.net/t/05_00387_NRpBPK3iefAhFHpkwPGc8YL8/310x430/1772125882.webp?s=99c88b2f7b287d0a308a0880c19b6bc7b5bf00b8,3,5
Girocollo uomo,168.7,Prada,L,https://www.vinted.it/items/8237844483-girocollo-uomo?referrer=catalog,4,8237844483,Sold,27/02/2026 14:52:25,,https://images1.vinted.net/t/06_020df_gBbzUEgsxPgAFDoeWFQrv1bz/310x430/1771779914.webp?s=70cd9660d82eb43812775c41d2204651398dce1d,3,5
Mocassino elegante Prada valore 890€,262.15,Prada,36,https://www.vinted.it/items/8267367157-mocassino-elegante-prada-valore-890eu?referrer=catalog,1,8267367157,Sold,27/02/2026 14:52:25,,https://images1.vinted.net/t/01_007fb_EQghEjBwasqVTo6rhw18nJcE/310x430/1772125776.webp?s=1688de8749e750781c44f778df2ce5c5dfcbd953,3,5
DVD le diable s’habille en prada Neuf,2.28,No brand,0,https://www.vinted.it/items/8267316241-dvd-le-diable-shabille-en-prada-neuf?referrer=catalog,1,8267316241,Sold,27/02/2026 14:52:25,,https://images1.vinted.net/t/05_01cf3_PwaC2Wup9Bm2rDY2YP1qmw6Z/310x430/1772125409.webp?s=c0eb71033ab863e236dc35b23e7a691890b36fcf,3,5
Prada light u019,37.45,Prada,0,https://www.vinted.it/items/8267313102-prada-light-u019?referrer=catalog,0,8267313102,Sold,27/02/2026 14:52:25,,https://images1.vinted.net/t/05_0213d_jqMW2cH7hwnUT2efYbBB6Fxt/310x430/1772125387.webp?s=de93097788618d6e1a6497a3998b691f1aae5f8f,3,5
Prada box,11.2,Prada,0,https://www.vinted.it/items/8267307547-prada-box?referrer=catalog,1,8267307547,Sold,27/02/2026 14:52:25,,https://images1.vinted.net/t/06_01fb2_fvQngEZi5DMy3z3kJ6Tfbmbz/310x430/1772125347.webp?s=c78affe003da45073b76657b4f71f77e4b6b5758,3,5
Giubbotto PRADA tg S oversize,410.2,Prada,S / IT 40 / EU 36,https://www.vinted.it/items/8267286694-giubbotto-prada-tg-s-oversize?referrer=catalog,5,8267286694,Sold,27/02/2026 14:52:25,,https://images1.vinted.net/t/05_004b3_FEQTThHTqyaLViAWB69Lom8R/310x430/1772125198.webp?s=c51cd86a8b037f017b423e315c9b6e45b1735971,3,5
Prada bag,2.142,Prada,0,https://www.vinted.it/items/8264263173-prada-bag?referrer=catalog,7,8264263173,Sold,27/02/2026 14:52:25,,https://images1.vinted.net/t/01_00161_4DhGX2L2Z1F4cxogR8QW8Lk5/310x430/1772103438.webp?s=6308754d1c1bdefb7b0d458ab0f349b1e8d2521c,3,5
Prada infusion d’iris,53.2,Prada,0,https://www.vinted.it/items/8267148336-prada-infusion-diris?referrer=catalog,9,8267148336,Sold,27/02/2026 14:52:25,,https://images1.vinted.net/t/01_009d5_tmLcTt1j548g9rSaVvhMtsP8/310x430/1772124218.webp?s=54abbbcc0087cd74ddb071f2a0e6937b7243b07b,3,5
Sapatilhas Prada Cups,104.65,Prada,40,https://www.vinted.it/items/8267196975-sapatilhas-prada-cups?referrer=catalog,9,8267196975,Sold,27/02/2026 14:52:25,,https://images1.vinted.net/t/05_01630_Q2vFyURg9vZ191ekv7s1y47q/310x430/1772124561.webp?s=cbb12b95cd92d55f60aecb8be34ed6beaf7e61de,3,5
Prada Paradoxe Intense,47.95,Prada,0,https://www.vinted.it/items/8265387465-prada-paradoxe-intense?referrer=catalog,4,8265387465,Sold,27/02/2026 14:52:25,,https://images1.vinted.net/t/01_00ae0_YZaiwkjGRTECQ6zrXCYKDuFH/310x430/1772111841.webp?s=1d4256e2d67ce17913f6f0a391bc748f7e6688e4,3,5
Occhiali da sole Prada,231.7,Prada,0,https://www.vinted.it/items/8267248474-occhiali-da-sole-prada?referrer=catalog,0,8267248474,Sold,27/02/2026 14:52:25,,https://images1.vinted.net/t/06_01a2f_NRUuFbZBujVAuvnTtA489uwc/310x430/1772124925.webp?s=b4c591b4e8b09523c99360b577b634923c1d1a25,3,5
Mules prada,420.7,Prada,36,https://www.vinted.it/items/8267244116-mules-prada?referrer=catalog,24,8267244116,Sold,27/02/2026 14:52:25,,https://images1.vinted.net/t/04_00c13_XDgYHBiv8dTTvwfGzJSLpNBa/310x430/1772124894.webp?s=1d3da840a07995364918f13669cc2c414be647bd,3,5
Scarpe sneaker prada,137.2,Prada,40,https://www.vinted.it/items/8244211989-scarpe-sneaker-prada?referrer=catalog,15,8244211989,Sold,27/02/2026 14:52:25,,https://images1.vinted.net/t/04_017c4_2agkPyQnrKMo7ho9esthYtw1/310x430/1771856224.webp?s=e73ae312eda8e28ec655e720188f51b580249589,3,5
Lucia en la noche,3.85,No brand,0,https://www.vinted.it/items/8267232909-lucia-en-la-noche?referrer=catalog,0,8267232909,Sold,27/02/2026 14:52:25,,https://images1.vinted.net/t/05_026c8_v3DSveGjNbtNUNCnV5v2Egzp/310x430/1772124814.webp?s=2b307fdba579e93394f76debce340b80f713d94e,3,5
Veste nylon Prada,1.734,Prada,L,https://www.vinted.it/items/8267179283-veste-nylon-prada?referrer=catalog,2,8267179283,Sold,27/02/2026 14:52:25,,https://images1.vinted.net/t/01_026f5_B79zTStJEGgpW4MejQQnUasm/310x430/1772124436.webp?s=b99c545e86c33840d40cf2d337543ddf398812c5,3,5
De duivel draagt Prada van Lauren weisberger,3.33,No brand,0,https://www.vinted.it/items/8267160210-de-duivel-draagt-prada-van-lauren-weisberger?referrer=catalog,0,8267160210,Sold,27/02/2026 14:52:25,,https://images1.vinted.net/t/05_01125_NSuc45urQbti9oVUaRzEtp9S/310x430/1772124302.webp?s=cf4a98b7faf37ff3b63dc26ef8170727e2e9ec9c,3,5
Borsa in pelle Prada,515.2,Prada,0,https://www.vinted.it/items/8267150704-borsa-in-pelle-prada?referrer=catalog,0,8267150704,Sold,27/02/2026 14:52:25,,https://images1.vinted.net/t/06_0108c_vxFD5rjwPuSEQaEkwYmLPUEw/310x430/1772124235.webp?s=74518462342d7f7293575db2379f90f1eb4bd236,3,5
Prada paradygme. 100ml.,63.7,Prada,0,https://www.vinted.it/items/8267123554-prada-paradygme-100ml?referrer=catalog,1,8267123554,Sold,27/02/2026 14:52:25,,https://images1.vinted.net/t/06_0005a_C5wNvtNxubm8bQXwb33BuEv8/310x430/1772124047.webp?s=eee737afba0175ccc11015e1f9e3428e96f5ed70,3,5
Prada Steppjacke ärmellos,263.2,Prada,L / IT 44 / EU 40,https://www.vinted.it/items/8267115004-prada-steppjacke-armellos?referrer=catalog,0,8267115004,Sold,27/02/2026 14:52:25,,https://images1.vinted.net/t/06_0242b_iodai6nsaW94kEmjz2HXEmKk/310x430/1772123988.webp?s=4fb34c1ad5e9ff4ecb52622aa4f87e830fac5cce,3,5
Perneiras riscas Agatha Ruiz de la Prada,2.8,Agatha Ruiz de la Prada,Taglia unica,https://www.vinted.it/items/8267111722-perneiras-riscas-agatha-ruiz-de-la-prada?referrer=catalog,0,8267111722,Sold,27/02/2026 14:52:25,,https://images1.vinted.net/t/04_01014_9gZFYKQBWQmpanrcA24KyLZK/310x430/1772123965.webp?s=8ed0956307d4b456758e5a383d2a04e802b7402a,3,5
Coffret prada ocean .,68.95,Prada,0,https://www.vinted.it/items/8267107309-coffret-prada-ocean?referrer=catalog,2,8267107309,Sold,27/02/2026 14:52:25,,https://images1.vinted.net/t/01_010c7_AZfv3RK199whiL82qaUkVeGq/310x430/1772123935.webp?s=baa34b2bfc456cd6bafcc1374c2d38317994a9c2,3,5
Prada. Eau de parfum pour homme.,95.2,Prada,0,https://www.vinted.it/items/8267102036-prada-eau-de-parfum-pour-homme?referrer=catalog,0,8267102036,Sold,27/02/2026 14:52:25,,https://images1.vinted.net/t/05_0175e_gntd41YYgumdyrn2faZixBPQ/310x430/1772123898.webp?s=ebff7d30500810ac7a62dce18c8108039d7e1a1e,3,5
Prada Paradoxe,47.95,Prada,0,https://www.vinted.it/items/8267090352-prada-paradoxe?referrer=catalog,1,8267090352,Sold,27/02/2026 14:52:25,,https://images1.vinted.net/t/05_00fb9_rZRwPaVmWeHBg1fuLSyMWSeo/310x430/1772123818.webp?s=2b6174f8948aa68440657151d9f770480c412be5,3,5
Casquette Prada,410.2,Prada,M,https://www.vinted.it/items/8267084863-casquette-prada?referrer=catalog,4,8267084863,Sold,27/02/2026 14:52:25,,https://images1.vinted.net/t/05_00eeb_xHSgZ6Q32Cffvubza6cmx44C/310x430/1772123780.webp?s=eb0028263be44a02efe98bb58c6c789da29cd91e,3,5
Lunette prada,221.2,Prada,0,https://www.vinted.it/items/8267080244-lunette-prada?referrer=catalog,0,8267080244,Sold,27/02/2026 14:52:25,,https://images1.vinted.net/t/01_01ae3_xZiQujpvD6nAdFEPh9Jdfo9k/310x430/1772123748.webp?s=66946db5d0ada1d2c0f49fae43610ad174def1de,3,5
Bikini mujer agatha ruiz de la prada nuevo,42.7,Agatha Ruiz de la Prada,M / IT 42 / EU 38,https://www.vinted.it/items/8267058031-bikini-mujer-agatha-ruiz-de-la-prada-nuevo?referrer=catalog,4,8267058031,Sold,27/02/2026 14:52:25,,https://images1.vinted.net/t/05_01d21_JuRZVcUP1ZRQmr6zzRt8auxj/310x430/1772123591.webp?s=601867bb51899e6ebd3874266bf722f16e5b4aa7,3,5
Jupe prada,153.9,Prada,XL / IT 46 / EU 42,https://www.vinted.it/items/8267056944-jupe-prada?referrer=catalog,2,8267056944,Sold,27/02/2026 14:52:25,,https://images1.vinted.net/t/06_01996_crFhqunyBT2EV2ANdJqeT7ag/310x430/r3/1772123584.webp?s=7c36ea3503c5c5aafb646419883554fa35eddea7,3,5
Prada zonnebril unisex,168.7,Prada,0,https://www.vinted.it/items/8267053327-prada-zonnebril-unisex?referrer=catalog,0,8267053327,Sold,27/02/2026 14:52:25,,https://images1.vinted.net/t/05_00760_fhGBT7AeFHDrqVosysSa4GPK/310x430/1772123558.webp?s=cb0a14dca0a9f9aa64d34e4f82ef935e9e1330e9,3,5
Borsa da ufficio in Nylon e saffiano,1.02,Prada,0,https://www.vinted.it/items/8267052924-borsa-da-ufficio-in-nylon-e-saffiano?referrer=catalog,0,8267052924,Sold,27/02/2026 14:52:25,,https://images1.vinted.net/t/06_016d9_GcYhaBesezdwjZsN15p9BnE4/310x430/1772123555.webp?s=699ee0ba37446c03d7aee8a215ef5f328622f78b,3,5
Parfum Prada paradoxe,58.45,Prada,0,https://www.vinted.it/items/8267046986-parfum-prada-paradoxe?referrer=catalog,2,8267046986,Sold,27/02/2026 14:52:25,,https://images1.vinted.net/t/05_021fc_Pz8wu8E4iHYAiaMyNqxi34JB/310x430/1772123512.webp?s=732464ca7d1ac58ccf5d06681e7e7d1f00e89ea7,3,5
La Femme Prada 100 ml,35.35,Prada,0,https://www.vinted.it/items/8267005096-la-femme-prada-100-ml?referrer=catalog,3,8267005096,Sold,27/02/2026 14:52:25,,https://images1.vinted.net/t/06_024d2_SN6tcpGz4vnXNfx4DUp5cNYN/310x430/1772123217.webp?s=f525e994561205281930d833ccc32b11e63f4fff,3,5
Prada Paradigme Eau de Parfum 50 ml nuovo e sigillato,79.45,Prada,0,https://www.vinted.it/items/8266972036-prada-paradigme-eau-de-parfum-50-ml-nuovo-e-sigillato?referrer=catalog,0,8266972036,Sold,27/02/2026 14:52:25,,https://images1.vinted.net/t/05_001d9_rnLakjxPGy6vVmcyfkTo8Sv7/310x430/1772122985.webp?s=75f5a0bb8a4ac93ee767ec05c520cda8566c3890,3,5
Prada ceinture noire en cuir vintage état neuf authentique,42.7,No brand,95 cm,https://www.vinted.it/items/8266943866-prada-ceinture-noire-en-cuir-vintage-etat-neuf-authentique?referrer=catalog,1,8266943866,Sold,27/02/2026 14:52:25,,https://images1.vinted.net/t/06_026b3_8eUvtipXxzKvVaqJEq6ogRmz/310x430/1772122788.webp?s=f056260048c7cb5d266ef920d543228aa2404663,3,5
Donkerblauwe Prada Cups,126.7,Prada,46,https://www.vinted.it/items/8266945643-donkerblauwe-prada-cups?referrer=catalog,6,8266945643,Sold,27/02/2026 14:52:25,,https://images1.vinted.net/t/03_0105e_VAwekx8hUw6q7B9irdMLG4fv/310x430/1772122801.webp?s=18d19678c84afbbecd7bca682c7d7c0aff3e3e70,3,5
Set 3 parfums,53.19,Prada,0,https://www.vinted.it/items/8266943965-set-3-parfums?referrer=catalog,0,8266943965,Sold,27/02/2026 14:52:25,,https://images1.vinted.net/t/05_02230_WTEeQV8tL654gWcsgBprgaMc/310x430/1772122789.webp?s=41b3f55b1964155b753d628516fd6d6720d2025a,3,5
Prada cups,84.7,Prada,42,https://www.vinted.it/items/8266931817-prada-cups?referrer=catalog,2,8266931817,Sold,27/02/2026 14:52:25,,https://images1.vinted.net/t/06_01904_zLRSZvpEvFUtnpTi1ioxnyjW/310x430/1772122704.webp?s=6d71ea4f54939a870373d2eb1bc02337a241a3e2,3,5
Prada FW1999 Wool Leather Boots,378.7,Prada,36,https://www.vinted.it/items/8266915538-prada-fw1999-wool-leather-boots-never-worn?referrer=catalog,0,8266915538,Sold,27/02/2026 14:52:25,,https://images1.vinted.net/t/06_021ee_gDL1jV7cE5bEC1vSmq4goAS1/310x430/1772122588.webp?s=d58502ee90f11a275ec25931c9116b14f5599333,3,5
Prada zonnebril,294.7,Prada,0,https://www.vinted.it/items/8266904525-prada-zonnebril?referrer=catalog,0,8266904525,Sold,27/02/2026 14:52:25,,https://images1.vinted.net/t/06_02447_cBqK6scMN4SmfWAXakeLWrZo/310x430/1772122513.webp?s=2543ab9d9c9eb8b87ee54196dd3af98f743820d6,3,5
Bolso Prada nuevo,446.95,Prada,0,https://www.vinted.it/items/8266831691-bolso-prada-nuevo?referrer=catalog,2,8266831691,Sold,27/02/2026 14:52:25,,https://images1.vinted.net/t/06_00329_q2hGwVEeSqXrUMJSUbNpa6tW/310x430/1772122008.webp?s=5360bd8113222aa82bffe257d91dddcbf883d253,3,5
Chemise nuit neuve Agatha Ruiz De La Prada,16.45,Agatha Ruiz de la Prada,M / IT 42 / EU 38,https://www.vinted.it/items/8266808437-chemise-nuit-neuve-agatha-ruiz-de-la-prada?referrer=catalog,2,8266808437,Sold,27/02/2026 14:52:25,,https://images1.vinted.net/t/01_00e6e_vFd1z7x1AZSuhmjRZPVCWdGf/310x430/1772121847.webp?s=b3706136ab6ee3facb88ccab6241942785d341ac,3,5
Pantaloni Prada,63.7,Prada,IT 38 | W28,https://www.vinted.it/items/8266592320-pantaloni-prada?referrer=catalog,0,8266592320,Sold,27/02/2026 14:52:25,,https://images1.vinted.net/t/05_01940_hyPF6YiEPQNRYqscJqcAT88C/310x430/1772120330.webp?s=e317c1f9f9a5acf3d1e54db781ea66b6c69bf4d7,3,5
Giacca Prada,1.02,Prada,M,https://www.vinted.it/items/8266771095-giacca-prada?referrer=catalog,5,8266771095,Sold,27/02/2026 14:52:25,,https://images1.vinted.net/t/04_006ce_pwz7p5CynyyyRjSbL6KUZsHe/310x430/1772121583.webp?s=ffdf0bedcbb8ed5e2f3e6dadf62829b5b8e136d9,3,5
Prada Paradoxe L’intense en Eau de Parfum à 90Ml toujours neuf sous blister,61.6,Prada,0,https://www.vinted.it/items/8266767548-prada-paradoxe-lintense-en-eau-de-parfum-a-90ml-toujours-neuf-sous-blister?referrer=catalog,0,8266767548,Sold,27/02/2026 14:52:25,,https://images1.vinted.net/t/05_0014b_F42nuePEJVqrnRsdwRgDoQZh/310x430/1772121559.webp?s=ad9b750a52c79783dad1280741f3486726a40d1e,3,5
Prada Ocean Luna Rossa coffret,58.45,Prada,0,https://www.vinted.it/items/8266761899-prada-ocean-luna-rossa-coffret?referrer=catalog,5,8266761899,Sold,27/02/2026 14:52:25,,https://images1.vinted.net/t/06_0242d_r9ybBVZyKBxvKvBBnoBgENGJ/310x430/1772121520.webp?s=0c158f18b882f6eceac632ae04abd3c3d033c5a2,3,5
Gorra,63.7,Luna Rossa,XL,https://www.vinted.it/items/8266751631-gorra-unisex-de-prada-luna-rossa-y-ferrari?referrer=catalog,3,8266751631,Sold,27/02/2026 14:52:25,,https://images1.vinted.net/t/04_01960_2sZz2HGBibroH3mR5L4iZTHs/310x430/1772121449.webp?s=0f667d9d8ba1fbe2cf559a8c36d65ddc27c865f1,3,5
Prada Cappello pescatore,68.95,Prada,S,https://www.vinted.it/items/8158187197-prada-cappello-pescatore?referrer=catalog,2,8158187197,Sold,27/02/2026 14:52:25,,https://images1.vinted.net/t/06_01e9a_VeMxX1LubvEWYRP3MJaf2XMC/310x430/1770897901.webp?s=5915520b3ffb0464a7e9a75949e39555bfb02161,3,5
Profumo Prada,59.5,Prada,0,https://www.vinted.it/items/8266737301-profumo-prada?referrer=catalog,1,8266737301,Sold,27/02/2026 14:52:25,,https://images1.vinted.net/t/05_0200c_j5YkLVZRWVyqyC4NUFwD1vCg/310x430/1772121349.webp?s=8ef9271aef6db2c5457a25eccdd43d24eb2a85b5,3,5
Parfum femme,74.2,Prada,0,https://www.vinted.it/items/8266729633-parfum-femme?referrer=catalog,1,8266729633,Sold,27/02/2026 14:52:25,,https://images1.vinted.net/t/01_011f4_4oJhgpx5BWzj2ab4yAzmhi9Q/310x430/1772121295.webp?s=78c72d8fdd4db93d9f9116e8dcf8602ae314a419,3,5
Prada,79.45,Prada,0,https://www.vinted.it/items/8266713762-prada?referrer=catalog,1,8266713762,Sold,27/02/2026 14:52:25,,https://images1.vinted.net/t/06_002e2_wf6GiVY8TUgV3UcLFdzCG6i6/310x430/1772121182.webp?s=6752b30d20c1b3848801489fdc343b6b145e143f,3,5
Prada Jacket/ Veste,284.2,Prada,M,https://www.vinted.it/items/8266708828-prada-jacket-veste-gilet-bleu-marine?referrer=catalog,0,8266708828,Sold,27/02/2026 14:52:25,,https://images1.vinted.net/t/01_01359_hstEGSzt4JVRmp7wAw41Hodg/310x430/1772121148.webp?s=9e6c6321e9cfe5cc388a01a2f1f22cdb7e353264,3,5
Orecchini Prada Animalier Elephant Stone Talisman,189.69,Prada,0,https://www.vinted.it/items/8266690303-orecchini-prada-animalier-elephant-stone-talisman?referrer=catalog,17,8266690303,Sold,27/02/2026 14:52:25,,https://images1.vinted.net/t/06_0265c_pxtbKaqxw4LJygq2RvV1gaQB/310x430/1772121018.webp?s=6c47b249b2329d23cd837f4a2388c7105f122426,3,5
Gafas sol Ágata Ruiz de la Prada,16.45,Agatha Ruiz de la Prada,0,https://www.vinted.it/items/8266688355-gafas-sol-agata-ruiz-de-la-prada?referrer=catalog,2,8266688355,Sold,27/02/2026 14:52:25,,https://images1.vinted.net/t/05_00efe_qAsyt3c4MnpP5H3BWVFC3kSo/310x430/1772121004.webp?s=90f5d64fa6ab0af1470ed13b433f440cf8938cf2,3,5
Paradoxe Prada,53.2,Prada,0,https://www.vinted.it/items/8266687410-paradoxe-prada?referrer=catalog,6,8266687410,Sold,27/02/2026 14:52:25,,https://images1.vinted.net/t/06_0091c_7q6Nc7RNFYMGzTod4RoDNpWU/310x430/1772120998.webp?s=80522950e558d6d7369a1320440eeecd6e2fdb14,3,5
Prada - iconici bermuda in broccato,410.2,Prada,S / IT 40 / EU 36,https://www.vinted.it/items/8266656973-prada-iconici-bermuda-in-broccato?referrer=catalog,44,8266656973,Sold,27/02/2026 14:52:25,,https://images1.vinted.net/t/06_02432_6UkKSaZ3RVwCnVAW2yfYeLAe/310x430/1772120785.webp?s=604695290c7c24f8932cf878504efece040f5f09,3,5
Prada cup red,368.2,Prada,43,https://www.vinted.it/items/8266622519-prada-cup-red?referrer=catalog,2,8266622519,Sold,27/02/2026 14:52:25,,https://images1.vinted.net/t/01_002ec_MBvXnkTZj3JYir4evqC1qqvY/310x430/1772120545.webp?s=6495bfa3c154e3fee9995070bb76050d6f8511ef,3,5
Prada cups,84.7,Prada,41,https://www.vinted.it/items/8266583865-prada-cups?referrer=catalog,57,8266583865,Sold,27/02/2026 14:52:25,,https://images1.vinted.net/t/06_0218e_6BFg9nngDBVo3YjbTgqhmSwb/310x430/1772120272.webp?s=524e158977cfa37256e4f40ce8b82f0e1647513f,3,5
Corbata Prada,125.65,Prada,0,https://www.vinted.it/items/8266575767-corbata-prada?referrer=catalog,11,8266575767,Sold,27/02/2026 14:52:25,,https://images1.vinted.net/t/05_01c86_QECq8pt8TVhaMn8DCeuwg3zK/310x430/1772120675.webp?s=4b51fa3b2c463c069bbbacda1f53e7d35ee59cb5,3,5
Dustbag,17.5,Prada,0,https://www.vinted.it/items/8266562756-dustbag?referrer=catalog,2,8266562756,Sold,27/02/2026 14:52:25,,https://images1.vinted.net/t/06_0106a_FfqgZHe4ivh81JknDfKw9v8v/310x430/1772120123.webp?s=f0def2cc2c37a2e9c600a5bc83617a0cda6d58a1,3,5
Original Prada box sunglasses,5.94,Prada,0,https://www.vinted.it/items/8266548849-original-prada-box-sunglasses?referrer=catalog,0,8266548849,Sold,27/02/2026 14:52:25,,https://images1.vinted.net/t/06_00654_Fr6nNcyQqYaFMhEMGvMuDwP2/310x430/1772120023.webp?s=0346de077b571c4c19133c4046fe1d3b07f2a405,3,5
Gonna Midi Prada,137.2,Prada,M / IT 42 / EU 38,https://www.vinted.it/items/8266519173-gonna-midi-prada?referrer=catalog,1,8266519173,Sold,27/02/2026 14:52:25,,https://images1.vinted.net/t/01_004f0_NT8fmXstFy4aPA2kCZZwBAvu/310x430/1772119809.webp?s=b839b7f8e6c16a017e19be3ebf043846d99d3903,3,5
Scarpe Prada Sneakers Americas' Cup n°42 bianche e verdi nuove,713.99,Prada,42,https://www.vinted.it/items/8266486068-scarpe-prada-sneakers-americas-cup-ndeg42-bianche-e-verdi-nuove?referrer=catalog,0,8266486068,Sold,27/02/2026 14:52:25,,https://images1.vinted.net/t/01_01d36_jtjJANkSsDnV3M8We7AbVWDY/310x430/1772119571.webp?s=d2ab9b705a7a85db8092bd86b9d63796f6d9e1b6,3,5
Sacoche prada,368.2,Prada,0,https://www.vinted.it/items/8266475164-sacoche-prada?referrer=catalog,2,8266475164,Sold,27/02/2026 14:52:25,,https://images1.vinted.net/t/05_0172f_gxMsN778cgAG1XbbCaduQcZz/310x430/1772119494.webp?s=b2b3b46ff520e0f8b471bd56b66b7e83910156fe,3,5
Pochette pochon fourre tout Prada bleu et noir,21.7,Prada,0,https://www.vinted.it/items/8266373380-pochette-pochon-fourre-tout-prada-bleu-et-noir?referrer=catalog,3,8266373380,Sold,27/02/2026 14:52:25,,https://images1.vinted.net/t/05_0169a_4VZjVs1Quikrzdj9UmW871bu/310x430/1772118766.webp?s=47b58ff836d0260d13e02d8e5e1677a42fd8db5f,3,5
Prada paradigme,53.2,Prada,0,https://www.vinted.it/items/8266355094-prada-paradigme?referrer=catalog,5,8266355094,Sold,27/02/2026 14:52:25,,https://images1.vinted.net/t/06_01738_tgQRAfVPmb6wy1c1z8UBWDNK/310x430/1772118637.webp?s=4672dc3a83a5ba2d2d1c5b568e0722c5123ceb32,3,5
Óculos Sol Prada SPR17W,210.7,Prada,0,https://www.vinted.it/items/8266349008-oculos-sol-prada-spr17w?referrer=catalog,0,8266349008,Sold,27/02/2026 14:52:25,,https://images1.vinted.net/t/04_00f09_aduXdKamukg3Dwazu2YdkG5C/310x430/1772118595.webp?s=a2b5617a3cf8e29ee554ed85623704a49166b851,3,5
Prada cup noir taille 43,200.2,Prada,43,https://www.vinted.it/items/8266328030-prada-cup-noir-taille-43?referrer=catalog,1,8266328030,Sold,27/02/2026 14:52:25,,https://images1.vinted.net/t/05_0223d_4bTuYsCCjyaF1ThdiCWw46fK/310x430/1772118448.webp?s=c8367646668db089aeb27170ed0a40092b118bab,3,5
Prada cups Talla 43,95.2,Prada,43,https://www.vinted.it/items/8266292353-prada-cups-talla-43?referrer=catalog,9,8266292353,Sold,27/02/2026 14:52:25,,https://images1.vinted.net/t/06_00dab_x2P5FKUsjujgePYcZZTDTmjz/310x430/1772118195.webp?s=bfd8b2c06c2a96eb6dde0d2beb5fccdabf060970,3,5
Prada Clutch,121.45,Prada,0,https://www.vinted.it/items/8237525381-prada-clutch?referrer=catalog,42,8237525381,Sold,27/02/2026 14:52:25,,https://images1.vinted.net/t/06_00b04_uXnzD7UCAFGnJBj515CoUBHY/310x430/1771778486.webp?s=d20bef8fbc584be44c320cc33b579c191a065876,3,5
Prada Tasche,963.9,Prada,0,https://www.vinted.it/items/8266272459-prada-tasche?referrer=catalog,6,8266272459,Sold,27/02/2026 14:52:25,,https://images1.vinted.net/t/06_00d3e_q9STYwei8wzYdeVh6TXLBsD9/310x430/1772118055.webp?s=4dff9eba63cd2d89f38b136e70db86f45d71e7f9,3,5
Prada,37.45,Prada,0,https://www.vinted.it/items/8266244479-prada?referrer=catalog,0,8266244479,Sold,27/02/2026 14:52:25,,https://images1.vinted.net/t/06_021ea_vMkk17iujJJ4JN3X91W4myXd/310x430/1772117860.webp?s=a47e260f92c1b1171b4c1d999c7d890e7d1be544,3,5
Lunettes de soleil Prada,210.7,Prada,0,https://www.vinted.it/items/8266210188-lunettes-de-soleil-prada?referrer=catalog,3,8266210188,Sold,27/02/2026 14:52:25,,https://images1.vinted.net/t/06_019e4_R7DLhA12QnvMvobVuvTDxgcj/310x430/1772117623.webp?s=dc5efdee222fec3cb0f3cca2a4ad614f62f81116,3,5
Prada t-shirt,37.45,Prada,M / IT 42 / EU 38,https://www.vinted.it/items/8266170452-prada-t-shirt?referrer=catalog,49,8266170452,Sold,27/02/2026 14:52:25,,https://images1.vinted.net/t/06_02423_sz4zXgU6wazwY8eF9SWucT6p/310x430/1772117349.webp?s=6c3c3ec342397c28c8c45843c485e90f67d0f399,3,5
Occhiali da sole Prada,105.7,Prada,0,https://www.vinted.it/items/8259087927-occhiali-da-sole-prada?referrer=catalog,0,8259087927,Sold,28/02/2026 02:15:18,,https://images1.vinted.net/t/01_00a4d_6tCecsUpTdj1YWT2cmcARZtG/310x430/1772030683.webp?s=0dcd534ad59a8d6dccac0f983f7b21f5f57106c9,3,5
Scarpe nere tacco Prada,252.7,Prada,36.5,https://www.vinted.it/items/8259014199-scarpe-nere-tacco-prada?referrer=catalog,45,8259014199,Sold,28/02/2026 02:15:18,,https://images1.vinted.net/t/06_016c4_P8phSEfT6Hq6RHcoMGQfT3UB/310x430/1772030189.webp?s=24fd18958a15f68e48af3e874605cc440a905844,3,5
Prada Moon re edition 2002,1.224,Prada,0,https://www.vinted.it/items/8258991389-prada-moon-re-edition-2002?referrer=catalog,19,8258991389,Sold,28/02/2026 02:15:18,,https://images1.vinted.net/t/06_012d5_Jhb3EkUbAKMRAwnbR2W69Kqk/310x430/1772030034.webp?s=6a2fef39dd17f4dd555e3c239bbf17fcbf70d076,3,5
Scarpe sneakers Prada bimbo,51.1,Prada,3 anni / 98 cm,https://www.vinted.it/items/8258889179-scarpe-sneakers-prada-bimbo?referrer=catalog,1,8258889179,Sold,28/02/2026 02:15:18,,https://images1.vinted.net/t/01_0184d_J47LfKeDWpjWrbjyUWEjgLwV/310x430/1772029336.webp?s=92070fd38637ac2dbe80cea77e817a9eaa69b4bb,3,5
Stivali Prada 39 neri nuovi tacco 10,315.7,Prada,39,https://www.vinted.it/items/8258877653-stivali-prada-39-neri-nuovi-tacco-10?referrer=catalog,8,8258877653,Sold,28/02/2026 02:15:18,,https://images1.vinted.net/t/01_00490_2E6R7JgYbypQoFzRKGetZiGv/310x430/1772029257.webp?s=e73b2fb532bc3ea7226f6098baaacb75e795f316,3,5
Stivale alto Prada,168.7,Prada,38,https://www.vinted.it/items/8258760111-stivale-alto-prada?referrer=catalog,2,8258760111,Sold,28/02/2026 02:15:18,,https://images1.vinted.net/t/06_00c6b_fHZ7ozyWV2tbEqk4ciFV9saT/310x430/1772028446.webp?s=d5ed1be63021d4ec17e9fe9cbf82f224e60c1acc,3,5
Borsa Prada,1.326,Prada,0,https://www.vinted.it/items/8258690112-borsa-prada?referrer=catalog,7,8258690112,Sold,28/02/2026 02:15:18,,https://images1.vinted.net/t/05_0245d_1eCUTbCADwVeu1qhiFN4diyi/310x430/1772027962.webp?s=6b1b37b12c84d11cb9c4933b3a58d0075244bb13,3,5
Custodia occhiali Prada,16.45,Prada,0,https://www.vinted.it/items/8258627043-custodia-occhiali-prada?referrer=catalog,4,8258627043,Sold,28/02/2026 02:15:18,,https://images1.vinted.net/t/05_0232d_Jyyxx2hiEqW1tXpFmeFZCCLg/310x430/1772027531.webp?s=5d597498e3be63111f25b6fd4eba0d9f8e2ac8fb,3,5
Zaino nuovo Prada,765.0,Prada,0,https://www.vinted.it/items/8258577095-zaino-nuovo-prada?referrer=catalog,3,8258577095,Sold,28/02/2026 02:15:18,,https://images1.vinted.net/t/06_0175a_1reju83AH6BgSPmmJ8YQzzt1/310x430/1772027188.webp?s=7e593c50a719724a6a601b300f85411479e59b60,3,5
Stivaletti bambina Agatha Ruiz de la Prada,32.2,Agatha Ruiz de la Prada,31,https://www.vinted.it/items/8258551366-stivaletti-bambina-agatha-ruiz-de-la-prada?referrer=catalog,0,8258551366,Sold,28/02/2026 02:15:18,,https://images1.vinted.net/t/06_00457_AutzJqenaSTMyZhuuh6LhL13/310x430/1772027011.webp?s=c4008db67f2719a8debe1846da4f5361f0c9e908,3,5
Borsello Prada,105.7,No brand,0,https://www.vinted.it/items/8258544488-borsello-prada?referrer=catalog,0,8258544488,Sold,28/02/2026 02:15:18,,https://images1.vinted.net/t/06_003bc_Dhv6AqumgRbBqLPtzx1dpRGG/310x430/1772026963.webp?s=2b40163c6c7f5fa28c186108ae9caf3ee9e31195,3,5
Prada,21.7,Prada,0,https://www.vinted.it/items/8258494863-prada?referrer=catalog,0,8258494863,Sold,28/02/2026 02:15:18,,https://images1.vinted.net/t/06_024f8_sUxS61vuusRv1c25gDBaGKUZ/310x430/1772026616.webp?s=42368337d74f441d6bea77cde484680d80931a47,3,5
Pochette Prada unisex,37.45,Prada,0,https://www.vinted.it/items/8258469266-pochette-prada-unisex?referrer=catalog,2,8258469266,Sold,28/02/2026 02:15:18,,https://images1.vinted.net/t/05_002b3_Yw63mjHgKBerQB3tVLTsgdoS/310x430/1772026438.webp?s=a43ca167b70633c8e7df0d29f7bd617501907fad,3,5
Borsa Prada nuova,612.0,Prada,0,https://www.vinted.it/items/8256705143-borsa-prada-nuova?referrer=catalog,2,8256705143,Sold,28/02/2026 02:15:18,,https://images1.vinted.net/t/05_019ca_PLm6oJVXorSpd3zuktrDJ8zD/310x430/1772013552.webp?s=f320708c81f4c9374054291b16052c929b9538e7,3,5
Sciarpa Prada - Lana Vergine Made in Italy,263.2,Prada,0,https://www.vinted.it/items/8258440016-sciarpa-prada-lana-vergine-made-in-italy?referrer=catalog,8,8258440016,Sold,28/02/2026 02:15:18,,https://images1.vinted.net/t/05_00eb2_MuDtqqeuDmHFxds4HseewGAV/310x430/1772026236.webp?s=fcac63b19dab1691b269598f393891282e4efc5e,3,5
Custodia occhiali Prada originale – con scatola e dust bag,32.2,Prada,0,https://www.vinted.it/items/8258410036-custodia-occhiali-prada-originale-con-scatola-e-dust-bag?referrer=catalog,0,8258410036,Sold,28/02/2026 02:15:18,,https://images1.vinted.net/t/06_0185f_PkH9WTw6LPoL2xJEBsd5s36v/310x430/1772026027.webp?s=89a969562bc652a2380f77d34ee46d8851682c4d,3,5
Mocassini neri Prada,877.2,Prada,39,https://www.vinted.it/items/8258379774-mocassini-neri-prada?referrer=catalog,0,8258379774,Sold,28/02/2026 02:15:18,,https://images1.vinted.net/t/01_0219e_suHdzpuFKvpfEVoQM9AtkTLn/310x430/1772025815.webp?s=75b0ac8ee9733b79e265376b82f0a04b9d97103d,3,5
Neonata 2 costumi mare - Agatha Ruiz de la Prada 6 mesi,11.2,Agatha Ruiz de la Prada,6-9 mesi / 68 cm,https://www.vinted.it/items/8258251554-neonata-2-costumi-mare-agatha-ruiz-de-la-prada-6-mesi?referrer=catalog,2,8258251554,Sold,28/02/2026 02:15:18,,https://images1.vinted.net/t/01_02100_xCqQjmYYWx4ZFaUZYSYqNnED/310x430/1772024915.webp?s=8569357d01277406b8db3e74b2c1e548c06ec1e9,3,5
Occhiali Prada Vintage,63.6,Prada,0,https://www.vinted.it/items/8258177145-occhiali-prada-vintage?referrer=catalog,2,8258177145,Sold,28/02/2026 02:15:18,,https://images1.vinted.net/t/06_01f3e_fVSmsJLsE8TRG14Gd5ju3wij/310x430/1772024387.webp?s=48a0c175b935e45cf5ac0497906ea7e075859a87,3,5
Maglietta,26.95,Prada,S / IT 40 / EU 36,https://www.vinted.it/items/8258078758-maglietta?referrer=catalog,4,8258078758,Sold,28/02/2026 02:15:18,,https://images1.vinted.net/t/05_0103f_M7ggwCfeYNq2QsyTLv1oD87o/310x430/1772023691.webp?s=d36718a623abab6c78c5602784d3474bd2db1ce1,3,5
Occhiali Prada,53.2,Prada,0,https://www.vinted.it/items/8258052704-occhiali-prada?referrer=catalog,28,8258052704,Sold,28/02/2026 02:15:18,,https://images1.vinted.net/t/06_01e0c_sWUxxaSgrna3KcaodoizSEMm/310x430/1772023507.webp?s=8ae068ed4e314723028309c9bbd391e5430606a5,3,5
Occhiali da sole Prada,210.7,Prada,0,https://www.vinted.it/items/8257808947-occhiali-da-sole-prada?referrer=catalog,1,8257808947,Sold,28/02/2026 02:15:18,,https://images1.vinted.net/t/06_0060d_SJtfEJ6UYo7Qoo8Yb4JE76h2/310x430/1772021746.webp?s=6a236274a512f210d625a537b0eb3282a5316fbf,3,5
Prada mocassino,231.7,Prada,38,https://www.vinted.it/items/8257716644-prada-mocassino?referrer=catalog,3,8257716644,Sold,28/02/2026 02:15:18,,https://images1.vinted.net/t/05_00e55_m2EWnjstthHohVXYt26px4BV/310x430/1772021055.webp?s=8c95b22b6cf00f43186641311cad939e200d7930,3,5
Prada décolleté slingback NO offerte,410.2,Prada,36.5,https://www.vinted.it/items/8257685193-prada-decollete-slingback-no-offerte?referrer=catalog,27,8257685193,Sold,28/02/2026 02:15:18,,https://images1.vinted.net/t/06_00f20_PDkwPafmD4TTFXSfWRNam2p7/310x430/1772020814.webp?s=c83acfe0b6cb7a7ea44725940976547d6364f9be,3,5
Prada yellow athletic sleevless top,336.7,Prada,S / IT 40 / EU 36,https://www.vinted.it/items/8257686008-prada-yellow-athletic-sleevless-top?referrer=catalog,5,8257686008,Sold,28/02/2026 02:15:18,,https://images1.vinted.net/t/05_006e3_xvVcuGm8vi85B9ihThuxKxb3/310x430/1772020821.webp?s=1bb9d93e2e4918d08dd8757503a95f4d1071f10c,3,5
Prada décolleté slingback NO offerte,410.2,Prada,37.5,https://www.vinted.it/items/8257569703-prada-decollete-slingback-no-offerte?referrer=catalog,33,8257569703,Sold,28/02/2026 02:15:18,,https://images1.vinted.net/t/05_0155d_mxQpTjJ51ZmTQLdULJ5yewDp/310x430/1772020175.webp?s=8e731ab3b275a323704d15ad595593993a90b334,3,5
Prada Down Jacket,1.326,Prada,L,https://www.vinted.it/items/8257464414-prada-down-jacket?referrer=catalog,17,8257464414,Sold,28/02/2026 02:15:18,,https://images1.vinted.net/t/01_01b72_riZM9ju1gvr47ZZeuq36qdqf/310x430/1772019763.webp?s=6236e1067f1edd86bdc6c992bbc00e1d40dc251e,3,5
Occhiali da sole Prada,158.2,Prada,0,https://www.vinted.it/items/8257421191-occhiali-da-sole-prada?referrer=catalog,3,8257421191,Sold,28/02/2026 02:15:18,,https://images1.vinted.net/t/06_01508_oDargZzKKAknJ3jPjtnHrxKA/310x430/1772018832.webp?s=af1bd6f26cf86660ebca78752ebe1a19f00ba1f1,3,5
Vestito Prada,399.7,Prada,XS / IT 38 / EU 34,https://www.vinted.it/items/8257387644-vestito-prada?referrer=catalog,15,8257387644,Sold,28/02/2026 02:15:18,,https://images1.vinted.net/t/06_01bde_sSAgEJEFf8XdKWGJGQkjDMfq/310x430/1772018580.webp?s=36cac8aa730ec258e3c1d0d1bb88ddfb44caaede,3,5
Prada scatola da foulard,16.45,Prada,0,https://www.vinted.it/items/8257377947-prada-scatola-da-foulard?referrer=catalog,0,8257377947,Sold,28/02/2026 02:15:18,,https://images1.vinted.net/t/01_010aa_qg32ia2LhSsgRe3KCxhBMFFm/310x430/1772018508.webp?s=a8198628b4c79e64161049f0fa77c6eddcb70f63,3,5
Occhiali da sole Prada,179.2,Prada,0,https://www.vinted.it/items/8257298581-occhiali-da-sole-prada?referrer=catalog,1,8257298581,Sold,28/02/2026 02:15:18,,https://images1.vinted.net/t/01_02634_ZfGxKKSiySnbR5h8tPyTSpYC/310x430/1772017916.webp?s=229569157017a3d8f20631062294759bc2c8804b,3,5
Sneakers  Prada in tessuto rosse,420.7,Prada,39,https://www.vinted.it/items/8257284213-sneakers-prada-in-tessuto-rosse?referrer=catalog,0,8257284213,Sold,28/02/2026 02:15:18,,https://images1.vinted.net/t/05_01d3c_eSRgXNg3hx6zmiSVN1a3QB14/310x430/1772017811.webp?s=3709da0f9d7ea8ccd6a7f85f66c53ac283ea1d2c,3,5
Portachiavi prada nuovo,221.2,Prada,0,https://www.vinted.it/items/8257270363-portachiavi-prada-nuovo?referrer=catalog,0,8257270363,Sold,28/02/2026 02:15:18,,https://images1.vinted.net/t/05_02127_GUaAVqBHu1Y1qMEcLzZd1ZSY/310x430/1772017710.webp?s=2b418a8bc8b7a428f37ffdb3fe84ca93f3c85b4f,3,5
Prada pantaloni,242.2,Prada,S / IT 40 / EU 36,https://www.vinted.it/items/8257236679-prada-pantaloni?referrer=catalog,0,8257236679,Sold,28/02/2026 02:15:18,,https://images1.vinted.net/t/06_00ad4_vaxS3T6Pd56RuqD1F4dKfUNu/310x430/1772017463.webp?s=cfbc34309782656b3837019554607dfdad167cf9,3,5
Portamonete prada,189.7,Prada,0,https://www.vinted.it/items/8257211307-portamonete-prada?referrer=catalog,0,8257211307,Sold,28/02/2026 02:15:18,,https://images1.vinted.net/t/06_01b17_aqykHKwwToFCSb7TdkKXNCAt/310x430/1772017280.webp?s=dea6f86db307b798eaac32beb163305faf5281ee,3,5
Cintura Prada,142.45,Prada,85 cm,https://www.vinted.it/items/8257034664-cintura-prada?referrer=catalog,68,8257034664,Sold,28/02/2026 02:15:18,,https://images1.vinted.net/t/01_019be_oznhq3J6q92EQpc1MjFvsnTb/310x430/1772016016.webp?s=fd755a0407a1fb72b6e790f58e846854f93f835b,3,5
Prada T-Strap in Pitone e Camoscio Taglia 39.5,231.7,Prada,39.5,https://www.vinted.it/items/8257085782-prada-t-strap-in-pitone-e-camoscio-taglia-395?referrer=catalog,3,8257085782,Sold,28/02/2026 02:15:18,,https://images1.vinted.net/t/04_013d7_CeTAZjh5YgcXjMoU9vAsx7SY/310x430/1772016382.webp?s=151efdedf5cb4dd40269835b259734f0cbb633ad,3,5
Borsa Prada,510.0,Prada,0,https://www.vinted.it/items/8257074089-borsa-prada?referrer=catalog,3,8257074089,Sold,28/02/2026 02:15:18,,https://images1.vinted.net/t/06_002d4_x26qa8vvNHTZCNauoeBEp5kN/310x430/1772016299.webp?s=4f071fa53678e84d0bb280f7af1dd8d8a858fcc9,3,5
Giacca imbottita Prada,210.7,Prada,XXL / IT 48 / EU 44,https://www.vinted.it/items/8257063948-giacca-imbottita-prada?referrer=catalog,75,8257063948,Sold,28/02/2026 02:15:18,,https://images1.vinted.net/t/03_01137_ZrsLdKUehj1kicmuzV9KXiir/310x430/1772016226.webp?s=6a18c52341e0d4fbdd3804228107ac2df22e5163,3,5
Prada paradaoxe eau de parfum 90 ml,47.95,Prada,0,https://www.vinted.it/items/8257005630-prada-paradaoxe-eau-de-parfum-90-ml?referrer=catalog,7,8257005630,Sold,28/02/2026 02:15:18,,https://images1.vinted.net/t/04_01ef4_tK1nxVpypEQWY2xU2C1Th5y8/310x430/1772015808.webp?s=8810840d4556953729196bf374cec2096577de05,3,5
Valiga Prada saffiano colore bianco,2.193,Prada,0,https://www.vinted.it/items/8256938675-valiga-prada-saffiano-colore-bianco?referrer=catalog,4,8256938675,Sold,28/02/2026 02:15:18,,https://images1.vinted.net/t/04_0068a_MyuzEU2WXBN1n39U7zbTZmNE/310x430/1772015324.webp?s=d493f873c5e6623deb1cdba37893ce72535e53ed,3,5
Paradox prada,51.1,Prada,0,https://www.vinted.it/items/8256860627-paradox-prada?referrer=catalog,9,8256860627,Sold,28/02/2026 02:15:18,,https://images1.vinted.net/t/05_0010b_xt1z6tNgZM3aPVHehESt3PmD/310x430/1772014748.webp?s=0d9daeebb70e02e1b6540305c71f9be326be1405,3,5
Prada re-edition wool cashmere,969.0,Prada,0,https://www.vinted.it/items/8256797261-prada-re-edition-wool-cashmere?referrer=catalog,5,8256797261,Sold,28/02/2026 02:15:18,,https://images1.vinted.net/t/01_0231e_NZ3ogWV1ox3im3X9uiQHKpdT/310x430/1772014268.webp?s=dfa24ec89eb332cfadf171aea6a2d1431cef35e4,3,5
Collezione Brand Lusso,158.2,No brand,0,https://www.vinted.it/items/8256769959-collezione-brand-lusso?referrer=catalog,5,8256769959,Sold,28/02/2026 02:15:18,,https://images1.vinted.net/t/05_00dd4_v9uuTmuicMFbB7NGmPqqz67s/310x430/1772014059.webp?s=614818df800c9ec767e93046395d2a6c1673dcaf,3,5
Occhiali da sole,210.7,Prada,0,https://www.vinted.it/items/8256758396-occhiali-da-sole?referrer=catalog,1,8256758396,Sold,28/02/2026 02:15:18,,https://images1.vinted.net/t/05_01ee9_cr3mwPQFNR5dSjCcKKatu5aw/310x430/1772013971.webp?s=428a78603132d74d80b6afa49ab1b2824cdfd154,3,5
Occhiali da sole Prada neri,89.95,Prada,0,https://www.vinted.it/items/8256710866-occhiali-da-sole-prada-neri?referrer=catalog,7,8256710866,Sold,28/02/2026 02:15:18,,https://images1.vinted.net/t/06_019af_pxb2LuWSSPoCDV82AnEkUUMK/310x430/1772013596.webp?s=503096248d904c41475395504613fbbded499d47,3,5
Borsa Prada,816.0,Prada,0,https://www.vinted.it/items/8256631015-borsa-prada?referrer=catalog,1,8256631015,Sold,28/02/2026 02:15:18,,https://images1.vinted.net/t/05_0013e_7PUDordD1fopUtyCPub8P76f/310x430/1772012954.webp?s=5a3a405f117276a306170fafc86c3cbd70023073,3,5
Prada Necessaire Canapa Logo,315.7,Prada,0,https://www.vinted.it/items/8223516315-prada-necessaire-canapa-logo?referrer=catalog,8,8223516315,Sold,28/02/2026 02:15:18,,https://images1.vinted.net/t/06_01edf_Ts772CFCDvc79FiTpASGiXxM/310x430/1771666452.webp?s=b6eb79c33a6de2fc7463c3821bfeaf21a584e870,3,5
Sneakers Prada,420.7,Prada,38,https://www.vinted.it/items/8256546981-sneakers-prada?referrer=catalog,0,8256546981,Sold,28/02/2026 02:15:18,,https://images1.vinted.net/t/06_004c2_DeuJX9xaCcVCUzSVx2uXkeuJ/310x430/1772012256.webp?s=afb28a8f1b834bfc0f6f69f4d05de85bd23bdeb7,3,5
porta carte prada,116.2,Prada,0,https://www.vinted.it/items/8240051966-porta-carte-prada?referrer=catalog,5,8240051966,Sold,28/02/2026 02:15:18,,https://images1.vinted.net/t/06_008f0_TvDM6s7ErQNUoCeTBcCfESwB/310x430/1771793494.webp?s=aae087094faef66297860475a7d3b4ebdf9b6b76,3,5
Pochette Prada nylon rosso originale con logo triangolare,189.7,Prada,0,https://www.vinted.it/items/8256407432-pochette-prada-nylon-rosso-originale-con-logo-triangolare?referrer=catalog,9,8256407432,Sold,28/02/2026 02:15:18,,https://images1.vinted.net/t/05_00312_BjMZjDRZwWZ6a8nHrhvBcyPA/310x430/1772011019.webp?s=e10fb28847e33025dc057531d035cd40c579c944,3,5
Tessuto Prada originale – scampolo firmato (10),26.95,FABRIC,0,https://www.vinted.it/items/8256364200-tessuto-prada-originale-scampolo-firmato-10?referrer=catalog,7,8256364200,Sold,28/02/2026 02:15:18,,https://images1.vinted.net/t/05_026c5_z1hjXmqJSKa2FZJqDiEkNPwm/310x430/1772010609.webp?s=93f3bb54119034e7f551614dad4a0e12114790e2,3,5
Occhiali Prada,210.7,Prada,0,https://www.vinted.it/items/8256365175-occhiali-prada?referrer=catalog,0,8256365175,Sold,28/02/2026 02:15:18,,https://images1.vinted.net/t/03_01b5e_HADSDdaE2KoWxjKLPUo5jvBD/310x430/1772010619.webp?s=9b635fadd5ceb93bc743fc58157a2f1a21e5d01a,3,5
Canotta Prada,158.2,Prada,XS / IT 38 / EU 34,https://www.vinted.it/items/8256364390-canotta-prada?referrer=catalog,66,8256364390,Sold,28/02/2026 02:15:18,,https://images1.vinted.net/t/05_00838_7tbE545QfWJp5tUjgzjy2PbE/310x430/1772010611.webp?s=8bbf0b95bbb1891ad7e293894026f28509a7f971,3,5
Tessuto Prada originale – scampolo firmato (21),19.08,FABRIC,0,https://www.vinted.it/items/8256292677-tessuto-prada-originale-scampolo-firmato-21?referrer=catalog,2,8256292677,Sold,28/02/2026 02:15:18,,https://images1.vinted.net/t/05_01d99_eXr45Z2QjTEv1rHw7ojXCANu/310x430/1772009890.webp?s=3368f59dc9a01da1bcc2511676a691b74e21f9e5,3,5
Marsupio vera pelle rosso Prada,368.2,Prada,0,https://www.vinted.it/items/8251868096-marsupio-vera-pelle-rosso-prada?referrer=catalog,15,8251868096,Sold,28/02/2026 02:15:18,,https://images1.vinted.net/t/06_00990_ksSvhaWNeadtF8jFt1cyfdHR/310x430/1772031412.webp?s=7fdd8785b68d153235b405631d6a87ac01f33708,3,5
Profumo donna imitazione Prada Candy,8.05,Arte Profumi,0,https://www.vinted.it/items/8223151503-profumo-donna-imitazione-prada-candy?referrer=catalog,1,8223151503,Sold,28/02/2026 02:15:18,,https://images1.vinted.net/t/06_00213_3U7N84m1mVzmFS5JHYUnMteV/310x430/1771663220.webp?s=91f6b96e39abbb74aa32045271a4ab0448a219c8,3,5
Tessuto Prada originale – scampolo firmato (20),16.45,FABRIC,0,https://www.vinted.it/items/8256166802-tessuto-prada-originale-scampolo-firmato-20?referrer=catalog,3,8256166802,Sold,28/02/2026 02:15:18,,https://images1.vinted.net/t/06_0129a_6R9dYSDa9dbBBJ1Ug4XSzWVF/310x430/1772008510.webp?s=d09c7a66e4ca19351b774ff43605e7c7c272a0e9,3,5
Cintura Prada,105.7,Prada,110 cm,https://www.vinted.it/items/8251336288-cintura-prada?referrer=catalog,1,8251336288,Sold,28/02/2026 02:15:18,,https://images1.vinted.net/t/05_01925_d18fsTAwugtTWth7nEQUk75v/310x430/1771940722.webp?s=f43990f3736b3a13ff030b4fe6128457994bf3f8,3,5
Profumo Gucci Prada Versace,74.2,Gucci,0,https://www.vinted.it/items/8255915449-profumo-gucci-prada-versace?referrer=catalog,1,8255915449,Sold,28/02/2026 02:15:18,,https://images1.vinted.net/t/06_01e9a_FiXqsTSYaJhrosUh4Y3k4gGL/310x430/1772004811.webp?s=0b2765294100e1848a839cbbe4691322ee747a49,3,5
Tutina pigiamino caldo cotone,18.55,Agatha Ruiz de la Prada,3-6 mesi / 62 cm,https://www.vinted.it/items/8256073074-tutina-pigiamino-caldo-cotone?referrer=catalog,8,8256073074,Sold,28/02/2026 02:15:18,,https://images1.vinted.net/t/06_025e7_44HX8Sqyoto38UFzHDWFwC7m/310x430/1772007338.webp?s=610bd70e60a61c194c4ea8d192eb40c41d9f8630,3,5
Prada cravatta,53.2,Prada,0,https://www.vinted.it/items/8256035894-prada-cravatta?referrer=catalog,1,8256035894,Sold,28/02/2026 02:15:18,,https://images1.vinted.net/t/04_01889_SrPapFAsQQB5YjQCRhiHobNu/310x430/1772006810.webp?s=2efd30a21b388ef5b3f40690cfc210fff534b0d9,3,5
Minigonna Prada,263.2,Prada,L / IT 44 / EU 40,https://www.vinted.it/items/8256007137-minigonna-prada?referrer=catalog,0,8256007137,Sold,28/02/2026 02:15:18,,https://images1.vinted.net/t/04_01119_jYnFHqRV7Kp4g6BCqE33mnvz/310x430/1772006371.webp?s=e8875037160f1406b50b023a60df9c6bc263331f,3,5
Portafoglio Prada nuovo completo di scatola e cartellini,302.05,Prada,0,https://www.vinted.it/items/8255859078-portafoglio-prada-nuovo-completo-di-scatola-e-cartellini-colore-rosa-cipria-pelle-martellata?referrer=catalog,8,8255859078,Sold,28/02/2026 02:15:18,,https://images1.vinted.net/t/04_000ac_A3vhaURviU45RwzZfheXpa8x/310x430/1772003602.webp?s=bfcc6e6e82c5d90fd19366c13cbbaaf0fd1dc129,3,5
Sandalo Prada rosa glitter 38.5,105.7,Prada,38.5,https://www.vinted.it/items/8255849788-sandalo-prada-rosa-glitter-385?referrer=catalog,18,8255849788,Sold,28/02/2026 02:15:18,,https://images1.vinted.net/t/05_01848_QLe5HdjYwC5dEXsTnyNLtph5/310x430/1772003375.webp?s=47bd4004eb9456f3fdc57385a2d27f2f6f30c6b1,3,5
Portacarte Prada,263.2,Prada,0,https://www.vinted.it/items/8255819901-portacarte-prada?referrer=catalog,6,8255819901,Sold,28/02/2026 02:15:18,,https://images1.vinted.net/t/06_024ae_DpxpF2rnhVGCKW4UcQUojhXe/310x430/1772002570.webp?s=41daf40ced3eb9f9e5a5f7a17650bf6dd2bec61c,3,5
Sandalo donna in pelle Prada,515.2,Prada,38,https://www.vinted.it/items/8255772445-sandalo-donna-in-pelle-prada?referrer=catalog,10,8255772445,Sold,28/02/2026 02:15:18,,https://images1.vinted.net/t/01_00a90_a6ooP5kip5ByySLAup6Gj7Mi/310x430/1772000991.webp?s=6d9ee5c8d2f13b1bc6e13bb111af6f257fbcf205,3,5
Pantaloncino costume da bagno PRADA uomo. .,473.2,Prada,XL,https://www.vinted.it/items/8254339880-pantaloncino-costume-da-bagno-prada-uomo?referrer=catalog,0,8254339880,Sold,28/02/2026 02:15:18,,https://images1.vinted.net/t/06_01b84_ZJsYifBiKcSQjnJhJhQQmsCu/310x430/1771961768.webp?s=7e2628575415b9fc5c04998f960c11ed22f12a4c,3,5
profumo prada,84.7,Prada,0,https://www.vinted.it/items/8255636686-profumo-prada?referrer=catalog,0,8255636686,Sold,28/02/2026 02:15:18,,https://images1.vinted.net/t/05_01805_WuXZiYrUDPdfKyhXxoh4XAgC/310x430/1771983686.webp?s=48ab694bd6853aa3342b0f32ba08fba147689aa3,3,5
Occhiali da Sole Prada,242.2,Prada,0,https://www.vinted.it/items/8255628036-occhiali-da-sole-prada?referrer=catalog,0,8255628036,Sold,28/02/2026 02:15:18,,https://images1.vinted.net/t/03_01442_1gdnT72BcFTocH8qgbVkBrct/310x430/1771982456.webp?s=b029f46de31333d0bcf3a4a7bd97727a2b3d4057,3,5
Scatola profumo Prada Originale,5.95,INTENSE,0,https://www.vinted.it/items/8255595325-scatola-profumo-prada-originale?referrer=catalog,0,8255595325,Sold,28/02/2026 02:15:18,,https://images1.vinted.net/t/04_0075e_6JQ6Nc3TUNU9KsjoC62CdgKf/310x430/1771979192.webp?s=a198f87f9d7d72ebd4f8be46ea4e00693e2f8b89,3,5
Prada Purple Ribbed Knit Tights Wmns Made in Italy Y2K VTG,105.7,Prada,Taglia unica,https://www.vinted.it/items/8255534082-prada-purple-ribbed-knit-tights-wmns-made-in-italy-y2k-vtg?referrer=catalog,6,8255534082,Sold,28/02/2026 02:15:18,,https://images1.vinted.net/t/06_004c6_3Mt8X9UirvKuQqKUYaAkZs25/310x430/1771975958.webp?s=c4d7579973337beae247fd326ce3fbc97b6ffb0c,3,5
Prada America's cup,158.2,Prada,43,https://www.vinted.it/items/8255564367-prada-americas-cup?referrer=catalog,2,8255564367,Sold,28/02/2026 02:15:18,,https://images1.vinted.net/t/01_00813_yXPFZNiMvUzHNPhvqav3pF1j/310x430/1771977288.webp?s=a9956a58aad87e43209fb3da41e24eab9ff92962,3,5
Porta AirPods / mini pouch PRADA originale – nylon nero,126.7,Prada,0,https://www.vinted.it/items/8255553616-porta-airpods-mini-pouch-prada-originale-nylon-nero?referrer=catalog,0,8255553616,Sold,28/02/2026 02:15:18,,https://images1.vinted.net/t/06_0138b_XQptQ8nmHn1u4dosDFDocfTi/310x430/1771976765.webp?s=a0fb98ebd8a9cae6694aa3445cb6be714ec9507a,3,5
Shopper bag Prada,1.122,Prada,0,https://www.vinted.it/items/8255505596-shopper-bag-prada?referrer=catalog,1,8255505596,Sold,28/02/2026 02:15:18,,https://images1.vinted.net/t/05_00261_mrKmv9UvFUQZ9F79iqwn7cx7/310x430/1771974978.webp?s=9fa451f82f629ef2cd1293282660742d3a2f1b88,3,5
Prada cup blu,100.45,Prada,45,https://www.vinted.it/items/8255402704-prada-cup-blu?referrer=catalog,14,8255402704,Sold,28/02/2026 02:15:18,,https://images1.vinted.net/t/06_00651_p6qHX3umskfmVD1BYSMTQi6E/310x430/1771972433.webp?s=36070c32f04f2ece27d268bb107e8ae6a54eb6fa,3,5
Borsa nuova Prada Odette pelle nera,1.734,Prada,0,https://www.vinted.it/items/8255276807-borsa-nuova-prada-odette-pelle-nera?referrer=catalog,4,8255276807,Sold,28/02/2026 02:15:18,,https://images1.vinted.net/t/06_010eb_bYXutxqBG44BvGqo6a9PQ4jU/310x430/1771970350.webp?s=9d23d018f4d6ee29ef81411af689940adfa73422,3,5
Little Book of Fashion,284.2,No brand,0,https://www.vinted.it/items/8255237847-little-book-of-fashion?referrer=catalog,1,8255237847,Sold,28/02/2026 02:15:18,,https://images1.vinted.net/t/06_0126a_QD39rPdnvpXqk2Fp569sG1ZM/310x430/1772050103.webp?s=c0703c8ca817a03f799f06afa7321dc2b8922773,3,5
Prada,158.2,Prada,M,https://www.vinted.it/items/8254607675-prada?referrer=catalog,0,8254607675,Sold,28/02/2026 02:15:18,,https://images1.vinted.net/t/05_01e95_D4wqCmFWVxvQHF3HyqfQ2bBw/310x430/1771963753.webp?s=1e3611b9c36cc0c4cade15b1a597d4f333efd8d6,3,5
Prada intense,51.1,Prada,0,https://www.vinted.it/items/8255116256-prada-intense?referrer=catalog,2,8255116256,Sold,28/02/2026 02:15:18,,https://images1.vinted.net/t/06_00ba8_gdZhBVwrcwCfWfYhujpfiQCH/310x430/1771968363.webp?s=fd401f55c8d73c0eef20b1a0b31c2bf00817b973,3,5
Prada fashion magazine 2025,26.95,No brand,0,https://www.vinted.it/items/8255110873-prada-fashion-magazine-2025?referrer=catalog,9,8255110873,Sold,28/02/2026 02:15:18,,https://images1.vinted.net/t/06_012a2_g6b6TyK55EJuHmVSivwD7Skv/310x430/1771968347.webp?s=fb9514941b8e4f3b6f3844a3a5d46136eaa4832a,3,5
Sneakers Prada pelle nero,210.7,Prada,40,https://www.vinted.it/items/8255077376-sneakers-prada-pelle-nero?referrer=catalog,2,8255077376,Sold,28/02/2026 02:15:18,,https://images1.vinted.net/t/05_01ea5_MLu1sUNjH8WBEsHG21AGN1qr/310x430/1771967938.webp?s=55fde84e6a880121e41063762fa927339051322b,3,5
Profumo Prada,53.2,Prada,0,https://www.vinted.it/items/8255036940-profumo-prada?referrer=catalog,1,8255036940,Sold,28/02/2026 02:15:18,,https://images1.vinted.net/t/06_021a3_m2tPcZ2KxEHZdXpQUZF9otyn/310x430/1771967514.webp?s=1c3adfcc069b9d9067b87c1006bb50ce70dc1585,3,5
Borsa Prada Moon nera pelle e re-nylon,1.122,Prada,0,https://www.vinted.it/items/8255008577-borsa-prada-moon-nera-pelle-e-re-nylon?referrer=catalog,4,8255008577,Sold,28/02/2026 02:15:18,,https://images1.vinted.net/t/06_01616_Ky5oZVbANu37vwKsnZWbd8JW/310x430/1771967229.webp?s=d1b69bcf82389130c53441e5bb86e621de418e9b,3,5
Borsa Prada nera a tracolla re-nylon e pelle - Nuova con cartellino,1.122,Prada,0,https://www.vinted.it/items/8254975550-borsa-prada-nera-a-tracolla-re-nylon-e-pelle-nuova-con-cartellino?referrer=catalog,4,8254975550,Sold,28/02/2026 02:15:18,,https://images1.vinted.net/t/01_002c8_WUNwiTCgc3dW5wFq92CFTfVP/310x430/1771966907.webp?s=21a5cd296bfd452f59e3bc0d9dfd443a3db24778,3,5
N.2 pantaloni PRADA,105.7,No brand,M,https://www.vinted.it/items/8250939518-n2-pantaloni-prada?referrer=catalog,1,8250939518,Sold,28/02/2026 02:15:18,,https://images1.vinted.net/t/01_021a1_drrTPqDaH31CsupW52UBjPi7/310x430/1771938003.webp?s=690cff2c7c237d0794225a1efb76181868f5b0a2,3,5
Prada Suede High-Top Sneakers – Burgundy & Yellow,368.2,Prada,38.5,https://www.vinted.it/items/8254927551-prada-suede-high-top-sneakers-burgundy-yellow?referrer=catalog,0,8254927551,Sold,28/02/2026 02:15:18,,https://images1.vinted.net/t/05_02401_CWT38URSEfoTygdjwwQBSQN6/310x430/1771966461.webp?s=ba4d12da6dee565a7a194453e61942ab4677b882,3,5
Prada mules in raso,315.7,Prada,37,https://www.vinted.it/items/8254867358-prada-mules-in-raso?referrer=catalog,120,8254867358,Sold,28/02/2026 02:15:18,,https://images1.vinted.net/t/05_01b3f_J962HJcrwcYrB1mVvWNCFufj/310x430/1771965923.webp?s=20e413ef422f3aa4326db1d884877336b8ee7a8e,3,5
Capotto Prada donna,419.65,Prada,S,https://www.vinted.it/items/8254816106-capotto-prada-donna?referrer=catalog,6,8254816106,Sold,28/02/2026 02:15:18,,https://images1.vinted.net/t/06_020d1_gsbChsTPpTjkPF2qKUe6duWR/310x430/1771965481.webp?s=9d1d5f23ab8b8df2335ed9fb691879a81c3f85bb,3,5
Tovaglia Agatha Ruiz de la Prada,53.2,Agatha Ruiz de la Prada,0,https://www.vinted.it/items/8254808619-tovaglia-agatha-ruiz-de-la-prada?referrer=catalog,5,8254808619,Sold,28/02/2026 02:15:18,,https://images1.vinted.net/t/01_0033a_qfNBpDkQ2J9PZoFkpNXUmK7b/310x430/1771965419.webp?s=694d8b01380d5b6f040b830b88755782585faef6,3,5
Tailleur blu scuro Prada,210.7,Prada,M / IT 42 / EU 38,https://www.vinted.it/items/8254766783-tailleur-blu-scuro-prada?referrer=catalog,2,8254766783,Sold,28/02/2026 02:15:18,,https://images1.vinted.net/t/01_02360_1TW1taY9d1P2r5F9t4PkXChZ/310x430/1771965061.webp?s=9a9faae52cf11fda3f794f0dc88c2aa8dc89feb3,3,5
Scatola originale Prada,11.2,Prada,0,https://www.vinted.it/items/8254641941-scatola-originale-prada?referrer=catalog,0,8254641941,Sold,28/02/2026 02:15:18,,https://images1.vinted.net/t/06_00741_pdN4PYhLj3syWRfVVNsTShFs/310x430/1771964033.webp?s=81023d0c95daae9314090be323ad321c1e3ada71,3,5
Profumo prada rosa paradoxe nuovo,42.7,Prada,0,https://www.vinted.it/items/8254641122-profumo-prada-rosa-paradoxe-nuovo?referrer=catalog,5,8254641122,Sold,28/02/2026 02:15:18,,https://images1.vinted.net/t/01_01a9f_kaoHnVaRQ8BXdS2JGtEhzJxi/310x430/1771964027.webp?s=8991675a19ba1eaf8a6a53add551bc1d4d15f139,3,5
Gonna Prada a pieghe,263.2,Prada,S / IT 40 / EU 36,https://www.vinted.it/items/8254540581-gonna-prada-a-pieghe?referrer=catalog,206,8254540581,Sold,28/02/2026 02:15:18,,https://images1.vinted.net/t/06_0218f_c2Qd3wCRhLswbVCeZ5yUci9M/310x430/1771963209.webp?s=05248591902c80ee6333b0213c340ab8b606f22a,3,5
Portamonete Prada in pelle Saffiano nera nuovo con scatola,357.7,Prada,0,https://www.vinted.it/items/8254476377-portamonete-prada-in-pelle-saffiano-nera-nuovo-con-scatola?referrer=catalog,92,8254476377,Sold,28/02/2026 02:15:18,,https://images1.vinted.net/t/05_00074_apeyQZ2WreTmJSBMb34EZZNq/310x430/1771962700.webp?s=0b92456bb15d62aa9e079689872449d6c0acd391,3,5
Occhiali Prada,210.7,Prada,0,https://www.vinted.it/items/8254462847-occhiali-prada?referrer=catalog,1,8254462847,Sold,28/02/2026 02:15:18,,https://images1.vinted.net/t/06_00dd6_9MADmSoiVaHQfZoLKzT6cGFL/310x430/1771962594.webp?s=6950803d389c0482119f4d53194c0f789234e975,3,5
Prada pumps,510.0,Prada,37.5,https://www.vinted.it/items/8278110847-prada-pumps?referrer=catalog,4,8278110847,Sold,28/02/2026 23:07:32,,https://images1.vinted.net/t/05_0041c_Qwm66jHhkDCdggqXs2CxyKQG/310x430/1772275268.webp?s=21b114fdfbab3de3f8721bcc2b9a73e5bf06b0a2,3,5
Prada Parfüm,63.7,Prada,0,https://www.vinted.it/items/8278106717-prada-parfum?referrer=catalog,1,8278106717,Sold,28/02/2026 23:07:32,,https://images1.vinted.net/t/01_00513_nexGC8rTVVtod55Xnm67KpCX/310x430/1772274839.webp?s=30b21611565127bb63185bfe17bf09c09d5435d3,3,5
Abrigo Agatha Ruiz de la Prada Impermeable Talla 8 años. Manteau imperméable. Casaco impermeável,68.95,Agatha Ruiz de la Prada,8 anni / 128 cm,https://www.vinted.it/items/8278059915-abrigo-agatha-ruiz-de-la-prada-impermeable-talla-8-anos-manteau-impermeable-casaco-impermeavel?referrer=catalog,46,8278059915,Sold,28/02/2026 23:07:32,,https://images1.vinted.net/t/06_02437_sBDpQ2kEvoMhDrpePm9fbrJC/310x430/1772274558.webp?s=e9a7797eefa38d4527448227353b67685bb12454,3,5
Prada Cups Navy Blau,126.7,No brand,42,https://www.vinted.it/items/8278021308-prada-cups-navy-blau?referrer=catalog,1,8278021308,Sold,28/02/2026 23:07:32,,https://images1.vinted.net/t/01_00256_EgZedU4jmjT8D45MQkKEAkXb/310x430/1772274326.webp?s=f001bb56a33ead0e51a0e0ddfc8fdd2c9a295ecd,3,5
Prada Prax blau schwarz,126.7,No brand,42,https://www.vinted.it/items/8277991840-prada-prax-blau-schwarz?referrer=catalog,0,8277991840,Sold,28/02/2026 23:07:32,,https://images1.vinted.net/t/06_01062_xAC5mvNbszw765veTJCYQMeQ/310x430/1772274146.webp?s=4a76f04dc3627483ad6586b10b3e95013932075c,3,5
Gafas de sol PRADA,231.7,Prada,0,https://www.vinted.it/items/8277991253-gafas-de-sol-prada?referrer=catalog,0,8277991253,Sold,28/02/2026 23:07:32,,https://images1.vinted.net/t/06_026ab_2WHyiGhjqg5vUG6hxMoJiMk9/310x430/1772283541.webp?s=96dc8a2c067be256724b1377219826bcf4fece09,3,5
Mini vestido Re-nylon Prada,1.53,Prada,L / IT 44 / EU 40,https://www.vinted.it/items/8277989618-mini-vestido-re-nylon-prada?referrer=catalog,0,8277989618,Sold,28/02/2026 23:07:32,,https://images1.vinted.net/t/05_02405_CAJA78qNfv8qKXgBVcgMp3c2/310x430/1772274133.webp?s=fa5df512cc45e1830a6e97f66ebc84c3bd8d0f1b,3,5
Occhiali Prada,84.7,Prada,0,https://www.vinted.it/items/8277864645-occhiali-prada?referrer=catalog,0,8277864645,Sold,28/02/2026 23:07:32,,https://images1.vinted.net/t/06_012cd_C4KeEfbAbBmJPBu1ESvAMPck/310x430/1772273357.webp?s=0bb68104789c9b3135a03f331a2d442b29622f06,3,5
Prada Re-Edition 2005 Re-Nylon Saffiano Leder Nylon Tasche Bag,805.8,Prada,0,https://www.vinted.it/items/8277958022-prada-re-edition-2005-re-nylon-saffiano-leder-nylon-tasche-bag?referrer=catalog,4,8277958022,Sold,28/02/2026 23:07:32,,https://images1.vinted.net/t/05_006ab_wGvb7HF2zv8SFj9J78BVp2RP/310x430/1772273938.webp?s=e6f9086259d700293a9d5a11db0c4714845f15bd,3,5
Sneakers Prada America's cup,305.2,Luna Rossa,40,https://www.vinted.it/items/8277957904-sneakers-prada-americas-cup?referrer=catalog,3,8277957904,Sold,28/02/2026 23:07:32,,https://images1.vinted.net/t/06_00998_L9a65EutyHNa42g63Z425BKj/310x430/1772273938.webp?s=06ce2c6059763725c1e3ce338ee85dc27af5032a,3,5
PRADA,431.2,Prada,0,https://www.vinted.it/items/8277956659-prada?referrer=catalog,2,8277956659,Sold,28/02/2026 23:07:32,,https://images1.vinted.net/t/01_007c1_w3a71BcPj8tM3kf1VrPZG1yg/310x430/1772273930.webp?s=5e2ffc300d40030d2ff12b558bf89d85928905bd,3,5
PRADA Virtual Flower,37.45,Prada,0,https://www.vinted.it/items/8277946049-prada-virtual-flower?referrer=catalog,0,8277946049,Sold,28/02/2026 23:07:32,,https://images1.vinted.net/t/06_00559_7UEZQqJZAr6mPbmXCi7f8sLT/310x430/1772273864.webp?s=49bed14c57da23ae0628bfce96d31a99f0dde8f7,3,5
cover 12 pro max prada,11.2,Prada,0,https://www.vinted.it/items/8277904133-cover-12-pro-max-prada?referrer=catalog,5,8277904133,Sold,28/02/2026 23:07:32,,https://images1.vinted.net/t/05_0240c_EJaB5MpDNB6f1q3gTpwG6g2F/310x430/1772273605.webp?s=47448fcba842f64cd1dab57b1bdc47a8ef779fce,3,5
Prada Parfüm,24.85,Prada,0,https://www.vinted.it/items/8277894449-prada-parfum-paradox?referrer=catalog,8,8277894449,Sold,28/02/2026 23:07:32,,https://images1.vinted.net/t/05_014cf_Hx4ieZkXKKrqezqJT5JdWR9J/310x430/1772273545.webp?s=38eeb2b6ada0bec02f3d5631ecdd61fda1814213,3,5
Casquette noire Prada en nylon – Logo triangle – Très bon état,74.2,Kiabi,Taglia unica,https://www.vinted.it/items/8277868320-casquette-noire-prada-en-nylon-logo-triangle-tres-bon-etat?referrer=catalog,3,8277868320,Sold,28/02/2026 23:07:32,,https://images1.vinted.net/t/06_01d74_8jbmpoyuL4W5gWmVgo375oqu/310x430/1772273381.webp?s=46a51afceeab2719a4ef60cc0cd34710d4da0613,3,5
Prada Paradoxe EDP Recarregável,60.55,Prada,0,https://www.vinted.it/items/8277868480-prada-paradoxe-edp-recarregavel?referrer=catalog,0,8277868480,Sold,28/02/2026 23:07:32,,https://images1.vinted.net/t/06_00b57_HHzKoiWzHWi5kZgHL4QBvrAq/310x430/1772273382.webp?s=9a4bd7d95aec5710e1100458f13ec37764f3ee4b,3,5
Prada Sonnenbrille,126.7,Prada,0,https://www.vinted.it/items/8277840827-prada-sonnenbrille?referrer=catalog,2,8277840827,Sold,28/02/2026 23:07:32,,https://images1.vinted.net/t/05_01011_xYuaZAMt5zRX1MydA8bRkExx/310x430/1772273204.webp?s=737e60dbab29f425382e665ee438a0847413530e,3,5
Perfume,78.4,Prada,0,https://www.vinted.it/items/8277823196-perfume?referrer=catalog,0,8277823196,Sold,28/02/2026 23:07:32,,https://images1.vinted.net/t/06_0092e_z9Y1Prx1yRFkRjwMgxcJWEv9/310x430/1772273089.webp?s=a9be293c8394beeaa40d010c1cc02fe2fa33d6fc,3,5
Pull Prada taille M noir,410.2,Prada,M,https://www.vinted.it/items/8277742315-pull-prada-taille-m-noir?referrer=catalog,0,8277742315,Sold,28/02/2026 23:07:32,,https://images1.vinted.net/t/05_0040b_CeKC3g8e6V31Nubb9QpBkKmz/310x430/1772272557.webp?s=423e737d96215b01603e9d0ee91d222cc08e4ffa,3,5
Sac Prada Cabas en cuir Beige,1.17198,Prada,0,https://www.vinted.it/items/8277692078-sac-prada-cabas-en-cuir-beige?referrer=catalog,11,8277692078,Sold,28/02/2026 23:07:32,,https://images1.vinted.net/t/06_01198_tUc9b8L2Z7Zr4HyNKC1Hzxfp/310x430/1772272221.webp?s=5130a50c9c75ae3c5249133d379bfc2ca48206ce,3,5
Prada Cup,110.95,Prada,42,https://www.vinted.it/items/8277688911-prada-cup?referrer=catalog,42,8277688911,Sold,28/02/2026 23:07:32,,https://images1.vinted.net/t/05_009fe_D4m9osDrqbXTNUAbssMQ3kYT/310x430/1772272199.webp?s=613719efbebbba9bbdcd56d35d651273682b940b,3,5
Mules Prada 37,515.2,Prada,37,https://www.vinted.it/items/8277672436-mules-prada-37?referrer=catalog,22,8277672436,Sold,28/02/2026 23:07:32,,https://images1.vinted.net/t/05_000a1_5JuCizyCcFcThrtbPh3uTFGF/310x430/1772272089.webp?s=08b28fc2e62e85605110c3ede7680e836d29fb96,3,5
Scarpe  Prada Luna rossa,89.95,Prada,41,https://www.vinted.it/items/8277670356-scarpe-prada-luna-rossa?referrer=catalog,5,8277670356,Sold,28/02/2026 23:07:32,,https://images1.vinted.net/t/06_01964_YsHyyV7YZoKxjbmMawQkctAM/310x430/1772272075.webp?s=94f611db26d3ac72c4dbdc27dee8fac062508adf,3,5
Base de teint Prada,21.7,Prada,0,https://www.vinted.it/items/8277670448-base-de-teint-prada?referrer=catalog,3,8277670448,Sold,28/02/2026 23:07:32,,https://images1.vinted.net/t/06_00c38_mDvBUpbzkmirvHEQXW2xUa4v/310x430/1772272075.webp?s=af698cfbef134a2f66d9a9d69baa3d519eacdb66,3,5
jeans Prada,73.15,Prada,S / IT 40 / EU 36,https://www.vinted.it/items/8277669773-jeans-prada?referrer=catalog,1,8277669773,Sold,28/02/2026 23:07:32,,https://images1.vinted.net/t/06_0162d_195CsZ9LGpQmf3iWrQHm2H79/310x430/1772272071.webp?s=e049b54110e05c53047a8b5d18017a2ac2f1d98e,3,5
Vestido 👗 Niña Agatha Ruiz De La Prada Talla 10,13.3,Agatha Ruiz de la Prada,10 anni / 140 cm,https://www.vinted.it/items/8277661163-vestido-nina-agatha-ruiz-de-la-prada-talla-10?referrer=catalog,7,8277661163,Sold,28/02/2026 23:07:32,,https://images1.vinted.net/t/01_011fa_MJgNgC8LudY16ATNqWdMe5gg/310x430/1772272013.webp?s=12230cc3f4e5f7f3a9596406c6a6620adb86bd8c,3,5
Luna rossa océan Prada,79.45,Prada,0,https://www.vinted.it/items/8277648226-luna-rossa-ocean-prada?referrer=catalog,1,8277648226,Sold,28/02/2026 23:07:32,,https://images1.vinted.net/t/06_01a74_moSkAsanxz4wUAhnPL5KHKzH/310x430/1772271923.webp?s=d94fa702a67ba74c52a89ddeff85179a4b4894d0,3,5
Funda de cojín Agatha Ruiz de la Prada con Corazón,5.95,Agatha Ruiz de la Prada,0,https://www.vinted.it/items/8277647193-funda-de-cojin-agatha-ruiz-de-la-prada-con-corazon?referrer=catalog,0,8277647193,Sold,28/02/2026 23:07:32,,https://images1.vinted.net/t/04_00fd9_9qGZzGKTxLnmdrzw2sfyjNXs/310x430/1772271916.webp?s=772083853f0252085a562178c98697f63e2b0f37,3,5
Robe motif pied de poule Prada,368.2,Prada,S / IT 40 / EU 36,https://www.vinted.it/items/8277594451-robe-motif-pied-de-poule-prada?referrer=catalog,8,8277594451,Sold,28/02/2026 23:07:32,,https://images1.vinted.net/t/06_0139d_BQwe91ibAZ9P1sf8foQpaus8/310x430/1772271548.webp?s=9fcc8f9d801221b85c9c62fae668b532613a01ab,3,5
Monture prada noire lunettes,30.1,Prada,0,https://www.vinted.it/items/8277591506-monture-prada-noire-lunettes?referrer=catalog,1,8277591506,Sold,28/02/2026 23:07:32,,https://images1.vinted.net/t/04_0153b_FPoRTTJGaQN2cJ1WFkNiQPXx/310x430/1772271526.webp?s=a56692ded2008bb7459d751abeb6c323cf838a0b,3,5
Prada Milano – Edición de Colección (2009) con Funda,263.2,No brand,0,https://www.vinted.it/items/8277591614-prada-milano-edicion-de-coleccion-2009-con-funda?referrer=catalog,0,8277591614,Sold,28/02/2026 23:07:32,,https://images1.vinted.net/t/06_00c38_M7v7n5njDC9y2KaTtmHg9UCH/310x430/1772271527.webp?s=c255ceeb6b3106631251ef42c1a33fad015d86ce,3,5
Cartera Agatha Ruiz de la Prada,19.6,Agatha Ruiz de la Prada,0,https://www.vinted.it/items/8277590926-cartera-agatha-ruiz-de-la-prada-verde-nuevo?referrer=catalog,3,8277590926,Sold,28/02/2026 23:07:32,,https://images1.vinted.net/t/05_01e5d_yQTeSTSrU3PiW2944ULrTUKw/310x430/1772271522.webp?s=0c44459f66c3ffee6c8424064b9bdad1a0238876,3,5
Monture Prada noir lunettes,30.1,Prada,0,https://www.vinted.it/items/8277578665-monture-prada-noir-lunettes?referrer=catalog,0,8277578665,Sold,28/02/2026 23:07:32,,https://images1.vinted.net/t/03_0057c_tyEd1djdHy3BzPLo41Ujonwz/310x430/1772271435.webp?s=6a552af171bcf321338ecf2b1e8e799a1f96908a,3,5
Monedero Agatha Ruiz de la Prada Nuevo azul,16.45,Agatha Ruiz de la Prada,0,https://www.vinted.it/items/8277573804-monedero-agatha-ruiz-de-la-prada-nuevo-azul?referrer=catalog,2,8277573804,Sold,28/02/2026 23:07:32,,https://images1.vinted.net/t/06_0150c_FEJMeNvZgdf2w9iRcX7FszTn/310x430/1772271400.webp?s=2ecd5f78a31434f54dd4eaa13464f68e11bdbb0e,3,5
Prada paradoxe radical essence 90 ml,51.1,Prada,0,https://www.vinted.it/items/8277560387-prada-paradoxe-radical-essence-90-ml?referrer=catalog,7,8277560387,Sold,28/02/2026 23:07:32,,https://images1.vinted.net/t/05_0178f_aYjykjuMbJDS2QJN4gPL5W18/310x430/1772271303.webp?s=ae9134782dec304f8ca236f7a1a29d1adc19b0ed,3,5
NIEUW Mooie slippers Prada,126.7,Prada,39,https://www.vinted.it/items/8277544421-nieuw-mooie-slippers-prada?referrer=catalog,6,8277544421,Sold,28/02/2026 23:07:32,,https://images1.vinted.net/t/04_00c28_HP1zeoqsbux7KgdZisi8iFYV/310x430/1772271190.webp?s=2d2bb2610eb6302149eb28a93d3aba599a9b05b0,3,5
Prada beige,37.45,Prada,M / IT 42 / EU 38,https://www.vinted.it/items/8277535946-prada-beige?referrer=catalog,12,8277535946,Sold,28/02/2026 23:07:32,,https://images1.vinted.net/t/06_01d28_sdmpjEU59oqyoAZEmfwCLBsA/310x430/1772271130.webp?s=11053143ce64c9a9ede77d786c4d8e62eece21a8,3,5
Occhiali da sole Prada NUOVI,68.95,Prada,0,https://www.vinted.it/items/8277534415-occhiali-da-sole-prada-nuovi?referrer=catalog,7,8277534415,Sold,28/02/2026 23:07:32,,https://images1.vinted.net/t/06_01250_hnNGdjFu1ridD1D9yPfphQyx/310x430/1772271120.webp?s=f9290d40a621e86af26b5e530de0e272c4c4858f,3,5
Cintura Prada – Pelle Saffiano Verde – Nuova,263.2,Prada,100 cm,https://www.vinted.it/items/8277522966-cintura-prada-pelle-saffiano-verde-nuova?referrer=catalog,11,8277522966,Sold,28/02/2026 23:07:32,,https://images1.vinted.net/t/05_022ff_ZL1Mm3PKEyrneqMSrr3JswXR/310x430/1772271036.webp?s=d5885f37b19bf36aa1d1b4d20960aa6e6c1f92a5,3,5
Occhiali vista Prada,95.2,Prada,0,https://www.vinted.it/items/8277509417-occhiali-vista-prada?referrer=catalog,0,8277509417,Sold,28/02/2026 23:07:32,,https://images1.vinted.net/t/05_02539_ogo9xgCGRGHsaJAHjY9Y6rth/310x430/1772270937.webp?s=19da85386a606c01f7397b0eed7a33ee1b1f3237,3,5
Profumo,53.2,Prada,0,https://www.vinted.it/items/8277452716-profumo?referrer=catalog,1,8277452716,Sold,28/02/2026 23:07:32,,https://images1.vinted.net/t/03_01e16_bU6vfdwmyPsZQCnNEHZW7RvE/310x430/1772270516.webp?s=a116a4a7507067aec0bc3f3ad38c350b8ae4a430,3,5
Parfum,95.2,Prada,0,https://www.vinted.it/items/8277434532-parfum?referrer=catalog,0,8277434532,Sold,28/02/2026 23:07:32,,https://images1.vinted.net/t/05_026bc_bmsnnfzaCjUGtHmnPokaRgZQ/310x430/1772270374.webp?s=3225307bdfa5d3abaea4180e211d17fc442d5c62,3,5
Occhiali da sole Prada,79.45,Prada,0,https://www.vinted.it/items/8277431498-occhiali-da-sole-prada?referrer=catalog,3,8277431498,Sold,28/02/2026 23:07:32,,https://images1.vinted.net/t/03_02539_xkdTC1YDaZtdNSPE7dXSDf95/310x430/1772270351.webp?s=0d5e843bf8a644c53e2f9c74702cc4bd9a28a42f,3,5
Collapse Prada,510.0,Prada,37,https://www.vinted.it/items/8277383220-collapse-prada?referrer=catalog,0,8277383220,Sold,28/02/2026 23:07:32,,https://images1.vinted.net/t/05_01b39_xhXrCSCwdH5BW5PUtxF742Bm/310x430/1772269973.webp?s=441fe93369260b63dd9d5e9ea68be73e8c166972,3,5
Bolso agatha Ruiz nuevo,62.65,Agatha Ruiz de la Prada,0,https://www.vinted.it/items/8277376178-bolso-agatha-ruiz-nuevo?referrer=catalog,34,8277376178,Sold,28/02/2026 23:07:32,,https://images1.vinted.net/t/05_007f7_sB6gdgiQTXasFHi9knFaZjPW/310x430/1772269915.webp?s=a50f45b6aa4284f0ea72ee6275671dc635b1a1c3,3,5
Sneakers Prada donna,263.2,Prada,36.5,https://www.vinted.it/items/8277368609-sneakers-prada-donna?referrer=catalog,0,8277368609,Sold,28/02/2026 23:07:32,,https://images1.vinted.net/t/06_01cb0_5i88aBPhmbNjGod7LJTv8RdX/310x430/1772269855.webp?s=147fc2f6db2b9237736d0881cb59f91538e93017,3,5
Lunettes prada noires,221.2,Prada,0,https://www.vinted.it/items/8277365803-lunettes-prada-noires?referrer=catalog,1,8277365803,Sold,28/02/2026 23:07:32,,https://images1.vinted.net/t/06_0204b_EW9sPvBSDMCunfs5jaa86pH7/310x430/1772269831.webp?s=0eff903852f0f61c76bc5547a1b67c6b0a3af320,3,5
Eau de toilette Luna Rossa Prada,47.95,Prada,0,https://www.vinted.it/items/8277347184-eau-de-toilette-luna-rossa-prada?referrer=catalog,6,8277347184,Sold,28/02/2026 23:07:32,,https://images1.vinted.net/t/06_00061_1UfALgQQERAbsEPt7pn9uTvP/310x430/1772269679.webp?s=c847cba8cc7f75b0d9bd5b416f0ba4c1264df83b,3,5
Prada - America’s cup,305.2,Prada,43,https://www.vinted.it/items/8277320212-prada-americas-cup?referrer=catalog,4,8277320212,Sold,28/02/2026 23:07:32,,https://images1.vinted.net/t/01_00cd5_X1u7TeCsEbwhwXYDXpyZzjaM/310x430/1772269451.webp?s=8f74268f481519efc6ee083d2057abb3a81d7196,3,5
Miniature prada,16.45,Prada,0,https://www.vinted.it/items/8277306627-miniature-prada?referrer=catalog,1,8277306627,Sold,28/02/2026 23:07:32,,https://images1.vinted.net/t/05_0073c_A4NYscDQLpHb9CCP7ExUCA4h/310x430/1772269336.webp?s=273e46fd41dd6aab388e8fad6756b2082a7ca7ec,3,5
Bolso y monedero agatha Ruiz,94.15,Agatha Ruiz de la Prada,0,https://www.vinted.it/items/8277300765-bolso-y-monedero-agatha-ruiz?referrer=catalog,39,8277300765,Sold,28/02/2026 23:07:32,,https://images1.vinted.net/t/06_001c4_RdkDgKvVJhqh1FHgsMXSvgLM/310x430/1772269284.webp?s=06072977d36b7d18e4a9b62d7c795a4b9172475f,3,5
Sac bandoulière et porte monnaie Prada,1.0098,Prada,0,https://www.vinted.it/items/8277300294-sac-bandouliere-et-porte-monnaie-prada?referrer=catalog,3,8277300294,Sold,28/02/2026 23:07:32,,https://images1.vinted.net/t/01_0044f_LbjgYPFU3NE3P34Wnkyj4b3n/310x430/1772270737.webp?s=b739c3c17cd657204d1af10ed8793f5e5acb1676,3,5
Prada jeans,765.0,Prada,S / IT 40 / EU 36,https://www.vinted.it/items/8277281251-prada-jeans?referrer=catalog,0,8277281251,Sold,28/02/2026 23:07:32,,https://images1.vinted.net/t/05_00db1_VywzTHoDh5KvqAAqfW1fZvNF/310x430/1772269117.webp?s=76372fc34599192d8dac30faa9b869af6c7b9173,3,5
Prada Cups schwarz grau weiß,210.7,Prada,42,https://www.vinted.it/items/8277247969-prada-cups-schwarz-grau-weiss?referrer=catalog,1,8277247969,Sold,28/02/2026 23:07:32,,https://images1.vinted.net/t/05_010b3_tmnsruyS9xEzoTpXHLjdEUkR/310x430/1772281506.webp?s=4ff140fecdb8db6571a52846d7634cbb25e70a0b,3,5
Scatola da borsa o scarpe Prada azzurra,16.45,Prada,0,https://www.vinted.it/items/8277243834-scatola-da-borsa-o-scarpe-prada-azzurra?referrer=catalog,1,8277243834,Sold,28/02/2026 23:07:32,,https://images1.vinted.net/t/06_002cf_kwMCri4GQ8CArEAQtEXBNY4X/310x430/1772268788.webp?s=8e515ea85c7621aaf636e08fcba0301155a72e9c,3,5
Prada Maglione,73.15,Prada,L / IT 44 / EU 40,https://www.vinted.it/items/8277237149-prada-maglione?referrer=catalog,2,8277237149,Sold,28/02/2026 23:07:32,,https://images1.vinted.net/t/06_02527_V4yExpyw1j1acAy54WBqBYHj/310x430/1772268727.webp?s=9ce675cb5b1276c0ff57b721b39d228b4d27de1d,3,5
Bottoni vari firmati,8.05,Prada,0,https://www.vinted.it/items/8277190770-bottoni-vari-firmati?referrer=catalog,1,8277190770,Sold,28/02/2026 23:07:32,,https://images1.vinted.net/t/04_014f7_2vHChZWgck6ctR7JHEvhGp84/310x430/1772268298.webp?s=b9df2ff5677a47fbe916de4bfbde92bd079ae90d,3,5
Prada,74.2,Prada,0,https://www.vinted.it/items/8277173290-prada?referrer=catalog,4,8277173290,Sold,28/02/2026 23:07:32,,https://images1.vinted.net/t/06_0188e_YyCfQsp3rtbK8FfAcqHv6bbV/310x430/1772268134.webp?s=760faada03fef5feefd36e246c7d605271f2acbc,3,5
Bracciale Prada tg s,250.6,Prada,0,https://www.vinted.it/items/8277148668-bracciale-prada-tg-s?referrer=catalog,0,8277148668,Sold,28/02/2026 23:07:32,,https://images1.vinted.net/t/01_000da_pVn5n4ghvFkuCYDXtW3hqQnN/310x430/1772267896.webp?s=2c2d03dce07ccca34a62430f1b79c1e591c0f33e,3,5
Les Infusions de Prada,105.7,Prada,0,https://www.vinted.it/items/8277133691-les-infusions-de-prada?referrer=catalog,0,8277133691,Sold,28/02/2026 23:07:32,,https://images1.vinted.net/t/04_01f61_Gx9NzNqthYMvbz6JQTaujP97/310x430/1772267745.webp?s=05fdbd5ce8a22c94ebde95930fc3a90582ddc83a,3,5
Pradakartenhalter,26.95,Prada,0,https://www.vinted.it/items/8277122132-pradakartenhalter?referrer=catalog,2,8277122132,Sold,28/02/2026 23:07:32,,https://images1.vinted.net/t/06_02355_epDrY4H8bSPfrUJssQ44ttLX/310x430/1772267628.webp?s=7fbbe0dda755bb9f06936f4ca1dc8b9e29725454,3,5
Les infusions de Prada,105.7,Prada,0,https://www.vinted.it/items/8277116829-les-infusions-de-prada?referrer=catalog,1,8277116829,Sold,28/02/2026 23:07:32,,https://images1.vinted.net/t/05_017d3_N9v7Prj3kWAHu7YuEtHXbrQo/310x430/1772267573.webp?s=27ebadaa3decf0a7e6fe527d1d6ad2f6c2a7ccfa,3,5
Scarpe con i tacchi Prada 36,510.0,Prada,36.5,https://www.vinted.it/items/8277105393-scarpe-con-i-tacchi-prada-365?referrer=catalog,0,8277105393,Sold,28/02/2026 23:07:32,,https://images1.vinted.net/t/06_001d7_fEcKNWjQRmQzGtMiKxyBCkk4/310x430/1772267457.webp?s=0e043edb37f16028a7214fb95529f7a22cfe38ef,3,5
Sandalias de Agatha Ruiz de la Prada,20.65,Agatha Ruiz de la Prada,22,https://www.vinted.it/items/8277103936-sandalias-de-agatha-ruiz-de-la-prada?referrer=catalog,4,8277103936,Sold,28/02/2026 23:07:32,,https://images1.vinted.net/t/01_00cc2_oUpEJ6pXB2kAvGifbGvXzu4b/310x430/1772267441.webp?s=c222e8f8e4d3afd9f56aa61858444cc35a1dc187,3,5
Prada kartenhalter 1 ZU 1,19.6,Prada,0,https://www.vinted.it/items/8277076352-prada-kartenhalter-1-zu-1?referrer=catalog,20,8277076352,Sold,28/02/2026 23:07:32,,https://images1.vinted.net/t/06_02107_A6dnJCxp6UrWt4nPayUcZMd8/310x430/1772267152.webp?s=f262290c01ce5d6b0861137a7435d9e489ad1a9f,3,5
Les infusions de Prada,105.7,Prada,0,https://www.vinted.it/items/8277075107-les-infusions-de-prada?referrer=catalog,1,8277075107,Sold,28/02/2026 23:07:32,,https://images1.vinted.net/t/01_0076a_1GLzx3Lwi5iQXg5j1BHeb6f3/310x430/1772267139.webp?s=93467f41489774c6cbce4e1dd1319040a6aa764d,3,5
NEW Prada stiletto heels / sandals,263.2,Prada,39,https://www.vinted.it/items/8277053547-new-prada-stiletto-heels-sandals?referrer=catalog,3,8277053547,Sold,28/02/2026 23:07:32,,https://images1.vinted.net/t/05_01195_RzftZmYTAHCbwTTUBGdkJEia/310x430/1772266904.webp?s=925234a4550ebc50f680a5276b455073b0a10e8f,3,5
Prada Sonnenbrille Barock,236.95,Prada,0,https://www.vinted.it/items/8277062965-prada-sonnenbrille-barock?referrer=catalog,0,8277062965,Sold,28/02/2026 23:07:32,,https://images1.vinted.net/t/06_00106_HhjxojctnwRrYGvKydvSF6pA/310x430/1772267052.webp?s=8a836c756f8c3eb458afe9f55420e2bc36a61cc2,3,5
Prada Paradoxe,89.95,Prada,0,https://www.vinted.it/items/8277055991-prada-paradoxe?referrer=catalog,0,8277055991,Sold,28/02/2026 23:07:32,,https://images1.vinted.net/t/06_00a75_E2yPmGsgL46kSw7z9mKqQAGH/310x430/1772266931.webp?s=5b79da9caec3b5d5ac7a0dc5de6b765f5f3ddedf,3,5
Temas de Salud,9.1,No brand,0,https://www.vinted.it/items/8277028460-temas-de-salud?referrer=catalog,0,8277028460,Sold,28/02/2026 23:07:32,,https://images1.vinted.net/t/05_01844_5XQmC5ovfGQDAcMZbJApC2th/310x430/1772266620.webp?s=0ed6ab46f9b3a12f4add66e1439d58f7d68b9a8a,3,5
Lunettes de soleil prada neuves,210.7,Prada,0,https://www.vinted.it/items/8277003527-lunettes-de-soleil-prada-neuves?referrer=catalog,1,8277003527,Sold,28/02/2026 23:07:32,,https://images1.vinted.net/t/04_0184e_fpVqYYoGyXStWVSGvZ1EWqeo/310x430/1772266330.webp?s=e3f48490c70cb1bba9f189fd396db0b775498567,3,5
Prada intense,40.6,Prada,0,https://www.vinted.it/items/8277002464-prada-intense?referrer=catalog,1,8277002464,Sold,28/02/2026 23:07:32,,https://images1.vinted.net/t/05_019f2_prrEAy5QQyYjpaLGeNk7s4Qh/310x430/1772266318.webp?s=ac173c9d49b6d004bd78ab186423a81578636cf4,3,5
jeans prada a vita bassa,37.45,Prada,Taglia unica,https://www.vinted.it/items/8276993877-jeans-prada-a-vita-bassa?referrer=catalog,7,8276993877,Sold,28/02/2026 23:07:32,,https://images1.vinted.net/t/06_003ac_xiFWnXYUtM4R2U22Te3AJUwn/310x430/1772266213.webp?s=ad80bc4a2d27707cbf2e230393c18d6207eb37a2,3,5
Prada Studded Sneakers,263.2,Prada,46,https://www.vinted.it/items/8276983793-prada-studded-sneakers?referrer=catalog,55,8276983793,Sold,28/02/2026 23:07:32,,https://images1.vinted.net/t/05_0225b_SjVE8ZE4Yd54sqqMeB949JxC/310x430/1772266089.webp?s=d0c545a172a8a6db7b99878e99414c020a1bee78,3,5
Prada Sunglasses PR 02P NAK-0A7,105.7,Prada,0,https://www.vinted.it/items/8276979992-prada-sunglasses-pr-02p-nak-0a7?referrer=catalog,6,8276979992,Sold,28/02/2026 23:07:32,,https://images1.vinted.net/t/06_02473_EUuh3UuVr2DTuuzGg7YQJ8u7/310x430/1772266043.webp?s=e2cd0c1c06b910bf1138981def9d913f7f2818de,3,5
Profumo Prada Paradoxe 90ml,42.7,Prada,0,https://www.vinted.it/items/8276962388-profumo-prada-paradoxe-90ml?referrer=catalog,0,8276962388,Sold,28/02/2026 23:07:32,,https://images1.vinted.net/t/03_0230d_PSUsP9jAjcwa5wz1cbA6kDrv/310x430/1772265816.webp?s=41f76747beaeb981d346c1f2e7afd1ea320e6d7e,3,5
Prada Paradoxe Intense,43.75,Prada,0,https://www.vinted.it/items/8276957441-prada-paradoxe-intense?referrer=catalog,2,8276957441,Sold,28/02/2026 23:07:32,,https://images1.vinted.net/t/06_023b6_c5ibihetLYEZT1g9mBreCArR/310x430/1772265753.webp?s=e8fc7dfaceab036864550fd9c5414f4c7db80d03,3,5
Prada Sunglasses PR 28N 1AB-3M1,105.7,Prada,0,https://www.vinted.it/items/8276954925-prada-sunglasses-pr-28n-1ab-3m1?referrer=catalog,0,8276954925,Sold,28/02/2026 23:07:32,,https://images1.vinted.net/t/06_005ab_PuEsozZ6simKM5AipLPXvMZE/310x430/1772265720.webp?s=6de0998c240d610e6ebffc362a96640790b84089,3,5
Prada Black (Navy) Trousers – Men – Size 36 – Very Good Condition,263.2,Prada,IT 46 | W36,https://www.vinted.it/items/8276452423-prada-black-navy-trousers-men-size-36-very-good-condition?referrer=catalog,1,8276452423,Sold,28/02/2026 23:07:32,,https://images1.vinted.net/t/06_00f2f_gLK4fJpL8iEPay5dqPzVSfho/310x430/1772236133.webp?s=7342e7bd46cd97305c0d3be0209b78a0396c4897,3,5
Sudadera Agatha Ruiz de la Prada,7.0,Agatha Ruiz de la Prada,18-24 mesi / 86 cm,https://www.vinted.it/items/8276942152-sudadera-agatha-ruiz-de-la-prada?referrer=catalog,1,8276942152,Sold,28/02/2026 23:07:32,,https://images1.vinted.net/t/06_015ad_gfMjzCo7AdQsttLuJvXHFA5Z/310x430/1772265555.webp?s=97ab71c5b12a140062e46ec22ec8d172f799a542,3,5
Pantalon Prada Gabardine Nylon – Rosso – Taille 44 – Neuf avec étiquettes,399.7,Prada,IT 38 | W28,https://www.vinted.it/items/8276933247-pantalon-prada-gabardine-nylon-rosso-taille-44-neuf-avec-etiquettes?referrer=catalog,1,8276933247,Sold,28/02/2026 23:07:32,,https://images1.vinted.net/t/05_023e2_VJmUqAkxYjnpRQe3YKHzTzKy/310x430/1772265438.webp?s=3dc0017855b54b4bdb605ae300882a032cba8117,3,5
Ocean Luna Rossa Eau de Toilette 150ml - Prada,47.95,No brand,0,https://www.vinted.it/items/8276927088-ocean-luna-rossa-eau-de-toilette-150ml-prada?referrer=catalog,1,8276927088,Sold,28/02/2026 23:07:32,,https://images1.vinted.net/t/05_01ff7_NLeJ1zUDCyeD2oLrWPWy5cH4/310x430/1772265352.webp?s=ca20dbba3f2b62ea8136c753eed47a7acf922479,3,5
Prada mini tallas Eye Augmented,210.7,Prada,0,https://www.vinted.it/items/8276874181-prada-mini-tallas-eye-augmented?referrer=catalog,0,8276874181,Sold,28/02/2026 23:07:32,,https://images1.vinted.net/t/06_01ad9_Vii43xhBN1ZX4TbycoWAZhvV/310x430/1772314432.webp?s=29bfe6d749950495873ffccf1c62dace3c80b492,3,5
Ysl Gucci Lancome Prada Chanel Parfum Damen armani mugler Marc jacobs,26.95,No brand,0,https://www.vinted.it/items/8273943921-ysl-gucci-lancome-prada-chanel-parfum-damen-armani-mugler-marc-jacobs?referrer=catalog,1,8273943921,Sold,28/02/2026 23:07:32,,https://images1.vinted.net/t/06_026d4_7qtXBy7CX14ULozfJ4CjaSLj/310x430/1772209573.webp?s=5480a04530e12f4dece9ab96ea4ae06f942201a8,3,5
Funda pasaporte Agatha Ruiz de la Prada,2.75,Agatha,0,https://www.vinted.it/items/8276886484-funda-pasaporte-agatha-ruiz-de-la-prada?referrer=catalog,0,8276886484,Sold,28/02/2026 23:07:32,,https://images1.vinted.net/t/05_011fb_9Wuznux9JPzV9e1uKnHDzTRT/310x430/1772264761.webp?s=3be796a84e081992fbda8fba9df82dd4a1aa5256,3,5
Étui à lunettes Prada,16.45,Prada,0,https://www.vinted.it/items/8276873557-etui-a-lunettes-prada?referrer=catalog,0,8276873557,Sold,28/02/2026 23:07:32,,https://images1.vinted.net/t/06_01232_XoUV5BzksvmJn3F2vuE5t7xg/310x430/1772264567.webp?s=4f682adefb5d92b67b9de11384827aa3e3ab1f31,3,5
Paradoxe Eau De Perfum 90 ml,51.1,Prada,0,https://www.vinted.it/items/8276863517-paradoxe-eau-de-perfum-90-ml?referrer=catalog,18,8276863517,Sold,28/02/2026 23:07:32,,https://images1.vinted.net/t/04_000d7_eHKiwh25fgJbdT6KCUCPeJR1/310x430/1772264410.webp?s=8af326ef151cdb7532b171db62d02c30dba5b351,3,5
Astuccio Prada,5.95,No brand,0,https://www.vinted.it/items/8276861940-astuccio-prada?referrer=catalog,1,8276861940,Sold,28/02/2026 23:07:32,,https://images1.vinted.net/t/05_00902_6nkBuRSKLY8RavFZ9ZscGq3G/310x430/1772264384.webp?s=d218cd8abc30ff7f9d24f69085453e126bcdcaaa,3,5
Paradoxe Intense 90ml,51.1,Prada,0,https://www.vinted.it/items/8276850973-paradoxe-intense-90ml?referrer=catalog,10,8276850973,Sold,28/02/2026 23:07:32,,https://images1.vinted.net/t/06_0061f_xfuvo2MbMwMxDfBhF13141wV/310x430/1772264203.webp?s=c5484610dd295377c9130a05ec4557759dd34c94,3,5
Vintage 90s Prada Sport White Wrap Around Sunglasses,144.55,Prada,0,https://www.vinted.it/items/8276823380-vintage-90s-prada-sport-white-wrap-around-sunglasses?referrer=catalog,0,8276823380,Sold,28/02/2026 23:07:32,,https://images1.vinted.net/t/05_00f4f_zL6Mqzj2fM59ASKWkHnvm48b/310x430/1772263722.webp?s=181220c8d8be0d072883aa93b5796ef5e3b95f66,3,5
Portachiavi Prada,105.7,Prada,0,https://www.vinted.it/items/8275581365-portachiavi-prada?referrer=catalog,5,8275581365,Sold,28/02/2026 23:07:32,,https://images1.vinted.net/t/04_00e94_M9bM3LvMJdnQ9NxVb5NZSaKf/310x430/1772222938.webp?s=1590e4b1b7362867ef6c5e70b84e59f47ebf390e,3,5
Bailarinas Prada,263.2,Prada,37.5,https://www.vinted.it/items/8269028748-bailarinas-prada?referrer=catalog,0,8269028748,Sold,27/02/2026 14:52:00,,https://images1.vinted.net/t/06_00f69_zqTTPjQFY9tihJiugn4r5tyP/310x430/1772139532.webp?s=c195908b0c65cbea8d01c419dd7bd46fb35d5b09,3,4
Jean regular,26.95,Prada,M,https://www.vinted.it/items/8269021303-jean-regular?referrer=catalog,0,8269021303,Sold,27/02/2026 14:52:00,,https://images1.vinted.net/t/01_02352_QHNjVt1wBod8utYkggFCPSCH/310x430/1772140828.webp?s=584ce9ed1468db516735dca610a3d90123c857c1,3,4
Albornoz Agatha Ruiz de la Prada,24.85,Agatha Ruiz de la Prada,M,https://www.vinted.it/items/8268999262-albornoz-agatha-ruiz-de-la-prada?referrer=catalog,3,8268999262,Sold,27/02/2026 14:52:00,,https://images1.vinted.net/t/05_010e1_GkTKic662n4GRVXsvqabBxxm/310x430/1772139234.webp?s=ffb95ecd8cba9a5288072e5b9b5862222cfa3177,3,4
Escarpin prada vintage,53.2,Prada,36,https://www.vinted.it/items/8268995596-escarpin-prada-vintage?referrer=catalog,47,8268995596,Sold,27/02/2026 14:52:00,,https://images1.vinted.net/t/01_0264a_sUAugewuDqzecmK2j4u7JxAj/310x430/1772139198.webp?s=8795d89b4a865fb25148df7506b63f21c354239b,3,4
Cartera de Prada nuevo sin etiqueta,189.7,Prada,0,https://www.vinted.it/items/8268988291-cartera-de-prada-nuevo-sin-etiqueta?referrer=catalog,2,8268988291,Sold,27/02/2026 14:52:00,,https://images1.vinted.net/t/06_01b04_Wun9ypk67xivwgej6ZwfxEiG/310x430/1772139126.webp?s=c56bbb73c873b95c5e4be4905aa1827b75e48732,3,4
Eau de parfum,53.2,Prada,0,https://www.vinted.it/items/8268987554-eau-de-parfum-paradoxe-prada-vaporisateur-rechargeable-90-ml-neuf-neuf?referrer=catalog,2,8268987554,Sold,27/02/2026 14:52:00,,https://images1.vinted.net/t/06_00b2b_CyePSZcKjmhNb3eRQQzXVsT7/310x430/1772139119.webp?s=3c91c6c8d43d32ef8562ce1b2801282b79359ede,3,4
Giacca Prada,147.7,Prada,L / IT 44 / EU 40,https://www.vinted.it/items/8268915397-giacca-prada?referrer=catalog,12,8268915397,Sold,27/02/2026 14:52:00,,https://images1.vinted.net/t/05_00096_DfkRhqY8eR3gjim7dvzPTmhk/310x430/1772138406.webp?s=323f864246bb61f6fb2215c0125ef27532a69153,3,4
Pack perfumes,74.2,Prada,0,https://www.vinted.it/items/8268963699-pack-perfumes?referrer=catalog,13,8268963699,Sold,27/02/2026 14:52:00,,https://images1.vinted.net/t/06_02129_RAFSa1qTEaDHhRTtxcnvkUDw/310x430/1772138879.webp?s=3ede720078796e5a7fbac3096eebe44d0303a428,3,4
Baume à lèvre Parda,21.7,Prada,0,https://www.vinted.it/items/8268941211-baume-a-levre-parda?referrer=catalog,4,8268941211,Sold,27/02/2026 14:52:00,,https://images1.vinted.net/t/05_00e3c_xAeJU2LVL4dUqjHKCZ1zMEWQ/310x430/1772138660.webp?s=a3ec11eac876e0c3392d1352d92020c84ca5bb48,3,4
Prada Parfüm Damen Neu 100ml,89.95,Prada,0,https://www.vinted.it/items/8268935953-prada-parfum-damen-neu-100ml?referrer=catalog,2,8268935953,Sold,27/02/2026 14:52:00,,https://images1.vinted.net/t/01_00508_gMt8sGbG3TpSUKr8Rr3ma1fU/310x430/1772138608.webp?s=43fe5415c6112ca7c6bbb9ff32033a72b412cdb3,3,4
Botte Prada Jaune,368.2,Prada,37,https://www.vinted.it/items/8268918136-botte-prada-jaune?referrer=catalog,0,8268918136,Sold,27/02/2026 14:52:00,,https://images1.vinted.net/t/05_00acc_35LJawcTnQeS6mfiZZ962zks/310x430/1772138433.webp?s=ce6e14acffd0d5fadec3ed8a6a8d64d313d5d1f0,3,4
Prada Beauty,16.45,Prada,0,https://www.vinted.it/items/8268917957-prada-beauty?referrer=catalog,7,8268917957,Sold,27/02/2026 14:52:00,,https://images1.vinted.net/t/05_01836_ShqMkivagiJAZ8a6YRrkSAhD/310x430/1772138431.webp?s=3bf557239c43ae5a379b1374d17fafb13ce01fa8,3,4
Bolsa viaje prada lona,1.122,Prada,0,https://www.vinted.it/items/8268908704-bolsa-viaje-prada-lona?referrer=catalog,0,8268908704,Sold,27/02/2026 14:52:00,,https://images1.vinted.net/t/06_01856_AXrHLqN5V2PF5ZCtS1F4gnTG/310x430/1772138341.webp?s=678a53f47200141b1a850991b3c4a44f76a3f172,3,4
PRADA Infusion de Figue EDP 100 ml,58.45,Prada,0,https://www.vinted.it/items/8268894671-prada-infusion-de-figue-edp-100-ml?referrer=catalog,0,8268894671,Sold,27/02/2026 14:52:00,,https://images1.vinted.net/t/03_01cb5_MhjoWqEgqtwE6vqZjLEhZzcd/310x430/1772138205.webp?s=93f49fed525c9de3c53645784308b99edde10b41,3,4
Borsa Prada Re-Edition in nylon,1.122,Prada,0,https://www.vinted.it/items/8268889868-borsa-prada-re-edition-in-nylon?referrer=catalog,3,8268889868,Sold,27/02/2026 14:52:00,,https://images1.vinted.net/t/06_00c8e_ahaVAjy5UteCg8jv9DogjMLq/310x430/1772138546.webp?s=b387c3e8c705061e18001c30dd6590687b552587,3,4
Prada Cups Schwarz in Größe 42 – Lack/Netz – Sehr guter Zustand,100.45,Sonstiges,42,https://www.vinted.it/items/8268879926-prada-cups-schwarz-in-grosse-42-lacknetz-sehr-guter-zustand?referrer=catalog,2,8268879926,Sold,27/02/2026 14:52:00,,https://images1.vinted.net/t/06_0115f_CQU7hXn9DsecJbjwLQ47XXP7/310x430/1772138065.webp?s=e92df254aee3687d66bc765e48876cef3eec47a7,3,4
Prada Paradoxe Intense Eau De Parfum 90ml,47.94,Prada,0,https://www.vinted.it/items/8268841187-prada-paradoxe-intense-eau-de-parfum-90ml?referrer=catalog,0,8268841187,Sold,27/02/2026 14:52:00,,https://images1.vinted.net/t/06_023ee_pobhdxL8hCMvUJU7eCv8AaGN/310x430/1772137705.webp?s=40dd97b323f65e9bfdf713533c860c1792c89a85,3,4
Prada Amber 30 ml eau de parfum,53.2,Prada,0,https://www.vinted.it/items/8268840755-prada-amber-30-ml-eau-de-parfum?referrer=catalog,4,8268840755,Sold,27/02/2026 14:52:00,,https://images1.vinted.net/t/06_0035c_AcahqoHZVS2XMUXe4s4ijtqp/310x430/1772137701.webp?s=37f4cab30ce0a7438aec55db5ffaa16e085d07ee,3,4
Conjunto de punto de jersey y falda,10.15,Agatha Ruiz de la Prada,4 anni / 104 cm,https://www.vinted.it/items/8268835756-conjunto-de-punto-de-jersey-y-falda?referrer=catalog,2,8268835756,Sold,27/02/2026 14:52:00,,https://images1.vinted.net/t/05_024c1_DynaPuF49QzyyVCMH2UPkEkE/310x430/1772137655.webp?s=dedae913bd6fa1e439b97a9fdc7f539a68c664ba,3,4
Prada paradoxe intense parfum woman,52.15,Paradoxe,0,https://www.vinted.it/items/8268813969-prada-paradoxe-intense-parfum-woman?referrer=catalog,4,8268813969,Sold,27/02/2026 14:52:00,,https://images1.vinted.net/t/05_014ed_JQsJgGVvxv22nbynMMgf6Ree/310x430/1772137452.webp?s=86f4c3c3360039967a6f270d9b9623abeeb0086e,3,4
Prada Milano Blazer Lana Vergine Made in Italy 48R Gessato Sartoriale,142.44,Prada,M,https://www.vinted.it/items/8268781365-prada-milano-blazer-lana-vergine-made-in-italy-48r-gessato-sartoriale?referrer=catalog,1,8268781365,Sold,27/02/2026 14:52:00,,https://images1.vinted.net/t/06_005a3_eua88kUBeG4hyL3dNVuFmYkt/310x430/1772137159.webp?s=1a18492802f75f40f4e66f079e2c14325cb9c407,3,4
vaso fiori,32.2,Prada,0,https://www.vinted.it/items/8268780928-vaso-fiori?referrer=catalog,5,8268780928,Sold,27/02/2026 14:52:00,,https://images1.vinted.net/t/03_00c10_CXLX8kosYNVDD5S2zpLe5dSj/310x430/1772137155.webp?s=aee30bd3c233e229cb27591931b37adbec5232ff,3,4
Prada Stiefelette Desert Boots Stiefel gebürstetem Leder Boot gr 43.5 Neu,550.8,Prada,43,https://www.vinted.it/items/8268766279-prada-stiefelette-desert-boots-stiefel-geburstetem-leder-boot-gr-435-neu?referrer=catalog,0,8268766279,Sold,27/02/2026 14:52:00,,https://images1.vinted.net/t/01_00a9c_tmvGga8fwVvMzT6jVB2BDHRC/310x430/1772137023.webp?s=4fb8c9983c27b7efd73276a65a8860833f696c57,3,4
Miniatura Prada Paradoxe Intense,13.3,Prada,0,https://www.vinted.it/items/8268734320-miniatura-prada-paradoxe-intense?referrer=catalog,9,8268734320,Sold,27/02/2026 14:52:00,,https://images1.vinted.net/t/01_01246_1Vu7gTbdGjo9FgtGEWrciCYb/310x430/1772136740.webp?s=a90be3870db283f0209ae05f48dd6858298d7ef7,3,4
Prada Monochrome borsa two-way pelle nera Saffiano,1.53,Prada,0,https://www.vinted.it/items/8268718495-prada-monochrome-borsa-two-way-pelle-nera-saffiano?referrer=catalog,4,8268718495,Sold,27/02/2026 14:52:00,,https://images1.vinted.net/t/01_005a3_mWCBVxeCWUaA6UCALnZfNX9h/310x430/1772136602.webp?s=8445fa07944447a9fc57b8cf8a2262ddc34f9d9c,3,4
Top Prada nuovo,452.2,Prada,L / IT 44 / EU 40,https://www.vinted.it/items/8268716994-top-prada-nuovo?referrer=catalog,0,8268716994,Sold,27/02/2026 14:52:00,,https://images1.vinted.net/t/05_007ca_gQBMWUEPrpsAvNNEY1WidgeD/310x430/1772136589.webp?s=1f121cd8327ef332c86d926157493e41e8c7a80e,3,4
Prada paradoxe hair must,53.2,Prada,0,https://www.vinted.it/items/8268655025-prada-paradoxe-hair-must?referrer=catalog,0,8268655025,Sold,27/02/2026 14:52:00,,https://images1.vinted.net/t/04_02195_gfJFTxz13tiNrmsW4BqewQcu/310x430/1772136056.webp?s=29c62ab42565cef0c49e1fc0c97fbcde1deeebf9,3,4
Vestido Agatha Ruiz de la Prada,19.6,Agatha Ruiz de la Prada,5 anni / 110 cm,https://www.vinted.it/items/8268654486-vestido-agatha-ruiz-de-la-prada?referrer=catalog,1,8268654486,Sold,27/02/2026 14:52:00,,https://images1.vinted.net/t/05_00810_t28DLdCPf3g3zJn3vBPW4LEF/310x430/1772136051.webp?s=920edf8ede58e5adcdae70db71fc01eb765f19a2,3,4
Chaussures Prada,105.7,Prada,38,https://www.vinted.it/items/8268654030-chaussures-prada?referrer=catalog,10,8268654030,Sold,27/02/2026 14:52:00,,https://images1.vinted.net/t/04_01113_9N2gqPRYSNu4emR5C72xuTFk/310x430/1772136047.webp?s=80f4626feef11c97c1bb3be256aedff0164c2576,3,4
Prada cups wit,131.95,Prada,44,https://www.vinted.it/items/8268647041-prada-cups-wit?referrer=catalog,6,8268647041,Sold,27/02/2026 14:52:00,,https://images1.vinted.net/t/06_01adf_AN1uMy4qs8XP2UfEZ8tQT6rw/310x430/1772135987.webp?s=952250c85429b707085f75e5250e233a82dda17d,3,4
Agatha ruiz * tee shirt blanc * neuf * 3 mois,4.06,Agatha Ruiz de la Prada,3-6 mesi / 62 cm,https://www.vinted.it/items/8268645336-agatha-ruiz-tee-shirt-blanc-neuf-3-mois?referrer=catalog,0,8268645336,Sold,27/02/2026 14:52:00,,https://images1.vinted.net/t/01_01f76_ZaAhZ29tsra176t9E1PvA7L4/310x430/1772135973.webp?s=18d02af4a2a68215f0ffc6462bf907cea0e3bd00,3,4
Cargo Prada Nylon,294.7,Prada,XL,https://www.vinted.it/items/8268640400-cargo-prada-nylon?referrer=catalog,13,8268640400,Sold,27/02/2026 14:52:00,,https://images1.vinted.net/t/05_0250b_GH5Pbq9meaMLtwLyxTmNGujB/310x430/1772135932.webp?s=8f9d8814e3fe344c1e3a3edfd7ee912d24b9e0b5,3,4
Borsa Prada,420.7,Prada,0,https://www.vinted.it/items/8267725243-borsa-prada?referrer=catalog,12,8267725243,Sold,27/02/2026 14:52:00,,https://images1.vinted.net/t/04_00eee_h2tFRJn1WctrsfoTK8wX1Zkn/310x430/1772128476.webp?s=0a5076bd38e2e1ea70e0a150712f56ddc6ab31f1,3,4
Pantaloni donna Prada,63.7,Prada,XL / IT 46 / EU 42,https://www.vinted.it/items/8268627849-pantaloni-donna-prada?referrer=catalog,1,8268627849,Sold,27/02/2026 14:52:00,,https://images1.vinted.net/t/05_00046_RCynKLxqBUAB66e5DQUWiGLq/310x430/1772135826.webp?s=bd34c12d4750055c22f66dfc9e07423b9080ef76,3,4
Lunette de soleil prada femme,341.95,Prada,0,https://www.vinted.it/items/8268619354-lunette-de-soleil-prada-femme?referrer=catalog,2,8268619354,Sold,27/02/2026 14:52:00,,https://images1.vinted.net/t/05_020a4_Cc67FvTJNrd4wDJzzqtsNMnz/310x430/1772135754.webp?s=898e8612ffd6592370656b5d5ec519a02ffc0e07,3,4
Prada Mini Pouch Keychain Bianca,95.2,Prada,0,https://www.vinted.it/items/8268599981-prada-mini-pouch-keychain-bianca?referrer=catalog,2,8268599981,Sold,27/02/2026 14:52:00,,https://images1.vinted.net/t/06_01e70_BqFJXz2SoeY8ua3ozDP5rCJ3/310x430/1772135593.webp?s=62a932d4ca00e51efc22d16f5695f27cc729e9fe,3,4
Eau de parfum Prada La Femme,49.0,Prada,0,https://www.vinted.it/items/8268596237-eau-de-parfum-prada-la-femme?referrer=catalog,0,8268596237,Sold,27/02/2026 14:52:00,,https://images1.vinted.net/t/06_00b54_xhgxriz1V6AkobcaEVW85W8n/310x430/1772135562.webp?s=c6a7a16eb42b846454b5dae5668e1a30c7112db6,3,4
Borsa a spalla Prada,263.2,Prada,0,https://www.vinted.it/items/8267661204-borsa-a-spalla-prada?referrer=catalog,154,8267661204,Sold,27/02/2026 14:52:00,,https://images1.vinted.net/t/01_0223c_TzUksrimQ6rYTXrmvNDBJVXU/310x430/1772127972.webp?s=a8f29a2af177365ded56b264c0cb643e80430602,3,4
Conjunto Agatha Ruiz de la Prada,40.55,Agatha Ruiz de la Prada,5 anni / 110 cm,https://www.vinted.it/items/8268587811-conjunto-agatha-ruiz-de-la-prada?referrer=catalog,3,8268587811,Sold,27/02/2026 14:52:00,,https://images1.vinted.net/t/01_00be0_YxnDMqzum1D2jH7sn7PED9vA/310x430/1772135492.webp?s=d75a7f41bca39d15408260c4b82b17c2a4352d40,3,4
Borsa Prada,3.06,Prada,0,https://www.vinted.it/items/8268579249-borsa-prada?referrer=catalog,1,8268579249,Sold,27/02/2026 14:52:00,,https://images1.vinted.net/t/06_0135b_AgjTtP52DNFaTKv6HEbcR9YP/310x430/1772135420.webp?s=98f6bc33811226bed2dacdb76d5cc266251bf44d,3,4
Prada paradoxe virtual flower neuf 50 ml eau de parfum,47.95,Prada,0,https://www.vinted.it/items/8268579307-prada-paradoxe-virtual-flower-neuf-50-ml-eau-de-parfum?referrer=catalog,1,8268579307,Sold,27/02/2026 14:52:00,,https://images1.vinted.net/t/06_015c4_AFGbH3mJ34BUsqH6er99FYtw/310x430/1772137418.webp?s=fb87938e039f8a0aeceb779c17092b1560587e1e,3,4
Bob Prada,184.45,Prada,M,https://www.vinted.it/items/8268554580-bob-prada?referrer=catalog,3,8268554580,Sold,27/02/2026 14:52:00,,https://images1.vinted.net/t/06_024f2_m2JdYcSocpp3CQD16fDwrsqv/310x430/1772135213.webp?s=f2c8135f13ad1e8d13324199dd71db996a056f71,3,4
Short d’été Prada,499.45,Prada,M,https://www.vinted.it/items/8268554417-short-dete-prada?referrer=catalog,0,8268554417,Sold,27/02/2026 14:52:00,,https://images1.vinted.net/t/01_02316_XVNiJEJgf7WgQCrhE48Jcy1R/310x430/1772135212.webp?s=d114709644b52e74cc42a00e0c46f113262ab12a,3,4
Camicia Prada,37.45,Prada,10 anni / 140 cm,https://www.vinted.it/items/8268544520-camicia-prada?referrer=catalog,12,8268544520,Sold,27/02/2026 14:52:00,,https://images1.vinted.net/t/05_00b28_EHqqf7R2NchhzyhAHrSe5WfK/310x430/1772135130.webp?s=c93c0c17acbb2146cc8f405d79102f803ce15b7a,3,4
beauty prada nero nuovo,263.2,Prada,0,https://www.vinted.it/items/8268542478-beauty-prada-nero-nuovo?referrer=catalog,7,8268542478,Sold,27/02/2026 14:52:00,,https://images1.vinted.net/t/06_01ad2_RmqUJntMDSpeHNbLkbnYAbE7/310x430/1772135113.webp?s=f573b7d5503d250a39c58a03dd62d6a224bb8a78,3,4
Estuche Portatodo Plano Agatha Ruiz de la Prada- Nuevo con Etiqueta - años 2000 Miquel Rius,13.3,Agatha Ruiz de la Prada,0,https://www.vinted.it/items/8268539126-estuche-portatodo-plano-agatha-ruiz-de-la-prada-nuevo-con-etiqueta-anos-2000-miquel-rius?referrer=catalog,0,8268539126,Sold,27/02/2026 14:52:00,,https://images1.vinted.net/t/06_01313_2o8ZUVdhM7u8fW3j8r3ogECc/310x430/1772135085.webp?s=cfc67b1df780f4effd4fc844732736e6cf8523ef,3,4
Scarpe prada rossa luna originali,105.7,Prada,41,https://www.vinted.it/items/8268521342-scarpe-prada-rossa-luna-originali?referrer=catalog,1,8268521342,Sold,27/02/2026 14:52:00,,https://images1.vinted.net/t/04_00136_nVV71eKQrsa6mh48G8ko4qje/310x430/1772134937.webp?s=9a71816e30db2383164cee463d4135b3823b3dd1,3,4
Original Prada Saffino-Leder Tasche,0.0,Prada,0,https://www.vinted.it/items/8268516870-original-prada-saffino-leder-tasche-aktuell-2000eu?referrer=catalog,1,8268516870,Sold,27/02/2026 14:52:00,,https://images1.vinted.net/t/05_009d3_heyPNzU9eqVFWmEmKCF8CA1p/310x430/1772134901.webp?s=9d6c8318a7c08f94e80dfc98dbd8890ab31328a0,3,4
Prada paradoxe Damen Duft 30 ml,37.45,Paradoxe,0,https://www.vinted.it/items/8239379713-prada-paradoxe-damen-duft-30-ml?referrer=catalog,30,8239379713,Sold,27/02/2026 14:52:00,,https://images1.vinted.net/t/05_0039f_3ke6nHw4g9oGBkyjSPq6ghhJ/310x430/1771788640.webp?s=385244cf42bf152e0c33105f849991735abdbc2b,3,4
Prada Eye Cream Augmented,284.2,Prada,0,https://www.vinted.it/items/8268497521-prada-eye-cream-augmented?referrer=catalog,0,8268497521,Sold,27/02/2026 14:52:00,,https://images1.vinted.net/t/04_0079e_RkPpuh7TKjc8vT9VVxqgvcG8/310x430/1772134739.webp?s=3894a7818f8a47d5235869c953910f0c80141699,3,4
Sac prada bandoulière cuir et nylon neuf jamais utilisé,1.224,Prada,0,https://www.vinted.it/items/8268486937-sac-prada-bandouliere-cuir-et-nylon-neuf-jamais-utilise?referrer=catalog,0,8268486937,Sold,27/02/2026 14:52:00,,https://images1.vinted.net/t/01_026a5_Wn4SMrgLU4PZJEaLukHjiv8x/310x430/1772134654.webp?s=06413b3d205e8f7fa0f5ff4b53174261d88c0aec,3,4
Gafas de sol,126.7,Prada,0,https://www.vinted.it/items/8268473103-gafas-de-sol?referrer=catalog,0,8268473103,Sold,27/02/2026 14:52:00,,https://images1.vinted.net/t/05_000ff_FkgHDmBTpowRRXUXoZv6noob/310x430/1772134543.webp?s=67f8e9ee07579abe2ecce2aa0d5fab5fe492182f,3,4
Prada Oxford / Francesina,368.2,Prada,41,https://www.vinted.it/items/8268451946-prada-oxford-francesina?referrer=catalog,0,8268451946,Sold,27/02/2026 14:52:00,,https://images1.vinted.net/t/03_01f8f_penyY3RjfUAubTyUWU3czTTg/310x430/1772134368.webp?s=fc4fca54c959aaca36f5a72b011ba9fb66c90e78,3,4
Prada miniaturas perfume,58.45,Prada,0,https://www.vinted.it/items/8268451848-prada-miniaturas-perfume?referrer=catalog,0,8268451848,Sold,27/02/2026 14:52:00,,https://images1.vinted.net/t/06_014c5_C9dc23V6uPMgJj4D67728hKw/310x430/1772134367.webp?s=0f4d9635af4876632322d6ac36988ab14cecba01,3,4
Neceser/portatodo Prada Beauty,16.45,Prada,0,https://www.vinted.it/items/8268443416-neceserportatodo-prada-beauty?referrer=catalog,6,8268443416,Sold,27/02/2026 14:52:00,,https://images1.vinted.net/t/05_004de_1A2iUAMCFVj6y3CrTRWqWpFC/310x430/1772134296.webp?s=58159d4514ffe1c70cddd3c8be4ef138d5be1c67,3,4
Prada,116.2,Prada,44,https://www.vinted.it/items/8268438440-prada?referrer=catalog,2,8268438440,Sold,27/02/2026 14:52:00,,https://images1.vinted.net/t/06_010f3_1rzZaw4BXCkMBoQWJUDXk3iW/310x430/1772134254.webp?s=38ec12688fb7ffc48f5deb8e058cfa9571e0b27a,3,4
Prada américains cup bordeaux,210.7,Prada,40,https://www.vinted.it/items/8268427185-prada-americains-cup-bordeaux?referrer=catalog,2,8268427185,Sold,27/02/2026 14:52:00,,https://images1.vinted.net/t/04_0131a_NVQE8SKdYS4JYXrSuVbbxiuK/310x430/1772134159.webp?s=3e83617330fa8fc11ba2b5f80b49ea5ff0b84163,3,4
Perfume Prada mujer,19.6,Prada,0,https://www.vinted.it/items/8268425963-perfume-prada-mujer?referrer=catalog,0,8268425963,Sold,27/02/2026 14:52:00,,https://images1.vinted.net/t/06_01532_e9W6jdU7kuzjzvuYEEJk4bdd/310x430/1772134149.webp?s=0f7e867c1f66078146819735c55ba72fb9a85c6b,3,4
Prada Paradigme,53.2,Prada,0,https://www.vinted.it/items/8268410661-prada-paradigme?referrer=catalog,3,8268410661,Sold,27/02/2026 14:52:00,,https://images1.vinted.net/t/05_02078_h4sFtEqt7XCP1eBjmiW2ap2P/310x430/1772134026.webp?s=e4141fdb881c8ae297acae7f6a27b8e6bc6486ea,3,4
Prada Solaire,194.95,Prada,0,https://www.vinted.it/items/8268403977-prada-solaire?referrer=catalog,12,8268403977,Sold,27/02/2026 14:52:00,,https://images1.vinted.net/t/06_00738_MXKDAyhJTNRKQjkpAg6eyuET/310x430/1772133970.webp?s=2e71368db7d0970a04d486752b1b9d5b9096d0fe,3,4
Agatha Ruiz de la Prada llavero Love colores / Agatha Ruiz de la Prada Keychain Love,10.14,Agatha Ruiz de la Prada,0,https://www.vinted.it/items/8268402175-agatha-ruiz-de-la-prada-llavero-love-colores-agatha-ruiz-de-la-prada-keychain-love?referrer=catalog,0,8268402175,Sold,27/02/2026 14:52:00,,https://images1.vinted.net/t/06_01ed0_5RWhqBEdkxfa2DmmBzT5QX1J/310x430/1772133955.webp?s=9b17eb839fc9e963d69162eec408bcc70995b146,3,4
Occhiali da sole tartarugati Prada,294.7,Prada,0,https://www.vinted.it/items/8268400677-occhiali-da-sole-tartarugati-prada?referrer=catalog,1,8268400677,Sold,27/02/2026 14:52:00,,https://images1.vinted.net/t/05_00b1e_RLKe4fXtDLEeyoocsYPA1ZKX/310x430/1772133944.webp?s=231f13d8d5267b63a905c1dfb3bbfdca55ef7857,3,4
Prada Boots – ungetragen,473.2,Prada,38,https://www.vinted.it/items/8268392164-prada-boots-ungetragen?referrer=catalog,0,8268392164,Sold,27/02/2026 14:52:00,,https://images1.vinted.net/t/05_02690_QE1CMoMoqTJv2z3iwQaDbRBb/310x430/1772133874.webp?s=05208eb41ff4c9e5305480fceb7a5f619785840d,3,4
Prada Montecarlo Re-Edition Brown,816.0,Prada,40,https://www.vinted.it/items/8268367030-prada-montecarlo-re-edition-brown?referrer=catalog,5,8268367030,Sold,27/02/2026 14:52:00,,https://images1.vinted.net/t/05_00e35_jMK6gMj7NrReTnrj6prMyGs2/310x430/1772133665.webp?s=d9775e5a18840d79c019b0583b546f99c1ab2a27,3,4
Occhiali da sole Prada nuovi,158.2,Prada,0,https://www.vinted.it/items/8268349042-occhiali-da-sole-prada-nuovi?referrer=catalog,0,8268349042,Sold,27/02/2026 14:52:00,,https://images1.vinted.net/t/06_018a1_uTqaMw8zKLVeYj2hacQzqPPC/310x430/1772133519.webp?s=aa839fc0c65ad824c763a73e3b31269c6b517da0,3,4
Bañador niña agatha Ruiz,31.15,Agatha Ruiz de la Prada,4 anni / 104 cm,https://www.vinted.it/items/8268329300-banador-nina-agatha-ruiz?referrer=catalog,42,8268329300,Sold,27/02/2026 14:52:00,,https://images1.vinted.net/t/06_01d88_cbn7auZGVGuSLS7PjNsN3poD/310x430/1772133354.webp?s=1919b98553a90716e63cd7da4a27f8e65f892eaf,3,4
Camiseta Agatha Ruiz de la Prada,11.15,Agatha Ruiz de la Prada,3 anni / 98 cm,https://www.vinted.it/items/8268322537-camiseta-agatha-ruiz-de-la-prada?referrer=catalog,0,8268322537,Sold,27/02/2026 14:52:00,,https://images1.vinted.net/t/04_01300_sNPBgWuRkboudQdXmK62sEcD/310x430/1772133297.webp?s=920dd4d7c8dffda147aa59a205083857c9daed22,3,4
Prada Cup,200.2,Prada,37,https://www.vinted.it/items/8268298127-prada-cup?referrer=catalog,3,8268298127,Sold,27/02/2026 14:52:00,,https://images1.vinted.net/t/04_00dac_9JJWwdUttRrvW6PMfST7Umhz/310x430/1772133882.webp?s=654d8aee30425112a814ac9750b51186e564ca44,3,4
Prada parfum 90ML,84.7,Prada,0,https://www.vinted.it/items/8268294108-prada-parfum-90ml?referrer=catalog,2,8268294108,Sold,27/02/2026 14:52:00,,https://images1.vinted.net/t/05_01d23_RuJmZC5LYGCkFUqxXRy5UAgA/310x430/1772133061.webp?s=cb9d22c2ae615393c18caae9be6380494bfffc2a,3,4
Prada Paradigme Eau de Parfum 100 ml,126.7,Prada,0,https://www.vinted.it/items/8239144566-prada-paradigme-eau-de-parfum-100-ml?referrer=catalog,0,8239144566,Sold,27/02/2026 14:52:00,,https://images1.vinted.net/t/06_000bd_ruiokF3F9UDRoASrYkBPHcRi/310x430/1771787095.webp?s=996384a4df001aebc828ce82efc1f34a6ab3ddc5,3,4
Prada Sonnenbrille,189.7,Prada,0,https://www.vinted.it/items/8268250326-prada-sonnenbrille?referrer=catalog,0,8268250326,Sold,27/02/2026 14:52:00,,https://images1.vinted.net/t/04_01b34_NcaC7cev6fiaPBgQtTieh2y7/310x430/1772132697.webp?s=42591687069c251d26f38bf0a6a72fc30711844c,3,4
Camiseta Prada,18.55,Prada,M / IT 42 / EU 38,https://www.vinted.it/items/8268207500-camiseta-prada?referrer=catalog,11,8268207500,Sold,27/02/2026 14:52:00,,https://images1.vinted.net/t/05_00766_iL2ZRNJ39PLjfzYbn9tU9GEy/310x430/1772132346.webp?s=773314a2208424114e5dc5b41db507b329a329e3,3,4
Beauty case paradigma prada,42.7,Prada,0,https://www.vinted.it/items/8268192521-beauty-case-paradigma-prada?referrer=catalog,0,8268192521,Sold,27/02/2026 14:52:00,,https://images1.vinted.net/t/01_00866_rTHtikLYtn8Q5NRvHdYTkRB3/310x430/1772132225.webp?s=e0af02ab91513b389bb28ba8ebedd648116f240e,3,4
Casquette prada,473.2,Prada,S,https://www.vinted.it/items/8268179196-casquette-prada?referrer=catalog,1,8268179196,Sold,27/02/2026 14:52:00,,https://images1.vinted.net/t/06_010e3_Bj4Fpy2ScjZxZsihBWLMvixV/310x430/1772132118.webp?s=cb7bc1e3c56787111a21c684f198cd602bc9eb0f,3,4
Beauty case Prada paradoxe,42.7,Prada,0,https://www.vinted.it/items/8268169833-beauty-case-prada-paradoxe?referrer=catalog,1,8268169833,Sold,27/02/2026 14:52:00,,https://images1.vinted.net/t/01_001a7_4yJ3bymGDLWeoDjCJwnnP9Bh/310x430/1772132042.webp?s=2006e7dd5bf5934c4116874b0599489f4e0cfa5f,3,4
Carteira tira colo,137.2,Prada,0,https://www.vinted.it/items/8268161627-carteira-tira-colo?referrer=catalog,1,8268161627,Sold,27/02/2026 14:52:00,,https://images1.vinted.net/t/06_0213e_VTJhidNM3TuKaKE6deVmMkza/310x430/1772131979.webp?s=7c196362fd00d1a7cf6278d89f852aa72deb8a69,3,4
Vestito Prada,210.7,Prada,XXS / IT 36 / EU 32,https://www.vinted.it/items/8268055045-vestito-prada?referrer=catalog,7,8268055045,Sold,27/02/2026 14:52:00,,https://images1.vinted.net/t/06_00288_pGXqdfjgdYyi8f3TR1xRbxnA/310x430/1772131114.webp?s=6da134d53f804058cea383d1d303ac1bfa6a37b5,3,4
Sneakers Prada Cup - [1.1] - Taille 44,121.45,Prada,44,https://www.vinted.it/items/8268022853-sneakers-prada-cup-11-taille-44?referrer=catalog,5,8268022853,Sold,27/02/2026 14:52:00,,https://images1.vinted.net/t/06_00ae7_1GA4hwtYyxJ3LDrbLhK9zZkx/310x430/1772130851.webp?s=24aee14e9da791127c04ce4b5b21efecc3e0d6c7,3,4
Lunettes Prada femme,42.7,Prada,0,https://www.vinted.it/items/8238748671-lunettes-prada-femme?referrer=catalog,22,8238748671,Sold,27/02/2026 14:52:00,,https://images1.vinted.net/t/06_01691_UH9BQATnYh7e6C8BUbBFX6HZ/310x430/1771784644.webp?s=e4260fc7d504cfa394b84dcaf837061980f2dffc,3,4
Parfum Prada Paradoxe 90ml,53.19,Prada,0,https://www.vinted.it/items/8267989115-parfum-prada-paradoxe-90ml?referrer=catalog,4,8267989115,Sold,27/02/2026 14:52:00,,https://images1.vinted.net/t/06_0021d_nowC9hsZyh5qpjLSUHEzhjnf/310x430/1772130578.webp?s=e4678bac17a02e35b6ddeb4de47b1743b7747446,3,4
Prada Infusion D’iris eau de Parfum 50ml,104.65,Prada,0,https://www.vinted.it/items/8267971020-prada-infusion-diris-eau-de-parfum-50ml?referrer=catalog,0,8267971020,Sold,27/02/2026 14:52:00,,https://images1.vinted.net/t/01_0258a_Y4o5bCFXUqmFM6RRPnr7C2Sz/310x430/1772130433.webp?s=feffa3118096f7a127ab070305c6799866e30afe,3,4
Maglia Prada,158.2,Prada,M,https://www.vinted.it/items/8266874113-maglia-prada?referrer=catalog,2,8266874113,Sold,27/02/2026 14:52:00,,https://images1.vinted.net/t/03_01d0c_iGku1HsiPkpWPXJ2WBgEHkB6/310x430/1772122305.webp?s=084a1915171f4617d42151c22441b3e985913e63,3,4
Vestito Prada,158.2,Prada,XS / IT 38 / EU 34,https://www.vinted.it/items/8267936317-vestito-prada?referrer=catalog,8,8267936317,Sold,27/02/2026 14:52:00,,https://images1.vinted.net/t/06_0033e_PjY8HUnfV9EfTaQmTTNyyYAP/310x430/1772130153.webp?s=62938b9591ef3652310e1c1ac4c675225f5e5c78,3,4
Prada Cravate noire raffinée,87.85,Prada,0,https://www.vinted.it/items/8267932827-prada-cravate-noire-raffinee?referrer=catalog,89,8267932827,Sold,27/02/2026 14:52:00,,https://images1.vinted.net/t/06_01dcb_R5bETNNbjeaChnStijC4jueo/310x430/1772130124.webp?s=91a25e28526759a2d747a783fa21131050c69e87,3,4
Prada Sonnenbrille,189.7,Prada,0,https://www.vinted.it/items/8267930086-prada-sonnenbrille?referrer=catalog,2,8267930086,Sold,27/02/2026 14:52:00,,https://images1.vinted.net/t/01_01ea5_Nfr8CqRJYwCDymuUMGPAJ94G/310x430/1772130103.webp?s=940c7ba9b084d77d88446c0e81626534b2e1f573,3,4
Neu prada Tasche mit Box,315.69,Prada,0,https://www.vinted.it/items/8238704959-neu-prada-tasche-mit-box?referrer=catalog,6,8238704959,Sold,27/02/2026 14:52:00,,https://images1.vinted.net/t/06_00717_dvgFUyAxWAKgrsUdqMndjtvE/310x430/1771784386.webp?s=d31fb0912580c868f3ab4d978241cf76eb2483a2,3,4
prada boot,663.0,Prada,42,https://www.vinted.it/items/8267889336-prada-boot?referrer=catalog,10,8267889336,Sold,27/02/2026 14:52:00,,https://images1.vinted.net/t/06_01e7a_m1cDKPHo3ELbzCGEUgempjZ1/310x430/1772129772.webp?s=61dd10624a285c9c860fc6782beba9e38c0a3970,3,4
Prada Luna Rossa Eau de Toilette Spray 50ml,68.95,Prada,0,https://www.vinted.it/items/8267832030-prada-luna-rossa-eau-de-toilette-spray-50ml-neu-und-original?referrer=catalog,1,8267832030,Sold,27/02/2026 14:52:00,,https://images1.vinted.net/t/06_01da9_65VEw91ptBuU2iM8G6uBDxV4/310x430/1772129313.webp?s=ec7bf1c87f56f273b471305f31d17f188f05afbb,3,4
Fake prada jake,21.7,Elegant,XL,https://www.vinted.it/items/8267829817-fake-prada-jake?referrer=catalog,0,8267829817,Sold,27/02/2026 14:52:00,,https://images1.vinted.net/t/01_007d6_JJqnfsZqsfXFiNTivaA8t3Xx/310x430/1772129296.webp?s=0abefd439c0b8da0f879b941ca36668aa95a8004,3,4
Jacket Prada,1.938,Prada,S / IT 40 / EU 36,https://www.vinted.it/items/8267827437-jacket-prada?referrer=catalog,0,8267827437,Sold,27/02/2026 14:52:00,,https://images1.vinted.net/t/01_012f7_WZ25SEo5844gxHRbAgRbRLjD/310x430/1772129277.webp?s=2a344abb2be5ae35fac17b4d909d87954e9127f3,3,4
Portafoglio Prada per Banca IMI Pelle Nera con Scatola,121.45,Prada,0,https://www.vinted.it/items/8267818754-portafoglio-prada-per-banca-imi-pelle-nera-con-scatola?referrer=catalog,2,8267818754,Sold,27/02/2026 14:52:00,,https://images1.vinted.net/t/05_0099d_1sbz3GfrXLtQGvAHvUmMEzpM/310x430/1772129208.webp?s=041f67ee47eaf428a8b18002de47d87fee4f286a,3,4
Puffer Jacket Prada,1.938,Prada,S / IT 40 / EU 36,https://www.vinted.it/items/8267817891-puffer-jacket-prada?referrer=catalog,0,8267817891,Sold,27/02/2026 14:52:00,,https://images1.vinted.net/t/05_00127_pBhsnEahknctM3baUBGGJKG5/310x430/1772129201.webp?s=3c80644266c52ac1aaef4e583e55e6894a1a1508,3,4
prada boot,612.0,Prada,42,https://www.vinted.it/items/8267796410-prada-boot?referrer=catalog,2,8267796410,Sold,27/02/2026 14:52:00,,https://images1.vinted.net/t/05_0078e_XxbcmpLNYeNTfmZqAk4zLfdh/310x430/1772129033.webp?s=1146390559f9e6e939189b75ac6057da9c3a80fe,3,4
Prada Tote Bag,63.7,Prada,0,https://www.vinted.it/items/8267788583-prada-tote-bag?referrer=catalog,11,8267788583,Sold,27/02/2026 14:52:00,,https://images1.vinted.net/t/06_015ed_cRSFDbPBrjiZwySqdnh6d4xZ/310x430/1772128970.webp?s=626982d412faf5300665943ce07fb7b92ecae70c,3,4
parfum prada,21.7,Prada,0,https://www.vinted.it/items/8267778044-parfum-prada?referrer=catalog,0,8267778044,Sold,27/02/2026 14:52:00,,https://images1.vinted.net/t/01_0134b_YEWtMPBiimMbd6Qw5QYbMWLK/310x430/1772128888.webp?s=22ee685eedd974c1ad923fbc8916e8de1161154e,3,4
Prada cups size 43,51.1,Sonstiges,43,https://www.vinted.it/items/8267774989-prada-cups-size-43?referrer=catalog,7,8267774989,Sold,27/02/2026 14:52:00,,https://images1.vinted.net/t/06_00573_xfJmN8RijXbhUDtEPRdMrPyf/310x430/1772128865.webp?s=c9dc6afa8a83324d5e27891a0c7c6e91b4354fdc,3,4
Prada Dimensions eyeshadow Palette 07,58.45,Prada,0,https://www.vinted.it/items/8279784781-prada-dimensions-eyeshadow-palette-07?referrer=catalog,3,8279784781,On Sale,28/02/2026 23:07:07,,https://images1.vinted.net/t/06_01e66_J3TMLYJoshxy5aAtvtAyNJhc/310x430/1772284578.webp?s=09f2b5807e1765885536d1b06c9aaac2cb7f37cc,3,4
Prada Luna Rossa Black EDP 100ml (BATCH 2020),68.95,Prada,0,https://www.vinted.it/items/8279766384-prada-luna-rossa-black-edp-100ml-batch-2020?referrer=catalog,2,8279766384,On Sale,28/02/2026 23:07:07,,https://images1.vinted.net/t/06_00def_wTArQ5L6BaFK9R8ebvBL7UU2/310x430/1772284477.webp?s=569a4a9e0305f5b7094f01a700a5982c33afce51,3,4
Prada Paradoxe Intense 50ml Eau de Parfum,47.95,Prada,0,https://www.vinted.it/items/8279728048-prada-paradoxe-intense-50ml-eau-de-parfum?referrer=catalog,3,8279728048,On Sale,28/02/2026 23:07:07,,https://images1.vinted.net/t/05_0200b_x8ymSxSY8toMD9F1opvrPmAx/310x430/1772284267.webp?s=edd0ef2e03306db5cfdd06543d2bb88939c10c5a,3,4
Banane Prada neuve,735.7,Prada,0,https://www.vinted.it/items/8279595240-banane-prada-neuve?referrer=catalog,0,8279595240,On Sale,28/02/2026 23:07:07,,https://images1.vinted.net/t/06_0121c_jWFCSV7jywkHEytrkVV21cGk/310x430/1772283529.webp?s=eb9da146d6f8db4f08149e042615be470d9f5001,3,4
Chaussure Prada Cup noir et argent taille 45 EU,714.7,Prada,45,https://www.vinted.it/items/8279638455-chaussure-prada-cup-noir-et-argent-taille-45-eu?referrer=catalog,1,8279638455,On Sale,28/02/2026 23:07:07,,https://images1.vinted.net/t/06_01c9c_y7SvVdmJLpURr2SA93jjG6sD/310x430/1772283769.webp?s=cb344c5f5fc7eb9b42cd8b45a1d1f504e92e7e8d,3,4
Chaussures prada,63.7,Nike,38,https://www.vinted.it/items/8279625332-chaussures-prada?referrer=catalog,35,8279625332,On Sale,28/02/2026 23:07:07,,https://images1.vinted.net/t/01_021a0_TZNWcjZAv3tXktsqecSnqqTB/310x430/1772283697.webp?s=ba668147e4630a0d9347e9e2dbb6d4f803564481,3,4
Cintura Prada,263.2,Prada,100 cm,https://www.vinted.it/items/8279604603-cintura-prada?referrer=catalog,2,8279604603,On Sale,28/02/2026 23:07:07,,https://images1.vinted.net/t/05_009ed_ZRgAhDkJnsuFDjm84bbS34z4/310x430/1772283581.webp?s=3d0821c79e4980c0330692b5114492e6de0f1823,3,4
Prada Card Holder,79.45,Prada,0,https://www.vinted.it/items/8279597143-prada-card-holder?referrer=catalog,3,8279597143,On Sale,28/02/2026 23:07:07,,https://images1.vinted.net/t/06_0225d_NjEXfk4EWq6VwdPYwdKkcGev/310x430/1772283539.webp?s=9c75bfe5e2a47e19e1c506478ac52999beb305dd,3,4
borsetta stile PRADA,26.95,No brand,0,https://www.vinted.it/items/8279537792-borsetta-stile-prada?referrer=catalog,15,8279537792,On Sale,28/02/2026 23:07:07,,https://images1.vinted.net/t/05_01525_EmPg9enXsc8Q3Gdqq7N5k6ps/310x430/1772283207.webp?s=b935ee8d62faeed4604e485b4ed0cf7e6e602bc7,3,4
Occhiali da sole,87.85,Prada,0,https://www.vinted.it/items/8276634083-occhiali-da-sole?referrer=catalog,1,8276634083,On Sale,28/02/2026 23:07:07,,https://images1.vinted.net/t/06_0011b_V5duMrEg3QqGsoy2vFkw4qyN/310x430/1772257548.webp?s=a9baaefbbd86c0929cf0e74d0d7cd147f745b845,3,4
Profumo Prada,42.7,Prada,0,https://www.vinted.it/items/8250771952-profumo-prada?referrer=catalog,0,8250771952,Sold,28/02/2026 23:07:07,,https://images1.vinted.net/t/05_02124_UbGy41vJvpiWaLTS824ZSytc/310x430/1771936832.webp?s=7ec48d1589c9912b94cff4fae44ceac679813689,3,4
Prada Heels Suède Brown,310.45,Prada,36,https://www.vinted.it/items/8279496007-prada-heels-suede-brown?referrer=catalog,1,8279496007,On Sale,28/02/2026 23:07:07,,https://images1.vinted.net/t/05_012d6_bywUTqbbEc5sUjUTXqv5XNea/310x430/1772282972.webp?s=9e1f3f675cff83fdfe56019f6d3759d29c33dd44,3,4
Lunette soleil Prada,263.2,Prada,0,https://www.vinted.it/items/8279469019-lunette-soleil-prada?referrer=catalog,0,8279469019,On Sale,28/02/2026 23:07:07,,https://images1.vinted.net/t/03_009e7_3v3fzNQ9iRBkSxFz15VbLeSB/310x430/1772282818.webp?s=c60a1d571670b782a1e7f51ba16765a020109242,3,4
Prada pollover,42.7,Prada,XS / IT 38 / EU 34,https://www.vinted.it/items/8279464518-prada-pollover?referrer=catalog,0,8279464518,On Sale,28/02/2026 23:07:07,,https://images1.vinted.net/t/01_0146d_9EwrebDAb6K2xysS1XsKBkCY/310x430/1772282792.webp?s=429cd51490141c8a2af6a5d928e27c71cc24dd03,3,4
Prada Gesichtspflege,76.3,Prada,0,https://www.vinted.it/items/8279430425-prada-gesichtspflege?referrer=catalog,0,8279430425,On Sale,28/02/2026 23:07:07,,https://images1.vinted.net/t/04_023dd_8A7P23MnFAYc6wpDuD8hbw8i/310x430/1772282598.webp?s=ce6b7571edd90dc62de643a7a21819ddde7f12f9,3,4
Prada paradoxe intense,40.6,Prada,0,https://www.vinted.it/items/8279402689-prada-paradoxe-intense?referrer=catalog,15,8279402689,Sold,28/02/2026 23:07:07,,https://images1.vinted.net/t/05_02506_oFEB4GPKMH1cCS3YUnqePPhL/310x430/1772282440.webp?s=c0b0969c8d3f828a30e342da8a26c759bfad061c,3,4
Prada completo nuovo,315.7,Prada,M,https://www.vinted.it/items/8279401179-prada-completo-nuovo?referrer=catalog,8,8279401179,On Sale,28/02/2026 23:07:07,,https://images1.vinted.net/t/06_00095_26YT9qbSW65n8Hx8hGPEpVgQ/310x430/1772282431.webp?s=6108acbd83637cc0ccb7f43a374ad0cbe9219c0d,3,4
Portapassaporto PRADA Nero (pelle Saffiano),263.2,Prada,0,https://www.vinted.it/items/8279400905-portapassaporto-prada-nero-pelle-saffiano?referrer=catalog,7,8279400905,On Sale,28/02/2026 23:07:07,,https://images1.vinted.net/t/06_014b1_R5dW727mMynNBG9kC4agDBz4/310x430/1772301977.webp?s=b71fc43283e749827fcf4381233084e4cf92b7bd,3,4
Prada Sonnenbrille PR 20YS,263.2,Prada,0,https://www.vinted.it/items/8279391063-prada-sonnenbrille-pr-20ys?referrer=catalog,1,8279391063,On Sale,28/02/2026 23:07:07,,https://images1.vinted.net/t/05_02309_PZtyggwEk1AkHiee48rqZTfi/310x430/1772282374.webp?s=8237cc49b19fef0b3e9403873dd224dcf1dd2859,3,4
Monedero Agatha Ruiz de la Prada corazón,8.58,Agatha,0,https://www.vinted.it/items/8279383036-monedero-agatha-ruiz-de-la-prada-corazon?referrer=catalog,30,8279383036,On Sale,28/02/2026 23:07:07,,https://images1.vinted.net/t/01_00f9f_4MmguwwB6KkExgTpGNio6UPn/310x430/1772282328.webp?s=113f5503e5cdd4214a20908f3db3f9c67ea9ad83,3,4
Prada havana & pink sunglasses,84.7,Prada,0,https://www.vinted.it/items/8279374647-prada-havana-pink-sunglasses?referrer=catalog,7,8279374647,On Sale,28/02/2026 23:07:07,,https://images1.vinted.net/t/06_00903_S8Tadj9h7StqA4rfDxFQYkPs/310x430/1772282279.webp?s=2a47715138c9929e0ccd003418f2bf5827e3398b,3,4
Guanti di Prada,42.7,Prada,7,https://www.vinted.it/items/8279338582-guanti-di-prada?referrer=catalog,2,8279338582,On Sale,28/02/2026 23:07:07,,https://images1.vinted.net/t/01_00650_aU4b9sNMtapipdK5TpJNgXzF/310x430/1772282074.webp?s=0518df9a6d310e4860926385efb2d306a3cc8ea5,3,4
Tee-shirts prada,16.45,Je ne sais quoi,M,https://www.vinted.it/items/8279327259-tee-shirts-prada?referrer=catalog,4,8279327259,On Sale,28/02/2026 23:07:07,,https://images1.vinted.net/t/05_002ff_KZpXAkYkdBGsgXBjTEVHAQd2/310x430/1772282008.webp?s=fb95071681bb9b4c678353efa65e3d3882d11e26,3,4
Sandales prada,1.0507,Prada,38,https://www.vinted.it/items/8279319185-sandales-prada?referrer=catalog,0,8279319185,On Sale,28/02/2026 23:07:07,,https://images1.vinted.net/t/06_01a2b_49u8RPZpMak7vARuYun2BC7H/310x430/1772281961.webp?s=798495c85cf7afb0e96ae0829ebcf694bc4c347e,3,4
Prada america”s cup maat 43,105.7,Prada,43,https://www.vinted.it/items/8279314291-prada-americas-cup-maat-43?referrer=catalog,3,8279314291,On Sale,28/02/2026 23:07:07,,https://images1.vinted.net/t/05_011d3_KksNyj7cXuQMa6yQv3M5mAj8/310x430/1772281932.webp?s=7d78f44735883ce59b5bcdb6a83ae605295e9aa0,3,4
Prada Cups Schwarz,137.2,Prada,43,https://www.vinted.it/items/8279303582-prada-cups-schwarz?referrer=catalog,5,8279303582,On Sale,28/02/2026 23:07:07,,https://images1.vinted.net/t/06_00b54_nBj89cXPYWWCDUxvhUz377xo/310x430/1772281869.webp?s=912a80ccb56726178c523be1adde3ca1e1471f1d,3,4
Portapassaporto PRADA Bordeaux (pelle Saffiano),263.2,Prada,0,https://www.vinted.it/items/8279302479-portapassaporto-prada-bordeaux-pelle-saffiano?referrer=catalog,3,8279302479,On Sale,28/02/2026 23:07:07,,https://images1.vinted.net/t/01_006b4_jiLzrvdwMwdwALHundgVMhVx/310x430/1772281863.webp?s=5049f8a284b3a067801abf2a80a3b54c46b19cc6,3,4
Parfum paradoxe intense prada en 50 ml,84.7,Prada,0,https://www.vinted.it/items/8279291027-parfum-paradoxe-intense-prada-en-50-ml?referrer=catalog,0,8279291027,On Sale,28/02/2026 23:07:07,,https://images1.vinted.net/t/05_0055f_qfZ6kpKHtGRgcFiU3jxubSQP/310x430/1772281796.webp?s=aa29d2826e5e6225f44d135b78431d8f18a37d69,3,4
Bolso aghatha Ruiz de la prada,39.55,Agatha Ruiz de la Prada,0,https://www.vinted.it/items/8279286487-bolso-aghatha-ruiz-de-la-prada?referrer=catalog,2,8279286487,On Sale,28/02/2026 23:07:07,,https://images1.vinted.net/t/05_022c5_B4WkCPsrwYReMyFSCFuECSC4/310x430/1772281770.webp?s=279e67eca8ff1d9da5b9a28193c65860ac66ca2f,3,4
Libros,19.6,No brand,0,https://www.vinted.it/items/8279272731-libros?referrer=catalog,0,8279272731,On Sale,28/02/2026 23:07:07,,https://images1.vinted.net/t/04_004bf_kwpj3GpbvQB4m5edXenni12w/310x430/1772281690.webp?s=7630ddc860daf7cf217e3cdfb50286c573432a93,3,4
Mochila aghatha Ruiz de la prada,39.55,Agatha Ruiz de la Prada,0,https://www.vinted.it/items/8279270102-mochila-aghatha-ruiz-de-la-prada?referrer=catalog,0,8279270102,On Sale,28/02/2026 23:07:07,,https://images1.vinted.net/t/01_00e1d_xR6KtwBaM4Q4htJ9QtB6f1jf/310x430/1772281675.webp?s=92a3efa59d4fec33dbe996f2168e82f63f90bf52,3,4
Prada Sonnenbrille,158.2,Prada,0,https://www.vinted.it/items/8279256522-prada-sonnenbrille?referrer=catalog,2,8279256522,On Sale,28/02/2026 23:07:07,,https://images1.vinted.net/t/06_00cef_zkch6wRxPdz2xoyoGtHrCvGF/310x430/1772281597.webp?s=7449ae696f7a7509f516e03f235a3310c7578261,3,4
Cravate noire pour homme Prada,94.15,Prada,0,https://www.vinted.it/items/8279243518-cravate-noire-pour-homme-prada?referrer=catalog,4,8279243518,On Sale,28/02/2026 23:07:07,,https://images1.vinted.net/t/05_026b7_xaRdc6gLHdQwddCqi2QmQy31/310x430/1772281520.webp?s=8215d3cef7117f63a30ebc412defc78e599e7c8a,3,4
Bolso aghatha Ruiz de la prada,39.55,Agatha Ruiz de la Prada,0,https://www.vinted.it/items/8279238386-bolso-aghatha-ruiz-de-la-prada?referrer=catalog,1,8279238386,On Sale,28/02/2026 23:07:07,,https://images1.vinted.net/t/06_01122_AWpC3maYWkFJopy2dzCTBxEw/310x430/1772281490.webp?s=3f4f271991e22c1c14440367b14a3d9bc0f1a3cc,3,4
Parfum prada Carbone homme 100 ml,74.2,Prada,0,https://www.vinted.it/items/8279238670-parfum-prada-carbone-homme-100-ml?referrer=catalog,2,8279238670,On Sale,28/02/2026 23:07:07,,https://images1.vinted.net/t/05_00d17_Pot6aViVNZCsdRTwUxfZwiAr/310x430/1772281492.webp?s=7e0ec251d8a982c91a8a6e718dfd04a652f934d5,3,4
Robe neuve,21.7,Agatha Ruiz de la Prada,L / IT 44 / EU 40,https://www.vinted.it/items/8279234255-robe-neuve?referrer=catalog,3,8279234255,On Sale,28/02/2026 23:07:07,,https://images1.vinted.net/t/04_00bd0_THuaDZk1cu4C4qSo17GnNWwc/310x430/1772281466.webp?s=ddcc3435cf158a32f18755c15221dd46abb905cf,3,4
Bolso aghatha Ruiz de la prada,58.45,Agatha Ruiz de la Prada,0,https://www.vinted.it/items/8279218499-bolso-aghatha-ruiz-de-la-prada?referrer=catalog,1,8279218499,On Sale,28/02/2026 23:07:07,,https://images1.vinted.net/t/06_021db_2JLb8vQWfNtty9R2STGf5RAD/310x430/1772281376.webp?s=544b11a7c4ad06e717753f4883b0da3f18d6a695,3,4
Prada cup Cobalt Blue/Silver (44),105.7,Prada,44,https://www.vinted.it/items/8279219326-prada-cup-cobalt-bluesilver-44?referrer=catalog,1,8279219326,On Sale,28/02/2026 23:07:07,,https://images1.vinted.net/t/05_0028d_dXs9m5QC7rGGEq4QQr7AHwSB/310x430/1772281380.webp?s=030d4cf40100e2acfc446adbaeacbd03a855174d,3,4
Mochila aghatha Ruiz de la prada,58.45,Agatha Ruiz de la Prada,0,https://www.vinted.it/items/8279175783-mochila-aghatha-ruiz-de-la-prada?referrer=catalog,0,8279175783,On Sale,28/02/2026 23:07:07,,https://images1.vinted.net/t/06_0189f_HgNB48DhMzcSuJGzR1YMkbD4/310x430/1772281129.webp?s=3beeedf7ce6236ab74d1f94e06ab3891bd67f184,3,4
Prada jacke Comic 2017,189.7,Prada,M / IT 42 / EU 38,https://www.vinted.it/items/8279155574-prada-jacke-comic-2017?referrer=catalog,13,8279155574,On Sale,28/02/2026 23:07:07,,https://images1.vinted.net/t/05_0087e_GijGnMcxkrDMbbvcDLtbTsoy/310x430/1772281012.webp?s=6511984cf9d9f75efab62d3b25292f8a2e0c3221,3,4
Rouge a lèvre PRADA,24.85,Prada,0,https://www.vinted.it/items/8279155108-rouge-a-levre-prada?referrer=catalog,11,8279155108,On Sale,28/02/2026 23:07:07,,https://images1.vinted.net/t/01_0209d_JLTX4CkthDPKCAacgY7oW2AG/310x430/1772281009.webp?s=7fdf2c4f64e532d14a8b8173f6796a67c2855a63,3,4
Prada mega tolle Tasche,1.0507,Prada,0,https://www.vinted.it/items/8279152669-prada-mega-tolle-tasche-neu?referrer=catalog,3,8279152669,On Sale,28/02/2026 23:07:07,,https://images1.vinted.net/t/05_00123_PiwpStyLYGafnXZtckuvQPmb/310x430/1772280995.webp?s=8267e6293d4b04b2da9703341f95d36b03ca66d9,3,4
Veste Prada violette,341.95,Prada,XL,https://www.vinted.it/items/8279152518-veste-prada-violette?referrer=catalog,2,8279152518,On Sale,28/02/2026 23:07:07,,https://images1.vinted.net/t/05_00945_PHYcwPZcWFDDDLikW2hvDMHB/310x430/1772280994.webp?s=425766e662743e311f3c5ea8ab6e7eaa6585af91,3,4
Lunette de soleil,126.7,Prada,0,https://www.vinted.it/items/8279140290-lunette-de-soleil?referrer=catalog,2,8279140290,On Sale,28/02/2026 23:07:07,,https://images1.vinted.net/t/06_014b5_fmKRQ59MzpGdSHFTD1qyRzGC/310x430/1772280922.webp?s=931a4b86dfb80592b433695c56d4f4620c6f6bd6,3,4
Lunette linea rossa prada noir,32.2,Kiabi,0,https://www.vinted.it/items/8279137661-lunette-linea-rossa-prada-noir?referrer=catalog,3,8279137661,On Sale,28/02/2026 23:07:07,,https://images1.vinted.net/t/05_01d53_JXmGNYTU1RN9ugLnmy9kYsos/310x430/1772280907.webp?s=3020f9161056ddab71ea2074ea3239924bd68c36,3,4
Bolso Prada,725.2,Prada,0,https://www.vinted.it/items/8279130351-bolso-prada?referrer=catalog,2,8279130351,On Sale,28/02/2026 23:07:07,,https://images1.vinted.net/t/06_00471_gCLJfxfh9RnJ6DhuLe5ZBZsK/310x430/1772280865.webp?s=aca4ee29e51c1a9ad9317f772c8a3db5cbd2781d,3,4
Prada cups,105.7,Prada,44,https://www.vinted.it/items/8279064409-prada-cups?referrer=catalog,1,8279064409,On Sale,28/02/2026 23:07:07,,https://images1.vinted.net/t/05_00a9d_C8PYAJEW4WL6tzruMmx694Hw/310x430/1772280478.webp?s=d9c9b13f835042f8b7039801397afaceb574df80,3,4
Pantalon Agatha Ruiz de la Prada T40,13.3,Agatha Ruiz de la Prada,L / IT 44 / EU 40,https://www.vinted.it/items/8279031036-pantalon-agatha-ruiz-de-la-prada-t40?referrer=catalog,3,8279031036,On Sale,28/02/2026 23:07:07,,https://images1.vinted.net/t/01_006df_tU9AphqZniinJbC5Nz3NEGFu/310x430/1772295196.webp?s=c2c89fa0985ee0d704d9b8e075b149622d737dc2,3,4
Miniatura Prada Ocean Luna Rossa,13.3,Prada,0,https://www.vinted.it/items/8279030977-miniatura-prada-ocean-luna-rossa?referrer=catalog,4,8279030977,On Sale,28/02/2026 23:07:07,,https://images1.vinted.net/t/06_01a2d_FkiKg1NKRmV3EKfVgM98DEBD/310x430/1772280283.webp?s=4bb3a8942c78e1710a9d4ced868c0981f5d88740,3,4
Paraguas plegable automático Agatha Ruiz de la Prada estrella,12.25,Agatha,0,https://www.vinted.it/items/8279024208-paraguas-plegable-automatico-agatha-ruiz-de-la-prada-estrella?referrer=catalog,1,8279024208,On Sale,28/02/2026 23:07:07,,https://images1.vinted.net/t/06_00405_SoU2W3KrFLwAL5hE3iyB4QPP/310x430/1772280243.webp?s=187b5ef6a2ca2c03d8851785b81e93fc18ad8bab,3,4
Polacchine PRADA,116.2,Prada,42,https://www.vinted.it/items/8278999478-polacchine-prada?referrer=catalog,6,8278999478,On Sale,28/02/2026 23:07:07,,https://images1.vinted.net/t/03_015e9_HAEoKXSJeUykKqNXXnHWGBAy/310x430/1772280098.webp?s=bdfc3eb66a85579373a75bff9e90be1fca54f396,3,4
Cartera billetera mujer labios fucsia Agatha Ruiz de la Prada,14.25,Agatha,0,https://www.vinted.it/items/8278968102-cartera-billetera-mujer-labios-fucsia-agatha-ruiz-de-la-prada?referrer=catalog,5,8278968102,On Sale,28/02/2026 23:07:07,,https://images1.vinted.net/t/06_0255b_1F3K8PWcntnDSD9zQQTveqAS/310x430/1772279912.webp?s=08e148d7cc1db5b82350100fc204a90a8f8124ea,3,4
Prada edp Tainted Love Olfactories,147.7,Prada,0,https://www.vinted.it/items/8278950760-prada-edp-tainted-love-olfactories?referrer=catalog,1,8278950760,On Sale,28/02/2026 23:07:07,,https://images1.vinted.net/t/05_012b3_MmBCVksLfDrpUWjvoC1eWDm8/310x430/1772279810.webp?s=8693cf24decd13bd158025961073839e356123f2,3,4
Marta,10.14,Agatha Ruiz de la Prada,0,https://www.vinted.it/items/8278931142-marta-ruiz-de-la-prada-llavero-colores-love-agatha-ruiz-de-la-prada-keychain-love?referrer=catalog,2,8278931142,On Sale,28/02/2026 23:07:07,,https://images1.vinted.net/t/06_01f97_oJPwK2XRiEHaM8AH1sC6avbF/310x430/1772279693.webp?s=639a949c69ba0144cde9539cd72022706cc4d66c,3,4
Boite de lunettes prada,5.95,Prada,0,https://www.vinted.it/items/8278930352-boite-de-lunettes-prada?referrer=catalog,2,8278930352,On Sale,28/02/2026 23:07:07,,https://images1.vinted.net/t/06_01112_HHE77FzsPafn9ybsXoBY3GAY/310x430/1772279689.webp?s=5c6b4fa997293767b0de098795efe20c1872e25a,3,4
Gioco Prada,263.2,Prada,0,https://www.vinted.it/items/8278885143-gioco-prada?referrer=catalog,0,8278885143,On Sale,28/02/2026 23:07:07,,https://images1.vinted.net/t/01_015b1_XxxNZMQ4miAPfPuwsZ4TqRW2/310x430/1772279421.webp?s=cca030c3f6bc9ab97b75763b3b81c2ef6a43344e,3,4
Prada,116.2,Prada,41,https://www.vinted.it/items/8278879941-prada?referrer=catalog,8,8278879941,On Sale,28/02/2026 23:07:07,,https://images1.vinted.net/t/04_01b38_fGFN7M3dWZWjR1pptukmYQeS/310x430/1772279390.webp?s=4eee6a84551b3b63724a06d1748ffa462c4dfc6d,3,4
Occhiali PRADA,168.7,Prada,0,https://www.vinted.it/items/8278874190-occhiali-prada?referrer=catalog,0,8278874190,On Sale,28/02/2026 23:07:07,,https://images1.vinted.net/t/05_01615_E643tEe3wafYk5CVjUMyycw5/310x430/1772279356.webp?s=745491bf3f4e19714be3b59dc6f5cb1f9184b323,3,4
Prada paradoxe,42.7,Prada,0,https://www.vinted.it/items/8278389341-prada-paradoxe?referrer=catalog,0,8278389341,On Sale,28/02/2026 23:07:07,,https://images1.vinted.net/t/05_014cb_W2sFQss69okfBMHeFWpndgqq/310x430/1772276505.webp?s=f8d6368475d2d36f61bd8e98839d2925b23aa680,3,4
Prada python leather ankle boots (lace ups),210.7,Prada,38,https://www.vinted.it/items/8278859943-prada-python-leather-ankle-boots-lace-ups?referrer=catalog,9,8278859943,On Sale,28/02/2026 23:07:07,,https://images1.vinted.net/t/06_003d4_aKWQsRi324Bt85MiTWZ5bHfb/310x430/1772279272.webp?s=3067c339b7013c446c985d86b31930a16074711a,3,4
Prada Sunglasses PR C05S,266.88,Prada,0,https://www.vinted.it/items/8278830131-prada-sunglasses-pr-c05s?referrer=catalog,10,8278830131,On Sale,28/02/2026 23:07:07,,https://images1.vinted.net/t/06_00b3b_YVp3CtAQvwSVqEyDDUjca25U/310x430/1772279096.webp?s=28840289bf2739bb39195d334f6b32ff6eaf55ad,3,4
1 pijama Rei Leão,11.2,Diversas,XL / IT 46 / EU 42,https://www.vinted.it/items/8278829502-1-pijama-rei-leao-1-camisa-de-noite-stitch-e-um-vestido-agatha-ruiz-de-la-prada?referrer=catalog,0,8278829502,On Sale,28/02/2026 23:07:07,,https://images1.vinted.net/t/06_0169e_i2b6YLW98xE1oHdWQ4YW4Urb/310x430/1772279092.webp?s=8670016d9f67c52c5c941807005c8a16aa4f0299,3,4
Prada Sunglasses PR B06S,253.23,Prada,0,https://www.vinted.it/items/8278815930-prada-sunglasses-pr-b06s?referrer=catalog,6,8278815930,On Sale,28/02/2026 23:07:07,,https://images1.vinted.net/t/04_00f5c_hdueh5xqozgiRpM2ji6f5F9Q/310x430/1772279012.webp?s=bdb542feb0105a7983ebfe81b002735e75ce4b47,3,4
Tote bag tissu prada,84.7,Prada,0,https://www.vinted.it/items/8278747626-tote-bag-tissu-prada?referrer=catalog,2,8278747626,On Sale,28/02/2026 23:07:07,,https://images1.vinted.net/t/05_01da9_Z3FULiXiZ9mgMpdMa5oSkCkX/310x430/1772278605.webp?s=260ef1d90ecd8011426e4b329ad51a08a09f819a,3,4
Porta moedas laranja com fecho.,5.95,Agatha Ruiz de la Prada,0,https://www.vinted.it/items/8278746683-porta-moedas-laranja-com-fecho?referrer=catalog,0,8278746683,On Sale,28/02/2026 23:07:07,,https://images1.vinted.net/t/06_0072d_uix1ZqZpRZ1GuRHSXEv5nmBK/310x430/1772278599.webp?s=8ce884725c9d727c0271577da0650b9a9c7248e8,3,4
Prada Cargo de nuit 100mL,278.95,Prada,0,https://www.vinted.it/items/8278745287-prada-cargo-de-nuit-100ml?referrer=catalog,3,8278745287,On Sale,28/02/2026 23:07:07,,https://images1.vinted.net/t/01_01096_Vjk7qdg5UV5sXhd7s4ChU2QQ/310x430/1772278591.webp?s=bac802f9e5593f0e02b55ec5e7ef97581611ea33,3,4
Bailarina Prada.,420.7,Prada,36,https://www.vinted.it/items/8278740427-bailarina-prada?referrer=catalog,4,8278740427,On Sale,28/02/2026 23:07:07,,https://images1.vinted.net/t/06_017a4_gm6nN4rWdqjSwYkwu9HdMkRu/310x430/1772278562.webp?s=8738d22d4bf7e573852cca85a0210813504fe243,3,4
Prada Brille Retro,63.7,Prada,0,https://www.vinted.it/items/8278720293-prada-brille-retro?referrer=catalog,24,8278720293,On Sale,28/02/2026 23:07:07,,https://images1.vinted.net/t/06_01cf4_Zb7orBtXjTdUMvk8NzzASBfr/310x430/1772278443.webp?s=90793b70ac389df490b9dc0dd43244801195993c,3,4
Prada America’s Cup,189.7,Prada,43,https://www.vinted.it/items/8278702280-prada-americas-cup?referrer=catalog,1,8278702280,On Sale,28/02/2026 23:07:07,,https://images1.vinted.net/t/04_01117_c9mn7BRb4fydEF73ywb8f7Fz/310x430/1772278336.webp?s=9116f62973b3c3fd324330de32cc655f703d381f,3,4
Lote Dolce & Gabanna y Prada Paradox,21.7,Prada,0,https://www.vinted.it/items/8278699455-lote-dolce-gabanna-y-prada-paradox?referrer=catalog,1,8278699455,On Sale,28/02/2026 23:07:07,,https://images1.vinted.net/t/06_0183c_zBxENpfZsMDpVThoQGWiWm94/310x430/1772278319.webp?s=16f94c128963eef4faed69e4b37cd58cecff5d24,3,4
Miniature 7,11.2,Prada,0,https://www.vinted.it/items/8278685404-miniature-75ml-eau-de-parfum-prada-infusion-diris?referrer=catalog,5,8278685404,On Sale,28/02/2026 23:07:07,,https://images1.vinted.net/t/03_014e3_fjvFDZvThs4EhjJDRwTVagpW/310x430/1772278236.webp?s=1c7d829d636b1fe5037f8801cef042084254b4d9,3,4
Paradoxe : Virtual Flower - Prada,42.7,Prada,0,https://www.vinted.it/items/8278610085-paradoxe-virtual-flower-prada?referrer=catalog,1,8278610085,On Sale,28/02/2026 23:07:07,,https://images1.vinted.net/t/05_00f40_Qqh2psAvuWiuBVfJwetnPc9y/310x430/1772277794.webp?s=074a805803608873ecf9908268711438a9bb3caa,3,4
Eau de parfum Prada Candy 30 ml,56.35,Prada,0,https://www.vinted.it/items/8278606580-eau-de-parfum-prada-candy-30-ml?referrer=catalog,3,8278606580,On Sale,28/02/2026 23:07:07,,https://images1.vinted.net/t/05_01ba7_ZnjiKy7xqcXgKEg4Sm7z3vxx/310x430/1772277774.webp?s=5d914a3c0b67fe90dffb2dce3101a62c71c50dbe,3,4
Cappello tweed Prada,525.7,Prada,M,https://www.vinted.it/items/8278594268-cappello-tweed-prada?referrer=catalog,3,8278594268,On Sale,28/02/2026 23:07:07,,https://images1.vinted.net/t/05_0269c_JhocQLCxkCKCvY4wVUPtFZxf/310x430/1772277701.webp?s=a35458649fa9c846d4ab58c9b10df886bb90a009,3,4
Prada flowers soprammobile lattina e volantini,23.8,Prada,0,https://www.vinted.it/items/8278555925-prada-flowers-soprammobile-lattina-e-volantini?referrer=catalog,15,8278555925,On Sale,28/02/2026 23:07:07,,https://images1.vinted.net/t/01_00dc3_jVHo8foRv7uCyveppk5A5gao/310x430/1772277477.webp?s=fc35e48d324c3fb3c25a7cecf7b6aea0b237fe2d,3,4
Robe Agatha Ruiz 10 ans,16.45,Agatha Ruiz de la Prada,10 anni / 140 cm,https://www.vinted.it/items/8278548986-robe-agatha-ruiz-10-ans?referrer=catalog,5,8278548986,On Sale,28/02/2026 23:07:07,,https://images1.vinted.net/t/05_00dd9_WYG856LQXKe3szdYVqUuXPw5/310x430/1772277437.webp?s=5d9822dbc3241dadcb096d31704c8a3e56d6bdea,3,4
Robe Agatha Ruiz neuve,11.2,Agatha Ruiz de la Prada,10 anni / 140 cm,https://www.vinted.it/items/8274998435-robe-agatha-ruiz-neuve?referrer=catalog,6,8274998435,On Sale,28/02/2026 23:07:07,,https://images1.vinted.net/t/01_00c67_mGcKsrAw1DxhfNqJqC4QGWAP/310x430/1772277373.webp?s=f5f77cc8a990b46224a23920bc336ed2d8432551,3,4
occhiali da sole prada,315.7,Prada,0,https://www.vinted.it/items/8278527151-occhiali-da-sole-prada?referrer=catalog,0,8278527151,On Sale,28/02/2026 23:07:07,,https://images1.vinted.net/t/05_0061f_bGro9yHqA2MNm51WHsjCLymh/310x430/1772277308.webp?s=dcca6ec6318aef1cf122623796782540535b4a9b,3,4
Prada Charms/Anhänger,26.95,Prada,0,https://www.vinted.it/items/8278511386-prada-charmsanhanger?referrer=catalog,1,8278511386,On Sale,28/02/2026 23:07:07,,https://images1.vinted.net/t/05_00d14_an57zVPEAjzSZaT4Hj1pWE2i/310x430/1772277215.webp?s=0d9bd869388948726567b9553ff9977ec22b7244,3,4
prada,137.2,Prada,42,https://www.vinted.it/items/8278498386-prada?referrer=catalog,9,8278498386,On Sale,28/02/2026 23:07:07,,https://images1.vinted.net/t/01_00ec0_DZwBSNiuoxEMiMwvn8C5PKA3/310x430/1772277139.webp?s=2b2dfd5e2f5e4f60beab2ce2d86dd52f4279c6cb,3,4
Prada Beauty Notizbuch,26.95,Prada,0,https://www.vinted.it/items/8278493187-prada-beauty-notizbuch?referrer=catalog,0,8278493187,On Sale,28/02/2026 23:07:07,,https://images1.vinted.net/t/04_0102f_kxkczgYBDBeoxAgTYfDJipqP/310x430/1772277110.webp?s=7e1dca6b66a6cede75dd4740a61437cfda5b90d1,3,4
Occhiale da sole Prada,221.2,Prada,0,https://www.vinted.it/items/8278437384-occhiale-da-sole-prada?referrer=catalog,0,8278437384,On Sale,28/02/2026 23:07:07,,https://images1.vinted.net/t/01_0132f_LCErsqDQ5fFYUUvVf2jAe6Mv/310x430/1772276784.webp?s=153bb964a5f57b4774972243fc0568100dc90577,3,4
Mocassins Prada,473.2,Prada,42,https://www.vinted.it/items/8278402072-mocassins-prada?referrer=catalog,2,8278402072,On Sale,28/02/2026 23:07:07,,https://images1.vinted.net/t/06_004dc_m4EtZjTSXLiPPAYHf3rh5EYC/310x430/1772276579.webp?s=b8d2b4d904e0ae4064215decafdd6319a9ebc16b,3,4
Prada vaso in latta collezione Fall Winter 23,59.4,Prada,0,https://www.vinted.it/items/8278319942-prada-vaso-in-latta-collezione-fall-winter-23?referrer=catalog,1,8278319942,On Sale,28/02/2026 23:07:07,,https://images1.vinted.net/t/06_016b7_JS3AKapABckwsXZs4PgRRJwr/310x430/1772276095.webp?s=a27f21a82311e2a285eec435c9c9d05af8b15d26,3,4
Prada Sonnebrille,30.1,Prada,0,https://www.vinted.it/items/8278309345-prada-sonnebrille?referrer=catalog,35,8278309345,On Sale,28/02/2026 23:07:07,,https://images1.vinted.net/t/06_014d7_jh2fJNnBQJnHv6YjU9TJxP7B/310x430/1772276034.webp?s=16bd45e6a5761c05642c558d6269241fa2e4eeb2,3,4
Vestido Agatha Ruiz de la Prada,13.3,Agatha,6 anni / 116 cm,https://www.vinted.it/items/8278276675-vestido-agatha-ruiz-de-la-prada?referrer=catalog,11,8278276675,On Sale,28/02/2026 23:07:07,,https://images1.vinted.net/t/05_0069c_BXtyKv826N3CA67KyxHPj5FD/310x430/1772275841.webp?s=e5e6732cf04bb89285c4791f2c7b8ae05eba3c49,3,4
Prada cup bleu foncée ( dark blue ),121.45,Prada,38,https://www.vinted.it/items/8278229591-prada-cup-bleu-foncee-dark-blue?referrer=catalog,16,8278229591,On Sale,28/02/2026 23:07:07,,https://images1.vinted.net/t/01_025bd_1E1bStG7EHnnVVSFoFDyaF5d/310x430/1772275565.webp?s=cef8493ce11d2a6f4e3a108a5eacfd3be67f2ec8,3,4
Profumo prada,84.7,Prada,0,https://www.vinted.it/items/8278219174-profumo-prada?referrer=catalog,1,8278219174,On Sale,28/02/2026 23:07:07,,https://images1.vinted.net/t/05_01f79_37wDGJSoyNfwEH2fp695aiWt/310x430/1772275504.webp?s=eace413291fa3805e8e78fe0b22baaaebf24901a,3,4
Miniature de parfum Prada Candy,21.7,Prada,0,https://www.vinted.it/items/8278197357-miniature-de-parfum-prada-candy?referrer=catalog,3,8278197357,On Sale,28/02/2026 23:07:07,,https://images1.vinted.net/t/05_015d5_rKX3p3xDkqaRm35yK7znQFRa/310x430/1772275375.webp?s=e5a4f7b74d2124b7354aab7543c350f5f89f963b,3,4
Baume à lèvres fini givré PRADA,34.3,Prada,0,https://www.vinted.it/items/8278194147-baume-a-levres-fini-givre-prada?referrer=catalog,0,8278194147,Sold,28/02/2026 23:07:07,,https://images1.vinted.net/t/05_007d1_KMrX39NsDDQqWwCnEvLJ2YNa/310x430/1772275356.webp?s=e2fc2ec67aba8c4dd5879918f63c739d60961e37,3,4
Prada Cups schwarz,126.7,No brand,42,https://www.vinted.it/items/8278145345-prada-cups-schwarz?referrer=catalog,1,8278145345,Sold,28/02/2026 23:07:07,,https://images1.vinted.net/t/04_00249_BTLkKWz8BXiFEJLDjMZQqD2H/310x430/1772275068.webp?s=6bec2694a20dd74a6b03890275aac58cadc2de8b,3,4
Scarpa uomo Prada luna Rossa n42,79.45,Prada,42,https://www.vinted.it/items/8278136532-scarpa-uomo-prada-luna-rossa-n42?referrer=catalog,5,8278136532,Sold,28/02/2026 23:07:07,,https://images1.vinted.net/t/05_011b0_YZrjYBQxvG94V9co3Q2chrgZ/310x430/1772275016.webp?s=78540b4b984c265c0be08b74fbb69aa33417ee2d,3,4
Jupe Agatha Ruiz de la Prada cœurs rouge & bleu – taille 40,26.95,Agatha Ruiz de la Prada,L / IT 44 / EU 40,https://www.vinted.it/items/8278118810-jupe-agatha-ruiz-de-la-prada-coeurs-rouge-bleu-taille-40?referrer=catalog,53,8278118810,Sold,28/02/2026 23:07:07,,https://images1.vinted.net/t/06_019d0_o7iNs8LdKdLZ1VKjyYf3fERK/310x430/1772274911.webp?s=ded4997a0a304caa967eb11cf9d2070848be50a6,3,4
Prada paradoxe eau de parfum,45.85,Prada,0,https://www.vinted.it/items/8278114422-prada-paradoxe-eau-de-parfum?referrer=catalog,2,8278114422,Sold,28/02/2026 23:07:07,,https://images1.vinted.net/t/06_017f4_k4afBE4DDvGj9T3emxXQRnvn/310x430/1772274885.webp?s=da9e79ae3960e733a63f0ce11e9b382f599f8025,3,4
Prada Cups Olive Grün,126.7,No brand,43,https://www.vinted.it/items/8278112341-prada-cups-olive-grun?referrer=catalog,14,8278112341,Sold,28/02/2026 23:07:07,,https://images1.vinted.net/t/03_00894_6CQwm8UHpRR311ToVk9dgZ9H/310x430/1772274872.webp?s=f9717d5fe712806b57a80f7564ab02f536eb7088,3,4
Prada cups - taille 40 - vert/kaki,105.69,Prada,40,https://www.vinted.it/items/8269139294-prada-cups-taille-40-vertkaki?referrer=catalog,36,8269139294,Sold,27/02/2026 14:51:27,,https://images1.vinted.net/t/01_003b1_M8A3mPBknLb1PD9qGK4bPYTx/310x430/1772140704.webp?s=8053b30fdab75f8b0d33bb0fe1233f6da12f6f06,3,3
Gafas Prada,158.2,Prada,0,https://www.vinted.it/items/8269063559-gafas-prada?referrer=catalog,1,8269063559,Sold,27/02/2026 14:51:27,,https://images1.vinted.net/t/06_00ffa_up1mXWQbVYo4wnzProwEZAnH/310x430/1772139889.webp?s=81cfbab6fb060f11893ee40ebf6ad119a5c91954,3,3
Prada matita,11.2,Prada,0,https://www.vinted.it/items/8269123553-prada-matita?referrer=catalog,3,8269123553,Sold,27/02/2026 14:51:27,,https://images1.vinted.net/t/06_013d4_gvnmhnmftbckstpWyxsuw2vV/310x430/1772140530.webp?s=c6914522bbdf4e4dd6e28e213fe397e55c8ec641,3,3
Occhiali Prada,126.7,Prada,0,https://www.vinted.it/items/8269114155-occhiali-prada?referrer=catalog,4,8269114155,Sold,27/02/2026 14:51:27,,https://images1.vinted.net/t/06_0125e_RyX3iA6fLpctyr7i1LnPAALt/310x430/1772140426.webp?s=78307e9f7e98dd03beaf3fc9ae448d64e1751c8f,3,3
Pantalon femme,126.7,Prada,L / IT 44 / EU 40,https://www.vinted.it/items/8269101016-pantalon-femme?referrer=catalog,2,8269101016,Sold,27/02/2026 14:51:27,,https://images1.vinted.net/t/06_00eae_4NajTbxiMr1udwtrhkr3HY6u/310x430/1772140282.webp?s=76cde1e37e4196d90c6e918a11ebb2ddd8a59f67,3,3
Monture lunettes Prada,168.7,Prada,0,https://www.vinted.it/items/8254226875-monture-lunettes-prada?referrer=catalog,0,8254226875,Sold,27/02/2026 14:51:27,,https://images1.vinted.net/t/06_022b8_k48HCFKMCPudDKVY9K5dw7HM/310x430/1771960760.webp?s=7ded196459076a07bc3e48e089d85e6e908a5843,3,3
prada occhiali,168.7,Prada,0,https://www.vinted.it/items/8269076003-prada-occhiali?referrer=catalog,0,8269076003,Sold,27/02/2026 14:51:27,,https://images1.vinted.net/t/05_005d0_gZVVY9MMMZhQ8dGFCdrATWKn/310x430/1772140017.webp?s=2a95f7f85aff3937e222582b15a3944ee44fe1e7,3,3
Parfum prada,53.2,Prada,0,https://www.vinted.it/items/8269065582-parfum-prada?referrer=catalog,4,8269065582,Sold,27/02/2026 14:51:27,,https://images1.vinted.net/t/03_01aa2_TAjrrTkeC48sFwkoZz9DjWwx/310x430/1772139909.webp?s=44fa6175f5ca01c50d084829e7787d93011c7fd3,3,3
Parfum prada,53.2,Prada,0,https://www.vinted.it/items/8269049826-parfum-prada?referrer=catalog,11,8269049826,Sold,27/02/2026 14:51:27,,https://images1.vinted.net/t/01_00a1b_GK9WLsNjLTdNAxYaD6oUtXJa/310x430/1772139748.webp?s=a25957f36437a66a06293ab94bc6d21c0b60d5c2,3,3
Prada american cups sneakers,525.69,Prada,46,https://www.vinted.it/items/8269037200-prada-american-cups-sneakers?referrer=catalog,4,8269037200,Sold,27/02/2026 14:51:27,,https://images1.vinted.net/t/06_0162d_dawMpz5YQguHjsYhqdb5uvsB/310x430/1772139618.webp?s=e354ba963975ab380a739358360806672452886c,3,3
Prada Paradoxe intense 30 Ml,26.95,Prada,0,https://www.vinted.it/items/8283140050-prada-paradoxe-intense-30-ml?referrer=catalog,2,8283140050,Sold,28/02/2026 23:01:28,,https://images1.vinted.net/t/06_00d26_smUCR5WJYWYm98xWJAjknJqB/310x430/1772303748.webp?s=a6d3f6ebcb80c9c9844edf20c70a715880c13e4b,3,2
Prada paradoxe Essence radical 90ml,41.65,Prada,0,https://www.vinted.it/items/8283138905-prada-paradoxe-essence-radical-90ml?referrer=catalog,5,8283138905,Sold,28/02/2026 23:01:28,,https://images1.vinted.net/t/01_01134_rYedGpwm9NX6BKiXKrPr3YZg/310x430/1772303739.webp?s=ec0fc3a10b9760c5e85d32bb3b07c9430bc4d47f,3,2
Prada paradoxe virtual flower 90 ml,47.95,Prada,0,https://www.vinted.it/items/8283135110-prada-paradoxe-virtual-flower-90-ml?referrer=catalog,2,8283135110,Sold,28/02/2026 23:01:28,,https://images1.vinted.net/t/06_0015a_HWu5nsRZ6NCZZw7gYcY7qVJC/310x430/1772303709.webp?s=8a7640a0e2bb450191ba264c7cf4a27228ed9c55,3,2
Prada paradoxe intense 90ml,41.65,Prada,0,https://www.vinted.it/items/8283131266-prada-paradoxe-intense-90ml?referrer=catalog,4,8283131266,Sold,28/02/2026 23:01:28,,https://images1.vinted.net/t/06_019b6_hs8BiNq7ej9tGv9YfqAvtJiu/310x430/1772303679.webp?s=a29b226aa38189cb580cfcd506eb5bc87800f7f8,3,2
Mocassino Prada,126.7,Prada,42,https://www.vinted.it/items/8283126091-mocassino-prada?referrer=catalog,2,8283126091,Sold,28/02/2026 23:01:28,,https://images1.vinted.net/t/05_00412_jwRcaxVV4sf1iu6yJAGvKCTG/310x430/1772303638.webp?s=6dd6f0fac8c2b6ee37cf2abee9ef1aa4c91a5837,3,2
Chaussure Prada,530.4,Prada,42,https://www.vinted.it/items/8283097530-chaussure-prada?referrer=catalog,2,8283097530,Sold,28/02/2026 23:01:28,,https://images1.vinted.net/t/06_00d30_qDPNM3StktU1rVXmV5968aiG/310x430/1772303416.webp?s=77ab6982edb13e7f31eb2395a1b44cfe7dfbde15,3,2
Car shoe for Prada,336.7,Prada,42,https://www.vinted.it/items/8283085505-car-shoe-for-prada?referrer=catalog,2,8283085505,Sold,28/02/2026 23:01:28,,https://images1.vinted.net/t/06_01e18_HWWyGgqL6PyT8JEb4B96DS7q/310x430/1772303324.webp?s=892d616983b7cf94f4a281ffeac62276870bae7d,3,2
PRADA brown heels  💖 size 37,102.55,Prada,37,https://www.vinted.it/items/8283073988-prada-brown-heels-size-37?referrer=catalog,0,8283073988,Sold,28/02/2026 23:01:28,,https://images1.vinted.net/t/01_01e85_JsqSZfzibvfuECz87DtuUPcM/310x430/1772303235.webp?s=3e387f2b097f82f19c2d40ae7e37b00d129a6de6,3,2
Cargo de nuit- PRADA- 100mL,294.7,Prada,0,https://www.vinted.it/items/8283071246-cargo-de-nuit-prada-100ml?referrer=catalog,2,8283071246,Sold,28/02/2026 23:01:28,,https://images1.vinted.net/t/05_015fd_2DxP4XCoeZ62hh5Nkw7SPBHT/310x430/1772303214.webp?s=14bb9868ed18e346be32173d0206547bce9ab4c4,3,2
Lunettes de soleil octogonales  PRADA neuves,210.7,Prada,0,https://www.vinted.it/items/8283045759-lunettes-de-soleil-octogonales-prada-neuves?referrer=catalog,0,8283045759,Sold,28/02/2026 23:01:28,,https://images1.vinted.net/t/05_01680_PDaHdy4ifhxccYrFfCazS8JL/310x430/1772303018.webp?s=a1de4dc894a2e4afc59a0ef13b6df32d7380b043,3,2
Vestido veraniego,21.7,Prada,S / IT 40 / EU 36,https://www.vinted.it/items/8283009983-vestido-veraniego?referrer=catalog,2,8283009983,Sold,28/02/2026 23:01:28,,https://images1.vinted.net/t/01_0160f_rkFdaUh2YbWCng5AJSqChAEX/310x430/1772302748.webp?s=93a29c616ac5b26f614332f23fc558e3e6074e0a,3,2
Profumo,47.95,Prada,0,https://www.vinted.it/items/8283010025-profumo?referrer=catalog,1,8283010025,Sold,28/02/2026 23:01:28,,https://images1.vinted.net/t/01_02049_bbzq3KxRWEz4RuPxeRFnj3En/310x430/1772302748.webp?s=4492ebf225aca826bd6e3baa822c58596b1f2e42,3,2
Infusion D'ylang 100 ml,47.95,Prada,0,https://www.vinted.it/items/8283005066-infusion-dylang-100-ml?referrer=catalog,0,8283005066,Sold,28/02/2026 23:01:28,,https://images1.vinted.net/t/05_004ef_DR9wz4mZTenjmrrLcGgtg4d4/310x430/1772302711.webp?s=a19ba2ff86262c7201cb43777be3d01f2c91d3a2,3,2
Parfum Candy - Prada 10ml,16.45,Prada,0,https://www.vinted.it/items/8283004392-parfum-candy-prada-10ml?referrer=catalog,0,8283004392,Sold,28/02/2026 23:01:28,,https://images1.vinted.net/t/01_00e5e_LMu2UtHoM1wzACeYjUGSa3Ge/310x430/1772302706.webp?s=e8dbb6a6a64c6589caea6b64e122f1f8c263ee1c,3,2
Prada les infusions de rose parfum for woman,52.15,Rose,0,https://www.vinted.it/items/8282990403-prada-les-infusions-de-rose-parfum-for-woman?referrer=catalog,1,8282990403,Sold,28/02/2026 23:01:28,,https://images1.vinted.net/t/06_00b62_MssGD8epPSP3JaFVKyqB54dg/310x430/1772302599.webp?s=586fc6e61b9e61d04758ff088407ec49b5284b3d,3,2
Montatura prada,47.95,Prada,0,https://www.vinted.it/items/8282961060-montatura-prada-nuova-senza-cartellino?referrer=catalog,5,8282961060,Sold,28/02/2026 23:01:28,,https://images1.vinted.net/t/04_00768_YNFB7N9N2pUAGBhBFuX8jHVH/310x430/1772302380.webp?s=956a44c0bb8b83b57d5fb40d2ae90a17dc016f9f,3,2
Prada cup,131.95,Prada,43,https://www.vinted.it/items/8282920816-prada-cup?referrer=catalog,7,8282920816,Sold,28/02/2026 23:01:28,,https://images1.vinted.net/t/06_01901_Dn3MR37zwkGqKSFqFiW2wJG3/310x430/1772302085.webp?s=f06c99f272d522a8e71d655f98b9cb917178941c,3,2
Original Prada Brillengestell NEU !,42.7,Prada,0,https://www.vinted.it/items/8282841134-original-prada-brillengestell-neu?referrer=catalog,1,8282841134,Sold,28/02/2026 23:01:28,,https://images1.vinted.net/t/01_0206a_wCUdshpHUcv9CNY3Lw3gpewR/310x430/1772301514.webp?s=720382ae1e56f9d48f57a42435ce23fbeff5e84a,3,2
Camicetta in seta Prada😍,79.35,Prada,M / IT 42 / EU 38,https://www.vinted.it/items/8282834866-camicetta-in-seta-prada?referrer=catalog,1,8282834866,Sold,28/02/2026 23:01:28,,https://images1.vinted.net/t/06_00985_n54afCdNopywYEg6Yguqy8rL/310x430/1772301473.webp?s=1025bb55abb8d50a98c8b1a8913f0bef7453faef,3,2
Monedero Agatha Ruiz de la Prada Labios,8.58,Agatha,0,https://www.vinted.it/items/8282827533-monedero-agatha-ruiz-de-la-prada-labios?referrer=catalog,4,8282827533,Sold,28/02/2026 23:01:28,,https://images1.vinted.net/t/04_00425_MQWZncfZKR4Wy8Cwfha3s4a1/310x430/1772301422.webp?s=76d19089225af9002fae86a4cd06336db689de3c,3,2
Cravate bleu marine haut de gamme Prada,78.4,Prada,0,https://www.vinted.it/items/8282797830-cravate-bleu-marine-haut-de-gamme-prada?referrer=catalog,9,8282797830,Sold,28/02/2026 23:01:28,,https://images1.vinted.net/t/06_0269c_6BuktQTCKBB7EMJS1xYx9Npb/310x430/1772301218.webp?s=8eff2cf093bff8af27fce8b1e454fd24977945af,3,2
Prada Nylon Bucket Hat,289.45,Prada,M,https://www.vinted.it/items/8282779255-prada-nylon-bucket-hat?referrer=catalog,3,8282779255,Sold,28/02/2026 23:01:28,,https://images1.vinted.net/t/05_00826_zupNhZiQfqBHavX9EWhtxEow/310x430/1772301093.webp?s=ed6abbee7a03eac95dc4d939738e08fae15475eb,3,2
Prada les infusions de prada infusion d’ylang,47.95,Prada,0,https://www.vinted.it/items/8282767044-prada-les-infusions-de-prada-infusion-dylang?referrer=catalog,3,8282767044,Sold,28/02/2026 23:01:28,,https://images1.vinted.net/t/05_01178_FXyjmcvFRNBDLKUqXGiYVeBW/310x430/1772301011.webp?s=ff59f7d92bdce0d606dd7deadb6c6dfc7c6146c3,3,2
Cravate prada bleu marine,63.7,Prada,0,https://www.vinted.it/items/8282738179-cravate-prada-bleu-marine?referrer=catalog,28,8282738179,Sold,28/02/2026 23:01:28,,https://images1.vinted.net/t/06_003c7_FpWH8dWbWGLFWDq9mmtgmVw2/310x430/1772300814.webp?s=2321376eb678078b59f76302c591c168bc15c1f7,3,2
Scarpe Prada Fucsia originali,200.2,Prada,37.5,https://www.vinted.it/items/8282688041-scarpe-prada-fucsia-originali?referrer=catalog,1,8282688041,Sold,28/02/2026 23:01:28,,https://images1.vinted.net/t/04_00680_i3RZaatVvrWTYdto51NNxAsY/310x430/1772300478.webp?s=6659d0e05cc7dc824f1622af7b5df141935e4e44,3,2
Prada PR 67XS zonnebril,158.2,Prada,0,https://www.vinted.it/items/8282677034-prada-pr-67xs-zonnebril?referrer=catalog,0,8282677034,Sold,28/02/2026 23:01:28,,https://images1.vinted.net/t/06_026ac_qbwUL13KSpnHRbMgmQzed9Hd/310x430/1772313201.webp?s=bb995b2921c3d4944afcc8c003e642c3ab0ee1c6,3,2
Prada Sonnenbrille,126.7,Prada,0,https://www.vinted.it/items/8282647176-prada-sonnenbrille?referrer=catalog,0,8282647176,Sold,28/02/2026 23:01:28,,https://images1.vinted.net/t/06_01769_oQzpWN9bkTpWkNiBKAfKiBPp/310x430/1772300206.webp?s=43cf8a9dbcc14575c5ff1ca322e85ff8d5091f20,3,2
Prada crema occhi e labbra,74.2,Prada,0,https://www.vinted.it/items/8282607931-prada-crema-occhi-e-labbra?referrer=catalog,0,8282607931,Sold,28/02/2026 23:01:28,,https://images1.vinted.net/t/05_0036a_ih4KGJjShdPxzFErNZegj6YN/310x430/1772299945.webp?s=db93fb5be03f6cb6427aa113a97be890b8c455be,3,2
Gafas Prada unisex,63.7,Prada,0,https://www.vinted.it/items/8282593686-gafas-prada-unisex?referrer=catalog,0,8282593686,Sold,28/02/2026 23:01:28,,https://images1.vinted.net/t/06_01e37_2mKgKgge14R9ZDRyzi5A9kqW/310x430/1772299853.webp?s=c2dbae86e5059f88c71a66330fa087892d08ad24,3,2
Prada paradigme 100 ml,52.15,Prada,0,https://www.vinted.it/items/8282562299-prada-paradigme-100-ml?referrer=catalog,6,8282562299,Sold,28/02/2026 23:01:28,,https://images1.vinted.net/t/01_00b91_dX4aYSruNNTnCYRu7zpN6h9H/310x430/1772299651.webp?s=bf5df207b3dee434b115b887b99fec4344f5906e,3,2
Sac Prada,918.0,Prada,0,https://www.vinted.it/items/8282555428-sac-prada?referrer=catalog,2,8282555428,Sold,28/02/2026 23:01:28,,https://images1.vinted.net/t/03_0245e_jhrTGWkQw1YW9eBUo6dixw8g/310x430/1772299607.webp?s=fbf78e29f53d980aa51d38b3ecbae08240f5491d,3,2
Conjunto agatha Ruiz,50.05,Agatha Ruiz de la Prada,6 anni / 116 cm,https://www.vinted.it/items/8282543829-conjunto-agatha-ruiz?referrer=catalog,46,8282543829,Sold,28/02/2026 23:01:28,,https://images1.vinted.net/t/05_024ba_qQAzeY4uBAL8McGk7Dw2Qdg4/310x430/1772299533.webp?s=bb049e0a8b2c303a86911b947332aa499424ff64,3,2
Prada paradoxe radical essence 90 ml,51.1,Prada,0,https://www.vinted.it/items/8282527388-prada-paradoxe-radical-essence-90-ml?referrer=catalog,0,8282527388,Sold,28/02/2026 23:01:28,,https://images1.vinted.net/t/03_01b1f_GNu1BG1WpQBQpXqyMHVf8WvV/310x430/1772299431.webp?s=fa769f957e5d988373986072bfc9909d26739aef,3,2
Quadro Prada Marfa,13.3,Quadro,0,https://www.vinted.it/items/8282509366-quadro-prada-marfa?referrer=catalog,8,8282509366,Sold,28/02/2026 23:01:28,,https://images1.vinted.net/t/05_02305_duBKeJYShiruNrs5pjHXA7Zx/310x430/1772299321.webp?s=c6b63ba63ae18f410cb015c4801a59ea9acff484,3,2
Prada Monochrome 077,25.9,Prada,0,https://www.vinted.it/items/8282474416-prada-monochrome-077?referrer=catalog,1,8282474416,Sold,28/02/2026 23:01:28,,https://images1.vinted.net/t/01_0230b_GJaKcN3imKwV3f6nCg11iZDQ/310x430/1772299108.webp?s=e65fbf8881fd6c11abd1b70be1ff637329623de7,3,2
Mochila pequeña de Re-nylon Prada Re edition 1978,1.2138,Prada,0,https://www.vinted.it/items/8282152790-mochila-pequena-de-re-nylon-prada-re-edition-1978?referrer=catalog,4,8282152790,Sold,28/02/2026 23:01:28,,https://images1.vinted.net/t/04_006c5_nzfh5GCs4FZ8PjMPXzDuNVKK/310x430/1772297219.webp?s=fca12f832ad656dc4cd78e5ebde96cbd92b1fec8,3,2
Prada cup,126.7,Prada,44,https://www.vinted.it/items/8282459845-prada-cup?referrer=catalog,1,8282459845,Sold,28/02/2026 23:01:28,,https://images1.vinted.net/t/04_0173f_JgQbZKTMgmaCDSbJmKq3FRzj/310x430/1772299020.webp?s=1d6f3ef77649cb1f50789c6c681c1bdd1ae14bcd,3,2
Portafoglio Prada,530.4,Prada,0,https://www.vinted.it/items/8282440021-portafoglio-prada?referrer=catalog,2,8282440021,Sold,28/02/2026 23:01:28,,https://images1.vinted.net/t/05_004fa_2rXM1J8JTJi5j5VozyDdx9Mb/310x430/1772298900.webp?s=edfbf6e4dd3abe85791fc96a4329a2a2b48264ad,3,2
Scarpe uomo con lacci bordeaux,510.0,Prada,44,https://www.vinted.it/items/8282423852-scarpe-uomo-con-lacci-bordeaux?referrer=catalog,2,8282423852,Sold,28/02/2026 23:01:28,,https://images1.vinted.net/t/04_01276_8ga8Qx3e4Gc6N6UiQrn8BHUC/310x430/1772298802.webp?s=83464d86d9633ef2f15ebe191d2a1733262de9ce,3,2
Sandali Prada,263.2,Prada,40,https://www.vinted.it/items/8282415996-sandali-prada?referrer=catalog,3,8282415996,Sold,28/02/2026 23:01:28,,https://images1.vinted.net/t/06_0134d_T8sMSd4fYErfM2p54vzRx9Rv/310x430/1772298755.webp?s=2c62ce323797fd42c05034b3ab7644cf156a6a4a,3,2
Lunettes de Soleil Prada,173.95,Prada,0,https://www.vinted.it/items/8282374073-lunettes-de-soleil-prada?referrer=catalog,2,8282374073,Sold,28/02/2026 23:01:28,,https://images1.vinted.net/t/03_01c85_EFNcTTxCGDKSQbaB7h1QGMeU/310x430/1772298503.webp?s=ced28b9bc9d6f4e81362a27b2802c7769c1a2e80,3,2
Chemise Prada,63.7,Prada,L / IT 44 / EU 40,https://www.vinted.it/items/8282352512-chemise-prada?referrer=catalog,8,8282352512,Sold,28/02/2026 23:01:28,,https://images1.vinted.net/t/06_018c2_3zYLxAJEuUUe1k1oXuN7YmUP/310x430/1772298374.webp?s=e0844f75cf51c174c2be2713cf13c4f184271fc5,3,2
Lunette polarisante prada,242.2,Prada,0,https://www.vinted.it/items/8282336643-lunette-polarisante-prada?referrer=catalog,0,8282336643,Sold,28/02/2026 23:01:28,,https://images1.vinted.net/t/06_026bb_GqqeQphKWnemt5iLdFARxsEC/310x430/1772298280.webp?s=5ce05d0ec4a9ac6dfa26e68db9593d7e383c1ea0,3,2
Prada Paradigme profumo 100 ml,52.15,Prada,0,https://www.vinted.it/items/8282306913-prada-paradigme-profumo-100-ml?referrer=catalog,1,8282306913,Sold,28/02/2026 23:01:28,,https://images1.vinted.net/t/06_00be9_sbnKNgsf1f74W4PifvvaSbZD/310x430/1772298106.webp?s=7cb4f48a9c87354e5150813f02a1e0af72de185d,3,2
Prada Pullover,58.45,Pullover,M,https://www.vinted.it/items/8282242808-prada-pullover?referrer=catalog,2,8282242808,Sold,28/02/2026 23:01:28,,https://images1.vinted.net/t/06_004cc_Yh3T2xhpb1a7KxdeXMVqTy1x/310x430/1772297731.webp?s=790ed85a78c128e59980dabf44e6a141f690cbb2,3,2
Prada Re Nylon Jacket,473.2,Prada,M,https://www.vinted.it/items/8282213029-prada-re-nylon-jacket?referrer=catalog,16,8282213029,Sold,28/02/2026 23:01:28,,https://images1.vinted.net/t/06_00efa_mHoGi1j2XnwPLwvrrBToERX6/310x430/1772297560.webp?s=5ddcf2a1b057e0989795fba153e24f50f36c0e12,3,2
Orecchini con pendenti neri e ambra con chiusura clip,84.7,Prada,0,https://www.vinted.it/items/8282212501-orecchini-con-pendenti-neri-e-ambra-con-chiusura-clip?referrer=catalog,0,8282212501,Sold,28/02/2026 23:01:28,,https://images1.vinted.net/t/04_018af_kPJVctWnQW2j3xoWQtKmCQnm/310x430/1772297557.webp?s=937c27365b823771164061a92a53810d9aea4d77,3,2
Dames parfum Prada Paradoxe 50ml,32.04,Prada,0,https://www.vinted.it/items/8282200641-dames-parfum-prada-paradoxe-50ml?referrer=catalog,1,8282200641,Sold,28/02/2026 23:01:28,,https://images1.vinted.net/t/03_01481_UZ1snja6wiKw6B7A6tKK8WNU/310x430/1772297488.webp?s=f87dcc91fb241b5c80021d1352151c68618a9447,3,2
Prada cups,158.2,Prada,43,https://www.vinted.it/items/8281709561-prada-cups?referrer=catalog,2,8281709561,Sold,28/02/2026 23:01:28,,https://images1.vinted.net/t/06_00057_GUtzvzEZRQ8t2o7Zg4TD7RgZ/310x430/1772294893.webp?s=25c155f1cd8a0335f7919c59c8149808a419f9b4,3,2
Bolso Agatha Ruiz de la Prada,52.15,Agatha Ruiz de la Prada,0,https://www.vinted.it/items/8282038348-bolso-agatha-ruiz-de-la-prada?referrer=catalog,0,8282038348,Sold,28/02/2026 23:01:28,,https://images1.vinted.net/t/06_009be_GJNjW1vwnXEYUE95PkyeaknR/310x430/1772296576.webp?s=370881a74975077dd0d23b1c41a945797be86b9a,3,2
Paradoxe Prada Radical Essence Parfum 90 ml,50.05,Prada,0,https://www.vinted.it/items/8282037416-paradoxe-prada-radical-essence-parfum-90-ml?referrer=catalog,1,8282037416,Sold,28/02/2026 23:01:28,,https://images1.vinted.net/t/06_0025c_AYrT4LZWEBuBvtsGy3fVe7b7/310x430/1772296571.webp?s=edd019b3af7afcbb56ec8c72ddbe9758582e45cc,3,2
Completo estivo elegante Prada,74.2,Prada,M,https://www.vinted.it/items/8282022411-completo-estivo-elegante-prada?referrer=catalog,13,8282022411,Sold,28/02/2026 23:01:28,,https://images1.vinted.net/t/03_003f0_MAChFbE35ndRTYTjvqzPtyDH/310x430/1772296487.webp?s=d8241ec7589e9f80bda5ce8987002b2e9a575ae1,3,2
Prada sneaker burgundy mt 41,436.45,Prada,41,https://www.vinted.it/items/8282015187-prada-sneaker-burgundy-mt-41?referrer=catalog,7,8282015187,Sold,28/02/2026 23:01:28,,https://images1.vinted.net/t/05_0182e_c7YEXSiwsJPVNVkmufPqtRF9/310x430/1772296447.webp?s=3b7d47733939d14b50b91dd51d92721d6b9e3931,3,2
Lunette Prada,410.2,Prada,0,https://www.vinted.it/items/8282012813-lunette-prada?referrer=catalog,1,8282012813,Sold,28/02/2026 23:01:28,,https://images1.vinted.net/t/05_01139_duqhhK7jJEpDdesdmvhpJ6t5/310x430/1772296433.webp?s=81e2f5cefe4f6904ffbf11615af36a599d843750,3,2
Lunettes de soleil unisexe,84.7,Prada,0,https://www.vinted.it/items/8281985720-lunettes-de-soleil-unisexe?referrer=catalog,0,8281985720,Sold,28/02/2026 23:01:28,,https://images1.vinted.net/t/06_00068_9VmXyqtNv3j7pNCxAKxBNxvc/310x430/1772296284.webp?s=fe54240e79ccf617b1c976f20147424556600daa,3,2
Camiseta Mujer Estilo Prada – Manga Corta Elegante [S],95.2,Local,S / IT 40 / EU 36,https://www.vinted.it/items/8281975687-camiseta-mujer-estilo-prada-manga-corta-elegante-s?referrer=catalog,13,8281975687,Sold,28/02/2026 23:01:28,,https://images1.vinted.net/t/05_00a63_6HdpWgbHu7Y8JMCX1Cxfouwm/310x430/1772296229.webp?s=01c1f4ee9780b220a4cc25db366cd3abda3f41e9,3,2
Prada paradigme eau de parfum 100 ml,53.2,Prada,0,https://www.vinted.it/items/8281926024-prada-paradigme-eau-de-parfum-100-ml?referrer=catalog,2,8281926024,Sold,28/02/2026 23:01:28,,https://images1.vinted.net/t/05_01a0d_DbWANToRYJBoNd2wwnH6FVQi/310x430/1772295959.webp?s=38fc5b9df407bb09ce694d370767d37cee02e792,3,2
Chaussure Prada America’s Cup couleur noir et blanc,116.19,Prada,41,https://www.vinted.it/items/8281873022-chaussure-prada-americas-cup-couleur-noir-et-blanc?referrer=catalog,9,8281873022,Sold,28/02/2026 23:01:28,,https://images1.vinted.net/t/06_01d15_JRbJ1Neyi2YsgSAvPEi1bKNB/310x430/1772295670.webp?s=2dacf411faa125929e2ddbac47022aadd3446423,3,2
Chemise en soie Prada,63.7,Prada,M / IT 42 / EU 38,https://www.vinted.it/items/8281867761-chemise-en-soie-prada?referrer=catalog,8,8281867761,Sold,28/02/2026 23:01:28,,https://images1.vinted.net/t/05_022c0_CGYbh6G7oGfgbpqrpae2tj6b/310x430/1772295642.webp?s=096db56581f09a717cee79eee71dee555f5e9d23,3,2
crampons adidas x Prada,210.7,Prada,43,https://www.vinted.it/items/8281854937-crampons-adidas-x-prada?referrer=catalog,2,8281854937,Sold,28/02/2026 23:01:28,,https://images1.vinted.net/t/06_013d4_edPLDtFP7Ej9qwwqMfrBGu83/310x430/1772295573.webp?s=3dd0394d9948830528ebbdc23e4ff302dc0dd202,3,2
prada thunder,221.2,Prada,46,https://www.vinted.it/items/8281853557-prada-thunder?referrer=catalog,1,8281853557,Sold,28/02/2026 23:01:28,,https://images1.vinted.net/t/03_00cfe_AJ6TX3JLJ5UnDMVj2dZYuZvB/310x430/1772295566.webp?s=59242cfd128cdc32be60ae6da11edda29cd94e86,3,2
Parfum Prada,16.45,Prada,0,https://www.vinted.it/items/8281851094-parfum-prada?referrer=catalog,3,8281851094,Sold,28/02/2026 23:01:28,,https://images1.vinted.net/t/06_02113_T2fy52o6B3dbyquK2VF4N9aJ/310x430/1772295553.webp?s=e995bf345318122e8deab85a28a8dc290dbfbb3f,3,2
O diabo veste prada,8.05,No brand,0,https://www.vinted.it/items/8281850432-o-diabo-veste-prada?referrer=catalog,0,8281850432,Sold,28/02/2026 23:01:28,,https://images1.vinted.net/t/06_01909_hunK4wnGiBBjcozYvwS7QWwJ/310x430/1772295549.webp?s=2391a955f856e4d6197ccc880d301c63bfffadd5,3,2
Étui à  lunette rigide prada,16.45,Prada,0,https://www.vinted.it/items/8281819703-etui-a-lunette-rigide-prada?referrer=catalog,0,8281819703,Sold,28/02/2026 23:01:28,,https://images1.vinted.net/t/06_0236e_MABE9kiknRQCnMq1tEBSBRKA/310x430/1772295387.webp?s=cc8e1eef788f8cff2e804a8357bdac38f097c2a9,3,2
Prada Sonnenbrille,147.7,Prada,0,https://www.vinted.it/items/8281784811-prada-sonnenbrille?referrer=catalog,3,8281784811,Sold,28/02/2026 23:01:28,,https://images1.vinted.net/t/05_00855_BYusyD6S5NWAnNMFqspztyT8/310x430/1772295201.webp?s=7a17457ada220351f4d7d4756c8ccf4d58eb2bc3,3,2
Bolso agatha ruiz de la prada verde charol original con colgante love,53.2,Agatha,0,https://www.vinted.it/items/8281780933-bolso-agatha-ruiz-de-la-prada-verde-charol-original-con-colgante-love?referrer=catalog,12,8281780933,Sold,28/02/2026 23:01:28,,https://images1.vinted.net/t/01_003ef_iauCU1SomQBwfpNjefu2qK2T/310x430/1772295181.webp?s=d62f6637028dd991f55d1ac58600e85e6c2ee735,3,2
Prada Paradoxe intense,53.2,Prada,0,https://www.vinted.it/items/8281763829-prada-paradoxe-intense?referrer=catalog,5,8281763829,Sold,28/02/2026 23:01:28,,https://images1.vinted.net/t/06_01508_qZsu3LoHFiVJ6gRw8LsPg89a/310x430/r1/1772295089.webp?s=48499d1d7731ae19894867b5571ce1f6ee1e8207,3,2
Giacca Prada,179.2,Prada,S / IT 40 / EU 36,https://www.vinted.it/items/8281740806-giacca-prada?referrer=catalog,2,8281740806,Sold,28/02/2026 23:01:28,,https://images1.vinted.net/t/06_01314_DqbhRYfW1DEY1Lkv2Egfm1no/310x430/1772294965.webp?s=1e0da096bbb6a92c6dc4f4fdbff771dd7fba75e2,3,2
Prada minibolso Re-Edition 2000,693.6,Prada,0,https://www.vinted.it/items/8281743268-prada-minibolso-re-edition-2000?referrer=catalog,5,8281743268,Sold,28/02/2026 23:01:28,,https://images1.vinted.net/t/06_02111_yjYVicZJziDdAgjQ3mmEMpfn/310x430/1772294978.webp?s=1b9fc6a1bbfa5978d6a13f9604ab63f3df84d398,3,2
Prada Sonnenbrille PS 04WS,158.2,Prada,0,https://www.vinted.it/items/8281720453-prada-sonnenbrille-ps-04ws?referrer=catalog,1,8281720453,Sold,28/02/2026 23:01:28,,https://images1.vinted.net/t/05_00472_a7B31xQFLeCcPo1Za2YQ3EfQ/310x430/1772294856.webp?s=3f1a507c28295ed53f6763b3007e5f8a84508519,3,2
Boîte repas PRADA – Neuve – Modèle Lunch Box,110.95,Prada,0,https://www.vinted.it/items/8281671406-boite-repas-prada-neuve-modele-lunch-box?referrer=catalog,0,8281671406,Sold,28/02/2026 23:01:28,,https://images1.vinted.net/t/06_0043a_xwEqGnsEkzJF7T7bPiwwSZiU/310x430/1772294596.webp?s=3e12f4f7f62e538a9a80680d7074a8f134d36558,3,2
PRADA Designer Kleid Schwarz  Zeitlos & Elegant,168.7,Prada,M / IT 42 / EU 38,https://www.vinted.it/items/8281602425-prada-designer-kleid-schwarz-zeitlos-elegant?referrer=catalog,0,8281602425,Sold,28/02/2026 23:01:28,,https://images1.vinted.net/t/01_00bfc_iBBrdYjxVrqwM18UfKHsoTr6/310x430/1772294235.webp?s=dd495472cd8f42226b378c18b3f9c799c0447ede,3,2
Vestido fucsia Agatha Ruiz de la Prada,34.3,Agatha Ruiz de la Prada,10 anni / 140 cm,https://www.vinted.it/items/8281581049-vestido-fucsia-agatha-ruiz-de-la-prada?referrer=catalog,0,8281581049,Sold,28/02/2026 23:01:28,,https://images1.vinted.net/t/06_008bc_k6ZamWBi6PvFR3DRcGs5YBmv/310x430/1772294124.webp?s=1cc43bfc3c7e10d2fc9c9d3ff66367679b117929,3,2
Zonnebril Prada.,53.2,Prada,0,https://www.vinted.it/items/8281577120-zonnebril-prada?referrer=catalog,2,8281577120,Sold,28/02/2026 23:01:28,,https://images1.vinted.net/t/05_01ac8_JTqEw1imQFy93xGriWJiuW2U/310x430/1772294103.webp?s=9091539d72e0546a21e46938c8bdc42293b7af69,3,2
Mug isotherme PRADA noir – Neuf,142.45,Prada,0,https://www.vinted.it/items/8281562334-mug-isotherme-prada-noir-neuf-avec-boite?referrer=catalog,0,8281562334,Sold,28/02/2026 23:01:28,,https://images1.vinted.net/t/03_015ac_d8qCVzj5NXK1QLW7VbZq9ujy/310x430/1772294026.webp?s=4f59b724f40321fd9feacc53303c27459c13d30b,3,2
Carteira Prada original,525.3,Prada,0,https://www.vinted.it/items/8281550783-carteira-prada-original?referrer=catalog,1,8281550783,Sold,28/02/2026 23:01:28,,https://images1.vinted.net/t/04_009e7_7nZ8Dv2pGD5cSjEgMPoXauQm/310x430/1772293966.webp?s=bd38063401a7468c212e379187db4b1fdde4448b,3,2
Ballerine Prada,189.7,Prada,37,https://www.vinted.it/items/8281517914-ballerine-prada?referrer=catalog,3,8281517914,Sold,28/02/2026 23:01:28,,https://images1.vinted.net/t/05_00c33_ujikpCX42uoa5DJjgae3Cix4/310x430/1772293798.webp?s=367e289a508e37cd51571aa6eaeb7bce77ec269e,3,2
Botte Prada chaussures Prada mocassin Prada bottines,627.3,Prada,36.5,https://www.vinted.it/items/8281497860-botte-prada-chaussures-prada-mocassin-prada-bottines?referrer=catalog,5,8281497860,Sold,28/02/2026 23:01:28,,https://images1.vinted.net/t/06_0017c_yRCmQutwG6pkiwcaaMVM7HU3/310x430/1772293693.webp?s=d2193527ee859e1da1bafe6b26d8a9e297c88842,3,2
Adidas / FZ5447 Prada x adidas A+P Luna Rossa 21 Cloud White Gr.40 2/3 (39,158.2,adidas,40.5,https://www.vinted.it/items/8281496273-adidas-fz5447-prada-x-adidas-ap-luna-rossa-21-cloud-white-gr40-23-395-40?referrer=catalog,1,8281496273,Sold,28/02/2026 23:01:28,,https://images1.vinted.net/t/03_01f73_JXtFJ8A18H6uQsgwgrzVN4CX/310x430/1772293685.webp?s=9742ac49eddc3139e102883ffbc24d00bc113539,3,2
Parfum Prada Paradoxe Radical Essence - Neuf,77.35,Prada,0,https://www.vinted.it/items/8281470671-parfum-prada-paradoxe-radical-essence-neuf?referrer=catalog,0,8281470671,Sold,28/02/2026 23:01:28,,https://images1.vinted.net/t/01_01f5b_A8Xzp3BpZvQdoYRLR5c41KbB/310x430/1772293554.webp?s=d3134749f89da673d49a2e578bd78f7346cfbf10,3,2
Prada Cups,126.7,Prada,41,https://www.vinted.it/items/8281435977-prada-cups?referrer=catalog,2,8281435977,Sold,28/02/2026 23:01:28,,https://images1.vinted.net/t/06_00156_DEoZeCRPtyAWBUrPm9FbpwQ5/310x430/1772293376.webp?s=32fdbac35ff44dcc7bebfe4f22a645cd7cd0e77a,3,2
Bandolera estilo Prada,21.7,Local,0,https://www.vinted.it/items/8281433947-bandolera-estilo-prada?referrer=catalog,0,8281433947,Sold,28/02/2026 23:01:28,,https://images1.vinted.net/t/06_023cb_SqD7ZbWGg9SK2x3GTTQotQw3/310x430/1772293365.webp?s=7b030ea1096e565ddcb138e622c267df026926f0,3,2
Prada,688.5,Prada,M,https://www.vinted.it/items/8281419219-prada?referrer=catalog,5,8281419219,Sold,28/02/2026 23:01:28,,https://images1.vinted.net/t/05_01233_bnXSHzbGi5uqPgh3xcq3cRVm/310x430/1772293290.webp?s=acc15d5b4c32034df98f1fb4adc87b9f664a5fb5,3,2
Prada cups,105.7,Prada,37,https://www.vinted.it/items/8281411480-prada-cups?referrer=catalog,13,8281411480,Sold,28/02/2026 23:01:28,,https://images1.vinted.net/t/04_0137e_yH8TV6jTPmZKSQL5djEvvpsZ/310x430/1772293250.webp?s=72e520903bc8f6bdd02567e8b77e750aef9e6002,3,2
Prada Augmented Skin  trattamento idratante viso,21.7,Prada,0,https://www.vinted.it/items/8281402347-prada-augmented-skin-trattamento-idratante-viso?referrer=catalog,0,8281402347,Sold,28/02/2026 23:01:28,,https://images1.vinted.net/t/01_016cb_WaA1w7s9t2LsiQZw4KewdkcS/310x430/1772293204.webp?s=f478241f1284bf770af1c3f67e7fb03d15b76c47,3,2
Chaussures Prada neuve à talon marron beige pointure 36,103.6,Prada,36.5,https://www.vinted.it/items/8281390506-chaussures-prada-neuve-a-talon-marron-beige-pointure-365?referrer=catalog,0,8281390506,Sold,28/02/2026 23:01:28,,https://images1.vinted.net/t/06_010ab_yJigg3zy92FoKCphtVxSusgC/310x430/1772293142.webp?s=be9d0b9db8b4a8bb74ffff99a04202b988ac4349,3,2
RB.-bolso agatha ruiz de la prada como nuevo acolchado beige con interior multicolor súper top,53.1,Agatha,0,https://www.vinted.it/items/8281386227-rb-bolso-agatha-ruiz-de-la-prada-como-nuevo-acolchado-beige-con-interior-multicolor-super-top?referrer=catalog,16,8281386227,Sold,28/02/2026 23:01:28,,https://images1.vinted.net/t/05_0127a_nD9mdMT2VuCoBD97RAkxVP4h/310x430/1772293120.webp?s=47904c4d2dd646781922ebd8fd136b8cbd982a0c,3,2
Body PRADA strass,158.2,Strass,S / IT 40 / EU 36,https://www.vinted.it/items/8281379486-body-prada-strass?referrer=catalog,0,8281379486,Sold,28/02/2026 23:01:28,,https://images1.vinted.net/t/06_017e8_wa3xnvQqPUXyfr9RcH5acUaz/310x430/1772293086.webp?s=90e106fffca18f2d27f3a81c96b935c8143814a6,3,2
Prada Paradigme,63.7,Prada,0,https://www.vinted.it/items/8281375288-prada-paradigme?referrer=catalog,2,8281375288,Sold,28/02/2026 23:01:28,,https://images1.vinted.net/t/05_006a3_4zLnJDzPKJGoHLNJJhBA8uHp/310x430/1772293064.webp?s=624ab22736d286e4be80747a172175aa4f5d2742,3,2
Bougie Prada nueve avec étiquette-Luxe,168.7,Prada,0,https://www.vinted.it/items/8281375114-bougie-prada-nueve-avec-etiquette-luxe?referrer=catalog,0,8281375114,Sold,28/02/2026 23:01:28,,https://images1.vinted.net/t/05_0096a_w1Ln2ayumR2L2bjkyKHiUvn8/310x430/1772293063.webp?s=91a6173132fc4acd2a4a1b54e26cad80f2df8a9c,3,2
Chaussure compensée neuve Prada velours pointure 36,121.45,Prada,36.5,https://www.vinted.it/items/8281366099-chaussure-compensee-neuve-prada-velours-pointure-365?referrer=catalog,1,8281366099,Sold,28/02/2026 23:01:28,,https://images1.vinted.net/t/05_0016c_ZkP5X4Eb3S75zgYrdQQYebMR/310x430/1772293016.webp?s=8c0b1244c6bfbf08b781619dd23e5d5136e18ba3,3,2
Paradigme,44.8,Prada,0,https://www.vinted.it/items/8281358550-paradigme?referrer=catalog,4,8281358550,Sold,28/02/2026 23:01:28,,https://images1.vinted.net/t/06_01e9f_fre9kAtRs9gRY93gJ5ji8PGK/310x430/1772292979.webp?s=2748323c9618c24d8170db97dd630e909b33e7df,3,2
Lot De Mini Parfum Prada,63.7,Prada,0,https://www.vinted.it/items/8281355317-lot-de-mini-parfum-prada?referrer=catalog,4,8281355317,Sold,28/02/2026 23:01:28,,https://images1.vinted.net/t/05_018e1_6GesijRLHpVtKSR9QtGgRvsA/310x430/1772292962.webp?s=a2d8a8338b40635fdf2f58629869733cef00f380,3,2
Calcetines cortos Agatha Ruiz de la Prada,8.05,Agatha Ruiz de la Prada,M | 43–46,https://www.vinted.it/items/8253585314-calcetines-cortos-agatha-ruiz-de-la-prada?referrer=catalog,3,8253585314,Sold,28/02/2026 23:01:28,,https://images1.vinted.net/t/04_008ba_CeUhNdc4JhtGayihLKeRVq77/310x430/1771955869.webp?s=5272a75ef8e10d92f5a0dce0c7222f916c52fe84,3,2
Chaussure compensés neuve de marque Prada pointure 36,121.45,Prada,36,https://www.vinted.it/items/8281344499-chaussure-compenses-neuve-de-marque-prada-pointure-36?referrer=catalog,0,8281344499,Sold,28/02/2026 23:01:28,,https://images1.vinted.net/t/06_00a94_hcKaQDzeJ5jxZmBnWYorRMr1/310x430/1772292906.webp?s=bf107cee3c36a6ff446fc0b5f3bcd589aa346ed3,3,2
Profumo Prada Luna Rossa,53.2,Luna Rossa,0,https://www.vinted.it/items/8272573549-profumo-prada-luna-rossa?referrer=catalog,0,8272573549,Sold,27/02/2026 14:50:33,,https://images1.vinted.net/t/05_00f35_4ef8MhiARKEt1siTJMRzcXAg/310x430/1772200088.webp?s=1222f3cb904d15b4f526b1eb32d9061afd30fa86,3,1
Jupe Prada satin - Neuve avec etiquette - T40 (IT),945.7,Prada,S / IT 40 / EU 36,https://www.vinted.it/items/8272571699-jupe-prada-satin-neuve-avec-etiquette-t40-it?referrer=catalog,0,8272571699,Sold,27/02/2026 14:50:33,,https://images1.vinted.net/t/06_00cab_FeAagKiz2JSCnCr3LzVvWttf/310x430/1772200075.webp?s=65aeb734db0197b90430dda5af5247bdac78eefd,3,1
Sunglasses prada,158.2,Prada,0,https://www.vinted.it/items/8272434546-sunglasses-prada?referrer=catalog,0,8272434546,Sold,27/02/2026 14:50:33,,https://images1.vinted.net/t/01_01c39_6SyeNvJQ4QsALK2qfgUDtSPP/310x430/1772199113.webp?s=bde8b5520543307baee18a0c582e600324edd6c3,3,1
Occhiali Prada trasparenti non graduati,126.7,Prada,0,https://www.vinted.it/items/8269594789-occhiali-prada-trasparenti-non-graduati?referrer=catalog,0,8269594789,Sold,27/02/2026 14:50:33,,https://images1.vinted.net/t/01_00200_8hcAsXjHJZxVma2s6YUEfNT9/310x430/1772149352.webp?s=2348ee92ff78d7e5deff7542234fa4f53d9379f2,3,1
Prada Paradoxe Virtual Flower – Eau de Parfum – 90 ml,74.2,Prada,0,https://www.vinted.it/items/8272530292-prada-paradoxe-virtual-flower-eau-de-parfum-90-ml?referrer=catalog,0,8272530292,Sold,27/02/2026 14:50:33,,https://images1.vinted.net/t/04_01731_ex3x66KqbV7bcB8VsS3ZksdU/310x430/1772199788.webp?s=9a5eb024e4e9da36969a7bc5231ab422da66a69c,3,1
Prada,21.7,Prada,0,https://www.vinted.it/items/8272498844-prada?referrer=catalog,0,8272498844,Sold,27/02/2026 14:50:33,,https://images1.vinted.net/t/06_00f4c_uGs28rKKrbFdC6swG3CuwxQq/310x430/1772199569.webp?s=4f6411d583267d7cd9e563969b4174fdebbc80d7,3,1
Prada Cups,158.2,Prada,45,https://www.vinted.it/items/8272483952-prada-cups?referrer=catalog,1,8272483952,Sold,27/02/2026 14:50:33,,https://images1.vinted.net/t/01_02259_aaK9kACSq3WXC9sBpMJWJhPD/310x430/1772199464.webp?s=e8bde3363e8db8f67fd5d4507240907290a61735,3,1
Catalogo Natale Prada,16.45,No brand,0,https://www.vinted.it/items/8272458478-catalogo-natale-prada?referrer=catalog,0,8272458478,Sold,27/02/2026 14:50:33,,https://images1.vinted.net/t/06_00e7e_wPsCtLEFm4UXAatRzmXoi9xY/310x430/1772199284.webp?s=3ab4c64e4230187854c4a4b2e327cbe38019221d,3,1
Occhiali da sole Prada originali,74.2,Prada,0,https://www.vinted.it/items/8272448751-occhiali-da-sole-prada-originali?referrer=catalog,1,8272448751,Sold,27/02/2026 14:50:33,,https://images1.vinted.net/t/06_02213_X4CY9uDutjLrMaVYL9JcXMCK/310x430/1772199216.webp?s=9511c54966316caabbdb13f056566f90b5690737,3,1
Set 2 scatole Prada,32.2,Prada,0,https://www.vinted.it/items/8272447782-set-2-scatole-prada?referrer=catalog,0,8272447782,Sold,27/02/2026 14:50:33,,https://images1.vinted.net/t/04_02087_JcBiqdPDd6QRHnH6VC3C7YFi/310x430/1772199209.webp?s=01e7ff5cdcdea0a79b1b4a86a3ba008acde0a1f8,3,1
Set 2 scatole Prada,21.7,Prada,0,https://www.vinted.it/items/8272420226-set-2-scatole-prada?referrer=catalog,0,8272420226,Sold,27/02/2026 14:50:33,,https://images1.vinted.net/t/06_022d3_1QfBpaZTkGKf4TuXr4yiboo6/310x430/1772199011.webp?s=688ce556b17689600a74f04cb8d910e1a7b06136,3,1
Prada,137.2,Prada,43,https://www.vinted.it/items/8272407522-prada?referrer=catalog,1,8272407522,Sold,27/02/2026 14:50:33,,https://images1.vinted.net/t/04_01c4c_yMUG9VCMFKmoE6NXWRXqbCw2/310x430/1772198921.webp?s=53bd70b39821b2af6bfae0c133640d60a497105f,3,1
Prada re nylon Cargo Pants,515.2,Prada,L,https://www.vinted.it/items/8272407182-prada-re-nylon-cargo-pants?referrer=catalog,0,8272407182,Sold,27/02/2026 14:50:33,,https://images1.vinted.net/t/05_00e77_AHi5W188tCizWk87YDoZqPAe/310x430/1772198918.webp?s=67de062de72dfa7460731de8ec41d971faac211b,3,1
Set 5 scatole Prada,74.2,Prada,0,https://www.vinted.it/items/8272396568-set-5-scatole-prada?referrer=catalog,0,8272396568,Sold,27/02/2026 14:50:33,,https://images1.vinted.net/t/06_00772_rgeNgeqT9qGbZ9mZsfyhkMmP/310x430/1772198844.webp?s=c329ff1174ead5ab3f4906e385f2e53ba8618f66,3,1
Pantalone Prada,84.7,Prada,IT 42 | W32,https://www.vinted.it/items/8272114047-pantalone-prada?referrer=catalog,0,8272114047,Sold,27/02/2026 14:50:33,,https://images1.vinted.net/t/01_0047c_8YkJMnehMNc9w7PVJhkJvxrV/310x430/r1/1772196796.webp?s=840b3d6ad898d6b4d667de108b57ce6dd923f896,3,1
Étuis Prada,16.45,Prada,0,https://www.vinted.it/items/8272364415-etuis-prada?referrer=catalog,0,8272364415,Sold,27/02/2026 14:50:33,,https://images1.vinted.net/t/01_01b63_ZxZ4hkCaYHtgiz7BEksu8SzH/310x430/1772198614.webp?s=a1c05907db6e91579e5826ad2f80a471cb8c73ff,3,1
T-shirt Prada,410.2,Prada,XXS / IT 36 / EU 32,https://www.vinted.it/items/8272360182-t-shirt-prada?referrer=catalog,0,8272360182,Sold,27/02/2026 14:50:33,,https://images1.vinted.net/t/04_014a8_3FGUk7jpRBL7nAMS1YVso9eq/310x430/1772198584.webp?s=5d4bdcb42890e47a6df3544e53f58b14e320d7bf,3,1
Prada batteria LG + box,13.3,Prada,0,https://www.vinted.it/items/8272357272-prada-batteria-lg-box?referrer=catalog,0,8272357272,Sold,27/02/2026 14:50:33,,https://images1.vinted.net/t/06_0017e_2UTJiNqNYLHHAdoR9hj4eBot/310x430/1772198563.webp?s=7c2dff3af9a38f66df362fafba51599de3d981b2,3,1
Scarpe Prada Cloudbust mai usate come nuove,126.7,Prada,45,https://www.vinted.it/items/8272354565-scarpe-prada-cloudbust-mai-usate-come-nuove?referrer=catalog,0,8272354565,Sold,27/02/2026 14:50:33,,https://images1.vinted.net/t/04_0255d_22BzFcWAye62fMSCXiu3iwxq/310x430/1772198544.webp?s=b0ee0fa369699e75942544c5950fa16216b7c9a5,3,1
Sonnenbrille von Prada,126.7,Prada,0,https://www.vinted.it/items/8272344893-sonnenbrille-von-prada?referrer=catalog,1,8272344893,Sold,27/02/2026 14:50:33,,https://images1.vinted.net/t/06_001ad_TZSqqy22BR5BixEcZCtP5kSK/310x430/1772198476.webp?s=80e4a5b5d004d81d211d4680b23fb2521bc30131,3,1
Vestito rosso bambina,7.0,Agatha Ruiz de la Prada,9-12 mesi / 74 cm,https://www.vinted.it/items/8272334123-vestito-rosso-bambina?referrer=catalog,0,8272334123,Sold,27/02/2026 14:50:33,,https://images1.vinted.net/t/06_0193d_cJWzKkwbQGdV1JxTF6aaD38z/310x430/1772198397.webp?s=1949933441bb0343937b34b857d801320b6fe483,3,1
Prada Jacket Plissé Vintage Puffer,158.2,Prada,M / IT 42 / EU 38,https://www.vinted.it/items/8272326183-prada-jacket-plisse-vintage-puffer?referrer=catalog,0,8272326183,Sold,27/02/2026 14:50:33,,https://images1.vinted.net/t/01_0149c_NjmLipAGrX5RiEw6MszqzDfp/310x430/1772198339.webp?s=867c0479190f25a714e22378748c67a38cea1dcb,3,1
Prada paradoxe 90 ml,51.1,Prada,0,https://www.vinted.it/items/8272317723-prada-paradoxe-90-ml?referrer=catalog,0,8272317723,Sold,27/02/2026 14:50:33,,https://images1.vinted.net/t/06_01d51_ZTqVkA2WxgADece2Dk9Ja1fU/310x430/1772198278.webp?s=b63b0ff84a9cf2ceba8ee30baa51211705727ea0,3,1
Occhiali da sole PRADA,231.7,Prada,0,https://www.vinted.it/items/8272301786-occhiali-da-sole-prada?referrer=catalog,0,8272301786,Sold,27/02/2026 14:50:33,,https://images1.vinted.net/t/06_0156a_hgwP2oa6otyiA6ZNTyJXL75q/310x430/1772198163.webp?s=472d1db269effbec68fb64292c28d5386a6a5969,3,1
Pochette Prada,1.4707,Prada,0,https://www.vinted.it/items/8272300072-pochette-prada?referrer=catalog,0,8272300072,Sold,27/02/2026 14:50:33,,https://images1.vinted.net/t/05_00ccd_s7QZ841hncpSzYYHQQnZqy9J/310x430/1772198150.webp?s=b7db45dba9426d6914b95c323d636df431975cc7,3,1
Prada Paradoxe Intense Eau De Parfum 90ml,42.69,Prada,0,https://www.vinted.it/items/8272290394-prada-paradoxe-intense-eau-de-parfum-90ml?referrer=catalog,0,8272290394,Sold,27/02/2026 14:50:33,,https://images1.vinted.net/t/05_0150a_Xap4MuBZ6ZvA8UkkQ8kJvyT5/310x430/1772198079.webp?s=0be835b8e8c6f051cc83fb775bf57c3ecec4c02b,3,1
Occhiali da sole Prada,126.7,Prada,0,https://www.vinted.it/items/8272289927-occhiali-da-sole-prada?referrer=catalog,1,8272289927,Sold,27/02/2026 14:50:33,,https://images1.vinted.net/t/06_00140_75ovYCGDTXs2q8aw5HYuKjj2/310x430/1772198075.webp?s=13d9475301fbc5ee8836e01498601c3f60c6b90a,3,1
Prada garment bag,11.2,Prada,0,https://www.vinted.it/items/8272289833-prada-garment-bag?referrer=catalog,0,8272289833,Sold,27/02/2026 14:50:33,,https://images1.vinted.net/t/05_000c8_nSQJ7itUriQKY8KyXgLGfDyp/310x430/1772198075.webp?s=c0d42c3164b713668c5848f3a31627e49a1c0c56,3,1
Drap housse Agatha Ruiz de la Prada,16.45,Agatha Ruiz de la Prada,Matrimoniale (120-140 x 190-200 cm),https://www.vinted.it/items/8272280424-drap-housse-agatha-ruiz-de-la-prada?referrer=catalog,3,8272280424,Sold,27/02/2026 14:50:33,,https://images1.vinted.net/t/01_00ab8_zJLdkZGPeJUGY3Dtt6Su6knm/310x430/1772198007.webp?s=d65d27f092b9b983c07ed277890ca58898ead3c2,3,1
Veste Prada Monochrome Noire Nylon - État Neuf,284.2,Prada,L,https://www.vinted.it/items/8272266397-veste-prada-monochrome-noire-nylon-etat-neuf?referrer=catalog,1,8272266397,Sold,27/02/2026 14:50:33,,https://images1.vinted.net/t/06_00a71_XYx3NbbpVTtqDoH89NPzUiDZ/310x430/1772197905.webp?s=85fadccffe8ee862dde5d86da08390e0c67a6cde,3,1
Veste Prada Bi-matière Nylon et Molleton Zippée,284.2,Prada,M,https://www.vinted.it/items/8272244841-veste-prada-bi-matiere-nylon-et-molleton-zippee?referrer=catalog,2,8272244841,Sold,27/02/2026 14:50:33,,https://images1.vinted.net/t/05_01bda_7KvCtCwmWN7hHvpyqfNN3Dqw/310x430/1772197747.webp?s=213b6bb930dd0d648c7cf4fd4c710492e8b99714,3,1
Vinagrera de cristal,4.9,Agatha Ruiz de la Prada,0,https://www.vinted.it/items/8272243035-vinagrera-de-cristal?referrer=catalog,0,8272243035,Sold,27/02/2026 14:50:33,,https://images1.vinted.net/t/06_019b6_PuRkQBprMfqQRoi38bMRvjew/310x430/1772197734.webp?s=c02d4bd998cd4e95fed9ffad394ac136971e46a6,3,1
Miniperfum Prada 7ml,11.1,Prada,0,https://www.vinted.it/items/8272235377-miniperfum-prada-7ml?referrer=catalog,0,8272235377,Sold,27/02/2026 14:50:33,,https://images1.vinted.net/t/05_0178d_r7BDwEhwcy4uuVBryaR4HF9o/310x430/1772197679.webp?s=a2441514ad5f655e8a3a157c768751a4753c2e28,3,1
Prada Cups Größe 42!,79.45,Prada,42,https://www.vinted.it/items/8272165353-prada-cups-grosse-42?referrer=catalog,1,8272165353,Sold,27/02/2026 14:50:33,,https://images1.vinted.net/t/05_001bc_c6Lec3KQHuQCjCgE5KgNRXJR/310x430/1772197170.webp?s=36ea112c8ca1b356887431d579c16da759c5cc81,3,1
Prada taille 42,612.0,Prada,42,https://www.vinted.it/items/8276525973-prada-taille-42?referrer=catalog,1,8276525973,Sold,28/02/2026 02:13:35,,https://images1.vinted.net/t/05_02416_2pGiP34UhrQeGBUtuk5hXMpU/310x430/1772240623.webp?s=d0506ae4b24d526b15f4dfdd9e6e8a814369be81,3,1
Lunette de soleil prada,21.7,Prada,0,https://www.vinted.it/items/8276524206-lunette-de-soleil-prada?referrer=catalog,0,8276524206,Sold,28/02/2026 02:13:35,,https://images1.vinted.net/t/06_0050a_wdn1G2Xmc88MQFEEYyDkLHqC/310x430/1772240461.webp?s=7ac93e8bec8b14f186bdb1c091987ec6e54971aa,3,1
Casquette Prada,273.7,Prada,XL,https://www.vinted.it/items/8276521413-casquette-prada?referrer=catalog,0,8276521413,Sold,28/02/2026 02:13:35,,https://images1.vinted.net/t/05_0195c_qNvsM1prdz3mpkXiYtWrXgAk/310x430/1772240210.webp?s=e6d90bd3d9d882a3524f24e7cc037d6dd670dc9f,3,1
Parfum prada,11.2,Prada,0,https://www.vinted.it/items/8276503440-parfum-prada?referrer=catalog,0,8276503440,Sold,28/02/2026 02:13:35,,https://images1.vinted.net/t/06_01f0a_TRStHeDBHGTZKMxAtUtivek1/310x430/1772238837.webp?s=3e55f7109e7427b5805edd915f694792433b5816,3,1
Casquette prada vert menthe,42.7,No brand,M,https://www.vinted.it/items/8276503296-casquette-prada-vert-menthe?referrer=catalog,0,8276503296,Sold,28/02/2026 02:13:35,,https://images1.vinted.net/t/06_00cd3_Z6kH6basketnowJdWH5RfxWS/310x430/1772238828.webp?s=f7f57ae1bda5b6b8e5bf1a2d28711a30447d1001,3,1
Chaussures prada,126.7,Prada,42,https://www.vinted.it/items/8276500487-chaussures-prada?referrer=catalog,0,8276500487,Sold,28/02/2026 02:13:35,,https://images1.vinted.net/t/06_0252d_Kw77iw94Nbc5zVeN9hHAcN8k/310x430/1772238643.webp?s=7b79aa19d3dcda2ccfa49baabe0c26f9049e1dc7,3,1
Lunette Prada,1.75,Prada,0,https://www.vinted.it/items/8276463122-lunette-prada?referrer=catalog,0,8276463122,Sold,28/02/2026 02:13:35,,https://images1.vinted.net/t/02_0013d_Dpk3rzEJVJgSpcBq7tMBJS2x/310x430/1772236623.webp?s=62a464aa492908f5f145d7ed05096d1e843365f1,3,1
Gafas Pradas Nuevas,37.45,Prada,0,https://www.vinted.it/items/8283750262-gafas-pradas-nuevas?referrer=catalog,2,8283750262,Sold,28/02/2026 23:01:03,,https://images1.vinted.net/t/06_01739_Ct7zQHqMwT1e4ZUZQxYHhptK/310x430/1772308956.webp?s=c906e2d66d710a8539f76b356240f256f9c04a78,3,1
Pantalon femme,126.7,Prada,L / IT 44 / EU 40,https://www.vinted.it/items/8284341608-pantalon-femme?referrer=catalog,1,8284341608,Sold,28/02/2026 23:01:03,,https://images1.vinted.net/t/06_013d9_Vsh9d1BFanTVu8v3vHPFZeHv/310x430/1772315245.webp?s=bc11fb53d3b094c9ef5e28b46f88d3d0f30f9868,3,1
Eau de parfum 90 ml Prada,84.7,Prada,0,https://www.vinted.it/items/8284332957-eau-de-parfum-90-ml-prada?referrer=catalog,1,8284332957,Sold,28/02/2026 23:01:03,,https://images1.vinted.net/t/05_003d9_hZbXbHUvDchHwTeZUs8Z2NAk/310x430/1772315128.webp?s=ed820a448e213b1712dc0471e2d775ff08e41b87,3,1
Mini falda Prada,147.7,Prada,XL / IT 46 / EU 42,https://www.vinted.it/items/8284321461-mini-falda-prada?referrer=catalog,0,8284321461,Sold,28/02/2026 23:01:03,,https://images1.vinted.net/t/05_0156a_YDEvRK6YnYCHtgpGSqRHRnnE/310x430/1772314977.webp?s=0eb8d358492b02615ec4b030aefd2a7489aae6ad,3,1
Prada,105.69,Prada,0,https://www.vinted.it/items/8284320896-prada?referrer=catalog,0,8284320896,Sold,28/02/2026 23:01:03,,https://images1.vinted.net/t/06_021ec_LKjwSTa9rJi2aSqRXEVQqQP6/310x430/1772314971.webp?s=d870eeb398fc52e13eac51b8eae63e028fbcf351,3,1
Perfume Candy Prada,47.95,Prada,0,https://www.vinted.it/items/8283286507-perfume-candy-prada?referrer=catalog,0,8283286507,Sold,28/02/2026 23:01:03,,https://images1.vinted.net/t/03_018a1_HYwMJ6rTdGgVUBiSATTugVFK/310x430/1772305327.webp?s=3fa125a432d710c0dfad49e690ab05d10b9de83b,3,1
Coppia portascarpe Prada,21.7,Prada,0,https://www.vinted.it/items/8284310908-coppia-portascarpe-prada?referrer=catalog,0,8284310908,Sold,28/02/2026 23:01:03,,https://images1.vinted.net/t/04_007bc_VefWN7EEJrLR6sZiSDfaoUcd/310x430/1772314841.webp?s=1f3e4f66e26a01134490d79d18383ea5787db29f,3,1
Prada Candy Gloss Eau de Toilette 30ml Neu,58.45,Prada,0,https://www.vinted.it/items/8284308442-prada-candy-gloss-eau-de-toilette-30ml-neu?referrer=catalog,0,8284308442,Sold,28/02/2026 23:01:03,,https://images1.vinted.net/t/06_017f0_Yh54gZ4d9cSR1W8MLLzzDosy/310x430/1772314809.webp?s=e3546a789c02375bb3c78a5e720daf3bbea03137,3,1
Prada jacket nylon blue,1.122,Prada,S,https://www.vinted.it/items/8284280807-prada-jacket-nylon-blue?referrer=catalog,0,8284280807,Sold,28/02/2026 23:01:03,,https://images1.vinted.net/t/06_00d8e_SmbmW5iw5AcXjUKTroiJDqxq/310x430/1772314451.webp?s=15902ef486fbb1e42372493f390de5aed57e1531,3,1
Prada Psychedelic Track Jacket 2019,714.0,Prada,S,https://www.vinted.it/items/8284279862-prada-psychedelic-track-jacket-2019?referrer=catalog,0,8284279862,Sold,28/02/2026 23:01:03,,https://images1.vinted.net/t/03_00cc5_b3xaZbwNMvprQrpi64t9TJzD/310x430/1772314438.webp?s=bb65ffeaeaa1d1de7bfda368561a2ecdca0b90ae,3,1
Bolso,15.4,Agatha Ruiz de la Prada,0,https://www.vinted.it/items/8284274225-bolso?referrer=catalog,1,8284274225,Sold,28/02/2026 23:01:03,,https://images1.vinted.net/t/05_00ebc_fuHXwVe5tV1r8Cpq32bPkeJo/310x430/1772314367.webp?s=598a30f4cc1e168745b11a70bdae52ba5b8a226d,3,1
Prada espejo tamaño bolso con funda,58.45,Prada,0,https://www.vinted.it/items/8284264210-prada-espejo-tamano-bolso-con-funda?referrer=catalog,0,8284264210,Sold,28/02/2026 23:01:03,,https://images1.vinted.net/t/05_00072_xWJbgqioHZJQSxcyVcixC42r/310x430/1772314240.webp?s=b5eac79a76d5028ade01d1eb08a69bead3c0b838,3,1
Gafas Prada,84.7,Prada,0,https://www.vinted.it/items/8284256277-gafas-prada?referrer=catalog,0,8284256277,Sold,28/02/2026 23:01:03,,https://images1.vinted.net/t/06_014e8_ibnQMYp8aTnJs8kSTV11ehKE/310x430/1772314142.webp?s=b68bcaca6854536f0cf34d29b02302576206c31e,3,1
Prada Daunenjacke neu Gr. 10y/140-146,126.7,Prada,11 anni / 146 cm,https://www.vinted.it/items/8284248008-prada-daunenjacke-neu-gr-10y140-146?referrer=catalog,0,8284248008,Sold,28/02/2026 23:01:03,,https://images1.vinted.net/t/06_00c97_gz1Nny5BYKrrZbUvuqD8vF9U/310x430/1772314044.webp?s=6b090ff3cb336cc587396b4a5350abbdb674bf43,3,1
Prada Luna Rossa Ocean Parfum Mini,18.03,Prada,0,https://www.vinted.it/items/8284249753-prada-luna-rossa-ocean-parfum-mini?referrer=catalog,0,8284249753,Sold,28/02/2026 23:01:03,,https://images1.vinted.net/t/05_016cb_DCfTziw7HogGavb2seX2evvt/310x430/1772314064.webp?s=13d32dbf313d67156da5213ea9689dd197ac3927,3,1
Occhiali da sole prada,42.7,Prata,0,https://www.vinted.it/items/8284247448-occhiali-da-sole-prada?referrer=catalog,10,8284247448,Sold,28/02/2026 23:01:03,,https://images1.vinted.net/t/06_010bb_i7DtANdcx7sjAoadX7zqEnTQ/310x430/1772314037.webp?s=4ad40ed301d2ef3954770adab58b3ff621e07b7d,3,1
Prada Paradox,53.2,Prada,0,https://www.vinted.it/items/8284238601-prada-paradox?referrer=catalog,0,8284238601,Sold,28/02/2026 23:01:03,,https://images1.vinted.net/t/06_0047b_5HE2RB2EoZxCpMYNgq8bkcW6/310x430/1772313929.webp?s=22449cdbce7b0eb87046af33169bf2d119645058,3,1
Long coat Prada Milano,21.7,Milano,M / IT 42 / EU 38,https://www.vinted.it/items/8284230365-long-coat-prada-milano?referrer=catalog,3,8284230365,Sold,28/02/2026 23:01:03,,https://images1.vinted.net/t/04_015e3_wXkCybhpcYs3Lak4fW7mmezx/310x430/1772313831.webp?s=99243ff7fdd772334f31dc1e3f8486b80e4cb87b,3,1
Sunglasses Prada,104.65,Prada,0,https://www.vinted.it/items/8284227872-sunglasses-prada?referrer=catalog,1,8284227872,Sold,28/02/2026 23:01:03,,https://images1.vinted.net/t/05_012dd_YkE3zmZbw5Cz7kUwzEEu5tjk/310x430/1772313802.webp?s=c91eba747551b94cc0dcc289d64d45eae00591bf,3,1
Occhiali da sole Prada,158.2,Prada,0,https://www.vinted.it/items/8284207300-occhiali-da-sole-prada?referrer=catalog,0,8284207300,Sold,28/02/2026 23:01:03,,https://images1.vinted.net/t/05_006dd_YCowTuXTXdfst9GfE5UKvSRX/310x430/1772313558.webp?s=48a98bb581fc97671febf525a0c91cd870f0fa5a,3,1
Lunette prada,221.2,Prada,0,https://www.vinted.it/items/8284192421-lunette-prada?referrer=catalog,0,8284192421,Sold,28/02/2026 23:01:03,,https://images1.vinted.net/t/05_0155a_2G2gFrKwfwiNvajdoLv5JaRw/310x430/1772313385.webp?s=78d7a6f4851f7dc17738c7031e81b07e8f25ca5e,3,1
Porta carte Prada,263.2,Prada,0,https://www.vinted.it/items/8284191637-porta-carte-prada?referrer=catalog,0,8284191637,Sold,28/02/2026 23:01:03,,https://images1.vinted.net/t/01_00169_KUPdy1EVqCM4oXu1w3uBreEx/310x430/1772313376.webp?s=081d41f876b0ef9d04af9d7f2acdf8a77a6cc671,3,1
Pelletteria Prada,126.7,Prada,0,https://www.vinted.it/items/8284182169-pelletteria-prada?referrer=catalog,1,8284182169,Sold,28/02/2026 23:01:03,,https://images1.vinted.net/t/01_02465_JUgrW2UnVCqY8vqmYA2u4o7T/310x430/1772313266.webp?s=080c88a098764ec9ac738aa144de70aed65139a8,3,1
Prada cup top qualité 🥇 envoi express,147.7,Prada,46,https://www.vinted.it/items/8284179910-prada-cup-top-qualite-envoi-express?referrer=catalog,1,8284179910,Sold,28/02/2026 23:01:03,,https://images1.vinted.net/t/06_00a15_Ptjd1CCDmrR8wEYFCXM44wGA/310x430/1772313241.webp?s=4242b616c9a5852b6ff3bef6d65ff568a4f264c5,3,1
Prada cup top qualité 🥇 envoi express 2j,147.7,Prada,41,https://www.vinted.it/items/8284165469-prada-cup-top-qualite-envoi-express-2j?referrer=catalog,2,8284165469,Sold,28/02/2026 23:01:03,,https://images1.vinted.net/t/04_01d1e_eLcEdNa2nK9FjSsRwfoWniX1/310x430/1772313075.webp?s=3188130f652d5a95fbcabc967d4a3e17aad170ea,3,1
Prada cup top qualité 🥇envoi express2j,147.7,Prada,42,https://www.vinted.it/items/8284155866-prada-cup-top-qualite-envoi-express2j?referrer=catalog,1,8284155866,Sold,28/02/2026 23:01:03,,https://images1.vinted.net/t/05_0224b_GUrXSn21CvbQUviWvVnZJfJx/310x430/1772312968.webp?s=eb060757a32c2e9bbaa621bd373781261241620a,3,1
Prada cup gris anthracite,209.65,Prada,42,https://www.vinted.it/items/8284153104-prada-cup-gris-anthracite?referrer=catalog,0,8284153104,Sold,28/02/2026 23:01:03,,https://images1.vinted.net/t/01_0117b_3NEvqcYt423MvbJdnWMYtjZe/310x430/1772312937.webp?s=4b0159a5d37df9c713ce913804902dacce67529a,3,1
Lunette prada,74.2,Prada,0,https://www.vinted.it/items/8284117851-lunette-prada?referrer=catalog,0,8284117851,Sold,28/02/2026 23:01:03,,https://images1.vinted.net/t/06_01481_avE182zf4nKMKbUY1eGVG9Ab/310x430/1772312549.webp?s=d5cb3e12d5068181c24d9bb459f9aa0bf80ae5e8,3,1
Prada boots monolith Chelsea,105.7,Boots,38,https://www.vinted.it/items/8284107500-prada-boots-monolith-chelsea?referrer=catalog,8,8284107500,Sold,28/02/2026 23:01:03,,https://images1.vinted.net/t/01_00487_3LXVcMuKvCJapDb6bB5J48ms/310x430/1772312438.webp?s=41bb0367d25a2472dfe23b6544b6a7951be832ab,3,1
Lunette de soleil prada,21.7,Prada,0,https://www.vinted.it/items/8284099990-lunette-de-soleil-prada?referrer=catalog,22,8284099990,Sold,28/02/2026 23:01:03,,https://images1.vinted.net/t/01_016b8_MREhYwZJ8qyqWbaA2vgmDpo1/310x430/1772312357.webp?s=83001986b1170afe790784ae9ae48fcade5e3d36,3,1
Prada Lunettes de soleil homme,368.2,Prada,0,https://www.vinted.it/items/8284065153-prada-lunettes-de-soleil-homme?referrer=catalog,0,8284065153,Sold,28/02/2026 23:01:03,,https://images1.vinted.net/t/04_00e99_AvXBudnxWfAp4J5nmUp5Cmms/310x430/1772311996.webp?s=65a128fed09f88ad90963a5b6f2088bc688532bf,3,1
Jean Prada  blanc lait,168.7,Prada,M / IT 42 / EU 38,https://www.vinted.it/items/8284061290-jean-prada-blanc-lait?referrer=catalog,0,8284061290,Sold,28/02/2026 23:01:03,,https://images1.vinted.net/t/06_0095c_t3wfLx9VHxAboSvJNcWpgrUr/310x430/1772311957.webp?s=61208532740feed53720402d52dd5268151129f5,3,1
Conjunto de vestido mais meia calça 9-12,7.0,Agatha Ruiz de la Prada,9-12 mesi / 74 cm,https://www.vinted.it/items/8284039574-conjunto-de-vestido-mais-meia-calca-9-12?referrer=catalog,1,8284039574,Sold,28/02/2026 23:01:03,,https://images1.vinted.net/t/01_01e74_W4sKeKHr8MMPQUSuWQbCJKXx/310x430/1772312050.webp?s=6151d6618603359c9b6178207b394b177d05ad4f,3,1
Lote talla 18 son nuevas,11.2,Agatha Ruiz de la Prada,18,https://www.vinted.it/items/8284044879-lote-talla-18-son-nuevas?referrer=catalog,2,8284044879,Sold,28/02/2026 23:01:03,,https://images1.vinted.net/t/01_012ac_MhfWvkCuN1i13Pf8LdBmGNVX/310x430/1772311787.webp?s=3b6a3817adad229e251e9baf4fdd15330bf57053,3,1
Caneca O Diabo Veste Prada - Nova,9.1,No brand,0,https://www.vinted.it/items/8283349166-caneca-o-diabo-veste-prada-nova?referrer=catalog,0,8283349166,Sold,28/02/2026 23:01:03,,https://images1.vinted.net/t/01_00f91_iKvv8FeawahZypddVHy6HjDv/310x430/1772305452.webp?s=1d8d9c74b24e0b31e43cd0bc19461f73d73febf0,3,1
Prada Borsa Tessuto + Saffian,420.7,Prada,0,https://www.vinted.it/items/8281989025-prada-borsa-tessuto-saffian?referrer=catalog,23,8281989025,Sold,28/02/2026 23:01:03,,https://images1.vinted.net/t/05_01e74_pHa6kcf4qWkvBNeXtALJXgFT/310x430/1772308212.webp?s=243a7c4f7d56dcebbc43ce8c7b2a06dceb7e38b6,3,1
Occhiali da sole prada,42.7,Prada,0,https://www.vinted.it/items/8283333269-occhiali-da-sole-prada?referrer=catalog,6,8283333269,Sold,28/02/2026 23:01:03,,https://images1.vinted.net/t/06_00ee3_dTZxTnBabxsJaT9CqC7g3jYp/310x430/1772305315.webp?s=f3aa0a15568ce8c86b5805ab8ddb79761e54f801,3,1
Tuta Prada 100% originale,304.15,Prada,XS / IT 38 / EU 34,https://www.vinted.it/items/8283331771-tuta-prada-100-originale?referrer=catalog,0,8283331771,Sold,28/02/2026 23:01:03,,https://images1.vinted.net/t/05_02256_LAc814pky4J1XXTwUqRXADhi/310x430/1772305303.webp?s=da27fb025013abc24e1a1f2139027917a815266a,3,1
Bañador hombre Prada beige,315.7,Beige,L,https://www.vinted.it/items/8283328330-banador-hombre-prada-beige?referrer=catalog,0,8283328330,Sold,28/02/2026 23:01:03,,https://images1.vinted.net/t/06_00f04_2bwVFWem9GCNjnMRbavwtweM/310x430/1772305275.webp?s=38785e9f88c1ca38c3fdd180a4c8802fc8620e9f,3,1
Charms prada,21.7,Prada,0,https://www.vinted.it/items/8283319688-charms-prada?referrer=catalog,1,8283319688,Sold,28/02/2026 23:01:03,,https://images1.vinted.net/t/05_00e97_Zh3jz6RejfmrLtAMDmfNkmea/310x430/1772305202.webp?s=9ebdd911580f32e70c6d1a5c8fe92ea175691470,3,1
lunette prada,105.7,Prada,0,https://www.vinted.it/items/8283312285-lunette-prada?referrer=catalog,2,8283312285,Sold,28/02/2026 23:01:03,,https://images1.vinted.net/t/03_0207d_s7H98DLLQsmSiTsMCFc5k5we/310x430/1772305141.webp?s=a2d8192209e59b5c2da59463e954394d13185ad8,3,1
Verkaufe meine tolle Schuhe vom,83.65,Prada,40,https://www.vinted.it/items/8283297096-verkaufe-meine-tolle-schuhe-vom-prada?referrer=catalog,10,8283297096,Sold,28/02/2026 23:01:03,,https://images1.vinted.net/t/06_01c84_nCGbPbYkAt4roc3a7yb5SCWM/310x430/1772305013.webp?s=303b885d78dde64077f03c861145dc11d4a0e64b,3,1
Camiseta ajustada Prada Vintage,210.7,Prada,S / IT 40 / EU 36,https://www.vinted.it/items/8283292979-camiseta-ajustada-prada-vintage?referrer=catalog,2,8283292979,Sold,28/02/2026 23:01:03,,https://images1.vinted.net/t/01_0073a_3zKRuMfbhPv7T2HfZPrxXkS4/310x430/1772304978.webp?s=71a92c5d018eab3aae895d9c2296641a16ce9edd,3,1
Scatola regalo Prada,7.0,Prada,0,https://www.vinted.it/items/8283291312-scatola-regalo-prada?referrer=catalog,1,8283291312,Sold,28/02/2026 23:01:03,,https://images1.vinted.net/t/05_01856_ChjGwdWFjGx43mXHMWsdizdo/310x430/r3/1772304964.webp?s=cf17bffe5c3eefb949f605b6ce3223400da799db,3,1
Les infusions de PRADA,32.2,Prada,0,https://www.vinted.it/items/8283286367-les-infusions-de-prada?referrer=catalog,2,8283286367,Sold,28/02/2026 23:01:03,,https://images1.vinted.net/t/01_00366_h1Tdv3dMCQsWxvMbSeCC9ao7/310x430/1772304923.webp?s=23ed8209edee06689b773db9ece8c39670f69056,3,1
Prada L'home,7.0,Prada,0,https://www.vinted.it/items/8283275046-prada-lhome?referrer=catalog,3,8283275046,Sold,28/02/2026 23:01:03,,https://images1.vinted.net/t/04_02305_QcQEbTEdTcSVqwYZ9fv9YZD3/310x430/1772304828.webp?s=2d5518316a11f4aed42f8b21c440be83fb05aeee,3,1
Candy Sugar Pop de Prada,52.15,Prada,0,https://www.vinted.it/items/8283269565-candy-sugar-pop-de-prada?referrer=catalog,0,8283269565,Sold,28/02/2026 23:01:03,,https://images1.vinted.net/t/06_0209b_Bse6yHqdiHVY6r5QChRmH52y/310x430/1772304784.webp?s=0f49350c36a8e9f168fd32a4e276c14989d1bf6e,3,1
Parfum paradoxe,53.2,PRADA Paradoxe,0,https://www.vinted.it/items/8283246361-parfum-paradoxe?referrer=catalog,9,8283246361,Sold,28/02/2026 23:01:03,,https://images1.vinted.net/t/03_00489_NhbkDCjiKDimiUKXJiRHws2M/310x430/r3/1772304593.webp?s=f3eee4131926b2e409852175b7864ca6203a43b8,3,1
Livro “Prada”,11.2,No brand,0,https://www.vinted.it/items/8283238267-livro-prada?referrer=catalog,1,8283238267,Sold,28/02/2026 23:01:03,,https://images1.vinted.net/t/05_010a9_4suobuXCxFXWHWYDVnd9vrUT/310x430/1772304529.webp?s=b55aebf4da64a196f9188bf5c9a16f05d40ec001,3,1
Profumo,47.95,Prada,0,https://www.vinted.it/items/8283226166-profumo?referrer=catalog,1,8283226166,Sold,28/02/2026 23:01:03,,https://images1.vinted.net/t/01_01bf6_5akyPGgDZSLyWHhZ7dqvfc5T/310x430/1772304432.webp?s=51b70f46dd5806f27bd53f3b2b490d81915a5bbb,3,1
Prada cup,158.2,Prada,42,https://www.vinted.it/items/8283205817-prada-cup?referrer=catalog,2,8283205817,Sold,28/02/2026 23:01:03,,https://images1.vinted.net/t/01_0209e_FMcAnxukrDZGF5ttoCTEB9Qq/310x430/1772304270.webp?s=5b74e2f1a7390112a895894cf60405dbf69caf11,3,1
Occhiali Prada,89.95,Prada,0,https://www.vinted.it/items/8283181031-occhiali-prada?referrer=catalog,0,8283181031,Sold,28/02/2026 23:01:03,,https://images1.vinted.net/t/06_009ec_oRAhWEuSErYaC8ztoQzfKo5S/310x430/1772304071.webp?s=d813615fe7df38b2c36bb3d9d003adcb6046d912,3,1
Sciarpa cashmere Prada uomo,314.65,Prada,0,https://www.vinted.it/items/8283154472-sciarpa-cashmere-prada-uomo?referrer=catalog,1,8283154472,Sold,28/02/2026 23:01:03,,https://images1.vinted.net/t/05_01442_rxyHffmNjAU6zyKkJTvDSZbN/310x430/1772303862.webp?s=f72e03e66f7e3e7a81b6c68433ac6a87c4a1bd99,3,1
Prada paradoxe virtual flower 90ml,41.65,Prada,0,https://www.vinted.it/items/8283146589-prada-paradoxe-virtual-flower-90ml?referrer=catalog,5,8283146589,Sold,28/02/2026 23:01:03,,https://images1.vinted.net/t/05_01de1_2Zo7TttKpYU36S8txUR1htHi/310x430/1772303800.webp?s=121b4e6b83450de760c6caf90c1bd6d65963bb46,3,1
Parfum miniature pour collection,29.05,Prada,0,https://www.vinted.it/items/8283140893-parfum-miniature-pour-collection?referrer=catalog,6,8283140893,Sold,28/02/2026 23:01:03,,https://images1.vinted.net/t/01_01713_MVocYfTgSAGmy25ctjj8qkGZ/310x430/1772303755.webp?s=a54263ba53d8f1d5c0ab0b14ab1f7f04371f6e7f,3,1
Prada Spiegel,53.2,Prada,0,https://www.vinted.it/items/8269421910-prada-spiegel?referrer=catalog,0,8269421910,Sold,27/02/2026 15:34:03,,https://images1.vinted.net/t/05_000f1_p15a7Z1GcrhAdFvtPDNtjk1C/310x430/1772144645.webp?s=7f44a13c69e853c41910e86049d24c651cef1bcc,4,4
Prada Emblème Gialla,1.836,Prada,0,https://www.vinted.it/items/8269411761-prada-embleme-gialla?referrer=catalog,3,8269411761,Sold,27/02/2026 15:34:03,,https://images1.vinted.net/t/05_02300_pAexjGCpgxvmNBEe6wQMr9DC/310x430/1772144455.webp?s=ad97a4676323aefd060aff45a84379eb32ac8f83,4,4
Très belle lunettes de soleil marque prada,263.2,Prada,0,https://www.vinted.it/items/8267479271-tres-belle-lunettes-de-soleil-marque-prada?referrer=catalog,1,8267479271,Sold,27/02/2026 15:34:03,,https://images1.vinted.net/t/01_0137c_YiBkKqXbSFqDcN6oXjFDQwQR/310x430/1772126599.webp?s=a6cf2459c4633b0cac1cf169db734897115ca2bc,4,4
Prada Paradoxe,79.45,Prada,0,https://www.vinted.it/items/8269375485-prada-paradoxe?referrer=catalog,0,8269375485,Sold,27/02/2026 15:34:03,,https://images1.vinted.net/t/01_01c96_zB35PtmYZSi8DvhA9F8wspUT/310x430/1772143843.webp?s=2052d184119a65e648e88dac161c8aed89e959a4,4,4
Sandali Soft di Prada,410.2,Prada,36,https://www.vinted.it/items/8269343372-sandali-soft-di-prada?referrer=catalog,14,8269343372,Sold,27/02/2026 15:34:03,,https://images1.vinted.net/t/06_01f6a_Dem39pQWGN1F42QhbkaRP8eS/310x430/1772143336.webp?s=627c8841a8f82748cf4457d4c5d04b670dac80fe,4,4
Montures prada,84.7,Prada,0,https://www.vinted.it/items/8269339563-montures-prada?referrer=catalog,0,8269339563,Sold,27/02/2026 15:34:03,,https://images1.vinted.net/t/05_026a0_DB5U86T6sTdCv4QcGpip5cFw/310x430/1772143278.webp?s=05db64e69afd4bf4f7afdb551326c84b7ee0831b,4,4
Brille von Prada,126.7,Prada,0,https://www.vinted.it/items/8269309462-brille-von-prada?referrer=catalog,15,8269309462,Sold,27/02/2026 15:34:03,,https://images1.vinted.net/t/05_01fea_zHwDuudMWykK8xkuaGSbxeNM/310x430/1772143007.webp?s=b3fc1e90ee957e9d2bf64d61fa84f26403d09ba4,4,4
Portachiavi prada originale con scatolo,83.65,Prada,0,https://www.vinted.it/items/8240370622-portachiavi-prada-originale-con-scatolo?referrer=catalog,1,8240370622,Sold,27/02/2026 15:34:03,,https://images1.vinted.net/t/06_01e85_gb9HwM2RQTgDia7MU29LpxBr/310x430/1771796561.webp?s=44a73f8ccd7759e8884e6023876ebbd8c6abeeee,4,4
prada gloss teinte b210 brown 8ml,42.7,Prada,0,https://www.vinted.it/items/8269280875-prada-gloss-teinte-b210-brown-8ml?referrer=catalog,0,8269280875,Sold,27/02/2026 15:34:03,,https://images1.vinted.net/t/01_00c53_AtL1NDc8VAi9k2kGwo7qbH1L/310x430/1772142432.webp?s=c9603b18a5875b6d9676321b4b5bad8917bcd7b8,4,4
Paires prada,84.7,Prada,40,https://www.vinted.it/items/8269264192-paires-prada?referrer=catalog,1,8269264192,Sold,27/02/2026 15:34:03,,https://images1.vinted.net/t/05_01b71_dJTsB1afyQ7VUvQ4JxmhKywz/310x430/1772142209.webp?s=d461453bda37a3beaf80faea57efbb260adbefe0,4,4
Prada Paradoxe Virtual Flower,58.45,Prada,0,https://www.vinted.it/items/8269259303-prada-paradoxe-virtual-flower?referrer=catalog,3,8269259303,Sold,27/02/2026 15:34:03,,https://images1.vinted.net/t/04_01352_8qtDtdPUamjB5d44gvuxt7qK/310x430/1772142145.webp?s=300dd097a5e5cf9289cbb6c74df1641984b159ea,4,4
Prada Paradoxe,95.2,Prada,0,https://www.vinted.it/items/8269258265-prada-paradoxe?referrer=catalog,0,8269258265,Sold,27/02/2026 15:34:03,,https://images1.vinted.net/t/01_0140d_Cx4wLZk6NVb9fGr8PXftapWq/310x430/1772142132.webp?s=c8ab0d2fc9485b59e5532c24eee9e1f9014671d9,4,4
Shopper Prada Nera,918.0,Prada,0,https://www.vinted.it/items/8269249445-shopper-prada-nera?referrer=catalog,12,8269249445,Sold,27/02/2026 15:34:03,,https://images1.vinted.net/t/05_01a48_j335fw7rh3MT8sSS37YPeGHA/310x430/1772142018.webp?s=07f1be063a1a0686935b1fb8d3b8e4f5585fb79c,4,4
Pantalone elegante Prada Lana Vergine,63.7,Prada,L,https://www.vinted.it/items/8240336370-pantalone-elegante-prada-lana-vergine?referrer=catalog,4,8240336370,Sold,27/02/2026 15:34:03,,https://images1.vinted.net/t/06_0119b_rzZMvtgDUPiHvzoqKEQhQZAx/310x430/1771796172.webp?s=65669b9af3ba73e1bdf8774af8b1221c4da87be1,4,4
Parfum Prada paradoxe,63.7,Prada,0,https://www.vinted.it/items/8269246996-parfum-prada-paradoxe?referrer=catalog,1,8269246996,Sold,27/02/2026 15:34:03,,https://images1.vinted.net/t/05_00848_UTVzmH183CQS79WJoyPgLweZ/310x430/1772141989.webp?s=2f5c1530df53f4889b796a385866f7905a6b55d4,4,4
Lunette de soleil Prada cristal modèle mixte,194.95,Prada,0,https://www.vinted.it/items/8269239160-lunette-de-soleil-prada-cristal-modele-mixte?referrer=catalog,13,8269239160,Sold,27/02/2026 15:34:03,,https://images1.vinted.net/t/05_02272_X2anbdVJmdp2YTuhx36xRa91/310x430/1772141888.webp?s=4821ddd5bbbe17519802f79ecc7cb2c3f2022c83,4,4
Prada La Femme L'Eau Eau de Toilette 100ml,58.45,Prada,0,https://www.vinted.it/items/8269158121-prada-la-femme-leau-eau-de-toilette-100ml?referrer=catalog,0,8269158121,Sold,27/02/2026 15:34:03,,https://images1.vinted.net/t/06_01191_7xsDCg5V4To9SzYf28z4nJna/310x430/1772140917.webp?s=f64a5f52b953856838cab67944b1d531cfbe0492,4,4
Óculos prada,199.15,Prada,0,https://www.vinted.it/items/8269135831-oculos-prada?referrer=catalog,1,8269135831,Sold,27/02/2026 15:34:03,,https://images1.vinted.net/t/06_008af_U6ZgF9cHJXxUUKRurdBDje3Z/310x430/1772140667.webp?s=c1233de4d919407bbdb4e386a9ca7ae030a1656e,4,4
Prada Luna Rossa Shirt,106.75,Luna Rossa,L,https://www.vinted.it/items/8279900710-prada-luna-rossa-shirt?referrer=catalog,1,8279900710,On Sale,01/03/2026 00:24:27,,https://images1.vinted.net/t/06_0165d_1E2V9YUxy5nfQ8cPptZVheyc/310x430/1772285215.webp?s=e44dbd3d99f07ca876bcf05db0504678dab60b54,4,4
Prada Luna Rossa Shirt,106.75,Luna Rossa,M,https://www.vinted.it/items/8279893535-prada-luna-rossa-shirt?referrer=catalog,0,8279893535,On Sale,01/03/2026 00:24:27,,https://images1.vinted.net/t/05_003f4_6T81FWAK2SQibh7jV7UERsjA/310x430/1772285176.webp?s=f163da3cbab16aecb3701edd1e29ccc8e9633517,4,4
Prada t-shirt,37.45,Prada,S,https://www.vinted.it/items/8279892361-prada-t-shirt?referrer=catalog,0,8279892361,On Sale,01/03/2026 00:24:27,,https://images1.vinted.net/t/06_0266f_eLsHHnfh8RX39a9qW6N9sXwp/310x430/1772285169.webp?s=5b55b5887d327b125b3947b71744cc72f3bac445,4,4
Prada Luna Rossa Shirt,106.75,Luna Rossa,M,https://www.vinted.it/items/8279880328-prada-luna-rossa-shirt?referrer=catalog,2,8279880328,On Sale,01/03/2026 00:24:27,,https://images1.vinted.net/t/04_01c10_G63U2pRbNSzEqGJLHXmQXmco/310x430/1772285103.webp?s=e4c19f65550b5d8ad61c2744ce404c124a59a9c1,4,4
Prada Sonnenbrille,305.2,Prada,0,https://www.vinted.it/items/8279873728-prada-sonnenbrille?referrer=catalog,10,8279873728,On Sale,01/03/2026 00:24:27,,https://images1.vinted.net/t/05_006b3_MPrvi4x3wi1ktV7zUFmAF19H/310x430/1772285067.webp?s=4ab47708356c1811e3dad2604feca43064d3cad9,4,4
Prada Luna Rossa Shirt,106.75,Luna Rossa,M,https://www.vinted.it/items/8279865697-prada-luna-rossa-shirt?referrer=catalog,4,8279865697,On Sale,01/03/2026 00:24:27,,https://images1.vinted.net/t/06_00a85_LB9bSSEUqP4W1rEvh3MNLTDt/310x430/1772285023.webp?s=3f65bc0ff8113389f90fa98b3a0ead021757276d,4,4
Cravatta Prada,116.2,Prada,0,https://www.vinted.it/items/8279864781-cravatta-prada?referrer=catalog,3,8279864781,On Sale,01/03/2026 00:24:27,,https://images1.vinted.net/t/05_0239b_o9QmiCB6GNT7gNvtCM4fXJYG/310x430/1772285018.webp?s=151d69e2b0271d8752d687f183d04b7a245aaee0,4,4
Parfum Paradoxe Prada,105.7,Prada,0,https://www.vinted.it/items/8279660646-parfum-paradoxe-prada?referrer=catalog,0,8279660646,On Sale,01/03/2026 00:24:27,,https://images1.vinted.net/t/06_0229b_rcZCoHV3MDBxmmAdS7s46Ku1/310x430/1772283893.webp?s=47bd9b3398c4a328d8ec726dbf95828592e31b42,4,4
prada gilet pour homme,473.2,Prada,L,https://www.vinted.it/items/8279826431-prada-gilet-pour-homme?referrer=catalog,9,8279826431,On Sale,01/03/2026 00:24:27,,https://images1.vinted.net/t/04_00969_nWoA7bHXn9j6eCej9wSVarR4/310x430/1772284808.webp?s=df5b2d1ecaae04e1aed114b7813800755f4a0ee3,4,4
Prada cups hellblau,74.2,Prada,44,https://www.vinted.it/items/8279819935-prada-cups-hellblau?referrer=catalog,4,8279819935,On Sale,01/03/2026 00:24:27,,https://images1.vinted.net/t/05_0238d_SAnznUpZwWwPpTnzWHE6sgz8/310x430/1772284772.webp?s=d2089d43a846a30cf93842a7cb36111aea4cfb96,4,4
Parfum Prada Paradoxe 50 ml neuf,68.95,Prada,0,https://www.vinted.it/items/8270752400-parfum-prada-paradoxe-50-ml-neuf?referrer=catalog,0,8270752400,Sold,27/02/2026 15:33:13,,https://images1.vinted.net/t/01_021a5_7UkApvAYKNkAVW8ctigbWtDV/310x430/1772186241.webp?s=d597d838f91629be50a60f0123fed4409bc9711d,4,3
Prada Sonnenbrille,179.2,Prada,0,https://www.vinted.it/items/8270750929-prada-sonnenbrille?referrer=catalog,0,8270750929,Sold,27/02/2026 15:33:13,,https://images1.vinted.net/t/06_005af_N4t9dceWRhwmKmHkd9MoaaLA/310x430/1772186229.webp?s=78078f415aa8ffc7e916c426d04fffe265cc51f1,4,3
PRada,40.6,De,0,https://www.vinted.it/items/8270742705-prada?referrer=catalog,0,8270742705,Sold,27/02/2026 15:33:13,,https://images1.vinted.net/t/05_01a9d_jaM2AFZ6jqgKFzAst9uCrfxe/310x430/1772186162.webp?s=141611930eb50f446f136e72e1312d16c9e6c3ee,4,3
Prada + DG shopping bag,3.85,Prada,0,https://www.vinted.it/items/8270739279-prada-dg-shopping-bag?referrer=catalog,0,8270739279,Sold,27/02/2026 15:33:13,,https://images1.vinted.net/t/05_01046_arewsqym9Br2hu33pHZYwdZf/310x430/1772186162.webp?s=3af42c15227bc6aee50a1444ec31de91f5aba228,4,3
Maglione Prada bianco a costine con zip - 100% cotone/ White Prada Ribbed Zip Sweater – 100% Cotton,68.95,Prada,Altro,https://www.vinted.it/items/8270348251-maglione-prada-bianco-a-costine-con-zip-100-cotone-white-prada-ribbed-zip-sweater-100-cotton?referrer=catalog,9,8270348251,Sold,27/02/2026 15:33:13,,https://images1.vinted.net/t/06_02537_BieDcyA1vREWAHDu9wGNvqrc/310x430/1772182603.webp?s=9eb7d184fc7621d7f68d6083fb2a9b8b54137d45,4,3
Tuta Prada 2 pezzi originale  100%,399.7,Prada,XS / IT 38 / EU 34,https://www.vinted.it/items/8270683237-tuta-prada-2-pezzi-originale-100?referrer=catalog,4,8270683237,Sold,27/02/2026 15:33:13,,https://images1.vinted.net/t/01_0065b_f2UQzPZJarYaGxvPHyqG9EDV/310x430/1772185674.webp?s=e3193de0c9d8b7c7ea12449421f6333796e7a27f,4,3
Prada - La femme Crema per il corpo,42.7,Prada,0,https://www.vinted.it/items/8270656312-prada-la-femme-crema-per-il-corpo?referrer=catalog,1,8270656312,Sold,27/02/2026 15:33:13,,https://images1.vinted.net/t/06_00a01_iVby1QWdGErd4h4vkV2kxRLL/310x430/1772185450.webp?s=863d9450c1396de2baa66545edcd5dbce99b081b,4,3
Original Prada Schuhe,399.7,Prada,37,https://www.vinted.it/items/8270654015-original-prada-schuhe-trend?referrer=catalog,26,8270654015,Sold,27/02/2026 15:33:13,,https://images1.vinted.net/t/01_01629_G8Fu3Kc8tt3VqrNjTjM7bJKB/310x430/1772185431.webp?s=e4822a02ca4bc178e3e302c20ca481403b121821,4,3
Lunettes,210.7,Prada,0,https://www.vinted.it/items/8270645295-lunettes-prada?referrer=catalog,0,8270645295,Sold,27/02/2026 15:33:13,,https://images1.vinted.net/t/04_000e2_okuyM9R4G45KoYypS3JQCPJw/310x430/1772185360.webp?s=585bdef0d3ba8e947c4d73bc38182c811585e831,4,3
Prada Cup,84.7,Prada,43,https://www.vinted.it/items/8270629890-prada-cup?referrer=catalog,3,8270629890,Sold,27/02/2026 15:33:13,,https://images1.vinted.net/t/05_013af_aVpSDbb31Zv2odf7rcVs3pPf/310x430/1772185230.webp?s=3f52d6cd2f44a27545f3ef94687f6c14bd0b22f0,4,3
Occhiali Prada unisex,168.7,Prada,0,https://www.vinted.it/items/8270596064-occhiali-prada-unisex?referrer=catalog,1,8270596064,Sold,27/02/2026 15:33:13,,https://images1.vinted.net/t/06_0123e_D9arSqkKoHNs3Edr2jnv9ehu/310x430/1772184938.webp?s=fc3d91095f6398cebc1bab4f2283324b0bf0140d,4,3
Prada défilé,200.2,Prada,0,https://www.vinted.it/items/8270589418-prada-defile?referrer=catalog,0,8270589418,Sold,27/02/2026 15:33:13,,https://images1.vinted.net/t/03_018e1_9gurw8xNNYnxdVwbPdQR5YQx/310x430/1772184881.webp?s=26082c5b80aee65058fa2eae646316a1f84804bd,4,3
Cerchietto prada,53.2,Prada,0,https://www.vinted.it/items/8270586761-cerchietto-prada?referrer=catalog,5,8270586761,Sold,27/02/2026 15:33:13,,https://images1.vinted.net/t/06_00514_w6M7HFtoMgBhbdyhG63EX4fs/310x430/1772184859.webp?s=548f1e9fec5ed788cee883b416e00b3e46568fe4,4,3
PRADA Milano Grey Hoodie - Embossed Logo (Great Condition),21.7,Local,M,https://www.vinted.it/items/8270560483-prada-milano-grey-hoodie-embossed-logo-great-condition?referrer=catalog,0,8270560483,Sold,27/02/2026 15:33:13,,https://images1.vinted.net/t/01_02502_2EVZgjhDz89B45jgzNfKaZHK/310x430/1772184628.webp?s=46328af6516af3d2f2188fff31d440ff237d314a,4,3
Lunettes de soleil Prada,168.7,Prada,0,https://www.vinted.it/items/8270552695-lunettes-de-soleil-prada?referrer=catalog,0,8270552695,Sold,27/02/2026 15:33:13,,https://images1.vinted.net/t/06_01b7a_f16VKmkpqBSQiZmyzAgoa5UG/310x430/1772184559.webp?s=f44e96ff81b5aa30294d0e6bd966dfaf5bd774b1,4,3
Occhiali da sole Prada,158.2,Prada,0,https://www.vinted.it/items/8270540135-occhiali-da-sole-prada?referrer=catalog,1,8270540135,Sold,27/02/2026 15:33:13,,https://images1.vinted.net/t/05_00526_aY3H2usfgvVHA2ZMjjnZMC1V/310x430/1772184446.webp?s=c1ed869adef766d59a061a9e26e7d1f7ef55afa8,4,3
Toalla de playa!!,15.4,Agatha Ruiz de la Prada,0,https://www.vinted.it/items/8270508975-toalla-de-playa?referrer=catalog,0,8270508975,Sold,27/02/2026 15:33:13,,https://images1.vinted.net/t/05_012c8_xWyLgwFqm4qcU4wUozkey36p/310x430/1772184389.webp?s=783db3e14be3acff7ec4b324f544931ceb133928,4,3
Occhiali da sole Prada,158.2,Prada,0,https://www.vinted.it/items/8270532570-occhiali-da-sole-prada?referrer=catalog,3,8270532570,Sold,27/02/2026 15:33:13,,https://images1.vinted.net/t/06_026d3_2zVLTvvoijcUKBaRWHW5wWLX/310x430/1772184378.webp?s=4906e3b5eb73f421ed3a0f90a1cc179c8a6a3986,4,3
Occhiale Prada Oval,205.45,Prada,0,https://www.vinted.it/items/8270469427-occhiale-prada-oval?referrer=catalog,2,8270469427,Sold,27/02/2026 15:33:13,,https://images1.vinted.net/t/05_022a1_H2Vf4c4ZuNpv8tQxLmx6oYdb/310x430/1772183803.webp?s=0d8bc08777fe1d975c3b29e6f94660df1190cdb5,4,3
Pantalon Prada t.40,158.2,Prada,L / IT 44 / EU 40,https://www.vinted.it/items/8270466792-pantalon-prada-t40?referrer=catalog,0,8270466792,Sold,27/02/2026 15:33:13,,https://images1.vinted.net/t/05_009f1_3tfXHhiqHq1DX5f3aMkFivKN/310x430/1772183778.webp?s=5934ab71f4919ab1ba8779a76ea9bd28966f0dd1,4,3
Prada Paradoxe Eau de Parfum – 7 ml,29.05,Prada,0,https://www.vinted.it/items/8270427401-prada-paradoxe-eau-de-parfum-7-ml?referrer=catalog,1,8270427401,Sold,27/02/2026 15:33:13,,https://images1.vinted.net/t/05_007a8_ZFmgnZiP8WdWG6ZmVXkwY2wt/310x430/1772183400.webp?s=d7eed471138ec7c2ce6b8ac6560b0d7874cd362d,4,3
montatura blu prada,95.2,Prada,0,https://www.vinted.it/items/8270386602-montatura-blu-prada?referrer=catalog,1,8270386602,Sold,27/02/2026 15:33:13,,https://images1.vinted.net/t/05_02659_u8v1PKBNeMbxYRujV6ULTDc4/310x430/1772182993.webp?s=1d9584bba2baca2dfb3d6635eda09a60f7af147c,4,3
Parfum prada 90 ml,44.8,Prada,0,https://www.vinted.it/items/8270327675-parfum-prada-90-ml?referrer=catalog,0,8270327675,Sold,27/02/2026 15:33:13,,https://images1.vinted.net/t/06_00403_Ec9ACzwmnzuicejTA68uNPhq/310x430/1772182391.webp?s=0fbac1e757fed1bc2b9a3f448a95ec2c564b5018,4,3
Prada Cups,84.7,Prada,44,https://www.vinted.it/items/8269835686-prada-cups?referrer=catalog,16,8269835686,Sold,27/02/2026 15:33:13,,https://images1.vinted.net/t/06_017d4_1iPPRiMPenmDTxfuaK81hAce/310x430/1772174258.webp?s=ab164a958fd6fc57805db84404c983f01ae3e300,4,3
Lot de 5 paires de socquettes neuves 36/39 Agatha Ruiz de la Prada,15.4,Agatha Ruiz de la Prada,37-39,https://www.vinted.it/items/8270305468-lot-de-5-paires-de-socquettes-neuves-3639-agatha-ruiz-de-la-prada?referrer=catalog,0,8270305468,Sold,27/02/2026 15:33:13,,https://images1.vinted.net/t/06_01a76_SxbPqk6gNtGUDdxuB6ELXSka/310x430/1772182156.webp?s=adfc29dd8b3778a10a6d9958c49dcc7549ce718c,4,3
Prada Paradoxe 50ml,68.95,Prada,0,https://www.vinted.it/items/8270304918-prada-paradoxe-50ml?referrer=catalog,1,8270304918,Sold,27/02/2026 15:33:13,,https://images1.vinted.net/t/05_01cd2_QdeYDnQE5zuFWo3icVpAwZj3/310x430/1772182150.webp?s=ff366fd7c09d82711a08a2b26f1393f1a3d9a52f,4,3
felpa girocollo prada,37.45,Agatha Ruiz de la Prada,M,https://www.vinted.it/items/8270286587-felpa-girocollo-prada?referrer=catalog,2,8270286587,Sold,27/02/2026 15:33:13,,https://images1.vinted.net/t/04_0208f_ancEpPAB3XGRcgFzCGyrzFT5/310x430/1772181951.webp?s=ba83899d9fe3d68a3592ee5891cf36afcb45975e,4,3
Prada Herren Sonnenbrille SPRA16 16K-731 neu mit Etui,230.65,Prada,0,https://www.vinted.it/items/8270273325-prada-herren-sonnenbrille-spra16-16k-731-neu-mit-etui?referrer=catalog,0,8270273325,Sold,27/02/2026 15:33:13,,https://images1.vinted.net/t/05_006e4_eZGUjMEbGTvas76q92yoRGTN/310x430/1772181806.webp?s=79261396ba80946ec83b4500be3054c3d069bafd,4,3
Prada sunglasses,184.45,Prada,0,https://www.vinted.it/items/8270231014-prada-sunglasses?referrer=catalog,2,8270231014,Sold,27/02/2026 15:33:13,,https://images1.vinted.net/t/06_00a7c_y4wBUX3oYNA1RAh9kFHrxDQ8/310x430/1772181320.webp?s=43571c9a3a0692d8fa608cd6e5a2447a613ec329,4,3
Fond de Teint Prada,5.95,Prada,0,https://www.vinted.it/items/8270262706-fond-de-teint-prada?referrer=catalog,1,8270262706,Sold,27/02/2026 15:33:13,,https://images1.vinted.net/t/04_022b0_o5kv2BjHYfBhKyr9yLrfC9Zf/310x430/1772181689.webp?s=ef52b7a5f98926b91c1cbc75593d92881ffb698a,4,3
Mocassino Prada donna,142.45,Prada,37,https://www.vinted.it/items/8270257873-mocassino-prada-donna?referrer=catalog,1,8270257873,Sold,27/02/2026 15:33:13,,https://images1.vinted.net/t/06_01354_a9EPjcJpxGTGtdXHZMqzhPp4/310x430/1772181634.webp?s=b5a59851eb65d30491add301edd082ccea0554da,4,3
espadrillas uomo Prada,263.2,Prada,42,https://www.vinted.it/items/8270236160-espadrillas-uomo-prada?referrer=catalog,7,8270236160,Sold,27/02/2026 15:33:13,,https://images1.vinted.net/t/05_01185_ph6zuDCSpHut8TpzBzyZTx4L/310x430/1772181382.webp?s=5dc0bdd126405cbff36c749c783421f7ee47c4fa,4,3
Occhiali da sole Prada symbole,299.95,Prada,0,https://www.vinted.it/items/8270192666-occhiali-da-sole-prada-symbole?referrer=catalog,0,8270192666,Sold,27/02/2026 15:33:13,,https://images1.vinted.net/t/06_00ab7_e8NtPD8RowdJDMAHGWmqCuTg/310x430/1772180861.webp?s=1c24d3502b649b0b95e7edcdd6574a0c0b58f311,4,3
Prada Sunglasses / NEW / Black,79.45,Prada,0,https://www.vinted.it/items/8270169463-prada-sunglasses-new-black?referrer=catalog,20,8270169463,Sold,27/02/2026 15:33:13,,https://images1.vinted.net/t/05_0105c_6vyfy99N4gXnU2MLky51pqwa/310x430/1772180575.webp?s=8142868261c5147a17ac26337fb8975d6c95dd1d,4,3
Cardigan Prada,210.7,Prada,XS / IT 38 / EU 34,https://www.vinted.it/items/8270142351-cardigan-prada?referrer=catalog,0,8270142351,Sold,27/02/2026 15:33:13,,https://images1.vinted.net/t/05_00172_8jKNZy9APPnhjfDWM62aFKB1/310x430/1772180226.webp?s=85de015ae6b6db8594815e34433f0bdf2cf854f2,4,3
Prada Re-nylon t-shirt M,74.2,Prada,M,https://www.vinted.it/items/8212155030-prada-re-nylon-t-shirt-m?referrer=catalog,23,8212155030,Sold,27/02/2026 15:33:13,,https://images1.vinted.net/t/05_011b2_pNPBPdj2N7JT9wwi2j7D8wv7/310x430/1771515247.webp?s=1b16e916e15f2fb2b7538334f69e029082054d33,4,3
Prada cup,126.7,Prada,45,https://www.vinted.it/items/8270119474-prada-cup?referrer=catalog,0,8270119474,Sold,27/02/2026 15:33:13,,https://images1.vinted.net/t/06_01054_D1csj33Kf2ihxV7DpzKBZDYv/310x430/1772179913.webp?s=32d69bd73d2ee294dc879ffc36cea2a4c65d0336,4,3
parfum prada,47.95,Prada,0,https://www.vinted.it/items/8270083391-parfum-prada?referrer=catalog,1,8270083391,Sold,27/02/2026 15:33:13,,https://images1.vinted.net/t/04_001f5_ZqGxdzX7mTGkyJ9HLLdYNGaw/310x430/1772179402.webp?s=b9a5f042968c4f35876d45e5622d060a12d6b4eb,4,3
Prada Infusion de Vanille perfume mujer,50.05,Prada,0,https://www.vinted.it/items/8270075655-prada-infusion-de-vanille-perfume-mujer?referrer=catalog,3,8270075655,Sold,27/02/2026 15:33:13,,https://images1.vinted.net/t/01_02250_TJE57yvmj2ojCPo8epPBRVwk/310x430/1772179287.webp?s=f12652db1b29bda3ffd23b805b04361f96a056d8,4,3
Prada Crystal Cleo,2.1007,Prada,0,https://www.vinted.it/items/8270066460-prada-crystal-cleo?referrer=catalog,0,8270066460,Sold,27/02/2026 15:33:13,,https://images1.vinted.net/t/01_0018c_ejQbH8TxnQB4jwSwaiU7nf9d/310x430/1772179151.webp?s=7f59ab0256af68aa127649a3501d5cbc9c2eda20,4,3
Camisa de noite Agatha Ruiz de la Prada,7.0,Agatha Ruiz de la Prada,L / IT 44 / EU 40,https://www.vinted.it/items/8270065834-camisa-de-noite-agatha-ruiz-de-la-prada?referrer=catalog,0,8270065834,Sold,27/02/2026 15:33:13,,https://images1.vinted.net/t/05_0140f_REsHvTDqmMsv28tJzVfHzNnc/310x430/1772179141.webp?s=918a85c83f3e8bcd8f2f3c9b06abac1e9616e2bd,4,3
Bolso aghatha Ruiz de la prada,39.55,Agatha Ruiz de la Prada,0,https://www.vinted.it/items/8270053851-bolso-aghatha-ruiz-de-la-prada?referrer=catalog,0,8270053851,Sold,27/02/2026 15:33:13,,https://images1.vinted.net/t/05_00bc2_AmQ5te5uFmcEjpXxKbmXWxjQ/310x430/1772178962.webp?s=d1e8684b2149acc4846a41c012c84ab04d6c2062,4,3
Bolso aghatha Ruiz de la prada,51.1,Agatha Ruiz de la Prada,0,https://www.vinted.it/items/8270047206-bolso-aghatha-ruiz-de-la-prada?referrer=catalog,8,8270047206,Sold,27/02/2026 15:33:13,,https://images1.vinted.net/t/06_024a8_rmmXYKupaHVEfk6CtyUpMX2n/310x430/1772178858.webp?s=f03884e2d4219ca8e96f2b409080e811aa85c5e2,4,3
Bolso aghatha Ruiz de la prada,40.6,Agatha Ruiz de la Prada,0,https://www.vinted.it/items/8270037282-bolso-aghatha-ruiz-de-la-prada?referrer=catalog,5,8270037282,Sold,27/02/2026 15:33:13,,https://images1.vinted.net/t/05_01692_1RMaDRmeGpsGE6rvtwiQzvK9/310x430/1772178706.webp?s=161045fb988514fb1e31f63a44bc53e4f09d46d5,4,3
Sábanas minicuna Ágata Ruiz de la Prada,7.0,Agatha Ruiz de la Prada,Lettino per neonati,https://www.vinted.it/items/8270022550-sabanas-minicuna-agata-ruiz-de-la-prada?referrer=catalog,26,8270022550,Sold,27/02/2026 15:33:13,,https://images1.vinted.net/t/05_00e88_1nLdqBaJkS1HnnRv4s6tp7Wy/310x430/1772178471.webp?s=7dcf10bfec43e90d823533a2ea2973b331761ca2,4,3
Profumo Prada paradoxe,37.45,Paradoxe,0,https://www.vinted.it/items/8270013897-profumo-prada-paradoxe?referrer=catalog,10,8270013897,Sold,27/02/2026 15:33:13,,https://images1.vinted.net/t/06_024d6_KES68XuWZY4G1BADVD3nSWMe/310x430/1772178332.webp?s=8cf947a71c6e4c56489d9b186295437f7dae013e,4,3
Occhiali da sole Prada,158.2,Prada,0,https://www.vinted.it/items/8270008815-occhiali-da-sole-prada?referrer=catalog,0,8270008815,Sold,27/02/2026 15:33:13,,https://images1.vinted.net/t/05_00746_qv62MxLHNdHHqpFTzNYdCzhH/310x430/1772178246.webp?s=b85bf2956023a916daa1f40c4558b7190e7f09ac,4,3
Prada Paradigme Homme eau de parfum 100ml.,84.7,Prada,0,https://www.vinted.it/items/8269992570-prada-paradigme-homme-eau-de-parfum-100ml?referrer=catalog,0,8269992570,Sold,27/02/2026 15:33:13,,https://images1.vinted.net/t/05_018a0_9C5dLdAQhfFW6rCR1SfhiiHr/310x430/1772177966.webp?s=f1ef185b4d612d0945b615e8bf02dfa11bead417,4,3
Prada Sonnenbrille,210.7,Prada,0,https://www.vinted.it/items/8269980525-prada-sonnenbrille?referrer=catalog,1,8269980525,Sold,27/02/2026 15:33:13,,https://images1.vinted.net/t/06_00b96_ZhZfbDSeQwfXYG3BreP5KPxc/310x430/1772177755.webp?s=4ee3bc8b6661c5e756930b6c2a13c011886cee8a,4,3
Prada L'Homme L'Eau 100 ml,61.6,Prada,0,https://www.vinted.it/items/8269978770-prada-lhomme-leau-100-ml?referrer=catalog,2,8269978770,Sold,27/02/2026 15:33:13,,https://images1.vinted.net/t/06_018a2_R1m7UBThu2PPkE5Vtmam9eCR/310x430/1772177721.webp?s=a17bfc5d0edd1de33ca7d7aeb9c685e03a7d40be,4,3
Paradoxe Eau De Perfum 90 ml,51.1,Prada,0,https://www.vinted.it/items/8269978059-paradoxe-eau-de-perfum-90-ml?referrer=catalog,20,8269978059,Sold,27/02/2026 15:33:13,,https://images1.vinted.net/t/04_0170e_zzA2GPGgz3FFLvLKUKbZsk21/310x430/1772177709.webp?s=d78118d08c218ac1fa89c92e58e7bd27454ba8b4,4,3
Pantaloni Prada,147.7,Prada,XL,https://www.vinted.it/items/8269941182-pantaloni-prada?referrer=catalog,8,8269941182,Sold,27/02/2026 15:33:13,,https://images1.vinted.net/t/01_02287_gJ3S4KLNBYSUZkRELnAbdxXg/310x430/1772176981.webp?s=080883dedbafd9e531b0a93550085ead917faa58,4,3
Prada Paradoxe,53.2,Prada,0,https://www.vinted.it/items/8269973014-prada-paradoxe?referrer=catalog,3,8269973014,Sold,27/02/2026 15:33:13,,https://images1.vinted.net/t/05_00766_AR1wN6vCbHwssw8SpvX3y15j/310x430/1772177613.webp?s=cb81ba140c7152ab4cf378cc86a699099de27711,4,3
De duivel draagt prada - Lauren Weisberger,2.26,No brand,0,https://www.vinted.it/items/8269971495-de-duivel-draagt-prada-lauren-weisberger-nieuw-roman-boek-chicklit?referrer=catalog,0,8269971495,Sold,27/02/2026 15:33:13,,https://images1.vinted.net/t/06_02302_BnZ6x6mDGu1g5jdZF2V1TbXt/310x430/1772177584.webp?s=ebf83c5d5582e450612264304edd916a8ad88a8a,4,3
Lunettes de soleil Prada,95.2,Prada,0,https://www.vinted.it/items/8269805647-lunettes-de-soleil-prada?referrer=catalog,1,8269805647,Sold,27/02/2026 15:33:13,,https://images1.vinted.net/t/06_0235e_TScHoZrjkE6JNbw5fmiYPaHH/310x430/1772173120.webp?s=45c0203340645ced15e388b08b20d2fdfd685ca2,4,3
Prada paradoxe,16.45,Prada,0,https://www.vinted.it/items/8269930433-prada-paradoxe?referrer=catalog,1,8269930433,Sold,27/02/2026 15:33:13,,https://images1.vinted.net/t/05_003bd_RxeR1BKuUfhDjVZ12oCRXxSx/310x430/1772176755.webp?s=e77255ea2f6cae8b781f4f0b842435970ce0c018,4,3
Flanella in cotone marchio prada,42.7,Prada,0,https://www.vinted.it/items/8269929781-flanella-in-cotone-marchio-prada?referrer=catalog,0,8269929781,Sold,27/02/2026 15:33:13,,https://images1.vinted.net/t/05_00915_DskN8yS39XawVvA4oHf5tVCv/310x430/1772176741.webp?s=20a23e43837108ffabc32549edaf671752273132,4,3
Boot Prada taille 43 italienne,208.6,Prada,43,https://www.vinted.it/items/8269912119-boot-prada-taille-43-italienne?referrer=catalog,0,8269912119,Sold,27/02/2026 15:33:13,,https://images1.vinted.net/t/06_01acd_P6NUAV4NAuTYFDG8VMdoWHsy/310x430/1772176346.webp?s=3680bcac66ad3f2dbbe60292c6b6bb89546244bd,4,3
Prada bonnie borsa,368.2,Top Vintage,0,https://www.vinted.it/items/8269910266-prada-bonnie-borsa?referrer=catalog,95,8269910266,Sold,27/02/2026 15:33:13,,https://images1.vinted.net/t/06_02160_93xuh4US1etH3z49nFw4ZE9E/310x430/1772176306.webp?s=2e44f6ba0e3c6c1f64010b511ab7ec0b51941217,4,3
Rouge à lèvre PRADA,24.85,Prada,0,https://www.vinted.it/items/8269901139-rouge-a-levre-prada?referrer=catalog,1,8269901139,Sold,27/02/2026 15:33:13,,https://images1.vinted.net/t/05_01986_YCyQ13ytzYjUh2mF93jbpYc6/310x430/1772176083.webp?s=5012e09859993a0d70b5205f5a9f0d0e475eeee9,4,3
Luna rossa ocean eau de toilette 9ml.,9.1,Prada,0,https://www.vinted.it/items/8269900041-luna-rossa-ocean-eau-de-toilette-9ml?referrer=catalog,5,8269900041,Sold,27/02/2026 15:33:13,,https://images1.vinted.net/t/06_0174f_sNG7NgaxWszSERa9qriTpwi7/310x430/1772176056.webp?s=f42c8df17ce53932c9c654f1a8430a025cc9d649,4,3
Bonnet Prada en laine côtelée avec logo brodé,210.7,Prada,L,https://www.vinted.it/items/8269846481-bonnet-prada-en-laine-cotelee-avec-logo-brode?referrer=catalog,0,8269846481,Sold,27/02/2026 15:33:13,,https://images1.vinted.net/t/06_00ec8_CJ3UftFmaDTbLRLm2mNBFcBD/310x430/1772174617.webp?s=e826d833b0714c64e69dd255eb26a2dd0a697d73,4,3
Prada Infusion Parfum 100ml,63.7,Prada,0,https://www.vinted.it/items/8269844919-prada-infusion-parfum-100ml?referrer=catalog,2,8269844919,Sold,27/02/2026 15:33:13,,https://images1.vinted.net/t/05_008f7_FfuvwB8sW3yy3dokpate3gum/310x430/1772174564.webp?s=9551970096965cc0d99eea8c3b2efc7aaea87874,4,3
Parfum Prada Luna Rossa,95.2,Prada,0,https://www.vinted.it/items/8267487336-parfum-prada-luna-rossa?referrer=catalog,0,8267487336,Sold,27/02/2026 15:33:13,,https://images1.vinted.net/t/05_01c26_9p66RCTt36cHkcuRgXYgZAJZ/310x430/1772126659.webp?s=f2e123912dff199f9b6b52fcd43595925ca55ae9,4,3
Prada Milano Schuhe,126.7,Prada,41,https://www.vinted.it/items/8269838239-prada-milano-schuhe?referrer=catalog,0,8269838239,Sold,27/02/2026 15:33:13,,https://images1.vinted.net/t/05_022af_VyuijnVPpeSNTGrHhiFG636N/310x430/1772174345.webp?s=3426f694e5e6269ae605ea353f310d093e282905,4,3
Étuis cuir Prada,21.7,Prata,0,https://www.vinted.it/items/8269811775-etuis-cuir-prada?referrer=catalog,5,8269811775,Sold,27/02/2026 15:33:13,,https://images1.vinted.net/t/03_01513_w6vxkRM4QacowaTXNFw6cV7X/310x430/1772173370.webp?s=c119e1ce1ce553a9dc9f1b35efbc71a00eaaeae4,4,3
Prada Schuhe (Gr.42,105.7,Prada,42,https://www.vinted.it/items/8269807106-prada-schuhe-gr42-425-und-43?referrer=catalog,1,8269807106,Sold,27/02/2026 15:33:13,,https://images1.vinted.net/t/05_00e7f_MnbDS1kqWQVoje9mruUE57E4/310x430/1772173179.webp?s=3b6aab0c42e6ad577ed85bee4abe73e977ef5b71,4,3
Parfum Prada Paradoxe Intense,79.45,Prada,0,https://www.vinted.it/items/8269771020-parfum-prada-paradoxe-intense?referrer=catalog,0,8269771020,Sold,27/02/2026 15:33:13,,https://images1.vinted.net/t/01_016a3_fAN6b7Anem8VLtgqTcYmaLaP/310x430/1772171279.webp?s=ef7f1594a543af945743c3754b8db8d94f1770e7,4,3
Strickpullover Prada,47.95,Sonstiges,M / IT 42 / EU 38,https://www.vinted.it/items/8269745121-strickpullover-prada?referrer=catalog,4,8269745121,Sold,27/02/2026 15:33:13,,https://images1.vinted.net/t/06_0074a_8T9ueqCbu5t6SjpSsPLgReqL/310x430/1772169083.webp?s=507d94f9a099376af86b5b0294e7964bfb50a8c9,4,3
Prada Cup – Verte – Taille 42,100.45,H&M,42,https://www.vinted.it/items/8269727481-prada-cup-verte-taille-42?referrer=catalog,4,8269727481,Sold,27/02/2026 15:33:13,,https://images1.vinted.net/t/01_01a72_2aQK3hP51PqPVtjR5sRt8fhz/310x430/1772166391.webp?s=bae280e6724123145272ed1fd6dd2e799c129b3d,4,3
Eau de parfum La femme intense 100ml.,53.2,Prada,0,https://www.vinted.it/items/8269707745-eau-de-parfum-la-femme-intense-100ml?referrer=catalog,0,8269707745,Sold,27/02/2026 15:33:13,,https://images1.vinted.net/t/05_01cf5_JrnWH9Eoffrm3SG311dhKqE1/310x430/1772161506.webp?s=44492855532dc59cd7cb4140a169b625aab92ca0,4,3
Prada cups noir 46,137.2,Prada,46,https://www.vinted.it/items/8269701673-prada-cups-noir-46?referrer=catalog,1,8269701673,Sold,27/02/2026 15:33:13,,https://images1.vinted.net/t/04_013c2_37k4xLASmwHdAiCFi8AspHqX/310x430/1772160074.webp?s=500b41af993987aedc0163dbba11afe48a786509,4,3
Prada Paradoxe Profumo,58.45,Prada,0,https://www.vinted.it/items/8269678399-prada-paradoxe-profumo?referrer=catalog,1,8269678399,Sold,27/02/2026 15:33:13,,https://images1.vinted.net/t/01_01c3b_cvKgwANKtHxtQeyjTBiJ9zGE/310x430/1772155718.webp?s=ef54ca725786b7b73d123702785d6f4565099039,4,3
costume vintage prada uomo,37.45,Prada,L,https://www.vinted.it/items/8268608022-costume-vintage-prada-uomo?referrer=catalog,2,8268608022,Sold,27/02/2026 15:33:13,,https://images1.vinted.net/t/06_00c4c_oHRfL8kjNfhcxeJFiZRuTMjF/310x430/1772135661.webp?s=a429fd3f37fa172a5d5dd5675f41b54e42faa114,4,3
Prada cups,95.2,Parfait,41,https://www.vinted.it/items/8269660704-prada-cups?referrer=catalog,4,8269660704,Sold,27/02/2026 15:33:13,,https://images1.vinted.net/t/05_021c9_jpmELTGoa3hRNhMMDzppqtMn/310x430/1772153565.webp?s=dad664b76aaa0f01919091435b33008519503279,4,3
Prada,83.65,Prada,0,https://www.vinted.it/items/8269638015-prada?referrer=catalog,0,8269638015,Sold,27/02/2026 15:33:13,,https://images1.vinted.net/t/01_00891_zZEjgXgKhpxFPJv6DKRs6jCT/310x430/1772151710.webp?s=c143dfaf11426c56912f67408cf83bcb822dfbb6,4,3
tee-shirt * neuf * rose vert * agatha ruiz * 3 mois,3.01,Agatha Ruiz de la Prada,3-6 mesi / 62 cm,https://www.vinted.it/items/8269645512-tee-shirt-neuf-rose-vert-agatha-ruiz-3-mois?referrer=catalog,0,8269645512,Sold,27/02/2026 15:33:13,,https://images1.vinted.net/t/06_00a2c_pgQiZAkAy4yb1yLQeA6vDip2/310x430/1772152264.webp?s=0c709785a56b50bf6f9d3077eec656531b73957b,4,3
Prada taille 41 italienne ou 7 UK,625.45,Prada,41,https://www.vinted.it/items/8269641102-prada-taille-41-italienne-ou-7-uk?referrer=catalog,1,8269641102,Sold,27/02/2026 15:33:13,,https://images1.vinted.net/t/03_00642_R2et3UUYmbuXq8PqLEVZGfuA/310x430/1772151930.webp?s=35c670c376b3c5a01f8b2f5be95e0112a8846d92,4,3
Borsa Prada,1.2607,Prada,0,https://www.vinted.it/items/8269570973-borsa-prada?referrer=catalog,1,8269570973,Sold,27/02/2026 15:33:13,,https://images1.vinted.net/t/06_00518_s6kQHVdFffs2SgXoF6HQgDNu/310x430/1772148407.webp?s=a35d895755bc5c72ad18c6017dbfeab3a9d4a904,4,3
Lunettes prada,105.7,Prada,0,https://www.vinted.it/items/8269555770-lunettes-prada?referrer=catalog,0,8269555770,Sold,27/02/2026 15:33:13,,https://images1.vinted.net/t/01_015a3_Au5BJJWsULXP5dPPXwEkwjKF/310x430/1772147868.webp?s=bd9535f2dfa1510e866bacbef05b3c1ab14237ee,4,3
Prada Cup bleu marine - taille 43,105.69,Prada,43,https://www.vinted.it/items/8269536295-prada-cup-bleu-marine-taille-43?referrer=catalog,6,8269536295,Sold,27/02/2026 15:33:13,,https://images1.vinted.net/t/06_00c27_XRFiJDp3Gfea6ZV2uzMdP8H8/310x430/1772147260.webp?s=631960724854b7bf18454c3036d85fa8220b4b2f,4,3
Scarpe,158.2,Prada,43,https://www.vinted.it/items/8269530491-scarpe?referrer=catalog,3,8269530491,Sold,27/02/2026 15:33:13,,https://images1.vinted.net/t/01_0111b_Edbu2kWkwnoWmAawq4a6ikt6/310x430/1772147089.webp?s=6d7c1ac92a0da9c5a33db1fe6d109df2efc27643,4,3
Pyjama neuf Agatha Ruiz Prada imp coeurs T.9/12 M ou 6 mois,15.4,Agatha Ruiz de la Prada,9-12 mesi / 74 cm,https://www.vinted.it/items/8269526470-pyjama-neuf-agatha-ruiz-prada-imp-coeurs-t912-m-ou-6-mois?referrer=catalog,0,8269526470,Sold,27/02/2026 15:33:13,,https://images1.vinted.net/t/01_0250c_Rak3sb8iyL26kZJDPHp7obCG/310x430/1772146972.webp?s=e554050b8a82b880ba6e075759a3040769f5517f,4,3
Prada Re edition in Re-Nylon,1.2607,Prada,0,https://www.vinted.it/items/8269407651-prada-re-edition-in-re-nylon?referrer=catalog,1,8269407651,Sold,27/02/2026 15:33:13,,https://images1.vinted.net/t/01_012d7_JzGKJ9eiRsSxpW91txS5zFmu/310x430/1772144377.webp?s=65e0f50fe93ba86976249a06ca42db05d82c1e38,4,3
Prada housse de protection taille 35x  54,4.9,Prada,0,https://www.vinted.it/items/8269524033-prada-housse-de-protection-taille-35x-54?referrer=catalog,1,8269524033,Sold,27/02/2026 15:33:13,,https://images1.vinted.net/t/06_016ee_ua7g3xfyrGFm7jT9qQjDragX/310x430/1772146902.webp?s=e0b88730b2e3cee4f6e48b7eb0766fd2a5bbc39b,4,3
Prada,210.7,Prada,S / IT 40 / EU 36,https://www.vinted.it/items/8269518397-prada?referrer=catalog,1,8269518397,Sold,27/02/2026 15:33:13,,https://images1.vinted.net/t/06_019a4_a6F5kv9u7abvQMJGs4UYcFA5/310x430/1772146747.webp?s=044400350ef17ce273232dac6bd292807255b147,4,3
Prada Paradoxe Eau de Parfum,74.2,Prada,0,https://www.vinted.it/items/8269516278-prada-paradoxe-eau-de-parfum?referrer=catalog,0,8269516278,Sold,27/02/2026 15:33:13,,https://images1.vinted.net/t/03_00bad_jKwatScB3WJyk5wNZxq9bsVT/310x430/1772146686.webp?s=8e4e1d8e168c25e8b5f8fe0004d360f2e8730b69,4,3
Prada paradoxe,58.45,Prada,0,https://www.vinted.it/items/8269503949-prada-paradoxe?referrer=catalog,1,8269503949,Sold,27/02/2026 15:33:13,,https://images1.vinted.net/t/06_021f6_BGnScVcPti3TaYjvLmLLWLn6/310x430/1772146367.webp?s=4d343fcb54b3125db42be5838a1515b905eb3b5b,4,3
Prada,210.7,Prada,S / IT 40 / EU 36,https://www.vinted.it/items/8269501578-prada?referrer=catalog,0,8269501578,Sold,27/02/2026 15:33:13,,https://images1.vinted.net/t/06_007fc_fU5VrEksSbKF1QFYeJ8VvcDq/310x430/1772146310.webp?s=1feb5d9bd34f3cb9f4ce6f64083bd4a99826c611,4,3
Prada Cargo de Nuit,294.7,Prada,0,https://www.vinted.it/items/8269494098-prada-cargo-de-nuit?referrer=catalog,1,8269494098,Sold,27/02/2026 15:33:13,,https://images1.vinted.net/t/06_00381_aULPevdiJUoAnGDtBnjXpw5c/310x430/1772146137.webp?s=76c9049bf89c23792f8b895543cc2be59452c23d,4,3
Superbe ensemble 2 pièces brodé et siglé Agatha Riuz T.3/6M/62cm,15.4,Agatha Ruiz de la Prada,3-6 mesi / 62 cm,https://www.vinted.it/items/8269485810-superbe-ensemble-2-pieces-brode-et-sigle-agatha-riuz-t36m62cm?referrer=catalog,0,8269485810,Sold,27/02/2026 15:33:13,,https://images1.vinted.net/t/06_013c8_rzNzTsn4S8RLkynJ4YzqXyjP/310x430/1772145942.webp?s=dddb61eace3b866a91948a66684458d2aa0cb959,4,3
Prada cup,147.69,Prada Cup,43,https://www.vinted.it/items/8269481704-prada-cup?referrer=catalog,5,8269481704,Sold,27/02/2026 15:33:13,,https://images1.vinted.net/t/01_0001a_QSWkcAjq3CZJ54vxopoQJFTh/310x430/1772145850.webp?s=8d57e57498d64817fcb643f4346bf851f3ad7431,4,3
Prada Paradoxe 90 ml originale,68.95,Paradoxe,0,https://www.vinted.it/items/8269479054-prada-paradoxe-90-ml-originale?referrer=catalog,1,8269479054,Sold,27/02/2026 15:33:13,,https://images1.vinted.net/t/05_013bb_KuqJjnjwwdeuwKyxHXbNrdsX/310x430/1772145788.webp?s=fd8a604b3890c5929ecd950fb2a47df4cabeacd1,4,3
Prada,68.95,Prada,0,https://www.vinted.it/items/8269475701-prada?referrer=catalog,1,8269475701,Sold,27/02/2026 15:33:13,,https://images1.vinted.net/t/06_021a2_WTNU7eMvDNBG9ihnbLVZazk3/310x430/1772145711.webp?s=f8e02a0ad29ccffa97dadbe599100b35f50f0010,4,3
Prada cup,126.7,Prada,45,https://www.vinted.it/items/8269460116-prada-cup?referrer=catalog,12,8269460116,Sold,27/02/2026 15:33:13,,https://images1.vinted.net/t/04_00796_etHK37kFhXhTpHsrmMrxTdUr/310x430/1772145398.webp?s=554abd57bf4a79e721093aa67d3f6f7316095256,4,3
Prada Paradox Radical Essence,152.95,Prada,0,https://www.vinted.it/items/8269456188-prada-paradox-radical-essence?referrer=catalog,0,8269456188,Sold,27/02/2026 15:33:13,,https://images1.vinted.net/t/06_00e79_yHPkLTvazLayghxdYJWZP71Z/310x430/1772145317.webp?s=cbfde75755f740e9eb62baca654d73e32436cb0b,4,3
Dvd Le diable s'habille en Prada,1.75,No brand,0,https://www.vinted.it/items/8281343984-dvd-le-diable-shabille-en-prada?referrer=catalog,2,8281343984,Sold,01/03/2026 00:24:00,,https://images1.vinted.net/t/06_01c9e_F8XW9h7yVDY4TvKBvoWcczqd/310x430/1772292904.webp?s=ba9cf5329b215c75204ef4d23d8e2a49fae0148c,4,3
Cravatta Prada,37.45,Prada,0,https://www.vinted.it/items/8281328852-cravatta-prada?referrer=catalog,2,8281328852,Sold,01/03/2026 00:24:00,,https://images1.vinted.net/t/05_00016_7xHecs1SB5WCwVq7QVx1vSwg/310x430/1772292826.webp?s=e778af7878fe3a73337d3553f91deda347cbd00d,4,3
Superbe chaussure Prada neuve écru pointure 37,200.2,Prada,37,https://www.vinted.it/items/8281309089-superbe-chaussure-prada-neuve-ecru-pointure-37?referrer=catalog,7,8281309089,Sold,01/03/2026 00:24:00,,https://images1.vinted.net/t/04_00aad_ZnJt6QpKwsPwFuxtoTxNbppJ/310x430/1772292723.webp?s=ec94ce572ad3139f9a7769c16e8ce958335a4078,4,3
prada prz sunglasses,74.2,Prada,0,https://www.vinted.it/items/8281256167-prada-prz-sunglasses?referrer=catalog,1,8281256167,Sold,01/03/2026 00:24:00,,https://images1.vinted.net/t/06_017b9_RQGDTDBXUJs2YpkxPPPSDLZD/310x430/1772292450.webp?s=3eca5a8dc95dc3991058a990d00549eda163c781,4,3
Prada paradoxe,39.55,Prada,0,https://www.vinted.it/items/8281240807-prada-paradoxe?referrer=catalog,10,8281240807,Sold,01/03/2026 00:24:00,,https://images1.vinted.net/t/05_022f5_n5hubsYYFYQmC2JCqyCZgNEg/310x430/1772292371.webp?s=77e6c67438d9446ba431d2c4983d4fd1f1548232,4,3
Prada pet,210.7,Prada,Taglia unica,https://www.vinted.it/items/8281225770-prada-pet?referrer=catalog,1,8281225770,Sold,01/03/2026 00:24:00,,https://images1.vinted.net/t/05_0252e_2mV68M2FuEk2Q2PvN4LpMSG6/310x430/1772292293.webp?s=3ee2f73af23759708a4492ca6afa0af0c20eafd3,4,3
Pantalon cavalier coupe cigarette Prada Gris en laine vierge Made in Italy luxe Chic Business 34 XS,89.95,Prada,XS / IT 38 / EU 34,https://www.vinted.it/items/8278693674-pantalon-cavalier-coupe-cigarette-prada-gris-en-laine-vierge-made-in-italy-luxe-chic-business-34-xs?referrer=catalog,1,8278693674,Sold,01/03/2026 00:24:00,,https://images1.vinted.net/t/01_01a95_r3imhuhy1wZPa49H9YMPFGMD/310x430/1772278285.webp?s=800a1b5170ee46d5eae5206b1572545f1aa8975b,4,3
Lunette de soleil prada,116.2,Prada,0,https://www.vinted.it/items/8281216631-lunette-de-soleil-prada?referrer=catalog,1,8281216631,Sold,01/03/2026 00:24:00,,https://images1.vinted.net/t/05_02583_qmzaqMXfmUiPPoPcbPzxf4as/310x430/1772292246.webp?s=f619a7ff0daeb136ed230952055cc7c4af6612dd,4,3
Prada matte lipstick R28,18.55,Prada,0,https://www.vinted.it/items/8281204770-prada-matte-lipstick-r28?referrer=catalog,5,8281204770,Sold,01/03/2026 00:24:00,,https://images1.vinted.net/t/01_004d7_7aVnGWqV1kB7sxKQkqE7WPzb/310x430/1772292184.webp?s=3d0d6e1cd740039a0f4752c233659d2be306fe02,4,3
Occhiali unisex Prada,63.7,Prada,0,https://www.vinted.it/items/8281202219-occhiali-unisex-prada?referrer=catalog,11,8281202219,Sold,01/03/2026 00:24:00,,https://images1.vinted.net/t/06_0100d_jmThXWu7diXG5CNG3J3yBjMc/310x430/1772292170.webp?s=e34f3dbed3442891938a69264e0f61f198bd881a,4,3
Superbe sac Prada - neuf,273.7,Prada,0,https://www.vinted.it/items/8252140312-superbe-sac-prada-neuf?referrer=catalog,3,8252140312,Sold,01/03/2026 00:24:00,,https://images1.vinted.net/t/05_00b42_mFbnPCFsDCXmfTTbZFgufNsL/310x430/1771946074.webp?s=1dfbb9dc99a65bc808658b6b5c7959ee53f91f4f,4,3
Occhiali da Sole Prada PR A19S 1AB5S0 Neri – Nuovi con Box Completo,263.2,Prada,0,https://www.vinted.it/items/8281156951-occhiali-da-sole-prada-pr-a19s-1ab5s0-neri-nuovi-con-box-completo?referrer=catalog,3,8281156951,Sold,01/03/2026 00:24:00,,https://images1.vinted.net/t/05_01c6d_hqqbNXzy6zDR3mBCZgBhy3um/310x430/1772291934.webp?s=ca71fb4fc641e498fa9a89daecfdf179749d449d,4,3
Prada Bluse - Größe 42(IT) ungetragen schwarz,179.2,Prada,M / IT 42 / EU 38,https://www.vinted.it/items/8281121015-prada-bluse-grosse-42it-ungetragen-schwarz?referrer=catalog,9,8281121015,Sold,01/03/2026 00:24:00,,https://images1.vinted.net/t/05_013ad_3ENFKsX2WDmxi6mSMPqPToNC/310x430/1772291744.webp?s=cd28e85b0a26c9bba7948d0facce3ba7895cdb82,4,3
Perfume Prada Paradoxe Virtual Flower Regill 100 ml,63.7,Prada,0,https://www.vinted.it/items/8281045357-perfume-prada-paradoxe-virtual-flower-regill-100-ml?referrer=catalog,6,8281045357,Sold,01/03/2026 00:24:00,,https://images1.vinted.net/t/01_01fa6_UUU2K7xxw15Tb4NjusajJiLQ/310x430/1772291344.webp?s=4f6b9a9493ef91b19e8e899e207d4f670dec7c1b,4,3
Eau de parfum prada infusion vanille,63.7,Prada,0,https://www.vinted.it/items/8281017761-eau-de-parfum-prada-infusion-vanille?referrer=catalog,2,8281017761,Sold,01/03/2026 00:24:00,,https://images1.vinted.net/t/04_008ed_tU4iBSdCFqBcRT6qFad7gygc/310x430/1772291197.webp?s=45162ba27785a90bbe843371ce4e14642e72b831,4,3
Cover IPhone 17 Pro Max Prada,47.95,Prada,0,https://www.vinted.it/items/8280996086-cover-iphone-17-pro-max-prada?referrer=catalog,34,8280996086,Sold,01/03/2026 00:24:00,,https://images1.vinted.net/t/05_004b2_7A4ony5mKECBA777cSKHWtfX/310x430/1772291082.webp?s=3175c92f11d530c533480dcb64e6a05fc050920f,4,3
Maglietta nera,189.7,Prada,M,https://www.vinted.it/items/8278337050-maglietta-nera?referrer=catalog,1,8278337050,Sold,01/03/2026 00:24:00,,https://images1.vinted.net/t/05_01e05_Kng6Efi6hGWWqvxujKW95DCR/310x430/1772276195.webp?s=a1921279cf804968c5d09cd5dd61c6b8162d23f9,4,3
Prada Camicia,284.2,Prada,M,https://www.vinted.it/items/8280978236-prada-camicia?referrer=catalog,3,8280978236,Sold,01/03/2026 00:24:00,,https://images1.vinted.net/t/05_02269_6P6eqQ3zjwyi7T1iSwijT3DD/310x430/1772290987.webp?s=2b59a6c4a9af66b4ce5dfb8180cf68e4f2a86102,4,3
Schlüssel Anhänger Prada ocean,9.31,Ocean,0,https://www.vinted.it/items/8280971674-schlussel-anhanger-prada-ocean?referrer=catalog,0,8280971674,Sold,01/03/2026 00:24:00,,https://images1.vinted.net/t/03_01e59_gGXA6zixVBtfnkVT2MkZQtsW/310x430/1772290953.webp?s=a438dc286dee8dda9558693ba9033a4f65d9b316,4,3
Prada Keychain robot,231.7,Prada,0,https://www.vinted.it/items/8280952791-prada-keychain-robot?referrer=catalog,0,8280952791,Sold,01/03/2026 00:24:00,,https://images1.vinted.net/t/05_02568_Ww9NTTmYWFiSdrRGKFFsy1WD/310x430/1772290853.webp?s=6e54fd95c1815416076ea089997180256d41ea5d,4,3
Prada Sonnenbrille schwarz Herren (PS 06YS DG002G),126.7,Prada,0,https://www.vinted.it/items/8280947500-prada-sonnenbrille-schwarz-herren-ps-06ys-dg002g?referrer=catalog,0,8280947500,Sold,01/03/2026 00:24:00,,https://images1.vinted.net/t/06_0058e_zm4FrjUJLwiRdyAHHse6J2dY/310x430/1772290825.webp?s=4361ef58ab2fc605e4278ee127d18a2c8aba1ad6,4,3
Caquette prada,74.2,Prada,Taglia unica,https://www.vinted.it/items/8251925599-caquette-prada?referrer=catalog,1,8251925599,Sold,01/03/2026 00:24:00,,https://images1.vinted.net/t/04_00371_vNsfjwMsezyi1pgcSzHpTbsn/310x430/1771944646.webp?s=35a385502d458ab4b6d057df15e62fb0708e3a03,4,3
Prada,21.7,No brand,0,https://www.vinted.it/items/8280937228-prada?referrer=catalog,0,8280937228,Sold,01/03/2026 00:24:00,,https://images1.vinted.net/t/06_0112e_S5ZwF8vWD4nr4ptaRZftiVTM/310x430/1772309429.webp?s=61767e5ce662d7a27f9863c4c1fb7ec54c3202dc,4,3
T shirt Luna Rossa Prada Pirelli,95.2,Luna Rossa,M,https://www.vinted.it/items/8280931722-t-shirt-luna-rossa-prada-pirelli?referrer=catalog,2,8280931722,Sold,01/03/2026 00:24:00,,https://images1.vinted.net/t/04_021eb_jvnKnUXBArX5L3GRttNJpKE7/310x430/1772290741.webp?s=7eddc05ffb57b33fa4238b4eae9ac65ca7c5d500,4,3
Camisa branca Prada,525.7,Prada,M,https://www.vinted.it/items/8280921843-camisa-branca-prada?referrer=catalog,0,8280921843,Sold,01/03/2026 00:24:00,,https://images1.vinted.net/t/06_01bc6_nvzGv5msyp2QXrpARio1xYqV/310x430/1772290689.webp?s=17ab63acffa1ddefabddf7ac0688cb5b168738dc,4,3
Prada Sonnenbrille,142.45,Prada,0,https://www.vinted.it/items/8280913852-prada-sonnenbrille?referrer=catalog,15,8280913852,Sold,01/03/2026 00:24:00,,https://images1.vinted.net/t/05_001da_z9foh9uWDLdujNvoc9SkwtrQ/310x430/1772290646.webp?s=fd45b2cd435db6fadf7fa1341003eab4f798dbda,4,3
Prada,26.95,No brand,0,https://www.vinted.it/items/8280818435-prada?referrer=catalog,36,8280818435,Sold,01/03/2026 00:24:00,,https://images1.vinted.net/t/05_0197a_zUyhQmMdJSTkFP8uf6UQSeo4/310x430/1772290141.webp?s=e3b6f0f942e5f75dd568aef2e678c649ddcdc083,4,3
Housse de couette Agatha Ruiz de la prada,17.5,Agatha Ruiz de la Prada,Matrimoniale (155-190 cm x 200-220 cm),https://www.vinted.it/items/8280888766-housse-de-couette-agatha-ruiz-de-la-prada?referrer=catalog,23,8280888766,Sold,01/03/2026 00:24:00,,https://images1.vinted.net/t/04_007d3_pKtTfhW4UY2aPk1ZPjX5NAQg/310x430/1772290513.webp?s=ae373c86004bc595773c8dbd6647e075f96b345c,4,3
Prada cup bleu foncée ( dark blue ),126.7,Prada,45,https://www.vinted.it/items/8280850211-prada-cup-bleu-foncee-dark-blue?referrer=catalog,11,8280850211,Sold,01/03/2026 00:24:00,,https://images1.vinted.net/t/06_00f31_uPmy4J977FLZ8UEZZ2cQy53t/310x430/1772290308.webp?s=f36a787d04f7bc42020dc5cd545a07da9a12c0b5,4,3
Solo Scatola Prada,16.45,Prada,0,https://www.vinted.it/items/8279880362-solo-scatola-prada?referrer=catalog,3,8279880362,Sold,01/03/2026 00:24:00,,https://images1.vinted.net/t/06_01fff_WwvsUPeQg7p2gBuQxQVUJ7aK/310x430/1772285104.webp?s=42a009df9a0964e0a8b4b59d8f63860c8f2d2f87,4,3
Lunette de soleil Prada,158.2,Prada,0,https://www.vinted.it/items/8280844065-lunette-de-soleil-prada?referrer=catalog,0,8280844065,Sold,01/03/2026 00:24:00,,https://images1.vinted.net/t/06_01f66_wvUzyLqcqC1HuD1FJaaMUXkL/310x430/1772290275.webp?s=1fb51e8a468dc95967260e47380f710d32683232,4,3
borsa prada,105.7,Prada,0,https://www.vinted.it/items/8280814665-borsa-prada?referrer=catalog,43,8280814665,Sold,01/03/2026 00:24:00,,https://images1.vinted.net/t/01_00078_VMJsuKhh95zsL2QCYZ7AYEhp/310x430/1772290121.webp?s=364b3830e502d51200c51c1d3bef5e5790e3be2c,4,3
Prada,53.19,Prada,0,https://www.vinted.it/items/8280814281-prada?referrer=catalog,0,8280814281,Sold,01/03/2026 00:24:00,,https://images1.vinted.net/t/01_017ab_NRxZzJTRJj7fy3duKUa8xn98/310x430/1772290119.webp?s=d2f697d1c469daaf18f709efcbf4dea2386b9ccf,4,3
Polo uomo Luna Rossa Prada Pirelli,126.7,Luna Rossa,S,https://www.vinted.it/items/8280804478-polo-uomo-luna-rossa-prada-pirelli?referrer=catalog,8,8280804478,Sold,01/03/2026 00:24:00,,https://images1.vinted.net/t/05_00df4_jcJsJ4QsG32UgSKPBWPPeHeW/310x430/1772290067.webp?s=9b1bca2b03b5381c4e53cfbb9a4470e3af39d169,4,3
Portachiavi prada,47.95,Prada,0,https://www.vinted.it/items/8280741470-portachiavi-prada?referrer=catalog,7,8280741470,Sold,01/03/2026 00:24:00,,https://images1.vinted.net/t/05_01a16_c24DkbupTBbozKLMSDzcDDLL/310x430/1772289732.webp?s=c93922ec8efb0c452ebcdb14046ed0b52e3b5767,4,3
Felpa Prada Girocollo - Nero,63.69,Prada,L,https://www.vinted.it/items/8280726870-felpa-prada-girocollo-nero?referrer=catalog,1,8280726870,Sold,01/03/2026 00:24:00,,https://images1.vinted.net/t/06_00a2b_2ehkYioSkVyLfED6EnxKHW9A/310x430/1772289654.webp?s=5bb5d819361d7ab3444005f5067035eb10ac9e49,4,3
Prada Re-Nylon puffer jack met afneembare capuchon,1.6807,Prada,S,https://www.vinted.it/items/8280700268-prada-re-nylon-puffer-jack-met-afneembare-capuchon?referrer=catalog,1,8280700268,Sold,01/03/2026 00:24:00,,https://images1.vinted.net/t/05_000b5_28RwfUxcmvLc1JtYCqHuY7q3/310x430/1772289512.webp?s=65b86f01565000917c893a38c11d4f71c97beaf0,4,3
Prada Sonnenbrille - neu & ungetragen,168.7,Prada,0,https://www.vinted.it/items/8280691192-prada-sonnenbrille-neu-ungetragen?referrer=catalog,52,8280691192,Sold,01/03/2026 00:24:00,,https://images1.vinted.net/t/05_00429_2oVxPGAmq8BaTBCuYTirCMRp/310x430/1772289465.webp?s=2b7682f2ab590af6755a60674a0072d19d8cd3cb,4,3
Mocassino Prada,578.2,Prada,41,https://www.vinted.it/items/8280672350-mocassino-prada?referrer=catalog,0,8280672350,Sold,01/03/2026 00:24:00,,https://images1.vinted.net/t/01_007d6_58uRri835Y9DnywTChVc49Ky/310x430/1772289364.webp?s=567685928877625a906da1f27d902e8d61338df4,4,3
Cuffia di lana prada,63.7,Prada,Taglia unica,https://www.vinted.it/items/8194197722-cuffia-di-lana-prada?referrer=catalog,10,8194197722,Sold,01/03/2026 00:24:00,,https://images1.vinted.net/t/05_01bd9_AupVTnMG4U7eEAAE1TcAR9zj/310x430/1771320918.webp?s=a52cafd04476c4d8b212e876cae4c734cf8f95c4,4,3
Idée cadeau Prada,16.45,No brand,0,https://www.vinted.it/items/8280644151-idee-cadeau-prada?referrer=catalog,38,8280644151,Sold,01/03/2026 00:24:00,,https://images1.vinted.net/t/05_02030_LmgdBLxWgtgb92poBmRGxW9x/310x430/1772289212.webp?s=bb24fded5e25fe0a6b4fc2b19ea0ce3830020186,4,3
Prada zonnebril heren,79.45,Prada,0,https://www.vinted.it/items/8280641351-prada-zonnebril-heren?referrer=catalog,7,8280641351,Sold,01/03/2026 00:24:00,,https://images1.vinted.net/t/01_0208b_LTEAWPpBYQ2RhUzDZuxkGSQD/310x430/1772289198.webp?s=2c0375a35bcfce771fc2a5f7a94c5ba81d3698a9,4,3
Profumo Prada da uomo,42.7,Prada,0,https://www.vinted.it/items/8280640164-profumo-prada-da-uomo?referrer=catalog,0,8280640164,Sold,01/03/2026 00:24:00,,https://images1.vinted.net/t/06_022bf_L3pwanBF8nquzaMiq23x1hWF/310x430/1772289191.webp?s=5eb578d79efe6b018887f2ca4e24b91e73ac25e2,4,3
Scarpe sneakers Prada,420.7,Prada,40,https://www.vinted.it/items/8280634017-scarpe-sneakers-prada?referrer=catalog,0,8280634017,Sold,01/03/2026 00:24:00,,https://images1.vinted.net/t/05_00eb3_t51ntAe6VaWcZVEKDjcAWwqb/310x430/1772289158.webp?s=3ad48e4de154cd5ee0cda42d275381acc127d30e,4,3
Gafas de sol Prada unisex,74.2,Prada,0,https://www.vinted.it/items/8280616806-gafas-de-sol-prada-unisex?referrer=catalog,81,8280616806,Sold,01/03/2026 00:24:00,,https://images1.vinted.net/t/01_01544_AnFBsDDPnjvxJTY2X1ep5D1k/310x430/1772289067.webp?s=dd70470e7c17a0c5f213126a9412232900012f6c,4,3
Sac Prada,473.2,Prada,0,https://www.vinted.it/items/8251718677-sac-prada?referrer=catalog,7,8251718677,Sold,01/03/2026 00:24:00,,https://images1.vinted.net/t/03_00015_uZLp7YQD29mMQa31NwXrrYtT/310x430/1771943295.webp?s=216bb9ee5a492536d94aa45631ed692c58f7ad9e,4,3
Mealheiro porquinho Agatha Ruiz de La Prada,10.15,Agatha Ruiz de la Prada,0,https://www.vinted.it/items/8280597826-mealheiro-porquinho-agatha-ruiz-de-la-prada?referrer=catalog,2,8280597826,Sold,01/03/2026 00:24:00,,https://images1.vinted.net/t/05_020de_y3K8Qv3G8K2FRh4zLBB3uWhR/310x430/1772288966.webp?s=b84b328ca9571fe88bd4f8dc6c786238465dca32,4,3
Prada cup noir,210.69,Prada,43,https://www.vinted.it/items/8280585750-prada-cup-noir?referrer=catalog,1,8280585750,Sold,01/03/2026 00:24:00,,https://images1.vinted.net/t/03_01d36_pBRpdZAvsp88C5hjUo1e2xj9/310x430/1772290743.webp?s=86815a97401f18149f4d201b92cd6c96a0a954b9,4,3
Tênis Prada,368.2,Prada,41,https://www.vinted.it/items/8280571493-tenis-prada?referrer=catalog,0,8280571493,Sold,01/03/2026 00:24:00,,https://images1.vinted.net/t/01_008a7_R44LFaezQZ94Xy8yKZE1W1Lt/310x430/1772288826.webp?s=9969843a30b5c3f445b19ff3d2e955fdba6500d2,4,3
Prada Brille,105.7,Prada,0,https://www.vinted.it/items/8280565468-prada-brille?referrer=catalog,0,8280565468,Sold,01/03/2026 00:24:00,,https://images1.vinted.net/t/05_01ac4_GFcKLepfndddPob2AGPR8o8V/310x430/1772288795.webp?s=db51be7d80af2b6a0455b952ade8451870fe6303,4,3
Lait parfumé paradoxe,20.44,Prada,0,https://www.vinted.it/items/8280520414-lait-parfume-paradoxe?referrer=catalog,1,8280520414,Sold,01/03/2026 00:24:00,,https://images1.vinted.net/t/05_016d3_YJGvUgibkahuHacjXo7QDE7g/310x430/1772288555.webp?s=1d7d1e5b09fd67eafcc2f21e2c1f244b4abb8ce0,4,3
Bermuda 36 mesi nuovo,11.2,Agatha Ruiz de la Prada,3 anni / 98 cm,https://www.vinted.it/items/8280478839-bermuda-36-mesi-nuovo?referrer=catalog,16,8280478839,Sold,01/03/2026 00:24:00,,https://images1.vinted.net/t/06_00233_G85NJ7s3GGp7NjhCGUjoSiom/310x430/1772288332.webp?s=3f854d295ef1753d2e329fcffb18b4265977f879,4,3
Occhiali da sole Prada,131.95,Prada,0,https://www.vinted.it/items/8280435899-occhiali-da-sole-prada?referrer=catalog,81,8280435899,Sold,01/03/2026 00:24:00,,https://images1.vinted.net/t/01_000f9_qfUeyW69GK3BkNRfSNHLaUdb/310x430/1772288104.webp?s=a60c510bc51b29e60079afbce1ea2df04e7bf629,4,3
Parfums Prada Paradoxe Eau de - 90ML,47.95,Prada,0,https://www.vinted.it/items/8280394556-parfums-prada-paradoxe-eau-de-90ml?referrer=catalog,1,8280394556,Sold,01/03/2026 00:24:00,,https://images1.vinted.net/t/01_02017_2fDfneP1qKCTJDGvymUgxpfo/310x430/1772287883.webp?s=b5fd67bdb1b305bc7fdde103544bc6ef9265def7,4,3
PRADA Staubbeutel/Schuhbeutel,21.7,Prada,0,https://www.vinted.it/items/8280359871-prada-staubbeutelschuhbeutel-satin-2-stuck-nachtblau?referrer=catalog,0,8280359871,Sold,01/03/2026 00:24:00,,https://images1.vinted.net/t/05_025ed_PKvTGbiYe1QXCE936qyLAnQX/310x430/r3/1772287695.webp?s=97dc6bd8090d56acc3aece52a7f2af516302bccf,4,3
Prada bril nep,40.08,Prada,0,https://www.vinted.it/items/8280349931-prada-bril-nep?referrer=catalog,3,8280349931,Sold,01/03/2026 00:24:00,,https://images1.vinted.net/t/05_023b9_MihsNMiUYKGNuTXp3bpB4ggs/310x430/1772287643.webp?s=604d0dd401d5f52db65beef2f5a582863a3d1dcf,4,3
Prada Cups schwarz black,95.2,Prada,43,https://www.vinted.it/items/8280307072-prada-cups-schwarz-black?referrer=catalog,1,8280307072,Sold,01/03/2026 00:24:00,,https://images1.vinted.net/t/05_0193c_oASoXkEUgTYBUMtUUqk1pe4D/310x430/1772315759.webp?s=99f109376e468784110e81e9a192235eb29ee5f4,4,3
Brume paradoxe,20.55,Prada,0,https://www.vinted.it/items/8280296830-brume-paradoxe?referrer=catalog,17,8280296830,Sold,01/03/2026 00:24:00,,https://images1.vinted.net/t/01_016f4_m4B8DSn6QRqvcv6dD3dbaGPi/310x430/1772287358.webp?s=773181e268ac3f442fc9b960c07cc8d8f3ee6ba1,4,3
Borsa Prada,1.4182,Prada,0,https://www.vinted.it/items/8280255205-borsa-prada?referrer=catalog,17,8280255205,Sold,01/03/2026 00:24:00,,https://images1.vinted.net/t/06_017ac_diNVXQJbznxErB3cdSmzcoxS/310x430/1772287133.webp?s=f73be422ae856840979bb674b003086a062538bb,4,3
Borsa Prada,1.6282,Prada,0,https://www.vinted.it/items/8280251008-borsa-prada?referrer=catalog,0,8280251008,Sold,01/03/2026 00:24:00,,https://images1.vinted.net/t/05_023c6_KFMCgLJNccgn7KoM58t6gk4u/310x430/1772287111.webp?s=a1715564bdbb01b680f0185a2d9d8e9809f8cb10,4,3
Prada Cups 43,95.2,Prada,43,https://www.vinted.it/items/8280225257-prada-cups-43?referrer=catalog,2,8280225257,Sold,01/03/2026 00:24:00,,https://images1.vinted.net/t/05_01bdc_XnL6Aaqd3YJDFfPZYgwL1Lah/310x430/1772286973.webp?s=daa484c89c9dd7a7c08367e274cfd83f0b83a902,4,3
Prada paradoxe 90 ml,47.95,Prada,0,https://www.vinted.it/items/8280219958-prada-paradoxe-90-ml?referrer=catalog,1,8280219958,Sold,01/03/2026 00:24:00,,https://images1.vinted.net/t/06_014c0_LjQvdSdvTY9DPpkCZpUajz38/310x430/1772286945.webp?s=501e9866dd5d13f312109b12beedad3c316e44e9,4,3
Prada Cups,116.2,Prada,42,https://www.vinted.it/items/8280211484-prada-cups?referrer=catalog,1,8280211484,Sold,01/03/2026 00:24:00,,https://images1.vinted.net/t/05_00de8_H4LYdKXBV2Tc4daXQ8foy9DN/310x430/1772286899.webp?s=af62eba20d609a3f835efa87a6f553fe1a647344,4,3
parfum prada Paradoxe,95.2,Prada,0,https://www.vinted.it/items/8280191411-parfum-prada-paradoxe?referrer=catalog,0,8280191411,Sold,01/03/2026 00:24:00,,https://images1.vinted.net/t/05_00b94_L53oHjUvcFk1QpHJVkK319vE/310x430/1772286791.webp?s=9ea641b50e7413ebd54e221afb2d34bd4e9ab8b9,4,3
Lunette de soleil PRADA,221.2,Prada,0,https://www.vinted.it/items/8280183503-lunette-de-soleil-prada?referrer=catalog,0,8280183503,Sold,01/03/2026 00:24:00,,https://images1.vinted.net/t/05_020c8_yFNRnXgbwrobwLZne3RCB7K6/310x430/1772286748.webp?s=cd0aef4f8ccab37e023f5f5cc79078fee945e03d,4,3
Occhiali da sole PRADA Linea Rossa SPS 03X - NUOVI,126.7,Prada,0,https://www.vinted.it/items/8280128688-occhiali-da-sole-prada-linea-rossa-sps-03x-nuovi?referrer=catalog,26,8280128688,Sold,01/03/2026 00:24:00,,https://images1.vinted.net/t/05_00511_oTbfY51bbjSxpyYqqFSTwR78/310x430/1772286450.webp?s=7e15c23b05a13ea1d399406a1f523f4211009455,4,3
Gafas sol,210.7,Prada,0,https://www.vinted.it/items/8280127545-gafas-sol?referrer=catalog,0,8280127545,Sold,01/03/2026 00:24:00,,https://images1.vinted.net/t/06_02312_hskmfTDptT3iwEPPC4YqScoj/310x430/1772286444.webp?s=f2e968f5175870d018c512f7f68f99d0cd3bfbd9,4,3
Prada Cups 42,95.2,Prada,42,https://www.vinted.it/items/8280027537-prada-cups-42?referrer=catalog,33,8280027537,Sold,01/03/2026 00:24:00,,https://images1.vinted.net/t/06_001a5_CXarQ2xvJD3qCxWWz4v7hsja/310x430/1772285905.webp?s=e5b637664d4f26d736b95f8b121ad85141171fa4,4,3
Libro moda Prada,11.2,No brand,0,https://www.vinted.it/items/8280084268-libro-moda-prada?referrer=catalog,14,8280084268,Sold,01/03/2026 00:24:00,,https://images1.vinted.net/t/06_01ec6_tEFfXLBwpq23bc1PnGneVyLE/310x430/1772286210.webp?s=b0be51c79a530efdbfc479f5b16e08deca63137d,4,3
Gafas sol,210.7,Prada,0,https://www.vinted.it/items/8280076712-gafas-sol?referrer=catalog,0,8280076712,Sold,01/03/2026 00:24:00,,https://images1.vinted.net/t/05_01bc9_toRrJ7fDazyXe7s4sxb2eVF6/310x430/1772286169.webp?s=73fd3a8245098bbb7dd10c77158b9e6f1bd9ac17,4,3
Recharge Prada Paradoxe,100.45,Prada,0,https://www.vinted.it/items/8280072380-recharge-prada-paradoxe?referrer=catalog,0,8280072380,On Sale,01/03/2026 00:24:00,,https://images1.vinted.net/t/05_021f8_NmKQvD6y1vDz6XPzanvsPi9W/310x430/1772286146.webp?s=62c335f28dd77075a2491a26e434f3f51bf3d63c,4,3
Parfum Prada  Candy,15.4,Prada,0,https://www.vinted.it/items/8280067568-parfum-prada-candy?referrer=catalog,0,8280067568,On Sale,01/03/2026 00:24:00,,https://images1.vinted.net/t/06_00a18_2S7y8G4dctSSwJFwvJ4Bu3YX/310x430/1772286120.webp?s=a3e9465ce82ac531bb5f5e7d85f6f62aa46c4e55,4,3
Authentic Designer Perfumes – brand new 💕,66.85,Prada,0,https://www.vinted.it/items/8280061026-authentic-designer-perfumes-brand-new?referrer=catalog,0,8280061026,On Sale,01/03/2026 00:24:00,,https://images1.vinted.net/t/06_012f9_rXFCipEnRsaLpccLizG85DWr/310x430/1772286085.webp?s=2253ee92895640b9da8173cf1e27954bba1d0488,4,3
Tarjetero Prada,189.7,Prada,0,https://www.vinted.it/items/8280046714-tarjetero-prada?referrer=catalog,2,8280046714,On Sale,01/03/2026 00:24:00,,https://images1.vinted.net/t/06_01192_hPiCenNVMJzBm3R6wXmfSqUP/310x430/1772286008.webp?s=e64f44b2400125a16e9a851eb62a7de1f67f4d43,4,3
Gafas sol,210.7,Prada,0,https://www.vinted.it/items/8280034258-gafas-sol?referrer=catalog,0,8280034258,On Sale,01/03/2026 00:24:00,,https://images1.vinted.net/t/05_014f3_fdb24d5hB5PLUJfPKGjcTXQ7/310x430/1772285941.webp?s=fcded9115b078540f5d02c3006606433ff624de9,4,3
Occhiali PRADA,210.7,Prada,0,https://www.vinted.it/items/8279869501-occhiali-prada?referrer=catalog,0,8279869501,On Sale,01/03/2026 00:24:00,,https://images1.vinted.net/t/05_00a24_ryr3ube4UYE741aK2D3gBHmf/310x430/1772285044.webp?s=fdb421c09a5ac7fc52bf9d9abd622b8f604be444,4,3
Sneakers Prada originali – nere – condizioni eccellenti con scatola,158.2,Prada,45,https://www.vinted.it/items/8279994491-sneakers-prada-originali-nere-condizioni-eccellenti-con-scatola?referrer=catalog,0,8279994491,On Sale,01/03/2026 00:24:00,,https://images1.vinted.net/t/06_0120f_DAkm5FxoZ7tqEHr9SXZgvGC2/310x430/1772285726.webp?s=3cac342cee2e7c9f5ec06dd6334ece2ad326ec18,4,3
Prada Brillenetui inkl Putztuch neu,14.35,Prada,0,https://www.vinted.it/items/8279959168-prada-brillenetui-inkl-putztuch-neu?referrer=catalog,3,8279959168,On Sale,01/03/2026 00:24:00,,https://images1.vinted.net/t/05_021be_6SMfbbVcEpXuAhzGzJHNhMXp/310x430/1772285533.webp?s=041190e7b35e97e96dd07e534d2e0c6cfdd365f8,4,3
Prada ocean Luna Rossa,47.95,Prada,0,https://www.vinted.it/items/8279958783-prada-ocean-luna-rossa?referrer=catalog,2,8279958783,On Sale,01/03/2026 00:24:00,,https://images1.vinted.net/t/01_01ead_4UESh4Kfnt9PDnw5cv9zwNSF/310x430/1772285531.webp?s=fb7b1e1ad7b1d7d49c47205a4486d42ce2e981a7,4,3
Prada Re-Nylon Bucket Hat Red,331.45,Prada,M,https://www.vinted.it/items/8279953796-prada-re-nylon-bucket-hat-red?referrer=catalog,1,8279953796,On Sale,01/03/2026 00:24:00,,https://images1.vinted.net/t/02_01849_UvPBkJaEJox4DzonMYJmX86K/310x430/1772285505.webp?s=147e69172188700f8d756519ac473852d204ea94,4,3
Gafas sol,210.7,Prada,0,https://www.vinted.it/items/8279916709-gafas-sol?referrer=catalog,0,8279916709,On Sale,01/03/2026 00:24:00,,https://images1.vinted.net/t/06_01c88_YwaA6e14duSsu6sX4oGc78zT/310x430/1772285302.webp?s=b591e28e28855f10de6d2e21a041bc16a6639097,4,3
Prada Bleistiftrock dunkelgrau mit Schlitz Gr. 36 (italienisch),210.7,Prada,S / IT 40 / EU 36,https://www.vinted.it/items/8279909264-prada-bleistiftrock-dunkelgrau-mit-schlitz-gr-36-italienisch?referrer=catalog,2,8279909264,On Sale,01/03/2026 00:24:00,,https://images1.vinted.net/t/06_01be1_RKLxoDtCLvG7t9Jn92hSitZv/310x430/1772285262.webp?s=84e8ae167513dc4416cfbd255475f4fe4ce8fc32,4,3
Prada Paradoxe,23.8,Prada,0,https://www.vinted.it/items/8271618073-prada-paradoxe?referrer=catalog,7,8271618073,Sold,27/02/2026 15:32:50,,https://images1.vinted.net/t/04_00c0f_FhipQX8SY4T88qadQmagdgdG/310x430/1772192847.webp?s=2bcdc5b709bef8476c7865725b35bcedc6322abe,4,2
Maglione Prada,473.2,Prada,S / IT 40 / EU 36,https://www.vinted.it/items/8271357273-maglione-prada?referrer=catalog,4,8271357273,Sold,27/02/2026 15:32:50,,https://images1.vinted.net/t/04_00bcc_qne65uKd5VvAFEjr1pUfbUNk/310x430/1772190822.webp?s=69ce59e864a85a9edbe13c6f2ed1886f783bcf5b,4,2
Prada paradoxe Parfum,89.95,Prada,0,https://www.vinted.it/items/8271397346-prada-paradoxe-parfum?referrer=catalog,0,8271397346,Sold,27/02/2026 15:32:50,,https://images1.vinted.net/t/01_0050b_4DsBRUfPkXgbwHMVjc4Pm699/310x430/1772191129.webp?s=187328815c8c5442986561aba15d48997ca45942,4,2
Prada Beauty charms,26.95,Prada beauty,0,https://www.vinted.it/items/8271555051-prada-beauty-charms?referrer=catalog,0,8271555051,Sold,27/02/2026 15:32:50,,https://images1.vinted.net/t/05_0137f_x2xXDWgAiomHXcHGueDyzeW3/310x430/1772192356.webp?s=eefbe49e843f0c067dbb2419514cfbf2085bd67e,4,2
Pantaloncini Luna Rossa Prada Pirelli,189.7,Luna Rossa,XL,https://www.vinted.it/items/8271551562-pantaloncini-luna-rossa-prada-pirelli?referrer=catalog,9,8271551562,Sold,27/02/2026 15:32:50,,https://images1.vinted.net/t/05_00c4f_UJDTJAuQJZaa8LQS18NWsuhf/310x430/1772192329.webp?s=b3bdc54a977665a52699e0e563104c0a6f128fdd,4,2
T-shirt Luna Rossa Prada Pirelli,116.2,Luna Rossa,XL,https://www.vinted.it/items/8271526772-t-shirt-luna-rossa-prada-pirelli?referrer=catalog,14,8271526772,Sold,27/02/2026 15:32:50,,https://images1.vinted.net/t/03_00aea_p5ehykH8VyNSQjuWAHrpwAN1/310x430/1772192134.webp?s=706feef9df0a3c2fa7b3095fd52ce30c55d7c5f7,4,2
Libro nuovo Prada,13.3,No brand,0,https://www.vinted.it/items/8271509257-libro-nuovo-prada?referrer=catalog,4,8271509257,Sold,27/02/2026 15:32:50,,https://images1.vinted.net/t/05_026c6_qWmpTTtWg6WYRa6ayEP7zHMv/310x430/1772191998.webp?s=ebe6f077efba7656a460f9d62d8f9434e8d1a51b,4,2
Occhiali,189.7,Prada,0,https://www.vinted.it/items/8242531183-occhiali?referrer=catalog,0,8242531183,Sold,27/02/2026 15:32:50,,https://images1.vinted.net/t/06_01625_RZ11NWdCf2xnaGFKsgttzUVy/310x430/1771845975.webp?s=d39e4837753966f11e6c2287033664e31ab54b56,4,2
Prada zonnebril,47.95,Prada,0,https://www.vinted.it/items/8271485833-prada-zonnebril?referrer=catalog,1,8271485833,Sold,27/02/2026 15:32:50,,https://images1.vinted.net/t/05_01b76_jiM12vJRYMi5GeUVniWAh9TB/310x430/1772191814.webp?s=edec4b857cf656957994d19241a8919c5d10f88a,4,2
Gafas de sol Prada,137.2,Prada,0,https://www.vinted.it/items/8271478826-gafas-de-sol-prada?referrer=catalog,3,8271478826,Sold,27/02/2026 15:32:50,,https://images1.vinted.net/t/05_00333_3UoPRCGZcpgrenetJGGY7Wg2/310x430/1772191759.webp?s=6cc1c63346a70c752231eacd955f16234e34e5a6,4,2
PRADA Catwalk - Die Kollektionen,47.95,No brand,0,https://www.vinted.it/items/8271461255-prada-catwalk-die-kollektionen?referrer=catalog,0,8271461255,Sold,27/02/2026 15:32:50,,https://images1.vinted.net/t/05_019ea_DAzLexJxqQf1MZgaKvxigiyb/310x430/1772191623.webp?s=140e4641d5064c7426973297601f55ebeda7e454,4,2
Prada candy,53.2,Prada,0,https://www.vinted.it/items/8271461071-prada-candy?referrer=catalog,0,8271461071,Sold,27/02/2026 15:32:50,,https://images1.vinted.net/t/04_01f0f_EywTSCC9Aoj1XyZUbTJsDvix/310x430/1772191622.webp?s=55d26244d706294bd7ff5f55e6507233f5059025,4,2
Gafas Prada nuevas,158.2,Prada,0,https://www.vinted.it/items/8271433639-gafas-prada-nuevas?referrer=catalog,22,8271433639,Sold,27/02/2026 15:32:50,,https://images1.vinted.net/t/05_00ebf_Y72PfuK4RGBUvEFHfKDugATx/310x430/1772191408.webp?s=3c362c4c79f5fbcca007ca3d45fc91f24a59c579,4,2
Pendientes,9.1,Agatha Ruiz de la Prada,0,https://www.vinted.it/items/8271434716-pendientes?referrer=catalog,0,8271434716,Sold,27/02/2026 15:32:50,,https://images1.vinted.net/t/05_00907_RMAJPKxZd2RCSM5RkzxeUDnx/310x430/1772191417.webp?s=e373e06f6397ed9c3a007c32c0b68abbeb73687f,4,2
Prada Ocean Luna Rossa Le Parfum,63.7,Prada,0,https://www.vinted.it/items/8271424417-prada-ocean-luna-rossa-le-parfum?referrer=catalog,0,8271424417,Sold,27/02/2026 15:32:50,,https://images1.vinted.net/t/01_0185f_z7QgYuEzgdjF8Y1e7WPAnnQW/310x430/1772191336.webp?s=8e0923b5a99197bb7ea63babe3696cd1221458a6,4,2
Borsetta Prada beauty,47.95,Prada,0,https://www.vinted.it/items/8242409431-borsetta-prada-beauty?referrer=catalog,62,8242409431,Sold,27/02/2026 15:32:50,,https://images1.vinted.net/t/06_012b5_2vQLBK4JBVboNGuLqHL1Cy84/310x430/1771845117.webp?s=6b559180646d15e762094188bab017943eb62345,4,2
Scarpe da collezione Prada,200.2,Prada,45,https://www.vinted.it/items/8271404098-scarpe-da-collezione-prada?referrer=catalog,12,8271404098,Sold,27/02/2026 15:32:50,,https://images1.vinted.net/t/06_009c0_pTbEWhvp2uPMQrhG95BYzmgD/310x430/1772191181.webp?s=08180b56674cf72d24a394c46021df8afd618e01,4,2
Gonna Midi Prada lana,105.7,Prada,Altro,https://www.vinted.it/items/8271383744-gonna-midi-prada-lana?referrer=catalog,0,8271383744,Sold,27/02/2026 15:32:50,,https://images1.vinted.net/t/04_02149_RL9NAVmkWUyHrmcemw4v6zCb/310x430/1772191026.webp?s=c4066a87c6a75cf34f819007e802726994c1c4a6,4,2
Mini Lippenstift Prada,9.1,Prada,0,https://www.vinted.it/items/8271370164-mini-lippenstift-prada?referrer=catalog,6,8271370164,Sold,27/02/2026 15:32:50,,https://images1.vinted.net/t/05_000c1_qEyVbBvV1W6CnuDbxg1VALjs/310x430/1772190922.webp?s=a2d60d9d81945713a848874eae65afc5a3b56da1,4,2
Prada Milano Anzug dunkelbraun Gr. 52R/XL/L Wolle formell klassisch Straight Leg NEU,524.65,Prada,L,https://www.vinted.it/items/8271188823-prada-milano-anzug-dunkelbraun-gr-52rxll-wolle-formell-klassisch-straight-leg-neu?referrer=catalog,1,8271188823,Sold,27/02/2026 15:32:50,,https://images1.vinted.net/t/01_01a73_TdCUukvUzZPR2FqAWJJdWyMZ/310x430/1772190885.webp?s=128257d0611ac2fe413bc99b94b38846d845ed70,4,2
Prada Milano Anzug dunkelblau Gr. 52R/XL/L Mohair Seide formell klassisch NEU,577.15,Prada,L,https://www.vinted.it/items/8271132141-prada-milano-anzug-dunkelblau-gr-52rxll-mohair-seide-formell-klassisch-neu?referrer=catalog,1,8271132141,Sold,27/02/2026 15:32:50,,https://images1.vinted.net/t/06_012f1_WMAdN1S7PSm2W7DLNNwEatpZ/310x430/1772190837.webp?s=f6b3cb86189c30540f8dad9c30098614b160017e,4,2
Lunette Prada polarisé neuve,147.7,Prada,0,https://www.vinted.it/items/8271342716-lunette-prada-polarise-neuve?referrer=catalog,1,8271342716,Sold,27/02/2026 15:32:50,,https://images1.vinted.net/t/05_01e01_LEaCbqaHkAt6aHoAmRYxstuQ/310x430/1772190710.webp?s=d964307a2b335b4d11476d398f78b4f41c259932,4,2
Prada Luna Rossa Black - Eau de Parfum 50 ml Nuovo,68.95,Prada,0,https://www.vinted.it/items/8271336222-prada-luna-rossa-black-eau-de-parfum-50-ml-nuovo?referrer=catalog,0,8271336222,Sold,27/02/2026 15:32:50,,https://images1.vinted.net/t/05_01ead_xwjaUNTQfFpGA4u87rNNFaTb/310x430/1772190660.webp?s=dfac39c9a0cbffa3db2b190c328cd610ec579c93,4,2
Occhiali Prada,95.2,Prada,0,https://www.vinted.it/items/8271320940-occhiali-prada?referrer=catalog,36,8271320940,Sold,27/02/2026 15:32:50,,https://images1.vinted.net/t/06_02515_gBzYrvumN8ZqN6SbBVe8b5KZ/310x430/1772190544.webp?s=aca9d004c76c68b2a25550dfb2ff4a09363cbd2a,4,2
Occhiali Prada,305.2,Prada,0,https://www.vinted.it/items/8271319797-occhiali-prada?referrer=catalog,0,8271319797,Sold,27/02/2026 15:32:50,,https://images1.vinted.net/t/04_01331_iJvc6BkWrNwzBX1x2knRSeJf/310x430/1772190535.webp?s=d877fb384a75e5d76ed15f913a54475056dbce46,4,2
Porta abiti Prada,19.6,Prada,0,https://www.vinted.it/items/8271318434-porta-abiti-prada?referrer=catalog,2,8271318434,Sold,27/02/2026 15:32:50,,https://images1.vinted.net/t/06_01e08_1KcbqWGQ2J5GSVg9H77L5Hes/310x430/1772190524.webp?s=33a9f42836d6104f8eac099012340a89ca064407,4,2
Prada Woman moccasin,525.7,Prada,40,https://www.vinted.it/items/8271315931-prada-woman-moccasin?referrer=catalog,0,8271315931,Sold,27/02/2026 15:32:50,,https://images1.vinted.net/t/05_01f19_GgoPaUJAthR4ZfMBw84ihV4S/310x430/1772190505.webp?s=a3451ba3d263d76da8ca3c9e16a7d0d9044b4b64,4,2
Prada Luna Rossa - Eau de Toilette 100 ml - Nuovo,62.65,Prada,0,https://www.vinted.it/items/8271289479-prada-luna-rossa-eau-de-toilette-100-ml-nuovo?referrer=catalog,0,8271289479,Sold,27/02/2026 15:32:50,,https://images1.vinted.net/t/04_01e16_eD3fseH4eBrYFQEK8dLuf2A1/310x430/1772190305.webp?s=dd1ecc5e5254dda14e83b8f00032e966cd83600f,4,2
Maglia nera a V Prada con cerniere laterali,23.8,Prada,S / IT 40 / EU 36,https://www.vinted.it/items/8271287324-maglia-nera-a-v-prada-con-cerniere-laterali?referrer=catalog,11,8271287324,Sold,27/02/2026 15:32:50,,https://images1.vinted.net/t/01_00e67_LwSkh2uqRpSy8B6WHdchKW8Y/310x430/1772190288.webp?s=588cc04c1e974eb864e9587cf89845a09adfae29,4,2
Perfume Prada Paradoxe eau de perfume 90ml,37.45,Prada,0,https://www.vinted.it/items/8271266461-perfume-prada-paradoxe-eau-de-perfume-90ml?referrer=catalog,1,8271266461,Sold,27/02/2026 15:32:50,,https://images1.vinted.net/t/05_000bc_y86zPbHj74D4DSTrXVknaTYB/310x430/1772190131.webp?s=f63136bc2ee302b60706d8942c0f91426aa95d72,4,2
Scarpa / Stivaletto uomo - Prada,1.0402,Prada,43,https://www.vinted.it/items/8271257471-scarpa-stivaletto-uomo-prada?referrer=catalog,0,8271257471,Sold,27/02/2026 15:32:50,,https://images1.vinted.net/t/01_023c9_wR5euwragHt2w2jyCAQ5R2Vj/310x430/1772190063.webp?s=044695b47e35c74bb8361a9be4ba19b2caa7ed72,4,2
Prada Cup grau weiß,131.95,Prada,45,https://www.vinted.it/items/8271248950-prada-cup-grau-weiss?referrer=catalog,0,8271248950,Sold,27/02/2026 15:32:50,,https://images1.vinted.net/t/01_01a6d_FoXx1aat1UftNakU1L8iczvL/310x430/1772189999.webp?s=ed31a243d7442d2b36215bdda3dd08e1c360c8cc,4,2
Profumo Prada,42.7,Prada,0,https://www.vinted.it/items/8271224850-profumo-prada?referrer=catalog,8,8271224850,Sold,27/02/2026 15:32:50,,https://images1.vinted.net/t/04_01c7a_xXHnKJDK7QS2KTusV9yZY4cv/310x430/1772189822.webp?s=ea95537d6fdb1ecde7fcd5e07257839dcec0bc84,4,2
Basket Prada,368.2,Prada,41,https://www.vinted.it/items/8271219678-basket-prada-41-12?referrer=catalog,1,8271219678,Sold,27/02/2026 15:32:50,,https://images1.vinted.net/t/06_01fde_EG1hBWRWpquaRGGjRKYHf4cZ/310x430/1772189848.webp?s=b4011ff2069410821d02552964115d6b15f377ea,4,2
Parfum Prada paradigme,126.7,Prada,0,https://www.vinted.it/items/8271218885-parfum-prada-paradigme?referrer=catalog,0,8271218885,Sold,27/02/2026 15:32:50,,https://images1.vinted.net/t/05_01613_aQg9zQHQdbPiQ9C2w2edkggB/310x430/1772189778.webp?s=df926424441ef2a6b04b3835ee76ae72ba7e6543,4,2
Prada Black Heels – Size 37.5,210.7,Prada,37.5,https://www.vinted.it/items/8271203987-prada-black-heels-size-375?referrer=catalog,5,8271203987,Sold,27/02/2026 15:32:50,,https://images1.vinted.net/t/06_01688_tQu9meBnfiwPL3Gkex9mFq5a/310x430/1772189668.webp?s=dcd65ef6009790a39a619135b63a6d231992e429,4,2
Chanel,247.45,No brand,0,https://www.vinted.it/items/8271200597-chanel-dior-prada-vivienne-westwood-catwalk-books?referrer=catalog,2,8271200597,Sold,27/02/2026 15:32:50,,https://images1.vinted.net/t/01_023d5_MSWUMDxqUTksu5wktDcsNvay/310x430/1772189643.webp?s=8318d54fc215c27b584d58447aef06d6878fa5af,4,2
Abito Prada uomo,525.7,Prada,52,https://www.vinted.it/items/8271196317-abito-prada-uomo?referrer=catalog,0,8271196317,Sold,27/02/2026 15:32:50,,https://images1.vinted.net/t/04_0166f_LfDts7jh2ANV6BPB8eaPssQK/310x430/1772189611.webp?s=b16a0ae388de88421e18ea08a9848773fbaa038f,4,2
Prada schuhe,263.2,Prada,43,https://www.vinted.it/items/8271151197-prada-schuhe?referrer=catalog,1,8271151197,Sold,27/02/2026 15:32:50,,https://images1.vinted.net/t/05_00e78_j4xGwhWEzyFGoKmLX15fDbcc/310x430/1772189276.webp?s=137bcf786c9b3ae73f7b5533ae30d84ce0125f55,4,2
Paradoxe/Prada,37.45,Chogan,0,https://www.vinted.it/items/8271137855-paradoxeprada?referrer=catalog,0,8271137855,Sold,27/02/2026 15:32:50,,https://images1.vinted.net/t/05_00610_sqcYw9XnsaMkCmpRWfTcv49h/310x430/1772189178.webp?s=87d480328a3d710b55c12c615c789815738a5040,4,2
Occhiale Prada,105.7,Prada,0,https://www.vinted.it/items/8271136528-occhiale-prada?referrer=catalog,0,8271136528,Sold,27/02/2026 15:32:50,,https://images1.vinted.net/t/05_02649_aVVuWcj8FLMeZ7S4emXsVAN9/310x430/1772189168.webp?s=273d5c923122ada04d2a83b94fa749835ce5a371,4,2
Prada Cups dunkel blau,578.2,Prada,44,https://www.vinted.it/items/8271113713-prada-cups-dunkel-blau?referrer=catalog,0,8271113713,Sold,27/02/2026 15:32:50,,https://images1.vinted.net/t/06_01c70_1JPHAUXu9TqtKQWs7YCrpipt/310x430/1772188999.webp?s=419de0ef23e558e3ed43694660e047e00d2cd9e3,4,2
Prada marron shades new,83.65,Prada,0,https://www.vinted.it/items/8271077657-prada-marron-shades-new?referrer=catalog,0,8271077657,Sold,27/02/2026 15:32:50,,https://images1.vinted.net/t/05_00e9e_tprDH3Qxc4zYkdBsTJGQadJY/310x430/1772188734.webp?s=58ebc879a5f2f99af06a0b010eac50a4106dcb41,4,2
Prada Sonnebrille | schwarz,47.95,Prada,0,https://www.vinted.it/items/8271078293-prada-sonnebrille-schwarz?referrer=catalog,3,8271078293,Sold,27/02/2026 15:32:50,,https://images1.vinted.net/t/01_01200_3mvd3A4zGGSGVu2XqGSkHTEm/310x430/1772188739.webp?s=0da6917b88e5f857eaad6c5983d1e6429d5dec0a,4,2
Basket Prada,368.2,Prada,46,https://www.vinted.it/items/8271068531-basket-prada-america-cup-46?referrer=catalog,3,8271068531,Sold,27/02/2026 15:32:50,,https://images1.vinted.net/t/05_00074_j9BsUSLKwWM6kuXJ7ZgQC8pE/310x430/1772188667.webp?s=af9ba0c7698227643ae1492ed78233f117d65a42,4,2
Prada cups all black 44,110.95,Prada,44,https://www.vinted.it/items/8271063865-prada-cups-all-black-44?referrer=catalog,0,8271063865,Sold,27/02/2026 15:32:50,,https://images1.vinted.net/t/01_01a8d_UWJzyjmHkBY3UqSzv87FRtxe/310x430/1772188633.webp?s=80ffd0aa92e38e03e53aafb71af40edcb8d06784,4,2
Bottes lacets Prada,105.7,Prada,38,https://www.vinted.it/items/8271047399-bottes-lacets-prada?referrer=catalog,0,8271047399,Sold,27/02/2026 15:32:50,,https://images1.vinted.net/t/06_0201d_VVtArTT4WXjoc4ewZrnJ3TMa/310x430/1772188510.webp?s=08add819e18419fb7662043f69c8153a610e890e,4,2
Chaussures à talons Prada,525.7,Prada,38.5,https://www.vinted.it/items/8271023245-chaussures-a-talons-prada?referrer=catalog,0,8271023245,Sold,27/02/2026 15:32:50,,https://images1.vinted.net/t/05_01a1c_GeDnsyjSXEzyxP9M1cb3zDe6/310x430/1772188329.webp?s=c7c9134eebb02866da895ef36df39c4521b87460,4,2
Bolso Agatha Ruiz de la Prada Nuevo,34.3,Agatha Ruiz de la Prada,0,https://www.vinted.it/items/8271010929-bolso-agatha-ruiz-de-la-prada-nuevo?referrer=catalog,4,8271010929,Sold,27/02/2026 15:32:50,,https://images1.vinted.net/t/03_020b6_NjW9VAbNE2bChjMgrELwdbet/310x430/1772188236.webp?s=3a9bc55089e03e4bce1811f4014958ae2c606d40,4,2
Occhiali Prada maculati,158.2,Prada,0,https://www.vinted.it/items/8270857081-occhiali-prada-maculati?referrer=catalog,1,8270857081,Sold,27/02/2026 15:32:50,,https://images1.vinted.net/t/01_00299_KNVjpi84QkH7XjUeRdfxcGKa/310x430/1772187064.webp?s=49a0412ca0ddb450674c0a1c7c229e4da1d2b4b0,4,2
Occhiali da sole Prada,58.45,Prada,0,https://www.vinted.it/items/8270969985-occhiali-da-sole-prada?referrer=catalog,22,8270969985,Sold,27/02/2026 15:32:50,,https://images1.vinted.net/t/01_015e5_UGTYP7rfWXg5YQNb6BhziSgB/310x430/1772187924.webp?s=41d8d13018eba34294a058923e537dec89dafbc8,4,2
Prada paradox virtual flower eau de parfum,21.7,Prada,0,https://www.vinted.it/items/8270968926-prada-paradox-virtual-flower-eau-de-parfum?referrer=catalog,4,8270968926,Sold,27/02/2026 15:32:50,,https://images1.vinted.net/t/01_00b28_PfeQzufBLnqoz9xAbuNbLq9E/310x430/1772187916.webp?s=2c0d9a1297b7b7db60b5f935a326db796e454e13,4,2
Occhiali nuovi e Originali Prada Symbole Spr017W neri mai indossati top più venduti,147.69,Prada,0,https://www.vinted.it/items/8270946035-occhiali-nuovi-e-originali-prada-symbole-spr017w-neri-mai-indossati-top-piu-venduti?referrer=catalog,2,8270946035,Sold,27/02/2026 15:32:50,,https://images1.vinted.net/t/05_00e05_sQ8G7vZRMzs32GADuj2eWRCF/310x430/1772187743.webp?s=9fdd9cf8840d180b4e5f87c404fae6dffa7efbcf,4,2
Prada Symbole Bag,893.2,Prada,0,https://www.vinted.it/items/8270940826-prada-symbole-bag?referrer=catalog,6,8270940826,Sold,27/02/2026 15:32:50,,https://images1.vinted.net/t/01_00391_BpXVraPY85hMVgHQQyoQ82md/310x430/1772187704.webp?s=20ea716e5e3f8286d1b3dcf597cf16cd4af1baad,4,2
Prada cup bleu marine,105.7,Prada,44,https://www.vinted.it/items/8270920598-prada-cup-bleu-marine?referrer=catalog,5,8270920598,Sold,27/02/2026 15:32:50,,https://images1.vinted.net/t/05_022a6_X3vZ2rVKPv4puTjuJU3DD9sQ/310x430/1772187548.webp?s=9a4009ce5ed17e9ed7a37bddf09242a987943f40,4,2
Lunette de soleil PRADA,284.2,Prada,0,https://www.vinted.it/items/8270921296-lunette-de-soleil-prada?referrer=catalog,0,8270921296,Sold,27/02/2026 15:32:50,,https://images1.vinted.net/t/06_01228_FgRSUGT1j5MFZRct4kNi4uYm/310x430/1772187553.webp?s=b80c53bcbac6194a1663729dc27b0c7a47113502,4,2
Prada Tracolla,420.7,Prada,0,https://www.vinted.it/items/8270809727-prada-tracolla?referrer=catalog,1,8270809727,Sold,27/02/2026 15:32:50,,https://images1.vinted.net/t/05_00973_SZdqbbTxRD8mTBn8UEBsjzsg/310x430/1772186698.webp?s=b45f8b79249f1c84fbd1f277cf973c106a0ad587,4,2
Borsa shopper Prada,1.5757,Prada,0,https://www.vinted.it/items/8270901309-borsa-shopper-prada?referrer=catalog,1,8270901309,Sold,27/02/2026 15:32:50,,https://images1.vinted.net/t/03_01157_Ac7rerwhrerRvui4piJZfF2f/310x430/1772187403.webp?s=4877004d5f49999060008c222dc7cc636e4ee551,4,2
Derbies Prada T : 8.5 (42,441.7,Prada,42,https://www.vinted.it/items/8270823115-derbies-prada-t-85-425?referrer=catalog,0,8270823115,Sold,27/02/2026 15:32:50,,https://images1.vinted.net/t/01_01281_A9Md7ywP2Xsvmwsoqsbbdhxb/310x430/1772186803.webp?s=9df493c59c3a261b568f1fcb3c743b84a79fb650,4,2
Libro el diablo viste de prada,3.85,No brand,0,https://www.vinted.it/items/8270808684-libro-el-diablo-viste-de-prada?referrer=catalog,2,8270808684,Sold,27/02/2026 15:32:50,,https://images1.vinted.net/t/05_020b3_KpzVNGx1vNZfD4i91sTusyM1/310x430/1772186689.webp?s=1b4d476f44ef37a6f4c67148dd7571d1020ba942,4,2
Libro La venganza viste de prada,2.8,No brand,0,https://www.vinted.it/items/8270799638-libro-la-venganza-viste-de-prada?referrer=catalog,2,8270799638,Sold,27/02/2026 15:32:50,,https://images1.vinted.net/t/01_0247e_kefALB6A64fLHjiffoYmcwm7/310x430/1772186619.webp?s=7e15ae2cd7589a9b66245ef90fb2b294252c5838,4,2
Eau de parfum 50 ml Prada Paradoxe,47.95,Prada,0,https://www.vinted.it/items/8270792223-eau-de-parfum-50-ml-prada-paradoxe?referrer=catalog,0,8270792223,Sold,27/02/2026 15:32:50,,https://images1.vinted.net/t/01_003b3_sdMgtgJo4ptZ9LZ1Eqja2mkv/310x430/1772186559.webp?s=b50aadb715b35360d022f3fde62cd12dd55091a3,4,2
Paradigme,53.2,Prada,0,https://www.vinted.it/items/8270765825-paradigme?referrer=catalog,0,8270765825,Sold,27/02/2026 15:32:50,,https://images1.vinted.net/t/06_007bf_GjMePz9ipusJVwHBH532JEBy/310x430/1772186349.webp?s=dcf003d5c7273fd46123348a28b162c6c3ef489e,4,2
Bougie Prada,21.7,Prada,0,https://www.vinted.it/items/8272945470-bougie-prada?referrer=catalog,0,8272945470,Sold,27/02/2026 15:32:24,,https://images1.vinted.net/t/06_01c0b_qwq5VbivSVvBufQGo1AJPWQY/310x430/1772202666.webp?s=f9eadfa5e5b2e174ac1808ae51563c59a6951e98,4,1
American’s cup,158.2,Prada,43,https://www.vinted.it/items/8272938331-americans-cup?referrer=catalog,0,8272938331,Sold,27/02/2026 15:32:24,,https://images1.vinted.net/t/01_0264a_socEsFQ4NWcYbYm1fWddy9vv/310x430/1772202617.webp?s=39b89457f0852882aab796f4e8bb7a1912be39e3,4,1
felpa prada,68.95,Footkorner,M,https://www.vinted.it/items/8272928334-felpa-prada?referrer=catalog,0,8272928334,Sold,27/02/2026 15:32:24,,https://images1.vinted.net/t/01_0027c_6NJFG1H5eoqsCYmSmUvNuEco/310x430/1772202548.webp?s=76876db4fc14c2533306148599371b0058612ac0,4,1
Prada,74.2,Prada,0,https://www.vinted.it/items/8272923308-prada?referrer=catalog,0,8272923308,Sold,27/02/2026 15:32:24,,https://images1.vinted.net/t/01_000df_wYaj1sErXXdqaGBXmXABonDo/310x430/1772202513.webp?s=b1932a6ed8a1058f4bc826bf5cb239d95ce9c864,4,1
Prada PR17WS Zonnebril,231.7,Prada,0,https://www.vinted.it/items/8272899420-prada-pr17ws-zonnebril?referrer=catalog,0,8272899420,Sold,27/02/2026 15:32:24,,https://images1.vinted.net/t/05_00288_xB2mAxJXRufBYCtxMh75nMvV/310x430/1772202348.webp?s=1ffc87bc684dd79a1c6543b91bea01ad830a4b82,4,1
Flacon vide Prada Paradoxe 50ml,9.1,Prada,0,https://www.vinted.it/items/8272897239-flacon-vide-prada-paradoxe-50ml?referrer=catalog,0,8272897239,Sold,27/02/2026 15:32:24,,https://images1.vinted.net/t/06_00688_pMBrxM3kFmGV414KH3JuFTra/310x430/1772202334.webp?s=ba759a8928c3eaa99a4df4acdebc3adfb4c56339,4,1
Prada Symbole,68.95,Prada,0,https://www.vinted.it/items/8272894393-prada-symbole?referrer=catalog,0,8272894393,Sold,27/02/2026 15:32:24,,https://images1.vinted.net/t/05_02117_srpqzePUHcqMzo5uKjapfLAW/310x430/1772202314.webp?s=ccc210b000c1271861c761543aad008651baf858,4,1
Paradoxe Prada eau de parfum 90ml fl.oz,32.2,Prada,0,https://www.vinted.it/items/8272886275-paradoxe-prada-eau-de-parfum-90ml-floz?referrer=catalog,1,8272886275,Sold,27/02/2026 15:32:24,,https://images1.vinted.net/t/06_00426_bq9YdF3NKYBHjU9Eg19Gkwwy/310x430/1772202258.webp?s=508bbb81a8eb311867f8a89d782ea7f104c2443f,4,1
Lunette de soleil Prada,84.7,Prada,0,https://www.vinted.it/items/8244234388-lunette-de-soleil-prada?referrer=catalog,2,8244234388,Sold,27/02/2026 15:32:24,,https://images1.vinted.net/t/06_00ded_Gg7FRhAkfP94kuok4NCSJZtk/310x430/1771856362.webp?s=f96902d165b026106c64a0b682ee8abb0fb028ca,4,1
Felpa Prada,765.0,Prada,XL,https://www.vinted.it/items/8272848142-felpa-prada?referrer=catalog,0,8272848142,Sold,27/02/2026 15:32:24,,https://images1.vinted.net/t/01_004a2_xpYWLdVLyiup8XvyXBB9cNg4/310x430/1772201997.webp?s=401a691add92e47148c6f8f6fbf3cbf4651f8345,4,1
Paradoxe Prada,51.1,Prada,0,https://www.vinted.it/items/8272836761-paradoxe-prada?referrer=catalog,0,8272836761,Sold,27/02/2026 15:32:24,,https://images1.vinted.net/t/05_00fad_yxytnQApEjn613unR57SfaGb/310x430/1772201919.webp?s=24e544147dfad1f8e50a91f24eaec1f2e2b4dfce,4,1
Livro do Bebé- Agatha Ruiz de la Prada,19.6,Agatha,Neonati,https://www.vinted.it/items/8272803106-livro-do-bebe-agatha-ruiz-de-la-prada?referrer=catalog,0,8272803106,Sold,27/02/2026 15:32:24,,https://images1.vinted.net/t/05_0142e_Gt4VwAnJqLCxm2P6Ypi1VGmo/310x430/1772201687.webp?s=fa4294587a0f0f023f052eb883a862456eeee816,4,1
Prada paradoxe radical essence 90 ml,51.1,Prada,0,https://www.vinted.it/items/8272790625-prada-paradoxe-radical-essence-90-ml?referrer=catalog,0,8272790625,Sold,27/02/2026 15:32:24,,https://images1.vinted.net/t/04_00b2c_cKfVbqsCQpiRfcPNQNM5LuAb/310x430/1772201602.webp?s=0970f0d193bf7b9eb35c253cb59e22048d6c6011,4,1
Profumo PRADA Paradoxe. 90 ml,47.95,Prada,0,https://www.vinted.it/items/8272782026-profumo-prada-paradoxe-90-ml?referrer=catalog,1,8272782026,Sold,27/02/2026 15:32:24,,https://images1.vinted.net/t/04_00730_WN1BW9xoMNB3AmvmWhxhiepY/310x430/1772201543.webp?s=fb98c36e560adca1bb05e1591b7f194e910e7f8c,4,1
Prada 4X30 Parfüm set,189.7,Prada,0,https://www.vinted.it/items/8272765425-prada-4x30-parfum-set?referrer=catalog,0,8272765425,Sold,27/02/2026 15:32:24,,https://images1.vinted.net/t/05_023f5_s8zRZuLRyrh6dQ3FBjtYcgDP/310x430/1772201428.webp?s=7bcb7a4a20e66408c490d309a9491137747079e4,4,1
Prada cup top qualité neuve 🥇envoi rapide 2j,147.7,Prada,39,https://www.vinted.it/items/8272763683-prada-cup-top-qualite-neuve-envoi-rapide-2j?referrer=catalog,0,8272763683,Sold,27/02/2026 15:32:24,,https://images1.vinted.net/t/04_01d50_pBJG9iLAt6pWbL1HKjCnKFFt/310x430/1772201415.webp?s=cf138b93217651eb2d73c1881063cd3335b9df50,4,1
PRADA Candy,105.7,Prada,0,https://www.vinted.it/items/8272755141-prada-candy?referrer=catalog,0,8272755141,Sold,27/02/2026 15:32:24,,https://images1.vinted.net/t/05_01d45_CHGze9vLSbK561YMvnwcHvWm/310x430/1772201799.webp?s=85f95fe75652bb6e838038f1949c6939de83831c,4,1
Prada Joggingsset,74.2,Sonstiges,XS,https://www.vinted.it/items/8272749867-prada-joggingsset?referrer=catalog,0,8272749867,Sold,27/02/2026 15:32:24,,https://images1.vinted.net/t/04_01240_La5nHi23NJgfMYpytavgMgwA/310x430/1772201319.webp?s=3b0c0862cba952aaac404918e2f67c6dbf0f6243,4,1
Sneakers Prada America's Cup neuves Taille 43,136.15,Prada,43,https://www.vinted.it/items/8272749314-sneakers-prada-americas-cup-neuves-taille-43?referrer=catalog,0,8272749314,Sold,27/02/2026 15:32:24,,https://images1.vinted.net/t/05_01e34_nqj6mDUC65rG4viQfk5seutJ/310x430/1772201315.webp?s=b3b39ddfa1d949c9e773dbe01ada013c5891f30f,4,1
Bolso y monedero agatha Ruiz,89.95,Agatha Ruiz de la Prada,0,https://www.vinted.it/items/8272739917-bolso-y-monedero-agatha-ruiz?referrer=catalog,2,8272739917,Sold,27/02/2026 15:32:24,,https://images1.vinted.net/t/05_00c37_n1JUVHzms8R2Kfzc3ggiJcDv/310x430/1772201248.webp?s=1a7c39f505bd731b7262eb06e4520198e8c6e5b0,4,1
Prada Tie Black,82.6,Prada,0,https://www.vinted.it/items/8272730371-prada-tie-black?referrer=catalog,3,8272730371,Sold,27/02/2026 15:32:24,,https://images1.vinted.net/t/05_0229b_wVnFvhL8ucyeEgnMcCX4dnU1/310x430/1772201181.webp?s=2f953baaf99b06ba7c7ea110e8fce2bf8f2da305,4,1
Montatura Sole Prada,273.7,Prada,0,https://www.vinted.it/items/8272721828-montatura-sole-prada?referrer=catalog,0,8272721828,Sold,27/02/2026 15:32:24,,https://images1.vinted.net/t/03_0212f_59bFwryiik22Dmt2BXjQB6ci/310x430/1772201121.webp?s=625c4cfb59f44dff4850852d27498a86123f19de,4,1
Balenciaga Pullover L (No Gucci Prada),304.15,Balenciaga,L,https://www.vinted.it/items/8232493600-balenciaga-pullover-l-no-gucci-prada?referrer=catalog,0,8232493600,Sold,27/02/2026 15:32:24,,https://images1.vinted.net/t/06_01b3a_4rArYPTaAhVuf4pdXM3zXgth/310x430/1771756708.webp?s=f42805fd3f24504b33e0425709ed02c5a150789d,4,1
Montatura Sole Prada,273.7,Prada,0,https://www.vinted.it/items/8272706710-montatura-sole-prada?referrer=catalog,0,8272706710,Sold,27/02/2026 15:32:24,,https://images1.vinted.net/t/03_00804_GVjUPVr5ZtD8HNdLn4eyBuuL/310x430/1772201015.webp?s=904c0f6d3dde64b68395a7111881fbab7f7092bc,4,1
Prada Pumps Kittenheel schwarz Pailetten Logo wie 37,326.2,Prada,37,https://www.vinted.it/items/8272639146-prada-pumps-kittenheel-schwarz-pailetten-logo-wie-375?referrer=catalog,1,8272639146,Sold,27/02/2026 15:32:24,,https://images1.vinted.net/t/06_01cd6_jfjL6tPKtwCxov1Ao3LXN5gQ/310x430/1772200544.webp?s=70b6845cf87822ed6dad29bf2d3c2c96aaa58060,4,1
Montatura solo Prada,273.7,Prada,0,https://www.vinted.it/items/8272692703-montatura-solo-prada?referrer=catalog,0,8272692703,Sold,27/02/2026 15:32:24,,https://images1.vinted.net/t/05_025d1_WrKMLZLvzkpks7CXjMwk4fGM/310x430/1772200918.webp?s=5d83b632a387dd672c386d4f09fb0b26a02538a6,4,1
Prada cup,137.2,Prada,38,https://www.vinted.it/items/8272675700-prada-cup?referrer=catalog,1,8272675700,Sold,27/02/2026 15:32:24,,https://images1.vinted.net/t/05_0030f_MdUALY2qE4C1sFzfMtM5JV6s/310x430/1772200799.webp?s=7e4fcf8d828703e38adc9fded7194d999ca4079f,4,1
Occhiali da sole farfalla Prada,189.7,Prada,0,https://www.vinted.it/items/8272667432-occhiali-da-sole-farfalla-prada?referrer=catalog,0,8272667432,Sold,27/02/2026 15:32:24,,https://images1.vinted.net/t/05_0136a_M27uFU3ZKGGPRuysVfpjU2Us/310x430/1772200742.webp?s=cbdec4a6eb089beae914eb3d62ba8bc6b0bdf6a8,4,1
Prada Sonnenbrille klassisch elegant,167.65,Prada,0,https://www.vinted.it/items/8272662674-prada-sonnenbrille-klassisch-elegant?referrer=catalog,0,8272662674,Sold,27/02/2026 15:32:24,,https://images1.vinted.net/t/06_02649_Nuv1AjJJEKgXiubEZ28y5Rrg/310x430/1772200709.webp?s=a908de656d45d6c7e0da3329510b1e691e36a572,4,1
Profumo da donna Prada,37.45,Prada,0,https://www.vinted.it/items/8272662593-profumo-da-donna-prada?referrer=catalog,1,8272662593,Sold,27/02/2026 15:32:24,,https://images1.vinted.net/t/06_00e80_Lvt47fvaL3iGYCojvDdA6WTP/310x430/1772200708.webp?s=0fbcc4a79d59687cd2ba2607a02f8ffbd3400151,4,1
Prada cup,816.0,Prada,42,https://www.vinted.it/items/8272659031-prada-cup?referrer=catalog,0,8272659031,Sold,27/02/2026 15:32:24,,https://images1.vinted.net/t/01_00bd6_JHLGfMY3yUpTyA7tnnB5PZGY/310x430/1772200683.webp?s=17cdb59a7fc34645f17e759ae37c8439d46ff04c,4,1
Prada ballerina’s marineblauw - maat 37,131.95,Prada,37,https://www.vinted.it/items/8272643248-prada-ballerinas-marineblauw-maat-37?referrer=catalog,0,8272643248,Sold,27/02/2026 15:32:24,,https://images1.vinted.net/t/05_01541_cFC9SxN3smgJMvSw1Rjv6KB2/310x430/1772200573.webp?s=83df7347efa9a628fa12e149896e49cc07fc22e4,4,1
Prada Guasha,21.7,Prada,0,https://www.vinted.it/items/8272602357-prada-guasha?referrer=catalog,0,8272602357,Sold,27/02/2026 15:32:24,,https://images1.vinted.net/t/05_025ff_qLzP5sgRnfyfq8rv6zvNTrNB/310x430/1772200289.webp?s=8c84c9558563720043dce2505f7514347d8c6a3f,4,1
Prada cups,147.7,Prada,44,https://www.vinted.it/items/8276560648-prada-cups?referrer=catalog,2,8276560648,Sold,28/02/2026 03:30:09,,https://images1.vinted.net/t/01_003fc_fLqNYCumCgpvXETr6KANwv1R/310x430/1772245143.webp?s=3afb1b034dc57cdeedc4c11289ff9ac6ec2cbeea,4,1
Lunette de soleil prada,21.7,Prada,0,https://www.vinted.it/items/8276559878-lunette-de-soleil-prada?referrer=catalog,1,8276559878,Sold,28/02/2026 03:30:09,,https://images1.vinted.net/t/04_002a8_UqzbJnmTbaiGW8yaMiNVMXom/310x430/1772245000.webp?s=5a286f4a8179637330179326baae78c6bb955186,4,1
Prada paradoxe,63.7,Prada,0,https://www.vinted.it/items/8276555435-prada-paradoxe?referrer=catalog,0,8276555435,Sold,28/02/2026 03:30:09,,https://images1.vinted.net/t/04_00a03_4ANgfZx4fXKvP1buawAqr6DT/310x430/1772244223.webp?s=490b2eb47aadce4e4a0a71bcf51fa0bf60a54cb7,4,1
Prada Paradoxe Eau de Parfum 90 ml – Nuovo,37.45,Prada,0,https://www.vinted.it/items/8276554365-prada-paradoxe-eau-de-parfum-90-ml-nuovo?referrer=catalog,0,8276554365,Sold,28/02/2026 03:30:09,,https://images1.vinted.net/t/06_01623_HR1JsJdgw5DpdMSUrz4jRqEZ/310x430/1772244063.webp?s=5a9e971e9ec95d6198be0089a4c6139ab549ff48,4,1
Prada Sonnenbrille,147.7,Prada,0,https://www.vinted.it/items/8276548604-prada-sonnenbrille?referrer=catalog,0,8276548604,Sold,28/02/2026 03:30:09,,https://images1.vinted.net/t/06_01071_4vh8S8m15o6NDa4vTUDxy3yT/310x430/1772243272.webp?s=1647efcab52af6ab450009c33e576f61badce6d4,4,1
chaussure prada,137.2,Luxe,44,https://www.vinted.it/items/8276541865-chaussure-prada?referrer=catalog,0,8276541865,Sold,28/02/2026 03:30:09,,https://images1.vinted.net/t/06_00c1d_UFwyAhREH9YzpZKwgk9gYhbN/310x430/1772242393.webp?s=53aed4d90d84426ddab4deec206a2ddc40afec3f,4,1
Chaussure Prada,105.7,Prada,43,https://www.vinted.it/items/8276533428-chaussure-prada?referrer=catalog,0,8276533428,Sold,28/02/2026 03:30:09,,https://images1.vinted.net/t/06_0180f_rQ2UcMgvd5fqyBvkJPkFiCwh/310x430/1772241386.webp?s=9476bde427152dcdeab4dd25260e1ebb8b4f632b,4,1
Prada cups,121.45,Prada,44,https://www.vinted.it/items/8272627384-prada-cups?referrer=catalog,1,8272627384,Sold,28/02/2026 03:30:09,,https://images1.vinted.net/t/06_005a3_qoxjbjzhqEQ7TFRFtYq4JwEi/310x430/1772200462.webp?s=60beb6f9d1764fb5f21c50c4a02d57d54a4ab65b,4,1
Paradigme Prada,44.8,Prada,0,https://www.vinted.it/items/8284601434-paradigme-prada?referrer=catalog,0,8284601434,Sold,01/03/2026 00:23:09,,https://images1.vinted.net/t/06_0039b_LdXXPe2v5bPQnWKf8MkvvQMx/310x430/1772319939.webp?s=36f715ef41fc880e3687a4fff1b3daf9132314e0,4,1
Cappotto Unisex Prada,420.7,Prada,L / IT 44 / EU 40,https://www.vinted.it/items/8284595960-cappotto-unisex-prada?referrer=catalog,1,8284595960,Sold,01/03/2026 00:23:09,,https://images1.vinted.net/t/05_00a39_RLYL6HSt8ZJTUd9q486VrCzB/310x430/1772319801.webp?s=9d58ac7684116ed8ee9a0647046303b5790c57cf,4,1
Bolso agatha ruiz de la prada verde charol original con colgante love,53.2,Agatha,0,https://www.vinted.it/items/8284589346-bolso-agatha-ruiz-de-la-prada-verde-charol-original-con-colgante-love?referrer=catalog,11,8284589346,Sold,01/03/2026 00:23:09,,https://images1.vinted.net/t/06_00cf3_2uoN1NE3mTviXNnM17NeGMC9/310x430/1772319637.webp?s=2c891ea376332e9c0a91d7251ab5f25d16401b3c,4,1
Gafas degradadas,53.2,Prada,0,https://www.vinted.it/items/8284586966-gafas-degradadas?referrer=catalog,1,8284586966,Sold,01/03/2026 00:23:09,,https://images1.vinted.net/t/06_008cd_ARZZ3xFBkt8wrnDcq4FUsj4d/310x430/1772319580.webp?s=26f7a1581f852a0ced028389767bc41683b28b74,4,1
Bolso prada,11.2,No brand,0,https://www.vinted.it/items/8284583713-bolso-prada?referrer=catalog,0,8284583713,Sold,01/03/2026 00:23:09,,https://images1.vinted.net/t/01_01629_9uP3BW1UguypqzYGZei5sb32/310x430/1772319500.webp?s=bae33afefcb18e345a1543a61403de4f6599f357,4,1
Gafas prada,53.2,Prada,0,https://www.vinted.it/items/8284581678-gafas-prada?referrer=catalog,1,8284581678,Sold,01/03/2026 00:23:09,,https://images1.vinted.net/t/06_017b4_yqEXrUKVh8LTtso8ifFpxUAW/310x430/1772319451.webp?s=4c98e9d5d32e41eb1962373acfc14a3591ae264e,4,1
Occhiali da sole Prada,53.2,Prada,0,https://www.vinted.it/items/8284567379-occhiali-da-sole-prada?referrer=catalog,1,8284567379,Sold,01/03/2026 00:23:09,,https://images1.vinted.net/t/06_01401_XHv1AJwYhnmWRxY7M7uZRnS1/310x430/1772319116.webp?s=9d4560c8f28b997d5e91e0e2d961de891b6b121c,4,1
Prada cup,116.2,Prada,42,https://www.vinted.it/items/8284567009-prada-cup?referrer=catalog,0,8284567009,Sold,01/03/2026 00:23:09,,https://images1.vinted.net/t/01_01ace_BLdGkBbdCe1pQEsRo3taqkGp/310x430/1772319108.webp?s=dcd854687331c387c31072fc2ff02cff0dd66022,4,1
Occhiali da sole Prada,53.2,Prada,0,https://www.vinted.it/items/8284565242-occhiali-da-sole-prada?referrer=catalog,0,8284565242,Sold,01/03/2026 00:23:09,,https://images1.vinted.net/t/01_00a38_oRxyskbykpQmJi4qeEVjXyBp/310x430/1772319069.webp?s=d1d81eb255eca1fd29f99928b884ce27b10c64b9,4,1
Prada cup,116.2,Prada,46,https://www.vinted.it/items/8284563305-prada-cup?referrer=catalog,0,8284563305,Sold,01/03/2026 00:23:09,,https://images1.vinted.net/t/05_025f1_YWLVXgByTY8w4TxkXpHfwPtp/310x430/1772319027.webp?s=eba87b9342a7bbf8ec80d42f305cc2828d9d9569,4,1
Prada cup grise,116.2,Prada,45,https://www.vinted.it/items/8284559251-prada-cup-grise?referrer=catalog,1,8284559251,Sold,01/03/2026 00:23:09,,https://images1.vinted.net/t/06_00571_iYkUGDxJ53pn4YnAD17ZyheB/310x430/1772318935.webp?s=7469fab6da869fbc9decac6cc52686e1806eadde,4,1
Prada cup noir,116.2,Prada,44,https://www.vinted.it/items/8284549743-prada-cup-noir?referrer=catalog,1,8284549743,Sold,01/03/2026 00:23:09,,https://images1.vinted.net/t/06_0063d_1ddbBqk6gU6RwThjKnWExnRM/310x430/1772318726.webp?s=1c6fa462b1d4bbbf956021fa4eb14aa9a3bfbdce,4,1
Sacoche Prada,32.2,No brand,0,https://www.vinted.it/items/8284547416-sacoche-prada?referrer=catalog,1,8284547416,Sold,01/03/2026 00:23:09,,https://images1.vinted.net/t/01_00d6f_VsNF9fk1k8ag1Yif2xP922QQ/310x430/1772318676.webp?s=5be3ba4bf27c4316a2270466a635b58b68668f0a,4,1
Prada luna Rossa carbón,68.95,Prada,0,https://www.vinted.it/items/8284517150-prada-luna-rossa-carbon?referrer=catalog,1,8284517150,Sold,01/03/2026 00:23:09,,https://images1.vinted.net/t/04_018e0_9x5nn7eeLVsg6FcRoo2Z7546/310x430/1772318062.webp?s=711d68e82ca73be951f60a71ebf0ef1ef2e1532a,4,1
Sac rose prada,53.2,Prada,0,https://www.vinted.it/items/8255368242-sac-rose-prada?referrer=catalog,16,8255368242,Sold,01/03/2026 00:23:09,,https://images1.vinted.net/t/05_009d0_eSRHXvEiDxUboSe2gSgtPvKc/310x430/1771971780.webp?s=cae603bc88d3ed3c3f9c03c19c6e072ff5070d7b,4,1
Prada Sonnenbrille,142.45,Prada,0,https://www.vinted.it/items/8284447602-prada-sonnenbrille?referrer=catalog,1,8284447602,Sold,01/03/2026 00:23:09,,https://images1.vinted.net/t/01_002a9_WPgLjuixkv11UoNZ7h9JgDCc/310x430/1772316824.webp?s=fd608da5b04c3f07dcc59845c22c334d16e43bcc,4,1
Prada America’s cup,510.0,Prada,46,https://www.vinted.it/items/8284437065-prada-americas-cup?referrer=catalog,0,8284437065,Sold,01/03/2026 00:23:09,,https://images1.vinted.net/t/06_015c6_XRiigKe7vwNnpCYtSSW8Dm69/310x430/1772316654.webp?s=38dd9ea1c69e42211044fe77da6aefdde040871a,4,1
Maglietta Prada nera,26.95,prad4,XL,https://www.vinted.it/items/8284424669-maglietta-prada-nera?referrer=catalog,7,8284424669,Sold,01/03/2026 00:23:09,,https://images1.vinted.net/t/06_00330_oy3jKh3K8STrL9Jqjxu3v4db/310x430/1772316460.webp?s=d1e946bc7f68421f85bd9ab771dd4e185252c68d,4,1
Eau de parfum La Femme 100ml - Prada,89.95,Prada,0,https://www.vinted.it/items/8284424328-eau-de-parfum-la-femme-100ml-prada?referrer=catalog,0,8284424328,Sold,01/03/2026 00:23:09,,https://images1.vinted.net/t/05_00865_PXdssQ6ZTVyh7im6vzo1Gcah/310x430/1772316455.webp?s=c1f3c9e81ff30adda6373254896edbac223067fc,4,1
Portacarte,200.2,Prada,0,https://www.vinted.it/items/8284411211-portacarte?referrer=catalog,0,8284411211,Sold,01/03/2026 00:23:09,,https://images1.vinted.net/t/01_010e0_zkehooVm7bFPoZkSUjtdyhW9/310x430/1772316254.webp?s=b41d2a097d68a161bf369cf5b846c727545f63c6,4,1
Lunettes de soleil prada,189.7,Prada,0,https://www.vinted.it/items/8260217902-lunettes-de-soleil-prada?referrer=catalog,0,8260217902,Sold,27/02/2026 16:23:41,,https://images1.vinted.net/t/04_01f18_D5JpGwwGusbXRSE9fHZJkM3R/310x430/1772038820.webp?s=95b676c39c47376756a304fc5f565c0d9d1fc548,5,10
basically new Prada Explore bag,1.275,Prada,0,https://www.vinted.it/items/8259953844-basically-new-prada-explore-bag?referrer=catalog,18,8259953844,Sold,27/02/2026 16:23:41,,https://images1.vinted.net/t/06_0197d_J614XSz5NvrsgY548CBHMKep/310x430/1772036602.webp?s=c8251522c9081466ac6eb7a9f259972d6314935c,5,10
Laçarote Branco e preto Prada,33.25,Prada,0,https://www.vinted.it/items/8260111125-lacarote-branco-e-preto-prada?referrer=catalog,8,8260111125,Sold,27/02/2026 16:23:41,,https://images1.vinted.net/t/05_00d9a_oH6VXt9KhcqVY4bJfVgFVBZe/310x430/1772037664.webp?s=c384edf539c0fd539f0930334e077e30f9ffe6d4,5,10
Prada,58.45,Prada,0,https://www.vinted.it/items/8260109597-prada?referrer=catalog,8,8260109597,Sold,27/02/2026 16:23:41,,https://images1.vinted.net/t/01_01255_kYgPhDB6QQBQ6hhp2D8ZLcXY/310x430/1772037653.webp?s=9c59552648d95760d255ec4149ea979142517c0a,5,10
12x pezzi prada mini paradoxe originali,77.14,Prada,0,https://www.vinted.it/items/8260108466-12x-pezzi-prada-mini-paradoxe-originali?referrer=catalog,10,8260108466,Sold,27/02/2026 16:23:41,,https://images1.vinted.net/t/04_00d4f_bX3oqc1uAVZ2jBxiW1QSfYJW/310x430/1772037645.webp?s=a39ae2e82c36a0c0c999fb4f03fe76e8f175e056,5,10
Prada Cups,116.2,Prada,45,https://www.vinted.it/items/8260086646-prada-cups?referrer=catalog,4,8260086646,Sold,27/02/2026 16:23:41,,https://images1.vinted.net/t/06_01f1b_SJCaSyj9CGW6eV43Dc2hKCMx/310x430/1772037498.webp?s=59e2b81c391085e3fba383ea4f3a81b171958f62,5,10
Ochiali sole prada di sole,152.95,Prada,0,https://www.vinted.it/items/8260080917-ochiali-sole-prada-di-sole?referrer=catalog,15,8260080917,Sold,27/02/2026 16:23:41,,https://images1.vinted.net/t/05_00425_6mwVMN2aGL1YVs2GX5hEAw6Z/310x430/1772037458.webp?s=4fa656fe8bb6bddf90ddc3bb4ed6b338a0b4003e,5,10
Gonna Prada midi fantasia astratta terracotta vita alta Made in Italy,315.7,Prada,L / IT 44 / EU 40,https://www.vinted.it/items/8260067394-gonna-prada-midi-fantasia-astratta-terracotta-vita-alta-made-in-italy?referrer=catalog,14,8260067394,Sold,27/02/2026 16:23:41,,https://images1.vinted.net/t/05_00995_fYXchZ4UrkZQLByybyKNirTM/310x430/1772037367.webp?s=dd757953e5dee4f8cb02c877b766c9d0e1cffd6d,5,10
Cargo de nuit PRADA,305.2,Prada,0,https://www.vinted.it/items/8260045259-cargo-de-nuit-prada?referrer=catalog,6,8260045259,Sold,27/02/2026 16:23:41,,https://images1.vinted.net/t/05_003cd_VhzGz1rDSpYuKLHMRJe6VR2q/310x430/1772037218.webp?s=dd27dc0d161649e7396588bf8ca1c52019e59f0c,5,10
Day for night PRADA,231.7,Prada,0,https://www.vinted.it/items/8260024345-day-for-night-prada?referrer=catalog,2,8260024345,Sold,27/02/2026 16:23:41,,https://images1.vinted.net/t/06_012f5_DS5YtJKcHDA79FoEEWTTUL6R/310x430/1772037076.webp?s=b484e165a590bd8e121748a3aef43d4490950d67,5,10
eau de parfum prada paradigme 50 ml,74.2,Prada,0,https://www.vinted.it/items/8227901749-eau-de-parfum-prada-paradigme-50-ml?referrer=catalog,1,8227901749,Sold,27/02/2026 16:23:41,,https://images1.vinted.net/t/06_02031_uvcjvSPfcB6vFZ9aLAjBSfAb/310x430/1771690800.webp?s=b526d22f21bbe2a9eb9db7a973c3df30619efd90,5,10
Parfum paradoxe prada,53.2,Prada,0,https://www.vinted.it/items/8260008372-parfum-paradoxe-prada?referrer=catalog,0,8260008372,Sold,27/02/2026 16:23:41,,https://images1.vinted.net/t/05_0056f_DgamhSo74bBpkdF7QZ9xaFfR/310x430/1772036968.webp?s=be25ce366bb19fc66e7abb9c53f07b5d18fd9b09,5,10
Scatola scarpe PRADA Milano nuova e originale,26.95,Prada,0,https://www.vinted.it/items/8259978235-scatola-scarpe-prada-milano-nuova-e-originale?referrer=catalog,0,8259978235,Sold,27/02/2026 16:23:41,,https://images1.vinted.net/t/01_02112_SyZJ7n4dS5StEAqwUGdvjocK/310x430/1772036792.webp?s=b04c8c47d0d85fdbbe4a6f7f0e3cc46af3106868,5,10
Bracelet centurion noir Prada,158.2,Prada,0,https://www.vinted.it/items/8259972098-bracelet-centurion-noir-prada?referrer=catalog,2,8259972098,Sold,27/02/2026 16:23:41,,https://images1.vinted.net/t/05_01f60_LnyNfrsKF8tNFp6RVvEKr8es/310x430/1772036725.webp?s=acce4925b4faaf5355581b0894f1002a0ab6698f,5,10
Prada linnen espadrille sandals,299.95,Prada,37,https://www.vinted.it/items/8259970860-prada-linnen-espadrille-sandals?referrer=catalog,4,8259970860,Sold,27/02/2026 16:23:41,,https://images1.vinted.net/t/03_02056_CxNdX6tawLQCg5jp1MbD1zDf/310x430/1772036718.webp?s=78f0916a8e2666f769a762ea5ecc762cbb82d588,5,10
Camiseta Prada,42.7,Local,M,https://www.vinted.it/items/8259961332-camiseta-prada?referrer=catalog,4,8259961332,Sold,27/02/2026 16:23:41,,https://images1.vinted.net/t/03_00437_X1LK6KyWa9aeqNTiaWghmbjq/310x430/1772036653.webp?s=5d1e32ec5c5a26c2d3d7a8a31da93ea380bcae76,5,10
Occhiali Prada,294.7,Prada,0,https://www.vinted.it/items/8259927864-occhiali-prada?referrer=catalog,0,8259927864,Sold,27/02/2026 16:23:41,,https://images1.vinted.net/t/06_024a4_qfwFd2GBUQSwhsRPe8dzx3Te/310x430/1772036429.webp?s=9ff97e4799cce885ebec0b64f55267dc6e5cd4bb,5,10
Prada America's Cup,210.7,Prada,43,https://www.vinted.it/items/8259916718-prada-americas-cup?referrer=catalog,15,8259916718,Sold,27/02/2026 16:23:41,,https://images1.vinted.net/t/06_00a70_F2NJzsbgjbzkWepHA8Z4i9sr/310x430/1772036355.webp?s=c4ba1771816ea3f25b0df1800031b6da8a45f64d,5,10
Lunette Prada Linea Rossa,294.7,Prada,0,https://www.vinted.it/items/8259907408-lunette-prada-linea-rossa?referrer=catalog,13,8259907408,Sold,27/02/2026 16:23:41,,https://images1.vinted.net/t/06_0165a_kEXUCueZ4B6pcuPLBnjXTqdh/310x430/1772036292.webp?s=89bd46b363c644e6e063eb4d0a28ff9ea55c10ad,5,10
Lunettes de soleil  Prada SPR,95.2,Prada,0,https://www.vinted.it/items/8259886975-lunettes-de-soleil-prada-spr?referrer=catalog,2,8259886975,Sold,27/02/2026 16:23:41,,https://images1.vinted.net/t/03_01a60_4pFzmh9X3juyyW1DtjtcMwKQ/310x430/1772036156.webp?s=0e8540a32f13ae3c8649891bcf83c8efb111900b,5,10
Prada sunglasses,210.7,Prada,0,https://www.vinted.it/items/8259866867-prada-sunglasses?referrer=catalog,0,8259866867,Sold,27/02/2026 16:23:41,,https://images1.vinted.net/t/06_00830_NneLJftReaQXRQpSBBeH7n7i/310x430/1772036021.webp?s=bc61833238fb4c40f57b381f07bb9dde65f6e3e9,5,10
prada paradoxe  90 ml,53.2,Prada,0,https://www.vinted.it/items/8259852364-prada-paradoxe-90-ml?referrer=catalog,2,8259852364,Sold,27/02/2026 16:23:41,,https://images1.vinted.net/t/05_00633_HA1mv3amA7uoToAbAAapnfjP/310x430/1772035923.webp?s=7b81d4fcc866cbd5899a9d247999cf8bb2f7e96e,5,10
Prada zonnebril,158.2,Prada,0,https://www.vinted.it/items/8259838150-prada-zonnebril?referrer=catalog,10,8259838150,Sold,27/02/2026 16:23:41,,https://images1.vinted.net/t/05_00367_aWiHRyjPGEUhKNoa2Zut9Enw/310x430/1772035827.webp?s=7aaab3502201f91b1ad0f7434d74d694680f1938,5,10
Sandali camoscio Prada,189.7,Prada,39,https://www.vinted.it/items/8259822653-sandali-camoscio-prada?referrer=catalog,2,8259822653,Sold,27/02/2026 16:23:41,,https://images1.vinted.net/t/01_024d3_nYwgZYv6rDZQCjJDqUE3R7m2/310x430/1772035722.webp?s=caca41f53770fff8bf93d0ff71b7a927f3442866,5,10
Lunettes de soleil Prada neuves,189.7,Prada,0,https://www.vinted.it/items/8259822707-lunettes-de-soleil-prada-neuves?referrer=catalog,2,8259822707,Sold,27/02/2026 16:23:41,,https://images1.vinted.net/t/06_021f0_JNQTf59yv9PHx6aQaYgVPKcY/310x430/1772035723.webp?s=594e50d4e12bf742ef50d9af096ee87056526237,5,10
prada infusion d'iris,71.05,Prada,0,https://www.vinted.it/items/8259811971-prada-infusion-diris?referrer=catalog,11,8259811971,Sold,27/02/2026 16:23:41,,https://images1.vinted.net/t/06_01b19_dnJxDnMNszCD7dMdc4F6qHBP/310x430/1772035651.webp?s=a076e74a99bdef1563bb74dcb1f87da25c31577a,5,10
lunettes de soleil prada,284.2,Prada,0,https://www.vinted.it/items/8259808266-lunettes-de-soleil-prada?referrer=catalog,0,8259808266,Sold,27/02/2026 16:23:41,,https://images1.vinted.net/t/06_01bbb_Ym8vhCZuC1kCikDxshArcXEA/310x430/1772035625.webp?s=180541947ac7936a14f487b7ea8aed4161d4e7f6,5,10
Prada Infusion D‘Iris,95.2,Prada,0,https://www.vinted.it/items/8259729783-prada-infusion-diris?referrer=catalog,5,8259729783,Sold,27/02/2026 16:23:41,,https://images1.vinted.net/t/01_00cc6_uuK9hbu7iqFrBeiHn2v2ABpk/310x430/1772035092.webp?s=fa700b49b2308c8e5357fb1b9f84cacf442c1691,5,10
Óculos Prada,126.7,Prada,0,https://www.vinted.it/items/8259793776-oculos-prada?referrer=catalog,0,8259793776,Sold,27/02/2026 16:23:41,,https://images1.vinted.net/t/05_00747_31zaGPD2qSy1g51a6PhWq66v/310x430/1772035527.webp?s=0b93dcf66f6ace2256636731526b6d2e38894077,5,10
Prada Bucket Hat imbottito nero con RFID originale taglia M,315.7,Prada,M,https://www.vinted.it/items/8259784029-prada-bucket-hat-imbottito-nero-con-rfid-originale-taglia-m?referrer=catalog,3,8259784029,Sold,27/02/2026 16:23:41,,https://images1.vinted.net/t/05_00659_QYFXUCgm6rkYbxfVL5urwRqk/310x430/1772035461.webp?s=5f6a2f45017edf2c6df4ad11fa9c0e2dd830f798,5,10
Eau de parfum Prada,62.65,Prada,0,https://www.vinted.it/items/8259779785-eau-de-parfum-prada?referrer=catalog,12,8259779785,Sold,27/02/2026 16:23:41,,https://images1.vinted.net/t/03_021fd_r7KyGZYDTWGvF6sMP1SpVWJK/310x430/1772035432.webp?s=cc0b14508a837e6ce89dddec807d4a51a9c1e1e5,5,10
Vestido agatha ruiz de la prada,26.95,Agatha Ruiz de la Prada,24-36 mesi / 92 cm,https://www.vinted.it/items/8259725180-vestido-agatha-ruiz-de-la-prada?referrer=catalog,11,8259725180,Sold,27/02/2026 16:23:41,,https://images1.vinted.net/t/05_00989_KF1spThNhtt3UqYTVxWcSkVd/310x430/1772035062.webp?s=e46e7c4b354b2b54139391ae84eda2490e374577,5,10
Occhiali Prada,84.7,Prada,0,https://www.vinted.it/items/8259705496-occhiali-prada?referrer=catalog,4,8259705496,Sold,27/02/2026 16:23:41,,https://images1.vinted.net/t/04_004c9_jpFpPNq8RWpxaMam9kCUBZde/310x430/1772034928.webp?s=0fe0774802bb438694b864fbe36b7fe0e3131803,5,10
Prada Linea Rossa PS 57RS Sonnenbrille,105.7,Prada,0,https://www.vinted.it/items/8259697133-prada-linea-rossa-ps-57rs-sonnenbrille?referrer=catalog,0,8259697133,Sold,27/02/2026 16:23:41,,https://images1.vinted.net/t/01_024ad_UP49vvubo8Vb7tLk5eN8ZpBo/310x430/1772034872.webp?s=d4cd1f603f75b4dae77372c3562fa41683f2ea87,5,10
Prada L’Homme Eau De Toilette 50ml,53.2,Prada,0,https://www.vinted.it/items/8259694648-prada-lhomme-eau-de-toilette-50ml-new-sealed?referrer=catalog,1,8259694648,Sold,27/02/2026 16:23:41,,https://images1.vinted.net/t/06_0189f_6i36vJTWvwkaXxcQSbtF3AwY/310x430/1772034856.webp?s=757fdf655b580e66d828b147592aa573e41cb96e,5,10
Prada occhiali da sole nero unisex,242.2,Prada,0,https://www.vinted.it/items/8259672248-prada-occhiali-da-sole-nero-unisex?referrer=catalog,0,8259672248,Sold,27/02/2026 16:23:41,,https://images1.vinted.net/t/06_005a5_AXNZvF8YzXdzFms8bMAfzCUs/310x430/1772034704.webp?s=3dd998e0ca994041bab041f7d10da43e7a828505,5,10
Scarpe Prada uomo,158.2,Prada,40,https://www.vinted.it/items/8259666538-scarpe-prada-uomo?referrer=catalog,5,8259666538,Sold,27/02/2026 16:23:41,,https://images1.vinted.net/t/06_00904_96HkmYAMWfvcaUzVeoBy5JTs/310x430/1772034666.webp?s=7e0781e75f777eee3282f6829d81bf36d3fa5dec,5,10
Prada paradoxe intense 90 ML,100.45,Prada,0,https://www.vinted.it/items/8259643564-prada-paradoxe-intense-90-ml?referrer=catalog,0,8259643564,Sold,27/02/2026 16:23:41,,https://images1.vinted.net/t/06_01945_SYthZZPgzYu5LvwQpXJnHSoV/310x430/1772034509.webp?s=9275c9403e268fddd8f7bdca03c02aa98e6460ab,5,10
Prada beauty  paradoxe porta trucco,32.2,Prada,0,https://www.vinted.it/items/8259598574-prada-beauty-paradoxe-porta-trucco?referrer=catalog,0,8259598574,Sold,27/02/2026 16:23:41,,https://images1.vinted.net/t/05_00de5_JjESs2f9vJ6u3jvpTtwCL2ue/310x430/1772034204.webp?s=f8c69fffab73e9a1e9bfb1fbe6375253f779655d,5,10
"Livre ""le grimoire de la sorcière""",16.45,No brand,0,https://www.vinted.it/items/8259543184-livre-le-grimoire-de-la-sorciere?referrer=catalog,8,8259543184,Sold,27/02/2026 16:23:41,,https://images1.vinted.net/t/05_0124b_6R6ta6vjJ371gQNyb7NRW3ti/310x430/1772033826.webp?s=a39586bfeb6dd94a5b54dd763acac8dbfb873c41,5,10
Prada Sandalen,299.95,Prada,37.5,https://www.vinted.it/items/8259526300-prada-sandalen?referrer=catalog,6,8259526300,Sold,27/02/2026 16:23:41,,https://images1.vinted.net/t/05_0144d_McYAEf13deQ31dB9rgiATvFq/310x430/1772033711.webp?s=5a7ed638f1b5b5f3a9b6f15ad72c890c1f002f80,5,10
étui à lunettes Prada,21.7,Prada,0,https://www.vinted.it/items/8259494401-etui-a-lunettes-prada?referrer=catalog,0,8259494401,Sold,27/02/2026 16:23:41,,https://images1.vinted.net/t/06_016ad_wW7papJz6qSVUFv4GpxgepaP/310x430/1772033495.webp?s=260a7b91bd47a1928370b395b69e658aae30bc81,5,10
Lot de 3 Prada Balm.,53.1,Prada,0,https://www.vinted.it/items/8259471458-lot-de-3-prada-balm?referrer=catalog,10,8259471458,Sold,27/02/2026 16:23:41,,https://images1.vinted.net/t/04_01c6e_P9PttZVtbNDAaa6E9aW7FrBM/310x430/1772034684.webp?s=94f26298795cd131e29d2d8007b97831f2137a86,5,10
Occhiali Prada,189.7,Prada,0,https://www.vinted.it/items/8259458178-occhiali-prada?referrer=catalog,0,8259458178,Sold,27/02/2026 16:23:41,,https://images1.vinted.net/t/06_0092c_q1XdKnSfJkG79sN6FgdpPEAa/310x430/1772033246.webp?s=2649f3b208e175905f561e6f5a798f2fd1de93d7,5,10
Mocassini Prada,714.0,Prada,35.5,https://www.vinted.it/items/8259442777-mocassini-prada?referrer=catalog,0,8259442777,Sold,27/02/2026 16:23:41,,https://images1.vinted.net/t/06_0042b_YguEvC4vg3P7hxjL65mrg3pK/310x430/1772033138.webp?s=ae0b098fab3c140fcb47090b00bfc440bda27538,5,10
Prada Paradoxe Eau de Parfum EdP Rechargeable 90ml,42.7,Prada,0,https://www.vinted.it/items/8259431480-prada-paradoxe-eau-de-parfum-edp-rechargeable-90ml?referrer=catalog,5,8259431480,Sold,27/02/2026 16:23:41,,https://images1.vinted.net/t/06_01c24_AWHTAAmmA7boEPSmn89i8mKW/310x430/1772033060.webp?s=3facc7c310414c11accd0e3068bc5a5dcdd373c0,5,10
Kulturtasche Kulturbeutel von Prada Beauty Schminktasche,5.95,Prada beauty,0,https://www.vinted.it/items/8259418222-kulturtasche-kulturbeutel-von-prada-beauty-schminktasche?referrer=catalog,3,8259418222,Sold,27/02/2026 16:23:41,,https://images1.vinted.net/t/05_0181a_nX8G7dJgWfLYzooc6kJDPZF3/310x430/1772032967.webp?s=b0819e6de60414bc861ad62da5818e9a501d7868,5,10
Mocassini uomo Prada,158.2,Prada,41,https://www.vinted.it/items/8230012820-mocassini-uomo-prada?referrer=catalog,1,8230012820,Sold,27/02/2026 16:23:41,,https://images1.vinted.net/t/05_00749_n4DTUh866gsR864n65w6pU5f/310x430/1771706378.webp?s=cf8414fddf676e25c7277f9c4d57de684609968e,5,10
Piumino Prada originale,1.6218,Prada,S / IT 40 / EU 36,https://www.vinted.it/items/8263690988-piumino-prada-originale?referrer=catalog,1,8263690988,Sold,27/02/2026 16:22:50,,https://images1.vinted.net/t/06_0268a_W1PwkAB628Wvj9Fu5VDmGhp9/310x430/1772098994.webp?s=b62373cbf6227cddd7811e35f2aea5e5fcfafc92,5,8
Prada - Paradoxe & Paradigme,16.45,Prada,0,https://www.vinted.it/items/8266376869-prada-paradoxe-paradigme?referrer=catalog,2,8266376869,Sold,27/02/2026 16:21:56,,https://images1.vinted.net/t/05_00ae2_2Rpv1wa8JbxewA3cfyYqyK5o/310x430/1772119107.webp?s=1b52b2bd76cef48fa04a2eca078a9833676b8909,5,6
Paradigme Prada,84.7,Prada,0,https://www.vinted.it/items/8266376701-paradigme-prada?referrer=catalog,0,8266376701,Sold,27/02/2026 16:21:56,,https://images1.vinted.net/t/04_00653_vRtr6bofcDdWdeM2joCQpeYD/310x430/1772118789.webp?s=61ee0a8909c18a68d003aebf9dea5619c3182bf2,5,6
Paradoxe Prada radical essence,95.2,Prada,0,https://www.vinted.it/items/8266360168-paradoxe-prada-radical-essence?referrer=catalog,0,8266360168,Sold,27/02/2026 16:21:56,,https://images1.vinted.net/t/06_01f55_GekxqEnoKQmRNBLCwHBDokdY/310x430/1772118673.webp?s=22d8044f84b99a84038e43ec5d45127e148ec401,5,6
Lunettes de soleil PRADA,263.2,Prada,0,https://www.vinted.it/items/8272196601-lunettes-de-soleil-prada?referrer=catalog,0,8272196601,Sold,27/02/2026 16:14:56,,https://images1.vinted.net/t/01_014d4_NHY8mTnraJ37qhwvA9jVwMML/310x430/1772197397.webp?s=9c56211d1d2002716c1600c468dc0017c8304d18,5,2
Eau de Parfum Prada Paradoxe Intense 90ml,44.8,Prada,0,https://www.vinted.it/items/8272179941-eau-de-parfum-prada-paradoxe-intense-90ml?referrer=catalog,9,8272179941,Sold,27/02/2026 16:14:56,,https://images1.vinted.net/t/05_0041b_KMCaJfcjkVkKMkswwbwb1G95/310x430/1772197276.webp?s=ac20e47038176c771b02bfa5889f5eea7f580700,5,2
Je vend ma doudoune prada,74.2,Prada,M / IT 42 / EU 38,https://www.vinted.it/items/8272175440-je-vend-ma-doudoune-prada?referrer=catalog,0,8272175440,Sold,27/02/2026 16:14:56,,https://images1.vinted.net/t/05_007c8_CEcFhsKfiqAXHP7fXyDMB4uB/310x430/1772197243.webp?s=7533c8a35f91c4b2d753fdb2975d7d651a4a81d7,5,2
Prada cup noir,63.7,Prada,35,https://www.vinted.it/items/8272146724-prada-cup-noir?referrer=catalog,4,8272146724,Sold,27/02/2026 16:14:56,,https://images1.vinted.net/t/06_002e3_zM7kWu6iP1B5pGT2SZbeaT7X/310x430/1772197035.webp?s=3f247bdfd81c6b4bf3fe3c779f7b9752cf5a5868,5,2
Prada Paradoxe Eau de Parfum 90 ml – Original y Elegante,74.2,Prada,0,https://www.vinted.it/items/8272144319-prada-paradoxe-eau-de-parfum-90-ml-original-y-elegante?referrer=catalog,0,8272144319,Sold,27/02/2026 16:14:56,,https://images1.vinted.net/t/04_00b50_duDTYCm8qxZa3kD9E5frWLpo/310x430/1772197017.webp?s=115ebd5986c26fee5ba11a6fdce5909d79c1bc98,5,2
Eau de Parfum Prada Paradoxe Virtual Flower 90ml,44.8,Prada,0,https://www.vinted.it/items/8272134483-eau-de-parfum-prada-paradoxe-virtual-flower-90ml?referrer=catalog,7,8272134483,Sold,27/02/2026 16:14:56,,https://images1.vinted.net/t/06_025fb_Hg8Baa4goJkabq7GwB9CAnhZ/310x430/1772196945.webp?s=fd2c62b18ab858f134264fafd55780daddbb3910,5,2
Eau de parfum PRADA Vétiver 100ml,70.0,Prada,0,https://www.vinted.it/items/8272129503-eau-de-parfum-prada-vetiver-100ml?referrer=catalog,2,8272129503,Sold,27/02/2026 16:14:56,,https://images1.vinted.net/t/03_00df0_QkXJTxAyz3rJCYUj3xSkQMyo/310x430/1772196909.webp?s=0534fdc600113681ded09f187c86e6e0a0b15e23,5,2
Infusión de Higo 100ml Prada,47.95,Prada,0,https://www.vinted.it/items/8272080302-infusion-de-higo-100ml-prada?referrer=catalog,1,8272080302,Sold,27/02/2026 16:14:56,,https://images1.vinted.net/t/06_00608_vAz6m9RiTB4bVwzFUorAjzvc/310x430/1772196546.webp?s=fdf31dd6759287fd5aa02740a9242487b687a9e5,5,2
Sunglasses prada,331.45,Prada,0,https://www.vinted.it/items/8271607145-sunglasses-prada?referrer=catalog,0,8271607145,Sold,27/02/2026 16:14:56,,https://images1.vinted.net/t/06_02122_rcjjvVpyxcSha8HS6XFh8azP/310x430/1772192762.webp?s=f51c7823071b8f11a0b9bb125c75db285ffe1fa4,5,2
Foulard Prada,210.7,Prada,0,https://www.vinted.it/items/8272071552-foulard-prada?referrer=catalog,2,8272071552,Sold,27/02/2026 16:14:56,,https://images1.vinted.net/t/06_0133b_52wHE4Sh22VhKfnY7gv6rosq/310x430/1772196481.webp?s=a66060785eb8af3cfd69ef4d2a4ea30f0b6908bd,5,2
Bolso agatha ruiz de la prada verde charol original con colgante love,62.55,Agatha,0,https://www.vinted.it/items/8272053218-bolso-agatha-ruiz-de-la-prada-verde-charol-original-con-colgante-love?referrer=catalog,12,8272053218,Sold,27/02/2026 16:14:56,,https://images1.vinted.net/t/06_015f3_TDNXV22Ay9t4DTZ15972TvPR/310x430/1772196344.webp?s=9d8dd931696ca7bd7df8eea960424fb155a3c381,5,2
Prada beauty pouch rosa e black new,35.35,Prada,0,https://www.vinted.it/items/8272051662-prada-beauty-pouch-rosa-e-black-new?referrer=catalog,0,8272051662,Sold,27/02/2026 16:14:56,,https://images1.vinted.net/t/06_002df_mxEHtiwykmbWbb35pPKi6SWV/310x430/1772196331.webp?s=45b69747ee150dbfc9d3c6379b159cda951babcd,5,2
Prada muy bueno,105.7,Prada,M / IT 42 / EU 38,https://www.vinted.it/items/8272019309-prada-muy-bueno?referrer=catalog,33,8272019309,Sold,27/02/2026 16:14:56,,https://images1.vinted.net/t/01_00862_hB5AZHKXcUZrWK1nQ6H8Rc6w/310x430/1772196085.webp?s=ef571d2b829d91f66b78935357075e357ba7724d,5,2
Lunette de soleil prada,126.7,Prada,0,https://www.vinted.it/items/8271944620-lunette-de-soleil-prada?referrer=catalog,1,8271944620,Sold,27/02/2026 16:14:56,,https://images1.vinted.net/t/05_02646_YTrbPfr2KuB6sD4ciDYdzm9N/310x430/1772195500.webp?s=91ae002d1dceb7bcba6dc9c785ef27958617f940,5,2
Sling back Prada,620.2,Prada,37.5,https://www.vinted.it/items/8272004853-sling-back-prada?referrer=catalog,4,8272004853,Sold,27/02/2026 16:14:56,,https://images1.vinted.net/t/05_012dc_GWxBcfoHPzkGwrmXnWLHwY9h/310x430/1772195975.webp?s=8d2c5b390b523f38b4c926a4c6139ede973b394d,5,2
Scatola Prada,5.43,Prada,0,https://www.vinted.it/items/8271992512-scatola-prada?referrer=catalog,0,8271992512,Sold,27/02/2026 16:14:56,,https://images1.vinted.net/t/05_00a23_Rysk2WLxyLfFFyuxTUEEH1Qj/310x430/1772195879.webp?s=63a00f7f3e70c8027e9f024fabd9127ef3d0a41b,5,2
Este bolso pequeño preciosísimo de nuevo está disponible,11.2,Prada,0,https://www.vinted.it/items/8271985490-este-bolso-pequeno-preciosisimo-de-nuevo-esta-disponible?referrer=catalog,12,8271985490,Sold,27/02/2026 16:14:56,,https://images1.vinted.net/t/04_01781_anTwU8RcJL9UYjJ3cTwJFCz2/310x430/1772195826.webp?s=fd3bdffb662b92ac170fd5675796e49cb9f27c6d,5,2
Prada bag,21.7,Prada,0,https://www.vinted.it/items/8271982232-prada-bag?referrer=catalog,2,8271982232,Sold,27/02/2026 16:14:56,,https://images1.vinted.net/t/01_02136_6p1eVmc9HUe6m6YT5uGJEvoC/310x430/1772195800.webp?s=db11e2e4b043b2c4c0c1a86bdcab6e6b0f9187a2,5,2
Gorra North Sails x Prada,13.3,North Sails,Taglia unica,https://www.vinted.it/items/8271979312-gorra-north-sails-x-prada?referrer=catalog,0,8271979312,Sold,27/02/2026 16:14:56,,https://images1.vinted.net/t/01_0073b_UGzKHcwHXepSHPxPfYCqPdBJ/310x430/1772195776.webp?s=c154a8fce208a0de85a6324bee374186ad0f74d3,5,2
Borsello Prada,788.2,Prada,0,https://www.vinted.it/items/8271958810-borsello-prada?referrer=catalog,2,8271958810,Sold,27/02/2026 16:14:56,,https://images1.vinted.net/t/05_006f2_nvky3hVwV4skkUvYep1XyG9s/310x430/1772195614.webp?s=ce19a8792e717a5aa11f2d66c1acf9d128ed31fc,5,2
Vintage Prada sunglasses,147.7,Prada,0,https://www.vinted.it/items/8271948677-vintage-prada-sunglasses?referrer=catalog,11,8271948677,Sold,27/02/2026 16:14:56,,https://images1.vinted.net/t/06_00c9a_H6wt9Z25x8sba9K81dusAVsd/310x430/1772195533.webp?s=97a868b9a0cf960101223fb0e91c1c41dd979554,5,2
Occhiali da sole donna PRADA,116.2,Prada,0,https://www.vinted.it/items/8271944949-occhiali-da-sole-donna-prada?referrer=catalog,0,8271944949,Sold,27/02/2026 16:14:56,,https://images1.vinted.net/t/03_0020a_FqKyB591t92LRuYrPdS7KtWk/310x430/1772195503.webp?s=907cab1a9c128088d36599e51cbfc89905529ea3,5,2
Occhiali Prada maculati,205.45,Prada,0,https://www.vinted.it/items/8271919537-occhiali-prada-maculati?referrer=catalog,0,8271919537,Sold,27/02/2026 16:14:56,,https://images1.vinted.net/t/06_011f2_pw4y9gsfUithruf3UxUyiGGs/310x430/1772195298.webp?s=33ba67017050839c593c71c9f69941eaf6f24b61,5,2
Prada,21.7,Prada,0,https://www.vinted.it/items/8271812952-prada?referrer=catalog,29,8271812952,Sold,27/02/2026 16:14:56,,https://images1.vinted.net/t/05_017ee_KQK8zgpAcxhFaGJbi87osPoG/310x430/1772194412.webp?s=ddc9b2547c1409942277608553e26b684373f545,5,2
Prada Paradoxe Radical Essence,53.2,Prada,0,https://www.vinted.it/items/8271937290-prada-paradoxe-radical-essence?referrer=catalog,1,8271937290,Sold,27/02/2026 16:14:56,,https://images1.vinted.net/t/06_01c5b_vd6k3edVXFxAbfxvreFhuisS/310x430/1772195442.webp?s=826037457971ab67402053820cafc2a34f2913e9,5,2
Prada Paradox 30ml Parfüm,42.7,Prada,0,https://www.vinted.it/items/8271896230-prada-paradox-30ml-parfum?referrer=catalog,1,8271896230,Sold,27/02/2026 16:14:56,,https://images1.vinted.net/t/05_012cb_SF9NuKS1szGtyifFySvbjzov/310x430/1772195105.webp?s=c0c12230bfeed64a472bb04373effc8820b722e9,5,2
Perfume Prada Paradoxe Intense,53.2,Prada,0,https://www.vinted.it/items/8271909000-perfume-prada-paradoxe-intense?referrer=catalog,0,8271909000,Sold,27/02/2026 16:14:56,,https://images1.vinted.net/t/06_02592_bHWyWV2i7BYaMai9LaXsuGAP/310x430/1772195211.webp?s=ba4b72bab8e5a58e1b5d233fe10032a686c666b9,5,2
Shearling bucket hat PRADA,252.7,Prada,Taglia unica,https://www.vinted.it/items/8271882117-shearling-bucket-hat-prada?referrer=catalog,1,8271882117,Sold,27/02/2026 16:14:56,,https://images1.vinted.net/t/05_02093_PR5bfacwDR6UmCbdvCjgmQDq/310x430/1772194988.webp?s=377f55f14c7fc7ede44ca858b92977d103d2e21c,5,2
Parfum PRADA - Paradoxe,89.95,Prada,0,https://www.vinted.it/items/8271928617-parfum-prada-paradoxe?referrer=catalog,0,8271928617,Sold,27/02/2026 16:14:56,,https://images1.vinted.net/t/05_00e3e_HpnnWw8BkSSH7ikKytNRXzMy/310x430/1772195373.webp?s=b28c14c1dc0ce3cedf451ce98a821e2a51792505,5,2
Sneakers Prada nuove,158.2,Prada,40,https://www.vinted.it/items/8271901108-sneakers-prada-nuove?referrer=catalog,0,8271901108,Sold,27/02/2026 16:14:56,,https://images1.vinted.net/t/06_002de_spfr7YcXQsudFmSG6i5bxAfd/310x430/1772195146.webp?s=dc282b6635aac7c26fde513b66ea250619fdd654,5,2
Coffret parfum Prada,53.2,Prada,0,https://www.vinted.it/items/8271718830-coffret-parfum-prada?referrer=catalog,2,8271718830,Sold,27/02/2026 16:14:56,,https://images1.vinted.net/t/01_02218_aQ6T5cniM916bj4rv1gjkBSs/310x430/1772193641.webp?s=28af8a51f3a6380824b45fcede98ba5a36e3b21e,5,2
Occhiali da sole Prada,147.7,Prada,0,https://www.vinted.it/items/8271717438-occhiali-da-sole-prada?referrer=catalog,1,8271717438,Sold,27/02/2026 16:14:56,,https://images1.vinted.net/t/06_00900_r1cZFa9Ge7rZeFXAsvkpbwLg/310x430/1772193630.webp?s=12435ee89f0b4e6063278bb0ae5b64c54b1c1fb6,5,2
Domenico Gnoli catalogo Prada,315.7,No brand,0,https://www.vinted.it/items/8271719071-domenico-gnoli-catalogo-prada?referrer=catalog,1,8271719071,Sold,27/02/2026 16:14:56,,https://images1.vinted.net/t/06_013b2_oYoSkXqCh56ZAks57zM1QJNh/310x430/1772193643.webp?s=0b517ea6e870787e8fed9ac6d6415dddb95d483b,5,2
Pochette Prada,18.55,Prada,0,https://www.vinted.it/items/8271700038-pochette-prada?referrer=catalog,10,8271700038,Sold,27/02/2026 16:14:56,,https://images1.vinted.net/t/05_01880_6burh724zUy1Z8u7BLcEwX2X/310x430/1772193488.webp?s=2b00d84c65ab50c370b69711d005c4a3cc7d8ddc,5,2
Sac à main neuf en cuir bleu Prada,1.2607,Prada,0,https://www.vinted.it/items/8271869966-sac-a-main-neuf-en-cuir-bleu-prada?referrer=catalog,1,8271869966,Sold,27/02/2026 16:14:56,,https://images1.vinted.net/t/05_004e2_RXPdxK2vRtRvFR2TUTRGJW9L/310x430/1772194886.webp?s=43d37346e678ac0cc50728d8f62d67373b0d773c,5,2
Album fotos Agatha Ruiz de la Prada,3.85,Agatha,0,https://www.vinted.it/items/8271754959-album-fotos-agatha-ruiz-de-la-prada?referrer=catalog,1,8271754959,Sold,27/02/2026 16:14:56,,https://images1.vinted.net/t/01_00c27_aQnf8tbBd2m2y5rLWzg5JBCr/310x430/1772193936.webp?s=07353956e2b8d7a3ae05207dc257083eb2b43e83,5,2
NUOVA galleria Prada in struzzo,2.3107,Prada,0,https://www.vinted.it/items/8271858139-nuova-galleria-prada-in-struzzo?referrer=catalog,2,8271858139,Sold,27/02/2026 16:14:56,,https://images1.vinted.net/t/05_0084f_A8ZnkqXTxzPxndszSDHofJhT/310x430/1772194787.webp?s=b797c9c9c1d3b9f9f8a3c77311d0661cc2078de4,5,2
Prada - Eau de toilette flacon de collection  miniature rare 7,18.55,RARE,0,https://www.vinted.it/items/8271799749-prada-eau-de-toilette-flacon-de-collection-miniature-rare-75-ml?referrer=catalog,0,8271799749,Sold,27/02/2026 16:14:56,,https://images1.vinted.net/t/06_01735_4j6d4ewXsy2gHW7VMDsCCump/310x430/1772195726.webp?s=48ac951a4fae60c3d4e0ccfb864d2b89f8c172ee,5,2
Prada Paradoxe Intense 90ml,47.95,Prada,0,https://www.vinted.it/items/8271791818-prada-paradoxe-intense-90ml?referrer=catalog,0,8271791818,Sold,27/02/2026 16:14:56,,https://images1.vinted.net/t/05_002e3_vYFXirraKp7GEeqDGt6snx9m/310x430/1772194237.webp?s=83ee6a161bbc5a2a31cb105c7e6b472873a4ab45,5,2
Paradigme 100 ml,65.8,Prada,0,https://www.vinted.it/items/8271784676-paradigme-100-ml?referrer=catalog,0,8271784676,Sold,27/02/2026 16:14:56,,https://images1.vinted.net/t/04_01a31_N3km5G9JT6BahuFuAaYMUrH5/310x430/1772194178.webp?s=fe66608ddaee7050f2c04ae541d7207e7c5f8d7d,5,2
Prada Linea Rossa sunglasses,100.45,Prada,0,https://www.vinted.it/items/8271747298-prada-linea-rossa-sunglasses?referrer=catalog,0,8271747298,Sold,27/02/2026 16:14:56,,https://images1.vinted.net/t/04_0246c_faqZDPc1NHkaXQXCJHEZ4J5X/310x430/1772193874.webp?s=b9069b2c6a9aa5e9394d917d5454dd3557d31023,5,2
Prada america’s cup,210.7,Prada,43,https://www.vinted.it/items/8271762011-prada-americas-cup?referrer=catalog,2,8271762011,Sold,27/02/2026 16:14:56,,https://images1.vinted.net/t/06_00497_jG7tidpmBQDqiWu4pMvcBBe7/310x430/1772193993.webp?s=c8d696f21ea8523ca5fa184b378e4be5f7276fa3,5,2
Lunettes de soleil Prada,194.95,Prada,0,https://www.vinted.it/items/8271824820-lunettes-de-soleil-prada?referrer=catalog,0,8271824820,Sold,27/02/2026 16:14:56,,https://images1.vinted.net/t/05_025e3_fBH5RsuruU6Cna4CfPy66GNj/310x430/1772194509.webp?s=25bb1df865ff18ddec38c8b3738a2a1f45d5ef8d,5,2
Pantaloncino costume da bagno PRADA uomo taglia 52.,473.2,Prada,XL,https://www.vinted.it/items/8271673185-pantaloncino-costume-da-bagno-prada-uomo-taglia-52?referrer=catalog,0,8271673185,Sold,27/02/2026 16:14:56,,https://images1.vinted.net/t/05_01d3d_gwLmBFSCRfvwWJF3uj3kjpiG/310x430/1772193275.webp?s=11a51b17a63943e81abbd10fef8a297636447112,5,2
Lancome,5.95,Prada,0,https://www.vinted.it/items/8271833400-lancome-prada?referrer=catalog,0,8271833400,Sold,27/02/2026 16:14:56,,https://images1.vinted.net/t/01_0168c_ksNbA6JmqAmxT64gbFRCNM2J/310x430/1772194581.webp?s=f0f93b384d8621098007edd2c92c218a4e3ea026,5,2
Occhiali da sole Prada,184.45,Prada,0,https://www.vinted.it/items/8271734278-occhiali-da-sole-prada?referrer=catalog,0,8271734278,Sold,27/02/2026 16:14:56,,https://images1.vinted.net/t/05_0021a_H5pHwJAyLwPFFbY2cfoV4BKu/310x430/1772193768.webp?s=ccd6460dd9287f659b0f8f39216c4e5e1452c2da,5,2
Prada tas,315.7,Prada,0,https://www.vinted.it/items/8271414078-prada-tas?referrer=catalog,1,8271414078,Sold,27/02/2026 16:14:56,,https://images1.vinted.net/t/03_02163_arsdwDLkbfCLyzEwkEui6MYc/310x430/1772191256.webp?s=030f45b9e61b31c6fd051159670d4a60e0f6e744,5,2
parfum prada femme,79.45,Prada,0,https://www.vinted.it/items/8271724039-parfum-prada-femme?referrer=catalog,0,8271724039,Sold,27/02/2026 16:14:56,,https://images1.vinted.net/t/05_01d59_6pUBiCKXj4y4cn5VQkr1ReNs/310x430/1772193683.webp?s=350f61b47aa9348fa873e7dc291cd19c0db3dc3a,5,2
Album de Agatha Ruiz de la Prada,3.85,Agatha,0,https://www.vinted.it/items/8271769849-album-de-agatha-ruiz-de-la-prada?referrer=catalog,0,8271769849,Sold,27/02/2026 16:14:56,,https://images1.vinted.net/t/06_00949_ZaGdCEntuEg3mBz7tgfiCPTD/310x430/1772194056.webp?s=a90b3d1e511d82d8190d532c810a7470d7a89aae,5,2
Prada Tote Bag Tasche Vitello Daino Soft Handtasche Ledertasche Henkel Tragetasche Puder Nude Rosa,977.2,Prada,0,https://www.vinted.it/items/8271726403-prada-tote-bag-tasche-vitello-daino-soft-handtasche-ledertasche-henkel-tragetasche-puder-nude-rosa?referrer=catalog,0,8271726403,Sold,27/02/2026 16:14:56,,https://images1.vinted.net/t/05_00576_k3xqp1GLMXaDwkwmA3g6YnD1/310x430/1772193702.webp?s=7d9365e5825165d22315413ac302971892ae75c8,5,2
Porta tessere Prada,231.7,Prada,0,https://www.vinted.it/items/8271712980-porta-tessere-prada?referrer=catalog,2,8271712980,Sold,27/02/2026 16:14:56,,https://images1.vinted.net/t/01_01f1c_qN85bXsutDyV5HLQFDYVwogZ/310x430/1772193594.webp?s=245198fa2c6cb92f7a7367e4f6ef506d239c7696,5,2
Borsa Prada saggiano,1.5757,Prada,0,https://www.vinted.it/items/8271748306-borsa-prada-saggiano?referrer=catalog,0,8271748306,Sold,27/02/2026 16:14:56,,https://images1.vinted.net/t/06_0155d_s9wwDdMEZzza1pSVojXgzpTu/310x430/1772193883.webp?s=3b0059d236fbaa9049d22157d223a8a89ca52def,5,2
Prada Hose,998.2,Prada,XS / IT 38 / EU 34,https://www.vinted.it/items/8271702837-prada-hose?referrer=catalog,0,8271702837,Sold,27/02/2026 16:14:56,,https://images1.vinted.net/t/05_002ee_riH3U1d2bjpUT9iuEyPPvxk6/310x430/1772193511.webp?s=1241df2552cc68702623360b1d84d569d3247701,5,2
Libri Prada,32.2,No brand,0,https://www.vinted.it/items/8271596890-libri-prada-louis-vuitton-e-chanel?referrer=catalog,10,8271596890,Sold,27/02/2026 16:14:56,,https://images1.vinted.net/t/01_0027c_wicWnDfaJjJ9i68XJN1BswRb/310x430/1772192683.webp?s=6eab004f2a061195a9bab9fb83ea9e5670d83542,5,2
Portefeuille Prada zippé en cuir Saffiano,630.7,Prada,0,https://www.vinted.it/items/8271677725-portefeuille-prada-zippe-en-cuir-saffiano?referrer=catalog,0,8271677725,Sold,27/02/2026 16:14:56,,https://images1.vinted.net/t/05_00406_t7pH2xy9BPTyswSoTynXYSJi/310x430/1772193311.webp?s=c6acb36abc81ab6014dbc5a4ee79a494f1323806,5,2
Prada Cups,315.7,Prada,41,https://www.vinted.it/items/8271696465-prada-cups?referrer=catalog,0,8271696465,Sold,27/02/2026 16:14:56,,https://images1.vinted.net/t/06_0038c_ncQP71kXT5yMcQ5ugd9r41CB/310x430/1772193459.webp?s=148c4897854d51a305f8726dde500e2a29099f76,5,2
Prada camdy,50.05,Prada,0,https://www.vinted.it/items/8271630622-prada-camdy?referrer=catalog,0,8271630622,Sold,27/02/2026 16:14:56,,https://images1.vinted.net/t/05_00196_no13d3n6P8tRJpLXnRVRuRnW/310x430/1772192945.webp?s=ddf61c8f0718e08cd6aaad23da5f78c5631aa455,5,2
Gafas Prada,72.1,Prada,0,https://www.vinted.it/items/8271678750-gafas-prada?referrer=catalog,0,8271678750,Sold,27/02/2026 16:14:56,,https://images1.vinted.net/t/06_007ce_EMtiVQM2s6YNquJ4sHr4NYYr/310x430/1772193319.webp?s=b5cb6e680e018e060d32e38039f99ac9aba61864,5,2
Prada cup,147.7,Prada,44,https://www.vinted.it/items/8271631490-prada-cup?referrer=catalog,1,8271631490,Sold,27/02/2026 16:14:56,,https://images1.vinted.net/t/06_00314_cJ6L4VvdKSLC71MncPgK72Qn/310x430/1772192951.webp?s=ae553d4b8235b848d239427191bda59e455bf9f9,5,2
Prada america’s cup black,525.69,Prada,38,https://www.vinted.it/items/8271499821-prada-americas-cup-black?referrer=catalog,1,8271499821,Sold,27/02/2026 16:14:56,,https://images1.vinted.net/t/05_02184_5XBLE14LPyqLysB5WxFdejxm/310x430/1772192943.webp?s=8209bd3ee959c44a5a1295b3735723073e7393c2,5,2
Occhiali,210.7,Prada,0,https://www.vinted.it/items/8273273419-occhiali?referrer=catalog,0,8273273419,Sold,27/02/2026 16:14:30,,https://images1.vinted.net/t/06_0038b_6LoSvfcxEpefdSBisaidFQFU/310x430/1772204920.webp?s=1aa8389e3e386579e482978fb91992b283403908,5,1
Boîte à lunette Prada,21.7,Prada,0,https://www.vinted.it/items/8273253337-boite-a-lunette-prada?referrer=catalog,0,8273253337,Sold,27/02/2026 16:14:30,,https://images1.vinted.net/t/03_010c7_qzsenEE8BNQACkj6sMUZ8vKH/310x430/1772204782.webp?s=cca1872a4331b1f23da7391d12bd8aaf922bab12,5,1
Maglione Prada black,315.7,Prada,S,https://www.vinted.it/items/8273249463-maglione-prada-black?referrer=catalog,0,8273249463,Sold,27/02/2026 16:14:30,,https://images1.vinted.net/t/01_001bd_Q6eCJBP1MQFFqRJoW2pKEWJR/310x430/1772204756.webp?s=56081c6fdb6091718fad81528ababa2d79d688d7,5,1
Profumo donna Prada,100.45,Prada,0,https://www.vinted.it/items/8273247063-profumo-donna-prada?referrer=catalog,0,8273247063,Sold,27/02/2026 16:14:30,,https://images1.vinted.net/t/06_01b12_dHGzPzwGqheC4bYzva2wpTaD/310x430/1772204740.webp?s=4b5823b75789cffcd8a8a79f2eb33c1ce1cdce2f,5,1
Prada Bucket Hat – Bob en cuir nappa noir - Neuf,368.2,Prada,59,https://www.vinted.it/items/8273239706-prada-bucket-hat-bob-en-cuir-nappa-noir-neuf?referrer=catalog,0,8273239706,Sold,27/02/2026 16:14:30,,https://images1.vinted.net/t/05_00a29_HUpQ7WDQoZpeJBvJ88U1dXd6/310x430/1772204688.webp?s=fa3808c98037da13c8c47a4879a1330437fd09ba,5,1
Infusion de Santal Chai Prada 100 ml edP,84.7,Prada,0,https://www.vinted.it/items/8273221688-infusion-de-santal-chai-prada-100-ml-edp?referrer=catalog,0,8273221688,Sold,27/02/2026 16:14:30,,https://images1.vinted.net/t/06_00810_fr6f4aWhFXBej7ShYRj7R8wQ/310x430/1772204562.webp?s=b5cd2aed18e6b5a255fb8ea88c9a8d92331910dc,5,1
Profumo Prada,105.7,Prada,0,https://www.vinted.it/items/8273218350-profumo-prada?referrer=catalog,0,8273218350,Sold,27/02/2026 16:14:30,,https://images1.vinted.net/t/05_001ca_PsJyXnSdXLLtPvbvTNNmakyK/310x430/1772204539.webp?s=bfcab76ba5d56db60e8b0c9d2340c960753c31a8,5,1
Iconic Prada Satin Bustier,210.7,Prada,S / IT 40 / EU 36,https://www.vinted.it/items/8273202106-iconic-prada-satin-bustier-never-worn?referrer=catalog,0,8273202106,Sold,27/02/2026 16:14:30,,https://images1.vinted.net/t/04_01699_B6XsyHZcEbkGRq4w2RNCscQX/310x430/1772204423.webp?s=98c7cf72e1ed7cf06e3c0143cbe8a8644e285ae3,5,1
Quaderno con matita Prada,105.7,Prada,0,https://www.vinted.it/items/8244583041-quaderno-con-matita-prada?referrer=catalog,0,8244583041,Sold,27/02/2026 16:14:30,,https://images1.vinted.net/t/06_0076d_rcEDnYaaBwaT1WwWaSfJuamY/310x430/1771858504.webp?s=28c19e6991c42c89063c9086a449d4c930ed6cce,5,1
Neceser Prada,9.1,Prada,0,https://www.vinted.it/items/8273196788-neceser-prada?referrer=catalog,0,8273196788,Sold,27/02/2026 16:14:30,,https://images1.vinted.net/t/05_0166e_qijyv3TAdhjKbzNbJpXCAbkL/310x430/1772204387.webp?s=aea2eb6f678a36b91c0d7991c1527ff9d2656971,5,1
Borsetta a mano,58.45,Prada,0,https://www.vinted.it/items/8246503976-borsetta-a-mano?referrer=catalog,3,8246503976,Sold,27/02/2026 16:14:30,,https://images1.vinted.net/t/04_00106_RCNJqzhpYfDsSXoVh54kEx7o/310x430/1771870827.webp?s=071accc1ec46c28e3fbeec1948a30a73d9f1f0a6,5,1
Gorro mimoso,7.53,Agatha Ruiz de la Prada,M,https://www.vinted.it/items/8273191387-gorro-mimoso?referrer=catalog,0,8273191387,Sold,27/02/2026 16:14:30,,https://images1.vinted.net/t/05_01390_RWhqeqis1iGqR3zpW4rTT86p/310x430/1772204350.webp?s=96670d12186c02985c5d923843397a5e4f5bbce7,5,1
Prada - Reflection Glossy Lip Balm,37.45,Prada,0,https://www.vinted.it/items/8273191575-prada-reflection-glossy-lip-balm?referrer=catalog,1,8273191575,Sold,27/02/2026 16:14:30,,https://images1.vinted.net/t/06_026c1_ivtH1ithbfJbw9BJcz7bHEQg/310x430/1772204351.webp?s=409fdd25e4a4f0724af84bdbc895e3cb35ba9fb4,5,1
Profumo uomo Prada 100 ml,53.2,Prada,0,https://www.vinted.it/items/8273191310-profumo-uomo-prada-100-ml?referrer=catalog,0,8273191310,Sold,27/02/2026 16:14:30,,https://images1.vinted.net/t/05_0013d_g3hHgLTFYJsugJUWU2TBijf1/310x430/1772204349.webp?s=e66f0b3252903e69ecd1af41bed46b491db4aa75,5,1
Vestitino con coulotte,16.45,Agatha Ruiz de la Prada,9-12 mesi / 74 cm,https://www.vinted.it/items/8273190072-vestitino-con-coulotte?referrer=catalog,0,8273190072,Sold,27/02/2026 16:14:30,,https://images1.vinted.net/t/05_01cca_BDNZdtRPUxasRWoBpvv7BHb9/310x430/1772204341.webp?s=cec906354f38259fe9a120eaba9a9218486ebb45,5,1
Prada Sunglasses,221.2,Prada,0,https://www.vinted.it/items/8273165141-prada-sunglasses?referrer=catalog,0,8273165141,Sold,27/02/2026 16:14:30,,https://images1.vinted.net/t/01_024be_JNbPZTHtG3qdnRESWceREfc8/310x430/1772204172.webp?s=6919775cac945d3c006e0bd7637ae121a594f471,5,1
Sacchetto Prada,26.95,Prada,0,https://www.vinted.it/items/8246609984-sacchetto-prada?referrer=catalog,3,8246609984,Sold,27/02/2026 16:14:30,,https://images1.vinted.net/t/01_02626_AcZfjuT3vehRyDCBGEz1mKkZ/310x430/1771871583.webp?s=8859a9495db784ce4d08e0b7697246b7444bb1ea,5,1
Prada cups donkerblauw,200.2,Prada,45,https://www.vinted.it/items/8273126805-prada-cups-donkerblauw?referrer=catalog,1,8273126805,Sold,27/02/2026 16:14:30,,https://images1.vinted.net/t/06_014a6_vKB4YUGb9NgCm38YcUh3jhx7/310x430/1772203907.webp?s=4ee20b8b89279b7c7699e57631d84fe2a0f29bc9,5,1
Parfum Prada,63.7,Prada,0,https://www.vinted.it/items/8273085587-parfum-prada?referrer=catalog,0,8273085587,Sold,27/02/2026 16:14:30,,https://images1.vinted.net/t/06_0130a_eY3FmbMNZ7bhUNiRjHYrxFj3/310x430/1772203627.webp?s=c3e599fd5c250b691598d0f74b8dca154f8b1510,5,1
Perfume Prada,53.2,Prada,0,https://www.vinted.it/items/8273079419-perfume-prada?referrer=catalog,0,8273079419,Sold,27/02/2026 16:14:30,,https://images1.vinted.net/t/05_00464_ZZ4Vph1oJVZ4zCqYz2FMaZfw/310x430/1772203584.webp?s=dbe135d46addab2a25ae155b6608f2dd46d0fcfc,5,1
Gafas de sol Prada,315.7,Prada,0,https://www.vinted.it/items/8273068156-gafas-de-sol-prada?referrer=catalog,0,8273068156,Sold,27/02/2026 16:14:30,,https://images1.vinted.net/t/06_00255_1yvn4qsttCCkeAsST8gX4ATZ/310x430/1772203507.webp?s=1f839a276892163078e779e8b947f84c35fc1bf0,5,1
Prada Sneaker – Schwarz – Größe 44 – Original,105.7,Prada,44,https://www.vinted.it/items/8273063846-prada-sneaker-schwarz-grosse-44-original?referrer=catalog,0,8273063846,Sold,27/02/2026 16:14:30,,https://images1.vinted.net/t/01_016b5_AHZKAjHqHhB9ZTTMRD8DnTHr/310x430/1772203478.webp?s=332ab2726da1b9f65f7b7f3ce35bb4ba9ac8a164,5,1
Mocassins marine prada homme,368.2,Prada,43,https://www.vinted.it/items/8273054381-mocassins-marine-prada-homme?referrer=catalog,3,8273054381,Sold,27/02/2026 16:14:30,,https://images1.vinted.net/t/06_00031_s229i98pNcUHk7EGVbZSezm9/310x430/1772203414.webp?s=b800d51b754a0546649b3f48533e78d60c4d83f7,5,1
Prada cup maat 44,105.7,Prata,44,https://www.vinted.it/items/8273026860-prada-cup-maat-44?referrer=catalog,2,8273026860,Sold,27/02/2026 16:14:30,,https://images1.vinted.net/t/05_0165b_W2LGEeuL7Rkip7fLTDGtkVF2/310x430/1772203225.webp?s=82b537cb1da7e5a1bc7824174255d36a5b0347c1,5,1
Prada cups maat 44,105.7,Prata,44,https://www.vinted.it/items/8273007576-prada-cups-maat-44?referrer=catalog,2,8273007576,Sold,27/02/2026 16:14:30,,https://images1.vinted.net/t/06_0046d_VtQoXFg4oCDwQDhjtVLxVk2y/310x430/1772203094.webp?s=4fc124f15986be3a2374f3a045c4d5395fd235ef,5,1
Pochette prada,5.95,Prada,0,https://www.vinted.it/items/8272979032-pochette-prada?referrer=catalog,0,8272979032,Sold,27/02/2026 16:14:30,,https://images1.vinted.net/t/01_0261f_uhqf3g7VmWTkJPfbhZoevxw5/310x430/1772202899.webp?s=5521ad5413c015b0d8f1b383581f190de37aafa5,5,1
Elastico bianco Prada linea profumo Paradoxe,10.68,Prada,0,https://www.vinted.it/items/8272977522-elastico-bianco-prada-linea-profumo-paradoxe?referrer=catalog,0,8272977522,Sold,27/02/2026 16:14:30,,https://images1.vinted.net/t/03_009c3_ZKcu2GaLZ7gfyhMR6qn21BgB/310x430/1772202888.webp?s=ef03ab37c4f0049a6be22cf11d5ee7faa6e54df4,5,1
Pochette prada,5.95,Prada,0,https://www.vinted.it/items/8272969031-pochette-prada?referrer=catalog,0,8272969031,Sold,27/02/2026 16:14:30,,https://images1.vinted.net/t/04_01c53_9Z1tcHkBuki5USnFwe1hkohx/310x430/1772202830.webp?s=95356a9f3e6b455cc9896963c8be963f9308de6e,5,1
Prada candy,68.95,Prada,0,https://www.vinted.it/items/8272206555-prada-candy?referrer=catalog,0,8272206555,Sold,27/02/2026 16:14:31,,https://images1.vinted.net/t/05_01d3e_RdSscR1RQmwhyiSYALneLLx3/310x430/1772197469.webp?s=f83ad434fc9f718225363459ef26be28c8ac2a2b,5,1
Prada Slingback,473.2,Prada,37,https://www.vinted.it/items/8272205776-prada-slingback?referrer=catalog,23,8272205776,Sold,27/02/2026 16:14:31,,https://images1.vinted.net/t/03_01b75_9kRtwTs3SwmgaFeHKhvoBtZr/310x430/1772197464.webp?s=5848a2666aa81770b4a785230a3299121a45d159,5,1
Lunette de soleil PRADA,263.2,Prada,0,https://www.vinted.it/items/8272205870-lunette-de-soleil-prada?referrer=catalog,3,8272205870,Sold,27/02/2026 16:14:31,,https://images1.vinted.net/t/01_01d78_p1CPyw1ycE54W4pTqSA7GAMu/310x430/1772197464.webp?s=e434b2d8adcbb284f8e4e8056162dad2c7289585,5,1
Prada jacket,289.45,Prada,S,https://www.vinted.it/items/8276568143-prada-jacket?referrer=catalog,0,8276568143,Sold,28/02/2026 04:41:44,,https://images1.vinted.net/t/06_01de5_2XKrwbMAFhozSkNWmAFrHu1u/310x430/1772246519.webp?s=efe39c3eafc8f92a8d9cdb900813dcea30c4c07f,5,1
Prada sandals,126.7,Prada,43,https://www.vinted.it/items/8284735018-prada-sandals?referrer=catalog,2,8284735018,Sold,01/03/2026 01:39:27,,https://images1.vinted.net/t/05_0166f_5TsBWsSsP25Tr3qPPHMGXihY/310x430/1772325066.webp?s=15c71da7d36e817fbe1e938bb3fcd371f6259ddc,5,1
Prada cup,89.95,Prada,44,https://www.vinted.it/items/8284726438-prada-cup?referrer=catalog,0,8284726438,Sold,01/03/2026 01:39:27,,https://images1.vinted.net/t/06_015a5_jCwFmN7dhvKaX1G1TGyUQHd3/310x430/1772324565.webp?s=c257a1f566ec11a84c670bd4eb7a51849ae7ae74,5,1
Candy,95.2,Prada,0,https://www.vinted.it/items/8284725720-candy?referrer=catalog,0,8284725720,Sold,01/03/2026 01:39:27,,https://images1.vinted.net/t/06_0099e_pXvbxbdVXHiBaxCQRoifsW24/310x430/1772324524.webp?s=cac03cc71b26440882458bbebfda154535278f8f,5,1
Lunette de soleil prada,21.7,Prada,0,https://www.vinted.it/items/8284711918-lunette-de-soleil-prada?referrer=catalog,4,8284711918,Sold,01/03/2026 01:39:27,,https://images1.vinted.net/t/01_003fd_wEaHCLeHBSFm9DPyajEfUYNo/310x430/1772323791.webp?s=8a8ca3e758a3f020eb2fce3cd541a4bcd58a6756,5,1
Prada Umhängetasche,74.19,Prada,0,https://www.vinted.it/items/8282795866-prada-umhangetasche?referrer=catalog,0,8282795866,Sold,01/03/2026 01:39:27,,https://images1.vinted.net/t/03_00c90_4yWSqjLXWeAZV2ybsVtyQcD5/310x430/1772301205.webp?s=3f3ea1536334735b159caedd11ba1caa844e8246,5,1
Chaussure prada cups,126.7,Prada,44,https://www.vinted.it/items/8284679709-chaussure-prada-cups?referrer=catalog,4,8284679709,Sold,01/03/2026 01:39:27,,https://images1.vinted.net/t/06_00979_h2pH9R4itaYkcyJf7z1QkQZv/310x430/1772322380.webp?s=0d9964012761dd7e5bfa723ec326a0f633eb36f2,5,1
Tacchi Prada,47.95,Prada,37.5,https://www.vinted.it/items/8284673853-tacchi-prada?referrer=catalog,2,8284673853,Sold,01/03/2026 01:39:27,,https://images1.vinted.net/t/06_00e9b_Y23GeBiVWN3NK1jmvnDoTzTH/310x430/1772322159.webp?s=fb866cf282cc506f45d18453fc0d246af4efdaf7,5,1
Casquette prada,368.2,Prada,L,https://www.vinted.it/items/8284670228-casquette-prada?referrer=catalog,5,8284670228,Sold,01/03/2026 01:39:27,,https://images1.vinted.net/t/04_01fa9_DZdq42aLi1LVki942hJbumAe/310x430/1772322026.webp?s=10b122e46150396e014efde00c88b9e6bacbba91,5,1
Prada Schnürschuhe,504.7,Prada,36,https://www.vinted.it/items/8284669272-prada-schnurschuhe?referrer=catalog,0,8284669272,Sold,01/03/2026 01:39:27,,https://images1.vinted.net/t/06_02564_hiUEhw4wEgiHTPFbEC31YDzQ/310x430/1772321991.webp?s=b0c3ed9146dc557a14cee1457c23ccf3a678f8be,5,1
Prada paradoxe miniatura donna,9.1,Prada,0,https://www.vinted.it/items/8284669327-prada-paradoxe-miniatura-donna?referrer=catalog,1,8284669327,Sold,01/03/2026 01:39:27,,https://images1.vinted.net/t/01_013e1_Rx4u2AzhZHS6hjtk6K2Wmoki/310x430/1772321993.webp?s=a63b8b2527314a3afe81a354ade88966f7afc1fb,5,1
Chaqueton Prada Mujer,61.6,Prada,L / IT 44 / EU 40,https://www.vinted.it/items/8284661543-chaqueton-prada-mujer?referrer=catalog,3,8284661543,Sold,01/03/2026 01:39:27,,https://images1.vinted.net/t/04_01f32_uUziEm6adfPwpjJQLRH5d8Ms/310x430/1772321989.webp?s=e673dc4d78fca7adcb90c7002e3e808647c4948f,5,1
Prada Candy Florale 😍,15.39,Prada,0,https://www.vinted.it/items/8284664066-prada-candy-florale?referrer=catalog,0,8284664066,Sold,01/03/2026 01:39:27,,https://images1.vinted.net/t/05_0270a_nsSLZya6EY3daR5JXWn2BLhp/310x430/1772321813.webp?s=33f43e00ada91bc0d5cbbb8bee7fdedeecdeb6b1,5,1
RB.-bolso agatha ruiz de la prada como nuevo acolchado beige con interior multicolor súper top,53.1,Agatha,0,https://www.vinted.it/items/8284660678-rb-bolso-agatha-ruiz-de-la-prada-como-nuevo-acolchado-beige-con-interior-multicolor-super-top?referrer=catalog,13,8284660678,Sold,01/03/2026 01:39:27,,https://images1.vinted.net/t/06_013fc_nwiJUHzKTbdx2JSMBwaJtjA7/310x430/1772321694.webp?s=3d173aa8bf99ac49e932968d12560970d7c64dd4,5,1
Baskets neuves taille 44,95.2,Prada,44,https://www.vinted.it/items/8284649553-baskets-neuves-taille-44?referrer=catalog,3,8284649553,Sold,01/03/2026 01:39:27,,https://images1.vinted.net/t/05_003cf_HNuWLPykzn3byesAHjvACivz/310x430/1772321323.webp?s=41dcc9659f4a7b4985941bd612caa6116e8902cd,5,1
Prada infusion d’ Iris,129.85,Prada,0,https://www.vinted.it/items/8284649409-prada-infusion-d-iris?referrer=catalog,0,8284649409,Sold,01/03/2026 01:39:27,,https://images1.vinted.net/t/04_01fa2_DBoYDKQbK5375srfsbYitHpY/310x430/1772321319.webp?s=97d5400d1e266272c31623f0f5d4d093af1afa74,5,1
Prada banana balm,63.7,Prada,0,https://www.vinted.it/items/8284643966-prada-banana-balm?referrer=catalog,0,8284643966,Sold,01/03/2026 01:39:27,,https://images1.vinted.net/t/03_0000b_T8S4zCW6wkBpVVfPyMAKmxT8/310x430/1772321147.webp?s=f8657abd811e2c156abec53f0db7161336f86ba8,5,1
Eau de parfum Prada Paradigme,84.7,Prada,0,https://www.vinted.it/items/8275024979-eau-de-parfum-prada-paradigme?referrer=catalog,0,8275024979,Sold,01/03/2026 02:53:52,,https://images1.vinted.net/t/06_0126d_9q1ZRZjoXLeKcuURsUXqiogn/310x430/1772217959.webp?s=4df388eb962631e7ee53bfcce9a62e5514966546,6,7
Prada Re-Edition / Nylon Authentic,805.8,Prada,0,https://www.vinted.it/items/8274419082-prada-re-edition-nylon-authentic-new?referrer=catalog,0,8274419082,Sold,01/03/2026 02:53:52,,https://images1.vinted.net/t/04_00130_UPXY8fqzeV1BAu7bXU9K3Aa1/310x430/1772213015.webp?s=5b9d1c95abaf2ed09a972cf694c3148cda62afd0,6,7
Prada Black Trousers – Men – Size 36– Very Good Condition,84.7,Prada,Taglia unica,https://www.vinted.it/items/8276305831-prada-black-trousers-men-size-36-very-good-condition?referrer=catalog,4,8276305831,Sold,01/03/2026 02:53:28,,https://images1.vinted.net/t/05_015d7_WrVLHjexTF7zXRNf9sFQeL5z/310x430/1772231916.webp?s=469ac6efdfc10cbe074fb9435bd381ace98ae137,6,6
Prada robusto copriabiti  in tessuto impermeabile,11.2,Prada,0,https://www.vinted.it/items/8276432264-prada-robusto-copriabiti-in-tessuto-impermeabile?referrer=catalog,4,8276432264,Sold,01/03/2026 02:53:28,,https://images1.vinted.net/t/05_02640_nSxiWmNoybfF5wW1mCmvyjPT/310x430/1772235322.webp?s=5f2fc9a0c06313b97fd8c3387be58701903cbd89,6,6
Gafas Prada,62.65,Prada,0,https://www.vinted.it/items/8276404122-gafas-prada?referrer=catalog,0,8276404122,Sold,01/03/2026 02:53:28,,https://images1.vinted.net/t/04_00327_TGcafB6TUkChkGkBAbZnh48k/310x430/1772234385.webp?s=f6a71553457d52dedf631bf56dcdad6021953ac3,6,6
Casquette Prada neuve (authentique).,504.7,Prada,S,https://www.vinted.it/items/8276400779-casquette-prada-neuve-authentique?referrer=catalog,11,8276400779,Sold,01/03/2026 02:53:28,,https://images1.vinted.net/t/05_012d1_2KtinGDebkgpj97gSM49zceQ/310x430/1772234279.webp?s=0648bdfd73689b3807f3060384b0a0682c849edf,6,6
Étui prada,21.7,Prada,0,https://www.vinted.it/items/8276398214-etui-prada?referrer=catalog,3,8276398214,Sold,01/03/2026 02:53:28,,https://images1.vinted.net/t/06_01deb_8cG4UZ3N7JAWHPPHKYZynf1T/310x430/1772234203.webp?s=8105e0ff614d9b1fac0c87838b65b8306ed452b4,6,6
Lunettes de soleil Prada,116.2,Prada,0,https://www.vinted.it/items/8276387608-lunettes-de-soleil-prada?referrer=catalog,0,8276387608,Sold,01/03/2026 02:53:28,,https://images1.vinted.net/t/04_0101d_9GC4w93MZ92aXnpcLkfFQKoM/310x430/1772233881.webp?s=aada3bfe3c5366f47a9cb5dbafd1a23ce1614bdc,6,6
Prada Cap,26.95,Sonstiges,Taglia unica,https://www.vinted.it/items/8276371497-prada-cap?referrer=catalog,13,8276371497,Sold,01/03/2026 02:53:28,,https://images1.vinted.net/t/06_01dab_HTr6BPwjfibhqNJH76mhZcfB/310x430/1772233439.webp?s=6254cbba87ab37aafd9cf65b73124376f1a2c955,6,6
Set Completo Packaging Prada Eyewear - Originale,47.95,Prada,0,https://www.vinted.it/items/8276353672-set-completo-packaging-prada-eyewear-originale?referrer=catalog,0,8276353672,Sold,01/03/2026 02:53:28,,https://images1.vinted.net/t/01_026c9_jQ7vLfH6TYoBkU9dGtqUoQ1f/310x430/1772232983.webp?s=795b661e5bd40575e49850283b11507b7b70ea31,6,6
Identificador de maletas de Prada,368.2,Prada,0,https://www.vinted.it/items/8276329945-identificador-de-maletas-de-prada?referrer=catalog,0,8276329945,Sold,01/03/2026 02:53:28,,https://images1.vinted.net/t/06_0122c_QTzDAoaAiTtZJogvsrribJE8/310x430/1772232427.webp?s=125f30b5b7c425d8fa177ff9b50bca70c6d78981,6,6
Prada Paradoxe Eau de Parfum 90 ml – Original y Elegante,74.2,Prada,0,https://www.vinted.it/items/8272144319-prada-paradoxe-eau-de-parfum-90-ml-original-y-elegante?referrer=catalog,0,8272144319,Sold,01/03/2026 11:08:30,,https://images1.vinted.net/t/04_00b50_duDTYCm8qxZa3kD9E5frWLpo/310x430/1772197017.webp?s=115ebd5986c26fee5ba11a6fdce5909d79c1bc98,1,10
Eau de parfum PRADA Vétiver 100ml,70.0,Prada,0,https://www.vinted.it/items/8272129503-eau-de-parfum-prada-vetiver-100ml?referrer=catalog,5,8272129503,Sold,01/03/2026 11:08:30,,https://images1.vinted.net/t/03_00df0_QkXJTxAyz3rJCYUj3xSkQMyo/310x430/1772196909.webp?s=0534fdc600113681ded09f187c86e6e0a0b15e23,1,10
Infusión de Higo 100ml Prada,47.95,Prada,0,https://www.vinted.it/items/8272080302-infusion-de-higo-100ml-prada?referrer=catalog,7,8272080302,Sold,01/03/2026 11:08:30,,https://images1.vinted.net/t/06_00608_vAz6m9RiTB4bVwzFUorAjzvc/310x430/1772196546.webp?s=fdf31dd6759287fd5aa02740a9242487b687a9e5,1,10
Sunglasses prada,331.45,Prada,0,https://www.vinted.it/items/8271607145-sunglasses-prada?referrer=catalog,0,8271607145,Sold,01/03/2026 11:08:30,,https://images1.vinted.net/t/06_02122_rcjjvVpyxcSha8HS6XFh8azP/310x430/1772192762.webp?s=f51c7823071b8f11a0b9bb125c75db285ffe1fa4,1,10
Foulard Prada,210.7,Prada,0,https://www.vinted.it/items/8272071552-foulard-prada?referrer=catalog,2,8272071552,Sold,01/03/2026 11:08:30,,https://images1.vinted.net/t/06_0133b_52wHE4Sh22VhKfnY7gv6rosq/310x430/1772196481.webp?s=a66060785eb8af3cfd69ef4d2a4ea30f0b6908bd,1,10
Sling back Prada,620.2,Prada,37.5,https://www.vinted.it/items/8272004853-sling-back-prada?referrer=catalog,17,8272004853,Sold,01/03/2026 11:08:30,,https://images1.vinted.net/t/05_012dc_GWxBcfoHPzkGwrmXnWLHwY9h/310x430/1772195975.webp?s=8d2c5b390b523f38b4c926a4c6139ede973b394d,1,10
Scatola Prada,5.43,Prada,0,https://www.vinted.it/items/8271992512-scatola-prada?referrer=catalog,0,8271992512,Sold,01/03/2026 11:08:30,,https://images1.vinted.net/t/05_00a23_Rysk2WLxyLfFFyuxTUEEH1Qj/310x430/1772195879.webp?s=63a00f7f3e70c8027e9f024fabd9127ef3d0a41b,1,10
Borsello Prada,788.2,Prada,0,https://www.vinted.it/items/8271958810-borsello-prada?referrer=catalog,3,8271958810,Sold,01/03/2026 11:08:30,,https://images1.vinted.net/t/05_006f2_nvky3hVwV4skkUvYep1XyG9s/310x430/1772195614.webp?s=ce19a8792e717a5aa11f2d66c1acf9d128ed31fc,1,10
Vintage Prada sunglasses,147.7,Prada,0,https://www.vinted.it/items/8271948677-vintage-prada-sunglasses?referrer=catalog,13,8271948677,Sold,01/03/2026 11:08:30,,https://images1.vinted.net/t/06_00c9a_H6wt9Z25x8sba9K81dusAVsd/310x430/1772195533.webp?s=97a868b9a0cf960101223fb0e91c1c41dd979554,1,10
Occhiali Prada maculati,205.45,Prada,0,https://www.vinted.it/items/8271919537-occhiali-prada-maculati?referrer=catalog,3,8271919537,Sold,01/03/2026 11:08:30,,https://images1.vinted.net/t/06_011f2_pw4y9gsfUithruf3UxUyiGGs/310x430/1772195298.webp?s=33ba67017050839c593c71c9f69941eaf6f24b61,1,10
Prada Paradoxe Radical Essence,53.2,Prada,0,https://www.vinted.it/items/8271937290-prada-paradoxe-radical-essence?referrer=catalog,3,8271937290,Sold,01/03/2026 11:08:30,,https://images1.vinted.net/t/06_01c5b_vd6k3edVXFxAbfxvreFhuisS/310x430/1772195442.webp?s=826037457971ab67402053820cafc2a34f2913e9,1,10
Perfume Prada Paradoxe Intense,53.2,Prada,0,https://www.vinted.it/items/8271909000-perfume-prada-paradoxe-intense?referrer=catalog,23,8271909000,Sold,01/03/2026 11:08:30,,https://images1.vinted.net/t/06_02592_bHWyWV2i7BYaMai9LaXsuGAP/310x430/1772195211.webp?s=ba4b72bab8e5a58e1b5d233fe10032a686c666b9,1,10
Parfum PRADA - Paradoxe,89.95,Prada,0,https://www.vinted.it/items/8271928617-parfum-prada-paradoxe?referrer=catalog,0,8271928617,Sold,01/03/2026 11:08:30,,https://images1.vinted.net/t/05_00e3e_HpnnWw8BkSSH7ikKytNRXzMy/310x430/1772195373.webp?s=b28c14c1dc0ce3cedf451ce98a821e2a51792505,1,10
Sneakers Prada nuove,158.2,Prada,40,https://www.vinted.it/items/8271901108-sneakers-prada-nuove?referrer=catalog,3,8271901108,Sold,01/03/2026 11:08:31,,https://images1.vinted.net/t/06_002de_spfr7YcXQsudFmSG6i5bxAfd/310x430/1772195146.webp?s=dc282b6635aac7c26fde513b66ea250619fdd654,1,10
Occhiali da sole Prada,116.2,Prada,0,https://www.vinted.it/items/8271717438-occhiali-da-sole-prada?referrer=catalog,1,8271717438,Sold,01/03/2026 11:08:31,,https://images1.vinted.net/t/06_00900_r1cZFa9Ge7rZeFXAsvkpbwLg/310x430/1772193630.webp?s=12435ee89f0b4e6063278bb0ae5b64c54b1c1fb6,1,10
Domenico Gnoli catalogo Prada,315.7,No brand,0,https://www.vinted.it/items/8271719071-domenico-gnoli-catalogo-prada?referrer=catalog,11,8271719071,Sold,01/03/2026 11:08:31,,https://images1.vinted.net/t/06_013b2_oYoSkXqCh56ZAks57zM1QJNh/310x430/1772193643.webp?s=0b517ea6e870787e8fed9ac6d6415dddb95d483b,1,10
Pochette Prada,18.55,Prada,0,https://www.vinted.it/items/8271700038-pochette-prada?referrer=catalog,22,8271700038,Sold,01/03/2026 11:08:31,,https://images1.vinted.net/t/05_01880_6burh724zUy1Z8u7BLcEwX2X/310x430/1772193488.webp?s=2b00d84c65ab50c370b69711d005c4a3cc7d8ddc,1,10
Sac à main neuf en cuir bleu Prada,1.2607,Prada,0,https://www.vinted.it/items/8271869966-sac-a-main-neuf-en-cuir-bleu-prada?referrer=catalog,1,8271869966,Sold,01/03/2026 11:08:31,,https://images1.vinted.net/t/05_004e2_RXPdxK2vRtRvFR2TUTRGJW9L/310x430/1772194886.webp?s=43d37346e678ac0cc50728d8f62d67373b0d773c,1,10
Album fotos Agatha Ruiz de la Prada,3.85,Agatha,0,https://www.vinted.it/items/8271754959-album-fotos-agatha-ruiz-de-la-prada?referrer=catalog,2,8271754959,Sold,01/03/2026 11:08:31,,https://images1.vinted.net/t/01_00c27_aQnf8tbBd2m2y5rLWzg5JBCr/310x430/1772193936.webp?s=07353956e2b8d7a3ae05207dc257083eb2b43e83,1,10
NUOVA galleria Prada in struzzo,2.3107,Prada,0,https://www.vinted.it/items/8271858139-nuova-galleria-prada-in-struzzo?referrer=catalog,17,8271858139,Sold,01/03/2026 11:08:31,,https://images1.vinted.net/t/05_0084f_A8ZnkqXTxzPxndszSDHofJhT/310x430/1772194787.webp?s=b797c9c9c1d3b9f9f8a3c77311d0661cc2078de4,1,10
Prada - Eau de toilette flacon de collection  miniature rare 7,18.55,RARE,0,https://www.vinted.it/items/8271799749-prada-eau-de-toilette-flacon-de-collection-miniature-rare-75-ml?referrer=catalog,0,8271799749,Sold,01/03/2026 11:08:31,,https://images1.vinted.net/t/06_01735_4j6d4ewXsy2gHW7VMDsCCump/310x430/1772195726.webp?s=48ac951a4fae60c3d4e0ccfb864d2b89f8c172ee,1,10
Prada Paradoxe Intense 90ml,47.95,Prada,0,https://www.vinted.it/items/8271791818-prada-paradoxe-intense-90ml?referrer=catalog,9,8271791818,Sold,01/03/2026 11:08:31,,https://images1.vinted.net/t/05_002e3_vYFXirraKp7GEeqDGt6snx9m/310x430/1772194237.webp?s=83ee6a161bbc5a2a31cb105c7e6b472873a4ab45,1,10
Paradigme 100 ml,65.8,Prada,0,https://www.vinted.it/items/8271784676-paradigme-100-ml?referrer=catalog,1,8271784676,Sold,01/03/2026 11:08:31,,https://images1.vinted.net/t/04_01a31_N3km5G9JT6BahuFuAaYMUrH5/310x430/1772194178.webp?s=fe66608ddaee7050f2c04ae541d7207e7c5f8d7d,1,10
Prada Linea Rossa sunglasses,100.45,Prada,0,https://www.vinted.it/items/8271747298-prada-linea-rossa-sunglasses?referrer=catalog,0,8271747298,Sold,01/03/2026 11:08:31,,https://images1.vinted.net/t/04_0246c_faqZDPc1NHkaXQXCJHEZ4J5X/310x430/1772193874.webp?s=b9069b2c6a9aa5e9394d917d5454dd3557d31023,1,10
Prada america’s cup,210.7,Prada,43,https://www.vinted.it/items/8271762011-prada-americas-cup?referrer=catalog,14,8271762011,Sold,01/03/2026 11:08:31,,https://images1.vinted.net/t/06_00497_jG7tidpmBQDqiWu4pMvcBBe7/310x430/1772193993.webp?s=c8d696f21ea8523ca5fa184b378e4be5f7276fa3,1,10
Lunettes de soleil Prada,194.95,Prada,0,https://www.vinted.it/items/8271824820-lunettes-de-soleil-prada?referrer=catalog,9,8271824820,Sold,01/03/2026 11:08:31,,https://images1.vinted.net/t/05_025e3_fBH5RsuruU6Cna4CfPy66GNj/310x430/1772194509.webp?s=25bb1df865ff18ddec38c8b3738a2a1f45d5ef8d,1,10
Pantaloncino costume da bagno PRADA uomo taglia 52.,473.2,Prada,XL,https://www.vinted.it/items/8271673185-pantaloncino-costume-da-bagno-prada-uomo-taglia-52?referrer=catalog,0,8271673185,Sold,01/03/2026 11:08:31,,https://images1.vinted.net/t/05_01d3d_gwLmBFSCRfvwWJF3uj3kjpiG/310x430/1772193275.webp?s=11a51b17a63943e81abbd10fef8a297636447112,1,10
Lancome,5.95,Prada,0,https://www.vinted.it/items/8271833400-lancome-prada?referrer=catalog,1,8271833400,Sold,01/03/2026 11:08:31,,https://images1.vinted.net/t/01_0168c_ksNbA6JmqAmxT64gbFRCNM2J/310x430/1772194581.webp?s=f0f93b384d8621098007edd2c92c218a4e3ea026,1,10
Occhiali da sole Prada,116.2,Prada,0,https://www.vinted.it/items/8271734278-occhiali-da-sole-prada?referrer=catalog,0,8271734278,Sold,01/03/2026 11:08:31,,https://images1.vinted.net/t/05_0021a_H5pHwJAyLwPFFbY2cfoV4BKu/310x430/1772193768.webp?s=ccd6460dd9287f659b0f8f39216c4e5e1452c2da,1,10
Prada tas,310.45,Prada,0,https://www.vinted.it/items/8271414078-prada-tas?referrer=catalog,1,8271414078,Sold,01/03/2026 11:08:31,,https://images1.vinted.net/t/03_02163_arsdwDLkbfCLyzEwkEui6MYc/310x430/1772191256.webp?s=030f45b9e61b31c6fd051159670d4a60e0f6e744,1,10
parfum prada femme,79.45,Prada,0,https://www.vinted.it/items/8271724039-parfum-prada-femme?referrer=catalog,1,8271724039,Sold,01/03/2026 11:08:31,,https://images1.vinted.net/t/05_01d59_6pUBiCKXj4y4cn5VQkr1ReNs/310x430/1772193683.webp?s=350f61b47aa9348fa873e7dc291cd19c0db3dc3a,1,10
Album de Agatha Ruiz de la Prada,3.85,Agatha,0,https://www.vinted.it/items/8271769849-album-de-agatha-ruiz-de-la-prada?referrer=catalog,2,8271769849,Sold,01/03/2026 11:08:31,,https://images1.vinted.net/t/06_00949_ZaGdCEntuEg3mBz7tgfiCPTD/310x430/1772194056.webp?s=a90b3d1e511d82d8190d532c810a7470d7a89aae,1,10
Prada Tote Bag Tasche Vitello Daino Soft Handtasche Ledertasche Henkel Tragetasche Puder Nude Rosa,935.2,Prada,0,https://www.vinted.it/items/8271726403-prada-tote-bag-tasche-vitello-daino-soft-handtasche-ledertasche-henkel-tragetasche-puder-nude-rosa?referrer=catalog,1,8271726403,Sold,01/03/2026 11:08:31,,https://images1.vinted.net/t/05_00576_k3xqp1GLMXaDwkwmA3g6YnD1/310x430/1772193702.webp?s=7d9365e5825165d22315413ac302971892ae75c8,1,10
Porta tessere Prada,231.7,Prada,0,https://www.vinted.it/items/8271712980-porta-tessere-prada?referrer=catalog,2,8271712980,Sold,01/03/2026 11:08:31,,https://images1.vinted.net/t/01_01f1c_qN85bXsutDyV5HLQFDYVwogZ/310x430/1772193594.webp?s=245198fa2c6cb92f7a7367e4f6ef506d239c7696,1,10
Borsa Prada saggiano,1.5757,Prada,0,https://www.vinted.it/items/8271748306-borsa-prada-saggiano?referrer=catalog,1,8271748306,Sold,01/03/2026 11:08:31,,https://images1.vinted.net/t/06_0155d_s9wwDdMEZzza1pSVojXgzpTu/310x430/1772193883.webp?s=3b0059d236fbaa9049d22157d223a8a89ca52def,1,10
Prada Hose,998.2,Prada,XS / IT 38 / EU 34,https://www.vinted.it/items/8271702837-prada-hose?referrer=catalog,0,8271702837,Sold,01/03/2026 11:08:31,,https://images1.vinted.net/t/05_002ee_riH3U1d2bjpUT9iuEyPPvxk6/310x430/1772193511.webp?s=1241df2552cc68702623360b1d84d569d3247701,1,10
Portefeuille Prada zippé en cuir Saffiano,630.7,Prada,0,https://www.vinted.it/items/8271677725-portefeuille-prada-zippe-en-cuir-saffiano?referrer=catalog,1,8271677725,Sold,01/03/2026 11:08:31,,https://images1.vinted.net/t/05_00406_t7pH2xy9BPTyswSoTynXYSJi/310x430/1772193311.webp?s=c6acb36abc81ab6014dbc5a4ee79a494f1323806,1,10
Prada Cups,315.7,Prada,41,https://www.vinted.it/items/8271696465-prada-cups?referrer=catalog,1,8271696465,Sold,01/03/2026 11:08:31,,https://images1.vinted.net/t/06_0038c_ncQP71kXT5yMcQ5ugd9r41CB/310x430/1772193459.webp?s=148c4897854d51a305f8726dde500e2a29099f76,1,10
Prada camdy,50.05,Prada,0,https://www.vinted.it/items/8271630622-prada-camdy?referrer=catalog,0,8271630622,Sold,01/03/2026 11:08:31,,https://images1.vinted.net/t/05_00196_no13d3n6P8tRJpLXnRVRuRnW/310x430/1772192945.webp?s=ddf61c8f0718e08cd6aaad23da5f78c5631aa455,1,10
Gafas Prada,72.1,Prada,0,https://www.vinted.it/items/8271678750-gafas-prada?referrer=catalog,0,8271678750,Sold,01/03/2026 11:08:31,,https://images1.vinted.net/t/06_007ce_EMtiVQM2s6YNquJ4sHr4NYYr/310x430/1772193319.webp?s=b5cb6e680e018e060d32e38039f99ac9aba61864,1,10
Prada cup,147.7,Prada,44,https://www.vinted.it/items/8271631490-prada-cup?referrer=catalog,14,8271631490,Sold,01/03/2026 11:08:31,,https://images1.vinted.net/t/06_00314_cJ6L4VvdKSLC71MncPgK72Qn/310x430/1772192951.webp?s=ae553d4b8235b848d239427191bda59e455bf9f9,1,10
Prada america’s cup black,525.69,Prada,38,https://www.vinted.it/items/8271499821-prada-americas-cup-black?referrer=catalog,1,8271499821,Sold,01/03/2026 11:08:31,,https://images1.vinted.net/t/05_02184_5XBLE14LPyqLysB5WxFdejxm/310x430/1772192943.webp?s=8209bd3ee959c44a5a1295b3735723073e7393c2,1,10
Boîte à lunette Prada,21.7,Prada,0,https://www.vinted.it/items/8273253337-boite-a-lunette-prada?referrer=catalog,0,8273253337,Sold,01/03/2026 11:08:03,,https://images1.vinted.net/t/03_010c7_qzsenEE8BNQACkj6sMUZ8vKH/310x430/1772204782.webp?s=cca1872a4331b1f23da7391d12bd8aaf922bab12,1,9
Maglione Prada black,315.7,Prada,S,https://www.vinted.it/items/8273249463-maglione-prada-black?referrer=catalog,7,8273249463,Sold,01/03/2026 11:08:03,,https://images1.vinted.net/t/01_001bd_Q6eCJBP1MQFFqRJoW2pKEWJR/310x430/1772204756.webp?s=56081c6fdb6091718fad81528ababa2d79d688d7,1,9
Profumo donna Prada,100.45,Prada,0,https://www.vinted.it/items/8273247063-profumo-donna-prada?referrer=catalog,0,8273247063,Sold,01/03/2026 11:08:03,,https://images1.vinted.net/t/06_01b12_dHGzPzwGqheC4bYzva2wpTaD/310x430/1772204740.webp?s=4b5823b75789cffcd8a8a79f2eb33c1ce1cdce2f,1,9
Prada Bucket Hat – Bob en cuir nappa noir - Neuf,368.2,Prada,59,https://www.vinted.it/items/8273239706-prada-bucket-hat-bob-en-cuir-nappa-noir-neuf?referrer=catalog,6,8273239706,Sold,01/03/2026 11:08:03,,https://images1.vinted.net/t/05_00a29_HUpQ7WDQoZpeJBvJ88U1dXd6/310x430/1772204688.webp?s=fa3808c98037da13c8c47a4879a1330437fd09ba,1,9
Infusion de Santal Chai Prada 100 ml edP,84.7,Prada,0,https://www.vinted.it/items/8273221688-infusion-de-santal-chai-prada-100-ml-edp?referrer=catalog,10,8273221688,Sold,01/03/2026 11:08:03,,https://images1.vinted.net/t/06_00810_fr6f4aWhFXBej7ShYRj7R8wQ/310x430/1772204562.webp?s=b5cd2aed18e6b5a255fb8ea88c9a8d92331910dc,1,9
Profumo Prada,105.7,Prada,0,https://www.vinted.it/items/8273218350-profumo-prada?referrer=catalog,0,8273218350,Sold,01/03/2026 11:08:03,,https://images1.vinted.net/t/05_001ca_PsJyXnSdXLLtPvbvTNNmakyK/310x430/1772204539.webp?s=bfcab76ba5d56db60e8b0c9d2340c960753c31a8,1,9
Iconic Prada Satin Bustier,210.7,Prada,S / IT 40 / EU 36,https://www.vinted.it/items/8273202106-iconic-prada-satin-bustier-never-worn?referrer=catalog,6,8273202106,Sold,01/03/2026 11:08:03,,https://images1.vinted.net/t/04_01699_B6XsyHZcEbkGRq4w2RNCscQX/310x430/1772204423.webp?s=98c7cf72e1ed7cf06e3c0143cbe8a8644e285ae3,1,9
Quaderno con matita Prada,105.7,Prada,0,https://www.vinted.it/items/8244583041-quaderno-con-matita-prada?referrer=catalog,0,8244583041,Sold,01/03/2026 11:08:03,,https://images1.vinted.net/t/06_0076d_rcEDnYaaBwaT1WwWaSfJuamY/310x430/1771858504.webp?s=28c19e6991c42c89063c9086a449d4c930ed6cce,1,9
Gorro mimoso,7.53,Agatha Ruiz de la Prada,M,https://www.vinted.it/items/8273191387-gorro-mimoso?referrer=catalog,3,8273191387,Sold,01/03/2026 11:08:03,,https://images1.vinted.net/t/05_01390_RWhqeqis1iGqR3zpW4rTT86p/310x430/1772204350.webp?s=96670d12186c02985c5d923843397a5e4f5bbce7,1,9
Prada - Reflection Glossy Lip Balm,37.45,Prada,0,https://www.vinted.it/items/8273191575-prada-reflection-glossy-lip-balm?referrer=catalog,2,8273191575,Sold,01/03/2026 11:08:03,,https://images1.vinted.net/t/06_026c1_ivtH1ithbfJbw9BJcz7bHEQg/310x430/1772204351.webp?s=409fdd25e4a4f0724af84bdbc895e3cb35ba9fb4,1,9
Profumo uomo Prada 100 ml,53.2,Prada,0,https://www.vinted.it/items/8273191310-profumo-uomo-prada-100-ml?referrer=catalog,2,8273191310,Sold,01/03/2026 11:08:03,,https://images1.vinted.net/t/05_0013d_g3hHgLTFYJsugJUWU2TBijf1/310x430/1772204349.webp?s=e66f0b3252903e69ecd1af41bed46b491db4aa75,1,9
Vestitino con coulotte,16.45,Agatha Ruiz de la Prada,9-12 mesi / 74 cm,https://www.vinted.it/items/8273190072-vestitino-con-coulotte?referrer=catalog,2,8273190072,Sold,01/03/2026 11:08:03,,https://images1.vinted.net/t/05_01cca_BDNZdtRPUxasRWoBpvv7BHb9/310x430/1772204341.webp?s=cec906354f38259fe9a120eaba9a9218486ebb45,1,9
Prada Sunglasses,221.2,Prada,0,https://www.vinted.it/items/8273165141-prada-sunglasses?referrer=catalog,1,8273165141,Sold,01/03/2026 11:08:03,,https://images1.vinted.net/t/01_024be_JNbPZTHtG3qdnRESWceREfc8/310x430/1772204172.webp?s=6919775cac945d3c006e0bd7637ae121a594f471,1,9
Sacchetto Prada,26.95,Prada,0,https://www.vinted.it/items/8246609984-sacchetto-prada?referrer=catalog,60,8246609984,Sold,01/03/2026 11:08:03,,https://images1.vinted.net/t/01_02626_AcZfjuT3vehRyDCBGEz1mKkZ/310x430/1771871583.webp?s=8859a9495db784ce4d08e0b7697246b7444bb1ea,1,9
Parfum Prada,63.7,Prada,0,https://www.vinted.it/items/8273085587-parfum-prada?referrer=catalog,6,8273085587,Sold,01/03/2026 11:08:03,,https://images1.vinted.net/t/06_0130a_eY3FmbMNZ7bhUNiRjHYrxFj3/310x430/1772203627.webp?s=c3e599fd5c250b691598d0f74b8dca154f8b1510,1,9
Perfume Prada,53.2,Prada,0,https://www.vinted.it/items/8273079419-perfume-prada?referrer=catalog,0,8273079419,Sold,01/03/2026 11:08:03,,https://images1.vinted.net/t/05_00464_ZZ4Vph1oJVZ4zCqYz2FMaZfw/310x430/1772203584.webp?s=dbe135d46addab2a25ae155b6608f2dd46d0fcfc,1,9
Gafas de sol Prada,315.7,Prada,0,https://www.vinted.it/items/8273068156-gafas-de-sol-prada?referrer=catalog,0,8273068156,Sold,01/03/2026 11:08:03,,https://images1.vinted.net/t/06_00255_1yvn4qsttCCkeAsST8gX4ATZ/310x430/1772203507.webp?s=1f839a276892163078e779e8b947f84c35fc1bf0,1,9
Prada Sneaker – Schwarz – Größe 44 – Original,58.45,Prada,44,https://www.vinted.it/items/8273063846-prada-sneaker-schwarz-grosse-44-original?referrer=catalog,7,8273063846,Sold,01/03/2026 11:08:03,,https://images1.vinted.net/t/01_016b5_AHZKAjHqHhB9ZTTMRD8DnTHr/310x430/1772203478.webp?s=332ab2726da1b9f65f7b7f3ce35bb4ba9ac8a164,1,9
Mocassins marine prada homme,368.2,Prada,43,https://www.vinted.it/items/8273054381-mocassins-marine-prada-homme?referrer=catalog,3,8273054381,Sold,01/03/2026 11:08:03,,https://images1.vinted.net/t/06_00031_s229i98pNcUHk7EGVbZSezm9/310x430/1772203414.webp?s=b800d51b754a0546649b3f48533e78d60c4d83f7,1,9
Prada cup maat 44,105.7,Prata,44,https://www.vinted.it/items/8273026860-prada-cup-maat-44?referrer=catalog,19,8273026860,Sold,01/03/2026 11:08:03,,https://images1.vinted.net/t/05_0165b_W2LGEeuL7Rkip7fLTDGtkVF2/310x430/1772203225.webp?s=82b537cb1da7e5a1bc7824174255d36a5b0347c1,1,9
Prada cups maat 44,105.7,Prata,44,https://www.vinted.it/items/8273007576-prada-cups-maat-44?referrer=catalog,13,8273007576,Sold,01/03/2026 11:08:03,,https://images1.vinted.net/t/06_0046d_VtQoXFg4oCDwQDhjtVLxVk2y/310x430/1772203094.webp?s=4fc124f15986be3a2374f3a045c4d5395fd235ef,1,9
Pochette prada,5.95,Prada,0,https://www.vinted.it/items/8272979032-pochette-prada?referrer=catalog,2,8272979032,Sold,01/03/2026 11:08:03,,https://images1.vinted.net/t/01_0261f_uhqf3g7VmWTkJPfbhZoevxw5/310x430/1772202899.webp?s=5521ad5413c015b0d8f1b383581f190de37aafa5,1,9
Elastico bianco Prada linea profumo Paradoxe,10.68,Prada,0,https://www.vinted.it/items/8272977522-elastico-bianco-prada-linea-profumo-paradoxe?referrer=catalog,3,8272977522,Sold,01/03/2026 11:08:03,,https://images1.vinted.net/t/03_009c3_ZKcu2GaLZ7gfyhMR6qn21BgB/310x430/1772202888.webp?s=ef03ab37c4f0049a6be22cf11d5ee7faa6e54df4,1,9
Pochette prada,5.95,Prada,0,https://www.vinted.it/items/8272969031-pochette-prada?referrer=catalog,1,8272969031,Sold,01/03/2026 11:08:03,,https://images1.vinted.net/t/04_01c53_9Z1tcHkBuki5USnFwe1hkohx/310x430/1772202830.webp?s=95356a9f3e6b455cc9896963c8be963f9308de6e,1,9
Prada candy,68.95,Prada,0,https://www.vinted.it/items/8272206555-prada-candy?referrer=catalog,1,8272206555,Sold,01/03/2026 11:08:03,,https://images1.vinted.net/t/05_01d3e_RdSscR1RQmwhyiSYALneLLx3/310x430/1772197469.webp?s=f83ad434fc9f718225363459ef26be28c8ac2a2b,1,9
Prada Slingback,473.2,Prada,37,https://www.vinted.it/items/8272205776-prada-slingback?referrer=catalog,64,8272205776,Sold,01/03/2026 11:08:03,,https://images1.vinted.net/t/03_01b75_9kRtwTs3SwmgaFeHKhvoBtZr/310x430/1772197464.webp?s=5848a2666aa81770b4a785230a3299121a45d159,1,9
Lunette de soleil PRADA,263.2,Prada,0,https://www.vinted.it/items/8272205870-lunette-de-soleil-prada?referrer=catalog,4,8272205870,Sold,01/03/2026 11:08:03,,https://images1.vinted.net/t/01_01d78_p1CPyw1ycE54W4pTqSA7GAMu/310x430/1772197464.webp?s=e434b2d8adcbb284f8e4e8056162dad2c7289585,1,9
Prada sandals,126.7,Prada,43,https://www.vinted.it/items/8284735018-prada-sandals?referrer=catalog,32,8284735018,Sold,01/03/2026 11:05:01,,https://images1.vinted.net/t/05_0166f_5TsBWsSsP25Tr3qPPHMGXihY/310x430/1772325066.webp?s=15c71da7d36e817fbe1e938bb3fcd371f6259ddc,1,2
Prada cup,89.95,Prada,44,https://www.vinted.it/items/8284726438-prada-cup?referrer=catalog,8,8284726438,Sold,01/03/2026 11:05:01,,https://images1.vinted.net/t/06_015a5_jCwFmN7dhvKaX1G1TGyUQHd3/310x430/1772324565.webp?s=c257a1f566ec11a84c670bd4eb7a51849ae7ae74,1,2
Prada Umhängetasche,58.35,Prada,0,https://www.vinted.it/items/8282795866-prada-umhangetasche?referrer=catalog,4,8282795866,Sold,01/03/2026 11:05:01,,https://images1.vinted.net/t/03_00c90_4yWSqjLXWeAZV2ybsVtyQcD5/310x430/1772301205.webp?s=3f3ea1536334735b159caedd11ba1caa844e8246,1,2
Chaussure prada cups,126.7,Prada,44,https://www.vinted.it/items/8284679709-chaussure-prada-cups?referrer=catalog,12,8284679709,Sold,01/03/2026 11:05:01,,https://images1.vinted.net/t/06_00979_h2pH9R4itaYkcyJf7z1QkQZv/310x430/1772322380.webp?s=0d9964012761dd7e5bfa723ec326a0f633eb36f2,1,2
Casquette prada,368.2,Prada,L,https://www.vinted.it/items/8284670228-casquette-prada?referrer=catalog,14,8284670228,Sold,01/03/2026 11:05:01,,https://images1.vinted.net/t/04_01fa9_DZdq42aLi1LVki942hJbumAe/310x430/1772322026.webp?s=10b122e46150396e014efde00c88b9e6bacbba91,1,2
Prada Schnürschuhe,504.7,Prada,36,https://www.vinted.it/items/8284669272-prada-schnurschuhe?referrer=catalog,0,8284669272,Sold,01/03/2026 11:05:01,,https://images1.vinted.net/t/06_02564_hiUEhw4wEgiHTPFbEC31YDzQ/310x430/1772321991.webp?s=b0c3ed9146dc557a14cee1457c23ccf3a678f8be,1,2
Prada paradoxe miniatura donna,9.1,Prada,0,https://www.vinted.it/items/8284669327-prada-paradoxe-miniatura-donna?referrer=catalog,4,8284669327,Sold,01/03/2026 11:05:01,,https://images1.vinted.net/t/01_013e1_Rx4u2AzhZHS6hjtk6K2Wmoki/310x430/1772321993.webp?s=a63b8b2527314a3afe81a354ade88966f7afc1fb,1,2
Chaqueton Prada Mujer,61.6,Prada,L / IT 44 / EU 40,https://www.vinted.it/items/8284661543-chaqueton-prada-mujer?referrer=catalog,36,8284661543,Sold,01/03/2026 11:05:01,,https://images1.vinted.net/t/04_01f32_uUziEm6adfPwpjJQLRH5d8Ms/310x430/1772321989.webp?s=e673dc4d78fca7adcb90c7002e3e808647c4948f,1,2
Prada Candy Florale 😍,15.39,Prada,0,https://www.vinted.it/items/8284664066-prada-candy-florale?referrer=catalog,0,8284664066,Sold,01/03/2026 11:05:01,,https://images1.vinted.net/t/05_0270a_nsSLZya6EY3daR5JXWn2BLhp/310x430/1772321813.webp?s=33f43e00ada91bc0d5cbbb8bee7fdedeecdeb6b1,1,2
Baskets neuves taille 44,95.2,Prada,44,https://www.vinted.it/items/8284649553-baskets-neuves-taille-44?referrer=catalog,3,8284649553,Sold,01/03/2026 11:05:01,,https://images1.vinted.net/t/05_003cf_HNuWLPykzn3byesAHjvACivz/310x430/1772321323.webp?s=41dcc9659f4a7b4985941bd612caa6116e8902cd,1,2
Prada infusion d’ Iris,129.85,Prada,0,https://www.vinted.it/items/8284649409-prada-infusion-d-iris?referrer=catalog,0,8284649409,Sold,01/03/2026 11:05:01,,https://images1.vinted.net/t/04_01fa2_DBoYDKQbK5375srfsbYitHpY/310x430/1772321319.webp?s=97d5400d1e266272c31623f0f5d4d093af1afa74,1,2
Prada banana balm,63.7,Prada,0,https://www.vinted.it/items/8284643966-prada-banana-balm?referrer=catalog,1,8284643966,Sold,01/03/2026 11:05:01,,https://images1.vinted.net/t/03_0000b_T8S4zCW6wkBpVVfPyMAKmxT8/310x430/1772321147.webp?s=f8657abd811e2c156abec53f0db7161336f86ba8,1,2
Portachiavi Prada,58.45,Prada,0,https://www.vinted.it/items/8286081414-portachiavi-prada?referrer=catalog,0,8286081414,Sold,01/03/2026 11:04:36,,https://images1.vinted.net/t/05_016fc_YQ5jrWmdA84HLoDJgz1B7T7X/310x430/1772359087.webp?s=154157d91a7b19269033986d4d59df1d0690e2f3,1,1
Occhiali Vanity - design ispirato archive Prada 2016,21.7,Vanity,0,https://www.vinted.it/items/8286071840-occhiali-vanity-design-ispirato-archive-prada-2016?referrer=catalog,0,8286071840,Sold,01/03/2026 11:04:36,,https://images1.vinted.net/t/05_01676_2iJY4WnZKm5QMNfQZ3DmwcPk/310x430/1772359035.webp?s=5de3924c516cbc525d08fe1000e09c02667cf04a,1,1
Lunette Prada,53.2,Prada,0,https://www.vinted.it/items/8286049624-lunette-prada?referrer=catalog,0,8286049624,Sold,01/03/2026 11:04:36,,https://images1.vinted.net/t/02_01801_9ES16VFqDqxxbEpKJsK6VZeY/310x430/1772358915.webp?s=6ddd5bbd8bc94dbf652ef9b0d8172cc50341f9b2,1,1
PRADA Goggle glasses,179.2,Prada,0,https://www.vinted.it/items/8286013182-prada-goggle-glasses?referrer=catalog,0,8286013182,Sold,01/03/2026 11:04:36,,https://images1.vinted.net/t/01_003f8_5TqJhKCQiFMnu2BPXWMSBuZu/310x430/1772358716.webp?s=27d7b645e58688dcaccfdebdc0a1d9b3988bf74b,1,1
Prada broek,53.2,Prada,XXL / IT 48 / EU 44,https://www.vinted.it/items/8285997254-prada-broek?referrer=catalog,0,8285997254,Sold,01/03/2026 11:04:36,,https://images1.vinted.net/t/05_00e22_nrWHCni1AcWRpjoQqZQmnCBE/310x430/1772358628.webp?s=2e3792248c0833f127c67c16503ea476022951ca,1,1
Prada SPR 080,100.45,Prada,0,https://www.vinted.it/items/8285992778-prada-spr-080?referrer=catalog,0,8285992778,Sold,01/03/2026 11:04:36,,https://images1.vinted.net/t/05_007f8_zqzsUj14MDt35wDX1setvFU6/310x430/1772358604.webp?s=bf0bb539412f221c3864fe87212e62be567cc6b9,1,1
Prada Paradoxe Virtual Flower 50ml,37.45,Prada,0,https://www.vinted.it/items/8256576988-prada-paradoxe-virtual-flower-50ml?referrer=catalog,1,8256576988,Sold,01/03/2026 11:04:36,,https://images1.vinted.net/t/05_014a7_4NoANA6hhksaTbRtt9ujtcoA/310x430/1772012509.webp?s=2669f26024768772009ebcf3e521763ce7849152,1,1
Giubbotto in pelle PRADA,1.989,Prada,S,https://www.vinted.it/items/8285976890-giubbotto-in-pelle-prada?referrer=catalog,1,8285976890,Sold,01/03/2026 11:04:36,,https://images1.vinted.net/t/05_02300_VcZVzM66yPi3ADmBvWz6GzN7/310x430/1772358515.webp?s=f1ed8ad8968cd96f7bc010b4a84d962a525e0620,1,1
Pantalone donna Prada,53.2,Prada,M / IT 42 / EU 38,https://www.vinted.it/items/8285976320-pantalone-donna-prada?referrer=catalog,0,8285976320,Sold,01/03/2026 11:04:36,,https://images1.vinted.net/t/03_01867_nHnp1A3zG1pUuQbsmYjwXfVC/310x430/1772358512.webp?s=7b27a403b7631e1a8dcc276bcc4838f7e7bf79e3,1,1
Prada Cups,100.45,Prada,41,https://www.vinted.it/items/8285975377-prada-cups?referrer=catalog,0,8285975377,Sold,01/03/2026 11:04:36,,https://images1.vinted.net/t/01_01db3_gnzS2F8JPYLBvq22vTFnidAu/310x430/1772358507.webp?s=8c25d3659e39d3f793c72998eb758dd476bc3fe6,1,1
Parfum Prada infusion d’iris neuf 100ml,79.45,Prada,0,https://www.vinted.it/items/8285964091-parfum-prada-infusion-diris-neuf-100ml?referrer=catalog,0,8285964091,Sold,01/03/2026 11:04:36,,https://images1.vinted.net/t/06_009da_qVHMEKVZsWHeG4jB42mm5y2C/310x430/1772358443.webp?s=190b7262bdcf9d016b73973ecd8978b878e36996,1,1
Prada Paradoxe eau de parfum 50ml,74.2,Prada,0,https://www.vinted.it/items/8285882019-prada-paradoxe-eau-de-parfum-50ml?referrer=catalog,0,8285882019,Sold,01/03/2026 11:04:36,,https://images1.vinted.net/t/05_01578_NRqCAv6TenUmMBBXiLDBhNcG/310x430/1772357966.webp?s=a6b712fcf1aa0f2fc7beaf186b62496277a1ed08,1,1
Pantalon multicolor prada,210.7,Prada,5XL / IT 54 / EU 50,https://www.vinted.it/items/8285949718-pantalon-multicolor-prada?referrer=catalog,0,8285949718,Sold,01/03/2026 11:04:36,,https://images1.vinted.net/t/06_00a01_RXyW6RJJos8cPUPcLu5P3528/310x430/1772358361.webp?s=53b00a0a7cd82b455106377eeb7b22a646bfef5f,1,1
Prada Ocean Luna Rossa,58.45,Prada,0,https://www.vinted.it/items/8285930077-prada-ocean-luna-rossa?referrer=catalog,0,8285930077,Sold,01/03/2026 11:04:36,,https://images1.vinted.net/t/05_01b46_HCmVah2seqSk5RBK73yXq4jW/310x430/1772358249.webp?s=eb6eb98f8a4a64507dabf2fe3e8dcaa1df327d1d,1,1
Perfume Prada Paradoxe,68.95,Prada,0,https://www.vinted.it/items/8285929909-perfume-prada-paradoxe?referrer=catalog,0,8285929909,Sold,01/03/2026 11:04:36,,https://images1.vinted.net/t/05_01448_fF2zsr7snidiKpeqsEqYqCAV/310x430/1772358248.webp?s=5e526f25565c30e7ee874ae71583cb1f5729f1c0,1,1
Pantalone Prada techno stretch,53.2,Prada,S / IT 40 / EU 36,https://www.vinted.it/items/8285907791-pantalone-prada-techno-stretch?referrer=catalog,9,8285907791,Sold,01/03/2026 11:04:36,,https://images1.vinted.net/t/01_00ee5_Z1NtEPHRQmmTPr8qeXvZtGSX/310x430/1772358118.webp?s=5efa637fca36b4fe12a5e4c8e423cd6dce85cf56,1,1
Prada base floutante et fixatrice 30 mL,28.0,Prada,0,https://www.vinted.it/items/8285900047-prada-base-floutante-et-fixatrice-30-ml?referrer=catalog,0,8285900047,Sold,01/03/2026 11:04:36,,https://images1.vinted.net/t/01_023e4_c9PvwZZZB2yRdCkmqtoQfiVx/310x430/1772358072.webp?s=34212eb9dedba6c526a63c91cf547bf7962b851c,1,1
Prada Sunglasses,410.2,Prada,0,https://www.vinted.it/items/8285896790-prada-sunglasses?referrer=catalog,0,8285896790,Sold,01/03/2026 11:04:36,,https://images1.vinted.net/t/05_02512_SZBm4QeMA1E6cEGdka9gu68w/310x430/1772358053.webp?s=ef8584a608ec85e5b35eee7c1777fb130282c8f4,1,1
Prada Infusion d'œillet,184.45,Prada,0,https://www.vinted.it/items/8285888547-prada-infusion-doeillet?referrer=catalog,0,8285888547,Sold,01/03/2026 11:04:36,,https://images1.vinted.net/t/06_024a9_Rh4nEoBmYAb4Uv7GSfynmXQa/310x430/1772358005.webp?s=92f4de03c39122f25986d3aa8a78d58d89a7148c,1,1
Agatha Ruiz de la Prada billetero Rosa maquillaje / Agatha Ruiz de la Prada wallet pink nude,16.44,Agatha Ruiz de la Prada,0,https://www.vinted.it/items/8285845182-agatha-ruiz-de-la-prada-billetero-rosa-maquillaje-agatha-ruiz-de-la-prada-wallet-pink-nude?referrer=catalog,0,8285845182,Sold,01/03/2026 11:04:36,,https://images1.vinted.net/t/05_00d82_yzwbhVABP5p52wwYP5atFa7z/310x430/1772357747.webp?s=f0d52517036d16803c1877ea9807587c5d9ecc9d,1,1
Mini perfume 7 ML,12.15,Prada,0,https://www.vinted.it/items/8285856951-mini-perfume-7-ml?referrer=catalog,1,8285856951,Sold,01/03/2026 11:04:36,,https://images1.vinted.net/t/03_01efa_AB9WxZxWCyKjXy8ZKMDpsSZR/310x430/1772357817.webp?s=ecd4145d2a52e417f2f2db202ac05fb84ec5a186,1,1
Portafogli piccolo blu pelle saffiano Prada,314.65,Prada,0,https://www.vinted.it/items/8285820996-portafogli-piccolo-blu-pelle-saffiano-prada?referrer=catalog,1,8285820996,Sold,01/03/2026 11:04:36,,https://images1.vinted.net/t/06_025c7_BdbBiUeweutWLiALX3EQdNu7/310x430/1772357602.webp?s=496d858b7339145fde5a587f333c6fa79b434e23,1,1
Prada Paradoxe Intense Eau De Parfum 90ml,47.94,Prada,0,https://www.vinted.it/items/8285815796-prada-paradoxe-intense-eau-de-parfum-90ml?referrer=catalog,1,8285815796,Sold,01/03/2026 11:04:36,,https://images1.vinted.net/t/01_0054b_jRFHQBjiVo1iEpxsYxK1tmzM/310x430/1772357570.webp?s=a0e56b6a8a0d47c892c915f55b5f73c1bba3c776,1,1
Prada Comics print dress,612.0,Prada,L / IT 44 / EU 40,https://www.vinted.it/items/8285814534-prada-comics-print-dress?referrer=catalog,1,8285814534,Sold,01/03/2026 11:04:36,,https://images1.vinted.net/t/06_00b49_fLNW6TXvQxhAsaLESfSRSkD8/310x430/1772357562.webp?s=3063f21243c227a041cb8b4b8b9e929620246521,1,1
Prada Cups - Dunkelblau - 43,105.7,Prada,43,https://www.vinted.it/items/8285813576-prada-cups-dunkelblau-43?referrer=catalog,1,8285813576,Sold,01/03/2026 11:04:36,,https://images1.vinted.net/t/05_001c1_XX1eD7teRHhvTH2riMEUdxBh/310x430/1772357556.webp?s=1f8219a25393e183361879490352e5a61078a6b2,1,1
Lunette de soleil PRADA,74.2,Prada,0,https://www.vinted.it/items/8285802560-lunette-de-soleil-prada?referrer=catalog,1,8285802560,Sold,01/03/2026 11:04:36,,https://images1.vinted.net/t/06_004c2_5jWDjNDrZgME6tWkWPDRTQZU/310x430/1772357489.webp?s=8093f148e731386707637516f9815ce7f7812657,1,1
Prada,816.0,Prada,0,https://www.vinted.it/items/8285800517-prada?referrer=catalog,1,8285800517,Sold,01/03/2026 11:04:36,,https://images1.vinted.net/t/05_0267b_LRjFsWCHqWP4Wf1vQX3xf1eb/310x430/1772357477.webp?s=b0a89b26312f699a626ef73e502b4b54bc2b0c06,1,1
Parfum paradoxe,53.2,PRADA Paradoxe,0,https://www.vinted.it/items/8285786405-parfum-paradoxe?referrer=catalog,0,8285786405,Sold,01/03/2026 11:04:36,,https://images1.vinted.net/t/05_0241b_8ayMddhsCmBThB14w5PLBeTy/310x430/r3/1772357389.webp?s=45897e146fcb566f5b0d486c899a745f96e3e180,1,1
Sandales Prada,410.2,Prada,40,https://www.vinted.it/items/8285771994-sandales-prada?referrer=catalog,7,8285771994,Sold,01/03/2026 11:04:36,,https://images1.vinted.net/t/05_01909_RQSwpJuyFEnFDrvGfhNdzbNV/310x430/1772357300.webp?s=19b4d17909a4fc5408b451048c3c9107cdd434b2,1,1
Prada zonnebril nieuw,158.2,Prada,0,https://www.vinted.it/items/8285768237-prada-zonnebril-nieuw?referrer=catalog,0,8285768237,Sold,01/03/2026 11:04:36,,https://images1.vinted.net/t/05_00810_G8cB9AR4a7qJoPPMs9qejtbr/310x430/1772357277.webp?s=185fe33457751630329c788a7184d20f50477404,1,1
Lunettes de soleil PRADA,263.2,Prada,0,https://www.vinted.it/items/8272196601-lunettes-de-soleil-prada?referrer=catalog,0,8272196601,Sold,01/03/2026 12:20:24,,https://images1.vinted.net/t/01_014d4_NHY8mTnraJ37qhwvA9jVwMML/310x430/1772197397.webp?s=9c56211d1d2002716c1600c468dc0017c8304d18,2,10
Je vend ma doudoune prada,74.2,Prada,M / IT 42 / EU 38,https://www.vinted.it/items/8272175440-je-vend-ma-doudoune-prada?referrer=catalog,2,8272175440,Sold,01/03/2026 12:20:24,,https://images1.vinted.net/t/05_007c8_CEcFhsKfiqAXHP7fXyDMB4uB/310x430/1772197243.webp?s=7533c8a35f91c4b2d753fdb2975d7d651a4a81d7,2,10
Prada Re-Edition / Nylon Authentic,805.8,Prada,0,https://www.vinted.it/items/8274419082-prada-re-edition-nylon-authentic-new?referrer=catalog,1,8274419082,Sold,01/03/2026 12:19:58,,https://images1.vinted.net/t/04_00130_UPXY8fqzeV1BAu7bXU9K3Aa1/310x430/1772213015.webp?s=5b9d1c95abaf2ed09a972cf694c3148cda62afd0,2,9
Eau de parfum Prada Paradigme,84.7,Prada,0,https://www.vinted.it/items/8275024979-eau-de-parfum-prada-paradigme?referrer=catalog,0,8275024979,Sold,01/03/2026 12:19:32,,https://images1.vinted.net/t/06_0126d_9q1ZRZjoXLeKcuURsUXqiogn/310x430/1772217959.webp?s=4df388eb962631e7ee53bfcce9a62e5514966546,2,8
Prada Black Trousers – Men – Size 36– Very Good Condition,84.7,Prada,Taglia unica,https://www.vinted.it/items/8276305831-prada-black-trousers-men-size-36-very-good-condition?referrer=catalog,4,8276305831,Sold,01/03/2026 12:19:02,,https://images1.vinted.net/t/05_015d7_WrVLHjexTF7zXRNf9sFQeL5z/310x430/1772231916.webp?s=469ac6efdfc10cbe074fb9435bd381ace98ae137,2,7
Prada robusto copriabiti  in tessuto impermeabile,11.2,Prada,0,https://www.vinted.it/items/8276432264-prada-robusto-copriabiti-in-tessuto-impermeabile?referrer=catalog,4,8276432264,Sold,01/03/2026 12:19:02,,https://images1.vinted.net/t/05_02640_nSxiWmNoybfF5wW1mCmvyjPT/310x430/1772235322.webp?s=5f2fc9a0c06313b97fd8c3387be58701903cbd89,2,7
Gafas Prada,62.65,Prada,0,https://www.vinted.it/items/8276404122-gafas-prada?referrer=catalog,0,8276404122,Sold,01/03/2026 12:19:02,,https://images1.vinted.net/t/04_00327_TGcafB6TUkChkGkBAbZnh48k/310x430/1772234385.webp?s=f6a71553457d52dedf631bf56dcdad6021953ac3,2,7
Casquette Prada neuve (authentique).,504.7,Prada,S,https://www.vinted.it/items/8276400779-casquette-prada-neuve-authentique?referrer=catalog,14,8276400779,Sold,01/03/2026 12:19:02,,https://images1.vinted.net/t/05_012d1_2KtinGDebkgpj97gSM49zceQ/310x430/1772234279.webp?s=0648bdfd73689b3807f3060384b0a0682c849edf,2,7
Étui prada,21.7,Prada,0,https://www.vinted.it/items/8276398214-etui-prada?referrer=catalog,3,8276398214,Sold,01/03/2026 12:19:02,,https://images1.vinted.net/t/06_01deb_8cG4UZ3N7JAWHPPHKYZynf1T/310x430/1772234203.webp?s=8105e0ff614d9b1fac0c87838b65b8306ed452b4,2,7
Lunettes de soleil Prada,116.2,Prada,0,https://www.vinted.it/items/8276387608-lunettes-de-soleil-prada?referrer=catalog,0,8276387608,Sold,01/03/2026 12:19:02,,https://images1.vinted.net/t/04_0101d_9GC4w93MZ92aXnpcLkfFQKoM/310x430/1772233881.webp?s=aada3bfe3c5366f47a9cb5dbafd1a23ce1614bdc,2,7
Prada Cap,26.95,Sonstiges,Taglia unica,https://www.vinted.it/items/8276371497-prada-cap?referrer=catalog,13,8276371497,Sold,01/03/2026 12:19:02,,https://images1.vinted.net/t/06_01dab_HTr6BPwjfibhqNJH76mhZcfB/310x430/1772233439.webp?s=6254cbba87ab37aafd9cf65b73124376f1a2c955,2,7
Set Completo Packaging Prada Eyewear - Originale,47.95,Prada,0,https://www.vinted.it/items/8276353672-set-completo-packaging-prada-eyewear-originale?referrer=catalog,0,8276353672,Sold,01/03/2026 12:19:02,,https://images1.vinted.net/t/01_026c9_jQ7vLfH6TYoBkU9dGtqUoQ1f/310x430/1772232983.webp?s=795b661e5bd40575e49850283b11507b7b70ea31,2,7
Identificador de maletas de Prada,368.2,Prada,0,https://www.vinted.it/items/8276329945-identificador-de-maletas-de-prada?referrer=catalog,0,8276329945,Sold,01/03/2026 12:19:02,,https://images1.vinted.net/t/06_0122c_QTzDAoaAiTtZJogvsrribJE8/310x430/1772232427.webp?s=125f30b5b7c425d8fa177ff9b50bca70c6d78981,2,7
Chaussures habillées de marque prada,194.95,Prada,44,https://www.vinted.it/items/8287010700-chaussures-habillees-de-marque-prada?referrer=catalog,0,8287010700,Sold,01/03/2026 12:16:19,,https://images1.vinted.net/t/05_019b9_BgP4FhGyEZ9NxSjLdBykFQth/310x430/1772363628.webp?s=472b9a7a2bb826c345bcd49355a637c9f8e61bb5,2,1
Prada hakken,158.2,Prada,38.5,https://www.vinted.it/items/8286972455-prada-hakken?referrer=catalog,0,8286972455,Sold,01/03/2026 12:16:19,,https://images1.vinted.net/t/06_0067b_pnMDRKPubWZGEi7m7hoWR6Xv/310x430/1772363448.webp?s=d52bf7cc9e097a90915e5c9cdbb03a6e578992e1,2,1
Paradoxe Prada 90ml,74.2,Prada,0,https://www.vinted.it/items/8286967516-paradoxe-prada-90ml?referrer=catalog,0,8286967516,Sold,01/03/2026 12:16:19,,https://images1.vinted.net/t/06_0251e_jEVuqd9freY8aHCz17kzMQFM/310x430/1772363425.webp?s=f6a290945ef348ba738516342bd6f7e55245aae4,2,1
Prada jogger,68.95,Prada,M,https://www.vinted.it/items/8257261958-prada-jogger?referrer=catalog,1,8257261958,Sold,01/03/2026 12:16:19,,https://images1.vinted.net/t/06_008be_nn9ze6nAJGAaXVikPnofeV8n/310x430/1772017648.webp?s=595735883324d5e6281c31340d51a4ced2e27060,2,1
Prada Seidenbluse,210.7,Prada,XS / IT 38 / EU 34,https://www.vinted.it/items/8286940896-prada-seidenbluse?referrer=catalog,0,8286940896,Sold,01/03/2026 12:16:19,,https://images1.vinted.net/t/06_01a14_a5GfVYjq87VrUqtmhzRMnw5n/310x430/1772363299.webp?s=5cb2e67c6e6b4cc09d686f864549dc0a51ee005f,2,1
Prada,410.2,Prada,S / IT 40 / EU 36,https://www.vinted.it/items/8286938089-prada?referrer=catalog,0,8286938089,Sold,01/03/2026 12:16:19,,https://images1.vinted.net/t/04_0184c_xcyEZcxQhikQYmopuLEsaX6T/310x430/1772363286.webp?s=56d23bb966d7ee5278be361fe782c18ad7f7be3b,2,1
Chaussures homme,194.95,Prada,44,https://www.vinted.it/items/8286932094-chaussures-homme?referrer=catalog,0,8286932094,Sold,01/03/2026 12:16:19,,https://images1.vinted.net/t/01_010b6_FFdcxAzhPiDFeyBRubqTVok4/310x430/1772363258.webp?s=ebb3fc42bac0583edf9e66ed643fb8e9a08abff4,2,1
Profumo Prada paradigme,63.7,Prada,0,https://www.vinted.it/items/8286925786-profumo-prada-paradigme?referrer=catalog,0,8286925786,Sold,01/03/2026 12:16:19,,https://images1.vinted.net/t/01_010d1_66C7Moy9ih9KBDe65KxgQYNb/310x430/1772363228.webp?s=fa5dababe14a6c410f03363fc8893f4bc378d76d,2,1
Nieuwe prada’s,95.2,Prada,40,https://www.vinted.it/items/8286920639-nieuwe-pradas?referrer=catalog,0,8286920639,Sold,01/03/2026 12:16:19,,https://images1.vinted.net/t/05_02359_Gcqkrt8oee65e2J8iwtxSPRQ/310x430/1772363204.webp?s=5f39c9a6e8bc95e43890395bbed1f1ccfc07eea2,2,1
Vestido bebé,5.95,Agatha Ruiz de la Prada,9-12 mesi / 74 cm,https://www.vinted.it/items/8286919990-vestido-bebe?referrer=catalog,0,8286919990,Sold,01/03/2026 12:16:19,,https://images1.vinted.net/t/01_01931_NK8fHUqSaRKfYKocNJ6P5EQy/310x430/1772363201.webp?s=82007a5318e4302d235b0bb50c40ac3624a487a3,2,1
Prada Paradoxe intense Eau de Parfüm 30 ml,42.7,Prada,0,https://www.vinted.it/items/8286916503-prada-paradoxe-intense-eau-de-parfum-30-ml?referrer=catalog,0,8286916503,Sold,01/03/2026 12:16:19,,https://images1.vinted.net/t/05_01de0_FaANvgrwoeNh2xGigJuJ14kG/310x430/1772363185.webp?s=726913bd0798efb0a123e3046115979d928a4194,2,1
Vestido de criança Agatha Ruiz de La Prada,19.6,Agatha,4 anni / 104 cm,https://www.vinted.it/items/8286915715-vestido-de-crianca-agatha-ruiz-de-la-prada?referrer=catalog,0,8286915715,Sold,01/03/2026 12:16:19,,https://images1.vinted.net/t/01_01aae_uKpAsptdQT8vaQE47LoD51M2/310x430/1772363181.webp?s=aea517aebaf3600f51917cdef38c3d1e4fc63772,2,1
Prada paradoxe,47.95,Prada,0,https://www.vinted.it/items/8286904178-prada-paradoxe?referrer=catalog,0,8286904178,Sold,01/03/2026 12:16:19,,https://images1.vinted.net/t/06_00c3e_Dh7ntGALQUoYzSDo29c3oZGo/310x430/1772363127.webp?s=045c129a1a81c23516a8a33c8aa23bd240f69f3d,2,1
Prada,1.5757,Prada,0,https://www.vinted.it/items/8286901241-prada?referrer=catalog,0,8286901241,Sold,01/03/2026 12:16:19,,https://images1.vinted.net/t/06_00968_qAGGYAzRTs4N9hLj5RDn22Uh/310x430/1772363113.webp?s=5db6eafcfebaa3ae7b28d16edefe9871919ff60f,2,1
Prada Paradoxe Intense EAu De Parfum Refill 100ML,95.2,Prada,0,https://www.vinted.it/items/8286898359-prada-paradoxe-intense-eau-de-parfum-refill-100ml?referrer=catalog,0,8286898359,Sold,01/03/2026 12:16:19,,https://images1.vinted.net/t/01_002fe_2SfPnfjZz4SURjxbwLiuVk3Q/310x430/1772363100.webp?s=678494b0f34e64204c89c480deaec634185d6b5c,2,1
Parfum prada,21.7,Prada,0,https://www.vinted.it/items/8286876212-parfum-prada?referrer=catalog,2,8286876212,Sold,01/03/2026 12:16:19,,https://images1.vinted.net/t/05_01195_GTFrcZ2WiTU9uzGLbKrzf3d6/310x430/1772362998.webp?s=295046795b1279fdaeb0a61fd4428ec67f4a2f15,2,1
Livre défilé prada comme neuf,32.2,No brand,0,https://www.vinted.it/items/8286835468-livre-defile-prada-comme-neuf?referrer=catalog,0,8286835468,Sold,01/03/2026 12:16:19,,https://images1.vinted.net/t/05_02495_Anm9puG598A5ZTGaXC6ypKgt/310x430/1772362805.webp?s=dbc8b16cd4719cdcb336431fa1db704ffe2a9449,2,1
Gonna Prada,158.2,Prada,XL / IT 46 / EU 42,https://www.vinted.it/items/8286834348-gonna-prada?referrer=catalog,2,8286834348,Sold,01/03/2026 12:16:19,,https://images1.vinted.net/t/03_01313_q5hFC9SUCkjasnvn9hmor7qR/310x430/1772362800.webp?s=f9ebe40f3340a67a298281f6343fa6c1e86dacf8,2,1
Prada camicia in pura seta 100%,116.2,Prada,XS / IT 38 / EU 34,https://www.vinted.it/items/8286830883-prada-camicia-in-pura-seta-100?referrer=catalog,0,8286830883,Sold,01/03/2026 12:16:19,,https://images1.vinted.net/t/06_01c90_16qX8hFa7Uvr8bRFEdGhpbGR/310x430/1772362784.webp?s=4448a2b3a8a9b811b9521d3bfdbefe37cbb2a36b,2,1
Prada loafers - size 9.5 -,473.2,Prada,43,https://www.vinted.it/items/8286799927-prada-loafers-size-95?referrer=catalog,0,8286799927,Sold,01/03/2026 12:16:19,,https://images1.vinted.net/t/06_01a12_hWNa6HyPuW8NASPUv6TawFHs/310x430/1772362638.webp?s=e95001230345f23f76eda006c8696fb303ba1549,2,1
Prada paradoxe,49.0,Prada,0,https://www.vinted.it/items/8286784475-prada-paradoxe?referrer=catalog,0,8286784475,Sold,01/03/2026 12:16:19,,https://images1.vinted.net/t/01_01d33_iQFA48zkcJ2EsTNhYKQGmxbj/310x430/1772362566.webp?s=56d5845d8aa69ebd928a4bd42fcbb3e456e501c2,2,1
Miroir de sac Prada Candy dans son étui en soie fushia,8.58,Prada,0,https://www.vinted.it/items/8286784028-miroir-de-sac-prada-candy-dans-son-etui-en-soie-fushia?referrer=catalog,0,8286784028,Sold,01/03/2026 12:16:19,,https://images1.vinted.net/t/06_013ae_5SuLBTTo5Z8FJcCF5W5MADhK/310x430/1772362564.webp?s=acca2e8a81b6d07ba4843e9d8f3e74e7b48aa10d,2,1
Prada Eau Ambrée profumo donna EDP miniatura,34.3,Prada,0,https://www.vinted.it/items/8286779116-prada-eau-ambree-profumo-donna-edp-miniatura?referrer=catalog,0,8286779116,Sold,01/03/2026 12:16:19,,https://images1.vinted.net/t/05_000d6_bN2pEC2rvcN3WnBYZiJx16bn/310x430/1772362541.webp?s=4fcee8a81d8a8b86bdaf520da70141b3df74b4a7,2,1
Pull Prada neuf bicolore noir et blanc,314.65,Prada,L,https://www.vinted.it/items/8286773606-pull-prada-neuf-bicolore-noir-et-blanc?referrer=catalog,0,8286773606,Sold,01/03/2026 12:16:19,,https://images1.vinted.net/t/06_00444_3GpxrjpLZfMWnTQaMn54kjHH/310x430/1772362515.webp?s=4f7f853a22f5b29b33308e033fecd380cc0573d2,2,1
Zonnebril van Prada,184.45,Prada,0,https://www.vinted.it/items/8286775433-zonnebril-van-prada?referrer=catalog,1,8286775433,Sold,01/03/2026 12:16:19,,https://images1.vinted.net/t/06_0192a_UR4Qd7UCDTLYoXt3DDL1gW1b/310x430/1772362524.webp?s=788d49b517f96cd8ed190e25586a1a225ca5c231,2,1
Prada Paradoxe Virtual Flower miniatura,16.45,Prada,0,https://www.vinted.it/items/8286768805-prada-paradoxe-virtual-flower-miniatura?referrer=catalog,0,8286768805,Sold,01/03/2026 12:16:19,,https://images1.vinted.net/t/06_006f2_sapZHNJZHKbW2ZKSk8sUHM8s/310x430/1772362492.webp?s=fa13a4afe4921e3eb7ca168f5f002d02615156aa,2,1
Paradigme prada eau de parfum,52.15,Prada,0,https://www.vinted.it/items/8286764997-paradigme-prada-eau-de-parfum?referrer=catalog,0,8286764997,Sold,01/03/2026 12:16:19,,https://images1.vinted.net/t/05_01088_SvSptpyYwqXGkA6Yxs5yKhEd/310x430/1772362475.webp?s=6de142353d787f15bed910ca24ff8f6e53ddc903,2,1
Lunette polarisante prada original,242.2,Prada,0,https://www.vinted.it/items/8282065754-lunette-polarisante-prada-original?referrer=catalog,1,8282065754,Sold,01/03/2026 12:16:19,,https://images1.vinted.net/t/05_00fc5_ozHjka8TfmArJVCpTuEU9f8W/310x430/1772296729.webp?s=56d70e4ca0f735c36989a27efc43176265162d9d,2,1
Casquette prada,126.7,Prada,Taglia unica,https://www.vinted.it/items/8282043787-casquette-prada?referrer=catalog,0,8282043787,Sold,01/03/2026 12:16:19,,https://images1.vinted.net/t/05_02623_fSv2aEdekoa3vTnhM2dX4wN2/310x430/1772296607.webp?s=1a05179304eaa3fdc409fcad32a0c17173de4fd0,2,1
Prada Paradoxe Radical Essence 90 ml,54.25,Prada,0,https://www.vinted.it/items/8286746552-prada-paradoxe-radical-essence-90-ml?referrer=catalog,2,8286746552,Sold,01/03/2026 12:16:19,,https://images1.vinted.net/t/06_0043e_hqB2YXJfdisuPfZpe8e146oK/310x430/1772362387.webp?s=197325363dc0d64b55f11f54da2be1329a3b19d8,2,1
Livre Prada,37.45,No brand,0,https://www.vinted.it/items/8286728774-livre-prada?referrer=catalog,0,8286728774,Sold,01/03/2026 12:16:19,,https://images1.vinted.net/t/06_0217c_VWsR6rGtAzSKFsKRnCL79q91/310x430/1772362304.webp?s=1bc28355df1b59e8a524e7152127630cf3693564,2,1
T shirt Prada neuf noir affaire en or !,389.2,Prada,XXL,https://www.vinted.it/items/8286714289-t-shirt-prada-neuf-noir-affaire-en-or?referrer=catalog,0,8286714289,Sold,01/03/2026 12:16:19,,https://images1.vinted.net/t/06_01c03_2BdBZsSPP9T4Vw2NKDNsJTfi/310x430/1772362236.webp?s=90c631775780228f14d503946b31a0e5fd01d17b,2,1
Prada Paradoxe Intense 90ml,37.45,Prada,0,https://www.vinted.it/items/8286710293-prada-paradoxe-intense-90ml?referrer=catalog,5,8286710293,Sold,01/03/2026 12:16:19,,https://images1.vinted.net/t/06_001bc_qX1CVzuVojP2A48fWbKU73Y8/310x430/1772362217.webp?s=9beb9bf1006c72fa1288532811c1ed1f5bce28b9,2,1
Prada Paradoxe Eau de Parfum 90ml Nuevo Sellado Original Mujer,58.45,Prada,0,https://www.vinted.it/items/8286592120-prada-paradoxe-eau-de-parfum-90ml-nuevo-sellado-original-mujer?referrer=catalog,1,8286592120,Sold,01/03/2026 12:16:19,,https://images1.vinted.net/t/06_00190_5cdsSr1n2crn1rRjChae8ywH/310x430/1772361656.webp?s=903c5d4c6a0cdd064c3a44972fc00bbd4847e7e2,2,1
Bermuda Prada,294.7,Prada,S,https://www.vinted.it/items/8286699092-bermuda-prada?referrer=catalog,1,8286699092,Sold,01/03/2026 12:16:19,,https://images1.vinted.net/t/06_0077f_2NNFE4SmGt2cH4edQBhMBtpF/310x430/1772362164.webp?s=1eea3ee10ba432ade78c6fc7543cf8d3da6de6be,2,1
Parfum prada paradoxe,37.45,Prada,0,https://www.vinted.it/items/8286674158-parfum-prada-paradoxe?referrer=catalog,1,8286674158,Sold,01/03/2026 12:16:19,,https://images1.vinted.net/t/05_01abc_fW1iasH1F4qodQqt9bYPi7Ru/310x430/1772362045.webp?s=2eb4724c027ecbd5c3ab5aefe9bfa7a8a331557a,2,1
Prada - Plain In Pelle Color Beige da Donna,704.2,Prada,40,https://www.vinted.it/items/8286647166-prada-plain-in-pelle-color-beige-da-donna?referrer=catalog,0,8286647166,Sold,01/03/2026 12:16:19,,https://images1.vinted.net/t/06_025b4_m6Vh7JLDqYBA4NPFgtL7AbRo/310x430/1772361919.webp?s=e1584b4e8ca28db88c1651a485ba0ca543285954,2,1
Lunette noir Prada,35.35,Prada,0,https://www.vinted.it/items/8286595258-lunette-noir-prada?referrer=catalog,1,8286595258,Sold,01/03/2026 12:16:19,,https://images1.vinted.net/t/06_01ace_EP9iLhKxZRYD1QgcFtTfUKQe/310x430/1772361671.webp?s=31a73a8b4fdc48e73d1c49fc006272874e9732e8,2,1
Cubertería de 24 piezas,32.1,Agatha Ruiz de la Prada,0,https://www.vinted.it/items/8286506326-cuberteria-de-24-piezas?referrer=catalog,0,8286506326,Sold,01/03/2026 12:16:19,,https://images1.vinted.net/t/04_00367_upBaBkcvw1ZwCy8sXCJa8D6L/310x430/1772361243.webp?s=e1c2d9bc264061fd7b8b8af7ab06398d1e9cbf86,2,1
Prada Paradigme,42.7,Prada,0,https://www.vinted.it/items/8286527535-prada-paradigme?referrer=catalog,0,8286527535,Sold,01/03/2026 12:16:19,,https://images1.vinted.net/t/04_01646_8LGxPcJW9TQg4bdYfeH7hCgT/310x430/1772361346.webp?s=d4690415a15a0bd985b447e02caa005d8df14049,2,1
Paradoxe Prada- miniatura,14.35,Prada,0,https://www.vinted.it/items/8286509419-paradoxe-prada-miniatura?referrer=catalog,1,8286509419,Sold,01/03/2026 12:16:19,,https://images1.vinted.net/t/05_000a8_o7LKuPzacBZmwVxuraeoHKm6/310x430/1772361258.webp?s=f81e59311288ee525acf5080c20ada4621d88f1d,2,1
Gonna Prada nera misura 38  nuova con cartellino,179.2,Prada,M / IT 42 / EU 38,https://www.vinted.it/items/8286458830-gonna-prada-nera-misura-38-nuova-con-cartellino?referrer=catalog,1,8286458830,Sold,01/03/2026 12:16:19,,https://images1.vinted.net/t/05_01e09_GgKYKgEFD5tTZGE57x4eDWSC/310x430/1772361013.webp?s=0643ae644210c5fef5d99a32eb8898b9b8fafbbf,2,1
Prada Parfum,21.7,Prada,0,https://www.vinted.it/items/8286442978-prada-parfum?referrer=catalog,0,8286442978,Sold,01/03/2026 12:16:19,,https://images1.vinted.net/t/05_0071d_VUp3U46rMtTZDmXu48cnybB1/310x430/1772360936.webp?s=6debf3276b34cd138cce2beb98da7919786baf8c,2,1
Casquette Prada comme neuve,179.2,Prada,M,https://www.vinted.it/items/8286440383-casquette-prada-comme-neuve?referrer=catalog,0,8286440383,Sold,01/03/2026 12:16:19,,https://images1.vinted.net/t/01_0015c_ypgzHgs85iAiJyemVfsBdcey/310x430/1772360924.webp?s=cf78ed5497317864268fa1f547716185ac4490dc,2,1
Prada Candy Kiss 80ml,79.45,Prada,0,https://www.vinted.it/items/8286440304-prada-candy-kiss-80ml?referrer=catalog,1,8286440304,Sold,01/03/2026 12:16:19,,https://images1.vinted.net/t/06_00313_qnWGcCfTdfpiWDPkTEPQYkRc/310x430/1772360923.webp?s=3eca8cb54e6bc49a7460462f9922ae86fcc4bdcf,2,1
Occhiali da sole Prada NUOVI,79.45,Prada,0,https://www.vinted.it/items/8286407556-occhiali-da-sole-prada-nuovi?referrer=catalog,2,8286407556,Sold,01/03/2026 12:16:19,,https://images1.vinted.net/t/06_02063_JvJzxuSFn1K777fcve5z8rwh/310x430/1772360764.webp?s=6c82484ee6f46f2c3875d1c3a3ef5728b1ab13fe,2,1
Occhiali da sole Prada,168.7,Prada,0,https://www.vinted.it/items/8286376187-occhiali-da-sole-prada?referrer=catalog,2,8286376187,Sold,01/03/2026 12:16:19,,https://images1.vinted.net/t/05_01a0c_gmYRBm4LYSfiwj1bjJG3MnqN/310x430/1772360612.webp?s=2fa75bfc880fd04e9b543235cad126f7e9843973,2,1
Baskets,137.2,Prada,41,https://www.vinted.it/items/8286389393-baskets?referrer=catalog,0,8286389393,Sold,01/03/2026 12:16:19,,https://images1.vinted.net/t/06_01a8d_X775w9fNKA8HkENT5NMmWDb8/310x430/1772360676.webp?s=b30a7980ccc64e2d2d66786e7bdb66c9045cbf6a,2,1
Prada Top - Weiss/Creme,103.6,Weiss,M / IT 42 / EU 38,https://www.vinted.it/items/8286366679-prada-top-weisscreme?referrer=catalog,2,8286366679,Sold,01/03/2026 12:16:19,,https://images1.vinted.net/t/06_00290_t4s8f8GCo4aRSGM6P5T8pjS6/310x430/1772360564.webp?s=e06464fff3a770dd00f13bfaa04d4d7be19b17fc,2,1
Miniature Prada Paradoxe,13.3,Prada,0,https://www.vinted.it/items/8286360804-miniature-prada-paradoxe?referrer=catalog,1,8286360804,Sold,01/03/2026 12:16:19,,https://images1.vinted.net/t/05_01d68_pP6gZYakawjoTgF1htiE8oFP/310x430/1772360534.webp?s=71a99143450281dcfbe2f1e8b374b8846d24913a,2,1
Housse de couette neuve,13.3,Agatha Ruiz de la Prada,King size (220-240 cm x 220-260 cm),https://www.vinted.it/items/8286343542-housse-de-couette-neuve?referrer=catalog,5,8286343542,Sold,01/03/2026 12:16:19,,https://images1.vinted.net/t/01_00923_r5GioLYzwaTWk2mtN5d2R3Zx/310x430/1772360447.webp?s=578369a2dccfca82ec006f6fe6086702bfe5e7b5,2,1
Prada padded nylon vest,263.2,Prada,M,https://www.vinted.it/items/8281726091-prada-padded-nylon-vest?referrer=catalog,3,8281726091,Sold,01/03/2026 12:16:19,,https://images1.vinted.net/t/01_00069_mQ6WcdZ6VYNR4DE5BCNywUxw/310x430/1772294886.webp?s=fb6e176bba722efb8c41afd2719f2821ff270f54,2,1
Prada Paradoxe 90 ml Eau de parfum,51.1,Prada,0,https://www.vinted.it/items/8286335905-prada-paradoxe-90-ml-eau-de-parfum?referrer=catalog,1,8286335905,Sold,01/03/2026 12:16:19,,https://images1.vinted.net/t/05_00749_yDpVUSS5uTBiDVXwYiAw6ozT/310x430/1772360408.webp?s=48fea4929771be595ee9929aa7ac334f28304d66,2,1
Prada Beauty tamaño mini,105.7,Prada,0,https://www.vinted.it/items/8256837127-prada-beauty-tamano-mini?referrer=catalog,0,8256837127,Sold,01/03/2026 12:16:19,,https://images1.vinted.net/t/06_007db_FxGcUPgjh19HPBbNyfzUYZDo/310x430/1772014570.webp?s=d6e3c94b4ca52ef91b8c83d638f2169045e4aadd,2,1
Bottiglia Termica Prada,126.7,Prada,0,https://www.vinted.it/items/8286333867-bottiglia-termica-prada?referrer=catalog,1,8286333867,Sold,01/03/2026 12:16:19,,https://images1.vinted.net/t/06_00ddb_GCcdfH3qWwbL61Fh5uvmUqa3/310x430/1772360398.webp?s=d6737b96ed6fdf8faaa44873f22463bef96dc598,2,1
Sacoche Prada,74.2,sacoche,0,https://www.vinted.it/items/8286322857-sacoche-prada?referrer=catalog,0,8286322857,Sold,01/03/2026 12:16:19,,https://images1.vinted.net/t/06_0266f_sz7ny31omG3FLjDQqLxpkJB3/310x430/1772360342.webp?s=0dbf8bc7f92e15ec64b034f0f0a4b619f8b71e0d,2,1
Prada America’s Cup,116.2,Prada,44,https://www.vinted.it/items/8276264569-prada-americas-cup?referrer=catalog,1,8276264569,Sold,01/03/2026 12:16:19,,https://images1.vinted.net/t/05_0067a_8A8bCWbztwsjXbMSBqT5t4eZ/310x430/1772231102.webp?s=c1da6745cd8d9c8608d68d4015bd167f17c41e4c,2,1
Leotardos agatha Ruiz de la Prada,5.95,Agatha Ruiz de la Prada,24-36 mesi / 92 cm,https://www.vinted.it/items/8286269355-leotardos-agatha-ruiz-de-la-prada?referrer=catalog,0,8286269355,Sold,01/03/2026 12:16:19,,https://images1.vinted.net/t/05_00465_ukHL57f1JfAJvmBDU1X7VCTu/310x430/1772360071.webp?s=ca20b74b2286956d70a0b2ca705c9db6c1700b72,2,1
Prada Tie Black,82.6,Prada,0,https://www.vinted.it/items/8286267320-prada-tie-black?referrer=catalog,1,8286267320,Sold,01/03/2026 12:16:19,,https://images1.vinted.net/t/06_014a0_y3u2J78S13n91jK7vTGje2aA/310x430/1772360060.webp?s=b29442597223db276ad6ec6418a1bbf07b8bafdb,2,1
Mini bolso bandolera de Agatha Ruiz de la Prada,8.05,Agatha Ruiz de la Prada,0,https://www.vinted.it/items/8286264224-mini-bolso-bandolera-de-agatha-ruiz-de-la-prada?referrer=catalog,0,8286264224,Sold,01/03/2026 12:16:19,,https://images1.vinted.net/t/05_025f7_PvEapFEpVmbVfyFiuXynWRfA/310x430/1772360044.webp?s=773fd347ef7ebfe37640029a99a74d4a0d501eab,2,1
Eau de parfum Paradoxe Prada Intense,63.7,Prada,0,https://www.vinted.it/items/8286214244-eau-de-parfum-paradoxe-prada-intense?referrer=catalog,0,8286214244,Sold,01/03/2026 12:16:19,,https://images1.vinted.net/t/05_00e12_5WG1SGjftB6hfhW7gPuL6St5/310x430/1772359786.webp?s=52848286e9e713e5bd303797355990ecd979b3c6,2,1
Livre broché Le diable s’habille en Prada neuf,3.85,No brand,0,https://www.vinted.it/items/8286203584-livre-broche-le-diable-shabille-en-prada-neuf?referrer=catalog,0,8286203584,Sold,01/03/2026 12:16:19,,https://images1.vinted.net/t/05_006d3_cwz487iXoBqM77HYKXbcb3Mb/310x430/1772359730.webp?s=df5863cd1fb0c2a8e8efac368604b188f3cb5530,2,1
Sandales Prada en satin et cuir avec pierres,368.2,Prada,39.5,https://www.vinted.it/items/8286145992-sandales-prada-en-satin-et-cuir-avec-pierres?referrer=catalog,4,8286145992,Sold,01/03/2026 12:16:19,,https://images1.vinted.net/t/06_02680_s3eggkKLCRDfdAsUxU9sncX2/310x430/1772359429.webp?s=687dbed020376ec3a5fcad324c5c51520e6cf00e,2,1
2 sacchetti  per il make-up,11.2,Prada,0,https://www.vinted.it/items/8286048539-2-sacchetti-per-il-make-up?referrer=catalog,0,8286048539,Sold,01/03/2026 12:16:19,,https://images1.vinted.net/t/01_01cc6_yzPBPwtVmGLqUKyH5zdD4AiB/310x430/1772358909.webp?s=be647ba126197d717292d89f3bc1a34eb9f66102,2,1
Boîte à lunette Prada,21.7,Prada,0,https://www.vinted.it/items/8273253337-boite-a-lunette-prada?referrer=catalog,0,8273253337,Sold,01/03/2026 13:43:34,,https://images1.vinted.net/t/03_010c7_qzsenEE8BNQACkj6sMUZ8vKH/310x430/1772204782.webp?s=cca1872a4331b1f23da7391d12bd8aaf922bab12,3,10
Maglione Prada black,315.7,Prada,S,https://www.vinted.it/items/8273249463-maglione-prada-black?referrer=catalog,7,8273249463,Sold,01/03/2026 13:43:34,,https://images1.vinted.net/t/01_001bd_Q6eCJBP1MQFFqRJoW2pKEWJR/310x430/1772204756.webp?s=56081c6fdb6091718fad81528ababa2d79d688d7,3,10
Profumo donna Prada,100.45,Prada,0,https://www.vinted.it/items/8273247063-profumo-donna-prada?referrer=catalog,0,8273247063,Sold,01/03/2026 13:43:34,,https://images1.vinted.net/t/06_01b12_dHGzPzwGqheC4bYzva2wpTaD/310x430/1772204740.webp?s=4b5823b75789cffcd8a8a79f2eb33c1ce1cdce2f,3,10
Prada Bucket Hat – Bob en cuir nappa noir - Neuf,368.2,Prada,59,https://www.vinted.it/items/8273239706-prada-bucket-hat-bob-en-cuir-nappa-noir-neuf?referrer=catalog,6,8273239706,Sold,01/03/2026 13:43:34,,https://images1.vinted.net/t/05_00a29_HUpQ7WDQoZpeJBvJ88U1dXd6/310x430/1772204688.webp?s=fa3808c98037da13c8c47a4879a1330437fd09ba,3,10
Infusion de Santal Chai Prada 100 ml edP,84.7,Prada,0,https://www.vinted.it/items/8273221688-infusion-de-santal-chai-prada-100-ml-edp?referrer=catalog,10,8273221688,Sold,01/03/2026 13:43:34,,https://images1.vinted.net/t/06_00810_fr6f4aWhFXBej7ShYRj7R8wQ/310x430/1772204562.webp?s=b5cd2aed18e6b5a255fb8ea88c9a8d92331910dc,3,10
Profumo Prada,105.7,Prada,0,https://www.vinted.it/items/8273218350-profumo-prada?referrer=catalog,0,8273218350,Sold,01/03/2026 13:43:34,,https://images1.vinted.net/t/05_001ca_PsJyXnSdXLLtPvbvTNNmakyK/310x430/1772204539.webp?s=bfcab76ba5d56db60e8b0c9d2340c960753c31a8,3,10
Iconic Prada Satin Bustier,210.7,Prada,S / IT 40 / EU 36,https://www.vinted.it/items/8273202106-iconic-prada-satin-bustier-never-worn?referrer=catalog,7,8273202106,Sold,01/03/2026 13:43:34,,https://images1.vinted.net/t/04_01699_B6XsyHZcEbkGRq4w2RNCscQX/310x430/1772204423.webp?s=98c7cf72e1ed7cf06e3c0143cbe8a8644e285ae3,3,10
Quaderno con matita Prada,105.7,Prada,0,https://www.vinted.it/items/8244583041-quaderno-con-matita-prada?referrer=catalog,0,8244583041,Sold,01/03/2026 13:43:34,,https://images1.vinted.net/t/06_0076d_rcEDnYaaBwaT1WwWaSfJuamY/310x430/1771858504.webp?s=28c19e6991c42c89063c9086a449d4c930ed6cce,3,10
Gorro mimoso,7.53,Agatha Ruiz de la Prada,M,https://www.vinted.it/items/8273191387-gorro-mimoso?referrer=catalog,3,8273191387,Sold,01/03/2026 13:43:34,,https://images1.vinted.net/t/05_01390_RWhqeqis1iGqR3zpW4rTT86p/310x430/1772204350.webp?s=96670d12186c02985c5d923843397a5e4f5bbce7,3,10
Prada - Reflection Glossy Lip Balm,37.45,Prada,0,https://www.vinted.it/items/8273191575-prada-reflection-glossy-lip-balm?referrer=catalog,3,8273191575,Sold,01/03/2026 13:43:34,,https://images1.vinted.net/t/06_026c1_ivtH1ithbfJbw9BJcz7bHEQg/310x430/1772204351.webp?s=409fdd25e4a4f0724af84bdbc895e3cb35ba9fb4,3,10
Profumo uomo Prada 100 ml,53.2,Prada,0,https://www.vinted.it/items/8273191310-profumo-uomo-prada-100-ml?referrer=catalog,2,8273191310,Sold,01/03/2026 13:43:34,,https://images1.vinted.net/t/05_0013d_g3hHgLTFYJsugJUWU2TBijf1/310x430/1772204349.webp?s=e66f0b3252903e69ecd1af41bed46b491db4aa75,3,10
Vestitino con coulotte,16.45,Agatha Ruiz de la Prada,9-12 mesi / 74 cm,https://www.vinted.it/items/8273190072-vestitino-con-coulotte?referrer=catalog,2,8273190072,Sold,01/03/2026 13:43:34,,https://images1.vinted.net/t/05_01cca_BDNZdtRPUxasRWoBpvv7BHb9/310x430/1772204341.webp?s=cec906354f38259fe9a120eaba9a9218486ebb45,3,10
Prada Sunglasses,221.2,Prada,0,https://www.vinted.it/items/8273165141-prada-sunglasses?referrer=catalog,1,8273165141,Sold,01/03/2026 13:43:34,,https://images1.vinted.net/t/01_024be_JNbPZTHtG3qdnRESWceREfc8/310x430/1772204172.webp?s=6919775cac945d3c006e0bd7637ae121a594f471,3,10
Sacchetto Prada,26.95,Prada,0,https://www.vinted.it/items/8246609984-sacchetto-prada?referrer=catalog,62,8246609984,Sold,01/03/2026 13:43:34,,https://images1.vinted.net/t/01_02626_AcZfjuT3vehRyDCBGEz1mKkZ/310x430/1771871583.webp?s=8859a9495db784ce4d08e0b7697246b7444bb1ea,3,10
Parfum Prada,63.7,Prada,0,https://www.vinted.it/items/8273085587-parfum-prada?referrer=catalog,6,8273085587,Sold,01/03/2026 13:43:34,,https://images1.vinted.net/t/06_0130a_eY3FmbMNZ7bhUNiRjHYrxFj3/310x430/1772203627.webp?s=c3e599fd5c250b691598d0f74b8dca154f8b1510,3,10
Perfume Prada,53.2,Prada,0,https://www.vinted.it/items/8273079419-perfume-prada?referrer=catalog,0,8273079419,Sold,01/03/2026 13:43:34,,https://images1.vinted.net/t/05_00464_ZZ4Vph1oJVZ4zCqYz2FMaZfw/310x430/1772203584.webp?s=dbe135d46addab2a25ae155b6608f2dd46d0fcfc,3,10
Gafas de sol Prada,315.7,Prada,0,https://www.vinted.it/items/8273068156-gafas-de-sol-prada?referrer=catalog,0,8273068156,Sold,01/03/2026 13:43:34,,https://images1.vinted.net/t/06_00255_1yvn4qsttCCkeAsST8gX4ATZ/310x430/1772203507.webp?s=1f839a276892163078e779e8b947f84c35fc1bf0,3,10
Prada Sneaker – Schwarz – Größe 44 – Original,58.45,Prada,44,https://www.vinted.it/items/8273063846-prada-sneaker-schwarz-grosse-44-original?referrer=catalog,7,8273063846,Sold,01/03/2026 13:43:34,,https://images1.vinted.net/t/01_016b5_AHZKAjHqHhB9ZTTMRD8DnTHr/310x430/1772203478.webp?s=332ab2726da1b9f65f7b7f3ce35bb4ba9ac8a164,3,10
Mocassins marine prada homme,368.2,Prada,43,https://www.vinted.it/items/8273054381-mocassins-marine-prada-homme?referrer=catalog,3,8273054381,Sold,01/03/2026 13:43:34,,https://images1.vinted.net/t/06_00031_s229i98pNcUHk7EGVbZSezm9/310x430/1772203414.webp?s=b800d51b754a0546649b3f48533e78d60c4d83f7,3,10
Prada cup maat 44,105.7,Prata,44,https://www.vinted.it/items/8273026860-prada-cup-maat-44?referrer=catalog,19,8273026860,Sold,01/03/2026 13:43:34,,https://images1.vinted.net/t/05_0165b_W2LGEeuL7Rkip7fLTDGtkVF2/310x430/1772203225.webp?s=82b537cb1da7e5a1bc7824174255d36a5b0347c1,3,10
Prada cups maat 44,105.7,Prata,44,https://www.vinted.it/items/8273007576-prada-cups-maat-44?referrer=catalog,13,8273007576,Sold,01/03/2026 13:43:34,,https://images1.vinted.net/t/06_0046d_VtQoXFg4oCDwQDhjtVLxVk2y/310x430/1772203094.webp?s=4fc124f15986be3a2374f3a045c4d5395fd235ef,3,10
Pochette prada,5.95,Prada,0,https://www.vinted.it/items/8272979032-pochette-prada?referrer=catalog,2,8272979032,Sold,01/03/2026 13:43:34,,https://images1.vinted.net/t/01_0261f_uhqf3g7VmWTkJPfbhZoevxw5/310x430/1772202899.webp?s=5521ad5413c015b0d8f1b383581f190de37aafa5,3,10
Elastico bianco Prada linea profumo Paradoxe,10.68,Prada,0,https://www.vinted.it/items/8272977522-elastico-bianco-prada-linea-profumo-paradoxe?referrer=catalog,3,8272977522,Sold,01/03/2026 13:43:34,,https://images1.vinted.net/t/03_009c3_ZKcu2GaLZ7gfyhMR6qn21BgB/310x430/1772202888.webp?s=ef03ab37c4f0049a6be22cf11d5ee7faa6e54df4,3,10
Pochette prada,5.95,Prada,0,https://www.vinted.it/items/8272969031-pochette-prada?referrer=catalog,1,8272969031,Sold,01/03/2026 13:43:34,,https://images1.vinted.net/t/04_01c53_9Z1tcHkBuki5USnFwe1hkohx/310x430/1772202830.webp?s=95356a9f3e6b455cc9896963c8be963f9308de6e,3,10
