Title,Price,Brand,Size,Link,Likes,Dataid,MarketStatus,SearchDate,Upload_date,Images,SearchCount,Page
Assassin's Creed syndicate special edizion ps4,8.05,No brand,0,https://www.vinted.it/items/8273638100-assassins-creed-syndicate-special-edizion-ps4?referrer=catalog,0,8273638100,Sold,27/02/2026 17:01:39,,https://images1.vinted.net/t/04_022b1_ipcqVDgqpvDAMGhQxyZb31Wm/310x430/1772207461.webp?s=dce5f4ab5c4ba339cdf0040fad8058bf4e7196ca,6,1
Spiderman,9.1,No brand,0,https://www.vinted.it/items/8273452807-spiderman?referrer=catalog,2,8273452807,Sold,27/02/2026 17:01:39,,https://images1.vinted.net/t/05_01abb_uosAGyrjDCZQZQcLELhLjCih/310x430/1772206175.webp?s=e98764edb5a91b337d427521b635457cadcae8db,6,1
Manette Bluetooth forma ps5,9.1,Battletron,0,https://www.vinted.it/items/8273703795-manette-bluetooth-forma-ps5?referrer=catalog,0,8273703795,Sold,27/02/2026 17:01:39,,https://images1.vinted.net/t/06_00474_Y7oFhNaPBGzpgVZmD2ogiDeR/310x430/1772207911.webp?s=8bcdc3d46a304b01b34c5c4a87c53243550d2be0,6,1
SteelBook Sekiro Shadows Die Twice,26.95,SteelBook,0,https://www.vinted.it/items/8273671941-steelbook-sekiro-shadows-die-twice?referrer=catalog,1,8273671941,Sold,27/02/2026 17:01:39,,https://images1.vinted.net/t/01_0256b_sLe8Tr18uuMuP5rUCFB4S5ro/310x430/1772207694.webp?s=032053886cfaa0cc217ac73b6d6c30c4c0bb5f12,6,1
Volante Hori,42.7,No brand,0,https://www.vinted.it/items/8273596636-volante-hori?referrer=catalog,0,8273596636,Sold,27/02/2026 17:01:39,,https://images1.vinted.net/t/05_01219_gxkc1EJBCA1QgegqeXEcpLrr/310x430/1772207176.webp?s=7a80b8314faf2d69826ca7d5de111b480741ddab,6,1
Giochi per Play Station 4 (fifa24per play5),63.7,No brand,0,https://www.vinted.it/items/8273524117-giochi-per-play-station-4-fifa24per-play5?referrer=catalog,0,8273524117,Sold,27/02/2026 17:01:39,,https://images1.vinted.net/t/01_02252_n34vN8DAjEiZsHG2XuWmeDxN/310x430/1772206717.webp?s=0b42c5dd298443a3eae7b88a022ece38f6c24c41,6,1
Uncharted: The Nathan Drake Collection,11.2,No brand,0,https://www.vinted.it/items/8276184844-uncharted-the-nathan-drake-collection?referrer=catalog,1,8276184844,Sold,27/02/2026 23:14:54,,https://images1.vinted.net/t/06_00643_Eymk6RaKRfESqMm8N2mHhSDA/310x430/1772229775.webp?s=5741e598d0771cecd64c9e076e35f55f7cf9ddf0,1,1
Call of duty moderne warfare,11.2,No brand,0,https://www.vinted.it/items/8269237375-call-of-duty-moderne-warfare?referrer=catalog,7,8269237375,Sold,27/02/2026 16:17:10,,https://images1.vinted.net/t/06_008f1_bChi1L6wP7ZMszF3zFB6fUyS/310x430/1772141866.webp?s=009523b70dd3d5a6835a0da017be850348922706,5,8
Playstation 4 Days Gone ps4 Spiele Action,13.3,No brand,0,https://www.vinted.it/items/8276300577-playstation-4-days-gone-ps4-spiele-action?referrer=catalog,0,8276300577,Sold,27/02/2026 23:44:11,,https://images1.vinted.net/t/05_01b39_o8eh9wUDXrXMwiTWm8j59Gyw/310x430/1772231810.webp?s=1827e0e4fa10a5b4e45513140132497cc1f938d6,1,1
Shadow of the tomb raider,10.15,No brand,0,https://www.vinted.it/items/8276291781-shadow-of-the-tomb-raider?referrer=catalog,0,8276291781,Sold,27/02/2026 23:37:25,,https://images1.vinted.net/t/04_002f0_cA64s72HtZZ6PaSNrosTskKd/310x430/1772231631.webp?s=b11cbdcb22f58bf42d7ccd816ee46ae44a8f3287,1,1
CALL of DUTY,5.95,No brand,0,https://www.vinted.it/items/8276447099-call-of-duty?referrer=catalog,1,8276447099,Sold,28/02/2026 00:56:28,,https://images1.vinted.net/t/05_01294_x39emuQxxr4nqcHKKGrgo63J/310x430/1772235908.webp?s=a9dea22ab31c887931ab3ebf35eed43f22651899,2,1
Juego Fc26 ps4,40.6,No brand,0,https://www.vinted.it/items/8276313066-juego-fc26-ps4?referrer=catalog,1,8276313066,Sold,27/02/2026 23:44:11,,https://images1.vinted.net/t/06_009ca_zEZD1F2ryxCso7CJzhRUhBno/310x430/1772232066.webp?s=9fd5ff85082f8d4bc6642d48093e715ff1e0f44e,1,1
Heavy tain//beyond,16.45,No brand,0,https://www.vinted.it/items/8276394088-heavy-tainbeyond?referrer=catalog,5,8276394088,Sold,28/02/2026 00:56:28,,https://images1.vinted.net/t/05_008bc_b6TgWSy9pG9S2ktGSFRR82Wg/310x430/1772234074.webp?s=8832c130d1d8502c3a2046578d580dab543850ee,2,1
Uncharted: The Nathan Drake Collection,11.2,No brand,0,https://www.vinted.it/items/8276184844-uncharted-the-nathan-drake-collection?referrer=catalog,1,8276184844,Sold,27/02/2026 23:14:54,,https://images1.vinted.net/t/06_00643_Eymk6RaKRfESqMm8N2mHhSDA/310x430/1772229775.webp?s=5741e598d0771cecd64c9e076e35f55f7cf9ddf0,1,1
SteelBook Sekiro Shadows Die Twice,26.95,SteelBook,0,https://www.vinted.it/items/8273671941-steelbook-sekiro-shadows-die-twice?referrer=catalog,1,8273671941,Sold,27/02/2026 17:01:39,,https://images1.vinted.net/t/01_0256b_sLe8Tr18uuMuP5rUCFB4S5ro/310x430/1772207694.webp?s=032053886cfaa0cc217ac73b6d6c30c4c0bb5f12,6,1
Juego Fc26 ps4,40.6,No brand,0,https://www.vinted.it/items/8276313066-juego-fc26-ps4?referrer=catalog,1,8276313066,Sold,27/02/2026 23:44:11,,https://images1.vinted.net/t/06_009ca_zEZD1F2ryxCso7CJzhRUhBno/310x430/1772232066.webp?s=9fd5ff85082f8d4bc6642d48093e715ff1e0f44e,1,1
Spiderman,9.1,No brand,0,https://www.vinted.it/items/8273452807-spiderman?referrer=catalog,2,8273452807,Sold,27/02/2026 17:01:39,,https://images1.vinted.net/t/05_01abb_uosAGyrjDCZQZQcLELhLjCih/310x430/1772206175.webp?s=e98764edb5a91b337d427521b635457cadcae8db,6,1
Shadow of the tomb raider,10.15,No brand,0,https://www.vinted.it/items/8276291781-shadow-of-the-tomb-raider?referrer=catalog,0,8276291781,Sold,27/02/2026 23:37:25,,https://images1.vinted.net/t/04_002f0_cA64s72HtZZ6PaSNrosTskKd/310x430/1772231631.webp?s=b11cbdcb22f58bf42d7ccd816ee46ae44a8f3287,1,1
Giochi per Play Station 4 (fifa24per play5),63.7,No brand,0,https://www.vinted.it/items/8273524117-giochi-per-play-station-4-fifa24per-play5?referrer=catalog,0,8273524117,Sold,27/02/2026 17:01:39,,https://images1.vinted.net/t/01_02252_n34vN8DAjEiZsHG2XuWmeDxN/310x430/1772206717.webp?s=0b42c5dd298443a3eae7b88a022ece38f6c24c41,6,1
Manette Bluetooth forma ps5,9.1,Battletron,0,https://www.vinted.it/items/8273703795-manette-bluetooth-forma-ps5?referrer=catalog,0,8273703795,Sold,27/02/2026 17:01:39,,https://images1.vinted.net/t/06_00474_Y7oFhNaPBGzpgVZmD2ogiDeR/310x430/1772207911.webp?s=8bcdc3d46a304b01b34c5c4a87c53243550d2be0,6,1
Call of duty moderne warfare,11.2,No brand,0,https://www.vinted.it/items/8269237375-call-of-duty-moderne-warfare?referrer=catalog,7,8269237375,Sold,27/02/2026 16:17:10,,https://images1.vinted.net/t/06_008f1_bChi1L6wP7ZMszF3zFB6fUyS/310x430/1772141866.webp?s=009523b70dd3d5a6835a0da017be850348922706,5,8
Call of duty WW2 pro edition cofanetto ps4,13.3,No brand,0,https://www.vinted.it/items/8274401961-call-of-duty-ww2-pro-edition-cofanetto-ps4?referrer=catalog,9,8274401961,Sold,28/02/2026 00:58:11,,https://images1.vinted.net/t/01_013b5_2LiXVzG4EoKevp2bji8z88xw/310x430/1772212885.webp?s=753a9aef8f7310512e404cfcb76bf82f3b824fa2,2,5
Spiderman playstation 4,10.15,No brand,0,https://www.vinted.it/items/8274330244-spiderman-playstation-4?referrer=catalog,7,8274330244,Sold,28/02/2026 00:58:11,,https://images1.vinted.net/t/01_011a1_kFCGJroLNBq6YDdzTdwSwP8c/310x430/1772212354.webp?s=485294b66dc4bf3bd536be3a5aa11c72d22273d8,2,5
Jeu fifa 23 ps5 mais compatible sur ps4,2.8,No brand,0,https://www.vinted.it/items/8274300947-jeu-fifa-23-ps5-mais-compatible-sur-ps4?referrer=catalog,0,8274300947,Sold,28/02/2026 00:58:11,,https://images1.vinted.net/t/06_01b40_R3sjJfgN8pL7nBbGoWS57fm1/310x430/1772212136.webp?s=fe1e83214d25eec1887bedc80403bb16fb42066e,2,5
Final fantasy x remastered ps4 sealed,21.7,No brand,0,https://www.vinted.it/items/8274295540-final-fantasy-x-remastered-ps4-sealed?referrer=catalog,6,8274295540,Sold,28/02/2026 00:58:11,,https://images1.vinted.net/t/06_01d10_EXz7KoXXxZFgyYeyg2oWGhJs/310x430/1772212096.webp?s=2c5dedd9d36f3f50ae3330bea2ca554a78d27892,2,5
Call of Duty BO3 PS4,5.95,No brand,0,https://www.vinted.it/items/8274184664-call-of-duty-bo3-ps4?referrer=catalog,2,8274184664,Sold,28/02/2026 00:58:11,,https://images1.vinted.net/t/01_00778_yRBuW3ci2HmvUFiQwB3jdR8H/310x430/1772211287.webp?s=59d9f9e516fdc006730707b8453415bbd54bde03,2,5
God of War Playstation 4,7.0,No brand,0,https://www.vinted.it/items/8274140073-god-of-war-playstation-4?referrer=catalog,7,8274140073,Sold,28/02/2026 00:58:36,,https://images1.vinted.net/t/06_01368_9CNBaYBgA22D2NfGj6HhybNr/310x430/1772210967.webp?s=1d728c94c4bd377ff6c9e13142e636e7c555ef61,2,6
Juego Play4,2.8,No brand,0,https://www.vinted.it/items/8274100710-juego-play4?referrer=catalog,2,8274100710,Sold,28/02/2026 00:58:36,,https://images1.vinted.net/t/01_016bb_ojW7JEXYv1JhQD6UYpkzvdwk/310x430/1772210684.webp?s=5372e73fdb3fba7b9c9db43c753382d1e1adbbb6,2,6
Call of duty moderne warfare,11.2,No brand,0,https://www.vinted.it/items/8269237375-call-of-duty-moderne-warfare?referrer=catalog,7,8269237375,Sold,27/02/2026 16:17:10,,https://images1.vinted.net/t/06_008f1_bChi1L6wP7ZMszF3zFB6fUyS/310x430/1772141866.webp?s=009523b70dd3d5a6835a0da017be850348922706,5,8
Giochi per Play Station 4 (fifa24per play5),63.7,No brand,0,https://www.vinted.it/items/8273524117-giochi-per-play-station-4-fifa24per-play5?referrer=catalog,0,8273524117,Sold,27/02/2026 17:01:39,,https://images1.vinted.net/t/01_02252_n34vN8DAjEiZsHG2XuWmeDxN/310x430/1772206717.webp?s=0b42c5dd298443a3eae7b88a022ece38f6c24c41,6,1
FC26 PS4,37.45,No brand,0,https://www.vinted.it/items/8276528766-fc26-ps4?referrer=catalog,0,8276528766,Sold,28/02/2026 02:13:26,,https://images1.vinted.net/t/04_024a4_rufThKw6YxoprhPiyDfh1dp9/310x430/1772240903.webp?s=9eb2276c1d7b90b984a5dec7023c2333cccc8910,3,1
Manette Bluetooth forma ps5,9.1,Battletron,0,https://www.vinted.it/items/8273703795-manette-bluetooth-forma-ps5?referrer=catalog,0,8273703795,Sold,27/02/2026 17:01:39,,https://images1.vinted.net/t/06_00474_Y7oFhNaPBGzpgVZmD2ogiDeR/310x430/1772207911.webp?s=8bcdc3d46a304b01b34c5c4a87c53243550d2be0,6,1
Spiderman,9.1,No brand,0,https://www.vinted.it/items/8273452807-spiderman?referrer=catalog,2,8273452807,Sold,27/02/2026 17:01:39,,https://images1.vinted.net/t/05_01abb_uosAGyrjDCZQZQcLELhLjCih/310x430/1772206175.webp?s=e98764edb5a91b337d427521b635457cadcae8db,6,1
SteelBook Sekiro Shadows Die Twice,26.95,SteelBook,0,https://www.vinted.it/items/8273671941-steelbook-sekiro-shadows-die-twice?referrer=catalog,1,8273671941,Sold,27/02/2026 17:01:39,,https://images1.vinted.net/t/01_0256b_sLe8Tr18uuMuP5rUCFB4S5ro/310x430/1772207694.webp?s=032053886cfaa0cc217ac73b6d6c30c4c0bb5f12,6,1
Marvel vs capcom infinite,8.05,No brand,0,https://www.vinted.it/items/8276514948-marvel-vs-capcom-infinite?referrer=catalog,0,8276514948,Sold,28/02/2026 02:13:26,,https://images1.vinted.net/t/06_006a1_7z3RtaCjUsfAi1u7ubqEFmXR/310x430/1772239665.webp?s=0b5266db6cf234cc1c4331197753220e80c63685,3,1
FC26 PS4,37.45,No brand,0,https://www.vinted.it/items/8276528766-fc26-ps4?referrer=catalog,0,8276528766,Sold,28/02/2026 02:13:26,,https://images1.vinted.net/t/04_024a4_rufThKw6YxoprhPiyDfh1dp9/310x430/1772240903.webp?s=9eb2276c1d7b90b984a5dec7023c2333cccc8910,3,1
Spiderman,9.1,No brand,0,https://www.vinted.it/items/8273452807-spiderman?referrer=catalog,2,8273452807,Sold,27/02/2026 17:01:39,,https://images1.vinted.net/t/05_01abb_uosAGyrjDCZQZQcLELhLjCih/310x430/1772206175.webp?s=e98764edb5a91b337d427521b635457cadcae8db,6,1
Marvel vs capcom infinite,8.05,No brand,0,https://www.vinted.it/items/8276514948-marvel-vs-capcom-infinite?referrer=catalog,0,8276514948,Sold,28/02/2026 02:13:26,,https://images1.vinted.net/t/06_006a1_7z3RtaCjUsfAi1u7ubqEFmXR/310x430/1772239665.webp?s=0b5266db6cf234cc1c4331197753220e80c63685,3,1
Call of duty moderne warfare,11.2,No brand,0,https://www.vinted.it/items/8269237375-call-of-duty-moderne-warfare?referrer=catalog,7,8269237375,Sold,27/02/2026 16:17:10,,https://images1.vinted.net/t/06_008f1_bChi1L6wP7ZMszF3zFB6fUyS/310x430/1772141866.webp?s=009523b70dd3d5a6835a0da017be850348922706,5,8
Giochi per Play Station 4 (fifa24per play5),63.7,No brand,0,https://www.vinted.it/items/8273524117-giochi-per-play-station-4-fifa24per-play5?referrer=catalog,0,8273524117,Sold,27/02/2026 17:01:39,,https://images1.vinted.net/t/01_02252_n34vN8DAjEiZsHG2XuWmeDxN/310x430/1772206717.webp?s=0b42c5dd298443a3eae7b88a022ece38f6c24c41,6,1
Manette Bluetooth forma ps5,9.1,Battletron,0,https://www.vinted.it/items/8273703795-manette-bluetooth-forma-ps5?referrer=catalog,0,8273703795,Sold,27/02/2026 17:01:39,,https://images1.vinted.net/t/06_00474_Y7oFhNaPBGzpgVZmD2ogiDeR/310x430/1772207911.webp?s=8bcdc3d46a304b01b34c5c4a87c53243550d2be0,6,1
SteelBook Sekiro Shadows Die Twice,26.95,SteelBook,0,https://www.vinted.it/items/8273671941-steelbook-sekiro-shadows-die-twice?referrer=catalog,1,8273671941,Sold,27/02/2026 17:01:39,,https://images1.vinted.net/t/01_0256b_sLe8Tr18uuMuP5rUCFB4S5ro/310x430/1772207694.webp?s=032053886cfaa0cc217ac73b6d6c30c4c0bb5f12,6,1
Gta V,5.95,No brand,0,https://www.vinted.it/items/8276479692-gta-v?referrer=catalog,4,8276479692,Sold,28/02/2026 02:13:26,,https://images1.vinted.net/t/05_02251_3PVBeLQzcX8GMm2LPHpGXQMY/310x430/1772237435.webp?s=4d2a76aad5071be6a07517c186fec6fba188f257,3,1
It takes two ps4 e ps5,26.95,No brand,0,https://www.vinted.it/items/8276480561-it-takes-two-ps4-e-ps5?referrer=catalog,0,8276480561,Sold,28/02/2026 02:13:26,,https://images1.vinted.net/t/06_018b4_dB5SGPEA3SA9AQw4wksBdQTS/310x430/1772237479.webp?s=6f3a7f54c46d295759ba037140085f3114909d13,3,1
Assassin's creed valhalla ps4,5.85,No brand,0,https://www.vinted.it/items/8274269502-assassins-creed-valhalla-ps4?referrer=catalog,7,8274269502,Sold,28/02/2026 02:15:45,,https://images1.vinted.net/t/06_0255e_oVgGhVB1nFvQUSUpVqa2yRQC/310x430/1772211905.webp?s=dbf5de0a33235879a11dae4168315e5f4bf2b54f,3,6
Cat quest ps4,15.4,No brand,0,https://www.vinted.it/items/8274172491-cat-quest-ps4?referrer=catalog,1,8274172491,Sold,28/02/2026 02:15:46,,https://images1.vinted.net/t/06_01791_ie8BH3Yu9baid3LXAqBPXka7/310x430/1772211198.webp?s=37319d38145c57d09341189d7bb59ac9f384a0b6,3,6
Warlocks tower red art games,16.45,No brand,0,https://www.vinted.it/items/8271979530-warlocks-tower-red-art-games?referrer=catalog,5,8271979530,Sold,28/02/2026 02:17:26,,https://images1.vinted.net/t/04_0060e_uV3vLoE4mCpiZASoBQnqkQTK/310x430/1772195778.webp?s=1d2798d752bb93fcff1a1d58ab7d2ecfaf6adb71,3,10
The last of us PS4 Blister,11.2,No brand,0,https://www.vinted.it/items/8271566516-the-last-of-us-ps4-blister?referrer=catalog,12,8271566516,Sold,28/02/2026 02:17:26,,https://images1.vinted.net/t/05_005fe_RVranYtCqUQLAa1VW62Ute2t/310x430/r2/1772192446.webp?s=979302a2d7ebc14523f56c9eba6dc4f334899714,3,10
Persona 5 royal - Steelbook no game,16.45,PlayStation,0,https://www.vinted.it/items/8276538342-persona-5-royal-steelbook-no-game?referrer=catalog,0,8276538342,Sold,28/02/2026 03:30:00,,https://images1.vinted.net/t/06_01f29_GR5ZLPUXimuD1LgCCmc5rmjq/310x430/1772241958.webp?s=fe039f58b6f5cb4c742952796fe45d589d018739,4,1
Giochi per Play Station 4 (fifa24per play5),63.7,No brand,0,https://www.vinted.it/items/8273524117-giochi-per-play-station-4-fifa24per-play5?referrer=catalog,0,8273524117,Sold,27/02/2026 17:01:39,,https://images1.vinted.net/t/01_02252_n34vN8DAjEiZsHG2XuWmeDxN/310x430/1772206717.webp?s=0b42c5dd298443a3eae7b88a022ece38f6c24c41,6,1
Call of duty moderne warfare,11.2,No brand,0,https://www.vinted.it/items/8269237375-call-of-duty-moderne-warfare?referrer=catalog,7,8269237375,Sold,27/02/2026 16:17:10,,https://images1.vinted.net/t/06_008f1_bChi1L6wP7ZMszF3zFB6fUyS/310x430/1772141866.webp?s=009523b70dd3d5a6835a0da017be850348922706,5,8
SteelBook Sekiro Shadows Die Twice,26.95,SteelBook,0,https://www.vinted.it/items/8273671941-steelbook-sekiro-shadows-die-twice?referrer=catalog,1,8273671941,Sold,27/02/2026 17:01:39,,https://images1.vinted.net/t/01_0256b_sLe8Tr18uuMuP5rUCFB4S5ro/310x430/1772207694.webp?s=032053886cfaa0cc217ac73b6d6c30c4c0bb5f12,6,1
It takes two ps4 e ps5,26.95,No brand,0,https://www.vinted.it/items/8276480561-it-takes-two-ps4-e-ps5?referrer=catalog,0,8276480561,Sold,28/02/2026 02:13:26,,https://images1.vinted.net/t/06_018b4_dB5SGPEA3SA9AQw4wksBdQTS/310x430/1772237479.webp?s=6f3a7f54c46d295759ba037140085f3114909d13,3,1
Manette Bluetooth forma ps5,9.1,Battletron,0,https://www.vinted.it/items/8273703795-manette-bluetooth-forma-ps5?referrer=catalog,0,8273703795,Sold,27/02/2026 17:01:39,,https://images1.vinted.net/t/06_00474_Y7oFhNaPBGzpgVZmD2ogiDeR/310x430/1772207911.webp?s=8bcdc3d46a304b01b34c5c4a87c53243550d2be0,6,1
Spiderman,9.1,No brand,0,https://www.vinted.it/items/8273452807-spiderman?referrer=catalog,2,8273452807,Sold,27/02/2026 17:01:39,,https://images1.vinted.net/t/05_01abb_uosAGyrjDCZQZQcLELhLjCih/310x430/1772206175.webp?s=e98764edb5a91b337d427521b635457cadcae8db,6,1
FC26 PS4,37.45,No brand,0,https://www.vinted.it/items/8276528766-fc26-ps4?referrer=catalog,0,8276528766,Sold,28/02/2026 02:13:26,,https://images1.vinted.net/t/04_024a4_rufThKw6YxoprhPiyDfh1dp9/310x430/1772240903.webp?s=9eb2276c1d7b90b984a5dec7023c2333cccc8910,3,1
Marvel vs capcom infinite,8.05,No brand,0,https://www.vinted.it/items/8276514948-marvel-vs-capcom-infinite?referrer=catalog,0,8276514948,Sold,28/02/2026 02:13:26,,https://images1.vinted.net/t/06_006a1_7z3RtaCjUsfAi1u7ubqEFmXR/310x430/1772239665.webp?s=0b5266db6cf234cc1c4331197753220e80c63685,3,1
Gta V,5.95,No brand,0,https://www.vinted.it/items/8276479692-gta-v?referrer=catalog,4,8276479692,Sold,28/02/2026 02:13:26,,https://images1.vinted.net/t/05_02251_3PVBeLQzcX8GMm2LPHpGXQMY/310x430/1772237435.webp?s=4d2a76aad5071be6a07517c186fec6fba188f257,3,1
Warlocks tower red art games,16.45,No brand,0,https://www.vinted.it/items/8271979530-warlocks-tower-red-art-games?referrer=catalog,5,8271979530,Sold,28/02/2026 02:17:26,,https://images1.vinted.net/t/04_0060e_uV3vLoE4mCpiZASoBQnqkQTK/310x430/1772195778.webp?s=1d2798d752bb93fcff1a1d58ab7d2ecfaf6adb71,3,10
Cat quest ps4,15.4,No brand,0,https://www.vinted.it/items/8274172491-cat-quest-ps4?referrer=catalog,1,8274172491,Sold,28/02/2026 02:15:46,,https://images1.vinted.net/t/06_01791_ie8BH3Yu9baid3LXAqBPXka7/310x430/1772211198.webp?s=37319d38145c57d09341189d7bb59ac9f384a0b6,3,6
Assassin's creed valhalla ps4,5.85,No brand,0,https://www.vinted.it/items/8274269502-assassins-creed-valhalla-ps4?referrer=catalog,7,8274269502,Sold,28/02/2026 02:15:45,,https://images1.vinted.net/t/06_0255e_oVgGhVB1nFvQUSUpVqa2yRQC/310x430/1772211905.webp?s=dbf5de0a33235879a11dae4168315e5f4bf2b54f,3,6
Persona 5 royal - Steelbook no game,16.45,PlayStation,0,https://www.vinted.it/items/8276538342-persona-5-royal-steelbook-no-game?referrer=catalog,0,8276538342,Sold,28/02/2026 03:30:00,,https://images1.vinted.net/t/06_01f29_GR5ZLPUXimuD1LgCCmc5rmjq/310x430/1772241958.webp?s=fe039f58b6f5cb4c742952796fe45d589d018739,4,1
The last of us PS4 Blister,11.2,No brand,0,https://www.vinted.it/items/8271566516-the-last-of-us-ps4-blister?referrer=catalog,12,8271566516,Sold,28/02/2026 02:17:26,,https://images1.vinted.net/t/05_005fe_RVranYtCqUQLAa1VW62Ute2t/310x430/r2/1772192446.webp?s=979302a2d7ebc14523f56c9eba6dc4f334899714,3,10
The order 1886 Spiderman,21.7,No brand,0,https://www.vinted.it/items/8276618139-the-order-1886-spiderman?referrer=catalog,0,8276618139,Sold,28/02/2026 07:10:06,,https://images1.vinted.net/t/06_02400_Z8Gtd1dS95sG3CS5tQYeYFSP/310x430/1772256058.webp?s=3827eab2ef63870205e3e330ba9c4b813c23bbdc,7,1
Gioco play 4,5.95,No brand,0,https://www.vinted.it/items/8276792876-gioco-play-4?referrer=catalog,0,8276792876,Sold,28/02/2026 08:21:43,,https://images1.vinted.net/t/06_005c9_oryvaySxyyPSqRVBDHH8rmHY/310x430/1772263139.webp?s=a4abd39f52fda1fa03764c9574fcb955cdd1ff21,8,1
PS4 Games,5.95,No brand,0,https://www.vinted.it/items/8276690674-ps4-games?referrer=catalog,0,8276690674,Sold,28/02/2026 08:21:43,,https://images1.vinted.net/t/01_0229a_bewLYZkLrZDSveABrtkZi7XN/310x430/1772260479.webp?s=837925d15f44f3d6b79f0439300b585fe9408552,8,1
Sapere e potere,10.15,No brand,0,https://www.vinted.it/items/8283528972-sapere-e-potere?referrer=catalog,0,8283528972,Sold,28/02/2026 20:32:06,,https://images1.vinted.net/t/06_005c9_2G5fKj1CvKcYJ9nyKbcQM25b/310x430/1772306998.webp?s=8f0efbd0e111b2370b28bdf91fd7eb7e74476f53,1,1
Marvel vs capcom infinite,8.05,No brand,0,https://www.vinted.it/items/8276514948-marvel-vs-capcom-infinite?referrer=catalog,0,8276514948,Sold,28/02/2026 02:13:26,,https://images1.vinted.net/t/06_006a1_7z3RtaCjUsfAi1u7ubqEFmXR/310x430/1772239665.webp?s=0b5266db6cf234cc1c4331197753220e80c63685,3,1
Call of duty moderne warfare,11.2,No brand,0,https://www.vinted.it/items/8269237375-call-of-duty-moderne-warfare?referrer=catalog,7,8269237375,Sold,27/02/2026 16:17:10,,https://images1.vinted.net/t/06_008f1_bChi1L6wP7ZMszF3zFB6fUyS/310x430/1772141866.webp?s=009523b70dd3d5a6835a0da017be850348922706,5,8
It takes two ps4 e ps5,26.95,No brand,0,https://www.vinted.it/items/8276480561-it-takes-two-ps4-e-ps5?referrer=catalog,0,8276480561,Sold,28/02/2026 02:13:26,,https://images1.vinted.net/t/06_018b4_dB5SGPEA3SA9AQw4wksBdQTS/310x430/1772237479.webp?s=6f3a7f54c46d295759ba037140085f3114909d13,3,1
Giochi per Play Station 4 (fifa24per play5),63.7,No brand,0,https://www.vinted.it/items/8273524117-giochi-per-play-station-4-fifa24per-play5?referrer=catalog,0,8273524117,Sold,27/02/2026 17:01:39,,https://images1.vinted.net/t/01_02252_n34vN8DAjEiZsHG2XuWmeDxN/310x430/1772206717.webp?s=0b42c5dd298443a3eae7b88a022ece38f6c24c41,6,1
SteelBook Sekiro Shadows Die Twice,26.95,SteelBook,0,https://www.vinted.it/items/8273671941-steelbook-sekiro-shadows-die-twice?referrer=catalog,1,8273671941,Sold,27/02/2026 17:01:39,,https://images1.vinted.net/t/01_0256b_sLe8Tr18uuMuP5rUCFB4S5ro/310x430/1772207694.webp?s=032053886cfaa0cc217ac73b6d6c30c4c0bb5f12,6,1
Manette Bluetooth forma ps5,9.1,Battletron,0,https://www.vinted.it/items/8273703795-manette-bluetooth-forma-ps5?referrer=catalog,0,8273703795,Sold,27/02/2026 17:01:39,,https://images1.vinted.net/t/06_00474_Y7oFhNaPBGzpgVZmD2ogiDeR/310x430/1772207911.webp?s=8bcdc3d46a304b01b34c5c4a87c53243550d2be0,6,1
Spiderman,9.1,No brand,0,https://www.vinted.it/items/8273452807-spiderman?referrer=catalog,2,8273452807,Sold,27/02/2026 17:01:39,,https://images1.vinted.net/t/05_01abb_uosAGyrjDCZQZQcLELhLjCih/310x430/1772206175.webp?s=e98764edb5a91b337d427521b635457cadcae8db,6,1
FC26 PS4,37.45,No brand,0,https://www.vinted.it/items/8276528766-fc26-ps4?referrer=catalog,0,8276528766,Sold,28/02/2026 02:13:26,,https://images1.vinted.net/t/04_024a4_rufThKw6YxoprhPiyDfh1dp9/310x430/1772240903.webp?s=9eb2276c1d7b90b984a5dec7023c2333cccc8910,3,1
Gta V,5.95,No brand,0,https://www.vinted.it/items/8276479692-gta-v?referrer=catalog,4,8276479692,Sold,28/02/2026 02:13:26,,https://images1.vinted.net/t/05_02251_3PVBeLQzcX8GMm2LPHpGXQMY/310x430/1772237435.webp?s=4d2a76aad5071be6a07517c186fec6fba188f257,3,1
Assassin's creed valhalla ps4,5.85,No brand,0,https://www.vinted.it/items/8274269502-assassins-creed-valhalla-ps4?referrer=catalog,7,8274269502,Sold,28/02/2026 02:15:45,,https://images1.vinted.net/t/06_0255e_oVgGhVB1nFvQUSUpVqa2yRQC/310x430/1772211905.webp?s=dbf5de0a33235879a11dae4168315e5f4bf2b54f,3,6
Warlocks tower red art games,16.45,No brand,0,https://www.vinted.it/items/8271979530-warlocks-tower-red-art-games?referrer=catalog,5,8271979530,Sold,28/02/2026 02:17:26,,https://images1.vinted.net/t/04_0060e_uV3vLoE4mCpiZASoBQnqkQTK/310x430/1772195778.webp?s=1d2798d752bb93fcff1a1d58ab7d2ecfaf6adb71,3,10
Persona 5 royal - Steelbook no game,16.45,PlayStation,0,https://www.vinted.it/items/8276538342-persona-5-royal-steelbook-no-game?referrer=catalog,0,8276538342,Sold,28/02/2026 03:30:00,,https://images1.vinted.net/t/06_01f29_GR5ZLPUXimuD1LgCCmc5rmjq/310x430/1772241958.webp?s=fe039f58b6f5cb4c742952796fe45d589d018739,4,1
The last of us PS4 Blister,11.2,No brand,0,https://www.vinted.it/items/8271566516-the-last-of-us-ps4-blister?referrer=catalog,12,8271566516,Sold,28/02/2026 02:17:26,,https://images1.vinted.net/t/05_005fe_RVranYtCqUQLAa1VW62Ute2t/310x430/r2/1772192446.webp?s=979302a2d7ebc14523f56c9eba6dc4f334899714,3,10
The order 1886 Spiderman,21.7,No brand,0,https://www.vinted.it/items/8276618139-the-order-1886-spiderman?referrer=catalog,0,8276618139,Sold,28/02/2026 07:10:06,,https://images1.vinted.net/t/06_02400_Z8Gtd1dS95sG3CS5tQYeYFSP/310x430/1772256058.webp?s=3827eab2ef63870205e3e330ba9c4b813c23bbdc,7,1
Gioco play 4,5.95,No brand,0,https://www.vinted.it/items/8276792876-gioco-play-4?referrer=catalog,0,8276792876,Sold,28/02/2026 08:21:43,,https://images1.vinted.net/t/06_005c9_oryvaySxyyPSqRVBDHH8rmHY/310x430/1772263139.webp?s=a4abd39f52fda1fa03764c9574fcb955cdd1ff21,8,1
Cat quest ps4,15.4,No brand,0,https://www.vinted.it/items/8274172491-cat-quest-ps4?referrer=catalog,1,8274172491,Sold,28/02/2026 02:15:46,,https://images1.vinted.net/t/06_01791_ie8BH3Yu9baid3LXAqBPXka7/310x430/1772211198.webp?s=37319d38145c57d09341189d7bb59ac9f384a0b6,3,6
PS4 Games,5.95,No brand,0,https://www.vinted.it/items/8276690674-ps4-games?referrer=catalog,0,8276690674,Sold,28/02/2026 08:21:43,,https://images1.vinted.net/t/01_0229a_bewLYZkLrZDSveABrtkZi7XN/310x430/1772260479.webp?s=837925d15f44f3d6b79f0439300b585fe9408552,8,1
Sapere e potere,10.15,No brand,0,https://www.vinted.it/items/8283528972-sapere-e-potere?referrer=catalog,0,8283528972,Sold,28/02/2026 20:32:06,,https://images1.vinted.net/t/06_005c9_2G5fKj1CvKcYJ9nyKbcQM25b/310x430/1772306998.webp?s=8f0efbd0e111b2370b28bdf91fd7eb7e74476f53,1,1
Jeux need for speed hot pursuit,9.1,No brand,0,https://www.vinted.it/items/8283920010-jeux-need-for-speed-hot-pursuit?referrer=catalog,0,8283920010,Sold,28/02/2026 21:43:54,,https://images1.vinted.net/t/04_01ac5_GedZF7hErBDgiKWNfFmbvzdp/310x430/1772310544.webp?s=eda42110e0a4720026aeb677b23d0fdf6825269c,2,1
Jeu red dead redemption 2 ps4,10.15,No brand,0,https://www.vinted.it/items/8283885428-jeu-red-dead-redemption-2-ps4?referrer=catalog,1,8283885428,Sold,28/02/2026 21:43:54,,https://images1.vinted.net/t/01_00519_yTrJDCczmKmKbhLKzLHCvtGj/310x430/1772310214.webp?s=ea2571f8c101ae7851fa4f1a161632d87448b5e7,2,1
Gaming headset PS4 / PS5 – Camouflage – Met microfoon,5.95,No brand,0,https://www.vinted.it/items/8283837579-gaming-headset-ps4-ps5-camouflage-met-microfoon?referrer=catalog,3,8283837579,Sold,28/02/2026 21:43:54,,https://images1.vinted.net/t/06_02110_r3STpt9WWQdSoW4yCaRX9C9F/310x430/1772309764.webp?s=7f021f4acd7cc7b166ddf0738f1f6011fe537001,2,1
SteelBook Sekiro Shadows Die Twice,26.95,SteelBook,0,https://www.vinted.it/items/8273671941-steelbook-sekiro-shadows-die-twice?referrer=catalog,1,8273671941,Sold,27/02/2026 17:01:39,,https://images1.vinted.net/t/01_0256b_sLe8Tr18uuMuP5rUCFB4S5ro/310x430/1772207694.webp?s=032053886cfaa0cc217ac73b6d6c30c4c0bb5f12,6,1
Marvel vs capcom infinite,8.05,No brand,0,https://www.vinted.it/items/8276514948-marvel-vs-capcom-infinite?referrer=catalog,0,8276514948,Sold,28/02/2026 02:13:26,,https://images1.vinted.net/t/06_006a1_7z3RtaCjUsfAi1u7ubqEFmXR/310x430/1772239665.webp?s=0b5266db6cf234cc1c4331197753220e80c63685,3,1
It takes two ps4 e ps5,26.95,No brand,0,https://www.vinted.it/items/8276480561-it-takes-two-ps4-e-ps5?referrer=catalog,0,8276480561,Sold,28/02/2026 02:13:26,,https://images1.vinted.net/t/06_018b4_dB5SGPEA3SA9AQw4wksBdQTS/310x430/1772237479.webp?s=6f3a7f54c46d295759ba037140085f3114909d13,3,1
Manette Bluetooth forma ps5,9.1,Battletron,0,https://www.vinted.it/items/8273703795-manette-bluetooth-forma-ps5?referrer=catalog,0,8273703795,Sold,27/02/2026 17:01:39,,https://images1.vinted.net/t/06_00474_Y7oFhNaPBGzpgVZmD2ogiDeR/310x430/1772207911.webp?s=8bcdc3d46a304b01b34c5c4a87c53243550d2be0,6,1
Call of duty moderne warfare,11.2,No brand,0,https://www.vinted.it/items/8269237375-call-of-duty-moderne-warfare?referrer=catalog,7,8269237375,Sold,27/02/2026 16:17:10,,https://images1.vinted.net/t/06_008f1_bChi1L6wP7ZMszF3zFB6fUyS/310x430/1772141866.webp?s=009523b70dd3d5a6835a0da017be850348922706,5,8
Spiderman,9.1,No brand,0,https://www.vinted.it/items/8273452807-spiderman?referrer=catalog,2,8273452807,Sold,27/02/2026 17:01:39,,https://images1.vinted.net/t/05_01abb_uosAGyrjDCZQZQcLELhLjCih/310x430/1772206175.webp?s=e98764edb5a91b337d427521b635457cadcae8db,6,1
Giochi per Play Station 4 (fifa24per play5),63.7,No brand,0,https://www.vinted.it/items/8273524117-giochi-per-play-station-4-fifa24per-play5?referrer=catalog,0,8273524117,Sold,27/02/2026 17:01:39,,https://images1.vinted.net/t/01_02252_n34vN8DAjEiZsHG2XuWmeDxN/310x430/1772206717.webp?s=0b42c5dd298443a3eae7b88a022ece38f6c24c41,6,1
FC26 PS4,37.45,No brand,0,https://www.vinted.it/items/8276528766-fc26-ps4?referrer=catalog,0,8276528766,Sold,28/02/2026 02:13:26,,https://images1.vinted.net/t/04_024a4_rufThKw6YxoprhPiyDfh1dp9/310x430/1772240903.webp?s=9eb2276c1d7b90b984a5dec7023c2333cccc8910,3,1
PS4 Games,5.95,No brand,0,https://www.vinted.it/items/8276690674-ps4-games?referrer=catalog,0,8276690674,Sold,28/02/2026 08:21:43,,https://images1.vinted.net/t/01_0229a_bewLYZkLrZDSveABrtkZi7XN/310x430/1772260479.webp?s=837925d15f44f3d6b79f0439300b585fe9408552,8,1
Jeu red dead redemption 2 ps4,10.15,No brand,0,https://www.vinted.it/items/8283885428-jeu-red-dead-redemption-2-ps4?referrer=catalog,1,8283885428,Sold,28/02/2026 21:43:54,,https://images1.vinted.net/t/01_00519_yTrJDCczmKmKbhLKzLHCvtGj/310x430/1772310214.webp?s=ea2571f8c101ae7851fa4f1a161632d87448b5e7,2,1
Gaming headset PS4 / PS5 – Camouflage – Met microfoon,5.95,No brand,0,https://www.vinted.it/items/8283837579-gaming-headset-ps4-ps5-camouflage-met-microfoon?referrer=catalog,3,8283837579,Sold,28/02/2026 21:43:54,,https://images1.vinted.net/t/06_02110_r3STpt9WWQdSoW4yCaRX9C9F/310x430/1772309764.webp?s=7f021f4acd7cc7b166ddf0738f1f6011fe537001,2,1
Jeux need for speed hot pursuit,9.1,No brand,0,https://www.vinted.it/items/8283920010-jeux-need-for-speed-hot-pursuit?referrer=catalog,0,8283920010,Sold,28/02/2026 21:43:54,,https://images1.vinted.net/t/04_01ac5_GedZF7hErBDgiKWNfFmbvzdp/310x430/1772310544.webp?s=eda42110e0a4720026aeb677b23d0fdf6825269c,2,1
Manette PS4 Neuve Rouge,23.8,No brand,0,https://www.vinted.it/items/8283247664-manette-ps4-neuve-rouge?referrer=catalog,1,8283247664,Sold,28/02/2026 21:44:17,,https://images1.vinted.net/t/05_00c37_eVXv4H2tXBK9yNDGWPoj9Pze/310x430/1772304604.webp?s=b7339757b0b19974aadce260dd2caa39461e1bd2,2,2
Controller PS4 Dualshock,32.1,PlayStation,0,https://www.vinted.it/items/8255279645-controller-ps4-dualshock?referrer=catalog,0,8255279645,Sold,28/02/2026 23:00:52,,https://images1.vinted.net/t/06_01aa3_H7kD4VF17NjSBFedcS1jj3Eb/310x430/1771970390.webp?s=5224c100ddaee0c11e60f2fba7f8c9e714eb9614,3,1
Manette PS4 Neuve Rouge,23.8,No brand,0,https://www.vinted.it/items/8247402722-manette-ps4-neuve-rouge?referrer=catalog,9,8247402722,Sold,28/02/2026 23:00:52,,https://images1.vinted.net/t/06_01c8b_mvHgR4EeJqMamTVZ3eCGrEAU/310x430/1772312607.webp?s=c64aca67cfa79019eb2a862d7373d87305ed33c4,3,1
Manette PS4 état neuf jamais utilisé,21.7,No brand,0,https://www.vinted.it/items/8284080761-manette-ps4-etat-neuf-jamais-utilise?referrer=catalog,8,8284080761,Sold,28/02/2026 23:00:52,,https://images1.vinted.net/t/05_011fa_sGiGSVyAs3DmQUaPuV1F34yi/310x430/1772312160.webp?s=59432b0e7493d6cbe89709fa03afab475e71c221,3,1
Playstation 4 pro,95.2,PlayStation,0,https://www.vinted.it/items/8284549316-playstation-4-pro?referrer=catalog,4,8284549316,Sold,01/03/2026 00:23:01,,https://images1.vinted.net/t/01_00adb_5LiamJf8dNjmQfgdmKdd4gbk/310x430/1772318717.webp?s=dfe0cebeface5505b75402e45c84efcc5f73b652,4,1
Far Cry 5,11.2,No brand,0,https://www.vinted.it/items/8284542727-far-cry-5?referrer=catalog,0,8284542727,Sold,01/03/2026 00:23:01,,https://images1.vinted.net/t/04_010ea_Ltgdy8pk7jHaWtg5C5iMh7uE/310x430/1772318576.webp?s=71b3d5b3072270f09dd64862a52cda7a8a0e8bb4,4,1
Jeux vidéo PS4,11.2,No brand,0,https://www.vinted.it/items/8281688570-jeux-video-ps4?referrer=catalog,14,8281688570,Sold,01/03/2026 00:25:07,,https://images1.vinted.net/t/06_01163_BG85hGhLR5kM6mN268vBHEUv/310x430/1772294686.webp?s=f6d559abe3b1b14d822377e4e453defb23852495,4,6
Mando para playstation 4 bronce gold,19.6,PowerA,0,https://www.vinted.it/items/8282205340-mando-para-playstation-4-bronce-gold?referrer=catalog,8,8282205340,Sold,01/03/2026 02:52:28,,https://images1.vinted.net/t/06_0205d_iWRMpuUQmPbpt2mo8LiLiKpC/310x430/1772297516.webp?s=6047b5637789964ea8c0282491bfc8b38614b1da,6,5
PS4 game - Little Big Planet 3,7.0,No brand,0,https://www.vinted.it/items/8280828399-ps4-game-little-big-planet-3?referrer=catalog,4,8280828399,Sold,01/03/2026 04:10:28,,https://images1.vinted.net/t/06_013c5_ydfQRe8G6yCjVpwkr2dLtbdc/310x430/1772290193.webp?s=2e8a054fb81850d0369997008b6d7a4f265bf78e,7,8
Manette de jeu ps4,21.7,Sony,0,https://www.vinted.it/items/8284103761-manette-de-jeu-ps4?referrer=catalog,0,8284103761,Sold,01/03/2026 05:24:27,,https://images1.vinted.net/t/05_022de_dTSZoPaFi6uPMSD4tm5nAjRv/310x430/1772312397.webp?s=53ec9d41a164e154e02691b04b0a7eeef911f931,8,1
PS4 game - Little Big Planet 3,7.0,No brand,0,https://www.vinted.it/items/8280828399-ps4-game-little-big-planet-3?referrer=catalog,4,8280828399,Sold,01/03/2026 04:10:28,,https://images1.vinted.net/t/06_013c5_ydfQRe8G6yCjVpwkr2dLtbdc/310x430/1772290193.webp?s=2e8a054fb81850d0369997008b6d7a4f265bf78e,7,8
Trilogie dark souls 1 dark souls 2 dark souls 3,32.2,No brand,0,https://www.vinted.it/items/8284638866-trilogie-dark-souls-1-dark-souls-2-dark-souls-3?referrer=catalog,1,8284638866,Sold,01/03/2026 05:24:27,,https://images1.vinted.net/t/05_00192_2FjPHEVMW67tBLVPuZLEWK1R/310x430/1772320994.webp?s=6008a29549f56e0cb9ddd3769083aee37f7bfd2b,8,1
kingdom hearts the story so far,26.95,No brand,0,https://www.vinted.it/items/8284823088-kingdom-hearts-the-story-so-far?referrer=catalog,1,8284823088,Sold,01/03/2026 05:24:27,,https://images1.vinted.net/t/05_01023_78qQevrQvD79daD23gYkgFPM/310x430/1772337554.webp?s=e9068e6ea5c6bb3f2550eed22b688f6a9f634148,8,1
PES 2021 (Ps4),32.2,No brand,0,https://www.vinted.it/items/8285210576-pes-2021-ps4?referrer=catalog,0,8285210576,Sold,01/03/2026 09:14:03,,https://images1.vinted.net/t/03_00846_nVCXRDNYEexK8ZuG9W7hQ18c/310x430/1772352743.webp?s=320101f8acf7b4bdb1c9f679008ce914e46a4b1e,11,1
Final Fantasy XV – Special Edition Steelbook (PS4 | USK 12),19.6,No brand,0,https://www.vinted.it/items/8285184907-final-fantasy-xv-special-edition-steelbook-ps4-usk-12?referrer=catalog,0,8285184907,Sold,01/03/2026 09:14:03,,https://images1.vinted.net/t/01_002be_Gf7Mhv58XXWqNaYDzmz8Ujbz/310x430/1772352441.webp?s=7c9af1f5e4feb6cc67047932aee2bb08e4cdead9,11,1
Doraemon Story of Seasons PS4 Spiel,5.43,No brand,0,https://www.vinted.it/items/8285182755-doraemon-story-of-seasons-ps4-spiel?referrer=catalog,1,8285182755,Sold,01/03/2026 09:14:03,,https://images1.vinted.net/t/06_00094_BoYWPyCqFzZabpQ83ZTgKiXz/310x430/1772352415.webp?s=6592e949a671b79404424f9ac55c3e6a6b525f22,11,1
Final Fantasy XV – Special Edition Steelbook (PS4 | USK 12),19.6,No brand,0,https://www.vinted.it/items/8285184907-final-fantasy-xv-special-edition-steelbook-ps4-usk-12?referrer=catalog,0,8285184907,Sold,01/03/2026 09:14:03,,https://images1.vinted.net/t/01_002be_Gf7Mhv58XXWqNaYDzmz8Ujbz/310x430/1772352441.webp?s=7c9af1f5e4feb6cc67047932aee2bb08e4cdead9,11,1
Manette de jeu ps4,21.7,Sony,0,https://www.vinted.it/items/8284103761-manette-de-jeu-ps4?referrer=catalog,0,8284103761,Sold,01/03/2026 05:24:27,,https://images1.vinted.net/t/05_022de_dTSZoPaFi6uPMSD4tm5nAjRv/310x430/1772312397.webp?s=53ec9d41a164e154e02691b04b0a7eeef911f931,8,1
kingdom hearts the story so far,26.95,No brand,0,https://www.vinted.it/items/8284823088-kingdom-hearts-the-story-so-far?referrer=catalog,1,8284823088,Sold,01/03/2026 05:24:27,,https://images1.vinted.net/t/05_01023_78qQevrQvD79daD23gYkgFPM/310x430/1772337554.webp?s=e9068e6ea5c6bb3f2550eed22b688f6a9f634148,8,1
Doraemon Story of Seasons PS4 Spiel,5.43,No brand,0,https://www.vinted.it/items/8285182755-doraemon-story-of-seasons-ps4-spiel?referrer=catalog,1,8285182755,Sold,01/03/2026 09:14:03,,https://images1.vinted.net/t/06_00094_BoYWPyCqFzZabpQ83ZTgKiXz/310x430/1772352415.webp?s=6592e949a671b79404424f9ac55c3e6a6b525f22,11,1
PES 2021 (Ps4),32.2,No brand,0,https://www.vinted.it/items/8285210576-pes-2021-ps4?referrer=catalog,0,8285210576,Sold,01/03/2026 09:14:03,,https://images1.vinted.net/t/03_00846_nVCXRDNYEexK8ZuG9W7hQ18c/310x430/1772352743.webp?s=320101f8acf7b4bdb1c9f679008ce914e46a4b1e,11,1
Trilogie dark souls 1 dark souls 2 dark souls 3,32.2,No brand,0,https://www.vinted.it/items/8284638866-trilogie-dark-souls-1-dark-souls-2-dark-souls-3?referrer=catalog,1,8284638866,Sold,01/03/2026 05:24:27,,https://images1.vinted.net/t/05_00192_2FjPHEVMW67tBLVPuZLEWK1R/310x430/1772320994.webp?s=6008a29549f56e0cb9ddd3769083aee37f7bfd2b,8,1
call of duty black ops 7 ps5,37.45,No brand,0,https://www.vinted.it/items/8285566924-call-of-duty-black-ops-7-ps5?referrer=catalog,0,8285566924,Sold,01/03/2026 10:26:09,,https://images1.vinted.net/t/05_002ee_7ob5PAJMfbG2FTrD6E6kPUZV/310x430/1772355919.webp?s=3f1247bfea7931f467dbedd18866b4b83965c1f4,12,1
GTA 5 PS4,8.58,No brand,0,https://www.vinted.it/items/8285531224-gta-5-ps4?referrer=catalog,1,8285531224,Sold,01/03/2026 10:26:09,,https://images1.vinted.net/t/05_01054_5eJVR8bhPC3yPZarCRqmbrhT/310x430/1772355656.webp?s=4c87a7c7df8a2837a1d4bd6fd8f26643dcc628be,12,1
Divinity original sin 2,40.6,No brand,0,https://www.vinted.it/items/8285509294-divinity-original-sin-2?referrer=catalog,2,8285509294,Sold,01/03/2026 10:26:09,,https://images1.vinted.net/t/01_01c73_uASPLRYyqQAC1UhNdkFUZyrq/310x430/1772355491.webp?s=97b97b6948f1a275d38d63dfe8b1e363d2d7f2b0,12,1
PS4 PS5 - Tales of Berseria en très bon état sur Playstation 4 et 5,11.2,No brand,0,https://www.vinted.it/items/8285409524-ps4-ps5-tales-of-berseria-en-tres-bon-etat-sur-playstation-4-et-5?referrer=catalog,0,8285409524,Sold,01/03/2026 10:26:09,,https://images1.vinted.net/t/06_01a90_vXeVT9PWHY8i2dkHDCLzuXGo/310x430/1772354689.webp?s=75c90490b9b4e620b9183bdfdf72697e9560e4d9,12,1
Manette PS4,21.7,PlayStation,0,https://www.vinted.it/items/8280458538-manette-ps4?referrer=catalog,2,8280458538,Sold,01/03/2026 10:26:09,,https://images1.vinted.net/t/05_003e4_ZvKehAVWkQYAccixGW6Zb6pU/310x430/1772288225.webp?s=55f41276a8d58fdf6d0f37963dff02a984d07c07,12,1
Jeux gran turismo 7,26.95,No brand,0,https://www.vinted.it/items/8285378557-jeux-gran-turismo-7?referrer=catalog,5,8285378557,Sold,01/03/2026 10:26:09,,https://images1.vinted.net/t/05_01cb2_VxBFTuBsvMsq4EDQkKbsQDt3/310x430/1772354422.webp?s=51a67b9803f45324c9bc046637ae28bf29b6d94c,12,1
call of duty black ops 7 ps5,37.45,No brand,0,https://www.vinted.it/items/8285566924-call-of-duty-black-ops-7-ps5?referrer=catalog,0,8285566924,Sold,01/03/2026 10:26:09,,https://images1.vinted.net/t/05_002ee_7ob5PAJMfbG2FTrD6E6kPUZV/310x430/1772355919.webp?s=3f1247bfea7931f467dbedd18866b4b83965c1f4,12,1
GTA 5 PS4,8.58,No brand,0,https://www.vinted.it/items/8285531224-gta-5-ps4?referrer=catalog,1,8285531224,Sold,01/03/2026 10:26:09,,https://images1.vinted.net/t/05_01054_5eJVR8bhPC3yPZarCRqmbrhT/310x430/1772355656.webp?s=4c87a7c7df8a2837a1d4bd6fd8f26643dcc628be,12,1
Final Fantasy XV – Special Edition Steelbook (PS4 | USK 12),19.6,No brand,0,https://www.vinted.it/items/8285184907-final-fantasy-xv-special-edition-steelbook-ps4-usk-12?referrer=catalog,0,8285184907,Sold,01/03/2026 09:14:03,,https://images1.vinted.net/t/01_002be_Gf7Mhv58XXWqNaYDzmz8Ujbz/310x430/1772352441.webp?s=7c9af1f5e4feb6cc67047932aee2bb08e4cdead9,11,1
kingdom hearts the story so far,26.95,No brand,0,https://www.vinted.it/items/8284823088-kingdom-hearts-the-story-so-far?referrer=catalog,1,8284823088,Sold,01/03/2026 05:24:27,,https://images1.vinted.net/t/05_01023_78qQevrQvD79daD23gYkgFPM/310x430/1772337554.webp?s=e9068e6ea5c6bb3f2550eed22b688f6a9f634148,8,1
Manette de jeu ps4,21.7,Sony,0,https://www.vinted.it/items/8284103761-manette-de-jeu-ps4?referrer=catalog,0,8284103761,Sold,01/03/2026 05:24:27,,https://images1.vinted.net/t/05_022de_dTSZoPaFi6uPMSD4tm5nAjRv/310x430/1772312397.webp?s=53ec9d41a164e154e02691b04b0a7eeef911f931,8,1
PES 2021 (Ps4),32.2,No brand,0,https://www.vinted.it/items/8285210576-pes-2021-ps4?referrer=catalog,0,8285210576,Sold,01/03/2026 09:14:03,,https://images1.vinted.net/t/03_00846_nVCXRDNYEexK8ZuG9W7hQ18c/310x430/1772352743.webp?s=320101f8acf7b4bdb1c9f679008ce914e46a4b1e,11,1
Trilogie dark souls 1 dark souls 2 dark souls 3,32.2,No brand,0,https://www.vinted.it/items/8284638866-trilogie-dark-souls-1-dark-souls-2-dark-souls-3?referrer=catalog,1,8284638866,Sold,01/03/2026 05:24:27,,https://images1.vinted.net/t/05_00192_2FjPHEVMW67tBLVPuZLEWK1R/310x430/1772320994.webp?s=6008a29549f56e0cb9ddd3769083aee37f7bfd2b,8,1
Doraemon Story of Seasons PS4 Spiel,5.43,No brand,0,https://www.vinted.it/items/8285182755-doraemon-story-of-seasons-ps4-spiel?referrer=catalog,1,8285182755,Sold,01/03/2026 09:14:03,,https://images1.vinted.net/t/06_00094_BoYWPyCqFzZabpQ83ZTgKiXz/310x430/1772352415.webp?s=6592e949a671b79404424f9ac55c3e6a6b525f22,11,1
Divinity original sin 2,40.6,No brand,0,https://www.vinted.it/items/8285509294-divinity-original-sin-2?referrer=catalog,2,8285509294,Sold,01/03/2026 10:26:09,,https://images1.vinted.net/t/01_01c73_uASPLRYyqQAC1UhNdkFUZyrq/310x430/1772355491.webp?s=97b97b6948f1a275d38d63dfe8b1e363d2d7f2b0,12,1
Manette PS4,21.7,PlayStation,0,https://www.vinted.it/items/8280458538-manette-ps4?referrer=catalog,2,8280458538,Sold,01/03/2026 10:26:09,,https://images1.vinted.net/t/05_003e4_ZvKehAVWkQYAccixGW6Zb6pU/310x430/1772288225.webp?s=55f41276a8d58fdf6d0f37963dff02a984d07c07,12,1
PS4 PS5 - Tales of Berseria en très bon état sur Playstation 4 et 5,11.2,No brand,0,https://www.vinted.it/items/8285409524-ps4-ps5-tales-of-berseria-en-tres-bon-etat-sur-playstation-4-et-5?referrer=catalog,0,8285409524,Sold,01/03/2026 10:26:09,,https://images1.vinted.net/t/06_01a90_vXeVT9PWHY8i2dkHDCLzuXGo/310x430/1772354689.webp?s=75c90490b9b4e620b9183bdfdf72697e9560e4d9,12,1
Jeux gran turismo 7,26.95,No brand,0,https://www.vinted.it/items/8285378557-jeux-gran-turismo-7?referrer=catalog,5,8285378557,Sold,01/03/2026 10:26:09,,https://images1.vinted.net/t/05_01cb2_VxBFTuBsvMsq4EDQkKbsQDt3/310x430/1772354422.webp?s=51a67b9803f45324c9bc046637ae28bf29b6d94c,12,1
Lot de 5 pieges pour Laeticia,11.2,No brand,0,https://www.vinted.it/items/8284107204-lot-de-5-pieges-pour-laeticia?referrer=catalog,0,8284107204,Sold,01/03/2026 10:27:30,,https://images1.vinted.net/t/06_0253b_to4t4E4Up5YnJxN3rBDQgTs3/310x430/1772312435.webp?s=93207e54c88a234be64b3efd8883f055a0af61c2,12,4
PS4 Kingdom Come Deliverance Royal Edition,16.45,No brand,0,https://www.vinted.it/items/8279854468-ps4-kingdom-come-deliverance-royal-edition?referrer=catalog,1,8279854468,Sold,01/03/2026 10:29:57,,https://images1.vinted.net/t/05_01899_Uxqss6tH2MKdYW922NgbUmRN/310x430/1772284962.webp?s=f14f16b87834083ba7f5881401faa66c6a579433,12,10
Manette Bluetooth Sony neuve,23.8,Sony,0,https://www.vinted.it/items/8285631157-manette-bluetooth-sony-neuve?referrer=catalog,0,8285631157,Sold,01/03/2026 11:04:25,,https://images1.vinted.net/t/03_0196d_NzrALCNMnrMXDbAjRV4HnYXd/310x430/1772356372.webp?s=f72330de00fa70864c31032b08b9737cbf4ac8f6,1,1
Manette PS4 état neuf jamais utilisé,21.7,No brand,0,https://www.vinted.it/items/8286013331-manette-ps4-etat-neuf-jamais-utilise?referrer=catalog,2,8286013331,Sold,01/03/2026 11:04:25,,https://images1.vinted.net/t/05_0212e_wnXP8E3WgReuKTxPYW5F9bYs/310x430/1772358716.webp?s=cc2e62bb17a37aed4078cb7df965b9eed3407ff1,1,1
Call Of Duty infinite warfare e COD remastered,3.85,No brand,0,https://www.vinted.it/items/8285963640-call-of-duty-infinite-warfare-e-cod-remastered?referrer=catalog,3,8285963640,Sold,01/03/2026 11:04:25,,https://images1.vinted.net/t/05_01f2b_XWJvkQgNMU37uGtgvW9qg9nk/310x430/1772358441.webp?s=424fdefe83d3be282d70a6d4c608b395a7e07f50,1,1
Mannette ps4,16.45,PlayStation,0,https://www.vinted.it/items/8281273791-mannette-ps4?referrer=catalog,0,8281273791,Sold,01/03/2026 11:04:25,,https://images1.vinted.net/t/06_00168_pJQqfpUPwvFf8Tq7CcUqg3vX/310x430/1772292541.webp?s=3e7b1e0fa64aae34f9c64c7a8d39661c3569fa4e,1,1
Manette PS4,21.7,PlayStation,0,https://www.vinted.it/items/8280458538-manette-ps4?referrer=catalog,2,8280458538,Sold,01/03/2026 10:26:09,,https://images1.vinted.net/t/05_003e4_ZvKehAVWkQYAccixGW6Zb6pU/310x430/1772288225.webp?s=55f41276a8d58fdf6d0f37963dff02a984d07c07,12,1
PS4 Kingdom Come Deliverance Royal Edition,16.45,No brand,0,https://www.vinted.it/items/8279854468-ps4-kingdom-come-deliverance-royal-edition?referrer=catalog,1,8279854468,Sold,01/03/2026 10:29:57,,https://images1.vinted.net/t/05_01899_Uxqss6tH2MKdYW922NgbUmRN/310x430/1772284962.webp?s=f14f16b87834083ba7f5881401faa66c6a579433,12,10
PS4 PS5 - Tales of Berseria en très bon état sur Playstation 4 et 5,11.2,No brand,0,https://www.vinted.it/items/8285409524-ps4-ps5-tales-of-berseria-en-tres-bon-etat-sur-playstation-4-et-5?referrer=catalog,0,8285409524,Sold,01/03/2026 10:26:09,,https://images1.vinted.net/t/06_01a90_vXeVT9PWHY8i2dkHDCLzuXGo/310x430/1772354689.webp?s=75c90490b9b4e620b9183bdfdf72697e9560e4d9,12,1
Lot de 5 pieges pour Laeticia,11.2,No brand,0,https://www.vinted.it/items/8284107204-lot-de-5-pieges-pour-laeticia?referrer=catalog,0,8284107204,Sold,01/03/2026 10:27:30,,https://images1.vinted.net/t/06_0253b_to4t4E4Up5YnJxN3rBDQgTs3/310x430/1772312435.webp?s=93207e54c88a234be64b3efd8883f055a0af61c2,12,4
Manette Bluetooth Sony neuve,23.8,Sony,0,https://www.vinted.it/items/8285631157-manette-bluetooth-sony-neuve?referrer=catalog,0,8285631157,Sold,01/03/2026 11:04:25,,https://images1.vinted.net/t/03_0196d_NzrALCNMnrMXDbAjRV4HnYXd/310x430/1772356372.webp?s=f72330de00fa70864c31032b08b9737cbf4ac8f6,1,1
Manette PS4 état neuf jamais utilisé,21.7,No brand,0,https://www.vinted.it/items/8286013331-manette-ps4-etat-neuf-jamais-utilise?referrer=catalog,2,8286013331,Sold,01/03/2026 11:04:25,,https://images1.vinted.net/t/05_0212e_wnXP8E3WgReuKTxPYW5F9bYs/310x430/1772358716.webp?s=cc2e62bb17a37aed4078cb7df965b9eed3407ff1,1,1
Jeux gran turismo 7,26.95,No brand,0,https://www.vinted.it/items/8285378557-jeux-gran-turismo-7?referrer=catalog,5,8285378557,Sold,01/03/2026 10:26:09,,https://images1.vinted.net/t/05_01cb2_VxBFTuBsvMsq4EDQkKbsQDt3/310x430/1772354422.webp?s=51a67b9803f45324c9bc046637ae28bf29b6d94c,12,1
Divinity original sin 2,40.6,No brand,0,https://www.vinted.it/items/8285509294-divinity-original-sin-2?referrer=catalog,2,8285509294,Sold,01/03/2026 10:26:09,,https://images1.vinted.net/t/01_01c73_uASPLRYyqQAC1UhNdkFUZyrq/310x430/1772355491.webp?s=97b97b6948f1a275d38d63dfe8b1e363d2d7f2b0,12,1
Joypad Ps4 Nacon originale,11.2,NACON,0,https://www.vinted.it/items/8285838209-joypad-ps4-nacon-originale?referrer=catalog,0,8285838209,Sold,01/03/2026 11:04:25,,https://images1.vinted.net/t/04_00ab7_13ZC77tgjT4bqHpxjHGtjbRT/310x430/1772357707.webp?s=f220fcfae28b3fa1a5356b0b8605368b29120db3,1,1
Call of duty cold war ps4,8.05,No brand,0,https://www.vinted.it/items/8285830838-call-of-duty-cold-war-ps4?referrer=catalog,0,8285830838,Sold,01/03/2026 11:04:25,,https://images1.vinted.net/t/05_01db5_YGjWRvt1CLzpp4zReZPxrHwH/310x430/1772357662.webp?s=f0770d24fb847794467cc4489515091b9c0330c9,1,1
DiRT4,4.38,No brand,0,https://www.vinted.it/items/8285743631-dirt4?referrer=catalog,1,8285743631,Sold,01/03/2026 11:04:25,,https://images1.vinted.net/t/05_01892_MemYNwRZWGJzzMNNKHxdZHNq/310x430/1772357119.webp?s=b3f3eb5511291d498e543cbc27b2396081e6af9a,1,1
DiRT4,4.38,No brand,0,https://www.vinted.it/items/8286988504-dirt4?referrer=catalog,0,8286988504,Sold,01/03/2026 12:16:16,,https://images1.vinted.net/t/05_01892_MemYNwRZWGJzzMNNKHxdZHNq/310x430/1772363523.webp?s=cec2fef61b6717277100d34ce4c5c2623bd2cb52,2,1
progetto card,3.85,No brand,0,https://www.vinted.it/items/8286963885-progetto-card?referrer=catalog,0,8286963885,Sold,01/03/2026 12:16:16,,https://images1.vinted.net/t/06_0097a_i2sEifZmesB2eeXrZQwh9Sw4/310x430/1772363407.webp?s=148efefc136afc4aa7fcaea9d1cc0fcbb538926b,2,1
red deal 2 redemption,3.85,No brand,0,https://www.vinted.it/items/8286985042-red-deal-2-redemption?referrer=catalog,0,8286985042,Sold,01/03/2026 12:16:16,,https://images1.vinted.net/t/05_01dca_KPJXyMVyCzr8apZ75rnc5gtb/310x430/1772363507.webp?s=8f2c99fc497f01ad49741133eb69b904f2e9c3c1,2,1
Lego star wars ps4 réveil de la force ed micromania exclusive mini fig inclus neuf sous blister,37.45,No brand,0,https://www.vinted.it/items/8286946351-lego-star-wars-ps4-reveil-de-la-force-ed-micromania-exclusive-mini-fig-inclus-neuf-sous-blister?referrer=catalog,0,8286946351,Sold,01/03/2026 12:16:16,,https://images1.vinted.net/t/05_012ea_Dw5nL4bpnmgx7Ej548oiTmxS/310x430/1772363324.webp?s=b335bfd4a5240884601678e815bfe10298d701e1,2,1
Manubrio Sony per PlayStation – Pari a nuovo,37.45,Sony,0,https://www.vinted.it/items/8286736360-manubrio-sony-per-playstation-pari-a-nuovo-compatibile-fino-a-ps4?referrer=catalog,0,8286736360,Sold,01/03/2026 12:16:16,,https://images1.vinted.net/t/05_017bf_FQjHa4NEPu1v7LE4rGjxXoNB/310x430/1772362340.webp?s=45916b4a550c79aa8344c4a48c79501e1c13234f,2,1
RDR 1 PS4,21.7,No brand,0,https://www.vinted.it/items/8286755336-rdr-1-ps4?referrer=catalog,3,8286755336,Sold,01/03/2026 12:16:16,,https://images1.vinted.net/t/06_00f50_no2mDSY5iyVjpk5oaXof3SQ9/310x430/1772362429.webp?s=1b2a1a117d8919517f4e592183fd914b64758395,2,1
DiRT4,4.38,No brand,0,https://www.vinted.it/items/8286988504-dirt4?referrer=catalog,0,8286988504,Sold,01/03/2026 12:16:16,,https://images1.vinted.net/t/05_01892_MemYNwRZWGJzzMNNKHxdZHNq/310x430/1772363523.webp?s=cec2fef61b6717277100d34ce4c5c2623bd2cb52,2,1
Jeux gran turismo 7,26.95,No brand,0,https://www.vinted.it/items/8285378557-jeux-gran-turismo-7?referrer=catalog,5,8285378557,Sold,01/03/2026 10:26:09,,https://images1.vinted.net/t/05_01cb2_VxBFTuBsvMsq4EDQkKbsQDt3/310x430/1772354422.webp?s=51a67b9803f45324c9bc046637ae28bf29b6d94c,12,1
PS4 PS5 - Tales of Berseria en très bon état sur Playstation 4 et 5,11.2,No brand,0,https://www.vinted.it/items/8285409524-ps4-ps5-tales-of-berseria-en-tres-bon-etat-sur-playstation-4-et-5?referrer=catalog,0,8285409524,Sold,01/03/2026 10:26:09,,https://images1.vinted.net/t/06_01a90_vXeVT9PWHY8i2dkHDCLzuXGo/310x430/1772354689.webp?s=75c90490b9b4e620b9183bdfdf72697e9560e4d9,12,1
Manette PS4,21.7,PlayStation,0,https://www.vinted.it/items/8280458538-manette-ps4?referrer=catalog,2,8280458538,Sold,01/03/2026 10:26:09,,https://images1.vinted.net/t/05_003e4_ZvKehAVWkQYAccixGW6Zb6pU/310x430/1772288225.webp?s=55f41276a8d58fdf6d0f37963dff02a984d07c07,12,1
Lot de 5 pieges pour Laeticia,11.2,No brand,0,https://www.vinted.it/items/8284107204-lot-de-5-pieges-pour-laeticia?referrer=catalog,0,8284107204,Sold,01/03/2026 10:27:30,,https://images1.vinted.net/t/06_0253b_to4t4E4Up5YnJxN3rBDQgTs3/310x430/1772312435.webp?s=93207e54c88a234be64b3efd8883f055a0af61c2,12,4
PS4 Kingdom Come Deliverance Royal Edition,16.45,No brand,0,https://www.vinted.it/items/8279854468-ps4-kingdom-come-deliverance-royal-edition?referrer=catalog,1,8279854468,Sold,01/03/2026 10:29:57,,https://images1.vinted.net/t/05_01899_Uxqss6tH2MKdYW922NgbUmRN/310x430/1772284962.webp?s=f14f16b87834083ba7f5881401faa66c6a579433,12,10
Divinity original sin 2,40.6,No brand,0,https://www.vinted.it/items/8285509294-divinity-original-sin-2?referrer=catalog,2,8285509294,Sold,01/03/2026 10:26:09,,https://images1.vinted.net/t/01_01c73_uASPLRYyqQAC1UhNdkFUZyrq/310x430/1772355491.webp?s=97b97b6948f1a275d38d63dfe8b1e363d2d7f2b0,12,1
red deal 2 redemption,3.85,No brand,0,https://www.vinted.it/items/8286985042-red-deal-2-redemption?referrer=catalog,0,8286985042,Sold,01/03/2026 12:16:16,,https://images1.vinted.net/t/05_01dca_KPJXyMVyCzr8apZ75rnc5gtb/310x430/1772363507.webp?s=8f2c99fc497f01ad49741133eb69b904f2e9c3c1,2,1
Assassin's creed; Odyssey,8.04,No brand,0,https://www.vinted.it/items/8286718859-assassins-creed-odyssey?referrer=catalog,0,8286718859,Sold,01/03/2026 12:16:16,,https://images1.vinted.net/t/05_01af5_fbnLPz1vrkvyLPr5NW2tmjHk/310x430/1772362257.webp?s=46818d5ce05dd47b6bd04064f86a5b00a95be4c6,2,1
Biomutant ps4,9.1,No brand,0,https://www.vinted.it/items/8286378631-biomutant-ps4?referrer=catalog,0,8286378631,Sold,01/03/2026 12:16:42,,https://images1.vinted.net/t/05_01d5e_G8nrWMn1q3wjor6M83H6YGPM/310x430/1772360624.webp?s=914986c3be36a4c310821c0cb547ee020534c1f7,2,2
Crysis Remastered Trilogy Ps4 Spiel,16.45,No brand,0,https://www.vinted.it/items/8286362757-crysis-remastered-trilogy-ps4-spiel?referrer=catalog,4,8286362757,Sold,01/03/2026 12:16:42,,https://images1.vinted.net/t/06_019df_azFZ2B2jRshQ9jKqdggpbebW/310x430/1772360544.webp?s=20d00600b81e2cc013a63687fd6a1594a3f6d88b,2,2
PS4 PS5 - Tales of Berseria en très bon état sur Playstation 4 et 5,11.2,No brand,0,https://www.vinted.it/items/8285409524-ps4-ps5-tales-of-berseria-en-tres-bon-etat-sur-playstation-4-et-5?referrer=catalog,0,8285409524,Sold,01/03/2026 10:26:09,,https://images1.vinted.net/t/06_01a90_vXeVT9PWHY8i2dkHDCLzuXGo/310x430/1772354689.webp?s=75c90490b9b4e620b9183bdfdf72697e9560e4d9,12,1
Jeux gran turismo 7,26.95,No brand,0,https://www.vinted.it/items/8285378557-jeux-gran-turismo-7?referrer=catalog,5,8285378557,Sold,01/03/2026 10:26:09,,https://images1.vinted.net/t/05_01cb2_VxBFTuBsvMsq4EDQkKbsQDt3/310x430/1772354422.webp?s=51a67b9803f45324c9bc046637ae28bf29b6d94c,12,1
Manette PS4,21.7,PlayStation,0,https://www.vinted.it/items/8280458538-manette-ps4?referrer=catalog,2,8280458538,Sold,01/03/2026 10:26:09,,https://images1.vinted.net/t/05_003e4_ZvKehAVWkQYAccixGW6Zb6pU/310x430/1772288225.webp?s=55f41276a8d58fdf6d0f37963dff02a984d07c07,12,1
PS4 Kingdom Come Deliverance Royal Edition,16.45,No brand,0,https://www.vinted.it/items/8279854468-ps4-kingdom-come-deliverance-royal-edition?referrer=catalog,1,8279854468,Sold,01/03/2026 10:29:57,,https://images1.vinted.net/t/05_01899_Uxqss6tH2MKdYW922NgbUmRN/310x430/1772284962.webp?s=f14f16b87834083ba7f5881401faa66c6a579433,12,10
Divinity original sin 2,40.6,No brand,0,https://www.vinted.it/items/8285509294-divinity-original-sin-2?referrer=catalog,2,8285509294,Sold,01/03/2026 10:26:09,,https://images1.vinted.net/t/01_01c73_uASPLRYyqQAC1UhNdkFUZyrq/310x430/1772355491.webp?s=97b97b6948f1a275d38d63dfe8b1e363d2d7f2b0,12,1
Lot de 5 pieges pour Laeticia,11.2,No brand,0,https://www.vinted.it/items/8284107204-lot-de-5-pieges-pour-laeticia?referrer=catalog,0,8284107204,Sold,01/03/2026 10:27:30,,https://images1.vinted.net/t/06_0253b_to4t4E4Up5YnJxN3rBDQgTs3/310x430/1772312435.webp?s=93207e54c88a234be64b3efd8883f055a0af61c2,12,4
Ps4 neuf,84.7,Sony,0,https://www.vinted.it/items/8288048926-ps4-neuf?referrer=catalog,0,8288048926,Sold,01/03/2026 13:39:07,,https://images1.vinted.net/t/05_00f63_jrETCAEXovVrsJMmRuSS82GH/310x430/1772368591.webp?s=5f1deed1cb45f94e248e0f5275985fff9400f40c,3,1
Injustice 2 PS4,8.05,No brand,0,https://www.vinted.it/items/8288034446-injustice-2-ps4?referrer=catalog,0,8288034446,Sold,01/03/2026 13:39:07,,https://images1.vinted.net/t/03_003da_ohU2jR5tAgVPJNUSqJoazJJ9/310x430/1772368523.webp?s=953b38cee3b51b4b5949af20a7ad60169638636e,3,1
Disney Gargoyles Remastered - Ps4 - Limited Run Games,47.95,No brand,0,https://www.vinted.it/items/8288030806-disney-gargoyles-remastered-ps4-limited-run-games?referrer=catalog,1,8288030806,Sold,01/03/2026 13:39:07,,https://images1.vinted.net/t/05_01a47_MbHnd1cebd4fr96UbMp63UFs/310x430/1772368505.webp?s=1bf55c2f5e7abd98d30077d8ec4e8679c344a7f9,3,1
Caisse à outils,18.55,No brand,0,https://www.vinted.it/items/8288032756-caisse-a-outils?referrer=catalog,1,8288032756,Sold,01/03/2026 13:39:07,,https://images1.vinted.net/t/05_004ae_F8AiESiHa7LpDVVJHuqSVZFk/310x430/1772368515.webp?s=e8f9c7cb672be5944a434997159c27831048bead,3,1
ps 4 spel kuifje,7.0,No brand,0,https://www.vinted.it/items/8288024714-ps-4-spel-kuifje?referrer=catalog,1,8288024714,Sold,01/03/2026 13:39:07,,https://images1.vinted.net/t/05_02051_amh35SNQeR4dUYeAMyuUR7hb/310x430/1772368476.webp?s=2d12801ff1478c689c63aae906800ef10070f625,3,1
ps4 spel F22,5.95,No brand,0,https://www.vinted.it/items/8288005450-ps4-spel-f22?referrer=catalog,0,8288005450,Sold,01/03/2026 13:39:07,,https://images1.vinted.net/t/05_01fee_HiWeerfwZMyVPa8DJZY8maTy/310x430/1772368386.webp?s=5bc8c04f2127f78d1d6d1bacc9b8164ec635ff61,3,1
Peaky Blinders PS4,21.7,No brand,0,https://www.vinted.it/items/8287984121-peaky-blinders-ps4?referrer=catalog,1,8287984121,Sold,01/03/2026 13:39:07,,https://images1.vinted.net/t/06_0139d_Y94w8JRHxNjTb84GP6ed9rCa/310x430/1772368284.webp?s=caafee9a17a9a8c99ad13db5061711f5c71df224,3,1
Plants vs zombies per PS 4,5.95,No brand,0,https://www.vinted.it/items/8287956198-plants-vs-zombies-per-ps-4?referrer=catalog,0,8287956198,Sold,01/03/2026 13:39:07,,https://images1.vinted.net/t/01_01f69_2k2TPySfGg3hkmcR9si5NdiS/310x430/1772368149.webp?s=db8db6b59edd987ec478819da4d7450be54bc1ad,3,1
Kingdom hearts ps4,26.94,No brand,0,https://www.vinted.it/items/8287936642-kingdom-hearts-ps4?referrer=catalog,0,8287936642,Sold,01/03/2026 13:39:07,,https://images1.vinted.net/t/05_007e1_6iXxd9jot2FxbhYLPZUmekZW/310x430/1772368057.webp?s=02d940b48d6172ccaa94a04e18ff7efb156de20d,3,1
La terra di mezzo l'ombra di mordor e l'ombra della guerra ps4,26.95,No brand,0,https://www.vinted.it/items/8287912658-la-terra-di-mezzo-lombra-di-mordor-e-lombra-della-guerra-ps4?referrer=catalog,0,8287912658,Sold,01/03/2026 13:39:07,,https://images1.vinted.net/t/05_0256a_9DUPAEYFrLJDuTUewschCnhC/310x430/1772367944.webp?s=360f9b5336b67e41ca6d8a08f9e3c7389739c81a,3,1
Jeux ps4 neuf avec emballage,11.2,No brand,0,https://www.vinted.it/items/8287788200-jeux-ps4-neuf-avec-emballage?referrer=catalog,0,8287788200,Sold,01/03/2026 13:39:07,,https://images1.vinted.net/t/06_01379_q7bJg4XhuZNHovXJMwvKx1yt/310x430/1772367341.webp?s=496abf39eecad02d07d4446b8822bc7e59392696,3,1
Jeux de ps4 neuf avec emballage,5.95,No brand,0,https://www.vinted.it/items/8287765094-jeux-de-ps4-neuf-avec-emballage?referrer=catalog,1,8287765094,Sold,01/03/2026 13:39:07,,https://images1.vinted.net/t/05_01796_6opUVwdjiax6YLhbWqMftuuP/310x430/1772367230.webp?s=9a93f12fb1d012f29c7985ea717e55f384da3fbe,3,1
Subautica ps4 y ps5,16.45,No brand,0,https://www.vinted.it/items/8287772814-subautica-ps4-y-ps5?referrer=catalog,2,8287772814,Sold,01/03/2026 13:39:07,,https://images1.vinted.net/t/05_022fe_5Z2QKx84qZ9w2LqQwgNqqVCx/310x430/1772367267.webp?s=e5bd4c2506405321c8424d2c50a940eaf78ba666,3,1
Crash Bandicoot PS4,9.1,No brand,0,https://www.vinted.it/items/8287749545-crash-bandicoot-ps4?referrer=catalog,2,8287749545,Sold,01/03/2026 13:39:07,,https://images1.vinted.net/t/06_018a4_8QpLx34suakiqbHdT5Yw9hWk/310x430/1772367156.webp?s=0b57e44ed34fa0df60a2f6a598bbf8bd0c0a271a,3,1
Jeu « lego star wars » ps4,3.85,No brand,0,https://www.vinted.it/items/8287742675-jeu-lego-star-wars-ps4?referrer=catalog,0,8287742675,Sold,01/03/2026 13:39:07,,https://images1.vinted.net/t/05_01f85_aR2Tx4tuvJHpnYBtsFF3RG1y/310x430/1772367122.webp?s=14aa2a8ba1b341cbb168414ffd2304c995a94004,3,1
Gta 5,8.58,No brand,0,https://www.vinted.it/items/8287707332-gta-5?referrer=catalog,2,8287707332,Sold,01/03/2026 13:39:07,,https://images1.vinted.net/t/01_00d8e_xX2khNGGXRYYSmFzbF3xseDM/310x430/1772366951.webp?s=5aa88d020ad5b8265fa0eb9c631117ca42439821,3,1
bloodborn,9.1,No brand,0,https://www.vinted.it/items/8287680175-bloodborn?referrer=catalog,1,8287680175,Sold,01/03/2026 13:39:07,,https://images1.vinted.net/t/06_020cb_mH3x2xFcgwbG6rERtgbmpuSh/310x430/1772366820.webp?s=976624d8671441b7fba28a8c97b8a90484216d82,3,1
PS4 Kingdom Come Deliverance Royal Edition,16.45,No brand,0,https://www.vinted.it/items/8279854468-ps4-kingdom-come-deliverance-royal-edition?referrer=catalog,1,8279854468,Sold,01/03/2026 10:29:57,,https://images1.vinted.net/t/05_01899_Uxqss6tH2MKdYW922NgbUmRN/310x430/1772284962.webp?s=f14f16b87834083ba7f5881401faa66c6a579433,12,10
Jeux gran turismo 7,26.95,No brand,0,https://www.vinted.it/items/8285378557-jeux-gran-turismo-7?referrer=catalog,5,8285378557,Sold,01/03/2026 10:26:09,,https://images1.vinted.net/t/05_01cb2_VxBFTuBsvMsq4EDQkKbsQDt3/310x430/1772354422.webp?s=51a67b9803f45324c9bc046637ae28bf29b6d94c,12,1
Ps4 neuf,84.7,Sony,0,https://www.vinted.it/items/8288048926-ps4-neuf?referrer=catalog,0,8288048926,Sold,01/03/2026 13:39:07,,https://images1.vinted.net/t/05_00f63_jrETCAEXovVrsJMmRuSS82GH/310x430/1772368591.webp?s=5f1deed1cb45f94e248e0f5275985fff9400f40c,3,1
Divinity original sin 2,40.6,No brand,0,https://www.vinted.it/items/8285509294-divinity-original-sin-2?referrer=catalog,2,8285509294,Sold,01/03/2026 10:26:09,,https://images1.vinted.net/t/01_01c73_uASPLRYyqQAC1UhNdkFUZyrq/310x430/1772355491.webp?s=97b97b6948f1a275d38d63dfe8b1e363d2d7f2b0,12,1
Lot de 5 pieges pour Laeticia,11.2,No brand,0,https://www.vinted.it/items/8284107204-lot-de-5-pieges-pour-laeticia?referrer=catalog,0,8284107204,Sold,01/03/2026 10:27:30,,https://images1.vinted.net/t/06_0253b_to4t4E4Up5YnJxN3rBDQgTs3/310x430/1772312435.webp?s=93207e54c88a234be64b3efd8883f055a0af61c2,12,4
Caisse à outils,18.55,No brand,0,https://www.vinted.it/items/8288032756-caisse-a-outils?referrer=catalog,1,8288032756,Sold,01/03/2026 13:39:07,,https://images1.vinted.net/t/05_004ae_F8AiESiHa7LpDVVJHuqSVZFk/310x430/1772368515.webp?s=e8f9c7cb672be5944a434997159c27831048bead,3,1
PS4 PS5 - Tales of Berseria en très bon état sur Playstation 4 et 5,11.2,No brand,0,https://www.vinted.it/items/8285409524-ps4-ps5-tales-of-berseria-en-tres-bon-etat-sur-playstation-4-et-5?referrer=catalog,0,8285409524,Sold,01/03/2026 10:26:09,,https://images1.vinted.net/t/06_01a90_vXeVT9PWHY8i2dkHDCLzuXGo/310x430/1772354689.webp?s=75c90490b9b4e620b9183bdfdf72697e9560e4d9,12,1
Manette PS4,21.7,PlayStation,0,https://www.vinted.it/items/8280458538-manette-ps4?referrer=catalog,2,8280458538,Sold,01/03/2026 10:26:09,,https://images1.vinted.net/t/05_003e4_ZvKehAVWkQYAccixGW6Zb6pU/310x430/1772288225.webp?s=55f41276a8d58fdf6d0f37963dff02a984d07c07,12,1
Injustice 2 PS4,8.05,No brand,0,https://www.vinted.it/items/8288034446-injustice-2-ps4?referrer=catalog,0,8288034446,Sold,01/03/2026 13:39:07,,https://images1.vinted.net/t/03_003da_ohU2jR5tAgVPJNUSqJoazJJ9/310x430/1772368523.webp?s=953b38cee3b51b4b5949af20a7ad60169638636e,3,1
ps 4 spel kuifje,7.0,No brand,0,https://www.vinted.it/items/8288024714-ps-4-spel-kuifje?referrer=catalog,1,8288024714,Sold,01/03/2026 13:39:07,,https://images1.vinted.net/t/05_02051_amh35SNQeR4dUYeAMyuUR7hb/310x430/1772368476.webp?s=2d12801ff1478c689c63aae906800ef10070f625,3,1
ps4 spel F22,5.95,No brand,0,https://www.vinted.it/items/8288005450-ps4-spel-f22?referrer=catalog,0,8288005450,Sold,01/03/2026 13:39:07,,https://images1.vinted.net/t/05_01fee_HiWeerfwZMyVPa8DJZY8maTy/310x430/1772368386.webp?s=5bc8c04f2127f78d1d6d1bacc9b8164ec635ff61,3,1
Peaky Blinders PS4,21.7,No brand,0,https://www.vinted.it/items/8287984121-peaky-blinders-ps4?referrer=catalog,1,8287984121,Sold,01/03/2026 13:39:07,,https://images1.vinted.net/t/06_0139d_Y94w8JRHxNjTb84GP6ed9rCa/310x430/1772368284.webp?s=caafee9a17a9a8c99ad13db5061711f5c71df224,3,1
Disney Gargoyles Remastered - Ps4 - Limited Run Games,47.95,No brand,0,https://www.vinted.it/items/8288030806-disney-gargoyles-remastered-ps4-limited-run-games?referrer=catalog,1,8288030806,Sold,01/03/2026 13:39:07,,https://images1.vinted.net/t/05_01a47_MbHnd1cebd4fr96UbMp63UFs/310x430/1772368505.webp?s=1bf55c2f5e7abd98d30077d8ec4e8679c344a7f9,3,1
Plants vs zombies per PS 4,5.95,No brand,0,https://www.vinted.it/items/8287956198-plants-vs-zombies-per-ps-4?referrer=catalog,0,8287956198,Sold,01/03/2026 13:39:07,,https://images1.vinted.net/t/01_01f69_2k2TPySfGg3hkmcR9si5NdiS/310x430/1772368149.webp?s=db8db6b59edd987ec478819da4d7450be54bc1ad,3,1
Kingdom hearts ps4,26.94,No brand,0,https://www.vinted.it/items/8287936642-kingdom-hearts-ps4?referrer=catalog,0,8287936642,Sold,01/03/2026 13:39:07,,https://images1.vinted.net/t/05_007e1_6iXxd9jot2FxbhYLPZUmekZW/310x430/1772368057.webp?s=02d940b48d6172ccaa94a04e18ff7efb156de20d,3,1
La terra di mezzo l'ombra di mordor e l'ombra della guerra ps4,26.95,No brand,0,https://www.vinted.it/items/8287912658-la-terra-di-mezzo-lombra-di-mordor-e-lombra-della-guerra-ps4?referrer=catalog,0,8287912658,Sold,01/03/2026 13:39:07,,https://images1.vinted.net/t/05_0256a_9DUPAEYFrLJDuTUewschCnhC/310x430/1772367944.webp?s=360f9b5336b67e41ca6d8a08f9e3c7389739c81a,3,1
Jeux ps4 neuf avec emballage,11.2,No brand,0,https://www.vinted.it/items/8287788200-jeux-ps4-neuf-avec-emballage?referrer=catalog,0,8287788200,Sold,01/03/2026 13:39:07,,https://images1.vinted.net/t/06_01379_q7bJg4XhuZNHovXJMwvKx1yt/310x430/1772367341.webp?s=496abf39eecad02d07d4446b8822bc7e59392696,3,1
Jeux de ps4 neuf avec emballage,5.95,No brand,0,https://www.vinted.it/items/8287765094-jeux-de-ps4-neuf-avec-emballage?referrer=catalog,1,8287765094,Sold,01/03/2026 13:39:07,,https://images1.vinted.net/t/05_01796_6opUVwdjiax6YLhbWqMftuuP/310x430/1772367230.webp?s=9a93f12fb1d012f29c7985ea717e55f384da3fbe,3,1
Subautica ps4 y ps5,16.45,No brand,0,https://www.vinted.it/items/8287772814-subautica-ps4-y-ps5?referrer=catalog,2,8287772814,Sold,01/03/2026 13:39:07,,https://images1.vinted.net/t/05_022fe_5Z2QKx84qZ9w2LqQwgNqqVCx/310x430/1772367267.webp?s=e5bd4c2506405321c8424d2c50a940eaf78ba666,3,1
Crash Bandicoot PS4,9.1,No brand,0,https://www.vinted.it/items/8287749545-crash-bandicoot-ps4?referrer=catalog,2,8287749545,Sold,01/03/2026 13:39:07,,https://images1.vinted.net/t/06_018a4_8QpLx34suakiqbHdT5Yw9hWk/310x430/1772367156.webp?s=0b57e44ed34fa0df60a2f6a598bbf8bd0c0a271a,3,1
Jeu « lego star wars » ps4,3.85,No brand,0,https://www.vinted.it/items/8287742675-jeu-lego-star-wars-ps4?referrer=catalog,0,8287742675,Sold,01/03/2026 13:39:07,,https://images1.vinted.net/t/05_01f85_aR2Tx4tuvJHpnYBtsFF3RG1y/310x430/1772367122.webp?s=14aa2a8ba1b341cbb168414ffd2304c995a94004,3,1
Gta 5,8.58,No brand,0,https://www.vinted.it/items/8287707332-gta-5?referrer=catalog,2,8287707332,Sold,01/03/2026 13:39:07,,https://images1.vinted.net/t/01_00d8e_xX2khNGGXRYYSmFzbF3xseDM/310x430/1772366951.webp?s=5aa88d020ad5b8265fa0eb9c631117ca42439821,3,1
bloodborn,9.1,No brand,0,https://www.vinted.it/items/8287680175-bloodborn?referrer=catalog,1,8287680175,Sold,01/03/2026 13:39:07,,https://images1.vinted.net/t/06_020cb_mH3x2xFcgwbG6rERtgbmpuSh/310x430/1772366820.webp?s=976624d8671441b7fba28a8c97b8a90484216d82,3,1
Horizon Zero Dawn Complete Edition Ps4,4.9,No brand,0,https://www.vinted.it/items/8287671806-horizon-zero-dawn-complete-edition-ps4?referrer=catalog,1,8287671806,Sold,01/03/2026 13:39:07,,https://images1.vinted.net/t/06_00378_qLhekYWiRtoAirCZXW3L1YzG/310x430/1772366780.webp?s=2c1506f443656d6a3482b8944c59bba8b02148b2,3,1
Jeu « lego jurassic world » ps4,8.05,No brand,0,https://www.vinted.it/items/8287639281-jeu-lego-jurassic-world-ps4?referrer=catalog,0,8287639281,Sold,01/03/2026 13:39:07,,https://images1.vinted.net/t/05_02170_2F9f8mRm8QsLA4L14X8KzWm3/310x430/1772366623.webp?s=fd6905312eb33540ad081c14e867d52528d49343,3,1
God of War per PS4,9.1,No brand,0,https://www.vinted.it/items/8287457532-god-of-war-per-ps4?referrer=catalog,1,8287457532,Sold,01/03/2026 13:39:31,,https://images1.vinted.net/t/01_00313_7WtAAQdguuJpu3HiJMRYARn1/310x430/1772365750.webp?s=6cd95ab031cd961791b2dd865225430fd04806f4,3,2
GTA 5 ps 4,9.1,No brand,0,https://www.vinted.it/items/8287543524-gta-5-ps-4?referrer=catalog,0,8287543524,Sold,01/03/2026 13:39:31,,https://images1.vinted.net/t/01_00745_mQny6KTxoVGh1psmCadu5cSm/310x430/1772366163.webp?s=cb1ac51f6398a4cc4d68e8063fcc9acd86461f83,3,2
Blood Bowl PS4,7.0,No brand,0,https://www.vinted.it/items/8287534286-blood-bowl-ps4?referrer=catalog,0,8287534286,Sold,01/03/2026 13:39:31,,https://images1.vinted.net/t/03_019f6_pe4f8RMKKkWNBD5PH8gDv9Ja/310x430/1772366118.webp?s=87d22c3eeeb60cd11167bfb6ea6f44e3b474f9c1,3,2
Tom raider ps4,13.3,No brand,0,https://www.vinted.it/items/8287484854-tom-raider-ps4?referrer=catalog,1,8287484854,Sold,01/03/2026 13:39:31,,https://images1.vinted.net/t/05_01cb9_JcaN34uGjazjPz3vM6N4umr5/310x430/1772365881.webp?s=397d99bb2b8e23a9d5dec04cef6939d754cf87bd,3,2
6 giochi originali PS4 e PS5,68.95,No brand,0,https://www.vinted.it/items/8287432997-6-giochi-originali-ps4-e-ps5?referrer=catalog,2,8287432997,Sold,01/03/2026 13:39:31,,https://images1.vinted.net/t/06_01bde_xzoRD49LzAgc9YGgUHkBcDM6/310x430/1772365633.webp?s=59135c78a11f1702b25a09c407d45dd98f3b5789,3,2
Monster Hunter PS4,7.0,No brand,0,https://www.vinted.it/items/8287398256-monster-hunter-ps4?referrer=catalog,4,8287398256,Sold,01/03/2026 13:39:31,,https://images1.vinted.net/t/05_009fa_PpRJCrAM16hMj3um6LLFAj24/310x430/1772365466.webp?s=217b89657c5da481079c2cee33bec15aafa12dba,3,2
DiRT4,4.38,No brand,0,https://www.vinted.it/items/8287357541-dirt4?referrer=catalog,0,8287357541,Sold,01/03/2026 13:39:31,,https://images1.vinted.net/t/05_01892_MemYNwRZWGJzzMNNKHxdZHNq/310x430/1772365274.webp?s=8af0fec6d1c6e6fe932e95737676fc5227552b91,3,2
The Last of Us PS4,8.05,No brand,0,https://www.vinted.it/items/8287351264-the-last-of-us-ps4?referrer=catalog,1,8287351264,Sold,01/03/2026 13:39:31,,https://images1.vinted.net/t/03_017cf_d3fG9ghhVMV5R3vrxydNViM1/310x430/1772365243.webp?s=8c3a22f6ae2ea91f4f752acd071c6069ff7dee24,3,2
Need for Speed: Hot Pursuit,10.15,No brand,0,https://www.vinted.it/items/8287339256-need-for-speed-hot-pursuit?referrer=catalog,0,8287339256,Sold,01/03/2026 13:39:31,,https://images1.vinted.net/t/06_02537_qFqMKJ4zy1sPoag4FQTvzobA/310x430/1772365185.webp?s=8ad85f4fdb6a879f2e8e1f1f56f223bd8fca968e,3,2
Manette PS4,21.7,PlayStation,0,https://www.vinted.it/items/8280458538-manette-ps4?referrer=catalog,2,8280458538,Sold,01/03/2026 10:26:09,,https://images1.vinted.net/t/05_003e4_ZvKehAVWkQYAccixGW6Zb6pU/310x430/1772288225.webp?s=55f41276a8d58fdf6d0f37963dff02a984d07c07,12,1
Jeux gran turismo 7,26.95,No brand,0,https://www.vinted.it/items/8285378557-jeux-gran-turismo-7?referrer=catalog,5,8285378557,Sold,01/03/2026 10:26:09,,https://images1.vinted.net/t/05_01cb2_VxBFTuBsvMsq4EDQkKbsQDt3/310x430/1772354422.webp?s=51a67b9803f45324c9bc046637ae28bf29b6d94c,12,1
Ps4 neuf,84.7,Sony,0,https://www.vinted.it/items/8288048926-ps4-neuf?referrer=catalog,0,8288048926,Sold,01/03/2026 13:39:07,,https://images1.vinted.net/t/05_00f63_jrETCAEXovVrsJMmRuSS82GH/310x430/1772368591.webp?s=5f1deed1cb45f94e248e0f5275985fff9400f40c,3,1
Lot de 5 pieges pour Laeticia,11.2,No brand,0,https://www.vinted.it/items/8284107204-lot-de-5-pieges-pour-laeticia?referrer=catalog,0,8284107204,Sold,01/03/2026 10:27:30,,https://images1.vinted.net/t/06_0253b_to4t4E4Up5YnJxN3rBDQgTs3/310x430/1772312435.webp?s=93207e54c88a234be64b3efd8883f055a0af61c2,12,4
PS4 Kingdom Come Deliverance Royal Edition,16.45,No brand,0,https://www.vinted.it/items/8279854468-ps4-kingdom-come-deliverance-royal-edition?referrer=catalog,1,8279854468,Sold,01/03/2026 10:29:57,,https://images1.vinted.net/t/05_01899_Uxqss6tH2MKdYW922NgbUmRN/310x430/1772284962.webp?s=f14f16b87834083ba7f5881401faa66c6a579433,12,10
Divinity original sin 2,40.6,No brand,0,https://www.vinted.it/items/8285509294-divinity-original-sin-2?referrer=catalog,2,8285509294,Sold,01/03/2026 10:26:09,,https://images1.vinted.net/t/01_01c73_uASPLRYyqQAC1UhNdkFUZyrq/310x430/1772355491.webp?s=97b97b6948f1a275d38d63dfe8b1e363d2d7f2b0,12,1
Caisse à outils,18.55,No brand,0,https://www.vinted.it/items/8288032756-caisse-a-outils?referrer=catalog,1,8288032756,Sold,01/03/2026 13:39:07,,https://images1.vinted.net/t/05_004ae_F8AiESiHa7LpDVVJHuqSVZFk/310x430/1772368515.webp?s=e8f9c7cb672be5944a434997159c27831048bead,3,1
PS4 PS5 - Tales of Berseria en très bon état sur Playstation 4 et 5,11.2,No brand,0,https://www.vinted.it/items/8285409524-ps4-ps5-tales-of-berseria-en-tres-bon-etat-sur-playstation-4-et-5?referrer=catalog,0,8285409524,Sold,01/03/2026 10:26:09,,https://images1.vinted.net/t/06_01a90_vXeVT9PWHY8i2dkHDCLzuXGo/310x430/1772354689.webp?s=75c90490b9b4e620b9183bdfdf72697e9560e4d9,12,1
Jeux de ps4 neuf avec emballage,5.95,No brand,0,https://www.vinted.it/items/8287765094-jeux-de-ps4-neuf-avec-emballage?referrer=catalog,1,8287765094,Sold,01/03/2026 13:39:07,,https://images1.vinted.net/t/05_01796_6opUVwdjiax6YLhbWqMftuuP/310x430/1772367230.webp?s=9a93f12fb1d012f29c7985ea717e55f384da3fbe,3,1
Crash Bandicoot PS4,9.1,No brand,0,https://www.vinted.it/items/8287749545-crash-bandicoot-ps4?referrer=catalog,2,8287749545,Sold,01/03/2026 13:39:07,,https://images1.vinted.net/t/06_018a4_8QpLx34suakiqbHdT5Yw9hWk/310x430/1772367156.webp?s=0b57e44ed34fa0df60a2f6a598bbf8bd0c0a271a,3,1
Subautica ps4 y ps5,16.45,No brand,0,https://www.vinted.it/items/8287772814-subautica-ps4-y-ps5?referrer=catalog,2,8287772814,Sold,01/03/2026 13:39:07,,https://images1.vinted.net/t/05_022fe_5Z2QKx84qZ9w2LqQwgNqqVCx/310x430/1772367267.webp?s=e5bd4c2506405321c8424d2c50a940eaf78ba666,3,1
Jeux ps4 neuf avec emballage,11.2,No brand,0,https://www.vinted.it/items/8287788200-jeux-ps4-neuf-avec-emballage?referrer=catalog,0,8287788200,Sold,01/03/2026 13:39:07,,https://images1.vinted.net/t/06_01379_q7bJg4XhuZNHovXJMwvKx1yt/310x430/1772367341.webp?s=496abf39eecad02d07d4446b8822bc7e59392696,3,1
bloodborn,9.1,No brand,0,https://www.vinted.it/items/8287680175-bloodborn?referrer=catalog,1,8287680175,Sold,01/03/2026 13:39:07,,https://images1.vinted.net/t/06_020cb_mH3x2xFcgwbG6rERtgbmpuSh/310x430/1772366820.webp?s=976624d8671441b7fba28a8c97b8a90484216d82,3,1
Jeu « lego star wars » ps4,3.85,No brand,0,https://www.vinted.it/items/8287742675-jeu-lego-star-wars-ps4?referrer=catalog,0,8287742675,Sold,01/03/2026 13:39:07,,https://images1.vinted.net/t/05_01f85_aR2Tx4tuvJHpnYBtsFF3RG1y/310x430/1772367122.webp?s=14aa2a8ba1b341cbb168414ffd2304c995a94004,3,1
Gta 5,8.58,No brand,0,https://www.vinted.it/items/8287707332-gta-5?referrer=catalog,2,8287707332,Sold,01/03/2026 13:39:07,,https://images1.vinted.net/t/01_00d8e_xX2khNGGXRYYSmFzbF3xseDM/310x430/1772366951.webp?s=5aa88d020ad5b8265fa0eb9c631117ca42439821,3,1
Horizon Zero Dawn Complete Edition Ps4,4.9,No brand,0,https://www.vinted.it/items/8287671806-horizon-zero-dawn-complete-edition-ps4?referrer=catalog,1,8287671806,Sold,01/03/2026 13:39:07,,https://images1.vinted.net/t/06_00378_qLhekYWiRtoAirCZXW3L1YzG/310x430/1772366780.webp?s=2c1506f443656d6a3482b8944c59bba8b02148b2,3,1
Jeu « lego jurassic world » ps4,8.05,No brand,0,https://www.vinted.it/items/8287639281-jeu-lego-jurassic-world-ps4?referrer=catalog,0,8287639281,Sold,01/03/2026 13:39:07,,https://images1.vinted.net/t/05_02170_2F9f8mRm8QsLA4L14X8KzWm3/310x430/1772366623.webp?s=fd6905312eb33540ad081c14e867d52528d49343,3,1
God of War per PS4,9.1,No brand,0,https://www.vinted.it/items/8287457532-god-of-war-per-ps4?referrer=catalog,1,8287457532,Sold,01/03/2026 13:39:31,,https://images1.vinted.net/t/01_00313_7WtAAQdguuJpu3HiJMRYARn1/310x430/1772365750.webp?s=6cd95ab031cd961791b2dd865225430fd04806f4,3,2
6 giochi originali PS4 e PS5,68.95,No brand,0,https://www.vinted.it/items/8287432997-6-giochi-originali-ps4-e-ps5?referrer=catalog,2,8287432997,Sold,01/03/2026 13:39:31,,https://images1.vinted.net/t/06_01bde_xzoRD49LzAgc9YGgUHkBcDM6/310x430/1772365633.webp?s=59135c78a11f1702b25a09c407d45dd98f3b5789,3,2
Tom raider ps4,13.3,No brand,0,https://www.vinted.it/items/8287484854-tom-raider-ps4?referrer=catalog,1,8287484854,Sold,01/03/2026 13:39:31,,https://images1.vinted.net/t/05_01cb9_JcaN34uGjazjPz3vM6N4umr5/310x430/1772365881.webp?s=397d99bb2b8e23a9d5dec04cef6939d754cf87bd,3,2
Blood Bowl PS4,7.0,No brand,0,https://www.vinted.it/items/8287534286-blood-bowl-ps4?referrer=catalog,0,8287534286,Sold,01/03/2026 13:39:31,,https://images1.vinted.net/t/03_019f6_pe4f8RMKKkWNBD5PH8gDv9Ja/310x430/1772366118.webp?s=87d22c3eeeb60cd11167bfb6ea6f44e3b474f9c1,3,2
GTA 5 ps 4,9.1,No brand,0,https://www.vinted.it/items/8287543524-gta-5-ps-4?referrer=catalog,0,8287543524,Sold,01/03/2026 13:39:31,,https://images1.vinted.net/t/01_00745_mQny6KTxoVGh1psmCadu5cSm/310x430/1772366163.webp?s=cb1ac51f6398a4cc4d68e8063fcc9acd86461f83,3,2
The Last of Us PS4,8.05,No brand,0,https://www.vinted.it/items/8287351264-the-last-of-us-ps4?referrer=catalog,1,8287351264,Sold,01/03/2026 13:39:31,,https://images1.vinted.net/t/03_017cf_d3fG9ghhVMV5R3vrxydNViM1/310x430/1772365243.webp?s=8c3a22f6ae2ea91f4f752acd071c6069ff7dee24,3,2
Need for Speed: Hot Pursuit,10.15,No brand,0,https://www.vinted.it/items/8287339256-need-for-speed-hot-pursuit?referrer=catalog,0,8287339256,Sold,01/03/2026 13:39:31,,https://images1.vinted.net/t/06_02537_qFqMKJ4zy1sPoag4FQTvzobA/310x430/1772365185.webp?s=8ad85f4fdb6a879f2e8e1f1f56f223bd8fca968e,3,2
Nier automata goty ps4 sous blister,21.7,No brand,0,https://www.vinted.it/items/8287271017-nier-automata-goty-ps4-sous-blister?referrer=catalog,3,8287271017,Sold,01/03/2026 13:39:31,,https://images1.vinted.net/t/05_005bc_ghqZUE7qn2Q5ZmEDQhfU3Kdi/310x430/1772364861.webp?s=b10edd470cf649c124dfe8b6e9a21f84d84fcd30,3,2
The Last of Us Part 2  PS4,14.35,No brand,0,https://www.vinted.it/items/8287242511-the-last-of-us-part-2-ps4?referrer=catalog,9,8287242511,Sold,01/03/2026 13:39:31,,https://images1.vinted.net/t/05_00d69_WW4g2gzfGLKoty8FggjoKLek/310x430/1772364726.webp?s=b5ba1e690f34b9eb43e5fa769ba281221facf073,3,2
Carton complet de boosters carte final fantasy opus III,68.95,Square Enix,0,https://www.vinted.it/items/8286866565-carton-complet-de-boosters-carte-final-fantasy-opus-iii?referrer=catalog,1,8286866565,Sold,01/03/2026 13:39:56,,https://images1.vinted.net/t/06_0219d_DyceMghxGD5hcisJB8FWRBoH/310x430/1772362952.webp?s=4d6ed068a995d0806316c15e8966eeb38a32cbd0,3,3
Seagate Game Drive 5TB pour PS5 / PS4 – Disque dur externe,126.65,Seagate,0,https://www.vinted.it/items/8289022986-seagate-game-drive-5tb-pour-ps5-ps4-disque-dur-externe?referrer=catalog,1,8289022986,Sold,01/03/2026 14:56:20,,https://images1.vinted.net/t/05_00782_SMtB2aFziowj3bKwu7QAoFyo/310x430/1772373034.webp?s=7993b294b7e1e6b3881eeaf41ebdb31a46c06267,4,1
Jeux gran turismo 7,26.95,No brand,0,https://www.vinted.it/items/8285378557-jeux-gran-turismo-7?referrer=catalog,5,8285378557,Sold,01/03/2026 10:26:09,,https://images1.vinted.net/t/05_01cb2_VxBFTuBsvMsq4EDQkKbsQDt3/310x430/1772354422.webp?s=51a67b9803f45324c9bc046637ae28bf29b6d94c,12,1
Manette PS4,21.7,PlayStation,0,https://www.vinted.it/items/8280458538-manette-ps4?referrer=catalog,2,8280458538,Sold,01/03/2026 10:26:09,,https://images1.vinted.net/t/05_003e4_ZvKehAVWkQYAccixGW6Zb6pU/310x430/1772288225.webp?s=55f41276a8d58fdf6d0f37963dff02a984d07c07,12,1
Divinity original sin 2,40.6,No brand,0,https://www.vinted.it/items/8285509294-divinity-original-sin-2?referrer=catalog,2,8285509294,Sold,01/03/2026 10:26:09,,https://images1.vinted.net/t/01_01c73_uASPLRYyqQAC1UhNdkFUZyrq/310x430/1772355491.webp?s=97b97b6948f1a275d38d63dfe8b1e363d2d7f2b0,12,1
PS4 Kingdom Come Deliverance Royal Edition,16.45,No brand,0,https://www.vinted.it/items/8279854468-ps4-kingdom-come-deliverance-royal-edition?referrer=catalog,1,8279854468,Sold,01/03/2026 10:29:57,,https://images1.vinted.net/t/05_01899_Uxqss6tH2MKdYW922NgbUmRN/310x430/1772284962.webp?s=f14f16b87834083ba7f5881401faa66c6a579433,12,10
Lot de 5 pieges pour Laeticia,11.2,No brand,0,https://www.vinted.it/items/8284107204-lot-de-5-pieges-pour-laeticia?referrer=catalog,0,8284107204,Sold,01/03/2026 10:27:30,,https://images1.vinted.net/t/06_0253b_to4t4E4Up5YnJxN3rBDQgTs3/310x430/1772312435.webp?s=93207e54c88a234be64b3efd8883f055a0af61c2,12,4
Caisse à outils,18.55,No brand,0,https://www.vinted.it/items/8288032756-caisse-a-outils?referrer=catalog,1,8288032756,Sold,01/03/2026 13:39:07,,https://images1.vinted.net/t/05_004ae_F8AiESiHa7LpDVVJHuqSVZFk/310x430/1772368515.webp?s=e8f9c7cb672be5944a434997159c27831048bead,3,1
Ps4 neuf,84.7,Sony,0,https://www.vinted.it/items/8288048926-ps4-neuf?referrer=catalog,0,8288048926,Sold,01/03/2026 13:39:07,,https://images1.vinted.net/t/05_00f63_jrETCAEXovVrsJMmRuSS82GH/310x430/1772368591.webp?s=5f1deed1cb45f94e248e0f5275985fff9400f40c,3,1
PS4 PS5 - Tales of Berseria en très bon état sur Playstation 4 et 5,11.2,No brand,0,https://www.vinted.it/items/8285409524-ps4-ps5-tales-of-berseria-en-tres-bon-etat-sur-playstation-4-et-5?referrer=catalog,0,8285409524,Sold,01/03/2026 10:26:09,,https://images1.vinted.net/t/06_01a90_vXeVT9PWHY8i2dkHDCLzuXGo/310x430/1772354689.webp?s=75c90490b9b4e620b9183bdfdf72697e9560e4d9,12,1
God of War per PS4,9.1,No brand,0,https://www.vinted.it/items/8287457532-god-of-war-per-ps4?referrer=catalog,1,8287457532,Sold,01/03/2026 13:39:31,,https://images1.vinted.net/t/01_00313_7WtAAQdguuJpu3HiJMRYARn1/310x430/1772365750.webp?s=6cd95ab031cd961791b2dd865225430fd04806f4,3,2
GTA 5 ps 4,9.1,No brand,0,https://www.vinted.it/items/8287543524-gta-5-ps-4?referrer=catalog,0,8287543524,Sold,01/03/2026 13:39:31,,https://images1.vinted.net/t/01_00745_mQny6KTxoVGh1psmCadu5cSm/310x430/1772366163.webp?s=cb1ac51f6398a4cc4d68e8063fcc9acd86461f83,3,2
Jeu « lego jurassic world » ps4,8.05,No brand,0,https://www.vinted.it/items/8287639281-jeu-lego-jurassic-world-ps4?referrer=catalog,0,8287639281,Sold,01/03/2026 13:39:07,,https://images1.vinted.net/t/05_02170_2F9f8mRm8QsLA4L14X8KzWm3/310x430/1772366623.webp?s=fd6905312eb33540ad081c14e867d52528d49343,3,1
6 giochi originali PS4 e PS5,68.95,No brand,0,https://www.vinted.it/items/8287432997-6-giochi-originali-ps4-e-ps5?referrer=catalog,2,8287432997,Sold,01/03/2026 13:39:31,,https://images1.vinted.net/t/06_01bde_xzoRD49LzAgc9YGgUHkBcDM6/310x430/1772365633.webp?s=59135c78a11f1702b25a09c407d45dd98f3b5789,3,2
Blood Bowl PS4,7.0,No brand,0,https://www.vinted.it/items/8287534286-blood-bowl-ps4?referrer=catalog,0,8287534286,Sold,01/03/2026 13:39:31,,https://images1.vinted.net/t/03_019f6_pe4f8RMKKkWNBD5PH8gDv9Ja/310x430/1772366118.webp?s=87d22c3eeeb60cd11167bfb6ea6f44e3b474f9c1,3,2
Tom raider ps4,13.3,No brand,0,https://www.vinted.it/items/8287484854-tom-raider-ps4?referrer=catalog,1,8287484854,Sold,01/03/2026 13:39:31,,https://images1.vinted.net/t/05_01cb9_JcaN34uGjazjPz3vM6N4umr5/310x430/1772365881.webp?s=397d99bb2b8e23a9d5dec04cef6939d754cf87bd,3,2
The Last of Us PS4,8.05,No brand,0,https://www.vinted.it/items/8287351264-the-last-of-us-ps4?referrer=catalog,1,8287351264,Sold,01/03/2026 13:39:31,,https://images1.vinted.net/t/03_017cf_d3fG9ghhVMV5R3vrxydNViM1/310x430/1772365243.webp?s=8c3a22f6ae2ea91f4f752acd071c6069ff7dee24,3,2
Need for Speed: Hot Pursuit,10.15,No brand,0,https://www.vinted.it/items/8287339256-need-for-speed-hot-pursuit?referrer=catalog,0,8287339256,Sold,01/03/2026 13:39:31,,https://images1.vinted.net/t/06_02537_qFqMKJ4zy1sPoag4FQTvzobA/310x430/1772365185.webp?s=8ad85f4fdb6a879f2e8e1f1f56f223bd8fca968e,3,2
Farming simulator 22,13.3,No brand,0,https://www.vinted.it/items/8288918710-farming-simulator-22?referrer=catalog,0,8288918710,Sold,01/03/2026 14:56:20,,https://images1.vinted.net/t/05_008bf_YSZFxuArh84fPZgMgqMJk6ye/310x430/1772372574.webp?s=e4906dcb4dca7c13acc893b6478568cfeb2048f9,4,1
Jeux ps4,11.2,No brand,0,https://www.vinted.it/items/8288896622-jeux-ps4?referrer=catalog,0,8288896622,Sold,01/03/2026 14:56:20,,https://images1.vinted.net/t/05_0128d_3Syd1BRsfj3EHbnkobtWytLk/310x430/1772372477.webp?s=5194ac5ae598cc0bf8656bc51d954b8538c1c825,4,1
Porta giochi ps4,3.33,No brand,0,https://www.vinted.it/items/8288797282-porta-giochi-ps4?referrer=catalog,1,8288797282,Sold,01/03/2026 14:56:20,,https://images1.vinted.net/t/06_005eb_uo2cYVvNN1oR4mSerAHsXLWb/310x430/1772372031.webp?s=3a842d6757dc4efce8469e9cef71edefb0ac4169,4,1
Resident Evil Origins,24.85,No brand,0,https://www.vinted.it/items/8288749845-resident-evil-origins?referrer=catalog,0,8288749845,Sold,01/03/2026 14:56:20,,https://images1.vinted.net/t/05_01362_A7rLVpktj8W84BqA6pLY3AFo/310x430/1772371818.webp?s=f1627b080899f463ae3dd4c257d659c6f788657d,4,1
Manette ps4,14.35,PlayStation,0,https://www.vinted.it/items/8285697294-manette-ps4?referrer=catalog,2,8285697294,Sold,01/03/2026 14:56:20,,https://images1.vinted.net/t/01_021e9_CyufsjK5a43GuuPgTXdNaRxe/310x430/1772356819.webp?s=54905e785afd521258d7d24b7696b10445c1a68a,4,1
Jeux gran turismo 7,26.95,No brand,0,https://www.vinted.it/items/8285378557-jeux-gran-turismo-7?referrer=catalog,5,8285378557,Sold,01/03/2026 10:26:09,,https://images1.vinted.net/t/05_01cb2_VxBFTuBsvMsq4EDQkKbsQDt3/310x430/1772354422.webp?s=51a67b9803f45324c9bc046637ae28bf29b6d94c,12,1
Caisse à outils,18.55,No brand,0,https://www.vinted.it/items/8288032756-caisse-a-outils?referrer=catalog,1,8288032756,Sold,01/03/2026 13:39:07,,https://images1.vinted.net/t/05_004ae_F8AiESiHa7LpDVVJHuqSVZFk/310x430/1772368515.webp?s=e8f9c7cb672be5944a434997159c27831048bead,3,1
Divinity original sin 2,40.6,No brand,0,https://www.vinted.it/items/8285509294-divinity-original-sin-2?referrer=catalog,2,8285509294,Sold,01/03/2026 10:26:09,,https://images1.vinted.net/t/01_01c73_uASPLRYyqQAC1UhNdkFUZyrq/310x430/1772355491.webp?s=97b97b6948f1a275d38d63dfe8b1e363d2d7f2b0,12,1
Ps4 neuf,84.7,Sony,0,https://www.vinted.it/items/8288048926-ps4-neuf?referrer=catalog,0,8288048926,Sold,01/03/2026 13:39:07,,https://images1.vinted.net/t/05_00f63_jrETCAEXovVrsJMmRuSS82GH/310x430/1772368591.webp?s=5f1deed1cb45f94e248e0f5275985fff9400f40c,3,1
Manette PS4,21.7,PlayStation,0,https://www.vinted.it/items/8280458538-manette-ps4?referrer=catalog,2,8280458538,Sold,01/03/2026 10:26:09,,https://images1.vinted.net/t/05_003e4_ZvKehAVWkQYAccixGW6Zb6pU/310x430/1772288225.webp?s=55f41276a8d58fdf6d0f37963dff02a984d07c07,12,1
Lot de 5 pieges pour Laeticia,11.2,No brand,0,https://www.vinted.it/items/8284107204-lot-de-5-pieges-pour-laeticia?referrer=catalog,0,8284107204,Sold,01/03/2026 10:27:30,,https://images1.vinted.net/t/06_0253b_to4t4E4Up5YnJxN3rBDQgTs3/310x430/1772312435.webp?s=93207e54c88a234be64b3efd8883f055a0af61c2,12,4
PS4 Kingdom Come Deliverance Royal Edition,16.45,No brand,0,https://www.vinted.it/items/8279854468-ps4-kingdom-come-deliverance-royal-edition?referrer=catalog,1,8279854468,Sold,01/03/2026 10:29:57,,https://images1.vinted.net/t/05_01899_Uxqss6tH2MKdYW922NgbUmRN/310x430/1772284962.webp?s=f14f16b87834083ba7f5881401faa66c6a579433,12,10
PS4 PS5 - Tales of Berseria en très bon état sur Playstation 4 et 5,11.2,No brand,0,https://www.vinted.it/items/8285409524-ps4-ps5-tales-of-berseria-en-tres-bon-etat-sur-playstation-4-et-5?referrer=catalog,0,8285409524,Sold,01/03/2026 10:26:09,,https://images1.vinted.net/t/06_01a90_vXeVT9PWHY8i2dkHDCLzuXGo/310x430/1772354689.webp?s=75c90490b9b4e620b9183bdfdf72697e9560e4d9,12,1
Jeu « lego jurassic world » ps4,8.05,No brand,0,https://www.vinted.it/items/8287639281-jeu-lego-jurassic-world-ps4?referrer=catalog,0,8287639281,Sold,01/03/2026 13:39:07,,https://images1.vinted.net/t/05_02170_2F9f8mRm8QsLA4L14X8KzWm3/310x430/1772366623.webp?s=fd6905312eb33540ad081c14e867d52528d49343,3,1
Farming simulator 22,13.3,No brand,0,https://www.vinted.it/items/8288918710-farming-simulator-22?referrer=catalog,0,8288918710,Sold,01/03/2026 14:56:20,,https://images1.vinted.net/t/05_008bf_YSZFxuArh84fPZgMgqMJk6ye/310x430/1772372574.webp?s=e4906dcb4dca7c13acc893b6478568cfeb2048f9,4,1
Jeux ps4,11.2,No brand,0,https://www.vinted.it/items/8288896622-jeux-ps4?referrer=catalog,0,8288896622,Sold,01/03/2026 14:56:20,,https://images1.vinted.net/t/05_0128d_3Syd1BRsfj3EHbnkobtWytLk/310x430/1772372477.webp?s=5194ac5ae598cc0bf8656bc51d954b8538c1c825,4,1
Manette ps4,14.35,PlayStation,0,https://www.vinted.it/items/8285697294-manette-ps4?referrer=catalog,2,8285697294,Sold,01/03/2026 14:56:20,,https://images1.vinted.net/t/01_021e9_CyufsjK5a43GuuPgTXdNaRxe/310x430/1772356819.webp?s=54905e785afd521258d7d24b7696b10445c1a68a,4,1
Porta giochi ps4,3.33,No brand,0,https://www.vinted.it/items/8288797282-porta-giochi-ps4?referrer=catalog,1,8288797282,Sold,01/03/2026 14:56:20,,https://images1.vinted.net/t/06_005eb_uo2cYVvNN1oR4mSerAHsXLWb/310x430/1772372031.webp?s=3a842d6757dc4efce8469e9cef71edefb0ac4169,4,1
Resident Evil Origins,24.85,No brand,0,https://www.vinted.it/items/8288749845-resident-evil-origins?referrer=catalog,0,8288749845,Sold,01/03/2026 14:56:20,,https://images1.vinted.net/t/05_01362_A7rLVpktj8W84BqA6pLY3AFo/310x430/1772371818.webp?s=f1627b080899f463ae3dd4c257d659c6f788657d,4,1
Dark Souls Trilogy PS4 Sealed,32.2,No brand,0,https://www.vinted.it/items/8288625338-dark-souls-trilogy-ps4-sealed?referrer=catalog,0,8288625338,Sold,01/03/2026 14:56:20,,https://images1.vinted.net/t/06_02455_hP9haj5mP23YjhSAaLdfmPC2/310x430/1772371259.webp?s=7ea95a7fa1de47694de01258f65d75ceae653962,4,1
Horizon Zero Dawn Ps4,8.05,No brand,0,https://www.vinted.it/items/8288526595-horizon-zero-dawn-ps4?referrer=catalog,0,8288526595,Sold,01/03/2026 14:56:44,,https://images1.vinted.net/t/03_01205_uSBd2P5QHk9Q3kzE4YowFCQo/310x430/1772370811.webp?s=8469aa60cb4c99e54565c409241d57e51f6efc23,4,2
Tekken 7,14.35,No brand,0,https://www.vinted.it/items/8288519822-tekken-7?referrer=catalog,1,8288519822,Sold,01/03/2026 14:56:44,,https://images1.vinted.net/t/01_0209a_mPMEWgk9FahKpAu6yK9nk6Nx/310x430/1772370781.webp?s=3d09ce4522a32af5611a015a839a8f579eac7c19,4,2
The last of us remasterizado PS4,8.05,No brand,0,https://www.vinted.it/items/8288510095-the-last-of-us-remasterizado-ps4?referrer=catalog,0,8288510095,Sold,01/03/2026 14:56:44,,https://images1.vinted.net/t/01_025eb_N6bbGuX5ub1egPZKwk1YGf9k/310x430/1772370736.webp?s=3334c066b2c7e5c85d8a07026a014bd49428c8a0,4,2
Giochi ps4,53.2,No brand,0,https://www.vinted.it/items/8288525248-giochi-ps4?referrer=catalog,4,8288525248,Sold,01/03/2026 14:56:44,,https://images1.vinted.net/t/05_0093e_vgTSwQQBGQVZ5kb5RqLNsc3J/310x430/1772370806.webp?s=06d463719c2b2c222bd7b8c5240331140d5f298c,4,2
The order 1886 ps4,5.43,No brand,0,https://www.vinted.it/items/8288395951-the-order-1886-ps4?referrer=catalog,0,8288395951,Sold,01/03/2026 14:56:44,,https://images1.vinted.net/t/05_00341_vUqGBCqQuAW6jvAZAaerSE6G/310x430/1772370211.webp?s=9d4e08da9bb1d98cfe38b6f0d8b82514f195d9a3,4,2
Jeu ps4 The last of us Left Behind création,37.45,No brand,0,https://www.vinted.it/items/8288240830-jeu-ps4-the-last-of-us-left-behind-creation?referrer=catalog,1,8288240830,Sold,01/03/2026 14:56:44,,https://images1.vinted.net/t/04_020d6_jXmvGNeXGVSuHmw98DwcFXVQ/310x430/1772369489.webp?s=c578f2e26c025b83a6137edb1e306fcbfb4ade31,4,2
Manette PS4,21.7,PlayStation,0,https://www.vinted.it/items/8280458538-manette-ps4?referrer=catalog,2,8280458538,Sold,01/03/2026 10:26:09,,https://images1.vinted.net/t/05_003e4_ZvKehAVWkQYAccixGW6Zb6pU/310x430/1772288225.webp?s=55f41276a8d58fdf6d0f37963dff02a984d07c07,12,1
Ps4 neuf,84.7,Sony,0,https://www.vinted.it/items/8288048926-ps4-neuf?referrer=catalog,0,8288048926,Sold,01/03/2026 13:39:07,,https://images1.vinted.net/t/05_00f63_jrETCAEXovVrsJMmRuSS82GH/310x430/1772368591.webp?s=5f1deed1cb45f94e248e0f5275985fff9400f40c,3,1
Divinity original sin 2,40.6,No brand,0,https://www.vinted.it/items/8285509294-divinity-original-sin-2?referrer=catalog,2,8285509294,Sold,01/03/2026 10:26:09,,https://images1.vinted.net/t/01_01c73_uASPLRYyqQAC1UhNdkFUZyrq/310x430/1772355491.webp?s=97b97b6948f1a275d38d63dfe8b1e363d2d7f2b0,12,1
Lot de 5 pieges pour Laeticia,11.2,No brand,0,https://www.vinted.it/items/8284107204-lot-de-5-pieges-pour-laeticia?referrer=catalog,0,8284107204,Sold,01/03/2026 10:27:30,,https://images1.vinted.net/t/06_0253b_to4t4E4Up5YnJxN3rBDQgTs3/310x430/1772312435.webp?s=93207e54c88a234be64b3efd8883f055a0af61c2,12,4
PS4 PS5 - Tales of Berseria en très bon état sur Playstation 4 et 5,11.2,No brand,0,https://www.vinted.it/items/8285409524-ps4-ps5-tales-of-berseria-en-tres-bon-etat-sur-playstation-4-et-5?referrer=catalog,0,8285409524,Sold,01/03/2026 10:26:09,,https://images1.vinted.net/t/06_01a90_vXeVT9PWHY8i2dkHDCLzuXGo/310x430/1772354689.webp?s=75c90490b9b4e620b9183bdfdf72697e9560e4d9,12,1
Caisse à outils,18.55,No brand,0,https://www.vinted.it/items/8288032756-caisse-a-outils?referrer=catalog,1,8288032756,Sold,01/03/2026 13:39:07,,https://images1.vinted.net/t/05_004ae_F8AiESiHa7LpDVVJHuqSVZFk/310x430/1772368515.webp?s=e8f9c7cb672be5944a434997159c27831048bead,3,1
Jeux gran turismo 7,26.95,No brand,0,https://www.vinted.it/items/8285378557-jeux-gran-turismo-7?referrer=catalog,5,8285378557,Sold,01/03/2026 10:26:09,,https://images1.vinted.net/t/05_01cb2_VxBFTuBsvMsq4EDQkKbsQDt3/310x430/1772354422.webp?s=51a67b9803f45324c9bc046637ae28bf29b6d94c,12,1
PS4 Kingdom Come Deliverance Royal Edition,16.45,No brand,0,https://www.vinted.it/items/8279854468-ps4-kingdom-come-deliverance-royal-edition?referrer=catalog,1,8279854468,Sold,01/03/2026 10:29:57,,https://images1.vinted.net/t/05_01899_Uxqss6tH2MKdYW922NgbUmRN/310x430/1772284962.webp?s=f14f16b87834083ba7f5881401faa66c6a579433,12,10
Jeu « lego jurassic world » ps4,8.05,No brand,0,https://www.vinted.it/items/8287639281-jeu-lego-jurassic-world-ps4?referrer=catalog,0,8287639281,Sold,01/03/2026 13:39:07,,https://images1.vinted.net/t/05_02170_2F9f8mRm8QsLA4L14X8KzWm3/310x430/1772366623.webp?s=fd6905312eb33540ad081c14e867d52528d49343,3,1
Farming simulator 22,13.3,No brand,0,https://www.vinted.it/items/8288918710-farming-simulator-22?referrer=catalog,0,8288918710,Sold,01/03/2026 14:56:20,,https://images1.vinted.net/t/05_008bf_YSZFxuArh84fPZgMgqMJk6ye/310x430/1772372574.webp?s=e4906dcb4dca7c13acc893b6478568cfeb2048f9,4,1
Jeux ps4,11.2,No brand,0,https://www.vinted.it/items/8288896622-jeux-ps4?referrer=catalog,0,8288896622,Sold,01/03/2026 14:56:20,,https://images1.vinted.net/t/05_0128d_3Syd1BRsfj3EHbnkobtWytLk/310x430/1772372477.webp?s=5194ac5ae598cc0bf8656bc51d954b8538c1c825,4,1
Porta giochi ps4,3.33,No brand,0,https://www.vinted.it/items/8288797282-porta-giochi-ps4?referrer=catalog,1,8288797282,Sold,01/03/2026 14:56:20,,https://images1.vinted.net/t/06_005eb_uo2cYVvNN1oR4mSerAHsXLWb/310x430/1772372031.webp?s=3a842d6757dc4efce8469e9cef71edefb0ac4169,4,1
Manette ps4,14.35,PlayStation,0,https://www.vinted.it/items/8285697294-manette-ps4?referrer=catalog,2,8285697294,Sold,01/03/2026 14:56:20,,https://images1.vinted.net/t/01_021e9_CyufsjK5a43GuuPgTXdNaRxe/310x430/1772356819.webp?s=54905e785afd521258d7d24b7696b10445c1a68a,4,1
Resident Evil Origins,24.85,No brand,0,https://www.vinted.it/items/8288749845-resident-evil-origins?referrer=catalog,0,8288749845,Sold,01/03/2026 14:56:20,,https://images1.vinted.net/t/05_01362_A7rLVpktj8W84BqA6pLY3AFo/310x430/1772371818.webp?s=f1627b080899f463ae3dd4c257d659c6f788657d,4,1
Dark Souls Trilogy PS4 Sealed,32.2,No brand,0,https://www.vinted.it/items/8288625338-dark-souls-trilogy-ps4-sealed?referrer=catalog,0,8288625338,Sold,01/03/2026 14:56:20,,https://images1.vinted.net/t/06_02455_hP9haj5mP23YjhSAaLdfmPC2/310x430/1772371259.webp?s=7ea95a7fa1de47694de01258f65d75ceae653962,4,1
Horizon Zero Dawn Ps4,8.05,No brand,0,https://www.vinted.it/items/8288526595-horizon-zero-dawn-ps4?referrer=catalog,0,8288526595,Sold,01/03/2026 14:56:44,,https://images1.vinted.net/t/03_01205_uSBd2P5QHk9Q3kzE4YowFCQo/310x430/1772370811.webp?s=8469aa60cb4c99e54565c409241d57e51f6efc23,4,2
Giochi ps4,53.2,No brand,0,https://www.vinted.it/items/8288525248-giochi-ps4?referrer=catalog,4,8288525248,Sold,01/03/2026 14:56:44,,https://images1.vinted.net/t/05_0093e_vgTSwQQBGQVZ5kb5RqLNsc3J/310x430/1772370806.webp?s=06d463719c2b2c222bd7b8c5240331140d5f298c,4,2
Tekken 7,14.35,No brand,0,https://www.vinted.it/items/8288519822-tekken-7?referrer=catalog,1,8288519822,Sold,01/03/2026 14:56:44,,https://images1.vinted.net/t/01_0209a_mPMEWgk9FahKpAu6yK9nk6Nx/310x430/1772370781.webp?s=3d09ce4522a32af5611a015a839a8f579eac7c19,4,2
The last of us remasterizado PS4,8.05,No brand,0,https://www.vinted.it/items/8288510095-the-last-of-us-remasterizado-ps4?referrer=catalog,0,8288510095,Sold,01/03/2026 14:56:44,,https://images1.vinted.net/t/01_025eb_N6bbGuX5ub1egPZKwk1YGf9k/310x430/1772370736.webp?s=3334c066b2c7e5c85d8a07026a014bd49428c8a0,4,2
The order 1886 ps4,5.43,No brand,0,https://www.vinted.it/items/8288395951-the-order-1886-ps4?referrer=catalog,0,8288395951,Sold,01/03/2026 14:56:44,,https://images1.vinted.net/t/05_00341_vUqGBCqQuAW6jvAZAaerSE6G/310x430/1772370211.webp?s=9d4e08da9bb1d98cfe38b6f0d8b82514f195d9a3,4,2
Jeu ps4 The last of us Left Behind création,37.45,No brand,0,https://www.vinted.it/items/8288240830-jeu-ps4-the-last-of-us-left-behind-creation?referrer=catalog,1,8288240830,Sold,01/03/2026 14:56:44,,https://images1.vinted.net/t/04_020d6_jXmvGNeXGVSuHmw98DwcFXVQ/310x430/1772369489.webp?s=c578f2e26c025b83a6137edb1e306fcbfb4ade31,4,2
Jump force,11.2,No brand,0,https://www.vinted.it/items/8288005406-jump-force?referrer=catalog,1,8288005406,Sold,01/03/2026 14:56:44,,https://images1.vinted.net/t/01_00d65_QQZyGuPmVgKAmbH8cJpPRVbu/310x430/1772368385.webp?s=b9654552d1e830f1c2a150d39824d4a32a527123,4,2
PS4 Kingdom Come Deliverance Royal Edition,16.45,No brand,0,https://www.vinted.it/items/8279854468-ps4-kingdom-come-deliverance-royal-edition?referrer=catalog,1,8279854468,Sold,01/03/2026 10:29:57,,https://images1.vinted.net/t/05_01899_Uxqss6tH2MKdYW922NgbUmRN/310x430/1772284962.webp?s=f14f16b87834083ba7f5881401faa66c6a579433,12,10
Jeux gran turismo 7,26.95,No brand,0,https://www.vinted.it/items/8285378557-jeux-gran-turismo-7?referrer=catalog,5,8285378557,Sold,01/03/2026 10:26:09,,https://images1.vinted.net/t/05_01cb2_VxBFTuBsvMsq4EDQkKbsQDt3/310x430/1772354422.webp?s=51a67b9803f45324c9bc046637ae28bf29b6d94c,12,1
Ps4 neuf,84.7,Sony,0,https://www.vinted.it/items/8288048926-ps4-neuf?referrer=catalog,0,8288048926,Sold,01/03/2026 13:39:07,,https://images1.vinted.net/t/05_00f63_jrETCAEXovVrsJMmRuSS82GH/310x430/1772368591.webp?s=5f1deed1cb45f94e248e0f5275985fff9400f40c,3,1
Lot de 5 pieges pour Laeticia,11.2,No brand,0,https://www.vinted.it/items/8284107204-lot-de-5-pieges-pour-laeticia?referrer=catalog,0,8284107204,Sold,01/03/2026 10:27:30,,https://images1.vinted.net/t/06_0253b_to4t4E4Up5YnJxN3rBDQgTs3/310x430/1772312435.webp?s=93207e54c88a234be64b3efd8883f055a0af61c2,12,4
Manette PS4,21.7,PlayStation,0,https://www.vinted.it/items/8280458538-manette-ps4?referrer=catalog,2,8280458538,Sold,01/03/2026 10:26:09,,https://images1.vinted.net/t/05_003e4_ZvKehAVWkQYAccixGW6Zb6pU/310x430/1772288225.webp?s=55f41276a8d58fdf6d0f37963dff02a984d07c07,12,1
Divinity original sin 2,40.6,No brand,0,https://www.vinted.it/items/8285509294-divinity-original-sin-2?referrer=catalog,2,8285509294,Sold,01/03/2026 10:26:09,,https://images1.vinted.net/t/01_01c73_uASPLRYyqQAC1UhNdkFUZyrq/310x430/1772355491.webp?s=97b97b6948f1a275d38d63dfe8b1e363d2d7f2b0,12,1
Caisse à outils,18.55,No brand,0,https://www.vinted.it/items/8288032756-caisse-a-outils?referrer=catalog,1,8288032756,Sold,01/03/2026 13:39:07,,https://images1.vinted.net/t/05_004ae_F8AiESiHa7LpDVVJHuqSVZFk/310x430/1772368515.webp?s=e8f9c7cb672be5944a434997159c27831048bead,3,1
PS4 PS5 - Tales of Berseria en très bon état sur Playstation 4 et 5,11.2,No brand,0,https://www.vinted.it/items/8285409524-ps4-ps5-tales-of-berseria-en-tres-bon-etat-sur-playstation-4-et-5?referrer=catalog,0,8285409524,Sold,01/03/2026 10:26:09,,https://images1.vinted.net/t/06_01a90_vXeVT9PWHY8i2dkHDCLzuXGo/310x430/1772354689.webp?s=75c90490b9b4e620b9183bdfdf72697e9560e4d9,12,1
Farming simulator 22,13.3,No brand,0,https://www.vinted.it/items/8288918710-farming-simulator-22?referrer=catalog,0,8288918710,Sold,01/03/2026 14:56:20,,https://images1.vinted.net/t/05_008bf_YSZFxuArh84fPZgMgqMJk6ye/310x430/1772372574.webp?s=e4906dcb4dca7c13acc893b6478568cfeb2048f9,4,1
Jeux ps4,11.2,No brand,0,https://www.vinted.it/items/8288896622-jeux-ps4?referrer=catalog,0,8288896622,Sold,01/03/2026 14:56:20,,https://images1.vinted.net/t/05_0128d_3Syd1BRsfj3EHbnkobtWytLk/310x430/1772372477.webp?s=5194ac5ae598cc0bf8656bc51d954b8538c1c825,4,1
Resident Evil Origins,24.85,No brand,0,https://www.vinted.it/items/8288749845-resident-evil-origins?referrer=catalog,0,8288749845,Sold,01/03/2026 14:56:20,,https://images1.vinted.net/t/05_01362_A7rLVpktj8W84BqA6pLY3AFo/310x430/1772371818.webp?s=f1627b080899f463ae3dd4c257d659c6f788657d,4,1
Porta giochi ps4,3.33,No brand,0,https://www.vinted.it/items/8288797282-porta-giochi-ps4?referrer=catalog,1,8288797282,Sold,01/03/2026 14:56:20,,https://images1.vinted.net/t/06_005eb_uo2cYVvNN1oR4mSerAHsXLWb/310x430/1772372031.webp?s=3a842d6757dc4efce8469e9cef71edefb0ac4169,4,1
Manette ps4,14.35,PlayStation,0,https://www.vinted.it/items/8285697294-manette-ps4?referrer=catalog,2,8285697294,Sold,01/03/2026 14:56:20,,https://images1.vinted.net/t/01_021e9_CyufsjK5a43GuuPgTXdNaRxe/310x430/1772356819.webp?s=54905e785afd521258d7d24b7696b10445c1a68a,4,1
Dark Souls Trilogy PS4 Sealed,32.2,No brand,0,https://www.vinted.it/items/8288625338-dark-souls-trilogy-ps4-sealed?referrer=catalog,0,8288625338,Sold,01/03/2026 14:56:20,,https://images1.vinted.net/t/06_02455_hP9haj5mP23YjhSAaLdfmPC2/310x430/1772371259.webp?s=7ea95a7fa1de47694de01258f65d75ceae653962,4,1
Horizon Zero Dawn Ps4,8.05,No brand,0,https://www.vinted.it/items/8288526595-horizon-zero-dawn-ps4?referrer=catalog,0,8288526595,Sold,01/03/2026 14:56:44,,https://images1.vinted.net/t/03_01205_uSBd2P5QHk9Q3kzE4YowFCQo/310x430/1772370811.webp?s=8469aa60cb4c99e54565c409241d57e51f6efc23,4,2
Jeu « lego jurassic world » ps4,8.05,No brand,0,https://www.vinted.it/items/8287639281-jeu-lego-jurassic-world-ps4?referrer=catalog,0,8287639281,Sold,01/03/2026 13:39:07,,https://images1.vinted.net/t/05_02170_2F9f8mRm8QsLA4L14X8KzWm3/310x430/1772366623.webp?s=fd6905312eb33540ad081c14e867d52528d49343,3,1
Giochi ps4,53.2,No brand,0,https://www.vinted.it/items/8288525248-giochi-ps4?referrer=catalog,4,8288525248,Sold,01/03/2026 14:56:44,,https://images1.vinted.net/t/05_0093e_vgTSwQQBGQVZ5kb5RqLNsc3J/310x430/1772370806.webp?s=06d463719c2b2c222bd7b8c5240331140d5f298c,4,2
Tekken 7,14.35,No brand,0,https://www.vinted.it/items/8288519822-tekken-7?referrer=catalog,1,8288519822,Sold,01/03/2026 14:56:44,,https://images1.vinted.net/t/01_0209a_mPMEWgk9FahKpAu6yK9nk6Nx/310x430/1772370781.webp?s=3d09ce4522a32af5611a015a839a8f579eac7c19,4,2
The last of us remasterizado PS4,8.05,No brand,0,https://www.vinted.it/items/8288510095-the-last-of-us-remasterizado-ps4?referrer=catalog,0,8288510095,Sold,01/03/2026 14:56:44,,https://images1.vinted.net/t/01_025eb_N6bbGuX5ub1egPZKwk1YGf9k/310x430/1772370736.webp?s=3334c066b2c7e5c85d8a07026a014bd49428c8a0,4,2
The order 1886 ps4,5.43,No brand,0,https://www.vinted.it/items/8288395951-the-order-1886-ps4?referrer=catalog,0,8288395951,Sold,01/03/2026 14:56:44,,https://images1.vinted.net/t/05_00341_vUqGBCqQuAW6jvAZAaerSE6G/310x430/1772370211.webp?s=9d4e08da9bb1d98cfe38b6f0d8b82514f195d9a3,4,2
Jeu ps4 The last of us Left Behind création,37.45,No brand,0,https://www.vinted.it/items/8288240830-jeu-ps4-the-last-of-us-left-behind-creation?referrer=catalog,1,8288240830,Sold,01/03/2026 14:56:44,,https://images1.vinted.net/t/04_020d6_jXmvGNeXGVSuHmw98DwcFXVQ/310x430/1772369489.webp?s=c578f2e26c025b83a6137edb1e306fcbfb4ade31,4,2
Detroit become human ps4,11.2,No brand,0,https://www.vinted.it/items/8292590185-detroit-become-human-ps4?referrer=catalog,0,8292590185,Sold,01/03/2026 19:19:08,,https://images1.vinted.net/t/05_00b6d_phrtnDyTHfQf6b3udB5WvUFW/310x430/1772389084.webp?s=1ef3514cc51894beced7c65b3a2586b60562f26b,3,1
Jump force,11.2,No brand,0,https://www.vinted.it/items/8288005406-jump-force?referrer=catalog,1,8288005406,Sold,01/03/2026 14:56:44,,https://images1.vinted.net/t/01_00d65_QQZyGuPmVgKAmbH8cJpPRVbu/310x430/1772368385.webp?s=b9654552d1e830f1c2a150d39824d4a32a527123,4,2
Ufc 4,16.45,No brand,0,https://www.vinted.it/items/8292484055-ufc-4?referrer=catalog,1,8292484055,Sold,01/03/2026 19:19:08,,https://images1.vinted.net/t/05_0222a_VHmZ3VCnVRp5LmMUUaUW3zRb/310x430/1772388476.webp?s=123261b45ef6da934dce3dc4e5b7be4931009aa4,3,1
Hogwarts legacy ps4,12.25,No brand,0,https://www.vinted.it/items/8292473316-hogwarts-legacy-ps4?referrer=catalog,0,8292473316,Sold,01/03/2026 19:19:08,,https://images1.vinted.net/t/06_00b8f_FhaRwQmudFi3oFYKHJwBBkak/310x430/1772388416.webp?s=7c732f7aff3150ba701d91eec4a92a32841f085b,3,1
The Sims 4,11.2,No brand,0,https://www.vinted.it/items/8292439650-the-sims-4?referrer=catalog,0,8292439650,Sold,01/03/2026 19:19:08,,https://images1.vinted.net/t/01_0208a_VJr4p53torhjnxvQw4rzevi4/310x430/1772388229.webp?s=8a88d59c26bfff0fef1d58b690e524c1a7269d1f,3,1
Manette PS4 état neuf jamais utilisé,21.69,No brand,0,https://www.vinted.it/items/8292415856-manette-ps4-etat-neuf-jamais-utilise?referrer=catalog,1,8292415856,Sold,01/03/2026 19:19:08,,https://images1.vinted.net/t/05_019a6_MqXBoSzdMxTj8VQRKVyBr9Ep/310x430/1772388097.webp?s=22262dabf58a127b8a7cc69dfbb5a5177c09f219,3,1
Lego Avengers Ps4,5.95,No brand,0,https://www.vinted.it/items/8292392214-lego-avengers-ps4?referrer=catalog,0,8292392214,Sold,01/03/2026 19:19:08,,https://images1.vinted.net/t/06_02060_Q7PSPoDaBtF6jHpcCagUBHpV/310x430/1772387966.webp?s=0981b7441a19a02b7c77d39755666703f77f20b6,3,1
Abzú PS4,19.6,No brand,0,https://www.vinted.it/items/8292276153-abzu-ps4?referrer=catalog,2,8292276153,Sold,01/03/2026 19:19:08,,https://images1.vinted.net/t/06_011f9_ZqVQE2jx6Lhi5UY2LkHaBwbU/310x430/1772387338.webp?s=406ee1bb46c34771dde4a7fd92a4838700a9cb3e,3,1
PS4 Kingdom Come Deliverance Royal Edition,16.45,No brand,0,https://www.vinted.it/items/8279854468-ps4-kingdom-come-deliverance-royal-edition?referrer=catalog,1,8279854468,Sold,01/03/2026 10:29:57,,https://images1.vinted.net/t/05_01899_Uxqss6tH2MKdYW922NgbUmRN/310x430/1772284962.webp?s=f14f16b87834083ba7f5881401faa66c6a579433,12,10
Manette PS4,21.7,PlayStation,0,https://www.vinted.it/items/8280458538-manette-ps4?referrer=catalog,2,8280458538,Sold,01/03/2026 10:26:09,,https://images1.vinted.net/t/05_003e4_ZvKehAVWkQYAccixGW6Zb6pU/310x430/1772288225.webp?s=55f41276a8d58fdf6d0f37963dff02a984d07c07,12,1
Divinity original sin 2,40.6,No brand,0,https://www.vinted.it/items/8285509294-divinity-original-sin-2?referrer=catalog,2,8285509294,Sold,01/03/2026 10:26:09,,https://images1.vinted.net/t/01_01c73_uASPLRYyqQAC1UhNdkFUZyrq/310x430/1772355491.webp?s=97b97b6948f1a275d38d63dfe8b1e363d2d7f2b0,12,1
Lot de 5 pieges pour Laeticia,11.2,No brand,0,https://www.vinted.it/items/8284107204-lot-de-5-pieges-pour-laeticia?referrer=catalog,0,8284107204,Sold,01/03/2026 10:27:30,,https://images1.vinted.net/t/06_0253b_to4t4E4Up5YnJxN3rBDQgTs3/310x430/1772312435.webp?s=93207e54c88a234be64b3efd8883f055a0af61c2,12,4
Jeux ps4,11.2,No brand,0,https://www.vinted.it/items/8288896622-jeux-ps4?referrer=catalog,0,8288896622,Sold,01/03/2026 14:56:20,,https://images1.vinted.net/t/05_0128d_3Syd1BRsfj3EHbnkobtWytLk/310x430/1772372477.webp?s=5194ac5ae598cc0bf8656bc51d954b8538c1c825,4,1
PS4 PS5 - Tales of Berseria en très bon état sur Playstation 4 et 5,11.2,No brand,0,https://www.vinted.it/items/8285409524-ps4-ps5-tales-of-berseria-en-tres-bon-etat-sur-playstation-4-et-5?referrer=catalog,0,8285409524,Sold,01/03/2026 10:26:09,,https://images1.vinted.net/t/06_01a90_vXeVT9PWHY8i2dkHDCLzuXGo/310x430/1772354689.webp?s=75c90490b9b4e620b9183bdfdf72697e9560e4d9,12,1
Jeux gran turismo 7,26.95,No brand,0,https://www.vinted.it/items/8285378557-jeux-gran-turismo-7?referrer=catalog,5,8285378557,Sold,01/03/2026 10:26:09,,https://images1.vinted.net/t/05_01cb2_VxBFTuBsvMsq4EDQkKbsQDt3/310x430/1772354422.webp?s=51a67b9803f45324c9bc046637ae28bf29b6d94c,12,1
Farming simulator 22,13.3,No brand,0,https://www.vinted.it/items/8288918710-farming-simulator-22?referrer=catalog,0,8288918710,Sold,01/03/2026 14:56:20,,https://images1.vinted.net/t/05_008bf_YSZFxuArh84fPZgMgqMJk6ye/310x430/1772372574.webp?s=e4906dcb4dca7c13acc893b6478568cfeb2048f9,4,1
Porta giochi ps4,3.33,No brand,0,https://www.vinted.it/items/8288797282-porta-giochi-ps4?referrer=catalog,1,8288797282,Sold,01/03/2026 14:56:20,,https://images1.vinted.net/t/06_005eb_uo2cYVvNN1oR4mSerAHsXLWb/310x430/1772372031.webp?s=3a842d6757dc4efce8469e9cef71edefb0ac4169,4,1
Manette ps4,14.35,PlayStation,0,https://www.vinted.it/items/8285697294-manette-ps4?referrer=catalog,2,8285697294,Sold,01/03/2026 14:56:20,,https://images1.vinted.net/t/01_021e9_CyufsjK5a43GuuPgTXdNaRxe/310x430/1772356819.webp?s=54905e785afd521258d7d24b7696b10445c1a68a,4,1
Resident Evil Origins,24.85,No brand,0,https://www.vinted.it/items/8288749845-resident-evil-origins?referrer=catalog,0,8288749845,Sold,01/03/2026 14:56:20,,https://images1.vinted.net/t/05_01362_A7rLVpktj8W84BqA6pLY3AFo/310x430/1772371818.webp?s=f1627b080899f463ae3dd4c257d659c6f788657d,4,1
Dark Souls Trilogy PS4 Sealed,32.2,No brand,0,https://www.vinted.it/items/8288625338-dark-souls-trilogy-ps4-sealed?referrer=catalog,0,8288625338,Sold,01/03/2026 14:56:20,,https://images1.vinted.net/t/06_02455_hP9haj5mP23YjhSAaLdfmPC2/310x430/1772371259.webp?s=7ea95a7fa1de47694de01258f65d75ceae653962,4,1
Horizon Zero Dawn Ps4,8.05,No brand,0,https://www.vinted.it/items/8288526595-horizon-zero-dawn-ps4?referrer=catalog,0,8288526595,Sold,01/03/2026 14:56:44,,https://images1.vinted.net/t/03_01205_uSBd2P5QHk9Q3kzE4YowFCQo/310x430/1772370811.webp?s=8469aa60cb4c99e54565c409241d57e51f6efc23,4,2
Giochi ps4,53.2,No brand,0,https://www.vinted.it/items/8288525248-giochi-ps4?referrer=catalog,4,8288525248,Sold,01/03/2026 14:56:44,,https://images1.vinted.net/t/05_0093e_vgTSwQQBGQVZ5kb5RqLNsc3J/310x430/1772370806.webp?s=06d463719c2b2c222bd7b8c5240331140d5f298c,4,2
Tekken 7,14.35,No brand,0,https://www.vinted.it/items/8288519822-tekken-7?referrer=catalog,1,8288519822,Sold,01/03/2026 14:56:44,,https://images1.vinted.net/t/01_0209a_mPMEWgk9FahKpAu6yK9nk6Nx/310x430/1772370781.webp?s=3d09ce4522a32af5611a015a839a8f579eac7c19,4,2
The order 1886 ps4,5.43,No brand,0,https://www.vinted.it/items/8288395951-the-order-1886-ps4?referrer=catalog,0,8288395951,Sold,01/03/2026 14:56:44,,https://images1.vinted.net/t/05_00341_vUqGBCqQuAW6jvAZAaerSE6G/310x430/1772370211.webp?s=9d4e08da9bb1d98cfe38b6f0d8b82514f195d9a3,4,2
Jeu ps4 The last of us Left Behind création,37.45,No brand,0,https://www.vinted.it/items/8288240830-jeu-ps4-the-last-of-us-left-behind-creation?referrer=catalog,1,8288240830,Sold,01/03/2026 14:56:44,,https://images1.vinted.net/t/04_020d6_jXmvGNeXGVSuHmw98DwcFXVQ/310x430/1772369489.webp?s=c578f2e26c025b83a6137edb1e306fcbfb4ade31,4,2
Jump force,11.2,No brand,0,https://www.vinted.it/items/8288005406-jump-force?referrer=catalog,1,8288005406,Sold,01/03/2026 14:56:44,,https://images1.vinted.net/t/01_00d65_QQZyGuPmVgKAmbH8cJpPRVbu/310x430/1772368385.webp?s=b9654552d1e830f1c2a150d39824d4a32a527123,4,2
gioco PS4 assetto corsa,7.0,No brand,0,https://www.vinted.it/items/8294573948-gioco-ps4-assetto-corsa?referrer=catalog,0,8294573948,Sold,02/03/2026 00:00:49,,https://images1.vinted.net/t/03_002d0_hXbfL4FQ28qhC8HbfPJpF36E/310x430/1772405978.webp?s=4d4bb53c56884cecf9208ce5722f4f40f3223752,4,1
Batman: Return to Arkham - Collection ps4,9.1,No brand,0,https://www.vinted.it/items/8294432292-batman-return-to-arkham-collection-ps4?referrer=catalog,2,8294432292,Sold,02/03/2026 00:00:49,,https://images1.vinted.net/t/04_01a7a_umqXJRwGKbbagxv7azVJi3Mg/310x430/1772403204.webp?s=54370611ec34c6f0adea42f524aa9d08bb3d9c71,4,1
Manette PS4,21.7,PlayStation,0,https://www.vinted.it/items/8280458538-manette-ps4?referrer=catalog,2,8280458538,Sold,01/03/2026 10:26:09,,https://images1.vinted.net/t/05_003e4_ZvKehAVWkQYAccixGW6Zb6pU/310x430/1772288225.webp?s=55f41276a8d58fdf6d0f37963dff02a984d07c07,12,1
Divinity original sin 2,40.6,No brand,0,https://www.vinted.it/items/8285509294-divinity-original-sin-2?referrer=catalog,2,8285509294,Sold,01/03/2026 10:26:09,,https://images1.vinted.net/t/01_01c73_uASPLRYyqQAC1UhNdkFUZyrq/310x430/1772355491.webp?s=97b97b6948f1a275d38d63dfe8b1e363d2d7f2b0,12,1
PS4 Kingdom Come Deliverance Royal Edition,16.45,No brand,0,https://www.vinted.it/items/8279854468-ps4-kingdom-come-deliverance-royal-edition?referrer=catalog,1,8279854468,Sold,01/03/2026 10:29:57,,https://images1.vinted.net/t/05_01899_Uxqss6tH2MKdYW922NgbUmRN/310x430/1772284962.webp?s=f14f16b87834083ba7f5881401faa66c6a579433,12,10
Jeux gran turismo 7,26.95,No brand,0,https://www.vinted.it/items/8285378557-jeux-gran-turismo-7?referrer=catalog,5,8285378557,Sold,01/03/2026 10:26:09,,https://images1.vinted.net/t/05_01cb2_VxBFTuBsvMsq4EDQkKbsQDt3/310x430/1772354422.webp?s=51a67b9803f45324c9bc046637ae28bf29b6d94c,12,1
Lot de 5 pieges pour Laeticia,11.2,No brand,0,https://www.vinted.it/items/8284107204-lot-de-5-pieges-pour-laeticia?referrer=catalog,0,8284107204,Sold,01/03/2026 10:27:30,,https://images1.vinted.net/t/06_0253b_to4t4E4Up5YnJxN3rBDQgTs3/310x430/1772312435.webp?s=93207e54c88a234be64b3efd8883f055a0af61c2,12,4
PS4 PS5 - Tales of Berseria en très bon état sur Playstation 4 et 5,11.2,No brand,0,https://www.vinted.it/items/8285409524-ps4-ps5-tales-of-berseria-en-tres-bon-etat-sur-playstation-4-et-5?referrer=catalog,0,8285409524,Sold,01/03/2026 10:26:09,,https://images1.vinted.net/t/06_01a90_vXeVT9PWHY8i2dkHDCLzuXGo/310x430/1772354689.webp?s=75c90490b9b4e620b9183bdfdf72697e9560e4d9,12,1
Steelbook Metal Gear Solid V (No Game),11.19,No brand,0,https://www.vinted.it/items/8294656104-steelbook-metal-gear-solid-v-no-game?referrer=catalog,2,8294656104,Sold,02/03/2026 01:06:38,,https://images1.vinted.net/t/01_01b77_LCW3RBN82JWvwVv8wZhPM5ED/310x430/1772408853.webp?s=5115e00dff8f12d19428a19bbfd507cd105a5117,5,1
Jeu saintseiya ps4,84.7,No brand,0,https://www.vinted.it/items/8294643223-jeu-saintseiya-ps4?referrer=catalog,0,8294643223,Sold,02/03/2026 01:06:38,,https://images1.vinted.net/t/06_00ac2_yWfwHhtfHWFxAhLuTPLbjjbo/310x430/1772408276.webp?s=90ac81d5885d0985715bf7377a62699c4b80bb47,5,1
FC26 ps4,37.45,No brand,0,https://www.vinted.it/items/8294709467-fc26-ps4?referrer=catalog,0,8294709467,Sold,02/03/2026 02:23:30,,https://images1.vinted.net/t/05_016ce_Qem2CXMMHsgCRv2X1Cgr9Umy/310x430/1772412496.webp?s=61651b0a4858eea76513f30ae884e7928463c6fd,6,1
PS4 Kingdom Come Deliverance Royal Edition,16.45,No brand,0,https://www.vinted.it/items/8279854468-ps4-kingdom-come-deliverance-royal-edition?referrer=catalog,1,8279854468,Sold,01/03/2026 10:29:57,,https://images1.vinted.net/t/05_01899_Uxqss6tH2MKdYW922NgbUmRN/310x430/1772284962.webp?s=f14f16b87834083ba7f5881401faa66c6a579433,12,10
Jeu saintseiya ps4,84.7,No brand,0,https://www.vinted.it/items/8294643223-jeu-saintseiya-ps4?referrer=catalog,0,8294643223,Sold,02/03/2026 01:06:38,,https://images1.vinted.net/t/06_00ac2_yWfwHhtfHWFxAhLuTPLbjjbo/310x430/1772408276.webp?s=90ac81d5885d0985715bf7377a62699c4b80bb47,5,1
Steelbook Metal Gear Solid V (No Game),11.19,No brand,0,https://www.vinted.it/items/8294656104-steelbook-metal-gear-solid-v-no-game?referrer=catalog,2,8294656104,Sold,02/03/2026 01:06:38,,https://images1.vinted.net/t/01_01b77_LCW3RBN82JWvwVv8wZhPM5ED/310x430/1772408853.webp?s=5115e00dff8f12d19428a19bbfd507cd105a5117,5,1
Jeux gran turismo 7,26.95,No brand,0,https://www.vinted.it/items/8285378557-jeux-gran-turismo-7?referrer=catalog,5,8285378557,Sold,01/03/2026 10:26:09,,https://images1.vinted.net/t/05_01cb2_VxBFTuBsvMsq4EDQkKbsQDt3/310x430/1772354422.webp?s=51a67b9803f45324c9bc046637ae28bf29b6d94c,12,1
PS4 PS5 - Tales of Berseria en très bon état sur Playstation 4 et 5,11.2,No brand,0,https://www.vinted.it/items/8285409524-ps4-ps5-tales-of-berseria-en-tres-bon-etat-sur-playstation-4-et-5?referrer=catalog,0,8285409524,Sold,01/03/2026 10:26:09,,https://images1.vinted.net/t/06_01a90_vXeVT9PWHY8i2dkHDCLzuXGo/310x430/1772354689.webp?s=75c90490b9b4e620b9183bdfdf72697e9560e4d9,12,1
Divinity original sin 2,40.6,No brand,0,https://www.vinted.it/items/8285509294-divinity-original-sin-2?referrer=catalog,2,8285509294,Sold,01/03/2026 10:26:09,,https://images1.vinted.net/t/01_01c73_uASPLRYyqQAC1UhNdkFUZyrq/310x430/1772355491.webp?s=97b97b6948f1a275d38d63dfe8b1e363d2d7f2b0,12,1
Manette PS4,21.7,PlayStation,0,https://www.vinted.it/items/8280458538-manette-ps4?referrer=catalog,2,8280458538,Sold,01/03/2026 10:26:09,,https://images1.vinted.net/t/05_003e4_ZvKehAVWkQYAccixGW6Zb6pU/310x430/1772288225.webp?s=55f41276a8d58fdf6d0f37963dff02a984d07c07,12,1
Lot de 5 pieges pour Laeticia,11.2,No brand,0,https://www.vinted.it/items/8284107204-lot-de-5-pieges-pour-laeticia?referrer=catalog,0,8284107204,Sold,01/03/2026 10:27:30,,https://images1.vinted.net/t/06_0253b_to4t4E4Up5YnJxN3rBDQgTs3/310x430/1772312435.webp?s=93207e54c88a234be64b3efd8883f055a0af61c2,12,4
FC26 ps4,37.45,No brand,0,https://www.vinted.it/items/8294709467-fc26-ps4?referrer=catalog,0,8294709467,Sold,02/03/2026 02:23:30,,https://images1.vinted.net/t/05_016ce_Qem2CXMMHsgCRv2X1Cgr9Umy/310x430/1772412496.webp?s=61651b0a4858eea76513f30ae884e7928463c6fd,6,1
PS4 PS5 - Tales of Berseria en très bon état sur Playstation 4 et 5,11.2,No brand,0,https://www.vinted.it/items/8285409524-ps4-ps5-tales-of-berseria-en-tres-bon-etat-sur-playstation-4-et-5?referrer=catalog,0,8285409524,Sold,01/03/2026 10:26:09,,https://images1.vinted.net/t/06_01a90_vXeVT9PWHY8i2dkHDCLzuXGo/310x430/1772354689.webp?s=75c90490b9b4e620b9183bdfdf72697e9560e4d9,12,1
Jeux gran turismo 7,26.95,No brand,0,https://www.vinted.it/items/8285378557-jeux-gran-turismo-7?referrer=catalog,5,8285378557,Sold,01/03/2026 10:26:09,,https://images1.vinted.net/t/05_01cb2_VxBFTuBsvMsq4EDQkKbsQDt3/310x430/1772354422.webp?s=51a67b9803f45324c9bc046637ae28bf29b6d94c,12,1
Lot de 5 pieges pour Laeticia,11.2,No brand,0,https://www.vinted.it/items/8284107204-lot-de-5-pieges-pour-laeticia?referrer=catalog,0,8284107204,Sold,01/03/2026 10:27:30,,https://images1.vinted.net/t/06_0253b_to4t4E4Up5YnJxN3rBDQgTs3/310x430/1772312435.webp?s=93207e54c88a234be64b3efd8883f055a0af61c2,12,4
Steelbook Metal Gear Solid V (No Game),11.19,No brand,0,https://www.vinted.it/items/8294656104-steelbook-metal-gear-solid-v-no-game?referrer=catalog,2,8294656104,Sold,02/03/2026 01:06:38,,https://images1.vinted.net/t/01_01b77_LCW3RBN82JWvwVv8wZhPM5ED/310x430/1772408853.webp?s=5115e00dff8f12d19428a19bbfd507cd105a5117,5,1
Divinity original sin 2,40.6,No brand,0,https://www.vinted.it/items/8285509294-divinity-original-sin-2?referrer=catalog,2,8285509294,Sold,01/03/2026 10:26:09,,https://images1.vinted.net/t/01_01c73_uASPLRYyqQAC1UhNdkFUZyrq/310x430/1772355491.webp?s=97b97b6948f1a275d38d63dfe8b1e363d2d7f2b0,12,1
Manette PS4,21.7,PlayStation,0,https://www.vinted.it/items/8280458538-manette-ps4?referrer=catalog,2,8280458538,Sold,01/03/2026 10:26:09,,https://images1.vinted.net/t/05_003e4_ZvKehAVWkQYAccixGW6Zb6pU/310x430/1772288225.webp?s=55f41276a8d58fdf6d0f37963dff02a984d07c07,12,1
Jeu saintseiya ps4,84.7,No brand,0,https://www.vinted.it/items/8294643223-jeu-saintseiya-ps4?referrer=catalog,0,8294643223,Sold,02/03/2026 01:06:38,,https://images1.vinted.net/t/06_00ac2_yWfwHhtfHWFxAhLuTPLbjjbo/310x430/1772408276.webp?s=90ac81d5885d0985715bf7377a62699c4b80bb47,5,1
PS4 Kingdom Come Deliverance Royal Edition,16.45,No brand,0,https://www.vinted.it/items/8279854468-ps4-kingdom-come-deliverance-royal-edition?referrer=catalog,1,8279854468,Sold,01/03/2026 10:29:57,,https://images1.vinted.net/t/05_01899_Uxqss6tH2MKdYW922NgbUmRN/310x430/1772284962.webp?s=f14f16b87834083ba7f5881401faa66c6a579433,12,10
FC26 ps4,37.45,No brand,0,https://www.vinted.it/items/8294709467-fc26-ps4?referrer=catalog,0,8294709467,Sold,02/03/2026 02:23:30,,https://images1.vinted.net/t/05_016ce_Qem2CXMMHsgCRv2X1Cgr9Umy/310x430/1772412496.webp?s=61651b0a4858eea76513f30ae884e7928463c6fd,6,1
Manette PlayStation ps4 état neuf,19.59,No brand,0,https://www.vinted.it/items/8293319172-manette-playstation-ps4-etat-neuf?referrer=catalog,13,8293319172,Sold,02/03/2026 02:24:47,,https://images1.vinted.net/t/06_01e1b_f9Qd63BdgQcqorHVygzZRGjT/310x430/1772393573.webp?s=506380dd81423b34b352e347f57805bdcf27055b,6,4
Far Cry Primal - Caja Metálica,11.2,PlayStation,0,https://www.vinted.it/items/8291548918-far-cry-primal-caja-metalica?referrer=catalog,4,8291548918,Sold,02/03/2026 02:26:08,,https://images1.vinted.net/t/06_01e51_JyWm8rLVAqCvmRKqj5G2ghG7/310x430/1772383833.webp?s=78c2f54376b057cf4f06c6e0ea024a384e59e94b,6,7
Manette PlayStation ps4 état neuf,19.59,No brand,0,https://www.vinted.it/items/8293319172-manette-playstation-ps4-etat-neuf?referrer=catalog,13,8293319172,Sold,02/03/2026 02:24:47,,https://images1.vinted.net/t/06_01e1b_f9Qd63BdgQcqorHVygzZRGjT/310x430/1772393573.webp?s=506380dd81423b34b352e347f57805bdcf27055b,6,4
Jeux gran turismo 7,26.95,No brand,0,https://www.vinted.it/items/8285378557-jeux-gran-turismo-7?referrer=catalog,5,8285378557,Sold,01/03/2026 10:26:09,,https://images1.vinted.net/t/05_01cb2_VxBFTuBsvMsq4EDQkKbsQDt3/310x430/1772354422.webp?s=51a67b9803f45324c9bc046637ae28bf29b6d94c,12,1
FC26 ps4,37.45,No brand,0,https://www.vinted.it/items/8294709467-fc26-ps4?referrer=catalog,0,8294709467,Sold,02/03/2026 02:23:30,,https://images1.vinted.net/t/05_016ce_Qem2CXMMHsgCRv2X1Cgr9Umy/310x430/1772412496.webp?s=61651b0a4858eea76513f30ae884e7928463c6fd,6,1
PS4 Kingdom Come Deliverance Royal Edition,16.45,No brand,0,https://www.vinted.it/items/8279854468-ps4-kingdom-come-deliverance-royal-edition?referrer=catalog,1,8279854468,Sold,01/03/2026 10:29:57,,https://images1.vinted.net/t/05_01899_Uxqss6tH2MKdYW922NgbUmRN/310x430/1772284962.webp?s=f14f16b87834083ba7f5881401faa66c6a579433,12,10
Manette PS4,21.7,PlayStation,0,https://www.vinted.it/items/8280458538-manette-ps4?referrer=catalog,2,8280458538,Sold,01/03/2026 10:26:09,,https://images1.vinted.net/t/05_003e4_ZvKehAVWkQYAccixGW6Zb6pU/310x430/1772288225.webp?s=55f41276a8d58fdf6d0f37963dff02a984d07c07,12,1
Lot de 5 pieges pour Laeticia,11.2,No brand,0,https://www.vinted.it/items/8284107204-lot-de-5-pieges-pour-laeticia?referrer=catalog,0,8284107204,Sold,01/03/2026 10:27:30,,https://images1.vinted.net/t/06_0253b_to4t4E4Up5YnJxN3rBDQgTs3/310x430/1772312435.webp?s=93207e54c88a234be64b3efd8883f055a0af61c2,12,4
PS4 PS5 - Tales of Berseria en très bon état sur Playstation 4 et 5,11.2,No brand,0,https://www.vinted.it/items/8285409524-ps4-ps5-tales-of-berseria-en-tres-bon-etat-sur-playstation-4-et-5?referrer=catalog,0,8285409524,Sold,01/03/2026 10:26:09,,https://images1.vinted.net/t/06_01a90_vXeVT9PWHY8i2dkHDCLzuXGo/310x430/1772354689.webp?s=75c90490b9b4e620b9183bdfdf72697e9560e4d9,12,1
Divinity original sin 2,40.6,No brand,0,https://www.vinted.it/items/8285509294-divinity-original-sin-2?referrer=catalog,2,8285509294,Sold,01/03/2026 10:26:09,,https://images1.vinted.net/t/01_01c73_uASPLRYyqQAC1UhNdkFUZyrq/310x430/1772355491.webp?s=97b97b6948f1a275d38d63dfe8b1e363d2d7f2b0,12,1
Far Cry Primal - Caja Metálica,11.2,PlayStation,0,https://www.vinted.it/items/8291548918-far-cry-primal-caja-metalica?referrer=catalog,4,8291548918,Sold,02/03/2026 02:26:08,,https://images1.vinted.net/t/06_01e51_JyWm8rLVAqCvmRKqj5G2ghG7/310x430/1772383833.webp?s=78c2f54376b057cf4f06c6e0ea024a384e59e94b,6,7
Jeux gran turismo 7,26.95,No brand,0,https://www.vinted.it/items/8285378557-jeux-gran-turismo-7?referrer=catalog,5,8285378557,Sold,01/03/2026 10:26:09,,https://images1.vinted.net/t/05_01cb2_VxBFTuBsvMsq4EDQkKbsQDt3/310x430/1772354422.webp?s=51a67b9803f45324c9bc046637ae28bf29b6d94c,12,1
PS4 PS5 - Tales of Berseria en très bon état sur Playstation 4 et 5,11.2,No brand,0,https://www.vinted.it/items/8285409524-ps4-ps5-tales-of-berseria-en-tres-bon-etat-sur-playstation-4-et-5?referrer=catalog,0,8285409524,Sold,01/03/2026 10:26:09,,https://images1.vinted.net/t/06_01a90_vXeVT9PWHY8i2dkHDCLzuXGo/310x430/1772354689.webp?s=75c90490b9b4e620b9183bdfdf72697e9560e4d9,12,1
Manette PS4,21.7,PlayStation,0,https://www.vinted.it/items/8280458538-manette-ps4?referrer=catalog,2,8280458538,Sold,01/03/2026 10:26:09,,https://images1.vinted.net/t/05_003e4_ZvKehAVWkQYAccixGW6Zb6pU/310x430/1772288225.webp?s=55f41276a8d58fdf6d0f37963dff02a984d07c07,12,1
PS4 Kingdom Come Deliverance Royal Edition,16.45,No brand,0,https://www.vinted.it/items/8279854468-ps4-kingdom-come-deliverance-royal-edition?referrer=catalog,1,8279854468,Sold,01/03/2026 10:29:57,,https://images1.vinted.net/t/05_01899_Uxqss6tH2MKdYW922NgbUmRN/310x430/1772284962.webp?s=f14f16b87834083ba7f5881401faa66c6a579433,12,10
Divinity original sin 2,40.6,No brand,0,https://www.vinted.it/items/8285509294-divinity-original-sin-2?referrer=catalog,2,8285509294,Sold,01/03/2026 10:26:09,,https://images1.vinted.net/t/01_01c73_uASPLRYyqQAC1UhNdkFUZyrq/310x430/1772355491.webp?s=97b97b6948f1a275d38d63dfe8b1e363d2d7f2b0,12,1
Lot de 5 pieges pour Laeticia,11.2,No brand,0,https://www.vinted.it/items/8284107204-lot-de-5-pieges-pour-laeticia?referrer=catalog,0,8284107204,Sold,01/03/2026 10:27:30,,https://images1.vinted.net/t/06_0253b_to4t4E4Up5YnJxN3rBDQgTs3/310x430/1772312435.webp?s=93207e54c88a234be64b3efd8883f055a0af61c2,12,4
PlayStation 4 Pro,74.2,PlayStation,0,https://www.vinted.it/items/8294788030-playstation-4-pro?referrer=catalog,0,8294788030,Sold,02/03/2026 06:03:15,,https://images1.vinted.net/t/05_01965_Ryp4cXBDUYutukE36oitsVmf/310x430/1772426672.webp?s=01627aace330eab8196d06d20a8c3835627c25bd,9,1
Manette militaire Ps4,26.94,PlayStation,0,https://www.vinted.it/items/8290293386-manette-militaire-ps4?referrer=catalog,0,8290293386,Sold,02/03/2026 07:14:54,,https://images1.vinted.net/t/06_00d6d_69vtMc2Dbo6tvgWRprr698qm/310x430/1772378488.webp?s=4a08572de2cccc1358d028c63352bfba4580abc1,10,1
Adaptateurs réducteurs convertisseurs de douilles sur cliquet,18.55,No brand,0,https://www.vinted.it/items/8294973227-adaptateurs-reducteurs-convertisseurs-de-douilles-sur-cliquet-clef-a-choc?referrer=catalog,1,8294973227,Sold,02/03/2026 08:30:41,,https://images1.vinted.net/t/05_00fee_cfVLYRbSxr4WPn6mCbNCv5uY/310x430/1772436045.webp?s=08267e5323c2bbe77fa23c388042faed42328cc7,11,1
Ghost of Yotei PS5,42.7,No brand,0,https://www.vinted.it/items/8294901862-ghost-of-yotei-ps5?referrer=catalog,7,8294901862,Sold,02/03/2026 08:30:41,,https://images1.vinted.net/t/03_0100c_eTsNYSVksBMvQeM4MVD4Aovv/310x430/1772434130.webp?s=dcc8946833e2af593e78b269121b09b0711b73a8,11,1
PS4 PS5 - Tales of Berseria en très bon état sur Playstation 4 et 5,11.2,No brand,0,https://www.vinted.it/items/8285409524-ps4-ps5-tales-of-berseria-en-tres-bon-etat-sur-playstation-4-et-5?referrer=catalog,0,8285409524,Sold,01/03/2026 10:26:09,,https://images1.vinted.net/t/06_01a90_vXeVT9PWHY8i2dkHDCLzuXGo/310x430/1772354689.webp?s=75c90490b9b4e620b9183bdfdf72697e9560e4d9,12,1
Manette PS4,21.7,PlayStation,0,https://www.vinted.it/items/8280458538-manette-ps4?referrer=catalog,2,8280458538,Sold,01/03/2026 10:26:09,,https://images1.vinted.net/t/05_003e4_ZvKehAVWkQYAccixGW6Zb6pU/310x430/1772288225.webp?s=55f41276a8d58fdf6d0f37963dff02a984d07c07,12,1
PS4 Kingdom Come Deliverance Royal Edition,16.45,No brand,0,https://www.vinted.it/items/8279854468-ps4-kingdom-come-deliverance-royal-edition?referrer=catalog,1,8279854468,Sold,01/03/2026 10:29:57,,https://images1.vinted.net/t/05_01899_Uxqss6tH2MKdYW922NgbUmRN/310x430/1772284962.webp?s=f14f16b87834083ba7f5881401faa66c6a579433,12,10
PlayStation 4 Pro,74.2,PlayStation,0,https://www.vinted.it/items/8294788030-playstation-4-pro?referrer=catalog,0,8294788030,Sold,02/03/2026 06:03:15,,https://images1.vinted.net/t/05_01965_Ryp4cXBDUYutukE36oitsVmf/310x430/1772426672.webp?s=01627aace330eab8196d06d20a8c3835627c25bd,9,1
Lot de 5 pieges pour Laeticia,11.2,No brand,0,https://www.vinted.it/items/8284107204-lot-de-5-pieges-pour-laeticia?referrer=catalog,0,8284107204,Sold,01/03/2026 10:27:30,,https://images1.vinted.net/t/06_0253b_to4t4E4Up5YnJxN3rBDQgTs3/310x430/1772312435.webp?s=93207e54c88a234be64b3efd8883f055a0af61c2,12,4
Jeux gran turismo 7,26.95,No brand,0,https://www.vinted.it/items/8285378557-jeux-gran-turismo-7?referrer=catalog,5,8285378557,Sold,01/03/2026 10:26:09,,https://images1.vinted.net/t/05_01cb2_VxBFTuBsvMsq4EDQkKbsQDt3/310x430/1772354422.webp?s=51a67b9803f45324c9bc046637ae28bf29b6d94c,12,1
Manette militaire Ps4,26.94,PlayStation,0,https://www.vinted.it/items/8290293386-manette-militaire-ps4?referrer=catalog,0,8290293386,Sold,02/03/2026 07:14:54,,https://images1.vinted.net/t/06_00d6d_69vtMc2Dbo6tvgWRprr698qm/310x430/1772378488.webp?s=4a08572de2cccc1358d028c63352bfba4580abc1,10,1
Divinity original sin 2,40.6,No brand,0,https://www.vinted.it/items/8285509294-divinity-original-sin-2?referrer=catalog,2,8285509294,Sold,01/03/2026 10:26:09,,https://images1.vinted.net/t/01_01c73_uASPLRYyqQAC1UhNdkFUZyrq/310x430/1772355491.webp?s=97b97b6948f1a275d38d63dfe8b1e363d2d7f2b0,12,1
Ghost of Yotei PS5,42.7,No brand,0,https://www.vinted.it/items/8294901862-ghost-of-yotei-ps5?referrer=catalog,7,8294901862,Sold,02/03/2026 08:30:41,,https://images1.vinted.net/t/03_0100c_eTsNYSVksBMvQeM4MVD4Aovv/310x430/1772434130.webp?s=dcc8946833e2af593e78b269121b09b0711b73a8,11,1
The evil within 1 et 2 ps4,13.3,No brand,0,https://www.vinted.it/items/8295279827-the-evil-within-1-et-2-ps4?referrer=catalog,0,8295279827,Sold,02/03/2026 09:42:26,,https://images1.vinted.net/t/05_00578_qJr7FW1f4rsLCS1b6stTSzR9/310x430/1772440771.webp?s=c34cef06d8511970abdbdf2a17b0f1084ce211f1,12,1
Adaptateurs réducteurs convertisseurs de douilles sur cliquet,18.55,No brand,0,https://www.vinted.it/items/8294973227-adaptateurs-reducteurs-convertisseurs-de-douilles-sur-cliquet-clef-a-choc?referrer=catalog,1,8294973227,Sold,02/03/2026 08:30:41,,https://images1.vinted.net/t/05_00fee_cfVLYRbSxr4WPn6mCbNCv5uY/310x430/1772436045.webp?s=08267e5323c2bbe77fa23c388042faed42328cc7,11,1
Resident evil 4 ps4,11.2,No brand,0,https://www.vinted.it/items/8295238348-resident-evil-4-ps4?referrer=catalog,1,8295238348,Sold,02/03/2026 09:42:26,,https://images1.vinted.net/t/05_01a04_UoEQfrYodXxe1uNeT8DwPDZq/310x430/1772440278.webp?s=6f21d392d7d52625d69cac6600c30e23b1329b18,12,1
Tekken 7,14.35,No brand,0,https://www.vinted.it/items/8294232208-tekken-7?referrer=catalog,2,8294232208,Sold,02/03/2026 09:43:18,,https://images1.vinted.net/t/05_0217f_fnKPoDCzNqSPyPuDueGcDYPW/310x430/1772400661.webp?s=d1bbb153aae6ee3d74e739ff01791a42f31da2ea,12,3
Manette PS4,21.7,PlayStation,0,https://www.vinted.it/items/8280458538-manette-ps4?referrer=catalog,2,8280458538,Sold,01/03/2026 10:26:09,,https://images1.vinted.net/t/05_003e4_ZvKehAVWkQYAccixGW6Zb6pU/310x430/1772288225.webp?s=55f41276a8d58fdf6d0f37963dff02a984d07c07,12,1
Divinity original sin 2,40.6,No brand,0,https://www.vinted.it/items/8285509294-divinity-original-sin-2?referrer=catalog,2,8285509294,Sold,01/03/2026 10:26:09,,https://images1.vinted.net/t/01_01c73_uASPLRYyqQAC1UhNdkFUZyrq/310x430/1772355491.webp?s=97b97b6948f1a275d38d63dfe8b1e363d2d7f2b0,12,1
PlayStation 4 Pro,74.2,PlayStation,0,https://www.vinted.it/items/8294788030-playstation-4-pro?referrer=catalog,0,8294788030,Sold,02/03/2026 06:03:15,,https://images1.vinted.net/t/05_01965_Ryp4cXBDUYutukE36oitsVmf/310x430/1772426672.webp?s=01627aace330eab8196d06d20a8c3835627c25bd,9,1
PS4 Kingdom Come Deliverance Royal Edition,16.45,No brand,0,https://www.vinted.it/items/8279854468-ps4-kingdom-come-deliverance-royal-edition?referrer=catalog,1,8279854468,Sold,01/03/2026 10:29:57,,https://images1.vinted.net/t/05_01899_Uxqss6tH2MKdYW922NgbUmRN/310x430/1772284962.webp?s=f14f16b87834083ba7f5881401faa66c6a579433,12,10
Manette militaire Ps4,26.94,PlayStation,0,https://www.vinted.it/items/8290293386-manette-militaire-ps4?referrer=catalog,0,8290293386,Sold,02/03/2026 07:14:54,,https://images1.vinted.net/t/06_00d6d_69vtMc2Dbo6tvgWRprr698qm/310x430/1772378488.webp?s=4a08572de2cccc1358d028c63352bfba4580abc1,10,1
Lot de 5 pieges pour Laeticia,11.2,No brand,0,https://www.vinted.it/items/8284107204-lot-de-5-pieges-pour-laeticia?referrer=catalog,0,8284107204,Sold,01/03/2026 10:27:30,,https://images1.vinted.net/t/06_0253b_to4t4E4Up5YnJxN3rBDQgTs3/310x430/1772312435.webp?s=93207e54c88a234be64b3efd8883f055a0af61c2,12,4
Jeux gran turismo 7,26.95,No brand,0,https://www.vinted.it/items/8285378557-jeux-gran-turismo-7?referrer=catalog,5,8285378557,Sold,01/03/2026 10:26:09,,https://images1.vinted.net/t/05_01cb2_VxBFTuBsvMsq4EDQkKbsQDt3/310x430/1772354422.webp?s=51a67b9803f45324c9bc046637ae28bf29b6d94c,12,1
PS4 PS5 - Tales of Berseria en très bon état sur Playstation 4 et 5,11.2,No brand,0,https://www.vinted.it/items/8285409524-ps4-ps5-tales-of-berseria-en-tres-bon-etat-sur-playstation-4-et-5?referrer=catalog,0,8285409524,Sold,01/03/2026 10:26:09,,https://images1.vinted.net/t/06_01a90_vXeVT9PWHY8i2dkHDCLzuXGo/310x430/1772354689.webp?s=75c90490b9b4e620b9183bdfdf72697e9560e4d9,12,1
Ghost of Yotei PS5,42.7,No brand,0,https://www.vinted.it/items/8294901862-ghost-of-yotei-ps5?referrer=catalog,7,8294901862,Sold,02/03/2026 08:30:41,,https://images1.vinted.net/t/03_0100c_eTsNYSVksBMvQeM4MVD4Aovv/310x430/1772434130.webp?s=dcc8946833e2af593e78b269121b09b0711b73a8,11,1
Adaptateurs réducteurs convertisseurs de douilles sur cliquet,18.55,No brand,0,https://www.vinted.it/items/8294973227-adaptateurs-reducteurs-convertisseurs-de-douilles-sur-cliquet-clef-a-choc?referrer=catalog,1,8294973227,Sold,02/03/2026 08:30:41,,https://images1.vinted.net/t/05_00fee_cfVLYRbSxr4WPn6mCbNCv5uY/310x430/1772436045.webp?s=08267e5323c2bbe77fa23c388042faed42328cc7,11,1
The evil within 1 et 2 ps4,13.3,No brand,0,https://www.vinted.it/items/8295279827-the-evil-within-1-et-2-ps4?referrer=catalog,0,8295279827,Sold,02/03/2026 09:42:26,,https://images1.vinted.net/t/05_00578_qJr7FW1f4rsLCS1b6stTSzR9/310x430/1772440771.webp?s=c34cef06d8511970abdbdf2a17b0f1084ce211f1,12,1
Resident evil 4 ps4,11.2,No brand,0,https://www.vinted.it/items/8295238348-resident-evil-4-ps4?referrer=catalog,1,8295238348,Sold,02/03/2026 09:42:26,,https://images1.vinted.net/t/05_01a04_UoEQfrYodXxe1uNeT8DwPDZq/310x430/1772440278.webp?s=6f21d392d7d52625d69cac6600c30e23b1329b18,12,1
Tekken 7,14.35,No brand,0,https://www.vinted.it/items/8294232208-tekken-7?referrer=catalog,2,8294232208,Sold,02/03/2026 09:43:18,,https://images1.vinted.net/t/05_0217f_fnKPoDCzNqSPyPuDueGcDYPW/310x430/1772400661.webp?s=d1bbb153aae6ee3d74e739ff01791a42f31da2ea,12,3
PlayStation 4 Pro,74.2,PlayStation,0,https://www.vinted.it/items/8294788030-playstation-4-pro?referrer=catalog,0,8294788030,Sold,02/03/2026 06:03:15,,https://images1.vinted.net/t/05_01965_Ryp4cXBDUYutukE36oitsVmf/310x430/1772426672.webp?s=01627aace330eab8196d06d20a8c3835627c25bd,9,1
Manette PS4,21.7,PlayStation,0,https://www.vinted.it/items/8280458538-manette-ps4?referrer=catalog,2,8280458538,Sold,01/03/2026 10:26:09,,https://images1.vinted.net/t/05_003e4_ZvKehAVWkQYAccixGW6Zb6pU/310x430/1772288225.webp?s=55f41276a8d58fdf6d0f37963dff02a984d07c07,12,1
Manette militaire Ps4,26.94,PlayStation,0,https://www.vinted.it/items/8290293386-manette-militaire-ps4?referrer=catalog,0,8290293386,Sold,02/03/2026 07:14:54,,https://images1.vinted.net/t/06_00d6d_69vtMc2Dbo6tvgWRprr698qm/310x430/1772378488.webp?s=4a08572de2cccc1358d028c63352bfba4580abc1,10,1
Jeux gran turismo 7,26.95,No brand,0,https://www.vinted.it/items/8285378557-jeux-gran-turismo-7?referrer=catalog,5,8285378557,Sold,01/03/2026 10:26:09,,https://images1.vinted.net/t/05_01cb2_VxBFTuBsvMsq4EDQkKbsQDt3/310x430/1772354422.webp?s=51a67b9803f45324c9bc046637ae28bf29b6d94c,12,1
Lot de 5 pieges pour Laeticia,11.2,No brand,0,https://www.vinted.it/items/8284107204-lot-de-5-pieges-pour-laeticia?referrer=catalog,0,8284107204,Sold,01/03/2026 10:27:30,,https://images1.vinted.net/t/06_0253b_to4t4E4Up5YnJxN3rBDQgTs3/310x430/1772312435.webp?s=93207e54c88a234be64b3efd8883f055a0af61c2,12,4
PS4 PS5 - Tales of Berseria en très bon état sur Playstation 4 et 5,11.2,No brand,0,https://www.vinted.it/items/8285409524-ps4-ps5-tales-of-berseria-en-tres-bon-etat-sur-playstation-4-et-5?referrer=catalog,0,8285409524,Sold,01/03/2026 10:26:09,,https://images1.vinted.net/t/06_01a90_vXeVT9PWHY8i2dkHDCLzuXGo/310x430/1772354689.webp?s=75c90490b9b4e620b9183bdfdf72697e9560e4d9,12,1
Divinity original sin 2,40.6,No brand,0,https://www.vinted.it/items/8285509294-divinity-original-sin-2?referrer=catalog,2,8285509294,Sold,01/03/2026 10:26:09,,https://images1.vinted.net/t/01_01c73_uASPLRYyqQAC1UhNdkFUZyrq/310x430/1772355491.webp?s=97b97b6948f1a275d38d63dfe8b1e363d2d7f2b0,12,1
PS4 Kingdom Come Deliverance Royal Edition,16.45,No brand,0,https://www.vinted.it/items/8279854468-ps4-kingdom-come-deliverance-royal-edition?referrer=catalog,1,8279854468,Sold,01/03/2026 10:29:57,,https://images1.vinted.net/t/05_01899_Uxqss6tH2MKdYW922NgbUmRN/310x430/1772284962.webp?s=f14f16b87834083ba7f5881401faa66c6a579433,12,10
Adaptateurs réducteurs convertisseurs de douilles sur cliquet,18.55,No brand,0,https://www.vinted.it/items/8294973227-adaptateurs-reducteurs-convertisseurs-de-douilles-sur-cliquet-clef-a-choc?referrer=catalog,1,8294973227,Sold,02/03/2026 08:30:41,,https://images1.vinted.net/t/05_00fee_cfVLYRbSxr4WPn6mCbNCv5uY/310x430/1772436045.webp?s=08267e5323c2bbe77fa23c388042faed42328cc7,11,1
Ghost of Yotei PS5,42.7,No brand,0,https://www.vinted.it/items/8294901862-ghost-of-yotei-ps5?referrer=catalog,7,8294901862,Sold,02/03/2026 08:30:41,,https://images1.vinted.net/t/03_0100c_eTsNYSVksBMvQeM4MVD4Aovv/310x430/1772434130.webp?s=dcc8946833e2af593e78b269121b09b0711b73a8,11,1
Resident evil 4 ps4,11.2,No brand,0,https://www.vinted.it/items/8295238348-resident-evil-4-ps4?referrer=catalog,1,8295238348,Sold,02/03/2026 09:42:26,,https://images1.vinted.net/t/05_01a04_UoEQfrYodXxe1uNeT8DwPDZq/310x430/1772440278.webp?s=6f21d392d7d52625d69cac6600c30e23b1329b18,12,1
The evil within 1 et 2 ps4,13.3,No brand,0,https://www.vinted.it/items/8295279827-the-evil-within-1-et-2-ps4?referrer=catalog,0,8295279827,Sold,02/03/2026 09:42:26,,https://images1.vinted.net/t/05_00578_qJr7FW1f4rsLCS1b6stTSzR9/310x430/1772440771.webp?s=c34cef06d8511970abdbdf2a17b0f1084ce211f1,12,1
Tekken 7,14.35,No brand,0,https://www.vinted.it/items/8294232208-tekken-7?referrer=catalog,2,8294232208,Sold,02/03/2026 09:43:18,,https://images1.vinted.net/t/05_0217f_fnKPoDCzNqSPyPuDueGcDYPW/310x430/1772400661.webp?s=d1bbb153aae6ee3d74e739ff01791a42f31da2ea,12,3
PlayStation 4 Pro,74.2,PlayStation,0,https://www.vinted.it/items/8294788030-playstation-4-pro?referrer=catalog,0,8294788030,Sold,02/03/2026 06:03:15,,https://images1.vinted.net/t/05_01965_Ryp4cXBDUYutukE36oitsVmf/310x430/1772426672.webp?s=01627aace330eab8196d06d20a8c3835627c25bd,9,1
Divinity original sin 2,40.6,No brand,0,https://www.vinted.it/items/8285509294-divinity-original-sin-2?referrer=catalog,2,8285509294,Sold,01/03/2026 10:26:09,,https://images1.vinted.net/t/01_01c73_uASPLRYyqQAC1UhNdkFUZyrq/310x430/1772355491.webp?s=97b97b6948f1a275d38d63dfe8b1e363d2d7f2b0,12,1
Manette PS4,21.7,PlayStation,0,https://www.vinted.it/items/8280458538-manette-ps4?referrer=catalog,2,8280458538,Sold,01/03/2026 10:26:09,,https://images1.vinted.net/t/05_003e4_ZvKehAVWkQYAccixGW6Zb6pU/310x430/1772288225.webp?s=55f41276a8d58fdf6d0f37963dff02a984d07c07,12,1
Lot de 5 pieges pour Laeticia,11.2,No brand,0,https://www.vinted.it/items/8284107204-lot-de-5-pieges-pour-laeticia?referrer=catalog,0,8284107204,Sold,01/03/2026 10:27:30,,https://images1.vinted.net/t/06_0253b_to4t4E4Up5YnJxN3rBDQgTs3/310x430/1772312435.webp?s=93207e54c88a234be64b3efd8883f055a0af61c2,12,4
PS4 PS5 - Tales of Berseria en très bon état sur Playstation 4 et 5,11.2,No brand,0,https://www.vinted.it/items/8285409524-ps4-ps5-tales-of-berseria-en-tres-bon-etat-sur-playstation-4-et-5?referrer=catalog,0,8285409524,Sold,01/03/2026 10:26:09,,https://images1.vinted.net/t/06_01a90_vXeVT9PWHY8i2dkHDCLzuXGo/310x430/1772354689.webp?s=75c90490b9b4e620b9183bdfdf72697e9560e4d9,12,1
Manette militaire Ps4,26.94,PlayStation,0,https://www.vinted.it/items/8290293386-manette-militaire-ps4?referrer=catalog,0,8290293386,Sold,02/03/2026 07:14:54,,https://images1.vinted.net/t/06_00d6d_69vtMc2Dbo6tvgWRprr698qm/310x430/1772378488.webp?s=4a08572de2cccc1358d028c63352bfba4580abc1,10,1
PS4 Kingdom Come Deliverance Royal Edition,16.45,No brand,0,https://www.vinted.it/items/8279854468-ps4-kingdom-come-deliverance-royal-edition?referrer=catalog,1,8279854468,Sold,01/03/2026 10:29:57,,https://images1.vinted.net/t/05_01899_Uxqss6tH2MKdYW922NgbUmRN/310x430/1772284962.webp?s=f14f16b87834083ba7f5881401faa66c6a579433,12,10
Jeux gran turismo 7,26.95,No brand,0,https://www.vinted.it/items/8285378557-jeux-gran-turismo-7?referrer=catalog,5,8285378557,Sold,01/03/2026 10:26:09,,https://images1.vinted.net/t/05_01cb2_VxBFTuBsvMsq4EDQkKbsQDt3/310x430/1772354422.webp?s=51a67b9803f45324c9bc046637ae28bf29b6d94c,12,1
Adaptateurs réducteurs convertisseurs de douilles sur cliquet,18.55,No brand,0,https://www.vinted.it/items/8294973227-adaptateurs-reducteurs-convertisseurs-de-douilles-sur-cliquet-clef-a-choc?referrer=catalog,1,8294973227,Sold,02/03/2026 08:30:41,,https://images1.vinted.net/t/05_00fee_cfVLYRbSxr4WPn6mCbNCv5uY/310x430/1772436045.webp?s=08267e5323c2bbe77fa23c388042faed42328cc7,11,1
Ghost of Yotei PS5,42.7,No brand,0,https://www.vinted.it/items/8294901862-ghost-of-yotei-ps5?referrer=catalog,7,8294901862,Sold,02/03/2026 08:30:41,,https://images1.vinted.net/t/03_0100c_eTsNYSVksBMvQeM4MVD4Aovv/310x430/1772434130.webp?s=dcc8946833e2af593e78b269121b09b0711b73a8,11,1
The evil within 1 et 2 ps4,13.3,No brand,0,https://www.vinted.it/items/8295279827-the-evil-within-1-et-2-ps4?referrer=catalog,0,8295279827,Sold,02/03/2026 09:42:26,,https://images1.vinted.net/t/05_00578_qJr7FW1f4rsLCS1b6stTSzR9/310x430/1772440771.webp?s=c34cef06d8511970abdbdf2a17b0f1084ce211f1,12,1
Resident evil 4 ps4,11.2,No brand,0,https://www.vinted.it/items/8295238348-resident-evil-4-ps4?referrer=catalog,1,8295238348,Sold,02/03/2026 09:42:26,,https://images1.vinted.net/t/05_01a04_UoEQfrYodXxe1uNeT8DwPDZq/310x430/1772440278.webp?s=6f21d392d7d52625d69cac6600c30e23b1329b18,12,1
Tekken 7,14.35,No brand,0,https://www.vinted.it/items/8294232208-tekken-7?referrer=catalog,2,8294232208,Sold,02/03/2026 09:43:18,,https://images1.vinted.net/t/05_0217f_fnKPoDCzNqSPyPuDueGcDYPW/310x430/1772400661.webp?s=d1bbb153aae6ee3d74e739ff01791a42f31da2ea,12,3
Manette militaire Ps4,26.94,PlayStation,0,https://www.vinted.it/items/8290293386-manette-militaire-ps4?referrer=catalog,0,8290293386,Sold,02/03/2026 07:14:54,,https://images1.vinted.net/t/06_00d6d_69vtMc2Dbo6tvgWRprr698qm/310x430/1772378488.webp?s=4a08572de2cccc1358d028c63352bfba4580abc1,10,1
Divinity original sin 2,40.6,No brand,0,https://www.vinted.it/items/8285509294-divinity-original-sin-2?referrer=catalog,2,8285509294,Sold,01/03/2026 10:26:09,,https://images1.vinted.net/t/01_01c73_uASPLRYyqQAC1UhNdkFUZyrq/310x430/1772355491.webp?s=97b97b6948f1a275d38d63dfe8b1e363d2d7f2b0,12,1
PS4 Kingdom Come Deliverance Royal Edition,16.45,No brand,0,https://www.vinted.it/items/8279854468-ps4-kingdom-come-deliverance-royal-edition?referrer=catalog,1,8279854468,Sold,01/03/2026 10:29:57,,https://images1.vinted.net/t/05_01899_Uxqss6tH2MKdYW922NgbUmRN/310x430/1772284962.webp?s=f14f16b87834083ba7f5881401faa66c6a579433,12,10
Jeux gran turismo 7,26.95,No brand,0,https://www.vinted.it/items/8285378557-jeux-gran-turismo-7?referrer=catalog,5,8285378557,Sold,01/03/2026 10:26:09,,https://images1.vinted.net/t/05_01cb2_VxBFTuBsvMsq4EDQkKbsQDt3/310x430/1772354422.webp?s=51a67b9803f45324c9bc046637ae28bf29b6d94c,12,1
PlayStation 4 Pro,74.2,PlayStation,0,https://www.vinted.it/items/8294788030-playstation-4-pro?referrer=catalog,0,8294788030,Sold,02/03/2026 06:03:15,,https://images1.vinted.net/t/05_01965_Ryp4cXBDUYutukE36oitsVmf/310x430/1772426672.webp?s=01627aace330eab8196d06d20a8c3835627c25bd,9,1
PS4 PS5 - Tales of Berseria en très bon état sur Playstation 4 et 5,11.2,No brand,0,https://www.vinted.it/items/8285409524-ps4-ps5-tales-of-berseria-en-tres-bon-etat-sur-playstation-4-et-5?referrer=catalog,0,8285409524,Sold,01/03/2026 10:26:09,,https://images1.vinted.net/t/06_01a90_vXeVT9PWHY8i2dkHDCLzuXGo/310x430/1772354689.webp?s=75c90490b9b4e620b9183bdfdf72697e9560e4d9,12,1
Lot de 5 pieges pour Laeticia,11.2,No brand,0,https://www.vinted.it/items/8284107204-lot-de-5-pieges-pour-laeticia?referrer=catalog,0,8284107204,Sold,01/03/2026 10:27:30,,https://images1.vinted.net/t/06_0253b_to4t4E4Up5YnJxN3rBDQgTs3/310x430/1772312435.webp?s=93207e54c88a234be64b3efd8883f055a0af61c2,12,4
Manette PS4,21.7,PlayStation,0,https://www.vinted.it/items/8280458538-manette-ps4?referrer=catalog,2,8280458538,Sold,01/03/2026 10:26:09,,https://images1.vinted.net/t/05_003e4_ZvKehAVWkQYAccixGW6Zb6pU/310x430/1772288225.webp?s=55f41276a8d58fdf6d0f37963dff02a984d07c07,12,1
Adaptateurs réducteurs convertisseurs de douilles sur cliquet,18.55,No brand,0,https://www.vinted.it/items/8294973227-adaptateurs-reducteurs-convertisseurs-de-douilles-sur-cliquet-clef-a-choc?referrer=catalog,1,8294973227,Sold,02/03/2026 08:30:41,,https://images1.vinted.net/t/05_00fee_cfVLYRbSxr4WPn6mCbNCv5uY/310x430/1772436045.webp?s=08267e5323c2bbe77fa23c388042faed42328cc7,11,1
Ghost of Yotei PS5,42.7,No brand,0,https://www.vinted.it/items/8294901862-ghost-of-yotei-ps5?referrer=catalog,7,8294901862,Sold,02/03/2026 08:30:41,,https://images1.vinted.net/t/03_0100c_eTsNYSVksBMvQeM4MVD4Aovv/310x430/1772434130.webp?s=dcc8946833e2af593e78b269121b09b0711b73a8,11,1
Tekken 7,14.35,No brand,0,https://www.vinted.it/items/8294232208-tekken-7?referrer=catalog,2,8294232208,Sold,02/03/2026 09:43:18,,https://images1.vinted.net/t/05_0217f_fnKPoDCzNqSPyPuDueGcDYPW/310x430/1772400661.webp?s=d1bbb153aae6ee3d74e739ff01791a42f31da2ea,12,3
The evil within 1 et 2 ps4,13.3,No brand,0,https://www.vinted.it/items/8295279827-the-evil-within-1-et-2-ps4?referrer=catalog,0,8295279827,Sold,02/03/2026 09:42:26,,https://images1.vinted.net/t/05_00578_qJr7FW1f4rsLCS1b6stTSzR9/310x430/1772440771.webp?s=c34cef06d8511970abdbdf2a17b0f1084ce211f1,12,1
Resident evil 4 ps4,11.2,No brand,0,https://www.vinted.it/items/8295238348-resident-evil-4-ps4?referrer=catalog,1,8295238348,Sold,02/03/2026 09:42:26,,https://images1.vinted.net/t/05_01a04_UoEQfrYodXxe1uNeT8DwPDZq/310x430/1772440278.webp?s=6f21d392d7d52625d69cac6600c30e23b1329b18,12,1
Jeux de ps4 Crash bandicoot 4,21.7,No brand,0,https://www.vinted.it/items/8290606779-jeux-de-ps4-crash-bandicoot-4?referrer=catalog,0,8290606779,Sold,02/03/2026 09:46:02,,https://images1.vinted.net/t/05_01703_r8jhT5dxnD4v6JavvAsST7rs/310x430/1772379810.webp?s=d935038e2e53e77446e8ac7289579943421e594a,12,9
Divinity original sin 2,40.6,No brand,0,https://www.vinted.it/items/8285509294-divinity-original-sin-2?referrer=catalog,2,8285509294,Sold,01/03/2026 10:26:09,,https://images1.vinted.net/t/01_01c73_uASPLRYyqQAC1UhNdkFUZyrq/310x430/1772355491.webp?s=97b97b6948f1a275d38d63dfe8b1e363d2d7f2b0,12,1
Manette militaire Ps4,26.94,PlayStation,0,https://www.vinted.it/items/8290293386-manette-militaire-ps4?referrer=catalog,0,8290293386,Sold,02/03/2026 07:14:54,,https://images1.vinted.net/t/06_00d6d_69vtMc2Dbo6tvgWRprr698qm/310x430/1772378488.webp?s=4a08572de2cccc1358d028c63352bfba4580abc1,10,1
Lot de 5 pieges pour Laeticia,11.2,No brand,0,https://www.vinted.it/items/8284107204-lot-de-5-pieges-pour-laeticia?referrer=catalog,0,8284107204,Sold,01/03/2026 10:27:30,,https://images1.vinted.net/t/06_0253b_to4t4E4Up5YnJxN3rBDQgTs3/310x430/1772312435.webp?s=93207e54c88a234be64b3efd8883f055a0af61c2,12,4
PS4 PS5 - Tales of Berseria en très bon état sur Playstation 4 et 5,11.2,No brand,0,https://www.vinted.it/items/8285409524-ps4-ps5-tales-of-berseria-en-tres-bon-etat-sur-playstation-4-et-5?referrer=catalog,0,8285409524,Sold,01/03/2026 10:26:09,,https://images1.vinted.net/t/06_01a90_vXeVT9PWHY8i2dkHDCLzuXGo/310x430/1772354689.webp?s=75c90490b9b4e620b9183bdfdf72697e9560e4d9,12,1
PS4 Kingdom Come Deliverance Royal Edition,16.45,No brand,0,https://www.vinted.it/items/8279854468-ps4-kingdom-come-deliverance-royal-edition?referrer=catalog,1,8279854468,Sold,01/03/2026 10:29:57,,https://images1.vinted.net/t/05_01899_Uxqss6tH2MKdYW922NgbUmRN/310x430/1772284962.webp?s=f14f16b87834083ba7f5881401faa66c6a579433,12,10
Jeux gran turismo 7,26.95,No brand,0,https://www.vinted.it/items/8285378557-jeux-gran-turismo-7?referrer=catalog,5,8285378557,Sold,01/03/2026 10:26:09,,https://images1.vinted.net/t/05_01cb2_VxBFTuBsvMsq4EDQkKbsQDt3/310x430/1772354422.webp?s=51a67b9803f45324c9bc046637ae28bf29b6d94c,12,1
Manette PS4,21.7,PlayStation,0,https://www.vinted.it/items/8280458538-manette-ps4?referrer=catalog,2,8280458538,Sold,01/03/2026 10:26:09,,https://images1.vinted.net/t/05_003e4_ZvKehAVWkQYAccixGW6Zb6pU/310x430/1772288225.webp?s=55f41276a8d58fdf6d0f37963dff02a984d07c07,12,1
PlayStation 4 Pro,74.2,PlayStation,0,https://www.vinted.it/items/8294788030-playstation-4-pro?referrer=catalog,0,8294788030,Sold,02/03/2026 06:03:15,,https://images1.vinted.net/t/05_01965_Ryp4cXBDUYutukE36oitsVmf/310x430/1772426672.webp?s=01627aace330eab8196d06d20a8c3835627c25bd,9,1
Ghost of Yotei PS5,42.7,No brand,0,https://www.vinted.it/items/8294901862-ghost-of-yotei-ps5?referrer=catalog,7,8294901862,Sold,02/03/2026 08:30:41,,https://images1.vinted.net/t/03_0100c_eTsNYSVksBMvQeM4MVD4Aovv/310x430/1772434130.webp?s=dcc8946833e2af593e78b269121b09b0711b73a8,11,1
The evil within 1 et 2 ps4,13.3,No brand,0,https://www.vinted.it/items/8295279827-the-evil-within-1-et-2-ps4?referrer=catalog,0,8295279827,Sold,02/03/2026 09:42:26,,https://images1.vinted.net/t/05_00578_qJr7FW1f4rsLCS1b6stTSzR9/310x430/1772440771.webp?s=c34cef06d8511970abdbdf2a17b0f1084ce211f1,12,1
Adaptateurs réducteurs convertisseurs de douilles sur cliquet,18.55,No brand,0,https://www.vinted.it/items/8294973227-adaptateurs-reducteurs-convertisseurs-de-douilles-sur-cliquet-clef-a-choc?referrer=catalog,1,8294973227,Sold,02/03/2026 08:30:41,,https://images1.vinted.net/t/05_00fee_cfVLYRbSxr4WPn6mCbNCv5uY/310x430/1772436045.webp?s=08267e5323c2bbe77fa23c388042faed42328cc7,11,1
Resident evil 4 ps4,11.2,No brand,0,https://www.vinted.it/items/8295238348-resident-evil-4-ps4?referrer=catalog,1,8295238348,Sold,02/03/2026 09:42:26,,https://images1.vinted.net/t/05_01a04_UoEQfrYodXxe1uNeT8DwPDZq/310x430/1772440278.webp?s=6f21d392d7d52625d69cac6600c30e23b1329b18,12,1
Tekken 7,14.35,No brand,0,https://www.vinted.it/items/8294232208-tekken-7?referrer=catalog,2,8294232208,Sold,02/03/2026 09:43:18,,https://images1.vinted.net/t/05_0217f_fnKPoDCzNqSPyPuDueGcDYPW/310x430/1772400661.webp?s=d1bbb153aae6ee3d74e739ff01791a42f31da2ea,12,3
Fc 25,16.45,No brand,0,https://www.vinted.it/items/8289802668-fc-25?referrer=catalog,7,8289802668,Sold,02/03/2026 09:46:30,,https://images1.vinted.net/t/01_00121_9t64d7nAK5EW47Upx3GVbWw2/310x430/1772376404.webp?s=b6083f1a55939d44b3d9d0ca80daff565ce24ab8,12,10
PS4 rider republic,8.05,No brand,0,https://www.vinted.it/items/8289642208-ps4-rider-republic?referrer=catalog,4,8289642208,Sold,02/03/2026 09:46:30,,https://images1.vinted.net/t/05_01294_CGiFWFebbpB4SAK4QnXBNomy/310x430/1772375719.webp?s=95c331fe328d5799ccf94e019c45f46171d693f1,12,10
volant de PS5/PS4,53.2,PlayStation,0,https://www.vinted.it/items/8289649472-volant-de-ps5ps4?referrer=catalog,11,8289649472,Sold,02/03/2026 09:46:30,,https://images1.vinted.net/t/06_0230e_gzuo7r8kNACaJhDXnqTX6Uig/310x430/1772375750.webp?s=715a25d6cdc6546204838ff3b317547bc01c4196,12,10
